"area_fips","own_code","industry_code","agglvl_code","size_code","year","qtr","disclosure_code","annual_avg_estabs","annual_avg_emplvl","total_annual_wages","taxable_annual_wages","annual_contributions","annual_avg_wkly_wage","avg_annual_pay","lq_disclosure_code","lq_annual_avg_estabs","lq_annual_avg_emplvl","lq_total_annual_wages","lq_taxable_annual_wages","lq_annual_contributions","lq_annual_avg_wkly_wage","lq_avg_annual_pay","oty_disclosure_code","oty_annual_avg_estabs_chg","oty_annual_avg_estabs_pct_chg","oty_annual_avg_emplvl_chg","oty_annual_avg_emplvl_pct_chg","oty_total_annual_wages_chg","oty_total_annual_wages_pct_chg","oty_taxable_annual_wages_chg","oty_taxable_annual_wages_pct_chg","oty_annual_contributions_chg","oty_annual_contributions_pct_chg","oty_annual_avg_wkly_wage_chg","oty_annual_avg_wkly_wage_pct_chg","oty_avg_annual_pay_chg","oty_avg_annual_pay_pct_chg"
"06081","0","10","70","0","2024","A","",31186,416422,81802394007,3517904795,106273569,3778,196441,"",1.00,1.00,1.00,1.00,1.00,1.00,1.00,"",983,3.3,-4257,-1.0,8470097717,11.6,2325666,0.1,8426331,8.6,426,12.7,22122,12.7
"06081","1","10","71","0","2024","A","",62,2510,298310193,0,0,2286,118861,"",0.39,0.31,0.14,0.00,0.00,0.45,0.45,"",4,6.9,-105,-4.0,-14831828,-4.7,0,0.0,0,0.0,-17,-0.7,-906,-0.8
"06081","1","102","72","0","2024","A","",62,2510,298310193,0,0,2286,118861,"",0.39,0.32,0.14,0.00,0.00,0.45,0.45,"",4,6.9,-105,-4.0,-14831828,-4.7,0,0.0,0,0.0,-17,-0.7,-906,-0.8
"06081","1","1021","73","0","2024","A","",29,1067,95623248,0,0,1723,89598,"",0.36,0.59,0.28,0.00,0.00,0.48,0.48,"",3,11.5,-18,-1.7,-3340187,-3.4,0,0.0,0,0.0,-31,-1.8,-1627,-1.8
"06081","1","1024","73","0","2024","A","",2,4,468356,0,0,2252,117089,"",0.51,0.02,0.01,0.00,0.00,0.44,0.44,"",0,0.0,1,33.3,102198,27.9,0,0.0,0,0.0,-95,-4.0,-4964,-4.1
"06081","1","1025","73","0","2024","A","",2,926,131364386,0,0,2730,141939,"",0.53,0.75,0.39,0.00,0.00,0.51,0.51,"",0,0.0,26,2.9,7266679,5.9,0,0.0,0,0.0,78,2.9,4014,2.9
"06081","1","1027","73","0","2024","A","",1,8,665928,0,0,1708,88790,"",2.33,0.60,0.27,0.00,0.00,0.49,0.49,"",0,0.0,2,33.3,133557,25.1,0,0.0,0,0.0,-99,-5.5,-5158,-5.5
"06081","1","1028","73","0","2024","A","",28,506,70188275,0,0,2670,138849,"",0.44,0.11,0.05,0.00,0.00,0.47,0.47,"",1,3.7,-115,-18.5,-18994075,-21.3,0,0.0,0,0.0,-90,-3.3,-4685,-3.3
"06081","1","48-49","74","0","2024","A","",29,1067,95623248,0,0,1723,89598,"",0.38,0.64,0.30,0.00,0.00,0.48,0.48,"",3,11.5,-18,-1.7,-3340187,-3.4,0,0.0,0,0.0,-31,-1.8,-1627,-1.8
"06081","1","491","75","0","2024","A","",29,1067,95623248,0,0,1723,89598,"",0.38,0.66,0.32,0.00,0.00,0.49,0.49,"",3,11.5,-18,-1.7,-3340187,-3.4,0,0.0,0,0.0,-31,-1.8,-1627,-1.8
"06081","1","4911","76","0","2024","A","",29,1067,95623248,0,0,1723,89598,"",0.38,0.66,0.32,0.00,0.00,0.49,0.49,"",3,11.5,-18,-1.7,-3340187,-3.4,0,0.0,0,0.0,-31,-1.8,-1627,-1.8
"06081","1","49111","77","0","2024","A","",29,1067,95623248,0,0,1723,89598,"",0.38,0.66,0.32,0.00,0.00,0.49,0.49,"",3,11.5,-18,-1.7,-3340187,-3.4,0,0.0,0,0.0,-31,-1.8,-1627,-1.8
"06081","1","491110","78","0","2024","A","",29,1067,95623248,0,0,1723,89598,"",0.38,0.66,0.32,0.00,0.00,0.49,0.49,"",3,11.5,-18,-1.7,-3340187,-3.4,0,0.0,0,0.0,-31,-1.8,-1627,-1.8
"06081","1","54","74","0","2024","A","",2,4,468356,0,0,2252,117089,"",0.57,0.02,0.01,0.00,0.00,0.44,0.44,"",0,0.0,1,33.3,102198,27.9,0,0.0,0,0.0,-95,-4.0,-4964,-4.1
"06081","1","541","75","0","2024","A","",2,4,468356,0,0,2252,117089,"",0.57,0.02,0.01,0.00,0.00,0.44,0.44,"",0,0.0,1,33.3,102198,27.9,0,0.0,0,0.0,-95,-4.0,-4964,-4.1
"06081","1","5413","76","0","2024","A","",2,4,468356,0,0,2252,117089,"",0.91,0.03,0.01,0.00,0.00,0.46,0.46,"",0,0.0,1,33.3,102198,27.9,0,0.0,0,0.0,-95,-4.0,-4964,-4.1
"06081","1","54133","77","0","2024","A","",2,4,468356,0,0,2252,117089,"",0.93,0.03,0.01,0.00,0.00,0.46,0.46,"",0,0.0,1,33.3,102198,27.9,0,0.0,0,0.0,-95,-4.0,-4964,-4.1
"06081","1","541330","78","0","2024","A","",2,4,468356,0,0,2252,117089,"",0.93,0.03,0.01,0.00,0.00,0.46,0.46,"",0,0.0,1,33.3,102198,27.9,0,0.0,0,0.0,-95,-4.0,-4964,-4.1
"06081","1","62","74","0","2024","A","",2,926,131364386,0,0,2730,141939,"",0.61,0.78,0.40,0.00,0.00,0.51,0.51,"",0,0.0,26,2.9,7266679,5.9,0,0.0,0,0.0,78,2.9,4014,2.9
"06081","1","621","75","0","2024","A","",1,17,6082707,0,0,6716,349246,"",0.84,0.15,0.20,0.00,0.00,1.25,1.25,"",0,0.0,-3,-15.0,-502650,-7.6,0,0.0,0,0.0,410,6.5,21344,6.5
"06081","1","6211","76","0","2024","A","",1,17,6082707,0,0,6716,349246,"",1.15,0.24,0.29,0.00,0.00,1.21,1.21,"",0,0.0,-3,-15.0,-502650,-7.6,0,0.0,0,0.0,410,6.5,21344,6.5
"06081","1","62111","77","0","2024","A","",1,17,6082707,0,0,6716,349246,"",1.15,0.24,0.29,0.00,0.00,1.21,1.21,"",0,0.0,-3,-15.0,-502650,-7.6,0,0.0,0,0.0,410,6.5,21344,6.5
"06081","1","621111","78","0","2024","A","",1,17,6082707,0,0,6716,349246,"",1.15,0.24,0.29,0.00,0.00,1.21,1.21,"",0,0.0,-3,-15.0,-502650,-7.6,0,0.0,0,0.0,410,6.5,21344,6.5
"06081","1","622","75","0","2024","A","",1,908,125281679,0,0,2653,137963,"",0.86,0.88,0.43,0.00,0.00,0.49,0.49,"",0,0.0,28,3.2,7769329,6.6,0,0.0,0,0.0,84,3.3,4376,3.3
"06081","1","6221","76","0","2024","A","",1,908,125281679,0,0,2653,137963,"",0.87,0.90,0.43,0.00,0.00,0.49,0.49,"",0,0.0,28,3.2,7769329,6.6,0,0.0,0,0.0,84,3.3,4376,3.3
"06081","1","62211","77","0","2024","A","",1,908,125281679,0,0,2653,137963,"",0.87,0.90,0.43,0.00,0.00,0.49,0.49,"",0,0.0,28,3.2,7769329,6.6,0,0.0,0,0.0,84,3.3,4376,3.3
"06081","1","622110","78","0","2024","A","",1,908,125281679,0,0,2653,137963,"",0.87,0.90,0.43,0.00,0.00,0.49,0.49,"",0,0.0,28,3.2,7769329,6.6,0,0.0,0,0.0,84,3.3,4376,3.3
"06081","1","81","74","0","2024","A","",1,8,665928,0,0,1708,88790,"",2.33,0.60,0.27,0.00,0.00,0.49,0.49,"",0,0.0,2,33.3,133557,25.1,0,0.0,0,0.0,-99,-5.5,-5158,-5.5
"06081","1","812","75","0","2024","A","",1,8,665928,0,0,1708,88790,"",4.83,1.86,0.82,0.00,0.00,0.47,0.47,"",0,0.0,2,33.3,133557,25.1,0,0.0,0,0.0,-99,-5.5,-5158,-5.5
"06081","1","8122","76","0","2024","A","",1,8,665928,0,0,1708,88790,"",5.30,1.88,0.83,0.00,0.00,0.47,0.47,"",0,0.0,2,33.3,133557,25.1,0,0.0,0,0.0,-99,-5.5,-5158,-5.5
"06081","1","81222","77","0","2024","A","",1,8,665928,0,0,1708,88790,"",5.30,1.88,0.83,0.00,0.00,0.47,0.47,"",0,0.0,2,33.3,133557,25.1,0,0.0,0,0.0,-99,-5.5,-5158,-5.5
"06081","1","812220","78","0","2024","A","",1,8,665928,0,0,1708,88790,"",5.30,1.88,0.83,0.00,0.00,0.47,0.47,"",0,0.0,2,33.3,133557,25.1,0,0.0,0,0.0,-99,-5.5,-5158,-5.5
"06081","1","92","74","0","2024","A","",28,506,70188275,0,0,2670,138849,"",0.44,0.11,0.05,0.00,0.00,0.47,0.47,"",1,3.7,-115,-18.5,-18994075,-21.3,0,0.0,0,0.0,-90,-3.3,-4685,-3.3
"06081","1","921","75","0","2024","A","",4,95,12663747,0,0,2557,132953,"",0.87,0.22,0.11,0.00,0.00,0.49,0.49,"",0,0.0,10,11.8,2087470,19.7,0,0.0,0,0.0,169,7.1,8770,7.1
"06081","1","9211","76","0","2024","A","",4,95,12663747,0,0,2557,132953,"",0.87,0.22,0.11,0.00,0.00,0.49,0.49,"",0,0.0,10,11.8,2087470,19.7,0,0.0,0,0.0,169,7.1,8770,7.1
"06081","1","92113","77","0","2024","A","",1,49,7380518,0,0,2897,150623,"",0.67,0.17,0.09,0.00,0.00,0.56,0.56,"",0,0.0,10,25.6,1942697,35.7,0,0.0,0,0.0,187,6.9,9686,6.9
"06081","1","921130","78","0","2024","A","",1,49,7380518,0,0,2897,150623,"",0.67,0.17,0.09,0.00,0.00,0.56,0.56,"",0,0.0,10,25.6,1942697,35.7,0,0.0,0,0.0,187,6.9,9686,6.9
"06081","1","92119","77","0","2024","A","",3,46,5283229,0,0,2197,114232,"",0.98,0.52,0.20,0.00,0.00,0.39,0.38,"",0,0.0,-1,-2.1,144773,2.8,0,0.0,0,0.0,76,3.6,3925,3.6
"06081","1","921190","78","0","2024","A","",3,46,5283229,0,0,2197,114232,"",0.98,0.52,0.20,0.00,0.00,0.39,0.38,"",0,0.0,-1,-2.1,144773,2.8,0,0.0,0,0.0,76,3.6,3925,3.6
"06081","1","922","75","0","2024","A","",6,93,14537565,0,0,3017,156880,"",0.66,0.13,0.06,0.00,0.00,0.47,0.47,"",0,0.0,-101,-52.1,-21679694,-59.9,0,0.0,0,0.0,-581,-16.1,-30209,-16.1
"06081","1","9221","76","0","2024","A","",6,93,14537565,0,0,3017,156880,"",0.66,0.13,0.06,0.00,0.00,0.47,0.47,"",0,0.0,-101,-52.1,-21679694,-59.9,0,0.0,0,0.0,-581,-16.1,-30209,-16.1
"06081","1","92211","77","0","2024","A","",4,4,454030,0,0,2328,121075,"",2.16,0.05,0.02,0.00,0.00,0.41,0.41,"",1,33.3,1,33.3,149574,49.1,0,0.0,0,0.0,262,12.7,13620,12.7
"06081","1","922110","78","0","2024","A","",4,4,454030,0,0,2328,121075,"",2.16,0.05,0.02,0.00,0.00,0.41,0.41,"",1,33.3,1,33.3,149574,49.1,0,0.0,0,0.0,262,12.7,13620,12.7
"06081","1","92212","77","0","2024","A","",2,89,14083535,0,0,3046,158390,"",0.46,0.23,0.10,0.00,0.00,0.45,0.45,"",0,0.0,-101,-53.2,-21557527,-60.5,0,0.0,0,0.0,-563,-15.6,-29277,-15.6
"06081","1","922120","78","0","2024","A","",2,89,14083535,0,0,3046,158390,"",0.46,0.23,0.10,0.00,0.00,0.45,0.45,"",0,0.0,-101,-53.2,-21557527,-60.5,0,0.0,0,0.0,-563,-15.6,-29277,-15.6
"06081","1","92213","77","0","2024","A","",0,0,0,0,0,0,0,"",0.00,0.00,0.00,0.00,0.00,0.00,0.00,"",-1,-100.0,-1,-100.0,-271741,-100.0,0,0.0,0,0.0,-6271,-100.0,-326089,-100.0
"06081","1","922130","78","0","2024","A","",0,0,0,0,0,0,0,"",0.00,0.00,0.00,0.00,0.00,0.00,0.00,"",-1,-100.0,-1,-100.0,-271741,-100.0,0,0.0,0,0.0,-6271,-100.0,-326089,-100.0
"06081","1","923","75","0","2024","A","",4,71,9409046,0,0,2554,132834,"",0.58,0.11,0.05,0.00,0.00,0.44,0.44,"",0,0.0,-2,-2.7,190160,2.1,0,0.0,0,0.0,136,5.6,7122,5.7
"06081","1","9231","76","0","2024","A","",4,71,9409046,0,0,2554,132834,"",0.58,0.11,0.05,0.00,0.00,0.44,0.44,"",0,0.0,-2,-2.7,190160,2.1,0,0.0,0,0.0,136,5.6,7122,5.7
"06081","1","92312","77","0","2024","A","",3,30,4952741,0,0,3184,165551,"",1.46,0.17,0.08,0.00,0.00,0.45,0.45,"",0,0.0,0,0.0,145939,3.0,0,0.0,0,0.0,137,4.5,7085,4.5
"06081","1","923120","78","0","2024","A","",3,30,4952741,0,0,3184,165551,"",1.46,0.17,0.08,0.00,0.00,0.45,0.45,"",0,0.0,0,0.0,145939,3.0,0,0.0,0,0.0,137,4.5,7085,4.5
"06081","1","92313","77","0","2024","A","",1,41,4456305,0,0,2094,108912,"",0.27,0.22,0.09,0.00,0.00,0.40,0.40,"",0,0.0,-2,-4.7,44221,1.0,0,0.0,0,0.0,121,6.1,6305,6.1
"06081","1","923130","78","0","2024","A","",1,41,4456305,0,0,2094,108912,"",0.27,0.22,0.09,0.00,0.00,0.40,0.40,"",0,0.0,-2,-4.7,44221,1.0,0,0.0,0,0.0,121,6.1,6305,6.1
"06081","1","924","75","0","2024","A","",3,107,13860687,0,0,2489,129438,"",0.23,0.38,0.18,0.00,0.00,0.48,0.48,"",0,0.0,-29,-21.3,-2558763,-15.6,0,0.0,0,0.0,162,7.0,8410,6.9
"06081","1","9241","76","0","2024","A","",3,107,13860687,0,0,2489,129438,"",0.23,0.38,0.18,0.00,0.00,0.48,0.48,"",0,0.0,-29,-21.3,-2558763,-15.6,0,0.0,0,0.0,162,7.0,8410,6.9
"06081","1","92412","77","0","2024","A","",3,107,13860687,0,0,2489,129438,"",0.24,0.46,0.24,0.00,0.00,0.51,0.51,"",0,0.0,-29,-21.3,-2558763,-15.6,0,0.0,0,0.0,162,7.0,8410,6.9
"06081","1","924120","78","0","2024","A","",3,107,13860687,0,0,2489,129438,"",0.24,0.46,0.24,0.00,0.00,0.51,0.51,"",0,0.0,-29,-21.3,-2558763,-15.6,0,0.0,0,0.0,162,7.0,8410,6.9
"06081","1","926","75","0","2024","A","",9,103,14130003,0,0,2649,137742,"",0.39,0.15,0.06,0.00,0.00,0.44,0.44,"",1,12.5,4,4.0,2482546,21.3,0,0.0,0,0.0,386,17.1,20091,17.1
"06081","1","9261","76","0","2024","A","",9,103,14130003,0,0,2649,137742,"",0.39,0.15,0.06,0.00,0.00,0.44,0.44,"",1,12.5,4,4.0,2482546,21.3,0,0.0,0,0.0,386,17.1,20091,17.1
"06081","1","92611","77","0","2024","A","",6,59,8341118,0,0,2707,140778,"",0.66,0.45,0.20,0.00,0.00,0.44,0.44,"",1,20.0,1,1.7,1930921,30.1,0,0.0,0,0.0,594,28.1,30889,28.1
"06081","1","926110","78","0","2024","A","",6,59,8341118,0,0,2707,140778,"",0.66,0.45,0.20,0.00,0.00,0.44,0.44,"",1,20.0,1,1.7,1930921,30.1,0,0.0,0,0.0,594,28.1,30889,28.1
"06081","1","92614","77","0","2024","A","",2,27,3152034,0,0,2218,115318,"",0.25,0.21,0.09,0.00,0.00,0.44,0.44,"",0,0.0,1,3.8,326906,11.6,0,0.0,0,0.0,115,5.5,5958,5.4
"06081","1","926140","78","0","2024","A","",2,27,3152034,0,0,2218,115318,"",0.25,0.21,0.09,0.00,0.00,0.44,0.44,"",0,0.0,1,3.8,326906,11.6,0,0.0,0,0.0,115,5.5,5958,5.4
"06081","1","92615","77","0","2024","A","",1,16,2636851,0,0,3169,164803,"",0.41,0.17,0.07,0.00,0.00,0.40,0.40,"",0,0.0,1,6.7,224719,9.3,0,0.0,0,0.0,42,1.3,2187,1.3
"06081","1","926150","78","0","2024","A","",1,16,2636851,0,0,3169,164803,"",0.41,0.17,0.07,0.00,0.00,0.40,0.40,"",0,0.0,1,6.7,224719,9.3,0,0.0,0,0.0,42,1.3,2187,1.3
"06081","1","927","75","0","2024","A","",1,18,3028995,0,0,3177,165218,"",3.55,0.37,0.16,0.00,0.00,0.42,0.42,"",0,0.0,-2,-10.0,-54244,-1.8,0,0.0,0,0.0,237,8.1,12330,8.1
"06081","1","9271","76","0","2024","A","",1,18,3028995,0,0,3177,165218,"",3.55,0.37,0.16,0.00,0.00,0.42,0.42,"",0,0.0,-2,-10.0,-54244,-1.8,0,0.0,0,0.0,237,8.1,12330,8.1
"06081","1","92711","77","0","2024","A","",1,18,3028995,0,0,3177,165218,"",3.55,0.37,0.16,0.00,0.00,0.42,0.42,"",0,0.0,-2,-10.0,-54244,-1.8,0,0.0,0,0.0,237,8.1,12330,8.1
"06081","1","927110","78","0","2024","A","",1,18,3028995,0,0,3177,165218,"",3.55,0.37,0.16,0.00,0.00,0.42,0.42,"",0,0.0,-2,-10.0,-54244,-1.8,0,0.0,0,0.0,237,8.1,12330,8.1
"06081","1","928","75","0","2024","A","",1,19,2558232,0,0,2624,136439,"",0.15,0.01,0.01,0.00,0.00,0.50,0.50,"",0,0.0,5,35.7,538450,26.7,0,0.0,0,0.0,-70,-2.6,-3661,-2.6
"06081","1","9281","76","0","2024","A","",1,19,2558232,0,0,2624,136439,"",0.15,0.01,0.01,0.00,0.00,0.50,0.50,"",0,0.0,5,35.7,538450,26.7,0,0.0,0,0.0,-70,-2.6,-3661,-2.6
"06081","1","92811","77","0","2024","A","",1,19,2558232,0,0,2624,136439,"",0.20,0.01,0.01,0.00,0.00,0.51,0.51,"",0,0.0,5,35.7,538450,26.7,0,0.0,0,0.0,-70,-2.6,-3661,-2.6
"06081","1","928110","78","0","2024","A","",1,19,2558232,0,0,2624,136439,"",0.20,0.01,0.01,0.00,0.00,0.51,0.51,"",0,0.0,5,35.7,538450,26.7,0,0.0,0,0.0,-70,-2.6,-3661,-2.6
"06081","2","10","71","0","2024","A","",18,324,21779002,0,0,1295,67323,"",0.10,0.03,0.01,0.00,0.00,0.32,0.32,"",1,5.9,-19,-5.5,110398,0.5,0,0.0,0,0.0,79,6.5,4072,6.4
"06081","2","102","72","0","2024","A","",18,324,21779002,0,0,1295,67323,"",0.10,0.03,0.01,0.00,0.00,0.32,0.32,"",1,5.9,-19,-5.5,110398,0.5,0,0.0,0,0.0,79,6.5,4072,6.4
"06081","2","1028","73","0","2024","A","",18,324,21779002,0,0,1295,67323,"",0.13,0.06,0.02,0.00,0.00,0.32,0.32,"",1,5.9,-19,-5.5,110398,0.5,0,0.0,0,0.0,79,6.5,4072,6.4
"06081","2","92","74","0","2024","A","",18,324,21779002,0,0,1295,67323,"",0.13,0.06,0.02,0.00,0.00,0.32,0.32,"",1,5.9,-19,-5.5,110398,0.5,0,0.0,0,0.0,79,6.5,4072,6.4
"06081","2","921","75","0","2024","A","",1,26,1980892,0,0,1460,75945,"",0.06,0.04,0.01,0.00,0.00,0.33,0.33,"",0,0.0,2,8.3,-73630,-3.6,0,0.0,0,0.0,-158,-9.8,-8199,-9.7
"06081","2","9211","76","0","2024","A","",1,26,1980892,0,0,1460,75945,"",0.06,0.04,0.01,0.00,0.00,0.33,0.33,"",0,0.0,2,8.3,-73630,-3.6,0,0.0,0,0.0,-158,-9.8,-8199,-9.7
"06081","2","92113","77","0","2024","A","",1,26,1980892,0,0,1460,75945,"",0.16,0.09,0.03,0.00,0.00,0.33,0.33,"",0,0.0,2,8.3,-73630,-3.6,0,0.0,0,0.0,-158,-9.8,-8199,-9.7
"06081","2","921130","78","0","2024","A","",1,26,1980892,0,0,1460,75945,"",0.16,0.09,0.03,0.00,0.00,0.33,0.33,"",0,0.0,2,8.3,-73630,-3.6,0,0.0,0,0.0,-158,-9.8,-8199,-9.7
"06081","2","922","75","0","2024","A","",4,90,6112656,0,0,1312,68234,"",0.11,0.05,0.01,0.00,0.00,0.31,0.31,"",1,33.3,-7,-7.2,-509264,-7.7,0,0.0,0,0.0,5,0.4,259,0.4
"06081","2","9221","76","0","2024","A","",4,90,6112656,0,0,1312,68234,"",0.11,0.05,0.01,0.00,0.00,0.31,0.31,"",1,33.3,-7,-7.2,-509264,-7.7,0,0.0,0,0.0,5,0.4,259,0.4
"06081","2","92212","77","0","2024","A","",2,83,5373025,0,0,1247,64865,"",0.30,0.29,0.07,0.00,0.00,0.24,0.24,"",0,0.0,-6,-6.7,-114244,-2.1,0,0.0,0,0.0,57,4.8,2979,4.8
"06081","2","922120","78","0","2024","A","",2,83,5373025,0,0,1247,64865,"",0.30,0.29,0.07,0.00,0.00,0.24,0.24,"",0,0.0,-6,-6.7,-114244,-2.1,0,0.0,0,0.0,57,4.8,2979,4.8
"06081","2","92214","77","0","2024","A","",1,1,277697,0,0,4272,222158,"",0.09,0.00,0.00,0.00,0.00,1.09,1.09,"N",1,100.0,0,0,0,0,0,0,0,0,0,0,0,0
"06081","2","922140","78","0","2024","A","",1,1,277697,0,0,4272,222158,"",0.09,0.00,0.00,0.00,0.00,1.09,1.09,"N",1,100.0,0,0,0,0,0,0,0,0,0,0,0,0
"06081","2","92215","77","0","2024","A","",1,6,461934,0,0,1615,83988,"",0.40,0.11,0.04,0.00,0.00,0.43,0.43,"",0,0.0,-3,-33.3,-672717,-59.3,0,0.0,0,0.0,-879,-35.2,-45686,-35.2
"06081","2","922150","78","0","2024","A","",1,6,461934,0,0,1615,83988,"",0.40,0.11,0.04,0.00,0.00,0.43,0.43,"",0,0.0,-3,-33.3,-672717,-59.3,0,0.0,0,0.0,-879,-35.2,-45686,-35.2
"06081","2","923","75","0","2024","A","",4,62,5929646,0,0,1844,95897,"",0.14,0.05,0.03,0.00,0.00,0.48,0.48,"",0,0.0,4,6.9,384693,6.9,0,0.0,0,0.0,-10,-0.5,-537,-0.6
"06081","2","9231","76","0","2024","A","",4,62,5929646,0,0,1844,95897,"",0.14,0.05,0.03,0.00,0.00,0.48,0.48,"",0,0.0,4,6.9,384693,6.9,0,0.0,0,0.0,-10,-0.5,-537,-0.6
"06081","2","92313","77","0","2024","A","",4,62,5929646,0,0,1844,95897,"",0.28,0.10,0.05,0.00,0.00,0.50,0.50,"",0,0.0,4,6.9,384693,6.9,0,0.0,0,0.0,-10,-0.5,-537,-0.6
"06081","2","923130","78","0","2024","A","",4,62,5929646,0,0,1844,95897,"",0.28,0.10,0.05,0.00,0.00,0.50,0.50,"",0,0.0,4,6.9,384693,6.9,0,0.0,0,0.0,-10,-0.5,-537,-0.6
"06081","2","924","75","0","2024","A","",2,56,2982274,0,0,1018,52940,"",0.11,0.13,0.04,0.00,0.00,0.27,0.27,"",0,0.0,0,0.0,304794,11.4,0,0.0,0,0.0,92,9.9,4769,9.9
"06081","2","9241","76","0","2024","A","",2,56,2982274,0,0,1018,52940,"",0.11,0.13,0.04,0.00,0.00,0.27,0.27,"",0,0.0,0,0.0,304794,11.4,0,0.0,0,0.0,92,9.9,4769,9.9
"06081","2","92412","77","0","2024","A","",2,56,2982274,0,0,1018,52940,"",0.14,0.18,0.05,0.00,0.00,0.30,0.30,"",0,0.0,0,0.0,304794,11.4,0,0.0,0,0.0,92,9.9,4769,9.9
"06081","2","924120","78","0","2024","A","",2,56,2982274,0,0,1018,52940,"",0.14,0.18,0.05,0.00,0.00,0.30,0.30,"",0,0.0,0,0.0,304794,11.4,0,0.0,0,0.0,92,9.9,4769,9.9
"06081","2","926","75","0","2024","A","",7,90,4773534,0,0,1024,53236,"",0.24,0.11,0.03,0.00,0.00,0.25,0.25,"",0,0.0,-18,-16.7,3805,0.1,0,0.0,0,0.0,172,20.2,8935,20.2
"06081","2","9261","76","0","2024","A","",7,90,4773534,0,0,1024,53236,"",0.24,0.11,0.03,0.00,0.00,0.25,0.25,"",0,0.0,-18,-16.7,3805,0.1,0,0.0,0,0.0,172,20.2,8935,20.2
"06081","2","92612","77","0","2024","A","",4,79,3353190,0,0,813,42267,"",0.39,0.16,0.03,0.00,0.00,0.19,0.19,"",0,0.0,-17,-17.7,35539,1.1,0,0.0,0,0.0,148,22.3,7678,22.2
"06081","2","926120","78","0","2024","A","",4,79,3353190,0,0,813,42267,"",0.39,0.16,0.03,0.00,0.00,0.19,0.19,"",0,0.0,-17,-17.7,35539,1.1,0,0.0,0,0.0,148,22.3,7678,22.2
"06081","2","92615","77","0","2024","A","",3,10,1420344,0,0,2643,137453,"",0.43,0.07,0.05,0.00,0.00,0.67,0.67,"",0,0.0,-2,-16.7,-31734,-2.2,0,0.0,0,0.0,266,11.2,13872,11.2
"06081","2","926150","78","0","2024","A","",3,10,1420344,0,0,2643,137453,"",0.43,0.07,0.05,0.00,0.00,0.67,0.67,"",0,0.0,-2,-16.7,-31734,-2.2,0,0.0,0,0.0,266,11.2,13872,11.2
"06081","3","10","71","0","2024","A","",306,27812,2930651624,7843679,183993,2026,105373,"",0.69,0.71,0.44,0.15,0.32,0.61,0.61,"",-3,-1.0,1060,4.0,234064374,8.7,95953,1.2,4416,2.5,88,4.5,4573,4.5
"06081","3","101","72","0","2024","A","",5,201,21515609,0,0,2059,107087,"",0.44,0.67,0.41,0.00,0.00,0.62,0.62,"",0,0.0,41,25.6,4703728,28.0,0,0.0,0,0.0,32,1.6,1683,1.6
"06081","3","1012","73","0","2024","A","",5,201,21515609,0,0,2059,107087,"",0.45,0.69,0.43,0.00,0.00,0.62,0.62,"",0,0.0,41,25.6,4703728,28.0,0,0.0,0,0.0,32,1.6,1683,1.6
"06081","3","102","72","0","2024","A","",302,27611,2909136015,7843679,183993,2026,105361,"",0.70,0.71,0.44,0.16,0.32,0.61,0.61,"",-2,-0.7,1019,3.8,229360646,8.6,95953,1.2,4416,2.5,88,4.5,4589,4.6
"06081","3","1021","73","0","2024","A","",21,1163,118306882,754773,11650,1956,101718,"",0.67,0.76,0.35,0.27,0.29,0.46,0.46,"",0,0.0,73,6.7,7266266,6.5,5076,0.7,-216,-1.8,-4,-0.2,-177,-0.2
"06081","3","1022","73","0","2024","A","",7,594,32468704,0,0,1051,54676,"",0.52,1.75,0.85,0.00,0.00,0.49,0.49,"",0,0.0,40,7.2,2142225,7.1,0,0.0,0,0.0,-2,-0.2,-81,-0.1
"06081","3","1023","73","0","2024","A","",3,380,41869628,2991069,61115,2121,110280,"",0.61,2.96,1.73,3.53,3.56,0.58,0.58,"",0,0.0,47,14.1,6977005,20.0,269125,9.9,6997,12.9,106,5.3,5497,5.2
"06081","3","1024","73","0","2024","A","",3,420,56158143,0,0,2573,133816,"",0.24,1.57,1.21,0.00,0.00,0.77,0.77,"",0,0.0,36,9.4,9421179,20.2,0,0.0,0,0.0,231,9.9,12052,9.9
"06081","3","1025","73","0","2024","A","",196,15067,1378795152,1313894,28590,1760,91510,"",1.03,0.63,0.36,0.07,0.19,0.57,0.57,"",-1,-0.5,421,2.9,105770772,8.3,-60903,-4.4,2447,9.4,88,5.3,4588,5.3
"06081","3","1026","73","0","2024","A","",12,822,42837098,211034,8441,1003,52134,"",1.00,0.74,0.35,0.06,0.10,0.47,0.47,"",0,0.0,8,1.0,2247262,5.5,28906,15.9,3160,59.8,43,4.5,2239,4.5
"06081","3","1028","73","0","2024","A","",59,9166,1238700408,2572909,74197,2599,135138,"",0.36,0.79,0.56,0.12,0.29,0.70,0.70,"",-2,-3.3,393,4.5,95535937,8.4,-146251,-5.4,-7972,-9.7,93,3.7,4831,3.7
"06081","3","22","74","0","2024","A","",11,384,43746274,469932,7378,2188,113799,"",0.51,0.56,0.26,0.28,0.33,0.47,0.47,"",0,0.0,10,2.7,-1870165,-4.1,12001,2.6,-112,-1.5,-157,-6.7,-8143,-6.7
"06081","3","221","75","0","2024","A","",11,384,43746274,469932,7378,2188,113799,"",0.51,0.56,0.26,0.28,0.33,0.47,0.47,"",0,0.0,10,2.7,-1870165,-4.1,12001,2.6,-112,-1.5,-157,-6.7,-8143,-6.7
"06081","3","2213","76","0","2024","A","",11,384,43746274,469932,7378,2188,113799,"",0.59,0.85,0.45,0.41,0.54,0.54,0.54,"",0,0.0,10,2.7,-1870165,-4.1,12001,2.6,-112,-1.5,-157,-6.7,-8143,-6.7
"06081","3","22131","77","0","2024","A","",7,310,34274612,143600,2156,2129,110682,"",0.56,0.99,0.53,0.17,0.22,0.53,0.53,"",0,0.0,-4,-1.3,-2237361,-6.1,-3941,-2.7,-58,-2.6,-111,-5.0,-5784,-5.0
"06081","3","221310","78","0","2024","A","",7,310,34274612,143600,2156,2129,110682,"",0.56,0.99,0.53,0.17,0.22,0.53,0.53,"",0,0.0,-4,-1.3,-2237361,-6.1,-3941,-2.7,-58,-2.6,-111,-5.0,-5784,-5.0
"06081","3","22132","77","0","2024","A","",4,75,9471662,326332,5222,2437,126711,"",0.67,0.53,0.30,1.05,1.35,0.58,0.58,"",0,0.0,14,23.0,367196,4.0,15942,5.1,-54,-1.0,-453,-15.7,-23569,-15.7
"06081","3","221320","78","0","2024","A","",4,75,9471662,326332,5222,2437,126711,"",0.67,0.53,0.30,1.05,1.35,0.58,0.58,"",0,0.0,14,23.0,367196,4.0,15942,5.1,-54,-1.0,-453,-15.7,-23569,-15.7
"06081","3","23","74","0","2024","A","",5,201,21515609,0,0,2059,107087,"",0.45,0.69,0.43,0.00,0.00,0.62,0.62,"",0,0.0,41,25.6,4703728,28.0,0,0.0,0,0.0,32,1.6,1683,1.6
"06081","3","237","75","0","2024","A","",5,201,21515609,0,0,2059,107087,"",0.47,0.71,0.45,0.00,0.00,0.63,0.63,"",0,0.0,41,25.6,4703728,28.0,0,0.0,0,0.0,32,1.6,1683,1.6
"06081","3","2373","76","0","2024","A","",5,201,21515609,0,0,2059,107087,"",0.49,0.73,0.46,0.00,0.00,0.63,0.63,"",0,0.0,41,25.6,4703728,28.0,0,0.0,0,0.0,32,1.6,1683,1.6
"06081","3","23731","77","0","2024","A","",5,201,21515609,0,0,2059,107087,"",0.49,0.73,0.46,0.00,0.00,0.63,0.63,"",0,0.0,41,25.6,4703728,28.0,0,0.0,0,0.0,32,1.6,1683,1.6
"06081","3","237310","78","0","2024","A","",5,201,21515609,0,0,2059,107087,"",0.49,0.73,0.46,0.00,0.00,0.63,0.63,"",0,0.0,41,25.6,4703728,28.0,0,0.0,0,0.0,32,1.6,1683,1.6
"06081","3","48-49","74","0","2024","A","",10,779,74560608,284841,4272,1841,95754,"",1.31,0.95,0.44,0.32,0.30,0.46,0.46,"",0,0.0,63,8.8,9136431,14.0,-6925,-2.4,-104,-2.4,83,4.7,4337,4.7
"06081","3","485","75","0","2024","A","",4,636,61316538,0,0,1853,96334,"",0.87,0.96,0.46,0.00,0.00,0.48,0.48,"",0,0.0,59,10.2,8043600,15.1,0,0.0,0,0.0,78,4.4,4047,4.4
"06081","3","4851","76","0","2024","A","",2,524,51461481,0,0,1887,98115,"",1.50,1.09,0.46,0.00,0.00,0.42,0.42,"",0,0.0,58,12.4,7318659,16.6,0,0.0,0,0.0,64,3.5,3320,3.5
"06081","3","48511","77","0","2024","A","",2,524,51461481,0,0,1887,98115,"",1.50,1.09,0.46,0.00,0.00,0.42,0.42,"",0,0.0,58,12.4,7318659,16.6,0,0.0,0,0.0,64,3.5,3320,3.5
"06081","3","485113","78","0","2024","A","",2,524,51461481,0,0,1887,98115,"",2.06,2.92,1.36,0.00,0.00,0.47,0.47,"",0,0.0,58,12.4,7318659,16.6,0,0.0,0,0.0,64,3.5,3320,3.5
"06081","3","4854","76","0","2024","A","",2,112,9855057,0,0,1692,87992,"",0.69,0.70,0.57,0.00,0.00,0.80,0.80,"",0,0.0,0,0.0,724941,7.9,0,0.0,0,0.0,118,7.5,6169,7.5
"06081","3","48541","77","0","2024","A","",2,112,9855057,0,0,1692,87992,"",0.69,0.70,0.57,0.00,0.00,0.80,0.80,"",0,0.0,0,0.0,724941,7.9,0,0.0,0,0.0,118,7.5,6169,7.5
"06081","3","485410","78","0","2024","A","",2,112,9855057,0,0,1692,87992,"",0.69,0.70,0.57,0.00,0.00,0.80,0.80,"",0,0.0,0,0.0,724941,7.9,0,0.0,0,0.0,118,7.5,6169,7.5
"06081","3","488","75","0","2024","A","",2,35,3304275,284841,4272,1837,95545,"",0.89,0.26,0.10,1.25,1.22,0.39,0.39,"",0,0.0,3,9.4,395735,13.6,-6925,-2.4,-104,-2.4,94,5.4,4889,5.4
"06081","3","4881","76","0","2024","A","",1,12,1324981,0,0,2184,113570,"",0.65,0.13,0.06,0.00,0.00,0.49,0.49,"",0,0.0,-1,-7.7,175514,15.3,0,0.0,0,0.0,462,26.8,24001,26.8
"06081","3","48811","77","0","2024","A","",1,12,1324981,0,0,2184,113570,"N",0.66,0,0,0,0,0,0,"",0,0.0,-1,-7.7,175514,15.3,0,0.0,0,0.0,462,26.8,24001,26.8
"06081","3","488119","78","0","2024","A","",1,12,1324981,0,0,2184,113570,"",0.70,0.13,0.06,0.00,0.00,0.49,0.49,"",0,0.0,-1,-7.7,175514,15.3,0,0.0,0,0.0,462,26.8,24001,26.8
"06081","3","4883","76","0","2024","A","",1,23,1979294,284841,4272,1661,86369,"",5.52,1.66,0.50,8.90,6.32,0.30,0.30,"",0,0.0,4,21.1,220221,12.5,-6925,-2.4,-104,-2.4,-96,-5.5,-5011,-5.5
"06081","3","48831","77","0","2024","A","",1,23,1979294,284841,4272,1661,86369,"",7.44,1.85,0.56,9.63,6.90,0.31,0.31,"",0,0.0,4,21.1,220221,12.5,-6925,-2.4,-104,-2.4,-96,-5.5,-5011,-5.5
"06081","3","488310","78","0","2024","A","",1,23,1979294,284841,4272,1661,86369,"",7.44,1.85,0.56,9.63,6.90,0.31,0.31,"",0,0.0,4,21.1,220221,12.5,-6925,-2.4,-104,-2.4,-96,-5.5,-5011,-5.5
"06081","3","493","75","0","2024","A","",4,108,9939795,0,0,1777,92392,"",6.19,4.85,2.50,0.00,0.00,0.52,0.52,"",0,0.0,2,1.9,697096,7.5,0,0.0,0,0.0,105,6.3,5470,6.3
"06081","3","4931","76","0","2024","A","",4,108,9939795,0,0,1777,92392,"",6.19,4.85,2.50,0.00,0.00,0.52,0.52,"",0,0.0,2,1.9,697096,7.5,0,0.0,0,0.0,105,6.3,5470,6.3
"06081","3","49311","77","0","2024","A","",4,108,9939795,0,0,1777,92392,"",6.67,5.00,2.57,0.00,0.00,0.52,0.52,"",0,0.0,2,1.9,697096,7.5,0,0.0,0,0.0,105,6.3,5470,6.3
"06081","3","493110","78","0","2024","A","",4,108,9939795,0,0,1777,92392,"",6.67,5.00,2.57,0.00,0.00,0.52,0.52,"",0,0.0,2,1.9,697096,7.5,0,0.0,0,0.0,105,6.3,5470,6.3
"06081","3","51","74","0","2024","A","",7,594,32468704,0,0,1051,54676,"",0.52,1.75,0.85,0.00,0.00,0.49,0.49,"",0,0.0,40,7.2,2142225,7.1,0,0.0,0,0.0,-2,-0.2,-81,-0.1
"06081","3","519","75","0","2024","A","",7,594,32468704,0,0,1051,54676,"",0.54,1.81,0.90,0.00,0.00,0.50,0.50,"",0,0.0,40,7.2,2142225,7.1,0,0.0,0,0.0,-2,-0.2,-81,-0.1
"06081","3","5192","76","0","2024","A","",7,594,32468704,0,0,1051,54676,"",0.54,1.81,0.90,0.00,0.00,0.50,0.50,"",0,0.0,40,7.2,2142225,7.1,0,0.0,0,0.0,-2,-0.2,-81,-0.1
"06081","3","51921","77","0","2024","A","",7,594,32468704,0,0,1051,54676,"N",0.54,0,0,0,0,0,0,"",0,0.0,40,7.2,2142225,7.1,0,0.0,0,0.0,-2,-0.2,-81,-0.1
"06081","3","519210","78","0","2024","A","",7,594,32468704,0,0,1051,54676,"N",0.54,0,0,0,0,0,0,"",0,0.0,40,7.2,2142225,7.1,0,0.0,0,0.0,-2,-0.2,-81,-0.1
"06081","3","52","74","0","2024","A","",1,372,41315286,2926392,58528,2136,111087,"",1.91,11.05,4.55,14.70,12.74,0.41,0.41,"",0,0.0,47,14.5,6934750,20.2,268635,10.1,5373,10.1,104,5.1,5436,5.1
"06081","3","524","75","0","2024","A","",1,372,41315286,2926392,58528,2136,111087,"",4.16,14.14,5.86,41.73,17.59,0.41,0.41,"",0,0.0,47,14.5,6934750,20.2,268635,10.1,5373,10.1,104,5.1,5436,5.1
"06081","3","5241","76","0","2024","A","",1,372,41315286,2926392,58528,2136,111087,"",8.59,17.59,7.32,48.25,19.41,0.42,0.42,"",0,0.0,47,14.5,6934750,20.2,268635,10.1,5373,10.1,104,5.1,5436,5.1
"06081","3","52411","77","0","2024","A","",1,372,41315286,2926392,58528,2136,111087,"",19.33,21.88,9.22,48.67,19.45,0.42,0.42,"",0,0.0,47,14.5,6934750,20.2,268635,10.1,5373,10.1,104,5.1,5436,5.1
"06081","3","524114","78","0","2024","A","",1,372,41315286,2926392,58528,2136,111087,"N",21.48,0,0,0,0,0,0,"",0,0.0,47,14.5,6934750,20.2,268635,10.1,5373,10.1,104,5.1,5436,5.1
"06081","3","53","74","0","2024","A","",2,8,554342,64677,2587,1376,71528,"",0.45,0.08,0.04,0.10,0.21,0.45,0.45,"",0,0.0,0,0.0,42255,8.3,490,0.8,1624,168.6,77,5.9,4000,5.9
"06081","3","531","75","0","2024","A","",2,8,554342,64677,2587,1376,71528,"",0.46,0.09,0.04,0.10,0.21,0.45,0.45,"",0,0.0,0,0.0,42255,8.3,490,0.8,1624,168.6,77,5.9,4000,5.9
"06081","3","5311","76","0","2024","A","",2,8,554342,64677,2587,1376,71528,"",0.65,0.11,0.05,0.13,0.25,0.43,0.43,"",0,0.0,0,0.0,42255,8.3,490,0.8,1624,168.6,77,5.9,4000,5.9
"06081","3","53111","77","0","2024","A","",1,8,554342,64677,2587,1376,71528,"",0.35,0.12,0.05,0.15,0.33,0.43,0.43,"",0,0.0,0,0.0,42255,8.3,490,0.8,1624,168.6,77,5.9,4000,5.9
"06081","3","531110","78","0","2024","A","",1,8,554342,64677,2587,1376,71528,"",0.35,0.12,0.05,0.15,0.33,0.43,0.43,"",0,0.0,0,0.0,42255,8.3,490,0.8,1624,168.6,77,5.9,4000,5.9
"06081","3","53112","77","0","2024","A","",1,0,0,0,0,0,0,"",4.83,0.00,0.00,0.00,0.00,0.00,0.00,"",0,0.0,0,0.0,0,0.0,0,0.0,0,0.0,0,0.0,0,0.0
"06081","3","531120","78","0","2024","A","",1,0,0,0,0,0,0,"",4.83,0.00,0.00,0.00,0.00,0.00,0.00,"",0,0.0,0,0.0,0,0.0,0,0.0,0,0.0,0,0.0,0,0.0
"06081","3","54","74","0","2024","A","",1,8,879417,0,0,2230,115967,"",0.30,0.14,0.07,0.00,0.00,0.51,0.51,"",0,0.0,1,14.3,105223,13.6,0,0.0,0,0.0,51,2.3,2670,2.4
"06081","3","541","75","0","2024","A","",1,8,879417,0,0,2230,115967,"",0.30,0.14,0.07,0.00,0.00,0.51,0.51,"",0,0.0,1,14.3,105223,13.6,0,0.0,0,0.0,51,2.3,2670,2.4
"06081","3","5416","76","0","2024","A","",1,8,879417,0,0,2230,115967,"",1.81,1.32,0.59,0.00,0.00,0.47,0.47,"",0,0.0,1,14.3,105223,13.6,0,0.0,0,0.0,51,2.3,2670,2.4
"06081","3","54169","77","0","2024","A","",1,8,879417,0,0,2230,115967,"",4.03,4.07,1.85,0.00,0.00,0.48,0.48,"",0,0.0,1,14.3,105223,13.6,0,0.0,0,0.0,51,2.3,2670,2.4
"06081","3","541690","78","0","2024","A","",1,8,879417,0,0,2230,115967,"",4.03,4.07,1.85,0.00,0.00,0.48,0.48,"",0,0.0,1,14.3,105223,13.6,0,0.0,0,0.0,51,2.3,2670,2.4
"06081","3","56","74","0","2024","A","",2,412,55278726,0,0,2580,134145,"",0.22,1.97,1.67,0.00,0.00,0.84,0.84,"",0,0.0,35,9.3,9315956,20.3,0,0.0,0,0.0,235,10.0,12228,10.0
"06081","3","561","75","0","2024","A","",1,412,55278726,0,0,2580,134145,"",0.16,2.94,2.49,0.00,0.00,0.85,0.84,"",0,0.0,35,9.3,9315956,20.3,0,0.0,0,0.0,235,10.0,12228,10.0
"06081","3","5611","76","0","2024","A","",1,412,55278726,0,0,2580,134145,"",1.94,35.12,20.77,0.00,0.00,0.59,0.59,"",0,0.0,35,9.3,9315956,20.3,0,0.0,0,0.0,235,10.0,12228,10.0
"06081","3","56111","77","0","2024","A","",1,412,55278726,0,0,2580,134145,"",1.94,35.12,20.77,0.00,0.00,0.59,0.59,"",0,0.0,35,9.3,9315956,20.3,0,0.0,0,0.0,235,10.0,12228,10.0
"06081","3","561110","78","0","2024","A","",1,412,55278726,0,0,2580,134145,"",1.94,35.12,20.77,0.00,0.00,0.59,0.59,"",0,0.0,35,9.3,9315956,20.3,0,0.0,0,0.0,235,10.0,12228,10.0
"06081","3","562","75","0","2024","A","",1,0,0,0,0,0,0,"",0.34,0.00,0.00,0.00,0.00,0.00,0.00,"",0,0.0,0,0.0,0,0.0,0,0.0,0,0.0,0,0.0,0,0.0
"06081","3","5622","76","0","2024","A","",1,0,0,0,0,0,0,"",0.51,0.00,0.00,0.00,0.00,0.00,0.00,"",0,0.0,0,0.0,0,0.0,0,0.0,0,0.0,0,0.0,0,0.0
"06081","3","56221","77","0","2024","A","",1,0,0,0,0,0,0,"",0.51,0.00,0.00,0.00,0.00,0.00,0.00,"",0,0.0,0,0.0,0,0.0,0,0.0,0,0.0,0,0.0,0,0.0
"06081","3","562219","78","0","2024","A","",1,0,0,0,0,0,0,"",3.25,0.00,0.00,0.00,0.00,0.00,0.00,"",0,0.0,0,0.0,0,0.0,0,0.0,0,0.0,0,0.0,0,0.0
"06081","3","61","74","0","2024","A","",194,13789,1219861880,1212540,25954,1701,88467,"",1.13,0.65,0.36,0.08,0.23,0.56,0.56,"",-1,-0.5,400,3.0,96879374,8.6,-39563,-3.2,2510,10.7,88,5.5,4590,5.5
"06081","3","611","75","0","2024","A","",194,13789,1219861880,1212540,25954,1701,88467,"",1.13,0.65,0.36,0.08,0.23,0.56,0.56,"",-1,-0.5,400,3.0,96879374,8.6,-39563,-3.2,2510,10.7,88,5.5,4590,5.5
"06081","3","6111","76","0","2024","A","",190,11812,1032475927,1212540,25954,1681,87410,"",1.16,0.59,0.33,0.08,0.25,0.56,0.56,"",-1,-0.5,287,2.5,68727223,7.1,-39563,-3.2,2510,10.7,73,4.5,3788,4.5
"06081","3","61111","77","0","2024","A","",190,11812,1032475927,1212540,25954,1681,87410,"",1.16,0.59,0.33,0.08,0.25,0.56,0.56,"",-1,-0.5,287,2.5,68727223,7.1,-39563,-3.2,2510,10.7,73,4.5,3788,4.5
"06081","3","611110","78","0","2024","A","",190,11812,1032475927,1212540,25954,1681,87410,"",1.16,0.59,0.33,0.08,0.25,0.56,0.56,"",-1,-0.5,287,2.5,68727223,7.1,-39563,-3.2,2510,10.7,73,4.5,3788,4.5
"06081","3","6112","76","0","2024","A","",4,1977,187385953,0,0,1823,94779,"",1.08,1.88,1.18,0.00,0.00,0.63,0.63,"",0,0.0,113,6.1,28152151,17.7,0,0.0,0,0.0,180,11.0,9330,10.9
"06081","3","61121","77","0","2024","A","",4,1977,187385953,0,0,1823,94779,"",1.08,1.88,1.18,0.00,0.00,0.63,0.63,"",0,0.0,113,6.1,28152151,17.7,0,0.0,0,0.0,180,11.0,9330,10.9
"06081","3","611210","78","0","2024","A","",4,1977,187385953,0,0,1823,94779,"",1.08,1.88,1.18,0.00,0.00,0.63,0.63,"",0,0.0,113,6.1,28152151,17.7,0,0.0,0,0.0,180,11.0,9330,10.9
"06081","3","62","74","0","2024","A","",2,1278,158933272,101354,2636,2391,124345,"",0.11,0.50,0.31,0.03,0.07,0.62,0.62,"",0,0.0,21,1.7,8891398,5.9,-21340,-17.4,-63,-2.3,96,4.2,4996,4.2
"06081","3","621","75","0","2024","A","",1,14,1298269,101354,2636,1752,91107,"",0.17,0.06,0.03,0.15,0.25,0.47,0.47,"",0,0.0,3,27.3,146915,12.8,-21340,-17.4,-63,-2.3,-246,-12.3,-12775,-12.3
"06081","3","6219","76","0","2024","A","",1,14,1298269,101354,2636,1752,91107,"",0.53,0.26,0.16,0.73,1.51,0.60,0.60,"",0,0.0,3,27.3,146915,12.8,-21340,-17.4,-63,-2.3,-246,-12.3,-12775,-12.3
"06081","3","62199","77","0","2024","A","",1,14,1298269,101354,2636,1752,91107,"",3.51,2.74,1.75,9.57,20.85,0.63,0.63,"",0,0.0,3,27.3,146915,12.8,-21340,-17.4,-63,-2.3,-246,-12.3,-12775,-12.3
"06081","3","621999","78","0","2024","A","",1,14,1298269,101354,2636,1752,91107,"",3.55,2.82,1.80,9.57,20.85,0.63,0.63,"",0,0.0,3,27.3,146915,12.8,-21340,-17.4,-63,-2.3,-246,-12.3,-12775,-12.3
"06081","3","622","75","0","2024","A","",1,1264,157635003,0,0,2398,124719,"",0.27,0.67,0.39,0.00,0.00,0.58,0.58,"",0,0.0,18,1.4,8744483,5.9,0,0.0,0,0.0,100,4.4,5232,4.4
"06081","3","6221","76","0","2024","A","",1,1264,157635003,0,0,2398,124719,"",0.27,0.68,0.40,0.00,0.00,0.58,0.58,"",0,0.0,18,1.4,8744483,5.9,0,0.0,0,0.0,100,4.4,5232,4.4
"06081","3","62211","77","0","2024","A","",1,1264,157635003,0,0,2398,124719,"",0.27,0.68,0.40,0.00,0.00,0.58,0.58,"",0,0.0,18,1.4,8744483,5.9,0,0.0,0,0.0,100,4.4,5232,4.4
"06081","3","622110","78","0","2024","A","",1,1264,157635003,0,0,2398,124719,"",0.27,0.68,0.40,0.00,0.00,0.58,0.58,"",0,0.0,18,1.4,8744483,5.9,0,0.0,0,0.0,100,4.4,5232,4.4
"06081","3","71","74","0","2024","A","",9,792,41251964,211034,8441,1002,52091,"",0.88,0.96,0.49,0.09,0.19,0.51,0.51,"",0,0.0,11,1.4,2367670,6.1,28906,15.9,3160,59.8,44,4.6,2277,4.6
"06081","3","711","75","0","2024","A","",2,116,4939859,0,0,819,42585,"",4.39,5.54,2.46,0.00,0.00,0.45,0.45,"",0,0.0,1,0.9,521080,11.8,0,0.0,0,0.0,82,11.1,4272,11.2
"06081","3","7113","76","0","2024","A","",2,116,4939859,0,0,819,42585,"",5.30,6.67,3.07,0.00,0.00,0.46,0.46,"",0,0.0,1,0.9,521080,11.8,0,0.0,0,0.0,82,11.1,4272,11.2
"06081","3","71131","77","0","2024","A","",2,116,4939859,0,0,819,42585,"N",5.52,0,0,0,0,0,0,"",0,0.0,1,0.9,521080,11.8,0,0.0,0,0.0,82,11.1,4272,11.2
"06081","3","711310","78","0","2024","A","",2,116,4939859,0,0,819,42585,"N",5.52,0,0,0,0,0,0,"",0,0.0,1,0.9,521080,11.8,0,0.0,0,0.0,82,11.1,4272,11.2
"06081","3","712","75","0","2024","A","",1,25,2556167,211034,8441,1940,100901,"",0.53,0.22,0.23,2.49,4.99,1.03,1.03,"",0,0.0,7,38.9,276929,12.2,28906,15.9,3160,59.8,-529,-21.4,-27507,-21.4
"06081","3","7121","76","0","2024","A","",1,25,2556167,211034,8441,1940,100901,"",0.53,0.22,0.23,2.49,4.99,1.03,1.03,"",0,0.0,7,38.9,276929,12.2,28906,15.9,3160,59.8,-529,-21.4,-27507,-21.4
"06081","3","71219","77","0","2024","A","",1,25,2556167,211034,8441,1940,100901,"",0.73,0.25,0.27,3.43,5.64,1.06,1.06,"",0,0.0,7,38.9,276929,12.2,28906,15.9,3160,59.8,-529,-21.4,-27507,-21.4
"06081","3","712190","78","0","2024","A","",1,25,2556167,211034,8441,1940,100901,"",0.73,0.25,0.27,3.43,5.64,1.06,1.06,"",0,0.0,7,38.9,276929,12.2,28906,15.9,3160,59.8,-529,-21.4,-27507,-21.4
"06081","3","713","75","0","2024","A","",6,651,33755938,0,0,998,51886,"",0.76,0.95,0.47,0.00,0.00,0.50,0.50,"",0,0.0,3,0.5,1569661,4.9,0,0.0,0,0.0,42,4.4,2177,4.4
"06081","3","7139","76","0","2024","A","",6,651,33755938,0,0,998,51886,"",0.87,1.70,1.17,0.00,0.00,0.69,0.69,"",0,0.0,3,0.5,1569661,4.9,0,0.0,0,0.0,42,4.4,2177,4.4
"06081","3","71394","77","0","2024","A","",2,216,8556911,0,0,763,39661,"",0.67,1.40,0.86,0.00,0.00,0.61,0.61,"",0,0.0,22,11.3,500430,6.2,0,0.0,0,0.0,-36,-4.5,-1885,-4.5
"06081","3","713940","78","0","2024","A","",2,216,8556911,0,0,763,39661,"",0.67,1.40,0.86,0.00,0.00,0.61,0.61,"",0,0.0,22,11.3,500430,6.2,0,0.0,0,0.0,-36,-4.5,-1885,-4.5
"06081","3","71399","77","0","2024","A","",4,435,25199027,0,0,1114,57951,"",1.25,2.12,1.46,0.00,0.00,0.69,0.69,"",0,0.0,-19,-4.2,1069231,4.4,0,0.0,0,0.0,91,8.9,4753,8.9
"06081","3","713990","78","0","2024","A","",4,435,25199027,0,0,1114,57951,"",1.25,2.12,1.46,0.00,0.00,0.69,0.69,"",0,0.0,-19,-4.2,1069231,4.4,0,0.0,0,0.0,91,8.9,4753,8.9
"06081","3","72","74","0","2024","A","",3,30,1585134,0,0,1025,53282,"",1.63,0.11,0.04,0.00,0.00,0.41,0.41,"",0,0.0,-3,-9.1,-120408,-7.1,0,0.0,0,0.0,29,2.9,1468,2.8
"06081","3","722","75","0","2024","A","",3,30,1585134,0,0,1025,53282,"",2.21,0.99,0.62,0.00,0.00,0.64,0.64,"",0,0.0,-3,-9.1,-120408,-7.1,0,0.0,0,0.0,29,2.9,1468,2.8
"06081","3","7225","76","0","2024","A","",3,30,1585134,0,0,1025,53282,"",3.53,1.70,1.12,0.00,0.00,0.67,0.67,"",0,0.0,-3,-9.1,-120408,-7.1,0,0.0,0,0.0,29,2.9,1468,2.8
"06081","3","72251","77","0","2024","A","",3,30,1585134,0,0,1025,53282,"",3.53,1.70,1.12,0.00,0.00,0.67,0.67,"",0,0.0,-3,-9.1,-120408,-7.1,0,0.0,0,0.0,29,2.9,1468,2.8
"06081","3","722514","78","0","2024","A","",3,30,1585134,0,0,1025,53282,"",4.01,2.12,1.51,0.00,0.00,0.72,0.72,"",0,0.0,-3,-9.1,-120408,-7.1,0,0.0,0,0.0,29,2.9,1468,2.8
"06081","3","92","74","0","2024","A","",59,9166,1238700408,2572909,74197,2599,135138,"",0.36,0.79,0.56,0.12,0.29,0.70,0.70,"",-2,-3.3,393,4.5,95535937,8.4,-146251,-5.4,-7972,-9.7,93,3.7,4831,3.7
"06081","3","921","75","0","2024","A","",27,4170,466900157,988220,30300,2153,111962,"",0.28,0.55,0.35,0.06,0.17,0.65,0.65,"",-1,-3.6,308,8.0,43928270,10.4,-11426,-1.1,-5246,-14.8,47,2.2,2436,2.2
"06081","3","9211","76","0","2024","A","",27,4170,466900157,988220,30300,2153,111962,"",0.28,0.55,0.35,0.06,0.17,0.65,0.65,"",-1,-3.6,308,8.0,43928270,10.4,-11426,-1.1,-5246,-14.8,47,2.2,2436,2.2
"06081","3","92113","77","0","2024","A","",4,324,38657732,0,0,2291,119130,"",0.60,1.63,1.00,0.00,0.00,0.61,0.61,"",-1,-20.0,-20,-5.8,-672039,-1.7,0,0.0,0,0.0,93,4.2,4855,4.2
"06081","3","921130","78","0","2024","A","",4,324,38657732,0,0,2291,119130,"",0.60,1.63,1.00,0.00,0.00,0.61,0.61,"",-1,-20.0,-20,-5.8,-672039,-1.7,0,0.0,0,0.0,93,4.2,4855,4.2
"06081","3","92114","77","0","2024","A","",22,3844,427855298,967220,29985,2141,111317,"",0.40,0.77,0.50,0.10,0.44,0.65,0.65,"",0,0.0,329,9.4,44735290,11.7,-11426,-1.2,-5246,-14.9,45,2.1,2311,2.1
"06081","3","921140","78","0","2024","A","",22,3844,427855298,967220,29985,2141,111317,"",0.40,0.77,0.50,0.10,0.44,0.65,0.65,"",0,0.0,329,9.4,44735290,11.7,-11426,-1.2,-5246,-14.9,45,2.1,2311,2.1
"06081","3","92119","77","0","2024","A","",1,2,387127,21000,315,3573,185821,"",0.08,0.00,0.00,0.01,0.02,1.06,1.06,"",0,0.0,-1,-33.3,-134981,-25.9,0,0.0,0,0.0,226,6.8,11785,6.8
"06081","3","921190","78","0","2024","A","",1,2,387127,21000,315,3573,185821,"",0.08,0.00,0.00,0.01,0.02,1.06,1.06,"",0,0.0,-1,-33.3,-134981,-25.9,0,0.0,0,0.0,226,6.8,11785,6.8
"06081","3","922","75","0","2024","A","",14,2537,469478825,359721,5396,3558,185041,"",0.40,0.98,0.72,0.14,0.17,0.73,0.73,"",0,0.0,-7,-0.3,26351899,5.9,-62644,-14.8,-940,-14.8,209,6.2,10879,6.2
"06081","3","9221","76","0","2024","A","",14,2537,469478825,359721,5396,3558,185041,"",0.40,0.98,0.72,0.14,0.17,0.73,0.73,"",0,0.0,-7,-0.3,26351899,5.9,-62644,-14.8,-940,-14.8,209,6.2,10879,6.2
"06081","3","92212","77","0","2024","A","",2,202,37776068,0,0,3596,187010,"",0.22,0.18,0.14,0.00,0.00,0.77,0.77,"",0,0.0,-6,-2.9,1737147,4.8,0,0.0,0,0.0,260,7.8,13537,7.8
"06081","3","922120","78","0","2024","A","",2,202,37776068,0,0,3596,187010,"",0.22,0.18,0.14,0.00,0.00,0.77,0.77,"",0,0.0,-6,-2.9,1737147,4.8,0,0.0,0,0.0,260,7.8,13537,7.8
"06081","3","92216","77","0","2024","A","",7,384,108454259,359721,5396,5429,282310,"",0.50,0.63,0.69,0.25,0.31,1.08,1.08,"",0,0.0,28,7.9,7665072,7.6,-62644,-14.8,-940,-14.8,-13,-0.2,-673,-0.2
"06081","3","922160","78","0","2024","A","",7,384,108454259,359721,5396,5429,282310,"",0.50,0.63,0.69,0.25,0.31,1.08,1.08,"",0,0.0,28,7.9,7665072,7.6,-62644,-14.8,-940,-14.8,-13,-0.2,-673,-0.2
"06081","3","92219","77","0","2024","A","",5,1951,323248498,0,0,3186,165683,"",2.51,5.81,2.82,0.00,0.00,0.48,0.48,"",0,0.0,-29,-1.5,16949680,5.5,0,0.0,0,0.0,212,7.1,11019,7.1
"06081","3","922190","78","0","2024","A","",5,1951,323248498,0,0,3186,165683,"",2.51,5.81,2.82,0.00,0.00,0.48,0.48,"",0,0.0,-29,-1.5,16949680,5.5,0,0.0,0,0.0,212,7.1,11019,7.1
"06081","3","923","75","0","2024","A","",5,1611,209580013,35000,525,2501,130059,"",0.86,2.65,1.74,0.05,0.06,0.65,0.65,"",0,0.0,23,1.4,13067708,6.6,0,0.0,0,0.0,121,5.1,6324,5.1
"06081","3","9231","76","0","2024","A","",5,1611,209580013,35000,525,2501,130059,"",0.86,2.65,1.74,0.05,0.06,0.65,0.65,"",0,0.0,23,1.4,13067708,6.6,0,0.0,0,0.0,121,5.1,6324,5.1
"06081","3","92312","77","0","2024","A","",3,38,4799304,35000,525,2439,126854,"",0.96,0.17,0.11,0.09,0.10,0.65,0.65,"",0,0.0,3,8.6,533469,12.5,0,0.0,0,0.0,117,5.0,6123,5.1
"06081","3","923120","78","0","2024","A","",3,38,4799304,35000,525,2439,126854,"",0.96,0.17,0.11,0.09,0.10,0.65,0.65,"",0,0.0,3,8.6,533469,12.5,0,0.0,0,0.0,117,5.0,6123,5.1
"06081","3","92313","77","0","2024","A","",2,1574,204780709,0,0,2503,130137,"",1.42,5.10,3.11,0.00,0.00,0.61,0.61,"",0,0.0,21,1.4,12534239,6.5,0,0.0,0,0.0,122,5.1,6333,5.1
"06081","3","923130","78","0","2024","A","",2,1574,204780709,0,0,2503,130137,"",1.42,5.10,3.11,0.00,0.00,0.61,0.61,"",0,0.0,21,1.4,12534239,6.5,0,0.0,0,0.0,122,5.1,6333,5.1
"06081","3","924","75","0","2024","A","",7,239,30622787,479129,16177,2465,128174,"",0.65,0.83,0.58,1.08,2.03,0.70,0.70,"",-1,-12.5,40,20.1,7584942,32.9,-97187,-16.9,-1866,-10.3,237,10.6,12309,10.6
"06081","3","9241","76","0","2024","A","",7,239,30622787,479129,16177,2465,128174,"",0.65,0.83,0.58,1.08,2.03,0.70,0.70,"",-1,-12.5,40,20.1,7584942,32.9,-97187,-16.9,-1866,-10.3,237,10.6,12309,10.6
"06081","3","92411","77","0","2024","A","",5,204,28747350,42698,2647,2709,140861,"",1.15,1.24,0.76,0.25,0.97,0.61,0.61,"",-1,-16.7,37,22.2,7547605,35.6,-44421,-51.0,-2754,-51.0,269,11.0,13980,11.0
"06081","3","924110","78","0","2024","A","",5,204,28747350,42698,2647,2709,140861,"",1.15,1.24,0.76,0.25,0.97,0.61,0.61,"",-1,-16.7,37,22.2,7547605,35.6,-44421,-51.0,-2754,-51.0,269,11.0,13980,11.0
"06081","3","92412","77","0","2024","A","",2,35,1875437,436431,13530,1035,53840,"",0.31,0.29,0.13,1.58,2.57,0.45,0.45,"",0,0.0,3,9.4,37337,2.0,-52766,-10.8,888,7.0,-78,-7.0,-4053,-7.0
"06081","3","924120","78","0","2024","A","",2,35,1875437,436431,13530,1035,53840,"",0.31,0.29,0.13,1.58,2.57,0.45,0.45,"",0,0.0,3,9.4,37337,2.0,-52766,-10.8,888,7.0,-78,-7.0,-4053,-7.0
"06081","3","925","75","0","2024","A","",2,58,6040382,473860,7107,2000,103995,"",0.21,0.26,0.15,0.40,0.42,0.57,0.57,"",0,0.0,3,5.5,89760,1.5,31271,7.1,468,7.0,-84,-4.0,-4362,-4.0
"06081","3","9251","76","0","2024","A","",2,58,6040382,473860,7107,2000,103995,"",0.21,0.26,0.15,0.40,0.42,0.57,0.57,"",0,0.0,3,5.5,89760,1.5,31271,7.1,468,7.0,-84,-4.0,-4362,-4.0
"06081","3","92511","77","0","2024","A","",1,54,5346433,426320,6395,1922,99933,"",0.16,0.39,0.20,0.47,0.53,0.52,0.52,"",0,0.0,3,5.9,-3404,-0.1,14751,3.6,221,3.6,-112,-5.5,-5830,-5.5
"06081","3","925110","78","0","2024","A","",1,54,5346433,426320,6395,1922,99933,"",0.16,0.39,0.20,0.47,0.53,0.52,0.52,"",0,0.0,3,5.9,-3404,-0.1,14751,3.6,221,3.6,-112,-5.5,-5830,-5.5
"06081","3","92512","77","0","2024","A","",1,5,693949,47540,712,2912,151407,"",0.29,0.06,0.05,0.17,0.14,0.89,0.89,"",0,0.0,1,25.0,93164,15.5,16520,53.3,247,53.1,246,9.2,12764,9.2
"06081","3","925120","78","0","2024","A","",1,5,693949,47540,712,2912,151407,"",0.29,0.06,0.05,0.17,0.14,0.89,0.89,"",0,0.0,1,25.0,93164,15.5,16520,53.3,247,53.1,246,9.2,12764,9.2
"06081","3","926","75","0","2024","A","",4,550,56078244,236979,14692,1959,101883,"",0.54,2.86,1.32,0.58,1.71,0.46,0.46,"",0,0.0,25,4.8,4513358,8.8,-6265,-2.6,-388,-2.6,69,3.7,3617,3.7
"06081","3","9261","76","0","2024","A","",4,550,56078244,236979,14692,1959,101883,"",0.54,2.86,1.32,0.58,1.71,0.46,0.46,"",0,0.0,25,4.8,4513358,8.8,-6265,-2.6,-388,-2.6,69,3.7,3617,3.7
"06081","3","92611","77","0","2024","A","",1,459,46741104,0,0,1957,101777,"",0.62,12.68,6.08,0.00,0.00,0.48,0.48,"",0,0.0,25,5.8,3495033,8.1,0,0.0,0,0.0,39,2.0,2036,2.0
"06081","3","926110","78","0","2024","A","",1,459,46741104,0,0,1957,101777,"",0.62,12.68,6.08,0.00,0.00,0.48,0.48,"",0,0.0,25,5.8,3495033,8.1,0,0.0,0,0.0,39,2.0,2036,2.0
"06081","3","92612","77","0","2024","A","",1,43,4839888,0,0,2181,113435,"",0.94,0.58,0.26,0.00,0.00,0.44,0.44,"",0,0.0,1,2.4,728867,17.7,0,0.0,0,0.0,280,14.7,14573,14.7
"06081","3","926120","78","0","2024","A","",1,43,4839888,0,0,2181,113435,"",0.94,0.58,0.26,0.00,0.00,0.44,0.44,"",0,0.0,1,2.4,728867,17.7,0,0.0,0,0.0,280,14.7,14573,14.7
"06081","3","92613","77","0","2024","A","",2,48,4497252,236979,14692,1783,92727,"",1.72,1.39,0.60,4.25,8.67,0.43,0.43,"",0,0.0,-2,-4.0,289458,6.9,-6265,-2.6,-388,-2.6,151,9.3,7864,9.3
"06081","3","926130","78","0","2024","A","",2,48,4497252,236979,14692,1783,92727,"",1.72,1.39,0.60,4.25,8.67,0.43,0.43,"",0,0.0,-2,-4.0,289458,6.9,-6265,-2.6,-388,-2.6,151,9.3,7864,9.3
"06081","5","10","71","0","2024","A","",30800,385777,78551653188,3510061116,106089576,3916,203619,"",1.01,1.08,1.12,1.02,1.00,1.03,1.03,"",980,3.3,-5193,-1.3,8250754773,11.7,2229713,0.1,8421915,8.6,458,13.2,23807,13.2
"06081","5","101","72","0","2024","A","",2784,38335,5665267870,363959991,11847022,2842,147782,"",0.73,0.63,0.43,0.52,0.45,0.69,0.69,"",-40,-1.4,-3503,-8.4,-740025747,-11.6,-33130516,-8.3,-603953,-4.9,-102,-3.5,-5316,-3.5
"06081","5","1011","73","0","2024","A","",130,1388,96117676,13470626,410008,1331,69228,"",0.35,0.28,0.10,0.22,0.17,0.36,0.36,"",-1,-0.8,-120,-8.0,-15642379,-14.0,-1197984,-8.2,34270,9.1,-94,-6.6,-4863,-6.6
"06081","5","1012","73","0","2024","A","",2008,16352,1723905413,162395229,6150713,2027,105426,"",0.83,0.75,0.37,0.60,0.46,0.50,0.50,"",-15,-0.7,-1057,-6.1,-126840262,-6.9,-9673355,-5.6,-335366,-5.2,-17,-0.8,-885,-0.8
"06081","5","1013","73","0","2024","A","",646,20595,3845244781,188094136,5286301,3591,186707,"",0.63,0.60,0.51,0.51,0.50,0.84,0.84,"",-24,-3.6,-2326,-10.1,-597543106,-13.4,-22259177,-10.6,-302857,-5.4,-137,-3.7,-7126,-3.7
"06081","5","102","72","0","2024","A","",28016,347442,72886385318,3146101125,94242554,4034,209780,"",1.05,1.18,1.28,1.15,1.19,1.08,1.09,"",1021,3.8,-1690,-0.5,8990780520,14.1,35360229,1.1,9025868,10.6,515,14.6,26767,14.6
"06081","5","1021","73","0","2024","A","",3267,67735,6275194140,592296445,15446628,1782,92643,"",0.62,0.88,0.50,0.78,0.78,0.57,0.57,"",-67,-2.0,2040,3.1,328726365,5.5,18948301,3.3,1425277,10.2,41,2.4,2127,2.3
"06081","5","1022","73","0","2024","A","",688,43524,29122099337,411367006,14540458,12867,669097,"",0.90,5.58,8.23,4.29,4.42,1.48,1.48,"",-15,-2.1,-9665,-18.2,4524056230,18.4,-49202121,-10.7,2196556,17.8,3973,44.7,206629,44.7
"06081","5","1023","73","0","2024","A","",2726,22626,6923058206,209499016,6516129,5884,305977,"",0.98,0.97,0.91,0.83,0.93,0.94,0.94,"",-62,-2.2,-82,-0.4,1053903595,18.0,6482990,3.2,769439,13.4,914,18.4,47519,18.4
"06081","5","1024","73","0","2024","A","",5417,97544,22360432661,1018966311,34689720,4408,229235,"",0.83,1.61,1.37,1.47,1.54,0.85,0.85,"",25,0.5,1176,1.2,2465123289,12.4,34166159,3.5,3523805,11.3,438,11.0,22783,11.0
"06081","5","1025","73","0","2024","A","",9919,59063,5348739273,406304259,11100571,1742,90560,"",1.75,0.86,0.47,0.94,0.94,0.54,0.54,"",839,9.2,3454,6.2,486753909,10.0,23401959,6.1,1147673,11.5,61,3.6,3129,3.6
"06081","5","1026","73","0","2024","A","",2416,42850,1887412246,392299145,8779307,847,44047,"",0.95,0.96,0.49,1.01,0.80,0.51,0.51,"",9,0.4,639,1.5,90139103,5.0,-3004706,-0.8,-279827,-3.1,28,3.4,1468,3.4
"06081","5","1027","73","0","2024","A","",3542,14094,968813155,115232036,3165089,1322,68741,"",1.55,1.12,0.56,1.03,0.99,0.50,0.50,"",299,9.2,796,6.0,47618915,5.2,5749958,5.3,283166,9.8,-10,-0.8,-534,-0.8
"06081","5","1029","73","0","2024","A","",41,6,636300,136907,4652,2159,112288,"",0.06,0.01,0.01,0.02,0.01,0.55,0.55,"",-9,-18.0,-48,-88.9,-5540886,-89.7,-1182311,-89.6,-40221,-89.6,-41,-1.9,-2104,-1.8
"06081","5","11","74","0","2024","A","",125,1324,83271091,12837476,384003,1209,62882,"",0.42,0.39,0.20,0.32,0.22,0.52,0.52,"",-1,-0.8,-116,-8.1,-13647701,-14.1,-1231769,-8.8,28127,7.9,-85,-6.6,-4423,-6.6
"06081","5","111","75","0","2024","A","",64,958,61594498,9408292,293130,1237,64300,"",0.48,0.66,0.36,0.56,0.41,0.55,0.55,"",-2,-3.0,-125,-11.5,-14658475,-19.2,-1190733,-11.2,28757,10.9,-117,-8.6,-6093,-8.7
"06081","5","1112","76","0","2024","A","N",12,0,0,0,0,0,0,"N",0.85,0,0,0,0,0,0,"N",0,0.0,0,0,0,0,0,0,0,0,0,0,0,0
"06081","5","11121","77","0","2024","A","N",12,0,0,0,0,0,0,"N",0.85,0,0,0,0,0,0,"N",0,0.0,0,0,0,0,0,0,0,0,0,0,0,0
"06081","5","111219","78","0","2024","A","N",12,0,0,0,0,0,0,"N",1.06,0,0,0,0,0,0,"N",0,0.0,0,0,0,0,0,0,0,0,0,0,0,0
"06081","5","1113","76","0","2024","A","N",5,0,0,0,0,0,0,"N",0.19,0,0,0,0,0,0,"N",-1,-16.7,0,0,0,0,0,0,0,0,0,0,0,0
"06081","5","11133","77","0","2024","A","N",5,0,0,0,0,0,0,"N",0.21,0,0,0,0,0,0,"N",-1,-16.7,0,0,0,0,0,0,0,0,0,0,0,0
"06081","5","111332","78","0","2024","A","N",1,0,0,0,0,0,0,"N",0.22,0,0,0,0,0,0,"N",-1,-50.0,0,0,0,0,0,0,0,0,0,0,0,0
"06081","5","111333","78","0","2024","A","N",1,0,0,0,0,0,0,"N",0.76,0,0,0,0,0,0,"N",0,0.0,0,0,0,0,0,0,0,0,0,0,0,0
"06081","5","111335","78","0","2024","A","N",2,0,0,0,0,0,0,"N",0.36,0,0,0,0,0,0,"N",0,0.0,0,0,0,0,0,0,0,0,0,0,0,0
"06081","5","111339","78","0","2024","A","N",1,0,0,0,0,0,0,"N",0.19,0,0,0,0,0,0,"N",0,0.0,0,0,0,0,0,0,0,0,0,0,0,0
"06081","5","1114","76","0","2024","A","",39,547,44712974,5628141,205516,1571,81692,"",1.49,1.17,0.81,1.10,1.05,0.69,0.69,"",0,0.0,-130,-19.2,-14705092,-24.7,-1159406,-17.1,29220,16.6,-116,-6.9,-6053,-6.9
"06081","5","11141","77","0","2024","A","",10,251,27673250,2693684,119067,2122,110362,"",1.37,1.94,1.72,1.70,1.73,0.88,0.88,"",-2,-16.7,-148,-37.1,-18314289,-39.8,-1691305,-38.6,-16404,-12.1,-93,-4.2,-4823,-4.2
"06081","5","111411","78","0","2024","A","N",6,0,0,0,0,0,0,"N",7.20,0,0,0,0,0,0,"N",-1,-14.3,0,0,0,0,0,0,0,0,0,0,0,0
"06081","5","111419","78","0","2024","A","N",4,0,0,0,0,0,0,"N",0.62,0,0,0,0,0,0,"N",-1,-20.0,0,0,0,0,0,0,0,0,0,0,0,0
"06081","5","11142","77","0","2024","A","",28,297,17039724,2934457,86449,1105,57453,"",1.48,0.88,0.43,0.83,0.68,0.49,0.49,"",1,3.7,19,6.8,3609197,26.9,531899,22.1,45624,111.8,176,18.9,9127,18.9
"06081","5","111421","78","0","2024","A","",12,158,9887244,1410014,26536,1200,62380,"",0.90,0.70,0.37,0.58,0.29,0.52,0.52,"",0,0.0,-28,-15.1,-301869,-3.0,-226071,-13.8,-903,-3.3,147,14.0,7600,13.9
"06081","5","111422","78","0","2024","A","",16,138,7152480,1524443,59913,996,51798,"",2.87,1.24,0.58,1.36,1.64,0.47,0.47,"",1,6.7,46,50.0,3911066,120.7,757970,98.9,46527,347.6,318,46.9,16533,46.9
"06081","5","1119","76","0","2024","A","N",8,0,0,0,0,0,0,"N",0.27,0,0,0,0,0,0,"N",-1,-11.1,0,0,0,0,0,0,0,0,0,0,0,0
"06081","5","11194","77","0","2024","A","N",2,0,0,0,0,0,0,"N",0.42,0,0,0,0,0,0,"N",0,0.0,0,0,0,0,0,0,0,0,0,0,0,0
"06081","5","111940","78","0","2024","A","N",2,0,0,0,0,0,0,"N",0.42,0,0,0,0,0,0,"N",0,0.0,0,0,0,0,0,0,0,0,0,0,0,0
"06081","5","11199","77","0","2024","A","N",6,0,0,0,0,0,0,"N",0.35,0,0,0,0,0,0,"N",-1,-14.3,0,0,0,0,0,0,0,0,0,0,0,0
"06081","5","111998","78","0","2024","A","N",6,0,0,0,0,0,0,"N",0.38,0,0,0,0,0,0,"N",-1,-14.3,0,0,0,0,0,0,0,0,0,0,0,0
"06081","5","112","75","0","2024","A","",16,53,3041450,502140,17993,1100,57206,"",0.21,0.07,0.03,0.06,0.13,0.43,0.43,"",1,6.7,-7,-11.7,-503196,-14.2,-6576,-1.3,2892,19.2,-36,-3.2,-1871,-3.2
"06081","5","1121","76","0","2024","A","",5,19,853174,149452,3083,860,44708,"",0.11,0.04,0.02,0.03,0.04,0.35,0.35,"",0,0.0,0,0.0,-93064,-9.8,6611,4.6,151,5.2,-94,-9.9,-4877,-9.8
"06081","5","11211","77","0","2024","A","",5,19,853174,149452,3083,860,44708,"",0.17,0.12,0.04,0.08,0.11,0.35,0.35,"",0,0.0,0,0.0,-93064,-9.8,6611,4.6,151,5.2,-94,-9.9,-4877,-9.8
"06081","5","112111","78","0","2024","A","",5,19,853174,149452,3083,860,44708,"",0.19,0.17,0.06,0.12,0.14,0.37,0.37,"",0,0.0,0,0.0,-93064,-9.8,6611,4.6,151,5.2,-94,-9.9,-4877,-9.8
"06081","5","1123","76","0","2024","A","N",3,0,0,0,0,0,0,"N",0.44,0,0,0,0,0,0,"N",2,200.0,0,0,0,0,0,0,0,0,0,0,0,0
"06081","5","11231","77","0","2024","A","N",2,0,0,0,0,0,0,"N",0.94,0,0,0,0,0,0,"N",1,100.0,0,0,0,0,0,0,0,0,0,0,0,0
"06081","5","112310","78","0","2024","A","N",2,0,0,0,0,0,0,"N",0.94,0,0,0,0,0,0,"N",1,100.0,0,0,0,0,0,0,0,0,0,0,0,0
"06081","5","11232","77","0","2024","A","N",1,0,0,0,0,0,0,"N",0.59,0,0,0,0,0,0,"N",1,100.0,0,0,0,0,0,0,0,0,0,0,0,0
"06081","5","112320","78","0","2024","A","N",1,0,0,0,0,0,0,"N",0.59,0,0,0,0,0,0,"N",1,100.0,0,0,0,0,0,0,0,0,0,0,0,0
"06081","5","1125","76","0","2024","A","N",1,0,0,0,0,0,0,"N",0.37,0,0,0,0,0,0,"N",0,0.0,0,0,0,0,0,0,0,0,0,0,0,0
"06081","5","11251","77","0","2024","A","N",1,0,0,0,0,0,0,"N",0.37,0,0,0,0,0,0,"N",0,0.0,0,0,0,0,0,0,0,0,0,0,0,0
"06081","5","112519","78","0","2024","A","N",1,0,0,0,0,0,0,"N",1.81,0,0,0,0,0,0,"N",0,0.0,0,0,0,0,0,0,0,0,0,0,0,0
"06081","5","1129","76","0","2024","A","",7,15,972381,128505,4411,1275,66299,"",0.62,0.25,0.12,0.22,0.30,0.48,0.48,"",0,0.0,1,7.1,-23879,-2.4,10751,9.1,599,15.7,-62,-4.6,-3208,-4.6
"06081","5","11292","77","0","2024","A","N",5,0,0,0,0,0,0,"N",1.18,0,0,0,0,0,0,"N",0,0.0,0,0,0,0,0,0,0,0,0,0,0,0
"06081","5","112920","78","0","2024","A","N",5,0,0,0,0,0,0,"N",1.18,0,0,0,0,0,0,"N",0,0.0,0,0,0,0,0,0,0,0,0,0,0,0
"06081","5","11299","77","0","2024","A","N",2,0,0,0,0,0,0,"N",0.44,0,0,0,0,0,0,"N",0,0.0,0,0,0,0,0,0,0,0,0,0,0,0
"06081","5","112990","78","0","2024","A","N",2,0,0,0,0,0,0,"N",0.44,0,0,0,0,0,0,"N",0,0.0,0,0,0,0,0,0,0,0,0,0,0,0
"06081","5","113","75","0","2024","A","N",1,0,0,0,0,0,0,"N",0.04,0,0,0,0,0,0,"N",0,0.0,0,0,0,0,0,0,0,0,0,0,0,0
"06081","5","1132","76","0","2024","A","N",1,0,0,0,0,0,0,"N",1.09,0,0,0,0,0,0,"N",0,0.0,0,0,0,0,0,0,0,0,0,0,0,0
"06081","5","11321","77","0","2024","A","N",1,0,0,0,0,0,0,"N",1.09,0,0,0,0,0,0,"N",0,0.0,0,0,0,0,0,0,0,0,0,0,0,0
"06081","5","113210","78","0","2024","A","N",1,0,0,0,0,0,0,"N",1.09,0,0,0,0,0,0,"N",0,0.0,0,0,0,0,0,0,0,0,0,0,0,0
"06081","5","114","75","0","2024","A","N",10,0,0,0,0,0,0,"N",1.37,0,0,0,0,0,0,"N",1,11.1,0,0,0,0,0,0,0,0,0,0,0,0
"06081","5","1141","76","0","2024","A","",9,6,689323,100203,4868,2039,106050,"",1.59,0.41,0.21,0.30,0.18,0.47,0.47,"",1,12.5,-1,-14.3,272204,65.3,-3519,-3.4,-474,-8.9,805,65.2,41878,65.3
"06081","5","11411","77","0","2024","A","",9,6,689323,100203,4868,2039,106050,"",1.59,0.41,0.21,0.30,0.18,0.47,0.47,"",1,12.5,-1,-14.3,272204,65.3,-3519,-3.4,-474,-8.9,805,65.2,41878,65.3
"06081","5","114111","78","0","2024","A","N",8,0,0,0,0,0,0,"N",3.16,0,0,0,0,0,0,"N",1,14.3,0,0,0,0,0,0,0,0,0,0,0,0
"06081","5","114112","78","0","2024","A","N",1,0,0,0,0,0,0,"N",0.38,0,0,0,0,0,0,"N",0,0.0,0,0,0,0,0,0,0,0,0,0,0,0
"06081","5","1142","76","0","2024","A","N",1,0,0,0,0,0,0,"N",0.62,0,0,0,0,0,0,"N",0,0.0,0,0,0,0,0,0,0,0,0,0,0,0
"06081","5","11421","77","0","2024","A","N",1,0,0,0,0,0,0,"N",0.62,0,0,0,0,0,0,"N",0,0.0,0,0,0,0,0,0,0,0,0,0,0,0
"06081","5","114210","78","0","2024","A","N",1,0,0,0,0,0,0,"N",0.62,0,0,0,0,0,0,"N",0,0.0,0,0,0,0,0,0,0,0,0,0,0,0
"06081","5","115","75","0","2024","A","",34,296,17490366,2770841,66731,1134,58989,"",0.59,0.28,0.14,0.22,0.08,0.51,0.51,"",-1,-2.9,13,4.6,1122424,6.9,-8403,-0.3,-2439,-3.5,20,1.8,1066,1.8
"06081","5","1151","76","0","2024","A","N",6,0,0,0,0,0,0,"N",0.18,0,0,0,0,0,0,"N",-1,-14.3,0,0,0,0,0,0,0,0,0,0,0,0
"06081","5","11511","77","0","2024","A","N",6,0,0,0,0,0,0,"N",0.18,0,0,0,0,0,0,"N",-1,-14.3,0,0,0,0,0,0,0,0,0,0,0,0
"06081","5","115112","78","0","2024","A","N",4,0,0,0,0,0,0,"N",0.39,0,0,0,0,0,0,"N",0,0.0,0,0,0,0,0,0,0,0,0,0,0,0
"06081","5","115115","78","0","2024","A","N",1,0,0,0,0,0,0,"N",0.12,0,0,0,0,0,0,"N",0,0.0,0,0,0,0,0,0,0,0,0,0,0,0
"06081","5","115116","78","0","2024","A","N",1,0,0,0,0,0,0,"N",0.21,0,0,0,0,0,0,"N",-1,-50.0,0,0,0,0,0,0,0,0,0,0,0,0
"06081","5","1152","76","0","2024","A","",24,194,11228832,1751572,36494,1115,58005,"",1.46,2.30,1.06,2.11,2.29,0.46,0.46,"",-2,-7.7,23,13.5,1513122,15.6,169543,10.7,743,2.1,23,2.1,1243,2.2
"06081","5","11521","77","0","2024","A","",24,194,11228832,1751572,36494,1115,58005,"",1.46,2.30,1.06,2.11,2.29,0.46,0.46,"",-2,-7.7,23,13.5,1513122,15.6,169543,10.7,743,2.1,23,2.1,1243,2.2
"06081","5","115210","78","0","2024","A","",24,194,11228832,1751572,36494,1115,58005,"",1.46,2.30,1.06,2.11,2.29,0.46,0.46,"",-2,-7.7,23,13.5,1513122,15.6,169543,10.7,743,2.1,23,2.1,1243,2.2
"06081","5","1153","76","0","2024","A","N",4,0,0,0,0,0,0,"N",0.49,0,0,0,0,0,0,"N",1,33.3,0,0,0,0,0,0,0,0,0,0,0,0
"06081","5","11531","77","0","2024","A","N",4,0,0,0,0,0,0,"N",0.49,0,0,0,0,0,0,"N",1,33.3,0,0,0,0,0,0,0,0,0,0,0,0
"06081","5","115310","78","0","2024","A","N",4,0,0,0,0,0,0,"N",0.49,0,0,0,0,0,0,"N",1,33.3,0,0,0,0,0,0,0,0,0,0,0,0
"06081","5","21","74","0","2024","A","",5,64,12846585,633150,26005,3850,200207,"",0.06,0.04,0.02,0.03,0.04,0.59,0.59,"",0,0.0,-4,-5.9,-1994678,-13.4,33785,5.6,6143,30.9,-322,-7.7,-16718,-7.7
"06081","5","212","75","0","2024","A","N",4,0,0,0,0,0,0,"N",0.21,0,0,0,0,0,0,"N",0,0.0,0,0,0,0,0,0,0,0,0,0,0,0
"06081","5","2123","76","0","2024","A","N",4,0,0,0,0,0,0,"N",0.25,0,0,0,0,0,0,"N",0,0.0,0,0,0,0,0,0,0,0,0,0,0,0
"06081","5","21232","77","0","2024","A","",3,40,9819669,358192,8958,4721,245492,"",0.38,0.32,0.35,0.21,0.09,1.10,1.10,"",0,0.0,-3,-7.0,-1944865,-16.5,-4655,-1.3,215,2.5,-571,-10.8,-29702,-10.8
"06081","5","212321","78","0","2024","A","",3,40,9819669,358192,8958,4721,245492,"",0.44,0.47,0.52,0.28,0.11,1.12,1.12,"",0,0.0,-3,-7.0,-1944865,-16.5,-4655,-1.3,215,2.5,-571,-10.8,-29702,-10.8
"06081","5","21239","77","0","2024","A","N",1,0,0,0,0,0,0,"N",0.79,0,0,0,0,0,0,"N",0,0.0,0,0,0,0,0,0,0,0,0,0,0,0
"06081","5","212390","78","0","2024","A","N",1,0,0,0,0,0,0,"N",0.79,0,0,0,0,0,0,"N",0,0.0,0,0,0,0,0,0,0,0,0,0,0,0
"06081","5","213","75","0","2024","A","N",1,0,0,0,0,0,0,"N",0.02,0,0,0,0,0,0,"N",0,0.0,0,0,0,0,0,0,0,0,0,0,0,0
"06081","5","2131","76","0","2024","A","N",1,0,0,0,0,0,0,"N",0.02,0,0,0,0,0,0,"N",0,0.0,0,0,0,0,0,0,0,0,0,0,0,0
"06081","5","21311","77","0","2024","A","N",1,0,0,0,0,0,0,"N",0.02,0,0,0,0,0,0,"N",0,0.0,0,0,0,0,0,0,0,0,0,0,0,0
"06081","5","213115","78","0","2024","A","N",1,0,0,0,0,0,0,"N",1.15,0,0,0,0,0,0,"N",0,0.0,0,0,0,0,0,0,0,0,0,0,0,0
"06081","5","22","74","0","2024","A","",24,975,197327957,7443597,197490,3891,202336,"",0.38,0.62,0.36,0.46,0.59,0.58,0.58,"",2,9.1,79,8.8,24494666,14.2,333661,4.7,38306,24.1,180,4.9,9352,4.8
"06081","5","221","75","0","2024","A","",24,975,197327957,7443597,197490,3891,202336,"",0.38,0.62,0.36,0.46,0.59,0.58,0.58,"",2,9.1,79,8.8,24494666,14.2,333661,4.7,38306,24.1,180,4.9,9352,4.8
"06081","5","2211","76","0","2024","A","N",13,0,0,0,0,0,0,"N",0.35,0,0,0,0,0,0,"N",2,18.2,0,0,0,0,0,0,0,0,0,0,0,0
"06081","5","22111","77","0","2024","A","",12,87,20142105,821996,31143,4448,231297,"",0.66,0.21,0.12,0.18,0.27,0.60,0.60,"N",1,9.1,0,0,0,0,0,0,0,0,0,0,0,0
"06081","5","221111","78","0","2024","A","N",1,0,0,0,0,0,0,"N",0.58,0,0,0,0,0,0,"N",0,0.0,0,0,0,0,0,0,0,0,0,0,0,0
"06081","5","221113","78","0","2024","A","N",1,0,0,0,0,0,0,"N",2.15,0,0,0,0,0,0,"N",0,0.0,0,0,0,0,0,0,0,0,0,0,0,0
"06081","5","221114","78","0","2024","A","",4,3,413663,22248,772,2387,124099,"",0.63,0.07,0.03,0.04,0.03,0.37,0.37,"",1,33.3,0,0.0,90247,27.9,-8752,-28.2,-282,-26.8,55,2.4,2818,2.3
"06081","5","221116","78","0","2024","A","N",1,0,0,0,0,0,0,"N",6.04,0,0,0,0,0,0,"N",0,0.0,0,0,0,0,0,0,0,0,0,0,0,0
"06081","5","221118","78","0","2024","A","",5,79,19519692,735810,28442,4732,246047,"",2.48,6.20,3.80,5.41,5.22,0.61,0.61,"",0,0.0,16,25.4,4389865,29.0,210390,40.0,12048,73.5,83,1.8,4292,1.8
"06081","5","22112","77","0","2024","A","N",1,0,0,0,0,0,0,"N",0.05,0,0,0,0,0,0,"N",1,100.0,0,0,0,0,0,0,0,0,0,0,0,0
"06081","5","221122","78","0","2024","A","N",1,0,0,0,0,0,0,"N",0.06,0,0,0,0,0,0,"N",1,100.0,0,0,0,0,0,0,0,0,0,0,0,0
"06081","5","2212","76","0","2024","A","N",2,0,0,0,0,0,0,"N",0.23,0,0,0,0,0,0,"N",-1,-33.3,0,0,0,0,0,0,0,0,0,0,0,0
"06081","5","22121","77","0","2024","A","N",2,0,0,0,0,0,0,"N",0.23,0,0,0,0,0,0,"N",-1,-33.3,0,0,0,0,0,0,0,0,0,0,0,0
"06081","5","221210","78","0","2024","A","N",2,0,0,0,0,0,0,"N",0.23,0,0,0,0,0,0,"N",-1,-33.3,0,0,0,0,0,0,0,0,0,0,0,0
"06081","5","2213","76","0","2024","A","",10,127,13148036,796508,13770,1984,103189,"",0.57,0.78,0.39,0.48,0.35,0.50,0.50,"",1,11.1,-3,-2.3,148378,1.1,3272,0.4,-106,-0.8,65,3.4,3384,3.4
"06081","5","22131","77","0","2024","A","",10,127,13148036,796508,13770,1984,103189,"",0.66,0.90,0.45,0.57,0.42,0.50,0.50,"",1,11.1,-3,-2.3,148378,1.1,3272,0.4,-106,-0.8,65,3.4,3384,3.4
"06081","5","221310","78","0","2024","A","",10,127,13148036,796508,13770,1984,103189,"",0.66,0.90,0.45,0.57,0.42,0.50,0.50,"",1,11.1,-3,-2.3,148378,1.1,3272,0.4,-106,-0.8,65,3.4,3384,3.4
"06081","5","23","74","0","2024","A","",2008,16352,1723905413,162395229,6150713,2027,105426,"",0.83,0.75,0.37,0.60,0.46,0.50,0.50,"",-15,-0.7,-1057,-6.1,-126840262,-6.9,-9673355,-5.6,-335366,-5.2,-17,-0.8,-885,-0.8
"06081","5","236","75","0","2024","A","",870,6464,725493725,62622357,2387266,2158,112229,"",1.15,1.31,0.64,1.02,0.88,0.49,0.49,"",-1,-0.1,-515,-7.4,-94875473,-11.6,-4823921,-7.2,-264398,-10.0,-102,-4.5,-5314,-4.5
"06081","5","2361","76","0","2024","A","",774,3639,308544052,35880841,1113018,1630,84780,"",1.32,1.45,0.62,1.17,1.03,0.43,0.43,"",0,0.0,74,2.1,4126829,1.4,869834,2.5,80063,7.8,-12,-0.7,-615,-0.7
"06081","5","23611","77","0","2024","A","",774,3639,308544052,35880841,1113018,1630,84780,"",1.32,1.45,0.62,1.17,1.03,0.43,0.43,"",0,0.0,74,2.1,4126829,1.4,869834,2.5,80063,7.8,-12,-0.7,-615,-0.7
"06081","5","236115","78","0","2024","A","",298,1541,132158163,15136878,434551,1649,85761,"",1.28,1.52,0.62,1.17,1.04,0.41,0.41,"",-16,-5.1,38,2.5,3858576,3.0,239175,1.6,10785,2.5,7,0.4,394,0.5
"06081","5","236116","78","0","2024","A","N",12,0,0,0,0,0,0,"N",0.89,0,0,0,0,0,0,"N",1,9.1,0,0,0,0,0,0,0,0,0,0,0,0
"06081","5","236117","78","0","2024","A","N",2,0,0,0,0,0,0,"N",0.14,0,0,0,0,0,0,"N",0,0.0,0,0,0,0,0,0,0,0,0,0,0,0
"06081","5","236118","78","0","2024","A","",462,1839,137770177,18487652,571475,1441,74926,"",1.41,1.50,0.70,1.30,1.05,0.46,0.46,"",15,3.4,82,4.7,7323742,5.6,949039,5.4,50292,9.6,14,1.0,700,0.9
"06081","5","2362","76","0","2024","A","",96,2825,416949673,26741516,1274248,2838,147588,"",0.58,1.16,0.65,0.87,0.78,0.56,0.56,"",-1,-1.0,-590,-17.3,-99002302,-19.2,-5693755,-17.6,-344461,-21.3,-68,-2.3,-3518,-2.3
"06081","5","23621","77","0","2024","A","",3,20,1998198,186527,11481,1954,101603,"",0.17,0.05,0.02,0.03,0.03,0.39,0.39,"",0,0.0,1,5.3,139968,7.5,-9916,-5.0,-699,-5.7,31,1.6,1609,1.6
"06081","5","236210","78","0","2024","A","",3,20,1998198,186527,11481,1954,101603,"",0.17,0.05,0.02,0.03,0.03,0.39,0.39,"",0,0.0,1,5.3,139968,7.5,-9916,-5.0,-699,-5.7,31,1.6,1609,1.6
"06081","5","23622","77","0","2024","A","",93,2805,414951475,26554989,1262767,2844,147911,"",0.63,1.41,0.79,1.07,1.01,0.56,0.56,"",-1,-1.1,-591,-17.4,-99142270,-19.3,-5683839,-17.6,-343762,-21.4,-67,-2.3,-3475,-2.3
"06081","5","236220","78","0","2024","A","",93,2805,414951475,26554989,1262767,2844,147911,"",0.63,1.41,0.79,1.07,1.01,0.56,0.56,"",-1,-1.1,-591,-17.4,-99142270,-19.3,-5683839,-17.6,-343762,-21.4,-67,-2.3,-3475,-2.3
"06081","5","237","75","0","2024","A","",48,848,126244493,8736684,411385,2864,148932,"",0.32,0.28,0.17,0.22,0.16,0.60,0.60,"",-8,-14.3,-126,-12.9,-19154048,-13.2,-1081559,-11.0,-61127,-12.9,-8,-0.3,-412,-0.3
"06081","5","2371","76","0","2024","A","",16,262,33006367,2455181,82886,2419,125778,"",0.20,0.16,0.08,0.12,0.07,0.51,0.51,"",-6,-27.3,-27,-9.3,-1598197,-4.6,-302978,-11.0,-9590,-10.4,118,5.1,6143,5.1
"06081","5","23711","77","0","2024","A","N",11,0,0,0,0,0,0,"N",0.33,0,0,0,0,0,0,"N",-3,-21.4,0,0,0,0,0,0,0,0,0,0,0,0
"06081","5","237110","78","0","2024","A","N",11,0,0,0,0,0,0,"N",0.33,0,0,0,0,0,0,"N",-3,-21.4,0,0,0,0,0,0,0,0,0,0,0,0
"06081","5","23713","77","0","2024","A","N",6,0,0,0,0,0,0,"N",0.18,0,0,0,0,0,0,"N",-1,-14.3,0,0,0,0,0,0,0,0,0,0,0,0
"06081","5","237130","78","0","2024","A","N",6,0,0,0,0,0,0,"N",0.18,0,0,0,0,0,0,"N",-1,-14.3,0,0,0,0,0,0,0,0,0,0,0,0
"06081","5","2372","76","0","2024","A","",14,59,6803103,474987,12071,2221,115470,"",0.93,0.60,0.23,0.43,0.39,0.39,0.39,"",-3,-17.6,-7,-10.6,-1259552,-15.6,-242136,-33.8,-7557,-38.5,-137,-5.8,-7156,-5.8
"06081","5","23721","77","0","2024","A","",14,59,6803103,474987,12071,2221,115470,"",0.93,0.60,0.23,0.43,0.39,0.39,0.39,"",-3,-17.6,-7,-10.6,-1259552,-15.6,-242136,-33.8,-7557,-38.5,-137,-5.8,-7156,-5.8
"06081","5","237210","78","0","2024","A","",14,59,6803103,474987,12071,2221,115470,"",0.93,0.60,0.23,0.43,0.39,0.39,0.39,"",-3,-17.6,-7,-10.6,-1259552,-15.6,-242136,-33.8,-7557,-38.5,-137,-5.8,-7156,-5.8
"06081","5","2373","76","0","2024","A","",11,187,21069926,1919847,109298,2163,112473,"",0.35,0.19,0.09,0.14,0.10,0.47,0.46,"",-1,-8.3,-53,-22.1,-5135688,-19.6,-220670,-10.3,-16289,-13.0,59,2.8,3055,2.8
"06081","5","23731","77","0","2024","A","",11,187,21069926,1919847,109298,2163,112473,"",0.35,0.19,0.09,0.14,0.10,0.47,0.46,"",-1,-8.3,-53,-22.1,-5135688,-19.6,-220670,-10.3,-16289,-13.0,59,2.8,3055,2.8
"06081","5","237310","78","0","2024","A","",11,187,21069926,1919847,109298,2163,112473,"",0.35,0.19,0.09,0.14,0.10,0.47,0.46,"",-1,-8.3,-53,-22.1,-5135688,-19.6,-220670,-10.3,-16289,-13.0,59,2.8,3055,2.8
"06081","5","2379","76","0","2024","A","",6,339,65365097,3886669,207130,3708,192817,"",0.23,0.92,0.70,0.84,0.73,0.76,0.76,"",1,20.0,-40,-10.6,-11160611,-14.6,-315775,-7.5,-27691,-11.8,-174,-4.5,-9053,-4.5
"06081","5","23799","77","0","2024","A","",6,339,65365097,3886669,207130,3708,192817,"",0.23,0.92,0.70,0.84,0.73,0.76,0.76,"",1,20.0,-40,-10.6,-11160611,-14.6,-315775,-7.5,-27691,-11.8,-174,-4.5,-9053,-4.5
"06081","5","237990","78","0","2024","A","",6,339,65365097,3886669,207130,3708,192817,"",0.23,0.92,0.70,0.84,0.73,0.76,0.76,"",1,20.0,-40,-10.6,-11160611,-14.6,-315775,-7.5,-27691,-11.8,-174,-4.5,-9053,-4.5
"06081","5","238","75","0","2024","A","",1090,9040,872167195,91036188,3352062,1855,96481,"",0.72,0.65,0.32,0.53,0.41,0.49,0.49,"",-6,-0.5,-416,-4.4,-12810741,-1.4,-3767875,-4.0,-9841,-0.3,55,3.1,2891,3.1
"06081","5","2381","76","0","2024","A","",167,1119,84382974,10827470,319405,1450,75398,"",0.55,0.42,0.18,0.33,0.20,0.42,0.42,"",-9,-5.1,-30,-2.6,-2725289,-3.1,-732015,-6.3,-8329,-2.5,-8,-0.5,-398,-0.5
"06081","5","23811","77","0","2024","A","",30,250,20554687,2344607,79449,1581,82219,"",0.47,0.36,0.16,0.28,0.19,0.45,0.45,"",0,0.0,-62,-19.9,-3250730,-13.7,-637770,-21.4,-18335,-18.8,113,7.7,5899,7.7
"06081","5","238111","78","0","2024","A","N",27,0,0,0,0,0,0,"N",0.57,0,0,0,0,0,0,"N",0,0.0,0,0,0,0,0,0,0,0,0,0,0,0
"06081","5","238112","78","0","2024","A","N",3,0,0,0,0,0,0,"N",0.18,0,0,0,0,0,0,"N",0,0.0,0,0,0,0,0,0,0,0,0,0,0,0
"06081","5","23812","77","0","2024","A","",5,28,1722355,280225,7652,1204,62631,"",0.34,0.12,0.04,0.09,0.04,0.30,0.30,"N",-3,-37.5,0,0,0,0,0,0,0,0,0,0,0,0
"06081","5","238121","78","0","2024","A","N",2,0,0,0,0,0,0,"N",0.50,0,0,0,0,0,0,"N",1,100.0,0,0,0,0,0,0,0,0,0,0,0,0
"06081","5","238122","78","0","2024","A","N",3,0,0,0,0,0,0,"N",0.28,0,0,0,0,0,0,"N",-4,-57.1,0,0,0,0,0,0,0,0,0,0,0,0
"06081","5","23813","77","0","2024","A","",12,46,3512803,528977,16457,1474,76643,"",0.40,0.20,0.10,0.17,0.15,0.50,0.50,"",-1,-7.7,-6,-11.5,-531734,-13.1,-130150,-19.7,-3565,-17.8,-17,-1.1,-888,-1.1
"06081","5","238131","78","0","2024","A","",12,46,3512803,528977,16457,1474,76643,"",0.46,0.26,0.14,0.22,0.20,0.53,0.53,"",-1,-7.7,-6,-11.5,-531734,-13.1,-130150,-19.7,-3565,-17.8,-17,-1.1,-888,-1.1
"06081","5","23814","77","0","2024","A","",19,71,4912793,710164,15712,1323,68791,"",0.38,0.19,0.08,0.15,0.05,0.42,0.42,"",-1,-5.0,-13,-15.5,-1341134,-21.4,-310773,-30.4,-9145,-36.8,-107,-7.5,-5587,-7.5
"06081","5","238141","78","0","2024","A","N",18,0,0,0,0,0,0,"N",0.47,0,0,0,0,0,0,"N",-1,-5.3,0,0,0,0,0,0,0,0,0,0,0,0
"06081","5","238142","78","0","2024","A","N",1,0,0,0,0,0,0,"N",0.08,0,0,0,0,0,0,"N",0,0.0,0,0,0,0,0,0,0,0,0,0,0,0
"06081","5","23815","77","0","2024","A","",13,89,10745254,810561,27791,2333,121301,"",0.63,0.45,0.28,0.35,0.25,0.64,0.64,"",-3,-18.8,0,0.0,-1437778,-11.8,43130,5.6,3536,14.6,-295,-11.2,-15331,-11.2
"06081","5","238151","78","0","2024","A","N",12,0,0,0,0,0,0,"N",0.99,0,0,0,0,0,0,"N",-1,-7.7,0,0,0,0,0,0,0,0,0,0,0,0
"06081","5","238152","78","0","2024","A","N",2,0,0,0,0,0,0,"N",0.24,0,0,0,0,0,0,"N",-1,-33.3,0,0,0,0,0,0,0,0,0,0,0,0
"06081","5","23816","77","0","2024","A","",70,549,37016641,5372314,149825,1296,67415,"",0.86,0.82,0.30,0.68,0.42,0.36,0.36,"",-2,-2.8,47,9.4,3764073,11.3,378964,7.6,24418,19.5,21,1.6,1131,1.7
"06081","5","238161","78","0","2024","A","",64,503,33029357,4722810,122413,1262,65610,"",0.98,1.38,0.54,1.10,0.78,0.39,0.39,"",-2,-3.0,31,6.6,2002980,6.5,84843,1.8,9806,8.7,-3,-0.2,-182,-0.3
"06081","5","238162","78","0","2024","A","",5,46,3987284,649504,27412,1679,87313,"",0.31,0.15,0.06,0.18,0.14,0.42,0.42,"",-1,-16.7,16,53.3,1761093,79.1,294121,82.8,14612,114.2,256,18.0,13312,18.0
"06081","5","23817","77","0","2024","A","",9,70,4916189,615314,17547,1354,70399,"",0.40,0.61,0.26,0.38,0.29,0.44,0.44,"",-1,-10.0,6,9.4,742861,17.8,37552,6.5,1090,6.6,97,7.7,5020,7.7
"06081","5","238171","78","0","2024","A","",9,70,4916189,615314,17547,1354,70399,"",0.42,0.69,0.31,0.44,0.36,0.45,0.45,"",-1,-10.0,6,9.4,742861,17.8,37552,6.5,1090,6.6,97,7.7,5020,7.7
"06081","5","23819","77","0","2024","A","",9,17,1002252,165308,4972,1139,59246,"",0.42,0.13,0.04,0.10,0.07,0.31,0.31,"N",1,12.5,0,0,0,0,0,0,0,0,0,0,0,0
"06081","5","238191","78","0","2024","A","N",8,0,0,0,0,0,0,"N",0.63,0,0,0,0,0,0,"N",1,14.3,0,0,0,0,0,0,0,0,0,0,0,0
"06081","5","238192","78","0","2024","A","N",1,0,0,0,0,0,0,"N",0.11,0,0,0,0,0,0,"N",0,0.0,0,0,0,0,0,0,0,0,0,0,0,0
"06081","5","2382","76","0","2024","A","",472,4623,526055425,46839357,1907850,2188,113793,"",0.78,0.68,0.36,0.56,0.52,0.54,0.54,"",9,1.9,-285,-5.8,-8233173,-1.5,-1721783,-3.5,-16951,-0.9,94,4.5,4927,4.5
"06081","5","23821","77","0","2024","A","",203,1646,189733482,17133026,707499,2217,115293,"",0.79,0.56,0.30,0.47,0.41,0.53,0.53,"",6,3.0,17,1.0,14344351,8.2,314247,1.9,44666,6.7,147,7.1,7632,7.1
"06081","5","238211","78","0","2024","A","",165,1104,121319342,11565959,433628,2113,109858,"",1.05,1.14,0.71,0.96,1.07,0.62,0.62,"",3,1.9,125,12.8,21686325,21.8,1577619,15.8,108975,33.6,156,8.0,8070,7.9
"06081","5","238212","78","0","2024","A","",38,541,68414140,5567067,273871,2430,126381,"",0.38,0.28,0.15,0.23,0.21,0.54,0.54,"",3,8.6,-109,-16.8,-7341974,-9.7,-1263372,-18.5,-64309,-19.0,190,8.5,9878,8.5
"06081","5","23822","77","0","2024","A","",245,2629,288231748,26749176,1119218,2108,109622,"",0.77,0.76,0.41,0.64,0.64,0.54,0.54,"",4,1.7,-296,-10.1,-24853208,-7.9,-2025563,-7.0,-60657,-5.1,50,2.4,2597,2.4
"06081","5","238221","78","0","2024","A","",197,1343,120177771,12916450,379783,1721,89485,"",0.82,0.74,0.38,0.61,0.56,0.52,0.52,"",3,1.5,-71,-5.0,-4292049,-3.4,-684021,-5.0,-38244,-9.1,28,1.7,1453,1.7
"06081","5","238222","78","0","2024","A","",48,1286,168053977,13832726,739435,2512,130646,"",0.63,0.78,0.43,0.68,0.69,0.55,0.55,"",1,2.1,-225,-14.9,-20561159,-10.9,-1341542,-8.8,-22413,-2.9,112,4.7,5852,4.7
"06081","5","23829","77","0","2024","A","",25,348,48090195,2957155,81133,2658,138223,"",0.77,0.81,0.44,0.55,0.32,0.55,0.55,"",0,0.0,-5,-1.4,2275684,5.0,-10467,-0.4,-960,-1.2,164,6.6,8559,6.6
"06081","5","238291","78","0","2024","A","",11,44,4041334,344997,9470,1766,91848,"",1.33,1.02,0.53,0.68,0.47,0.52,0.52,"",1,10.0,4,10.0,268086,7.1,60271,21.2,2559,37.0,-33,-1.8,-1704,-1.8
"06081","5","238292","78","0","2024","A","",14,304,44048861,2612158,71663,2787,144937,"",0.58,0.79,0.44,0.54,0.31,0.55,0.55,"",-1,-6.7,-9,-2.9,2007598,4.8,-70738,-2.6,-3519,-4.7,204,7.9,10620,7.9
"06081","5","2383","76","0","2024","A","",363,2552,205990183,25907460,900931,1553,80730,"",1.02,1.13,0.54,0.94,0.70,0.47,0.47,"",-8,-2.2,-32,-1.2,4932431,2.5,-838547,-3.1,36679,4.2,57,3.8,2914,3.7
"06081","5","23831","77","0","2024","A","",42,524,45449198,5965299,217648,1669,86790,"",0.73,0.78,0.36,0.69,0.48,0.46,0.46,"",-1,-2.3,16,3.1,2817458,6.6,65283,1.1,36444,20.1,56,3.5,2911,3.5
"06081","5","238311","78","0","2024","A","",34,398,31136610,4486898,145215,1504,78200,"",0.82,1.24,0.62,1.10,1.02,0.50,0.50,"",3,9.7,54,15.7,5230925,20.2,617585,16.0,49420,51.6,54,3.7,2783,3.7
"06081","5","238312","78","0","2024","A","",8,126,14312588,1478401,72433,2193,114045,"",0.51,0.36,0.19,0.32,0.23,0.53,0.53,"",-4,-33.3,-39,-23.6,-2413467,-14.4,-552302,-27.2,-12976,-15.2,241,12.3,12521,12.3
"06081","5","23832","77","0","2024","A","",156,801,53092386,8327822,252176,1274,66262,"",1.44,1.45,0.64,1.26,0.81,0.44,0.44,"",-1,-0.6,-18,-2.2,-563803,-1.1,-281531,-3.3,2351,0.9,14,1.1,734,1.1
"06081","5","238321","78","0","2024","A","",148,748,47444462,7777451,224158,1220,63435,"",1.62,2.15,1.04,1.86,1.48,0.49,0.48,"",0,0.0,-14,-1.8,-739242,-1.5,-225690,-2.8,6628,3.0,3,0.2,160,0.3
"06081","5","238322","78","0","2024","A","",8,53,5647924,550371,28018,2037,105899,"",0.46,0.26,0.15,0.22,0.18,0.57,0.57,"",-1,-11.1,-4,-7.0,175439,3.2,-55841,-9.2,-4277,-13.2,201,10.9,10449,10.9
"06081","5","23833","77","0","2024","A","",62,413,36843639,3938956,141066,1715,89156,"",1.23,1.90,0.99,1.53,1.28,0.52,0.52,"",-2,-3.1,-30,-6.8,116597,0.3,-346963,-8.1,-4899,-3.4,120,7.5,6204,7.5
"06081","5","238331","78","0","2024","A","",55,258,17062078,2522490,62617,1274,66260,"",1.33,1.81,0.79,1.52,1.13,0.44,0.44,"",-2,-3.5,-29,-10.1,-894661,-5.0,-293572,-10.4,-9521,-13.2,70,5.8,3675,5.9
"06081","5","238332","78","0","2024","A","",7,156,19781561,1416466,78449,2442,127008,"",0.79,2.08,1.25,1.56,1.44,0.60,0.60,"",0,0.0,0,0.0,1011258,5.4,-53391,-3.6,4622,6.3,126,5.4,6557,5.4
"06081","5","23834","77","0","2024","A","",41,343,27227840,3389284,120409,1528,79478,"",1.52,2.35,1.18,1.90,1.63,0.50,0.50,"",-3,-6.8,13,3.9,2185420,8.7,-19816,-0.6,-4787,-3.8,68,4.7,3554,4.7
"06081","5","238341","78","0","2024","A","N",38,0,0,0,0,0,0,"N",1.59,0,0,0,0,0,0,"N",-3,-7.3,0,0,0,0,0,0,0,0,0,0,0,0
"06081","5","238342","78","0","2024","A","N",3,0,0,0,0,0,0,"N",0.95,0,0,0,0,0,0,"N",0,0.0,0,0,0,0,0,0,0,0,0,0,0,0
"06081","5","23835","77","0","2024","A","",42,249,21296927,2357932,85193,1646,85587,"",0.50,0.58,0.29,0.46,0.43,0.51,0.51,"",-3,-6.7,-18,-6.7,-345438,-1.6,-166159,-6.6,7427,9.6,89,5.7,4631,5.7
"06081","5","238351","78","0","2024","A","",36,187,15874137,1774028,60310,1635,85040,"",0.48,0.55,0.29,0.44,0.46,0.54,0.53,"",-1,-2.7,-22,-10.5,-735121,-4.4,-202473,-10.2,6648,12.4,106,6.9,5506,6.9
"06081","5","238352","78","0","2024","A","",7,62,5422790,583904,24883,1677,87230,"",0.74,0.70,0.30,0.52,0.37,0.42,0.42,"",-1,-12.5,3,5.1,389683,7.7,36314,6.6,779,3.2,22,1.3,1194,1.4
"06081","5","23839","77","0","2024","A","",19,222,22080193,1928167,84439,1913,99460,"",0.68,0.95,0.53,0.71,0.62,0.56,0.56,"",-1,-5.0,5,2.3,722197,3.4,-89361,-4.4,143,0.2,18,0.9,923,0.9
"06081","5","238391","78","0","2024","A","",12,85,7218393,700299,18819,1625,84508,"",0.75,0.84,0.43,0.61,0.43,0.51,0.51,"",-1,-7.7,-1,-1.2,244766,3.5,-28329,-3.9,1944,11.5,58,3.7,3025,3.7
"06081","5","238392","78","0","2024","A","",7,137,14861800,1227868,65620,2093,108811,"",0.60,1.03,0.59,0.78,0.70,0.58,0.58,"",0,0.0,6,4.6,477431,3.3,-61032,-4.7,-1801,-2.7,-16,-0.8,-854,-0.8
"06081","5","2389","76","0","2024","A","",88,746,55738613,7461901,223876,1437,74708,"",0.35,0.35,0.14,0.28,0.15,0.40,0.39,"",2,2.3,-69,-8.5,-6784710,-10.9,-475530,-6.0,-21240,-8.7,-38,-2.6,-1992,-2.6
"06081","5","23891","77","0","2024","A","",39,392,29585310,4180364,143302,1451,75441,"",0.36,0.36,0.14,0.30,0.19,0.39,0.39,"",2,5.4,-32,-7.5,-5912981,-16.7,-67599,-1.6,-4702,-3.2,-158,-9.8,-8216,-9.8
"06081","5","238911","78","0","2024","A","",22,239,16903203,2534336,78935,1361,70749,"",0.35,0.60,0.25,0.47,0.33,0.42,0.42,"",1,4.8,-8,-3.2,-3563067,-17.4,55997,2.3,4770,6.4,-235,-14.7,-12222,-14.7
"06081","5","238912","78","0","2024","A","",17,153,12682107,1646028,64367,1591,82754,"",0.38,0.22,0.09,0.19,0.13,0.40,0.40,"",1,6.2,-25,-14.0,-2349914,-15.6,-123596,-7.0,-9472,-12.8,-36,-2.2,-1854,-2.2
"06081","5","23899","77","0","2024","A","",49,354,26153303,3281537,80574,1421,73897,"",0.33,0.34,0.14,0.26,0.10,0.40,0.40,"",0,0.0,-37,-9.5,-871729,-3.2,-407931,-11.1,-16538,-17.0,91,6.8,4750,6.9
"06081","5","238991","78","0","2024","A","",37,281,20553631,2673683,58177,1409,73253,"",0.38,0.55,0.25,0.44,0.17,0.46,0.46,"",-1,-2.6,-37,-11.6,-976942,-4.5,-300438,-10.1,-9466,-14.0,109,8.4,5635,8.3
"06081","5","238992","78","0","2024","A","",12,73,5599672,607854,22397,1468,76359,"",0.25,0.14,0.05,0.09,0.05,0.36,0.36,"",1,9.1,1,1.4,105213,1.9,-107493,-15.0,-7072,-24.0,9,0.6,486,0.6
"06081","5","31-33","74","0","2024","A","",646,20595,3845244781,188094136,5286301,3591,186707,"",0.63,0.60,0.51,0.51,0.50,0.84,0.84,"",-24,-3.6,-2326,-10.1,-597543106,-13.4,-22259177,-10.6,-302857,-5.4,-137,-3.7,-7126,-3.7
"06081","5","311","75","0","2024","A","",100,2786,187049328,28060090,936539,1291,67137,"",0.92,0.59,0.25,0.51,0.65,0.42,0.42,"",-6,-5.7,52,1.9,14879372,8.6,1797572,6.8,115471,14.1,80,6.6,4161,6.6
"06081","5","3113","76","0","2024","A","",7,673,69749981,8475038,437808,1993,103640,"",1.14,3.04,1.83,3.61,4.54,0.60,0.60,"",-2,-22.2,-26,-3.7,6703092,10.6,1149492,15.7,71522,19.5,257,14.8,13390,14.8
"06081","5","31134","77","0","2024","A","N",3,0,0,0,0,0,0,"N",1.61,0,0,0,0,0,0,"N",-1,-25.0,0,0,0,0,0,0,0,0,0,0,0,0
"06081","5","311340","78","0","2024","A","N",3,0,0,0,0,0,0,"N",1.61,0,0,0,0,0,0,"N",-1,-25.0,0,0,0,0,0,0,0,0,0,0,0,0
"06081","5","31135","77","0","2024","A","N",4,0,0,0,0,0,0,"N",1.00,0,0,0,0,0,0,"N",-1,-20.0,0,0,0,0,0,0,0,0,0,0,0,0
"06081","5","311351","78","0","2024","A","N",2,0,0,0,0,0,0,"N",2.21,0,0,0,0,0,0,"N",0,0.0,0,0,0,0,0,0,0,0,0,0,0,0
"06081","5","311352","78","0","2024","A","N",2,0,0,0,0,0,0,"N",0.65,0,0,0,0,0,0,"N",-1,-33.3,0,0,0,0,0,0,0,0,0,0,0,0
"06081","5","3114","76","0","2024","A","",8,89,5706661,886125,21971,1230,63940,"",1.08,0.19,0.07,0.14,0.09,0.38,0.38,"",1,14.3,55,161.8,3425980,150.2,463805,109.8,8832,67.2,-54,-4.2,-2812,-4.2
"06081","5","31141","77","0","2024","A","N",4,0,0,0,0,0,0,"N",1.28,0,0,0,0,0,0,"N",0,0.0,0,0,0,0,0,0,0,0,0,0,0,0
"06081","5","311411","78","0","2024","A","N",1,0,0,0,0,0,0,"N",1.14,0,0,0,0,0,0,"N",0,0.0,0,0,0,0,0,0,0,0,0,0,0,0
"06081","5","311412","78","0","2024","A","N",3,0,0,0,0,0,0,"N",1.34,0,0,0,0,0,0,"N",0,0.0,0,0,0,0,0,0,0,0,0,0,0,0
"06081","5","31142","77","0","2024","A","N",4,0,0,0,0,0,0,"N",0.93,0,0,0,0,0,0,"N",0,0.0,0,0,0,0,0,0,0,0,0,0,0,0
"06081","5","311421","78","0","2024","A","N",2,0,0,0,0,0,0,"N",0.68,0,0,0,0,0,0,"N",0,0.0,0,0,0,0,0,0,0,0,0,0,0,0
"06081","5","311422","78","0","2024","A","N",1,0,0,0,0,0,0,"N",2.42,0,0,0,0,0,0,"N",0,0.0,0,0,0,0,0,0,0,0,0,0,0,0
"06081","5","3115","76","0","2024","A","N",5,0,0,0,0,0,0,"N",0.69,0,0,0,0,0,0,"N",-1,-16.7,0,0,0,0,0,0,0,0,0,0,0,0
"06081","5","31151","77","0","2024","A","N",2,0,0,0,0,0,0,"N",0.42,0,0,0,0,0,0,"N",0,0.0,0,0,0,0,0,0,0,0,0,0,0,0
"06081","5","311513","78","0","2024","A","N",2,0,0,0,0,0,0,"N",1.06,0,0,0,0,0,0,"N",0,0.0,0,0,0,0,0,0,0,0,0,0,0,0
"06081","5","31152","77","0","2024","A","",3,49,4091520,359745,5983,1606,83500,"",1.19,0.72,0.41,0.47,0.25,0.57,0.57,"N",-1,-25.0,0,0,0,0,0,0,0,0,0,0,0,0
"06081","5","311520","78","0","2024","A","",3,49,4091520,359745,5983,1606,83500,"",1.19,0.72,0.41,0.47,0.25,0.57,0.57,"N",-1,-25.0,0,0,0,0,0,0,0,0,0,0,0,0
"06081","5","3116","76","0","2024","A","N",2,0,0,0,0,0,0,"N",0.16,0,0,0,0,0,0,"N",-3,-60.0,0,0,0,0,0,0,0,0,0,0,0,0
"06081","5","31161","77","0","2024","A","N",2,0,0,0,0,0,0,"N",0.16,0,0,0,0,0,0,"N",-3,-60.0,0,0,0,0,0,0,0,0,0,0,0,0
"06081","5","311611","78","0","2024","A","N",1,0,0,0,0,0,0,"N",0.23,0,0,0,0,0,0,"N",0,0.0,0,0,0,0,0,0,0,0,0,0,0,0
"06081","5","311612","78","0","2024","A","N",1,0,0,0,0,0,0,"N",0.20,0,0,0,0,0,0,"N",-2,-66.7,0,0,0,0,0,0,0,0,0,0,0,0
"06081","5","3118","76","0","2024","A","",62,1630,80347175,15238966,380379,948,49288,"",1.52,1.75,0.66,1.59,1.41,0.38,0.38,"",0,0.0,99,6.5,7831231,10.8,881899,6.1,49534,15.0,37,4.1,1913,4.0
"06081","5","31181","77","0","2024","A","",58,1608,79869204,15058746,375738,955,49654,"",1.60,2.24,0.92,2.07,1.82,0.41,0.41,"",0,0.0,97,6.4,7914874,11.0,882107,6.2,49203,15.1,39,4.3,2034,4.3
"06081","5","311811","78","0","2024","A","",33,528,18401624,4771277,104576,670,34846,"",1.35,1.88,0.84,1.87,1.42,0.45,0.45,"",0,0.0,8,1.5,897457,5.1,-71102,-1.5,6784,6.9,23,3.6,1190,3.5
"06081","5","311812","78","0","2024","A","",20,1044,60180626,9965157,264529,1109,57672,"",1.82,2.61,1.01,2.30,2.15,0.39,0.39,"",-1,-4.8,86,9.0,6913828,13.0,901114,9.9,42334,19.1,40,3.7,2070,3.7
"06081","5","311813","78","0","2024","A","",4,37,1286954,322312,6633,670,34861,"",5.00,1.02,0.23,0.86,0.67,0.23,0.23,"",0,0.0,4,12.1,103589,8.8,52095,19.3,85,1.3,-21,-3.0,-1089,-3.0
"06081","5","31182","77","0","2024","A","N",3,0,0,0,0,0,0,"N",0.92,0,0,0,0,0,0,"N",0,0.0,0,0,0,0,0,0,0,0,0,0,0,0
"06081","5","311821","78","0","2024","A","N",3,0,0,0,0,0,0,"N",1.52,0,0,0,0,0,0,"N",0,0.0,0,0,0,0,0,0,0,0,0,0,0,0
"06081","5","31183","77","0","2024","A","N",1,0,0,0,0,0,0,"N",0.75,0,0,0,0,0,0,"N",0,0.0,0,0,0,0,0,0,0,0,0,0,0,0
"06081","5","311830","78","0","2024","A","N",1,0,0,0,0,0,0,"N",0.75,0,0,0,0,0,0,"N",0,0.0,0,0,0,0,0,0,0,0,0,0,0,0
"06081","5","3119","76","0","2024","A","",17,299,25232493,2714772,84393,1622,84343,"",0.77,0.42,0.20,0.34,0.34,0.48,0.48,"",-1,-5.6,-62,-17.2,-2127355,-7.8,-556489,-17.0,-9012,-9.6,164,11.2,8536,11.3
"06081","5","31191","77","0","2024","A","N",2,0,0,0,0,0,0,"N",0.67,0,0,0,0,0,0,"N",0,0.0,0,0,0,0,0,0,0,0,0,0,0,0
"06081","5","311911","78","0","2024","A","N",1,0,0,0,0,0,0,"N",1.14,0,0,0,0,0,0,"N",0,0.0,0,0,0,0,0,0,0,0,0,0,0,0
"06081","5","311919","78","0","2024","A","N",1,0,0,0,0,0,0,"N",0.48,0,0,0,0,0,0,"N",0,0.0,0,0,0,0,0,0,0,0,0,0,0,0
"06081","5","31192","77","0","2024","A","N",2,0,0,0,0,0,0,"N",0.45,0,0,0,0,0,0,"N",1,100.0,0,0,0,0,0,0,0,0,0,0,0,0
"06081","5","311920","78","0","2024","A","N",2,0,0,0,0,0,0,"N",0.45,0,0,0,0,0,0,"N",1,100.0,0,0,0,0,0,0,0,0,0,0,0,0
"06081","5","31193","77","0","2024","A","N",1,0,0,0,0,0,0,"N",1.09,0,0,0,0,0,0,"N",0,0.0,0,0,0,0,0,0,0,0,0,0,0,0
"06081","5","311930","78","0","2024","A","N",1,0,0,0,0,0,0,"N",1.09,0,0,0,0,0,0,"N",0,0.0,0,0,0,0,0,0,0,0,0,0,0,0
"06081","5","31194","77","0","2024","A","N",2,0,0,0,0,0,0,"N",0.63,0,0,0,0,0,0,"N",0,0.0,0,0,0,0,0,0,0,0,0,0,0,0
"06081","5","311941","78","0","2024","A","N",1,0,0,0,0,0,0,"N",0.77,0,0,0,0,0,0,"N",0,0.0,0,0,0,0,0,0,0,0,0,0,0,0
"06081","5","311942","78","0","2024","A","N",1,0,0,0,0,0,0,"N",0.53,0,0,0,0,0,0,"N",0,0.0,0,0,0,0,0,0,0,0,0,0,0,0
"06081","5","31199","77","0","2024","A","",10,237,21949490,2126109,53443,1784,92777,"",0.96,0.78,0.46,0.60,0.51,0.59,0.59,"",-3,-23.1,-67,-22.0,-2448277,-10.0,-606508,-22.2,-10639,-16.6,239,15.5,12433,15.5
"06081","5","311991","78","0","2024","A","N",7,0,0,0,0,0,0,"N",1.44,0,0,0,0,0,0,"N",-2,-22.2,0,0,0,0,0,0,0,0,0,0,0,0
"06081","5","311999","78","0","2024","A","N",3,0,0,0,0,0,0,"N",0.54,0,0,0,0,0,0,"N",-1,-25.0,0,0,0,0,0,0,0,0,0,0,0,0
"06081","5","312","75","0","2024","A","",31,245,10510866,2109747,55184,824,42843,"",0.71,0.27,0.07,0.24,0.19,0.27,0.27,"",-3,-8.8,-24,-8.9,-1263186,-10.7,-436006,-17.1,-12958,-19.0,-18,-2.1,-954,-2.2
"06081","5","3121","76","0","2024","A","",31,245,10510866,2109747,55184,824,42843,"",0.73,0.28,0.08,0.25,0.19,0.27,0.27,"",-3,-8.8,-24,-8.9,-1263186,-10.7,-436006,-17.1,-12958,-19.0,-18,-2.1,-954,-2.2
"06081","5","31211","77","0","2024","A","N",1,0,0,0,0,0,0,"N",0.14,0,0,0,0,0,0,"N",0,0.0,0,0,0,0,0,0,0,0,0,0,0,0
"06081","5","312111","78","0","2024","A","N",1,0,0,0,0,0,0,"N",0.28,0,0,0,0,0,0,"N",0,0.0,0,0,0,0,0,0,0,0,0,0,0,0
"06081","5","31212","77","0","2024","A","",6,66,2346765,630105,19907,682,35467,"",0.38,0.23,0.06,0.22,0.23,0.28,0.28,"",0,0.0,-15,-18.5,-394982,-14.4,-192423,-23.4,-2297,-10.3,31,4.8,1618,4.8
"06081","5","312120","78","0","2024","A","",6,66,2346765,630105,19907,682,35467,"",0.38,0.23,0.06,0.22,0.23,0.28,0.28,"",0,0.0,-15,-18.5,-394982,-14.4,-192423,-23.4,-2297,-10.3,31,4.8,1618,4.8
"06081","5","31213","77","0","2024","A","",21,165,7611774,1349598,29561,888,46202,"",1.40,0.80,0.26,0.76,0.37,0.32,0.32,"",-1,-4.5,-5,-2.9,-420622,-5.2,-123158,-8.4,-4118,-12.2,-20,-2.2,-1024,-2.2
"06081","5","312130","78","0","2024","A","",21,165,7611774,1349598,29561,888,46202,"",1.40,0.80,0.26,0.76,0.37,0.32,0.32,"",-1,-4.5,-5,-2.9,-420622,-5.2,-123158,-8.4,-4118,-12.2,-20,-2.2,-1024,-2.2
"06081","5","31214","77","0","2024","A","N",3,0,0,0,0,0,0,"N",0.62,0,0,0,0,0,0,"N",-1,-25.0,0,0,0,0,0,0,0,0,0,0,0,0
"06081","5","312140","78","0","2024","A","N",3,0,0,0,0,0,0,"N",0.62,0,0,0,0,0,0,"N",-1,-25.0,0,0,0,0,0,0,0,0,0,0,0,0
"06081","5","313","75","0","2024","A","N",2,0,0,0,0,0,0,"N",0.29,0,0,0,0,0,0,"N",1,100.0,0,0,0,0,0,0,0,0,0,0,0,0
"06081","5","3133","76","0","2024","A","N",2,0,0,0,0,0,0,"N",0.62,0,0,0,0,0,0,"N",1,100.0,0,0,0,0,0,0,0,0,0,0,0,0
"06081","5","31331","77","0","2024","A","N",1,0,0,0,0,0,0,"N",0.37,0,0,0,0,0,0,"N",1,100.0,0,0,0,0,0,0,0,0,0,0,0,0
"06081","5","313310","78","0","2024","A","N",1,0,0,0,0,0,0,"N",0.37,0,0,0,0,0,0,"N",1,100.0,0,0,0,0,0,0,0,0,0,0,0,0
"06081","5","31332","77","0","2024","A","N",1,0,0,0,0,0,0,"N",1.91,0,0,0,0,0,0,"N",0,0.0,0,0,0,0,0,0,0,0,0,0,0,0
"06081","5","313320","78","0","2024","A","N",1,0,0,0,0,0,0,"N",1.91,0,0,0,0,0,0,"N",0,0.0,0,0,0,0,0,0,0,0,0,0,0,0
"06081","5","314","75","0","2024","A","",7,31,2507980,250492,5814,1568,81560,"",0.43,0.12,0.07,0.10,0.10,0.58,0.58,"",-1,-12.5,-5,-13.9,3888,0.2,-68497,-21.5,-933,-13.8,230,17.2,12002,17.3
"06081","5","3141","76","0","2024","A","",4,26,2197840,213492,5259,1657,86190,"",1.01,0.25,0.14,0.24,0.25,0.58,0.58,"",0,0.0,1,4.0,230061,11.7,13907,7.0,304,6.1,133,8.7,6951,8.8
"06081","5","31411","77","0","2024","A","N",1,0,0,0,0,0,0,"N",0.90,0,0,0,0,0,0,"N",0,0.0,0,0,0,0,0,0,0,0,0,0,0,0
"06081","5","314110","78","0","2024","A","N",1,0,0,0,0,0,0,"N",0.90,0,0,0,0,0,0,"N",0,0.0,0,0,0,0,0,0,0,0,0,0,0,0
"06081","5","31412","77","0","2024","A","N",3,0,0,0,0,0,0,"N",1.05,0,0,0,0,0,0,"N",0,0.0,0,0,0,0,0,0,0,0,0,0,0,0
"06081","5","314120","78","0","2024","A","N",3,0,0,0,0,0,0,"N",1.05,0,0,0,0,0,0,"N",0,0.0,0,0,0,0,0,0,0,0,0,0,0,0
"06081","5","3149","76","0","2024","A","",3,5,310140,37000,555,1136,59074,"",0.24,0.03,0.01,0.02,0.01,0.43,0.43,"",-1,-25.0,-6,-54.5,-226173,-42.2,-82404,-69.0,-1237,-69.0,212,22.9,11046,23.0
"06081","5","31491","77","0","2024","A","N",2,0,0,0,0,0,0,"N",0.48,0,0,0,0,0,0,"N",-1,-33.3,0,0,0,0,0,0,0,0,0,0,0,0
"06081","5","314910","78","0","2024","A","N",2,0,0,0,0,0,0,"N",0.48,0,0,0,0,0,0,"N",-1,-33.3,0,0,0,0,0,0,0,0,0,0,0,0
"06081","5","31499","77","0","2024","A","N",1,0,0,0,0,0,0,"N",0.12,0,0,0,0,0,0,"N",0,0.0,0,0,0,0,0,0,0,0,0,0,0,0
"06081","5","314999","78","0","2024","A","N",1,0,0,0,0,0,0,"N",0.13,0,0,0,0,0,0,"N",0,0.0,0,0,0,0,0,0,0,0,0,0,0,0
"06081","5","315","75","0","2024","A","",6,79,3211147,647988,39534,778,40477,"",0.37,0.36,0.10,0.32,0.52,0.27,0.27,"",-1,-14.3,-20,-20.2,-511999,-13.8,-245167,-27.4,-3892,-9.0,54,7.5,2806,7.4
"06081","5","3152","76","0","2024","A","",6,79,3211147,647988,39534,778,40477,"",0.50,0.46,0.12,0.43,0.63,0.26,0.26,"",-1,-14.3,-20,-20.2,-511999,-13.8,-245167,-27.4,-3892,-9.0,54,7.5,2806,7.4
"06081","5","31521","77","0","2024","A","N",4,0,0,0,0,0,0,"N",0.72,0,0,0,0,0,0,"N",-1,-20.0,0,0,0,0,0,0,0,0,0,0,0,0
"06081","5","315210","78","0","2024","A","N",4,0,0,0,0,0,0,"N",0.72,0,0,0,0,0,0,"N",-1,-20.0,0,0,0,0,0,0,0,0,0,0,0,0
"06081","5","31525","77","0","2024","A","N",2,0,0,0,0,0,0,"N",0.31,0,0,0,0,0,0,"N",0,0.0,0,0,0,0,0,0,0,0,0,0,0,0
"06081","5","315250","78","0","2024","A","N",2,0,0,0,0,0,0,"N",0.31,0,0,0,0,0,0,"N",0,0.0,0,0,0,0,0,0,0,0,0,0,0,0
"06081","5","316","75","0","2024","A","N",1,0,0,0,0,0,0,"N",0.25,0,0,0,0,0,0,"N",-1,-50.0,0,0,0,0,0,0,0,0,0,0,0,0
"06081","5","3162","76","0","2024","A","N",1,0,0,0,0,0,0,"N",0.97,0,0,0,0,0,0,"N",0,0.0,0,0,0,0,0,0,0,0,0,0,0,0
"06081","5","31621","77","0","2024","A","N",1,0,0,0,0,0,0,"N",0.97,0,0,0,0,0,0,"N",0,0.0,0,0,0,0,0,0,0,0,0,0,0,0
"06081","5","316210","78","0","2024","A","N",1,0,0,0,0,0,0,"N",0.97,0,0,0,0,0,0,"N",0,0.0,0,0,0,0,0,0,0,0,0,0,0,0
"06081","5","321","75","0","2024","A","",13,188,13275360,1619145,46794,1357,70582,"",0.31,0.17,0.07,0.12,0.14,0.44,0.44,"",1,8.3,10,5.6,1122723,9.2,140388,9.5,1796,4.0,41,3.1,2149,3.1
"06081","5","3219","76","0","2024","A","",13,188,13275360,1619145,46794,1357,70582,"",0.46,0.29,0.13,0.21,0.24,0.45,0.45,"",1,8.3,10,5.6,1122723,9.2,140388,9.5,1796,4.0,41,3.1,2149,3.1
"06081","5","32191","77","0","2024","A","N",8,0,0,0,0,0,0,"N",0.89,0,0,0,0,0,0,"N",1,14.3,0,0,0,0,0,0,0,0,0,0,0,0
"06081","5","321911","78","0","2024","A","",4,66,5206758,565200,13353,1521,79090,"",1.28,0.43,0.19,0.24,0.30,0.45,0.45,"",0,0.0,6,10.0,376880,7.8,26426,4.9,-3765,-22.0,-23,-1.5,-1185,-1.5
"06081","5","321918","78","0","2024","A","N",4,0,0,0,0,0,0,"N",0.91,0,0,0,0,0,0,"N",1,33.3,0,0,0,0,0,0,0,0,0,0,0,0
"06081","5","32192","77","0","2024","A","N",1,0,0,0,0,0,0,"N",0.12,0,0,0,0,0,0,"N",0,0.0,0,0,0,0,0,0,0,0,0,0,0,0
"06081","5","321920","78","0","2024","A","N",1,0,0,0,0,0,0,"N",0.12,0,0,0,0,0,0,"N",0,0.0,0,0,0,0,0,0,0,0,0,0,0,0
"06081","5","32199","77","0","2024","A","N",4,0,0,0,0,0,0,"N",0.37,0,0,0,0,0,0,"N",0,0.0,0,0,0,0,0,0,0,0,0,0,0,0
"06081","5","321991","78","0","2024","A","N",1,0,0,0,0,0,0,"N",0.92,0,0,0,0,0,0,"N",0,0.0,0,0,0,0,0,0,0,0,0,0,0,0
"06081","5","321999","78","0","2024","A","N",3,0,0,0,0,0,0,"N",0.41,0,0,0,0,0,0,"N",0,0.0,0,0,0,0,0,0,0,0,0,0,0,0
"06081","5","322","75","0","2024","A","",4,11,1178952,70000,3682,2093,108826,"",0.27,0.01,0.01,0.01,0.01,0.51,0.51,"",0,0.0,-6,-35.3,-342996,-22.5,-63000,-47.4,-3906,-51.5,337,19.2,17509,19.2
"06081","5","3222","76","0","2024","A","",4,11,1178952,70000,3682,2093,108826,"",0.32,0.02,0.01,0.01,0.02,0.55,0.55,"",0,0.0,-6,-35.3,-342996,-22.5,-63000,-47.4,-3906,-51.5,337,19.2,17509,19.2
"06081","5","32221","77","0","2024","A","N",1,0,0,0,0,0,0,"N",0.16,0,0,0,0,0,0,"N",0,0.0,0,0,0,0,0,0,0,0,0,0,0,0
"06081","5","322219","78","0","2024","A","N",1,0,0,0,0,0,0,"N",0.99,0,0,0,0,0,0,"N",0,0.0,0,0,0,0,0,0,0,0,0,0,0,0
"06081","5","32222","77","0","2024","A","N",1,0,0,0,0,0,0,"N",0.35,0,0,0,0,0,0,"N",0,0.0,0,0,0,0,0,0,0,0,0,0,0,0
"06081","5","322220","78","0","2024","A","N",1,0,0,0,0,0,0,"N",0.35,0,0,0,0,0,0,"N",0,0.0,0,0,0,0,0,0,0,0,0,0,0,0
"06081","5","32223","77","0","2024","A","N",2,0,0,0,0,0,0,"N",1.92,0,0,0,0,0,0,"N",0,0.0,0,0,0,0,0,0,0,0,0,0,0,0
"06081","5","322230","78","0","2024","A","N",2,0,0,0,0,0,0,"N",1.92,0,0,0,0,0,0,"N",0,0.0,0,0,0,0,0,0,0,0,0,0,0,0
"06081","5","323","75","0","2024","A","",40,655,56605582,5304532,172651,1661,86377,"",0.56,0.68,0.37,0.52,0.63,0.54,0.54,"",0,0.0,-34,-4.9,219508,0.4,-266289,-4.8,-27912,-13.9,86,5.5,4490,5.5
"06081","5","3231","76","0","2024","A","",40,655,56605582,5304532,172651,1661,86377,"",0.56,0.68,0.37,0.52,0.63,0.54,0.54,"",0,0.0,-34,-4.9,219508,0.4,-266289,-4.8,-27912,-13.9,86,5.5,4490,5.5
"06081","5","32311","77","0","2024","A","N",37,0,0,0,0,0,0,"N",0.54,0,0,0,0,0,0,"N",0,0.0,0,0,0,0,0,0,0,0,0,0,0,0
"06081","5","323111","78","0","2024","A","",29,595,52507071,4787814,157087,1697,88260,"",0.61,0.88,0.46,0.64,0.78,0.52,0.52,"",-1,-3.3,-17,-2.8,961829,1.9,-140207,-2.8,-16873,-9.7,78,4.8,4070,4.8
"06081","5","323113","78","0","2024","A","N",8,0,0,0,0,0,0,"N",0.40,0,0,0,0,0,0,"N",1,14.3,0,0,0,0,0,0,0,0,0,0,0,0
"06081","5","32312","77","0","2024","A","N",3,0,0,0,0,0,0,"N",0.93,0,0,0,0,0,0,"N",0,0.0,0,0,0,0,0,0,0,0,0,0,0,0
"06081","5","323120","78","0","2024","A","N",3,0,0,0,0,0,0,"N",0.93,0,0,0,0,0,0,"N",0,0.0,0,0,0,0,0,0,0,0,0,0,0,0
"06081","5","324","75","0","2024","A","N",3,0,0,0,0,0,0,"N",0.45,0,0,0,0,0,0,"N",0,0.0,0,0,0,0,0,0,0,0,0,0,0,0
"06081","5","3241","76","0","2024","A","N",3,0,0,0,0,0,0,"N",0.45,0,0,0,0,0,0,"N",0,0.0,0,0,0,0,0,0,0,0,0,0,0,0
"06081","5","32411","77","0","2024","A","N",1,0,0,0,0,0,0,"N",0.58,0,0,0,0,0,0,"N",0,0.0,0,0,0,0,0,0,0,0,0,0,0,0
"06081","5","324110","78","0","2024","A","N",1,0,0,0,0,0,0,"N",0.58,0,0,0,0,0,0,"N",0,0.0,0,0,0,0,0,0,0,0,0,0,0,0
"06081","5","32412","77","0","2024","A","N",2,0,0,0,0,0,0,"N",0.57,0,0,0,0,0,0,"N",0,0.0,0,0,0,0,0,0,0,0,0,0,0,0
"06081","5","324121","78","0","2024","A","N",2,0,0,0,0,0,0,"N",0.75,0,0,0,0,0,0,"N",0,0.0,0,0,0,0,0,0,0,0,0,0,0,0
"06081","5","325","75","0","2024","A","",53,8307,2462404357,74595887,1482937,5700,296425,"",0.81,3.46,3.34,2.90,2.20,0.97,0.97,"",3,6.0,-767,-8.5,11746584,0.5,-7374738,-9.0,-127928,-7.9,506,9.7,26335,9.8
"06081","5","3251","76","0","2024","A","N",4,0,0,0,0,0,0,"N",0.38,0,0,0,0,0,0,"N",1,33.3,0,0,0,0,0,0,0,0,0,0,0,0
"06081","5","32518","77","0","2024","A","N",4,0,0,0,0,0,0,"N",1.50,0,0,0,0,0,0,"N",2,100.0,0,0,0,0,0,0,0,0,0,0,0,0
"06081","5","325180","78","0","2024","A","N",4,0,0,0,0,0,0,"N",1.50,0,0,0,0,0,0,"N",2,100.0,0,0,0,0,0,0,0,0,0,0,0,0
"06081","5","3252","76","0","2024","A","N",1,0,0,0,0,0,0,"N",0.19,0,0,0,0,0,0,"N",1,100.0,0,0,0,0,0,0,0,0,0,0,0,0
"06081","5","32521","77","0","2024","A","N",1,0,0,0,0,0,0,"N",0.22,0,0,0,0,0,0,"N",1,100.0,0,0,0,0,0,0,0,0,0,0,0,0
"06081","5","325211","78","0","2024","A","N",1,0,0,0,0,0,0,"N",0.25,0,0,0,0,0,0,"N",1,100.0,0,0,0,0,0,0,0,0,0,0,0,0
"06081","5","3253","76","0","2024","A","N",1,0,0,0,0,0,0,"N",0.25,0,0,0,0,0,0,"N",0,0.0,0,0,0,0,0,0,0,0,0,0,0,0
"06081","5","32531","77","0","2024","A","N",1,0,0,0,0,0,0,"N",0.37,0,0,0,0,0,0,"N",0,0.0,0,0,0,0,0,0,0,0,0,0,0,0
"06081","5","325314","78","0","2024","A","N",1,0,0,0,0,0,0,"N",0.72,0,0,0,0,0,0,"N",0,0.0,0,0,0,0,0,0,0,0,0,0,0,0
"06081","5","3254","76","0","2024","A","",40,8192,2448351805,73796090,1454091,5747,298865,"",2.03,8.77,7.19,6.53,4.81,0.82,0.82,"",1,2.6,-793,-8.8,6527116,0.3,-7602676,-9.3,-141643,-8.9,521,10.0,27088,10.0
"06081","5","32541","77","0","2024","A","",40,8192,2448351805,73796090,1454091,5747,298865,"",2.03,8.77,7.19,6.53,4.81,0.82,0.82,"",1,2.6,-793,-8.8,6527116,0.3,-7602676,-9.3,-141643,-8.9,521,10.0,27088,10.0
"06081","5","325411","78","0","2024","A","",4,56,6992244,468230,15763,2412,125421,"",1.06,0.47,0.16,0.27,0.33,0.35,0.35,"",0,0.0,-20,-26.3,-4247208,-37.8,-769101,-62.2,-30204,-65.7,-448,-15.7,-23282,-15.7
"06081","5","325412","78","0","2024","A","N",26,0,0,0,0,0,0,"N",2.07,0,0,0,0,0,0,"N",3,13.0,0,0,0,0,0,0,0,0,0,0,0,0
"06081","5","325413","78","0","2024","A","N",4,0,0,0,0,0,0,"N",3.11,0,0,0,0,0,0,"N",1,33.3,0,0,0,0,0,0,0,0,0,0,0,0
"06081","5","325414","78","0","2024","A","N",6,0,0,0,0,0,0,"N",2.91,0,0,0,0,0,0,"N",-2,-25.0,0,0,0,0,0,0,0,0,0,0,0,0
"06081","5","3255","76","0","2024","A","N",1,0,0,0,0,0,0,"N",0.15,0,0,0,0,0,0,"N",1,100.0,0,0,0,0,0,0,0,0,0,0,0,0
"06081","5","32551","77","0","2024","A","N",1,0,0,0,0,0,0,"N",0.22,0,0,0,0,0,0,"N",1,100.0,0,0,0,0,0,0,0,0,0,0,0,0
"06081","5","325510","78","0","2024","A","N",1,0,0,0,0,0,0,"N",0.22,0,0,0,0,0,0,"N",1,100.0,0,0,0,0,0,0,0,0,0,0,0,0
"06081","5","3256","76","0","2024","A","",5,40,2738886,210589,8473,1328,69048,"",0.48,0.13,0.04,0.06,0.08,0.30,0.30,"",0,0.0,-1,-2.4,233424,9.3,18191,9.5,2988,54.5,165,14.2,8554,14.1
"06081","5","32562","77","0","2024","A","",5,40,2738886,210589,8473,1328,69048,"",1.06,0.27,0.09,0.12,0.15,0.34,0.34,"",0,0.0,-1,-2.4,233424,9.3,18191,9.5,2988,54.5,165,14.2,8554,14.1
"06081","5","325620","78","0","2024","A","",5,40,2738886,210589,8473,1328,69048,"",1.06,0.27,0.09,0.12,0.15,0.34,0.34,"",0,0.0,-1,-2.4,233424,9.3,18191,9.5,2988,54.5,165,14.2,8554,14.1
"06081","5","3259","76","0","2024","A","N",2,0,0,0,0,0,0,"N",0.22,0,0,0,0,0,0,"N",0,0.0,0,0,0,0,0,0,0,0,0,0,0,0
"06081","5","32591","77","0","2024","A","N",1,0,0,0,0,0,0,"N",0.87,0,0,0,0,0,0,"N",0,0.0,0,0,0,0,0,0,0,0,0,0,0,0
"06081","5","325910","78","0","2024","A","N",1,0,0,0,0,0,0,"N",0.87,0,0,0,0,0,0,"N",0,0.0,0,0,0,0,0,0,0,0,0,0,0,0
"06081","5","32599","77","0","2024","A","N",1,0,0,0,0,0,0,"N",0.13,0,0,0,0,0,0,"N",0,0.0,0,0,0,0,0,0,0,0,0,0,0,0
"06081","5","325998","78","0","2024","A","N",1,0,0,0,0,0,0,"N",0.17,0,0,0,0,0,0,"N",0,0.0,0,0,0,0,0,0,0,0,0,0,0,0
"06081","5","326","75","0","2024","A","",9,175,15975778,1634781,45256,1757,91377,"",0.24,0.09,0.05,0.08,0.08,0.51,0.51,"",-1,-10.0,-1,-0.6,590871,3.8,7947,0.5,8955,24.7,73,4.3,3797,4.3
"06081","5","3261","76","0","2024","A","",9,175,15975778,1634781,45256,1757,91377,"",0.28,0.11,0.06,0.10,0.10,0.51,0.51,"",-1,-10.0,-1,-0.6,590871,3.8,7947,0.5,8955,24.7,73,4.3,3797,4.3
"06081","5","32611","77","0","2024","A","N",3,0,0,0,0,0,0,"N",0.66,0,0,0,0,0,0,"N",0,0.0,0,0,0,0,0,0,0,0,0,0,0,0
"06081","5","326112","78","0","2024","A","N",1,0,0,0,0,0,0,"N",0.61,0,0,0,0,0,0,"N",0,0.0,0,0,0,0,0,0,0,0,0,0,0,0
"06081","5","326113","78","0","2024","A","N",2,0,0,0,0,0,0,"N",1.39,0,0,0,0,0,0,"N",0,0.0,0,0,0,0,0,0,0,0,0,0,0,0
"06081","5","32619","77","0","2024","A","N",6,0,0,0,0,0,0,"N",0.34,0,0,0,0,0,0,"N",-1,-14.3,0,0,0,0,0,0,0,0,0,0,0,0
"06081","5","326199","78","0","2024","A","N",6,0,0,0,0,0,0,"N",0.36,0,0,0,0,0,0,"N",-1,-14.3,0,0,0,0,0,0,0,0,0,0,0,0
"06081","5","327","75","0","2024","A","",16,177,17315558,1607329,48674,1884,97966,"",0.35,0.16,0.08,0.13,0.10,0.50,0.50,"",0,0.0,-19,-9.7,-1649646,-8.7,-55507,-3.3,-4828,-9.0,26,1.4,1369,1.4
"06081","5","3271","76","0","2024","A","N",2,0,0,0,0,0,0,"N",0.52,0,0,0,0,0,0,"N",0,0.0,0,0,0,0,0,0,0,0,0,0,0,0
"06081","5","32711","77","0","2024","A","N",1,0,0,0,0,0,0,"N",0.48,0,0,0,0,0,0,"N",0,0.0,0,0,0,0,0,0,0,0,0,0,0,0
"06081","5","327110","78","0","2024","A","N",1,0,0,0,0,0,0,"N",0.48,0,0,0,0,0,0,"N",0,0.0,0,0,0,0,0,0,0,0,0,0,0,0
"06081","5","32712","77","0","2024","A","N",1,0,0,0,0,0,0,"N",0.57,0,0,0,0,0,0,"N",0,0.0,0,0,0,0,0,0,0,0,0,0,0,0
"06081","5","327120","78","0","2024","A","N",1,0,0,0,0,0,0,"N",0.57,0,0,0,0,0,0,"N",0,0.0,0,0,0,0,0,0,0,0,0,0,0,0
"06081","5","3272","76","0","2024","A","N",1,0,0,0,0,0,0,"N",0.19,0,0,0,0,0,0,"N",0,0.0,0,0,0,0,0,0,0,0,0,0,0,0
"06081","5","32721","77","0","2024","A","N",1,0,0,0,0,0,0,"N",0.19,0,0,0,0,0,0,"N",0,0.0,0,0,0,0,0,0,0,0,0,0,0,0
"06081","5","327212","78","0","2024","A","N",1,0,0,0,0,0,0,"N",0.91,0,0,0,0,0,0,"N",0,0.0,0,0,0,0,0,0,0,0,0,0,0,0
"06081","5","3273","76","0","2024","A","",8,131,13811935,1222087,39061,2024,105234,"",0.33,0.24,0.12,0.19,0.13,0.52,0.52,"",0,0.0,-19,-12.7,-1857085,-11.9,-138423,-10.2,-6798,-14.8,13,0.6,658,0.6
"06081","5","32732","77","0","2024","A","N",6,0,0,0,0,0,0,"N",0.41,0,0,0,0,0,0,"N",0,0.0,0,0,0,0,0,0,0,0,0,0,0,0
"06081","5","327320","78","0","2024","A","N",6,0,0,0,0,0,0,"N",0.41,0,0,0,0,0,0,"N",0,0.0,0,0,0,0,0,0,0,0,0,0,0,0
"06081","5","32739","77","0","2024","A","N",2,0,0,0,0,0,0,"N",0.37,0,0,0,0,0,0,"N",0,0.0,0,0,0,0,0,0,0,0,0,0,0,0
"06081","5","327390","78","0","2024","A","N",2,0,0,0,0,0,0,"N",0.37,0,0,0,0,0,0,"N",0,0.0,0,0,0,0,0,0,0,0,0,0,0,0
"06081","5","3279","76","0","2024","A","",5,30,1801347,257477,5864,1168,60720,"",0.44,0.14,0.04,0.11,0.09,0.32,0.32,"",0,0.0,-2,-6.2,-16423,-0.9,25151,10.8,209,3.7,78,7.2,4062,7.2
"06081","5","32799","77","0","2024","A","",5,30,1801347,257477,5864,1168,60720,"",0.48,0.16,0.05,0.12,0.10,0.33,0.33,"",0,0.0,-2,-6.2,-16423,-0.9,25151,10.8,209,3.7,78,7.2,4062,7.2
"06081","5","327991","78","0","2024","A","",5,30,1801347,257477,5864,1168,60720,"",0.65,0.32,0.12,0.23,0.21,0.39,0.39,"",0,0.0,-2,-6.2,-16423,-0.9,25151,10.8,209,3.7,78,7.2,4062,7.2
"06081","5","331","75","0","2024","A","N",5,0,0,0,0,0,0,"N",0.32,0,0,0,0,0,0,"N",0,0.0,0,0,0,0,0,0,0,0,0,0,0,0
"06081","5","3312","76","0","2024","A","N",1,0,0,0,0,0,0,"N",0.28,0,0,0,0,0,0,"N",0,0.0,0,0,0,0,0,0,0,0,0,0,0,0
"06081","5","33121","77","0","2024","A","N",1,0,0,0,0,0,0,"N",0.64,0,0,0,0,0,0,"N",0,0.0,0,0,0,0,0,0,0,0,0,0,0,0
"06081","5","331210","78","0","2024","A","N",1,0,0,0,0,0,0,"N",0.64,0,0,0,0,0,0,"N",0,0.0,0,0,0,0,0,0,0,0,0,0,0,0
"06081","5","3313","76","0","2024","A","N",2,0,0,0,0,0,0,"N",0.96,0,0,0,0,0,0,"N",1,100.0,0,0,0,0,0,0,0,0,0,0,0,0
"06081","5","33131","77","0","2024","A","N",2,0,0,0,0,0,0,"N",0.96,0,0,0,0,0,0,"N",1,100.0,0,0,0,0,0,0,0,0,0,0,0,0
"06081","5","331314","78","0","2024","A","N",1,0,0,0,0,0,0,"N",2.86,0,0,0,0,0,0,"N",1,100.0,0,0,0,0,0,0,0,0,0,0,0,0
"06081","5","331318","78","0","2024","A","N",1,0,0,0,0,0,0,"N",1.10,0,0,0,0,0,0,"N",0,0.0,0,0,0,0,0,0,0,0,0,0,0,0
"06081","5","3314","76","0","2024","A","N",1,0,0,0,0,0,0,"N",0.34,0,0,0,0,0,0,"N",-1,-50.0,0,0,0,0,0,0,0,0,0,0,0,0
"06081","5","33149","77","0","2024","A","N",1,0,0,0,0,0,0,"N",0.64,0,0,0,0,0,0,"N",-1,-50.0,0,0,0,0,0,0,0,0,0,0,0,0
"06081","5","331492","78","0","2024","A","N",1,0,0,0,0,0,0,"N",1.46,0,0,0,0,0,0,"N",0,0.0,0,0,0,0,0,0,0,0,0,0,0,0
"06081","5","3315","76","0","2024","A","N",1,0,0,0,0,0,0,"N",0.23,0,0,0,0,0,0,"N",0,0.0,0,0,0,0,0,0,0,0,0,0,0,0
"06081","5","33151","77","0","2024","A","N",1,0,0,0,0,0,0,"N",0.52,0,0,0,0,0,0,"N",0,0.0,0,0,0,0,0,0,0,0,0,0,0,0
"06081","5","331513","78","0","2024","A","N",1,0,0,0,0,0,0,"N",1.55,0,0,0,0,0,0,"N",0,0.0,0,0,0,0,0,0,0,0,0,0,0,0
"06081","5","332","75","0","2024","A","",82,736,63861523,6526633,183010,1669,86798,"",0.52,0.19,0.09,0.16,0.16,0.46,0.46,"",-7,-7.9,-90,-10.9,-2325604,-3.5,-933471,-12.5,-16589,-8.3,127,8.2,6636,8.3
"06081","5","3321","76","0","2024","A","N",2,0,0,0,0,0,0,"N",0.34,0,0,0,0,0,0,"N",0,0.0,0,0,0,0,0,0,0,0,0,0,0,0
"06081","5","33211","77","0","2024","A","N",2,0,0,0,0,0,0,"N",0.34,0,0,0,0,0,0,"N",0,0.0,0,0,0,0,0,0,0,0,0,0,0,0
"06081","5","332119","78","0","2024","A","N",2,0,0,0,0,0,0,"N",0.62,0,0,0,0,0,0,"N",0,0.0,0,0,0,0,0,0,0,0,0,0,0,0
"06081","5","3323","76","0","2024","A","",30,232,18521209,2069859,70889,1538,79976,"",0.69,0.21,0.09,0.17,0.20,0.43,0.43,"",-1,-3.2,-16,-6.5,-291727,-1.6,-240772,-10.4,-7179,-9.2,78,5.3,4066,5.4
"06081","5","33231","77","0","2024","A","",3,4,309264,28000,756,1622,84345,"",0.16,0.01,0.00,0.01,0.01,0.42,0.42,"",0,0.0,-1,-20.0,-115265,-27.2,-14072,-33.4,-218,-22.4,-127,-7.3,-6626,-7.3
"06081","5","332311","78","0","2024","A","N",1,0,0,0,0,0,0,"N",0.26,0,0,0,0,0,0,"N",0,0.0,0,0,0,0,0,0,0,0,0,0,0,0
"06081","5","332312","78","0","2024","A","N",2,0,0,0,0,0,0,"N",0.20,0,0,0,0,0,0,"N",0,0.0,0,0,0,0,0,0,0,0,0,0,0,0
"06081","5","33232","77","0","2024","A","",27,228,18211945,2041859,70133,1537,79906,"",1.11,0.37,0.17,0.31,0.35,0.45,0.45,"",-1,-3.6,-15,-6.2,-176462,-1.0,-226700,-10.0,-6961,-9.0,83,5.7,4285,5.7
"06081","5","332321","78","0","2024","A","N",6,0,0,0,0,0,0,"N",1.49,0,0,0,0,0,0,"N",0,0.0,0,0,0,0,0,0,0,0,0,0,0,0
"06081","5","332322","78","0","2024","A","N",6,0,0,0,0,0,0,"N",0.51,0,0,0,0,0,0,"N",0,0.0,0,0,0,0,0,0,0,0,0,0,0,0
"06081","5","332323","78","0","2024","A","",15,146,12606282,1294924,42285,1657,86148,"",1.75,1.22,0.58,0.91,0.94,0.48,0.48,"",-1,-6.2,-8,-5.2,213470,1.7,-88761,-6.4,2824,7.2,106,6.8,5501,6.8
"06081","5","3325","76","0","2024","A","N",1,0,0,0,0,0,0,"N",0.45,0,0,0,0,0,0,"N",0,0.0,0,0,0,0,0,0,0,0,0,0,0,0
"06081","5","33251","77","0","2024","A","N",1,0,0,0,0,0,0,"N",0.45,0,0,0,0,0,0,"N",0,0.0,0,0,0,0,0,0,0,0,0,0,0,0
"06081","5","332510","78","0","2024","A","N",1,0,0,0,0,0,0,"N",0.45,0,0,0,0,0,0,"N",0,0.0,0,0,0,0,0,0,0,0,0,0,0,0
"06081","5","3326","76","0","2024","A","N",1,0,0,0,0,0,0,"N",0.30,0,0,0,0,0,0,"N",0,0.0,0,0,0,0,0,0,0,0,0,0,0,0
"06081","5","33261","77","0","2024","A","N",1,0,0,0,0,0,0,"N",0.30,0,0,0,0,0,0,"N",0,0.0,0,0,0,0,0,0,0,0,0,0,0,0
"06081","5","332613","78","0","2024","A","N",1,0,0,0,0,0,0,"N",0.96,0,0,0,0,0,0,"N",0,0.0,0,0,0,0,0,0,0,0,0,0,0,0
"06081","5","3327","76","0","2024","A","",36,361,32388491,3118135,76593,1726,89760,"",0.66,0.40,0.20,0.33,0.29,0.50,0.50,"",-5,-12.2,-20,-5.2,987870,3.1,-179465,-5.4,-2721,-3.4,140,8.8,7290,8.8
"06081","5","33271","77","0","2024","A","N",33,0,0,0,0,0,0,"N",0.68,0,0,0,0,0,0,"N",-5,-13.2,0,0,0,0,0,0,0,0,0,0,0,0
"06081","5","332710","78","0","2024","A","N",33,0,0,0,0,0,0,"N",0.68,0,0,0,0,0,0,"N",-5,-13.2,0,0,0,0,0,0,0,0,0,0,0,0
"06081","5","33272","77","0","2024","A","N",3,0,0,0,0,0,0,"N",0.50,0,0,0,0,0,0,"N",0,0.0,0,0,0,0,0,0,0,0,0,0,0,0
"06081","5","332721","78","0","2024","A","N",3,0,0,0,0,0,0,"N",0.76,0,0,0,0,0,0,"N",0,0.0,0,0,0,0,0,0,0,0,0,0,0,0
"06081","5","3328","76","0","2024","A","",6,116,10878959,1021234,29665,1800,93582,"",0.38,0.33,0.19,0.30,0.28,0.56,0.56,"",-1,-14.3,-49,-29.7,-2657415,-19.6,-582712,-36.3,-7789,-20.8,218,13.8,11294,13.7
"06081","5","33281","77","0","2024","A","",6,116,10878959,1021234,29665,1800,93582,"",0.38,0.33,0.19,0.30,0.28,0.56,0.56,"",-1,-14.3,-49,-29.7,-2657415,-19.6,-582712,-36.3,-7789,-20.8,218,13.8,11294,13.7
"06081","5","332812","78","0","2024","A","N",2,0,0,0,0,0,0,"N",0.25,0,0,0,0,0,0,"N",-1,-33.3,0,0,0,0,0,0,0,0,0,0,0,0
"06081","5","332813","78","0","2024","A","N",4,0,0,0,0,0,0,"N",0.65,0,0,0,0,0,0,"N",0,0.0,0,0,0,0,0,0,0,0,0,0,0,0
"06081","5","3329","76","0","2024","A","",5,17,1144073,126000,2429,1307,67965,"",0.21,0.02,0.01,0.02,0.01,0.32,0.32,"",-1,-16.7,-1,-5.6,-127713,-10.0,-445,-0.4,106,4.6,-52,-3.8,-2690,-3.8
"06081","5","33291","77","0","2024","A","N",1,0,0,0,0,0,0,"N",0.20,0,0,0,0,0,0,"N",-1,-50.0,0,0,0,0,0,0,0,0,0,0,0,0
"06081","5","332912","78","0","2024","A","N",1,0,0,0,0,0,0,"N",0.66,0,0,0,0,0,0,"N",0,0.0,0,0,0,0,0,0,0,0,0,0,0,0
"06081","5","33299","77","0","2024","A","N",4,0,0,0,0,0,0,"N",0.22,0,0,0,0,0,0,"N",0,0.0,0,0,0,0,0,0,0,0,0,0,0,0
"06081","5","332999","78","0","2024","A","N",4,0,0,0,0,0,0,"N",0.33,0,0,0,0,0,0,"N",0,0.0,0,0,0,0,0,0,0,0,0,0,0,0
"06081","5","333","75","0","2024","A","",35,570,81175862,5135284,181579,2739,142414,"",0.39,0.19,0.12,0.16,0.20,0.62,0.62,"",1,2.9,261,84.5,48749736,150.3,2081542,68.2,86642,91.3,724,35.9,37616,35.9
"06081","5","3332","76","0","2024","A","N",6,0,0,0,0,0,0,"N",0.43,0,0,0,0,0,0,"N",1,20.0,0,0,0,0,0,0,0,0,0,0,0,0
"06081","5","33324","77","0","2024","A","N",6,0,0,0,0,0,0,"N",0.43,0,0,0,0,0,0,"N",1,20.0,0,0,0,0,0,0,0,0,0,0,0,0
"06081","5","333241","78","0","2024","A","N",1,0,0,0,0,0,0,"N",0.41,0,0,0,0,0,0,"N",0,0.0,0,0,0,0,0,0,0,0,0,0,0,0
"06081","5","333242","78","0","2024","A","N",2,0,0,0,0,0,0,"N",1.85,0,0,0,0,0,0,"N",-1,-33.3,0,0,0,0,0,0,0,0,0,0,0,0
"06081","5","333248","78","0","2024","A","N",3,0,0,0,0,0,0,"N",0.33,0,0,0,0,0,0,"N",1,50.0,0,0,0,0,0,0,0,0,0,0,0,0
"06081","5","3333","76","0","2024","A","",8,31,3054833,305739,10722,1880,97755,"",0.99,0.13,0.05,0.12,0.14,0.41,0.40,"",0,0.0,-15,-32.6,-3772649,-55.3,-390483,-56.1,-7698,-41.8,-969,-34.0,-50400,-34.0
"06081","5","33331","77","0","2024","A","",8,31,3054833,305739,10722,1880,97755,"",0.99,0.13,0.05,0.12,0.14,0.41,0.40,"",0,0.0,-15,-32.6,-3772649,-55.3,-390483,-56.1,-7698,-41.8,-969,-34.0,-50400,-34.0
"06081","5","333310","78","0","2024","A","",8,31,3054833,305739,10722,1880,97755,"",0.99,0.13,0.05,0.12,0.14,0.41,0.40,"",0,0.0,-15,-32.6,-3772649,-55.3,-390483,-56.1,-7698,-41.8,-969,-34.0,-50400,-34.0
"06081","5","3334","76","0","2024","A","N",2,0,0,0,0,0,0,"N",0.26,0,0,0,0,0,0,"N",-1,-33.3,0,0,0,0,0,0,0,0,0,0,0,0
"06081","5","33341","77","0","2024","A","N",2,0,0,0,0,0,0,"N",0.26,0,0,0,0,0,0,"N",-1,-33.3,0,0,0,0,0,0,0,0,0,0,0,0
"06081","5","333414","78","0","2024","A","N",1,0,0,0,0,0,0,"N",0.71,0,0,0,0,0,0,"N",0,0.0,0,0,0,0,0,0,0,0,0,0,0,0
"06081","5","333415","78","0","2024","A","N",1,0,0,0,0,0,0,"N",0.25,0,0,0,0,0,0,"N",0,0.0,0,0,0,0,0,0,0,0,0,0,0,0
"06081","5","3335","76","0","2024","A","",7,44,5937145,354105,12406,2571,133669,"",0.36,0.10,0.07,0.08,0.11,0.69,0.69,"",-1,-12.5,-3,-6.4,6132,0.1,-62822,-15.1,-3070,-19.8,144,5.9,7477,5.9
"06081","5","33351","77","0","2024","A","",7,44,5937145,354105,12406,2571,133669,"",0.36,0.10,0.07,0.08,0.11,0.69,0.69,"",-1,-12.5,-3,-6.4,6132,0.1,-62822,-15.1,-3070,-19.8,144,5.9,7477,5.9
"06081","5","333511","78","0","2024","A","N",1,0,0,0,0,0,0,"N",0.26,0,0,0,0,0,0,"N",0,0.0,0,0,0,0,0,0,0,0,0,0,0,0
"06081","5","333514","78","0","2024","A","",3,32,4419869,241815,6718,2622,136346,"",0.46,0.24,0.17,0.18,0.18,0.71,0.71,"",0,0.0,3,10.3,442045,11.1,-18428,-7.1,-1860,-21.7,14,0.5,738,0.5
"06081","5","333517","78","0","2024","A","N",3,0,0,0,0,0,0,"N",0.56,0,0,0,0,0,0,"N",-1,-25.0,0,0,0,0,0,0,0,0,0,0,0,0
"06081","5","3336","76","0","2024","A","N",2,0,0,0,0,0,0,"N",0.53,0,0,0,0,0,0,"N",0,0.0,0,0,0,0,0,0,0,0,0,0,0,0
"06081","5","33361","77","0","2024","A","N",2,0,0,0,0,0,0,"N",0.53,0,0,0,0,0,0,"N",0,0.0,0,0,0,0,0,0,0,0,0,0,0,0
"06081","5","333611","78","0","2024","A","N",1,0,0,0,0,0,0,"N",0.89,0,0,0,0,0,0,"N",0,0.0,0,0,0,0,0,0,0,0,0,0,0,0
"06081","5","333612","78","0","2024","A","N",1,0,0,0,0,0,0,"N",1.35,0,0,0,0,0,0,"N",0,0.0,0,0,0,0,0,0,0,0,0,0,0,0
"06081","5","3339","76","0","2024","A","",10,146,18329215,1360342,45632,2420,125830,"",0.43,0.19,0.11,0.16,0.20,0.56,0.56,"",2,25.0,15,11.5,5670753,44.8,247548,22.2,10683,30.6,563,30.3,29262,30.3
"06081","5","33392","77","0","2024","A","N",1,0,0,0,0,0,0,"N",0.16,0,0,0,0,0,0,"N",1,100.0,0,0,0,0,0,0,0,0,0,0,0,0
"06081","5","333923","78","0","2024","A","N",1,0,0,0,0,0,0,"N",0.79,0,0,0,0,0,0,"N",1,100.0,0,0,0,0,0,0,0,0,0,0,0,0
"06081","5","33399","77","0","2024","A","N",8,0,0,0,0,0,0,"N",0.60,0,0,0,0,0,0,"N",0,0.0,0,0,0,0,0,0,0,0,0,0,0,0
"06081","5","333991","78","0","2024","A","N",1,0,0,0,0,0,0,"N",1.55,0,0,0,0,0,0,"N",1,100.0,0,0,0,0,0,0,0,0,0,0,0,0
"06081","5","333992","78","0","2024","A","N",1,0,0,0,0,0,0,"N",0.47,0,0,0,0,0,0,"N",0,0.0,0,0,0,0,0,0,0,0,0,0,0,0
"06081","5","333993","78","0","2024","A","N",1,0,0,0,0,0,0,"N",0.40,0,0,0,0,0,0,"N",0,0.0,0,0,0,0,0,0,0,0,0,0,0,0
"06081","5","333994","78","0","2024","A","N",1,0,0,0,0,0,0,"N",1.04,0,0,0,0,0,0,"N",0,0.0,0,0,0,0,0,0,0,0,0,0,0,0
"06081","5","333998","78","0","2024","A","N",4,0,0,0,0,0,0,"N",0.74,0,0,0,0,0,0,"N",-1,-20.0,0,0,0,0,0,0,0,0,0,0,0,0
"06081","5","334","75","0","2024","A","",82,2699,364413154,22415718,797724,2596,135001,"",1.22,0.99,0.33,0.71,0.91,0.34,0.34,"",-6,-6.8,-1714,-38.8,-709268527,-66.1,-18385731,-45.1,-470094,-37.1,-2083,-44.5,-108313,-44.5
"06081","5","3341","76","0","2024","A","",9,118,20220055,1269510,40838,3281,170633,"",1.44,0.42,0.13,0.42,0.45,0.32,0.32,"N",-9,-50.0,0,0,0,0,0,0,0,0,0,0,0,0
"06081","5","33411","77","0","2024","A","",9,118,20220055,1269510,40838,3281,170633,"",1.44,0.42,0.13,0.42,0.45,0.32,0.32,"N",-9,-50.0,0,0,0,0,0,0,0,0,0,0,0,0
"06081","5","334111","78","0","2024","A","N",3,0,0,0,0,0,0,"N",1.11,0,0,0,0,0,0,"N",-9,-75.0,0,0,0,0,0,0,0,0,0,0,0,0
"06081","5","334112","78","0","2024","A","N",1,0,0,0,0,0,0,"N",1.43,0,0,0,0,0,0,"N",0,0.0,0,0,0,0,0,0,0,0,0,0,0,0
"06081","5","334118","78","0","2024","A","",5,77,17168665,945210,35973,4311,224183,"",1.75,0.95,0.54,0.75,1.43,0.57,0.57,"N",0,0.0,0,0,0,0,0,0,0,0,0,0,0,0
"06081","5","3342","76","0","2024","A","N",9,0,0,0,0,0,0,"N",1.18,0,0,0,0,0,0,"N",0,0.0,0,0,0,0,0,0,0,0,0,0,0,0
"06081","5","33421","77","0","2024","A","N",1,0,0,0,0,0,0,"N",0.85,0,0,0,0,0,0,"N",0,0.0,0,0,0,0,0,0,0,0,0,0,0,0
"06081","5","334210","78","0","2024","A","N",1,0,0,0,0,0,0,"N",0.85,0,0,0,0,0,0,"N",0,0.0,0,0,0,0,0,0,0,0,0,0,0,0
"06081","5","33422","77","0","2024","A","N",8,0,0,0,0,0,0,"N",1.88,0,0,0,0,0,0,"N",1,14.3,0,0,0,0,0,0,0,0,0,0,0,0
"06081","5","334220","78","0","2024","A","N",8,0,0,0,0,0,0,"N",1.88,0,0,0,0,0,0,"N",1,14.3,0,0,0,0,0,0,0,0,0,0,0,0
"06081","5","3343","76","0","2024","A","",5,134,19121903,1198709,36561,2743,142612,"",1.75,2.65,1.09,2.32,1.71,0.41,0.41,"N",3,150.0,0,0,0,0,0,0,0,0,0,0,0,0
"06081","5","33431","77","0","2024","A","",5,134,19121903,1198709,36561,2743,142612,"",1.75,2.65,1.09,2.32,1.71,0.41,0.41,"N",3,150.0,0,0,0,0,0,0,0,0,0,0,0,0
"06081","5","334310","78","0","2024","A","",5,134,19121903,1198709,36561,2743,142612,"",1.75,2.65,1.09,2.32,1.71,0.41,0.41,"N",3,150.0,0,0,0,0,0,0,0,0,0,0,0,0
"06081","5","3344","76","0","2024","A","",14,382,26886856,3174199,71487,1355,70461,"",0.77,0.36,0.06,0.25,0.19,0.16,0.16,"",-4,-22.2,-74,-16.2,-71745172,-72.7,-564856,-15.1,-10113,-12.4,-2809,-67.5,-146075,-67.5
"06081","5","33441","77","0","2024","A","",14,382,26886856,3174199,71487,1355,70461,"",0.77,0.36,0.06,0.25,0.19,0.16,0.16,"",-4,-22.2,-74,-16.2,-71745172,-72.7,-564856,-15.1,-10113,-12.4,-2809,-67.5,-146075,-67.5
"06081","5","334412","78","0","2024","A","N",1,0,0,0,0,0,0,"N",0.74,0,0,0,0,0,0,"N",0,0.0,0,0,0,0,0,0,0,0,0,0,0,0
"06081","5","334413","78","0","2024","A","N",7,0,0,0,0,0,0,"N",1.09,0,0,0,0,0,0,"N",-3,-30.0,0,0,0,0,0,0,0,0,0,0,0,0
"06081","5","334418","78","0","2024","A","",3,323,16695677,2463718,42547,994,51676,"",0.94,2.02,0.53,1.52,0.83,0.26,0.26,"",-1,-25.0,-18,-5.3,-1112892,-6.2,-212971,-8.0,-6106,-12.6,-11,-1.1,-574,-1.1
"06081","5","334419","78","0","2024","A","N",3,0,0,0,0,0,0,"N",0.60,0,0,0,0,0,0,"N",-1,-25.0,0,0,0,0,0,0,0,0,0,0,0,0
"06081","5","3345","76","0","2024","A","",42,1696,239263937,14818977,539308,2714,141110,"",1.49,1.54,0.66,1.14,1.69,0.43,0.43,"",4,10.5,81,5.0,-20090202,-7.7,-3854174,-20.6,-66473,-11.0,-375,-12.1,-19514,-12.1
"06081","5","33451","77","0","2024","A","",42,1696,239263937,14818977,539308,2714,141110,"",1.49,1.54,0.66,1.14,1.69,0.43,0.43,"",4,10.5,81,5.0,-20090202,-7.7,-3854174,-20.6,-66473,-11.0,-375,-12.1,-19514,-12.1
"06081","5","334510","78","0","2024","A","",14,434,46102585,3925757,163905,2044,106309,"",2.45,2.18,0.67,1.38,2.46,0.31,0.31,"",-1,-6.7,220,102.8,17772337,62.7,2124140,117.9,98640,151.1,-500,-19.7,-25972,-19.6
"06081","5","334511","78","0","2024","A","N",4,0,0,0,0,0,0,"N",1.07,0,0,0,0,0,0,"N",2,100.0,0,0,0,0,0,0,0,0,0,0,0,0
"06081","5","334512","78","0","2024","A","N",0,0,0,0,0,0,0,"N",0.00,0,0,0,0,0,0,"N",0,0,0,0,0,0,0,0,0,0,0,0,0,0
"06081","5","334513","78","0","2024","A","",5,40,3838768,367426,9489,1834,95373,"",0.89,0.26,0.11,0.20,0.21,0.40,0.40,"",0,0.0,-4,-9.1,-390776,-9.2,-76648,-17.3,-2592,-21.5,3,0.2,149,0.2
"06081","5","334515","78","0","2024","A","",5,136,38794308,1207715,43360,5506,286305,"",1.50,1.40,1.10,0.89,1.23,0.79,0.79,"",1,25.0,-15,-9.9,-2029313,-5.0,-144580,-10.7,-5206,-10.7,301,5.8,15651,5.8
"06081","5","334516","78","0","2024","A","N",5,0,0,0,0,0,0,"N",1.51,0,0,0,0,0,0,"N",1,25.0,0,0,0,0,0,0,0,0,0,0,0,0
"06081","5","334517","78","0","2024","A","N",2,0,0,0,0,0,0,"N",2.70,0,0,0,0,0,0,"N",0,0.0,0,0,0,0,0,0,0,0,0,0,0,0
"06081","5","334519","78","0","2024","A","",6,52,9516412,377460,10227,3548,184486,"",1.60,0.47,0.19,0.34,0.35,0.41,0.41,"",0,0.0,5,10.6,1847215,24.1,39373,11.6,-340,-3.2,393,12.5,20439,12.5
"06081","5","3346","76","0","2024","A","N",3,0,0,0,0,0,0,"N",0.77,0,0,0,0,0,0,"N",-1,-25.0,0,0,0,0,0,0,0,0,0,0,0,0
"06081","5","33461","77","0","2024","A","N",3,0,0,0,0,0,0,"N",0.77,0,0,0,0,0,0,"N",-1,-25.0,0,0,0,0,0,0,0,0,0,0,0,0
"06081","5","334610","78","0","2024","A","N",3,0,0,0,0,0,0,"N",0.77,0,0,0,0,0,0,"N",-1,-25.0,0,0,0,0,0,0,0,0,0,0,0,0
"06081","5","335","75","0","2024","A","",30,1210,154156004,11994529,361217,2450,127410,"",1.09,1.07,0.61,0.97,1.03,0.57,0.57,"",4,15.4,126,11.6,22762646,17.3,242914,2.1,40084,12.5,119,5.1,6217,5.1
"06081","5","3351","76","0","2024","A","N",3,0,0,0,0,0,0,"N",0.59,0,0,0,0,0,0,"N",0,0.0,0,0,0,0,0,0,0,0,0,0,0,0
"06081","5","33513","77","0","2024","A","N",3,0,0,0,0,0,0,"N",0.59,0,0,0,0,0,0,"N",0,0.0,0,0,0,0,0,0,0,0,0,0,0,0
"06081","5","335131","78","0","2024","A","N",1,0,0,0,0,0,0,"N",0.79,0,0,0,0,0,0,"N",0,0.0,0,0,0,0,0,0,0,0,0,0,0,0
"06081","5","335132","78","0","2024","A","N",1,0,0,0,0,0,0,"N",0.44,0,0,0,0,0,0,"N",0,0.0,0,0,0,0,0,0,0,0,0,0,0,0
"06081","5","335139","78","0","2024","A","N",1,0,0,0,0,0,0,"N",0.65,0,0,0,0,0,0,"N",0,0.0,0,0,0,0,0,0,0,0,0,0,0,0
"06081","5","3352","76","0","2024","A","N",2,0,0,0,0,0,0,"N",1.06,0,0,0,0,0,0,"N",-1,-33.3,0,0,0,0,0,0,0,0,0,0,0,0
"06081","5","33521","77","0","2024","A","N",2,0,0,0,0,0,0,"N",1.87,0,0,0,0,0,0,"N",0,0.0,0,0,0,0,0,0,0,0,0,0,0,0
"06081","5","335210","78","0","2024","A","N",2,0,0,0,0,0,0,"N",1.87,0,0,0,0,0,0,"N",0,0.0,0,0,0,0,0,0,0,0,0,0,0,0
"06081","5","3353","76","0","2024","A","",5,782,96652560,8292759,240139,2378,123636,"",0.61,1.87,1.01,1.83,2.42,0.54,0.54,"",0,0.0,31,4.1,7840153,8.8,101846,1.2,48898,25.6,102,4.5,5298,4.5
"06081","5","33531","77","0","2024","A","",5,782,96652560,8292759,240139,2378,123636,"",0.61,1.87,1.01,1.83,2.42,0.54,0.54,"",0,0.0,31,4.1,7840153,8.8,101846,1.2,48898,25.6,102,4.5,5298,4.5
"06081","5","335311","78","0","2024","A","N",3,0,0,0,0,0,0,"N",1.82,0,0,0,0,0,0,"N",0,0.0,0,0,0,0,0,0,0,0,0,0,0,0
"06081","5","335312","78","0","2024","A","N",1,0,0,0,0,0,0,"N",0.49,0,0,0,0,0,0,"N",0,0.0,0,0,0,0,0,0,0,0,0,0,0,0
"06081","5","335313","78","0","2024","A","N",1,0,0,0,0,0,0,"N",0.48,0,0,0,0,0,0,"N",0,0.0,0,0,0,0,0,0,0,0,0,0,0,0
"06081","5","3359","76","0","2024","A","",20,399,53712585,3444730,109256,2590,134674,"",1.63,0.88,0.51,0.64,0.65,0.58,0.58,"",4,25.0,135,51.1,21183958,65.1,517427,17.7,16140,17.3,223,9.4,11615,9.4
"06081","5","33591","77","0","2024","A","",5,19,3412790,155974,5597,3454,179621,"",2.15,0.13,0.09,0.08,0.08,0.75,0.74,"",1,25.0,0,0.0,493448,16.9,-39677,-20.3,-3816,-40.5,460,15.4,23923,15.4
"06081","5","335910","78","0","2024","A","",5,19,3412790,155974,5597,3454,179621,"",2.15,0.13,0.09,0.08,0.08,0.75,0.74,"",1,25.0,0,0.0,493448,16.9,-39677,-20.3,-3816,-40.5,460,15.4,23923,15.4
"06081","5","33592","77","0","2024","A","N",2,0,0,0,0,0,0,"N",1.30,0,0,0,0,0,0,"N",1,100.0,0,0,0,0,0,0,0,0,0,0,0,0
"06081","5","335921","78","0","2024","A","N",2,0,0,0,0,0,0,"N",2.68,0,0,0,0,0,0,"N",1,100.0,0,0,0,0,0,0,0,0,0,0,0,0
"06081","5","33593","77","0","2024","A","N",3,0,0,0,0,0,0,"N",1.49,0,0,0,0,0,0,"N",0,0.0,0,0,0,0,0,0,0,0,0,0,0,0
"06081","5","335931","78","0","2024","A","N",3,0,0,0,0,0,0,"N",2.03,0,0,0,0,0,0,"N",0,0.0,0,0,0,0,0,0,0,0,0,0,0,0
"06081","5","33599","77","0","2024","A","",10,168,24548113,1522882,48849,2816,146410,"",1.56,1.32,0.79,1.06,1.12,0.60,0.60,"",2,25.0,131,354.1,17892727,268.8,1178108,341.7,39110,401.6,-659,-19.0,-34279,-19.0
"06081","5","335991","78","0","2024","A","N",2,0,0,0,0,0,0,"N",2.84,0,0,0,0,0,0,"N",1,100.0,0,0,0,0,0,0,0,0,0,0,0,0
"06081","5","335999","78","0","2024","A","N",8,0,0,0,0,0,0,"N",1.40,0,0,0,0,0,0,"N",1,14.3,0,0,0,0,0,0,0,0,0,0,0,0
"06081","5","336","75","0","2024","A","",21,752,133614737,7201993,223518,3418,177758,"",0.43,0.16,0.12,0.14,0.14,0.73,0.73,"",2,10.5,150,24.9,45536089,51.7,1512125,26.6,64153,40.3,605,21.5,31468,21.5
"06081","5","3362","76","0","2024","A","N",1,0,0,0,0,0,0,"N",0.14,0,0,0,0,0,0,"N",0,0.0,0,0,0,0,0,0,0,0,0,0,0,0
"06081","5","33621","77","0","2024","A","N",1,0,0,0,0,0,0,"N",0.14,0,0,0,0,0,0,"N",0,0.0,0,0,0,0,0,0,0,0,0,0,0,0
"06081","5","336211","78","0","2024","A","N",1,0,0,0,0,0,0,"N",0.41,0,0,0,0,0,0,"N",0,0.0,0,0,0,0,0,0,0,0,0,0,0,0
"06081","5","3363","76","0","2024","A","",6,41,5227084,325743,7419,2462,128010,"",0.36,0.03,0.02,0.03,0.01,0.68,0.68,"",0,0.0,2,5.1,1005015,23.8,48430,17.5,1353,22.3,367,17.5,19053,17.5
"06081","5","33631","77","0","2024","A","N",1,0,0,0,0,0,0,"N",0.42,0,0,0,0,0,0,"N",0,0.0,0,0,0,0,0,0,0,0,0,0,0,0
"06081","5","336310","78","0","2024","A","N",1,0,0,0,0,0,0,"N",0.42,0,0,0,0,0,0,"N",0,0.0,0,0,0,0,0,0,0,0,0,0,0,0
"06081","5","33632","77","0","2024","A","",4,23,3755750,192743,5424,3140,163293,"",1.48,0.14,0.12,0.15,0.10,0.85,0.85,"",0,0.0,3,15.0,1007488,36.7,64639,50.5,1596,41.7,508,19.3,26450,19.3
"06081","5","336320","78","0","2024","A","",4,23,3755750,192743,5424,3140,163293,"",1.48,0.14,0.12,0.15,0.10,0.85,0.85,"",0,0.0,3,15.0,1007488,36.7,64639,50.5,1596,41.7,508,19.3,26450,19.3
"06081","5","33639","77","0","2024","A","N",1,0,0,0,0,0,0,"N",0.19,0,0,0,0,0,0,"N",0,0.0,0,0,0,0,0,0,0,0,0,0,0,0
"06081","5","336390","78","0","2024","A","N",1,0,0,0,0,0,0,"N",0.19,0,0,0,0,0,0,"N",0,0.0,0,0,0,0,0,0,0,0,0,0,0,0
"06081","5","3364","76","0","2024","A","",8,666,123555548,6499002,201770,3567,185472,"",0.67,0.44,0.26,0.31,0.41,0.58,0.58,"N",2,33.3,0,0,0,0,0,0,0,0,0,0,0,0
"06081","5","33641","77","0","2024","A","",8,666,123555548,6499002,201770,3567,185472,"",0.67,0.44,0.26,0.31,0.41,0.58,0.58,"N",2,33.3,0,0,0,0,0,0,0,0,0,0,0,0
"06081","5","336411","78","0","2024","A","N",5,0,0,0,0,0,0,"N",1.49,0,0,0,0,0,0,"N",2,66.7,0,0,0,0,0,0,0,0,0,0,0,0
"06081","5","336413","78","0","2024","A","N",3,0,0,0,0,0,0,"N",0.61,0,0,0,0,0,0,"N",0,0.0,0,0,0,0,0,0,0,0,0,0,0,0
"06081","5","3366","76","0","2024","A","N",1,0,0,0,0,0,0,"N",0.17,0,0,0,0,0,0,"N",0,0.0,0,0,0,0,0,0,0,0,0,0,0,0
"06081","5","33661","77","0","2024","A","N",1,0,0,0,0,0,0,"N",0.17,0,0,0,0,0,0,"N",0,0.0,0,0,0,0,0,0,0,0,0,0,0,0
"06081","5","336612","78","0","2024","A","N",1,0,0,0,0,0,0,"N",0.33,0,0,0,0,0,0,"N",0,0.0,0,0,0,0,0,0,0,0,0,0,0,0
"06081","5","3369","76","0","2024","A","N",5,0,0,0,0,0,0,"N",1.32,0,0,0,0,0,0,"N",0,0.0,0,0,0,0,0,0,0,0,0,0,0,0
"06081","5","33699","77","0","2024","A","N",5,0,0,0,0,0,0,"N",1.32,0,0,0,0,0,0,"N",0,0.0,0,0,0,0,0,0,0,0,0,0,0,0
"06081","5","336991","78","0","2024","A","N",4,0,0,0,0,0,0,"N",2.64,0,0,0,0,0,0,"N",0,0.0,0,0,0,0,0,0,0,0,0,0,0,0
"06081","5","336999","78","0","2024","A","N",1,0,0,0,0,0,0,"N",0.50,0,0,0,0,0,0,"N",0,0.0,0,0,0,0,0,0,0,0,0,0,0,0
"06081","5","337","75","0","2024","A","",31,322,27065680,3037432,93544,1617,84098,"",0.66,0.35,0.19,0.30,0.35,0.55,0.55,"",0,0.0,22,7.3,3116815,13.0,298727,10.9,18675,24.9,82,5.3,4268,5.3
"06081","5","3371","76","0","2024","A","N",26,0,0,0,0,0,0,"N",0.80,0,0,0,0,0,0,"N",0,0.0,0,0,0,0,0,0,0,0,0,0,0,0
"06081","5","33711","77","0","2024","A","",22,140,10680389,1416118,35732,1471,76471,"",1.07,0.45,0.24,0.39,0.41,0.53,0.53,"",1,4.8,-9,-6.0,-712086,-6.3,30601,2.2,-5108,-12.5,-3,-0.2,-203,-0.3
"06081","5","337110","78","0","2024","A","",22,140,10680389,1416118,35732,1471,76471,"",1.07,0.45,0.24,0.39,0.41,0.53,0.53,"",1,4.8,-9,-6.0,-712086,-6.3,30601,2.2,-5108,-12.5,-3,-0.2,-203,-0.3
"06081","5","33712","77","0","2024","A","N",5,0,0,0,0,0,0,"N",0.41,0,0,0,0,0,0,"N",0,0.0,0,0,0,0,0,0,0,0,0,0,0,0
"06081","5","337121","78","0","2024","A","N",1,0,0,0,0,0,0,"N",0.45,0,0,0,0,0,0,"N",-1,-50.0,0,0,0,0,0,0,0,0,0,0,0,0
"06081","5","337122","78","0","2024","A","N",2,0,0,0,0,0,0,"N",0.31,0,0,0,0,0,0,"N",1,100.0,0,0,0,0,0,0,0,0,0,0,0,0
"06081","5","337126","78","0","2024","A","N",2,0,0,0,0,0,0,"N",1.26,0,0,0,0,0,0,"N",0,0.0,0,0,0,0,0,0,0,0,0,0,0,0
"06081","5","3372","76","0","2024","A","N",5,0,0,0,0,0,0,"N",0.43,0,0,0,0,0,0,"N",1,25.0,0,0,0,0,0,0,0,0,0,0,0,0
"06081","5","33721","77","0","2024","A","N",5,0,0,0,0,0,0,"N",0.43,0,0,0,0,0,0,"N",1,25.0,0,0,0,0,0,0,0,0,0,0,0,0
"06081","5","337211","78","0","2024","A","N",1,0,0,0,0,0,0,"N",0.70,0,0,0,0,0,0,"N",0,0.0,0,0,0,0,0,0,0,0,0,0,0,0
"06081","5","337212","78","0","2024","A","N",1,0,0,0,0,0,0,"N",0.18,0,0,0,0,0,0,"N",0,0.0,0,0,0,0,0,0,0,0,0,0,0,0
"06081","5","337214","78","0","2024","A","N",1,0,0,0,0,0,0,"N",0.83,0,0,0,0,0,0,"N",0,0.0,0,0,0,0,0,0,0,0,0,0,0,0
"06081","5","337215","78","0","2024","A","N",2,0,0,0,0,0,0,"N",0.58,0,0,0,0,0,0,"N",1,100.0,0,0,0,0,0,0,0,0,0,0,0,0
"06081","5","339","75","0","2024","A","",76,1417,229439491,13751777,480774,3114,161929,"",0.79,0.86,0.65,0.75,0.94,0.76,0.76,"",-10,-11.6,-192,-11.9,-15106793,-6.2,-335043,-2.4,30772,6.8,191,6.5,9942,6.5
"06081","5","3391","76","0","2024","A","",48,1139,199710730,11251580,395691,3372,175364,"",1.30,1.31,0.95,1.18,1.56,0.73,0.73,"",-8,-14.3,-190,-14.3,-16113373,-7.5,-315840,-2.7,23931,6.4,248,7.9,12938,8.0
"06081","5","33911","77","0","2024","A","",48,1139,199710730,11251580,395691,3372,175364,"",1.30,1.31,0.95,1.18,1.56,0.73,0.73,"",-8,-14.3,-190,-14.3,-16113373,-7.5,-315840,-2.7,23931,6.4,248,7.9,12938,8.0
"06081","5","339112","78","0","2024","A","",23,844,159841465,8270968,282012,3644,189479,"",2.11,2.23,1.55,1.89,2.59,0.69,0.69,"",-5,-17.9,-185,-18.0,-19454764,-10.9,-531413,-6.0,9007,3.3,293,8.7,15208,8.7
"06081","5","339113","78","0","2024","A","",10,202,35416103,2178145,81280,3369,175183,"",1.10,0.74,0.53,0.75,1.00,0.71,0.71,"",-2,-16.7,-5,-2.4,3522265,11.0,316150,17.0,13216,19.4,401,13.5,20858,13.5
"06081","5","339116","78","0","2024","A","",15,93,4453162,802467,32399,920,47841,"",1.17,0.82,0.26,0.73,1.08,0.32,0.32,"N",-1,-6.2,0,0,0,0,0,0,0,0,0,0,0,0
"06081","5","3399","76","0","2024","A","",28,278,29728761,2500197,85083,2056,106906,"",0.47,0.36,0.21,0.29,0.33,0.59,0.59,"",-2,-6.7,-2,-0.7,1006580,3.5,-19203,-0.8,6841,8.7,85,4.3,4418,4.3
"06081","5","33991","77","0","2024","A","N",4,0,0,0,0,0,0,"N",0.69,0,0,0,0,0,0,"N",1,33.3,0,0,0,0,0,0,0,0,0,0,0,0
"06081","5","339910","78","0","2024","A","N",4,0,0,0,0,0,0,"N",0.69,0,0,0,0,0,0,"N",1,33.3,0,0,0,0,0,0,0,0,0,0,0,0
"06081","5","33992","77","0","2024","A","N",7,0,0,0,0,0,0,"N",1.18,0,0,0,0,0,0,"N",-1,-12.5,0,0,0,0,0,0,0,0,0,0,0,0
"06081","5","339920","78","0","2024","A","N",7,0,0,0,0,0,0,"N",1.18,0,0,0,0,0,0,"N",-1,-12.5,0,0,0,0,0,0,0,0,0,0,0,0
"06081","5","33993","77","0","2024","A","N",0,0,0,0,0,0,0,"N",0.00,0,0,0,0,0,0,"N",0,0,0,0,0,0,0,0,0,0,0,0,0,0
"06081","5","339930","78","0","2024","A","N",0,0,0,0,0,0,0,"N",0.00,0,0,0,0,0,0,"N",0,0,0,0,0,0,0,0,0,0,0,0,0,0
"06081","5","33995","77","0","2024","A","",10,66,4051775,515321,13517,1190,61859,"",0.51,0.32,0.12,0.23,0.23,0.38,0.38,"",-1,-9.1,1,1.5,238162,6.2,-82496,-13.8,-3490,-20.5,67,6.0,3487,6.0
"06081","5","339950","78","0","2024","A","",10,66,4051775,515321,13517,1190,61859,"",0.51,0.32,0.12,0.23,0.23,0.38,0.38,"",-1,-9.1,1,1.5,238162,6.2,-82496,-13.8,-3490,-20.5,67,6.0,3487,6.0
"06081","5","33999","77","0","2024","A","",7,46,4428085,365160,11933,1872,97321,"",0.28,0.13,0.07,0.10,0.10,0.52,0.52,"",-1,-12.5,-4,-8.0,-215584,-4.6,-52448,-12.6,-657,-5.2,77,4.3,3981,4.3
"06081","5","339991","78","0","2024","A","N",1,0,0,0,0,0,0,"N",0.49,0,0,0,0,0,0,"N",0,0.0,0,0,0,0,0,0,0,0,0,0,0,0
"06081","5","339992","78","0","2024","A","N",2,0,0,0,0,0,0,"N",1.05,0,0,0,0,0,0,"N",0,0.0,0,0,0,0,0,0,0,0,0,0,0,0
"06081","5","339995","78","0","2024","A","N",1,0,0,0,0,0,0,"N",3.51,0,0,0,0,0,0,"N",0,0.0,0,0,0,0,0,0,0,0,0,0,0,0
"06081","5","339999","78","0","2024","A","",3,19,2675186,161390,8012,2650,137778,"",0.15,0.10,0.07,0.07,0.11,0.72,0.72,"",0,0.0,0,0.0,-79423,-2.9,-20610,-11.3,88,1.1,-90,-3.3,-4702,-3.3
"06081","5","42","74","0","2024","A","",899,14013,2368898866,126698928,3856589,3251,169055,"",0.55,0.85,0.55,0.69,0.76,0.64,0.64,"",-26,-2.8,572,4.3,86416332,3.8,12563939,11.0,801014,26.2,-15,-0.5,-761,-0.4
"06081","5","423","75","0","2024","A","",424,6884,1169148076,63494914,2151589,3266,169825,"",0.48,0.75,0.47,0.62,0.77,0.63,0.63,"",-6,-1.4,926,15.5,265167726,29.3,13465396,26.9,616969,40.2,348,11.9,18093,11.9
"06081","5","4231","76","0","2024","A","",31,613,73943217,6018919,141416,2321,120691,"",0.44,0.61,0.36,0.57,0.50,0.59,0.59,"",-4,-11.4,13,2.2,5812368,8.5,1223793,25.5,2652,1.9,135,6.2,7045,6.2
"06081","5","42311","77","0","2024","A","N",6,0,0,0,0,0,0,"N",0.30,0,0,0,0,0,0,"N",-1,-14.3,0,0,0,0,0,0,0,0,0,0,0,0
"06081","5","423110","78","0","2024","A","N",6,0,0,0,0,0,0,"N",0.30,0,0,0,0,0,0,"N",-1,-14.3,0,0,0,0,0,0,0,0,0,0,0,0
"06081","5","42312","77","0","2024","A","",23,368,30163804,3495065,84535,1574,81856,"",0.60,0.77,0.32,0.71,0.58,0.42,0.42,"",-3,-11.5,-16,-4.2,1972353,7.0,162299,4.9,-9075,-9.7,162,11.5,8457,11.5
"06081","5","423120","78","0","2024","A","",23,368,30163804,3495065,84535,1574,81856,"",0.60,0.77,0.32,0.71,0.58,0.42,0.42,"",-3,-11.5,-16,-4.2,1972353,7.0,162299,4.9,-9075,-9.7,162,11.5,8457,11.5
"06081","5","42314","77","0","2024","A","N",2,0,0,0,0,0,0,"N",0.37,0,0,0,0,0,0,"N",0,0.0,0,0,0,0,0,0,0,0,0,0,0,0
"06081","5","423140","78","0","2024","A","N",2,0,0,0,0,0,0,"N",0.37,0,0,0,0,0,0,"N",0,0.0,0,0,0,0,0,0,0,0,0,0,0,0
"06081","5","4232","76","0","2024","A","",27,417,42511058,3623924,96834,1962,102047,"",0.78,1.40,0.66,1.11,0.94,0.47,0.47,"",-2,-6.9,-39,-8.6,-2852131,-6.3,-81805,-2.2,6469,7.2,48,2.5,2512,2.5
"06081","5","42321","77","0","2024","A","",12,280,30993671,2438948,68894,2125,110494,"",0.76,2.10,1.04,1.66,1.53,0.49,0.49,"",-1,-7.7,-33,-10.5,-3416669,-9.9,-62818,-2.5,5807,9.2,11,0.5,586,0.5
"06081","5","423210","78","0","2024","A","",12,280,30993671,2438948,68894,2125,110494,"",0.76,2.10,1.04,1.66,1.53,0.49,0.49,"",-1,-7.7,-33,-10.5,-3416669,-9.9,-62818,-2.5,5807,9.2,11,0.5,586,0.5
"06081","5","42322","77","0","2024","A","",15,136,11517387,1184976,27940,1628,84635,"",0.80,0.83,0.33,0.66,0.48,0.40,0.40,"",-1,-6.2,-7,-4.9,564538,5.2,-18987,-1.6,662,2.4,152,10.3,7863,10.2
"06081","5","423220","78","0","2024","A","",15,136,11517387,1184976,27940,1628,84635,"",0.80,0.83,0.33,0.66,0.48,0.40,0.40,"",-1,-6.2,-7,-4.9,564538,5.2,-18987,-1.6,662,2.4,152,10.3,7863,10.2
"06081","5","4233","76","0","2024","A","",23,232,22938284,2024378,68536,1900,98801,"",0.35,0.33,0.14,0.24,0.28,0.44,0.44,"",-3,-11.5,-7,-2.9,2233160,10.8,-119085,-5.6,-4176,-5.7,234,14.0,12169,14.0
"06081","5","42331","77","0","2024","A","",14,89,6696695,844932,18459,1447,75244,"",0.56,0.29,0.10,0.22,0.20,0.34,0.34,"",-1,-6.7,-10,-10.1,-219961,-3.2,-104019,-11.0,-1806,-8.9,98,7.3,5083,7.2
"06081","5","423310","78","0","2024","A","",14,89,6696695,844932,18459,1447,75244,"",0.56,0.29,0.10,0.22,0.20,0.34,0.34,"",-1,-6.7,-10,-10.1,-219961,-3.2,-104019,-11.0,-1806,-8.9,98,7.3,5083,7.2
"06081","5","42332","77","0","2024","A","",5,107,12081064,889758,39300,2178,113260,"",0.29,0.59,0.32,0.45,0.55,0.54,0.54,"",-1,-16.7,-11,-9.3,328372,2.8,-65167,-6.8,-4565,-10.4,254,13.2,13237,13.2
"06081","5","423320","78","0","2024","A","",5,107,12081064,889758,39300,2178,113260,"",0.29,0.59,0.32,0.45,0.55,0.54,0.54,"",-1,-16.7,-11,-9.3,328372,2.8,-65167,-6.8,-4565,-10.4,254,13.2,13237,13.2
"06081","5","42333","77","0","2024","A","N",3,0,0,0,0,0,0,"N",0.28,0,0,0,0,0,0,"N",0,0.0,0,0,0,0,0,0,0,0,0,0,0,0
"06081","5","423330","78","0","2024","A","N",3,0,0,0,0,0,0,"N",0.28,0,0,0,0,0,0,"N",0,0.0,0,0,0,0,0,0,0,0,0,0,0,0
"06081","5","42339","77","0","2024","A","N",1,0,0,0,0,0,0,"N",0.07,0,0,0,0,0,0,"N",-1,-50.0,0,0,0,0,0,0,0,0,0,0,0,0
"06081","5","423390","78","0","2024","A","N",1,0,0,0,0,0,0,"N",0.07,0,0,0,0,0,0,"N",-1,-50.0,0,0,0,0,0,0,0,0,0,0,0,0
"06081","5","4234","76","0","2024","A","",120,2238,529191076,19645112,710715,4548,236484,"",0.63,1.12,0.72,0.87,1.08,0.64,0.64,"",2,1.7,16,0.7,67028865,14.5,845935,4.5,94885,15.4,548,13.7,28498,13.7
"06081","5","42341","77","0","2024","A","N",3,0,0,0,0,0,0,"N",0.91,0,0,0,0,0,0,"N",0,0.0,0,0,0,0,0,0,0,0,0,0,0,0
"06081","5","423410","78","0","2024","A","N",3,0,0,0,0,0,0,"N",0.91,0,0,0,0,0,0,"N",0,0.0,0,0,0,0,0,0,0,0,0,0,0,0
"06081","5","42342","77","0","2024","A","N",18,0,0,0,0,0,0,"N",1.18,0,0,0,0,0,0,"N",-1,-5.3,0,0,0,0,0,0,0,0,0,0,0,0
"06081","5","423420","78","0","2024","A","N",18,0,0,0,0,0,0,"N",1.18,0,0,0,0,0,0,"N",-1,-5.3,0,0,0,0,0,0,0,0,0,0,0,0
"06081","5","42343","77","0","2024","A","",27,540,165343572,4750068,159014,5889,306239,"",0.60,0.89,0.53,0.70,0.74,0.60,0.60,"",1,3.8,-48,-8.2,-3218366,-1.9,-318632,-6.3,13276,9.1,378,6.9,19691,6.9
"06081","5","423430","78","0","2024","A","",27,540,165343572,4750068,159014,5889,306239,"",0.60,0.89,0.53,0.70,0.74,0.60,0.60,"",1,3.8,-48,-8.2,-3218366,-1.9,-318632,-6.3,13276,9.1,378,6.9,19691,6.9
"06081","5","42344","77","0","2024","A","",11,114,7190097,906440,22160,1216,63256,"",0.64,0.72,0.21,0.53,0.46,0.29,0.29,"",1,10.0,-29,-20.3,-3534629,-33.0,-286066,-24.0,-13794,-38.4,-230,-15.9,-11917,-15.9
"06081","5","423440","78","0","2024","A","",11,114,7190097,906440,22160,1216,63256,"",0.64,0.72,0.21,0.53,0.46,0.29,0.29,"",1,10.0,-29,-20.3,-3534629,-33.0,-286066,-24.0,-13794,-38.4,-230,-15.9,-11917,-15.9
"06081","5","42345","77","0","2024","A","",40,1046,247508952,9506370,297458,4551,236662,"",0.44,1.23,0.84,0.97,1.10,0.68,0.68,"",1,2.6,52,5.2,57483751,30.3,1059118,12.5,64853,27.9,875,23.8,45490,23.8
"06081","5","423450","78","0","2024","A","",40,1046,247508952,9506370,297458,4551,236662,"",0.44,1.23,0.84,0.97,1.10,0.68,0.68,"",1,2.6,52,5.2,57483751,30.3,1059118,12.5,64853,27.9,875,23.8,45490,23.8
"06081","5","42346","77","0","2024","A","",8,112,17715722,909799,27834,3033,157707,"",1.33,1.87,1.22,1.47,1.48,0.65,0.65,"",0,0.0,-1,-0.9,-352618,-2.0,-68607,-7.0,-1600,-5.4,-31,-1.0,-1602,-1.0
"06081","5","423460","78","0","2024","A","",8,112,17715722,909799,27834,3033,157707,"",1.33,1.87,1.22,1.47,1.48,0.65,0.65,"",0,0.0,-1,-0.9,-352618,-2.0,-68607,-7.0,-1600,-5.4,-31,-1.0,-1602,-1.0
"06081","5","42349","77","0","2024","A","",14,104,22999776,905991,45848,4253,221152,"",1.13,1.02,0.81,0.77,1.47,0.79,0.79,"N",0,0.0,0,0,0,0,0,0,0,0,0,0,0,0
"06081","5","423490","78","0","2024","A","",14,104,22999776,905991,45848,4253,221152,"",1.13,1.02,0.81,0.77,1.47,0.79,0.79,"N",0,0.0,0,0,0,0,0,0,0,0,0,0,0,0
"06081","5","4235","76","0","2024","A","",10,62,5870679,472380,12056,1826,94944,"",0.34,0.17,0.07,0.12,0.12,0.39,0.39,"",-3,-23.1,-10,-13.9,-359082,-5.8,-61721,-11.6,-1058,-8.1,158,9.5,8219,9.5
"06081","5","42351","77","0","2024","A","",10,62,5870679,472380,12056,1826,94944,"",0.35,0.17,0.07,0.13,0.12,0.39,0.39,"",-3,-23.1,-10,-13.9,-359082,-5.8,-61721,-11.6,-1058,-8.1,158,9.5,8219,9.5
"06081","5","423510","78","0","2024","A","",10,62,5870679,472380,12056,1826,94944,"",0.35,0.17,0.07,0.13,0.12,0.39,0.39,"",-3,-23.1,-10,-13.9,-359082,-5.8,-61721,-11.6,-1058,-8.1,158,9.5,8219,9.5
"06081","5","4236","76","0","2024","A","",58,1586,271217750,17052746,700895,3288,170962,"",0.57,1.57,0.88,1.51,2.23,0.56,0.56,"",2,3.6,972,158.3,196999522,265.4,11567154,210.9,514066,275.2,962,41.4,50003,41.3
"06081","5","42361","77","0","2024","A","N",21,0,0,0,0,0,0,"N",0.42,0,0,0,0,0,0,"N",2,10.5,0,0,0,0,0,0,0,0,0,0,0,0
"06081","5","423610","78","0","2024","A","N",21,0,0,0,0,0,0,"N",0.42,0,0,0,0,0,0,"N",2,10.5,0,0,0,0,0,0,0,0,0,0,0,0
"06081","5","42362","77","0","2024","A","N",6,0,0,0,0,0,0,"N",0.48,0,0,0,0,0,0,"N",1,20.0,0,0,0,0,0,0,0,0,0,0,0,0
"06081","5","423620","78","0","2024","A","N",6,0,0,0,0,0,0,"N",0.48,0,0,0,0,0,0,"N",1,20.0,0,0,0,0,0,0,0,0,0,0,0,0
"06081","5","42369","77","0","2024","A","",31,312,38550462,2641493,110255,2374,123460,"",0.78,0.82,0.30,0.62,0.89,0.37,0.37,"",-1,-3.1,-34,-9.8,-4094655,-9.6,-492339,-15.7,-15399,-12.3,5,0.2,297,0.2
"06081","5","423690","78","0","2024","A","",31,312,38550462,2641493,110255,2374,123460,"",0.78,0.82,0.30,0.62,0.89,0.37,0.37,"",-1,-3.1,-34,-9.8,-4094655,-9.6,-492339,-15.7,-15399,-12.3,5,0.2,297,0.2
"06081","5","4237","76","0","2024","A","",35,778,111968186,6138970,170782,2769,143980,"",0.49,0.92,0.54,0.65,0.72,0.59,0.59,"",0,0.0,-18,-2.3,-2806016,-2.4,-276340,-4.3,-20677,-10.8,-3,-0.1,-179,-0.1
"06081","5","42371","77","0","2024","A","",3,12,794577,112000,1807,1247,64863,"",0.14,0.05,0.02,0.04,0.03,0.31,0.31,"N",0,0.0,0,0,0,0,0,0,0,0,0,0,0,0
"06081","5","423710","78","0","2024","A","",3,12,794577,112000,1807,1247,64863,"",0.14,0.05,0.02,0.04,0.03,0.31,0.31,"N",0,0.0,0,0,0,0,0,0,0,0,0,0,0,0
"06081","5","42372","77","0","2024","A","",19,177,16623441,1446669,33483,1806,93918,"",0.69,0.55,0.21,0.38,0.36,0.39,0.39,"",0,0.0,-19,-9.7,-1312863,-7.3,-239469,-14.2,-12737,-27.6,44,2.5,2289,2.5
"06081","5","423720","78","0","2024","A","",19,177,16623441,1446669,33483,1806,93918,"",0.69,0.55,0.21,0.38,0.36,0.39,0.39,"",0,0.0,-19,-9.7,-1312863,-7.3,-239469,-14.2,-12737,-27.6,44,2.5,2289,2.5
"06081","5","42373","77","0","2024","A","",10,548,90367862,4267522,123719,3168,164755,"",0.53,2.43,1.38,1.74,1.97,0.57,0.57,"",0,0.0,1,0.2,-1693958,-1.8,-34910,-0.8,-5068,-3.9,-70,-2.2,-3599,-2.1
"06081","5","423730","78","0","2024","A","",10,548,90367862,4267522,123719,3168,164755,"",0.53,2.43,1.38,1.74,1.97,0.57,0.57,"",0,0.0,1,0.2,-1693958,-1.8,-34910,-0.8,-5068,-3.9,-70,-2.2,-3599,-2.1
"06081","5","42374","77","0","2024","A","",3,40,4182306,312779,11773,2015,104776,"",0.68,0.93,0.41,0.70,1.03,0.44,0.44,"N",0,0.0,0,0,0,0,0,0,0,0,0,0,0,0
"06081","5","423740","78","0","2024","A","",3,40,4182306,312779,11773,2015,104776,"",0.68,0.93,0.41,0.70,1.03,0.44,0.44,"N",0,0.0,0,0,0,0,0,0,0,0,0,0,0,0
"06081","5","4238","76","0","2024","A","",52,436,51472632,3709216,113012,2273,118192,"",0.26,0.21,0.10,0.16,0.20,0.47,0.47,"",1,2.0,13,3.1,335547,0.7,232148,6.7,31989,39.5,-52,-2.2,-2699,-2.2
"06081","5","42381","77","0","2024","A","N",1,0,0,0,0,0,0,"N",0.06,0,0,0,0,0,0,"N",0,0.0,0,0,0,0,0,0,0,0,0,0,0,0
"06081","5","423810","78","0","2024","A","N",1,0,0,0,0,0,0,"N",0.06,0,0,0,0,0,0,"N",0,0.0,0,0,0,0,0,0,0,0,0,0,0,0
"06081","5","42382","77","0","2024","A","N",2,0,0,0,0,0,0,"N",0.08,0,0,0,0,0,0,"N",0,0.0,0,0,0,0,0,0,0,0,0,0,0,0
"06081","5","423820","78","0","2024","A","N",2,0,0,0,0,0,0,"N",0.08,0,0,0,0,0,0,"N",0,0.0,0,0,0,0,0,0,0,0,0,0,0,0
"06081","5","42383","77","0","2024","A","",26,284,36795648,2323369,56699,2491,129524,"",0.27,0.31,0.15,0.23,0.22,0.49,0.49,"",-1,-3.7,7,2.5,1278746,3.6,22173,1.0,2744,5.1,24,1.0,1266,1.0
"06081","5","423830","78","0","2024","A","",26,284,36795648,2323369,56699,2491,129524,"",0.27,0.31,0.15,0.23,0.22,0.49,0.49,"",-1,-3.7,7,2.5,1278746,3.6,22173,1.0,2744,5.1,24,1.0,1266,1.0
"06081","5","42384","77","0","2024","A","",12,102,10872696,889128,43712,2045,106334,"",0.34,0.35,0.15,0.27,0.51,0.44,0.44,"",1,9.1,-5,-4.7,-1579354,-12.7,37077,4.4,23179,112.9,-195,-8.7,-10131,-8.7
"06081","5","423840","78","0","2024","A","",12,102,10872696,889128,43712,2045,106334,"",0.34,0.35,0.15,0.27,0.51,0.44,0.44,"",1,9.1,-5,-4.7,-1579354,-12.7,37077,4.4,23179,112.9,-195,-8.7,-10131,-8.7
"06081","5","42385","77","0","2024","A","",8,26,1802851,227679,6451,1312,68247,"",0.46,0.17,0.06,0.14,0.15,0.36,0.36,"",1,14.3,9,52.9,750208,71.3,106577,88.0,3376,109.8,85,6.9,4450,7.0
"06081","5","423850","78","0","2024","A","",8,26,1802851,227679,6451,1312,68247,"",0.46,0.17,0.06,0.14,0.15,0.36,0.36,"",1,14.3,9,52.9,750208,71.3,106577,88.0,3376,109.8,85,6.9,4450,7.0
"06081","5","42386","77","0","2024","A","N",3,0,0,0,0,0,0,"N",0.24,0,0,0,0,0,0,"N",0,0.0,0,0,0,0,0,0,0,0,0,0,0,0
"06081","5","423860","78","0","2024","A","N",3,0,0,0,0,0,0,"N",0.24,0,0,0,0,0,0,"N",0,0.0,0,0,0,0,0,0,0,0,0,0,0,0
"06081","5","4239","76","0","2024","A","",67,524,60035194,4809269,137343,2204,114607,"",0.59,0.61,0.34,0.52,0.51,0.56,0.56,"",-1,-1.5,-13,-2.4,-1224507,-2.0,135317,2.9,-7181,-5.0,10,0.5,494,0.4
"06081","5","42391","77","0","2024","A","",17,117,12941937,1312715,30301,2124,110457,"",0.73,0.68,0.37,0.69,0.55,0.54,0.54,"",-2,-10.5,4,3.5,2145807,19.9,363012,38.2,8749,40.6,292,15.9,15197,16.0
"06081","5","423910","78","0","2024","A","",17,117,12941937,1312715,30301,2124,110457,"",0.73,0.68,0.37,0.69,0.55,0.54,0.54,"",-2,-10.5,4,3.5,2145807,19.9,363012,38.2,8749,40.6,292,15.9,15197,16.0
"06081","5","42392","77","0","2024","A","",4,13,729708,105000,2709,1052,54728,"",0.49,0.20,0.04,0.14,0.11,0.21,0.21,"",-1,-20.0,-4,-23.5,-2503975,-77.4,-63006,-37.5,-2394,-46.9,-2570,-71.0,-133642,-70.9
"06081","5","423920","78","0","2024","A","",4,13,729708,105000,2709,1052,54728,"",0.49,0.20,0.04,0.14,0.11,0.21,0.21,"",-1,-20.0,-4,-23.5,-2503975,-77.4,-63006,-37.5,-2394,-46.9,-2570,-71.0,-133642,-70.9
"06081","5","42393","77","0","2024","A","",8,91,8861734,884071,40788,1866,97026,"",0.39,0.34,0.18,0.31,0.55,0.54,0.54,"",0,0.0,-3,-3.2,-525278,-5.6,-74844,-7.8,-4966,-10.9,-56,-2.9,-2924,-2.9
"06081","5","423930","78","0","2024","A","",8,91,8861734,884071,40788,1866,97026,"",0.39,0.34,0.18,0.31,0.55,0.54,0.54,"",0,0.0,-3,-3.2,-525278,-5.6,-74844,-7.8,-4966,-10.9,-56,-2.9,-2924,-2.9
"06081","5","42394","77","0","2024","A","",16,70,6863470,645973,16626,1892,98401,"",0.83,0.72,0.35,0.67,0.46,0.49,0.49,"",-1,-5.9,-6,-7.9,-588195,-7.9,-33475,-4.9,-733,-4.2,0,0.0,29,0.0
"06081","5","423940","78","0","2024","A","",16,70,6863470,645973,16626,1892,98401,"",0.83,0.72,0.35,0.67,0.46,0.49,0.49,"",-1,-5.9,-6,-7.9,-588195,-7.9,-33475,-4.9,-733,-4.2,0,0.0,29,0.0
"06081","5","42399","77","0","2024","A","",22,232,30638345,1861510,46919,2537,131920,"",0.53,0.94,0.56,0.68,0.57,0.60,0.60,"",3,15.8,-5,-2.1,247134,0.8,-56370,-2.9,-7837,-14.3,68,2.8,3506,2.7
"06081","5","423990","78","0","2024","A","",22,232,30638345,1861510,46919,2537,131920,"",0.53,0.94,0.56,0.68,0.57,0.60,0.60,"",3,15.8,-5,-2.1,247134,0.8,-56370,-2.9,-7837,-14.3,68,2.8,3506,2.7
"06081","5","424","75","0","2024","A","",356,6588,1131471052,57321755,1476697,3303,171734,"",0.76,1.11,0.79,0.85,0.80,0.71,0.71,"",-10,-2.7,-241,-3.5,-146991736,-11.5,-836354,-1.4,119503,8.8,-297,-8.2,-15470,-8.3
"06081","5","4241","76","0","2024","A","",18,128,13116728,912134,33172,1966,102208,"",0.73,0.41,0.19,0.27,0.35,0.45,0.45,"",1,5.9,26,25.5,3269200,33.2,65011,7.7,5523,20.0,103,5.5,5347,5.5
"06081","5","42411","77","0","2024","A","N",2,0,0,0,0,0,0,"N",0.59,0,0,0,0,0,0,"N",0,0.0,0,0,0,0,0,0,0,0,0,0,0,0
"06081","5","424110","78","0","2024","A","N",2,0,0,0,0,0,0,"N",0.59,0,0,0,0,0,0,"N",0,0.0,0,0,0,0,0,0,0,0,0,0,0,0
"06081","5","42412","77","0","2024","A","N",9,0,0,0,0,0,0,"N",1.06,0,0,0,0,0,0,"N",0,0.0,0,0,0,0,0,0,0,0,0,0,0,0
"06081","5","424120","78","0","2024","A","N",9,0,0,0,0,0,0,"N",1.06,0,0,0,0,0,0,"N",0,0.0,0,0,0,0,0,0,0,0,0,0,0,0
"06081","5","42413","77","0","2024","A","N",7,0,0,0,0,0,0,"N",0.54,0,0,0,0,0,0,"N",1,16.7,0,0,0,0,0,0,0,0,0,0,0,0
"06081","5","424130","78","0","2024","A","N",7,0,0,0,0,0,0,"N",0.54,0,0,0,0,0,0,"N",1,16.7,0,0,0,0,0,0,0,0,0,0,0,0
"06081","5","4242","76","0","2024","A","",49,2758,798199991,24340845,681582,5565,289378,"",0.82,3.97,2.65,3.01,2.73,0.67,0.67,"",0,0.0,-234,-7.8,-158881734,-16.6,851435,3.6,144724,27.0,-588,-9.6,-30556,-9.6
"06081","5","42421","77","0","2024","A","",49,2758,798199991,24340845,681582,5565,289378,"",0.82,3.97,2.65,3.01,2.73,0.67,0.67,"",0,0.0,-234,-7.8,-158881734,-16.6,851435,3.6,144724,27.0,-588,-9.6,-30556,-9.6
"06081","5","424210","78","0","2024","A","",49,2758,798199991,24340845,681582,5565,289378,"",0.82,3.97,2.65,3.01,2.73,0.67,0.67,"",0,0.0,-234,-7.8,-158881734,-16.6,851435,3.6,144724,27.0,-588,-9.6,-30556,-9.6
"06081","5","4243","76","0","2024","A","",30,119,11645398,954762,32233,1881,97792,"",0.70,0.32,0.14,0.24,0.22,0.43,0.43,"",-2,-6.2,-1,-0.8,3333806,40.1,20556,2.2,1630,5.3,551,41.4,28625,41.4
"06081","5","42431","77","0","2024","A","N",10,0,0,0,0,0,0,"N",1.02,0,0,0,0,0,0,"N",-1,-9.1,0,0,0,0,0,0,0,0,0,0,0,0
"06081","5","424310","78","0","2024","A","N",10,0,0,0,0,0,0,"N",1.02,0,0,0,0,0,0,"N",-1,-9.1,0,0,0,0,0,0,0,0,0,0,0,0
"06081","5","42434","77","0","2024","A","N",4,0,0,0,0,0,0,"N",0.81,0,0,0,0,0,0,"N",1,33.3,0,0,0,0,0,0,0,0,0,0,0,0
"06081","5","424340","78","0","2024","A","N",4,0,0,0,0,0,0,"N",0.81,0,0,0,0,0,0,"N",1,33.3,0,0,0,0,0,0,0,0,0,0,0,0
"06081","5","42435","77","0","2024","A","",16,68,5622319,540067,20974,1600,83191,"",0.57,0.26,0.10,0.20,0.20,0.36,0.36,"",-2,-11.1,-7,-9.3,-19935,-0.4,-53938,-9.1,-789,-3.6,148,10.2,7709,10.2
"06081","5","424350","78","0","2024","A","",16,68,5622319,540067,20974,1600,83191,"",0.57,0.26,0.10,0.20,0.20,0.36,0.36,"",-2,-11.1,-7,-9.3,-19935,-0.4,-53938,-9.1,-789,-3.6,148,10.2,7709,10.2
"06081","5","4244","76","0","2024","A","",148,2634,230526882,22973618,517328,1683,87514,"",1.15,1.19,0.52,0.90,0.74,0.43,0.43,"",1,0.7,21,0.8,8949047,4.0,-1454115,-6.0,-18885,-3.5,52,3.2,2702,3.2
"06081","5","42441","77","0","2024","A","",30,343,24048419,3134162,65480,1350,70197,"",1.30,0.49,0.17,0.38,0.31,0.35,0.35,"",2,7.1,-10,-2.8,377636,1.6,-52509,-1.6,-1505,-2.2,61,4.7,3173,4.7
"06081","5","424410","78","0","2024","A","",30,343,24048419,3134162,65480,1350,70197,"",1.30,0.49,0.17,0.38,0.31,0.35,0.35,"",2,7.1,-10,-2.8,377636,1.6,-52509,-1.6,-1505,-2.2,61,4.7,3173,4.7
"06081","5","42442","77","0","2024","A","",10,147,15809553,1186285,25791,2072,107731,"",1.38,1.56,0.76,1.14,0.86,0.49,0.49,"",-1,-9.1,-25,-14.5,-635453,-3.9,-315388,-21.0,-8506,-24.8,236,12.9,12259,12.8
"06081","5","424420","78","0","2024","A","",10,147,15809553,1186285,25791,2072,107731,"",1.38,1.56,0.76,1.14,0.86,0.49,0.49,"",-1,-9.1,-25,-14.5,-635453,-3.9,-315388,-21.0,-8506,-24.8,236,12.9,12259,12.8
"06081","5","42443","77","0","2024","A","",3,12,1444974,91001,2197,2332,121257,"",0.45,0.13,0.08,0.09,0.07,0.58,0.58,"N",1,50.0,0,0,0,0,0,0,0,0,0,0,0,0
"06081","5","424430","78","0","2024","A","",3,12,1444974,91001,2197,2332,121257,"",0.45,0.13,0.08,0.09,0.07,0.58,0.58,"N",1,50.0,0,0,0,0,0,0,0,0,0,0,0,0
"06081","5","42444","77","0","2024","A","N",4,0,0,0,0,0,0,"N",2.06,0,0,0,0,0,0,"N",1,33.3,0,0,0,0,0,0,0,0,0,0,0,0
"06081","5","424440","78","0","2024","A","N",4,0,0,0,0,0,0,"N",2.06,0,0,0,0,0,0,"N",1,33.3,0,0,0,0,0,0,0,0,0,0,0,0
"06081","5","42445","77","0","2024","A","N",3,0,0,0,0,0,0,"N",0.30,0,0,0,0,0,0,"N",0,0.0,0,0,0,0,0,0,0,0,0,0,0,0
"06081","5","424450","78","0","2024","A","N",3,0,0,0,0,0,0,"N",0.30,0,0,0,0,0,0,"N",0,0.0,0,0,0,0,0,0,0,0,0,0,0,0
"06081","5","42446","77","0","2024","A","",12,216,20178338,1992073,31556,1799,93563,"",1.68,2.90,1.52,2.36,1.23,0.53,0.53,"",-1,-7.7,32,17.4,3234211,19.1,502782,33.8,5280,20.1,31,1.8,1642,1.8
"06081","5","424460","78","0","2024","A","",12,216,20178338,1992073,31556,1799,93563,"",1.68,2.90,1.52,2.36,1.23,0.53,0.53,"",-1,-7.7,32,17.4,3234211,19.1,502782,33.8,5280,20.1,31,1.8,1642,1.8
"06081","5","42447","77","0","2024","A","",8,150,10807234,1293888,33975,1385,72008,"",0.99,1.16,0.42,0.91,0.85,0.36,0.36,"",-2,-20.0,12,8.7,780943,7.8,46309,3.7,-2201,-6.1,-17,-1.2,-910,-1.2
"06081","5","424470","78","0","2024","A","",8,150,10807234,1293888,33975,1385,72008,"",0.99,1.16,0.42,0.91,0.85,0.36,0.36,"",-2,-20.0,12,8.7,780943,7.8,46309,3.7,-2201,-6.1,-17,-1.2,-910,-1.2
"06081","5","42448","77","0","2024","A","",31,688,64266527,5896514,134453,1797,93467,"",2.24,2.63,1.38,2.06,1.54,0.53,0.53,"",-1,-3.1,-78,-10.2,-4520082,-6.6,-1928277,-24.6,-17514,-11.5,69,4.0,3618,4.0
"06081","5","424480","78","0","2024","A","",31,688,64266527,5896514,134453,1797,93467,"",2.24,2.63,1.38,2.06,1.54,0.53,0.53,"",-1,-3.1,-78,-10.2,-4520082,-6.6,-1928277,-24.6,-17514,-11.5,69,4.0,3618,4.0
"06081","5","42449","77","0","2024","A","",48,921,80785971,7917542,189473,1686,87676,"",0.95,1.39,0.59,1.04,0.90,0.42,0.42,"",2,4.3,91,11.0,8609875,11.9,334384,4.4,7761,4.3,13,0.8,664,0.8
"06081","5","424490","78","0","2024","A","",48,921,80785971,7917542,189473,1686,87676,"",0.95,1.39,0.59,1.04,0.90,0.42,0.42,"",2,4.3,91,11.0,8609875,11.9,334384,4.4,7761,4.3,13,0.8,664,0.8
"06081","5","4245","76","0","2024","A","N",5,0,0,0,0,0,0,"N",0.27,0,0,0,0,0,0,"N",-1,-16.7,0,0,0,0,0,0,0,0,0,0,0,0
"06081","5","42451","77","0","2024","A","N",1,0,0,0,0,0,0,"N",0.10,0,0,0,0,0,0,"N",0,0.0,0,0,0,0,0,0,0,0,0,0,0,0
"06081","5","424510","78","0","2024","A","N",1,0,0,0,0,0,0,"N",0.10,0,0,0,0,0,0,"N",0,0.0,0,0,0,0,0,0,0,0,0,0,0,0
"06081","5","42459","77","0","2024","A","N",4,0,0,0,0,0,0,"N",0.77,0,0,0,0,0,0,"N",-1,-20.0,0,0,0,0,0,0,0,0,0,0,0,0
"06081","5","424590","78","0","2024","A","N",4,0,0,0,0,0,0,"N",0.77,0,0,0,0,0,0,"N",-1,-20.0,0,0,0,0,0,0,0,0,0,0,0,0
"06081","5","4246","76","0","2024","A","",22,114,11307964,829216,20106,1915,99557,"",0.46,0.28,0.10,0.18,0.17,0.35,0.35,"",0,0.0,-16,-12.3,-1028308,-8.3,-179930,-17.8,-5184,-20.5,95,5.2,4905,5.2
"06081","5","42461","77","0","2024","A","N",1,0,0,0,0,0,0,"N",0.09,0,0,0,0,0,0,"N",0,0.0,0,0,0,0,0,0,0,0,0,0,0,0
"06081","5","424610","78","0","2024","A","N",1,0,0,0,0,0,0,"N",0.09,0,0,0,0,0,0,"N",0,0.0,0,0,0,0,0,0,0,0,0,0,0,0
"06081","5","42469","77","0","2024","A","N",20,0,0,0,0,0,0,"N",0.54,0,0,0,0,0,0,"N",-1,-4.8,0,0,0,0,0,0,0,0,0,0,0,0
"06081","5","424690","78","0","2024","A","N",20,0,0,0,0,0,0,"N",0.54,0,0,0,0,0,0,"N",-1,-4.8,0,0,0,0,0,0,0,0,0,0,0,0
"06081","5","4247","76","0","2024","A","N",1,0,0,0,0,0,0,"N",0.05,0,0,0,0,0,0,"N",0,0.0,0,0,0,0,0,0,0,0,0,0,0,0
"06081","5","42471","77","0","2024","A","N",1,0,0,0,0,0,0,"N",0.14,0,0,0,0,0,0,"N",0,0.0,0,0,0,0,0,0,0,0,0,0,0,0
"06081","5","424710","78","0","2024","A","N",1,0,0,0,0,0,0,"N",0.14,0,0,0,0,0,0,"N",0,0.0,0,0,0,0,0,0,0,0,0,0,0,0
"06081","5","4248","76","0","2024","A","",21,505,42473740,4410341,120531,1617,84093,"",0.85,0.88,0.33,0.69,0.84,0.38,0.38,"",-3,-12.5,55,12.2,3129678,8.0,443179,11.2,24507,25.5,-64,-3.8,-3322,-3.8
"06081","5","42481","77","0","2024","A","N",6,0,0,0,0,0,0,"N",0.78,0,0,0,0,0,0,"N",0,0.0,0,0,0,0,0,0,0,0,0,0,0,0
"06081","5","424810","78","0","2024","A","N",6,0,0,0,0,0,0,"N",0.78,0,0,0,0,0,0,"N",0,0.0,0,0,0,0,0,0,0,0,0,0,0,0
"06081","5","42482","77","0","2024","A","N",15,0,0,0,0,0,0,"N",0.88,0,0,0,0,0,0,"N",-3,-16.7,0,0,0,0,0,0,0,0,0,0,0,0
"06081","5","424820","78","0","2024","A","N",15,0,0,0,0,0,0,"N",0.88,0,0,0,0,0,0,"N",-3,-16.7,0,0,0,0,0,0,0,0,0,0,0,0
"06081","5","4249","76","0","2024","A","",63,289,21891991,2513381,58559,1455,75664,"",0.62,0.33,0.13,0.25,0.21,0.39,0.39,"",-4,-6.0,-81,-21.9,-5354039,-19.7,-346316,-12.1,-24641,-29.6,40,2.8,2059,2.8
"06081","5","42491","77","0","2024","A","N",4,0,0,0,0,0,0,"N",0.12,0,0,0,0,0,0,"N",0,0.0,0,0,0,0,0,0,0,0,0,0,0,0
"06081","5","424910","78","0","2024","A","N",4,0,0,0,0,0,0,"N",0.12,0,0,0,0,0,0,"N",0,0.0,0,0,0,0,0,0,0,0,0,0,0,0
"06081","5","42492","77","0","2024","A","",5,14,1014612,126273,6073,1385,72043,"",1.02,0.20,0.08,0.16,0.24,0.38,0.38,"",0,0.0,-2,-12.5,-193371,-16.0,-16762,-11.7,-19,-0.3,-52,-3.6,-2678,-3.6
"06081","5","424920","78","0","2024","A","",5,14,1014612,126273,6073,1385,72043,"",1.02,0.20,0.08,0.16,0.24,0.38,0.38,"",0,0.0,-2,-12.5,-193371,-16.0,-16762,-11.7,-19,-0.3,-52,-3.6,-2678,-3.6
"06081","5","42493","77","0","2024","A","N",4,0,0,0,0,0,0,"N",0.41,0,0,0,0,0,0,"N",-1,-20.0,0,0,0,0,0,0,0,0,0,0,0,0
"06081","5","424930","78","0","2024","A","N",4,0,0,0,0,0,0,"N",0.41,0,0,0,0,0,0,"N",-1,-20.0,0,0,0,0,0,0,0,0,0,0,0,0
"06081","5","42494","77","0","2024","A","N",1,0,0,0,0,0,0,"N",0.16,0,0,0,0,0,0,"N",-1,-50.0,0,0,0,0,0,0,0,0,0,0,0,0
"06081","5","424940","78","0","2024","A","N",1,0,0,0,0,0,0,"N",0.16,0,0,0,0,0,0,"N",-1,-50.0,0,0,0,0,0,0,0,0,0,0,0,0
"06081","5","42495","77","0","2024","A","",5,48,3268619,448805,11976,1305,67861,"",0.68,0.76,0.24,0.65,0.71,0.32,0.32,"",0,0.0,2,4.3,185598,6.0,92746,26.0,1762,17.3,16,1.2,839,1.3
"06081","5","424950","78","0","2024","A","",5,48,3268619,448805,11976,1305,67861,"",0.68,0.76,0.24,0.65,0.71,0.32,0.32,"",0,0.0,2,4.3,185598,6.0,92746,26.0,1762,17.3,16,1.2,839,1.3
"06081","5","42499","77","0","2024","A","",44,200,14938397,1730397,35261,1433,74506,"",1.13,0.90,0.34,0.76,0.46,0.38,0.38,"",-2,-4.3,-16,-7.4,-397491,-2.6,-111070,-6.0,-8586,-19.6,65,4.8,3369,4.7
"06081","5","424990","78","0","2024","A","",44,200,14938397,1730397,35261,1433,74506,"",1.13,0.90,0.34,0.76,0.46,0.38,0.38,"",-2,-4.3,-16,-7.4,-397491,-2.6,-111070,-6.0,-8586,-19.6,65,4.8,3369,4.7
"06081","5","425","75","0","2024","A","",119,540,68279738,5882259,228303,2433,126522,"",0.40,0.41,0.15,0.41,0.54,0.38,0.38,"",-11,-8.5,-114,-17.4,-31759658,-31.7,-65103,-1.1,64542,39.4,-509,-17.3,-26463,-17.3
"06081","5","4251","76","0","2024","A","",119,540,68279738,5882259,228303,2433,126522,"",0.40,0.41,0.15,0.41,0.54,0.38,0.38,"",-11,-8.5,-114,-17.4,-31759658,-31.7,-65103,-1.1,64542,39.4,-509,-17.3,-26463,-17.3
"06081","5","42512","77","0","2024","A","",119,540,68279738,5882259,228303,2433,126522,"",0.40,0.41,0.15,0.41,0.54,0.38,0.38,"",-11,-8.5,-114,-17.4,-31759658,-31.7,-65103,-1.1,64542,39.4,-509,-17.3,-26463,-17.3
"06081","5","425120","78","0","2024","A","",119,540,68279738,5882259,228303,2433,126522,"",0.40,0.41,0.15,0.41,0.54,0.38,0.38,"",-11,-8.5,-114,-17.4,-31759658,-31.7,-65103,-1.1,64542,39.4,-509,-17.3,-26463,-17.3
"06081","5","44-45","74","0","2024","A","",1751,29358,1673821220,266534731,5948556,1096,57015,"",0.63,0.71,0.37,0.72,0.70,0.52,0.52,"",-35,-2.0,164,0.6,23078634,1.4,1271809,0.5,165372,2.9,9,0.8,471,0.8
"06081","5","441","75","0","2024","A","",138,3274,316303406,31642866,821047,1858,96611,"",0.43,0.60,0.32,0.53,0.56,0.54,0.54,"",-4,-2.8,234,7.7,15129299,5.0,3570556,12.7,85652,11.6,-47,-2.5,-2457,-2.5
"06081","5","4411","76","0","2024","A","",60,2630,279236743,25328987,685438,2041,106153,"",0.49,0.76,0.39,0.66,0.69,0.51,0.51,"",-3,-4.8,206,8.5,12618837,4.7,3081461,13.9,73208,12.0,-74,-3.5,-3838,-3.5
"06081","5","44111","77","0","2024","A","",41,2509,270814226,24193273,653470,2075,107923,"",0.75,0.84,0.42,0.72,0.77,0.51,0.51,"",1,2.5,215,9.4,16341514,6.4,3208553,15.3,72447,12.5,-58,-2.7,-3007,-2.7
"06081","5","441110","78","0","2024","A","",41,2509,270814226,24193273,653470,2075,107923,"",0.75,0.84,0.42,0.72,0.77,0.51,0.51,"",1,2.5,215,9.4,16341514,6.4,3208553,15.3,72447,12.5,-58,-2.7,-3007,-2.7
"06081","5","44112","77","0","2024","A","",19,121,8422517,1135714,31968,1337,69512,"",0.28,0.27,0.11,0.24,0.23,0.42,0.42,"",-4,-17.4,-9,-6.9,-3722677,-30.7,-127092,-10.1,761,2.4,-460,-25.6,-23913,-25.6
"06081","5","441120","78","0","2024","A","",19,121,8422517,1135714,31968,1337,69512,"",0.28,0.27,0.11,0.24,0.23,0.42,0.42,"",-4,-17.4,-9,-6.9,-3722677,-30.7,-127092,-10.1,761,2.4,-460,-25.6,-23913,-25.6
"06081","5","4412","76","0","2024","A","",9,32,1514533,253272,8206,908,47206,"",0.23,0.07,0.02,0.05,0.05,0.29,0.29,"",-1,-10.0,1,3.2,33007,2.2,-10105,-3.8,-222,-2.6,1,0.1,49,0.1
"06081","5","44122","77","0","2024","A","",9,32,1514533,253272,8206,908,47206,"",0.28,0.10,0.03,0.07,0.08,0.30,0.30,"",-1,-10.0,1,3.2,33007,2.2,-10105,-3.8,-222,-2.6,1,0.1,49,0.1
"06081","5","441222","78","0","2024","A","",3,21,770256,147112,5875,700,36390,"",0.26,0.20,0.04,0.13,0.16,0.21,0.21,"",0,0.0,2,10.5,81142,11.8,-9209,-5.9,18,0.3,17,2.5,899,2.5
"06081","5","441227","78","0","2024","A","",6,11,744277,106160,2331,1311,68178,"",0.30,0.05,0.02,0.04,0.04,0.44,0.44,"",-1,-14.3,-1,-8.3,-48135,-6.1,-896,-0.8,-240,-9.3,41,3.2,2144,3.2
"06081","5","4413","76","0","2024","A","",69,611,35552130,6060607,127403,1118,58147,"",0.43,0.39,0.19,0.39,0.40,0.49,0.49,"",0,0.0,26,4.4,2477455,7.5,499200,9.0,12666,11.0,30,2.8,1577,2.8
"06081","5","44133","77","0","2024","A","",42,395,21610299,3839075,84472,1052,54710,"",0.40,0.37,0.19,0.39,0.44,0.52,0.52,"",-1,-2.3,21,5.6,2470665,12.9,474569,14.1,14699,21.1,67,6.8,3512,6.9
"06081","5","441330","78","0","2024","A","",42,395,21610299,3839075,84472,1052,54710,"",0.40,0.37,0.19,0.39,0.44,0.52,0.52,"",-1,-2.3,21,5.6,2470665,12.9,474569,14.1,14699,21.1,67,6.8,3512,6.9
"06081","5","44134","77","0","2024","A","",27,216,13941831,2221532,42931,1239,64421,"",0.50,0.42,0.19,0.38,0.34,0.45,0.45,"",1,3.8,5,2.4,6790,0.0,24631,1.1,-2033,-4.5,-32,-2.5,-1674,-2.5
"06081","5","441340","78","0","2024","A","",27,216,13941831,2221532,42931,1239,64421,"",0.50,0.42,0.19,0.38,0.34,0.45,0.45,"",1,3.8,5,2.4,6790,0.0,24631,1.1,-2033,-4.5,-32,-2.5,-1674,-2.5
"06081","5","444","75","0","2024","A","",138,2584,143805336,21770173,557212,1070,55658,"",0.73,0.69,0.33,0.62,0.70,0.48,0.48,"",-2,-1.4,-106,-3.9,-2447209,-1.7,-1126966,-4.9,18439,3.4,24,2.3,1282,2.4
"06081","5","4441","76","0","2024","A","",122,2435,135308201,20466960,531548,1069,55566,"",0.86,0.76,0.36,0.67,0.82,0.47,0.47,"",-1,-0.8,-125,-4.9,-3356584,-2.4,-1280964,-5.9,13115,2.5,27,2.6,1402,2.6
"06081","5","44411","77","0","2024","A","N",14,0,0,0,0,0,0,"N",0.57,0,0,0,0,0,0,"N",-1,-6.7,0,0,0,0,0,0,0,0,0,0,0,0
"06081","5","444110","78","0","2024","A","N",14,0,0,0,0,0,0,"N",0.57,0,0,0,0,0,0,"N",-1,-6.7,0,0,0,0,0,0,0,0,0,0,0,0
"06081","5","44412","77","0","2024","A","N",17,0,0,0,0,0,0,"N",0.97,0,0,0,0,0,0,"N",-3,-15.0,0,0,0,0,0,0,0,0,0,0,0,0
"06081","5","444120","78","0","2024","A","N",17,0,0,0,0,0,0,"N",0.97,0,0,0,0,0,0,"N",-3,-15.0,0,0,0,0,0,0,0,0,0,0,0,0
"06081","5","44414","77","0","2024","A","",14,168,8452577,1441747,35517,965,50164,"",0.35,0.36,0.18,0.33,0.42,0.49,0.49,"",-1,-6.7,-3,-1.8,386497,4.8,-48038,-3.2,-1914,-5.1,59,6.5,3063,6.5
"06081","5","444140","78","0","2024","A","",14,168,8452577,1441747,35517,965,50164,"",0.35,0.36,0.18,0.33,0.42,0.49,0.49,"",-1,-6.7,-3,-1.8,386497,4.8,-48038,-3.2,-1914,-5.1,59,6.5,3063,6.5
"06081","5","44418","77","0","2024","A","",77,710,57422767,5950567,204157,1556,80915,"",1.28,1.06,0.46,0.81,1.09,0.44,0.44,"",4,5.5,-37,-5.0,-2527091,-4.2,-218409,-3.5,12176,6.3,12,0.8,607,0.8
"06081","5","444180","78","0","2024","A","",77,710,57422767,5950567,204157,1556,80915,"",1.28,1.06,0.46,0.81,1.09,0.44,0.44,"",4,5.5,-37,-5.0,-2527091,-4.2,-218409,-3.5,12176,6.3,12,0.8,607,0.8
"06081","5","4442","76","0","2024","A","",17,149,8497135,1303213,25664,1099,57156,"",0.37,0.30,0.16,0.29,0.17,0.55,0.55,"",1,6.2,19,14.6,909375,12.0,153998,13.4,5324,26.2,-27,-2.4,-1399,-2.4
"06081","5","44424","77","0","2024","A","",17,149,8497135,1303213,25664,1099,57156,"",0.47,0.36,0.21,0.35,0.20,0.59,0.59,"N",1,6.2,0,0,0,0,0,0,0,0,0,0,0,0
"06081","5","444240","78","0","2024","A","",17,149,8497135,1303213,25664,1099,57156,"",0.47,0.36,0.21,0.35,0.20,0.59,0.59,"N",1,6.2,0,0,0,0,0,0,0,0,0,0,0,0
"06081","5","445","75","0","2024","A","",336,7954,367368088,65891890,1250990,888,46188,"",0.81,0.92,0.49,0.90,0.85,0.53,0.53,"",1,0.3,145,1.9,16072173,4.6,389578,0.6,19102,1.6,23,2.7,1202,2.7
"06081","5","4451","76","0","2024","A","",212,7080,324396765,58319972,1051687,881,45820,"",0.84,0.94,0.50,0.92,0.88,0.53,0.53,"",2,1.0,125,1.8,15759163,5.1,598497,1.0,22561,2.2,28,3.3,1445,3.3
"06081","5","44511","77","0","2024","A","",167,6864,316651254,56301274,1009247,887,46129,"",1.10,0.98,0.52,0.96,0.96,0.53,0.53,"",2,1.2,115,1.7,15447385,5.1,497822,0.9,22463,2.3,29,3.4,1497,3.4
"06081","5","445110","78","0","2024","A","",167,6864,316651254,56301274,1009247,887,46129,"",1.10,0.98,0.52,0.96,0.96,0.53,0.53,"",2,1.2,115,1.7,15447385,5.1,497822,0.9,22463,2.3,29,3.4,1497,3.4
"06081","5","44513","77","0","2024","A","",45,215,7745511,2018698,42440,692,35970,"",0.45,0.40,0.17,0.42,0.30,0.42,0.42,"",0,0.0,8,3.9,311778,4.2,100675,5.2,98,0.2,0,0.0,0,0.0
"06081","5","445131","78","0","2024","A","",41,201,7111774,1886892,39147,679,35323,"",0.45,0.45,0.21,0.49,0.36,0.46,0.46,"",0,0.0,8,4.1,233640,3.4,94444,5.3,1219,3.2,-7,-1.0,-330,-0.9
"06081","5","445132","78","0","2024","A","",4,14,633737,131806,3293,871,45267,"",0.45,0.14,0.05,0.13,0.10,0.36,0.36,"",0,0.0,0,0.0,78138,14.1,6231,5.0,-1121,-25.4,94,12.1,4860,12.0
"06081","5","4452","76","0","2024","A","",63,478,23580449,3889439,93263,949,49357,"",0.85,0.74,0.39,0.68,0.56,0.53,0.53,"",-2,-3.1,-34,-6.6,-1527173,-6.1,-414200,-9.6,-17542,-15.8,6,0.6,303,0.6
"06081","5","44523","77","0","2024","A","",19,198,10913177,1600653,35739,1063,55257,"",2.15,2.03,1.14,1.88,1.30,0.56,0.56,"",-1,-5.0,-16,-7.5,-1612025,-12.9,-296674,-15.6,-11368,-24.1,-64,-5.7,-3363,-5.7
"06081","5","445230","78","0","2024","A","",19,198,10913177,1600653,35739,1063,55257,"",2.15,2.03,1.14,1.88,1.30,0.56,0.56,"",-1,-5.0,-16,-7.5,-1612025,-12.9,-296674,-15.6,-11368,-24.1,-64,-5.7,-3363,-5.7
"06081","5","44524","77","0","2024","A","N",6,0,0,0,0,0,0,"N",0.34,0,0,0,0,0,0,"N",-1,-14.3,0,0,0,0,0,0,0,0,0,0,0,0
"06081","5","445240","78","0","2024","A","N",6,0,0,0,0,0,0,"N",0.34,0,0,0,0,0,0,"N",-1,-14.3,0,0,0,0,0,0,0,0,0,0,0,0
"06081","5","44525","77","0","2024","A","N",3,0,0,0,0,0,0,"N",0.51,0,0,0,0,0,0,"N",0,0.0,0,0,0,0,0,0,0,0,0,0,0,0
"06081","5","445250","78","0","2024","A","N",3,0,0,0,0,0,0,"N",0.51,0,0,0,0,0,0,"N",0,0.0,0,0,0,0,0,0,0,0,0,0,0,0
"06081","5","44529","77","0","2024","A","",35,193,7745654,1526047,43114,772,40150,"",0.83,0.58,0.26,0.51,0.47,0.45,0.45,"",-1,-2.8,-21,-9.8,-26932,-0.3,-142299,-8.5,-6546,-13.2,73,10.4,3787,10.4
"06081","5","445291","78","0","2024","A","N",6,0,0,0,0,0,0,"N",0.89,0,0,0,0,0,0,"N",1,20.0,0,0,0,0,0,0,0,0,0,0,0,0
"06081","5","445292","78","0","2024","A","N",10,0,0,0,0,0,0,"N",1.23,0,0,0,0,0,0,"N",-1,-9.1,0,0,0,0,0,0,0,0,0,0,0,0
"06081","5","445298","78","0","2024","A","",19,89,4423237,814150,17184,952,49514,"",0.70,0.41,0.22,0.40,0.29,0.53,0.53,"",-1,-5.0,-20,-18.3,-97880,-2.2,-152104,-15.7,-5457,-24.1,152,19.0,7909,19.0
"06081","5","4453","76","0","2024","A","",61,396,19390874,3682479,106040,941,48946,"",0.69,0.86,0.52,0.93,1.03,0.60,0.60,"",1,1.7,54,15.8,1840183,10.5,205281,5.9,14083,15.3,-46,-4.7,-2384,-4.6
"06081","5","44532","77","0","2024","A","",61,396,19390874,3682479,106040,941,48946,"",0.69,0.86,0.52,0.93,1.03,0.60,0.60,"",1,1.7,54,15.8,1840183,10.5,205281,5.9,14083,15.3,-46,-4.7,-2384,-4.6
"06081","5","445320","78","0","2024","A","",61,396,19390874,3682479,106040,941,48946,"",0.69,0.86,0.52,0.93,1.03,0.60,0.60,"",1,1.7,54,15.8,1840183,10.5,205281,5.9,14083,15.3,-46,-4.7,-2384,-4.6
"06081","5","449","75","0","2024","A","",186,1790,123087529,14605651,416285,1322,68754,"",0.81,0.83,0.37,0.70,0.73,0.44,0.44,"",-11,-5.6,-188,-9.5,-11055070,-8.2,-1694756,-10.4,6759,1.7,18,1.4,928,1.4
"06081","5","4491","76","0","2024","A","",97,929,57547017,8189944,209979,1191,61917,"",0.81,0.85,0.37,0.76,0.74,0.44,0.44,"",-4,-4.0,-87,-8.6,-3105668,-5.1,-1013501,-11.0,-9196,-4.2,43,3.7,2239,3.8
"06081","5","44911","77","0","2024","A","",50,505,28586286,4496623,104393,1088,56578,"",0.85,0.94,0.35,0.80,0.71,0.38,0.38,"",0,0.0,-17,-3.3,-2283366,-7.4,-304279,-6.3,-11270,-9.7,-48,-4.2,-2512,-4.3
"06081","5","449110","78","0","2024","A","",50,505,28586286,4496623,104393,1088,56578,"",0.85,0.94,0.35,0.80,0.71,0.38,0.38,"",0,0.0,-17,-3.3,-2283366,-7.4,-304279,-6.3,-11270,-9.7,-48,-4.2,-2512,-4.3
"06081","5","44912","77","0","2024","A","",47,424,28960731,3693321,105586,1313,68277,"",0.77,0.76,0.39,0.72,0.77,0.52,0.52,"",-4,-7.8,-70,-14.2,-822302,-2.8,-709222,-16.1,2074,2.0,153,13.2,7977,13.2
"06081","5","449121","78","0","2024","A","",15,76,5375772,713173,16449,1360,70734,"",0.64,0.41,0.16,0.35,0.30,0.40,0.40,"",-1,-6.2,-7,-8.4,-517798,-8.8,-42325,-5.6,-3258,-16.5,-4,-0.3,-202,-0.3
"06081","5","449122","78","0","2024","A","",4,20,1547126,179070,7408,1463,76088,"",0.53,0.56,0.26,0.48,0.64,0.46,0.46,"",-2,-33.3,-3,-13.0,-314016,-16.9,-7934,-4.2,1178,18.9,-122,-7.7,-6324,-7.7
"06081","5","449129","78","0","2024","A","",28,328,22037833,2801078,81729,1293,67223,"",0.92,0.97,0.63,1.03,1.16,0.65,0.65,"",-2,-6.7,-60,-15.5,9512,0.0,-658963,-19.0,4154,5.4,202,18.5,10486,18.5
"06081","5","4492","76","0","2024","A","",89,861,65540512,6415707,206306,1464,76136,"",0.82,0.82,0.36,0.63,0.71,0.44,0.44,"",-7,-7.3,-100,-10.4,-7949402,-10.8,-681255,-9.6,15955,8.4,-6,-0.4,-303,-0.4
"06081","5","44921","77","0","2024","A","",89,861,65540512,6415707,206306,1464,76136,"",0.82,0.82,0.36,0.63,0.71,0.44,0.44,"",-7,-7.3,-100,-10.4,-7949402,-10.8,-681255,-9.6,15955,8.4,-6,-0.4,-303,-0.4
"06081","5","449210","78","0","2024","A","",89,861,65540512,6415707,206306,1464,76136,"",0.82,0.82,0.36,0.63,0.71,0.44,0.44,"",-7,-7.3,-100,-10.4,-7949402,-10.8,-681255,-9.6,15955,8.4,-6,-0.4,-303,-0.4
"06081","5","455","75","0","2024","A","",76,5194,330706564,58034401,1208479,1224,63666,"",0.35,0.59,0.44,0.80,0.84,0.74,0.74,"",-4,-5.0,399,8.3,43717575,15.2,3864257,7.1,120497,11.1,73,6.3,3818,6.4
"06081","5","4551","76","0","2024","A","",30,2653,91626569,22815460,448444,664,34538,"",0.93,0.97,0.44,1.08,0.92,0.45,0.45,"",7,30.4,1073,67.9,40667002,79.8,10147307,80.1,221021,97.2,44,7.1,2294,7.1
"06081","5","45511","77","0","2024","A","",30,2653,91626569,22815460,448444,664,34538,"",0.93,0.97,0.44,1.08,0.92,0.45,0.45,"",7,30.4,1073,67.9,40667002,79.8,10147307,80.1,221021,97.2,44,7.1,2294,7.1
"06081","5","455110","78","0","2024","A","",30,2653,91626569,22815460,448444,664,34538,"",0.93,0.97,0.44,1.08,0.92,0.45,0.45,"",7,30.4,1073,67.9,40667002,79.8,10147307,80.1,221021,97.2,44,7.1,2294,7.1
"06081","5","4552","76","0","2024","A","",46,2542,239079995,35218941,760035,1809,94070,"",0.25,0.42,0.44,0.69,0.80,1.04,1.04,"",-12,-20.7,-673,-20.9,3050573,1.3,-6283050,-15.1,-100524,-11.7,397,28.1,20653,28.1
"06081","5","45521","77","0","2024","A","",46,2542,239079995,35218941,760035,1809,94070,"",0.25,0.42,0.44,0.69,0.80,1.04,1.04,"",-12,-20.7,-673,-20.9,3050573,1.3,-6283050,-15.1,-100524,-11.7,397,28.1,20653,28.1
"06081","5","455211","78","0","2024","A","",8,2104,191242718,28672683,603526,1748,90891,"",0.49,0.47,0.46,0.75,0.93,0.97,0.97,"",1,14.3,375,21.7,38599863,25.3,3745111,15.0,102384,20.4,50,2.9,2594,2.9
"06081","5","455219","78","0","2024","A","",38,437,47837277,6546258,156509,2103,109363,"",0.23,0.28,0.38,0.52,0.51,1.35,1.35,"",-13,-25.5,-1049,-70.6,-35549290,-42.6,-10028161,-60.5,-202908,-56.5,1024,94.9,53255,94.9
"06081","5","456","75","0","2024","A","",185,1853,118121585,16000864,347936,1226,63746,"",0.62,0.64,0.31,0.62,0.57,0.49,0.49,"",-16,-8.0,-190,-9.3,-26898790,-18.5,-2309277,-12.6,-29055,-7.7,-139,-10.2,-7224,-10.2
"06081","5","4561","76","0","2024","A","",185,1853,118121585,16000864,347936,1226,63746,"",0.62,0.64,0.31,0.62,0.57,0.49,0.49,"",-16,-8.0,-190,-9.3,-26898790,-18.5,-2309277,-12.6,-29055,-7.7,-139,-10.2,-7224,-10.2
"06081","5","45611","77","0","2024","A","",94,1082,61934936,9700565,169035,1101,57232,"",0.58,0.57,0.24,0.57,0.46,0.42,0.42,"",-7,-6.9,-84,-7.2,-5264295,-7.8,-760919,-7.3,-7593,-4.3,-7,-0.6,-392,-0.7
"06081","5","456110","78","0","2024","A","",94,1082,61934936,9700565,169035,1101,57232,"",0.58,0.57,0.24,0.57,0.46,0.42,0.42,"",-7,-6.9,-84,-7.2,-5264295,-7.8,-760919,-7.3,-7593,-4.3,-7,-0.6,-392,-0.7
"06081","5","45612","77","0","2024","A","",33,498,38723157,3897649,113437,1496,77783,"",0.64,0.99,0.85,1.03,1.12,0.86,0.86,"",-1,-2.9,-31,-5.9,-6480855,-14.3,-466230,-10.7,2213,2.0,-147,-8.9,-7669,-9.0
"06081","5","456120","78","0","2024","A","",33,498,38723157,3897649,113437,1496,77783,"",0.64,0.99,0.85,1.03,1.12,0.86,0.86,"",-1,-2.9,-31,-5.9,-6480855,-14.3,-466230,-10.7,2213,2.0,-147,-8.9,-7669,-9.0
"06081","5","45613","77","0","2024","A","",26,133,7398907,1161306,29115,1070,55631,"",0.95,0.69,0.29,0.63,0.64,0.42,0.43,"",-1,-3.7,5,3.9,547090,8.0,-6653,-0.6,5587,23.7,43,4.2,2206,4.1
"06081","5","456130","78","0","2024","A","",26,133,7398907,1161306,29115,1070,55631,"",0.95,0.69,0.29,0.63,0.64,0.42,0.43,"",-1,-3.7,5,3.9,547090,8.0,-6653,-0.6,5587,23.7,43,4.2,2206,4.1
"06081","5","45619","77","0","2024","A","",32,140,10064585,1241344,36349,1382,71890,"",0.56,0.44,0.20,0.39,0.41,0.47,0.47,"",-8,-20.0,-80,-36.4,-15700730,-60.9,-1075475,-46.4,-29262,-44.6,-870,-38.6,-45225,-38.6
"06081","5","456191","78","0","2024","A","",16,41,2562228,322110,8246,1204,62621,"",0.59,0.32,0.16,0.29,0.27,0.49,0.49,"",-3,-15.8,-4,-8.9,-525865,-17.0,-128239,-28.5,-3786,-31.5,-118,-8.9,-6131,-8.9
"06081","5","456199","78","0","2024","A","",16,99,7502357,919234,28103,1456,75718,"",0.53,0.51,0.23,0.45,0.48,0.44,0.44,"",-5,-23.8,-76,-43.4,-15174865,-66.9,-947236,-50.8,-25476,-47.5,-1035,-41.5,-53804,-41.5
"06081","5","457","75","0","2024","A","",130,1060,44391457,9753624,213777,805,41859,"",0.43,0.38,0.18,0.38,0.38,0.47,0.47,"",3,2.4,-9,-0.8,2636700,6.3,-115542,-1.2,-11601,-5.1,54,7.2,2796,7.2
"06081","5","4571","76","0","2024","A","N",128,0,0,0,0,0,0,"N",0.45,0,0,0,0,0,0,"N",3,2.4,0,0,0,0,0,0,0,0,0,0,0,0
"06081","5","45711","77","0","2024","A","",114,911,34636881,8336364,168236,731,38017,"",0.43,0.38,0.18,0.39,0.39,0.47,0.47,"",2,1.8,-16,-1.7,918524,2.7,-250938,-2.9,-11656,-6.5,31,4.4,1630,4.5
"06081","5","457110","78","0","2024","A","",114,911,34636881,8336364,168236,731,38017,"",0.43,0.38,0.18,0.39,0.39,0.47,0.47,"",2,1.8,-16,-1.7,918524,2.7,-250938,-2.9,-11656,-6.5,31,4.4,1630,4.5
"06081","5","45712","77","0","2024","A","N",14,0,0,0,0,0,0,"N",0.58,0,0,0,0,0,0,"N",1,7.7,0,0,0,0,0,0,0,0,0,0,0,0
"06081","5","457120","78","0","2024","A","N",14,0,0,0,0,0,0,"N",0.58,0,0,0,0,0,0,"N",1,7.7,0,0,0,0,0,0,0,0,0,0,0,0
"06081","5","4572","76","0","2024","A","N",2,0,0,0,0,0,0,"N",0.10,0,0,0,0,0,0,"N",0,0.0,0,0,0,0,0,0,0,0,0,0,0,0
"06081","5","45721","77","0","2024","A","N",2,0,0,0,0,0,0,"N",0.10,0,0,0,0,0,0,"N",0,0.0,0,0,0,0,0,0,0,0,0,0,0,0
"06081","5","457210","78","0","2024","A","N",2,0,0,0,0,0,0,"N",0.10,0,0,0,0,0,0,"N",0,0.0,0,0,0,0,0,0,0,0,0,0,0,0
"06081","5","458","75","0","2024","A","",203,2119,74921437,17271964,373884,680,35356,"",0.66,0.69,0.27,0.73,0.58,0.39,0.39,"",-9,-4.2,22,1.0,2782776,3.9,-210676,-1.2,2026,0.5,19,2.9,962,2.8
"06081","5","4581","76","0","2024","A","",128,1533,47815108,12484249,256435,600,31184,"",0.60,0.67,0.25,0.73,0.55,0.37,0.37,"",-7,-5.2,3,0.2,1031079,2.2,-264916,-2.1,2004,0.8,12,2.0,600,2.0
"06081","5","45811","77","0","2024","A","",128,1533,47815108,12484249,256435,600,31184,"",0.60,0.67,0.25,0.73,0.55,0.37,0.37,"",-7,-5.2,3,0.2,1031079,2.2,-264916,-2.1,2004,0.8,12,2.0,600,2.0
"06081","5","458110","78","0","2024","A","",128,1533,47815108,12484249,256435,600,31184,"",0.60,0.67,0.25,0.73,0.55,0.37,0.37,"",-7,-5.2,3,0.2,1031079,2.2,-264916,-2.1,2004,0.8,12,2.0,600,2.0
"06081","5","4582","76","0","2024","A","",34,383,10079501,2935170,63970,506,26294,"",0.85,0.83,0.27,0.86,0.77,0.33,0.33,"",1,3.0,26,7.3,897898,9.8,170138,6.2,3795,6.3,12,2.4,599,2.3
"06081","5","45821","77","0","2024","A","",34,383,10079501,2935170,63970,506,26294,"",0.85,0.83,0.27,0.86,0.77,0.33,0.33,"",1,3.0,26,7.3,897898,9.8,170138,6.2,3795,6.3,12,2.4,599,2.3
"06081","5","458210","78","0","2024","A","",34,383,10079501,2935170,63970,506,26294,"",0.85,0.83,0.27,0.86,0.77,0.33,0.33,"",1,3.0,26,7.3,897898,9.8,170138,6.2,3795,6.3,12,2.4,599,2.3
"06081","5","4583","76","0","2024","A","",42,202,17026828,1852545,53479,1618,84118,"",0.76,0.60,0.35,0.58,0.60,0.58,0.58,"",-2,-4.5,-8,-3.8,853799,5.3,-115898,-5.9,-3773,-6.6,140,9.5,7256,9.4
"06081","5","45831","77","0","2024","A","N",39,0,0,0,0,0,0,"N",0.75,0,0,0,0,0,0,"N",-3,-7.1,0,0,0,0,0,0,0,0,0,0,0,0
"06081","5","458310","78","0","2024","A","N",39,0,0,0,0,0,0,"N",0.75,0,0,0,0,0,0,"N",-3,-7.1,0,0,0,0,0,0,0,0,0,0,0,0
"06081","5","45832","77","0","2024","A","N",2,0,0,0,0,0,0,"N",0.64,0,0,0,0,0,0,"N",0,0.0,0,0,0,0,0,0,0,0,0,0,0,0
"06081","5","458320","78","0","2024","A","N",2,0,0,0,0,0,0,"N",0.64,0,0,0,0,0,0,"N",0,0.0,0,0,0,0,0,0,0,0,0,0,0,0
"06081","5","459","75","0","2024","A","",358,3529,155115818,31563298,758946,845,43955,"",0.73,0.87,0.39,0.93,0.83,0.45,0.45,"",3,0.8,-144,-3.9,-16858820,-9.8,-1095365,-3.4,-46447,-5.8,-56,-6.2,-2872,-6.1
"06081","5","4591","76","0","2024","A","",100,1244,38338968,10278081,253662,593,30817,"",0.85,0.95,0.36,0.95,1.09,0.38,0.38,"",2,2.0,-30,-2.4,-1853926,-4.6,-331473,-3.1,14569,6.1,-14,-2.3,-730,-2.3
"06081","5","45911","77","0","2024","A","",59,835,27528589,6957063,176211,634,32975,"",0.91,1.05,0.40,1.02,1.17,0.38,0.38,"",4,7.3,-42,-4.8,-1792515,-6.1,-219210,-3.1,11399,6.9,-9,-1.4,-458,-1.4
"06081","5","459110","78","0","2024","A","",59,835,27528589,6957063,176211,634,32975,"",0.91,1.05,0.40,1.02,1.17,0.38,0.38,"",4,7.3,-42,-4.8,-1792515,-6.1,-219210,-3.1,11399,6.9,-9,-1.4,-458,-1.4
"06081","5","45912","77","0","2024","A","",23,292,7216237,2402535,57527,476,24756,"",0.70,0.87,0.30,0.91,1.00,0.35,0.35,"",-2,-8.0,13,4.7,35433,0.5,-76880,-3.1,4247,8.0,-20,-4.0,-1020,-4.0
"06081","5","459120","78","0","2024","A","",23,292,7216237,2402535,57527,476,24756,"",0.70,0.87,0.30,0.91,1.00,0.35,0.35,"",-2,-8.0,13,4.7,35433,0.5,-76880,-3.1,4247,8.0,-20,-4.0,-1020,-4.0
"06081","5","45913","77","0","2024","A","",9,68,1451123,505137,9424,411,21392,"",0.85,0.82,0.29,0.87,0.85,0.36,0.36,"",0,0.0,1,1.5,-71978,-4.7,-11934,-2.3,-903,-8.7,-29,-6.6,-1483,-6.5
"06081","5","459130","78","0","2024","A","",9,68,1451123,505137,9424,411,21392,"",0.85,0.82,0.29,0.87,0.85,0.36,0.36,"",0,0.0,1,1.5,-71978,-4.7,-11934,-2.3,-903,-8.7,-29,-6.6,-1483,-6.5
"06081","5","45914","77","0","2024","A","",9,50,2143019,413346,10500,826,42932,"",0.94,0.56,0.24,0.58,0.70,0.43,0.43,"",0,0.0,-2,-3.8,-24866,-1.1,-23449,-5.4,-174,-1.6,23,2.9,1175,2.8
"06081","5","459140","78","0","2024","A","",9,50,2143019,413346,10500,826,42932,"",0.94,0.56,0.24,0.58,0.70,0.43,0.43,"",0,0.0,-2,-3.8,-24866,-1.1,-23449,-5.4,-174,-1.6,23,2.9,1175,2.8
"06081","5","4592","76","0","2024","A","",14,145,4280811,1185805,21788,566,29438,"",0.69,0.82,0.30,0.82,0.58,0.36,0.36,"",-1,-6.7,-21,-12.7,-557891,-11.5,-131965,-10.0,-2884,-11.7,4,0.7,201,0.7
"06081","5","45921","77","0","2024","A","",14,145,4280811,1185805,21788,566,29438,"",0.69,0.82,0.30,0.82,0.58,0.36,0.36,"",-1,-6.7,-21,-12.7,-557891,-11.5,-131965,-10.0,-2884,-11.7,4,0.7,201,0.7
"06081","5","459210","78","0","2024","A","",14,145,4280811,1185805,21788,566,29438,"",0.69,0.82,0.30,0.82,0.58,0.36,0.36,"",-1,-6.7,-21,-12.7,-557891,-11.5,-131965,-10.0,-2884,-11.7,4,0.7,201,0.7
"06081","5","4593","76","0","2024","A","",27,104,3812792,826432,16446,708,36809,"",0.86,0.66,0.32,0.63,0.44,0.48,0.48,"",0,0.0,4,4.0,199324,5.5,8282,1.0,337,2.1,15,2.2,764,2.1
"06081","5","45931","77","0","2024","A","",27,104,3812792,826432,16446,708,36809,"",0.86,0.66,0.32,0.63,0.44,0.48,0.48,"",0,0.0,4,4.0,199324,5.5,8282,1.0,337,2.1,15,2.2,764,2.1
"06081","5","459310","78","0","2024","A","",27,104,3812792,826432,16446,708,36809,"",0.86,0.66,0.32,0.63,0.44,0.48,0.48,"",0,0.0,4,4.0,199324,5.5,8282,1.0,337,2.1,15,2.2,764,2.1
"06081","5","4594","76","0","2024","A","",58,645,35628855,5451003,137083,1062,55203,"",0.88,1.22,0.73,1.25,1.24,0.59,0.59,"",2,3.6,31,5.0,3281681,10.1,-136971,-2.5,-27448,-16.7,48,4.7,2499,4.7
"06081","5","45941","77","0","2024","A","",13,130,8090528,1240490,31559,1199,62355,"",0.81,0.75,0.35,0.77,0.83,0.48,0.48,"",1,8.3,-5,-3.7,-475363,-5.5,-241835,-16.3,-13236,-29.5,-26,-2.1,-1332,-2.1
"06081","5","459410","78","0","2024","A","",13,130,8090528,1240490,31559,1199,62355,"",0.81,0.75,0.35,0.77,0.83,0.48,0.48,"",1,8.3,-5,-3.7,-475363,-5.5,-241835,-16.3,-13236,-29.5,-26,-2.1,-1332,-2.1
"06081","5","45942","77","0","2024","A","",45,516,27538327,4210513,105524,1027,53403,"",0.90,1.46,1.05,1.53,1.44,0.72,0.72,"",1,2.3,37,7.7,3757044,15.8,104864,2.6,-14212,-11.9,73,7.7,3781,7.6
"06081","5","459420","78","0","2024","A","",45,516,27538327,4210513,105524,1027,53403,"",0.90,1.46,1.05,1.53,1.44,0.72,0.72,"",1,2.3,37,7.7,3757044,15.8,104864,2.6,-14212,-11.9,73,7.7,3781,7.6
"06081","5","4595","76","0","2024","A","",25,511,18188174,4561721,75659,684,35564,"",0.51,0.91,0.41,1.49,0.95,0.46,0.46,"",-3,-10.7,-127,-19.9,-12699324,-41.1,-641488,-12.3,-57812,-43.3,-247,-26.5,-12836,-26.5
"06081","5","45951","77","0","2024","A","",25,511,18188174,4561721,75659,684,35564,"",0.51,0.91,0.41,1.49,0.95,0.46,0.46,"",-3,-10.7,-127,-19.9,-12699324,-41.1,-641488,-12.3,-57812,-43.3,-247,-26.5,-12836,-26.5
"06081","5","459510","78","0","2024","A","",25,511,18188174,4561721,75659,684,35564,"",0.51,0.91,0.41,1.49,0.95,0.46,0.46,"",-3,-10.7,-127,-19.9,-12699324,-41.1,-641488,-12.3,-57812,-43.3,-247,-26.5,-12836,-26.5
"06081","5","4599","76","0","2024","A","",134,879,54866218,9260256,254308,1200,62413,"",0.66,0.67,0.33,0.71,0.62,0.49,0.49,"",2,1.5,-2,-0.2,-5228684,-8.7,138250,1.5,26791,11.8,-112,-8.5,-5812,-8.5
"06081","5","45991","77","0","2024","A","",27,375,19605265,4476178,75355,1005,52234,"",0.93,1.02,0.53,1.34,1.10,0.52,0.51,"",0,0.0,-9,-2.3,-392702,-2.0,-179529,-3.9,909,1.2,3,0.3,145,0.3
"06081","5","459910","78","0","2024","A","",27,375,19605265,4476178,75355,1005,52234,"",0.93,1.02,0.53,1.34,1.10,0.52,0.51,"",0,0.0,-9,-2.3,-392702,-2.0,-179529,-3.9,909,1.2,3,0.3,145,0.3
"06081","5","45992","77","0","2024","A","N",6,0,0,0,0,0,0,"N",0.44,0,0,0,0,0,0,"N",-1,-14.3,0,0,0,0,0,0,0,0,0,0,0,0
"06081","5","459920","78","0","2024","A","N",6,0,0,0,0,0,0,"N",0.44,0,0,0,0,0,0,"N",-1,-14.3,0,0,0,0,0,0,0,0,0,0,0,0
"06081","5","45993","77","0","2024","A","N",2,0,0,0,0,0,0,"N",0.38,0,0,0,0,0,0,"N",0,0.0,0,0,0,0,0,0,0,0,0,0,0,0
"06081","5","459930","78","0","2024","A","N",2,0,0,0,0,0,0,"N",0.38,0,0,0,0,0,0,"N",0,0.0,0,0,0,0,0,0,0,0,0,0,0,0
"06081","5","45999","77","0","2024","A","",98,470,30227196,4491949,170441,1238,64382,"",0.63,0.55,0.27,0.50,0.53,0.49,0.49,"",2,2.1,10,2.2,-4711075,-13.5,379964,9.2,28877,20.4,-223,-15.3,-11585,-15.3
"06081","5","459991","78","0","2024","A","",38,182,7171958,1831800,60533,756,39316,"",0.55,0.49,0.21,0.47,0.43,0.44,0.44,"",4,11.8,69,61.1,3133528,77.6,674707,58.3,27015,80.6,67,9.7,3498,9.8
"06081","5","459999","78","0","2024","A","",61,287,23055238,2660149,109908,1544,80309,"",0.71,0.60,0.29,0.53,0.61,0.49,0.49,"",-1,-1.6,-60,-17.3,-7844603,-25.4,-294743,-10.0,1862,1.7,-168,-9.8,-8697,-9.8
"06081","5","48-49","74","0","2024","A","",592,23390,2035146097,191619189,5443993,1673,87011,"",0.71,1.33,0.66,1.00,0.91,0.50,0.50,"",-9,-1.5,1225,5.5,194736733,10.6,4778892,2.6,420585,8.4,76,4.8,3978,4.8
"06081","5","481","75","0","2024","A","",27,8936,851428238,53716482,915612,1832,95275,"",1.35,5.88,1.82,3.16,2.37,0.31,0.31,"",1,3.8,663,8.0,60436600,7.6,-925935,-1.7,-68306,-6.9,-7,-0.4,-333,-0.3
"06081","5","4811","76","0","2024","A","N",24,0,0,0,0,0,0,"N",3.32,0,0,0,0,0,0,"N",1,4.3,0,0,0,0,0,0,0,0,0,0,0,0
"06081","5","48111","77","0","2024","A","N",24,0,0,0,0,0,0,"N",3.32,0,0,0,0,0,0,"N",1,4.3,0,0,0,0,0,0,0,0,0,0,0,0
"06081","5","481111","78","0","2024","A","",20,8864,844289573,53203155,902618,1832,95248,"",3.74,6.69,2.08,3.60,2.77,0.31,0.31,"",1,5.3,667,8.1,61678735,7.9,-895115,-1.7,-66316,-6.8,-4,-0.2,-225,-0.2
"06081","5","481112","78","0","2024","A","N",4,0,0,0,0,0,0,"N",2.11,0,0,0,0,0,0,"N",0,0.0,0,0,0,0,0,0,0,0,0,0,0,0
"06081","5","4812","76","0","2024","A","N",2,0,0,0,0,0,0,"N",0.16,0,0,0,0,0,0,"N",-1,-33.3,0,0,0,0,0,0,0,0,0,0,0,0
"06081","5","48121","77","0","2024","A","N",2,0,0,0,0,0,0,"N",0.16,0,0,0,0,0,0,"N",-1,-33.3,0,0,0,0,0,0,0,0,0,0,0,0
"06081","5","481211","78","0","2024","A","N",2,0,0,0,0,0,0,"N",0.24,0,0,0,0,0,0,"N",0,0.0,0,0,0,0,0,0,0,0,0,0,0,0
"06081","5","481219","78","0","2024","A","N",1,0,0,0,0,0,0,"N",0.37,0,0,0,0,0,0,"N",0,0.0,0,0,0,0,0,0,0,0,0,0,0,0
"06081","5","483","75","0","2024","A","N",2,0,0,0,0,0,0,"N",0.31,0,0,0,0,0,0,"N",0,0.0,0,0,0,0,0,0,0,0,0,0,0,0
"06081","5","4831","76","0","2024","A","N",2,0,0,0,0,0,0,"N",0.49,0,0,0,0,0,0,"N",0,0.0,0,0,0,0,0,0,0,0,0,0,0,0
"06081","5","48311","77","0","2024","A","N",2,0,0,0,0,0,0,"N",0.49,0,0,0,0,0,0,"N",0,0.0,0,0,0,0,0,0,0,0,0,0,0,0
"06081","5","483111","78","0","2024","A","N",2,0,0,0,0,0,0,"N",1.29,0,0,0,0,0,0,"N",0,0.0,0,0,0,0,0,0,0,0,0,0,0,0
"06081","5","484","75","0","2024","A","",161,1251,79493740,13031052,408577,1222,63548,"",0.35,0.31,0.11,0.28,0.31,0.36,0.36,"",-4,-2.4,-123,-9.0,-7626218,-8.8,-2305894,-15.0,-28563,-6.5,3,0.2,150,0.2
"06081","5","4841","76","0","2024","A","",95,851,56931980,9358145,304294,1286,66867,"",0.30,0.30,0.11,0.29,0.35,0.38,0.38,"",-2,-2.1,-88,-9.4,-5747887,-9.2,-1425845,-13.2,-8426,-2.7,2,0.2,103,0.2
"06081","5","48411","77","0","2024","A","",66,644,47202748,6477816,233974,1410,73344,"",0.53,0.82,0.37,0.72,0.75,0.46,0.46,"",3,4.8,6,0.9,-1113496,-2.3,-282019,-4.2,31868,15.8,-46,-3.2,-2377,-3.1
"06081","5","484110","78","0","2024","A","",66,644,47202748,6477816,233974,1410,73344,"",0.53,0.82,0.37,0.72,0.75,0.46,0.46,"",3,4.8,6,0.9,-1113496,-2.3,-282019,-4.2,31868,15.8,-46,-3.2,-2377,-3.1
"06081","5","48412","77","0","2024","A","",29,208,9729232,2880329,70320,900,46813,"",0.15,0.10,0.03,0.12,0.13,0.26,0.26,"",-4,-12.1,-93,-30.9,-4634391,-32.3,-1143826,-28.4,-40294,-36.4,-18,-2.0,-946,-2.0
"06081","5","484121","78","0","2024","A","N",26,0,0,0,0,0,0,"N",0.16,0,0,0,0,0,0,"N",-1,-3.7,0,0,0,0,0,0,0,0,0,0,0,0
"06081","5","484122","78","0","2024","A","N",4,0,0,0,0,0,0,"N",0.12,0,0,0,0,0,0,"N",-2,-33.3,0,0,0,0,0,0,0,0,0,0,0,0
"06081","5","4842","76","0","2024","A","",66,400,22561760,3672907,104283,1086,56475,"",0.48,0.33,0.11,0.26,0.23,0.32,0.32,"",-2,-2.9,-35,-8.0,-1878331,-7.7,-880049,-19.3,-20137,-16.2,6,0.6,334,0.6
"06081","5","48421","77","0","2024","A","",35,292,15424781,2764872,73669,1018,52915,"",1.36,1.16,0.48,1.04,0.91,0.41,0.41,"",-3,-7.9,-51,-14.9,-2861526,-15.6,-995373,-26.5,-27581,-27.2,-7,-0.7,-359,-0.7
"06081","5","484210","78","0","2024","A","",35,292,15424781,2764872,73669,1018,52915,"",1.36,1.16,0.48,1.04,0.91,0.41,0.41,"",-3,-7.9,-51,-14.9,-2861526,-15.6,-995373,-26.5,-27581,-27.2,-7,-0.7,-359,-0.7
"06081","5","48422","77","0","2024","A","",26,101,6904616,839414,28766,1310,68138,"",0.33,0.17,0.06,0.11,0.10,0.38,0.38,"",1,4.0,17,20.2,1136200,19.7,116609,16.1,7086,32.7,-12,-0.9,-602,-0.9
"06081","5","484220","78","0","2024","A","",26,101,6904616,839414,28766,1310,68138,"",0.33,0.17,0.06,0.11,0.10,0.38,0.38,"",1,4.0,17,20.2,1136200,19.7,116609,16.1,7086,32.7,-12,-0.9,-602,-0.9
"06081","5","48423","77","0","2024","A","",5,7,232363,68621,1848,670,34854,"",0.15,0.02,0.00,0.02,0.02,0.17,0.17,"",-1,-16.7,-1,-12.5,-153005,-39.7,-1285,-1.8,358,24.0,-237,-26.1,-12334,-26.1
"06081","5","484230","78","0","2024","A","",5,7,232363,68621,1848,670,34854,"",0.15,0.02,0.00,0.02,0.02,0.17,0.17,"",-1,-16.7,-1,-12.5,-153005,-39.7,-1285,-1.8,358,24.0,-237,-26.1,-12334,-26.1
"06081","5","485","75","0","2024","A","",109,4609,550087820,40559129,1707200,2295,119362,"",1.90,3.16,2.80,2.32,1.68,0.89,0.89,"",3,2.8,862,23.0,149229216,37.2,8995460,28.5,575151,50.8,238,11.6,12378,11.6
"06081","5","4851","76","0","2024","A","N",3,0,0,0,0,0,0,"N",1.38,0,0,0,0,0,0,"N",0,0.0,0,0,0,0,0,0,0,0,0,0,0,0
"06081","5","48511","77","0","2024","A","N",3,0,0,0,0,0,0,"N",1.38,0,0,0,0,0,0,"N",0,0.0,0,0,0,0,0,0,0,0,0,0,0,0
"06081","5","485111","78","0","2024","A","N",1,0,0,0,0,0,0,"N",4.03,0,0,0,0,0,0,"N",0,0.0,0,0,0,0,0,0,0,0,0,0,0,0
"06081","5","485113","78","0","2024","A","N",2,0,0,0,0,0,0,"N",1.22,0,0,0,0,0,0,"N",0,0.0,0,0,0,0,0,0,0,0,0,0,0,0
"06081","5","4853","76","0","2024","A","",58,404,35522213,3737154,115346,1690,87890,"",2.97,0.98,0.48,0.59,0.49,0.49,0.49,"",1,1.8,51,14.4,10401856,41.4,687527,22.5,35457,44.4,321,23.4,16677,23.4
"06081","5","48531","77","0","2024","A","N",3,0,0,0,0,0,0,"N",0.36,0,0,0,0,0,0,"N",0,0.0,0,0,0,0,0,0,0,0,0,0,0,0
"06081","5","485310","78","0","2024","A","N",3,0,0,0,0,0,0,"N",0.36,0,0,0,0,0,0,"N",0,0.0,0,0,0,0,0,0,0,0,0,0,0,0
"06081","5","48532","77","0","2024","A","N",56,0,0,0,0,0,0,"N",5.05,0,0,0,0,0,0,"N",1,1.8,0,0,0,0,0,0,0,0,0,0,0,0
"06081","5","485320","78","0","2024","A","N",56,0,0,0,0,0,0,"N",5.05,0,0,0,0,0,0,"N",1,1.8,0,0,0,0,0,0,0,0,0,0,0,0
"06081","5","4854","76","0","2024","A","",8,1300,72609115,13107896,788808,1074,55860,"",0.73,2.48,1.42,2.30,1.34,0.57,0.57,"",-1,-11.1,384,41.9,20203015,38.6,3823326,41.2,295783,60.0,-26,-2.4,-1362,-2.4
"06081","5","48541","77","0","2024","A","",8,1300,72609115,13107896,788808,1074,55860,"",0.73,2.48,1.42,2.30,1.34,0.57,0.57,"",-1,-11.1,384,41.9,20203015,38.6,3823326,41.2,295783,60.0,-26,-2.4,-1362,-2.4
"06081","5","485410","78","0","2024","A","",8,1300,72609115,13107896,788808,1074,55860,"",0.73,2.48,1.42,2.30,1.34,0.57,0.57,"",-1,-11.1,384,41.9,20203015,38.6,3823326,41.2,295783,60.0,-26,-2.4,-1362,-2.4
"06081","5","4855","76","0","2024","A","N",4,0,0,0,0,0,0,"N",1.11,0,0,0,0,0,0,"N",-1,-20.0,0,0,0,0,0,0,0,0,0,0,0,0
"06081","5","48551","77","0","2024","A","N",4,0,0,0,0,0,0,"N",1.11,0,0,0,0,0,0,"N",-1,-20.0,0,0,0,0,0,0,0,0,0,0,0,0
"06081","5","485510","78","0","2024","A","N",4,0,0,0,0,0,0,"N",1.11,0,0,0,0,0,0,"N",-1,-20.0,0,0,0,0,0,0,0,0,0,0,0,0
"06081","5","4859","76","0","2024","A","",35,2556,426095880,21411193,747023,3206,166693,"",1.77,8.59,11.58,7.21,6.36,1.35,1.35,"",3,9.4,362,16.5,118063471,38.3,4441879,26.2,244999,48.8,506,18.7,26274,18.7
"06081","5","48599","77","0","2024","A","",35,2556,426095880,21411193,747023,3206,166693,"",1.77,8.59,11.58,7.21,6.36,1.35,1.35,"",3,9.4,362,16.5,118063471,38.3,4441879,26.2,244999,48.8,506,18.7,26274,18.7
"06081","5","485991","78","0","2024","A","",18,392,22732757,3871012,98545,1114,57918,"",1.61,2.00,1.02,2.01,1.24,0.51,0.51,"",1,5.9,41,11.7,1859088,8.9,112015,3.0,-15485,-13.6,-31,-2.7,-1622,-2.7
"06081","5","485999","78","0","2024","A","",17,2164,403363123,17540181,648478,3585,186426,"",1.98,21.33,27.99,16.85,16.96,1.31,1.31,"",1,6.2,321,17.4,116204383,40.5,4329864,32.8,260484,67.1,589,19.7,30623,19.7
"06081","5","486","75","0","2024","A","N",1,0,0,0,0,0,0,"N",0.11,0,0,0,0,0,0,"N",0,0.0,0,0,0,0,0,0,0,0,0,0,0,0
"06081","5","4869","76","0","2024","A","N",1,0,0,0,0,0,0,"N",0.62,0,0,0,0,0,0,"N",0,0.0,0,0,0,0,0,0,0,0,0,0,0,0
"06081","5","48691","77","0","2024","A","N",1,0,0,0,0,0,0,"N",0.71,0,0,0,0,0,0,"N",0,0.0,0,0,0,0,0,0,0,0,0,0,0,0
"06081","5","486910","78","0","2024","A","N",1,0,0,0,0,0,0,"N",0.71,0,0,0,0,0,0,"N",0,0.0,0,0,0,0,0,0,0,0,0,0,0,0
"06081","5","487","75","0","2024","A","",10,48,2080227,487046,22601,829,43114,"",1.07,0.58,0.22,0.47,0.52,0.38,0.38,"",2,25.0,15,45.5,589648,39.6,118087,32.0,7824,52.9,-29,-3.4,-1492,-3.3
"06081","5","4871","76","0","2024","A","N",5,0,0,0,0,0,0,"N",2.26,0,0,0,0,0,0,"N",1,25.0,0,0,0,0,0,0,0,0,0,0,0,0
"06081","5","48711","77","0","2024","A","N",5,0,0,0,0,0,0,"N",2.26,0,0,0,0,0,0,"N",1,25.0,0,0,0,0,0,0,0,0,0,0,0,0
"06081","5","487110","78","0","2024","A","N",5,0,0,0,0,0,0,"N",2.26,0,0,0,0,0,0,"N",1,25.0,0,0,0,0,0,0,0,0,0,0,0,0
"06081","5","4872","76","0","2024","A","N",5,0,0,0,0,0,0,"N",0.79,0,0,0,0,0,0,"N",1,25.0,0,0,0,0,0,0,0,0,0,0,0,0
"06081","5","48721","77","0","2024","A","N",5,0,0,0,0,0,0,"N",0.79,0,0,0,0,0,0,"N",1,25.0,0,0,0,0,0,0,0,0,0,0,0,0
"06081","5","487210","78","0","2024","A","N",5,0,0,0,0,0,0,"N",0.79,0,0,0,0,0,0,"N",1,25.0,0,0,0,0,0,0,0,0,0,0,0,0
"06081","5","488","75","0","2024","A","",185,4730,329981325,47249180,1121592,1342,69763,"",1.24,2.15,0.79,2.00,1.57,0.37,0.37,"",-2,-1.1,34,0.7,-1689981,-0.5,679488,1.5,-30015,-2.6,-16,-1.2,-864,-1.2
"06081","5","4881","76","0","2024","A","",18,2476,130178583,26833049,504943,1011,52571,"",0.75,3.44,1.11,3.55,2.36,0.32,0.32,"",2,12.5,127,5.4,9373472,7.8,1695865,6.7,-64720,-11.4,22,2.2,1152,2.2
"06081","5","48811","77","0","2024","A","",9,2231,114095238,24471312,446484,984,51145,"",1.46,6.54,2.95,6.86,3.99,0.45,0.45,"",0,0.0,13,0.6,2410728,2.2,739637,3.1,-88450,-16.5,15,1.5,780,1.5
"06081","5","488111","78","0","2024","A","N",1,0,0,0,0,0,0,"N",1.53,0,0,0,0,0,0,"N",0,0.0,0,0,0,0,0,0,0,0,0,0,0,0
"06081","5","488119","78","0","2024","A","N",8,0,0,0,0,0,0,"N",1.45,0,0,0,0,0,0,"N",0,0.0,0,0,0,0,0,0,0,0,0,0,0,0
"06081","5","48819","77","0","2024","A","",10,245,16083345,2361737,58459,1260,65535,"",0.56,0.65,0.20,0.59,0.57,0.32,0.32,"",3,42.9,113,85.6,6962744,76.3,956228,68.0,23730,68.3,-70,-5.3,-3604,-5.2
"06081","5","488190","78","0","2024","A","",10,245,16083345,2361737,58459,1260,65535,"",0.56,0.65,0.20,0.59,0.57,0.32,0.32,"",3,42.9,113,85.6,6962744,76.3,956228,68.0,23730,68.3,-70,-5.3,-3604,-5.2
"06081","5","4883","76","0","2024","A","N",1,0,0,0,0,0,0,"N",0.13,0,0,0,0,0,0,"N",0,0.0,0,0,0,0,0,0,0,0,0,0,0,0
"06081","5","48832","77","0","2024","A","N",1,0,0,0,0,0,0,"N",0.47,0,0,0,0,0,0,"N",0,0.0,0,0,0,0,0,0,0,0,0,0,0,0
"06081","5","488320","78","0","2024","A","N",1,0,0,0,0,0,0,"N",0.47,0,0,0,0,0,0,"N",0,0.0,0,0,0,0,0,0,0,0,0,0,0,0
"06081","5","4884","76","0","2024","A","",30,438,23363403,4152746,111825,1025,53301,"",0.78,1.42,0.51,1.23,1.08,0.36,0.36,"",-1,-3.2,27,6.6,2429699,11.6,-947722,-18.6,-35746,-24.2,46,4.7,2388,4.7
"06081","5","48841","77","0","2024","A","N",22,0,0,0,0,0,0,"N",0.79,0,0,0,0,0,0,"N",-1,-4.3,0,0,0,0,0,0,0,0,0,0,0,0
"06081","5","488410","78","0","2024","A","N",22,0,0,0,0,0,0,"N",0.79,0,0,0,0,0,0,"N",-1,-4.3,0,0,0,0,0,0,0,0,0,0,0,0
"06081","5","48849","77","0","2024","A","N",8,0,0,0,0,0,0,"N",0.73,0,0,0,0,0,0,"N",0,0.0,0,0,0,0,0,0,0,0,0,0,0,0
"06081","5","488490","78","0","2024","A","N",8,0,0,0,0,0,0,"N",0.73,0,0,0,0,0,0,"N",0,0.0,0,0,0,0,0,0,0,0,0,0,0,0
"06081","5","4885","76","0","2024","A","",128,1739,169823008,15480481,471958,1878,97637,"",2.00,2.46,1.13,2.05,1.99,0.46,0.46,"",-6,-4.5,-152,-8.0,-16602989,-8.9,-291255,-1.8,57919,14.0,-18,-0.9,-958,-1.0
"06081","5","48851","77","0","2024","A","",128,1739,169823008,15480481,471958,1878,97637,"",2.00,2.46,1.13,2.05,1.99,0.46,0.46,"",-6,-4.5,-152,-8.0,-16602989,-8.9,-291255,-1.8,57919,14.0,-18,-0.9,-958,-1.0
"06081","5","488510","78","0","2024","A","",128,1739,169823008,15480481,471958,1878,97637,"",2.00,2.46,1.13,2.05,1.99,0.46,0.46,"",-6,-4.5,-152,-8.0,-16602989,-8.9,-291255,-1.8,57919,14.0,-18,-0.9,-958,-1.0
"06081","5","4889","76","0","2024","A","N",8,0,0,0,0,0,0,"N",0.86,0,0,0,0,0,0,"N",3,60.0,0,0,0,0,0,0,0,0,0,0,0,0
"06081","5","48899","77","0","2024","A","N",8,0,0,0,0,0,0,"N",0.86,0,0,0,0,0,0,"N",3,60.0,0,0,0,0,0,0,0,0,0,0,0,0
"06081","5","488991","78","0","2024","A","N",4,0,0,0,0,0,0,"N",1.10,0,0,0,0,0,0,"N",1,33.3,0,0,0,0,0,0,0,0,0,0,0,0
"06081","5","488999","78","0","2024","A","N",4,0,0,0,0,0,0,"N",0.70,0,0,0,0,0,0,"N",2,100.0,0,0,0,0,0,0,0,0,0,0,0,0
"06081","5","491","75","0","2024","A","N",1,0,0,0,0,0,0,"N",0.38,0,0,0,0,0,0,"N",0,0.0,0,0,0,0,0,0,0,0,0,0,0,0
"06081","5","4911","76","0","2024","A","N",1,0,0,0,0,0,0,"N",0.38,0,0,0,0,0,0,"N",0,0.0,0,0,0,0,0,0,0,0,0,0,0,0
"06081","5","49111","77","0","2024","A","N",1,0,0,0,0,0,0,"N",0.38,0,0,0,0,0,0,"N",0,0.0,0,0,0,0,0,0,0,0,0,0,0,0
"06081","5","491110","78","0","2024","A","N",1,0,0,0,0,0,0,"N",0.38,0,0,0,0,0,0,"N",0,0.0,0,0,0,0,0,0,0,0,0,0,0,0
"06081","5","492","75","0","2024","A","",78,2982,166659029,28790468,891455,1075,55882,"",1.32,1.03,0.40,0.99,1.12,0.38,0.38,"",-5,-6.0,-12,-0.4,2014367,1.2,-716028,-2.4,34321,4.0,18,1.7,898,1.6
"06081","5","4921","76","0","2024","A","",47,2125,127461489,20487042,585069,1154,59989,"",1.29,0.89,0.37,0.89,1.04,0.42,0.42,"",-4,-7.8,-105,-4.7,-1737430,-1.3,-2361200,-10.3,-32094,-5.2,40,3.6,2044,3.5
"06081","5","49211","77","0","2024","A","",47,2125,127461489,20487042,585069,1154,59989,"",1.29,0.89,0.37,0.89,1.04,0.42,0.42,"",-4,-7.8,-105,-4.7,-1737430,-1.3,-2361200,-10.3,-32094,-5.2,40,3.6,2044,3.5
"06081","5","492110","78","0","2024","A","",47,2125,127461489,20487042,585069,1154,59989,"",1.29,0.89,0.37,0.89,1.04,0.42,0.42,"",-4,-7.8,-105,-4.7,-1737430,-1.3,-2361200,-10.3,-32094,-5.2,40,3.6,2044,3.5
"06081","5","4922","76","0","2024","A","",30,858,39197540,8303426,306386,879,45707,"",1.34,1.78,0.50,1.36,1.30,0.28,0.28,"",-2,-6.2,93,12.2,3751797,10.6,1645172,24.7,66415,27.7,-12,-1.3,-642,-1.4
"06081","5","49221","77","0","2024","A","",30,858,39197540,8303426,306386,879,45707,"",1.34,1.78,0.50,1.36,1.30,0.28,0.28,"",-2,-6.2,93,12.2,3751797,10.6,1645172,24.7,66415,27.7,-12,-1.3,-642,-1.4
"06081","5","492210","78","0","2024","A","",30,858,39197540,8303426,306386,879,45707,"",1.34,1.78,0.50,1.36,1.30,0.28,0.28,"",-2,-6.2,93,12.2,3751797,10.6,1645172,24.7,66415,27.7,-12,-1.3,-642,-1.4
"06081","5","493","75","0","2024","A","",19,817,53717460,7634881,371886,1264,65743,"",0.32,0.16,0.07,0.15,0.23,0.45,0.45,"",-3,-13.6,-211,-20.5,-8105349,-13.1,-1047115,-12.1,-68482,-15.6,108,9.3,5624,9.4
"06081","5","4931","76","0","2024","A","",19,817,53717460,7634881,371886,1264,65743,"",0.32,0.16,0.07,0.15,0.23,0.45,0.45,"",-3,-13.6,-211,-20.5,-8105349,-13.1,-1047115,-12.1,-68482,-15.6,108,9.3,5624,9.4
"06081","5","49311","77","0","2024","A","",13,781,50516758,7418202,364968,1244,64689,"",0.29,0.17,0.07,0.15,0.25,0.45,0.45,"",-2,-13.3,-195,-20.0,-6365202,-11.2,-916189,-11.0,-62892,-14.7,123,11.0,6413,11.0
"06081","5","493110","78","0","2024","A","",13,781,50516758,7418202,364968,1244,64689,"",0.29,0.17,0.07,0.15,0.25,0.45,0.45,"",-2,-13.3,-195,-20.0,-6365202,-11.2,-916189,-11.0,-62892,-14.7,123,11.0,6413,11.0
"06081","5","49312","77","0","2024","A","N",1,0,0,0,0,0,0,"N",0.21,0,0,0,0,0,0,"N",-1,-50.0,0,0,0,0,0,0,0,0,0,0,0,0
"06081","5","493120","78","0","2024","A","N",1,0,0,0,0,0,0,"N",0.21,0,0,0,0,0,0,"N",-1,-50.0,0,0,0,0,0,0,0,0,0,0,0,0
"06081","5","49319","77","0","2024","A","N",5,0,0,0,0,0,0,"N",0.71,0,0,0,0,0,0,"N",0,0.0,0,0,0,0,0,0,0,0,0,0,0,0
"06081","5","493190","78","0","2024","A","N",5,0,0,0,0,0,0,"N",0.71,0,0,0,0,0,0,"N",0,0.0,0,0,0,0,0,0,0,0,0,0,0,0
"06081","5","51","74","0","2024","A","",688,43524,29122099337,411367006,14540458,12867,669097,"",0.90,5.58,8.23,4.29,4.42,1.48,1.48,"",-15,-2.1,-9665,-18.2,4524056230,18.4,-49202121,-10.7,2196556,17.8,3973,44.7,206629,44.7
"06081","5","512","75","0","2024","A","",54,1342,184581034,12388381,449249,2645,137516,"",0.51,1.32,0.76,1.21,0.68,0.58,0.58,"",-4,-6.9,70,5.5,27414865,17.4,255500,2.1,-26523,-5.6,269,11.3,13958,11.3
"06081","5","5121","76","0","2024","A","N",51,0,0,0,0,0,0,"N",0.56,0,0,0,0,0,0,"N",-3,-5.6,0,0,0,0,0,0,0,0,0,0,0,0
"06081","5","51211","77","0","2024","A","",41,948,168381488,8746620,389108,3414,177540,"",0.63,1.66,0.92,1.23,0.68,0.56,0.56,"",-3,-6.8,44,4.9,22935824,15.8,45177,0.5,-30350,-7.2,321,10.4,16708,10.4
"06081","5","512110","78","0","2024","A","",41,948,168381488,8746620,389108,3414,177540,"",0.63,1.66,0.92,1.23,0.68,0.56,0.56,"",-3,-6.8,44,4.9,22935824,15.8,45177,0.5,-30350,-7.2,321,10.4,16708,10.4
"06081","5","51212","77","0","2024","A","N",2,0,0,0,0,0,0,"N",0.94,0,0,0,0,0,0,"N",0,0.0,0,0,0,0,0,0,0,0,0,0,0,0
"06081","5","512120","78","0","2024","A","N",2,0,0,0,0,0,0,"N",0.94,0,0,0,0,0,0,"N",0,0.0,0,0,0,0,0,0,0,0,0,0,0,0
"06081","5","51213","77","0","2024","A","N",6,0,0,0,0,0,0,"N",0.55,0,0,0,0,0,0,"N",0,0.0,0,0,0,0,0,0,0,0,0,0,0,0
"06081","5","512131","78","0","2024","A","N",6,0,0,0,0,0,0,"N",0.58,0,0,0,0,0,0,"N",0,0.0,0,0,0,0,0,0,0,0,0,0,0,0
"06081","5","51219","77","0","2024","A","N",2,0,0,0,0,0,0,"N",0.16,0,0,0,0,0,0,"N",0,0.0,0,0,0,0,0,0,0,0,0,0,0,0
"06081","5","512191","78","0","2024","A","N",2,0,0,0,0,0,0,"N",0.19,0,0,0,0,0,0,"N",0,0.0,0,0,0,0,0,0,0,0,0,0,0,0
"06081","5","5122","76","0","2024","A","N",4,0,0,0,0,0,0,"N",0.29,0,0,0,0,0,0,"N",0,0.0,0,0,0,0,0,0,0,0,0,0,0,0
"06081","5","51224","77","0","2024","A","N",1,0,0,0,0,0,0,"N",0.20,0,0,0,0,0,0,"N",0,0.0,0,0,0,0,0,0,0,0,0,0,0,0
"06081","5","512240","78","0","2024","A","N",1,0,0,0,0,0,0,"N",0.20,0,0,0,0,0,0,"N",0,0.0,0,0,0,0,0,0,0,0,0,0,0,0
"06081","5","51225","77","0","2024","A","N",2,0,0,0,0,0,0,"N",0.57,0,0,0,0,0,0,"N",1,100.0,0,0,0,0,0,0,0,0,0,0,0,0
"06081","5","512250","78","0","2024","A","N",2,0,0,0,0,0,0,"N",0.57,0,0,0,0,0,0,"N",1,100.0,0,0,0,0,0,0,0,0,0,0,0,0
"06081","5","51229","77","0","2024","A","N",1,0,0,0,0,0,0,"N",0.45,0,0,0,0,0,0,"N",0,0.0,0,0,0,0,0,0,0,0,0,0,0,0
"06081","5","512290","78","0","2024","A","N",1,0,0,0,0,0,0,"N",0.45,0,0,0,0,0,0,"N",0,0.0,0,0,0,0,0,0,0,0,0,0,0,0
"06081","5","513","75","0","2024","A","",322,10320,4587962486,88984519,3393836,8550,444584,"",0.99,4.26,3.90,2.50,3.24,0.92,0.92,"",-29,-8.3,-3386,-24.7,178838919,4.1,-20452510,-18.7,-4317,-0.1,2364,38.2,122891,38.2
"06081","5","5131","76","0","2024","A","",50,480,90716800,3879395,138688,3635,189026,"",0.68,0.68,0.45,0.51,0.52,0.67,0.67,"",-3,-5.7,-56,-10.4,9826555,12.1,-486495,-11.1,-8992,-6.1,734,25.3,38158,25.3
"06081","5","51311","77","0","2024","A","",12,106,5195295,835824,22196,941,48935,"",0.64,0.44,0.10,0.34,0.28,0.24,0.23,"",0,0.0,-10,-8.6,-380921,-6.8,-74576,-8.2,-7985,-26.5,18,2.0,933,1.9
"06081","5","513110","78","0","2024","A","",12,106,5195295,835824,22196,941,48935,"",0.64,0.44,0.10,0.34,0.28,0.24,0.23,"",0,0.0,-10,-8.6,-380921,-6.8,-74576,-8.2,-7985,-26.5,18,2.0,933,1.9
"06081","5","51312","77","0","2024","A","",8,102,11586915,782998,21506,2181,113412,"",0.39,0.59,0.21,0.45,0.34,0.36,0.36,"",1,14.3,2,2.0,1709087,17.3,32165,4.3,595,2.8,285,15.0,14798,15.0
"06081","5","513120","78","0","2024","A","",8,102,11586915,782998,21506,2181,113412,"",0.39,0.59,0.21,0.45,0.34,0.36,0.36,"",1,14.3,2,2.0,1709087,17.3,32165,4.3,595,2.8,285,15.0,14798,15.0
"06081","5","51313","77","0","2024","A","N",7,0,0,0,0,0,0,"N",0.50,0,0,0,0,0,0,"N",0,0.0,0,0,0,0,0,0,0,0,0,0,0,0
"06081","5","513130","78","0","2024","A","N",7,0,0,0,0,0,0,"N",0.50,0,0,0,0,0,0,"N",0,0.0,0,0,0,0,0,0,0,0,0,0,0,0
"06081","5","51314","77","0","2024","A","N",2,0,0,0,0,0,0,"N",0.56,0,0,0,0,0,0,"N",-2,-50.0,0,0,0,0,0,0,0,0,0,0,0,0
"06081","5","513140","78","0","2024","A","N",2,0,0,0,0,0,0,"N",0.56,0,0,0,0,0,0,"N",-2,-50.0,0,0,0,0,0,0,0,0,0,0,0,0
"06081","5","51319","77","0","2024","A","",21,248,70694698,2040429,88005,5486,285251,"",1.24,2.17,1.61,1.66,1.69,0.74,0.74,"",-2,-8.7,-47,-15.9,8148168,13.0,-428375,-17.4,-370,-0.4,1402,34.3,72869,34.3
"06081","5","513191","78","0","2024","A","N",1,0,0,0,0,0,0,"N",3.22,0,0,0,0,0,0,"N",0,0.0,0,0,0,0,0,0,0,0,0,0,0,0
"06081","5","513199","78","0","2024","A","N",20,0,0,0,0,0,0,"N",1.20,0,0,0,0,0,0,"N",-2,-9.1,0,0,0,0,0,0,0,0,0,0,0,0
"06081","5","5132","76","0","2024","A","",272,9840,4497245686,85105124,3255148,8789,457049,"",1.09,5.75,4.62,3.04,4.17,0.80,0.80,"",-26,-8.7,-3330,-25.3,169012364,3.9,-19966015,-19.0,4675,0.1,2469,39.1,128401,39.1
"06081","5","51321","77","0","2024","A","",272,9840,4497245686,85105124,3255148,8789,457049,"",1.09,5.75,4.62,3.04,4.17,0.80,0.80,"",-26,-8.7,-3330,-25.3,169012364,3.9,-19966015,-19.0,4675,0.1,2469,39.1,128401,39.1
"06081","5","513210","78","0","2024","A","",272,9840,4497245686,85105124,3255148,8789,457049,"",1.09,5.75,4.62,3.04,4.17,0.80,0.80,"",-26,-8.7,-3330,-25.3,169012364,3.9,-19966015,-19.0,4675,0.1,2469,39.1,128401,39.1
"06081","5","516","75","0","2024","A","N",46,0,0,0,0,0,0,"N",0.85,0,0,0,0,0,0,"N",3,7.0,0,0,0,0,0,0,0,0,0,0,0,0
"06081","5","5161","76","0","2024","A","",4,152,7280947,1148455,22146,924,48033,"",0.26,0.48,0.10,0.40,0.27,0.20,0.20,"",-1,-20.0,2,1.3,68978,1.0,23725,2.1,2845,14.7,2,0.2,86,0.2
"06081","5","51611","77","0","2024","A","N",2,0,0,0,0,0,0,"N",0.18,0,0,0,0,0,0,"N",0,0.0,0,0,0,0,0,0,0,0,0,0,0,0
"06081","5","516110","78","0","2024","A","N",2,0,0,0,0,0,0,"N",0.18,0,0,0,0,0,0,"N",0,0.0,0,0,0,0,0,0,0,0,0,0,0,0
"06081","5","51612","77","0","2024","A","N",3,0,0,0,0,0,0,"N",0.67,0,0,0,0,0,0,"N",0,0.0,0,0,0,0,0,0,0,0,0,0,0,0
"06081","5","516120","78","0","2024","A","N",3,0,0,0,0,0,0,"N",0.67,0,0,0,0,0,0,"N",0,0.0,0,0,0,0,0,0,0,0,0,0,0,0
"06081","5","5162","76","0","2024","A","N",42,0,0,0,0,0,0,"N",1.09,0,0,0,0,0,0,"N",4,10.5,0,0,0,0,0,0,0,0,0,0,0,0
"06081","5","51621","77","0","2024","A","N",42,0,0,0,0,0,0,"N",1.09,0,0,0,0,0,0,"N",4,10.5,0,0,0,0,0,0,0,0,0,0,0,0
"06081","5","516210","78","0","2024","A","N",42,0,0,0,0,0,0,"N",1.09,0,0,0,0,0,0,"N",4,10.5,0,0,0,0,0,0,0,0,0,0,0,0
"06081","5","517","75","0","2024","A","",42,1357,333381184,11731976,503701,4725,245690,"",0.46,0.82,0.67,0.63,0.90,0.82,0.82,"",-3,-6.7,-95,-6.5,18030477,5.7,-850182,-6.8,97757,24.1,548,13.1,28469,13.1
"06081","5","5171","76","0","2024","A","",30,663,62519350,5695370,254258,1813,94250,"",0.40,0.44,0.14,0.33,0.50,0.32,0.32,"",-3,-9.1,4,0.6,-2593498,-4.0,82254,1.5,70094,38.1,-88,-4.6,-4593,-4.6
"06081","5","51711","77","0","2024","A","",27,646,59879223,5505180,247545,1781,92621,"",0.42,0.46,0.15,0.34,0.52,0.32,0.32,"",-3,-10.0,8,1.3,-1915431,-3.1,43475,0.8,69532,39.1,-81,-4.4,-4211,-4.3
"06081","5","517111","78","0","2024","A","",18,623,57987671,5360736,240379,1789,93041,"",0.38,0.52,0.17,0.41,0.61,0.32,0.32,"",-2,-10.0,15,2.5,-848123,-1.4,124734,2.4,71815,42.6,-73,-3.9,-3808,-3.9
"06081","5","517112","78","0","2024","A","",10,23,1891552,144444,7166,1565,81357,"",0.59,0.11,0.03,0.05,0.09,0.27,0.27,"",0,0.0,-8,-25.8,-1067308,-36.1,-81259,-36.0,-2283,-24.2,-290,-15.6,-15128,-15.7
"06081","5","51712","77","0","2024","A","",3,17,2640127,190190,6713,3016,156839,"",0.26,0.17,0.09,0.16,0.18,0.56,0.56,"",0,0.0,-4,-19.0,-678067,-20.4,38779,25.6,562,9.1,-84,-2.7,-4369,-2.7
"06081","5","517121","78","0","2024","A","",3,17,2640127,190190,6713,3016,156839,"",0.26,0.17,0.09,0.16,0.18,0.56,0.56,"",0,0.0,-4,-19.0,-678067,-20.4,38779,25.6,562,9.1,-84,-2.7,-4369,-2.7
"06081","5","5174","76","0","2024","A","N",3,0,0,0,0,0,0,"N",1.13,0,0,0,0,0,0,"N",0,0.0,0,0,0,0,0,0,0,0,0,0,0,0
"06081","5","51741","77","0","2024","A","N",3,0,0,0,0,0,0,"N",1.13,0,0,0,0,0,0,"N",0,0.0,0,0,0,0,0,0,0,0,0,0,0,0
"06081","5","517410","78","0","2024","A","N",3,0,0,0,0,0,0,"N",1.13,0,0,0,0,0,0,"N",0,0.0,0,0,0,0,0,0,0,0,0,0,0,0
"06081","5","5178","76","0","2024","A","N",9,0,0,0,0,0,0,"N",0.67,0,0,0,0,0,0,"N",0,0.0,0,0,0,0,0,0,0,0,0,0,0,0
"06081","5","51781","77","0","2024","A","N",9,0,0,0,0,0,0,"N",0.67,0,0,0,0,0,0,"N",0,0.0,0,0,0,0,0,0,0,0,0,0,0,0
"06081","5","517810","78","0","2024","A","N",9,0,0,0,0,0,0,"N",0.67,0,0,0,0,0,0,"N",0,0.0,0,0,0,0,0,0,0,0,0,0,0,0
"06081","5","518","75","0","2024","A","",189,6293,2743048518,58977200,1914877,8383,435900,"",1.32,4.84,4.17,3.67,3.66,0.86,0.86,"",14,8.0,377,6.4,366988073,15.4,8851974,17.7,423160,28.4,660,8.5,34295,8.5
"06081","5","5182","76","0","2024","A","",189,6293,2743048518,58977200,1914877,8383,435900,"",1.32,4.84,4.17,3.67,3.66,0.86,0.86,"",14,8.0,377,6.4,366988073,15.4,8851974,17.7,423160,28.4,660,8.5,34295,8.5
"06081","5","51821","77","0","2024","A","",189,6293,2743048518,58977200,1914877,8383,435900,"",1.32,4.84,4.17,3.67,3.66,0.86,0.86,"",14,8.0,377,6.4,366988073,15.4,8851974,17.7,423160,28.4,660,8.5,34295,8.5
"06081","5","518210","78","0","2024","A","",189,6293,2743048518,58977200,1914877,8383,435900,"",1.32,4.84,4.17,3.67,3.66,0.86,0.86,"",14,8.0,377,6.4,366988073,15.4,8851974,17.7,423160,28.4,660,8.5,34295,8.5
"06081","5","519","75","0","2024","A","N",33,0,0,0,0,0,0,"N",0.75,0,0,0,0,0,0,"N",2,6.5,0,0,0,0,0,0,0,0,0,0,0,0
"06081","5","5192","76","0","2024","A","N",33,0,0,0,0,0,0,"N",0.75,0,0,0,0,0,0,"N",2,6.5,0,0,0,0,0,0,0,0,0,0,0,0
"06081","5","51921","77","0","2024","A","N",2,0,0,0,0,0,0,"N",0.32,0,0,0,0,0,0,"N",1,100.0,0,0,0,0,0,0,0,0,0,0,0,0
"06081","5","519210","78","0","2024","A","N",2,0,0,0,0,0,0,"N",0.32,0,0,0,0,0,0,"N",1,100.0,0,0,0,0,0,0,0,0,0,0,0,0
"06081","5","51929","77","0","2024","A","N",31,0,0,0,0,0,0,"N",0.82,0,0,0,0,0,0,"N",1,3.3,0,0,0,0,0,0,0,0,0,0,0,0
"06081","5","519290","78","0","2024","A","N",31,0,0,0,0,0,0,"N",0.82,0,0,0,0,0,0,"N",1,3.3,0,0,0,0,0,0,0,0,0,0,0,0
"06081","5","52","74","0","2024","A","",1327,16044,6306058063,148864654,4804335,7559,393046,"",0.88,0.95,1.00,0.80,0.98,1.06,1.06,"",-41,-3.0,-42,-0.3,1029683384,19.5,4161596,2.9,697556,17.0,1251,19.8,65039,19.8
"06081","5","522","75","0","2024","A","",342,7126,2626678594,61321603,2344971,7088,368601,"",0.68,1.04,1.28,0.83,1.21,1.24,1.24,"",-30,-8.1,501,7.6,963417546,57.9,1863480,3.1,482674,25.9,2260,46.8,117552,46.8
"06081","5","5221","76","0","2024","A","",193,2033,365525951,18013821,782510,3457,179782,"",0.70,0.43,0.27,0.35,0.69,0.63,0.63,"",-18,-8.5,25,1.2,45312088,14.2,-1354512,-7.0,72813,10.3,390,12.7,20280,12.7
"06081","5","52211","77","0","2024","A","",156,1705,336738524,15784356,714897,3798,197520,"",0.76,0.46,0.30,0.40,0.82,0.64,0.64,"",-17,-9.8,45,2.7,46536238,16.0,-1087295,-6.4,79628,12.5,436,13.0,22699,13.0
"06081","5","522110","78","0","2024","A","",156,1705,336738524,15784356,714897,3798,197520,"",0.76,0.46,0.30,0.40,0.82,0.64,0.64,"",-17,-9.8,45,2.7,46536238,16.0,-1087295,-6.4,79628,12.5,436,13.0,22699,13.0
"06081","5","52213","77","0","2024","A","N",30,0,0,0,0,0,0,"N",0.58,0,0,0,0,0,0,"N",-2,-6.2,0,0,0,0,0,0,0,0,0,0,0,0
"06081","5","522130","78","0","2024","A","N",30,0,0,0,0,0,0,"N",0.58,0,0,0,0,0,0,"N",-2,-6.2,0,0,0,0,0,0,0,0,0,0,0,0
"06081","5","52218","77","0","2024","A","N",6,0,0,0,0,0,0,"N",0.31,0,0,0,0,0,0,"N",0,0.0,0,0,0,0,0,0,0,0,0,0,0,0
"06081","5","522180","78","0","2024","A","N",6,0,0,0,0,0,0,"N",0.31,0,0,0,0,0,0,"N",0,0.0,0,0,0,0,0,0,0,0,0,0,0,0
"06081","5","5222","76","0","2024","A","",66,2859,832920754,22469537,718755,5603,291341,"",0.49,2.11,1.93,1.54,1.44,0.91,0.91,"",-11,-14.3,-923,-24.4,-320484431,-27.8,-9478879,-29.7,-149916,-17.3,-262,-4.5,-13625,-4.5
"06081","5","52221","77","0","2024","A","N",4,0,0,0,0,0,0,"N",1.50,0,0,0,0,0,0,"N",1,33.3,0,0,0,0,0,0,0,0,0,0,0,0
"06081","5","522210","78","0","2024","A","N",4,0,0,0,0,0,0,"N",1.50,0,0,0,0,0,0,"N",1,33.3,0,0,0,0,0,0,0,0,0,0,0,0
"06081","5","52222","77","0","2024","A","N",8,0,0,0,0,0,0,"N",0.48,0,0,0,0,0,0,"N",-1,-11.1,0,0,0,0,0,0,0,0,0,0,0,0
"06081","5","522220","78","0","2024","A","N",8,0,0,0,0,0,0,"N",0.48,0,0,0,0,0,0,"N",-1,-11.1,0,0,0,0,0,0,0,0,0,0,0,0
"06081","5","52229","77","0","2024","A","",55,820,254259335,6893553,330612,5961,309978,"",0.48,0.86,0.86,0.65,0.84,1.01,1.01,"",-9,-14.1,-28,-3.3,86836865,51.9,-498399,-6.7,113292,52.1,2163,57.0,112488,57.0
"06081","5","522291","78","0","2024","A","",15,449,202884117,3957812,225912,8694,452109,"",0.37,1.87,3.05,1.52,2.90,1.63,1.63,"",-1,-6.2,-38,-7.8,77941070,62.4,-528479,-11.8,91743,68.4,3759,76.2,195465,76.2
"06081","5","522292","78","0","2024","A","",31,335,46829895,2525020,93706,2688,139791,"",0.64,0.70,0.30,0.45,0.36,0.44,0.44,"",-7,-18.4,7,2.1,8167864,21.1,-37168,-1.5,19141,25.7,419,18.5,21799,18.5
"06081","5","522299","78","0","2024","A","",9,36,4545323,410721,10994,2395,124529,"",0.34,0.15,0.06,0.17,0.21,0.39,0.39,"",-1,-10.0,3,9.1,727931,19.1,67248,19.6,2408,28.0,187,8.5,9720,8.5
"06081","5","5223","76","0","2024","A","",83,2234,1428231889,20838245,843706,12295,639316,"",0.93,2.96,5.41,2.64,2.76,1.83,1.83,"",-2,-2.4,1398,167.2,1238589889,653.1,12696871,156.0,559777,197.2,7930,181.7,412358,181.7
"06081","5","52231","77","0","2024","A","",42,173,71693686,1852988,70353,7962,414016,"",0.94,0.77,1.07,0.70,0.53,1.39,1.39,"",-2,-4.5,-11,-6.0,22043505,44.4,-307319,-14.2,-21229,-23.2,2778,53.6,144422,53.6
"06081","5","522310","78","0","2024","A","",42,173,71693686,1852988,70353,7962,414016,"",0.94,0.77,1.07,0.70,0.53,1.39,1.39,"",-2,-4.5,-11,-6.0,22043505,44.4,-307319,-14.2,-21229,-23.2,2778,53.6,144422,53.6
"06081","5","52232","77","0","2024","A","",25,1868,1325884999,17089737,688270,13650,709789,"",1.01,5.43,9.32,4.78,6.18,1.72,1.72,"",0,0.0,1361,268.4,1209698925,1041.2,12620614,282.4,547156,387.7,9242,209.7,480550,209.6
"06081","5","522320","78","0","2024","A","",25,1868,1325884999,17089737,688270,13650,709789,"",1.01,5.43,9.32,4.78,6.18,1.72,1.72,"",0,0.0,1361,268.4,1209698925,1041.2,12620614,282.4,547156,387.7,9242,209.7,480550,209.6
"06081","5","52239","77","0","2024","A","",16,193,30653204,1895520,85083,3057,158962,"",0.83,1.04,0.56,1.13,1.39,0.54,0.54,"",0,0.0,48,33.1,6847459,28.8,383576,25.4,33850,66.1,-109,-3.4,-5689,-3.5
"06081","5","522390","78","0","2024","A","",16,193,30653204,1895520,85083,3057,158962,"",0.83,1.04,0.56,1.13,1.39,0.54,0.54,"",0,0.0,48,33.1,6847459,28.8,383576,25.4,33850,66.1,-109,-3.4,-5689,-3.5
"06081","5","523","75","0","2024","A","",636,6562,3257394001,64751781,1703761,9547,496428,"",1.62,2.26,1.50,1.90,1.67,0.66,0.66,"",-7,-1.1,-329,-4.8,121208718,3.9,2381620,3.8,120005,7.6,794,9.1,41287,9.1
"06081","5","5231","76","0","2024","A","",84,804,473963124,10246091,221490,11334,589384,"",0.76,0.63,0.47,0.68,0.56,0.75,0.75,"",-4,-4.5,-18,-2.2,33386169,7.6,1104040,12.1,32169,17.0,1022,9.9,53185,9.9
"06081","5","52315","77","0","2024","A","",79,735,452804934,9562706,193482,11842,615782,"",0.79,0.61,0.48,0.68,0.53,0.80,0.80,"N",-4,-4.8,0,0,0,0,0,0,0,0,0,0,0,0
"06081","5","523150","78","0","2024","A","",79,735,452804934,9562706,193482,11842,615782,"",0.79,0.61,0.48,0.68,0.53,0.80,0.80,"N",-4,-4.8,0,0,0,0,0,0,0,0,0,0,0,0
"06081","5","52316","77","0","2024","A","",6,69,21158190,683385,28008,5911,307383,"",0.65,0.99,0.32,0.83,0.89,0.33,0.33,"N",1,20.0,0,0,0,0,0,0,0,0,0,0,0,0
"06081","5","523160","78","0","2024","A","",6,69,21158190,683385,28008,5911,307383,"",0.65,0.99,0.32,0.83,0.89,0.33,0.33,"N",1,20.0,0,0,0,0,0,0,0,0,0,0,0,0
"06081","5","5239","76","0","2024","A","",552,5758,2783430877,54505690,1482271,9297,483444,"",1.96,3.58,2.39,2.87,2.42,0.67,0.67,"",-3,-0.5,-311,-5.1,87822549,3.3,1277580,2.4,87836,6.3,755,8.8,39278,8.8
"06081","5","52391","77","0","2024","A","",145,1802,839712571,16133660,422279,8960,465925,"",5.72,19.73,12.63,16.03,11.02,0.64,0.64,"",1,0.7,29,1.6,-26664036,-3.1,-108366,-0.7,36298,9.4,-436,-4.6,-22679,-4.6
"06081","5","523910","78","0","2024","A","",145,1802,839712571,16133660,422279,8960,465925,"",5.72,19.73,12.63,16.03,11.02,0.64,0.64,"",1,0.7,29,1.6,-26664036,-3.1,-108366,-0.7,36298,9.4,-436,-4.6,-22679,-4.6
"06081","5","52394","77","0","2024","A","",384,3843,1910756138,37359217,1027994,9561,497194,"",1.69,2.82,1.87,2.32,2.00,0.66,0.66,"",-1,-0.3,-364,-8.7,101047042,5.6,1277471,3.5,48150,4.9,1289,15.6,67053,15.6
"06081","5","523940","78","0","2024","A","",384,3843,1910756138,37359217,1027994,9561,497194,"",1.69,2.82,1.87,2.32,2.00,0.66,0.66,"",-1,-0.3,-364,-8.7,101047042,5.6,1277471,3.5,48150,4.9,1289,15.6,67053,15.6
"06081","5","52399","77","0","2024","A","",22,112,32962168,1012813,31998,5651,293868,"",0.78,0.71,0.44,0.54,0.53,0.62,0.62,"",-4,-15.4,23,25.8,13439543,68.8,108475,12.0,3388,11.8,1409,33.2,73273,33.2
"06081","5","523991","78","0","2024","A","",13,52,10196015,430348,12564,3789,197024,"",1.69,0.89,0.50,0.64,0.66,0.57,0.57,"",-2,-13.3,-18,-25.7,-1834276,-15.2,-120918,-21.9,-3443,-21.5,484,14.6,25163,14.6
"06081","5","523999","78","0","2024","A","",9,60,22766153,582465,19434,7247,376819,"",0.44,0.60,0.42,0.49,0.47,0.69,0.69,"",-2,-18.2,41,215.8,15273819,203.9,229393,65.0,6831,54.2,-541,-6.9,-28172,-7.0
"06081","5","524","75","0","2024","A","",318,2206,376419725,21335849,705030,3281,170622,"",0.55,0.32,0.19,0.29,0.37,0.60,0.60,"",-7,-2.2,-206,-8.5,-42194327,-10.1,-182332,-0.8,87721,14.2,-57,-1.7,-2963,-1.7
"06081","5","5241","76","0","2024","A","",50,328,58405442,2877624,112306,3421,177885,"",0.55,0.10,0.06,0.08,0.13,0.58,0.58,"",-2,-3.8,8,2.5,15745589,36.9,445108,18.3,27261,32.1,857,33.4,44538,33.4
"06081","5","52411","77","0","2024","A","",25,114,27404360,1185978,48209,4623,240389,"",0.70,0.06,0.05,0.06,0.10,0.81,0.81,"",1,4.2,16,16.3,15010284,121.1,515441,76.9,28283,141.9,2191,90.1,113919,90.1
"06081","5","524113","78","0","2024","A","",15,26,2360072,228500,6374,1729,89908,"",1.11,0.05,0.01,0.03,0.04,0.26,0.26,"",0,0.0,-7,-21.2,-318513,-11.9,12687,5.9,270,4.4,156,9.9,8119,9.9
"06081","5","524114","78","0","2024","A","",10,88,25044288,957478,41835,5489,285405,"",0.45,0.07,0.07,0.08,0.13,1.04,1.04,"",1,11.1,23,35.4,15328797,157.8,502754,110.6,28013,202.7,2626,91.7,136509,91.7
"06081","5","52412","77","0","2024","A","",25,214,31001082,1691646,64097,2782,144640,"",0.47,0.15,0.07,0.12,0.17,0.47,0.47,"",-3,-10.7,-8,-3.6,735305,2.4,-70333,-4.0,-1022,-1.6,159,6.1,8256,6.1
"06081","5","524126","78","0","2024","A","",13,143,19228682,1084616,26758,2580,134154,"",0.40,0.12,0.05,0.09,0.09,0.43,0.43,"",-1,-7.1,1,0.7,533453,2.9,-23948,-2.2,-2579,-8.8,53,2.1,2729,2.1
"06081","5","524127","78","0","2024","A","N",11,0,0,0,0,0,0,"N",0.74,0,0,0,0,0,0,"N",-2,-15.4,0,0,0,0,0,0,0,0,0,0,0,0
"06081","5","524128","78","0","2024","A","N",1,0,0,0,0,0,0,"N",0.18,0,0,0,0,0,0,"N",0,0.0,0,0,0,0,0,0,0,0,0,0,0,0
"06081","5","5242","76","0","2024","A","",268,1878,318014283,18458225,592724,3257,169352,"",0.55,0.51,0.32,0.46,0.58,0.63,0.63,"",-5,-1.8,-214,-10.2,-57939916,-15.4,-627440,-3.3,60460,11.4,-200,-5.8,-10387,-5.8
"06081","5","52421","77","0","2024","A","",246,1530,234685170,13512685,407148,2949,153356,"",0.59,0.57,0.32,0.47,0.58,0.57,0.57,"",-4,-1.6,-220,-12.6,-75742611,-24.4,-1908441,-12.4,319,0.1,-462,-13.5,-24040,-13.6
"06081","5","524210","78","0","2024","A","",246,1530,234685170,13512685,407148,2949,153356,"",0.59,0.57,0.32,0.47,0.58,0.57,0.57,"",-4,-1.6,-220,-12.6,-75742611,-24.4,-1908441,-12.4,319,0.1,-462,-13.5,-24040,-13.6
"06081","5","52429","77","0","2024","A","",22,348,83329113,4945540,185576,4611,239796,"",0.29,0.34,0.31,0.44,0.58,0.92,0.92,"",-1,-4.3,6,1.8,17802695,27.2,1281001,35.0,60141,47.9,924,25.1,48058,25.1
"06081","5","524291","78","0","2024","A","N",2,0,0,0,0,0,0,"N",0.09,0,0,0,0,0,0,"N",0,0.0,0,0,0,0,0,0,0,0,0,0,0,0
"06081","5","524292","78","0","2024","A","",11,221,61502486,3605613,141390,5350,278187,"",0.44,0.37,0.42,0.56,0.80,1.13,1.13,"",-1,-8.3,-39,-15.0,10038711,19.5,868800,31.7,46575,49.1,1547,40.7,80440,40.7
"06081","5","524298","78","0","2024","A","N",9,0,0,0,0,0,0,"N",0.31,0,0,0,0,0,0,"N",0,0.0,0,0,0,0,0,0,0,0,0,0,0,0
"06081","5","525","75","0","2024","A","",30,150,45565743,1455421,50573,5835,303434,"",1.15,1.77,1.08,0.96,0.82,0.61,0.61,"",1,3.4,-9,-5.7,-12748553,-21.9,98828,7.3,7156,16.5,-1229,-17.4,-63900,-17.4
"06081","5","5251","76","0","2024","A","",4,20,3132210,165444,5324,3024,157266,"",0.76,0.59,0.33,0.41,0.35,0.55,0.55,"",1,33.3,4,25.0,548462,21.2,41910,33.9,809,17.9,-49,-1.6,-2553,-1.6
"06081","5","52511","77","0","2024","A","N",2,0,0,0,0,0,0,"N",0.84,0,0,0,0,0,0,"N",0,0.0,0,0,0,0,0,0,0,0,0,0,0,0
"06081","5","525110","78","0","2024","A","N",2,0,0,0,0,0,0,"N",0.84,0,0,0,0,0,0,"N",0,0.0,0,0,0,0,0,0,0,0,0,0,0,0
"06081","5","52512","77","0","2024","A","N",2,0,0,0,0,0,0,"N",1.05,0,0,0,0,0,0,"N",1,100.0,0,0,0,0,0,0,0,0,0,0,0,0
"06081","5","525120","78","0","2024","A","N",2,0,0,0,0,0,0,"N",1.05,0,0,0,0,0,0,"N",1,100.0,0,0,0,0,0,0,0,0,0,0,0,0
"06081","5","5259","76","0","2024","A","",26,130,42433533,1289977,45249,6265,325785,"",1.25,2.55,1.30,1.16,0.97,0.51,0.51,"",0,0.0,-13,-9.1,-13297015,-23.9,56918,4.6,6347,16.3,-1252,-16.7,-65078,-16.6
"06081","5","52591","77","0","2024","A","",6,34,11495124,260986,11679,6534,339757,"",1.65,3.25,1.40,1.21,1.13,0.43,0.43,"",1,20.0,13,61.9,2770855,31.8,124458,91.2,7111,155.7,-1584,-19.5,-82385,-19.5
"06081","5","525910","78","0","2024","A","",6,34,11495124,260986,11679,6534,339757,"",1.65,3.25,1.40,1.21,1.13,0.43,0.43,"",1,20.0,13,61.9,2770855,31.8,124458,91.2,7111,155.7,-1584,-19.5,-82385,-19.5
"06081","5","52592","77","0","2024","A","",6,11,1254287,250329,7114,2261,117589,"",0.72,1.17,0.23,0.47,0.32,0.20,0.20,"",2,50.0,2,22.2,238325,23.5,172849,223.1,4976,232.7,49,2.2,2574,2.2
"06081","5","525920","78","0","2024","A","",6,11,1254287,250329,7114,2261,117589,"",0.72,1.17,0.23,0.47,0.32,0.20,0.20,"",2,50.0,2,22.2,238325,23.5,172849,223.1,4976,232.7,49,2.2,2574,2.2
"06081","5","52599","77","0","2024","A","",15,86,29684122,778662,26456,6657,346171,"",1.69,2.77,1.58,2.15,1.81,0.57,0.57,"",-2,-11.8,-27,-23.9,-16306195,-35.5,-240389,-23.6,-5740,-17.8,-1164,-14.9,-60523,-14.9
"06081","5","525990","78","0","2024","A","",15,86,29684122,778662,26456,6657,346171,"",1.69,2.77,1.58,2.15,1.81,0.57,0.57,"",-2,-11.8,-27,-23.9,-16306195,-35.5,-240389,-23.6,-5740,-17.8,-1164,-14.9,-60523,-14.9
"06081","5","53","74","0","2024","A","",1398,6582,617000143,60634362,1711794,1803,93741,"",1.10,1.02,0.48,0.90,0.81,0.47,0.47,"",-22,-1.5,-40,-0.6,24220211,4.1,2321394,4.0,71883,4.4,82,4.8,4227,4.7
"06081","5","531","75","0","2024","A","",1294,4585,474932840,41771477,1280420,1992,103578,"",1.16,0.94,0.48,0.82,0.80,0.51,0.51,"",-16,-1.2,12,0.3,27159955,6.1,3618537,9.5,153473,13.6,109,5.8,5654,5.8
"06081","5","5311","76","0","2024","A","",346,1524,136694268,12406602,367362,1724,89665,"",1.09,0.89,0.42,0.74,0.68,0.47,0.47,"",-1,-0.3,142,10.3,24418924,21.7,1868980,17.7,50859,16.1,161,10.3,8399,10.3
"06081","5","53111","77","0","2024","A","",202,900,74192070,6990941,203890,1585,82428,"",1.18,0.90,0.45,0.70,0.63,0.50,0.50,"",0,0.0,143,18.9,15119314,25.6,1601313,29.7,38280,23.1,83,5.5,4341,5.6
"06081","5","531110","78","0","2024","A","",202,900,74192070,6990941,203890,1585,82428,"",1.18,0.90,0.45,0.70,0.63,0.50,0.50,"",0,0.0,143,18.9,15119314,25.6,1601313,29.7,38280,23.1,83,5.5,4341,5.6
"06081","5","53112","77","0","2024","A","",69,380,49527144,3447073,98517,2504,130220,"",0.98,0.89,0.42,0.83,0.72,0.48,0.48,"",-1,-1.4,6,1.6,9616274,24.1,372398,12.1,17343,21.4,452,22.0,23530,22.1
"06081","5","531120","78","0","2024","A","",69,380,49527144,3447073,98517,2504,130220,"",0.98,0.89,0.42,0.83,0.72,0.48,0.48,"",-1,-1.4,6,1.6,9616274,24.1,372398,12.1,17343,21.4,452,22.0,23530,22.1
"06081","5","53113","77","0","2024","A","",48,155,7756185,1193711,36804,963,50067,"",0.99,0.95,0.34,0.77,0.77,0.36,0.36,"",-1,-2.0,-6,-3.7,-272329,-3.4,-51800,-4.2,-2182,-5.6,6,0.6,303,0.6
"06081","5","531130","78","0","2024","A","",48,155,7756185,1193711,36804,963,50067,"",0.99,0.95,0.34,0.77,0.77,0.36,0.36,"",-1,-2.0,-6,-3.7,-272329,-3.4,-51800,-4.2,-2182,-5.6,6,0.6,303,0.6
"06081","5","53119","77","0","2024","A","",27,89,5218869,774877,28151,1126,58529,"",0.99,0.78,0.26,0.70,0.79,0.33,0.33,"",1,3.8,-1,-1.1,-44335,-0.8,-52931,-6.4,-2582,-8.4,-3,-0.3,-168,-0.3
"06081","5","531190","78","0","2024","A","",27,89,5218869,774877,28151,1126,58529,"",0.99,0.78,0.26,0.70,0.79,0.33,0.33,"",1,3.8,-1,-1.1,-44335,-0.8,-52931,-6.4,-2582,-8.4,-3,-0.3,-168,-0.3
"06081","5","5312","76","0","2024","A","",496,1016,115755044,9880834,292063,2190,113885,"",1.19,1.09,0.54,0.98,0.96,0.49,0.49,"",-21,-4.1,14,1.4,6921614,6.4,825990,9.1,32209,12.4,100,4.8,5215,4.8
"06081","5","53121","77","0","2024","A","",496,1016,115755044,9880834,292063,2190,113885,"",1.19,1.09,0.54,0.98,0.96,0.49,0.49,"",-21,-4.1,14,1.4,6921614,6.4,825990,9.1,32209,12.4,100,4.8,5215,4.8
"06081","5","531210","78","0","2024","A","",496,1016,115755044,9880834,292063,2190,113885,"",1.19,1.09,0.54,0.98,0.96,0.49,0.49,"",-21,-4.1,14,1.4,6921614,6.4,825990,9.1,32209,12.4,100,4.8,5215,4.8
"06081","5","5313","76","0","2024","A","",453,2044,222483528,19484041,620995,2093,108829,"",1.20,0.92,0.50,0.81,0.81,0.54,0.54,"",7,1.6,-146,-6.7,-4180583,-1.8,923567,5.0,70405,12.8,102,5.1,5310,5.1
"06081","5","53131","77","0","2024","A","",360,1670,175397824,15352834,481855,2019,105013,"",1.38,0.88,0.49,0.75,0.75,0.56,0.56,"",4,1.1,-208,-11.1,-6867157,-3.8,-580927,-3.6,4190,0.9,153,8.2,7978,8.2
"06081","5","531311","78","0","2024","A","",278,1200,94121202,10210263,331483,1509,78451,"",1.39,0.83,0.39,0.66,0.67,0.47,0.47,"",6,2.2,-206,-14.7,-18046630,-16.1,-1654686,-13.9,-35997,-9.8,-25,-1.6,-1336,-1.7
"06081","5","531312","78","0","2024","A","",83,470,81276622,5142571,150372,3322,172745,"",1.37,1.02,0.69,1.03,1.01,0.67,0.67,"",-1,-1.2,-3,-0.6,11179473,15.9,1073759,26.4,40187,36.5,469,16.4,24391,16.4
"06081","5","53132","77","0","2024","A","",12,24,2687926,222511,8918,2110,109711,"",0.35,0.32,0.18,0.28,0.41,0.56,0.56,"",-1,-7.7,12,100.0,1910934,245.9,106610,92.0,6080,214.2,907,75.4,47134,75.3
"06081","5","531320","78","0","2024","A","",12,24,2687926,222511,8918,2110,109711,"",0.35,0.32,0.18,0.28,0.41,0.56,0.56,"",-1,-7.7,12,100.0,1910934,245.9,106610,92.0,6080,214.2,907,75.4,47134,75.3
"06081","5","53139","77","0","2024","A","",80,350,44397778,3908696,130222,2442,127002,"",0.97,1.42,0.60,1.50,1.37,0.42,0.42,"",3,3.9,51,17.1,775640,1.8,1397884,55.7,60135,85.8,-365,-13.0,-18973,-13.0
"06081","5","531390","78","0","2024","A","",80,350,44397778,3908696,130222,2442,127002,"",0.97,1.42,0.60,1.50,1.37,0.42,0.42,"",3,3.9,51,17.1,775640,1.8,1397884,55.7,60135,85.8,-365,-13.0,-18973,-13.0
"06081","5","532","75","0","2024","A","",100,1971,135316619,18659885,423646,1320,68645,"",0.66,1.28,0.48,1.17,0.87,0.37,0.37,"",-5,-4.8,-48,-2.4,-3450549,-2.5,-1262143,-6.3,-80582,-16.0,-2,-0.2,-94,-0.1
"06081","5","5321","76","0","2024","A","",46,1154,77802008,10896760,253599,1297,67429,"",0.97,2.00,0.85,1.89,1.77,0.43,0.43,"",-3,-6.1,-48,-4.0,-4928957,-6.0,-586593,-5.1,-32499,-11.4,-27,-2.0,-1394,-2.0
"06081","5","53211","77","0","2024","A","",39,1055,71690526,10155898,234940,1307,67969,"",1.40,3.27,1.48,3.14,2.97,0.45,0.45,"",-3,-7.1,-46,-4.2,-4659948,-6.1,-553919,-5.2,-28692,-10.9,-27,-2.0,-1393,-2.0
"06081","5","532111","78","0","2024","A","N",38,0,0,0,0,0,0,"N",1.48,0,0,0,0,0,0,"N",-3,-7.3,0,0,0,0,0,0,0,0,0,0,0,0
"06081","5","532112","78","0","2024","A","N",1,0,0,0,0,0,0,"N",0.45,0,0,0,0,0,0,"N",0,0.0,0,0,0,0,0,0,0,0,0,0,0,0
"06081","5","53212","77","0","2024","A","",7,99,6111482,740862,18659,1186,61680,"",0.36,0.39,0.14,0.29,0.29,0.36,0.36,"",0,0.0,-2,-2.0,-269009,-4.2,-32674,-4.2,-3807,-16.9,-25,-2.1,-1285,-2.0
"06081","5","532120","78","0","2024","A","",7,99,6111482,740862,18659,1186,61680,"",0.36,0.39,0.14,0.29,0.29,0.36,0.36,"",0,0.0,-2,-2.0,-269009,-4.2,-32674,-4.2,-3807,-16.9,-25,-2.1,-1285,-2.0
"06081","5","5322","76","0","2024","A","N",18,0,0,0,0,0,0,"N",0.39,0,0,0,0,0,0,"N",-2,-10.0,0,0,0,0,0,0,0,0,0,0,0,0
"06081","5","53228","77","0","2024","A","N",18,0,0,0,0,0,0,"N",0.42,0,0,0,0,0,0,"N",-2,-10.0,0,0,0,0,0,0,0,0,0,0,0,0
"06081","5","532283","78","0","2024","A","N",1,0,0,0,0,0,0,"N",0.14,0,0,0,0,0,0,"N",0,0.0,0,0,0,0,0,0,0,0,0,0,0,0
"06081","5","532284","78","0","2024","A","",4,12,395541,93321,2180,617,32071,"",0.46,0.23,0.07,0.18,0.11,0.31,0.31,"",1,33.3,0,0.0,-121300,-23.5,-10657,-10.2,-779,-26.3,-217,-26.0,-11300,-26.1
"06081","5","532289","78","0","2024","A","",13,270,14244046,2652745,47650,1014,52707,"",0.55,1.63,0.63,1.58,0.71,0.39,0.39,"",-2,-13.3,0,0.0,443894,3.2,88847,3.5,268,0.6,29,2.9,1500,2.9
"06081","5","5323","76","0","2024","A","N",1,0,0,0,0,0,0,"N",0.11,0,0,0,0,0,0,"N",0,0.0,0,0,0,0,0,0,0,0,0,0,0,0
"06081","5","53231","77","0","2024","A","N",1,0,0,0,0,0,0,"N",0.11,0,0,0,0,0,0,"N",0,0.0,0,0,0,0,0,0,0,0,0,0,0,0
"06081","5","532310","78","0","2024","A","N",1,0,0,0,0,0,0,"N",0.11,0,0,0,0,0,0,"N",0,0.0,0,0,0,0,0,0,0,0,0,0,0,0
"06081","5","5324","76","0","2024","A","",35,384,30661712,3665716,96734,1537,79900,"",0.71,0.72,0.24,0.64,0.51,0.33,0.33,"",-1,-2.8,-26,-6.3,-1338055,-4.2,-929840,-20.2,-49989,-34.1,38,2.5,1931,2.5
"06081","5","53241","77","0","2024","A","N",7,0,0,0,0,0,0,"N",0.32,0,0,0,0,0,0,"N",-1,-12.5,0,0,0,0,0,0,0,0,0,0,0,0
"06081","5","532412","78","0","2024","A","N",7,0,0,0,0,0,0,"N",0.36,0,0,0,0,0,0,"N",-1,-12.5,0,0,0,0,0,0,0,0,0,0,0,0
"06081","5","53242","77","0","2024","A","N",1,0,0,0,0,0,0,"N",0.33,0,0,0,0,0,0,"N",0,0.0,0,0,0,0,0,0,0,0,0,0,0,0
"06081","5","532420","78","0","2024","A","N",1,0,0,0,0,0,0,"N",0.33,0,0,0,0,0,0,"N",0,0.0,0,0,0,0,0,0,0,0,0,0,0,0
"06081","5","53249","77","0","2024","A","",27,308,23686047,3120000,80926,1481,76986,"",1.11,1.38,0.49,1.28,0.86,0.36,0.36,"",0,0.0,-38,-11.0,-2529559,-9.6,-887165,-22.1,-51668,-39.0,24,1.6,1237,1.6
"06081","5","532490","78","0","2024","A","",27,308,23686047,3120000,80926,1481,76986,"",1.11,1.38,0.49,1.28,0.86,0.36,0.36,"",0,0.0,-38,-11.0,-2529559,-9.6,-887165,-22.1,-51668,-39.0,24,1.6,1237,1.6
"06081","5","533","75","0","2024","A","",4,26,6750684,203000,7728,5091,264733,"",0.41,0.44,0.30,0.29,0.34,0.70,0.70,"",-2,-33.3,-5,-16.1,510805,8.2,-35000,-14.7,-1008,-11.5,1189,30.5,61810,30.5
"06081","5","5331","76","0","2024","A","",4,26,6750684,203000,7728,5091,264733,"",0.41,0.44,0.30,0.29,0.34,0.70,0.70,"",-2,-33.3,-5,-16.1,510805,8.2,-35000,-14.7,-1008,-11.5,1189,30.5,61810,30.5
"06081","5","53311","77","0","2024","A","",4,26,6750684,203000,7728,5091,264733,"",0.41,0.44,0.30,0.29,0.34,0.70,0.70,"",-2,-33.3,-5,-16.1,510805,8.2,-35000,-14.7,-1008,-11.5,1189,30.5,61810,30.5
"06081","5","533110","78","0","2024","A","",4,26,6750684,203000,7728,5091,264733,"",0.41,0.44,0.30,0.29,0.34,0.70,0.70,"",-2,-33.3,-5,-16.1,510805,8.2,-35000,-14.7,-1008,-11.5,1189,30.5,61810,30.5
"06081","5","54","74","0","2024","A","",4070,71055,19173152663,645456937,21243057,5189,269835,"",0.91,2.45,1.99,2.02,2.12,0.81,0.81,"",29,0.7,2744,4.0,2662608264,16.1,35102879,5.8,3127530,17.3,541,11.6,28137,11.6
"06081","5","541","75","0","2024","A","",4070,71055,19173152663,645456937,21243057,5189,269835,"",0.91,2.45,1.99,2.02,2.12,0.81,0.81,"",29,0.7,2744,4.0,2662608264,16.1,35102879,5.8,3127530,17.3,541,11.6,28137,11.6
"06081","5","5411","76","0","2024","A","",378,2648,504773041,23583539,649222,3667,190660,"",0.70,0.82,0.46,0.71,0.72,0.55,0.55,"",-7,-1.8,-117,-4.2,-7037606,-1.4,-549649,-2.3,40367,6.6,107,3.0,5529,3.0
"06081","5","54111","77","0","2024","A","",360,2589,498496263,22995024,622922,3702,192525,"",0.74,0.88,0.48,0.75,0.77,0.54,0.54,"",-7,-1.9,-117,-4.3,-7702465,-1.5,-567640,-2.4,35217,6.0,105,2.9,5460,2.9
"06081","5","541110","78","0","2024","A","",360,2589,498496263,22995024,622922,3702,192525,"",0.74,0.88,0.48,0.75,0.77,0.54,0.54,"",-7,-1.9,-117,-4.3,-7702465,-1.5,-567640,-2.4,35217,6.0,105,2.9,5460,2.9
"06081","5","54119","77","0","2024","A","",17,58,6276778,588515,26300,2072,107756,"",0.31,0.22,0.11,0.22,0.27,0.50,0.50,"",-1,-5.6,-1,-1.7,664859,11.8,17991,3.2,5150,24.3,230,12.5,11962,12.5
"06081","5","541191","78","0","2024","A","",7,23,3250448,253436,13704,2748,142877,"",0.27,0.15,0.11,0.16,0.23,0.74,0.74,"",0,0.0,-1,-4.2,-150156,-4.4,5113,2.1,3563,35.1,-6,-0.2,-306,-0.2
"06081","5","541199","78","0","2024","A","",10,36,3026330,335079,12596,1639,85249,"",0.35,0.32,0.11,0.30,0.33,0.35,0.35,"",-1,-9.1,1,2.9,815015,36.9,12878,4.0,1587,14.4,418,34.2,21766,34.3
"06081","5","5412","76","0","2024","A","",367,3521,356260185,38190587,1368556,1946,101186,"",0.77,1.13,0.45,1.14,1.27,0.40,0.40,"",-6,-1.6,-40,-1.1,19267103,5.7,-2178747,-5.4,-79777,-5.5,126,6.9,6547,6.9
"06081","5","54121","77","0","2024","A","",367,3521,356260185,38190587,1368556,1946,101186,"",0.77,1.13,0.45,1.14,1.27,0.40,0.40,"",-6,-1.6,-40,-1.1,19267103,5.7,-2178747,-5.4,-79777,-5.5,126,6.9,6547,6.9
"06081","5","541211","78","0","2024","A","",136,699,91232084,6836537,185453,2509,130456,"",0.83,0.48,0.21,0.42,0.47,0.43,0.43,"",-3,-2.2,-70,-9.1,-1988279,-2.1,-443177,-6.1,-6409,-3.3,176,7.5,9154,7.5
"06081","5","541213","78","0","2024","A","",88,313,31460841,3181097,125120,1932,100487,"",0.90,1.17,0.83,1.19,0.73,0.70,0.70,"",-2,-2.2,7,2.3,4874700,18.3,139476,4.6,3581,2.9,263,15.8,13699,15.8
"06081","5","541214","78","0","2024","A","",18,2023,181744530,23152232,892234,1728,89839,"",0.53,3.27,1.18,3.41,3.16,0.36,0.36,"",-3,-14.3,63,3.2,21236325,13.2,-1747081,-7.0,-95449,-9.7,153,9.7,7930,9.7
"06081","5","541219","78","0","2024","A","",124,485,51822730,5020721,165749,2053,106759,"",0.67,0.63,0.33,0.63,0.73,0.52,0.52,"",1,0.8,-41,-7.8,-4855643,-8.6,-127965,-2.5,18500,12.6,-18,-0.9,-909,-0.8
"06081","5","5413","76","0","2024","A","",264,3657,728944009,40405836,1417680,3833,199306,"",0.59,0.80,0.54,0.79,0.93,0.67,0.67,"",-2,-0.8,125,3.5,102396353,16.3,4533117,12.6,438580,44.8,421,12.3,21889,12.3
"06081","5","54131","77","0","2024","A","",70,345,39968599,3234314,88445,2227,115795,"",0.91,0.63,0.26,0.52,0.53,0.42,0.42,"",-4,-5.4,-66,-16.1,-10984253,-21.6,-316344,-8.9,293,0.3,-159,-6.7,-8279,-6.7
"06081","5","541310","78","0","2024","A","",70,345,39968599,3234314,88445,2227,115795,"",0.91,0.63,0.26,0.52,0.53,0.42,0.42,"",-4,-5.4,-66,-16.1,-10984253,-21.6,-316344,-8.9,293,0.3,-159,-6.7,-8279,-6.7
"06081","5","54132","77","0","2024","A","",20,181,15928684,1675644,49566,1692,87963,"",1.02,1.95,0.86,1.70,1.33,0.44,0.44,"",-1,-4.8,22,13.8,1589502,11.1,188446,12.7,9237,22.9,-46,-2.6,-2410,-2.7
"06081","5","541320","78","0","2024","A","",20,181,15928684,1675644,49566,1692,87963,"",1.02,1.95,0.86,1.70,1.33,0.44,0.44,"",-1,-4.8,22,13.8,1589502,11.1,188446,12.7,9237,22.9,-46,-2.6,-2410,-2.7
"06081","5","54133","77","0","2024","A","",135,2282,479198552,27714580,917439,4038,209983,"",0.52,0.73,0.48,0.77,0.87,0.66,0.66,"",1,0.7,243,11.9,73360568,18.1,6572332,31.1,381106,71.1,210,5.5,10945,5.5
"06081","5","541330","78","0","2024","A","",135,2282,479198552,27714580,917439,4038,209983,"",0.52,0.73,0.48,0.77,0.87,0.66,0.66,"",1,0.7,243,11.9,73360568,18.1,6572332,31.1,381106,71.1,210,5.5,10945,5.5
"06081","5","54134","77","0","2024","A","N",3,0,0,0,0,0,0,"N",0.32,0,0,0,0,0,0,"N",0,0.0,0,0,0,0,0,0,0,0,0,0,0,0
"06081","5","541340","78","0","2024","A","N",3,0,0,0,0,0,0,"N",0.32,0,0,0,0,0,0,"N",0,0.0,0,0,0,0,0,0,0,0,0,0,0,0
"06081","5","54135","77","0","2024","A","",8,6,1198407,79029,2771,3895,202548,"",0.36,0.08,0.09,0.11,0.10,1.12,1.12,"",1,14.3,-1,-14.3,48958,4.3,-12178,-13.4,1011,57.4,846,27.7,44003,27.8
"06081","5","541350","78","0","2024","A","",8,6,1198407,79029,2771,3895,202548,"",0.36,0.08,0.09,0.11,0.10,1.12,1.12,"",1,14.3,-1,-14.3,48958,4.3,-12178,-13.4,1011,57.4,846,27.7,44003,27.8
"06081","5","54136","77","0","2024","A","N",2,0,0,0,0,0,0,"N",0.31,0,0,0,0,0,0,"N",0,0.0,0,0,0,0,0,0,0,0,0,0,0,0
"06081","5","541360","78","0","2024","A","N",2,0,0,0,0,0,0,"N",0.31,0,0,0,0,0,0,"N",0,0.0,0,0,0,0,0,0,0,0,0,0,0,0
"06081","5","54137","77","0","2024","A","",5,37,7627894,289787,10890,3920,203864,"",0.23,0.25,0.26,0.19,0.25,1.03,1.03,"",0,0.0,-4,-9.8,-341581,-4.3,-65277,-18.4,2967,37.4,159,4.2,8294,4.2
"06081","5","541370","78","0","2024","A","",5,37,7627894,289787,10890,3920,203864,"",0.23,0.25,0.26,0.19,0.25,1.03,1.03,"",0,0.0,-4,-9.8,-341581,-4.3,-65277,-18.4,2967,37.4,159,4.2,8294,4.2
"06081","5","54138","77","0","2024","A","",21,801,184303311,7351645,346799,4426,230163,"",0.70,1.70,1.55,1.41,1.93,0.91,0.91,"",1,5.0,-70,-8.0,38424418,26.3,-1845499,-20.1,43595,14.4,1205,37.4,62647,37.4
"06081","5","541380","78","0","2024","A","",21,801,184303311,7351645,346799,4426,230163,"",0.70,1.70,1.55,1.41,1.93,0.91,0.91,"",1,5.0,-70,-8.0,38424418,26.3,-1845499,-20.1,43595,14.4,1205,37.4,62647,37.4
"06081","5","5414","76","0","2024","A","",130,302,34304794,2927217,94165,2187,113749,"",1.04,0.74,0.36,0.71,0.65,0.48,0.48,"",-8,-5.8,-67,-18.2,-2198948,-6.0,-577056,-16.5,-4481,-4.5,282,14.8,14689,14.8
"06081","5","54141","77","0","2024","A","",70,154,12365350,1404715,47211,1542,80164,"",1.42,1.03,0.44,0.94,0.96,0.42,0.42,"",-5,-6.7,-40,-20.6,-2335301,-15.9,-348875,-19.9,-2627,-5.3,87,6.0,4485,5.9
"06081","5","541410","78","0","2024","A","",70,154,12365350,1404715,47211,1542,80164,"",1.42,1.03,0.44,0.94,0.96,0.42,0.42,"",-5,-6.7,-40,-20.6,-2335301,-15.9,-348875,-19.9,-2627,-5.3,87,6.0,4485,5.9
"06081","5","54142","77","0","2024","A","",11,45,6090438,523600,15663,2622,136353,"",1.48,0.85,0.35,1.05,0.77,0.41,0.41,"",1,10.0,-15,-25.0,-1332621,-18.0,-100752,-16.1,803,5.4,259,11.0,13489,11.0
"06081","5","541420","78","0","2024","A","",11,45,6090438,523600,15663,2622,136353,"",1.48,0.85,0.35,1.05,0.77,0.41,0.41,"",1,10.0,-15,-25.0,-1332621,-18.0,-100752,-16.1,803,5.4,259,11.0,13489,11.0
"06081","5","54143","77","0","2024","A","",36,72,7372096,747902,25220,1964,102154,"",0.69,0.48,0.20,0.48,0.49,0.42,0.42,"",0,0.0,-9,-11.1,53172,0.7,-72281,-8.8,-563,-2.2,223,12.8,11611,12.8
"06081","5","541430","78","0","2024","A","",36,72,7372096,747902,25220,1964,102154,"",0.69,0.48,0.20,0.48,0.49,0.42,0.42,"",0,0.0,-9,-11.1,53172,0.7,-72281,-8.8,-563,-2.2,223,12.8,11611,12.8
"06081","5","54149","77","0","2024","A","",14,30,8476910,251000,6071,5345,277931,"",0.83,0.55,0.60,0.45,0.26,1.07,1.07,"",-3,-17.6,-3,-9.1,1415802,20.1,-55148,-18.0,-2094,-25.6,1230,29.9,63958,29.9
"06081","5","541490","78","0","2024","A","",14,30,8476910,251000,6071,5345,277931,"",0.83,0.55,0.60,0.45,0.26,1.07,1.07,"",-3,-17.6,-3,-9.1,1415802,20.1,-55148,-18.0,-2094,-25.6,1230,29.9,63958,29.9
"06081","5","5415","76","0","2024","A","",1081,23104,7773784360,226333166,7469896,6471,336467,"",1.00,3.53,2.84,2.98,3.03,0.80,0.80,"",52,5.1,3840,19.9,2346629512,43.2,41637363,22.5,1573433,26.7,1053,19.4,54736,19.4
"06081","5","54151","77","0","2024","A","",1081,23104,7773784360,226333166,7469896,6471,336467,"",1.00,3.53,2.84,2.98,3.03,0.80,0.80,"",52,5.1,3840,19.9,2346629512,43.2,41637363,22.5,1573433,26.7,1053,19.4,54736,19.4
"06081","5","541511","78","0","2024","A","",668,12800,4005193456,137571119,4576127,6017,312902,"",1.30,4.41,2.97,4.09,3.97,0.67,0.67,"",29,4.5,-1901,-12.9,-287825230,-6.7,-6454742,-4.5,-23414,-0.5,401,7.1,20876,7.1
"06081","5","541512","78","0","2024","A","",338,9329,3549726205,79962571,2619160,7317,380504,"",0.73,3.05,3.02,2.23,2.38,0.99,0.99,"",13,4.0,5700,157.1,2618274268,281.1,47592971,147.0,1563592,148.1,2381,48.2,123817,48.2
"06081","5","541513","78","0","2024","A","N",13,0,0,0,0,0,0,"N",0.75,0,0,0,0,0,0,"N",1,8.3,0,0,0,0,0,0,0,0,0,0,0,0
"06081","5","541519","78","0","2024","A","N",62,0,0,0,0,0,0,"N",0.70,0,0,0,0,0,0,"N",8,14.8,0,0,0,0,0,0,0,0,0,0,0,0
"06081","5","5416","76","0","2024","A","",995,4794,1017625770,47098969,1468788,4082,212267,"",0.93,0.96,0.65,0.83,0.79,0.68,0.68,"",8,0.8,-425,-8.1,-20235988,-1.9,-2449361,-4.9,55339,3.9,258,6.7,13418,6.7
"06081","5","54161","77","0","2024","A","",780,3882,873492082,37557224,1111202,4328,225035,"",0.88,0.94,0.66,0.81,0.72,0.71,0.71,"",25,3.3,-162,-4.0,9216398,1.1,-652310,-1.7,45746,4.3,218,5.3,11330,5.3
"06081","5","541611","78","0","2024","A","",512,2029,466461413,20018488,563296,4421,229916,"",1.13,0.90,0.58,0.78,0.68,0.65,0.65,"",14,2.8,-93,-4.4,-14082502,-2.9,-539544,-2.6,22661,4.2,67,1.5,3494,1.5
"06081","5","541612","78","0","2024","A","",18,125,21448487,1419876,33006,3293,171245,"",0.42,0.50,0.29,0.51,0.34,0.57,0.57,"",-2,-10.0,5,4.2,1221075,6.0,272462,23.7,3497,11.9,40,1.2,2096,1.2
"06081","5","541613","78","0","2024","A","",182,1218,292908149,11279315,364484,4623,240384,"",0.75,1.42,1.23,1.14,1.04,0.87,0.87,"",10,5.8,-169,-12.2,-2259894,-0.8,-1450337,-11.4,-20982,-5.4,529,12.9,27497,12.9
"06081","5","541614","78","0","2024","A","",30,285,24450953,2552471,81304,1648,85693,"",0.58,0.65,0.24,0.56,0.56,0.36,0.36,"",1,3.4,50,21.3,3564514,17.1,761970,42.6,25445,45.6,-63,-3.7,-3280,-3.7
"06081","5","541618","78","0","2024","A","",38,224,68223080,2287074,69112,5866,305021,"",0.40,0.65,0.66,0.65,0.58,1.01,1.01,"",1,2.7,43,23.8,20773205,43.8,303139,15.3,15125,28.0,827,16.4,42988,16.4
"06081","5","54162","77","0","2024","A","",15,96,10533297,894745,39636,2119,110200,"",0.37,0.35,0.15,0.27,0.41,0.44,0.44,"",0,0.0,-4,-4.0,73048,0.7,-70351,-7.3,222,0.6,101,5.0,5248,5.0
"06081","5","541620","78","0","2024","A","",15,96,10533297,894745,39636,2119,110200,"",0.37,0.35,0.15,0.27,0.41,0.44,0.44,"",0,0.0,-4,-4.0,73048,0.7,-70351,-7.3,222,0.6,101,5.0,5248,5.0
"06081","5","54169","77","0","2024","A","",201,817,133600391,8647000,317950,3145,163542,"",1.35,1.42,0.73,1.27,1.36,0.52,0.52,"",-16,-7.4,-258,-24.0,-29525434,-18.1,-1726700,-16.6,9371,3.0,228,7.8,11856,7.8
"06081","5","541690","78","0","2024","A","",201,817,133600391,8647000,317950,3145,163542,"",1.35,1.42,0.73,1.27,1.36,0.52,0.52,"",-16,-7.4,-258,-24.0,-29525434,-18.1,-1726700,-16.6,9371,3.0,228,7.8,11856,7.8
"06081","5","5417","76","0","2024","A","",564,29922,8318098957,239636672,7819260,5346,277990,"",3.73,12.01,7.20,9.28,9.96,0.60,0.60,"",9,1.6,-595,-1.9,211435329,2.6,-5578080,-2.3,985650,14.4,237,4.6,12344,4.6
"06081","5","54171","77","0","2024","A","",551,29450,8264725018,235746315,7742633,5397,280633,"",4.08,12.77,7.45,9.62,10.39,0.58,0.58,"",8,1.5,-519,-1.7,217339530,2.7,-4764902,-2.0,1009421,15.0,233,4.5,12109,4.5
"06081","5","541713","78","0","2024","A","",20,294,67257341,4893908,202277,4398,228702,"",2.95,4.59,2.67,5.41,9.19,0.58,0.58,"",-4,-16.7,-136,-31.6,-33313358,-33.1,-3198791,-39.5,-122458,-37.7,-97,-2.2,-5047,-2.2
"06081","5","541714","78","0","2024","A","",314,18603,5840003447,160223645,5026456,6037,313922,"",5.44,24.12,12.72,17.27,16.21,0.53,0.53,"",9,3.0,-255,-1.4,407303240,7.5,-1976075,-1.2,782590,18.4,497,9.0,25831,9.0
"06081","5","541715","78","0","2024","A","",216,10553,2357464230,70628762,2513900,4296,223395,"",3.06,7.18,3.77,4.93,6.09,0.53,0.53,"",2,0.9,-128,-1.2,-156650352,-6.2,409964,0.6,349289,16.1,-231,-5.1,-11983,-5.1
"06081","5","54172","77","0","2024","A","",13,472,53373939,3890357,76627,2175,113080,"",0.81,2.56,1.17,2.96,1.90,0.46,0.46,"",0,0.0,-76,-13.9,-5904201,-10.0,-813178,-17.3,-23771,-23.7,94,4.5,4875,4.5
"06081","5","541720","78","0","2024","A","",13,472,53373939,3890357,76627,2175,113080,"",0.81,2.56,1.17,2.96,1.90,0.46,0.46,"",0,0.0,-76,-13.9,-5904201,-10.0,-813178,-17.3,-23771,-23.7,94,4.5,4875,4.5
"06081","5","5418","76","0","2024","A","",85,815,144442092,6762051,215084,3409,177284,"",0.41,0.62,0.39,0.49,0.43,0.64,0.64,"",-7,-7.6,9,1.1,6611135,4.8,-69918,-1.0,22571,11.7,122,3.7,6349,3.7
"06081","5","54181","77","0","2024","A","",37,436,98681893,3678010,136455,4351,226248,"",0.37,0.76,0.51,0.57,0.53,0.68,0.68,"",-1,-2.6,25,6.1,15295563,18.3,121950,3.4,24648,22.0,447,11.4,23238,11.4
"06081","5","541810","78","0","2024","A","",37,436,98681893,3678010,136455,4351,226248,"",0.37,0.76,0.51,0.57,0.53,0.68,0.68,"",-1,-2.6,25,6.1,15295563,18.3,121950,3.4,24648,22.0,447,11.4,23238,11.4
"06081","5","54182","77","0","2024","A","",15,109,16963551,939141,30279,3004,156226,"",0.38,0.61,0.27,0.51,0.43,0.44,0.44,"",-1,-6.2,6,5.8,-10516216,-38.3,17602,1.9,2584,9.3,-2118,-41.4,-110137,-41.3
"06081","5","541820","78","0","2024","A","",15,109,16963551,939141,30279,3004,156226,"",0.38,0.61,0.27,0.51,0.43,0.44,0.44,"",-1,-6.2,6,5.8,-10516216,-38.3,17602,1.9,2584,9.3,-2118,-41.4,-110137,-41.3
"06081","5","54183","77","0","2024","A","N",1,0,0,0,0,0,0,"N",0.24,0,0,0,0,0,0,"N",-1,-50.0,0,0,0,0,0,0,0,0,0,0,0,0
"06081","5","541830","78","0","2024","A","N",1,0,0,0,0,0,0,"N",0.24,0,0,0,0,0,0,"N",-1,-50.0,0,0,0,0,0,0,0,0,0,0,0,0
"06081","5","54184","77","0","2024","A","",8,33,4169176,267419,9490,2417,125704,"",0.80,0.69,0.27,0.48,0.48,0.39,0.39,"",-1,-11.1,-5,-13.2,-3236305,-43.7,-52606,-16.4,-705,-6.9,-1331,-35.5,-69177,-35.5
"06081","5","541840","78","0","2024","A","",8,33,4169176,267419,9490,2417,125704,"",0.80,0.69,0.27,0.48,0.48,0.39,0.39,"",-1,-11.1,-5,-13.2,-3236305,-43.7,-52606,-16.4,-705,-6.9,-1331,-35.5,-69177,-35.5
"06081","5","54185","77","0","2024","A","N",4,0,0,0,0,0,0,"N",0.51,0,0,0,0,0,0,"N",0,0.0,0,0,0,0,0,0,0,0,0,0,0,0
"06081","5","541850","78","0","2024","A","N",4,0,0,0,0,0,0,"N",0.51,0,0,0,0,0,0,"N",0,0.0,0,0,0,0,0,0,0,0,0,0,0,0
"06081","5","54186","77","0","2024","A","",5,38,2672918,278944,5483,1353,70340,"",0.75,0.44,0.15,0.30,0.18,0.35,0.35,"",0,0.0,-3,-7.3,-26073,-1.0,-40588,-12.7,-1698,-23.6,87,6.9,4511,6.9
"06081","5","541860","78","0","2024","A","",5,38,2672918,278944,5483,1353,70340,"",0.75,0.44,0.15,0.30,0.18,0.35,0.35,"",0,0.0,-3,-7.3,-26073,-1.0,-40588,-12.7,-1698,-23.6,87,6.9,4511,6.9
"06081","5","54187","77","0","2024","A","N",4,0,0,0,0,0,0,"N",0.36,0,0,0,0,0,0,"N",0,0.0,0,0,0,0,0,0,0,0,0,0,0,0
"06081","5","541870","78","0","2024","A","N",4,0,0,0,0,0,0,"N",0.36,0,0,0,0,0,0,"N",0,0.0,0,0,0,0,0,0,0,0,0,0,0,0
"06081","5","54189","77","0","2024","A","",11,144,6075708,1137403,19895,813,42290,"",0.41,0.58,0.17,0.49,0.31,0.30,0.30,"",-2,-15.4,-23,-13.8,-1275014,-17.3,-124774,-9.9,-2162,-9.8,-35,-4.1,-1814,-4.1
"06081","5","541890","78","0","2024","A","",11,144,6075708,1137403,19895,813,42290,"",0.41,0.58,0.17,0.49,0.31,0.30,0.30,"",-2,-15.4,-23,-13.8,-1275014,-17.3,-124774,-9.9,-2162,-9.8,-35,-4.1,-1814,-4.1
"06081","5","5419","76","0","2024","A","",206,2292,294919455,20518900,740406,2474,128650,"",0.57,0.97,0.63,0.83,1.02,0.65,0.65,"",-13,-5.9,13,0.6,5741374,2.0,335210,1.7,95848,14.9,34,1.4,1776,1.4
"06081","5","54191","77","0","2024","A","",32,608,106126429,5074035,158110,3355,174454,"",1.16,3.20,1.88,2.62,2.14,0.59,0.59,"",-2,-5.9,-27,-4.3,-1121184,-1.0,-61205,-1.2,15393,10.8,108,3.3,5604,3.3
"06081","5","541910","78","0","2024","A","",32,608,106126429,5074035,158110,3355,174454,"",1.16,3.20,1.88,2.62,2.14,0.59,0.59,"",-2,-5.9,-27,-4.3,-1121184,-1.0,-61205,-1.2,15393,10.8,108,3.3,5604,3.3
"06081","5","54192","77","0","2024","A","",20,32,1337129,299633,9181,812,42225,"",0.46,0.25,0.09,0.25,0.18,0.38,0.38,"",0,0.0,0,0.0,-137086,-9.3,90,0.0,580,6.7,-79,-8.9,-4085,-8.8
"06081","5","541921","78","0","2024","A","N",16,0,0,0,0,0,0,"N",0.51,0,0,0,0,0,0,"N",1,6.7,0,0,0,0,0,0,0,0,0,0,0,0
"06081","5","541922","78","0","2024","A","N",4,0,0,0,0,0,0,"N",0.32,0,0,0,0,0,0,"N",-1,-20.0,0,0,0,0,0,0,0,0,0,0,0,0
"06081","5","54193","77","0","2024","A","",14,251,13051897,2221941,124594,1000,52017,"",1.05,2.36,0.78,2.19,3.50,0.33,0.33,"",-1,-6.7,74,41.8,1237762,10.5,688686,44.9,40584,48.3,-283,-22.1,-14698,-22.0
"06081","5","541930","78","0","2024","A","",14,251,13051897,2221941,124594,1000,52017,"",1.05,2.36,0.78,2.19,3.50,0.33,0.33,"",-1,-6.7,74,41.8,1237762,10.5,688686,44.9,40584,48.3,-283,-22.1,-14698,-22.0
"06081","5","54194","77","0","2024","A","",72,962,82185499,8936885,257890,1643,85417,"",0.78,0.77,0.44,0.70,0.88,0.57,0.57,"",-1,-1.4,4,0.4,6218775,8.2,-51413,-0.6,4812,1.9,118,7.7,6134,7.7
"06081","5","541940","78","0","2024","A","",72,962,82185499,8936885,257890,1643,85417,"",0.78,0.77,0.44,0.70,0.88,0.57,0.57,"",-1,-1.4,4,0.4,6218775,8.2,-51413,-0.6,4812,1.9,118,7.7,6134,7.7
"06081","5","54199","77","0","2024","A","",68,439,92218501,3986406,190631,4037,209906,"",0.37,0.65,0.49,0.51,0.71,0.74,0.74,"",-10,-12.8,-38,-8.0,-456893,-0.5,-240948,-5.7,34479,22.1,301,8.1,15618,8.0
"06081","5","541990","78","0","2024","A","",68,439,92218501,3986406,190631,4037,209906,"",0.37,0.65,0.49,0.51,0.71,0.74,0.74,"",-10,-12.8,-38,-8.0,-456893,-0.5,-240948,-5.7,34479,22.1,301,8.1,15618,8.0
"06081","5","55","74","0","2024","A","",96,4912,1212861539,131024836,3587161,4749,246931,"",0.37,0.70,0.41,1.30,1.42,0.59,0.59,"",-7,-6.8,-700,-12.5,-95262943,-7.3,7323824,5.9,341882,10.5,266,5.9,13837,5.9
"06081","5","551","75","0","2024","A","",96,4912,1212861539,131024836,3587161,4749,246931,"",0.37,0.70,0.41,1.30,1.42,0.59,0.59,"",-7,-6.8,-700,-12.5,-95262943,-7.3,7323824,5.9,341882,10.5,266,5.9,13837,5.9
"06081","5","5511","76","0","2024","A","",96,4912,1212861539,131024836,3587161,4749,246931,"",0.37,0.70,0.41,1.30,1.42,0.59,0.59,"",-7,-6.8,-700,-12.5,-95262943,-7.3,7323824,5.9,341882,10.5,266,5.9,13837,5.9
"06081","5","55111","77","0","2024","A","",96,4912,1212861539,131024836,3587161,4749,246931,"",0.37,0.70,0.41,1.30,1.42,0.59,0.59,"",-7,-6.8,-700,-12.5,-95262943,-7.3,7323824,5.9,341882,10.5,266,5.9,13837,5.9
"06081","5","551111","78","0","2024","A","N",1,0,0,0,0,0,0,"N",0.39,0,0,0,0,0,0,"N",0,0.0,0,0,0,0,0,0,0,0,0,0,0,0
"06081","5","551112","78","0","2024","A","N",19,0,0,0,0,0,0,"N",0.49,0,0,0,0,0,0,"N",1,5.6,0,0,0,0,0,0,0,0,0,0,0,0
"06081","5","551114","78","0","2024","A","",76,4854,1202734177,130432696,3568912,4765,247782,"",0.35,0.72,0.43,1.34,1.46,0.59,0.59,"",-8,-9.5,-696,-12.5,-95844867,-7.4,7307640,5.9,341064,10.6,265,5.9,13790,5.9
"06081","5","56","74","0","2024","A","",1252,21577,1974418459,242484538,9859502,1760,91507,"",0.70,0.88,0.53,0.89,0.99,0.61,0.61,"",5,0.4,-868,-3.9,-102222032,-4.9,-8260544,-3.3,54393,0.6,-19,-1.1,-1014,-1.1
"06081","5","561","75","0","2024","A","",1204,20385,1839420314,232438307,9587088,1735,90235,"",0.71,0.88,0.54,0.91,1.02,0.61,0.61,"",4,0.3,-946,-4.4,-109199060,-5.6,-8729062,-3.6,36731,0.4,-22,-1.3,-1119,-1.2
"06081","5","5611","76","0","2024","A","",134,1671,169732068,15588953,541844,1954,101585,"",0.62,1.00,0.36,0.96,1.08,0.36,0.36,"",-9,-6.3,-87,-4.9,-5069532,-2.9,-561040,-3.5,54039,11.1,41,2.1,2125,2.1
"06081","5","56111","77","0","2024","A","",134,1671,169732068,15588953,541844,1954,101585,"",0.62,1.00,0.36,0.96,1.08,0.36,0.36,"",-9,-6.3,-87,-4.9,-5069532,-2.9,-561040,-3.5,54039,11.1,41,2.1,2125,2.1
"06081","5","561110","78","0","2024","A","",134,1671,169732068,15588953,541844,1954,101585,"",0.62,1.00,0.36,0.96,1.08,0.36,0.36,"",-9,-6.3,-87,-4.9,-5069532,-2.9,-561040,-3.5,54039,11.1,41,2.1,2125,2.1
"06081","5","5612","76","0","2024","A","",8,12,2004101,141715,4635,3234,168176,"",0.39,0.03,0.03,0.03,0.03,1.02,1.02,"",-1,-11.1,-16,-57.1,-1904336,-48.7,-47454,-25.1,-1638,-26.1,525,19.4,27331,19.4
"06081","5","56121","77","0","2024","A","",8,12,2004101,141715,4635,3234,168176,"",0.39,0.03,0.03,0.03,0.03,1.02,1.02,"",-1,-11.1,-16,-57.1,-1904336,-48.7,-47454,-25.1,-1638,-26.1,525,19.4,27331,19.4
"06081","5","561210","78","0","2024","A","",8,12,2004101,141715,4635,3234,168176,"",0.39,0.03,0.03,0.03,0.03,1.02,1.02,"",-1,-11.1,-16,-57.1,-1904336,-48.7,-47454,-25.1,-1638,-26.1,525,19.4,27331,19.4
"06081","5","5613","76","0","2024","A","",156,7608,963259838,110083976,6175490,2435,126603,"",0.40,0.86,0.76,0.99,1.43,0.89,0.89,"",-3,-1.9,181,2.4,57152122,6.3,2943828,2.7,410916,7.1,89,3.8,4601,3.8
"06081","5","56131","77","0","2024","A","",52,227,30496657,3264072,128667,2583,134297,"",0.55,0.29,0.20,0.35,0.32,0.69,0.69,"",0,0.0,-13,-5.4,-696407,-2.2,192938,6.3,27136,26.7,84,3.4,4326,3.3
"06081","5","561311","78","0","2024","A","",31,112,13432172,1874728,78693,2303,119752,"",0.44,0.17,0.12,0.23,0.23,0.72,0.72,"",1,3.3,-2,-1.8,1262973,10.4,232597,14.2,21963,38.7,241,11.7,12534,11.7
"06081","5","561312","78","0","2024","A","",21,115,17064485,1389344,49974,2856,148494,"",0.89,1.11,0.43,1.09,0.91,0.39,0.39,"",-1,-4.5,-12,-9.4,-1959380,-10.3,-39659,-2.8,5173,11.5,-36,-1.2,-1892,-1.3
"06081","5","56132","77","0","2024","A","",82,7285,922239732,105609146,5992657,2435,126594,"",0.33,1.05,1.04,1.19,1.73,1.00,1.00,"",-2,-2.4,224,3.2,62319292,7.2,3061584,3.0,384170,6.8,93,4.0,4817,4.0
"06081","5","561320","78","0","2024","A","",82,7285,922239732,105609146,5992657,2435,126594,"",0.33,1.05,1.04,1.19,1.73,1.00,1.00,"",-2,-2.4,224,3.2,62319292,7.2,3061584,3.0,384170,6.8,93,4.0,4817,4.0
"06081","5","56133","77","0","2024","A","",22,96,10523449,1210758,54166,2099,109146,"",0.45,0.08,0.05,0.10,0.12,0.54,0.54,"",-2,-8.3,-30,-23.8,-4470763,-29.8,-310694,-20.4,-390,-0.7,-197,-8.6,-10251,-8.6
"06081","5","561330","78","0","2024","A","",22,96,10523449,1210758,54166,2099,109146,"",0.45,0.08,0.05,0.10,0.12,0.54,0.54,"",-2,-8.3,-30,-23.8,-4470763,-29.8,-310694,-20.4,-390,-0.7,-197,-8.6,-10251,-8.6
"06081","5","5614","76","0","2024","A","",98,482,32102537,4262205,134201,1280,66545,"",0.61,0.26,0.10,0.23,0.23,0.39,0.39,"",3,3.2,33,7.3,2139528,7.1,238050,5.9,19450,16.9,-3,-0.2,-188,-0.3
"06081","5","56141","77","0","2024","A","N",5,0,0,0,0,0,0,"N",0.24,0,0,0,0,0,0,"N",-1,-16.7,0,0,0,0,0,0,0,0,0,0,0,0
"06081","5","561410","78","0","2024","A","N",5,0,0,0,0,0,0,"N",0.24,0,0,0,0,0,0,"N",-1,-16.7,0,0,0,0,0,0,0,0,0,0,0,0
"06081","5","56142","77","0","2024","A","",10,47,2984972,385051,15396,1232,64078,"",0.25,0.05,0.02,0.04,0.05,0.44,0.44,"",1,11.1,5,11.9,844631,39.5,75161,24.3,1938,14.4,244,24.7,12710,24.7
"06081","5","561421","78","0","2024","A","N",2,0,0,0,0,0,0,"N",0.24,0,0,0,0,0,0,"N",0,0.0,0,0,0,0,0,0,0,0,0,0,0,0
"06081","5","561422","78","0","2024","A","N",8,0,0,0,0,0,0,"N",0.25,0,0,0,0,0,0,"N",1,14.3,0,0,0,0,0,0,0,0,0,0,0,0
"06081","5","56143","77","0","2024","A","",49,280,14682654,2541527,82029,1010,52532,"",1.64,1.35,0.59,1.33,1.50,0.44,0.44,"",4,8.9,30,12.0,2423370,19.8,248097,10.8,20170,32.6,67,7.1,3511,7.2
"06081","5","561431","78","0","2024","A","",23,118,4005910,1056459,25547,655,34045,"",1.57,1.23,0.47,1.23,1.07,0.38,0.38,"",2,9.5,-1,-0.8,13735,0.3,-10835,-1.0,650,2.6,8,1.2,379,1.1
"06081","5","561439","78","0","2024","A","",26,162,10676744,1485068,56482,1269,65974,"",1.71,1.45,0.65,1.41,1.84,0.45,0.45,"",2,8.3,30,22.7,2409635,29.1,258932,21.1,19520,52.8,60,5.0,3106,4.9
"06081","5","56144","77","0","2024","A","N",3,0,0,0,0,0,0,"N",0.19,0,0,0,0,0,0,"N",0,0.0,0,0,0,0,0,0,0,0,0,0,0,0
"06081","5","561440","78","0","2024","A","N",3,0,0,0,0,0,0,"N",0.19,0,0,0,0,0,0,"N",0,0.0,0,0,0,0,0,0,0,0,0,0,0,0
"06081","5","56145","77","0","2024","A","N",3,0,0,0,0,0,0,"N",0.90,0,0,0,0,0,0,"N",0,0.0,0,0,0,0,0,0,0,0,0,0,0,0
"06081","5","561450","78","0","2024","A","N",3,0,0,0,0,0,0,"N",0.90,0,0,0,0,0,0,"N",0,0.0,0,0,0,0,0,0,0,0,0,0,0,0
"06081","5","56149","77","0","2024","A","",28,118,12133970,968908,24097,1976,102758,"",0.57,0.41,0.18,0.33,0.23,0.44,0.44,"",-1,-3.4,3,2.6,-954064,-7.3,-53012,-5.2,-256,-1.1,-221,-10.1,-11465,-10.0
"06081","5","561491","78","0","2024","A","N",1,0,0,0,0,0,0,"N",0.45,0,0,0,0,0,0,"N",0,0.0,0,0,0,0,0,0,0,0,0,0,0,0
"06081","5","561492","78","0","2024","A","N",11,0,0,0,0,0,0,"N",1.31,0,0,0,0,0,0,"N",-1,-8.3,0,0,0,0,0,0,0,0,0,0,0,0
"06081","5","561499","78","0","2024","A","",16,106,11246589,869705,21681,2040,106100,"",0.41,0.44,0.19,0.36,0.24,0.43,0.43,"",0,0.0,5,5.0,-940779,-7.7,-42766,-4.7,-111,-0.5,-292,-12.5,-15167,-12.5
"06081","5","5615","76","0","2024","A","",56,265,26969956,2390046,92695,1960,101934,"",0.95,0.53,0.21,0.42,0.53,0.40,0.40,"",4,7.7,19,7.7,4084853,17.8,286382,13.6,24244,35.4,172,9.6,8968,9.6
"06081","5","56151","77","0","2024","A","",43,184,20250431,1669063,61068,2119,110206,"",1.23,0.89,0.37,0.65,0.76,0.42,0.41,"",0,0.0,9,5.1,2556994,14.5,242330,17.0,12523,25.8,173,8.9,9004,8.9
"06081","5","561510","78","0","2024","A","",43,184,20250431,1669063,61068,2119,110206,"",1.23,0.89,0.37,0.65,0.76,0.42,0.41,"",0,0.0,9,5.1,2556994,14.5,242330,17.0,12523,25.8,173,8.9,9004,8.9
"06081","5","56152","77","0","2024","A","N",4,0,0,0,0,0,0,"N",0.44,0,0,0,0,0,0,"N",1,33.3,0,0,0,0,0,0,0,0,0,0,0,0
"06081","5","561520","78","0","2024","A","N",4,0,0,0,0,0,0,"N",0.44,0,0,0,0,0,0,"N",1,33.3,0,0,0,0,0,0,0,0,0,0,0,0
"06081","5","56159","77","0","2024","A","N",9,0,0,0,0,0,0,"N",0.60,0,0,0,0,0,0,"N",3,50.0,0,0,0,0,0,0,0,0,0,0,0,0
"06081","5","561591","78","0","2024","A","N",1,0,0,0,0,0,0,"N",0.38,0,0,0,0,0,0,"N",0,0.0,0,0,0,0,0,0,0,0,0,0,0,0
"06081","5","561599","78","0","2024","A","N",8,0,0,0,0,0,0,"N",0.64,0,0,0,0,0,0,"N",3,60.0,0,0,0,0,0,0,0,0,0,0,0,0
"06081","5","5616","76","0","2024","A","",68,2608,189861201,23819442,758238,1400,72813,"",0.67,0.94,0.56,0.86,0.82,0.60,0.60,"",-2,-2.9,-1050,-28.7,-165040376,-46.5,-11239495,-32.1,-454139,-37.5,-466,-25.0,-24219,-25.0
"06081","5","56161","77","0","2024","A","",38,2351,165679234,21560941,692614,1355,70474,"",0.61,1.00,0.66,0.93,0.88,0.66,0.66,"",0,0.0,-61,-2.5,4375379,2.7,-1606045,-6.9,-111291,-13.8,69,5.4,3592,5.4
"06081","5","561611","78","0","2024","A","",8,93,8900101,1013687,32710,1839,95614,"",0.54,0.85,0.49,0.94,0.79,0.58,0.58,"",-2,-20.0,6,6.9,700641,8.5,78273,8.4,3233,11.0,18,1.0,914,1.0
"06081","5","561612","78","0","2024","A","",30,2258,156779133,20547254,659904,1335,69438,"",0.67,1.03,0.71,0.96,0.91,0.69,0.69,"",2,7.1,-67,-2.9,3674738,2.4,-1684318,-7.6,-114524,-14.8,69,5.5,3591,5.5
"06081","5","56162","77","0","2024","A","",30,257,24181967,2258501,65624,1812,94246,"",0.75,0.61,0.28,0.50,0.50,0.47,0.47,"",-2,-6.2,-989,-79.4,-169415755,-87.5,-9633450,-81.0,-342848,-83.9,-1176,-39.4,-61150,-39.4
"06081","5","561621","78","0","2024","A","",20,180,18235147,1621489,51954,1943,101026,"",0.69,0.48,0.23,0.40,0.43,0.48,0.48,"",-1,-4.8,-992,-84.6,-169716687,-90.3,-9658947,-85.6,-343260,-86.9,-1141,-37.0,-59320,-37.0
"06081","5","561622","78","0","2024","A","",10,76,5946820,637012,13670,1503,78162,"",0.90,1.64,0.86,1.36,1.22,0.52,0.52,"",-1,-9.1,2,2.7,300932,5.3,25497,4.2,412,3.1,29,2.0,1521,2.0
"06081","5","5617","76","0","2024","A","",628,7167,393675868,68363627,1634338,1056,54931,"",0.96,1.17,0.58,1.09,0.70,0.49,0.49,"",11,1.8,7,0.1,12464237,3.3,-1003205,-1.4,17471,1.1,32,3.1,1687,3.2
"06081","5","56171","77","0","2024","A","",32,267,20711049,2591602,76888,1491,77545,"",0.70,0.65,0.34,0.62,0.66,0.52,0.52,"",0,0.0,25,10.3,3327096,19.1,438584,20.4,15365,25.0,108,7.8,5636,7.8
"06081","5","561710","78","0","2024","A","",32,267,20711049,2591602,76888,1491,77545,"",0.70,0.65,0.34,0.62,0.66,0.52,0.52,"",0,0.0,25,10.3,3327096,19.1,438584,20.4,15365,25.0,108,7.8,5636,7.8
"06081","5","56172","77","0","2024","A","",248,3363,147220636,32347269,694525,842,43774,"",1.15,1.17,0.59,1.22,0.94,0.51,0.51,"",2,0.8,-193,-5.4,-5132895,-3.4,-1609216,-4.7,-31240,-4.3,18,2.2,928,2.2
"06081","5","561720","78","0","2024","A","",248,3363,147220636,32347269,694525,842,43774,"",1.15,1.17,0.59,1.22,0.94,0.51,0.51,"",2,0.8,-193,-5.4,-5132895,-3.4,-1609216,-4.7,-31240,-4.3,18,2.2,928,2.2
"06081","5","56173","77","0","2024","A","",290,2810,180413697,26507066,662678,1235,64208,"",0.91,1.16,0.57,0.96,0.50,0.49,0.49,"",5,1.8,151,5.7,13802242,8.3,-110404,-0.4,30629,4.8,30,2.5,1541,2.5
"06081","5","561730","78","0","2024","A","",290,2810,180413697,26507066,662678,1235,64208,"",0.91,1.16,0.57,0.96,0.50,0.49,0.49,"",5,1.8,151,5.7,13802242,8.3,-110404,-0.4,30629,4.8,30,2.5,1541,2.5
"06081","5","56174","77","0","2024","A","",23,353,20082584,3439014,96227,1094,56905,"",1.28,3.65,1.74,3.32,3.22,0.48,0.48,"",0,0.0,-9,-2.5,-733119,-3.5,146829,4.5,1472,1.6,-12,-1.1,-584,-1.0
"06081","5","561740","78","0","2024","A","",23,353,20082584,3439014,96227,1094,56905,"",1.28,3.65,1.74,3.32,3.22,0.48,0.48,"",0,0.0,-9,-2.5,-733119,-3.5,146829,4.5,1472,1.6,-12,-1.1,-584,-1.0
"06081","5","56179","77","0","2024","A","",35,374,25247902,3478676,104020,1299,67553,"",0.64,1.21,0.62,1.10,0.78,0.52,0.52,"",3,9.4,33,9.7,1200913,5.0,131002,3.9,1245,1.2,-56,-4.1,-2897,-4.1
"06081","5","561790","78","0","2024","A","",35,374,25247902,3478676,104020,1299,67553,"",0.64,1.21,0.62,1.10,0.78,0.52,0.52,"",3,9.4,33,9.7,1200913,5.0,131002,3.9,1245,1.2,-56,-4.1,-2897,-4.1
"06081","5","5619","76","0","2024","A","",56,572,61814745,7788343,245647,2078,108036,"",0.66,0.64,0.43,0.76,0.59,0.67,0.67,"",-1,-1.8,-34,-5.6,-13025556,-17.4,653872,9.2,-33612,-12.0,-298,-12.5,-15497,-12.5
"06081","5","56191","77","0","2024","A","",8,55,2888998,456353,9571,1009,52448,"",1.02,0.32,0.11,0.25,0.17,0.34,0.34,"",1,14.3,7,14.6,450184,18.5,50541,12.5,1506,18.7,32,3.3,1639,3.2
"06081","5","561910","78","0","2024","A","",8,55,2888998,456353,9571,1009,52448,"",1.02,0.32,0.11,0.25,0.17,0.34,0.34,"",1,14.3,7,14.6,450184,18.5,50541,12.5,1506,18.7,32,3.3,1639,3.2
"06081","5","56192","77","0","2024","A","",21,218,19743555,4351330,135432,1738,90360,"",1.01,1.44,0.67,2.30,1.24,0.46,0.46,"",0,0.0,10,4.8,3271260,19.9,956691,28.2,-19811,-12.8,214,14.0,11135,14.1
"06081","5","561920","78","0","2024","A","",21,218,19743555,4351330,135432,1738,90360,"",1.01,1.44,0.67,2.30,1.24,0.46,0.46,"",0,0.0,10,4.8,3271260,19.9,956691,28.2,-19811,-12.8,214,14.0,11135,14.1
"06081","5","56199","77","0","2024","A","",27,299,39182192,2980660,100644,2524,131227,"",0.48,0.53,0.45,0.46,0.41,0.86,0.85,"",-2,-6.9,-51,-14.6,-16747000,-29.9,-353360,-10.6,-15307,-13.2,-550,-17.9,-28609,-17.9
"06081","5","561990","78","0","2024","A","",27,299,39182192,2980660,100644,2524,131227,"",0.48,0.53,0.45,0.46,0.41,0.86,0.85,"",-2,-6.9,-51,-14.6,-16747000,-29.9,-353360,-10.6,-15307,-13.2,-550,-17.9,-28609,-17.9
"06081","5","562","75","0","2024","A","",48,1192,134998145,10046231,272414,2178,113253,"",0.50,0.87,0.48,0.61,0.50,0.55,0.55,"",1,2.1,77,6.9,6977028,5.4,468518,4.9,17662,6.9,-31,-1.4,-1598,-1.4
"06081","5","5621","76","0","2024","A","",22,750,82649586,6086766,128073,2118,110138,"",0.60,1.29,0.74,0.93,0.67,0.57,0.57,"",0,0.0,82,12.3,12179946,17.3,382442,6.7,6304,5.2,90,4.4,4658,4.4
"06081","5","56211","77","0","2024","A","",22,750,82649586,6086766,128073,2118,110138,"",0.60,1.29,0.74,0.93,0.67,0.57,0.57,"",0,0.0,82,12.3,12179946,17.3,382442,6.7,6304,5.2,90,4.4,4658,4.4
"06081","5","562111","78","0","2024","A","",18,697,79628766,5617655,114039,2198,114272,"",0.64,1.39,0.86,0.99,0.71,0.62,0.62,"",-1,-5.3,76,12.2,12107810,17.9,313486,5.9,3915,3.6,107,5.1,5528,5.1
"06081","5","562112","78","0","2024","A","N",1,0,0,0,0,0,0,"N",0.50,0,0,0,0,0,0,"N",0,0.0,0,0,0,0,0,0,0,0,0,0,0,0
"06081","5","562119","78","0","2024","A","N",3,0,0,0,0,0,0,"N",0.48,0,0,0,0,0,0,"N",1,50.0,0,0,0,0,0,0,0,0,0,0,0,0
"06081","5","5622","76","0","2024","A","",8,113,12491350,945136,24649,2118,110137,"",0.66,0.39,0.18,0.27,0.28,0.45,0.45,"",-3,-27.3,-36,-24.2,-4553358,-26.7,-6108,-0.6,1197,5.1,-87,-3.9,-4514,-3.9
"06081","5","56221","77","0","2024","A","",8,113,12491350,945136,24649,2118,110137,"",0.66,0.39,0.18,0.27,0.28,0.45,0.45,"",-3,-27.3,-36,-24.2,-4553358,-26.7,-6108,-0.6,1197,5.1,-87,-3.9,-4514,-3.9
"06081","5","562211","78","0","2024","A","",4,29,2926123,258649,9752,1957,101778,"",1.09,0.25,0.10,0.17,0.32,0.39,0.39,"",-2,-33.3,1,3.6,133727,4.8,21669,9.1,1401,16.8,10,0.5,543,0.5
"06081","5","562212","78","0","2024","A","N",2,0,0,0,0,0,0,"N",0.45,0,0,0,0,0,0,"N",-1,-33.3,0,0,0,0,0,0,0,0,0,0,0,0
"06081","5","562213","78","0","2024","A","N",1,0,0,0,0,0,0,"N",2.08,0,0,0,0,0,0,"N",0,0.0,0,0,0,0,0,0,0,0,0,0,0,0
"06081","5","562219","78","0","2024","A","N",1,0,0,0,0,0,0,"N",0.28,0,0,0,0,0,0,"N",0,0.0,0,0,0,0,0,0,0,0,0,0,0,0
"06081","5","5629","76","0","2024","A","",17,328,39857209,3014329,119692,2336,121454,"",0.37,0.67,0.41,0.48,0.45,0.61,0.61,"",3,21.4,30,10.1,-649560,-1.6,92184,3.2,10161,9.3,-279,-10.7,-14513,-10.7
"06081","5","56291","77","0","2024","A","N",8,0,0,0,0,0,0,"N",0.34,0,0,0,0,0,0,"N",1,14.3,0,0,0,0,0,0,0,0,0,0,0,0
"06081","5","562910","78","0","2024","A","N",8,0,0,0,0,0,0,"N",0.34,0,0,0,0,0,0,"N",1,14.3,0,0,0,0,0,0,0,0,0,0,0,0
"06081","5","56292","77","0","2024","A","N",2,0,0,0,0,0,0,"N",0.44,0,0,0,0,0,0,"N",1,100.0,0,0,0,0,0,0,0,0,0,0,0,0
"06081","5","562920","78","0","2024","A","N",2,0,0,0,0,0,0,"N",0.44,0,0,0,0,0,0,"N",1,100.0,0,0,0,0,0,0,0,0,0,0,0,0
"06081","5","56299","77","0","2024","A","",7,169,21890136,1686352,67835,2487,129336,"",0.37,1.07,0.78,0.90,1.01,0.73,0.73,"",0,0.0,22,15.0,1323832,6.4,179911,11.9,27055,66.3,-196,-7.3,-10175,-7.3
"06081","5","562991","78","0","2024","A","N",1,0,0,0,0,0,0,"N",0.09,0,0,0,0,0,0,"N",0,0.0,0,0,0,0,0,0,0,0,0,0,0,0
"06081","5","562998","78","0","2024","A","N",6,0,0,0,0,0,0,"N",0.86,0,0,0,0,0,0,"N",0,0.0,0,0,0,0,0,0,0,0,0,0,0,0
"06081","5","61","74","0","2024","A","",527,11860,975428736,55180689,1413437,1582,82244,"",1.22,1.38,0.68,1.42,1.28,0.49,0.49,"",7,1.3,343,3.0,39886908,4.3,690356,1.3,68757,5.1,20,1.3,1014,1.2
"06081","5","611","75","0","2024","A","",527,11860,975428736,55180689,1413437,1582,82244,"",1.22,1.38,0.68,1.42,1.28,0.49,0.49,"",7,1.3,343,3.0,39886908,4.3,690356,1.3,68757,5.1,20,1.3,1014,1.2
"06081","5","6111","76","0","2024","A","",86,4459,375912281,13002721,299064,1621,84299,"",1.52,1.72,1.04,0.95,0.91,0.60,0.60,"",1,1.2,135,3.1,20581867,5.8,-449190,-3.3,-2526,-0.8,41,2.6,2131,2.6
"06081","5","61111","77","0","2024","A","",86,4459,375912281,13002721,299064,1621,84299,"",1.52,1.72,1.04,0.95,0.91,0.60,0.60,"",1,1.2,135,3.1,20581867,5.8,-449190,-3.3,-2526,-0.8,41,2.6,2131,2.6
"06081","5","611110","78","0","2024","A","",86,4459,375912281,13002721,299064,1621,84299,"",1.52,1.72,1.04,0.95,0.91,0.60,0.60,"",1,1.2,135,3.1,20581867,5.8,-449190,-3.3,-2526,-0.8,41,2.6,2131,2.6
"06081","5","6113","76","0","2024","A","",15,3052,383903214,5504646,159615,2419,125784,"",0.41,0.89,0.51,1.21,1.49,0.57,0.57,"",0,0.0,82,2.8,33031931,9.4,437995,8.6,29079,22.3,147,6.5,7636,6.5
"06081","5","61131","77","0","2024","A","",15,3052,383903214,5504646,159615,2419,125784,"",0.41,0.89,0.51,1.21,1.49,0.57,0.57,"",0,0.0,82,2.8,33031931,9.4,437995,8.6,29079,22.3,147,6.5,7636,6.5
"06081","5","611310","78","0","2024","A","",15,3052,383903214,5504646,159615,2419,125784,"",0.41,0.89,0.51,1.21,1.49,0.57,0.57,"",0,0.0,82,2.8,33031931,9.4,437995,8.6,29079,22.3,147,6.5,7636,6.5
"06081","5","6114","76","0","2024","A","",45,201,19213973,1959681,49649,1835,95394,"",0.87,0.95,0.35,0.86,0.65,0.37,0.37,"",1,2.3,14,7.5,1815949,10.4,245562,14.3,6719,15.7,47,2.6,2398,2.6
"06081","5","61141","77","0","2024","A","N",0,0,0,0,0,0,0,"N",0.00,0,0,0,0,0,0,"N",0,0,0,0,0,0,0,0,0,0,0,0,0,0
"06081","5","611410","78","0","2024","A","N",0,0,0,0,0,0,0,"N",0.00,0,0,0,0,0,0,"N",0,0,0,0,0,0,0,0,0,0,0,0,0,0
"06081","5","61142","77","0","2024","A","",11,113,10309634,1058885,25213,1756,91303,"",0.98,2.14,0.70,1.73,1.14,0.33,0.33,"",0,0.0,12,11.9,1928263,23.0,80901,8.3,1867,8.0,167,10.5,8660,10.5
"06081","5","611420","78","0","2024","A","",11,113,10309634,1058885,25213,1756,91303,"",0.98,2.14,0.70,1.73,1.14,0.33,0.33,"",0,0.0,12,11.9,1928263,23.0,80901,8.3,1867,8.0,167,10.5,8660,10.5
"06081","5","61143","77","0","2024","A","N",34,0,0,0,0,0,0,"N",0.86,0,0,0,0,0,0,"N",1,3.0,0,0,0,0,0,0,0,0,0,0,0,0
"06081","5","611430","78","0","2024","A","N",34,0,0,0,0,0,0,"N",0.86,0,0,0,0,0,0,"N",1,3.0,0,0,0,0,0,0,0,0,0,0,0,0
"06081","5","6115","76","0","2024","A","",19,175,9589288,1738786,44372,1056,54927,"",0.60,0.51,0.17,0.52,0.41,0.34,0.34,"",-1,-5.0,21,13.6,1012124,11.8,276681,18.9,9792,28.3,-14,-1.3,-739,-1.3
"06081","5","61151","77","0","2024","A","",19,175,9589288,1738786,44372,1056,54927,"",0.60,0.51,0.17,0.52,0.41,0.34,0.34,"",-1,-5.0,21,13.6,1012124,11.8,276681,18.9,9792,28.3,-14,-1.3,-739,-1.3
"06081","5","611511","78","0","2024","A","N",2,0,0,0,0,0,0,"N",0.39,0,0,0,0,0,0,"N",0,0.0,0,0,0,0,0,0,0,0,0,0,0,0
"06081","5","611512","78","0","2024","A","N",7,0,0,0,0,0,0,"N",1.51,0,0,0,0,0,0,"N",0,0.0,0,0,0,0,0,0,0,0,0,0,0,0
"06081","5","611513","78","0","2024","A","N",3,0,0,0,0,0,0,"N",0.69,0,0,0,0,0,0,"N",0,0.0,0,0,0,0,0,0,0,0,0,0,0,0
"06081","5","611519","78","0","2024","A","",7,63,2445016,619713,18423,745,38759,"",0.40,0.37,0.09,0.39,0.32,0.25,0.25,"",-1,-12.5,18,40.0,512434,26.5,193927,45.5,6853,59.2,-73,-8.9,-3793,-8.9
"06081","5","6116","76","0","2024","A","",291,3259,106484953,26393049,648964,628,32677,"",1.70,2.29,1.04,2.77,2.26,0.46,0.46,"",11,3.9,151,4.9,1025262,1.0,787963,3.1,37909,6.2,-25,-3.8,-1257,-3.7
"06081","5","61161","77","0","2024","A","",66,556,16828567,4482068,111107,582,30276,"",1.59,1.67,0.83,2.27,1.87,0.50,0.50,"",2,3.1,41,8.0,938982,5.9,236875,5.6,1771,1.6,-11,-1.9,-558,-1.8
"06081","5","611610","78","0","2024","A","",66,556,16828567,4482068,111107,582,30276,"",1.59,1.67,0.83,2.27,1.87,0.50,0.50,"",2,3.1,41,8.0,938982,5.9,236875,5.6,1771,1.6,-11,-1.9,-558,-1.8
"06081","5","61162","77","0","2024","A","",94,1197,35333365,10497923,259183,568,29522,"",1.69,2.42,1.17,3.27,2.98,0.48,0.48,"",3,3.3,9,0.8,-1461218,-4.0,64216,0.6,24013,10.2,-28,-4.7,-1463,-4.7
"06081","5","611620","78","0","2024","A","",94,1197,35333365,10497923,259183,568,29522,"",1.69,2.42,1.17,3.27,2.98,0.48,0.48,"",3,3.3,9,0.8,-1461218,-4.0,64216,0.6,24013,10.2,-28,-4.7,-1463,-4.7
"06081","5","61163","77","0","2024","A","",20,149,6936699,1329444,33380,897,46633,"",3.73,3.16,1.77,3.82,3.25,0.56,0.56,"",2,11.1,7,4.9,-469297,-6.3,15946,1.2,6139,22.5,-105,-10.5,-5461,-10.5
"06081","5","611630","78","0","2024","A","",20,149,6936699,1329444,33380,897,46633,"",3.73,3.16,1.77,3.82,3.25,0.56,0.56,"",2,11.1,7,4.9,-469297,-6.3,15946,1.2,6139,22.5,-105,-10.5,-5461,-10.5
"06081","5","61169","77","0","2024","A","",110,1357,47386322,10083614,245294,671,34913,"",1.61,2.46,0.99,2.53,1.88,0.40,0.40,"",3,2.8,94,7.4,2016795,4.4,470926,4.9,5986,2.5,-20,-2.9,-1014,-2.8
"06081","5","611691","78","0","2024","A","",76,892,30666403,6851369,156472,661,34373,"",2.57,3.14,1.35,3.75,2.45,0.43,0.43,"",2,2.7,76,9.3,2386060,8.4,471518,7.4,19075,13.9,-6,-0.9,-306,-0.9
"06081","5","611692","78","0","2024","A","",4,13,356608,129447,3148,541,28153,"",0.56,0.29,0.10,0.34,0.31,0.36,0.36,"",-1,-20.0,2,18.2,45145,14.5,54758,73.3,1672,113.3,-16,-2.9,-820,-2.8
"06081","5","611699","78","0","2024","A","",30,452,16363311,3102798,85674,696,36169,"",0.95,2.03,0.75,1.75,1.53,0.37,0.37,"",2,7.1,15,3.4,-414410,-2.5,-55350,-1.8,-14761,-14.7,-43,-5.8,-2261,-5.9
"06081","5","6117","76","0","2024","A","",71,714,80325027,6581806,211773,2163,112474,"",0.85,1.26,0.82,1.26,1.17,0.65,0.65,"",-6,-7.8,-60,-7.8,-17580225,-18.0,-608655,-8.5,-12216,-5.5,-269,-11.1,-14005,-11.1
"06081","5","61171","77","0","2024","A","",71,714,80325027,6581806,211773,2163,112474,"",0.85,1.26,0.82,1.26,1.17,0.65,0.65,"",-6,-7.8,-60,-7.8,-17580225,-18.0,-608655,-8.5,-12216,-5.5,-269,-11.1,-14005,-11.1
"06081","5","611710","78","0","2024","A","",71,714,80325027,6581806,211773,2163,112474,"",0.85,1.26,0.82,1.26,1.17,0.65,0.65,"",-6,-7.8,-60,-7.8,-17580225,-18.0,-608655,-8.5,-12216,-5.5,-269,-11.1,-14005,-11.1
"06081","5","62","74","0","2024","A","",9392,47203,4373310537,351123570,9687134,1782,92649,"",1.79,0.79,0.44,0.89,0.91,0.55,0.55,"",832,9.7,3111,7.1,446867001,11.4,22711603,6.9,1078916,12.5,69,4.0,3598,4.0
"06081","5","621","75","0","2024","A","",1744,20991,2775367284,165133333,4515922,2543,132215,"",0.92,0.89,0.59,0.82,0.85,0.66,0.66,"",51,3.0,1093,5.5,271135338,10.8,4248774,2.6,466310,11.5,123,5.1,6359,5.1
"06081","5","6211","76","0","2024","A","",532,3925,600116258,28710456,740053,2940,152880,"",0.86,0.49,0.26,0.45,0.49,0.53,0.53,"",18,3.5,255,6.9,45648726,8.2,926283,3.3,48390,7.0,35,1.2,1809,1.2
"06081","5","62111","77","0","2024","A","",532,3925,600116258,28710456,740053,2940,152880,"",0.86,0.49,0.26,0.45,0.49,0.53,0.53,"",18,3.5,255,6.9,45648726,8.2,926283,3.3,48390,7.0,35,1.2,1809,1.2
"06081","5","621111","78","0","2024","A","",496,3835,589419054,27697334,710577,2956,153691,"",0.86,0.50,0.26,0.45,0.49,0.53,0.53,"",18,3.8,290,8.2,47646334,8.8,1122523,4.2,51403,7.8,17,0.6,864,0.6
"06081","5","621112","78","0","2024","A","",36,90,10697204,1013122,29476,2277,118419,"",0.88,0.40,0.24,0.48,0.46,0.58,0.58,"",0,0.0,-35,-28.0,-1997608,-15.7,-196240,-16.2,-3013,-9.3,328,16.8,17063,16.8
"06081","5","6212","76","0","2024","A","",493,2968,211426738,27502839,637807,1370,71229,"",1.40,1.06,0.44,0.93,0.92,0.42,0.42,"",-3,-0.6,21,0.7,11256867,5.6,601824,2.2,25076,4.1,64,4.9,3302,4.9
"06081","5","62121","77","0","2024","A","",493,2968,211426738,27502839,637807,1370,71229,"",1.40,1.06,0.44,0.93,0.92,0.42,0.42,"",-3,-0.6,21,0.7,11256867,5.6,601824,2.2,25076,4.1,64,4.9,3302,4.9
"06081","5","621210","78","0","2024","A","",493,2968,211426738,27502839,637807,1370,71229,"",1.40,1.06,0.44,0.93,0.92,0.42,0.42,"",-3,-0.6,21,0.7,11256867,5.6,601824,2.2,25076,4.1,64,4.9,3302,4.9
"06081","5","6213","76","0","2024","A","",428,1812,107409267,16300435,456545,1140,59268,"",0.81,0.55,0.24,0.50,0.52,0.44,0.44,"",42,10.9,134,8.0,11019987,11.4,979138,6.4,55058,13.7,36,3.3,1839,3.2
"06081","5","62131","77","0","2024","A","",76,221,10208734,1984483,44890,888,46193,"",0.75,0.56,0.23,0.51,0.52,0.41,0.41,"",0,0.0,1,0.5,296992,3.0,21275,1.1,-98,-0.2,20,2.3,1037,2.3
"06081","5","621310","78","0","2024","A","",76,221,10208734,1984483,44890,888,46193,"",0.75,0.56,0.23,0.51,0.52,0.41,0.41,"",0,0.0,1,0.5,296992,3.0,21275,1.1,-98,-0.2,20,2.3,1037,2.3
"06081","5","62132","77","0","2024","A","",50,326,17962661,2881346,68097,1058,55016,"",0.90,0.79,0.31,0.69,0.75,0.39,0.39,"",-1,-2.0,4,1.2,693097,4.0,369,0.0,-2079,-3.0,28,2.7,1439,2.7
"06081","5","621320","78","0","2024","A","",50,326,17962661,2881346,68097,1058,55016,"",0.90,0.79,0.31,0.69,0.75,0.39,0.39,"",-1,-2.0,4,1.2,693097,4.0,369,0.0,-2079,-3.0,28,2.7,1439,2.7
"06081","5","62133","77","0","2024","A","",115,331,21882081,2578912,77048,1270,66059,"",0.96,0.49,0.25,0.38,0.34,0.51,0.51,"",26,29.2,72,27.8,5723278,35.4,528645,25.8,17993,30.5,68,5.7,3569,5.7
"06081","5","621330","78","0","2024","A","",115,331,21882081,2578912,77048,1270,66059,"",0.96,0.49,0.25,0.38,0.34,0.51,0.51,"",26,29.2,72,27.8,5723278,35.4,528645,25.8,17993,30.5,68,5.7,3569,5.7
"06081","5","62134","77","0","2024","A","",90,729,40328907,6844154,213196,1064,55352,"",0.67,0.55,0.23,0.54,0.66,0.41,0.41,"",5,5.9,44,6.4,3399992,9.2,385627,6.0,34748,19.5,27,2.6,1448,2.7
"06081","5","621340","78","0","2024","A","",90,729,40328907,6844154,213196,1064,55352,"",0.67,0.55,0.23,0.54,0.66,0.41,0.41,"",5,5.9,44,6.4,3399992,9.2,385627,6.0,34748,19.5,27,2.6,1448,2.7
"06081","5","62139","77","0","2024","A","",97,205,17026884,2011540,53314,1598,83092,"",0.82,0.40,0.21,0.38,0.35,0.52,0.52,"",12,14.1,12,6.2,906628,5.6,43222,2.2,4494,9.2,-9,-0.6,-469,-0.6
"06081","5","621391","78","0","2024","A","",20,48,4985291,504991,12329,2008,104404,"",1.17,0.54,0.35,0.60,0.55,0.65,0.65,"",7,53.8,16,50.0,1345546,37.0,113240,28.9,2715,28.2,-168,-7.7,-8749,-7.7
"06081","5","621399","78","0","2024","A","",77,157,12041593,1506549,40985,1473,76617,"",0.76,0.37,0.18,0.34,0.31,0.48,0.48,"",5,6.9,-4,-2.5,-438918,-3.5,-70018,-4.4,1779,4.5,-20,-1.3,-1022,-1.3
"06081","5","6214","76","0","2024","A","",126,5689,850046519,31992763,555493,2873,149422,"",0.93,1.89,1.33,1.58,1.00,0.70,0.70,"",4,3.3,392,7.4,77762430,10.1,-1055424,-3.2,-15285,-2.7,69,2.5,3628,2.5
"06081","5","62141","77","0","2024","A","",14,113,11121969,648237,13764,1894,98497,"",1.78,1.42,0.78,1.17,0.77,0.55,0.55,"",1,7.7,5,4.6,796652,7.7,47993,8.0,454,3.4,60,3.3,3113,3.3
"06081","5","621410","78","0","2024","A","",14,113,11121969,648237,13764,1894,98497,"",1.78,1.42,0.78,1.17,0.77,0.55,0.55,"",1,7.7,5,4.6,796652,7.7,47993,8.0,454,3.4,60,3.3,3113,3.3
"06081","5","62142","77","0","2024","A","",16,234,18356513,1296662,46034,1509,78447,"",0.35,0.28,0.15,0.23,0.27,0.53,0.53,"",6,60.0,98,72.1,8559530,87.4,-241236,-15.7,-566,-1.2,122,8.8,6322,8.8
"06081","5","621420","78","0","2024","A","",16,234,18356513,1296662,46034,1509,78447,"",0.35,0.28,0.15,0.23,0.27,0.53,0.53,"",6,60.0,98,72.1,8559530,87.4,-241236,-15.7,-566,-1.2,122,8.8,6322,8.8
"06081","5","62149","77","0","2024","A","",96,5342,820568037,30047864,495695,2954,153607,"",1.17,2.56,1.64,2.12,1.35,0.64,0.64,"",-3,-3.0,289,5.7,68406248,9.1,-862181,-2.8,-15173,-3.0,91,3.2,4752,3.2
"06081","5","621491","78","0","2024","A","N",42,0,0,0,0,0,0,"N",5.50,0,0,0,0,0,0,"N",-1,-2.3,0,0,0,0,0,0,0,0,0,0,0,0
"06081","5","621492","78","0","2024","A","N",18,0,0,0,0,0,0,"N",0.87,0,0,0,0,0,0,"N",1,5.9,0,0,0,0,0,0,0,0,0,0,0,0
"06081","5","621493","78","0","2024","A","",17,839,99924940,1760710,47890,2290,119076,"",0.72,1.75,1.08,0.41,0.41,0.62,0.62,"",-4,-19.0,36,4.5,10849959,12.2,-113629,-6.1,-5321,-10.0,156,7.3,8102,7.3
"06081","5","621498","78","0","2024","A","",19,329,27648485,549623,14744,1615,83974,"",0.63,0.49,0.19,0.13,0.12,0.40,0.40,"",1,5.6,-9,-2.7,-30496,-0.1,-139796,-20.3,-4453,-23.2,41,2.6,2124,2.6
"06081","5","6215","76","0","2024","A","",53,3765,788463013,35827559,1427744,4027,209428,"",0.70,4.52,4.38,4.21,6.41,0.97,0.97,"",1,1.9,181,5.1,116935591,17.4,613863,1.7,270463,23.4,424,11.8,22056,11.8
"06081","5","62151","77","0","2024","A","",53,3765,788463013,35827559,1427744,4027,209428,"",0.70,4.52,4.38,4.21,6.41,0.97,0.97,"",1,1.9,181,5.1,116935591,17.4,613863,1.7,270463,23.4,424,11.8,22056,11.8
"06081","5","621511","78","0","2024","A","",40,3327,728293328,31565895,1276589,4209,218887,"",0.71,5.50,5.63,5.00,7.80,1.02,1.02,"",-2,-4.8,-7,-0.2,83997202,13.0,76059,0.2,266441,26.4,493,13.3,25637,13.3
"06081","5","621512","78","0","2024","A","",13,438,60169685,4261664,151155,2644,137505,"",0.67,1.91,1.19,1.93,2.55,0.62,0.62,"",3,30.0,188,75.2,32938389,121.0,537804,14.4,4022,2.7,549,26.2,28543,26.2
"06081","5","6216","76","0","2024","A","",84,2021,134899660,17113856,458861,1284,66757,"",0.63,0.43,0.27,0.44,0.38,0.63,0.63,"",-12,-12.5,66,3.4,-666856,-0.5,572971,3.5,15623,3.5,-49,-3.7,-2575,-3.7
"06081","5","62161","77","0","2024","A","",84,2021,134899660,17113856,458861,1284,66757,"",0.63,0.43,0.27,0.44,0.38,0.63,0.63,"",-12,-12.5,66,3.4,-666856,-0.5,572971,3.5,15623,3.5,-49,-3.7,-2575,-3.7
"06081","5","621610","78","0","2024","A","",84,2021,134899660,17113856,458861,1284,66757,"",0.63,0.43,0.27,0.44,0.38,0.63,0.63,"",-12,-12.5,66,3.4,-666856,-0.5,572971,3.5,15623,3.5,-49,-3.7,-2575,-3.7
"06081","5","6219","76","0","2024","A","",29,811,83005829,7685425,239419,1969,102371,"",0.53,0.84,0.50,0.90,1.03,0.59,0.59,"",1,3.6,45,5.9,9178593,12.4,1610119,26.5,66985,38.8,115,6.2,5970,6.2
"06081","5","62191","77","0","2024","A","",5,360,31507404,3629634,72058,1683,87521,"",0.33,0.78,0.44,0.83,0.69,0.57,0.57,"",0,0.0,23,6.8,5709195,22.1,679139,23.0,5706,8.6,210,14.3,10950,14.3
"06081","5","621910","78","0","2024","A","",5,360,31507404,3629634,72058,1683,87521,"",0.33,0.78,0.44,0.83,0.69,0.57,0.57,"",0,0.0,23,6.8,5709195,22.1,679139,23.0,5706,8.6,210,14.3,10950,14.3
"06081","5","62199","77","0","2024","A","",24,451,51498425,4055791,167361,2197,114229,"",0.60,0.90,0.53,0.96,1.31,0.60,0.60,"",1,4.3,22,5.1,3469398,7.2,930980,29.8,61279,57.8,44,2.0,2251,2.0
"06081","5","621991","78","0","2024","A","N",4,0,0,0,0,0,0,"N",0.63,0,0,0,0,0,0,"N",-1,-20.0,0,0,0,0,0,0,0,0,0,0,0,0
"06081","5","621999","78","0","2024","A","N",20,0,0,0,0,0,0,"N",0.59,0,0,0,0,0,0,"N",2,11.1,0,0,0,0,0,0,0,0,0,0,0,0
"06081","5","622","75","0","2024","A","",16,5356,656492731,11774004,359595,2357,122566,"",0.39,0.37,0.21,0.43,0.75,0.57,0.57,"",-3,-15.8,73,1.4,21337491,3.4,211208,1.8,3427,1.0,45,1.9,2330,1.9
"06081","5","6221","76","0","2024","A","",12,2815,343435197,3498330,56657,2346,122013,"",0.40,0.21,0.12,0.16,0.16,0.56,0.56,"",-4,-25.0,-56,-2.0,-10422619,-2.9,741756,26.9,8007,16.5,-24,-1.0,-1229,-1.0
"06081","5","62211","77","0","2024","A","",12,2815,343435197,3498330,56657,2346,122013,"",0.40,0.21,0.12,0.16,0.16,0.56,0.56,"",-4,-25.0,-56,-2.0,-10422619,-2.9,741756,26.9,8007,16.5,-24,-1.0,-1229,-1.0
"06081","5","622110","78","0","2024","A","",12,2815,343435197,3498330,56657,2346,122013,"",0.40,0.21,0.12,0.16,0.16,0.56,0.56,"",-4,-25.0,-56,-2.0,-10422619,-2.9,741756,26.9,8007,16.5,-24,-1.0,-1229,-1.0
"06081","5","6222","76","0","2024","A","N",1,0,0,0,0,0,0,"N",0.25,0,0,0,0,0,0,"N",0,0.0,0,0,0,0,0,0,0,0,0,0,0,0
"06081","5","62221","77","0","2024","A","N",1,0,0,0,0,0,0,"N",0.25,0,0,0,0,0,0,"N",0,0.0,0,0,0,0,0,0,0,0,0,0,0,0
"06081","5","622210","78","0","2024","A","N",1,0,0,0,0,0,0,"N",0.25,0,0,0,0,0,0,"N",0,0.0,0,0,0,0,0,0,0,0,0,0,0,0
"06081","5","6223","76","0","2024","A","N",3,0,0,0,0,0,0,"N",0.45,0,0,0,0,0,0,"N",0,0.0,0,0,0,0,0,0,0,0,0,0,0,0
"06081","5","62231","77","0","2024","A","N",3,0,0,0,0,0,0,"N",0.45,0,0,0,0,0,0,"N",0,0.0,0,0,0,0,0,0,0,0,0,0,0,0
"06081","5","622310","78","0","2024","A","N",3,0,0,0,0,0,0,"N",0.45,0,0,0,0,0,0,"N",0,0.0,0,0,0,0,0,0,0,0,0,0,0,0
"06081","5","623","75","0","2024","A","",276,5910,357358406,55818096,1485484,1163,60472,"",1.17,0.66,0.34,0.78,0.81,0.51,0.51,"",11,4.2,676,12.9,72940731,25.6,8635146,18.3,290002,24.3,118,11.3,6128,11.3
"06081","5","6231","76","0","2024","A","",48,1771,113534309,17251690,503094,1233,64104,"",0.92,0.44,0.22,0.48,0.56,0.51,0.51,"",1,2.1,306,20.9,21325954,23.1,3137056,22.2,84474,20.2,23,1.9,1160,1.8
"06081","5","62311","77","0","2024","A","",48,1771,113534309,17251690,503094,1233,64104,"",0.92,0.44,0.22,0.48,0.56,0.51,0.51,"",1,2.1,306,20.9,21325954,23.1,3137056,22.2,84474,20.2,23,1.9,1160,1.8
"06081","5","623110","78","0","2024","A","",48,1771,113534309,17251690,503094,1233,64104,"",0.92,0.44,0.22,0.48,0.56,0.51,0.51,"",1,2.1,306,20.9,21325954,23.1,3137056,22.2,84474,20.2,23,1.9,1160,1.8
"06081","5","6232","76","0","2024","A","",77,1047,57829116,6285656,139082,1062,55224,"",0.86,0.58,0.27,0.59,0.50,0.46,0.46,"",2,2.7,54,5.4,4605946,8.7,49249,0.8,-9121,-6.2,31,3.0,1608,3.0
"06081","5","62321","77","0","2024","A","",56,672,32711076,4564625,99608,936,48647,"",0.88,0.62,0.27,0.77,0.77,0.43,0.43,"",2,3.7,45,7.2,2501726,8.3,75322,1.7,-5159,-4.9,9,1.0,453,0.9
"06081","5","623210","78","0","2024","A","",56,672,32711076,4564625,99608,936,48647,"",0.88,0.62,0.27,0.77,0.77,0.43,0.43,"",2,3.7,45,7.2,2501726,8.3,75322,1.7,-5159,-4.9,9,1.0,453,0.9
"06081","5","62322","77","0","2024","A","",21,375,25118040,1721031,39474,1289,67026,"",0.80,0.53,0.27,0.36,0.26,0.50,0.50,"",0,0.0,9,2.5,2104220,9.1,-26073,-1.5,-3962,-9.1,79,6.5,4118,6.5
"06081","5","623220","78","0","2024","A","",21,375,25118040,1721031,39474,1289,67026,"",0.80,0.53,0.27,0.36,0.26,0.50,0.50,"",0,0.0,9,2.5,2104220,9.1,-26073,-1.5,-3962,-9.1,79,6.5,4118,6.5
"06081","5","6233","76","0","2024","A","",142,3003,182427379,31560875,826807,1168,60748,"",1.89,1.14,0.67,1.43,1.40,0.59,0.59,"",5,3.6,304,11.3,46567569,34.3,5294758,20.2,210305,34.1,200,20.7,10414,20.7
"06081","5","62331","77","0","2024","A","",142,3003,182427379,31560875,826807,1168,60748,"",1.89,1.14,0.67,1.43,1.40,0.59,0.59,"",5,3.6,304,11.3,46567569,34.3,5294758,20.2,210305,34.1,200,20.7,10414,20.7
"06081","5","623311","78","0","2024","A","",22,665,37711568,5418457,129020,1091,56745,"",1.17,0.51,0.27,0.61,0.60,0.53,0.53,"",6,37.5,37,5.9,2456333,7.0,-392189,-6.7,12824,11.0,11,1.0,561,1.0
"06081","5","623312","78","0","2024","A","",120,2338,144715811,26142418,697787,1190,61886,"",2.13,1.75,1.10,1.98,1.87,0.63,0.63,"",-1,-0.8,266,12.8,44111236,43.8,5686947,27.8,197481,39.5,256,27.4,13324,27.4
"06081","5","6239","76","0","2024","A","",8,88,3567602,719875,16501,777,40426,"",0.41,0.20,0.07,0.25,0.23,0.33,0.33,"",1,14.3,11,14.3,441262,14.1,154083,27.2,4344,35.7,-5,-0.6,-220,-0.5
"06081","5","62399","77","0","2024","A","",8,88,3567602,719875,16501,777,40426,"",0.41,0.20,0.07,0.25,0.23,0.33,0.33,"",1,14.3,11,14.3,441262,14.1,154083,27.2,4344,35.7,-5,-0.6,-220,-0.5
"06081","5","623990","78","0","2024","A","",8,88,3567602,719875,16501,777,40426,"",0.41,0.20,0.07,0.25,0.23,0.33,0.33,"",1,14.3,11,14.3,441262,14.1,154083,27.2,4344,35.7,-5,-0.6,-220,-0.5
"06081","5","624","75","0","2024","A","",7356,14946,584092116,118398137,3326133,752,39080,"",2.41,1.19,0.52,1.29,1.10,0.44,0.44,"",773,11.7,1268,9.3,81453441,16.2,9616475,8.8,319177,10.6,45,6.4,2332,6.3
"06081","5","6241","76","0","2024","A","",6992,11807,423826596,94595411,2717201,690,35897,"",2.51,1.38,0.58,1.56,1.27,0.42,0.42,"",802,13.0,1266,12.0,77157545,22.3,9563424,11.2,301144,12.5,58,9.2,3010,9.2
"06081","5","62411","77","0","2024","A","",34,304,18217799,2052620,45626,1151,59829,"",0.93,0.49,0.25,0.59,0.42,0.50,0.50,"",3,9.7,20,7.0,-89831,-0.5,161268,8.5,-10940,-19.3,-89,-7.2,-4634,-7.2
"06081","5","624110","78","0","2024","A","",34,304,18217799,2052620,45626,1151,59829,"",0.93,0.49,0.25,0.59,0.42,0.50,0.50,"",3,9.7,20,7.0,-89831,-0.5,161268,8.5,-10940,-19.3,-89,-7.2,-4634,-7.2
"06081","5","62412","77","0","2024","A","",6854,10346,325914617,83496460,2386131,606,31502,"",2.60,1.59,0.69,1.77,1.42,0.43,0.43,"",793,13.1,1118,12.1,63523436,24.2,8511657,11.4,275757,13.1,59,10.8,3066,10.8
"06081","5","624120","78","0","2024","A","",6854,10346,325914617,83496460,2386131,606,31502,"",2.60,1.59,0.69,1.77,1.42,0.43,0.43,"",793,13.1,1118,12.1,63523436,24.2,8511657,11.4,275757,13.1,59,10.8,3066,10.8
"06081","5","62419","77","0","2024","A","",104,1156,79694180,9046331,285444,1325,68920,"",0.89,0.83,0.44,0.89,0.80,0.53,0.53,"",7,7.2,126,12.2,13723940,20.8,890499,10.9,36327,14.6,93,7.5,4850,7.6
"06081","5","624190","78","0","2024","A","",104,1156,79694180,9046331,285444,1325,68920,"",0.89,0.83,0.44,0.89,0.80,0.53,0.53,"",7,7.2,126,12.2,13723940,20.8,890499,10.9,36327,14.6,93,7.5,4850,7.6
"06081","5","6242","76","0","2024","A","",33,336,21123061,1750524,55338,1210,62929,"",0.87,0.54,0.24,0.42,0.39,0.45,0.45,"",-2,-5.7,17,5.3,1165990,5.8,43183,2.5,5490,11.0,6,0.5,302,0.5
"06081","5","62421","77","0","2024","A","N",8,0,0,0,0,0,0,"N",0.75,0,0,0,0,0,0,"N",-1,-11.1,0,0,0,0,0,0,0,0,0,0,0,0
"06081","5","624210","78","0","2024","A","N",8,0,0,0,0,0,0,"N",0.75,0,0,0,0,0,0,"N",-1,-11.1,0,0,0,0,0,0,0,0,0,0,0,0
"06081","5","62422","77","0","2024","A","",24,240,15442807,1273056,42342,1237,64345,"",1.17,0.63,0.30,0.48,0.45,0.48,0.48,"",-1,-4.0,12,5.3,1156109,8.1,54721,4.5,4233,11.1,32,2.7,1707,2.7
"06081","5","624221","78","0","2024","A","",10,77,4838622,273960,8249,1215,63181,"",0.90,0.31,0.16,0.17,0.15,0.51,0.51,"",-1,-9.1,6,8.5,372038,8.3,31611,13.0,703,9.3,11,0.9,565,0.9
"06081","5","624229","78","0","2024","A","",14,163,10604185,999096,34093,1248,64890,"",1.47,1.24,0.51,0.97,0.88,0.41,0.41,"",-1,-6.7,6,3.8,784071,8.0,23110,2.4,3530,11.5,43,3.6,2242,3.6
"06081","5","62423","77","0","2024","A","N",1,0,0,0,0,0,0,"N",0.15,0,0,0,0,0,0,"N",0,0.0,0,0,0,0,0,0,0,0,0,0,0,0
"06081","5","624230","78","0","2024","A","N",1,0,0,0,0,0,0,"N",0.15,0,0,0,0,0,0,"N",0,0.0,0,0,0,0,0,0,0,0,0,0,0,0
"06081","5","6243","76","0","2024","A","",8,198,8183009,635655,13243,797,41433,"",0.32,0.26,0.11,0.19,0.15,0.41,0.41,"",-2,-20.0,-107,-35.1,-4007920,-32.9,86991,15.9,-2396,-15.3,29,3.8,1474,3.7
"06081","5","62431","77","0","2024","A","",8,198,8183009,635655,13243,797,41433,"",0.32,0.26,0.11,0.19,0.15,0.41,0.41,"",-2,-20.0,-107,-35.1,-4007920,-32.9,86991,15.9,-2396,-15.3,29,3.8,1474,3.7
"06081","5","624310","78","0","2024","A","",8,198,8183009,635655,13243,797,41433,"",0.32,0.26,0.11,0.19,0.15,0.41,0.41,"",-2,-20.0,-107,-35.1,-4007920,-32.9,86991,15.9,-2396,-15.3,29,3.8,1474,3.7
"06081","5","6244","76","0","2024","A","",323,2606,130959450,21416547,540351,966,50250,"",1.58,0.99,0.59,0.91,0.82,0.59,0.59,"",-26,-7.4,93,3.7,7137826,5.8,-77123,-0.4,14939,2.8,19,2.0,981,2.0
"06081","5","62441","77","0","2024","A","",323,2606,130959450,21416547,540351,966,50250,"",1.58,0.99,0.59,0.91,0.82,0.59,0.59,"",-26,-7.4,93,3.7,7137826,5.8,-77123,-0.4,14939,2.8,19,2.0,981,2.0
"06081","5","624410","78","0","2024","A","",323,2606,130959450,21416547,540351,966,50250,"",1.58,0.99,0.59,0.91,0.82,0.59,0.59,"",-26,-7.4,93,3.7,7137826,5.8,-77123,-0.4,14939,2.8,19,2.0,981,2.0
"06081","5","71","74","0","2024","A","",356,6197,274564765,48751363,1064117,852,44307,"",0.74,0.89,0.30,0.90,0.55,0.34,0.34,"",5,1.4,334,5.7,10999475,4.2,1475445,3.1,49456,4.9,-13,-1.5,-648,-1.4
"06081","5","711","75","0","2024","A","",110,467,23316177,4719242,134252,960,49928,"",0.52,0.30,0.05,0.34,0.24,0.17,0.17,"",-1,-0.9,-6,-1.3,-2576295,-9.9,23342,0.5,650,0.5,-94,-8.9,-4861,-8.9
"06081","5","7111","76","0","2024","A","",26,212,8355693,2285134,56605,757,39383,"",0.77,0.59,0.15,0.72,0.34,0.25,0.25,"",-1,-3.7,9,4.4,-228036,-2.7,-58521,-2.5,-4067,-6.7,-57,-7.0,-2936,-6.9
"06081","5","71111","77","0","2024","A","",11,138,5439420,1625655,39073,758,39416,"",1.03,0.72,0.24,0.94,0.40,0.33,0.33,"",0,0.0,4,3.0,-463819,-7.9,-106582,-6.2,-4446,-10.2,-87,-10.3,-4501,-10.2
"06081","5","711110","78","0","2024","A","",11,138,5439420,1625655,39073,758,39416,"",1.03,0.72,0.24,0.94,0.40,0.33,0.33,"",0,0.0,4,3.0,-463819,-7.9,-106582,-6.2,-4446,-10.2,-87,-10.3,-4501,-10.2
"06081","5","71112","77","0","2024","A","N",4,0,0,0,0,0,0,"N",0.99,0,0,0,0,0,0,"N",0,0.0,0,0,0,0,0,0,0,0,0,0,0,0
"06081","5","711120","78","0","2024","A","N",4,0,0,0,0,0,0,"N",0.99,0,0,0,0,0,0,"N",0,0.0,0,0,0,0,0,0,0,0,0,0,0,0
"06081","5","71113","77","0","2024","A","N",11,0,0,0,0,0,0,"N",0.70,0,0,0,0,0,0,"N",-1,-8.3,0,0,0,0,0,0,0,0,0,0,0,0
"06081","5","711130","78","0","2024","A","N",11,0,0,0,0,0,0,"N",0.70,0,0,0,0,0,0,"N",-1,-8.3,0,0,0,0,0,0,0,0,0,0,0,0
"06081","5","7112","76","0","2024","A","",12,78,2720811,732153,22710,672,34919,"",0.53,0.18,0.01,0.17,0.18,0.07,0.07,"",-1,-7.7,6,8.3,255908,10.4,79255,12.1,7709,51.4,14,2.1,724,2.1
"06081","5","71121","77","0","2024","A","",12,78,2720811,732153,22710,672,34919,"",0.53,0.18,0.01,0.17,0.18,0.07,0.07,"",-1,-7.7,6,8.3,255908,10.4,79255,12.1,7709,51.4,14,2.1,724,2.1
"06081","5","711211","78","0","2024","A","",7,65,2028167,629027,18836,601,31243,"",0.71,0.21,0.01,0.21,0.21,0.05,0.05,"",-1,-12.5,8,14.0,283541,16.3,80980,14.8,7995,73.7,12,2.0,636,2.1
"06081","5","711212","78","0","2024","A","N",1,0,0,0,0,0,0,"N",0.52,0,0,0,0,0,0,"N",0,0.0,0,0,0,0,0,0,0,0,0,0,0,0
"06081","5","711219","78","0","2024","A","N",4,0,0,0,0,0,0,"N",0.37,0,0,0,0,0,0,"N",0,0.0,0,0,0,0,0,0,0,0,0,0,0,0
"06081","5","7113","76","0","2024","A","",13,60,3063957,471973,18789,989,51423,"",0.44,0.12,0.04,0.12,0.12,0.37,0.37,"N",1,8.3,0,0,0,0,0,0,0,0,0,0,0,0
"06081","5","71131","77","0","2024","A","",7,52,2356576,409973,17213,865,44959,"",0.56,0.14,0.05,0.14,0.14,0.35,0.35,"",-1,-12.5,-9,-14.8,-213132,-8.3,-41871,-9.3,2243,15.0,60,7.5,3118,7.5
"06081","5","711310","78","0","2024","A","",7,52,2356576,409973,17213,865,44959,"",0.56,0.14,0.05,0.14,0.14,0.35,0.35,"",-1,-12.5,-9,-14.8,-213132,-8.3,-41871,-9.3,2243,15.0,60,7.5,3118,7.5
"06081","5","71132","77","0","2024","A","",6,7,707381,62000,1576,1898,98704,"",0.36,0.06,0.04,0.06,0.04,0.56,0.56,"N",2,50.0,0,0,0,0,0,0,0,0,0,0,0,0
"06081","5","711320","78","0","2024","A","",6,7,707381,62000,1576,1898,98704,"",0.36,0.06,0.04,0.06,0.04,0.56,0.56,"N",2,50.0,0,0,0,0,0,0,0,0,0,0,0,0
"06081","5","7114","76","0","2024","A","",7,7,581842,81558,2276,1618,84122,"",0.38,0.09,0.02,0.12,0.07,0.23,0.23,"N",-1,-12.5,0,0,0,0,0,0,0,0,0,0,0,0
"06081","5","71141","77","0","2024","A","",7,7,581842,81558,2276,1618,84122,"",0.38,0.09,0.02,0.12,0.07,0.23,0.23,"N",-1,-12.5,0,0,0,0,0,0,0,0,0,0,0,0
"06081","5","711410","78","0","2024","A","",7,7,581842,81558,2276,1618,84122,"",0.38,0.09,0.02,0.12,0.07,0.23,0.23,"N",-1,-12.5,0,0,0,0,0,0,0,0,0,0,0,0
"06081","5","7115","76","0","2024","A","",52,110,8593874,1148424,33872,1497,77831,"",0.49,0.67,0.12,0.66,0.47,0.18,0.18,"",1,2.0,-14,-11.3,-2233813,-20.6,41654,3.8,-5449,-13.9,-180,-10.7,-9372,-10.7
"06081","5","71151","77","0","2024","A","",52,110,8593874,1148424,33872,1497,77831,"",0.49,0.67,0.12,0.66,0.47,0.18,0.18,"",1,2.0,-14,-11.3,-2233813,-20.6,41654,3.8,-5449,-13.9,-180,-10.7,-9372,-10.7
"06081","5","711510","78","0","2024","A","",52,110,8593874,1148424,33872,1497,77831,"",0.49,0.67,0.12,0.66,0.47,0.18,0.18,"",1,2.0,-14,-11.3,-2233813,-20.6,41654,3.8,-5449,-13.9,-180,-10.7,-9372,-10.7
"06081","5","712","75","0","2024","A","",14,262,18736177,2376749,58743,1377,71603,"",0.69,0.55,0.32,0.98,0.90,0.58,0.58,"",2,16.7,35,15.4,3509061,23.0,273569,13.0,12202,26.2,87,6.7,4523,6.7
"06081","5","7121","76","0","2024","A","",14,262,18736177,2376749,58743,1377,71603,"",0.69,0.55,0.32,0.98,0.90,0.58,0.58,"",2,16.7,35,15.4,3509061,23.0,273569,13.0,12202,26.2,87,6.7,4523,6.7
"06081","5","71211","77","0","2024","A","",10,200,14043345,1766289,39046,1348,70071,"",0.73,0.74,0.39,1.30,0.99,0.53,0.53,"",1,11.1,30,17.6,2929040,26.4,232817,15.2,4983,14.6,87,6.9,4500,6.9
"06081","5","712110","78","0","2024","A","",10,200,14043345,1766289,39046,1348,70071,"",0.73,0.74,0.39,1.30,0.99,0.53,0.53,"",1,11.1,30,17.6,2929040,26.4,232817,15.2,4983,14.6,87,6.9,4500,6.9
"06081","5","71212","77","0","2024","A","N",1,0,0,0,0,0,0,"N",0.56,0,0,0,0,0,0,"N",0,0.0,0,0,0,0,0,0,0,0,0,0,0,0
"06081","5","712120","78","0","2024","A","N",1,0,0,0,0,0,0,"N",0.56,0,0,0,0,0,0,"N",0,0.0,0,0,0,0,0,0,0,0,0,0,0,0
"06081","5","71213","77","0","2024","A","N",1,0,0,0,0,0,0,"N",0.42,0,0,0,0,0,0,"N",0,0.0,0,0,0,0,0,0,0,0,0,0,0,0
"06081","5","712130","78","0","2024","A","N",1,0,0,0,0,0,0,"N",0.42,0,0,0,0,0,0,"N",0,0.0,0,0,0,0,0,0,0,0,0,0,0,0
"06081","5","71219","77","0","2024","A","N",1,0,0,0,0,0,0,"N",0.41,0,0,0,0,0,0,"N",0,0.0,0,0,0,0,0,0,0,0,0,0,0,0
"06081","5","712190","78","0","2024","A","N",1,0,0,0,0,0,0,"N",0.41,0,0,0,0,0,0,"N",0,0.0,0,0,0,0,0,0,0,0,0,0,0,0
"06081","5","713","75","0","2024","A","",232,5468,232512411,41655372,871122,818,42520,"",0.92,1.10,0.58,1.10,0.67,0.53,0.53,"",4,1.8,305,5.9,10066709,4.5,1178534,2.9,36604,4.4,-11,-1.3,-562,-1.3
"06081","5","7131","76","0","2024","A","",10,120,3758602,1166160,22999,603,31365,"",0.94,0.18,0.06,0.27,0.21,0.34,0.34,"",-1,-9.1,-1,-0.8,-347229,-8.5,36220,3.2,-1572,-6.4,-51,-7.8,-2638,-7.8
"06081","5","71311","77","0","2024","A","N",2,0,0,0,0,0,0,"N",0.58,0,0,0,0,0,0,"N",0,0.0,0,0,0,0,0,0,0,0,0,0,0,0
"06081","5","713110","78","0","2024","A","N",2,0,0,0,0,0,0,"N",0.58,0,0,0,0,0,0,"N",0,0.0,0,0,0,0,0,0,0,0,0,0,0,0
"06081","5","71312","77","0","2024","A","N",8,0,0,0,0,0,0,"N",1.12,0,0,0,0,0,0,"N",-1,-11.1,0,0,0,0,0,0,0,0,0,0,0,0
"06081","5","713120","78","0","2024","A","N",8,0,0,0,0,0,0,"N",1.12,0,0,0,0,0,0,"N",-1,-11.1,0,0,0,0,0,0,0,0,0,0,0,0
"06081","5","7132","76","0","2024","A","",5,1185,73799176,9601845,177901,1198,62282,"",0.44,3.59,1.64,2.69,1.46,0.46,0.46,"",0,0.0,15,1.3,1125172,1.5,-93375,-1.0,600,0.3,3,0.3,154,0.2
"06081","5","71321","77","0","2024","A","N",2,0,0,0,0,0,0,"N",1.70,0,0,0,0,0,0,"N",0,0.0,0,0,0,0,0,0,0,0,0,0,0,0
"06081","5","713210","78","0","2024","A","N",2,0,0,0,0,0,0,"N",1.70,0,0,0,0,0,0,"N",0,0.0,0,0,0,0,0,0,0,0,0,0,0,0
"06081","5","71329","77","0","2024","A","N",3,0,0,0,0,0,0,"N",0.30,0,0,0,0,0,0,"N",0,0.0,0,0,0,0,0,0,0,0,0,0,0,0
"06081","5","713290","78","0","2024","A","N",3,0,0,0,0,0,0,"N",0.30,0,0,0,0,0,0,"N",0,0.0,0,0,0,0,0,0,0,0,0,0,0,0
"06081","5","7139","76","0","2024","A","",218,4164,154954633,30887367,670222,716,37217,"",0.95,1.04,0.53,1.03,0.63,0.51,0.51,"",6,2.8,291,7.5,9288766,6.4,1235689,4.2,37576,5.9,-7,-1.0,-396,-1.1
"06081","5","71391","77","0","2024","A","",11,993,56554349,8332550,145736,1096,56972,"",0.38,0.85,0.52,0.84,0.32,0.61,0.61,"",1,10.0,40,4.2,4687257,9.0,406264,5.1,8110,5.9,49,4.7,2518,4.6
"06081","5","713910","78","0","2024","A","",11,993,56554349,8332550,145736,1096,56972,"",0.38,0.85,0.52,0.84,0.32,0.61,0.61,"",1,10.0,40,4.2,4687257,9.0,406264,5.1,8110,5.9,49,4.7,2518,4.6
"06081","5","71393","77","0","2024","A","",3,10,818493,90032,2708,1536,79853,"",0.29,0.09,0.06,0.09,0.07,0.65,0.65,"",0,0.0,0,0.0,125360,18.1,-6470,-6.7,43,1.6,246,19.1,12776,19.0
"06081","5","713930","78","0","2024","A","",3,10,818493,90032,2708,1536,79853,"",0.29,0.09,0.06,0.09,0.07,0.65,0.65,"",0,0.0,0,0.0,125360,18.1,-6470,-6.7,43,1.6,246,19.1,12776,19.0
"06081","5","71394","77","0","2024","A","",147,2482,72223034,16340525,368591,559,29093,"",1.26,1.41,0.72,1.55,1.18,0.51,0.51,"",3,2.1,226,10.0,3507542,5.1,1018387,6.6,32468,9.7,-27,-4.6,-1373,-4.5
"06081","5","713940","78","0","2024","A","",147,2482,72223034,16340525,368591,559,29093,"",1.26,1.41,0.72,1.55,1.18,0.51,0.51,"",3,2.1,226,10.0,3507542,5.1,1018387,6.6,32468,9.7,-27,-4.6,-1373,-4.5
"06081","5","71395","77","0","2024","A","",4,95,3271749,724375,14567,660,34319,"",0.46,0.51,0.27,0.50,0.39,0.53,0.53,"",-1,-20.0,-14,-12.8,-438627,-11.8,-223331,-23.6,-3545,-19.6,6,0.9,305,0.9
"06081","5","713950","78","0","2024","A","",4,95,3271749,724375,14567,660,34319,"",0.46,0.51,0.27,0.50,0.39,0.53,0.53,"",-1,-20.0,-14,-12.8,-438627,-11.8,-223331,-23.6,-3545,-19.6,6,0.9,305,0.9
"06081","5","71399","77","0","2024","A","",52,583,22087008,5399885,138620,729,37901,"",0.81,0.88,0.45,1.00,0.81,0.51,0.51,"",1,2.0,38,7.0,1407234,6.8,40839,0.8,500,0.4,0,0.0,-20,-0.1
"06081","5","713990","78","0","2024","A","",52,583,22087008,5399885,138620,729,37901,"",0.81,0.88,0.45,1.00,0.81,0.51,0.51,"",1,2.0,38,7.0,1407234,6.8,40839,0.8,500,0.4,0,0.0,-20,-0.1
"06081","5","72","74","0","2024","A","",2060,36653,1612847481,343547782,7715190,846,44003,"",1.01,0.97,0.55,1.03,0.85,0.57,0.57,"",5,0.2,305,0.8,79139628,5.2,-4480151,-1.3,-329283,-4.1,35,4.3,1808,4.3
"06081","5","721","75","0","2024","A","",167,5398,303121387,52315356,1068067,1080,56160,"",0.83,1.05,0.52,0.90,0.66,0.50,0.50,"",0,0.0,262,5.1,23764946,8.5,2439139,4.9,40201,3.9,34,3.3,1771,3.3
"06081","5","7211","76","0","2024","A","",154,5283,298347119,51218345,1018019,1086,56471,"",0.88,1.08,0.53,0.92,0.66,0.50,0.50,"",0,0.0,210,4.1,20642291,7.4,1960452,4.0,5704,0.6,33,3.1,1731,3.2
"06081","5","72111","77","0","2024","A","N",152,0,0,0,0,0,0,"N",0.95,0,0,0,0,0,0,"N",1,0.7,0,0,0,0,0,0,0,0,0,0,0,0
"06081","5","721110","78","0","2024","A","N",152,0,0,0,0,0,0,"N",0.95,0,0,0,0,0,0,"N",1,0.7,0,0,0,0,0,0,0,0,0,0,0,0
"06081","5","72119","77","0","2024","A","N",3,0,0,0,0,0,0,"N",0.21,0,0,0,0,0,0,"N",0,0.0,0,0,0,0,0,0,0,0,0,0,0,0
"06081","5","721191","78","0","2024","A","N",1,0,0,0,0,0,0,"N",0.17,0,0,0,0,0,0,"N",0,0.0,0,0,0,0,0,0,0,0,0,0,0,0
"06081","5","721199","78","0","2024","A","N",2,0,0,0,0,0,0,"N",0.24,0,0,0,0,0,0,"N",0,0.0,0,0,0,0,0,0,0,0,0,0,0,0
"06081","5","7212","76","0","2024","A","N",10,0,0,0,0,0,0,"N",0.43,0,0,0,0,0,0,"N",-2,-16.7,0,0,0,0,0,0,0,0,0,0,0,0
"06081","5","72121","77","0","2024","A","N",10,0,0,0,0,0,0,"N",0.43,0,0,0,0,0,0,"N",-2,-16.7,0,0,0,0,0,0,0,0,0,0,0,0
"06081","5","721211","78","0","2024","A","N",3,0,0,0,0,0,0,"N",0.21,0,0,0,0,0,0,"N",-1,-25.0,0,0,0,0,0,0,0,0,0,0,0,0
"06081","5","721214","78","0","2024","A","",7,40,1215642,384461,9214,577,30016,"",0.82,0.38,0.12,0.41,0.34,0.32,0.32,"",-1,-12.5,-5,-11.1,97696,8.7,-70115,-15.4,-1598,-14.8,94,19.5,4894,19.5
"06081","5","7213","76","0","2024","A","N",2,0,0,0,0,0,0,"N",0.44,0,0,0,0,0,0,"N",1,100.0,0,0,0,0,0,0,0,0,0,0,0,0
"06081","5","72131","77","0","2024","A","N",2,0,0,0,0,0,0,"N",0.44,0,0,0,0,0,0,"N",1,100.0,0,0,0,0,0,0,0,0,0,0,0,0
"06081","5","721310","78","0","2024","A","N",2,0,0,0,0,0,0,"N",0.44,0,0,0,0,0,0,"N",1,100.0,0,0,0,0,0,0,0,0,0,0,0,0
"06081","5","722","75","0","2024","A","",1893,31256,1309726094,291232426,6647123,806,41904,"",1.02,0.96,0.56,1.05,0.89,0.58,0.58,"",5,0.3,45,0.1,55374682,4.4,-6919290,-2.3,-369484,-5.3,33,4.3,1715,4.3
"06081","5","7223","76","0","2024","A","",223,4564,269929382,45466542,1059392,1137,59145,"",1.67,2.20,1.35,2.30,1.01,0.61,0.61,"",1,0.5,118,2.7,15370866,6.0,-1670519,-3.5,-228339,-17.7,36,3.3,1889,3.3
"06081","5","72231","77","0","2024","A","",132,3453,223972635,35167221,810214,1247,64859,"",1.98,2.31,1.47,2.39,0.94,0.64,0.64,"",-3,-2.2,348,11.2,25075813,12.6,1103419,3.2,-139927,-14.7,15,1.2,805,1.3
"06081","5","722310","78","0","2024","A","",132,3453,223972635,35167221,810214,1247,64859,"",1.98,2.31,1.47,2.39,0.94,0.64,0.64,"",-3,-2.2,348,11.2,25075813,12.6,1103419,3.2,-139927,-14.7,15,1.2,805,1.3
"06081","5","72232","77","0","2024","A","",63,1006,42130956,9347916,225676,805,41873,"",1.76,2.22,1.06,2.37,1.46,0.48,0.48,"",0,0.0,-238,-19.1,-9905132,-19.0,-2752333,-22.7,-83920,-27.1,1,0.1,52,0.1
"06081","5","722320","78","0","2024","A","",63,1006,42130956,9347916,225676,805,41873,"",1.76,2.22,1.06,2.37,1.46,0.48,0.48,"",0,0.0,-238,-19.1,-9905132,-19.0,-2752333,-22.7,-83920,-27.1,1,0.1,52,0.1
"06081","5","72233","77","0","2024","A","",29,104,3825791,951405,23502,705,36640,"",0.93,0.88,0.47,0.89,0.61,0.54,0.54,"",4,16.0,7,7.2,200185,5.5,-21605,-2.2,-4492,-16.0,-17,-2.4,-899,-2.4
"06081","5","722330","78","0","2024","A","",29,104,3825791,951405,23502,705,36640,"",0.93,0.88,0.47,0.89,0.61,0.54,0.54,"",4,16.0,7,7.2,200185,5.5,-21605,-2.2,-4492,-16.0,-17,-2.4,-899,-2.4
"06081","5","7224","76","0","2024","A","",55,471,17351399,4380165,97845,709,36853,"",0.50,0.42,0.23,0.46,0.34,0.53,0.53,"",6,12.2,-2,-0.4,272229,1.6,-362739,-7.6,-17804,-15.4,14,2.0,732,2.0
"06081","5","72241","77","0","2024","A","",55,471,17351399,4380165,97845,709,36853,"",0.50,0.42,0.23,0.46,0.34,0.53,0.53,"",6,12.2,-2,-0.4,272229,1.6,-362739,-7.6,-17804,-15.4,14,2.0,732,2.0
"06081","5","722410","78","0","2024","A","",55,471,17351399,4380165,97845,709,36853,"",0.50,0.42,0.23,0.46,0.34,0.53,0.53,"",6,12.2,-2,-0.4,272229,1.6,-362739,-7.6,-17804,-15.4,14,2.0,732,2.0
"06081","5","7225","76","0","2024","A","",1614,26221,1022445313,241385719,5489886,750,38994,"",1.01,0.89,0.49,0.98,0.89,0.55,0.55,"",-3,-0.2,-72,-0.3,39731587,4.0,-4886032,-2.0,-123341,-2.2,31,4.3,1618,4.3
"06081","5","72251","77","0","2024","A","",1614,26221,1022445313,241385719,5489886,750,38994,"",1.01,0.89,0.49,0.98,0.89,0.55,0.55,"",-3,-0.2,-72,-0.3,39731587,4.0,-4886032,-2.0,-123341,-2.2,31,4.3,1618,4.3
"06081","5","722511","78","0","2024","A","",755,13962,591343109,131261405,2961629,815,42355,"",1.10,0.97,0.52,1.02,0.87,0.53,0.53,"",0,0.0,181,1.3,16014552,2.8,914247,0.7,7294,0.2,12,1.5,607,1.5
"06081","5","722513","78","0","2024","A","",589,9271,320016881,82348262,1855230,664,34518,"",0.85,0.75,0.42,0.85,0.86,0.56,0.56,"",2,0.3,97,1.1,28389014,9.7,-2060552,-2.4,-31793,-1.7,53,8.7,2730,8.6
"06081","5","722514","78","0","2024","A","",17,348,31559637,4116994,73574,1743,90624,"",1.26,1.70,2.20,2.61,1.95,1.29,1.29,"",-2,-10.5,-29,-7.7,-1898528,-5.7,-1000150,-19.5,-58163,-44.2,38,2.2,1974,2.2
"06081","5","722515","78","0","2024","A","",254,2640,79525686,23659058,599453,579,30121,"",1.17,1.04,0.50,1.18,1.07,0.48,0.48,"",-2,-0.8,-320,-10.8,-2773451,-3.4,-2739577,-10.4,-40679,-6.4,44,8.2,2317,8.3
"06081","5","81","74","0","2024","A","",3542,14094,968813155,115232036,3165089,1322,68741,"",1.55,1.12,0.56,1.03,0.99,0.50,0.50,"",299,9.2,796,6.0,47618915,5.2,5749958,5.3,283166,9.8,-10,-0.8,-534,-0.8
"06081","5","811","75","0","2024","A","",526,3722,247573378,34163638,975293,1279,66515,"",0.82,0.95,0.40,0.81,0.84,0.42,0.42,"",-8,-1.5,152,4.3,13826369,5.9,1622049,5.0,131040,15.5,20,1.6,1032,1.6
"06081","5","8111","76","0","2024","A","",445,3128,201381125,28743228,747017,1238,64377,"",0.99,1.13,0.52,0.98,0.99,0.46,0.46,"",-4,-0.9,-5,-0.2,4650150,2.4,36219,0.1,5437,0.7,30,2.5,1579,2.5
"06081","5","81111","77","0","2024","A","",252,1085,75695628,10100359,255855,1341,69739,"",1.01,0.92,0.43,0.77,0.78,0.46,0.46,"",-2,-0.8,-33,-3.0,-268983,-0.4,139949,1.4,-6014,-2.3,34,2.6,1787,2.6
"06081","5","811111","78","0","2024","A","",234,1022,71382384,9562806,240949,1343,69851,"",1.05,0.96,0.45,0.81,0.81,0.46,0.46,"",-2,-0.8,-31,-2.9,-176343,-0.2,124180,1.3,-7354,-3.0,36,2.8,1872,2.8
"06081","5","811114","78","0","2024","A","",18,64,4313244,537553,14906,1306,67925,"",0.68,0.53,0.24,0.42,0.49,0.46,0.46,"",0,0.0,-1,-1.5,-92640,-2.1,15769,3.0,1340,9.9,7,0.5,402,0.6
"06081","5","81112","77","0","2024","A","",132,1307,96414472,12265786,344248,1419,73791,"",1.20,1.64,0.70,1.38,1.48,0.43,0.43,"",-1,-0.8,26,2.0,2960986,3.2,17141,0.1,20354,6.3,17,1.2,861,1.2
"06081","5","811121","78","0","2024","A","",117,1254,93594988,11738935,325445,1435,74607,"",1.28,1.81,0.77,1.51,1.62,0.42,0.42,"",-5,-4.1,36,3.0,3555021,3.9,65748,0.6,24247,8.1,13,0.9,678,0.9
"06081","5","811122","78","0","2024","A","",15,52,2819484,526851,18803,1041,54134,"",0.81,0.50,0.18,0.46,0.60,0.37,0.37,"",4,36.4,-12,-18.8,-594035,-17.4,-48607,-8.4,-3893,-17.2,7,0.7,378,0.7
"06081","5","81119","77","0","2024","A","",62,736,29271025,6377083,146914,765,39761,"",0.67,0.93,0.39,0.87,0.77,0.42,0.42,"",0,0.0,3,0.4,1958147,7.2,-120871,-1.9,-8903,-5.7,49,6.8,2520,6.8
"06081","5","811191","78","0","2024","A","",13,125,5421718,1100996,27919,831,43230,"",0.60,0.62,0.26,0.52,0.54,0.41,0.41,"",0,0.0,-4,-3.1,-110139,-2.0,-113998,-9.4,-4910,-15.0,5,0.6,292,0.7
"06081","5","811192","78","0","2024","A","",30,541,19565366,4572579,98283,695,36165,"",0.59,1.07,0.46,1.03,0.85,0.43,0.43,"",-1,-3.2,-24,-4.2,119704,0.6,-277180,-5.7,-13549,-12.1,33,5.0,1717,5.0
"06081","5","811198","78","0","2024","A","",19,70,4283941,703508,20712,1181,61419,"",0.97,0.82,0.37,0.84,0.84,0.45,0.45,"",1,5.6,30,75.0,1948582,83.4,270307,62.4,9556,85.7,61,5.4,3156,5.4
"06081","5","8112","76","0","2024","A","",18,321,23508592,3053763,154106,1408,73216,"",0.43,1.15,0.40,1.06,1.77,0.35,0.35,"",-3,-14.3,151,88.8,8847706,60.3,1861391,156.1,121226,368.7,-255,-15.3,-13236,-15.3
"06081","5","81121","77","0","2024","A","",18,321,23508592,3053763,154106,1408,73216,"",0.43,1.15,0.40,1.06,1.77,0.35,0.35,"",-3,-14.3,151,88.8,8847706,60.3,1861391,156.1,121226,368.7,-255,-15.3,-13236,-15.3
"06081","5","811210","78","0","2024","A","",18,321,23508592,3053763,154106,1408,73216,"",0.43,1.15,0.40,1.06,1.77,0.35,0.35,"",-3,-14.3,151,88.8,8847706,60.3,1861391,156.1,121226,368.7,-255,-15.3,-13236,-15.3
"06081","5","8113","76","0","2024","A","",24,164,16454353,1416255,45244,1926,100128,"",0.29,0.25,0.12,0.18,0.18,0.46,0.46,"",-1,-4.0,-3,-1.8,150491,0.9,-250483,-15.0,4860,12.0,44,2.3,2256,2.3
"06081","5","81131","77","0","2024","A","",24,164,16454353,1416255,45244,1926,100128,"",0.29,0.25,0.12,0.18,0.18,0.46,0.46,"",-1,-4.0,-3,-1.8,150491,0.9,-250483,-15.0,4860,12.0,44,2.3,2256,2.3
"06081","5","811310","78","0","2024","A","",24,164,16454353,1416255,45244,1926,100128,"",0.29,0.25,0.12,0.18,0.18,0.46,0.46,"",-1,-4.0,-3,-1.8,150491,0.9,-250483,-15.0,4860,12.0,44,2.3,2256,2.3
"06081","5","8114","76","0","2024","A","",40,108,6229308,950392,28926,1104,57413,"",0.62,0.48,0.21,0.42,0.44,0.44,0.44,"",1,2.6,7,6.9,178022,2.9,-25078,-2.6,-483,-1.6,-52,-4.5,-2699,-4.5
"06081","5","81141","77","0","2024","A","",16,43,3018863,386266,10435,1361,70755,"",0.75,0.53,0.27,0.46,0.43,0.51,0.51,"",0,0.0,-13,-23.2,-1102187,-26.7,-182538,-32.1,-6054,-36.7,-61,-4.3,-3165,-4.3
"06081","5","811412","78","0","2024","A","",16,43,3018863,386266,10435,1361,70755,"",0.98,0.66,0.32,0.56,0.55,0.49,0.49,"",0,0.0,-13,-23.2,-1102187,-26.7,-182538,-32.1,-6054,-36.7,-61,-4.3,-3165,-4.3
"06081","5","81142","77","0","2024","A","",9,36,2158192,277511,8422,1145,59536,"",1.00,1.06,0.51,0.84,0.93,0.48,0.48,"",0,0.0,14,63.6,1077243,99.7,89425,47.5,1964,30.4,211,22.6,10954,22.5
"06081","5","811420","78","0","2024","A","",9,36,2158192,277511,8422,1145,59536,"",1.00,1.06,0.51,0.84,0.93,0.48,0.48,"",0,0.0,14,63.6,1077243,99.7,89425,47.5,1964,30.4,211,22.6,10954,22.5
"06081","5","81143","77","0","2024","A","N",2,0,0,0,0,0,0,"N",1.10,0,0,0,0,0,0,"N",0,0.0,0,0,0,0,0,0,0,0,0,0,0,0
"06081","5","811430","78","0","2024","A","N",2,0,0,0,0,0,0,"N",1.10,0,0,0,0,0,0,"N",0,0.0,0,0,0,0,0,0,0,0,0,0,0,0
"06081","5","81149","77","0","2024","A","N",12,0,0,0,0,0,0,"N",0.37,0,0,0,0,0,0,"N",0,0.0,0,0,0,0,0,0,0,0,0,0,0,0
"06081","5","811490","78","0","2024","A","N",12,0,0,0,0,0,0,"N",0.37,0,0,0,0,0,0,"N",0,0.0,0,0,0,0,0,0,0,0,0,0,0,0
"06081","5","812","75","0","2024","A","",678,4857,229086326,43349563,1060507,907,47164,"",0.99,1.16,0.55,1.15,1.01,0.48,0.48,"",32,5.0,304,6.7,19668404,9.4,2465016,6.0,80891,8.3,23,2.6,1172,2.5
"06081","5","8121","76","0","2024","A","",406,1910,65706497,17404195,468483,661,34394,"",1.02,0.96,0.38,0.97,0.92,0.39,0.39,"",18,4.6,100,5.5,4788332,7.9,972453,5.9,46060,10.9,14,2.2,745,2.2
"06081","5","81211","77","0","2024","A","",312,1412,46128029,12083032,309706,628,32678,"",1.01,0.95,0.36,0.90,0.84,0.38,0.38,"",10,3.3,71,5.3,3587926,8.4,613630,5.4,31090,11.2,18,3.0,955,3.0
"06081","5","812111","78","0","2024","A","",4,17,654905,162927,5912,723,37602,"",0.19,0.18,0.07,0.17,0.24,0.38,0.38,"N",1,33.3,0,0,0,0,0,0,0,0,0,0,0,0
"06081","5","812112","78","0","2024","A","",182,683,27329963,5972458,157385,769,39990,"",0.90,0.69,0.30,0.67,0.71,0.44,0.44,"N",9,5.2,0,0,0,0,0,0,0,0,0,0,0,0
"06081","5","812113","78","0","2024","A","",126,711,18143161,5947647,146409,491,25527,"",1.44,1.76,0.65,1.65,1.22,0.37,0.37,"",0,0.0,23,3.3,777805,4.5,104274,1.8,10646,7.8,5,1.0,274,1.1
"06081","5","81219","77","0","2024","A","",93,499,19578468,5321163,158777,755,39249,"",1.04,0.97,0.42,1.16,1.09,0.43,0.43,"",7,8.1,30,6.4,1200406,6.5,358823,7.2,14970,10.4,2,0.3,98,0.3
"06081","5","812191","78","0","2024","A","N",2,0,0,0,0,0,0,"N",0.32,0,0,0,0,0,0,"N",-1,-33.3,0,0,0,0,0,0,0,0,0,0,0,0
"06081","5","812199","78","0","2024","A","N",91,0,0,0,0,0,0,"N",1.10,0,0,0,0,0,0,"N",9,11.0,0,0,0,0,0,0,0,0,0,0,0,0
"06081","5","8122","76","0","2024","A","",25,508,42757984,4023860,92667,1619,84169,"",0.53,1.40,0.92,1.31,1.25,0.65,0.65,"",-1,-3.8,4,0.8,1054461,2.5,-166800,-4.0,-6408,-6.5,27,1.7,1397,1.7
"06081","5","81221","77","0","2024","A","",11,195,12014656,1561673,34491,1186,61693,"",0.31,0.70,0.35,0.67,0.78,0.49,0.49,"",-1,-8.3,-3,-1.5,229679,1.9,-80602,-4.9,-3214,-8.5,40,3.5,2098,3.5
"06081","5","812210","78","0","2024","A","",11,195,12014656,1561673,34491,1186,61693,"",0.31,0.70,0.35,0.67,0.78,0.49,0.49,"",-1,-8.3,-3,-1.5,229679,1.9,-80602,-4.9,-3214,-8.5,40,3.5,2098,3.5
"06081","5","81222","77","0","2024","A","",14,313,30743328,2462187,58176,1887,98143,"",1.22,3.72,2.59,3.32,1.96,0.69,0.70,"",0,0.0,7,2.3,824782,2.8,-86198,-3.4,-3194,-5.2,7,0.4,397,0.4
"06081","5","812220","78","0","2024","A","",14,313,30743328,2462187,58176,1887,98143,"",1.22,3.72,2.59,3.32,1.96,0.69,0.70,"",0,0.0,7,2.3,824782,2.8,-86198,-3.4,-3194,-5.2,7,0.4,397,0.4
"06081","5","8123","76","0","2024","A","",85,819,43814550,7103843,134718,1028,53476,"",1.19,1.18,0.55,1.05,0.81,0.47,0.47,"",-3,-3.4,20,2.5,2889197,7.1,34609,0.5,-1753,-1.3,43,4.4,2271,4.4
"06081","5","81231","77","0","2024","A","",28,93,2833369,726400,14443,584,30358,"",1.08,0.88,0.36,0.85,0.56,0.41,0.41,"",-3,-9.7,10,12.0,306391,12.1,1979,0.3,150,1.0,-5,-0.8,-272,-0.9
"06081","5","812310","78","0","2024","A","",28,93,2833369,726400,14443,584,30358,"",1.08,0.88,0.36,0.85,0.56,0.41,0.41,"",-3,-9.7,10,12.0,306391,12.1,1979,0.3,150,1.0,-5,-0.8,-272,-0.9
"06081","5","81232","77","0","2024","A","",50,405,18964739,3509232,71873,900,46817,"",1.30,1.68,0.94,1.66,1.43,0.56,0.56,"",0,0.0,2,0.5,639932,3.5,97626,2.9,3125,4.5,26,3.0,1355,3.0
"06081","5","812320","78","0","2024","A","",50,405,18964739,3509232,71873,900,46817,"",1.30,1.68,0.94,1.66,1.43,0.56,0.56,"",0,0.0,2,0.5,639932,3.5,97626,2.9,3125,4.5,26,3.0,1355,3.0
"06081","5","81233","77","0","2024","A","",6,321,22016442,2868211,48402,1319,68605,"",0.82,0.92,0.42,0.76,0.54,0.46,0.46,"",0,0.0,7,2.2,1942874,9.7,-64996,-2.2,-5028,-9.4,88,7.1,4609,7.2
"06081","5","812331","78","0","2024","A","N",4,0,0,0,0,0,0,"N",1.08,0,0,0,0,0,0,"N",0,0.0,0,0,0,0,0,0,0,0,0,0,0,0
"06081","5","812332","78","0","2024","A","N",2,0,0,0,0,0,0,"N",0.56,0,0,0,0,0,0,"N",0,0.0,0,0,0,0,0,0,0,0,0,0,0,0
"06081","5","8129","76","0","2024","A","",163,1620,76807295,14817665,364639,912,47427,"",0.96,1.42,0.68,1.48,1.21,0.48,0.48,"",18,12.4,180,12.5,10936414,16.6,1624754,12.3,42992,13.4,32,3.6,1678,3.7
"06081","5","81291","77","0","2024","A","",65,665,29952036,4841832,118946,867,45069,"",0.93,1.29,0.73,1.08,1.01,0.57,0.56,"",4,6.6,31,4.9,2534902,9.2,6162,0.1,8487,7.7,36,4.3,1847,4.3
"06081","5","812910","78","0","2024","A","",65,665,29952036,4841832,118946,867,45069,"",0.93,1.29,0.73,1.08,1.01,0.57,0.56,"",4,6.6,31,4.9,2534902,9.2,6162,0.1,8487,7.7,36,4.3,1847,4.3
"06081","5","81292","77","0","2024","A","N",1,0,0,0,0,0,0,"N",0.62,0,0,0,0,0,0,"N",0,0.0,0,0,0,0,0,0,0,0,0,0,0,0
"06081","5","812921","78","0","2024","A","N",1,0,0,0,0,0,0,"N",0.78,0,0,0,0,0,0,"N",0,0.0,0,0,0,0,0,0,0,0,0,0,0,0
"06081","5","81293","77","0","2024","A","",38,750,37313520,8307001,191366,957,49779,"",1.87,2.11,1.12,2.78,2.04,0.53,0.53,"",10,35.7,160,27.1,8568753,29.8,1625047,24.3,36192,23.3,19,2.0,1025,2.1
"06081","5","812930","78","0","2024","A","",38,750,37313520,8307001,191366,957,49779,"",1.87,2.11,1.12,2.78,2.04,0.53,0.53,"",10,35.7,160,27.1,8568753,29.8,1625047,24.3,36192,23.3,19,2.0,1025,2.1
"06081","5","81299","77","0","2024","A","N",59,0,0,0,0,0,0,"N",0.76,0,0,0,0,0,0,"N",4,7.3,0,0,0,0,0,0,0,0,0,0,0,0
"06081","5","812990","78","0","2024","A","N",59,0,0,0,0,0,0,"N",0.76,0,0,0,0,0,0,"N",4,7.3,0,0,0,0,0,0,0,0,0,0,0,0
"06081","5","813","75","0","2024","A","",416,3297,368512145,17906261,543077,2149,111761,"",0.89,0.85,0.59,0.68,0.66,0.69,0.69,"",7,1.7,29,0.9,1118696,0.3,-823255,-4.4,-24120,-4.3,-13,-0.6,-666,-0.6
"06081","5","8131","76","0","2024","A","",75,689,31929018,1534893,42647,891,46319,"",1.11,1.27,0.58,0.66,0.56,0.46,0.46,"",2,2.7,59,9.4,3627700,12.8,120575,8.5,5896,16.0,28,3.2,1426,3.2
"06081","5","81311","77","0","2024","A","",75,689,31929018,1534893,42647,891,46319,"",1.11,1.27,0.58,0.66,0.56,0.46,0.46,"",2,2.7,59,9.4,3627700,12.8,120575,8.5,5896,16.0,28,3.2,1426,3.2
"06081","5","813110","78","0","2024","A","",75,689,31929018,1534893,42647,891,46319,"",1.11,1.27,0.58,0.66,0.56,0.46,0.46,"",2,2.7,59,9.4,3627700,12.8,120575,8.5,5896,16.0,28,3.2,1426,3.2
"06081","5","8132","76","0","2024","A","",118,551,96754339,4255510,131985,3379,175731,"",1.95,1.25,0.91,1.28,1.21,0.72,0.72,"",6,5.4,28,5.4,8196979,9.3,-54732,-1.3,-2323,-1.7,121,3.7,6297,3.7
"06081","5","81321","77","0","2024","A","",118,551,96754339,4255510,131985,3379,175731,"",1.95,1.25,0.91,1.28,1.21,0.72,0.72,"",6,5.4,28,5.4,8196979,9.3,-54732,-1.3,-2323,-1.7,121,3.7,6297,3.7
"06081","5","813211","78","0","2024","A","",72,438,84347027,3286668,100339,3701,192427,"",2.35,2.09,1.49,1.87,1.91,0.71,0.71,"",1,1.4,25,6.1,10124385,13.6,-81788,-2.4,1404,1.4,241,7.0,12530,7.0
"06081","5","813212","78","0","2024","A","",16,41,6415282,346847,13720,2985,155208,"",1.18,0.38,0.25,0.46,0.48,0.64,0.64,"",-2,-11.1,-9,-18.0,-2233248,-25.8,-67593,-16.3,-4176,-23.3,-358,-10.7,-18632,-10.7
"06081","5","813219","78","0","2024","A","",29,71,5992030,621995,17926,1625,84494,"",1.80,0.58,0.25,0.76,0.65,0.43,0.43,"",7,31.8,11,18.3,305842,5.4,94649,17.9,449,2.6,-187,-10.3,-9752,-10.3
"06081","5","8133","76","0","2024","A","",65,738,161520786,5928705,199163,4207,218789,"",0.68,1.02,1.25,0.95,0.95,1.23,1.23,"",-3,-4.4,-74,-9.1,-8957944,-5.3,-417436,-6.6,-17032,-7.9,167,4.1,8710,4.1
"06081","5","81331","77","0","2024","A","",65,738,161520786,5928705,199163,4207,218789,"",0.68,1.02,1.25,0.95,0.95,1.23,1.23,"",-3,-4.4,-74,-9.1,-8957944,-5.3,-417436,-6.6,-17032,-7.9,167,4.1,8710,4.1
"06081","5","813311","78","0","2024","A","",19,480,136539682,3921920,129685,5465,284162,"",1.05,3.06,4.90,3.10,2.88,1.60,1.60,"",1,5.6,-34,-6.6,-8448940,-5.8,-261691,-6.3,-5770,-4.3,45,0.8,2311,0.8
"06081","5","813312","78","0","2024","A","",17,77,5406845,802463,27191,1343,69841,"",0.68,0.35,0.14,0.45,0.53,0.40,0.40,"",-1,-5.6,8,11.6,371891,7.4,236123,41.7,9424,53.0,-54,-3.9,-2779,-3.8
"06081","5","813319","78","0","2024","A","",29,180,19574259,1204322,42287,2087,108545,"",0.55,0.52,0.31,0.38,0.37,0.60,0.60,"",-3,-9.4,-48,-21.1,-880895,-4.3,-391868,-24.6,-20686,-32.8,360,20.8,18731,20.9
"06081","5","8134","76","0","2024","A","",70,790,31946988,1734555,41419,778,40452,"",0.95,0.82,0.42,0.48,0.37,0.51,0.51,"",4,6.1,71,9.9,5782922,22.1,-187002,-9.7,-6864,-14.2,78,11.1,4071,11.2
"06081","5","81341","77","0","2024","A","",70,790,31946988,1734555,41419,778,40452,"",0.95,0.82,0.42,0.48,0.37,0.51,0.51,"",4,6.1,71,9.9,5782922,22.1,-187002,-9.7,-6864,-14.2,78,11.1,4071,11.2
"06081","5","813410","78","0","2024","A","",70,790,31946988,1734555,41419,778,40452,"",0.95,0.82,0.42,0.48,0.37,0.51,0.51,"",4,6.1,71,9.9,5782922,22.1,-187002,-9.7,-6864,-14.2,78,11.1,4071,11.2
"06081","5","8139","76","0","2024","A","",88,529,46361014,4452598,127863,1684,87570,"",0.52,0.45,0.18,0.41,0.41,0.40,0.40,"",-3,-3.3,-55,-9.4,-7530961,-14.0,-284660,-6.0,-3797,-2.9,-90,-5.1,-4698,-5.1
"06081","5","81391","77","0","2024","A","N",23,0,0,0,0,0,0,"N",0.41,0,0,0,0,0,0,"N",-1,-4.2,0,0,0,0,0,0,0,0,0,0,0,0
"06081","5","813910","78","0","2024","A","N",23,0,0,0,0,0,0,"N",0.41,0,0,0,0,0,0,"N",-1,-4.2,0,0,0,0,0,0,0,0,0,0,0,0
"06081","5","81392","77","0","2024","A","",14,93,11495755,776098,38237,2388,124167,"",0.44,0.38,0.16,0.37,0.64,0.43,0.43,"",-1,-6.7,0,0.0,2067465,21.9,64750,9.1,17597,85.3,445,22.9,23150,22.9
"06081","5","813920","78","0","2024","A","",14,93,11495755,776098,38237,2388,124167,"",0.44,0.38,0.16,0.37,0.64,0.43,0.43,"",-1,-6.7,0,0.0,2067465,21.9,64750,9.1,17597,85.3,445,22.9,23150,22.9
"06081","5","81393","77","0","2024","A","",30,257,19089400,2079578,51004,1429,74302,"",0.91,0.89,0.43,0.88,0.76,0.48,0.48,"",0,0.0,7,2.8,1736490,10.0,192300,10.2,-1486,-2.8,94,7.0,4867,7.0
"06081","5","813930","78","0","2024","A","",30,257,19089400,2079578,51004,1429,74302,"",0.91,0.89,0.43,0.88,0.76,0.48,0.48,"",0,0.0,7,2.8,1736490,10.0,192300,10.2,-1486,-2.8,94,7.0,4867,7.0
"06081","5","81394","77","0","2024","A","N",2,0,0,0,0,0,0,"N",0.20,0,0,0,0,0,0,"N",-1,-33.3,0,0,0,0,0,0,0,0,0,0,0,0
"06081","5","813940","78","0","2024","A","N",2,0,0,0,0,0,0,"N",0.20,0,0,0,0,0,0,"N",-1,-33.3,0,0,0,0,0,0,0,0,0,0,0,0
"06081","5","81399","77","0","2024","A","",19,122,9476870,1021567,25503,1489,77415,"",0.48,0.42,0.21,0.38,0.33,0.50,0.50,"",-1,-5.0,5,4.3,-689120,-6.8,18942,1.9,-3729,-12.8,-183,-10.9,-9536,-11.0
"06081","5","813990","78","0","2024","A","",19,122,9476870,1021567,25503,1489,77415,"",0.48,0.42,0.21,0.38,0.33,0.50,0.50,"",-1,-5.0,5,4.3,-689120,-6.8,18942,1.9,-3729,-12.8,-183,-10.9,-9536,-11.0
"06081","5","814","75","0","2024","A","",1921,2217,123641306,19812574,586212,1073,55772,"",3.90,3.96,1.99,3.80,3.30,0.50,0.50,"",266,16.1,310,16.3,13005446,11.8,2486148,14.3,95355,19.4,-43,-3.9,-2249,-3.9
"06081","5","8141","76","0","2024","A","",1921,2217,123641306,19812574,586212,1073,55772,"",3.90,3.96,1.99,3.80,3.30,0.50,0.50,"",266,16.1,310,16.3,13005446,11.8,2486148,14.3,95355,19.4,-43,-3.9,-2249,-3.9
"06081","5","81411","77","0","2024","A","",1921,2217,123641306,19812574,586212,1073,55772,"",3.90,3.96,1.99,3.80,3.30,0.50,0.50,"",266,16.1,310,16.3,13005446,11.8,2486148,14.3,95355,19.4,-43,-3.9,-2249,-3.9
"06081","5","814110","78","0","2024","A","",1921,2217,123641306,19812574,586212,1073,55772,"",3.90,3.96,1.99,3.80,3.30,0.50,0.50,"",266,16.1,310,16.3,13005446,11.8,2486148,14.3,95355,19.4,-43,-3.9,-2249,-3.9
"06081","5","99","74","0","2024","A","",41,6,636300,136907,4652,2159,112288,"",0.06,0.01,0.01,0.02,0.01,0.55,0.55,"",-9,-18.0,-48,-88.9,-5540886,-89.7,-1182311,-89.6,-40221,-89.6,-41,-1.9,-2104,-1.8
"06081","5","999","75","0","2024","A","",41,6,636300,136907,4652,2159,112288,"",0.06,0.01,0.01,0.02,0.01,0.55,0.55,"",-9,-18.0,-48,-88.9,-5540886,-89.7,-1182311,-89.6,-40221,-89.6,-41,-1.9,-2104,-1.8
"06081","5","9999","76","0","2024","A","",41,6,636300,136907,4652,2159,112288,"",0.06,0.01,0.01,0.02,0.01,0.55,0.55,"",-9,-18.0,-48,-88.9,-5540886,-89.7,-1182311,-89.6,-40221,-89.6,-41,-1.9,-2104,-1.8
"06081","5","99999","77","0","2024","A","",41,6,636300,136907,4652,2159,112288,"",0.06,0.01,0.01,0.02,0.01,0.55,0.55,"",-9,-18.0,-48,-88.9,-5540886,-89.7,-1182311,-89.6,-40221,-89.6,-41,-1.9,-2104,-1.8
"06081","5","999999","78","0","2024","A","",41,6,636300,136907,4652,2159,112288,"",0.06,0.01,0.01,0.02,0.01,0.55,0.55,"",-9,-18.0,-48,-88.9,-5540886,-89.7,-1182311,-89.6,-40221,-89.6,-41,-1.9,-2104,-1.8
