"area_fips","own_code","industry_code","agglvl_code","size_code","year","qtr","disclosure_code","qtrly_estabs","month1_emplvl","month2_emplvl","month3_emplvl","total_qtrly_wages","taxable_qtrly_wages","qtrly_contributions","avg_wkly_wage","lq_disclosure_code","lq_qtrly_estabs","lq_month1_emplvl","lq_month2_emplvl","lq_month3_emplvl","lq_total_qtrly_wages","lq_taxable_qtrly_wages","lq_qtrly_contributions","lq_avg_wkly_wage","oty_disclosure_code","oty_qtrly_estabs_chg","oty_qtrly_estabs_pct_chg","oty_month1_emplvl_chg","oty_month1_emplvl_pct_chg","oty_month2_emplvl_chg","oty_month2_emplvl_pct_chg","oty_month3_emplvl_chg","oty_month3_emplvl_pct_chg","oty_total_qtrly_wages_chg","oty_total_qtrly_wages_pct_chg","oty_taxable_qtrly_wages_chg","oty_taxable_qtrly_wages_pct_chg","oty_qtrly_contributions_chg","oty_qtrly_contributions_pct_chg","oty_avg_wkly_wage_chg","oty_avg_wkly_wage_pct_chg"
"06081","0","10","70","0","2024","4","",32196,412564,413654,413755,19269103171,239668987,7460628,3586,"",1.00,1.00,1.00,1.00,1.00,1.00,1.00,1.00,"",1409,4.6,-8430,-2.0,-7789,-1.8,-8834,-2.1,262371515,1.4,-2140765,-0.9,297568,4.2,119,3.4
"06081","1","10","71","0","2024","4","",62,2510,2528,2542,70720206,0,0,2153,"",0.38,0.32,0.32,0.32,0.15,0.00,0.00,0.47,"",0,0.0,-9,-0.4,-8,-0.3,17,0.7,-622380,-0.9,0,0.0,0,0.0,-19,-0.9
"06081","1","102","72","0","2024","4","",62,2510,2528,2542,70720206,0,0,2153,"",0.39,0.32,0.32,0.32,0.15,0.00,0.00,0.47,"",0,0.0,-9,-0.4,-8,-0.3,17,0.7,-622380,-0.9,0,0.0,0,0.0,-19,-0.9
"06081","1","1021","73","0","2024","4","",29,1065,1081,1084,22098780,0,0,1579,"",0.36,0.60,0.61,0.61,0.30,0.00,0.00,0.49,"",0,0.0,8,0.8,5,0.5,2,0.2,-915934,-4.0,0,0.0,0,0.0,-73,-4.4
"06081","1","1024","73","0","2024","4","",2,4,4,4,106480,0,0,2048,"",0.50,0.02,0.02,0.02,0.01,0.00,0.00,0.45,"",0,0.0,1,33.3,1,33.3,1,33.3,18307,20.8,0,0.0,0,0.0,-213,-9.4
"06081","1","1025","73","0","2024","4","",2,929,934,937,30940381,0,0,2550,"",0.52,0.78,0.78,0.78,0.42,0.00,0.00,0.54,"",0,0.0,15,1.6,14,1.5,24,2.6,1517287,5.2,0,0.0,0,0.0,78,3.2
"06081","1","1027","73","0","2024","4","",1,9,9,11,182577,0,0,1453,"",2.31,0.67,0.67,0.82,0.30,0.00,0.00,0.41,"",0,0.0,3,50.0,3,50.0,5,83.3,61878,51.3,0,0.0,0,0.0,-94,-6.1
"06081","1","1028","73","0","2024","4","",28,503,500,506,17391988,0,0,2660,"",0.43,0.11,0.11,0.11,0.06,0.00,0.00,0.53,"",0,0.0,-36,-6.7,-31,-5.8,-15,-2.9,-1303918,-7.0,0,0.0,0,0.0,-52,-1.9
"06081","1","48-49","74","0","2024","4","",29,1065,1081,1084,22098780,0,0,1579,"",0.37,0.65,0.66,0.66,0.33,0.00,0.00,0.49,"",0,0.0,8,0.8,5,0.5,2,0.2,-915934,-4.0,0,0.0,0,0.0,-73,-4.4
"06081","1","491","75","0","2024","4","",29,1065,1081,1084,22098780,0,0,1579,"",0.37,0.67,0.68,0.68,0.34,0.00,0.00,0.51,"",0,0.0,8,0.8,5,0.5,2,0.2,-915934,-4.0,0,0.0,0,0.0,-73,-4.4
"06081","1","4911","76","0","2024","4","",29,1065,1081,1084,22098780,0,0,1579,"",0.37,0.67,0.68,0.68,0.34,0.00,0.00,0.51,"",0,0.0,8,0.8,5,0.5,2,0.2,-915934,-4.0,0,0.0,0,0.0,-73,-4.4
"06081","1","49111","77","0","2024","4","",29,1065,1081,1084,22098780,0,0,1579,"",0.37,0.67,0.68,0.68,0.34,0.00,0.00,0.51,"",0,0.0,8,0.8,5,0.5,2,0.2,-915934,-4.0,0,0.0,0,0.0,-73,-4.4
"06081","1","491110","78","0","2024","4","",29,1065,1081,1084,22098780,0,0,1579,"",0.37,0.67,0.68,0.68,0.34,0.00,0.00,0.51,"",0,0.0,8,0.8,5,0.5,2,0.2,-915934,-4.0,0,0.0,0,0.0,-73,-4.4
"06081","1","54","74","0","2024","4","",2,4,4,4,106480,0,0,2048,"",0.56,0.02,0.02,0.02,0.01,0.00,0.00,0.45,"",0,0.0,1,33.3,1,33.3,1,33.3,18307,20.8,0,0.0,0,0.0,-213,-9.4
"06081","1","541","75","0","2024","4","",2,4,4,4,106480,0,0,2048,"",0.56,0.02,0.02,0.02,0.01,0.00,0.00,0.45,"",0,0.0,1,33.3,1,33.3,1,33.3,18307,20.8,0,0.0,0,0.0,-213,-9.4
"06081","1","5413","76","0","2024","4","",2,4,4,4,106480,0,0,2048,"",0.89,0.03,0.03,0.03,0.01,0.00,0.00,0.47,"",0,0.0,1,33.3,1,33.3,1,33.3,18307,20.8,0,0.0,0,0.0,-213,-9.4
"06081","1","54133","77","0","2024","4","",2,4,4,4,106480,0,0,2048,"",0.91,0.03,0.03,0.03,0.01,0.00,0.00,0.47,"",0,0.0,1,33.3,1,33.3,1,33.3,18307,20.8,0,0.0,0,0.0,-213,-9.4
"06081","1","541330","78","0","2024","4","",2,4,4,4,106480,0,0,2048,"",0.91,0.03,0.03,0.03,0.01,0.00,0.00,0.47,"",0,0.0,1,33.3,1,33.3,1,33.3,18307,20.8,0,0.0,0,0.0,-213,-9.4
"06081","1","62","74","0","2024","4","",2,929,934,937,30940381,0,0,2550,"",0.60,0.80,0.81,0.81,0.43,0.00,0.00,0.54,"",0,0.0,15,1.6,14,1.5,24,2.6,1517287,5.2,0,0.0,0,0.0,78,3.2
"06081","1","621","75","0","2024","4","",1,16,16,16,1418022,0,0,6817,"",0.82,0.15,0.15,0.15,0.21,0.00,0.00,1.42,"",0,0.0,-3,-15.8,-4,-20.0,-3,-15.8,-154467,-9.8,0,0.0,0,0.0,560,8.9
"06081","1","6211","76","0","2024","4","",1,16,16,16,1418022,0,0,6817,"",1.13,0.23,0.23,0.22,0.31,0.00,0.00,1.37,"",0,0.0,-3,-15.8,-4,-20.0,-3,-15.8,-154467,-9.8,0,0.0,0,0.0,560,8.9
"06081","1","62111","77","0","2024","4","",1,16,16,16,1418022,0,0,6817,"",1.13,0.23,0.23,0.22,0.31,0.00,0.00,1.37,"",0,0.0,-3,-15.8,-4,-20.0,-3,-15.8,-154467,-9.8,0,0.0,0,0.0,560,8.9
"06081","1","621111","78","0","2024","4","",1,16,16,16,1418022,0,0,6817,"",1.13,0.23,0.23,0.22,0.31,0.00,0.00,1.37,"",0,0.0,-3,-15.8,-4,-20.0,-3,-15.8,-154467,-9.8,0,0.0,0,0.0,560,8.9
"06081","1","622","75","0","2024","4","",1,913,918,921,29522359,0,0,2476,"",0.85,0.91,0.92,0.92,0.47,0.00,0.00,0.51,"",0,0.0,18,2.0,18,2.0,27,3.0,1671754,6.0,0,0.0,0,0.0,86,3.6
"06081","1","6221","76","0","2024","4","",1,913,918,921,29522359,0,0,2476,"",0.86,0.93,0.93,0.94,0.47,0.00,0.00,0.51,"",0,0.0,18,2.0,18,2.0,27,3.0,1671754,6.0,0,0.0,0,0.0,86,3.6
"06081","1","62211","77","0","2024","4","",1,913,918,921,29522359,0,0,2476,"",0.86,0.93,0.93,0.94,0.47,0.00,0.00,0.51,"",0,0.0,18,2.0,18,2.0,27,3.0,1671754,6.0,0,0.0,0,0.0,86,3.6
"06081","1","622110","78","0","2024","4","",1,913,918,921,29522359,0,0,2476,"",0.86,0.93,0.93,0.94,0.47,0.00,0.00,0.51,"",0,0.0,18,2.0,18,2.0,27,3.0,1671754,6.0,0,0.0,0,0.0,86,3.6
"06081","1","81","74","0","2024","4","",1,9,9,11,182577,0,0,1453,"",2.31,0.67,0.67,0.82,0.30,0.00,0.00,0.41,"",0,0.0,3,50.0,3,50.0,5,83.3,61878,51.3,0,0.0,0,0.0,-94,-6.1
"06081","1","812","75","0","2024","4","",1,9,9,11,182577,0,0,1453,"",4.80,2.08,2.08,2.52,1.05,0.00,0.00,0.47,"",0,0.0,3,50.0,3,50.0,5,83.3,61878,51.3,0,0.0,0,0.0,-94,-6.1
"06081","1","8122","76","0","2024","4","",1,9,9,11,182577,0,0,1453,"",5.26,2.10,2.11,2.56,1.06,0.00,0.00,0.47,"",0,0.0,3,50.0,3,50.0,5,83.3,61878,51.3,0,0.0,0,0.0,-94,-6.1
"06081","1","81222","77","0","2024","4","",1,9,9,11,182577,0,0,1453,"",5.26,2.10,2.11,2.56,1.06,0.00,0.00,0.47,"",0,0.0,3,50.0,3,50.0,5,83.3,61878,51.3,0,0.0,0,0.0,-94,-6.1
"06081","1","812220","78","0","2024","4","",1,9,9,11,182577,0,0,1453,"",5.26,2.10,2.11,2.56,1.06,0.00,0.00,0.47,"",0,0.0,3,50.0,3,50.0,5,83.3,61878,51.3,0,0.0,0,0.0,-94,-6.1
"06081","1","92","74","0","2024","4","",28,503,500,506,17391988,0,0,2660,"",0.43,0.11,0.11,0.11,0.06,0.00,0.00,0.53,"",0,0.0,-36,-6.7,-31,-5.8,-15,-2.9,-1303918,-7.0,0,0.0,0,0.0,-52,-1.9
"06081","1","921","75","0","2024","4","",4,99,98,100,3250563,0,0,2526,"",0.85,0.22,0.22,0.22,0.12,0.00,0.00,0.54,"",0,0.0,10,11.2,7,7.7,12,13.6,239717,8.0,0,0.0,0,0.0,-67,-2.6
"06081","1","9211","76","0","2024","4","",4,99,98,100,3250563,0,0,2526,"",0.85,0.22,0.22,0.22,0.12,0.00,0.00,0.54,"",0,0.0,10,11.2,7,7.7,12,13.6,239717,8.0,0,0.0,0,0.0,-67,-2.6
"06081","1","92113","77","0","2024","4","",1,52,52,55,1930213,0,0,2801,"",0.65,0.17,0.17,0.18,0.11,0.00,0.00,0.62,"",0,0.0,11,26.8,10,23.8,16,41.0,288118,17.5,0,0.0,0,0.0,-305,-9.8
"06081","1","921130","78","0","2024","4","",1,52,52,55,1930213,0,0,2801,"",0.65,0.17,0.17,0.18,0.11,0.00,0.00,0.62,"",0,0.0,11,26.8,10,23.8,16,41.0,288118,17.5,0,0.0,0,0.0,-305,-9.8
"06081","1","92119","77","0","2024","4","",3,47,46,45,1320350,0,0,2208,"",0.95,0.53,0.52,0.51,0.22,0.00,0.00,0.42,"",0,0.0,-1,-2.1,-3,-6.1,-4,-8.2,-48401,-3.5,0,0.0,0,0.0,45,2.1
"06081","1","921190","78","0","2024","4","",3,47,46,45,1320350,0,0,2208,"",0.95,0.53,0.52,0.51,0.22,0.00,0.00,0.42,"",0,0.0,-1,-2.1,-3,-6.1,-4,-8.2,-48401,-3.5,0,0.0,0,0.0,45,2.1
"06081","1","922","75","0","2024","4","",6,89,88,90,3320557,0,0,2870,"",0.65,0.12,0.12,0.12,0.06,0.00,0.00,0.51,"",-1,-14.3,-18,-16.8,-16,-15.4,-15,-14.3,-1104638,-25.0,0,0.0,0,0.0,-362,-11.2
"06081","1","9221","76","0","2024","4","",6,89,88,90,3320557,0,0,2870,"",0.65,0.12,0.12,0.12,0.06,0.00,0.00,0.51,"",-1,-14.3,-18,-16.8,-16,-15.4,-15,-14.3,-1104638,-25.0,0,0.0,0,0.0,-362,-11.2
"06081","1","92211","77","0","2024","4","",4,4,4,4,119583,0,0,2300,"",2.15,0.05,0.05,0.05,0.02,0.00,0.00,0.47,"",0,0.0,0,0.0,1,33.3,1,33.3,36465,43.9,0,0.0,0,0.0,382,19.9
"06081","1","922110","78","0","2024","4","",4,4,4,4,119583,0,0,2300,"",2.15,0.05,0.05,0.05,0.02,0.00,0.00,0.47,"",0,0.0,0,0.0,1,33.3,1,33.3,36465,43.9,0,0.0,0,0.0,382,19.9
"06081","1","92212","77","0","2024","4","",2,85,84,86,3200974,0,0,2897,"",0.45,0.22,0.21,0.22,0.11,0.00,0.00,0.49,"",0,0.0,-17,-16.7,-17,-16.8,-16,-15.7,-1023517,-24.2,0,0.0,0,0.0,-299,-9.4
"06081","1","922120","78","0","2024","4","",2,85,84,86,3200974,0,0,2897,"",0.45,0.22,0.21,0.22,0.11,0.00,0.00,0.49,"",0,0.0,-17,-16.7,-17,-16.8,-16,-15.7,-1023517,-24.2,0,0.0,0,0.0,-299,-9.4
"06081","1","92213","77","0","2024","4","-",0,0,0,0,0,0,0,0,"N",0.00,0,0,0,0,0,0,0,"N",-1,-100.0,0,0,0,0,0,0,0,0,0,0,0,0,0,0
"06081","1","922130","78","0","2024","4","-",0,0,0,0,0,0,0,0,"N",0.00,0,0,0,0,0,0,0,"N",-1,-100.0,0,0,0,0,0,0,0,0,0,0,0,0,0,0
"06081","1","923","75","0","2024","4","",4,72,71,71,2317570,0,0,2499,"",0.56,0.11,0.11,0.11,0.05,0.00,0.00,0.48,"",0,0.0,1,1.4,-2,-2.7,1,1.4,56452,2.5,0,0.0,0,0.0,61,2.5
"06081","1","9231","76","0","2024","4","",4,72,71,71,2317570,0,0,2499,"",0.56,0.11,0.11,0.11,0.05,0.00,0.00,0.48,"",0,0.0,1,1.4,-2,-2.7,1,1.4,56452,2.5,0,0.0,0,0.0,61,2.5
"06081","1","92312","77","0","2024","4","",3,31,31,30,1162579,0,0,2916,"",1.41,0.18,0.18,0.17,0.09,0.00,0.00,0.49,"",0,0.0,1,3.3,-1,-3.1,1,3.4,52553,4.7,0,0.0,0,0.0,101,3.6
"06081","1","923120","78","0","2024","4","",3,31,31,30,1162579,0,0,2916,"",1.41,0.18,0.18,0.17,0.09,0.00,0.00,0.49,"",0,0.0,1,3.3,-1,-3.1,1,3.4,52553,4.7,0,0.0,0,0.0,101,3.6
"06081","1","92313","77","0","2024","4","",1,41,40,41,1154991,0,0,2185,"",0.27,0.23,0.22,0.23,0.10,0.00,0.00,0.43,"",0,0.0,0,0.0,-1,-2.4,0,0.0,3899,0.3,0,0.0,0,0.0,25,1.2
"06081","1","923130","78","0","2024","4","",1,41,40,41,1154991,0,0,2185,"",0.27,0.23,0.22,0.23,0.10,0.00,0.00,0.43,"",0,0.0,0,0.0,-1,-2.4,0,0.0,3899,0.3,0,0.0,0,0.0,25,1.2
"06081","1","924","75","0","2024","4","",3,102,100,102,3652560,0,0,2773,"",0.22,0.36,0.36,0.37,0.21,0.00,0.00,0.58,"",0,0.0,-31,-23.3,-25,-20.0,-23,-18.4,-702134,-16.1,0,0.0,0,0.0,149,5.7
"06081","1","9241","76","0","2024","4","",3,102,100,102,3652560,0,0,2773,"",0.22,0.36,0.36,0.37,0.21,0.00,0.00,0.58,"",0,0.0,-31,-23.3,-25,-20.0,-23,-18.4,-702134,-16.1,0,0.0,0,0.0,149,5.7
"06081","1","92412","77","0","2024","4","",3,102,100,102,3652560,0,0,2773,"",0.24,0.44,0.45,0.46,0.28,0.00,0.00,0.62,"",0,0.0,-31,-23.3,-25,-20.0,-23,-18.4,-702134,-16.1,0,0.0,0,0.0,149,5.7
"06081","1","924120","78","0","2024","4","",3,102,100,102,3652560,0,0,2773,"",0.24,0.44,0.45,0.46,0.28,0.00,0.00,0.62,"",0,0.0,-31,-23.3,-25,-20.0,-23,-18.4,-702134,-16.1,0,0.0,0,0.0,149,5.7
"06081","1","926","75","0","2024","4","",9,104,105,105,3423654,0,0,2516,"",0.39,0.15,0.15,0.15,0.07,0.00,0.00,0.45,"",1,12.5,4,4.0,7,7.1,10,10.5,200030,6.2,0,0.0,0,0.0,-23,-0.9
"06081","1","9261","76","0","2024","4","",9,104,105,105,3423654,0,0,2516,"",0.39,0.15,0.15,0.15,0.07,0.00,0.00,0.45,"",1,12.5,4,4.0,7,7.1,10,10.5,200030,6.2,0,0.0,0,0.0,-23,-0.9
"06081","1","92611","77","0","2024","4","",6,59,59,59,2070603,0,0,2700,"",0.66,0.46,0.45,0.45,0.22,0.00,0.00,0.49,"",1,20.0,-2,-3.3,-1,-1.7,3,5.4,213981,11.5,0,0.0,0,0.0,279,11.5
"06081","1","926110","78","0","2024","4","",6,59,59,59,2070603,0,0,2700,"",0.66,0.46,0.45,0.45,0.22,0.00,0.00,0.49,"",1,20.0,-2,-3.3,-1,-1.7,3,5.4,213981,11.5,0,0.0,0,0.0,279,11.5
"06081","1","92614","77","0","2024","4","",2,29,29,29,725935,0,0,1926,"",0.24,0.23,0.22,0.21,0.10,0.00,0.00,0.46,"",0,0.0,3,11.5,4,16.0,4,16.0,-26346,-3.5,0,0.0,0,0.0,-358,-15.7
"06081","1","926140","78","0","2024","4","",2,29,29,29,725935,0,0,1926,"",0.24,0.23,0.22,0.21,0.10,0.00,0.00,0.46,"",0,0.0,3,11.5,4,16.0,4,16.0,-26346,-3.5,0,0.0,0,0.0,-358,-15.7
"06081","1","92615","77","0","2024","4","",1,16,17,17,627116,0,0,2894,"",0.40,0.17,0.18,0.18,0.07,0.00,0.00,0.39,"",0,0.0,3,23.1,4,30.8,3,21.4,12395,2.0,0,0.0,0,0.0,-652,-18.4
"06081","1","926150","78","0","2024","4","",1,16,17,17,627116,0,0,2894,"",0.40,0.17,0.18,0.18,0.07,0.00,0.00,0.39,"",0,0.0,3,23.1,4,30.8,3,21.4,12395,2.0,0,0.0,0,0.0,-652,-18.4
"06081","1","927","75","0","2024","4","",1,18,19,19,845475,0,0,3484,"",3.44,0.38,0.40,0.39,0.19,0.00,0.00,0.48,"",0,0.0,-3,-14.3,-2,-9.5,-2,-9.5,-1019,-0.1,0,0.0,0,0.0,383,12.4
"06081","1","9271","76","0","2024","4","",1,18,19,19,845475,0,0,3484,"",3.44,0.38,0.40,0.39,0.19,0.00,0.00,0.48,"",0,0.0,-3,-14.3,-2,-9.5,-2,-9.5,-1019,-0.1,0,0.0,0,0.0,383,12.4
"06081","1","92711","77","0","2024","4","",1,18,19,19,845475,0,0,3484,"",3.44,0.38,0.40,0.39,0.19,0.00,0.00,0.48,"",0,0.0,-3,-14.3,-2,-9.5,-2,-9.5,-1019,-0.1,0,0.0,0,0.0,383,12.4
"06081","1","927110","78","0","2024","4","",1,18,19,19,845475,0,0,3484,"",3.44,0.38,0.40,0.39,0.19,0.00,0.00,0.48,"",0,0.0,-3,-14.3,-2,-9.5,-2,-9.5,-1019,-0.1,0,0.0,0,0.0,383,12.4
"06081","1","928","75","0","2024","4","",1,19,19,19,581609,0,0,2355,"",0.15,0.01,0.01,0.01,0.01,0.00,0.00,0.52,"",0,0.0,1,5.6,0,0.0,2,11.8,7674,1.3,0,0.0,0,0.0,-98,-4.0
"06081","1","9281","76","0","2024","4","",1,19,19,19,581609,0,0,2355,"",0.15,0.01,0.01,0.01,0.01,0.00,0.00,0.52,"",0,0.0,1,5.6,0,0.0,2,11.8,7674,1.3,0,0.0,0,0.0,-98,-4.0
"06081","1","92811","77","0","2024","4","",1,19,19,19,581609,0,0,2355,"",0.20,0.01,0.01,0.01,0.01,0.00,0.00,0.53,"",0,0.0,1,5.6,0,0.0,2,11.8,7674,1.3,0,0.0,0,0.0,-98,-4.0
"06081","1","928110","78","0","2024","4","",1,19,19,19,581609,0,0,2355,"",0.20,0.01,0.01,0.01,0.01,0.00,0.00,0.53,"",0,0.0,1,5.6,0,0.0,2,11.8,7674,1.3,0,0.0,0,0.0,-98,-4.0
"06081","2","10","71","0","2024","4","",18,308,311,320,5840312,0,0,1435,"",0.09,0.02,0.02,0.02,0.01,0.00,0.00,0.38,"",1,5.9,-6,-1.9,-13,-4.0,-49,-13.3,129729,2.3,0,0.0,0,0.0,126,9.6
"06081","2","102","72","0","2024","4","",18,308,311,320,5840312,0,0,1435,"",0.10,0.02,0.02,0.03,0.01,0.00,0.00,0.38,"",1,5.9,-6,-1.9,-13,-4.0,-49,-13.3,129729,2.3,0,0.0,0,0.0,126,9.6
"06081","2","1028","73","0","2024","4","",18,308,311,320,5840312,0,0,1435,"",0.13,0.06,0.06,0.06,0.02,0.00,0.00,0.37,"",1,5.9,-6,-1.9,-13,-4.0,-49,-13.3,129729,2.3,0,0.0,0,0.0,126,9.6
"06081","2","92","74","0","2024","4","",18,308,311,320,5840312,0,0,1435,"",0.13,0.06,0.06,0.06,0.02,0.00,0.00,0.37,"",1,5.9,-6,-1.9,-13,-4.0,-49,-13.3,129729,2.3,0,0.0,0,0.0,126,9.6
"06081","2","921","75","0","2024","4","",1,25,26,26,504038,0,0,1511,"",0.06,0.04,0.04,0.04,0.01,0.00,0.00,0.36,"",0,0.0,1,4.2,3,13.0,2,8.3,-10757,-2.1,0,0.0,0,0.0,-162,-9.7
"06081","2","9211","76","0","2024","4","",1,25,26,26,504038,0,0,1511,"",0.06,0.04,0.04,0.04,0.01,0.00,0.00,0.36,"",0,0.0,1,4.2,3,13.0,2,8.3,-10757,-2.1,0,0.0,0,0.0,-162,-9.7
"06081","2","92113","77","0","2024","4","",1,25,26,26,504038,0,0,1511,"",0.15,0.09,0.10,0.09,0.03,0.00,0.00,0.36,"",0,0.0,1,4.2,3,13.0,2,8.3,-10757,-2.1,0,0.0,0,0.0,-162,-9.7
"06081","2","921130","78","0","2024","4","",1,25,26,26,504038,0,0,1511,"",0.15,0.09,0.10,0.09,0.03,0.00,0.00,0.36,"",0,0.0,1,4.2,3,13.0,2,8.3,-10757,-2.1,0,0.0,0,0.0,-162,-9.7
"06081","2","922","75","0","2024","4","",4,84,87,85,1849884,0,0,1668,"",0.10,0.05,0.05,0.05,0.02,0.00,0.00,0.42,"",1,33.3,-4,-4.5,-5,-5.4,-51,-37.5,-6494,-0.3,0,0.0,0,0.0,312,23.0
"06081","2","9221","76","0","2024","4","",4,84,87,85,1849884,0,0,1668,"",0.10,0.05,0.05,0.05,0.02,0.00,0.00,0.42,"",1,33.3,-4,-4.5,-5,-5.4,-51,-37.5,-6494,-0.3,0,0.0,0,0.0,312,23.0
"06081","2","92212","77","0","2024","4","",2,81,84,82,1762697,0,0,1647,"",0.29,0.29,0.30,0.29,0.10,0.00,0.00,0.34,"",0,0.0,1,1.2,0,0.0,-46,-35.9,152262,9.5,0,0.0,0,0.0,374,29.4
"06081","2","922120","78","0","2024","4","",2,81,84,82,1762697,0,0,1647,"",0.29,0.29,0.30,0.29,0.10,0.00,0.00,0.34,"",0,0.0,1,1.2,0,0.0,-46,-35.9,152262,9.5,0,0.0,0,0.0,374,29.4
"06081","2","92214","77","0","2024","4","",1,1,1,1,23462,0,0,1805,"",0.09,0.00,0.00,0.00,0.00,0.00,0.00,0.49,"N",1,100.0,0,0,0,0,0,0,0,0,0,0,0,0,0,0
"06081","2","922140","78","0","2024","4","",1,1,1,1,23462,0,0,1805,"",0.09,0.00,0.00,0.00,0.00,0.00,0.00,0.49,"N",1,100.0,0,0,0,0,0,0,0,0,0,0,0,0,0,0
"06081","2","92215","77","0","2024","4","",1,2,2,2,63725,0,0,2451,"",0.40,0.04,0.04,0.04,0.03,0.00,0.00,0.71,"",0,0.0,-6,-75.0,-6,-75.0,-6,-75.0,-182218,-74.1,0,0.0,0,0.0,86,3.6
"06081","2","922150","78","0","2024","4","",1,2,2,2,63725,0,0,2451,"",0.40,0.04,0.04,0.04,0.03,0.00,0.00,0.71,"",0,0.0,-6,-75.0,-6,-75.0,-6,-75.0,-182218,-74.1,0,0.0,0,0.0,86,3.6
"06081","2","923","75","0","2024","4","",4,62,63,64,1507962,0,0,1841,"",0.14,0.05,0.05,0.05,0.03,0.00,0.00,0.51,"",0,0.0,2,3.3,2,3.3,3,4.9,56819,3.9,0,0.0,0,0.0,1,0.1
"06081","2","9231","76","0","2024","4","",4,62,63,64,1507962,0,0,1841,"",0.14,0.05,0.05,0.05,0.03,0.00,0.00,0.51,"",0,0.0,2,3.3,2,3.3,3,4.9,56819,3.9,0,0.0,0,0.0,1,0.1
"06081","2","92313","77","0","2024","4","",4,62,63,64,1507962,0,0,1841,"",0.28,0.10,0.10,0.10,0.05,0.00,0.00,0.54,"",0,0.0,2,3.3,2,3.3,3,4.9,56819,3.9,0,0.0,0,0.0,1,0.1
"06081","2","923130","78","0","2024","4","",4,62,63,64,1507962,0,0,1841,"",0.28,0.10,0.10,0.10,0.05,0.00,0.00,0.54,"",0,0.0,2,3.3,2,3.3,3,4.9,56819,3.9,0,0.0,0,0.0,1,0.1
"06081","2","924","75","0","2024","4","",2,51,49,58,758980,0,0,1109,"",0.11,0.12,0.12,0.14,0.04,0.00,0.00,0.31,"",0,0.0,8,18.6,0,0.0,5,9.4,31686,4.4,0,0.0,0,0.0,-48,-4.1
"06081","2","9241","76","0","2024","4","",2,51,49,58,758980,0,0,1109,"",0.11,0.12,0.12,0.14,0.04,0.00,0.00,0.31,"",0,0.0,8,18.6,0,0.0,5,9.4,31686,4.4,0,0.0,0,0.0,-48,-4.1
"06081","2","92412","77","0","2024","4","",2,51,49,58,758980,0,0,1109,"",0.13,0.17,0.17,0.20,0.06,0.00,0.00,0.33,"",0,0.0,8,18.6,0,0.0,5,9.4,31686,4.4,0,0.0,0,0.0,-48,-4.1
"06081","2","924120","78","0","2024","4","",2,51,49,58,758980,0,0,1109,"",0.13,0.17,0.17,0.20,0.06,0.00,0.00,0.33,"",0,0.0,8,18.6,0,0.0,5,9.4,31686,4.4,0,0.0,0,0.0,-48,-4.1
"06081","2","926","75","0","2024","4","",7,86,86,87,1219448,0,0,1087,"",0.24,0.10,0.10,0.10,0.03,0.00,0.00,0.29,"",0,0.0,-13,-13.1,-13,-13.1,-8,-8.4,58475,5.0,0,0.0,0,0.0,173,18.9
"06081","2","9261","76","0","2024","4","",7,86,86,87,1219448,0,0,1087,"",0.24,0.10,0.10,0.10,0.03,0.00,0.00,0.29,"",0,0.0,-13,-13.1,-13,-13.1,-8,-8.4,58475,5.0,0,0.0,0,0.0,173,18.9
"06081","2","92612","77","0","2024","4","",4,76,76,77,817232,0,0,824,"",0.38,0.16,0.16,0.16,0.03,0.00,0.00,0.21,"",0,0.0,-11,-12.6,-11,-12.6,-7,-8.3,-8443,-1.0,0,0.0,0,0.0,85,11.5
"06081","2","926120","78","0","2024","4","",4,76,76,77,817232,0,0,824,"",0.38,0.16,0.16,0.16,0.03,0.00,0.00,0.21,"",0,0.0,-11,-12.6,-11,-12.6,-7,-8.3,-8443,-1.0,0,0.0,0,0.0,85,11.5
"06081","2","92615","77","0","2024","4","",3,10,10,10,402216,0,0,3094,"",0.42,0.07,0.07,0.07,0.06,0.00,0.00,0.83,"",0,0.0,-2,-16.7,-2,-16.7,-1,-9.1,66918,20.0,0,0.0,0,0.0,883,39.9
"06081","2","926150","78","0","2024","4","",3,10,10,10,402216,0,0,3094,"",0.42,0.07,0.07,0.07,0.06,0.00,0.00,0.83,"",0,0.0,-2,-16.7,-2,-16.7,-1,-9.1,66918,20.0,0,0.0,0,0.0,883,39.9
"06081","3","10","71","0","2024","4","",307,28539,28685,28531,810686180,447317,10674,2182,"",0.67,0.72,0.72,0.72,0.51,0.08,0.24,0.71,"",-2,-0.6,1054,3.8,995,3.6,832,3.0,69528879,9.4,10537,2.4,630,6.3,118,5.7
"06081","3","101","72","0","2024","4","",5,142,144,150,4480050,0,0,2371,"",0.43,0.48,0.48,0.50,0.37,0.00,0.00,0.76,"",0,0.0,-101,-41.6,-105,-42.2,-102,-40.5,-2035542,-31.2,0,0.0,0,0.0,350,17.3
"06081","3","1012","73","0","2024","4","",5,142,144,150,4480050,0,0,2371,"",0.44,0.49,0.50,0.52,0.38,0.00,0.00,0.76,"",0,0.0,-101,-41.6,-105,-42.2,-102,-40.5,-2035542,-31.2,0,0.0,0,0.0,350,17.3
"06081","3","102","72","0","2024","4","",302,28397,28541,28381,806206130,447317,10674,2181,"",0.68,0.72,0.72,0.72,0.51,0.08,0.24,0.71,"",-2,-0.7,1155,4.2,1100,4.0,934,3.4,71564421,9.7,10537,2.4,630,6.3,117,5.7
"06081","3","1021","73","0","2024","4","",21,1194,1207,1203,33632113,65408,1016,2154,"",0.66,0.78,0.79,0.78,0.42,0.35,0.49,0.53,"",0,0.0,196,19.6,208,20.8,198,19.7,7539408,28.9,15391,30.8,236,30.3,148,7.4
"06081","3","1022","73","0","2024","4","",7,552,554,574,8539233,0,0,1173,"",0.51,1.66,1.67,1.72,0.97,0.00,0.00,0.58,"",0,0.0,4,0.7,-8,-1.4,7,1.2,353401,4.3,0,0.0,0,0.0,47,4.2
"06081","3","1023","73","0","2024","4","",3,386,398,399,11948571,162423,3248,2331,"",0.60,3.05,3.12,3.15,2.15,2.28,2.78,0.69,"",0,0.0,43,12.5,40,11.2,46,13.0,1780743,17.5,-2640,-1.6,-2,-0.1,105,4.7
"06081","3","1024","73","0","2024","4","",3,426,430,432,14636036,0,0,2622,"",0.24,1.60,1.62,1.63,1.36,0.00,0.00,0.84,"",0,0.0,38,9.8,41,10.5,52,13.7,3036741,26.2,0,0.0,0,0.0,308,13.3
"06081","3","1025","73","0","2024","4","",197,15554,15797,15648,391412417,53145,1235,1922,"",1.01,0.63,0.64,0.64,0.43,0.02,0.10,0.68,"",0,0.0,272,1.8,320,2.1,140,0.9,31165741,8.7,-31170,-37.0,-406,-24.7,125,7.0
"06081","3","1026","73","0","2024","4","",12,861,874,835,11272468,6010,240,1012,"",0.97,0.82,0.84,0.80,0.40,0.02,0.04,0.48,"",0,0.0,-16,-1.8,79,9.9,69,9.0,412388,3.8,-5828,-49.2,-103,-30.0,-16,-1.6
"06081","3","1028","73","0","2024","4","",59,9424,9281,9290,334765292,160331,4935,2760,"",0.35,0.83,0.81,0.82,0.64,0.07,0.25,0.79,"",-2,-3.3,618,7.0,420,4.7,422,4.8,27275999,8.9,34784,27.7,905,22.5,86,3.2
"06081","3","22","74","0","2024","4","",11,421,428,425,13350127,48658,765,2418,"",0.50,0.62,0.63,0.62,0.34,0.40,0.81,0.54,"",0,0.0,156,58.9,157,57.9,158,59.2,3772989,39.4,22595,86.7,344,81.7,-334,-12.1
"06081","3","221","75","0","2024","4","",11,421,428,425,13350127,48658,765,2418,"",0.50,0.62,0.63,0.62,0.34,0.40,0.81,0.54,"",0,0.0,156,58.9,157,57.9,158,59.2,3772989,39.4,22595,86.7,344,81.7,-334,-12.1
"06081","3","2213","76","0","2024","4","",11,421,428,425,13350127,48658,765,2418,"",0.58,0.94,0.96,0.94,0.59,0.53,1.02,0.62,"",0,0.0,156,58.9,157,57.9,158,59.2,3772989,39.4,22595,86.7,344,81.7,-334,-12.1
"06081","3","22131","77","0","2024","4","",7,346,352,343,10643283,14200,214,2359,"",0.54,1.13,1.15,1.11,0.70,0.20,0.38,0.62,"",0,0.0,112,47.9,119,51.1,108,46.0,3664066,52.5,3384,31.3,52,32.1,65,2.8
"06081","3","221310","78","0","2024","4","",7,346,352,343,10643283,14200,214,2359,"",0.54,1.13,1.15,1.11,0.70,0.20,0.38,0.62,"",0,0.0,112,47.9,119,51.1,108,46.0,3664066,52.5,3384,31.3,52,32.1,65,2.8
"06081","3","22132","77","0","2024","4","",4,75,76,82,2706844,34458,551,2681,"",0.65,0.53,0.54,0.58,0.37,1.63,2.91,0.67,"",0,0.0,44,141.9,38,100.0,50,156.2,108923,4.2,19211,126.0,292,112.7,-3255,-54.8
"06081","3","221320","78","0","2024","4","",4,75,76,82,2706844,34458,551,2681,"",0.65,0.53,0.54,0.58,0.37,1.63,2.91,0.67,"",0,0.0,44,141.9,38,100.0,50,156.2,108923,4.2,19211,126.0,292,112.7,-3255,-54.8
"06081","3","23","74","0","2024","4","",5,142,144,150,4480050,0,0,2371,"",0.44,0.49,0.50,0.52,0.38,0.00,0.00,0.76,"",0,0.0,-101,-41.6,-105,-42.2,-102,-40.5,-2035542,-31.2,0,0.0,0,0.0,350,17.3
"06081","3","237","75","0","2024","4","",5,142,144,150,4480050,0,0,2371,"",0.46,0.51,0.52,0.54,0.40,0.00,0.00,0.76,"",0,0.0,-101,-41.6,-105,-42.2,-102,-40.5,-2035542,-31.2,0,0.0,0,0.0,350,17.3
"06081","3","2373","76","0","2024","4","",5,142,144,150,4480050,0,0,2371,"",0.48,0.53,0.53,0.56,0.41,0.00,0.00,0.77,"",0,0.0,-101,-41.6,-105,-42.2,-102,-40.5,-2035542,-31.2,0,0.0,0,0.0,350,17.3
"06081","3","23731","77","0","2024","4","",5,142,144,150,4480050,0,0,2371,"",0.48,0.53,0.53,0.56,0.41,0.00,0.00,0.77,"",0,0.0,-101,-41.6,-105,-42.2,-102,-40.5,-2035542,-31.2,0,0.0,0,0.0,350,17.3
"06081","3","237310","78","0","2024","4","",5,142,144,150,4480050,0,0,2371,"",0.48,0.53,0.53,0.56,0.41,0.00,0.00,0.77,"",0,0.0,-101,-41.6,-105,-42.2,-102,-40.5,-2035542,-31.2,0,0.0,0,0.0,350,17.3
"06081","3","48-49","74","0","2024","4","",10,773,779,778,20281986,16750,251,2009,"",1.28,0.94,0.95,0.94,0.50,0.29,0.33,0.53,"",0,0.0,40,5.5,51,7.0,40,5.4,3766419,22.8,-7204,-30.1,-108,-30.1,276,15.9
"06081","3","485","75","0","2024","4","",4,638,627,636,16828670,0,0,2043,"",0.85,0.97,0.94,0.95,0.53,0.00,0.00,0.56,"",0,0.0,41,6.9,25,4.2,25,4.1,3533868,26.6,0,0.0,0,0.0,348,20.5
"06081","3","4851","76","0","2024","4","",2,525,514,523,14111303,0,0,2085,"",1.47,1.10,1.07,1.08,0.53,0.00,0.00,0.49,"",0,0.0,40,8.2,27,5.5,28,5.7,3386393,31.6,0,0.0,0,0.0,398,23.6
"06081","3","48511","77","0","2024","4","",2,525,514,523,14111303,0,0,2085,"",1.47,1.10,1.07,1.08,0.53,0.00,0.00,0.49,"",0,0.0,40,8.2,27,5.5,28,5.7,3386393,31.6,0,0.0,0,0.0,398,23.6
"06081","3","485113","78","0","2024","4","",2,525,514,523,14111303,0,0,2085,"",2.02,2.95,2.87,2.90,1.57,0.00,0.00,0.54,"",0,0.0,40,8.2,27,5.5,28,5.7,3386393,31.6,0,0.0,0,0.0,398,23.6
"06081","3","4854","76","0","2024","4","",2,113,113,113,2717367,0,0,1850,"",0.68,0.69,0.69,0.69,0.63,0.00,0.00,0.92,"",0,0.0,1,0.9,-2,-1.7,-3,-2.6,147475,5.7,0,0.0,0,0.0,121,7.0
"06081","3","48541","77","0","2024","4","",2,113,113,113,2717367,0,0,1850,"",0.68,0.69,0.69,0.69,0.63,0.00,0.00,0.92,"",0,0.0,1,0.9,-2,-1.7,-3,-2.6,147475,5.7,0,0.0,0,0.0,121,7.0
"06081","3","485410","78","0","2024","4","",2,113,113,113,2717367,0,0,1850,"",0.68,0.69,0.69,0.69,0.63,0.00,0.00,0.92,"",0,0.0,1,0.9,-2,-1.7,-3,-2.6,147475,5.7,0,0.0,0,0.0,121,7.0
"06081","3","488","75","0","2024","4","",2,28,40,33,835509,16750,251,1909,"",0.87,0.21,0.30,0.25,0.11,0.83,1.35,0.42,"",0,0.0,-6,-17.6,17,73.9,9,37.5,72048,9.4,-7204,-30.1,-108,-30.1,-266,-12.2
"06081","3","4881","76","0","2024","4","",1,13,12,12,414318,0,0,2584,"",0.64,0.14,0.13,0.13,0.08,0.00,0.00,0.60,"",0,0.0,0,0.0,0,0.0,-1,-7.7,66825,19.2,0,0.0,0,0.0,474,22.5
"06081","3","48811","77","0","2024","4","",1,13,12,12,414318,0,0,2584,"N",0.65,0,0,0,0,0,0,0,"",0,0.0,0,0.0,0,0.0,-1,-7.7,66825,19.2,0,0.0,0,0.0,474,22.5
"06081","3","488119","78","0","2024","4","",1,13,12,12,414318,0,0,2584,"",0.69,0.14,0.13,0.13,0.08,0.00,0.00,0.60,"",0,0.0,0,0.0,0,0.0,-1,-7.7,66825,19.2,0,0.0,0,0.0,474,22.5
"06081","3","4883","76","0","2024","4","",1,15,28,21,421191,16750,251,1519,"",5.34,1.08,1.99,1.49,0.47,9.16,7.05,0.31,"",0,0.0,-6,-28.6,17,154.5,10,90.9,5223,1.3,-7204,-30.1,-108,-30.1,-713,-31.9
"06081","3","48831","77","0","2024","4","",1,15,28,21,421191,16750,251,1519,"",7.29,1.21,2.24,1.67,0.53,10.53,8.41,0.31,"",0,0.0,-6,-28.6,17,154.5,10,90.9,5223,1.3,-7204,-30.1,-108,-30.1,-713,-31.9
"06081","3","488310","78","0","2024","4","",1,15,28,21,421191,16750,251,1519,"",7.29,1.21,2.24,1.67,0.53,10.53,8.41,0.31,"",0,0.0,-6,-28.6,17,154.5,10,90.9,5223,1.3,-7204,-30.1,-108,-30.1,-713,-31.9
"06081","3","493","75","0","2024","4","",4,107,112,109,2617807,0,0,1842,"",6.04,4.84,5.08,4.92,2.79,0.00,0.00,0.56,"",0,0.0,5,4.9,9,8.7,6,5.8,160503,6.5,0,0.0,0,0.0,1,0.1
"06081","3","4931","76","0","2024","4","",4,107,112,109,2617807,0,0,1842,"",6.04,4.84,5.08,4.92,2.79,0.00,0.00,0.56,"",0,0.0,5,4.9,9,8.7,6,5.8,160503,6.5,0,0.0,0,0.0,1,0.1
"06081","3","49311","77","0","2024","4","",4,107,112,109,2617807,0,0,1842,"",6.50,4.98,5.23,5.06,2.86,0.00,0.00,0.56,"",0,0.0,5,4.9,9,8.7,6,5.8,160503,6.5,0,0.0,0,0.0,1,0.1
"06081","3","493110","78","0","2024","4","",4,107,112,109,2617807,0,0,1842,"",6.50,4.98,5.23,5.06,2.86,0.00,0.00,0.56,"",0,0.0,5,4.9,9,8.7,6,5.8,160503,6.5,0,0.0,0,0.0,1,0.1
"06081","3","51","74","0","2024","4","",7,552,554,574,8539233,0,0,1173,"",0.51,1.66,1.67,1.72,0.97,0.00,0.00,0.58,"",0,0.0,4,0.7,-8,-1.4,7,1.2,353401,4.3,0,0.0,0,0.0,47,4.2
"06081","3","519","75","0","2024","4","",7,552,554,574,8539233,0,0,1173,"",0.53,1.71,1.71,1.77,1.02,0.00,0.00,0.59,"",0,0.0,4,0.7,-8,-1.4,7,1.2,353401,4.3,0,0.0,0,0.0,47,4.2
"06081","3","5192","76","0","2024","4","",7,552,554,574,8539233,0,0,1173,"",0.53,1.71,1.71,1.77,1.02,0.00,0.00,0.59,"",0,0.0,4,0.7,-8,-1.4,7,1.2,353401,4.3,0,0.0,0,0.0,47,4.2
"06081","3","51921","77","0","2024","4","",7,552,554,574,8539233,0,0,1173,"N",0.53,0,0,0,0,0,0,0,"",0,0.0,4,0.7,-8,-1.4,7,1.2,353401,4.3,0,0.0,0,0.0,47,4.2
"06081","3","519210","78","0","2024","4","",7,552,554,574,8539233,0,0,1173,"N",0.53,0,0,0,0,0,0,0,"",0,0.0,4,0.7,-8,-1.4,7,1.2,353401,4.3,0,0.0,0,0.0,47,4.2
"06081","3","52","74","0","2024","4","",1,379,391,392,11823285,162423,3248,2348,"",1.88,11.31,11.61,11.55,5.84,10.63,17.65,0.51,"",0,0.0,44,13.1,42,12.0,47,13.6,1787081,17.8,7499,4.8,150,4.8,97,4.3
"06081","3","524","75","0","2024","4","",1,379,391,392,11823285,162423,3248,2348,"",4.07,14.42,14.78,14.72,7.50,78.54,39.07,0.51,"",0,0.0,44,13.1,42,12.0,47,13.6,1787081,17.8,7499,4.8,150,4.8,97,4.3
"06081","3","5241","76","0","2024","4","",1,379,391,392,11823285,162423,3248,2348,"",8.42,17.88,18.35,18.27,9.41,108.81,41.29,0.52,"",0,0.0,44,13.1,42,12.0,47,13.6,1787081,17.8,7499,4.8,150,4.8,97,4.3
"06081","3","52411","77","0","2024","4","",1,379,391,392,11823285,162423,3248,2348,"",18.94,22.24,22.79,22.66,11.90,109.41,41.42,0.53,"",0,0.0,44,13.1,42,12.0,47,13.6,1787081,17.8,7499,4.8,150,4.8,97,4.3
"06081","3","524114","78","0","2024","4","",1,379,391,392,11823285,162423,3248,2348,"N",21.05,0,0,0,0,0,0,0,"",0,0.0,44,13.1,42,12.0,47,13.6,1787081,17.8,7499,4.8,150,4.8,97,4.3
"06081","3","53","74","0","2024","4","",2,7,7,7,125286,0,0,1377,"",0.44,0.08,0.07,0.08,0.04,0.00,0.00,0.47,"",0,0.0,-1,-12.5,-2,-22.2,-1,-12.5,-6338,-4.8,-10139,-100.0,-152,-100.0,162,13.3
"06081","3","531","75","0","2024","4","",2,7,7,7,125286,0,0,1377,"",0.45,0.08,0.08,0.08,0.04,0.00,0.00,0.47,"",0,0.0,-1,-12.5,-2,-22.2,-1,-12.5,-6338,-4.8,-10139,-100.0,-152,-100.0,162,13.3
"06081","3","5311","76","0","2024","4","",2,7,7,7,125286,0,0,1377,"",0.64,0.10,0.10,0.10,0.04,0.00,0.00,0.46,"",0,0.0,-1,-12.5,-2,-22.2,-1,-12.5,-6338,-4.8,-10139,-100.0,-152,-100.0,162,13.3
"06081","3","53111","77","0","2024","4","",1,7,7,7,125286,0,0,1377,"",0.34,0.11,0.10,0.11,0.05,0.00,0.00,0.46,"",0,0.0,-1,-12.5,-2,-22.2,-1,-12.5,-6338,-4.8,-10139,-100.0,-152,-100.0,162,13.3
"06081","3","531110","78","0","2024","4","",1,7,7,7,125286,0,0,1377,"",0.34,0.11,0.10,0.11,0.05,0.00,0.00,0.46,"",0,0.0,-1,-12.5,-2,-22.2,-1,-12.5,-6338,-4.8,-10139,-100.0,-152,-100.0,162,13.3
"06081","3","53112","77","0","2024","4","",1,0,0,0,0,0,0,0,"",4.68,0.00,0.00,0.00,0.00,0.00,0.00,0.00,"",0,0.0,0,0.0,0,0.0,0,0.0,0,0.0,0,0.0,0,0.0,0,0.0
"06081","3","531120","78","0","2024","4","",1,0,0,0,0,0,0,0,"",4.68,0.00,0.00,0.00,0.00,0.00,0.00,0.00,"",0,0.0,0,0.0,0,0.0,0,0.0,0,0.0,0,0.0,0,0.0,0,0.0
"06081","3","54","74","0","2024","4","",1,7,7,7,191572,0,0,2105,"",0.29,0.12,0.12,0.12,0.06,0.00,0.00,0.51,"",0,0.0,-1,-12.5,-1,-12.5,-1,-12.5,-1979,-1.0,0,0.0,0,0.0,244,13.1
"06081","3","541","75","0","2024","4","",1,7,7,7,191572,0,0,2105,"",0.29,0.12,0.12,0.12,0.06,0.00,0.00,0.51,"",0,0.0,-1,-12.5,-1,-12.5,-1,-12.5,-1979,-1.0,0,0.0,0,0.0,244,13.1
"06081","3","5416","76","0","2024","4","",1,7,7,7,191572,0,0,2105,"",1.72,1.11,1.10,1.10,0.51,0.00,0.00,0.46,"",0,0.0,-1,-12.5,-1,-12.5,-1,-12.5,-1979,-1.0,0,0.0,0,0.0,244,13.1
"06081","3","54169","77","0","2024","4","",1,7,7,7,191572,0,0,2105,"",3.68,3.38,3.37,3.35,1.66,0.00,0.00,0.49,"",0,0.0,-1,-12.5,-1,-12.5,-1,-12.5,-1979,-1.0,0,0.0,0,0.0,244,13.1
"06081","3","541690","78","0","2024","4","",1,7,7,7,191572,0,0,2105,"",3.68,3.38,3.37,3.35,1.66,0.00,0.00,0.49,"",0,0.0,-1,-12.5,-1,-12.5,-1,-12.5,-1979,-1.0,0,0.0,0,0.0,244,13.1
"06081","3","56","74","0","2024","4","",2,419,423,425,14444464,0,0,2631,"",0.22,2.01,2.03,2.05,1.88,0.00,0.00,0.93,"",0,0.0,39,10.3,42,11.0,53,14.2,3038720,26.6,0,0.0,0,0.0,308,13.3
"06081","3","561","75","0","2024","4","",1,419,423,425,14444464,0,0,2631,"",0.16,2.98,3.00,3.05,2.82,0.00,0.00,0.94,"",0,0.0,39,10.3,42,11.0,53,14.2,3038720,26.6,0,0.0,0,0.0,308,13.3
"06081","3","5611","76","0","2024","4","",1,419,423,425,14444464,0,0,2631,"",1.88,34.32,34.80,34.62,21.80,0.00,0.00,0.63,"",0,0.0,39,10.3,42,11.0,53,14.2,3038720,26.6,0,0.0,0,0.0,308,13.3
"06081","3","56111","77","0","2024","4","",1,419,423,425,14444464,0,0,2631,"",1.88,34.32,34.80,34.62,21.80,0.00,0.00,0.63,"",0,0.0,39,10.3,42,11.0,53,14.2,3038720,26.6,0,0.0,0,0.0,308,13.3
"06081","3","561110","78","0","2024","4","",1,419,423,425,14444464,0,0,2631,"",1.88,34.32,34.80,34.62,21.80,0.00,0.00,0.63,"",0,0.0,39,10.3,42,11.0,53,14.2,3038720,26.6,0,0.0,0,0.0,308,13.3
"06081","3","562","75","0","2024","4","",1,0,0,0,0,0,0,0,"",0.33,0.00,0.00,0.00,0.00,0.00,0.00,0.00,"",0,0.0,0,0.0,0,0.0,0,0.0,0,0.0,0,0.0,0,0.0,0,0.0
"06081","3","5622","76","0","2024","4","",1,0,0,0,0,0,0,0,"",0.51,0.00,0.00,0.00,0.00,0.00,0.00,0.00,"",0,0.0,0,0.0,0,0.0,0,0.0,0,0.0,0,0.0,0,0.0,0,0.0
"06081","3","56221","77","0","2024","4","",1,0,0,0,0,0,0,0,"",0.51,0.00,0.00,0.00,0.00,0.00,0.00,0.00,"",0,0.0,0,0.0,0,0.0,0,0.0,0,0.0,0,0.0,0,0.0,0,0.0
"06081","3","562219","78","0","2024","4","",1,0,0,0,0,0,0,0,"",3.21,0.00,0.00,0.00,0.00,0.00,0.00,0.00,"",0,0.0,0,0.0,0,0.0,0,0.0,0,0.0,0,0.0,0,0.0,0,0.0
"06081","3","61","74","0","2024","4","",195,14245,14518,14372,346486788,52694,1223,1854,"",1.11,0.65,0.65,0.65,0.44,0.03,0.12,0.67,"",0,0.0,214,1.5,303,2.1,113,0.8,27842844,8.7,-4381,-7.7,181,17.4,124,7.2
"06081","3","611","75","0","2024","4","",195,14245,14518,14372,346486788,52694,1223,1854,"",1.11,0.65,0.65,0.65,0.44,0.03,0.12,0.67,"",0,0.0,214,1.5,303,2.1,113,0.8,27842844,8.7,-4381,-7.7,181,17.4,124,7.2
"06081","3","6111","76","0","2024","4","",191,12162,12471,12332,298466401,52694,1223,1863,"",1.14,0.59,0.60,0.60,0.40,0.03,0.13,0.67,"",0,0.0,157,1.3,271,2.2,58,0.5,22159409,8.0,-4381,-7.7,181,17.4,115,6.6
"06081","3","61111","77","0","2024","4","",191,12162,12471,12332,298466401,52694,1223,1863,"",1.14,0.59,0.60,0.60,0.40,0.03,0.13,0.67,"",0,0.0,157,1.3,271,2.2,58,0.5,22159409,8.0,-4381,-7.7,181,17.4,115,6.6
"06081","3","611110","78","0","2024","4","",191,12162,12471,12332,298466401,52694,1223,1863,"",1.14,0.59,0.60,0.60,0.40,0.03,0.13,0.67,"",0,0.0,157,1.3,271,2.2,58,0.5,22159409,8.0,-4381,-7.7,181,17.4,115,6.6
"06081","3","6112","76","0","2024","4","",4,2083,2047,2040,48020387,0,0,1796,"",1.05,1.87,1.82,1.87,1.27,0.00,0.00,0.68,"",0,0.0,57,2.8,32,1.6,55,2.8,5683435,13.4,0,0.0,0,0.0,175,10.8
"06081","3","61121","77","0","2024","4","",4,2083,2047,2040,48020387,0,0,1796,"",1.05,1.87,1.82,1.87,1.27,0.00,0.00,0.68,"",0,0.0,57,2.8,32,1.6,55,2.8,5683435,13.4,0,0.0,0,0.0,175,10.8
"06081","3","611210","78","0","2024","4","",4,2083,2047,2040,48020387,0,0,1796,"",1.05,1.87,1.82,1.87,1.27,0.00,0.00,0.68,"",0,0.0,57,2.8,32,1.6,55,2.8,5683435,13.4,0,0.0,0,0.0,175,10.8
"06081","3","62","74","0","2024","4","",2,1309,1279,1276,44925629,451,12,2683,"",0.10,0.51,0.51,0.50,0.38,0.00,0.00,0.75,"",0,0.0,58,4.6,17,1.3,27,2.2,3322897,8.0,-26789,-98.3,-587,-98.0,131,5.1
"06081","3","621","75","0","2024","4","",1,15,14,14,323761,451,12,1738,"",0.17,0.07,0.06,0.06,0.03,0.01,0.02,0.49,"",0,0.0,4,36.4,4,40.0,1,7.7,44287,15.8,-26789,-98.3,-587,-98.0,-159,-8.4
"06081","3","6219","76","0","2024","4","",1,15,14,14,323761,451,12,1738,"",0.52,0.28,0.26,0.26,0.16,0.05,0.13,0.63,"",0,0.0,4,36.4,4,40.0,1,7.7,44287,15.8,-26789,-98.3,-587,-98.0,-159,-8.4
"06081","3","62199","77","0","2024","4","",1,15,14,14,323761,451,12,1738,"",3.44,2.98,2.79,2.79,1.89,1.31,3.19,0.66,"",0,0.0,4,36.4,4,40.0,1,7.7,44287,15.8,-26789,-98.3,-587,-98.0,-159,-8.4
"06081","3","621999","78","0","2024","4","",1,15,14,14,323761,451,12,1738,"",3.48,3.07,2.88,2.87,1.95,1.31,3.19,0.66,"",0,0.0,4,36.4,4,40.0,1,7.7,44287,15.8,-26789,-98.3,-587,-98.0,-159,-8.4
"06081","3","622","75","0","2024","4","",1,1294,1265,1262,44601868,0,0,2694,"",0.26,0.69,0.69,0.69,0.49,0.00,0.00,0.71,"",0,0.0,54,4.4,13,1.0,26,2.1,3278610,7.9,0,0.0,0,0.0,136,5.3
"06081","3","6221","76","0","2024","4","",1,1294,1265,1262,44601868,0,0,2694,"",0.27,0.70,0.70,0.69,0.49,0.00,0.00,0.71,"",0,0.0,54,4.4,13,1.0,26,2.1,3278610,7.9,0,0.0,0,0.0,136,5.3
"06081","3","62211","77","0","2024","4","",1,1294,1265,1262,44601868,0,0,2694,"",0.27,0.70,0.70,0.69,0.49,0.00,0.00,0.71,"",0,0.0,54,4.4,13,1.0,26,2.1,3278610,7.9,0,0.0,0,0.0,136,5.3
"06081","3","622110","78","0","2024","4","",1,1294,1265,1262,44601868,0,0,2694,"",0.27,0.70,0.70,0.69,0.49,0.00,0.00,0.71,"",0,0.0,54,4.4,13,1.0,26,2.1,3278610,7.9,0,0.0,0,0.0,136,5.3
"06081","3","71","74","0","2024","4","",9,831,844,805,10836505,6010,240,1008,"",0.86,1.07,1.11,1.06,0.55,0.04,0.07,0.51,"",0,0.0,-13,-1.5,82,10.8,72,9.8,450781,4.3,-5828,-49.2,-103,-30.0,-17,-1.7
"06081","3","711","75","0","2024","4","",2,137,129,98,1380273,0,0,875,"",4.31,6.30,6.45,5.15,2.92,0.00,0.00,0.49,"",0,0.0,-25,-15.4,3,2.4,-5,-4.9,18443,1.4,0,0.0,0,0.0,71,8.8
"06081","3","7113","76","0","2024","4","",2,137,129,98,1380273,0,0,875,"",5.15,8.08,7.74,6.20,3.71,0.00,0.00,0.50,"",0,0.0,-25,-15.4,3,2.4,-5,-4.9,18443,1.4,0,0.0,0,0.0,71,8.8
"06081","3","71131","77","0","2024","4","",2,137,129,98,1380273,0,0,875,"N",5.41,0,0,0,0,0,0,0,"",0,0.0,-25,-15.4,3,2.4,-5,-4.9,18443,1.4,0,0.0,0,0.0,71,8.8
"06081","3","711310","78","0","2024","4","",2,137,129,98,1380273,0,0,875,"N",5.41,0,0,0,0,0,0,0,"",0,0.0,-25,-15.4,3,2.4,-5,-4.9,18443,1.4,0,0.0,0,0.0,71,8.8
"06081","3","712","75","0","2024","4","",1,25,26,26,654202,6010,240,1961,"",0.52,0.23,0.25,0.25,0.26,1.11,2.46,1.08,"",0,0.0,2,8.7,0,0.0,26,100.0,40043,6.5,-5828,-49.2,-103,-30.0,-931,-32.2
"06081","3","7121","76","0","2024","4","",1,25,26,26,654202,6010,240,1961,"",0.52,0.23,0.25,0.25,0.26,1.11,2.46,1.08,"",0,0.0,2,8.7,0,0.0,26,100.0,40043,6.5,-5828,-49.2,-103,-30.0,-931,-32.2
"06081","3","71219","77","0","2024","4","",1,25,26,26,654202,6010,240,1961,"",0.71,0.27,0.29,0.29,0.31,1.72,2.89,1.10,"",0,0.0,2,8.7,0,0.0,26,100.0,40043,6.5,-5828,-49.2,-103,-30.0,-931,-32.2
"06081","3","712190","78","0","2024","4","",1,25,26,26,654202,6010,240,1961,"",0.71,0.27,0.29,0.29,0.31,1.72,2.89,1.10,"",0,0.0,2,8.7,0,0.0,26,100.0,40043,6.5,-5828,-49.2,-103,-30.0,-931,-32.2
"06081","3","713","75","0","2024","4","",6,669,689,681,8802030,0,0,996,"",0.75,1.04,1.08,1.07,0.53,0.00,0.00,0.50,"",0,0.0,10,1.5,79,13.0,51,8.1,392295,4.7,0,0.0,0,0.0,-26,-2.5
"06081","3","7139","76","0","2024","4","",6,669,689,681,8802030,0,0,996,"",0.85,1.93,2.05,2.04,1.39,0.00,0.00,0.69,"",0,0.0,10,1.5,79,13.0,51,8.1,392295,4.7,0,0.0,0,0.0,-26,-2.5
"06081","3","71394","77","0","2024","4","",2,200,188,196,2189832,0,0,865,"",0.66,1.48,1.43,1.50,1.03,0.00,0.00,0.70,"",0,0.0,3,1.5,10,5.6,9,4.8,-42267,-1.9,0,0.0,0,0.0,-52,-5.7
"06081","3","713940","78","0","2024","4","",2,200,188,196,2189832,0,0,865,"",0.66,1.48,1.43,1.50,1.03,0.00,0.00,0.70,"",0,0.0,3,1.5,10,5.6,9,4.8,-42267,-1.9,0,0.0,0,0.0,-52,-5.7
"06081","3","71399","77","0","2024","4","",4,469,501,485,6612198,0,0,1049,"",1.22,2.51,2.74,2.66,1.72,0.00,0.00,0.65,"",0,0.0,7,1.5,69,16.0,42,9.5,434562,7.0,0,0.0,0,0.0,-17,-1.6
"06081","3","713990","78","0","2024","4","",4,469,501,485,6612198,0,0,1049,"",1.22,2.51,2.74,2.66,1.72,0.00,0.00,0.65,"",0,0.0,7,1.5,69,16.0,42,9.5,434562,7.0,0,0.0,0,0.0,-17,-1.6
"06081","3","72","74","0","2024","4","",3,30,30,30,435963,0,0,1118,"",1.59,0.11,0.11,0.11,0.05,0.00,0.00,0.47,"",0,0.0,-3,-9.1,-3,-9.1,-3,-9.1,-38393,-8.1,0,0.0,0,0.0,12,1.1
"06081","3","722","75","0","2024","4","",3,30,30,30,435963,0,0,1118,"",2.16,0.95,0.95,0.95,0.72,0.00,0.00,0.76,"",0,0.0,-3,-9.1,-3,-9.1,-3,-9.1,-38393,-8.1,0,0.0,0,0.0,12,1.1
"06081","3","7225","76","0","2024","4","",3,30,30,30,435963,0,0,1118,"",3.45,1.65,1.63,1.64,1.31,0.00,0.00,0.80,"",0,0.0,-3,-9.1,-3,-9.1,-3,-9.1,-38393,-8.1,0,0.0,0,0.0,12,1.1
"06081","3","72251","77","0","2024","4","",3,30,30,30,435963,0,0,1118,"",3.45,1.65,1.63,1.64,1.31,0.00,0.00,0.80,"",0,0.0,-3,-9.1,-3,-9.1,-3,-9.1,-38393,-8.1,0,0.0,0,0.0,12,1.1
"06081","3","722514","78","0","2024","4","",3,30,30,30,435963,0,0,1118,"",3.93,2.04,2.00,2.01,1.73,0.00,0.00,0.86,"",0,0.0,-3,-9.1,-3,-9.1,-3,-9.1,-38393,-8.1,0,0.0,0,0.0,12,1.1
"06081","3","92","74","0","2024","4","",59,9424,9281,9290,334765292,160331,4935,2760,"",0.35,0.83,0.81,0.82,0.64,0.07,0.25,0.79,"",-2,-3.3,618,7.0,420,4.7,422,4.8,27275999,8.9,34784,27.7,905,22.5,86,3.2
"06081","3","921","75","0","2024","4","",27,4330,4215,4234,124348866,94181,2920,2246,"",0.28,0.58,0.55,0.57,0.40,0.05,0.20,0.71,"",-1,-3.6,459,11.9,285,7.3,305,7.8,12446177,11.1,40729,76.2,996,51.8,44,2.0
"06081","3","9211","76","0","2024","4","",27,4330,4215,4234,124348866,94181,2920,2246,"",0.28,0.58,0.55,0.57,0.40,0.05,0.20,0.71,"",-1,-3.6,459,11.9,285,7.3,305,7.8,12446177,11.1,40729,76.2,996,51.8,44,2.0
"06081","3","92113","77","0","2024","4","",4,319,318,320,10913479,0,0,2632,"",0.58,1.62,1.61,1.63,1.21,0.00,0.00,0.75,"",-1,-20.0,-28,-8.1,-28,-8.1,-28,-8.0,392598,3.7,0,0.0,0,0.0,300,12.9
"06081","3","921130","78","0","2024","4","",4,319,318,320,10913479,0,0,2632,"",0.58,1.62,1.61,1.63,1.21,0.00,0.00,0.75,"",-1,-20.0,-28,-8.1,-28,-8.1,-28,-8.0,392598,3.7,0,0.0,0,0.0,300,12.9
"06081","3","92114","77","0","2024","4","",22,4010,3896,3912,113361931,94181,2920,2214,"",0.40,0.82,0.79,0.81,0.57,0.08,0.53,0.70,"",0,0.0,489,13.9,315,8.8,334,9.3,12110461,12.0,40729,76.2,996,51.8,26,1.2
"06081","3","921140","78","0","2024","4","",22,4010,3896,3912,113361931,94181,2920,2214,"",0.40,0.82,0.79,0.81,0.57,0.08,0.53,0.70,"",0,0.0,489,13.9,315,8.8,334,9.3,12110461,12.0,40729,76.2,996,51.8,26,1.2
"06081","3","92119","77","0","2024","4","",1,1,1,2,73456,0,0,4238,"",0.08,0.00,0.00,0.00,0.00,0.00,0.00,1.34,"",0,0.0,-2,-66.7,-2,-66.7,-1,-33.3,-56882,-43.6,0,0.0,0,0.0,896,26.8
"06081","3","921190","78","0","2024","4","",1,1,1,2,73456,0,0,4238,"",0.08,0.00,0.00,0.00,0.00,0.00,0.00,1.34,"",0,0.0,-2,-66.7,-2,-66.7,-1,-33.3,-56882,-43.6,0,0.0,0,0.0,896,26.8
"06081","3","922","75","0","2024","4","",14,2633,2580,2591,126311704,10121,152,3735,"",0.39,1.03,1.00,1.01,0.84,0.04,0.07,0.83,"",0,0.0,148,6.0,108,4.4,100,4.0,11063981,9.6,8816,675.6,132,660.0,164,4.6
"06081","3","9221","76","0","2024","4","",14,2633,2580,2591,126311704,10121,152,3735,"",0.39,1.03,1.00,1.01,0.84,0.04,0.07,0.83,"",0,0.0,148,6.0,108,4.4,100,4.0,11063981,9.6,8816,675.6,132,660.0,164,4.6
"06081","3","92212","77","0","2024","4","",2,206,205,206,11091590,0,0,4148,"",0.21,0.18,0.18,0.18,0.17,0.00,0.00,0.94,"",0,0.0,1,0.5,0,0.0,3,1.5,2515785,29.3,0,0.0,0,0.0,920,28.5
"06081","3","922120","78","0","2024","4","",2,206,205,206,11091590,0,0,4148,"",0.21,0.18,0.18,0.18,0.17,0.00,0.00,0.94,"",0,0.0,1,0.5,0,0.0,3,1.5,2515785,29.3,0,0.0,0,0.0,920,28.5
"06081","3","92216","77","0","2024","4","",7,395,397,395,28186275,10121,152,5480,"",0.49,0.66,0.66,0.65,0.79,0.07,0.11,1.20,"",0,0.0,37,10.3,43,12.1,37,10.3,2402556,9.3,8816,675.6,132,660.0,-81,-1.5
"06081","3","922160","78","0","2024","4","",7,395,397,395,28186275,10121,152,5480,"",0.49,0.66,0.66,0.65,0.79,0.07,0.11,1.20,"",0,0.0,37,10.3,43,12.1,37,10.3,2402556,9.3,8816,675.6,132,660.0,-81,-1.5
"06081","3","92219","77","0","2024","4","",5,2032,1978,1990,87033839,0,0,3347,"",2.45,6.10,5.96,5.97,3.22,0.00,0.00,0.54,"",0,0.0,110,5.7,65,3.4,60,3.1,6145640,7.6,0,0.0,0,0.0,109,3.4
"06081","3","922190","78","0","2024","4","",5,2032,1978,1990,87033839,0,0,3347,"",2.45,6.10,5.96,5.97,3.22,0.00,0.00,0.54,"",0,0.0,110,5.7,65,3.4,60,3.1,6145640,7.6,0,0.0,0,0.0,109,3.4
"06081","3","923","75","0","2024","4","",5,1614,1642,1646,59033995,0,0,2779,"",0.84,2.70,2.72,2.72,2.13,0.00,0.00,0.78,"",0,0.0,12,0.7,22,1.4,13,0.8,3052086,5.5,0,0.0,0,0.0,118,4.4
"06081","3","9231","76","0","2024","4","",5,1614,1642,1646,59033995,0,0,2779,"",0.84,2.70,2.72,2.72,2.13,0.00,0.00,0.78,"",0,0.0,12,0.7,22,1.4,13,0.8,3052086,5.5,0,0.0,0,0.0,118,4.4
"06081","3","92312","77","0","2024","4","",3,37,38,38,1253713,0,0,2560,"",0.94,0.17,0.17,0.17,0.13,0.00,0.00,0.73,"",0,0.0,0,0.0,1,2.7,1,2.7,208744,20.0,0,0.0,0,0.0,388,17.9
"06081","3","923120","78","0","2024","4","",3,37,38,38,1253713,0,0,2560,"",0.94,0.17,0.17,0.17,0.13,0.00,0.00,0.73,"",0,0.0,0,0.0,1,2.7,1,2.7,208744,20.0,0,0.0,0,0.0,388,17.9
"06081","3","92313","77","0","2024","4","",2,1577,1604,1608,57780282,0,0,2784,"",1.38,5.22,5.28,5.28,3.86,0.00,0.00,0.73,"",0,0.0,12,0.8,21,1.3,12,0.8,2843342,5.2,0,0.0,0,0.0,112,4.2
"06081","3","923130","78","0","2024","4","",2,1577,1604,1608,57780282,0,0,2784,"",1.38,5.22,5.28,5.28,3.86,0.00,0.00,0.73,"",0,0.0,12,0.8,21,1.3,12,0.8,2843342,5.2,0,0.0,0,0.0,112,4.2
"06081","3","924","75","0","2024","4","",7,235,240,222,8369129,35482,1138,2771,"",0.63,0.85,0.88,0.82,0.71,1.01,2.19,0.84,"",-1,-12.5,-12,-4.9,-5,-2.0,2,0.9,64489,0.8,-14071,-28.4,-239,-17.4,79,2.9
"06081","3","9241","76","0","2024","4","",7,235,240,222,8369129,35482,1138,2771,"",0.63,0.85,0.88,0.82,0.71,1.01,2.19,0.84,"",-1,-12.5,-12,-4.9,-5,-2.0,2,0.9,64489,0.8,-14071,-28.4,-239,-17.4,79,2.9
"06081","3","92411","77","0","2024","4","",5,201,206,208,7922775,1232,76,2973,"",1.13,1.25,1.28,1.29,0.93,0.10,0.55,0.73,"",-1,-16.7,-16,-7.4,-9,-4.2,-11,-5.0,36297,0.5,-1231,-50.0,-77,-50.3,177,6.3
"06081","3","924110","78","0","2024","4","",5,201,206,208,7922775,1232,76,2973,"",1.13,1.25,1.28,1.29,0.93,0.10,0.55,0.73,"",-1,-16.7,-16,-7.4,-9,-4.2,-11,-5.0,36297,0.5,-1231,-50.0,-77,-50.3,177,6.3
"06081","3","92412","77","0","2024","4","",2,34,34,14,446354,34250,1062,1256,"",0.30,0.30,0.30,0.13,0.14,1.52,2.78,0.56,"",0,0.0,4,13.3,4,13.3,13,1300.0,28192,6.7,-12840,-27.3,-162,-13.2,-326,-20.6
"06081","3","924120","78","0","2024","4","",2,34,34,14,446354,34250,1062,1256,"",0.30,0.30,0.30,0.13,0.14,1.52,2.78,0.56,"",0,0.0,4,13.3,4,13.3,13,1300.0,28192,6.7,-12840,-27.3,-162,-13.2,-326,-20.6
"06081","3","925","75","0","2024","4","",2,59,59,60,1702440,11668,175,2207,"",0.20,0.26,0.26,0.27,0.18,0.09,0.12,0.67,"",0,0.0,4,7.3,5,9.3,4,7.1,145005,9.3,-1261,-9.8,-19,-9.8,29,1.3
"06081","3","9251","76","0","2024","4","",2,59,59,60,1702440,11668,175,2207,"",0.20,0.26,0.26,0.27,0.18,0.09,0.12,0.67,"",0,0.0,4,7.3,5,9.3,4,7.1,145005,9.3,-1261,-9.8,-19,-9.8,29,1.3
"06081","3","92511","77","0","2024","4","",1,55,55,56,1545275,11055,166,2148,"",0.16,0.40,0.40,0.41,0.25,0.11,0.15,0.62,"",0,0.0,5,10.0,5,10.0,4,7.7,142410,10.2,-1514,-12.0,-23,-12.2,18,0.8
"06081","3","925110","78","0","2024","4","",1,55,55,56,1545275,11055,166,2148,"",0.16,0.40,0.40,0.41,0.25,0.11,0.15,0.62,"",0,0.0,5,10.0,5,10.0,4,7.7,142410,10.2,-1514,-12.0,-23,-12.2,18,0.8
"06081","3","92512","77","0","2024","4","",1,4,4,4,157165,613,9,3022,"",0.28,0.05,0.05,0.04,0.04,0.03,0.02,0.98,"",0,0.0,-1,-20.0,0,0.0,0,0.0,2595,1.7,253,70.3,4,80.0,278,10.1
"06081","3","925120","78","0","2024","4","",1,4,4,4,157165,613,9,3022,"",0.28,0.05,0.05,0.04,0.04,0.03,0.02,0.98,"",0,0.0,-1,-20.0,0,0.0,0,0.0,2595,1.7,253,70.3,4,80.0,278,10.1
"06081","3","926","75","0","2024","4","",4,553,545,537,14999158,8879,550,2117,"",0.53,2.91,2.88,2.83,1.49,0.32,1.33,0.52,"",0,0.0,7,1.3,5,0.9,-2,-0.4,504261,3.5,571,6.9,35,6.8,59,2.9
"06081","3","9261","76","0","2024","4","",4,553,545,537,14999158,8879,550,2117,"",0.53,2.91,2.88,2.83,1.49,0.32,1.33,0.52,"",0,0.0,7,1.3,5,0.9,-2,-0.4,504261,3.5,571,6.9,35,6.8,59,2.9
"06081","3","92611","77","0","2024","4","",1,457,451,453,12759617,0,0,2164,"",0.60,12.61,12.54,12.60,6.33,0.00,0.00,0.50,"",0,0.0,8,1.8,5,1.1,4,0.9,328177,2.6,0,0.0,0,0.0,29,1.4
"06081","3","926110","78","0","2024","4","",1,457,451,453,12759617,0,0,2164,"",0.60,12.61,12.54,12.60,6.33,0.00,0.00,0.50,"",0,0.0,8,1.8,5,1.1,4,0.9,328177,2.6,0,0.0,0,0.0,29,1.4
"06081","3","92612","77","0","2024","4","",1,42,42,42,1152877,0,0,2111,"",0.91,0.58,0.58,0.57,0.27,0.00,0.00,0.46,"",0,0.0,0,0.0,-1,-2.3,-1,-2.3,158386,15.9,0,0.0,0,0.0,318,17.7
"06081","3","926120","78","0","2024","4","",1,42,42,42,1152877,0,0,2111,"",0.91,0.58,0.58,0.57,0.27,0.00,0.00,0.46,"",0,0.0,0,0.0,-1,-2.3,-1,-2.3,158386,15.9,0,0.0,0,0.0,318,17.7
"06081","3","92613","77","0","2024","4","",2,54,52,42,1086664,8879,550,1694,"",1.68,1.58,1.56,1.25,0.62,2.12,13.50,0.42,"",0,0.0,-1,-1.8,1,2.0,-5,-10.6,17698,1.7,571,6.9,35,6.8,82,5.1
"06081","3","926130","78","0","2024","4","",2,54,52,42,1086664,8879,550,1694,"",1.68,1.58,1.56,1.25,0.62,2.12,13.50,0.42,"",0,0.0,-1,-1.8,1,2.0,-5,-10.6,17698,1.7,571,6.9,35,6.8,82,5.1
"06081","5","10","71","0","2024","4","",31809,381207,382130,382362,18381856473,239221670,7449954,3703,"",1.01,1.08,1.08,1.08,1.11,1.03,1.01,1.02,"",1410,4.6,-9469,-2.4,-8763,-2.2,-9634,-2.5,193335287,1.1,-2151302,-0.9,296938,4.2,126,3.5
"06081","5","101","72","0","2024","4","",2830,38081,37948,37547,1322313964,21440955,775958,2687,"",0.72,0.63,0.63,0.63,0.42,0.54,0.49,0.67,"",-33,-1.2,-3521,-8.5,-3478,-8.4,-3731,-9.0,-177992705,-11.9,-2474859,-10.3,-34939,-4.3,-98,-3.5
"06081","5","1011","73","0","2024","4","",132,1451,1428,1335,22457064,1195001,38569,1230,"",0.34,0.28,0.30,0.29,0.10,0.26,0.20,0.35,"",-2,-1.5,-112,-7.2,-157,-9.9,-135,-9.2,-4296490,-16.1,-104728,-8.1,2641,7.4,-107,-8.0
"06081","5","1012","73","0","2024","4","",2044,16319,16224,15973,467810707,10863975,420472,2225,"",0.82,0.74,0.75,0.74,0.40,0.61,0.46,0.54,"",-13,-0.6,-1269,-7.2,-1163,-6.7,-1261,-7.3,-42054190,-8.2,-1187683,-9.9,-33970,-7.5,-29,-1.3
"06081","5","1013","73","0","2024","4","",654,20311,20296,20239,832046193,9381979,316917,3156,"",0.62,0.61,0.61,0.60,0.48,0.54,0.64,0.78,"",-18,-2.7,-2140,-9.5,-2158,-9.6,-2335,-10.3,-131642025,-13.7,-1182448,-11.2,-3610,-1.1,-140,-4.2
"06081","5","102","72","0","2024","4","",28979,343126,344182,344815,17059542509,217780715,6673996,3814,"",1.06,1.18,1.17,1.17,1.27,1.14,1.15,1.08,"",1443,5.2,-5948,-1.7,-5285,-1.5,-5903,-1.7,371327992,2.2,323557,0.1,331877,5.2,144,3.9
"06081","5","1021","73","0","2024","4","",3301,67754,68868,69425,1625596102,47444829,1317711,1821,"",0.61,0.89,0.89,0.89,0.55,0.88,0.91,0.62,"",-66,-2.0,1208,1.8,1303,1.9,1099,1.6,-44262474,-2.7,1753195,3.8,134934,11.4,-83,-4.4
"06081","5","1022","73","0","2024","4","",707,38132,38251,38547,6078724392,13177152,479957,12206,"",0.90,5.04,5.00,5.05,7.52,3.35,2.98,1.49,"",-9,-1.3,-12196,-24.2,-12126,-24.1,-12200,-24.0,-279386385,-4.4,-528691,-3.9,90732,23.3,2518,26.0
"06081","5","1023","73","0","2024","4","",2762,22945,22901,22663,2019627914,10559780,331867,6803,"",0.97,1.00,0.99,0.98,1.18,0.90,0.96,1.19,"",-49,-1.7,-17,-0.1,106,0.5,318,1.4,-21286451,-1.0,95865,0.9,15812,5.0,-113,-1.6
"06081","5","1024","73","0","2024","4","",5538,96819,96457,96437,5208432191,67992516,2436878,4149,"",0.82,1.62,1.61,1.62,1.33,1.53,1.57,0.82,"",19,0.3,515,0.5,1390,1.5,1310,1.4,610068647,13.3,5079528,8.1,192813,8.6,445,12.0
"06081","5","1025","73","0","2024","4","",10494,59940,60039,60052,1391258272,34720392,988169,1783,"",1.76,0.88,0.88,0.87,0.51,1.04,1.03,0.58,"",1191,12.8,3349,5.9,2533,4.4,2320,4.0,85142419,6.5,163141,0.5,29616,3.1,29,1.7
"06081","5","1026","73","0","2024","4","",2462,43252,43359,43510,494641827,34668313,852131,877,"",0.94,0.98,1.00,1.00,0.54,0.98,0.81,0.54,"",23,0.9,686,1.6,974,2.3,918,2.2,16061225,3.4,-5290297,-13.2,-109277,-11.4,11,1.3
"06081","5","1027","73","0","2024","4","",3639,14269,14295,14159,240754314,9107415,263533,1300,"",1.55,1.15,1.16,1.15,0.59,1.13,1.07,0.52,"",374,11.5,605,4.4,655,4.8,450,3.3,8850757,3.8,-174855,-1.9,3575,1.4,-5,-0.4
"06081","5","1029","73","0","2024","4","",76,15,12,22,507497,110318,3750,2390,"",0.10,0.03,0.02,0.04,0.02,0.12,0.07,0.57,"",-40,-34.5,-98,-86.7,-120,-90.9,-118,-84.3,-3859746,-88.4,-774329,-87.5,-26328,-87.5,-228,-8.7
"06081","5","11","74","0","2024","4","",127,1387,1365,1270,19787152,1149861,35839,1135,"",0.42,0.39,0.42,0.42,0.20,0.31,0.22,0.49,"",-2,-1.6,-106,-7.1,-155,-10.2,-130,-9.3,-3962844,-16.7,-123215,-9.7,867,2.5,-107,-8.6
"06081","5","111","75","0","2024","4","",64,1023,1032,945,14741318,945561,30597,1134,"",0.47,0.64,0.74,0.74,0.36,0.58,0.47,0.51,"",-3,-4.5,-111,-9.8,-144,-12.2,-110,-10.4,-3503033,-19.2,-75730,-7.4,2332,8.3,-117,-9.4
"06081","5","1112","76","0","2024","4","",12,263,217,189,2041905,425652,14475,704,"",0.83,0.95,1.02,1.01,0.29,1.58,1.15,0.30,"N",0,0.0,0,0,0,0,0,0,0,0,0,0,0,0,0,0
"06081","5","11121","77","0","2024","4","",12,263,217,189,2041905,425652,14475,704,"",0.83,0.95,1.02,1.01,0.29,1.58,1.15,0.30,"N",0,0.0,0,0,0,0,0,0,0,0,0,0,0,0,0,0
"06081","5","111219","78","0","2024","4","",12,263,217,189,2041905,425652,14475,704,"",1.03,1.21,1.25,1.23,0.38,2.52,1.72,0.31,"N",0,0.0,0,0,0,0,0,0,0,0,0,0,0,0,0,0
"06081","5","1113","76","0","2024","4","N",5,0,0,0,0,0,0,0,"N",0.19,0,0,0,0,0,0,0,"N",-1,-16.7,0,0,0,0,0,0,0,0,0,0,0,0,0,0
"06081","5","11133","77","0","2024","4","N",5,0,0,0,0,0,0,0,"N",0.20,0,0,0,0,0,0,0,"N",-1,-16.7,0,0,0,0,0,0,0,0,0,0,0,0,0,0
"06081","5","111332","78","0","2024","4","N",1,0,0,0,0,0,0,0,"N",0.21,0,0,0,0,0,0,0,"N",-1,-50.0,0,0,0,0,0,0,0,0,0,0,0,0,0,0
"06081","5","111333","78","0","2024","4","N",1,0,0,0,0,0,0,0,"N",0.74,0,0,0,0,0,0,0,"N",0,0.0,0,0,0,0,0,0,0,0,0,0,0,0,0,0
"06081","5","111335","78","0","2024","4","N",2,0,0,0,0,0,0,0,"N",0.35,0,0,0,0,0,0,0,"N",0,0.0,0,0,0,0,0,0,0,0,0,0,0,0,0,0
"06081","5","111339","78","0","2024","4","N",1,0,0,0,0,0,0,0,"N",0.18,0,0,0,0,0,0,0,"N",0,0.0,0,0,0,0,0,0,0,0,0,0,0,0,0,0
"06081","5","1114","76","0","2024","4","",39,527,493,517,9663134,329439,12954,1451,"",1.46,1.15,1.10,1.20,0.74,0.78,0.80,0.65,"",-1,-2.5,-112,-17.5,-140,-22.1,-80,-13.4,-3569164,-27.0,-113671,-25.7,262,2.1,-183,-11.2
"06081","5","11141","77","0","2024","4","",10,229,194,195,5303981,92818,3055,1981,"",1.33,1.80,1.53,1.58,1.43,0.64,0.50,0.88,"",-2,-16.7,-136,-37.3,-156,-44.6,-142,-42.1,-4403242,-45.4,-198190,-68.1,-6750,-68.8,-148,-7.0
"06081","5","111411","78","0","2024","4","N",6,0,0,0,0,0,0,0,"N",6.99,0,0,0,0,0,0,0,"N",-1,-14.3,0,0,0,0,0,0,0,0,0,0,0,0,0,0
"06081","5","111419","78","0","2024","4","N",4,0,0,0,0,0,0,0,"N",0.60,0,0,0,0,0,0,0,"N",-1,-20.0,0,0,0,0,0,0,0,0,0,0,0,0,0,0
"06081","5","11142","77","0","2024","4","",29,298,299,322,4359153,236621,9899,1095,"",1.50,0.90,0.93,1.04,0.47,0.85,0.99,0.49,"",1,3.6,24,8.8,16,5.7,62,23.8,834078,23.7,84519,55.6,7012,242.9,99,9.9
"06081","5","111421","78","0","2024","4","",13,160,160,184,2597017,55651,1556,1189,"",0.96,0.69,0.72,0.87,0.40,0.27,0.20,0.52,"",0,0.0,-27,-14.4,-34,-17.5,11,6.4,-77097,-2.9,-70069,-55.7,-907,-36.8,75,6.7
"06081","5","111422","78","0","2024","4","",16,138,139,138,1762136,180970,8343,980,"",2.81,1.35,1.42,1.43,0.64,2.59,3.64,0.46,"",1,6.7,51,58.6,50,56.2,51,58.6,911175,107.1,154588,586.0,7919,1867.7,233,31.2
"06081","5","1119","76","0","2024","4","N",8,0,0,0,0,0,0,0,"N",0.26,0,0,0,0,0,0,0,"N",-1,-11.1,0,0,0,0,0,0,0,0,0,0,0,0,0,0
"06081","5","11194","77","0","2024","4","N",2,0,0,0,0,0,0,0,"N",0.41,0,0,0,0,0,0,0,"N",0,0.0,0,0,0,0,0,0,0,0,0,0,0,0,0,0
"06081","5","111940","78","0","2024","4","N",2,0,0,0,0,0,0,0,"N",0.41,0,0,0,0,0,0,0,"N",0,0.0,0,0,0,0,0,0,0,0,0,0,0,0,0,0
"06081","5","11199","77","0","2024","4","N",6,0,0,0,0,0,0,0,"N",0.34,0,0,0,0,0,0,0,"N",-1,-14.3,0,0,0,0,0,0,0,0,0,0,0,0,0,0
"06081","5","111998","78","0","2024","4","N",6,0,0,0,0,0,0,0,"N",0.38,0,0,0,0,0,0,0,"N",-1,-14.3,0,0,0,0,0,0,0,0,0,0,0,0,0,0
"06081","5","112","75","0","2024","4","",16,42,40,46,564160,37026,1199,1017,"",0.21,0.06,0.06,0.07,0.02,0.06,0.11,0.40,"",1,6.7,-17,-28.8,-16,-28.6,-11,-19.3,-502460,-47.1,9091,32.5,242,25.3,-414,-28.9
"06081","5","1121","76","0","2024","4","",5,17,17,22,224423,9477,212,925,"",0.10,0.04,0.04,0.05,0.02,0.02,0.03,0.38,"",0,0.0,-3,-15.0,0,0.0,4,22.2,-70538,-23.9,1081,12.9,20,10.4,-313,-25.3
"06081","5","11211","77","0","2024","4","",5,17,17,22,224423,9477,212,925,"",0.16,0.11,0.11,0.14,0.04,0.06,0.08,0.36,"",0,0.0,-3,-15.0,0,0.0,4,22.2,-70538,-23.9,1081,12.9,20,10.4,-313,-25.3
"06081","5","112111","78","0","2024","4","",5,17,17,22,224423,9477,212,925,"",0.18,0.15,0.15,0.20,0.06,0.08,0.10,0.39,"",0,0.0,-3,-15.0,0,0.0,4,22.2,-70538,-23.9,1081,12.9,20,10.4,-313,-25.3
"06081","5","1123","76","0","2024","4","N",3,0,0,0,0,0,0,0,"N",0.43,0,0,0,0,0,0,0,"N",2,200.0,0,0,0,0,0,0,0,0,0,0,0,0,0,0
"06081","5","11231","77","0","2024","4","N",2,0,0,0,0,0,0,0,"N",0.91,0,0,0,0,0,0,0,"N",1,100.0,0,0,0,0,0,0,0,0,0,0,0,0,0,0
"06081","5","112310","78","0","2024","4","N",2,0,0,0,0,0,0,0,"N",0.91,0,0,0,0,0,0,0,"N",1,100.0,0,0,0,0,0,0,0,0,0,0,0,0,0,0
"06081","5","11232","77","0","2024","4","N",1,0,0,0,0,0,0,0,"N",0.58,0,0,0,0,0,0,0,"N",1,100.0,0,0,0,0,0,0,0,0,0,0,0,0,0,0
"06081","5","112320","78","0","2024","4","N",1,0,0,0,0,0,0,0,"N",0.58,0,0,0,0,0,0,0,"N",1,100.0,0,0,0,0,0,0,0,0,0,0,0,0,0,0
"06081","5","1125","76","0","2024","4","N",1,0,0,0,0,0,0,0,"N",0.36,0,0,0,0,0,0,0,"N",0,0.0,0,0,0,0,0,0,0,0,0,0,0,0,0,0
"06081","5","11251","77","0","2024","4","N",1,0,0,0,0,0,0,0,"N",0.36,0,0,0,0,0,0,0,"N",0,0.0,0,0,0,0,0,0,0,0,0,0,0,0,0,0
"06081","5","112519","78","0","2024","4","N",1,0,0,0,0,0,0,0,"N",1.78,0,0,0,0,0,0,0,"N",0,0.0,0,0,0,0,0,0,0,0,0,0,0,0,0,0
"06081","5","1129","76","0","2024","4","",7,16,16,16,286113,11231,295,1376,"",0.60,0.28,0.28,0.29,0.15,0.29,0.30,0.53,"",0,0.0,2,14.3,2,14.3,2,14.3,13920,5.1,11231,100.0,295,100.0,-120,-8.0
"06081","5","11292","77","0","2024","4","N",5,0,0,0,0,0,0,0,"N",1.14,0,0,0,0,0,0,0,"N",0,0.0,0,0,0,0,0,0,0,0,0,0,0,0,0,0
"06081","5","112920","78","0","2024","4","N",5,0,0,0,0,0,0,0,"N",1.14,0,0,0,0,0,0,0,"N",0,0.0,0,0,0,0,0,0,0,0,0,0,0,0,0,0
"06081","5","11299","77","0","2024","4","N",2,0,0,0,0,0,0,0,"N",0.43,0,0,0,0,0,0,0,"N",0,0.0,0,0,0,0,0,0,0,0,0,0,0,0,0,0
"06081","5","112990","78","0","2024","4","N",2,0,0,0,0,0,0,0,"N",0.43,0,0,0,0,0,0,0,"N",0,0.0,0,0,0,0,0,0,0,0,0,0,0,0,0,0
"06081","5","113","75","0","2024","4","N",1,0,0,0,0,0,0,0,"N",0.04,0,0,0,0,0,0,0,"N",0,0.0,0,0,0,0,0,0,0,0,0,0,0,0,0,0
"06081","5","1132","76","0","2024","4","N",1,0,0,0,0,0,0,0,"N",1.06,0,0,0,0,0,0,0,"N",0,0.0,0,0,0,0,0,0,0,0,0,0,0,0,0,0
"06081","5","11321","77","0","2024","4","N",1,0,0,0,0,0,0,0,"N",1.06,0,0,0,0,0,0,0,"N",0,0.0,0,0,0,0,0,0,0,0,0,0,0,0,0,0
"06081","5","113210","78","0","2024","4","N",1,0,0,0,0,0,0,0,"N",1.06,0,0,0,0,0,0,0,"N",0,0.0,0,0,0,0,0,0,0,0,0,0,0,0,0,0
"06081","5","114","75","0","2024","4","N",11,0,0,0,0,0,0,0,"N",1.48,0,0,0,0,0,0,0,"N",2,22.2,0,0,0,0,0,0,0,0,0,0,0,0,0,0
"06081","5","1141","76","0","2024","4","",10,5,5,5,160111,0,0,2463,"",1.73,0.33,0.36,0.37,0.18,0.00,0.00,0.52,"N",2,25.0,0,0,0,0,0,0,0,0,0,0,0,0,0,0
"06081","5","11411","77","0","2024","4","",10,5,5,5,160111,0,0,2463,"",1.73,0.33,0.36,0.37,0.18,0.00,0.00,0.52,"N",2,25.0,0,0,0,0,0,0,0,0,0,0,0,0,0,0
"06081","5","114111","78","0","2024","4","N",8,0,0,0,0,0,0,0,"N",3.10,0,0,0,0,0,0,0,"N",1,14.3,0,0,0,0,0,0,0,0,0,0,0,0,0,0
"06081","5","114112","78","0","2024","4","N",2,0,0,0,0,0,0,0,"N",0.74,0,0,0,0,0,0,0,"N",1,100.0,0,0,0,0,0,0,0,0,0,0,0,0,0,0
"06081","5","1142","76","0","2024","4","N",1,0,0,0,0,0,0,0,"N",0.60,0,0,0,0,0,0,0,"N",0,0.0,0,0,0,0,0,0,0,0,0,0,0,0,0,0
"06081","5","11421","77","0","2024","4","N",1,0,0,0,0,0,0,0,"N",0.60,0,0,0,0,0,0,0,"N",0,0.0,0,0,0,0,0,0,0,0,0,0,0,0,0,0
"06081","5","114210","78","0","2024","4","N",1,0,0,0,0,0,0,0,"N",0.60,0,0,0,0,0,0,0,"N",0,0.0,0,0,0,0,0,0,0,0,0,0,0,0,0,0
"06081","5","115","75","0","2024","4","",35,305,276,264,4196325,167274,4043,1146,"",0.59,0.27,0.28,0.30,0.15,0.14,0.05,0.51,"",-2,-5.4,17,5.9,1,0.4,-13,-4.7,-74804,-1.8,-44409,-21.0,-962,-19.2,-27,-2.3
"06081","5","1151","76","0","2024","4","N",6,0,0,0,0,0,0,0,"N",0.18,0,0,0,0,0,0,0,"N",-1,-14.3,0,0,0,0,0,0,0,0,0,0,0,0,0,0
"06081","5","11511","77","0","2024","4","N",6,0,0,0,0,0,0,0,"N",0.18,0,0,0,0,0,0,0,"N",-1,-14.3,0,0,0,0,0,0,0,0,0,0,0,0,0,0
"06081","5","115112","78","0","2024","4","N",4,0,0,0,0,0,0,0,"N",0.38,0,0,0,0,0,0,0,"N",0,0.0,0,0,0,0,0,0,0,0,0,0,0,0,0,0
"06081","5","115115","78","0","2024","4","N",1,0,0,0,0,0,0,0,"N",0.12,0,0,0,0,0,0,0,"N",0,0.0,0,0,0,0,0,0,0,0,0,0,0,0,0,0
"06081","5","115116","78","0","2024","4","N",1,0,0,0,0,0,0,0,"N",0.20,0,0,0,0,0,0,0,"N",-1,-50.0,0,0,0,0,0,0,0,0,0,0,0,0,0,0
"06081","5","1152","76","0","2024","4","",25,200,189,195,2804947,124436,2593,1108,"",1.49,2.40,2.28,2.34,1.10,2.07,2.12,0.47,"",-1,-3.8,18,9.9,15,8.6,12,6.6,11696,0.4,-17264,-12.2,-567,-17.9,-88,-7.4
"06081","5","11521","77","0","2024","4","",25,200,189,195,2804947,124436,2593,1108,"",1.49,2.40,2.28,2.34,1.10,2.07,2.12,0.47,"",-1,-3.8,18,9.9,15,8.6,12,6.6,11696,0.4,-17264,-12.2,-567,-17.9,-88,-7.4
"06081","5","115210","78","0","2024","4","",25,200,189,195,2804947,124436,2593,1108,"",1.49,2.40,2.28,2.34,1.10,2.07,2.12,0.47,"",-1,-3.8,18,9.9,15,8.6,12,6.6,11696,0.4,-17264,-12.2,-567,-17.9,-88,-7.4
"06081","5","1153","76","0","2024","4","N",4,0,0,0,0,0,0,0,"N",0.47,0,0,0,0,0,0,0,"N",0,0.0,0,0,0,0,0,0,0,0,0,0,0,0,0,0
"06081","5","11531","77","0","2024","4","N",4,0,0,0,0,0,0,0,"N",0.47,0,0,0,0,0,0,0,"N",0,0.0,0,0,0,0,0,0,0,0,0,0,0,0,0,0
"06081","5","115310","78","0","2024","4","N",4,0,0,0,0,0,0,0,"N",0.47,0,0,0,0,0,0,0,"N",0,0.0,0,0,0,0,0,0,0,0,0,0,0,0,0,0
"06081","5","21","74","0","2024","4","",5,64,63,65,2669912,45140,2730,3209,"",0.06,0.04,0.04,0.04,0.02,0.05,0.09,0.54,"",0,0.0,-6,-8.6,-2,-3.1,-5,-7.1,-333646,-11.1,18487,69.4,1774,185.6,-172,-5.1
"06081","5","212","75","0","2024","4","N",4,0,0,0,0,0,0,0,"N",0.21,0,0,0,0,0,0,0,"N",0,0.0,0,0,0,0,0,0,0,0,0,0,0,0,0,0
"06081","5","2123","76","0","2024","4","N",4,0,0,0,0,0,0,0,"N",0.25,0,0,0,0,0,0,0,"N",0,0.0,0,0,0,0,0,0,0,0,0,0,0,0,0,0
"06081","5","21232","77","0","2024","4","",3,41,39,37,1767112,3196,129,3485,"",0.37,0.33,0.32,0.31,0.27,0.04,0.03,0.84,"",0,0.0,-1,-2.4,-4,-9.3,-7,-15.9,-347325,-16.4,-7660,-70.6,-116,-47.3,-298,-7.9
"06081","5","212321","78","0","2024","4","",3,41,39,37,1767112,3196,129,3485,"",0.43,0.47,0.46,0.45,0.39,0.05,0.03,0.83,"",0,0.0,-1,-2.4,-4,-9.3,-7,-15.9,-347325,-16.4,-7660,-70.6,-116,-47.3,-298,-7.9
"06081","5","21239","77","0","2024","4","N",1,0,0,0,0,0,0,0,"N",0.78,0,0,0,0,0,0,0,"N",0,0.0,0,0,0,0,0,0,0,0,0,0,0,0,0,0
"06081","5","212390","78","0","2024","4","N",1,0,0,0,0,0,0,0,"N",0.78,0,0,0,0,0,0,0,"N",0,0.0,0,0,0,0,0,0,0,0,0,0,0,0,0,0
"06081","5","213","75","0","2024","4","N",1,0,0,0,0,0,0,0,"N",0.02,0,0,0,0,0,0,0,"N",0,0.0,0,0,0,0,0,0,0,0,0,0,0,0,0,0
"06081","5","2131","76","0","2024","4","N",1,0,0,0,0,0,0,0,"N",0.02,0,0,0,0,0,0,0,"N",0,0.0,0,0,0,0,0,0,0,0,0,0,0,0,0,0
"06081","5","21311","77","0","2024","4","N",1,0,0,0,0,0,0,0,"N",0.02,0,0,0,0,0,0,0,"N",0,0.0,0,0,0,0,0,0,0,0,0,0,0,0,0,0
"06081","5","213115","78","0","2024","4","N",1,0,0,0,0,0,0,0,"N",1.14,0,0,0,0,0,0,0,"N",0,0.0,0,0,0,0,0,0,0,0,0,0,0,0,0,0
"06081","5","22","74","0","2024","4","",25,992,989,994,46550710,295087,8489,3611,"",0.38,0.63,0.63,0.63,0.38,0.69,0.79,0.60,"",2,8.7,81,8.9,65,7.0,53,5.6,6861868,17.3,44188,17.6,2935,52.8,312,9.5
"06081","5","221","75","0","2024","4","",25,992,989,994,46550710,295087,8489,3611,"",0.38,0.63,0.63,0.63,0.38,0.69,0.79,0.60,"",2,8.7,81,8.9,65,7.0,53,5.6,6861868,17.3,44188,17.6,2935,52.8,312,9.5
"06081","5","2211","76","0","2024","4","N",13,0,0,0,0,0,0,0,"N",0.34,0,0,0,0,0,0,0,"N",2,18.2,0,0,0,0,0,0,0,0,0,0,0,0,0,0
"06081","5","22111","77","0","2024","4","",12,99,100,101,4659077,100643,3789,3584,"",0.63,0.24,0.24,0.25,0.13,0.84,0.92,0.55,"N",1,9.1,0,0,0,0,0,0,0,0,0,0,0,0,0,0
"06081","5","221111","78","0","2024","4","N",1,0,0,0,0,0,0,0,"N",0.57,0,0,0,0,0,0,0,"N",0,0.0,0,0,0,0,0,0,0,0,0,0,0,0,0,0
"06081","5","221113","78","0","2024","4","N",1,0,0,0,0,0,0,0,"N",2.06,0,0,0,0,0,0,0,"N",0,0.0,0,0,0,0,0,0,0,0,0,0,0,0,0,0
"06081","5","221114","78","0","2024","4","",4,4,3,3,114474,965,45,2642,"",0.59,0.09,0.07,0.07,0.04,0.03,0.04,0.46,"",1,33.3,1,33.3,0,0.0,0,0.0,21070,22.6,965,100.0,45,100.0,247,10.3
"06081","5","221116","78","0","2024","4","N",1,0,0,0,0,0,0,0,"N",6.01,0,0,0,0,0,0,0,"N",0,0.0,0,0,0,0,0,0,0,0,0,0,0,0,0,0
"06081","5","221118","78","0","2024","4","",5,91,93,94,4494147,90718,3466,3731,"",2.26,7.07,7.12,7.07,3.83,16.17,17.00,0.54,"",0,0.0,24,35.8,26,38.8,27,40.3,1111219,32.8,75249,486.5,3010,660.1,-153,-3.9
"06081","5","22112","77","0","2024","4","N",1,0,0,0,0,0,0,0,"N",0.05,0,0,0,0,0,0,0,"N",1,100.0,0,0,0,0,0,0,0,0,0,0,0,0,0,0
"06081","5","221122","78","0","2024","4","N",1,0,0,0,0,0,0,0,"N",0.06,0,0,0,0,0,0,0,"N",1,100.0,0,0,0,0,0,0,0,0,0,0,0,0,0,0
"06081","5","2212","76","0","2024","4","N",2,0,0,0,0,0,0,0,"N",0.23,0,0,0,0,0,0,0,"N",-1,-33.3,0,0,0,0,0,0,0,0,0,0,0,0,0,0
"06081","5","22121","77","0","2024","4","N",2,0,0,0,0,0,0,0,"N",0.23,0,0,0,0,0,0,0,"N",-1,-33.3,0,0,0,0,0,0,0,0,0,0,0,0,0,0
"06081","5","221210","78","0","2024","4","N",2,0,0,0,0,0,0,0,"N",0.23,0,0,0,0,0,0,0,"N",-1,-33.3,0,0,0,0,0,0,0,0,0,0,0,0,0,0
"06081","5","2213","76","0","2024","4","",10,130,132,130,3531150,59934,1090,2079,"",0.55,0.80,0.81,0.80,0.44,0.79,0.57,0.55,"",1,11.1,-5,-3.7,0,0.0,2,1.6,45644,1.3,35880,149.2,698,178.1,43,2.1
"06081","5","22131","77","0","2024","4","",10,130,132,130,3531150,59934,1090,2079,"",0.64,0.93,0.95,0.93,0.51,0.95,0.68,0.54,"",1,11.1,-5,-3.7,0,0.0,2,1.6,45644,1.3,35880,149.2,698,178.1,43,2.1
"06081","5","221310","78","0","2024","4","",10,130,132,130,3531150,59934,1090,2079,"",0.64,0.93,0.95,0.93,0.51,0.95,0.68,0.54,"",1,11.1,-5,-3.7,0,0.0,2,1.6,45644,1.3,35880,149.2,698,178.1,43,2.1
"06081","5","23","74","0","2024","4","",2044,16319,16224,15973,467810707,10863975,420472,2225,"",0.82,0.74,0.75,0.74,0.40,0.61,0.46,0.54,"",-13,-0.6,-1269,-7.2,-1163,-6.7,-1261,-7.3,-42054190,-8.2,-1187683,-9.9,-33970,-7.5,-29,-1.3
"06081","5","236","75","0","2024","4","",888,6551,6535,6385,198136419,3725393,136756,2348,"",1.14,1.33,1.33,1.31,0.69,0.92,0.72,0.52,"",1,0.1,-421,-6.0,-380,-5.5,-530,-7.7,-26600992,-11.8,-250194,-6.3,-17884,-11.6,-145,-5.8
"06081","5","2361","76","0","2024","4","",791,3802,3794,3664,87230298,2603190,83963,1788,"",1.31,1.52,1.52,1.48,0.70,1.15,1.00,0.47,"",2,0.3,139,3.8,171,4.7,39,1.1,-461790,-0.5,-4634,-0.2,2620,3.2,-67,-3.6
"06081","5","23611","77","0","2024","4","",791,3802,3794,3664,87230298,2603190,83963,1788,"",1.31,1.52,1.52,1.48,0.70,1.15,1.00,0.47,"",2,0.3,139,3.8,171,4.7,39,1.1,-461790,-0.5,-4634,-0.2,2620,3.2,-67,-3.6
"06081","5","236115","78","0","2024","4","",301,1637,1659,1612,37573751,1110899,34088,1767,"",1.26,1.63,1.65,1.61,0.70,1.12,1.02,0.43,"",-15,-4.7,94,6.1,138,9.1,115,7.7,1994836,5.6,64200,6.1,1540,4.7,-33,-1.8
"06081","5","236116","78","0","2024","4","N",12,0,0,0,0,0,0,0,"N",0.87,0,0,0,0,0,0,0,"N",1,9.1,0,0,0,0,0,0,0,0,0,0,0,0,0,0
"06081","5","236117","78","0","2024","4","N",2,0,0,0,0,0,0,0,"N",0.14,0,0,0,0,0,0,0,"N",0,0.0,0,0,0,0,0,0,0,0,0,0,0,0,0,0
"06081","5","236118","78","0","2024","4","",476,1918,1894,1814,38656202,1414619,46188,1586,"",1.41,1.57,1.56,1.51,0.78,1.30,1.06,0.51,"",16,3.5,100,5.5,85,4.7,-22,-1.2,743626,2.0,-24172,-1.7,1636,3.7,-16,-1.0
"06081","5","2362","76","0","2024","4","",97,2749,2741,2721,110906121,1122203,52793,3117,"",0.57,1.14,1.14,1.13,0.67,0.64,0.50,0.59,"",-1,-1.0,-560,-16.9,-551,-16.7,-569,-17.3,-26139202,-19.1,-245560,-18.0,-20504,-28.0,-80,-2.5
"06081","5","23621","77","0","2024","4","",3,21,20,18,853869,15000,930,3340,"",0.16,0.05,0.05,0.04,0.03,0.04,0.03,0.67,"",0,0.0,-1,-4.5,2,11.1,-4,-18.2,26639,3.2,-8251,-35.5,-512,-35.5,261,8.5
"06081","5","236210","78","0","2024","4","",3,21,20,18,853869,15000,930,3340,"",0.16,0.05,0.05,0.04,0.03,0.04,0.03,0.67,"",0,0.0,-1,-4.5,2,11.1,-4,-18.2,26639,3.2,-8251,-35.5,-512,-35.5,261,8.5
"06081","5","23622","77","0","2024","4","",94,2728,2721,2703,110052252,1107203,51863,3115,"",0.62,1.38,1.38,1.37,0.80,0.80,0.69,0.58,"",-1,-1.1,-559,-17.0,-553,-16.9,-565,-17.3,-26165841,-19.2,-237309,-17.7,-19992,-27.8,-83,-2.6
"06081","5","236220","78","0","2024","4","",94,2728,2721,2703,110052252,1107203,51863,3115,"",0.62,1.38,1.38,1.37,0.80,0.80,0.69,0.58,"",-1,-1.1,-559,-17.0,-553,-16.9,-565,-17.3,-26165841,-19.2,-237309,-17.7,-19992,-27.8,-83,-2.6
"06081","5","237","75","0","2024","4","",47,746,726,706,26393211,262447,12121,2796,"",0.30,0.24,0.23,0.24,0.14,0.10,0.07,0.58,"",-10,-17.5,-211,-22.0,-197,-21.3,-209,-22.8,-9962962,-27.4,-218213,-45.4,-10545,-46.5,-206,-6.9
"06081","5","2371","76","0","2024","4","",16,269,262,252,9099043,93370,3326,2682,"",0.20,0.16,0.16,0.16,0.09,0.06,0.04,0.57,"",-7,-30.4,-25,-8.5,-27,-9.3,-33,-11.6,-91661,-1.0,-95936,-50.7,-3518,-51.4,239,9.8
"06081","5","23711","77","0","2024","4","",11,253,249,239,8582027,92974,3301,2673,"",0.32,0.44,0.43,0.42,0.26,0.23,0.16,0.60,"",-3,-21.4,-13,-4.9,-13,-5.0,-12,-4.8,704501,8.9,-10078,-9.8,98,3.1,339,14.5
"06081","5","237110","78","0","2024","4","",11,253,249,239,8582027,92974,3301,2673,"",0.32,0.44,0.43,0.42,0.26,0.23,0.16,0.60,"",-3,-21.4,-13,-4.9,-13,-5.0,-12,-4.8,704501,8.9,-10078,-9.8,98,3.1,339,14.5
"06081","5","23713","77","0","2024","4","",5,16,13,13,517016,396,25,2841,"",0.14,0.02,0.02,0.02,0.01,0.00,0.00,0.57,"N",-3,-37.5,0,0,0,0,0,0,0,0,0,0,0,0,0,0
"06081","5","237130","78","0","2024","4","",5,16,13,13,517016,396,25,2841,"",0.14,0.02,0.02,0.02,0.01,0.00,0.00,0.57,"N",-3,-37.5,0,0,0,0,0,0,0,0,0,0,0,0,0,0
"06081","5","2372","76","0","2024","4","",14,57,56,55,1721603,8683,184,2365,"",0.91,0.59,0.58,0.56,0.24,0.12,0.09,0.41,"",-2,-12.5,-6,-9.5,-6,-9.7,-7,-11.3,-254013,-12.9,-1555,-15.2,-66,-26.4,-73,-3.0
"06081","5","23721","77","0","2024","4","",14,57,56,55,1721603,8683,184,2365,"",0.91,0.59,0.58,0.56,0.24,0.12,0.09,0.41,"",-2,-12.5,-6,-9.5,-6,-9.7,-7,-11.3,-254013,-12.9,-1555,-15.2,-66,-26.4,-73,-3.0
"06081","5","237210","78","0","2024","4","",14,57,56,55,1721603,8683,184,2365,"",0.91,0.59,0.58,0.56,0.24,0.12,0.09,0.41,"",-2,-12.5,-6,-9.5,-6,-9.7,-7,-11.3,-254013,-12.9,-1555,-15.2,-66,-26.4,-73,-3.0
"06081","5","2373","76","0","2024","4","",11,179,176,176,5431506,74322,4268,2360,"",0.34,0.17,0.17,0.19,0.09,0.11,0.08,0.49,"",-1,-8.3,-71,-28.4,-59,-25.1,-54,-23.5,-1472219,-21.3,-21238,-22.2,-1453,-25.4,132,5.9
"06081","5","23731","77","0","2024","4","",11,179,176,176,5431506,74322,4268,2360,"",0.34,0.17,0.17,0.19,0.09,0.11,0.08,0.49,"",-1,-8.3,-71,-28.4,-59,-25.1,-54,-23.5,-1472219,-21.3,-21238,-22.2,-1453,-25.4,132,5.9
"06081","5","237310","78","0","2024","4","",11,179,176,176,5431506,74322,4268,2360,"",0.34,0.17,0.17,0.19,0.09,0.11,0.08,0.49,"",-1,-8.3,-71,-28.4,-59,-25.1,-54,-23.5,-1472219,-21.3,-21238,-22.2,-1453,-25.4,132,5.9
"06081","5","2379","76","0","2024","4","",6,241,232,223,10141059,86072,4343,3362,"",0.23,0.64,0.62,0.61,0.43,0.27,0.20,0.69,"",0,0.0,-109,-31.1,-105,-31.2,-115,-34.0,-8145069,-44.5,-99484,-53.6,-5508,-55.9,-755,-18.3
"06081","5","23799","77","0","2024","4","",6,241,232,223,10141059,86072,4343,3362,"",0.23,0.64,0.62,0.61,0.43,0.27,0.20,0.69,"",0,0.0,-109,-31.1,-105,-31.2,-115,-34.0,-8145069,-44.5,-99484,-53.6,-5508,-55.9,-755,-18.3
"06081","5","237990","78","0","2024","4","",6,241,232,223,10141059,86072,4343,3362,"",0.23,0.64,0.62,0.61,0.43,0.27,0.20,0.69,"",0,0.0,-109,-31.1,-105,-31.2,-115,-34.0,-8145069,-44.5,-99484,-53.6,-5508,-55.9,-755,-18.3
"06081","5","238","75","0","2024","4","",1109,9022,8963,8882,243281077,6876135,271595,2090,"",0.71,0.65,0.65,0.65,0.36,0.61,0.49,0.55,"",-4,-0.4,-637,-6.6,-586,-6.1,-522,-5.6,-5490236,-2.2,-719276,-9.5,-5541,-2.0,84,4.2
"06081","5","2381","76","0","2024","4","",169,1128,1141,1119,22564958,748807,24284,1537,"",0.54,0.43,0.43,0.43,0.19,0.31,0.21,0.44,"",-11,-6.1,-70,-5.8,-39,-3.3,-49,-4.2,-2160555,-8.7,-306737,-29.1,-6925,-22.2,-72,-4.5
"06081","5","23811","77","0","2024","4","",31,241,245,241,5539657,128426,5101,1758,"",0.47,0.35,0.36,0.36,0.18,0.21,0.17,0.49,"",-1,-3.1,-97,-28.7,-83,-25.3,-79,-24.7,-1451883,-20.8,-193815,-60.1,-6562,-56.3,122,7.5
"06081","5","238111","78","0","2024","4","N",28,0,0,0,0,0,0,0,"N",0.58,0,0,0,0,0,0,0,"N",-1,-3.4,0,0,0,0,0,0,0,0,0,0,0,0,0,0
"06081","5","238112","78","0","2024","4","N",3,0,0,0,0,0,0,0,"N",0.17,0,0,0,0,0,0,0,"N",0,0.0,0,0,0,0,0,0,0,0,0,0,0,0,0,0
"06081","5","23812","77","0","2024","4","",5,29,29,25,526251,13718,499,1463,"",0.33,0.13,0.13,0.11,0.04,0.06,0.03,0.36,"N",-3,-37.5,0,0,0,0,0,0,0,0,0,0,0,0,0,0
"06081","5","238121","78","0","2024","4","N",2,0,0,0,0,0,0,0,"N",0.49,0,0,0,0,0,0,0,"N",1,100.0,0,0,0,0,0,0,0,0,0,0,0,0,0,0
"06081","5","238122","78","0","2024","4","N",3,0,0,0,0,0,0,0,"N",0.28,0,0,0,0,0,0,0,"N",-4,-57.1,0,0,0,0,0,0,0,0,0,0,0,0,0,0
"06081","5","23813","77","0","2024","4","",12,43,48,50,974319,66482,2119,1595,"",0.39,0.20,0.22,0.23,0.11,0.26,0.23,0.53,"",-1,-7.7,-5,-10.4,-4,-7.7,0,0.0,-162566,-14.3,-13393,-16.8,76,3.7,-154,-8.8
"06081","5","238131","78","0","2024","4","",12,43,48,50,974319,66482,2119,1595,"",0.45,0.25,0.28,0.29,0.16,0.32,0.32,0.57,"",-1,-7.7,-5,-10.4,-4,-7.7,0,0.0,-162566,-14.3,-13393,-16.8,76,3.7,-154,-8.8
"06081","5","23814","77","0","2024","4","",19,72,73,69,1406581,51443,1060,1517,"",0.37,0.19,0.19,0.19,0.09,0.15,0.05,0.48,"",-2,-9.5,-11,-13.3,-10,-12.0,-7,-9.2,-420319,-23.0,-11421,-18.2,-621,-36.9,-225,-12.9
"06081","5","238141","78","0","2024","4","N",18,0,0,0,0,0,0,0,"N",0.47,0,0,0,0,0,0,0,"N",-2,-10.0,0,0,0,0,0,0,0,0,0,0,0,0,0,0
"06081","5","238142","78","0","2024","4","N",1,0,0,0,0,0,0,0,"N",0.08,0,0,0,0,0,0,0,"N",0,0.0,0,0,0,0,0,0,0,0,0,0,0,0,0,0
"06081","5","23815","77","0","2024","4","",14,97,98,97,2799377,76703,2962,2212,"",0.67,0.50,0.50,0.50,0.30,0.57,0.45,0.59,"",-1,-6.7,14,16.9,13,15.3,9,10.2,-365339,-11.5,61737,412.5,2319,360.7,-641,-22.5
"06081","5","238151","78","0","2024","4","N",12,0,0,0,0,0,0,0,"N",0.96,0,0,0,0,0,0,0,"N",0,0.0,0,0,0,0,0,0,0,0,0,0,0,0,0,0
"06081","5","238152","78","0","2024","4","N",2,0,0,0,0,0,0,0,"N",0.23,0,0,0,0,0,0,0,"N",-1,-33.3,0,0,0,0,0,0,0,0,0,0,0,0,0,0
"06081","5","23816","77","0","2024","4","",70,562,555,545,9763786,347041,10562,1356,"",0.83,0.83,0.82,0.82,0.31,0.62,0.43,0.37,"",-3,-4.1,31,5.8,41,8.0,26,5.0,476123,5.1,-67997,-16.4,90,0.9,-14,-1.0
"06081","5","238161","78","0","2024","4","",65,515,502,495,8543909,304372,8853,1304,"",0.96,1.42,1.37,1.37,0.54,0.86,0.66,0.39,"",-2,-3.0,13,2.6,16,3.3,4,0.8,-242862,-2.8,-96412,-24.1,-1262,-12.5,-67,-4.9
"06081","5","238162","78","0","2024","4","",5,47,53,50,1219877,42669,1709,1877,"",0.30,0.15,0.17,0.17,0.08,0.21,0.15,0.46,"",-1,-16.7,18,62.1,25,89.3,22,78.6,718985,143.5,28415,199.3,1352,378.7,517,38.0
"06081","5","23817","77","0","2024","4","",9,70,74,74,1240205,56994,1637,1313,"",0.39,0.60,0.64,0.65,0.26,0.43,0.34,0.42,"",-1,-10.0,-1,-1.4,1,1.4,2,2.8,46715,3.9,-31520,-35.6,-215,-11.6,38,3.0
"06081","5","238171","78","0","2024","4","",9,70,74,74,1240205,56994,1637,1313,"",0.41,0.69,0.73,0.74,0.31,0.48,0.41,0.44,"",-1,-10.0,-1,-1.4,1,1.4,2,2.8,46715,3.9,-31520,-35.6,-215,-11.6,38,3.0
"06081","5","23819","77","0","2024","4","",9,14,19,18,314782,8000,344,1424,"",0.40,0.10,0.14,0.14,0.05,0.06,0.06,0.40,"N",1,12.5,0,0,0,0,0,0,0,0,0,0,0,0,0,0
"06081","5","238191","78","0","2024","4","N",8,0,0,0,0,0,0,0,"N",0.60,0,0,0,0,0,0,0,"N",1,14.3,0,0,0,0,0,0,0,0,0,0,0,0,0,0
"06081","5","238192","78","0","2024","4","N",1,0,0,0,0,0,0,0,"N",0.11,0,0,0,0,0,0,0,"N",0,0.0,0,0,0,0,0,0,0,0,0,0,0,0,0,0
"06081","5","2382","76","0","2024","4","",479,4537,4561,4563,148726957,3815658,165219,2512,"",0.77,0.67,0.67,0.67,0.41,0.75,0.68,0.61,"",10,2.1,-392,-8.0,-303,-6.2,-290,-6.0,1546203,1.1,43084,1.1,11540,7.5,193,8.3
"06081","5","23821","77","0","2024","4","",206,1626,1619,1623,52826028,1583835,69098,2504,"",0.78,0.56,0.55,0.55,0.33,0.68,0.59,0.60,"",7,3.5,-5,-0.3,-11,-0.7,-22,-1.3,8001006,17.8,288866,22.3,18521,36.6,396,18.8
"06081","5","238211","78","0","2024","4","",167,1106,1123,1115,35600764,1223248,51510,2457,"",1.04,1.16,1.17,1.16,0.83,1.42,1.66,0.71,"",4,2.5,113,11.4,126,12.6,112,11.2,9875315,38.4,453474,58.9,25974,101.7,473,23.8
"06081","5","238212","78","0","2024","4","",39,520,496,508,17225264,360587,17588,2608,"",0.38,0.26,0.25,0.26,0.15,0.24,0.20,0.58,"",3,8.3,-118,-18.5,-137,-21.6,-134,-20.9,-1874309,-9.8,-164608,-31.3,-7453,-29.8,304,13.2
"06081","5","23822","77","0","2024","4","",249,2564,2586,2589,81395922,2083222,91786,2427,"",0.77,0.75,0.76,0.76,0.47,0.85,0.85,0.62,"",4,1.6,-379,-12.9,-292,-10.1,-260,-9.1,-7752331,-8.7,-228621,-9.9,-6824,-6.9,54,2.3
"06081","5","238221","78","0","2024","4","",201,1340,1332,1339,32429546,930697,27436,1866,"",0.81,0.75,0.75,0.75,0.42,0.68,0.58,0.57,"",3,1.5,-109,-7.5,-71,-5.1,-62,-4.4,-1255354,-3.7,-167239,-15.2,-10368,-27.4,38,2.1
"06081","5","238222","78","0","2024","4","",48,1224,1254,1250,48966376,1152525,64350,3031,"",0.62,0.75,0.77,0.76,0.50,1.07,1.06,0.66,"",1,2.1,-270,-18.1,-221,-15.0,-198,-13.7,-6496977,-11.7,-61382,-5.1,3544,5.8,133,4.6
"06081","5","23829","77","0","2024","4","",24,347,356,351,14505007,148601,4335,3176,"",0.72,0.81,0.83,0.82,0.54,0.48,0.24,0.66,"",-1,-4.0,-8,-2.3,0,0.0,-8,-2.2,1297528,9.8,-17161,-10.4,-157,-3.5,328,11.5
"06081","5","238291","78","0","2024","4","",11,45,45,41,1074521,21307,836,1893,"",1.28,1.04,1.04,0.95,0.57,0.60,0.54,0.57,"",1,10.0,4,9.8,2,4.7,-2,-4.7,-98913,-8.4,-15903,-42.7,-294,-26.0,-239,-11.2
"06081","5","238292","78","0","2024","4","",13,302,311,310,13430486,127294,3499,3358,"",0.52,0.79,0.81,0.81,0.54,0.46,0.21,0.68,"",-2,-13.3,-12,-3.8,-2,-0.6,-6,-1.9,1396441,11.6,-1258,-1.0,137,4.1,413,14.0
"06081","5","2383","76","0","2024","4","",373,2588,2512,2478,56037316,1692946,62760,1706,"",1.03,1.16,1.14,1.14,0.58,0.85,0.67,0.51,"",-4,-1.1,-102,-3.8,-164,-6.1,-115,-4.4,-371722,-0.7,-555648,-24.7,-13596,-17.8,70,4.3
"06081","5","23831","77","0","2024","4","",43,537,504,496,10910183,358226,13006,1638,"",0.73,0.82,0.77,0.76,0.33,0.57,0.39,0.43,"",-1,-2.3,50,10.3,6,1.2,5,1.0,-208436,-1.9,-217629,-37.8,-7903,-37.8,-100,-5.8
"06081","5","238311","78","0","2024","4","",35,435,409,398,7940008,335921,11840,1475,"",0.82,1.38,1.31,1.29,0.65,1.03,1.03,0.49,"",3,9.4,109,33.4,80,24.3,64,19.2,1080222,15.7,29810,9.7,4664,65.0,-126,-7.9
"06081","5","238312","78","0","2024","4","",8,102,95,98,2970175,22305,1166,2323,"",0.50,0.30,0.28,0.29,0.14,0.07,0.05,0.51,"",-4,-33.3,-59,-36.6,-74,-43.8,-59,-37.6,-1288658,-30.3,-247439,-91.7,-12567,-91.5,305,15.1
"06081","5","23832","77","0","2024","4","",161,829,782,765,14366274,601483,19020,1395,"",1.45,1.50,1.44,1.45,0.70,1.13,0.80,0.48,"",1,0.6,-54,-6.1,-77,-9.0,-49,-6.0,-716212,-4.7,-101728,-14.5,-669,-3.4,33,2.4
"06081","5","238321","78","0","2024","4","",152,780,727,708,12920337,566536,17164,1346,"",1.63,2.23,2.12,2.14,1.16,1.56,1.34,0.54,"",1,0.7,-43,-5.2,-77,-9.6,-53,-7.0,-566149,-4.2,-103080,-15.4,-975,-5.4,43,3.3
"06081","5","238322","78","0","2024","4","",9,49,55,57,1445937,34947,1856,2073,"",0.51,0.24,0.28,0.29,0.15,0.20,0.17,0.57,"",0,0.0,-11,-18.3,0,0.0,4,7.5,-150063,-9.4,1352,4.0,306,19.7,-119,-5.4
"06081","5","23833","77","0","2024","4","",66,421,433,424,11439662,300604,13592,2066,"",1.28,1.98,2.05,2.02,1.24,1.76,1.92,0.62,"",2,3.1,-38,-8.3,-35,-7.5,-10,-2.3,414620,3.8,14891,5.2,2237,19.7,197,10.5
"06081","5","238331","78","0","2024","4","",59,252,263,250,4487176,140631,4058,1354,"",1.39,1.81,1.89,1.81,0.86,1.16,1.00,0.47,"",2,3.5,-52,-17.1,-32,-10.8,-30,-10.7,-242054,-5.1,-5469,-3.7,168,4.3,112,9.0
"06081","5","238332","78","0","2024","4","",7,169,170,174,6952486,159973,9534,3128,"",0.77,2.30,2.36,2.42,1.73,3.20,3.19,0.73,"",0,0.0,14,9.0,-3,-1.7,20,13.0,656674,10.4,20360,14.6,2069,27.7,114,3.8
"06081","5","23834","77","0","2024","4","",41,325,316,325,7002690,156399,4906,1673,"",1.50,2.28,2.22,2.31,1.25,1.26,0.93,0.55,"",-3,-6.8,-40,-11.0,-44,-12.2,-34,-9.5,-439110,-5.9,-167294,-51.7,-6315,-56.3,89,5.6
"06081","5","238341","78","0","2024","4","N",38,0,0,0,0,0,0,0,"N",1.57,0,0,0,0,0,0,0,"N",-3,-7.3,0,0,0,0,0,0,0,0,0,0,0,0,0,0
"06081","5","238342","78","0","2024","4","N",3,0,0,0,0,0,0,0,"N",0.94,0,0,0,0,0,0,0,"N",0,0.0,0,0,0,0,0,0,0,0,0,0,0,0,0,0
"06081","5","23835","77","0","2024","4","",43,246,257,252,6054182,202339,9234,1850,"",0.50,0.58,0.61,0.60,0.34,0.56,0.67,0.57,"",-3,-6.5,-22,-8.2,-16,-5.9,-12,-4.5,282619,4.9,12771,6.7,3262,54.6,195,11.8
"06081","5","238351","78","0","2024","4","",36,186,191,191,4428131,137933,5780,1799,"",0.47,0.55,0.56,0.57,0.33,0.47,0.60,0.60,"",-2,-5.3,-25,-11.8,-23,-10.7,-9,-4.5,103148,2.4,22612,19.6,2403,71.2,202,12.6
"06081","5","238352","78","0","2024","4","",7,60,66,61,1626051,64406,3454,2007,"",0.73,0.69,0.76,0.71,0.36,0.96,0.81,0.50,"",-1,-12.5,3,5.3,7,11.9,-3,-4.7,179471,12.4,-9841,-13.3,859,33.1,152,8.2
"06081","5","23839","77","0","2024","4","",19,230,220,216,6264325,73895,3002,2171,"",0.67,0.97,0.94,0.95,0.61,0.40,0.30,0.63,"",0,0.0,2,0.9,2,0.9,-15,-6.5,294797,4.9,-96659,-56.7,-4208,-58.4,136,6.7
"06081","5","238391","78","0","2024","4","",12,84,89,87,2322659,32560,821,2062,"",0.73,0.83,0.88,0.88,0.56,0.41,0.26,0.65,"",0,0.0,-3,-3.4,5,6.0,3,3.6,203814,9.6,-3365,-9.4,-29,-3.4,144,7.5
"06081","5","238392","78","0","2024","4","",7,146,131,129,3941666,41335,2181,2240,"",0.58,1.08,0.99,1.01,0.63,0.39,0.32,0.62,"",0,0.0,5,3.5,-3,-2.2,-18,-12.2,90983,2.4,-93294,-69.3,-4179,-65.7,134,6.4
"06081","5","2389","76","0","2024","4","",88,769,749,722,15951846,618724,19332,1643,"",0.33,0.35,0.35,0.35,0.16,0.34,0.19,0.44,"",1,1.1,-73,-8.7,-80,-9.7,-68,-8.6,-4504162,-22.0,100025,19.3,3440,21.6,-275,-14.3
"06081","5","23891","77","0","2024","4","",39,401,394,378,8623295,323513,11281,1696,"",0.35,0.36,0.36,0.35,0.16,0.34,0.23,0.45,"",1,2.6,-57,-12.4,-74,-15.8,-52,-12.1,-4371934,-33.6,2531,0.8,-91,-0.8,-516,-23.3
"06081","5","238911","78","0","2024","4","",22,235,253,248,4441831,237712,7904,1393,"",0.34,0.58,0.62,0.63,0.26,0.57,0.43,0.43,"",0,0.0,-44,-15.8,-27,-9.6,-1,-0.4,-3426347,-43.5,59328,33.3,3620,84.5,-854,-38.0
"06081","5","238912","78","0","2024","4","",17,166,141,130,4181464,85801,3377,2208,"",0.37,0.24,0.21,0.19,0.12,0.16,0.11,0.54,"",1,6.2,-13,-7.3,-47,-25.0,-51,-28.2,-945587,-18.4,-56797,-39.8,-3711,-52.4,49,2.3
"06081","5","23899","77","0","2024","4","",49,368,355,344,7328551,295211,8051,1585,"",0.32,0.34,0.34,0.35,0.15,0.34,0.15,0.44,"",0,0.0,-16,-4.2,-6,-1.7,-16,-4.4,-132228,-1.8,97494,49.3,3531,78.1,27,1.7
"06081","5","238991","78","0","2024","4","",38,297,279,284,5929151,248286,5721,1591,"",0.37,0.56,0.54,0.59,0.29,0.57,0.25,0.51,"",0,0.0,-12,-3.9,-24,-7.9,-22,-7.2,-83169,-1.4,83809,51.0,2352,69.8,80,5.3
"06081","5","238992","78","0","2024","4","",11,71,76,60,1399400,46925,2330,1560,"",0.22,0.13,0.14,0.12,0.05,0.11,0.08,0.38,"",0,0.0,-4,-5.3,18,31.0,6,11.1,-49059,-3.4,13685,41.2,1179,102.4,-227,-12.7
"06081","5","31-33","74","0","2024","4","",654,20311,20296,20239,832046193,9381979,316917,3156,"",0.62,0.61,0.61,0.60,0.48,0.54,0.64,0.78,"",-18,-2.7,-2140,-9.5,-2158,-9.6,-2335,-10.3,-131642025,-13.7,-1182448,-11.2,-3610,-1.1,-140,-4.2
"06081","5","311","75","0","2024","4","",101,2808,2885,2821,52892628,2970313,120641,1434,"",0.90,0.60,0.62,0.60,0.30,0.85,1.25,0.49,"",-4,-3.8,8,0.3,-25,-0.9,-86,-3.0,1594844,3.1,-511479,-14.7,-10912,-8.3,60,4.4
"06081","5","3113","76","0","2024","4","",7,701,745,671,21632644,1320580,76375,2358,"",1.11,3.11,3.28,2.95,2.30,7.80,11.43,0.74,"N",-1,-12.5,0,0,0,0,0,0,0,0,0,0,0,0,0,0
"06081","5","31134","77","0","2024","4","N",3,0,0,0,0,0,0,0,"N",1.54,0,0,0,0,0,0,0,"N",-1,-25.0,0,0,0,0,0,0,0,0,0,0,0,0,0,0
"06081","5","311340","78","0","2024","4","N",3,0,0,0,0,0,0,0,"N",1.54,0,0,0,0,0,0,0,"N",-1,-25.0,0,0,0,0,0,0,0,0,0,0,0,0,0,0
"06081","5","31135","77","0","2024","4","N",4,0,0,0,0,0,0,0,"N",0.99,0,0,0,0,0,0,0,"N",0,0.0,0,0,0,0,0,0,0,0,0,0,0,0,0,0
"06081","5","311351","78","0","2024","4","N",2,0,0,0,0,0,0,0,"N",2.13,0,0,0,0,0,0,0,"N",0,0.0,0,0,0,0,0,0,0,0,0,0,0,0,0,0
"06081","5","311352","78","0","2024","4","N",2,0,0,0,0,0,0,0,"N",0.64,0,0,0,0,0,0,0,"N",0,0.0,0,0,0,0,0,0,0,0,0,0,0,0,0,0
"06081","5","3114","76","0","2024","4","",8,91,89,88,1476550,37567,839,1271,"",1.05,0.19,0.20,0.20,0.08,0.08,0.05,0.41,"N",1,14.3,0,0,0,0,0,0,0,0,0,0,0,0,0,0
"06081","5","31141","77","0","2024","4","N",4,0,0,0,0,0,0,0,"N",1.24,0,0,0,0,0,0,0,"N",0,0.0,0,0,0,0,0,0,0,0,0,0,0,0,0,0
"06081","5","311411","78","0","2024","4","N",1,0,0,0,0,0,0,0,"N",1.08,0,0,0,0,0,0,0,"N",0,0.0,0,0,0,0,0,0,0,0,0,0,0,0,0,0
"06081","5","311412","78","0","2024","4","N",3,0,0,0,0,0,0,0,"N",1.30,0,0,0,0,0,0,0,"N",0,0.0,0,0,0,0,0,0,0,0,0,0,0,0,0,0
"06081","5","31142","77","0","2024","4","N",4,0,0,0,0,0,0,0,"N",0.91,0,0,0,0,0,0,0,"N",1,33.3,0,0,0,0,0,0,0,0,0,0,0,0,0,0
"06081","5","311421","78","0","2024","4","N",3,0,0,0,0,0,0,0,"N",0.99,0,0,0,0,0,0,0,"N",1,50.0,0,0,0,0,0,0,0,0,0,0,0,0,0,0
"06081","5","311422","78","0","2024","4","N",1,0,0,0,0,0,0,0,"N",2.35,0,0,0,0,0,0,0,"N",0,0.0,0,0,0,0,0,0,0,0,0,0,0,0,0,0
"06081","5","3115","76","0","2024","4","N",5,0,0,0,0,0,0,0,"N",0.66,0,0,0,0,0,0,0,"N",-1,-16.7,0,0,0,0,0,0,0,0,0,0,0,0,0,0
"06081","5","31151","77","0","2024","4","N",2,0,0,0,0,0,0,0,"N",0.41,0,0,0,0,0,0,0,"N",0,0.0,0,0,0,0,0,0,0,0,0,0,0,0,0,0
"06081","5","311513","78","0","2024","4","N",2,0,0,0,0,0,0,0,"N",1.04,0,0,0,0,0,0,0,"N",0,0.0,0,0,0,0,0,0,0,0,0,0,0,0,0,0
"06081","5","31152","77","0","2024","4","",3,47,47,48,926058,18536,289,1505,"",1.09,0.71,0.73,0.75,0.41,0.45,0.23,0.57,"N",-1,-25.0,0,0,0,0,0,0,0,0,0,0,0,0,0,0
"06081","5","311520","78","0","2024","4","",3,47,47,48,926058,18536,289,1505,"",1.09,0.71,0.73,0.75,0.41,0.45,0.23,0.57,"N",-1,-25.0,0,0,0,0,0,0,0,0,0,0,0,0,0,0
"06081","5","3116","76","0","2024","4","N",2,0,0,0,0,0,0,0,"N",0.16,0,0,0,0,0,0,0,"N",-2,-50.0,0,0,0,0,0,0,0,0,0,0,0,0,0,0
"06081","5","31161","77","0","2024","4","N",2,0,0,0,0,0,0,0,"N",0.16,0,0,0,0,0,0,0,"N",-2,-50.0,0,0,0,0,0,0,0,0,0,0,0,0,0,0
"06081","5","311611","78","0","2024","4","N",1,0,0,0,0,0,0,0,"N",0.23,0,0,0,0,0,0,0,"N",0,0.0,0,0,0,0,0,0,0,0,0,0,0,0,0,0
"06081","5","311612","78","0","2024","4","N",1,0,0,0,0,0,0,0,"N",0.19,0,0,0,0,0,0,0,"N",-1,-50.0,0,0,0,0,0,0,0,0,0,0,0,0,0,0
"06081","5","3118","76","0","2024","4","",62,1627,1650,1668,21358382,1409814,37287,997,"",1.47,1.76,1.77,1.78,0.74,1.91,1.75,0.42,"",0,0.0,67,4.3,64,4.0,40,2.5,1186432,5.9,-353634,-20.1,-1476,-3.8,22,2.3
"06081","5","31181","77","0","2024","4","",58,1605,1632,1646,21237395,1389443,36610,1004,"",1.55,2.25,2.28,2.28,1.02,2.36,2.12,0.45,"",0,0.0,61,4.0,65,4.1,39,2.4,1195225,6.0,-357146,-20.4,-1622,-4.2,24,2.4
"06081","5","311811","78","0","2024","4","",33,528,528,552,4793946,500318,11796,688,"",1.30,1.89,1.87,1.93,0.91,1.93,1.50,0.48,"",0,0.0,34,6.9,20,3.9,20,3.8,214094,4.7,19573,4.1,1042,9.7,-1,-0.1
"06081","5","311812","78","0","2024","4","",21,1040,1064,1054,16101800,856384,23889,1177,"",1.87,2.62,2.68,2.65,1.13,2.85,2.73,0.43,"",0,0.0,24,2.4,37,3.6,12,1.2,949257,6.3,-391784,-31.4,-2868,-10.7,44,3.9
"06081","5","311813","78","0","2024","4","",4,37,40,40,341649,32741,925,674,"",4.97,1.00,1.08,1.07,0.25,1.11,1.39,0.24,"",0,0.0,3,8.8,8,25.0,7,21.2,31874,10.3,15065,85.2,204,28.3,-48,-6.6
"06081","5","31182","77","0","2024","4","N",3,0,0,0,0,0,0,0,"N",0.90,0,0,0,0,0,0,0,"N",0,0.0,0,0,0,0,0,0,0,0,0,0,0,0,0,0
"06081","5","311821","78","0","2024","4","N",3,0,0,0,0,0,0,0,"N",1.49,0,0,0,0,0,0,0,"N",0,0.0,0,0,0,0,0,0,0,0,0,0,0,0,0,0
"06081","5","31183","77","0","2024","4","N",1,0,0,0,0,0,0,0,"N",0.73,0,0,0,0,0,0,0,"N",0,0.0,0,0,0,0,0,0,0,0,0,0,0,0,0,0
"06081","5","311830","78","0","2024","4","N",1,0,0,0,0,0,0,0,"N",0.73,0,0,0,0,0,0,0,"N",0,0.0,0,0,0,0,0,0,0,0,0,0,0,0,0,0
"06081","5","3119","76","0","2024","4","",17,295,308,303,7026321,157268,5453,1790,"",0.75,0.42,0.43,0.42,0.24,0.30,0.33,0.56,"",-1,-5.6,-57,-16.2,-49,-13.7,-53,-14.9,-124393,-1.7,-26981,-14.6,-476,-8.0,241,15.6
"06081","5","31191","77","0","2024","4","N",2,0,0,0,0,0,0,0,"N",0.65,0,0,0,0,0,0,0,"N",0,0.0,0,0,0,0,0,0,0,0,0,0,0,0,0,0
"06081","5","311911","78","0","2024","4","N",1,0,0,0,0,0,0,0,"N",1.11,0,0,0,0,0,0,0,"N",0,0.0,0,0,0,0,0,0,0,0,0,0,0,0,0,0
"06081","5","311919","78","0","2024","4","N",1,0,0,0,0,0,0,0,"N",0.46,0,0,0,0,0,0,0,"N",0,0.0,0,0,0,0,0,0,0,0,0,0,0,0,0,0
"06081","5","31192","77","0","2024","4","N",2,0,0,0,0,0,0,0,"N",0.43,0,0,0,0,0,0,0,"N",1,100.0,0,0,0,0,0,0,0,0,0,0,0,0,0,0
"06081","5","311920","78","0","2024","4","N",2,0,0,0,0,0,0,0,"N",0.43,0,0,0,0,0,0,0,"N",1,100.0,0,0,0,0,0,0,0,0,0,0,0,0,0,0
"06081","5","31193","77","0","2024","4","N",1,0,0,0,0,0,0,0,"N",1.04,0,0,0,0,0,0,0,"N",0,0.0,0,0,0,0,0,0,0,0,0,0,0,0,0,0
"06081","5","311930","78","0","2024","4","N",1,0,0,0,0,0,0,0,"N",1.04,0,0,0,0,0,0,0,"N",0,0.0,0,0,0,0,0,0,0,0,0,0,0,0,0,0
"06081","5","31194","77","0","2024","4","N",2,0,0,0,0,0,0,0,"N",0.62,0,0,0,0,0,0,0,"N",0,0.0,0,0,0,0,0,0,0,0,0,0,0,0,0,0
"06081","5","311941","78","0","2024","4","N",1,0,0,0,0,0,0,0,"N",0.76,0,0,0,0,0,0,0,"N",0,0.0,0,0,0,0,0,0,0,0,0,0,0,0,0,0
"06081","5","311942","78","0","2024","4","N",1,0,0,0,0,0,0,0,"N",0.52,0,0,0,0,0,0,0,"N",0,0.0,0,0,0,0,0,0,0,0,0,0,0,0,0,0
"06081","5","31199","77","0","2024","4","",10,230,243,241,6076243,117748,3119,1964,"",0.92,0.77,0.81,0.80,0.54,0.47,0.41,0.68,"",-2,-16.7,-65,-22.0,-55,-18.5,-53,-18.0,-202713,-3.2,-23388,-16.6,-159,-4.9,330,20.2
"06081","5","311991","78","0","2024","4","N",7,0,0,0,0,0,0,0,"N",1.39,0,0,0,0,0,0,0,"N",-1,-12.5,0,0,0,0,0,0,0,0,0,0,0,0,0,0
"06081","5","311999","78","0","2024","4","N",3,0,0,0,0,0,0,0,"N",0.51,0,0,0,0,0,0,0,"N",-1,-25.0,0,0,0,0,0,0,0,0,0,0,0,0,0,0
"06081","5","312","75","0","2024","4","",32,240,232,220,2652794,178422,5056,885,"",0.71,0.27,0.27,0.26,0.08,0.31,0.26,0.32,"",-1,-3.0,-27,-10.1,-20,-7.9,-21,-8.7,-271497,-9.3,-91219,-33.8,-1744,-25.6,-3,-0.3
"06081","5","3121","76","0","2024","4","",32,240,232,220,2652794,178422,5056,885,"",0.73,0.28,0.28,0.26,0.09,0.32,0.27,0.32,"",-1,-3.0,-27,-10.1,-20,-7.9,-21,-8.7,-271497,-9.3,-91219,-33.8,-1744,-25.6,-3,-0.3
"06081","5","31211","77","0","2024","4","N",1,0,0,0,0,0,0,0,"N",0.14,0,0,0,0,0,0,0,"N",0,0.0,0,0,0,0,0,0,0,0,0,0,0,0,0,0
"06081","5","312111","78","0","2024","4","N",1,0,0,0,0,0,0,0,"N",0.27,0,0,0,0,0,0,0,"N",0,0.0,0,0,0,0,0,0,0,0,0,0,0,0,0,0
"06081","5","31212","77","0","2024","4","",7,63,62,62,557579,81906,2750,688,"",0.44,0.22,0.22,0.22,0.07,0.38,0.41,0.31,"",1,16.7,-19,-23.2,-8,-11.4,-8,-11.4,-114600,-17.0,-24444,-23.0,107,4.0,-11,-1.6
"06081","5","312120","78","0","2024","4","",7,63,62,62,557579,81906,2750,688,"",0.44,0.22,0.22,0.22,0.07,0.38,0.41,0.31,"",1,16.7,-19,-23.2,-8,-11.4,-8,-11.4,-114600,-17.0,-24444,-23.0,107,4.0,-11,-1.6
"06081","5","31213","77","0","2024","4","",21,164,157,144,1927084,90895,2064,956,"",1.36,0.76,0.79,0.76,0.28,0.59,0.33,0.37,"",-1,-4.5,-5,-3.0,-8,-4.8,-12,-7.7,-187240,-8.9,-61117,-40.2,-1588,-43.5,-40,-4.0
"06081","5","312130","78","0","2024","4","",21,164,157,144,1927084,90895,2064,956,"",1.36,0.76,0.79,0.76,0.28,0.59,0.33,0.37,"",-1,-4.5,-5,-3.0,-8,-4.8,-12,-7.7,-187240,-8.9,-61117,-40.2,-1588,-43.5,-40,-4.0
"06081","5","31214","77","0","2024","4","N",3,0,0,0,0,0,0,0,"N",0.60,0,0,0,0,0,0,0,"N",-1,-25.0,0,0,0,0,0,0,0,0,0,0,0,0,0,0
"06081","5","312140","78","0","2024","4","N",3,0,0,0,0,0,0,0,"N",0.60,0,0,0,0,0,0,0,"N",-1,-25.0,0,0,0,0,0,0,0,0,0,0,0,0,0,0
"06081","5","313","75","0","2024","4","N",2,0,0,0,0,0,0,0,"N",0.28,0,0,0,0,0,0,0,"N",1,100.0,0,0,0,0,0,0,0,0,0,0,0,0,0,0
"06081","5","3133","76","0","2024","4","N",2,0,0,0,0,0,0,0,"N",0.60,0,0,0,0,0,0,0,"N",1,100.0,0,0,0,0,0,0,0,0,0,0,0,0,0,0
"06081","5","31331","77","0","2024","4","N",1,0,0,0,0,0,0,0,"N",0.36,0,0,0,0,0,0,0,"N",1,100.0,0,0,0,0,0,0,0,0,0,0,0,0,0,0
"06081","5","313310","78","0","2024","4","N",1,0,0,0,0,0,0,0,"N",0.36,0,0,0,0,0,0,0,"N",1,100.0,0,0,0,0,0,0,0,0,0,0,0,0,0,0
"06081","5","31332","77","0","2024","4","N",1,0,0,0,0,0,0,0,"N",1.82,0,0,0,0,0,0,0,"N",0,0.0,0,0,0,0,0,0,0,0,0,0,0,0,0,0
"06081","5","313320","78","0","2024","4","N",1,0,0,0,0,0,0,0,"N",1.82,0,0,0,0,0,0,0,"N",0,0.0,0,0,0,0,0,0,0,0,0,0,0,0,0,0
"06081","5","314","75","0","2024","4","",7,30,29,31,588316,8297,145,1509,"",0.43,0.12,0.11,0.12,0.07,0.05,0.04,0.57,"",-1,-12.5,-5,-14.3,-5,-14.7,-4,-11.4,1989,0.3,1433,20.9,32,28.3,208,16.0
"06081","5","3141","76","0","2024","4","",4,25,24,26,507231,8297,145,1561,"",1.00,0.25,0.24,0.25,0.14,0.19,0.14,0.59,"",0,0.0,-1,-3.8,-1,-4.0,1,4.0,65191,14.7,1433,20.9,32,28.3,219,16.3
"06081","5","31411","77","0","2024","4","N",1,0,0,0,0,0,0,0,"N",0.88,0,0,0,0,0,0,0,"N",0,0.0,0,0,0,0,0,0,0,0,0,0,0,0,0,0
"06081","5","314110","78","0","2024","4","N",1,0,0,0,0,0,0,0,"N",0.88,0,0,0,0,0,0,0,"N",0,0.0,0,0,0,0,0,0,0,0,0,0,0,0,0,0
"06081","5","31412","77","0","2024","4","N",3,0,0,0,0,0,0,0,"N",1.05,0,0,0,0,0,0,0,"N",0,0.0,0,0,0,0,0,0,0,0,0,0,0,0,0,0
"06081","5","314120","78","0","2024","4","N",3,0,0,0,0,0,0,0,"N",1.05,0,0,0,0,0,0,0,"N",0,0.0,0,0,0,0,0,0,0,0,0,0,0,0,0,0
"06081","5","3149","76","0","2024","4","",3,5,5,5,81085,0,0,1247,"",0.24,0.03,0.03,0.03,0.02,0.00,0.00,0.48,"",-1,-25.0,-4,-44.4,-4,-44.4,-5,-50.0,-63202,-43.8,0,0.0,0,0.0,58,4.9
"06081","5","31491","77","0","2024","4","N",2,0,0,0,0,0,0,0,"N",0.47,0,0,0,0,0,0,0,"N",-1,-33.3,0,0,0,0,0,0,0,0,0,0,0,0,0,0
"06081","5","314910","78","0","2024","4","N",2,0,0,0,0,0,0,0,"N",0.47,0,0,0,0,0,0,0,"N",-1,-33.3,0,0,0,0,0,0,0,0,0,0,0,0,0,0
"06081","5","31499","77","0","2024","4","N",1,0,0,0,0,0,0,0,"N",0.12,0,0,0,0,0,0,0,"N",0,0.0,0,0,0,0,0,0,0,0,0,0,0,0,0,0
"06081","5","314999","78","0","2024","4","N",1,0,0,0,0,0,0,0,"N",0.13,0,0,0,0,0,0,0,"N",0,0.0,0,0,0,0,0,0,0,0,0,0,0,0,0,0
"06081","5","315","75","0","2024","4","",6,78,71,76,798081,6550,406,819,"",0.36,0.36,0.33,0.35,0.10,0.05,0.08,0.29,"",-1,-14.3,-4,-4.9,-5,-6.6,-4,-5.0,-89550,-10.1,-4303,-39.6,-267,-39.7,-42,-4.9
"06081","5","3152","76","0","2024","4","",6,78,71,76,798081,6550,406,819,"",0.49,0.47,0.43,0.46,0.13,0.07,0.10,0.28,"",-1,-14.3,-4,-4.9,-5,-6.6,-4,-5.0,-89550,-10.1,-4303,-39.6,-267,-39.7,-42,-4.9
"06081","5","31521","77","0","2024","4","N",4,0,0,0,0,0,0,0,"N",0.71,0,0,0,0,0,0,0,"N",-1,-20.0,0,0,0,0,0,0,0,0,0,0,0,0,0,0
"06081","5","315210","78","0","2024","4","N",4,0,0,0,0,0,0,0,"N",0.71,0,0,0,0,0,0,0,"N",-1,-20.0,0,0,0,0,0,0,0,0,0,0,0,0,0,0
"06081","5","31525","77","0","2024","4","N",2,0,0,0,0,0,0,0,"N",0.30,0,0,0,0,0,0,0,"N",0,0.0,0,0,0,0,0,0,0,0,0,0,0,0,0,0
"06081","5","315250","78","0","2024","4","N",2,0,0,0,0,0,0,0,"N",0.30,0,0,0,0,0,0,0,"N",0,0.0,0,0,0,0,0,0,0,0,0,0,0,0,0,0
"06081","5","316","75","0","2024","4","N",1,0,0,0,0,0,0,0,"N",0.24,0,0,0,0,0,0,0,"N",-1,-50.0,0,0,0,0,0,0,0,0,0,0,0,0,0,0
"06081","5","3162","76","0","2024","4","N",1,0,0,0,0,0,0,0,"N",0.95,0,0,0,0,0,0,0,"N",0,0.0,0,0,0,0,0,0,0,0,0,0,0,0,0,0
"06081","5","31621","77","0","2024","4","N",1,0,0,0,0,0,0,0,"N",0.95,0,0,0,0,0,0,0,"N",0,0.0,0,0,0,0,0,0,0,0,0,0,0,0,0,0
"06081","5","316210","78","0","2024","4","N",1,0,0,0,0,0,0,0,"N",0.95,0,0,0,0,0,0,0,"N",0,0.0,0,0,0,0,0,0,0,0,0,0,0,0,0,0
"06081","5","321","75","0","2024","4","",13,179,174,175,3206798,21823,615,1402,"",0.31,0.17,0.16,0.16,0.08,0.03,0.03,0.47,"",0,0.0,-19,-9.6,-25,-12.6,-21,-10.7,-417678,-11.5,-78392,-78.2,-2163,-77.9,-8,-0.6
"06081","5","3219","76","0","2024","4","",13,179,174,175,3206798,21823,615,1402,"",0.45,0.28,0.27,0.27,0.13,0.04,0.05,0.49,"",0,0.0,-19,-9.6,-25,-12.6,-21,-10.7,-417678,-11.5,-78392,-78.2,-2163,-77.9,-8,-0.6
"06081","5","32191","77","0","2024","4","N",8,0,0,0,0,0,0,0,"N",0.87,0,0,0,0,0,0,0,"N",0,0.0,0,0,0,0,0,0,0,0,0,0,0,0,0,0
"06081","5","321911","78","0","2024","4","",4,60,58,56,1185710,1305,26,1573,"",1.24,0.39,0.39,0.37,0.19,0.01,0.01,0.51,"",0,0.0,-6,-9.1,-10,-14.7,-12,-17.6,-583978,-33.0,-60379,-97.9,-1629,-98.4,-449,-22.2
"06081","5","321918","78","0","2024","4","N",4,0,0,0,0,0,0,0,"N",0.89,0,0,0,0,0,0,0,"N",0,0.0,0,0,0,0,0,0,0,0,0,0,0,0,0,0
"06081","5","32192","77","0","2024","4","N",1,0,0,0,0,0,0,0,"N",0.12,0,0,0,0,0,0,0,"N",0,0.0,0,0,0,0,0,0,0,0,0,0,0,0,0,0
"06081","5","321920","78","0","2024","4","N",1,0,0,0,0,0,0,0,"N",0.12,0,0,0,0,0,0,0,"N",0,0.0,0,0,0,0,0,0,0,0,0,0,0,0,0,0
"06081","5","32199","77","0","2024","4","",4,88,86,88,1385752,19018,538,1221,"",0.36,0.44,0.43,0.44,0.18,0.14,0.12,0.41,"N",0,0.0,0,0,0,0,0,0,0,0,0,0,0,0,0,0
"06081","5","321991","78","0","2024","4","N",1,0,0,0,0,0,0,0,"N",0.90,0,0,0,0,0,0,0,"N",0,0.0,0,0,0,0,0,0,0,0,0,0,0,0,0,0
"06081","5","321999","78","0","2024","4","N",3,0,0,0,0,0,0,0,"N",0.40,0,0,0,0,0,0,0,"N",0,0.0,0,0,0,0,0,0,0,0,0,0,0,0,0,0
"06081","5","322","75","0","2024","4","",4,10,10,10,284259,0,0,2187,"",0.26,0.01,0.01,0.01,0.01,0.00,0.00,0.57,"",0,0.0,-3,-23.1,0,0.0,0,0.0,-90537,-24.2,0,0.0,0,0.0,-434,-16.6
"06081","5","3222","76","0","2024","4","",4,10,10,10,284259,0,0,2187,"",0.31,0.01,0.01,0.01,0.01,0.00,0.00,0.61,"",0,0.0,-3,-23.1,0,0.0,0,0.0,-90537,-24.2,0,0.0,0,0.0,-434,-16.6
"06081","5","32221","77","0","2024","4","N",1,0,0,0,0,0,0,0,"N",0.15,0,0,0,0,0,0,0,"N",0,0.0,0,0,0,0,0,0,0,0,0,0,0,0,0,0
"06081","5","322219","78","0","2024","4","N",1,0,0,0,0,0,0,0,"N",0.97,0,0,0,0,0,0,0,"N",0,0.0,0,0,0,0,0,0,0,0,0,0,0,0,0,0
"06081","5","32222","77","0","2024","4","N",1,0,0,0,0,0,0,0,"N",0.35,0,0,0,0,0,0,0,"N",0,0.0,0,0,0,0,0,0,0,0,0,0,0,0,0,0
"06081","5","322220","78","0","2024","4","N",1,0,0,0,0,0,0,0,"N",0.35,0,0,0,0,0,0,0,"N",0,0.0,0,0,0,0,0,0,0,0,0,0,0,0,0,0
"06081","5","32223","77","0","2024","4","N",2,0,0,0,0,0,0,0,"N",1.90,0,0,0,0,0,0,0,"N",0,0.0,0,0,0,0,0,0,0,0,0,0,0,0,0,0
"06081","5","322230","78","0","2024","4","N",2,0,0,0,0,0,0,0,"N",1.90,0,0,0,0,0,0,0,"N",0,0.0,0,0,0,0,0,0,0,0,0,0,0,0,0,0
"06081","5","323","75","0","2024","4","",39,644,645,649,15510474,238075,8609,1847,"",0.53,0.69,0.69,0.69,0.43,0.42,0.59,0.62,"",-2,-4.9,-33,-4.9,-11,-1.7,-12,-1.8,740533,5.0,5608,2.4,1181,15.9,138,8.1
"06081","5","3231","76","0","2024","4","",39,644,645,649,15510474,238075,8609,1847,"",0.53,0.69,0.69,0.69,0.43,0.42,0.59,0.62,"",-2,-4.9,-33,-4.9,-11,-1.7,-12,-1.8,740533,5.0,5608,2.4,1181,15.9,138,8.1
"06081","5","32311","77","0","2024","4","N",36,0,0,0,0,0,0,0,"N",0.51,0,0,0,0,0,0,0,"N",-2,-5.3,0,0,0,0,0,0,0,0,0,0,0,0,0,0
"06081","5","323111","78","0","2024","4","",28,583,586,590,14320757,209837,7767,1879,"",0.58,0.88,0.89,0.89,0.52,0.54,0.79,0.59,"",-2,-6.7,-11,-1.9,-11,-1.8,-12,-2.0,918075,6.8,15320,7.9,1660,27.2,154,8.9
"06081","5","323113","78","0","2024","4","N",8,0,0,0,0,0,0,0,"N",0.39,0,0,0,0,0,0,0,"N",0,0.0,0,0,0,0,0,0,0,0,0,0,0,0,0,0
"06081","5","32312","77","0","2024","4","N",3,0,0,0,0,0,0,0,"N",0.91,0,0,0,0,0,0,0,"N",0,0.0,0,0,0,0,0,0,0,0,0,0,0,0,0,0
"06081","5","323120","78","0","2024","4","N",3,0,0,0,0,0,0,0,"N",0.91,0,0,0,0,0,0,0,"N",0,0.0,0,0,0,0,0,0,0,0,0,0,0,0,0,0
"06081","5","324","75","0","2024","4","N",3,0,0,0,0,0,0,0,"N",0.43,0,0,0,0,0,0,0,"N",0,0.0,0,0,0,0,0,0,0,0,0,0,0,0,0,0
"06081","5","3241","76","0","2024","4","N",3,0,0,0,0,0,0,0,"N",0.43,0,0,0,0,0,0,0,"N",0,0.0,0,0,0,0,0,0,0,0,0,0,0,0,0,0
"06081","5","32411","77","0","2024","4","N",1,0,0,0,0,0,0,0,"N",0.55,0,0,0,0,0,0,0,"N",0,0.0,0,0,0,0,0,0,0,0,0,0,0,0,0,0
"06081","5","324110","78","0","2024","4","N",1,0,0,0,0,0,0,0,"N",0.55,0,0,0,0,0,0,0,"N",0,0.0,0,0,0,0,0,0,0,0,0,0,0,0,0,0
"06081","5","32412","77","0","2024","4","N",2,0,0,0,0,0,0,0,"N",0.55,0,0,0,0,0,0,0,"N",0,0.0,0,0,0,0,0,0,0,0,0,0,0,0,0,0
"06081","5","324121","78","0","2024","4","N",2,0,0,0,0,0,0,0,"N",0.72,0,0,0,0,0,0,0,"N",0,0.0,0,0,0,0,0,0,0,0,0,0,0,0,0,0
"06081","5","325","75","0","2024","4","",54,7991,7920,7905,474158571,1220592,32234,4594,"",0.80,3.40,3.36,3.34,2.98,1.31,1.21,0.88,"",2,3.8,-849,-9.6,-878,-10.0,-1027,-11.5,-19472222,-3.9,-566410,-31.7,-7891,-19.7,307,7.2
"06081","5","3251","76","0","2024","4","N",4,0,0,0,0,0,0,0,"N",0.37,0,0,0,0,0,0,0,"N",1,33.3,0,0,0,0,0,0,0,0,0,0,0,0,0,0
"06081","5","32518","77","0","2024","4","N",4,0,0,0,0,0,0,0,"N",1.47,0,0,0,0,0,0,0,"N",2,100.0,0,0,0,0,0,0,0,0,0,0,0,0,0,0
"06081","5","325180","78","0","2024","4","N",4,0,0,0,0,0,0,0,"N",1.47,0,0,0,0,0,0,0,"N",2,100.0,0,0,0,0,0,0,0,0,0,0,0,0,0,0
"06081","5","3252","76","0","2024","4","N",1,0,0,0,0,0,0,0,"N",0.18,0,0,0,0,0,0,0,"N",1,100.0,0,0,0,0,0,0,0,0,0,0,0,0,0,0
"06081","5","32521","77","0","2024","4","N",1,0,0,0,0,0,0,0,"N",0.21,0,0,0,0,0,0,0,"N",1,100.0,0,0,0,0,0,0,0,0,0,0,0,0,0,0
"06081","5","325211","78","0","2024","4","N",1,0,0,0,0,0,0,0,"N",0.24,0,0,0,0,0,0,0,"N",1,100.0,0,0,0,0,0,0,0,0,0,0,0,0,0,0
"06081","5","3253","76","0","2024","4","N",1,0,0,0,0,0,0,0,"N",0.24,0,0,0,0,0,0,0,"N",0,0.0,0,0,0,0,0,0,0,0,0,0,0,0,0,0
"06081","5","32531","77","0","2024","4","N",1,0,0,0,0,0,0,0,"N",0.36,0,0,0,0,0,0,0,"N",0,0.0,0,0,0,0,0,0,0,0,0,0,0,0,0,0
"06081","5","325314","78","0","2024","4","N",1,0,0,0,0,0,0,0,"N",0.72,0,0,0,0,0,0,0,"N",0,0.0,0,0,0,0,0,0,0,0,0,0,0,0,0,0
"06081","5","3254","76","0","2024","4","",40,7877,7811,7797,469729506,1190959,31229,4616,"",1.97,8.61,8.53,8.48,6.77,2.83,2.58,0.79,"",-1,-2.4,-874,-10.0,-900,-10.3,-1049,-11.9,-20675853,-4.2,-566455,-32.2,-7979,-20.4,314,7.3
"06081","5","32541","77","0","2024","4","",40,7877,7811,7797,469729506,1190959,31229,4616,"",1.97,8.61,8.53,8.48,6.77,2.83,2.58,0.79,"",-1,-2.4,-874,-10.0,-900,-10.3,-1049,-11.9,-20675853,-4.2,-566455,-32.2,-7979,-20.4,314,7.3
"06081","5","325411","78","0","2024","4","",4,47,44,44,1599728,0,0,2735,"",1.04,0.40,0.37,0.37,0.19,0.00,0.00,0.50,"",0,0.0,-18,-27.7,-21,-32.3,-21,-32.3,-488663,-23.4,-21000,-100.0,-581,-100.0,264,10.7
"06081","5","325412","78","0","2024","4","N",26,0,0,0,0,0,0,0,"N",2.00,0,0,0,0,0,0,0,"N",1,4.0,0,0,0,0,0,0,0,0,0,0,0,0,0,0
"06081","5","325413","78","0","2024","4","",4,44,46,45,1623631,28000,1736,2775,"",3.04,0.61,0.63,0.61,0.32,1.12,2.91,0.52,"N",1,33.3,0,0,0,0,0,0,0,0,0,0,0,0,0,0
"06081","5","325414","78","0","2024","4","N",6,0,0,0,0,0,0,0,"N",2.81,0,0,0,0,0,0,0,"N",-3,-33.3,0,0,0,0,0,0,0,0,0,0,0,0,0,0
"06081","5","3255","76","0","2024","4","N",1,0,0,0,0,0,0,0,"N",0.15,0,0,0,0,0,0,0,"N",1,100.0,0,0,0,0,0,0,0,0,0,0,0,0,0,0
"06081","5","32551","77","0","2024","4","N",1,0,0,0,0,0,0,0,"N",0.21,0,0,0,0,0,0,0,"N",1,100.0,0,0,0,0,0,0,0,0,0,0,0,0,0,0
"06081","5","325510","78","0","2024","4","N",1,0,0,0,0,0,0,0,"N",0.21,0,0,0,0,0,0,0,"N",1,100.0,0,0,0,0,0,0,0,0,0,0,0,0,0,0
"06081","5","3256","76","0","2024","4","",5,37,35,35,755070,12122,523,1628,"",0.47,0.12,0.12,0.12,0.05,0.08,0.12,0.38,"",0,0.0,-5,-11.9,-7,-16.7,-5,-12.5,21503,2.9,-2391,-16.5,99,23.3,263,19.3
"06081","5","32562","77","0","2024","4","",5,37,35,35,755070,12122,523,1628,"",1.05,0.25,0.24,0.24,0.11,0.13,0.20,0.44,"",0,0.0,-5,-11.9,-7,-16.7,-5,-12.5,21503,2.9,-2391,-16.5,99,23.3,263,19.3
"06081","5","325620","78","0","2024","4","",5,37,35,35,755070,12122,523,1628,"",1.05,0.25,0.24,0.24,0.11,0.13,0.20,0.44,"",0,0.0,-5,-11.9,-7,-16.7,-5,-12.5,21503,2.9,-2391,-16.5,99,23.3,263,19.3
"06081","5","3259","76","0","2024","4","N",2,0,0,0,0,0,0,0,"N",0.21,0,0,0,0,0,0,0,"N",0,0.0,0,0,0,0,0,0,0,0,0,0,0,0,0,0
"06081","5","32591","77","0","2024","4","N",1,0,0,0,0,0,0,0,"N",0.86,0,0,0,0,0,0,0,"N",0,0.0,0,0,0,0,0,0,0,0,0,0,0,0,0,0
"06081","5","325910","78","0","2024","4","N",1,0,0,0,0,0,0,0,"N",0.86,0,0,0,0,0,0,0,"N",0,0.0,0,0,0,0,0,0,0,0,0,0,0,0,0,0
"06081","5","32599","77","0","2024","4","N",1,0,0,0,0,0,0,0,"N",0.13,0,0,0,0,0,0,0,"N",0,0.0,0,0,0,0,0,0,0,0,0,0,0,0,0,0
"06081","5","325998","78","0","2024","4","N",1,0,0,0,0,0,0,0,"N",0.16,0,0,0,0,0,0,0,"N",0,0.0,0,0,0,0,0,0,0,0,0,0,0,0,0,0
"06081","5","326","75","0","2024","4","",9,173,169,168,4012652,86373,2490,1816,"",0.24,0.09,0.09,0.09,0.05,0.09,0.10,0.56,"",-1,-10.0,-3,-1.7,-8,-4.5,-6,-3.4,-11691,-0.3,-26948,-23.8,100,4.2,54,3.1
"06081","5","3261","76","0","2024","4","",9,173,169,168,4012652,86373,2490,1816,"",0.28,0.11,0.11,0.11,0.06,0.10,0.11,0.56,"",-1,-10.0,-3,-1.7,-8,-4.5,-6,-3.4,-11691,-0.3,-26948,-23.8,100,4.2,54,3.1
"06081","5","32611","77","0","2024","4","N",3,0,0,0,0,0,0,0,"N",0.64,0,0,0,0,0,0,0,"N",0,0.0,0,0,0,0,0,0,0,0,0,0,0,0,0,0
"06081","5","326112","78","0","2024","4","N",1,0,0,0,0,0,0,0,"N",0.58,0,0,0,0,0,0,0,"N",0,0.0,0,0,0,0,0,0,0,0,0,0,0,0,0,0
"06081","5","326113","78","0","2024","4","N",2,0,0,0,0,0,0,0,"N",1.38,0,0,0,0,0,0,0,"N",0,0.0,0,0,0,0,0,0,0,0,0,0,0,0,0,0
"06081","5","32619","77","0","2024","4","N",6,0,0,0,0,0,0,0,"N",0.33,0,0,0,0,0,0,0,"N",-1,-14.3,0,0,0,0,0,0,0,0,0,0,0,0,0,0
"06081","5","326199","78","0","2024","4","N",6,0,0,0,0,0,0,0,"N",0.35,0,0,0,0,0,0,0,"N",-1,-14.3,0,0,0,0,0,0,0,0,0,0,0,0,0,0
"06081","5","327","75","0","2024","4","",16,177,173,174,4378359,69560,1759,1928,"",0.34,0.16,0.16,0.16,0.08,0.12,0.08,0.53,"",0,0.0,-28,-13.7,-27,-13.5,-27,-13.4,-925821,-17.5,21385,44.4,244,16.1,-92,-4.6
"06081","5","3271","76","0","2024","4","N",2,0,0,0,0,0,0,0,"N",0.51,0,0,0,0,0,0,0,"N",0,0.0,0,0,0,0,0,0,0,0,0,0,0,0,0,0
"06081","5","32711","77","0","2024","4","N",1,0,0,0,0,0,0,0,"N",0.47,0,0,0,0,0,0,0,"N",0,0.0,0,0,0,0,0,0,0,0,0,0,0,0,0,0
"06081","5","327110","78","0","2024","4","N",1,0,0,0,0,0,0,0,"N",0.47,0,0,0,0,0,0,0,"N",0,0.0,0,0,0,0,0,0,0,0,0,0,0,0,0,0
"06081","5","32712","77","0","2024","4","N",1,0,0,0,0,0,0,0,"N",0.55,0,0,0,0,0,0,0,"N",0,0.0,0,0,0,0,0,0,0,0,0,0,0,0,0,0
"06081","5","327120","78","0","2024","4","N",1,0,0,0,0,0,0,0,"N",0.55,0,0,0,0,0,0,0,"N",0,0.0,0,0,0,0,0,0,0,0,0,0,0,0,0,0
"06081","5","3272","76","0","2024","4","N",1,0,0,0,0,0,0,0,"N",0.19,0,0,0,0,0,0,0,"N",0,0.0,0,0,0,0,0,0,0,0,0,0,0,0,0,0
"06081","5","32721","77","0","2024","4","N",1,0,0,0,0,0,0,0,"N",0.19,0,0,0,0,0,0,0,"N",0,0.0,0,0,0,0,0,0,0,0,0,0,0,0,0,0
"06081","5","327212","78","0","2024","4","N",1,0,0,0,0,0,0,0,"N",0.90,0,0,0,0,0,0,0,"N",0,0.0,0,0,0,0,0,0,0,0,0,0,0,0,0,0
"06081","5","3273","76","0","2024","4","",8,134,130,131,3517716,52624,1437,2055,"",0.32,0.24,0.24,0.24,0.13,0.17,0.10,0.54,"",0,0.0,-21,-13.5,-21,-13.9,-20,-13.2,-762080,-17.8,8952,20.5,80,5.9,-106,-4.9
"06081","5","32732","77","0","2024","4","N",6,0,0,0,0,0,0,0,"N",0.40,0,0,0,0,0,0,0,"N",0,0.0,0,0,0,0,0,0,0,0,0,0,0,0,0,0
"06081","5","327320","78","0","2024","4","N",6,0,0,0,0,0,0,0,"N",0.40,0,0,0,0,0,0,0,"N",0,0.0,0,0,0,0,0,0,0,0,0,0,0,0,0,0
"06081","5","32739","77","0","2024","4","N",2,0,0,0,0,0,0,0,"N",0.36,0,0,0,0,0,0,0,"N",0,0.0,0,0,0,0,0,0,0,0,0,0,0,0,0,0
"06081","5","327390","78","0","2024","4","N",2,0,0,0,0,0,0,0,"N",0.36,0,0,0,0,0,0,0,"N",0,0.0,0,0,0,0,0,0,0,0,0,0,0,0,0,0
"06081","5","3279","76","0","2024","4","",5,28,28,28,455465,14136,241,1251,"",0.43,0.13,0.13,0.13,0.05,0.12,0.07,0.36,"",0,0.0,-4,-12.5,-3,-9.7,-4,-12.5,-18321,-3.9,13833,4565.3,234,3342.9,100,8.7
"06081","5","32799","77","0","2024","4","",5,28,28,28,455465,14136,241,1251,"",0.47,0.15,0.15,0.15,0.06,0.13,0.08,0.37,"",0,0.0,-4,-12.5,-3,-9.7,-4,-12.5,-18321,-3.9,13833,4565.3,234,3342.9,100,8.7
"06081","5","327991","78","0","2024","4","",5,28,28,28,455465,14136,241,1251,"",0.64,0.31,0.31,0.31,0.13,0.22,0.14,0.43,"",0,0.0,-4,-12.5,-3,-9.7,-4,-12.5,-18321,-3.9,13833,4565.3,234,3342.9,100,8.7
"06081","5","331","75","0","2024","4","N",5,0,0,0,0,0,0,0,"N",0.31,0,0,0,0,0,0,0,"N",0,0.0,0,0,0,0,0,0,0,0,0,0,0,0,0,0
"06081","5","3312","76","0","2024","4","N",1,0,0,0,0,0,0,0,"N",0.27,0,0,0,0,0,0,0,"N",0,0.0,0,0,0,0,0,0,0,0,0,0,0,0,0,0
"06081","5","33121","77","0","2024","4","N",1,0,0,0,0,0,0,0,"N",0.61,0,0,0,0,0,0,0,"N",0,0.0,0,0,0,0,0,0,0,0,0,0,0,0,0,0
"06081","5","331210","78","0","2024","4","N",1,0,0,0,0,0,0,0,"N",0.61,0,0,0,0,0,0,0,"N",0,0.0,0,0,0,0,0,0,0,0,0,0,0,0,0,0
"06081","5","3313","76","0","2024","4","N",2,0,0,0,0,0,0,0,"N",0.92,0,0,0,0,0,0,0,"N",1,100.0,0,0,0,0,0,0,0,0,0,0,0,0,0,0
"06081","5","33131","77","0","2024","4","N",2,0,0,0,0,0,0,0,"N",0.92,0,0,0,0,0,0,0,"N",1,100.0,0,0,0,0,0,0,0,0,0,0,0,0,0,0
"06081","5","331314","78","0","2024","4","N",1,0,0,0,0,0,0,0,"N",2.81,0,0,0,0,0,0,0,"N",1,100.0,0,0,0,0,0,0,0,0,0,0,0,0,0,0
"06081","5","331318","78","0","2024","4","N",1,0,0,0,0,0,0,0,"N",1.05,0,0,0,0,0,0,0,"N",0,0.0,0,0,0,0,0,0,0,0,0,0,0,0,0,0
"06081","5","3314","76","0","2024","4","N",1,0,0,0,0,0,0,0,"N",0.34,0,0,0,0,0,0,0,"N",-1,-50.0,0,0,0,0,0,0,0,0,0,0,0,0,0,0
"06081","5","33149","77","0","2024","4","N",1,0,0,0,0,0,0,0,"N",0.62,0,0,0,0,0,0,0,"N",-1,-50.0,0,0,0,0,0,0,0,0,0,0,0,0,0,0
"06081","5","331492","78","0","2024","4","N",1,0,0,0,0,0,0,0,"N",1.43,0,0,0,0,0,0,0,"N",0,0.0,0,0,0,0,0,0,0,0,0,0,0,0,0,0
"06081","5","3315","76","0","2024","4","N",1,0,0,0,0,0,0,0,"N",0.23,0,0,0,0,0,0,0,"N",0,0.0,0,0,0,0,0,0,0,0,0,0,0,0,0,0
"06081","5","33151","77","0","2024","4","N",1,0,0,0,0,0,0,0,"N",0.51,0,0,0,0,0,0,0,"N",0,0.0,0,0,0,0,0,0,0,0,0,0,0,0,0,0
"06081","5","331513","78","0","2024","4","N",1,0,0,0,0,0,0,0,"N",1.50,0,0,0,0,0,0,0,"N",0,0.0,0,0,0,0,0,0,0,0,0,0,0,0,0,0
"06081","5","332","75","0","2024","4","",83,719,736,736,18286824,249784,7823,1926,"",0.51,0.19,0.20,0.19,0.10,0.13,0.14,0.53,"",-6,-6.7,-99,-12.1,-56,-7.1,-39,-5.0,823218,4.7,-126785,-33.7,-1596,-16.9,236,14.0
"06081","5","3321","76","0","2024","4","N",2,0,0,0,0,0,0,0,"N",0.33,0,0,0,0,0,0,0,"N",0,0.0,0,0,0,0,0,0,0,0,0,0,0,0,0,0
"06081","5","33211","77","0","2024","4","N",2,0,0,0,0,0,0,0,"N",0.33,0,0,0,0,0,0,0,"N",0,0.0,0,0,0,0,0,0,0,0,0,0,0,0,0,0
"06081","5","332119","78","0","2024","4","N",2,0,0,0,0,0,0,0,"N",0.60,0,0,0,0,0,0,0,"N",0,0.0,0,0,0,0,0,0,0,0,0,0,0,0,0,0
"06081","5","3323","76","0","2024","4","",31,216,230,233,5398947,89706,2658,1835,"",0.70,0.20,0.21,0.21,0.11,0.14,0.14,0.51,"",0,0.0,-35,-13.9,-3,-1.3,0,0.0,163225,3.1,-42348,-32.1,-1475,-35.7,150,8.9
"06081","5","33231","77","0","2024","4","",3,4,4,4,75062,0,0,1444,"",0.15,0.01,0.01,0.01,0.00,0.00,0.00,0.37,"",0,0.0,0,0.0,0,0.0,0,0.0,-854,-1.1,0,0.0,0,0.0,-16,-1.1
"06081","5","332311","78","0","2024","4","N",1,0,0,0,0,0,0,0,"N",0.25,0,0,0,0,0,0,0,"N",0,0.0,0,0,0,0,0,0,0,0,0,0,0,0,0,0
"06081","5","332312","78","0","2024","4","N",2,0,0,0,0,0,0,0,"N",0.19,0,0,0,0,0,0,0,"N",0,0.0,0,0,0,0,0,0,0,0,0,0,0,0,0,0
"06081","5","33232","77","0","2024","4","",28,212,226,229,5323885,89706,2658,1842,"",1.13,0.35,0.38,0.38,0.20,0.26,0.25,0.55,"",0,0.0,-35,-14.2,-3,-1.3,0,0.0,164079,3.2,-42348,-32.1,-1475,-35.7,153,9.1
"06081","5","332321","78","0","2024","4","N",6,0,0,0,0,0,0,0,"N",1.46,0,0,0,0,0,0,0,"N",0,0.0,0,0,0,0,0,0,0,0,0,0,0,0,0,0
"06081","5","332322","78","0","2024","4","N",6,0,0,0,0,0,0,0,"N",0.50,0,0,0,0,0,0,0,"N",0,0.0,0,0,0,0,0,0,0,0,0,0,0,0,0,0
"06081","5","332323","78","0","2024","4","",16,141,147,145,3849375,51552,1392,2052,"",1.83,1.20,1.26,1.24,0.73,0.63,0.53,0.59,"",0,0.0,-12,-7.8,0,0.0,-4,-2.7,247069,6.9,-34050,-39.8,-1080,-43.7,201,10.9
"06081","5","3325","76","0","2024","4","N",2,0,0,0,0,0,0,0,"N",0.87,0,0,0,0,0,0,0,"N",1,100.0,0,0,0,0,0,0,0,0,0,0,0,0,0,0
"06081","5","33251","77","0","2024","4","N",2,0,0,0,0,0,0,0,"N",0.87,0,0,0,0,0,0,0,"N",1,100.0,0,0,0,0,0,0,0,0,0,0,0,0,0,0
"06081","5","332510","78","0","2024","4","N",2,0,0,0,0,0,0,0,"N",0.87,0,0,0,0,0,0,0,"N",1,100.0,0,0,0,0,0,0,0,0,0,0,0,0,0,0
"06081","5","3326","76","0","2024","4","N",1,0,0,0,0,0,0,0,"N",0.29,0,0,0,0,0,0,0,"N",0,0.0,0,0,0,0,0,0,0,0,0,0,0,0,0,0
"06081","5","33261","77","0","2024","4","N",1,0,0,0,0,0,0,0,"N",0.29,0,0,0,0,0,0,0,"N",0,0.0,0,0,0,0,0,0,0,0,0,0,0,0,0,0
"06081","5","332613","78","0","2024","4","N",1,0,0,0,0,0,0,0,"N",0.94,0,0,0,0,0,0,0,"N",0,0.0,0,0,0,0,0,0,0,0,0,0,0,0,0,0
"06081","5","3327","76","0","2024","4","",36,366,368,364,9471067,123050,4139,1991,"",0.65,0.42,0.42,0.42,0.24,0.29,0.33,0.58,"",-5,-12.2,-22,-5.7,-14,-3.7,-15,-4.0,866579,10.1,-91356,-42.6,-241,-5.5,263,15.2
"06081","5","33271","77","0","2024","4","N",33,0,0,0,0,0,0,0,"N",0.67,0,0,0,0,0,0,0,"N",-5,-13.2,0,0,0,0,0,0,0,0,0,0,0,0,0,0
"06081","5","332710","78","0","2024","4","N",33,0,0,0,0,0,0,0,"N",0.67,0,0,0,0,0,0,0,"N",-5,-13.2,0,0,0,0,0,0,0,0,0,0,0,0,0,0
"06081","5","33272","77","0","2024","4","N",3,0,0,0,0,0,0,0,"N",0.49,0,0,0,0,0,0,0,"N",0,0.0,0,0,0,0,0,0,0,0,0,0,0,0,0,0
"06081","5","332721","78","0","2024","4","N",3,0,0,0,0,0,0,0,"N",0.74,0,0,0,0,0,0,0,"N",0,0.0,0,0,0,0,0,0,0,0,0,0,0,0,0,0
"06081","5","3328","76","0","2024","4","",6,112,113,114,2904638,36153,1013,1977,"",0.37,0.33,0.33,0.34,0.21,0.21,0.18,0.63,"",-1,-14.3,-34,-23.3,-32,-22.1,-18,-13.6,26854,0.9,17228,91.0,583,135.6,407,25.9
"06081","5","33281","77","0","2024","4","",6,112,113,114,2904638,36153,1013,1977,"",0.37,0.33,0.33,0.34,0.21,0.21,0.18,0.63,"",-1,-14.3,-34,-23.3,-32,-22.1,-18,-13.6,26854,0.9,17228,91.0,583,135.6,407,25.9
"06081","5","332812","78","0","2024","4","N",2,0,0,0,0,0,0,0,"N",0.25,0,0,0,0,0,0,0,"N",-1,-33.3,0,0,0,0,0,0,0,0,0,0,0,0,0,0
"06081","5","332813","78","0","2024","4","N",4,0,0,0,0,0,0,0,"N",0.64,0,0,0,0,0,0,0,"N",0,0.0,0,0,0,0,0,0,0,0,0,0,0,0,0,0
"06081","5","3329","76","0","2024","4","",5,16,16,16,307842,875,13,1480,"",0.21,0.02,0.02,0.02,0.01,0.00,0.00,0.37,"",-1,-16.7,-2,-11.1,-2,-11.1,-2,-11.1,-142955,-31.7,875,100.0,13,100.0,-446,-23.2
"06081","5","33291","77","0","2024","4","N",1,0,0,0,0,0,0,0,"N",0.19,0,0,0,0,0,0,0,"N",-1,-50.0,0,0,0,0,0,0,0,0,0,0,0,0,0,0
"06081","5","332912","78","0","2024","4","N",1,0,0,0,0,0,0,0,"N",0.66,0,0,0,0,0,0,0,"N",0,0.0,0,0,0,0,0,0,0,0,0,0,0,0,0,0
"06081","5","33299","77","0","2024","4","N",4,0,0,0,0,0,0,0,"N",0.21,0,0,0,0,0,0,0,"N",0,0.0,0,0,0,0,0,0,0,0,0,0,0,0,0,0
"06081","5","332999","78","0","2024","4","N",4,0,0,0,0,0,0,0,"N",0.32,0,0,0,0,0,0,0,"N",0,0.0,0,0,0,0,0,0,0,0,0,0,0,0,0,0
"06081","5","333","75","0","2024","4","",35,558,554,541,19053534,151317,5798,2660,"",0.38,0.19,0.19,0.19,0.12,0.12,0.16,0.63,"",2,6.1,267,91.8,255,85.3,244,82.2,11540087,153.6,-91059,-37.6,-2340,-28.8,705,36.1
"06081","5","3332","76","0","2024","4","N",6,0,0,0,0,0,0,0,"N",0.41,0,0,0,0,0,0,0,"N",1,20.0,0,0,0,0,0,0,0,0,0,0,0,0,0,0
"06081","5","33324","77","0","2024","4","N",6,0,0,0,0,0,0,0,"N",0.41,0,0,0,0,0,0,0,"N",1,20.0,0,0,0,0,0,0,0,0,0,0,0,0,0,0
"06081","5","333241","78","0","2024","4","N",1,0,0,0,0,0,0,0,"N",0.40,0,0,0,0,0,0,0,"N",0,0.0,0,0,0,0,0,0,0,0,0,0,0,0,0,0
"06081","5","333242","78","0","2024","4","N",2,0,0,0,0,0,0,0,"N",1.79,0,0,0,0,0,0,0,"N",0,0.0,0,0,0,0,0,0,0,0,0,0,0,0,0,0
"06081","5","333248","78","0","2024","4","N",3,0,0,0,0,0,0,0,"N",0.32,0,0,0,0,0,0,0,"N",1,50.0,0,0,0,0,0,0,0,0,0,0,0,0,0,0
"06081","5","3333","76","0","2024","4","",9,38,35,30,727519,23581,649,1630,"",1.08,0.16,0.15,0.13,0.06,0.24,0.22,0.37,"",1,12.5,4,11.8,2,6.1,-2,-6.2,-110349,-13.2,-8342,-26.1,-119,-15.5,-323,-16.5
"06081","5","33331","77","0","2024","4","",9,38,35,30,727519,23581,649,1630,"",1.08,0.16,0.15,0.13,0.06,0.24,0.22,0.37,"",1,12.5,4,11.8,2,6.1,-2,-6.2,-110349,-13.2,-8342,-26.1,-119,-15.5,-323,-16.5
"06081","5","333310","78","0","2024","4","",9,38,35,30,727519,23581,649,1630,"",1.08,0.16,0.15,0.13,0.06,0.24,0.22,0.37,"",1,12.5,4,11.8,2,6.1,-2,-6.2,-110349,-13.2,-8342,-26.1,-119,-15.5,-323,-16.5
"06081","5","3334","76","0","2024","4","N",2,0,0,0,0,0,0,0,"N",0.25,0,0,0,0,0,0,0,"N",0,0.0,0,0,0,0,0,0,0,0,0,0,0,0,0,0
"06081","5","33341","77","0","2024","4","N",2,0,0,0,0,0,0,0,"N",0.25,0,0,0,0,0,0,0,"N",0,0.0,0,0,0,0,0,0,0,0,0,0,0,0,0,0
"06081","5","333414","78","0","2024","4","N",1,0,0,0,0,0,0,0,"N",0.68,0,0,0,0,0,0,0,"N",0,0.0,0,0,0,0,0,0,0,0,0,0,0,0,0,0
"06081","5","333415","78","0","2024","4","N",1,0,0,0,0,0,0,0,"N",0.24,0,0,0,0,0,0,0,"N",0,0.0,0,0,0,0,0,0,0,0,0,0,0,0,0,0
"06081","5","3335","76","0","2024","4","",7,42,43,43,1421019,1353,39,2562,"",0.35,0.10,0.11,0.11,0.07,0.01,0.01,0.70,"",-1,-12.5,-6,-12.5,-6,-12.2,-6,-12.2,-183704,-11.4,-37530,-96.5,-1563,-97.6,26,1.0
"06081","5","33351","77","0","2024","4","",7,42,43,43,1421019,1353,39,2562,"",0.35,0.10,0.11,0.11,0.07,0.01,0.01,0.70,"",-1,-12.5,-6,-12.5,-6,-12.2,-6,-12.2,-183704,-11.4,-37530,-96.5,-1563,-97.6,26,1.0
"06081","5","333511","78","0","2024","4","N",1,0,0,0,0,0,0,0,"N",0.26,0,0,0,0,0,0,0,"N",0,0.0,0,0,0,0,0,0,0,0,0,0,0,0,0,0
"06081","5","333514","78","0","2024","4","",3,31,32,33,1099307,1353,39,2643,"",0.46,0.24,0.24,0.25,0.17,0.03,0.03,0.72,"",0,0.0,1,3.3,1,3.2,1,3.1,-32315,-2.9,-27303,-95.3,-1063,-96.5,-165,-5.9
"06081","5","333517","78","0","2024","4","N",3,0,0,0,0,0,0,0,"N",0.55,0,0,0,0,0,0,0,"N",-1,-25.0,0,0,0,0,0,0,0,0,0,0,0,0,0,0
"06081","5","3336","76","0","2024","4","N",2,0,0,0,0,0,0,0,"N",0.52,0,0,0,0,0,0,0,"N",0,0.0,0,0,0,0,0,0,0,0,0,0,0,0,0,0
"06081","5","33361","77","0","2024","4","N",2,0,0,0,0,0,0,0,"N",0.52,0,0,0,0,0,0,0,"N",0,0.0,0,0,0,0,0,0,0,0,0,0,0,0,0,0
"06081","5","333611","78","0","2024","4","N",1,0,0,0,0,0,0,0,"N",0.92,0,0,0,0,0,0,0,"N",0,0.0,0,0,0,0,0,0,0,0,0,0,0,0,0,0
"06081","5","333612","78","0","2024","4","N",1,0,0,0,0,0,0,0,"N",1.34,0,0,0,0,0,0,0,"N",0,0.0,0,0,0,0,0,0,0,0,0,0,0,0,0,0
"06081","5","3339","76","0","2024","4","",9,139,138,134,4412764,30869,1130,2478,"",0.38,0.19,0.19,0.18,0.11,0.10,0.12,0.60,"",1,12.5,21,17.8,24,21.1,26,24.1,1320925,42.7,-2944,-8.7,14,1.3,379,18.1
"06081","5","33392","77","0","2024","4","N",1,0,0,0,0,0,0,0,"N",0.16,0,0,0,0,0,0,0,"N",1,100.0,0,0,0,0,0,0,0,0,0,0,0,0,0,0
"06081","5","333923","78","0","2024","4","N",1,0,0,0,0,0,0,0,"N",0.76,0,0,0,0,0,0,0,"N",1,100.0,0,0,0,0,0,0,0,0,0,0,0,0,0,0
"06081","5","33399","77","0","2024","4","N",8,0,0,0,0,0,0,0,"N",0.58,0,0,0,0,0,0,0,"N",0,0.0,0,0,0,0,0,0,0,0,0,0,0,0,0,0
"06081","5","333991","78","0","2024","4","N",1,0,0,0,0,0,0,0,"N",1.51,0,0,0,0,0,0,0,"N",1,100.0,0,0,0,0,0,0,0,0,0,0,0,0,0,0
"06081","5","333992","78","0","2024","4","N",1,0,0,0,0,0,0,0,"N",0.45,0,0,0,0,0,0,0,"N",0,0.0,0,0,0,0,0,0,0,0,0,0,0,0,0,0
"06081","5","333993","78","0","2024","4","N",1,0,0,0,0,0,0,0,"N",0.38,0,0,0,0,0,0,0,"N",0,0.0,0,0,0,0,0,0,0,0,0,0,0,0,0,0
"06081","5","333994","78","0","2024","4","N",1,0,0,0,0,0,0,0,"N",1.01,0,0,0,0,0,0,0,"N",0,0.0,0,0,0,0,0,0,0,0,0,0,0,0,0,0
"06081","5","333998","78","0","2024","4","N",4,0,0,0,0,0,0,0,"N",0.72,0,0,0,0,0,0,0,"N",-1,-20.0,0,0,0,0,0,0,0,0,0,0,0,0,0,0
"06081","5","334","75","0","2024","4","",82,2767,2770,2795,90014278,1244489,44448,2493,"",1.19,1.03,1.04,1.04,0.35,1.19,1.51,0.34,"",-5,-5.7,-1392,-33.5,-1381,-33.3,-1341,-32.4,-139116821,-60.7,380738,44.1,19333,77.0,-1755,-41.3
"06081","5","3341","76","0","2024","4","",9,134,146,159,6833955,264636,9111,3592,"",1.39,0.49,0.54,0.58,0.19,3.05,3.17,0.36,"N",-9,-50.0,0,0,0,0,0,0,0,0,0,0,0,0,0,0
"06081","5","33411","77","0","2024","4","",9,134,146,159,6833955,264636,9111,3592,"",1.39,0.49,0.54,0.58,0.19,3.05,3.17,0.36,"N",-9,-50.0,0,0,0,0,0,0,0,0,0,0,0,0,0,0
"06081","5","334111","78","0","2024","4","N",3,0,0,0,0,0,0,0,"N",1.07,0,0,0,0,0,0,0,"N",-9,-75.0,0,0,0,0,0,0,0,0,0,0,0,0,0,0
"06081","5","334112","78","0","2024","4","N",1,0,0,0,0,0,0,0,"N",1.33,0,0,0,0,0,0,0,"N",0,0.0,0,0,0,0,0,0,0,0,0,0,0,0,0,0
"06081","5","334118","78","0","2024","4","",5,93,105,117,6104320,258436,9018,4472,"",1.72,1.18,1.33,1.49,0.84,7.53,10.51,0.63,"N",0,0.0,0,0,0,0,0,0,0,0,0,0,0,0,0,0
"06081","5","3342","76","0","2024","4","N",8,0,0,0,0,0,0,0,"N",1.01,0,0,0,0,0,0,0,"N",-1,-11.1,0,0,0,0,0,0,0,0,0,0,0,0,0,0
"06081","5","33421","77","0","2024","4","N",1,0,0,0,0,0,0,0,"N",0.83,0,0,0,0,0,0,0,"N",0,0.0,0,0,0,0,0,0,0,0,0,0,0,0,0,0
"06081","5","334210","78","0","2024","4","N",1,0,0,0,0,0,0,0,"N",0.83,0,0,0,0,0,0,0,"N",0,0.0,0,0,0,0,0,0,0,0,0,0,0,0,0,0
"06081","5","33422","77","0","2024","4","N",7,0,0,0,0,0,0,0,"N",1.59,0,0,0,0,0,0,0,"N",0,0.0,0,0,0,0,0,0,0,0,0,0,0,0,0,0
"06081","5","334220","78","0","2024","4","N",7,0,0,0,0,0,0,0,"N",1.59,0,0,0,0,0,0,0,"N",0,0.0,0,0,0,0,0,0,0,0,0,0,0,0,0,0
"06081","5","3343","76","0","2024","4","",5,144,141,145,4933849,103665,3197,2648,"",1.69,2.95,2.88,2.95,1.19,4.25,2.95,0.41,"N",3,150.0,0,0,0,0,0,0,0,0,0,0,0,0,0,0
"06081","5","33431","77","0","2024","4","",5,144,141,145,4933849,103665,3197,2648,"",1.69,2.95,2.88,2.95,1.19,4.25,2.95,0.41,"N",3,150.0,0,0,0,0,0,0,0,0,0,0,0,0,0,0
"06081","5","334310","78","0","2024","4","",5,144,141,145,4933849,103665,3197,2648,"",1.69,2.95,2.88,2.95,1.19,4.25,2.95,0.41,"N",3,150.0,0,0,0,0,0,0,0,0,0,0,0,0,0,0
"06081","5","3344","76","0","2024","4","",14,363,358,363,7568241,65761,1973,1611,"",0.75,0.35,0.35,0.35,0.06,0.14,0.15,0.18,"",-3,-17.6,-85,-19.0,-93,-20.6,-62,-14.6,-62810428,-89.2,-28811,-30.5,-205,-9.4,-10656,-86.9
"06081","5","33441","77","0","2024","4","",14,363,358,363,7568241,65761,1973,1611,"",0.75,0.35,0.35,0.35,0.06,0.14,0.15,0.18,"",-3,-17.6,-85,-19.0,-93,-20.6,-62,-14.6,-62810428,-89.2,-28811,-30.5,-205,-9.4,-10656,-86.9
"06081","5","334412","78","0","2024","4","N",1,0,0,0,0,0,0,0,"N",0.73,0,0,0,0,0,0,0,"N",0,0.0,0,0,0,0,0,0,0,0,0,0,0,0,0,0
"06081","5","334413","78","0","2024","4","N",7,0,0,0,0,0,0,0,"N",1.06,0,0,0,0,0,0,0,"N",-3,-30.0,0,0,0,0,0,0,0,0,0,0,0,0,0,0
"06081","5","334418","78","0","2024","4","",3,317,313,317,4660934,41985,651,1136,"",0.92,2.05,2.03,2.06,0.64,0.49,0.26,0.31,"",0,0.0,-25,-7.3,-31,-9.0,-4,-1.2,-193631,-4.0,7586,22.1,79,13.8,24,2.2
"06081","5","334419","78","0","2024","4","",3,26,26,26,1358881,7820,332,4020,"",0.58,0.16,0.16,0.16,0.15,0.10,0.14,0.97,"N",0,0.0,0,0,0,0,0,0,0,0,0,0,0,0,0,0
"06081","5","3345","76","0","2024","4","",43,1754,1749,1750,59417505,722063,26381,2610,"",1.48,1.63,1.63,1.62,0.73,1.77,2.60,0.45,"",6,16.2,382,27.8,365,26.4,353,25.3,9704342,19.5,314938,77.4,15477,141.9,-152,-5.5
"06081","5","33451","77","0","2024","4","",43,1754,1749,1750,59417505,722063,26381,2610,"",1.48,1.63,1.63,1.62,0.73,1.77,2.60,0.45,"",6,16.2,382,27.8,365,26.4,353,25.3,9704342,19.5,314938,77.4,15477,141.9,-152,-5.5
"06081","5","334510","78","0","2024","4","",15,432,435,447,12078155,226779,8652,2121,"",2.57,2.24,2.26,2.32,0.85,2.37,3.99,0.38,"",0,0.0,239,123.8,219,101.4,231,106.9,4874857,67.7,203135,859.1,7687,796.6,-539,-20.3
"06081","5","334511","78","0","2024","4","N",4,0,0,0,0,0,0,0,"N",1.03,0,0,0,0,0,0,0,"N",2,100.0,0,0,0,0,0,0,0,0,0,0,0,0,0,0
"06081","5","334512","78","0","2024","4","N",1,0,0,0,0,0,0,0,"N",0.68,0,0,0,0,0,0,0,"N",1,100.0,0,0,0,0,0,0,0,0,0,0,0,0,0,0
"06081","5","334513","78","0","2024","4","",5,40,40,38,949213,16835,422,1856,"",0.86,0.27,0.27,0.26,0.11,0.25,0.27,0.42,"",1,25.0,0,0.0,1,2.6,-1,-2.6,-195034,-17.0,6342,60.4,140,49.6,-382,-17.1
"06081","5","334515","78","0","2024","4","",5,133,122,117,7853268,16281,529,4872,"",1.45,1.40,1.30,1.24,0.94,0.36,0.47,0.71,"",1,25.0,-12,-8.3,-23,-15.9,-28,-19.3,-895597,-10.2,-7336,-31.1,-147,-21.7,231,5.0
"06081","5","334516","78","0","2024","4","N",5,0,0,0,0,0,0,0,"N",1.46,0,0,0,0,0,0,0,"N",1,25.0,0,0,0,0,0,0,0,0,0,0,0,0,0,0
"06081","5","334517","78","0","2024","4","N",2,0,0,0,0,0,0,0,"N",2.65,0,0,0,0,0,0,0,"N",0,0.0,0,0,0,0,0,0,0,0,0,0,0,0,0,0
"06081","5","334519","78","0","2024","4","",6,55,53,53,2192084,23706,574,3142,"",1.56,0.50,0.48,0.48,0.19,0.58,0.57,0.39,"",0,0.0,7,14.6,4,8.2,4,8.2,305577,16.2,9857,71.2,231,67.3,160,5.4
"06081","5","3346","76","0","2024","4","N",3,0,0,0,0,0,0,0,"N",0.76,0,0,0,0,0,0,0,"N",-1,-25.0,0,0,0,0,0,0,0,0,0,0,0,0,0,0
"06081","5","33461","77","0","2024","4","N",3,0,0,0,0,0,0,0,"N",0.76,0,0,0,0,0,0,0,"N",-1,-25.0,0,0,0,0,0,0,0,0,0,0,0,0,0,0
"06081","5","334610","78","0","2024","4","N",3,0,0,0,0,0,0,0,"N",0.76,0,0,0,0,0,0,0,"N",-1,-25.0,0,0,0,0,0,0,0,0,0,0,0,0,0,0
"06081","5","335","75","0","2024","4","",30,1273,1271,1300,40095232,1223750,29691,2407,"",1.05,1.14,1.14,1.16,0.68,2.15,1.85,0.59,"",4,15.4,190,17.5,188,17.4,208,19.0,5308315,15.3,-528754,-30.2,-14493,-32.8,-57,-2.3
"06081","5","3351","76","0","2024","4","N",3,0,0,0,0,0,0,0,"N",0.57,0,0,0,0,0,0,0,"N",0,0.0,0,0,0,0,0,0,0,0,0,0,0,0,0,0
"06081","5","33513","77","0","2024","4","N",3,0,0,0,0,0,0,0,"N",0.57,0,0,0,0,0,0,0,"N",0,0.0,0,0,0,0,0,0,0,0,0,0,0,0,0,0
"06081","5","335131","78","0","2024","4","N",1,0,0,0,0,0,0,0,"N",0.76,0,0,0,0,0,0,0,"N",0,0.0,0,0,0,0,0,0,0,0,0,0,0,0,0,0
"06081","5","335132","78","0","2024","4","N",1,0,0,0,0,0,0,0,"N",0.43,0,0,0,0,0,0,0,"N",0,0.0,0,0,0,0,0,0,0,0,0,0,0,0,0,0
"06081","5","335139","78","0","2024","4","N",1,0,0,0,0,0,0,0,"N",0.63,0,0,0,0,0,0,0,"N",0,0.0,0,0,0,0,0,0,0,0,0,0,0,0,0,0
"06081","5","3352","76","0","2024","4","N",2,0,0,0,0,0,0,0,"N",1.02,0,0,0,0,0,0,0,"N",0,0.0,0,0,0,0,0,0,0,0,0,0,0,0,0,0
"06081","5","33521","77","0","2024","4","N",2,0,0,0,0,0,0,0,"N",1.79,0,0,0,0,0,0,0,"N",0,0.0,0,0,0,0,0,0,0,0,0,0,0,0,0,0
"06081","5","335210","78","0","2024","4","N",2,0,0,0,0,0,0,0,"N",1.79,0,0,0,0,0,0,0,"N",0,0.0,0,0,0,0,0,0,0,0,0,0,0,0,0,0
"06081","5","3353","76","0","2024","4","",5,827,830,851,25942961,987531,22012,2387,"",0.59,2.00,1.99,2.03,1.14,4.79,4.92,0.57,"",0,0.0,84,11.3,90,12.2,100,13.3,2274685,9.6,61203,6.6,4415,25.1,-58,-2.4
"06081","5","33531","77","0","2024","4","",5,827,830,851,25942961,987531,22012,2387,"",0.59,2.00,1.99,2.03,1.14,4.79,4.92,0.57,"",0,0.0,84,11.3,90,12.2,100,13.3,2274685,9.6,61203,6.6,4415,25.1,-58,-2.4
"06081","5","335311","78","0","2024","4","N",3,0,0,0,0,0,0,0,"N",1.73,0,0,0,0,0,0,0,"N",0,0.0,0,0,0,0,0,0,0,0,0,0,0,0,0,0
"06081","5","335312","78","0","2024","4","N",1,0,0,0,0,0,0,0,"N",0.47,0,0,0,0,0,0,0,"N",0,0.0,0,0,0,0,0,0,0,0,0,0,0,0,0,0
"06081","5","335313","78","0","2024","4","N",1,0,0,0,0,0,0,0,"N",0.46,0,0,0,0,0,0,0,"N",0,0.0,0,0,0,0,0,0,0,0,0,0,0,0,0,0
"06081","5","3359","76","0","2024","4","",20,420,417,424,13443995,235654,7656,2460,"",1.55,0.93,0.92,0.93,0.54,0.87,0.91,0.58,"",4,25.0,154,57.9,142,51.6,150,54.7,5122788,61.6,-560343,-70.4,-17113,-69.1,104,4.4
"06081","5","33591","77","0","2024","4","",5,20,20,18,876981,15639,508,3489,"",2.00,0.13,0.13,0.12,0.10,0.13,0.12,0.78,"N",1,25.0,0,0,0,0,0,0,0,0,0,0,0,0,0,0
"06081","5","335910","78","0","2024","4","",5,20,20,18,876981,15639,508,3489,"",2.00,0.13,0.13,0.12,0.10,0.13,0.12,0.78,"N",1,25.0,0,0,0,0,0,0,0,0,0,0,0,0,0,0
"06081","5","33592","77","0","2024","4","N",2,0,0,0,0,0,0,0,"N",1.24,0,0,0,0,0,0,0,"N",1,100.0,0,0,0,0,0,0,0,0,0,0,0,0,0,0
"06081","5","335921","78","0","2024","4","N",2,0,0,0,0,0,0,0,"N",2.53,0,0,0,0,0,0,0,"N",1,100.0,0,0,0,0,0,0,0,0,0,0,0,0,0,0
"06081","5","33593","77","0","2024","4","N",3,0,0,0,0,0,0,0,"N",1.46,0,0,0,0,0,0,0,"N",0,0.0,0,0,0,0,0,0,0,0,0,0,0,0,0,0
"06081","5","335931","78","0","2024","4","N",3,0,0,0,0,0,0,0,"N",2.00,0,0,0,0,0,0,0,"N",0,0.0,0,0,0,0,0,0,0,0,0,0,0,0,0,0
"06081","5","33599","77","0","2024","4","",10,180,176,179,6620454,73154,2596,2856,"",1.48,1.42,1.38,1.40,0.91,1.12,1.32,0.65,"",2,25.0,144,400.0,140,388.9,143,397.2,4831197,270.0,65290,830.2,2301,780.0,-967,-25.3
"06081","5","335991","78","0","2024","4","N",2,0,0,0,0,0,0,0,"N",2.69,0,0,0,0,0,0,0,"N",1,100.0,0,0,0,0,0,0,0,0,0,0,0,0,0,0
"06081","5","335999","78","0","2024","4","N",8,0,0,0,0,0,0,0,"N",1.33,0,0,0,0,0,0,0,"N",1,14.3,0,0,0,0,0,0,0,0,0,0,0,0,0,0
"06081","5","336","75","0","2024","4","",22,776,776,755,40350129,506991,15992,4036,"",0.44,0.17,0.17,0.16,0.16,0.31,0.30,0.94,"",3,15.8,122,18.7,114,17.2,83,12.4,15402628,61.7,105625,26.3,5206,48.3,1140,39.4
"06081","5","3362","76","0","2024","4","N",1,0,0,0,0,0,0,0,"N",0.14,0,0,0,0,0,0,0,"N",0,0.0,0,0,0,0,0,0,0,0,0,0,0,0,0,0
"06081","5","33621","77","0","2024","4","N",1,0,0,0,0,0,0,0,"N",0.14,0,0,0,0,0,0,0,"N",0,0.0,0,0,0,0,0,0,0,0,0,0,0,0,0,0
"06081","5","336211","78","0","2024","4","N",1,0,0,0,0,0,0,0,"N",0.40,0,0,0,0,0,0,0,"N",0,0.0,0,0,0,0,0,0,0,0,0,0,0,0,0,0
"06081","5","3363","76","0","2024","4","",6,43,41,42,1562837,23649,720,2862,"",0.35,0.03,0.03,0.03,0.03,0.05,0.04,0.85,"",0,0.0,3,7.5,-1,-2.4,-1,-2.3,426969,37.6,10755,83.4,317,78.7,765,36.5
"06081","5","33631","77","0","2024","4","N",1,0,0,0,0,0,0,0,"N",0.40,0,0,0,0,0,0,0,"N",0,0.0,0,0,0,0,0,0,0,0,0,0,0,0,0,0
"06081","5","336310","78","0","2024","4","N",1,0,0,0,0,0,0,0,"N",0.40,0,0,0,0,0,0,0,"N",0,0.0,0,0,0,0,0,0,0,0,0,0,0,0,0,0
"06081","5","33632","77","0","2024","4","",4,26,24,25,1187689,23649,720,3654,"",1.44,0.17,0.16,0.16,0.17,0.48,0.35,1.05,"",0,0.0,4,18.2,2,9.1,2,8.7,448709,60.7,13515,133.4,358,98.9,1109,43.6
"06081","5","336320","78","0","2024","4","",4,26,24,25,1187689,23649,720,3654,"",1.44,0.17,0.16,0.16,0.17,0.48,0.35,1.05,"",0,0.0,4,18.2,2,9.1,2,8.7,448709,60.7,13515,133.4,358,98.9,1109,43.6
"06081","5","33639","77","0","2024","4","N",1,0,0,0,0,0,0,0,"N",0.19,0,0,0,0,0,0,0,"N",0,0.0,0,0,0,0,0,0,0,0,0,0,0,0,0,0
"06081","5","336390","78","0","2024","4","N",1,0,0,0,0,0,0,0,"N",0.19,0,0,0,0,0,0,0,"N",0,0.0,0,0,0,0,0,0,0,0,0,0,0,0,0,0
"06081","5","3364","76","0","2024","4","",9,690,693,671,37548902,482566,15236,4219,"",0.73,0.49,0.46,0.45,0.36,0.73,0.85,0.76,"N",3,50.0,0,0,0,0,0,0,0,0,0,0,0,0,0,0
"06081","5","33641","77","0","2024","4","",9,690,693,671,37548902,482566,15236,4219,"",0.73,0.49,0.46,0.45,0.36,0.73,0.85,0.76,"N",3,50.0,0,0,0,0,0,0,0,0,0,0,0,0,0,0
"06081","5","336411","78","0","2024","4","N",6,0,0,0,0,0,0,0,"N",1.71,0,0,0,0,0,0,0,"N",3,100.0,0,0,0,0,0,0,0,0,0,0,0,0,0,0
"06081","5","336413","78","0","2024","4","N",3,0,0,0,0,0,0,0,"N",0.60,0,0,0,0,0,0,0,"N",0,0.0,0,0,0,0,0,0,0,0,0,0,0,0,0,0
"06081","5","3366","76","0","2024","4","N",1,0,0,0,0,0,0,0,"N",0.17,0,0,0,0,0,0,0,"N",0,0.0,0,0,0,0,0,0,0,0,0,0,0,0,0,0
"06081","5","33661","77","0","2024","4","N",1,0,0,0,0,0,0,0,"N",0.17,0,0,0,0,0,0,0,"N",0,0.0,0,0,0,0,0,0,0,0,0,0,0,0,0,0
"06081","5","336612","78","0","2024","4","N",1,0,0,0,0,0,0,0,"N",0.33,0,0,0,0,0,0,0,"N",0,0.0,0,0,0,0,0,0,0,0,0,0,0,0,0,0
"06081","5","3369","76","0","2024","4","N",5,0,0,0,0,0,0,0,"N",1.29,0,0,0,0,0,0,0,"N",0,0.0,0,0,0,0,0,0,0,0,0,0,0,0,0,0
"06081","5","33699","77","0","2024","4","N",5,0,0,0,0,0,0,0,"N",1.29,0,0,0,0,0,0,0,"N",0,0.0,0,0,0,0,0,0,0,0,0,0,0,0,0,0
"06081","5","336991","78","0","2024","4","N",4,0,0,0,0,0,0,0,"N",2.68,0,0,0,0,0,0,0,"N",0,0.0,0,0,0,0,0,0,0,0,0,0,0,0,0,0
"06081","5","336999","78","0","2024","4","N",1,0,0,0,0,0,0,0,"N",0.48,0,0,0,0,0,0,0,"N",0,0.0,0,0,0,0,0,0,0,0,0,0,0,0,0,0
"06081","5","337","75","0","2024","4","",32,326,321,314,7594476,169664,5191,1824,"",0.67,0.36,0.36,0.35,0.23,0.29,0.35,0.63,"",0,0.0,25,8.3,23,7.7,20,6.8,1054278,16.1,30079,21.5,1268,32.3,134,7.9
"06081","5","3371","76","0","2024","4","N",27,0,0,0,0,0,0,0,"N",0.81,0,0,0,0,0,0,0,"N",1,3.8,0,0,0,0,0,0,0,0,0,0,0,0,0,0
"06081","5","33711","77","0","2024","4","",22,138,138,131,2597213,96588,2869,1473,"",1.05,0.46,0.46,0.44,0.25,0.41,0.52,0.55,"",1,4.8,-11,-7.4,-7,-4.8,-12,-8.4,-297554,-10.3,14855,18.2,453,18.8,-56,-3.7
"06081","5","337110","78","0","2024","4","",22,138,138,131,2597213,96588,2869,1473,"",1.05,0.46,0.46,0.44,0.25,0.41,0.52,0.55,"",1,4.8,-11,-7.4,-7,-4.8,-12,-8.4,-297554,-10.3,14855,18.2,453,18.8,-56,-3.7
"06081","5","33712","77","0","2024","4","N",5,0,0,0,0,0,0,0,"N",0.40,0,0,0,0,0,0,0,"N",0,0.0,0,0,0,0,0,0,0,0,0,0,0,0,0,0
"06081","5","337121","78","0","2024","4","N",1,0,0,0,0,0,0,0,"N",0.44,0,0,0,0,0,0,0,"N",-1,-50.0,0,0,0,0,0,0,0,0,0,0,0,0,0,0
"06081","5","337122","78","0","2024","4","N",2,0,0,0,0,0,0,0,"N",0.31,0,0,0,0,0,0,0,"N",1,100.0,0,0,0,0,0,0,0,0,0,0,0,0,0,0
"06081","5","337126","78","0","2024","4","N",2,0,0,0,0,0,0,0,"N",1.23,0,0,0,0,0,0,0,"N",0,0.0,0,0,0,0,0,0,0,0,0,0,0,0,0,0
"06081","5","3372","76","0","2024","4","N",5,0,0,0,0,0,0,0,"N",0.42,0,0,0,0,0,0,0,"N",0,0.0,0,0,0,0,0,0,0,0,0,0,0,0,0,0
"06081","5","33721","77","0","2024","4","N",5,0,0,0,0,0,0,0,"N",0.42,0,0,0,0,0,0,0,"N",0,0.0,0,0,0,0,0,0,0,0,0,0,0,0,0,0
"06081","5","337211","78","0","2024","4","N",1,0,0,0,0,0,0,0,"N",0.68,0,0,0,0,0,0,0,"N",0,0.0,0,0,0,0,0,0,0,0,0,0,0,0,0,0
"06081","5","337212","78","0","2024","4","N",1,0,0,0,0,0,0,0,"N",0.18,0,0,0,0,0,0,0,"N",-1,-50.0,0,0,0,0,0,0,0,0,0,0,0,0,0,0
"06081","5","337214","78","0","2024","4","N",1,0,0,0,0,0,0,0,"N",0.82,0,0,0,0,0,0,0,"N",0,0.0,0,0,0,0,0,0,0,0,0,0,0,0,0,0
"06081","5","337215","78","0","2024","4","N",2,0,0,0,0,0,0,0,"N",0.57,0,0,0,0,0,0,0,"N",1,100.0,0,0,0,0,0,0,0,0,0,0,0,0,0,0
"06081","5","339","75","0","2024","4","",78,1324,1321,1328,52403283,946810,32170,3044,"",0.78,0.83,0.82,0.82,0.66,1.04,1.30,0.80,"",-8,-9.3,-201,-13.2,-208,-13.6,-220,-14.2,-982427,-1.8,306288,47.8,12019,59.6,367,13.7
"06081","5","3391","76","0","2024","4","",48,1079,1081,1084,45609443,855052,28993,3245,"",1.27,1.28,1.28,1.28,0.99,2.03,2.77,0.78,"",-8,-14.3,-155,-12.6,-153,-12.4,-169,-13.5,154990,0.3,405926,90.4,15025,107.6,426,15.1
"06081","5","33911","77","0","2024","4","",48,1079,1081,1084,45609443,855052,28993,3245,"",1.27,1.28,1.28,1.28,0.99,2.03,2.77,0.78,"",-8,-14.3,-155,-12.6,-153,-12.4,-169,-13.5,154990,0.3,405926,90.4,15025,107.6,426,15.1
"06081","5","339112","78","0","2024","4","",23,794,799,801,36387373,598226,20213,3508,"",2.02,2.16,2.18,2.17,1.65,3.51,5.55,0.76,"",-5,-17.9,-145,-15.4,-134,-14.4,-135,-14.4,870810,2.5,308845,106.7,11469,131.2,589,20.2
"06081","5","339113","78","0","2024","4","",10,195,191,193,8132506,229908,7188,3241,"",1.07,0.74,0.73,0.73,0.55,1.87,2.31,0.75,"N",-2,-16.7,0,0,0,0,0,0,0,0,0,0,0,0,0,0
"06081","5","339116","78","0","2024","4","",15,90,91,90,1089564,26918,1592,928,"",1.15,0.81,0.83,0.82,0.28,0.42,0.92,0.34,"N",-1,-6.2,0,0,0,0,0,0,0,0,0,0,0,0,0,0
"06081","5","3399","76","0","2024","4","",30,245,240,244,6793840,91758,3177,2151,"",0.49,0.32,0.32,0.32,0.20,0.19,0.22,0.64,"",0,0.0,-46,-15.8,-55,-18.6,-51,-17.3,-1137417,-14.3,-99638,-52.1,-3006,-48.6,73,3.5
"06081","5","33991","77","0","2024","4","N",4,0,0,0,0,0,0,0,"N",0.68,0,0,0,0,0,0,0,"N",1,33.3,0,0,0,0,0,0,0,0,0,0,0,0,0,0
"06081","5","339910","78","0","2024","4","N",4,0,0,0,0,0,0,0,"N",0.68,0,0,0,0,0,0,0,"N",1,33.3,0,0,0,0,0,0,0,0,0,0,0,0,0,0
"06081","5","33992","77","0","2024","4","",7,27,24,27,524154,3636,60,1551,"",1.16,0.24,0.22,0.24,0.11,0.04,0.03,0.46,"N",-1,-12.5,0,0,0,0,0,0,0,0,0,0,0,0,0,0
"06081","5","339920","78","0","2024","4","",7,27,24,27,524154,3636,60,1551,"",1.16,0.24,0.22,0.24,0.11,0.04,0.03,0.46,"N",-1,-12.5,0,0,0,0,0,0,0,0,0,0,0,0,0,0
"06081","5","33993","77","0","2024","4","N",1,0,0,0,0,0,0,0,"N",0.41,0,0,0,0,0,0,0,"N",1,100.0,0,0,0,0,0,0,0,0,0,0,0,0,0,0
"06081","5","339930","78","0","2024","4","N",1,0,0,0,0,0,0,0,"N",0.41,0,0,0,0,0,0,0,"N",1,100.0,0,0,0,0,0,0,0,0,0,0,0,0,0,0
"06081","5","33995","77","0","2024","4","",10,62,60,61,976580,22320,531,1232,"",0.50,0.31,0.30,0.30,0.12,0.18,0.15,0.39,"",-1,-9.1,-12,-16.2,-16,-21.1,-12,-16.4,-145593,-13.0,-80899,-78.4,-2626,-83.2,71,6.1
"06081","5","339950","78","0","2024","4","",10,62,60,61,976580,22320,531,1232,"",0.50,0.31,0.30,0.30,0.12,0.18,0.15,0.39,"",-1,-9.1,-12,-16.2,-16,-21.1,-12,-16.4,-145593,-13.0,-80899,-78.4,-2626,-83.2,71,6.1
"06081","5","33999","77","0","2024","4","",8,48,49,47,1257032,3385,63,2014,"",0.31,0.14,0.14,0.14,0.08,0.02,0.01,0.59,"",0,0.0,-3,-5.9,-1,-2.0,-5,-9.6,-69234,-5.2,780,29.9,19,43.2,14,0.7
"06081","5","339991","78","0","2024","4","N",1,0,0,0,0,0,0,0,"N",0.48,0,0,0,0,0,0,0,"N",0,0.0,0,0,0,0,0,0,0,0,0,0,0,0,0,0
"06081","5","339992","78","0","2024","4","N",2,0,0,0,0,0,0,0,"N",1.03,0,0,0,0,0,0,0,"N",0,0.0,0,0,0,0,0,0,0,0,0,0,0,0,0,0
"06081","5","339995","78","0","2024","4","N",1,0,0,0,0,0,0,0,"N",3.38,0,0,0,0,0,0,0,"N",0,0.0,0,0,0,0,0,0,0,0,0,0,0,0,0,0
"06081","5","339999","78","0","2024","4","",4,21,21,19,700964,390,18,2652,"",0.20,0.11,0.11,0.10,0.08,0.00,0.00,0.75,"",1,33.3,0,0.0,0,0.0,-3,-13.6,-59179,-7.8,390,100.0,18,100.0,-89,-3.2
"06081","5","42","74","0","2024","4","",906,13728,13692,13680,601287592,7428030,247803,3376,"",0.54,0.85,0.85,0.85,0.60,0.84,0.99,0.70,"",-32,-3.4,132,1.0,131,1.0,-55,-0.4,-119351011,-16.6,2084305,39.0,101409,69.3,-691,-17.0
"06081","5","423","75","0","2024","4","",428,6852,6804,6812,325512564,4822891,175540,3670,"",0.48,0.76,0.76,0.76,0.56,1.03,1.35,0.75,"",-4,-0.9,826,13.7,795,13.2,692,11.3,72717968,28.8,2755649,133.3,113884,184.7,457,14.2
"06081","5","4231","76","0","2024","4","",32,622,596,628,20616097,563282,8430,2577,"",0.45,0.63,0.61,0.64,0.43,1.03,0.55,0.69,"",-2,-5.9,-12,-1.9,-31,-4.9,-79,-11.2,1560662,8.2,342332,154.9,2611,44.9,343,15.4
"06081","5","42311","77","0","2024","4","N",6,0,0,0,0,0,0,0,"N",0.29,0,0,0,0,0,0,0,"N",0,0.0,0,0,0,0,0,0,0,0,0,0,0,0,0,0
"06081","5","423110","78","0","2024","4","N",6,0,0,0,0,0,0,0,"N",0.29,0,0,0,0,0,0,0,"N",0,0.0,0,0,0,0,0,0,0,0,0,0,0,0,0,0
"06081","5","42312","77","0","2024","4","",24,379,361,367,8405099,374372,3849,1752,"",0.61,0.81,0.77,0.78,0.39,1.46,0.49,0.50,"",-2,-7.7,1,0.3,-9,-2.4,-76,-17.2,1317962,18.6,268887,254.9,1099,40.0,379,27.6
"06081","5","423120","78","0","2024","4","",24,379,361,367,8405099,374372,3849,1752,"",0.61,0.81,0.77,0.78,0.39,1.46,0.49,0.50,"",-2,-7.7,1,0.3,-9,-2.4,-76,-17.2,1317962,18.6,268887,254.9,1099,40.0,379,27.6
"06081","5","42314","77","0","2024","4","N",2,0,0,0,0,0,0,0,"N",0.36,0,0,0,0,0,0,0,"N",0,0.0,0,0,0,0,0,0,0,0,0,0,0,0,0,0
"06081","5","423140","78","0","2024","4","N",2,0,0,0,0,0,0,0,"N",0.36,0,0,0,0,0,0,0,"N",0,0.0,0,0,0,0,0,0,0,0,0,0,0,0,0,0
"06081","5","4232","76","0","2024","4","",27,395,385,383,11740649,77896,2084,2330,"",0.76,1.36,1.33,1.32,0.78,0.44,0.37,0.58,"",-1,-3.6,-85,-17.7,-84,-17.9,-86,-18.3,-3323425,-22.1,-53789,-40.8,-1034,-33.2,-122,-5.0
"06081","5","42321","77","0","2024","4","",12,261,255,253,8794436,63796,1805,2639,"",0.74,2.01,1.97,1.95,1.26,0.81,0.74,0.64,"",-1,-7.7,-74,-22.1,-73,-22.3,-73,-22.4,-3152850,-26.4,-39271,-38.1,-745,-29.2,-149,-5.3
"06081","5","423210","78","0","2024","4","",12,261,255,253,8794436,63796,1805,2639,"",0.74,2.01,1.97,1.95,1.26,0.81,0.74,0.64,"",-1,-7.7,-74,-22.1,-73,-22.3,-73,-22.4,-3152850,-26.4,-39271,-38.1,-745,-29.2,-149,-5.3
"06081","5","42322","77","0","2024","4","",15,134,130,130,2946213,14100,279,1726,"",0.78,0.84,0.81,0.81,0.36,0.14,0.09,0.44,"",0,0.0,-11,-7.6,-11,-7.8,-13,-9.1,-170575,-5.5,-14518,-50.7,-289,-50.9,49,2.9
"06081","5","423220","78","0","2024","4","",15,134,130,130,2946213,14100,279,1726,"",0.78,0.84,0.81,0.81,0.36,0.14,0.09,0.44,"",0,0.0,-11,-7.6,-11,-7.8,-13,-9.1,-170575,-5.5,-14518,-50.7,-289,-50.9,49,2.9
"06081","5","4233","76","0","2024","4","",23,235,232,228,6602966,68711,2046,2192,"",0.34,0.34,0.33,0.33,0.18,0.16,0.16,0.54,"",-3,-11.5,0,0.0,-5,-2.1,-13,-5.4,606979,10.1,-51568,-42.9,-1808,-46.9,251,12.9
"06081","5","42331","77","0","2024","4","",14,85,85,86,1796042,33005,624,1619,"",0.54,0.28,0.28,0.29,0.11,0.16,0.12,0.40,"",-1,-6.7,-11,-11.5,-15,-15.0,-13,-13.1,16475,0.9,-45730,-58.1,-1328,-68.0,227,16.3
"06081","5","423310","78","0","2024","4","",14,85,85,86,1796042,33005,624,1619,"",0.54,0.28,0.28,0.29,0.11,0.16,0.12,0.40,"",-1,-6.7,-11,-11.5,-15,-15.0,-13,-13.1,16475,0.9,-45730,-58.1,-1328,-68.0,227,16.3
"06081","5","42332","77","0","2024","4","",5,108,107,103,3855669,16373,749,2798,"",0.29,0.61,0.61,0.59,0.43,0.17,0.22,0.71,"",-1,-16.7,-10,-8.5,-10,-8.5,-15,-12.7,143502,3.9,-11410,-41.1,-642,-46.2,371,15.3
"06081","5","423320","78","0","2024","4","",5,108,107,103,3855669,16373,749,2798,"",0.29,0.61,0.61,0.59,0.43,0.17,0.22,0.71,"",-1,-16.7,-10,-8.5,-10,-8.5,-15,-12.7,143502,3.9,-11410,-41.1,-642,-46.2,371,15.3
"06081","5","42333","77","0","2024","4","N",3,0,0,0,0,0,0,0,"N",0.27,0,0,0,0,0,0,0,"N",0,0.0,0,0,0,0,0,0,0,0,0,0,0,0,0,0
"06081","5","423330","78","0","2024","4","N",3,0,0,0,0,0,0,0,"N",0.27,0,0,0,0,0,0,0,"N",0,0.0,0,0,0,0,0,0,0,0,0,0,0,0,0,0
"06081","5","42339","77","0","2024","4","N",1,0,0,0,0,0,0,0,"N",0.07,0,0,0,0,0,0,0,"N",-1,-50.0,0,0,0,0,0,0,0,0,0,0,0,0,0,0
"06081","5","423390","78","0","2024","4","N",1,0,0,0,0,0,0,0,"N",0.07,0,0,0,0,0,0,0,"N",-1,-50.0,0,0,0,0,0,0,0,0,0,0,0,0,0,0
"06081","5","4234","76","0","2024","4","",121,2203,2180,2175,148535979,744003,25757,5227,"",0.63,1.13,1.11,1.11,0.90,0.84,0.96,0.81,"",2,1.7,-51,-2.3,-88,-3.9,-88,-3.9,24191665,19.5,-73023,-8.9,-178,-0.7,998,23.6
"06081","5","42341","77","0","2024","4","N",3,0,0,0,0,0,0,0,"N",0.91,0,0,0,0,0,0,0,"N",0,0.0,0,0,0,0,0,0,0,0,0,0,0,0,0,0
"06081","5","423410","78","0","2024","4","N",3,0,0,0,0,0,0,0,"N",0.91,0,0,0,0,0,0,0,"N",0,0.0,0,0,0,0,0,0,0,0,0,0,0,0,0,0
"06081","5","42342","77","0","2024","4","N",17,0,0,0,0,0,0,0,"N",1.10,0,0,0,0,0,0,0,"N",-2,-10.5,0,0,0,0,0,0,0,0,0,0,0,0,0,0
"06081","5","423420","78","0","2024","4","N",17,0,0,0,0,0,0,0,"N",1.10,0,0,0,0,0,0,0,"N",-2,-10.5,0,0,0,0,0,0,0,0,0,0,0,0,0,0
"06081","5","42343","77","0","2024","4","",27,543,549,548,49820092,177149,5995,7010,"",0.60,0.91,0.92,0.92,0.73,0.75,0.81,0.79,"",2,8.0,-25,-4.4,-19,-3.3,-18,-3.2,-5959872,-10.7,19634,12.5,1423,31.1,-553,-7.3
"06081","5","423430","78","0","2024","4","",27,543,549,548,49820092,177149,5995,7010,"",0.60,0.91,0.92,0.92,0.73,0.75,0.81,0.79,"",2,8.0,-25,-4.4,-19,-3.3,-18,-3.2,-5959872,-10.7,19634,12.5,1423,31.1,-553,-7.3
"06081","5","42344","77","0","2024","4","",11,116,112,113,1950710,22385,973,1320,"",0.62,0.75,0.72,0.73,0.24,0.28,0.40,0.33,"",0,0.0,-37,-24.2,-40,-26.3,-37,-24.7,-1220467,-38.5,-63184,-73.8,-1890,-66.0,-288,-17.9
"06081","5","423440","78","0","2024","4","",11,116,112,113,1950710,22385,973,1320,"",0.62,0.75,0.72,0.73,0.24,0.28,0.40,0.33,"",0,0.0,-37,-24.2,-40,-26.3,-37,-24.7,-1220467,-38.5,-63184,-73.8,-1890,-66.0,-288,-17.9
"06081","5","42345","77","0","2024","4","",41,1019,1034,1036,73137820,466270,15364,5464,"",0.44,1.21,1.23,1.23,1.10,1.21,1.35,0.90,"",2,5.1,-26,-2.5,-28,-2.6,-26,-2.4,27588759,60.6,-21054,-4.3,565,3.8,2147,64.7
"06081","5","423450","78","0","2024","4","",41,1019,1034,1036,73137820,466270,15364,5464,"",0.44,1.21,1.23,1.23,1.10,1.21,1.35,0.90,"",2,5.1,-26,-2.5,-28,-2.6,-26,-2.4,27588759,60.6,-21054,-4.3,565,3.8,2147,64.7
"06081","5","42346","77","0","2024","4","",8,107,109,107,3774661,21000,546,2697,"",1.32,1.84,1.87,1.82,1.10,0.73,0.63,0.60,"",0,0.0,-9,-7.8,-5,-4.4,-12,-10.1,-523810,-12.2,-7477,-26.3,-153,-21.9,-145,-5.1
"06081","5","423460","78","0","2024","4","",8,107,109,107,3774661,21000,546,2697,"",1.32,1.84,1.87,1.82,1.10,0.73,0.63,0.60,"",0,0.0,-9,-7.8,-5,-4.4,-12,-10.1,-523810,-12.2,-7477,-26.3,-153,-21.9,-145,-5.1
"06081","5","42349","77","0","2024","4","",14,99,98,97,4884420,43669,2306,3834,"",1.10,0.99,0.98,0.97,0.75,0.84,1.43,0.76,"N",0,0.0,0,0,0,0,0,0,0,0,0,0,0,0,0,0
"06081","5","423490","78","0","2024","4","",14,99,98,97,4884420,43669,2306,3834,"",1.10,0.99,0.98,0.97,0.75,0.84,1.43,0.76,"N",0,0.0,0,0,0,0,0,0,0,0,0,0,0,0,0,0
"06081","5","4235","76","0","2024","4","",10,61,61,61,1511329,14785,418,1906,"",0.33,0.17,0.17,0.17,0.07,0.08,0.08,0.41,"",-3,-23.1,-10,-14.1,-9,-12.9,-9,-12.9,-62497,-4.0,13515,1064.2,399,2100.0,185,10.7
"06081","5","42351","77","0","2024","4","",10,61,61,61,1511329,14785,418,1906,"",0.34,0.17,0.17,0.17,0.07,0.09,0.08,0.42,"",-3,-23.1,-10,-14.1,-9,-12.9,-9,-12.9,-62497,-4.0,13515,1064.2,399,2100.0,185,10.7
"06081","5","423510","78","0","2024","4","",10,61,61,61,1511329,14785,418,1906,"",0.34,0.17,0.17,0.17,0.07,0.09,0.08,0.42,"",-3,-23.1,-10,-14.1,-9,-12.9,-9,-12.9,-62497,-4.0,13515,1064.2,399,2100.0,185,10.7
"06081","5","4236","76","0","2024","4","",59,1604,1627,1623,70458242,2771822,117522,3350,"",0.56,1.61,1.64,1.63,1.00,5.98,9.08,0.61,"",3,5.4,990,161.2,1038,176.2,1010,164.8,51854479,278.7,2567889,1259.2,111212,1762.5,986,41.7
"06081","5","42361","77","0","2024","4","N",21,0,0,0,0,0,0,0,"N",0.41,0,0,0,0,0,0,0,"N",2,10.5,0,0,0,0,0,0,0,0,0,0,0,0,0,0
"06081","5","423610","78","0","2024","4","N",21,0,0,0,0,0,0,0,"N",0.41,0,0,0,0,0,0,0,"N",2,10.5,0,0,0,0,0,0,0,0,0,0,0,0,0,0
"06081","5","42362","77","0","2024","4","N",6,0,0,0,0,0,0,0,"N",0.47,0,0,0,0,0,0,0,"N",1,20.0,0,0,0,0,0,0,0,0,0,0,0,0,0,0
"06081","5","423620","78","0","2024","4","N",6,0,0,0,0,0,0,0,"N",0.47,0,0,0,0,0,0,0,"N",1,20.0,0,0,0,0,0,0,0,0,0,0,0,0,0,0
"06081","5","42369","77","0","2024","4","",32,296,291,295,9284981,90934,3265,2429,"",0.78,0.80,0.79,0.80,0.31,0.59,0.75,0.39,"",0,0.0,-55,-15.7,-32,-9.9,-49,-14.2,-1155933,-11.1,-28283,-23.7,-453,-12.2,62,2.6
"06081","5","423690","78","0","2024","4","",32,296,291,295,9284981,90934,3265,2429,"",0.78,0.80,0.79,0.80,0.31,0.59,0.75,0.39,"",0,0.0,-55,-15.7,-32,-9.9,-49,-14.2,-1155933,-11.1,-28283,-23.7,-453,-12.2,62,2.6
"06081","5","4237","76","0","2024","4","",35,773,768,753,34544712,151803,4518,3475,"",0.47,0.93,0.92,0.90,0.68,0.33,0.40,0.75,"",0,0.0,-10,-1.3,-24,-3.0,-41,-5.2,-2937043,-7.8,-63781,-29.6,-1950,-30.1,-176,-4.8
"06081","5","42371","77","0","2024","4","",3,12,12,13,191502,7000,119,1194,"",0.14,0.05,0.05,0.05,0.01,0.05,0.03,0.30,"N",0,0.0,0,0,0,0,0,0,0,0,0,0,0,0,0,0
"06081","5","423710","78","0","2024","4","",3,12,12,13,191502,7000,119,1194,"",0.14,0.05,0.05,0.05,0.01,0.05,0.03,0.30,"N",0,0.0,0,0,0,0,0,0,0,0,0,0,0,0,0,0
"06081","5","42372","77","0","2024","4","",19,175,171,153,4340280,47256,1374,2007,"",0.68,0.54,0.53,0.47,0.22,0.25,0.30,0.43,"",0,0.0,-15,-7.9,-22,-11.4,-45,-22.7,-74089,-1.7,-35626,-43.0,-769,-35.9,254,14.5
"06081","5","423720","78","0","2024","4","",19,175,171,153,4340280,47256,1374,2007,"",0.68,0.54,0.53,0.47,0.22,0.25,0.30,0.43,"",0,0.0,-15,-7.9,-22,-11.4,-45,-22.7,-74089,-1.7,-35626,-43.0,-769,-35.9,254,14.5
"06081","5","42373","77","0","2024","4","",10,546,546,547,28900552,92433,2883,4069,"",0.51,2.44,2.44,2.43,1.85,0.80,1.00,0.76,"",0,0.0,7,1.3,1,0.2,0,0.0,-2960054,-9.3,-19615,-17.5,-601,-17.3,-439,-9.7
"06081","5","423730","78","0","2024","4","",10,546,546,547,28900552,92433,2883,4069,"",0.51,2.44,2.44,2.43,1.85,0.80,1.00,0.76,"",0,0.0,7,1.3,1,0.2,0,0.0,-2960054,-9.3,-19615,-17.5,-601,-17.3,-439,-9.7
"06081","5","42374","77","0","2024","4","",3,40,39,40,1112378,5114,142,2157,"",0.66,0.94,0.91,0.93,0.44,0.28,0.31,0.48,"N",0,0.0,0,0,0,0,0,0,0,0,0,0,0,0,0,0
"06081","5","423740","78","0","2024","4","",3,40,39,40,1112378,5114,142,2157,"",0.66,0.94,0.91,0.93,0.44,0.28,0.31,0.48,"N",0,0.0,0,0,0,0,0,0,0,0,0,0,0,0,0,0
"06081","5","4238","76","0","2024","4","",53,453,444,449,15891947,175581,7205,2725,"",0.26,0.22,0.22,0.22,0.13,0.17,0.29,0.57,"",1,1.9,31,7.3,25,6.0,32,7.7,815727,5.4,63531,56.7,4684,185.8,-41,-1.5
"06081","5","42381","77","0","2024","4","N",1,0,0,0,0,0,0,0,"N",0.06,0,0,0,0,0,0,0,"N",0,0.0,0,0,0,0,0,0,0,0,0,0,0,0,0,0
"06081","5","423810","78","0","2024","4","N",1,0,0,0,0,0,0,0,"N",0.06,0,0,0,0,0,0,0,"N",0,0.0,0,0,0,0,0,0,0,0,0,0,0,0,0,0
"06081","5","42382","77","0","2024","4","N",2,0,0,0,0,0,0,0,"N",0.08,0,0,0,0,0,0,0,"N",0,0.0,0,0,0,0,0,0,0,0,0,0,0,0,0,0
"06081","5","423820","78","0","2024","4","N",2,0,0,0,0,0,0,0,"N",0.08,0,0,0,0,0,0,0,"N",0,0.0,0,0,0,0,0,0,0,0,0,0,0,0,0,0
"06081","5","42383","77","0","2024","4","",27,292,290,297,11815272,90296,2866,3102,"",0.28,0.32,0.32,0.32,0.20,0.22,0.26,0.64,"",0,0.0,13,4.7,10,3.6,18,6.5,742673,6.7,6671,8.0,1004,53.9,53,1.7
"06081","5","423830","78","0","2024","4","",27,292,290,297,11815272,90296,2866,3102,"",0.28,0.32,0.32,0.32,0.20,0.22,0.26,0.64,"",0,0.0,13,4.7,10,3.6,18,6.5,742673,6.7,6671,8.0,1004,53.9,53,1.7
"06081","5","42384","77","0","2024","4","",12,112,105,105,3035625,75487,4151,2176,"",0.33,0.39,0.37,0.37,0.17,0.50,1.04,0.45,"",1,9.1,9,8.7,4,4.0,6,6.1,-20509,-0.7,62328,473.7,3777,1009.9,-152,-6.5
"06081","5","423840","78","0","2024","4","",12,112,105,105,3035625,75487,4151,2176,"",0.33,0.39,0.37,0.37,0.17,0.50,1.04,0.45,"",1,9.1,9,8.7,4,4.0,6,6.1,-20509,-0.7,62328,473.7,3777,1009.9,-152,-6.5
"06081","5","42385","77","0","2024","4","",8,27,27,25,531245,7000,140,1552,"",0.45,0.18,0.18,0.16,0.07,0.08,0.06,0.43,"",1,14.3,10,58.8,12,80.0,10,66.7,221350,71.4,4898,233.0,90,180.0,30,2.0
"06081","5","423850","78","0","2024","4","",8,27,27,25,531245,7000,140,1552,"",0.45,0.18,0.18,0.16,0.07,0.08,0.06,0.43,"",1,14.3,10,58.8,12,80.0,10,66.7,221350,71.4,4898,233.0,90,180.0,30,2.0
"06081","5","42386","77","0","2024","4","N",3,0,0,0,0,0,0,0,"N",0.23,0,0,0,0,0,0,0,"N",-1,-25.0,0,0,0,0,0,0,0,0,0,0,0,0,0,0
"06081","5","423860","78","0","2024","4","N",3,0,0,0,0,0,0,0,"N",0.23,0,0,0,0,0,0,0,"N",-1,-25.0,0,0,0,0,0,0,0,0,0,0,0,0,0,0
"06081","5","4239","76","0","2024","4","",68,506,511,512,15610643,255008,7560,2356,"",0.58,0.60,0.61,0.61,0.36,0.50,0.50,0.60,"",-1,-1.4,-27,-5.1,-27,-5.0,-34,-6.2,11421,0.1,10543,4.3,-52,-0.7,130,5.8
"06081","5","42391","77","0","2024","4","",17,97,106,101,3600200,58469,1436,2733,"",0.70,0.58,0.63,0.60,0.43,0.56,0.50,0.71,"",-2,-10.5,-22,-18.5,-21,-16.5,-27,-21.1,600387,20.0,-25297,-30.2,-678,-32.1,882,47.6
"06081","5","423910","78","0","2024","4","",17,97,106,101,3600200,58469,1436,2733,"",0.70,0.58,0.63,0.60,0.43,0.56,0.50,0.71,"",-2,-10.5,-22,-18.5,-21,-16.5,-27,-21.1,600387,20.0,-25297,-30.2,-678,-32.1,882,47.6
"06081","5","42392","77","0","2024","4","",4,14,14,14,191379,4000,60,1052,"",0.47,0.22,0.22,0.21,0.05,0.10,0.05,0.22,"",-1,-20.0,-2,-12.5,-2,-12.5,-2,-12.5,-401494,-67.7,280,7.5,-92,-60.5,-1798,-63.1
"06081","5","423920","78","0","2024","4","",4,14,14,14,191379,4000,60,1052,"",0.47,0.22,0.22,0.21,0.05,0.10,0.05,0.22,"",-1,-20.0,-2,-12.5,-2,-12.5,-2,-12.5,-401494,-67.7,280,7.5,-92,-60.5,-1798,-63.1
"06081","5","42393","77","0","2024","4","",9,95,92,96,2297937,47977,2228,1874,"",0.43,0.36,0.35,0.36,0.19,0.31,0.54,0.55,"",0,0.0,3,3.3,0,0.0,1,1.1,-141982,-5.8,-5404,-10.1,-55,-2.4,-144,-7.1
"06081","5","423930","78","0","2024","4","",9,95,92,96,2297937,47977,2228,1874,"",0.43,0.36,0.35,0.36,0.19,0.31,0.54,0.55,"",0,0.0,3,3.3,0,0.0,1,1.1,-141982,-5.8,-5404,-10.1,-55,-2.4,-144,-7.1
"06081","5","42394","77","0","2024","4","",15,72,71,71,2068482,59546,1569,2231,"",0.76,0.74,0.73,0.73,0.40,1.04,0.74,0.55,"",-2,-11.8,-1,-1.4,-2,-2.7,-5,-6.6,46062,2.3,4519,8.2,128,8.9,129,6.1
"06081","5","423940","78","0","2024","4","",15,72,71,71,2068482,59546,1569,2231,"",0.76,0.74,0.73,0.73,0.40,1.04,0.74,0.55,"",-2,-11.8,-1,-1.4,-2,-2.7,-5,-6.6,46062,2.3,4519,8.2,128,8.9,129,6.1
"06081","5","42399","77","0","2024","4","",23,228,228,230,7452645,85016,2267,2507,"",0.54,0.93,0.93,0.93,0.55,0.55,0.48,0.59,"",4,21.1,-5,-2.1,-2,-0.9,-1,-0.4,-91552,-1.2,36445,75.0,645,39.8,-2,-0.1
"06081","5","423990","78","0","2024","4","",23,228,228,230,7452645,85016,2267,2507,"",0.54,0.93,0.93,0.93,0.55,0.55,0.48,0.59,"",4,21.1,-5,-2.1,-2,-0.9,-1,-0.4,-91552,-1.2,36445,75.0,645,39.8,-2,-0.1
"06081","5","424","75","0","2024","4","",360,6390,6415,6397,258944258,2423407,66694,3112,"",0.75,1.10,1.10,1.10,0.79,0.69,0.68,0.72,"",-13,-3.5,-462,-6.7,-440,-6.4,-539,-7.8,-177679015,-40.7,-504884,-17.2,-7540,-10.2,-1769,-36.2
"06081","5","4241","76","0","2024","4","",18,134,138,136,4113435,59572,2356,2327,"",0.71,0.44,0.45,0.45,0.25,0.37,0.52,0.57,"",0,0.0,29,27.6,34,32.7,35,34.7,1154217,39.0,15762,36.0,1127,91.7,124,5.6
"06081","5","42411","77","0","2024","4","N",2,0,0,0,0,0,0,0,"N",0.57,0,0,0,0,0,0,0,"N",0,0.0,0,0,0,0,0,0,0,0,0,0,0,0,0,0
"06081","5","424110","78","0","2024","4","N",2,0,0,0,0,0,0,0,"N",0.57,0,0,0,0,0,0,0,"N",0,0.0,0,0,0,0,0,0,0,0,0,0,0,0,0,0
"06081","5","42412","77","0","2024","4","N",9,0,0,0,0,0,0,0,"N",1.04,0,0,0,0,0,0,0,"N",0,0.0,0,0,0,0,0,0,0,0,0,0,0,0,0,0
"06081","5","424120","78","0","2024","4","N",9,0,0,0,0,0,0,0,"N",1.04,0,0,0,0,0,0,0,"N",0,0.0,0,0,0,0,0,0,0,0,0,0,0,0,0,0
"06081","5","42413","77","0","2024","4","N",7,0,0,0,0,0,0,0,"N",0.53,0,0,0,0,0,0,0,"N",0,0.0,0,0,0,0,0,0,0,0,0,0,0,0,0,0
"06081","5","424130","78","0","2024","4","N",7,0,0,0,0,0,0,0,"N",0.53,0,0,0,0,0,0,0,"N",0,0.0,0,0,0,0,0,0,0,0,0,0,0,0,0,0
"06081","5","4242","76","0","2024","4","",47,2572,2587,2589,165165436,595131,19853,4919,"",0.77,3.78,3.78,3.75,2.66,1.87,1.96,0.71,"",-3,-6.0,-388,-13.1,-351,-11.9,-423,-14.0,-183963608,-52.7,93100,18.5,5728,40.6,-4123,-45.6
"06081","5","42421","77","0","2024","4","",47,2572,2587,2589,165165436,595131,19853,4919,"",0.77,3.78,3.78,3.75,2.66,1.87,1.96,0.71,"",-3,-6.0,-388,-13.1,-351,-11.9,-423,-14.0,-183963608,-52.7,93100,18.5,5728,40.6,-4123,-45.6
"06081","5","424210","78","0","2024","4","",47,2572,2587,2589,165165436,595131,19853,4919,"",0.77,3.78,3.78,3.75,2.66,1.87,1.96,0.71,"",-3,-6.0,-388,-13.1,-351,-11.9,-423,-14.0,-183963608,-52.7,93100,18.5,5728,40.6,-4123,-45.6
"06081","5","4243","76","0","2024","4","",31,116,120,119,3335847,36868,909,2168,"",0.70,0.32,0.33,0.32,0.16,0.16,0.12,0.51,"",-1,-3.1,3,2.7,5,4.3,6,5.3,1156480,53.1,11979,48.1,241,36.1,693,47.0
"06081","5","42431","77","0","2024","4","N",11,0,0,0,0,0,0,0,"N",1.10,0,0,0,0,0,0,0,"N",0,0.0,0,0,0,0,0,0,0,0,0,0,0,0,0,0
"06081","5","424310","78","0","2024","4","N",11,0,0,0,0,0,0,0,"N",1.10,0,0,0,0,0,0,0,"N",0,0.0,0,0,0,0,0,0,0,0,0,0,0,0,0,0
"06081","5","42434","77","0","2024","4","N",4,0,0,0,0,0,0,0,"N",0.79,0,0,0,0,0,0,0,"N",1,33.3,0,0,0,0,0,0,0,0,0,0,0,0,0,0
"06081","5","424340","78","0","2024","4","N",4,0,0,0,0,0,0,0,"N",0.79,0,0,0,0,0,0,0,"N",1,33.3,0,0,0,0,0,0,0,0,0,0,0,0,0,0
"06081","5","42435","77","0","2024","4","",16,66,65,66,1447198,9832,153,1695,"",0.55,0.26,0.26,0.26,0.10,0.06,0.03,0.39,"",-2,-11.1,-7,-9.6,-8,-11.0,-7,-9.6,47555,3.4,-8070,-45.1,-268,-63.7,220,14.9
"06081","5","424350","78","0","2024","4","",16,66,65,66,1447198,9832,153,1695,"",0.55,0.26,0.26,0.26,0.10,0.06,0.03,0.39,"",-2,-11.1,-7,-9.6,-8,-11.0,-7,-9.6,47555,3.4,-8070,-45.1,-268,-63.7,220,14.9
"06081","5","4244","76","0","2024","4","",151,2614,2627,2616,65047805,1280647,31552,1911,"",1.14,1.19,1.20,1.19,0.62,0.87,0.77,0.52,"",0,0.0,-24,-0.9,-35,-1.3,-41,-1.5,4819032,8.0,-522958,-29.0,-10442,-24.9,164,9.4
"06081","5","42441","77","0","2024","4","",30,317,324,330,6014310,249166,4652,1429,"",1.26,0.46,0.47,0.48,0.19,0.54,0.37,0.39,"",0,0.0,-36,-10.2,-46,-12.4,-38,-10.3,-163062,-2.6,-73038,-22.7,-1999,-30.1,122,9.3
"06081","5","424410","78","0","2024","4","",30,317,324,330,6014310,249166,4652,1429,"",1.26,0.46,0.47,0.48,0.19,0.54,0.37,0.39,"",0,0.0,-36,-10.2,-46,-12.4,-38,-10.3,-163062,-2.6,-73038,-22.7,-1999,-30.1,122,9.3
"06081","5","42442","77","0","2024","4","",10,142,144,146,3264610,65006,1511,1744,"",1.35,1.53,1.55,1.56,0.67,1.04,0.82,0.43,"",-1,-9.1,-37,-20.7,-40,-21.7,-39,-21.1,-424655,-11.5,-32420,-33.3,-671,-30.8,190,12.2
"06081","5","424420","78","0","2024","4","",10,142,144,146,3264610,65006,1511,1744,"",1.35,1.53,1.55,1.56,0.67,1.04,0.82,0.43,"",-1,-9.1,-37,-20.7,-40,-21.7,-39,-21.1,-424655,-11.5,-32420,-33.3,-671,-30.8,190,12.2
"06081","5","42443","77","0","2024","4","",3,13,13,12,350743,0,0,2130,"",0.44,0.14,0.14,0.13,0.08,0.00,0.00,0.55,"N",1,50.0,0,0,0,0,0,0,0,0,0,0,0,0,0,0
"06081","5","424430","78","0","2024","4","",3,13,13,12,350743,0,0,2130,"",0.44,0.14,0.14,0.13,0.08,0.00,0.00,0.55,"N",1,50.0,0,0,0,0,0,0,0,0,0,0,0,0,0,0
"06081","5","42444","77","0","2024","4","N",4,0,0,0,0,0,0,0,"N",1.99,0,0,0,0,0,0,0,"N",1,33.3,0,0,0,0,0,0,0,0,0,0,0,0,0,0
"06081","5","424440","78","0","2024","4","N",4,0,0,0,0,0,0,0,"N",1.99,0,0,0,0,0,0,0,"N",1,33.3,0,0,0,0,0,0,0,0,0,0,0,0,0,0
"06081","5","42445","77","0","2024","4","N",3,0,0,0,0,0,0,0,"N",0.29,0,0,0,0,0,0,0,"N",0,0.0,0,0,0,0,0,0,0,0,0,0,0,0,0,0
"06081","5","424450","78","0","2024","4","N",3,0,0,0,0,0,0,0,"N",0.29,0,0,0,0,0,0,0,"N",0,0.0,0,0,0,0,0,0,0,0,0,0,0,0,0,0
"06081","5","42446","77","0","2024","4","",13,221,212,210,8276580,69004,1259,2970,"",1.77,3.00,2.88,2.86,2.52,1.30,0.79,0.86,"",0,0.0,37,20.1,36,20.5,33,18.6,1925902,30.3,16873,32.4,402,46.9,241,8.8
"06081","5","424460","78","0","2024","4","",13,221,212,210,8276580,69004,1259,2970,"",1.77,3.00,2.88,2.86,2.52,1.30,0.79,0.86,"",0,0.0,37,20.1,36,20.5,33,18.6,1925902,30.3,16873,32.4,402,46.9,241,8.8
"06081","5","42447","77","0","2024","4","",8,154,155,156,3347591,81274,2071,1661,"",0.97,1.22,1.22,1.22,0.50,0.99,0.86,0.41,"",-2,-20.0,17,12.4,14,9.9,14,9.9,334497,11.1,9329,13.0,-9,-0.4,5,0.3
"06081","5","424470","78","0","2024","4","",8,154,155,156,3347591,81274,2071,1661,"",0.97,1.22,1.22,1.22,0.50,0.99,0.86,0.41,"",-2,-20.0,17,12.4,14,9.9,14,9.9,334497,11.1,9329,13.0,-9,-0.4,5,0.3
"06081","5","42448","77","0","2024","4","",31,695,703,689,17959760,297239,8734,1986,"",2.20,2.67,2.72,2.67,1.55,1.46,1.42,0.58,"",-1,-3.1,-50,-6.7,-34,-4.6,-36,-5.0,1236967,7.4,-113915,-27.7,-1691,-16.2,237,13.6
"06081","5","424480","78","0","2024","4","",31,695,703,689,17959760,297239,8734,1986,"",2.20,2.67,2.72,2.67,1.55,1.46,1.42,0.58,"",-1,-3.1,-50,-6.7,-34,-4.6,-36,-5.0,1236967,7.4,-113915,-27.7,-1691,-16.2,237,13.6
"06081","5","42449","77","0","2024","4","",49,909,916,911,22100350,400575,10346,1864,"",0.94,1.39,1.40,1.39,0.70,0.94,0.90,0.50,"",2,4.3,39,4.5,31,3.5,21,2.4,1247906,6.0,-347764,-46.5,-7113,-40.7,45,2.5
"06081","5","424490","78","0","2024","4","",49,909,916,911,22100350,400575,10346,1864,"",0.94,1.39,1.40,1.39,0.70,0.94,0.90,0.50,"",2,4.3,39,4.5,31,3.5,21,2.4,1247906,6.0,-347764,-46.5,-7113,-40.7,45,2.5
"06081","5","4245","76","0","2024","4","N",5,0,0,0,0,0,0,0,"N",0.26,0,0,0,0,0,0,0,"N",-1,-16.7,0,0,0,0,0,0,0,0,0,0,0,0,0,0
"06081","5","42451","77","0","2024","4","N",1,0,0,0,0,0,0,0,"N",0.10,0,0,0,0,0,0,0,"N",0,0.0,0,0,0,0,0,0,0,0,0,0,0,0,0,0
"06081","5","424510","78","0","2024","4","N",1,0,0,0,0,0,0,0,"N",0.10,0,0,0,0,0,0,0,"N",0,0.0,0,0,0,0,0,0,0,0,0,0,0,0,0,0
"06081","5","42459","77","0","2024","4","N",4,0,0,0,0,0,0,0,"N",0.74,0,0,0,0,0,0,0,"N",-1,-20.0,0,0,0,0,0,0,0,0,0,0,0,0,0,0
"06081","5","424590","78","0","2024","4","N",4,0,0,0,0,0,0,0,"N",0.74,0,0,0,0,0,0,0,"N",-1,-20.0,0,0,0,0,0,0,0,0,0,0,0,0,0,0
"06081","5","4246","76","0","2024","4","",22,115,114,114,3086178,932,35,2076,"",0.44,0.29,0.28,0.28,0.11,0.01,0.01,0.40,"",-1,-4.3,-13,-10.2,-13,-10.2,-11,-8.8,-324648,-9.5,-19596,-95.5,-597,-94.5,5,0.2
"06081","5","42461","77","0","2024","4","N",1,0,0,0,0,0,0,0,"N",0.08,0,0,0,0,0,0,0,"N",0,0.0,0,0,0,0,0,0,0,0,0,0,0,0,0,0
"06081","5","424610","78","0","2024","4","N",1,0,0,0,0,0,0,0,"N",0.08,0,0,0,0,0,0,0,"N",0,0.0,0,0,0,0,0,0,0,0,0,0,0,0,0,0
"06081","5","42469","77","0","2024","4","N",21,0,0,0,0,0,0,0,"N",0.56,0,0,0,0,0,0,0,"N",-1,-4.5,0,0,0,0,0,0,0,0,0,0,0,0,0,0
"06081","5","424690","78","0","2024","4","N",21,0,0,0,0,0,0,0,"N",0.56,0,0,0,0,0,0,0,"N",-1,-4.5,0,0,0,0,0,0,0,0,0,0,0,0,0,0
"06081","5","4247","76","0","2024","4","N",1,0,0,0,0,0,0,0,"N",0.04,0,0,0,0,0,0,0,"N",0,0.0,0,0,0,0,0,0,0,0,0,0,0,0,0,0
"06081","5","42471","77","0","2024","4","N",1,0,0,0,0,0,0,0,"N",0.14,0,0,0,0,0,0,0,"N",0,0.0,0,0,0,0,0,0,0,0,0,0,0,0,0,0
"06081","5","424710","78","0","2024","4","N",1,0,0,0,0,0,0,0,"N",0.14,0,0,0,0,0,0,0,"N",0,0.0,0,0,0,0,0,0,0,0,0,0,0,0,0,0
"06081","5","4248","76","0","2024","4","",22,519,516,513,11370807,241503,6920,1695,"",0.87,0.92,0.92,0.91,0.40,0.80,0.98,0.43,"",-2,-8.3,58,12.6,51,11.0,46,9.9,1088941,10.6,-10367,-4.1,-65,-0.9,-8,-0.5
"06081","5","42481","77","0","2024","4","N",6,0,0,0,0,0,0,0,"N",0.76,0,0,0,0,0,0,0,"N",0,0.0,0,0,0,0,0,0,0,0,0,0,0,0,0,0
"06081","5","424810","78","0","2024","4","N",6,0,0,0,0,0,0,0,"N",0.76,0,0,0,0,0,0,0,"N",0,0.0,0,0,0,0,0,0,0,0,0,0,0,0,0,0
"06081","5","42482","77","0","2024","4","N",16,0,0,0,0,0,0,0,"N",0.91,0,0,0,0,0,0,0,"N",-2,-11.1,0,0,0,0,0,0,0,0,0,0,0,0,0,0
"06081","5","424820","78","0","2024","4","N",16,0,0,0,0,0,0,0,"N",0.91,0,0,0,0,0,0,0,"N",-2,-11.1,0,0,0,0,0,0,0,0,0,0,0,0,0,0
"06081","5","4249","76","0","2024","4","",63,284,282,280,6276860,191014,4423,1712,"",0.61,0.33,0.33,0.33,0.15,0.34,0.28,0.46,"",-5,-7.4,-105,-27.0,-105,-27.1,-119,-29.8,-1430845,-18.6,-3543,-1.8,-1178,-21.0,198,13.1
"06081","5","42491","77","0","2024","4","N",4,0,0,0,0,0,0,0,"N",0.12,0,0,0,0,0,0,0,"N",0,0.0,0,0,0,0,0,0,0,0,0,0,0,0,0,0
"06081","5","424910","78","0","2024","4","N",4,0,0,0,0,0,0,0,"N",0.12,0,0,0,0,0,0,0,"N",0,0.0,0,0,0,0,0,0,0,0,0,0,0,0,0,0
"06081","5","42492","77","0","2024","4","",5,14,13,13,270632,7081,439,1561,"",1.00,0.20,0.19,0.19,0.09,0.14,0.30,0.46,"",0,0.0,-2,-12.5,-3,-18.8,-4,-23.5,-32821,-10.8,-5454,-43.5,-209,-32.3,132,9.2
"06081","5","424920","78","0","2024","4","",5,14,13,13,270632,7081,439,1561,"",1.00,0.20,0.19,0.19,0.09,0.14,0.30,0.46,"",0,0.0,-2,-12.5,-3,-18.8,-4,-23.5,-32821,-10.8,-5454,-43.5,-209,-32.3,132,9.2
"06081","5","42493","77","0","2024","4","N",4,0,0,0,0,0,0,0,"N",0.40,0,0,0,0,0,0,0,"N",-1,-20.0,0,0,0,0,0,0,0,0,0,0,0,0,0,0
"06081","5","424930","78","0","2024","4","N",4,0,0,0,0,0,0,0,"N",0.40,0,0,0,0,0,0,0,"N",-1,-20.0,0,0,0,0,0,0,0,0,0,0,0,0,0,0
"06081","5","42494","77","0","2024","4","N",1,0,0,0,0,0,0,0,"N",0.16,0,0,0,0,0,0,0,"N",-1,-50.0,0,0,0,0,0,0,0,0,0,0,0,0,0,0
"06081","5","424940","78","0","2024","4","N",1,0,0,0,0,0,0,0,"N",0.16,0,0,0,0,0,0,0,"N",-1,-50.0,0,0,0,0,0,0,0,0,0,0,0,0,0,0
"06081","5","42495","77","0","2024","4","",5,47,47,46,835974,65106,1887,1378,"",0.66,0.76,0.76,0.74,0.28,1.99,2.21,0.37,"",0,0.0,1,2.2,1,2.2,-1,-2.1,71665,9.4,49669,321.8,1456,337.8,109,8.6
"06081","5","424950","78","0","2024","4","",5,47,47,46,835974,65106,1887,1378,"",0.66,0.76,0.76,0.74,0.28,1.99,2.21,0.37,"",0,0.0,1,2.2,1,2.2,-1,-2.1,71665,9.4,49669,321.8,1456,337.8,109,8.6
"06081","5","42499","77","0","2024","4","",44,196,194,194,4470154,113076,1901,1766,"",1.10,0.89,0.88,0.87,0.40,0.79,0.40,0.46,"",-3,-6.4,-17,-8.0,-19,-8.9,-22,-10.2,-82830,-1.8,-16904,-13.0,-997,-34.4,129,7.9
"06081","5","424990","78","0","2024","4","",44,196,194,194,4470154,113076,1901,1766,"",1.10,0.89,0.88,0.87,0.40,0.79,0.40,0.46,"",-3,-6.4,-17,-8.0,-19,-8.9,-22,-10.2,-82830,-1.8,-16904,-13.0,-997,-34.4,129,7.9
"06081","5","425","75","0","2024","4","",118,486,473,471,16830770,181732,5569,2716,"",0.39,0.37,0.36,0.36,0.16,0.27,0.27,0.44,"",-15,-11.3,-232,-32.3,-224,-32.1,-208,-30.6,-14389964,-46.1,-166460,-47.8,-4935,-47.0,-725,-21.1
"06081","5","4251","76","0","2024","4","",118,486,473,471,16830770,181732,5569,2716,"",0.39,0.37,0.36,0.36,0.16,0.27,0.27,0.44,"",-15,-11.3,-232,-32.3,-224,-32.1,-208,-30.6,-14389964,-46.1,-166460,-47.8,-4935,-47.0,-725,-21.1
"06081","5","42512","77","0","2024","4","",118,486,473,471,16830770,181732,5569,2716,"",0.39,0.37,0.36,0.36,0.16,0.27,0.27,0.44,"",-15,-11.3,-232,-32.3,-224,-32.1,-208,-30.6,-14389964,-46.1,-166460,-47.8,-4935,-47.0,-725,-21.1
"06081","5","425120","78","0","2024","4","",118,486,473,471,16830770,181732,5569,2716,"",0.39,0.37,0.36,0.36,0.16,0.27,0.27,0.44,"",-15,-11.3,-232,-32.3,-224,-32.1,-208,-30.6,-14389964,-46.1,-166460,-47.8,-4935,-47.0,-725,-21.1
"06081","5","44-45","74","0","2024","4","",1771,29206,29984,30202,433482828,24116854,541723,1119,"",0.63,0.71,0.72,0.72,0.41,0.81,0.78,0.57,"",-25,-1.4,-37,-0.1,-25,-0.1,11,0.0,6971372,1.6,244605,1.0,23426,4.5,19,1.7
"06081","5","441","75","0","2024","4","",141,3227,3255,3226,77726177,2709195,78263,1848,"",0.43,0.60,0.60,0.60,0.34,0.70,0.79,0.56,"",-2,-1.4,100,3.2,98,3.1,110,3.5,-243351,-0.3,571144,26.7,21194,37.1,-66,-3.4
"06081","5","4411","76","0","2024","4","",61,2581,2603,2586,68169423,2204829,67173,2025,"",0.49,0.76,0.77,0.76,0.41,0.94,1.04,0.53,"",-2,-3.2,119,4.8,99,4.0,108,4.4,-220273,-0.3,615629,38.7,22047,48.9,-95,-4.5
"06081","5","44111","77","0","2024","4","",41,2461,2480,2462,66056835,2124460,64161,2059,"",0.73,0.83,0.84,0.83,0.44,1.04,1.18,0.53,"",2,5.1,124,5.3,107,4.5,107,4.5,2174462,3.4,617351,41.0,21302,49.7,-28,-1.3
"06081","5","441110","78","0","2024","4","",41,2461,2480,2462,66056835,2124460,64161,2059,"",0.73,0.83,0.84,0.83,0.44,1.04,1.18,0.53,"",2,5.1,124,5.3,107,4.5,107,4.5,2174462,3.4,617351,41.0,21302,49.7,-28,-1.3
"06081","5","44112","77","0","2024","4","",20,120,123,124,2112588,80369,3012,1328,"",0.29,0.27,0.28,0.28,0.12,0.25,0.29,0.41,"",-4,-16.7,-5,-4.0,-8,-6.1,1,0.8,-2394735,-53.1,-1722,-2.1,745,32.9,-1416,-51.6
"06081","5","441120","78","0","2024","4","",20,120,123,124,2112588,80369,3012,1328,"",0.29,0.27,0.28,0.28,0.12,0.25,0.29,0.41,"",-4,-16.7,-5,-4.0,-8,-6.1,1,0.8,-2394735,-53.1,-1722,-2.1,745,32.9,-1416,-51.6
"06081","5","4412","76","0","2024","4","",9,32,34,30,402962,19448,480,969,"",0.22,0.07,0.08,0.07,0.02,0.06,0.05,0.32,"",-1,-10.0,2,6.7,7,25.9,3,11.1,26198,7.0,5781,42.3,77,19.1,-66,-6.4
"06081","5","44122","77","0","2024","4","",9,32,34,30,402962,19448,480,969,"",0.28,0.11,0.11,0.10,0.03,0.10,0.08,0.33,"",-1,-10.0,2,6.7,7,25.9,3,11.1,26198,7.0,5781,42.3,77,19.1,-66,-6.4
"06081","5","441222","78","0","2024","4","",3,20,22,18,184729,4188,164,710,"",0.25,0.20,0.22,0.19,0.04,0.07,0.08,0.22,"",0,0.0,1,5.3,6,37.5,1,5.9,15248,9.0,-2479,-37.2,-134,-45.0,-42,-5.6
"06081","5","441227","78","0","2024","4","",6,12,12,12,218233,15260,316,1399,"",0.29,0.06,0.06,0.06,0.03,0.11,0.09,0.49,"",-1,-14.3,1,9.1,1,9.1,2,20.0,10950,5.3,8260,118.0,211,201.0,-96,-6.4
"06081","5","4413","76","0","2024","4","",71,614,618,610,9153792,484918,10610,1147,"",0.43,0.39,0.39,0.39,0.21,0.40,0.43,0.53,"",1,1.4,-21,-3.3,-8,-1.3,-1,-0.2,-49276,-0.5,-50266,-9.4,-930,-8.1,12,1.1
"06081","5","44133","77","0","2024","4","",43,395,402,388,5708420,318449,7683,1112,"",0.40,0.38,0.38,0.37,0.21,0.42,0.51,0.57,"",0,0.0,-10,-2.5,-2,-0.5,-18,-4.4,242371,4.4,-3514,-1.1,860,12.6,74,7.1
"06081","5","441330","78","0","2024","4","",43,395,402,388,5708420,318449,7683,1112,"",0.40,0.38,0.38,0.37,0.21,0.42,0.51,0.57,"",0,0.0,-10,-2.5,-2,-0.5,-18,-4.4,242371,4.4,-3514,-1.1,860,12.6,74,7.1
"06081","5","44134","77","0","2024","4","",28,219,216,222,3445372,166469,2927,1210,"",0.51,0.43,0.42,0.43,0.20,0.38,0.30,0.46,"",1,3.7,-11,-4.8,-6,-2.7,17,8.3,-291647,-7.8,-46752,-21.9,-1790,-37.9,-103,-7.8
"06081","5","441340","78","0","2024","4","",28,219,216,222,3445372,166469,2927,1210,"",0.51,0.43,0.42,0.43,0.20,0.38,0.30,0.46,"",1,3.7,-11,-4.8,-6,-2.7,17,8.3,-291647,-7.8,-46752,-21.9,-1790,-37.9,-103,-7.8
"06081","5","444","75","0","2024","4","",138,2616,2598,2596,38922332,1192205,29142,1150,"",0.72,0.73,0.73,0.73,0.39,0.50,0.54,0.54,"",-2,-1.4,-86,-3.2,-80,-3.0,10,0.4,-101224,-0.3,-56150,-4.5,-609,-2.0,20,1.8
"06081","5","4441","76","0","2024","4","",121,2457,2443,2446,36441928,1104634,27624,1145,"",0.83,0.79,0.79,0.79,0.42,0.54,0.65,0.53,"",-3,-2.4,-114,-4.4,-104,-4.1,-27,-1.1,-451884,-1.2,-75125,-6.4,-867,-3.0,23,2.0
"06081","5","44411","77","0","2024","4","N",14,0,0,0,0,0,0,0,"N",0.56,0,0,0,0,0,0,0,"N",0,0.0,0,0,0,0,0,0,0,0,0,0,0,0,0,0
"06081","5","444110","78","0","2024","4","N",14,0,0,0,0,0,0,0,"N",0.56,0,0,0,0,0,0,0,"N",0,0.0,0,0,0,0,0,0,0,0,0,0,0,0,0,0
"06081","5","44412","77","0","2024","4","N",16,0,0,0,0,0,0,0,"N",0.89,0,0,0,0,0,0,0,"N",-4,-20.0,0,0,0,0,0,0,0,0,0,0,0,0,0,0
"06081","5","444120","78","0","2024","4","N",16,0,0,0,0,0,0,0,"N",0.89,0,0,0,0,0,0,0,"N",-4,-20.0,0,0,0,0,0,0,0,0,0,0,0,0,0,0
"06081","5","44414","77","0","2024","4","",14,165,164,158,2130534,93435,2275,1010,"",0.34,0.36,0.36,0.34,0.19,0.28,0.34,0.53,"",-1,-6.7,-6,-3.5,-4,-2.4,-8,-4.8,68314,3.3,3789,4.2,-168,-6.9,68,7.2
"06081","5","444140","78","0","2024","4","",14,165,164,158,2130534,93435,2275,1010,"",0.34,0.36,0.36,0.34,0.19,0.28,0.34,0.53,"",-1,-6.7,-6,-3.5,-4,-2.4,-8,-4.8,68314,3.3,3789,4.2,-168,-6.9,68,7.2
"06081","5","44418","77","0","2024","4","",77,717,708,712,15908453,304527,9560,1718,"",1.26,1.09,1.07,1.08,0.53,0.73,0.89,0.49,"",2,2.7,-46,-6.0,-49,-6.5,1,0.1,-412592,-2.5,-9424,-3.0,-377,-3.8,30,1.8
"06081","5","444180","78","0","2024","4","",77,717,708,712,15908453,304527,9560,1718,"",1.26,1.09,1.07,1.08,0.53,0.73,0.89,0.49,"",2,2.7,-46,-6.0,-49,-6.5,1,0.1,-412592,-2.5,-9424,-3.0,-377,-3.8,30,1.8
"06081","5","4442","76","0","2024","4","",17,159,155,150,2480404,87571,1518,1234,"",0.36,0.33,0.32,0.32,0.20,0.26,0.14,0.62,"",1,6.2,28,21.4,24,18.3,37,32.7,350660,16.5,18975,27.7,258,20.5,-77,-5.9
"06081","5","44424","77","0","2024","4","",17,159,155,150,2480404,87571,1518,1234,"",0.46,0.39,0.39,0.38,0.26,0.29,0.15,0.67,"",1,6.2,28,21.4,24,18.3,37,32.7,350660,16.5,18975,27.7,258,20.5,-77,-5.9
"06081","5","444240","78","0","2024","4","",17,159,155,150,2480404,87571,1518,1234,"",0.46,0.39,0.39,0.38,0.26,0.29,0.15,0.67,"",1,6.2,28,21.4,24,18.3,37,32.7,350660,16.5,18975,27.7,258,20.5,-77,-5.9
"06081","5","445","75","0","2024","4","",342,7848,7952,7984,94484162,4721406,94362,917,"",0.81,0.92,0.93,0.93,0.54,0.78,0.76,0.58,"",4,1.2,57,0.7,-3,0.0,22,0.3,2828746,3.1,-153527,-3.1,-3744,-3.8,25,2.8
"06081","5","4451","76","0","2024","4","",214,7007,7041,7065,82909210,3992215,72924,906,"",0.83,0.95,0.94,0.94,0.54,0.77,0.73,0.57,"",5,2.4,58,0.8,-14,-0.2,1,0.0,2630501,3.3,-159362,-3.8,-3970,-5.2,27,3.1
"06081","5","44511","77","0","2024","4","",168,6790,6825,6848,80922332,3823496,69518,913,"",1.08,0.99,0.99,0.98,0.57,0.80,0.81,0.58,"",3,1.8,49,0.7,-17,-0.2,-7,-0.1,2528211,3.2,-159815,-4.0,-2966,-4.1,28,3.2
"06081","5","445110","78","0","2024","4","",168,6790,6825,6848,80922332,3823496,69518,913,"",1.08,0.99,0.99,0.98,0.57,0.80,0.81,0.58,"",3,1.8,49,0.7,-17,-0.2,-7,-0.1,2528211,3.2,-159815,-4.0,-2966,-4.1,28,3.2
"06081","5","44513","77","0","2024","4","",46,217,216,217,1986878,168719,3406,705,"",0.45,0.41,0.40,0.41,0.18,0.40,0.26,0.45,"",2,4.5,9,4.3,3,1.4,8,3.8,102290,5.4,453,0.3,-1004,-22.8,15,2.2
"06081","5","445131","78","0","2024","4","",42,205,202,204,1821722,166143,3367,688,"",0.45,0.47,0.47,0.47,0.23,0.47,0.32,0.50,"",2,5.0,10,5.1,3,1.5,11,5.7,82881,4.8,14236,9.4,-378,-10.1,4,0.6
"06081","5","445132","78","0","2024","4","",4,12,14,13,165156,2576,39,977,"",0.44,0.12,0.14,0.13,0.05,0.03,0.01,0.41,"",0,0.0,-1,-7.7,0,0.0,-3,-18.8,19409,13.3,-13783,-84.3,-626,-94.1,195,24.9
"06081","5","4452","76","0","2024","4","",65,460,506,502,6519521,311572,9360,1025,"",0.85,0.72,0.78,0.77,0.45,0.59,0.59,0.59,"",-2,-3.0,-33,-6.7,-31,-5.8,-36,-6.7,-302589,-4.4,-41204,-11.7,-1997,-17.6,21,2.1
"06081","5","44523","77","0","2024","4","",20,191,188,191,2949533,75255,1516,1194,"",2.22,1.75,1.94,2.07,1.21,0.98,0.56,0.63,"",0,0.0,-31,-14.0,-31,-14.2,-29,-13.2,-522811,-15.1,-13524,-15.2,-596,-28.2,-18,-1.5
"06081","5","445230","78","0","2024","4","",20,191,188,191,2949533,75255,1516,1194,"",2.22,1.75,1.94,2.07,1.21,0.98,0.56,0.63,"",0,0.0,-31,-14.0,-31,-14.2,-29,-13.2,-522811,-15.1,-13524,-15.2,-596,-28.2,-18,-1.5
"06081","5","44524","77","0","2024","4","N",7,0,0,0,0,0,0,0,"N",0.39,0,0,0,0,0,0,0,"N",0,0.0,0,0,0,0,0,0,0,0,0,0,0,0,0,0
"06081","5","445240","78","0","2024","4","N",7,0,0,0,0,0,0,0,"N",0.39,0,0,0,0,0,0,0,"N",0,0.0,0,0,0,0,0,0,0,0,0,0,0,0,0,0
"06081","5","44525","77","0","2024","4","N",3,0,0,0,0,0,0,0,"N",0.51,0,0,0,0,0,0,0,"N",0,0.0,0,0,0,0,0,0,0,0,0,0,0,0,0,0
"06081","5","445250","78","0","2024","4","N",3,0,0,0,0,0,0,0,"N",0.51,0,0,0,0,0,0,0,"N",0,0.0,0,0,0,0,0,0,0,0,0,0,0,0,0,0
"06081","5","44529","77","0","2024","4","",35,181,201,214,2035137,158666,5662,788,"",0.80,0.56,0.60,0.63,0.29,0.56,0.63,0.49,"",-2,-5.4,-7,-3.7,-20,-9.0,-12,-5.3,81870,4.2,-52715,-24.9,-2112,-27.2,78,11.0
"06081","5","445291","78","0","2024","4","N",6,0,0,0,0,0,0,0,"N",0.86,0,0,0,0,0,0,0,"N",0,0.0,0,0,0,0,0,0,0,0,0,0,0,0,0,0
"06081","5","445292","78","0","2024","4","N",10,0,0,0,0,0,0,0,"N",1.20,0,0,0,0,0,0,0,"N",-1,-9.1,0,0,0,0,0,0,0,0,0,0,0,0,0,0
"06081","5","445298","78","0","2024","4","",19,88,91,88,1156400,64523,1420,999,"",0.67,0.41,0.42,0.40,0.24,0.34,0.25,0.58,"",-1,-5.0,-15,-14.6,-16,-15.0,-13,-12.9,55012,5.0,-19022,-22.8,-704,-33.1,182,22.3
"06081","5","4453","76","0","2024","4","",63,381,405,417,5055431,417619,12078,970,"",0.70,0.84,0.88,0.90,0.57,1.23,1.28,0.65,"",1,1.6,32,9.2,42,11.6,57,15.8,500834,11.0,47039,12.7,2223,22.6,-10,-1.0
"06081","5","44532","77","0","2024","4","",63,381,405,417,5055431,417619,12078,970,"",0.70,0.84,0.88,0.90,0.57,1.23,1.28,0.65,"",1,1.6,32,9.2,42,11.6,57,15.8,500834,11.0,47039,12.7,2223,22.6,-10,-1.0
"06081","5","445320","78","0","2024","4","",63,381,405,417,5055431,417619,12078,970,"",0.70,0.84,0.88,0.90,0.57,1.23,1.28,0.65,"",1,1.6,32,9.2,42,11.6,57,15.8,500834,11.0,47039,12.7,2223,22.6,-10,-1.0
"06081","5","449","75","0","2024","4","",187,1785,1846,1862,31433064,1262747,33502,1321,"",0.81,0.85,0.86,0.86,0.40,0.88,0.84,0.47,"",-4,-2.1,-160,-8.2,-101,-5.2,-99,-5.0,-4049936,-11.4,-2882,-0.2,3839,12.9,-78,-5.6
"06081","5","4491","76","0","2024","4","",97,926,976,982,14690716,705065,16528,1176,"",0.79,0.86,0.89,0.89,0.41,0.92,0.81,0.46,"",0,0.0,-77,-7.7,-41,-4.0,-69,-6.6,-2002361,-12.0,5232,0.7,1726,11.7,-78,-6.2
"06081","5","44911","77","0","2024","4","",51,509,521,521,7160399,320840,7364,1065,"",0.85,0.98,1.00,1.00,0.38,0.93,0.80,0.38,"",1,2.0,-15,-2.9,-9,-1.7,-15,-2.8,-1607585,-18.3,53689,20.1,1546,26.6,-208,-16.3
"06081","5","449110","78","0","2024","4","",51,509,521,521,7160399,320840,7364,1065,"",0.85,0.98,1.00,1.00,0.38,0.93,0.80,0.38,"",1,2.0,-15,-2.9,-9,-1.7,-15,-2.8,-1607585,-18.3,53689,20.1,1546,26.6,-208,-16.3
"06081","5","44912","77","0","2024","4","",46,417,455,461,7530317,384225,9164,1304,"",0.74,0.76,0.79,0.78,0.43,0.92,0.82,0.55,"",-1,-2.1,-62,-12.9,-32,-6.6,-54,-10.5,-394776,-5.0,-48457,-11.2,180,2.0,69,5.6
"06081","5","449121","78","0","2024","4","",15,71,70,68,1336359,16687,405,1476,"",0.63,0.39,0.39,0.38,0.17,0.14,0.12,0.44,"",0,0.0,-8,-10.1,-8,-10.3,-15,-18.1,-492895,-26.9,-5035,-23.2,-170,-29.6,-283,-16.1
"06081","5","449122","78","0","2024","4","",4,19,21,22,385423,18984,892,1435,"",0.52,0.54,0.60,0.63,0.27,0.79,1.23,0.46,"",-1,-20.0,-3,-13.6,-1,-4.5,0,0.0,-89809,-18.9,18234,2431.2,866,3330.8,-227,-13.7
"06081","5","449129","78","0","2024","4","",27,327,364,371,5808535,348554,7867,1262,"",0.87,0.97,1.00,0.99,0.71,1.27,1.10,0.71,"",0,0.0,-51,-13.5,-23,-5.9,-39,-9.5,187928,3.3,-61656,-15.0,-516,-6.2,158,14.3
"06081","5","4492","76","0","2024","4","",90,859,870,880,16742348,557682,16974,1481,"",0.82,0.83,0.83,0.84,0.39,0.82,0.86,0.47,"",-4,-4.3,-83,-8.8,-60,-6.5,-30,-3.3,-2047575,-10.9,-8114,-1.4,2113,14.2,-78,-5.0
"06081","5","44921","77","0","2024","4","",90,859,870,880,16742348,557682,16974,1481,"",0.82,0.83,0.83,0.84,0.39,0.82,0.86,0.47,"",-4,-4.3,-83,-8.8,-60,-6.5,-30,-3.3,-2047575,-10.9,-8114,-1.4,2113,14.2,-78,-5.0
"06081","5","449210","78","0","2024","4","",90,859,870,880,16742348,557682,16974,1481,"",0.82,0.83,0.83,0.84,0.39,0.82,0.86,0.47,"",-4,-4.3,-83,-8.8,-60,-6.5,-30,-3.3,-2047575,-10.9,-8114,-1.4,2113,14.2,-78,-5.0
"06081","5","455","75","0","2024","4","",76,5155,5503,5559,88777124,6345465,128898,1263,"",0.35,0.60,0.61,0.61,0.51,0.99,1.00,0.84,"",-4,-5.0,385,8.1,350,6.8,311,5.9,15487475,21.1,393269,6.6,13072,11.3,148,13.3
"06081","5","4551","76","0","2024","4","",30,2632,2882,2931,24524727,3293086,64192,670,"",0.91,0.97,0.99,0.98,0.50,1.55,1.33,0.51,"",7,30.4,995,60.8,1119,63.5,1142,63.8,10900955,80.0,1476495,81.3,32054,99.7,64,10.6
"06081","5","45511","77","0","2024","4","",30,2632,2882,2931,24524727,3293086,64192,670,"",0.91,0.97,0.99,0.98,0.50,1.55,1.33,0.51,"",7,30.4,995,60.8,1119,63.5,1142,63.8,10900955,80.0,1476495,81.3,32054,99.7,64,10.6
"06081","5","455110","78","0","2024","4","",30,2632,2882,2931,24524727,3293086,64192,670,"",0.91,0.97,0.99,0.98,0.50,1.55,1.33,0.51,"",7,30.4,995,60.8,1119,63.5,1142,63.8,10900955,80.0,1476495,81.3,32054,99.7,64,10.6
"06081","5","4552","76","0","2024","4","",46,2523,2621,2628,64252397,3052379,64706,1908,"",0.25,0.42,0.43,0.43,0.51,0.71,0.80,1.20,"",-11,-19.3,-610,-19.5,-769,-22.7,-831,-24.0,4586520,7.7,-1083226,-26.2,-18982,-22.7,529,38.4
"06081","5","45521","77","0","2024","4","",46,2523,2621,2628,64252397,3052379,64706,1908,"",0.25,0.42,0.43,0.43,0.51,0.71,0.80,1.20,"",-11,-19.3,-610,-19.5,-769,-22.7,-831,-24.0,4586520,7.7,-1083226,-26.2,-18982,-22.7,529,38.4
"06081","5","455211","78","0","2024","4","",8,2092,2179,2177,51770872,2471370,51582,1853,"",0.47,0.47,0.48,0.48,0.54,0.83,1.01,1.14,"",1,14.3,385,22.6,410,23.2,364,20.1,13431011,35.0,269970,12.3,8068,18.5,180,10.8
"06081","5","455219","78","0","2024","4","",38,431,442,451,12481525,581009,13124,2175,"",0.22,0.28,0.28,0.28,0.42,0.46,0.43,1.48,"",-12,-24.0,-995,-69.8,-1179,-72.7,-1195,-72.6,-8844491,-41.5,-1353196,-70.0,-27050,-67.3,1126,107.3
"06081","5","456","75","0","2024","4","",185,1833,1858,1860,29641510,1451819,32038,1232,"",0.61,0.64,0.64,0.63,0.33,0.74,0.70,0.52,"",-15,-7.5,-192,-9.5,-170,-8.4,-201,-9.8,-4115775,-12.2,-145343,-9.1,-2118,-6.2,-42,-3.3
"06081","5","4561","76","0","2024","4","",185,1833,1858,1860,29641510,1451819,32038,1232,"",0.61,0.64,0.64,0.63,0.33,0.74,0.70,0.52,"",-15,-7.5,-192,-9.5,-170,-8.4,-201,-9.8,-4115775,-12.2,-145343,-9.1,-2118,-6.2,-42,-3.3
"06081","5","45611","77","0","2024","4","",93,1056,1063,1061,16489311,763178,13315,1197,"",0.57,0.58,0.58,0.57,0.27,0.63,0.51,0.47,"",-7,-7.0,-70,-6.2,-59,-5.3,-91,-7.9,-268318,-1.6,17154,2.3,724,5.8,60,5.3
"06081","5","456110","78","0","2024","4","",93,1056,1063,1061,16489311,763178,13315,1197,"",0.57,0.58,0.58,0.57,0.27,0.63,0.51,0.47,"",-7,-7.0,-70,-6.2,-59,-5.3,-91,-7.9,-268318,-1.6,17154,2.3,724,5.8,60,5.3
"06081","5","45612","77","0","2024","4","",33,516,528,526,8482556,465656,12353,1247,"",0.62,0.96,0.93,0.91,0.77,1.18,1.16,0.82,"",-2,-5.7,-47,-8.3,-47,-8.2,-45,-7.9,-1898111,-18.3,-31260,-6.3,439,3.7,-155,-11.1
"06081","5","456120","78","0","2024","4","",33,516,528,526,8482556,465656,12353,1247,"",0.62,0.96,0.93,0.91,0.77,1.18,1.16,0.82,"",-2,-5.7,-47,-8.3,-47,-8.2,-45,-7.9,-1898111,-18.3,-31260,-6.3,439,3.7,-155,-11.1
"06081","5","45613","77","0","2024","4","",26,130,132,129,1967293,95144,2434,1161,"",0.93,0.69,0.70,0.68,0.33,0.72,0.78,0.48,"",0,0.0,-5,-3.7,0,0.0,-4,-3.0,110395,5.9,-17702,-15.7,-149,-5.8,90,8.4
"06081","5","456130","78","0","2024","4","",26,130,132,129,1967293,95144,2434,1161,"",0.93,0.69,0.70,0.68,0.33,0.72,0.78,0.48,"",0,0.0,-5,-3.7,0,0.0,-4,-3.0,110395,5.9,-17702,-15.7,-149,-5.8,90,8.4
"06081","5","45619","77","0","2024","4","",33,131,135,144,2702350,127841,3936,1521,"",0.56,0.42,0.43,0.46,0.23,0.56,0.61,0.52,"",-6,-15.4,-70,-34.8,-64,-32.2,-61,-29.8,-2059741,-43.3,-113535,-47.0,-3132,-44.3,-295,-16.2
"06081","5","456191","78","0","2024","4","",17,39,38,38,769797,24560,522,1545,"",0.62,0.31,0.31,0.30,0.19,0.27,0.21,0.62,"",-2,-10.5,-5,-11.4,-4,-9.5,-5,-11.6,166890,27.7,323,1.3,143,37.7,466,43.2
"06081","5","456199","78","0","2024","4","",16,92,97,106,1932553,103281,3414,1512,"",0.51,0.48,0.51,0.55,0.24,0.77,0.88,0.47,"",-4,-20.0,-65,-41.4,-60,-38.2,-56,-34.6,-2226631,-53.5,-113858,-52.4,-3275,-49.0,-504,-25.0
"06081","5","457","75","0","2024","4","",132,1057,1060,1051,12059687,841844,19748,878,"",0.42,0.38,0.39,0.38,0.21,0.37,0.39,0.54,"",6,4.8,-10,-0.9,-4,-0.4,-19,-1.8,933727,8.4,-67745,-7.4,-1598,-7.5,76,9.5
"06081","5","4571","76","0","2024","4","N",130,0,0,0,0,0,0,0,"N",0.44,0,0,0,0,0,0,0,"N",6,4.8,0,0,0,0,0,0,0,0,0,0,0,0,0,0
"06081","5","45711","77","0","2024","4","",115,906,911,899,9041376,656965,13794,768,"",0.43,0.39,0.39,0.39,0.21,0.34,0.33,0.53,"",4,3.6,-8,-0.9,1,0.1,-17,-1.9,189573,2.1,-122867,-15.8,-2921,-17.5,22,2.9
"06081","5","457110","78","0","2024","4","",115,906,911,899,9041376,656965,13794,768,"",0.43,0.39,0.39,0.39,0.21,0.34,0.33,0.53,"",4,3.6,-8,-0.9,1,0.1,-17,-1.9,189573,2.1,-122867,-15.8,-2921,-17.5,22,2.9
"06081","5","45712","77","0","2024","4","N",15,0,0,0,0,0,0,0,"N",0.61,0,0,0,0,0,0,0,"N",2,15.4,0,0,0,0,0,0,0,0,0,0,0,0,0,0
"06081","5","457120","78","0","2024","4","N",15,0,0,0,0,0,0,0,"N",0.61,0,0,0,0,0,0,0,"N",2,15.4,0,0,0,0,0,0,0,0,0,0,0,0,0,0
"06081","5","4572","76","0","2024","4","N",2,0,0,0,0,0,0,0,"N",0.10,0,0,0,0,0,0,0,"N",0,0.0,0,0,0,0,0,0,0,0,0,0,0,0,0,0
"06081","5","45721","77","0","2024","4","N",2,0,0,0,0,0,0,0,"N",0.10,0,0,0,0,0,0,0,"N",0,0.0,0,0,0,0,0,0,0,0,0,0,0,0,0,0
"06081","5","457210","78","0","2024","4","N",2,0,0,0,0,0,0,0,"N",0.10,0,0,0,0,0,0,0,"N",0,0.0,0,0,0,0,0,0,0,0,0,0,0,0,0,0
"06081","5","458","75","0","2024","4","",206,2170,2321,2446,20875035,2409223,49434,694,"",0.65,0.72,0.72,0.74,0.31,1.04,0.76,0.43,"",-9,-4.2,35,1.6,83,3.7,147,6.4,1137548,5.8,-4395,-0.2,710,1.5,11,1.6
"06081","5","4581","76","0","2024","4","",130,1577,1707,1799,13184793,1883197,36560,599,"",0.60,0.70,0.71,0.73,0.29,1.07,0.73,0.41,"",-8,-5.8,12,0.8,49,3.0,87,5.1,296810,2.3,64263,3.5,1340,3.8,-4,-0.7
"06081","5","45811","77","0","2024","4","",130,1577,1707,1799,13184793,1883197,36560,599,"",0.60,0.70,0.71,0.73,0.29,1.07,0.73,0.41,"",-8,-5.8,12,0.8,49,3.0,87,5.1,296810,2.3,64263,3.5,1340,3.8,-4,-0.7
"06081","5","458110","78","0","2024","4","",130,1577,1707,1799,13184793,1883197,36560,599,"",0.60,0.70,0.71,0.73,0.29,1.07,0.73,0.41,"",-8,-5.8,12,0.8,49,3.0,87,5.1,296810,2.3,64263,3.5,1340,3.8,-4,-0.7
"06081","5","4582","76","0","2024","4","",33,382,406,426,2702356,336259,7492,514,"",0.82,0.86,0.87,0.87,0.32,1.05,0.93,0.36,"",0,0.0,14,3.8,29,7.7,46,12.1,150378,5.9,-113996,-25.3,-1786,-19.2,-9,-1.7
"06081","5","45821","77","0","2024","4","",33,382,406,426,2702356,336259,7492,514,"",0.82,0.86,0.87,0.87,0.32,1.05,0.93,0.36,"",0,0.0,14,3.8,29,7.7,46,12.1,150378,5.9,-113996,-25.3,-1786,-19.2,-9,-1.7
"06081","5","458210","78","0","2024","4","",33,382,406,426,2702356,336259,7492,514,"",0.82,0.86,0.87,0.87,0.32,1.05,0.93,0.36,"",0,0.0,14,3.8,29,7.7,46,12.1,150378,5.9,-113996,-25.3,-1786,-19.2,-9,-1.7
"06081","5","4583","76","0","2024","4","",43,211,208,221,4987886,189767,5382,1799,"",0.76,0.64,0.61,0.62,0.41,0.81,0.79,0.66,"",-1,-2.3,9,4.5,5,2.5,14,6.8,690360,16.1,45338,31.4,1156,27.4,179,11.0
"06081","5","45831","77","0","2024","4","",40,204,201,212,4899434,176583,5184,1832,"",0.75,0.68,0.64,0.66,0.45,0.83,0.86,0.67,"N",-2,-4.8,0,0,0,0,0,0,0,0,0,0,0,0,0,0
"06081","5","458310","78","0","2024","4","",40,204,201,212,4899434,176583,5184,1832,"",0.75,0.68,0.64,0.66,0.45,0.83,0.86,0.67,"N",-2,-4.8,0,0,0,0,0,0,0,0,0,0,0,0,0,0
"06081","5","45832","77","0","2024","4","",3,7,7,9,88452,13184,198,887,"",0.93,0.24,0.22,0.28,0.07,0.59,0.26,0.30,"N",1,50.0,0,0,0,0,0,0,0,0,0,0,0,0,0,0
"06081","5","458320","78","0","2024","4","",3,7,7,9,88452,13184,198,887,"",0.93,0.24,0.22,0.28,0.07,0.59,0.26,0.30,"N",1,50.0,0,0,0,0,0,0,0,0,0,0,0,0,0,0
"06081","5","459","75","0","2024","4","",364,3515,3591,3618,39563737,3182950,76336,851,"",0.73,0.88,0.88,0.88,0.42,1.04,0.91,0.48,"",1,0.3,-166,-4.5,-198,-5.2,-270,-6.9,-4905838,-11.0,-289766,-8.3,-7320,-8.8,-53,-5.9
"06081","5","4591","76","0","2024","4","",101,1195,1261,1309,9777042,1249595,31875,599,"",0.84,0.94,0.94,0.96,0.38,1.23,1.43,0.41,"",2,2.0,-61,-4.9,-16,-1.3,7,0.5,-33459,-0.3,115175,10.2,7577,31.2,9,1.5
"06081","5","45911","77","0","2024","4","",60,786,827,864,6789399,813804,21631,633,"",0.91,1.02,1.03,1.05,0.42,1.34,1.61,0.41,"",3,5.3,-56,-6.7,-33,-3.8,-36,-4.0,-49039,-0.7,146598,22.0,6632,44.2,27,4.5
"06081","5","459110","78","0","2024","4","",60,786,827,864,6789399,813804,21631,633,"",0.91,1.02,1.03,1.05,0.42,1.34,1.61,0.41,"",3,5.3,-56,-6.7,-33,-3.8,-36,-4.0,-49039,-0.7,146598,22.0,6632,44.2,27,4.5
"06081","5","45912","77","0","2024","4","",23,290,310,324,2086343,348005,8545,521,"",0.68,0.85,0.84,0.87,0.34,1.15,1.29,0.39,"",-1,-4.2,13,4.7,12,4.0,43,15.3,121329,6.2,-23250,-6.3,1284,17.7,-9,-1.7
"06081","5","459120","78","0","2024","4","",23,290,310,324,2086343,348005,8545,521,"",0.68,0.85,0.84,0.87,0.34,1.15,1.29,0.39,"",-1,-4.2,13,4.7,12,4.0,43,15.3,121329,6.2,-23250,-6.3,1284,17.7,-9,-1.7
"06081","5","45913","77","0","2024","4","",9,70,74,72,359854,52628,913,384,"",0.84,0.87,0.90,0.87,0.31,0.92,0.82,0.35,"",0,0.0,-12,-14.6,7,10.4,4,5.9,-53252,-12.9,-8639,-14.1,-252,-21.6,-55,-12.5
"06081","5","459130","78","0","2024","4","",9,70,74,72,359854,52628,913,384,"",0.84,0.87,0.90,0.87,0.31,0.92,0.82,0.35,"",0,0.0,-12,-14.6,7,10.4,4,5.9,-53252,-12.9,-8639,-14.1,-252,-21.6,-55,-12.5
"06081","5","45914","77","0","2024","4","",9,49,50,49,541446,35158,786,844,"",0.93,0.56,0.57,0.56,0.26,0.70,0.72,0.46,"",0,0.0,-6,-10.9,-2,-3.8,-4,-7.5,-52497,-8.8,466,1.3,-87,-10.0,-13,-1.5
"06081","5","459140","78","0","2024","4","",9,49,50,49,541446,35158,786,844,"",0.93,0.56,0.57,0.56,0.26,0.70,0.72,0.46,"",0,0.0,-6,-10.9,-2,-3.8,-4,-7.5,-52497,-8.8,466,1.3,-87,-10.0,-13,-1.5
"06081","5","4592","76","0","2024","4","",15,136,140,144,1051298,86701,1579,578,"",0.72,0.78,0.77,0.76,0.31,0.65,0.44,0.40,"",-1,-6.2,-24,-15.0,-28,-16.7,-31,-17.7,-120152,-10.3,-56857,-39.6,-1264,-44.5,41,7.6
"06081","5","45921","77","0","2024","4","",15,136,140,144,1051298,86701,1579,578,"",0.72,0.78,0.77,0.76,0.31,0.65,0.44,0.40,"",-1,-6.2,-24,-15.0,-28,-16.7,-31,-17.7,-120152,-10.3,-56857,-39.6,-1264,-44.5,41,7.6
"06081","5","459210","78","0","2024","4","",15,136,140,144,1051298,86701,1579,578,"",0.72,0.78,0.77,0.76,0.31,0.65,0.44,0.40,"",-1,-6.2,-24,-15.0,-28,-16.7,-31,-17.7,-120152,-10.3,-56857,-39.6,-1264,-44.5,41,7.6
"06081","5","4593","76","0","2024","4","",27,106,102,96,1016910,45973,826,772,"",0.84,0.69,0.66,0.62,0.35,0.37,0.21,0.53,"",0,0.0,16,17.8,11,12.1,-7,-6.8,80406,8.6,-23105,-33.4,-367,-30.8,11,1.4
"06081","5","45931","77","0","2024","4","",27,106,102,96,1016910,45973,826,772,"",0.84,0.69,0.66,0.62,0.35,0.37,0.21,0.53,"",0,0.0,16,17.8,11,12.1,-7,-6.8,80406,8.6,-23105,-33.4,-367,-30.8,11,1.4
"06081","5","459310","78","0","2024","4","",27,106,102,96,1016910,45973,826,772,"",0.84,0.69,0.66,0.62,0.35,0.37,0.21,0.53,"",0,0.0,16,17.8,11,12.1,-7,-6.8,80406,8.6,-23105,-33.4,-367,-30.8,11,1.4
"06081","5","4594","76","0","2024","4","",59,658,645,633,9346547,364199,9022,1114,"",0.89,1.19,1.22,1.20,0.80,0.92,0.82,0.67,"",2,3.5,1,0.2,-17,-2.6,-23,-3.5,474670,5.4,-292615,-44.6,-12165,-57.4,77,7.4
"06081","5","45941","77","0","2024","4","",13,128,127,129,2437451,98972,2954,1465,"",0.82,0.76,0.76,0.77,0.48,0.96,1.28,0.62,"",1,8.3,-2,-1.5,-8,-5.9,-13,-9.2,87775,3.7,-121801,-55.2,-4956,-62.7,133,10.0
"06081","5","459410","78","0","2024","4","",13,128,127,129,2437451,98972,2954,1465,"",0.82,0.76,0.76,0.77,0.48,0.96,1.28,0.62,"",1,8.3,-2,-1.5,-8,-5.9,-13,-9.2,87775,3.7,-121801,-55.2,-4956,-62.7,133,10.0
"06081","5","45942","77","0","2024","4","",46,530,518,504,6909096,265227,6068,1027,"",0.91,1.38,1.43,1.40,1.06,0.90,0.70,0.75,"",1,2.2,3,0.6,-9,-1.7,-10,-1.9,386895,5.9,-170814,-39.2,-7209,-54.3,67,7.0
"06081","5","459420","78","0","2024","4","",46,530,518,504,6909096,265227,6068,1027,"",0.91,1.38,1.43,1.40,1.06,0.90,0.70,0.75,"",1,2.2,3,0.6,-9,-1.7,-10,-1.9,386895,5.9,-170814,-39.2,-7209,-54.3,67,7.0
"06081","5","4595","76","0","2024","4","",25,537,561,565,4605151,628007,10325,639,"",0.50,0.96,1.00,1.00,0.45,2.18,1.36,0.45,"",-3,-10.7,-112,-17.3,-140,-20.0,-164,-22.5,-3212149,-41.1,70630,12.7,117,1.1,-229,-26.4
"06081","5","45951","77","0","2024","4","",25,537,561,565,4605151,628007,10325,639,"",0.50,0.96,1.00,1.00,0.45,2.18,1.36,0.45,"",-3,-10.7,-112,-17.3,-140,-20.0,-164,-22.5,-3212149,-41.1,70630,12.7,117,1.1,-229,-26.4
"06081","5","459510","78","0","2024","4","",25,537,561,565,4605151,628007,10325,639,"",0.50,0.96,1.00,1.00,0.45,2.18,1.36,0.45,"",-3,-10.7,-112,-17.3,-140,-20.0,-164,-22.5,-3212149,-41.1,70630,12.7,117,1.1,-229,-26.4
"06081","5","4599","76","0","2024","4","",137,883,882,871,13766789,808475,22709,1205,"",0.65,0.68,0.68,0.67,0.35,0.74,0.64,0.51,"",1,0.7,14,1.6,-8,-0.9,-52,-5.6,-2095154,-13.2,-102994,-11.3,-1218,-5.1,-160,-11.7
"06081","5","45991","77","0","2024","4","",28,359,368,374,4861431,360416,6177,1019,"",0.95,1.00,1.02,1.04,0.57,1.31,1.02,0.56,"",1,3.7,-26,-6.8,-17,-4.4,-20,-5.1,-468850,-8.8,-42019,-10.4,-409,-6.2,-38,-3.6
"06081","5","459910","78","0","2024","4","",28,359,368,374,4861431,360416,6177,1019,"",0.95,1.00,1.02,1.04,0.57,1.31,1.02,0.56,"",1,3.7,-26,-6.8,-17,-4.4,-20,-5.1,-468850,-8.8,-42019,-10.4,-409,-6.2,-38,-3.6
"06081","5","45992","77","0","2024","4","N",6,0,0,0,0,0,0,0,"N",0.44,0,0,0,0,0,0,0,"N",-1,-14.3,0,0,0,0,0,0,0,0,0,0,0,0,0,0
"06081","5","459920","78","0","2024","4","N",6,0,0,0,0,0,0,0,"N",0.44,0,0,0,0,0,0,0,"N",-1,-14.3,0,0,0,0,0,0,0,0,0,0,0,0,0,0
"06081","5","45993","77","0","2024","4","N",2,0,0,0,0,0,0,0,"N",0.37,0,0,0,0,0,0,0,"N",0,0.0,0,0,0,0,0,0,0,0,0,0,0,0,0,0
"06081","5","459930","78","0","2024","4","N",2,0,0,0,0,0,0,0,"N",0.37,0,0,0,0,0,0,0,"N",0,0.0,0,0,0,0,0,0,0,0,0,0,0,0,0,0
"06081","5","45999","77","0","2024","4","",101,490,480,463,7639299,429264,16097,1230,"",0.63,0.58,0.57,0.55,0.29,0.56,0.58,0.51,"",1,1.0,42,9.4,9,1.9,-30,-6.1,-1670032,-17.9,-68469,-13.8,-882,-5.2,-291,-19.1
"06081","5","459991","78","0","2024","4","",40,209,200,195,2004130,266614,9076,766,"",0.55,0.56,0.54,0.53,0.25,0.68,0.62,0.46,"",3,8.1,99,90.0,61,43.9,12,6.6,829865,70.7,-55021,-17.1,-1786,-16.4,139,22.2
"06081","5","459999","78","0","2024","4","",61,281,280,268,5635169,162650,7021,1569,"",0.70,0.59,0.59,0.56,0.30,0.43,0.53,0.52,"",-2,-3.2,-57,-16.9,-52,-15.7,-42,-13.5,-2499897,-30.7,-13448,-7.6,904,14.8,-347,-18.1
"06081","5","48-49","74","0","2024","4","",599,23828,24203,24549,544274972,15604858,519696,1731,"",0.71,1.36,1.34,1.33,0.74,1.06,1.06,0.55,"",-11,-1.8,1032,4.5,1132,4.9,1090,4.6,61255297,12.7,-619903,-3.8,7164,1.4,123,7.6
"06081","5","481","75","0","2024","4","",27,9059,9104,9136,218748857,1955474,33227,1849,"",1.31,6.10,6.11,6.13,2.09,2.65,1.97,0.34,"",1,3.8,583,6.9,664,7.9,594,7.0,15592692,7.7,-454119,-18.8,-8542,-20.5,7,0.4
"06081","5","4811","76","0","2024","4","N",25,0,0,0,0,0,0,0,"N",3.35,0,0,0,0,0,0,0,"N",2,8.7,0,0,0,0,0,0,0,0,0,0,0,0,0,0
"06081","5","48111","77","0","2024","4","N",25,0,0,0,0,0,0,0,"N",3.35,0,0,0,0,0,0,0,"N",2,8.7,0,0,0,0,0,0,0,0,0,0,0,0,0,0
"06081","5","481111","78","0","2024","4","",21,8981,9026,9071,216912498,1931959,32493,1849,"",3.81,6.93,6.94,6.98,2.41,3.13,2.44,0.35,"",2,10.5,582,6.9,663,7.9,607,7.2,15521964,7.7,-450989,-18.9,-8413,-20.6,7,0.4
"06081","5","481112","78","0","2024","4","N",4,0,0,0,0,0,0,0,"N",2.05,0,0,0,0,0,0,0,"N",0,0.0,0,0,0,0,0,0,0,0,0,0,0,0,0,0
"06081","5","4812","76","0","2024","4","N",2,0,0,0,0,0,0,0,"N",0.15,0,0,0,0,0,0,0,"N",-1,-33.3,0,0,0,0,0,0,0,0,0,0,0,0,0,0
"06081","5","48121","77","0","2024","4","N",2,0,0,0,0,0,0,0,"N",0.15,0,0,0,0,0,0,0,"N",-1,-33.3,0,0,0,0,0,0,0,0,0,0,0,0,0,0
"06081","5","481211","78","0","2024","4","N",1,0,0,0,0,0,0,0,"N",0.12,0,0,0,0,0,0,0,"N",-1,-50.0,0,0,0,0,0,0,0,0,0,0,0,0,0,0
"06081","5","481219","78","0","2024","4","N",1,0,0,0,0,0,0,0,"N",0.35,0,0,0,0,0,0,0,"N",0,0.0,0,0,0,0,0,0,0,0,0,0,0,0,0,0
"06081","5","483","75","0","2024","4","N",2,0,0,0,0,0,0,0,"N",0.30,0,0,0,0,0,0,0,"N",0,0.0,0,0,0,0,0,0,0,0,0,0,0,0,0,0
"06081","5","4831","76","0","2024","4","N",2,0,0,0,0,0,0,0,"N",0.48,0,0,0,0,0,0,0,"N",0,0.0,0,0,0,0,0,0,0,0,0,0,0,0,0,0
"06081","5","48311","77","0","2024","4","N",2,0,0,0,0,0,0,0,"N",0.48,0,0,0,0,0,0,0,"N",0,0.0,0,0,0,0,0,0,0,0,0,0,0,0,0,0
"06081","5","483111","78","0","2024","4","N",2,0,0,0,0,0,0,0,"N",1.25,0,0,0,0,0,0,0,"N",0,0.0,0,0,0,0,0,0,0,0,0,0,0,0,0,0
"06081","5","484","75","0","2024","4","",165,1245,1304,1309,21007020,1586872,52889,1257,"",0.35,0.31,0.33,0.33,0.13,0.54,0.60,0.39,"",-3,-1.8,-86,-6.5,-14,-1.1,-12,-0.9,-1192512,-5.4,78219,5.2,9111,20.8,-33,-2.6
"06081","5","4841","76","0","2024","4","",97,844,911,929,15181720,1389453,46950,1305,"",0.30,0.30,0.32,0.33,0.13,0.68,0.80,0.41,"",-1,-1.0,-54,-6.0,-1,-0.1,7,0.8,-928714,-5.8,129875,10.3,9777,26.3,-56,-4.1
"06081","5","48411","77","0","2024","4","",67,640,675,666,12389821,782767,32758,1443,"",0.53,0.83,0.87,0.86,0.42,1.25,1.41,0.49,"",3,4.7,20,3.2,45,7.1,34,5.4,-259277,-2.0,151189,23.9,12489,61.6,-108,-7.0
"06081","5","484110","78","0","2024","4","",67,640,675,666,12389821,782767,32758,1443,"",0.53,0.83,0.87,0.86,0.42,1.25,1.41,0.49,"",3,4.7,20,3.2,45,7.1,34,5.4,-259277,-2.0,151189,23.9,12489,61.6,-108,-7.0
"06081","5","48412","77","0","2024","4","",30,204,236,263,2791899,606686,14192,916,"",0.15,0.10,0.12,0.13,0.03,0.43,0.40,0.28,"",-4,-11.8,-74,-26.6,-46,-16.3,-27,-9.3,-669437,-19.3,-21314,-3.4,-2712,-16.0,-24,-2.6
"06081","5","484121","78","0","2024","4","N",27,0,0,0,0,0,0,0,"N",0.16,0,0,0,0,0,0,0,"N",-2,-6.9,0,0,0,0,0,0,0,0,0,0,0,0,0,0
"06081","5","484122","78","0","2024","4","N",3,0,0,0,0,0,0,0,"N",0.09,0,0,0,0,0,0,0,"N",-2,-40.0,0,0,0,0,0,0,0,0,0,0,0,0,0,0
"06081","5","4842","76","0","2024","4","",68,401,393,380,5825300,197419,5939,1145,"",0.49,0.34,0.33,0.32,0.12,0.22,0.20,0.35,"",-2,-2.9,-32,-7.4,-13,-3.2,-19,-4.8,-263798,-4.3,-51656,-20.7,-666,-10.1,10,0.9
"06081","5","48421","77","0","2024","4","",36,297,285,277,3938135,162661,4797,1058,"",1.38,1.23,1.19,1.17,0.52,0.85,0.80,0.44,"",-2,-5.3,-43,-12.6,-29,-9.2,-34,-10.9,-213829,-5.2,-65908,-28.8,-1294,-21.2,65,6.5
"06081","5","484210","78","0","2024","4","",36,297,285,277,3938135,162661,4797,1058,"",1.38,1.23,1.19,1.17,0.52,0.85,0.80,0.44,"",-2,-5.3,-43,-12.6,-29,-9.2,-34,-10.9,-213829,-5.2,-65908,-28.8,-1294,-21.2,65,6.5
"06081","5","48422","77","0","2024","4","",26,96,99,94,1804253,13458,409,1441,"",0.32,0.16,0.17,0.16,0.07,0.03,0.02,0.43,"",0,0.0,10,11.6,14,16.5,13,16.0,-71497,-3.8,-7048,-34.4,-105,-20.4,-277,-16.1
"06081","5","484220","78","0","2024","4","",26,96,99,94,1804253,13458,409,1441,"",0.32,0.16,0.17,0.16,0.07,0.03,0.02,0.43,"",0,0.0,10,11.6,14,16.5,13,16.0,-71497,-3.8,-7048,-34.4,-105,-20.4,-277,-16.1
"06081","5","48423","77","0","2024","4","",6,8,9,9,82912,21300,733,736,"",0.18,0.02,0.03,0.03,0.00,0.09,0.12,0.20,"",0,0.0,1,14.3,2,28.6,2,28.6,21528,35.1,21300,100.0,733,100.0,61,9.0
"06081","5","484230","78","0","2024","4","",6,8,9,9,82912,21300,733,736,"",0.18,0.02,0.03,0.03,0.00,0.09,0.12,0.20,"",0,0.0,1,14.3,2,28.6,2,28.6,21528,35.1,21300,100.0,733,100.0,61,9.0
"06081","5","485","75","0","2024","4","",111,4874,4869,4880,156563047,3212090,147946,2471,"",1.88,3.22,3.21,3.21,3.27,1.85,1.49,1.02,"",2,1.8,765,18.6,718,17.3,703,16.8,46196475,41.9,37013,1.2,20821,16.4,423,20.7
"06081","5","4851","76","0","2024","4","N",3,0,0,0,0,0,0,0,"N",1.34,0,0,0,0,0,0,0,"N",0,0.0,0,0,0,0,0,0,0,0,0,0,0,0,0,0
"06081","5","48511","77","0","2024","4","N",3,0,0,0,0,0,0,0,"N",1.34,0,0,0,0,0,0,0,"N",0,0.0,0,0,0,0,0,0,0,0,0,0,0,0,0,0
"06081","5","485111","78","0","2024","4","N",1,0,0,0,0,0,0,0,"N",3.91,0,0,0,0,0,0,0,"N",0,0.0,0,0,0,0,0,0,0,0,0,0,0,0,0,0
"06081","5","485113","78","0","2024","4","N",2,0,0,0,0,0,0,0,"N",1.18,0,0,0,0,0,0,0,"N",0,0.0,0,0,0,0,0,0,0,0,0,0,0,0,0,0
"06081","5","4853","76","0","2024","4","",60,428,409,396,10263046,238072,8323,1921,"",3.00,1.01,0.97,0.93,0.61,0.33,0.29,0.63,"",1,1.7,23,5.7,1,0.2,0,0.0,677142,7.1,-57523,-19.5,-2039,-19.7,91,5.0
"06081","5","48531","77","0","2024","4","N",3,0,0,0,0,0,0,0,"N",0.35,0,0,0,0,0,0,0,"N",1,50.0,0,0,0,0,0,0,0,0,0,0,0,0,0,0
"06081","5","485310","78","0","2024","4","N",3,0,0,0,0,0,0,0,"N",0.35,0,0,0,0,0,0,0,"N",1,50.0,0,0,0,0,0,0,0,0,0,0,0,0,0,0
"06081","5","48532","77","0","2024","4","N",57,0,0,0,0,0,0,0,"N",5.02,0,0,0,0,0,0,0,"N",0,0.0,0,0,0,0,0,0,0,0,0,0,0,0,0,0
"06081","5","485320","78","0","2024","4","N",57,0,0,0,0,0,0,0,"N",5.02,0,0,0,0,0,0,0,"N",0,0.0,0,0,0,0,0,0,0,0,0,0,0,0,0,0
"06081","5","4854","76","0","2024","4","",9,1526,1524,1540,24190128,1490281,90592,1216,"",0.80,2.68,2.66,2.67,1.71,2.57,1.64,0.64,"",0,0.0,422,38.2,401,35.7,395,34.5,6466613,36.5,97868,7.0,15828,21.2,3,0.2
"06081","5","48541","77","0","2024","4","",9,1526,1524,1540,24190128,1490281,90592,1216,"",0.80,2.68,2.66,2.67,1.71,2.57,1.64,0.64,"",0,0.0,422,38.2,401,35.7,395,34.5,6466613,36.5,97868,7.0,15828,21.2,3,0.2
"06081","5","485410","78","0","2024","4","",9,1526,1524,1540,24190128,1490281,90592,1216,"",0.80,2.68,2.66,2.67,1.71,2.57,1.64,0.64,"",0,0.0,422,38.2,401,35.7,395,34.5,6466613,36.5,97868,7.0,15828,21.2,3,0.2
"06081","5","4855","76","0","2024","4","N",4,0,0,0,0,0,0,0,"N",1.08,0,0,0,0,0,0,0,"N",-1,-20.0,0,0,0,0,0,0,0,0,0,0,0,0,0,0
"06081","5","48551","77","0","2024","4","N",4,0,0,0,0,0,0,0,"N",1.08,0,0,0,0,0,0,0,"N",-1,-20.0,0,0,0,0,0,0,0,0,0,0,0,0,0,0
"06081","5","485510","78","0","2024","4","N",4,0,0,0,0,0,0,0,"N",1.08,0,0,0,0,0,0,0,"N",-1,-20.0,0,0,0,0,0,0,0,0,0,0,0,0,0,0
"06081","5","4859","76","0","2024","4","",35,2577,2593,2600,118076274,1339249,45571,3507,"",1.71,8.67,8.72,8.72,13.40,5.28,4.52,1.54,"",2,6.1,309,13.6,319,14.0,303,13.2,38911963,49.2,23923,1.8,7971,21.2,836,31.3
"06081","5","48599","77","0","2024","4","",35,2577,2593,2600,118076274,1339249,45571,3507,"",1.71,8.67,8.72,8.72,13.40,5.28,4.52,1.54,"",2,6.1,309,13.6,319,14.0,303,13.2,38911963,49.2,23923,1.8,7971,21.2,836,31.3
"06081","5","485991","78","0","2024","4","",18,390,399,406,5750469,382952,9998,1110,"",1.55,2.00,2.04,2.07,1.08,2.36,1.52,0.53,"",1,5.9,40,11.4,39,10.8,46,12.8,635871,12.4,71552,23.0,625,6.7,7,0.6
"06081","5","485999","78","0","2024","4","",17,2187,2194,2194,112325805,956297,35573,3942,"",1.91,21.40,21.67,21.58,32.39,10.46,10.13,1.50,"",1,6.2,269,14.0,280,14.6,257,13.3,38276092,51.7,-47629,-4.7,7346,26.0,980,33.1
"06081","5","486","75","0","2024","4","N",1,0,0,0,0,0,0,0,"N",0.11,0,0,0,0,0,0,0,"N",0,0.0,0,0,0,0,0,0,0,0,0,0,0,0,0,0
"06081","5","4869","76","0","2024","4","N",1,0,0,0,0,0,0,0,"N",0.62,0,0,0,0,0,0,0,"N",0,0.0,0,0,0,0,0,0,0,0,0,0,0,0,0,0
"06081","5","48691","77","0","2024","4","N",1,0,0,0,0,0,0,0,"N",0.71,0,0,0,0,0,0,0,"N",0,0.0,0,0,0,0,0,0,0,0,0,0,0,0,0,0
"06081","5","486910","78","0","2024","4","N",1,0,0,0,0,0,0,0,"N",0.71,0,0,0,0,0,0,0,"N",0,0.0,0,0,0,0,0,0,0,0,0,0,0,0,0,0
"06081","5","487","75","0","2024","4","",10,53,44,36,574996,56579,2803,998,"",1.06,0.64,0.60,0.50,0.27,0.69,0.85,0.46,"",2,25.0,13,32.5,5,12.8,7,24.1,122988,27.2,19261,51.6,1505,115.9,32,3.3
"06081","5","4871","76","0","2024","4","N",5,0,0,0,0,0,0,0,"N",2.27,0,0,0,0,0,0,0,"N",1,25.0,0,0,0,0,0,0,0,0,0,0,0,0,0,0
"06081","5","48711","77","0","2024","4","N",5,0,0,0,0,0,0,0,"N",2.27,0,0,0,0,0,0,0,"N",1,25.0,0,0,0,0,0,0,0,0,0,0,0,0,0,0
"06081","5","487110","78","0","2024","4","N",5,0,0,0,0,0,0,0,"N",2.27,0,0,0,0,0,0,0,"N",1,25.0,0,0,0,0,0,0,0,0,0,0,0,0,0,0
"06081","5","4872","76","0","2024","4","N",5,0,0,0,0,0,0,0,"N",0.78,0,0,0,0,0,0,0,"N",1,25.0,0,0,0,0,0,0,0,0,0,0,0,0,0,0
"06081","5","48721","77","0","2024","4","N",5,0,0,0,0,0,0,0,"N",0.78,0,0,0,0,0,0,0,"N",1,25.0,0,0,0,0,0,0,0,0,0,0,0,0,0,0
"06081","5","487210","78","0","2024","4","N",5,0,0,0,0,0,0,0,"N",0.78,0,0,0,0,0,0,0,"N",1,25.0,0,0,0,0,0,0,0,0,0,0,0,0,0,0
"06081","5","488","75","0","2024","4","",186,4735,4734,4666,85033641,3054124,75238,1388,"",1.22,2.18,2.17,2.12,0.86,1.95,1.49,0.40,"",-4,-2.1,-61,-1.3,-15,-0.3,-86,-1.8,1873319,2.3,-354445,-10.4,-11202,-13.0,46,3.4
"06081","5","4881","76","0","2024","4","",19,2519,2502,2446,32716272,1931602,36871,1011,"",0.77,3.51,3.46,3.36,1.21,3.49,2.09,0.35,"",3,18.8,65,2.6,82,3.4,23,0.9,814366,2.6,-354310,-15.5,-15537,-29.6,2,0.2
"06081","5","48811","77","0","2024","4","",9,2282,2284,2256,29238071,1824606,34278,989,"",1.42,6.64,6.61,6.47,3.22,5.53,3.11,0.49,"",0,0.0,-41,-1.8,-1,0.0,-34,-1.5,-520160,-1.7,-373309,-17.0,-15927,-31.7,-7,-0.7
"06081","5","488111","78","0","2024","4","N",1,0,0,0,0,0,0,0,"N",1.50,0,0,0,0,0,0,0,"N",0,0.0,0,0,0,0,0,0,0,0,0,0,0,0,0,0
"06081","5","488119","78","0","2024","4","N",8,0,0,0,0,0,0,0,"N",1.41,0,0,0,0,0,0,0,"N",0,0.0,0,0,0,0,0,0,0,0,0,0,0,0,0,0
"06081","5","48819","77","0","2024","4","",10,237,218,190,3478201,106996,2593,1244,"",0.55,0.63,0.58,0.50,0.19,0.48,0.39,0.34,"",3,42.9,106,80.9,83,61.5,57,42.9,1334526,62.3,18999,21.6,390,17.7,4,0.3
"06081","5","488190","78","0","2024","4","",10,237,218,190,3478201,106996,2593,1244,"",0.55,0.63,0.58,0.50,0.19,0.48,0.39,0.34,"",3,42.9,106,80.9,83,61.5,57,42.9,1334526,62.3,18999,21.6,390,17.7,4,0.3
"06081","5","4883","76","0","2024","4","N",1,0,0,0,0,0,0,0,"N",0.13,0,0,0,0,0,0,0,"N",0,0.0,0,0,0,0,0,0,0,0,0,0,0,0,0,0
"06081","5","48832","77","0","2024","4","N",1,0,0,0,0,0,0,0,"N",0.46,0,0,0,0,0,0,0,"N",0,0.0,0,0,0,0,0,0,0,0,0,0,0,0,0,0
"06081","5","488320","78","0","2024","4","N",1,0,0,0,0,0,0,0,"N",0.46,0,0,0,0,0,0,0,"N",0,0.0,0,0,0,0,0,0,0,0,0,0,0,0,0,0
"06081","5","4884","76","0","2024","4","",31,452,447,449,6153216,378332,12108,1053,"",0.78,1.49,1.47,1.47,0.57,1.52,1.51,0.38,"",-2,-6.1,18,4.1,5,1.1,-7,-1.5,-150769,-2.4,-80882,-17.6,-3735,-23.6,-39,-3.6
"06081","5","48841","77","0","2024","4","N",23,0,0,0,0,0,0,0,"N",0.81,0,0,0,0,0,0,0,"N",-1,-4.2,0,0,0,0,0,0,0,0,0,0,0,0,0,0
"06081","5","488410","78","0","2024","4","N",23,0,0,0,0,0,0,0,"N",0.81,0,0,0,0,0,0,0,"N",-1,-4.2,0,0,0,0,0,0,0,0,0,0,0,0,0,0
"06081","5","48849","77","0","2024","4","N",8,0,0,0,0,0,0,0,"N",0.71,0,0,0,0,0,0,0,"N",-1,-11.1,0,0,0,0,0,0,0,0,0,0,0,0,0,0
"06081","5","488490","78","0","2024","4","N",8,0,0,0,0,0,0,0,"N",0.71,0,0,0,0,0,0,0,"N",-1,-11.1,0,0,0,0,0,0,0,0,0,0,0,0,0,0
"06081","5","4885","76","0","2024","4","",128,1702,1723,1711,44924892,700644,25094,2019,"",1.95,2.47,2.50,2.46,1.25,1.73,1.92,0.51,"",-5,-3.8,-143,-7.8,-104,-5.7,-98,-5.4,1433266,3.3,132929,23.4,10202,68.5,188,10.3
"06081","5","48851","77","0","2024","4","",128,1702,1723,1711,44924892,700644,25094,2019,"",1.95,2.47,2.50,2.46,1.25,1.73,1.92,0.51,"",-5,-3.8,-143,-7.8,-104,-5.7,-98,-5.4,1433266,3.3,132929,23.4,10202,68.5,188,10.3
"06081","5","488510","78","0","2024","4","",128,1702,1723,1711,44924892,700644,25094,2019,"",1.95,2.47,2.50,2.46,1.25,1.73,1.92,0.51,"",-5,-3.8,-143,-7.8,-104,-5.7,-98,-5.4,1433266,3.3,132929,23.4,10202,68.5,188,10.3
"06081","5","4889","76","0","2024","4","N",7,0,0,0,0,0,0,0,"N",0.72,0,0,0,0,0,0,0,"N",0,0.0,0,0,0,0,0,0,0,0,0,0,0,0,0,0
"06081","5","48899","77","0","2024","4","N",7,0,0,0,0,0,0,0,"N",0.72,0,0,0,0,0,0,0,"N",0,0.0,0,0,0,0,0,0,0,0,0,0,0,0,0,0
"06081","5","488991","78","0","2024","4","N",4,0,0,0,0,0,0,0,"N",1.08,0,0,0,0,0,0,0,"N",0,0.0,0,0,0,0,0,0,0,0,0,0,0,0,0,0
"06081","5","488999","78","0","2024","4","N",3,0,0,0,0,0,0,0,"N",0.50,0,0,0,0,0,0,0,"N",0,0.0,0,0,0,0,0,0,0,0,0,0,0,0,0,0
"06081","5","491","75","0","2024","4","N",1,0,0,0,0,0,0,0,"N",0.37,0,0,0,0,0,0,0,"N",0,0.0,0,0,0,0,0,0,0,0,0,0,0,0,0,0
"06081","5","4911","76","0","2024","4","N",1,0,0,0,0,0,0,0,"N",0.37,0,0,0,0,0,0,0,"N",0,0.0,0,0,0,0,0,0,0,0,0,0,0,0,0,0
"06081","5","49111","77","0","2024","4","N",1,0,0,0,0,0,0,0,"N",0.37,0,0,0,0,0,0,0,"N",0,0.0,0,0,0,0,0,0,0,0,0,0,0,0,0,0
"06081","5","491110","78","0","2024","4","N",1,0,0,0,0,0,0,0,"N",0.37,0,0,0,0,0,0,0,"N",0,0.0,0,0,0,0,0,0,0,0,0,0,0,0,0,0
"06081","5","492","75","0","2024","4","",78,2993,3125,3502,46567517,4688373,147776,1117,"",1.31,1.06,0.99,1.02,0.44,1.53,1.69,0.44,"",-5,-6.0,1,0.0,-34,-1.1,1,0.0,90208,0.2,228835,5.1,5250,3.7,6,0.5
"06081","5","4921","76","0","2024","4","",48,2067,2221,2578,35859980,3164635,89579,1205,"",1.30,0.88,0.84,0.89,0.42,1.35,1.50,0.48,"",-2,-4.0,-104,-4.8,-68,-3.0,-61,-2.3,-515665,-1.4,-171397,-5.1,-11271,-11.2,23,1.9
"06081","5","49211","77","0","2024","4","",48,2067,2221,2578,35859980,3164635,89579,1205,"",1.30,0.88,0.84,0.89,0.42,1.35,1.50,0.48,"",-2,-4.0,-104,-4.8,-68,-3.0,-61,-2.3,-515665,-1.4,-171397,-5.1,-11271,-11.2,23,1.9
"06081","5","492110","78","0","2024","4","",48,2067,2221,2578,35859980,3164635,89579,1205,"",1.30,0.88,0.84,0.89,0.42,1.35,1.50,0.48,"",-2,-4.0,-104,-4.8,-68,-3.0,-61,-2.3,-515665,-1.4,-171397,-5.1,-11271,-11.2,23,1.9
"06081","5","4922","76","0","2024","4","",30,926,904,924,10707537,1523738,58197,897,"",1.32,1.95,1.76,1.71,0.55,2.07,2.09,0.30,"",-3,-9.1,105,12.8,34,3.9,62,7.2,605873,6.0,400232,35.6,16521,39.6,-16,-1.8
"06081","5","49221","77","0","2024","4","",30,926,904,924,10707537,1523738,58197,897,"",1.32,1.95,1.76,1.71,0.55,2.07,2.09,0.30,"",-3,-9.1,105,12.8,34,3.9,62,7.2,605873,6.0,400232,35.6,16521,39.6,-16,-1.8
"06081","5","492210","78","0","2024","4","",30,926,904,924,10707537,1523738,58197,897,"",1.32,1.95,1.76,1.71,0.55,2.07,2.09,0.30,"",-3,-9.1,105,12.8,34,3.9,62,7.2,605873,6.0,400232,35.6,16521,39.6,-16,-1.8
"06081","5","493","75","0","2024","4","",18,853,1006,1005,15338408,1042283,59342,1236,"",0.30,0.17,0.19,0.19,0.08,0.24,0.43,0.45,"",-4,-18.2,-179,-17.3,-192,-16.0,-118,-10.5,-1405949,-8.4,-180994,-14.8,-10188,-14.7,84,7.3
"06081","5","4931","76","0","2024","4","",18,853,1006,1005,15338408,1042283,59342,1236,"",0.30,0.17,0.19,0.19,0.08,0.24,0.43,0.45,"",-4,-18.2,-179,-17.3,-192,-16.0,-118,-10.5,-1405949,-8.4,-180994,-14.8,-10188,-14.7,84,7.3
"06081","5","49311","77","0","2024","4","",13,825,978,978,14835096,1018791,58567,1231,"",0.28,0.18,0.20,0.20,0.09,0.25,0.45,0.46,"",-2,-13.3,-152,-15.6,-166,-14.5,-91,-8.5,-542920,-3.5,-194229,-16.0,-10553,-15.3,119,10.7
"06081","5","493110","78","0","2024","4","",13,825,978,978,14835096,1018791,58567,1231,"",0.28,0.18,0.20,0.20,0.09,0.25,0.45,0.46,"",-2,-13.3,-152,-15.6,-166,-14.5,-91,-8.5,-542920,-3.5,-194229,-16.0,-10553,-15.3,119,10.7
"06081","5","49312","77","0","2024","4","N",1,0,0,0,0,0,0,0,"N",0.21,0,0,0,0,0,0,0,"N",-1,-50.0,0,0,0,0,0,0,0,0,0,0,0,0,0,0
"06081","5","493120","78","0","2024","4","N",1,0,0,0,0,0,0,0,"N",0.21,0,0,0,0,0,0,0,"N",-1,-50.0,0,0,0,0,0,0,0,0,0,0,0,0,0,0
"06081","5","49319","77","0","2024","4","N",4,0,0,0,0,0,0,0,"N",0.56,0,0,0,0,0,0,0,"N",-1,-20.0,0,0,0,0,0,0,0,0,0,0,0,0,0,0
"06081","5","493190","78","0","2024","4","N",4,0,0,0,0,0,0,0,"N",0.56,0,0,0,0,0,0,0,"N",-1,-20.0,0,0,0,0,0,0,0,0,0,0,0,0,0,0
"06081","5","51","74","0","2024","4","",707,38132,38251,38547,6078724392,13177152,479957,12206,"",0.90,5.04,5.00,5.05,7.52,3.35,2.98,1.49,"",-9,-1.3,-12196,-24.2,-12126,-24.1,-12200,-24.0,-279386385,-4.4,-528691,-3.9,90732,23.3,2518,26.0
"06081","5","512","75","0","2024","4","",56,1286,1292,1253,41962784,701554,24645,2528,"",0.52,1.35,1.25,1.25,0.66,0.81,0.41,0.51,"",-2,-3.4,-36,-2.7,53,4.3,34,2.8,4448872,11.9,42477,6.4,1345,5.8,238,10.4
"06081","5","5121","76","0","2024","4","N",52,0,0,0,0,0,0,0,"N",0.56,0,0,0,0,0,0,0,"N",-2,-3.7,0,0,0,0,0,0,0,0,0,0,0,0,0,0
"06081","5","51211","77","0","2024","4","",42,904,885,850,37869253,407499,19992,3312,"",0.62,1.72,1.47,1.53,0.77,0.66,0.38,0.49,"",-2,-4.5,-21,-2.3,44,5.2,30,3.7,4052592,12.0,30869,8.2,1661,9.1,294,9.7
"06081","5","512110","78","0","2024","4","",42,904,885,850,37869253,407499,19992,3312,"",0.62,1.72,1.47,1.53,0.77,0.66,0.38,0.49,"",-2,-4.5,-21,-2.3,44,5.2,30,3.7,4052592,12.0,30869,8.2,1661,9.1,294,9.7
"06081","5","51212","77","0","2024","4","N",2,0,0,0,0,0,0,0,"N",0.90,0,0,0,0,0,0,0,"N",0,0.0,0,0,0,0,0,0,0,0,0,0,0,0,0,0
"06081","5","512120","78","0","2024","4","N",2,0,0,0,0,0,0,0,"N",0.90,0,0,0,0,0,0,0,"N",0,0.0,0,0,0,0,0,0,0,0,0,0,0,0,0,0
"06081","5","51213","77","0","2024","4","N",6,0,0,0,0,0,0,0,"N",0.54,0,0,0,0,0,0,0,"N",0,0.0,0,0,0,0,0,0,0,0,0,0,0,0,0,0
"06081","5","512131","78","0","2024","4","N",6,0,0,0,0,0,0,0,"N",0.57,0,0,0,0,0,0,0,"N",0,0.0,0,0,0,0,0,0,0,0,0,0,0,0,0,0
"06081","5","51219","77","0","2024","4","N",2,0,0,0,0,0,0,0,"N",0.15,0,0,0,0,0,0,0,"N",0,0.0,0,0,0,0,0,0,0,0,0,0,0,0,0,0
"06081","5","512191","78","0","2024","4","N",2,0,0,0,0,0,0,0,"N",0.19,0,0,0,0,0,0,0,"N",0,0.0,0,0,0,0,0,0,0,0,0,0,0,0,0,0
"06081","5","5122","76","0","2024","4","N",4,0,0,0,0,0,0,0,"N",0.28,0,0,0,0,0,0,0,"N",0,0.0,0,0,0,0,0,0,0,0,0,0,0,0,0,0
"06081","5","51224","77","0","2024","4","N",1,0,0,0,0,0,0,0,"N",0.19,0,0,0,0,0,0,0,"N",0,0.0,0,0,0,0,0,0,0,0,0,0,0,0,0,0
"06081","5","512240","78","0","2024","4","N",1,0,0,0,0,0,0,0,"N",0.19,0,0,0,0,0,0,0,"N",0,0.0,0,0,0,0,0,0,0,0,0,0,0,0,0,0
"06081","5","51225","77","0","2024","4","N",2,0,0,0,0,0,0,0,"N",0.55,0,0,0,0,0,0,0,"N",1,100.0,0,0,0,0,0,0,0,0,0,0,0,0,0,0
"06081","5","512250","78","0","2024","4","N",2,0,0,0,0,0,0,0,"N",0.55,0,0,0,0,0,0,0,"N",1,100.0,0,0,0,0,0,0,0,0,0,0,0,0,0,0
"06081","5","51229","77","0","2024","4","N",1,0,0,0,0,0,0,0,"N",0.44,0,0,0,0,0,0,0,"N",0,0.0,0,0,0,0,0,0,0,0,0,0,0,0,0,0
"06081","5","512290","78","0","2024","4","N",1,0,0,0,0,0,0,0,"N",0.44,0,0,0,0,0,0,0,"N",0,0.0,0,0,0,0,0,0,0,0,0,0,0,0,0,0
"06081","5","513","75","0","2024","4","",333,10311,10233,10201,1268635940,3356722,131125,9522,"",0.99,4.38,4.36,4.32,4.75,2.75,3.14,1.09,"",-22,-6.2,-3428,-25.0,-3408,-25.0,-3514,-25.6,223802052,21.4,-377553,-10.1,4863,3.9,3655,62.3
"06081","5","5131","76","0","2024","4","",50,467,467,451,19350286,78834,2961,3224,"",0.67,0.68,0.68,0.66,0.44,0.26,0.30,0.65,"",-3,-5.7,-43,-8.4,-44,-8.6,-63,-12.3,-266943,-1.4,-41624,-34.6,-1767,-37.4,275,9.3
"06081","5","51311","77","0","2024","4","",12,105,106,105,1373274,26511,834,1003,"",0.63,0.46,0.46,0.46,0.13,0.22,0.25,0.28,"",0,0.0,-6,-5.4,-5,-4.5,-6,-5.4,-4115,-0.3,-14328,-35.1,-711,-46.0,48,5.0
"06081","5","513110","78","0","2024","4","",12,105,106,105,1373274,26511,834,1003,"",0.63,0.46,0.46,0.46,0.13,0.22,0.25,0.28,"",0,0.0,-6,-5.4,-5,-4.5,-6,-5.4,-4115,-0.3,-14328,-35.1,-711,-46.0,48,5.0
"06081","5","51312","77","0","2024","4","",8,103,103,101,3096836,3551,137,2328,"",0.38,0.62,0.62,0.61,0.26,0.06,0.06,0.42,"",1,14.3,3,3.0,3,3.0,-3,-2.9,534387,20.9,-17954,-83.5,-563,-80.4,383,19.7
"06081","5","513120","78","0","2024","4","",8,103,103,101,3096836,3551,137,2328,"",0.38,0.62,0.62,0.61,0.26,0.06,0.06,0.42,"",1,14.3,3,3.0,3,3.0,-3,-2.9,534387,20.9,-17954,-83.5,-563,-80.4,383,19.7
"06081","5","51313","77","0","2024","4","N",7,0,0,0,0,0,0,0,"N",0.49,0,0,0,0,0,0,0,"N",0,0.0,0,0,0,0,0,0,0,0,0,0,0,0,0,0
"06081","5","513130","78","0","2024","4","N",7,0,0,0,0,0,0,0,"N",0.49,0,0,0,0,0,0,0,"N",0,0.0,0,0,0,0,0,0,0,0,0,0,0,0,0,0
"06081","5","51314","77","0","2024","4","N",2,0,0,0,0,0,0,0,"N",0.55,0,0,0,0,0,0,0,"N",-2,-50.0,0,0,0,0,0,0,0,0,0,0,0,0,0,0
"06081","5","513140","78","0","2024","4","N",2,0,0,0,0,0,0,0,"N",0.55,0,0,0,0,0,0,0,"N",-2,-50.0,0,0,0,0,0,0,0,0,0,0,0,0,0,0
"06081","5","51319","77","0","2024","4","",21,237,233,222,13534009,31250,1413,4513,"",1.24,2.15,2.12,2.02,1.34,0.62,0.71,0.64,"",-2,-8.7,-40,-14.4,-43,-15.6,-50,-18.4,-1264884,-8.5,-23828,-43.3,-882,-38.4,373,9.0
"06081","5","513191","78","0","2024","4","N",1,0,0,0,0,0,0,0,"N",3.16,0,0,0,0,0,0,0,"N",0,0.0,0,0,0,0,0,0,0,0,0,0,0,0,0,0
"06081","5","513199","78","0","2024","4","N",20,0,0,0,0,0,0,0,"N",1.21,0,0,0,0,0,0,0,"N",-2,-9.1,0,0,0,0,0,0,0,0,0,0,0,0,0,0
"06081","5","5132","76","0","2024","4","",283,9844,9766,9750,1249285654,3277888,128164,9819,"",1.08,5.90,5.87,5.81,5.61,3.55,4.03,0.96,"",-19,-6.3,-3385,-25.6,-3364,-25.6,-3451,-26.1,224068995,21.9,-335929,-9.3,6630,5.5,3839,64.2
"06081","5","51321","77","0","2024","4","",283,9844,9766,9750,1249285654,3277888,128164,9819,"",1.08,5.90,5.87,5.81,5.61,3.55,4.03,0.96,"",-19,-6.3,-3385,-25.6,-3364,-25.6,-3451,-26.1,224068995,21.9,-335929,-9.3,6630,5.5,3839,64.2
"06081","5","513210","78","0","2024","4","",283,9844,9766,9750,1249285654,3277888,128164,9819,"",1.08,5.90,5.87,5.81,5.61,3.55,4.03,0.96,"",-19,-6.3,-3385,-25.6,-3364,-25.6,-3451,-26.1,224068995,21.9,-335929,-9.3,6630,5.5,3839,64.2
"06081","5","516","75","0","2024","4","N",50,0,0,0,0,0,0,0,"N",0.90,0,0,0,0,0,0,0,"N",6,13.6,0,0,0,0,0,0,0,0,0,0,0,0,0,0
"06081","5","5161","76","0","2024","4","",5,157,154,151,2073174,53172,1222,1036,"",0.31,0.50,0.50,0.49,0.12,0.41,0.36,0.24,"",0,0.0,9,6.1,8,5.5,3,2.0,158522,8.3,19946,60.0,659,117.1,36,3.6
"06081","5","51611","77","0","2024","4","N",2,0,0,0,0,0,0,0,"N",0.18,0,0,0,0,0,0,0,"N",0,0.0,0,0,0,0,0,0,0,0,0,0,0,0,0,0
"06081","5","516110","78","0","2024","4","N",2,0,0,0,0,0,0,0,"N",0.18,0,0,0,0,0,0,0,"N",0,0.0,0,0,0,0,0,0,0,0,0,0,0,0,0,0
"06081","5","51612","77","0","2024","4","N",3,0,0,0,0,0,0,0,"N",0.65,0,0,0,0,0,0,0,"N",0,0.0,0,0,0,0,0,0,0,0,0,0,0,0,0,0
"06081","5","516120","78","0","2024","4","N",3,0,0,0,0,0,0,0,"N",0.65,0,0,0,0,0,0,0,"N",0,0.0,0,0,0,0,0,0,0,0,0,0,0,0,0,0
"06081","5","5162","76","0","2024","4","N",45,0,0,0,0,0,0,0,"N",1.14,0,0,0,0,0,0,0,"N",6,15.4,0,0,0,0,0,0,0,0,0,0,0,0,0,0
"06081","5","51621","77","0","2024","4","N",45,0,0,0,0,0,0,0,"N",1.14,0,0,0,0,0,0,0,"N",6,15.4,0,0,0,0,0,0,0,0,0,0,0,0,0,0
"06081","5","516210","78","0","2024","4","N",45,0,0,0,0,0,0,0,"N",1.14,0,0,0,0,0,0,0,"N",6,15.4,0,0,0,0,0,0,0,0,0,0,0,0,0,0
"06081","5","517","75","0","2024","4","",42,1384,1392,1406,78842194,743063,32989,4351,"",0.45,0.86,0.87,0.88,0.74,1.18,1.82,0.85,"",-2,-4.5,-15,-1.1,-1,-0.1,14,1.0,2625289,3.4,407314,121.3,22795,223.6,147,3.5
"06081","5","5171","76","0","2024","4","",30,701,706,718,16510522,541882,25054,1793,"",0.39,0.48,0.48,0.49,0.17,0.94,1.54,0.36,"",-2,-6.2,70,11.1,81,13.0,87,13.8,2460461,17.5,341636,170.6,19244,331.2,75,4.4
"06081","5","51711","77","0","2024","4","",27,687,694,706,16045395,534748,24893,1774,"",0.42,0.50,0.51,0.52,0.18,1.01,1.68,0.36,"",-2,-6.9,77,12.6,90,14.9,96,15.7,2824867,21.4,334686,167.3,19092,329.1,101,6.0
"06081","5","517111","78","0","2024","4","",17,663,673,685,15617943,525204,24424,1783,"",0.36,0.57,0.58,0.59,0.21,1.27,2.17,0.36,"",-2,-10.5,83,14.3,99,17.2,105,18.1,3091502,24.7,332692,172.8,18981,348.7,116,7.0
"06081","5","517112","78","0","2024","4","",10,24,21,21,427452,9544,469,1495,"",0.58,0.12,0.10,0.10,0.03,0.08,0.13,0.30,"",0,0.0,-6,-20.0,-9,-30.0,-9,-30.0,-266635,-38.4,1994,26.4,111,31.0,-285,-16.0
"06081","5","51712","77","0","2024","4","",3,14,12,12,465127,7134,161,2825,"",0.25,0.14,0.12,0.12,0.08,0.15,0.11,0.58,"",0,0.0,-7,-33.3,-9,-42.9,-9,-42.9,-364406,-43.9,6950,3777.2,152,1688.9,-214,-7.0
"06081","5","517121","78","0","2024","4","",3,14,12,12,465127,7134,161,2825,"",0.25,0.14,0.12,0.12,0.08,0.15,0.11,0.58,"",0,0.0,-7,-33.3,-9,-42.9,-9,-42.9,-364406,-43.9,6950,3777.2,152,1688.9,-214,-7.0
"06081","5","5174","76","0","2024","4","N",3,0,0,0,0,0,0,0,"N",1.09,0,0,0,0,0,0,0,"N",0,0.0,0,0,0,0,0,0,0,0,0,0,0,0,0,0
"06081","5","51741","77","0","2024","4","N",3,0,0,0,0,0,0,0,"N",1.09,0,0,0,0,0,0,0,"N",0,0.0,0,0,0,0,0,0,0,0,0,0,0,0,0,0
"06081","5","517410","78","0","2024","4","N",3,0,0,0,0,0,0,0,"N",1.09,0,0,0,0,0,0,0,"N",0,0.0,0,0,0,0,0,0,0,0,0,0,0,0,0,0
"06081","5","5178","76","0","2024","4","N",9,0,0,0,0,0,0,0,"N",0.65,0,0,0,0,0,0,0,"N",0,0.0,0,0,0,0,0,0,0,0,0,0,0,0,0,0
"06081","5","51781","77","0","2024","4","N",9,0,0,0,0,0,0,0,"N",0.65,0,0,0,0,0,0,0,"N",0,0.0,0,0,0,0,0,0,0,0,0,0,0,0,0,0
"06081","5","517810","78","0","2024","4","N",9,0,0,0,0,0,0,0,"N",0.65,0,0,0,0,0,0,0,"N",0,0.0,0,0,0,0,0,0,0,0,0,0,0,0,0,0
"06081","5","518","75","0","2024","4","",193,6311,6199,6212,750834316,1785062,62236,9255,"",1.31,4.95,4.86,4.86,4.73,2.71,2.74,0.97,"",12,6.6,356,6.0,241,4.0,274,4.6,-66181787,-8.1,-133452,-7.0,2418,4.0,-1307,-12.4
"06081","5","5182","76","0","2024","4","",193,6311,6199,6212,750834316,1785062,62236,9255,"",1.31,4.95,4.86,4.86,4.73,2.71,2.74,0.97,"",12,6.6,356,6.0,241,4.0,274,4.6,-66181787,-8.1,-133452,-7.0,2418,4.0,-1307,-12.4
"06081","5","51821","77","0","2024","4","",193,6311,6199,6212,750834316,1785062,62236,9255,"",1.31,4.95,4.86,4.86,4.73,2.71,2.74,0.97,"",12,6.6,356,6.0,241,4.0,274,4.6,-66181787,-8.1,-133452,-7.0,2418,4.0,-1307,-12.4
"06081","5","518210","78","0","2024","4","",193,6311,6199,6212,750834316,1785062,62236,9255,"",1.31,4.95,4.86,4.86,4.73,2.71,2.74,0.97,"",12,6.6,356,6.0,241,4.0,274,4.6,-66181787,-8.1,-133452,-7.0,2418,4.0,-1307,-12.4
"06081","5","519","75","0","2024","4","N",33,0,0,0,0,0,0,0,"N",0.73,0,0,0,0,0,0,0,"N",-1,-2.9,0,0,0,0,0,0,0,0,0,0,0,0,0,0
"06081","5","5192","76","0","2024","4","N",33,0,0,0,0,0,0,0,"N",0.73,0,0,0,0,0,0,0,"N",-1,-2.9,0,0,0,0,0,0,0,0,0,0,0,0,0,0
"06081","5","51921","77","0","2024","4","N",2,0,0,0,0,0,0,0,"N",0.32,0,0,0,0,0,0,0,"N",1,100.0,0,0,0,0,0,0,0,0,0,0,0,0,0,0
"06081","5","519210","78","0","2024","4","N",2,0,0,0,0,0,0,0,"N",0.32,0,0,0,0,0,0,0,"N",1,100.0,0,0,0,0,0,0,0,0,0,0,0,0,0,0
"06081","5","51929","77","0","2024","4","N",31,0,0,0,0,0,0,0,"N",0.80,0,0,0,0,0,0,0,"N",-2,-6.1,0,0,0,0,0,0,0,0,0,0,0,0,0,0
"06081","5","519290","78","0","2024","4","N",31,0,0,0,0,0,0,0,"N",0.80,0,0,0,0,0,0,0,"N",-2,-6.1,0,0,0,0,0,0,0,0,0,0,0,0,0,0
"06081","5","52","74","0","2024","4","",1334,16155,16194,16105,1844514848,5828569,197363,8785,"",0.86,0.97,0.97,0.97,1.33,0.80,0.96,1.37,"",-37,-2.7,116,0.7,241,1.5,187,1.2,-21948360,-1.2,266578,4.8,22716,13.0,-205,-2.3
"06081","5","522","75","0","2024","4","",337,7244,7277,7256,695793099,2507722,97699,7373,"",0.66,1.08,1.08,1.07,1.59,0.88,1.26,1.48,"",-23,-6.4,700,10.7,758,11.6,746,11.5,80098010,13.0,275329,12.3,23993,32.6,114,1.6
"06081","5","5221","76","0","2024","4","",189,2008,2026,2037,76984690,595781,24970,2926,"",0.67,0.43,0.43,0.43,0.27,0.32,0.64,0.63,"",-12,-6.0,25,1.3,63,3.2,85,4.4,6913609,9.9,-155383,-20.7,-5374,-17.7,184,6.7
"06081","5","52211","77","0","2024","4","",153,1692,1702,1702,70017116,526660,22910,3171,"",0.73,0.47,0.47,0.47,0.30,0.42,0.84,0.64,"",-10,-6.1,48,2.9,71,4.4,79,4.9,7133683,11.3,-159390,-23.2,-5393,-19.1,208,7.0
"06081","5","522110","78","0","2024","4","",153,1692,1702,1702,70017116,526660,22910,3171,"",0.73,0.47,0.47,0.47,0.30,0.42,0.84,0.64,"",-10,-6.1,48,2.9,71,4.4,79,4.9,7133683,11.3,-159390,-23.2,-5393,-19.1,208,7.0
"06081","5","52213","77","0","2024","4","",30,295,302,314,6539561,62742,1786,1657,"",0.56,0.36,0.37,0.38,0.18,0.13,0.20,0.48,"N",-2,-6.2,0,0,0,0,0,0,0,0,0,0,0,0,0,0
"06081","5","522130","78","0","2024","4","",30,295,302,314,6539561,62742,1786,1657,"",0.56,0.36,0.37,0.38,0.18,0.13,0.20,0.48,"N",-2,-6.2,0,0,0,0,0,0,0,0,0,0,0,0,0,0
"06081","5","52218","77","0","2024","4","",6,21,22,21,428013,6379,274,1543,"",0.30,0.08,0.09,0.08,0.03,0.05,0.08,0.37,"N",0,0.0,0,0,0,0,0,0,0,0,0,0,0,0,0,0
"06081","5","522180","78","0","2024","4","",6,21,22,21,428013,6379,274,1543,"",0.30,0.08,0.09,0.08,0.03,0.05,0.08,0.37,"N",0,0.0,0,0,0,0,0,0,0,0,0,0,0,0,0,0
"06081","5","5222","76","0","2024","4","",65,3013,3027,2994,364286193,875009,29976,9306,"",0.48,2.27,2.28,2.25,3.78,1.37,1.28,1.66,"",-10,-13.3,-737,-19.7,-732,-19.5,-773,-20.5,-140914271,-27.9,-199109,-18.5,744,2.5,-1033,-10.0
"06081","5","52221","77","0","2024","4","N",4,0,0,0,0,0,0,0,"N",1.48,0,0,0,0,0,0,0,"N",1,33.3,0,0,0,0,0,0,0,0,0,0,0,0,0,0
"06081","5","522210","78","0","2024","4","N",4,0,0,0,0,0,0,0,"N",1.48,0,0,0,0,0,0,0,"N",1,33.3,0,0,0,0,0,0,0,0,0,0,0,0,0,0
"06081","5","52222","77","0","2024","4","N",6,0,0,0,0,0,0,0,"N",0.35,0,0,0,0,0,0,0,"N",-3,-33.3,0,0,0,0,0,0,0,0,0,0,0,0,0,0
"06081","5","522220","78","0","2024","4","N",6,0,0,0,0,0,0,0,"N",0.35,0,0,0,0,0,0,0,"N",-3,-33.3,0,0,0,0,0,0,0,0,0,0,0,0,0,0
"06081","5","52229","77","0","2024","4","",55,825,824,823,99286480,388100,17355,9269,"",0.47,0.88,0.88,0.88,1.51,0.76,0.87,1.71,"",-8,-12.7,24,3.0,19,2.4,11,1.4,60255739,154.4,104558,36.9,9681,126.2,5544,148.8
"06081","5","522291","78","0","2024","4","",15,432,425,423,85491087,194931,10703,15413,"",0.37,1.84,1.80,1.78,5.45,1.42,2.75,3.02,"",-1,-6.2,-14,-3.1,-22,-4.9,-30,-6.6,52688297,160.6,21807,12.6,5609,110.1,9789,174.1
"06081","5","522292","78","0","2024","4","",31,356,362,361,12619361,160873,6063,2699,"",0.64,0.75,0.77,0.76,0.36,0.60,0.45,0.47,"",-6,-16.2,38,11.9,41,12.8,38,11.8,7548922,148.9,84956,111.9,4064,203.3,1483,122.0
"06081","5","522299","78","0","2024","4","",9,37,37,39,1176032,32296,589,2402,"",0.33,0.16,0.16,0.17,0.08,0.31,0.25,0.47,"",-1,-10.0,0,0.0,0,0.0,3,8.3,18520,1.6,-2205,-6.4,8,1.4,-26,-1.1
"06081","5","5223","76","0","2024","4","",83,2223,2224,2225,254522216,1036932,42753,8803,"",0.91,2.99,2.99,3.00,4.33,2.89,2.82,1.45,"",-1,-1.2,1412,174.1,1427,179.0,1434,181.3,214098672,529.6,629821,154.7,28623,202.6,4915,126.4
"06081","5","52231","77","0","2024","4","",42,168,160,158,20336321,100947,3429,9656,"",0.91,0.74,0.71,0.70,1.25,0.64,0.44,1.73,"",-1,-2.3,-11,-6.1,-15,-8.6,-20,-11.2,8299110,68.9,-16104,-13.8,-650,-15.9,4435,84.9
"06081","5","522310","78","0","2024","4","",42,168,160,158,20336321,100947,3429,9656,"",0.91,0.74,0.71,0.70,1.25,0.64,0.44,1.73,"",-1,-2.3,-11,-6.1,-15,-8.6,-20,-11.2,8299110,68.9,-16104,-13.8,-650,-15.9,4435,84.9
"06081","5","52232","77","0","2024","4","",25,1852,1857,1850,225411103,720371,29197,9357,"",0.98,5.50,5.52,5.52,7.29,5.94,6.80,1.32,"",0,0.0,1381,293.2,1400,306.3,1406,316.7,202671415,891.3,620227,619.3,25659,725.2,5532,144.6
"06081","5","522320","78","0","2024","4","",25,1852,1857,1850,225411103,720371,29197,9357,"",0.98,5.50,5.52,5.52,7.29,5.94,6.80,1.32,"",0,0.0,1381,293.2,1400,306.3,1406,316.7,202671415,891.3,620227,619.3,25659,725.2,5532,144.6
"06081","5","52239","77","0","2024","4","",16,203,207,217,8774792,215614,10127,3230,"",0.82,1.12,1.14,1.18,0.76,2.67,3.38,0.66,"",0,0.0,42,26.1,42,25.5,48,28.4,3128147,55.4,25698,13.5,3614,55.5,598,22.7
"06081","5","522390","78","0","2024","4","",16,203,207,217,8774792,215614,10127,3230,"",0.82,1.12,1.14,1.18,0.76,2.67,3.38,0.66,"",0,0.0,42,26.1,42,25.5,48,28.4,3128147,55.4,25698,13.5,3614,55.5,598,22.7
"06081","5","523","75","0","2024","4","",647,6531,6530,6475,1051716372,2375873,68949,12423,"",1.59,2.27,2.27,2.25,2.04,1.96,1.82,0.90,"",-6,-0.9,-389,-5.6,-328,-4.8,-358,-5.2,-76147030,-6.8,251843,11.9,5062,7.9,-205,-1.6
"06081","5","5231","76","0","2024","4","",88,808,808,800,81027838,277768,8038,7740,"",0.78,0.64,0.64,0.64,0.39,0.66,0.73,0.60,"",-1,-1.1,-3,-0.4,-1,-0.1,-8,-1.0,-5017512,-5.8,-32870,-10.6,402,5.3,-438,-5.4
"06081","5","52315","77","0","2024","4","",82,734,731,726,76427685,236861,6364,8050,"",0.79,0.62,0.61,0.61,0.39,0.60,0.65,0.64,"N",-2,-2.4,0,0,0,0,0,0,0,0,0,0,0,0,0,0
"06081","5","523150","78","0","2024","4","",82,734,731,726,76427685,236861,6364,8050,"",0.79,0.62,0.61,0.61,0.39,0.60,0.65,0.64,"N",-2,-2.4,0,0,0,0,0,0,0,0,0,0,0,0,0,0
"06081","5","52316","77","0","2024","4","",6,74,77,74,4600153,40907,1674,4718,"",0.64,1.07,1.11,1.07,0.32,1.37,1.42,0.29,"N",1,20.0,0,0,0,0,0,0,0,0,0,0,0,0,0,0
"06081","5","523160","78","0","2024","4","",6,74,77,74,4600153,40907,1674,4718,"",0.64,1.07,1.11,1.07,0.32,1.37,1.42,0.29,"N",1,20.0,0,0,0,0,0,0,0,0,0,0,0,0,0,0
"06081","5","5239","76","0","2024","4","",559,5723,5722,5675,970688534,2098105,60911,13084,"",1.92,3.58,3.57,3.53,3.20,2.68,2.30,0.90,"",-5,-0.9,-386,-6.3,-327,-5.4,-350,-5.8,-71129518,-6.8,284713,15.7,4660,8.3,-138,-1.0
"06081","5","52391","77","0","2024","4","",150,1824,1838,1833,255276545,661528,18543,10721,"",5.79,19.93,20.14,20.02,14.89,13.64,9.53,0.74,"",5,3.4,47,2.6,73,4.1,79,4.5,-68127843,-21.1,173496,35.6,5564,42.9,-3371,-23.9
"06081","5","523910","78","0","2024","4","",150,1824,1838,1833,255276545,661528,18543,10721,"",5.79,19.93,20.14,20.02,14.89,13.64,9.53,0.74,"",5,3.4,47,2.6,73,4.1,79,4.5,-68127843,-21.1,173496,35.6,5564,42.9,-3371,-23.9
"06081","5","52394","77","0","2024","4","",386,3784,3769,3732,709228464,1379771,40573,14503,"",1.63,2.80,2.78,2.75,2.64,2.13,1.89,0.95,"",-7,-1.8,-442,-10.5,-405,-9.7,-424,-10.2,-3256683,-0.5,176558,14.7,1407,3.6,1408,10.8
"06081","5","523940","78","0","2024","4","",386,3784,3769,3732,709228464,1379771,40573,14503,"",1.63,2.80,2.78,2.75,2.64,2.13,1.89,0.95,"",-7,-1.8,-442,-10.5,-405,-9.7,-424,-10.2,-3256683,-0.5,176558,14.7,1407,3.6,1408,10.8
"06081","5","52399","77","0","2024","4","",23,115,115,110,6183525,56806,1795,4197,"",0.78,0.73,0.73,0.70,0.35,0.66,0.59,0.49,"",-3,-11.5,9,8.5,5,4.5,-5,-4.3,255008,4.3,-65341,-53.5,-2311,-56.3,64,1.5
"06081","5","523991","78","0","2024","4","",13,52,52,51,1847466,27510,799,2751,"",1.64,0.90,0.91,0.88,0.37,0.90,0.93,0.41,"",-3,-18.8,-20,-27.8,-19,-26.8,-22,-30.1,-691840,-27.2,4756,20.9,72,9.9,38,1.4
"06081","5","523999","78","0","2024","4","",10,63,63,59,4336059,29296,996,5409,"",0.46,0.63,0.63,0.59,0.34,0.53,0.46,0.56,"",0,0.0,29,85.3,24,61.5,17,40.5,946848,27.9,-70097,-70.5,-2383,-70.5,-1392,-20.5
"06081","5","524","75","0","2024","4","",319,2224,2222,2211,82709322,862432,27586,2867,"",0.53,0.32,0.32,0.32,0.20,0.28,0.34,0.60,"",-10,-3.0,-184,-7.6,-179,-7.5,-190,-7.9,-24306682,-22.7,-242592,-22.0,-6373,-18.8,-558,-16.3
"06081","5","5241","76","0","2024","4","",49,324,327,324,12815046,93872,3645,3033,"",0.52,0.10,0.10,0.10,0.06,0.08,0.13,0.63,"",-4,-7.5,-1,-0.3,8,2.5,8,2.5,1348654,11.8,29563,46.0,1619,79.9,277,10.1
"06081","5","52411","77","0","2024","4","",25,109,109,107,4145371,29033,1064,2943,"",0.68,0.06,0.06,0.06,0.04,0.04,0.07,0.64,"",-1,-3.8,-3,-2.7,0,0.0,-3,-2.7,455993,12.4,8298,40.0,386,56.9,371,14.4
"06081","5","524113","78","0","2024","4","",15,22,22,23,476995,12381,356,1643,"",1.07,0.04,0.04,0.04,0.01,0.04,0.05,0.32,"",-1,-6.2,-13,-37.1,-13,-37.1,-12,-34.3,-251448,-34.5,-1680,-11.9,-16,-4.3,42,2.6
"06081","5","524114","78","0","2024","4","",10,87,87,84,3668376,16652,708,3281,"",0.44,0.07,0.07,0.07,0.06,0.05,0.08,0.76,"",0,0.0,10,13.0,13,17.6,9,12.0,707441,23.9,9978,149.5,402,131.4,258,8.5
"06081","5","52412","77","0","2024","4","",24,215,218,217,8669675,64839,2581,3078,"",0.45,0.16,0.16,0.16,0.10,0.15,0.22,0.61,"",-3,-11.1,2,0.9,8,3.8,11,5.3,892661,11.5,21265,48.8,1233,91.5,225,7.9
"06081","5","524126","78","0","2024","4","",13,143,146,146,5169029,39742,1026,2742,"",0.39,0.12,0.12,0.12,0.07,0.12,0.13,0.54,"",0,0.0,4,2.9,9,6.6,12,9.0,170175,3.4,4243,12.0,129,14.4,-72,-2.6
"06081","5","524127","78","0","2024","4","N",10,0,0,0,0,0,0,0,"N",0.67,0,0,0,0,0,0,0,"N",-3,-23.1,0,0,0,0,0,0,0,0,0,0,0,0,0,0
"06081","5","524128","78","0","2024","4","N",1,0,0,0,0,0,0,0,"N",0.17,0,0,0,0,0,0,0,"N",0,0.0,0,0,0,0,0,0,0,0,0,0,0,0,0,0
"06081","5","5242","76","0","2024","4","",270,1900,1895,1887,69894276,768560,23941,2839,"",0.53,0.51,0.51,0.51,0.31,0.40,0.46,0.61,"",-6,-2.2,-183,-8.8,-187,-9.0,-198,-9.5,-25655336,-26.9,-272155,-26.2,-7992,-25.0,-689,-19.5
"06081","5","52421","77","0","2024","4","",248,1550,1548,1540,58147412,568248,16008,2893,"",0.58,0.58,0.58,0.58,0.35,0.41,0.45,0.61,"",-5,-2.0,-204,-11.6,-211,-12.0,-230,-13.0,-14890581,-20.4,-102601,-15.3,-3181,-16.6,-297,-9.3
"06081","5","524210","78","0","2024","4","",248,1550,1548,1540,58147412,568248,16008,2893,"",0.58,0.58,0.58,0.58,0.35,0.41,0.45,0.61,"",-5,-2.0,-204,-11.6,-211,-12.0,-230,-13.0,-14890581,-20.4,-102601,-15.3,-3181,-16.6,-297,-9.3
"06081","5","52429","77","0","2024","4","",22,350,347,347,11746864,200312,7933,2597,"",0.28,0.34,0.34,0.34,0.20,0.39,0.48,0.58,"",-1,-4.3,21,6.4,24,7.4,32,10.2,-10764755,-47.8,-169554,-45.8,-4811,-37.8,-2775,-51.7
"06081","5","524291","78","0","2024","4","N",2,0,0,0,0,0,0,0,"N",0.09,0,0,0,0,0,0,0,"N",0,0.0,0,0,0,0,0,0,0,0,0,0,0,0,0,0
"06081","5","524292","78","0","2024","4","",11,217,216,215,6410950,131069,5083,2283,"",0.43,0.37,0.37,0.37,0.20,0.48,0.66,0.55,"",-1,-8.3,-31,-12.5,-26,-10.7,-21,-8.9,-12479877,-66.1,-158352,-54.7,-4468,-46.8,-3722,-62.0
"06081","5","524298","78","0","2024","4","N",9,0,0,0,0,0,0,0,"N",0.30,0,0,0,0,0,0,0,"N",0,0.0,0,0,0,0,0,0,0,0,0,0,0,0,0,0
"06081","5","525","75","0","2024","4","",31,156,165,163,14296055,82542,3129,6816,"",1.12,1.83,1.92,1.87,1.42,0.48,0.38,0.76,"",2,6.9,-11,-6.6,-10,-5.7,-11,-6.3,-1592658,-10.0,-18002,-17.9,34,1.1,-290,-4.1
"06081","5","5251","76","0","2024","4","",4,21,21,19,847311,0,0,3205,"",0.72,0.62,0.61,0.55,0.39,0.00,0.00,0.66,"",1,33.3,5,31.2,4,23.5,3,18.8,151554,21.8,-9075,-100.0,-319,-100.0,-72,-2.2
"06081","5","52511","77","0","2024","4","N",2,0,0,0,0,0,0,0,"N",0.81,0,0,0,0,0,0,0,"N",0,0.0,0,0,0,0,0,0,0,0,0,0,0,0,0,0
"06081","5","525110","78","0","2024","4","N",2,0,0,0,0,0,0,0,"N",0.81,0,0,0,0,0,0,0,"N",0,0.0,0,0,0,0,0,0,0,0,0,0,0,0,0,0
"06081","5","52512","77","0","2024","4","N",2,0,0,0,0,0,0,0,"N",1.01,0,0,0,0,0,0,0,"N",1,100.0,0,0,0,0,0,0,0,0,0,0,0,0,0,0
"06081","5","525120","78","0","2024","4","N",2,0,0,0,0,0,0,0,"N",1.01,0,0,0,0,0,0,0,"N",1,100.0,0,0,0,0,0,0,0,0,0,0,0,0,0,0
"06081","5","5259","76","0","2024","4","",27,135,144,144,13448744,82542,3129,7337,"",1.22,2.62,2.79,2.73,1.70,0.61,0.50,0.63,"",1,3.8,-16,-10.6,-14,-8.9,-14,-8.9,-1744212,-11.5,-8927,-9.8,353,12.7,-171,-2.3
"06081","5","52591","77","0","2024","4","",6,35,39,39,3201509,8986,527,6538,"",1.55,3.27,3.65,3.55,1.67,0.85,1.14,0.48,"",1,20.0,13,59.1,17,77.3,17,77.3,900696,39.1,8986,100.0,527,100.0,-1507,-18.7
"06081","5","525910","78","0","2024","4","",6,35,39,39,3201509,8986,527,6538,"",1.55,3.27,3.65,3.55,1.67,0.85,1.14,0.48,"",1,20.0,13,59.1,17,77.3,17,77.3,900696,39.1,8986,100.0,527,100.0,-1507,-18.7
"06081","5","52592","77","0","2024","4","",6,11,12,12,357468,420,6,2357,"",0.67,1.12,1.28,1.23,0.23,0.00,0.00,0.19,"",2,50.0,2,22.2,3,33.3,4,50.0,71073,24.8,-550,-56.7,-10,-62.5,-185,-7.3
"06081","5","525920","78","0","2024","4","",6,11,12,12,357468,420,6,2357,"",0.67,1.12,1.28,1.23,0.23,0.00,0.00,0.19,"",2,50.0,2,22.2,3,33.3,4,50.0,71073,24.8,-550,-56.7,-10,-62.5,-185,-7.3
"06081","5","52599","77","0","2024","4","",15,89,93,93,9889767,73136,2596,8299,"",1.62,2.87,2.95,2.91,2.23,3.49,3.13,0.77,"",-2,-11.8,-31,-25.8,-34,-26.8,-35,-27.3,-2715981,-21.5,-17363,-19.2,-164,-5.9,542,7.0
"06081","5","525990","78","0","2024","4","",15,89,93,93,9889767,73136,2596,8299,"",1.62,2.87,2.95,2.91,2.23,3.49,3.13,0.77,"",-2,-11.8,-31,-25.8,-34,-26.8,-35,-27.3,-2715981,-21.5,-17363,-19.2,-164,-5.9,542,7.0
"06081","5","53","74","0","2024","4","",1428,6790,6707,6558,175113066,4731211,134504,2015,"",1.09,1.06,1.05,1.02,0.56,1.07,0.96,0.53,"",-12,-0.8,-133,-1.9,-135,-2.0,131,2.0,661909,0.4,-170713,-3.5,-6904,-4.9,21,1.1
"06081","5","531","75","0","2024","4","",1324,4766,4750,4701,139301494,3662365,110395,2261,"",1.16,0.99,0.98,0.97,0.57,1.06,1.02,0.58,"",-7,-0.5,101,2.2,131,2.8,93,2.0,3842841,2.8,768103,26.5,23202,26.6,11,0.5
"06081","5","5311","76","0","2024","4","",349,1520,1503,1489,34427788,567997,17757,1761,"",1.07,0.90,0.89,0.88,0.45,0.53,0.52,0.50,"",-1,-0.3,156,11.4,148,10.9,141,10.5,4613230,15.5,-102248,-15.3,-2721,-13.3,69,4.1
"06081","5","53111","77","0","2024","4","",205,889,885,878,18566976,289123,9086,1616,"",1.17,0.90,0.90,0.89,0.46,0.45,0.45,0.52,"",0,0.0,152,20.6,155,21.2,144,19.6,2674219,16.8,-41565,-12.6,-1615,-15.1,-50,-3.0
"06081","5","531110","78","0","2024","4","",205,889,885,878,18566976,289123,9086,1616,"",1.17,0.90,0.90,0.89,0.46,0.45,0.45,0.52,"",0,0.0,152,20.6,155,21.2,144,19.6,2674219,16.8,-41565,-12.6,-1615,-15.1,-50,-3.0
"06081","5","53112","77","0","2024","4","",69,385,376,364,12247543,144610,4131,2512,"",0.96,0.90,0.89,0.85,0.46,0.61,0.52,0.53,"",-1,-1.4,6,1.6,2,0.5,-5,-1.4,1964382,19.1,-36442,-20.1,-175,-4.1,397,18.8
"06081","5","531120","78","0","2024","4","",69,385,376,364,12247543,144610,4131,2512,"",0.96,0.90,0.89,0.85,0.46,0.61,0.52,0.53,"",-1,-1.4,6,1.6,2,0.5,-5,-1.4,1964382,19.1,-36442,-20.1,-175,-4.1,397,18.8
"06081","5","53113","77","0","2024","4","",48,156,157,160,2135343,95149,3496,1042,"",0.97,0.98,0.99,1.00,0.37,0.81,1.02,0.37,"",0,0.0,-9,-5.5,-10,-6.0,0,0.0,-90837,-4.1,-14962,-13.6,-478,-12.0,-2,-0.2
"06081","5","531130","78","0","2024","4","",48,156,157,160,2135343,95149,3496,1042,"",0.97,0.98,0.99,1.00,0.37,0.81,1.02,0.37,"",0,0.0,-9,-5.5,-10,-6.0,0,0.0,-90837,-4.1,-14962,-13.6,-478,-12.0,-2,-0.2
"06081","5","53119","77","0","2024","4","",27,90,85,87,1477926,39115,1044,1302,"",0.97,0.80,0.76,0.77,0.33,0.51,0.42,0.42,"",0,0.0,7,8.4,1,1.2,2,2.4,65466,4.6,-9279,-19.2,-453,-30.3,9,0.7
"06081","5","531190","78","0","2024","4","",27,90,85,87,1477926,39115,1044,1302,"",0.97,0.80,0.76,0.77,0.33,0.51,0.42,0.42,"",0,0.0,7,8.4,1,1.2,2,2.4,65466,4.6,-9279,-19.2,-453,-30.3,9,0.7
"06081","5","5312","76","0","2024","4","",512,1110,1106,1074,41298500,1457678,39366,2897,"",1.19,1.17,1.17,1.13,0.71,1.79,1.59,0.61,"",-13,-2.5,78,7.6,87,8.5,31,3.0,1288518,3.2,461130,46.3,10627,37.0,-87,-2.9
"06081","5","53121","77","0","2024","4","",512,1110,1106,1074,41298500,1457678,39366,2897,"",1.19,1.17,1.17,1.13,0.71,1.79,1.59,0.61,"",-13,-2.5,78,7.6,87,8.5,31,3.0,1288518,3.2,461130,46.3,10627,37.0,-87,-2.9
"06081","5","531210","78","0","2024","4","",512,1110,1106,1074,41298500,1457678,39366,2897,"",1.19,1.17,1.17,1.13,0.71,1.79,1.59,0.61,"",-13,-2.5,78,7.6,87,8.5,31,3.0,1288518,3.2,461130,46.3,10627,37.0,-87,-2.9
"06081","5","5313","76","0","2024","4","",463,2136,2141,2138,63575206,1636690,53272,2287,"",1.19,0.97,0.97,0.97,0.58,1.05,1.07,0.60,"",7,1.5,-133,-5.9,-104,-4.6,-79,-3.6,-2058907,-3.1,409221,33.3,15296,40.3,37,1.6
"06081","5","53131","77","0","2024","4","",366,1666,1659,1670,46489700,930570,30033,2148,"",1.36,0.89,0.88,0.88,0.54,0.70,0.72,0.61,"",3,0.8,-290,-14.8,-276,-14.3,-257,-13.3,-3450485,-6.9,-100042,-9.7,-2783,-8.5,167,8.4
"06081","5","531311","78","0","2024","4","",284,1199,1194,1205,25924421,695633,23070,1663,"",1.38,0.84,0.84,0.84,0.45,0.64,0.67,0.53,"",5,1.8,-262,-17.9,-260,-17.9,-248,-17.1,-5613264,-17.8,-93082,-11.8,-2774,-10.7,-3,-0.2
"06081","5","531312","78","0","2024","4","",82,467,465,465,20565279,234937,6963,3397,"",1.32,1.02,1.02,1.01,0.73,0.93,0.91,0.71,"",-2,-2.4,-28,-5.7,-16,-3.3,-9,-1.9,2162779,11.8,-6960,-2.9,-9,-0.1,468,16.0
"06081","5","53132","77","0","2024","4","",12,22,23,25,672234,15669,286,2216,"",0.35,0.29,0.31,0.33,0.18,0.31,0.22,0.59,"",-1,-7.7,9,69.2,10,76.9,11,78.6,447959,199.7,-3031,-16.2,-26,-8.3,922,71.3
"06081","5","531320","78","0","2024","4","",12,22,23,25,672234,15669,286,2216,"",0.35,0.29,0.31,0.33,0.18,0.31,0.22,0.59,"",-1,-7.7,9,69.2,10,76.9,11,78.6,447959,199.7,-3031,-16.2,-26,-8.3,922,71.3
"06081","5","53139","77","0","2024","4","",85,448,459,443,16413272,690451,22953,2806,"",0.98,1.80,1.84,1.76,0.84,3.87,3.53,0.46,"",5,6.2,148,49.3,162,54.5,167,60.5,943619,6.1,512294,287.6,18105,373.5,-1283,-31.4
"06081","5","531390","78","0","2024","4","",85,448,459,443,16413272,690451,22953,2806,"",0.98,1.80,1.84,1.76,0.84,3.87,3.53,0.46,"",5,6.2,148,49.3,162,54.5,167,60.5,943619,6.1,512294,287.6,18105,373.5,-1283,-31.4
"06081","5","532","75","0","2024","4","",100,2000,1933,1833,34347522,1068846,24109,1375,"",0.64,1.32,1.29,1.23,0.52,1.13,0.78,0.41,"",-3,-2.9,-226,-10.2,-258,-11.8,46,2.6,-2743208,-7.4,-938816,-46.8,-30106,-55.5,-5,-0.4
"06081","5","5321","76","0","2024","4","",46,1058,1058,1047,17313304,372418,8308,1263,"",0.95,1.88,1.89,1.87,0.83,1.09,0.93,0.44,"",-2,-4.2,-207,-16.4,-138,-11.5,5,0.5,-2179250,-11.2,-330320,-47.0,-8581,-50.8,-21,-1.6
"06081","5","53211","77","0","2024","4","",39,959,962,961,15753058,334376,7341,1261,"",1.37,3.07,3.09,3.09,1.50,1.70,1.44,0.49,"",-2,-4.9,-205,-17.6,-130,-11.9,23,2.5,-2092633,-11.7,-329587,-49.6,-8409,-53.4,-28,-2.2
"06081","5","532111","78","0","2024","4","N",38,0,0,0,0,0,0,0,"N",1.46,0,0,0,0,0,0,0,"N",-1,-2.6,0,0,0,0,0,0,0,0,0,0,0,0,0,0
"06081","5","532112","78","0","2024","4","N",1,0,0,0,0,0,0,0,"N",0.44,0,0,0,0,0,0,0,"N",-1,-50.0,0,0,0,0,0,0,0,0,0,0,0,0,0,0
"06081","5","53212","77","0","2024","4","",7,99,96,86,1560246,38042,967,1281,"",0.35,0.40,0.38,0.34,0.15,0.26,0.25,0.41,"",0,0.0,-2,-2.0,-8,-7.7,-18,-17.3,-86617,-5.3,-733,-1.9,-172,-15.1,51,4.1
"06081","5","532120","78","0","2024","4","",7,99,96,86,1560246,38042,967,1281,"",0.35,0.40,0.38,0.34,0.15,0.26,0.25,0.41,"",0,0.0,-2,-2.0,-8,-7.7,-18,-17.3,-86617,-5.3,-733,-1.9,-172,-15.1,51,4.1
"06081","5","5322","76","0","2024","4","N",18,0,0,0,0,0,0,0,"N",0.38,0,0,0,0,0,0,0,"N",-1,-5.3,0,0,0,0,0,0,0,0,0,0,0,0,0,0
"06081","5","53228","77","0","2024","4","N",18,0,0,0,0,0,0,0,"N",0.42,0,0,0,0,0,0,0,"N",-1,-5.3,0,0,0,0,0,0,0,0,0,0,0,0,0,0
"06081","5","532283","78","0","2024","4","N",1,0,0,0,0,0,0,0,"N",0.14,0,0,0,0,0,0,0,"N",0,0.0,0,0,0,0,0,0,0,0,0,0,0,0,0,0
"06081","5","532284","78","0","2024","4","",4,11,13,13,114915,7464,112,717,"",0.45,0.24,0.32,0.32,0.10,0.23,0.09,0.35,"",1,33.3,0,0.0,1,8.3,1,8.3,11295,10.9,4593,160.0,25,28.7,34,5.0
"06081","5","532289","78","0","2024","4","",13,292,296,290,4190200,260096,4552,1101,"",0.54,1.73,1.83,1.82,0.77,2.01,0.86,0.43,"",-2,-13.3,4,1.4,24,8.8,12,4.3,356301,9.3,-14341,-5.2,-84,-1.8,45,4.3
"06081","5","5323","76","0","2024","4","N",1,0,0,0,0,0,0,0,"N",0.11,0,0,0,0,0,0,0,"N",0,0.0,0,0,0,0,0,0,0,0,0,0,0,0,0,0
"06081","5","53231","77","0","2024","4","N",1,0,0,0,0,0,0,0,"N",0.11,0,0,0,0,0,0,0,"N",0,0.0,0,0,0,0,0,0,0,0,0,0,0,0,0,0
"06081","5","532310","78","0","2024","4","N",1,0,0,0,0,0,0,0,"N",0.11,0,0,0,0,0,0,0,"N",0,0.0,0,0,0,0,0,0,0,0,0,0,0,0,0,0
"06081","5","5324","76","0","2024","4","",35,471,438,359,9447164,405052,10698,1719,"",0.69,0.89,0.84,0.68,0.32,1.32,0.97,0.39,"",0,0.0,-50,-9.6,-137,-23.8,24,7.2,-1022464,-9.8,-527320,-56.6,-20393,-65.6,31,1.8
"06081","5","53241","77","0","2024","4","N",7,0,0,0,0,0,0,0,"N",0.31,0,0,0,0,0,0,0,"N",0,0.0,0,0,0,0,0,0,0,0,0,0,0,0,0,0
"06081","5","532412","78","0","2024","4","N",7,0,0,0,0,0,0,0,"N",0.35,0,0,0,0,0,0,0,"N",0,0.0,0,0,0,0,0,0,0,0,0,0,0,0,0,0
"06081","5","53242","77","0","2024","4","N",1,0,0,0,0,0,0,0,"N",0.32,0,0,0,0,0,0,0,"N",0,0.0,0,0,0,0,0,0,0,0,0,0,0,0,0,0
"06081","5","532420","78","0","2024","4","N",1,0,0,0,0,0,0,0,"N",0.32,0,0,0,0,0,0,0,"N",0,0.0,0,0,0,0,0,0,0,0,0,0,0,0,0,0
"06081","5","53249","77","0","2024","4","",27,360,328,249,6672586,330739,8560,1643,"",1.07,1.61,1.48,1.13,0.58,2.24,1.37,0.41,"",0,0.0,-100,-21.7,-185,-36.1,-26,-9.5,-2407161,-26.5,-570710,-63.3,-21969,-72.0,-36,-2.1
"06081","5","532490","78","0","2024","4","",27,360,328,249,6672586,330739,8560,1643,"",1.07,1.61,1.48,1.13,0.58,2.24,1.37,0.41,"",0,0.0,-100,-21.7,-185,-36.1,-26,-9.5,-2407161,-26.5,-570710,-63.3,-21969,-72.0,-36,-2.1
"06081","5","533","75","0","2024","4","",4,24,24,24,1464050,0,0,4692,"",0.40,0.41,0.41,0.41,0.27,0.00,0.00,0.66,"",-2,-33.3,-8,-25.0,-8,-25.0,-8,-25.0,-437724,-23.0,0,0.0,0,0.0,120,2.6
"06081","5","5331","76","0","2024","4","",4,24,24,24,1464050,0,0,4692,"",0.40,0.41,0.41,0.41,0.27,0.00,0.00,0.66,"",-2,-33.3,-8,-25.0,-8,-25.0,-8,-25.0,-437724,-23.0,0,0.0,0,0.0,120,2.6
"06081","5","53311","77","0","2024","4","",4,24,24,24,1464050,0,0,4692,"",0.40,0.41,0.41,0.41,0.27,0.00,0.00,0.66,"",-2,-33.3,-8,-25.0,-8,-25.0,-8,-25.0,-437724,-23.0,0,0.0,0,0.0,120,2.6
"06081","5","533110","78","0","2024","4","",4,24,24,24,1464050,0,0,4692,"",0.40,0.41,0.41,0.41,0.27,0.00,0.00,0.66,"",-2,-33.3,-8,-25.0,-8,-25.0,-8,-25.0,-437724,-23.0,0,0.0,0,0.0,120,2.6
"06081","5","54","74","0","2024","4","",4173,70575,70381,70263,4399009211,36236085,1205936,4806,"",0.90,2.47,2.46,2.45,1.86,2.29,2.26,0.76,"",26,0.6,2844,4.2,3427,5.1,3367,5.0,638856638,17.0,7336761,25.4,310776,34.7,501,11.6
"06081","5","541","75","0","2024","4","",4173,70575,70381,70263,4399009211,36236085,1205936,4806,"",0.90,2.47,2.46,2.45,1.86,2.29,2.26,0.76,"",26,0.6,2844,4.2,3427,5.1,3367,5.0,638856638,17.0,7336761,25.4,310776,34.7,501,11.6
"06081","5","5411","76","0","2024","4","",382,2638,2645,2758,160542124,1456099,40125,4607,"",0.69,0.83,0.83,0.86,0.48,0.84,0.80,0.57,"",-6,-1.5,-108,-3.9,-91,-3.3,-23,-0.8,4576058,2.9,128381,9.7,4387,12.3,251,5.8
"06081","5","54111","77","0","2024","4","",364,2578,2585,2698,158693989,1410547,38534,4659,"",0.73,0.88,0.88,0.91,0.49,0.90,0.87,0.55,"",-6,-1.6,-114,-4.2,-94,-3.5,-25,-0.9,4067535,2.6,118194,9.1,3960,11.5,250,5.7
"06081","5","541110","78","0","2024","4","",364,2578,2585,2698,158693989,1410547,38534,4659,"",0.73,0.88,0.88,0.91,0.49,0.90,0.87,0.55,"",-6,-1.6,-114,-4.2,-94,-3.5,-25,-0.9,4067535,2.6,118194,9.1,3960,11.5,250,5.7
"06081","5","54119","77","0","2024","4","",18,60,60,60,1848135,45552,1591,2369,"",0.32,0.23,0.23,0.23,0.13,0.29,0.26,0.57,"",0,0.0,6,11.1,3,5.3,2,3.4,508523,38.0,10187,28.8,427,36.7,540,29.5
"06081","5","541191","78","0","2024","4","",7,24,24,24,799491,20950,865,2562,"",0.26,0.16,0.16,0.16,0.11,0.25,0.26,0.70,"",0,0.0,3,14.3,3,14.3,2,9.1,43654,5.8,14357,217.8,580,203.5,-163,-6.0
"06081","5","541199","78","0","2024","4","",11,36,36,36,1048644,24602,726,2241,"",0.37,0.32,0.32,0.32,0.15,0.33,0.27,0.46,"",0,0.0,3,9.1,0,0.0,0,0.0,464869,79.6,-4170,-14.5,-153,-17.4,958,74.7
"06081","5","5412","76","0","2024","4","",368,3692,3385,3177,93219396,4092615,147314,2098,"",0.74,1.25,1.13,1.04,0.47,2.25,2.29,0.41,"",-8,-2.1,8,0.2,0,0.0,-89,-2.7,4845350,5.5,-69468,-1.7,-4770,-3.1,125,6.3
"06081","5","54121","77","0","2024","4","",368,3692,3385,3177,93219396,4092615,147314,2098,"",0.74,1.25,1.13,1.04,0.47,2.25,2.29,0.41,"",-8,-2.1,8,0.2,0,0.0,-89,-2.7,4845350,5.5,-69468,-1.7,-4770,-3.1,125,6.3
"06081","5","541211","78","0","2024","4","",137,683,669,665,26324427,327847,9553,3012,"",0.82,0.49,0.48,0.47,0.24,0.48,0.55,0.49,"",-4,-2.8,-70,-9.3,-80,-10.7,-108,-14.0,-1091752,-4.0,-200199,-37.9,-6300,-39.7,231,8.3
"06081","5","541213","78","0","2024","4","",88,265,293,290,8657343,106001,3987,2356,"",0.88,1.39,1.26,1.04,1.11,0.87,0.65,0.92,"",-2,-2.2,-18,-6.4,28,10.6,-1,-0.3,1343788,18.4,-16020,-13.1,243,6.5,344,17.1
"06081","5","541214","78","0","2024","4","",17,2283,1964,1773,45942791,3305109,120754,1761,"",0.48,3.68,3.18,2.89,1.16,6.47,4.60,0.36,"",-4,-19.0,189,9.0,133,7.3,126,7.7,8694022,23.3,148935,4.7,-1884,-1.5,218,14.1
"06081","5","541219","78","0","2024","4","",126,461,459,449,12294835,353658,13020,2073,"",0.66,0.61,0.61,0.59,0.31,0.70,0.88,0.51,"",2,1.6,-93,-16.8,-81,-15.0,-106,-19.1,-4100708,-25.0,-2184,-0.6,3171,32.2,-221,-9.6
"06081","5","5413","76","0","2024","4","",268,3606,3612,3596,211837733,1789263,61851,4521,"",0.58,0.80,0.80,0.80,0.61,0.81,0.86,0.76,"",-3,-1.1,196,5.7,238,7.1,202,6.0,58567856,38.2,457893,34.4,22299,56.4,1046,30.1
"06081","5","54131","77","0","2024","4","",72,341,306,299,9814620,149926,4356,2394,"",0.91,0.64,0.57,0.56,0.23,0.59,0.60,0.40,"",-3,-4.0,-52,-13.2,-77,-20.1,-82,-21.5,-5944304,-37.7,-41562,-21.7,-1852,-29.8,-749,-23.8
"06081","5","541310","78","0","2024","4","",72,341,306,299,9814620,149926,4356,2394,"",0.91,0.64,0.57,0.56,0.23,0.59,0.60,0.40,"",-3,-4.0,-52,-13.2,-77,-20.1,-82,-21.5,-5944304,-37.7,-41562,-21.7,-1852,-29.8,-749,-23.8
"06081","5","54132","77","0","2024","4","",21,181,185,181,5020184,160248,5001,2118,"",1.04,1.93,1.99,2.04,1.01,2.77,2.23,0.51,"",0,0.0,13,7.7,28,17.8,11,6.5,190113,3.9,63481,65.6,1908,61.7,-134,-6.0
"06081","5","541320","78","0","2024","4","",21,181,185,181,5020184,160248,5001,2118,"",1.04,1.93,1.99,2.04,1.01,2.77,2.23,0.51,"",0,0.0,13,7.7,28,17.8,11,6.5,190113,3.9,63481,65.6,1908,61.7,-134,-6.0
"06081","5","54133","77","0","2024","4","",136,2314,2348,2351,127261190,1122313,37516,4188,"",0.51,0.74,0.75,0.75,0.49,0.75,0.77,0.66,"",-1,-0.7,271,13.3,314,15.4,297,14.5,22437835,21.4,308253,37.9,14893,65.8,242,6.1
"06081","5","541330","78","0","2024","4","",136,2314,2348,2351,127261190,1122313,37516,4188,"",0.51,0.74,0.75,0.75,0.49,0.75,0.77,0.66,"",-1,-0.7,271,13.3,314,15.4,297,14.5,22437835,21.4,308253,37.9,14893,65.8,242,6.1
"06081","5","54134","77","0","2024","4","N",3,0,0,0,0,0,0,0,"N",0.32,0,0,0,0,0,0,0,"N",0,0.0,0,0,0,0,0,0,0,0,0,0,0,0,0,0
"06081","5","541340","78","0","2024","4","N",3,0,0,0,0,0,0,0,"N",0.32,0,0,0,0,0,0,0,"N",0,0.0,0,0,0,0,0,0,0,0,0,0,0,0,0,0
"06081","5","54135","77","0","2024","4","",8,7,5,7,419917,11529,392,5100,"",0.35,0.10,0.07,0.10,0.13,0.23,0.19,1.48,"",1,14.3,0,0.0,-1,-16.7,3,75.0,126587,43.2,11529,100.0,392,100.0,1118,28.1
"06081","5","541350","78","0","2024","4","",8,7,5,7,419917,11529,392,5100,"",0.35,0.10,0.07,0.10,0.13,0.23,0.19,1.48,"",1,14.3,0,0.0,-1,-16.7,3,75.0,126587,43.2,11529,100.0,392,100.0,1118,28.1
"06081","5","54136","77","0","2024","4","N",2,0,0,0,0,0,0,0,"N",0.30,0,0,0,0,0,0,0,"N",0,0.0,0,0,0,0,0,0,0,0,0,0,0,0,0,0
"06081","5","541360","78","0","2024","4","N",2,0,0,0,0,0,0,0,"N",0.30,0,0,0,0,0,0,0,"N",0,0.0,0,0,0,0,0,0,0,0,0,0,0,0,0,0
"06081","5","54137","77","0","2024","4","",5,37,36,35,1678632,5459,93,3587,"",0.22,0.25,0.24,0.24,0.22,0.06,0.04,0.90,"",0,0.0,-2,-5.1,-4,-10.0,-5,-12.5,-195724,-10.4,-9141,-62.6,-280,-75.1,-48,-1.3
"06081","5","541370","78","0","2024","4","",5,37,36,35,1678632,5459,93,3587,"",0.22,0.25,0.24,0.24,0.22,0.06,0.04,0.90,"",0,0.0,-2,-5.1,-4,-10.0,-5,-12.5,-195724,-10.4,-9141,-62.6,-280,-75.1,-48,-1.3
"06081","5","54138","77","0","2024","4","",21,721,725,719,67320124,320951,13843,7176,"",0.69,1.56,1.57,1.56,2.46,1.35,1.78,1.57,"",0,0.0,-34,-4.5,-23,-3.1,-20,-2.7,41842444,164.2,113496,54.7,6791,96.3,4554,173.7
"06081","5","541380","78","0","2024","4","",21,721,725,719,67320124,320951,13843,7176,"",0.69,1.56,1.57,1.56,2.46,1.35,1.78,1.57,"",0,0.0,-34,-4.5,-23,-3.1,-20,-2.7,41842444,164.2,113496,54.7,6791,96.3,4554,173.7
"06081","5","5414","76","0","2024","4","",132,299,302,292,10597462,159599,5312,2739,"",1.02,0.74,0.75,0.73,0.45,0.65,0.62,0.60,"",-4,-2.9,-40,-11.8,-36,-10.7,-38,-11.5,975558,10.1,-40534,-20.3,-755,-12.4,534,24.2
"06081","5","54141","77","0","2024","4","",71,160,154,149,3500796,62463,1915,1745,"",1.39,1.08,1.03,1.00,0.47,0.62,0.55,0.45,"",-2,-2.7,-24,-13.0,-27,-14.9,-20,-11.8,-6036,-0.2,-14255,-18.6,-591,-23.6,230,15.2
"06081","5","541410","78","0","2024","4","",71,160,154,149,3500796,62463,1915,1745,"",1.39,1.08,1.03,1.00,0.47,0.62,0.55,0.45,"",-2,-2.7,-24,-13.0,-27,-14.9,-20,-11.8,-6036,-0.2,-14255,-18.6,-591,-23.6,230,15.2
"06081","5","54142","77","0","2024","4","",11,39,43,42,1265648,52635,1820,2355,"",1.44,0.74,0.81,0.80,0.31,2.73,2.66,0.40,"",1,10.0,-8,-17.0,-7,-14.0,-12,-22.2,-238572,-15.9,34161,184.9,1405,338.6,56,2.4
"06081","5","541420","78","0","2024","4","",11,39,43,42,1265648,52635,1820,2355,"",1.44,0.74,0.81,0.80,0.31,2.73,2.66,0.40,"",1,10.0,-8,-17.0,-7,-14.0,-12,-22.2,-238572,-15.9,34161,184.9,1405,338.6,56,2.4
"06081","5","54143","77","0","2024","4","",36,70,73,68,2253787,34501,1321,2465,"",0.68,0.48,0.50,0.47,0.26,0.40,0.46,0.53,"",0,0.0,-5,-6.7,-1,-1.4,-6,-8.1,293125,15.0,-59728,-63.4,-1527,-53.6,436,21.5
"06081","5","541430","78","0","2024","4","",36,70,73,68,2253787,34501,1321,2465,"",0.68,0.48,0.50,0.47,0.26,0.40,0.46,0.53,"",0,0.0,-5,-6.7,-1,-1.4,-6,-8.1,293125,15.0,-59728,-63.4,-1527,-53.6,436,21.5
"06081","5","54149","77","0","2024","4","",14,30,32,33,3577231,10000,256,8690,"",0.80,0.54,0.58,0.60,1.05,0.27,0.16,1.84,"",-3,-17.6,-3,-9.1,-1,-3.0,0,0.0,927041,35.0,-712,-6.6,-42,-14.1,2512,40.7
"06081","5","541490","78","0","2024","4","",14,30,32,33,3577231,10000,256,8690,"",0.80,0.54,0.58,0.60,1.05,0.27,0.16,1.84,"",-3,-17.6,-3,-9.1,-1,-3.0,0,0.0,927041,35.0,-712,-6.6,-42,-14.1,2512,40.7
"06081","5","5415","76","0","2024","4","",1119,23054,22979,22930,1672731726,13362745,437009,5597,"",1.00,3.58,3.57,3.59,2.65,4.14,3.79,0.74,"",37,3.4,4262,22.7,4300,23.0,4367,23.5,465342543,38.5,5696021,74.3,199621,84.1,625,12.6
"06081","5","54151","77","0","2024","4","",1119,23054,22979,22930,1672731726,13362745,437009,5597,"",1.00,3.58,3.57,3.59,2.65,4.14,3.79,0.74,"",37,3.4,4262,22.7,4300,23.0,4367,23.5,465342543,38.5,5696021,74.3,199621,84.1,625,12.6
"06081","5","541511","78","0","2024","4","",698,12689,12641,12646,1020789973,8757452,285828,6203,"",1.31,4.44,4.43,4.47,3.26,6.45,5.64,0.73,"",29,4.3,-1586,-11.1,-1537,-10.8,-1425,-10.1,92334714,9.9,2906995,49.7,110165,62.7,1164,23.1
"06081","5","541512","78","0","2024","4","",346,9351,9326,9293,603407022,4201169,137407,4978,"",0.73,3.09,3.09,3.11,2.24,2.69,2.56,0.72,"",4,1.2,5762,160.5,5749,160.7,5708,159.2,362521861,150.5,2753022,190.1,86868,171.9,-193,-3.7
"06081","5","541513","78","0","2024","4","N",13,0,0,0,0,0,0,0,"N",0.72,0,0,0,0,0,0,0,"N",1,8.3,0,0,0,0,0,0,0,0,0,0,0,0,0,0
"06081","5","541519","78","0","2024","4","N",62,0,0,0,0,0,0,0,"N",0.67,0,0,0,0,0,0,0,"N",3,5.1,0,0,0,0,0,0,0,0,0,0,0,0,0,0
"06081","5","5416","76","0","2024","4","",1032,4684,4676,4645,297624546,3469851,107955,4904,"",0.92,0.94,0.94,0.93,0.77,1.06,0.91,0.83,"",13,1.3,-457,-8.9,-547,-10.5,-616,-11.7,-26026439,-8.0,-217320,-5.9,-394,-0.4,124,2.6
"06081","5","54161","77","0","2024","4","",813,3818,3819,3779,258834095,2808580,85472,5232,"",0.88,0.92,0.92,0.91,0.80,1.04,0.87,0.87,"",29,3.7,-187,-4.7,-273,-6.7,-351,-8.5,-16271002,-5.9,-171711,-5.8,-2259,-2.6,40,0.8
"06081","5","541611","78","0","2024","4","",537,2035,2012,2017,136888292,1640514,47649,5209,"",1.13,0.90,0.89,0.89,0.69,1.14,0.94,0.77,"",21,4.1,-106,-5.0,-128,-6.0,-165,-7.6,-33839021,-19.8,-145840,-8.2,-2673,-5.3,-887,-14.6
"06081","5","541612","78","0","2024","4","",18,128,130,124,5779059,45997,1444,3491,"",0.40,0.52,0.52,0.50,0.32,0.29,0.24,0.62,"",-2,-10.0,13,11.3,16,14.0,9,7.8,995018,20.8,-10832,-19.1,-214,-12.9,282,8.8
"06081","5","541613","78","0","2024","4","",186,1191,1207,1170,88892900,506076,17405,5749,"",0.73,1.40,1.42,1.38,1.56,0.83,0.75,1.12,"",7,3.9,-139,-10.5,-150,-11.1,-171,-12.8,10535501,13.4,-3842,-0.8,2383,15.9,1260,28.1
"06081","5","541614","78","0","2024","4","",31,229,236,238,5926541,415173,13357,1945,"",0.58,0.53,0.55,0.54,0.25,1.56,1.41,0.46,"",0,0.0,-4,-1.7,-61,-20.5,-67,-22.0,-97231,-1.6,-54759,-11.7,-2575,-16.2,280,16.8
"06081","5","541618","78","0","2024","4","",41,235,234,230,21347303,200820,5617,7048,"",0.40,0.68,0.67,0.66,0.83,0.90,0.68,1.23,"",3,7.9,49,26.3,50,27.2,43,23.0,6134731,40.3,43562,27.7,820,17.1,745,11.8
"06081","5","54162","77","0","2024","4","",15,95,104,104,2933771,90415,4105,2234,"",0.36,0.35,0.38,0.38,0.18,0.52,0.77,0.48,"",0,0.0,-1,-1.0,3,3.0,9,9.5,34986,1.2,41775,85.9,2667,185.5,-57,-2.5
"06081","5","541620","78","0","2024","4","",15,95,104,104,2933771,90415,4105,2234,"",0.36,0.35,0.38,0.38,0.18,0.52,0.77,0.48,"",0,0.0,-1,-1.0,3,3.0,9,9.5,34986,1.2,41775,85.9,2667,185.5,-57,-2.5
"06081","5","54169","77","0","2024","4","",204,771,753,762,35856680,570856,18378,3620,"",1.32,1.34,1.30,1.32,0.80,1.42,1.21,0.61,"",-16,-7.3,-269,-25.9,-277,-26.9,-274,-26.4,-9790423,-21.4,-87384,-13.3,-802,-4.2,229,6.8
"06081","5","541690","78","0","2024","4","",204,771,753,762,35856680,570856,18378,3620,"",1.32,1.34,1.30,1.32,0.80,1.42,1.21,0.61,"",-16,-7.3,-269,-25.9,-277,-26.9,-274,-26.4,-9790423,-21.4,-87384,-13.3,-802,-4.2,229,6.8
"06081","5","5417","76","0","2024","4","",578,29453,29645,29770,1845261201,10200134,349724,4792,"",3.69,12.10,12.18,12.21,7.60,11.81,12.52,0.62,"",16,2.8,-1097,-3.6,-528,-1.7,-501,-1.7,125961419,7.3,1129374,12.5,76192,27.9,432,9.9
"06081","5","54171","77","0","2024","4","",565,29024,29224,29347,1833216085,10160245,348672,4830,"",4.03,12.86,12.96,12.99,7.89,12.68,13.42,0.61,"",16,2.9,-957,-3.2,-378,-1.3,-358,-1.2,129195897,7.6,1289401,14.5,79804,29.7,426,9.7
"06081","5","541713","78","0","2024","4","",19,269,263,266,13381853,118182,5070,3870,"",2.75,4.28,4.20,4.24,2.48,2.94,5.31,0.58,"",-3,-13.6,-105,-28.1,-89,-25.3,-79,-22.9,-5056451,-27.4,-192593,-62.0,-7705,-60.3,-103,-2.6
"06081","5","541714","78","0","2024","4","",322,18340,18506,18619,1290512575,6876527,226202,5369,"",5.37,24.43,24.67,24.74,14.88,22.77,21.40,0.60,"",10,3.2,-491,-2.6,-65,-0.4,-56,-0.3,118261694,10.1,1046765,18.0,65285,40.6,545,11.3
"06081","5","541715","78","0","2024","4","",224,10415,10455,10462,529321657,3165536,117400,3899,"",3.06,7.22,7.25,7.25,3.77,6.89,8.12,0.52,"",9,4.2,-361,-3.4,-224,-2.1,-223,-2.1,15990654,3.1,435229,15.9,22224,23.4,213,5.8
"06081","5","54172","77","0","2024","4","",13,429,421,423,12045116,39889,1052,2184,"",0.78,2.40,2.35,2.37,1.15,0.64,0.54,0.49,"",0,0.0,-140,-24.6,-150,-26.3,-143,-25.3,-3234478,-21.2,-160027,-80.0,-3612,-77.4,117,5.7
"06081","5","541720","78","0","2024","4","",13,429,421,423,12045116,39889,1052,2184,"",0.78,2.40,2.35,2.37,1.15,0.64,0.54,0.49,"",0,0.0,-140,-24.6,-150,-26.3,-143,-25.3,-3234478,-21.2,-160027,-80.0,-3612,-77.4,117,5.7
"06081","5","5418","76","0","2024","4","",86,831,816,805,33170904,376444,10193,3122,"",0.40,0.64,0.64,0.63,0.38,0.52,0.39,0.60,"",-7,-7.5,36,4.5,20,2.5,10,1.3,3122792,10.4,35582,10.4,1549,17.9,216,7.4
"06081","5","54181","77","0","2024","4","",37,442,426,423,22899324,129018,3898,4093,"",0.36,0.79,0.77,0.76,0.51,0.47,0.34,0.66,"",-2,-5.1,41,10.2,34,8.7,30,7.6,3035370,15.3,-4428,-3.3,342,9.6,228,5.9
"06081","5","541810","78","0","2024","4","",37,442,426,423,22899324,129018,3898,4093,"",0.36,0.79,0.77,0.76,0.51,0.47,0.34,0.66,"",-2,-5.1,41,10.2,34,8.7,30,7.6,3035370,15.3,-4428,-3.3,342,9.6,228,5.9
"06081","5","54182","77","0","2024","4","",16,114,114,110,3878845,77262,2222,2648,"",0.39,0.62,0.67,0.65,0.24,0.79,0.51,0.37,"",0,0.0,13,12.9,7,6.5,5,4.8,300959,8.4,15937,26.0,331,17.5,10,0.4
"06081","5","541820","78","0","2024","4","",16,114,114,110,3878845,77262,2222,2648,"",0.39,0.62,0.67,0.65,0.24,0.79,0.51,0.37,"",0,0.0,13,12.9,7,6.5,5,4.8,300959,8.4,15937,26.0,331,17.5,10,0.4
"06081","5","54183","77","0","2024","4","N",1,0,0,0,0,0,0,0,"N",0.24,0,0,0,0,0,0,0,"N",-1,-50.0,0,0,0,0,0,0,0,0,0,0,0,0,0,0
"06081","5","541830","78","0","2024","4","N",1,0,0,0,0,0,0,0,"N",0.24,0,0,0,0,0,0,0,"N",-1,-50.0,0,0,0,0,0,0,0,0,0,0,0,0,0,0
"06081","5","54184","77","0","2024","4","",8,32,37,36,853444,27278,1112,1876,"",0.78,0.68,0.79,0.78,0.24,1.18,1.35,0.32,"",-1,-11.1,-6,-15.8,-1,-2.6,-2,-5.3,-991799,-53.7,8909,48.5,382,52.3,-1859,-49.8
"06081","5","541840","78","0","2024","4","",8,32,37,36,853444,27278,1112,1876,"",0.78,0.68,0.79,0.78,0.24,1.18,1.35,0.32,"",-1,-11.1,-6,-15.8,-1,-2.6,-2,-5.3,-991799,-53.7,8909,48.5,382,52.3,-1859,-49.8
"06081","5","54185","77","0","2024","4","N",4,0,0,0,0,0,0,0,"N",0.50,0,0,0,0,0,0,0,"N",0,0.0,0,0,0,0,0,0,0,0,0,0,0,0,0,0
"06081","5","541850","78","0","2024","4","N",4,0,0,0,0,0,0,0,"N",0.50,0,0,0,0,0,0,0,"N",0,0.0,0,0,0,0,0,0,0,0,0,0,0,0,0,0
"06081","5","54186","77","0","2024","4","",5,38,39,38,726912,11356,375,1459,"",0.72,0.45,0.46,0.45,0.17,0.24,0.24,0.38,"",0,0.0,-3,-7.3,-1,-2.5,-3,-7.3,-49738,-6.4,2899,34.3,116,44.8,-10,-0.7
"06081","5","541860","78","0","2024","4","",5,38,39,38,726912,11356,375,1459,"",0.72,0.45,0.46,0.45,0.17,0.24,0.24,0.38,"",0,0.0,-3,-7.3,-1,-2.5,-3,-7.3,-49738,-6.4,2899,34.3,116,44.8,-10,-0.7
"06081","5","54187","77","0","2024","4","N",4,0,0,0,0,0,0,0,"N",0.35,0,0,0,0,0,0,0,"N",0,0.0,0,0,0,0,0,0,0,0,0,0,0,0,0,0
"06081","5","541870","78","0","2024","4","N",4,0,0,0,0,0,0,0,"N",0.35,0,0,0,0,0,0,0,"N",0,0.0,0,0,0,0,0,0,0,0,0,0,0,0,0,0
"06081","5","54189","77","0","2024","4","",11,143,143,143,1711253,94882,1445,921,"",0.40,0.58,0.57,0.58,0.20,0.55,0.30,0.35,"",-3,-21.4,-27,-15.9,-29,-16.9,-28,-16.4,-405867,-19.2,7715,8.9,9,0.6,-31,-3.3
"06081","5","541890","78","0","2024","4","",11,143,143,143,1711253,94882,1445,921,"",0.40,0.58,0.57,0.58,0.20,0.55,0.30,0.35,"",-3,-21.4,-27,-15.9,-29,-16.9,-28,-16.4,-405867,-19.2,7715,8.9,9,0.6,-31,-3.3
"06081","5","5419","76","0","2024","4","",208,2318,2321,2290,74024119,1329335,46453,2465,"",0.55,0.99,0.99,0.97,0.66,0.78,0.90,0.68,"",-12,-5.5,44,1.9,71,3.2,55,2.5,1491501,2.1,216832,19.5,12647,37.4,-11,-0.4
"06081","5","54191","77","0","2024","4","",32,604,605,609,24296643,164264,5181,3084,"",1.13,3.21,3.31,3.38,1.89,1.94,1.59,0.57,"",-1,-3.0,-17,-2.7,-6,-1.0,-4,-0.7,-2376652,-8.9,33331,25.5,1921,58.9,-252,-7.6
"06081","5","541910","78","0","2024","4","",32,604,605,609,24296643,164264,5181,3084,"",1.13,3.21,3.31,3.38,1.89,1.94,1.59,0.57,"",-1,-3.0,-17,-2.7,-6,-1.0,-4,-0.7,-2376652,-8.9,33331,25.5,1921,58.9,-252,-7.6
"06081","5","54192","77","0","2024","4","",21,40,38,37,481886,64047,1970,967,"",0.46,0.29,0.27,0.26,0.12,0.48,0.31,0.45,"",0,0.0,-2,-4.8,0,0.0,0,0.0,-4332,-0.9,6731,11.7,242,14.0,8,0.8
"06081","5","541921","78","0","2024","4","N",17,0,0,0,0,0,0,0,"N",0.52,0,0,0,0,0,0,0,"N",1,6.2,0,0,0,0,0,0,0,0,0,0,0,0,0,0
"06081","5","541922","78","0","2024","4","N",4,0,0,0,0,0,0,0,"N",0.31,0,0,0,0,0,0,0,"N",-1,-20.0,0,0,0,0,0,0,0,0,0,0,0,0,0,0
"06081","5","54193","77","0","2024","4","",14,270,250,235,3166803,206425,10729,968,"",1.02,2.50,2.32,2.20,0.81,3.05,4.18,0.34,"",-1,-6.7,80,42.1,56,28.9,44,23.0,35981,1.1,143074,225.8,7913,281.0,-289,-23.0
"06081","5","541930","78","0","2024","4","",14,270,250,235,3166803,206425,10729,968,"",1.02,2.50,2.32,2.20,0.81,3.05,4.18,0.34,"",-1,-6.7,80,42.1,56,28.9,44,23.0,35981,1.1,143074,225.8,7913,281.0,-289,-23.0
"06081","5","54194","77","0","2024","4","",72,952,988,978,21312353,696641,21060,1685,"",0.76,0.77,0.80,0.79,0.48,0.77,1.03,0.61,"",-1,-1.4,-6,-0.6,37,3.9,33,3.5,1914013,9.9,-10561,-1.5,254,1.2,116,7.4
"06081","5","541940","78","0","2024","4","",72,952,988,978,21312353,696641,21060,1685,"",0.76,0.77,0.80,0.79,0.48,0.77,1.03,0.61,"",-1,-1.4,-6,-0.6,37,3.9,33,3.5,1914013,9.9,-10561,-1.5,254,1.2,116,7.4
"06081","5","54199","77","0","2024","4","",69,452,440,431,24766434,197958,7513,4320,"",0.35,0.66,0.65,0.63,0.53,0.38,0.40,0.82,"",-9,-11.5,-11,-2.4,-16,-3.5,-18,-4.0,1922491,8.4,44257,28.8,2317,44.6,466,12.1
"06081","5","541990","78","0","2024","4","",69,452,440,431,24766434,197958,7513,4320,"",0.35,0.66,0.65,0.63,0.53,0.38,0.40,0.82,"",-9,-11.5,-11,-2.4,-16,-3.5,-18,-4.0,1922491,8.4,44257,28.8,2317,44.6,466,12.1
"06081","5","55","74","0","2024","4","",97,4961,4932,4952,285430813,8836039,242345,4437,"",0.36,0.72,0.71,0.71,0.42,1.78,1.93,0.59,"",-6,-5.8,-409,-7.6,-420,-7.8,-465,-8.6,18807790,7.1,754907,9.3,36225,17.6,625,16.4
"06081","5","551","75","0","2024","4","",97,4961,4932,4952,285430813,8836039,242345,4437,"",0.36,0.72,0.71,0.71,0.42,1.78,1.93,0.59,"",-6,-5.8,-409,-7.6,-420,-7.8,-465,-8.6,18807790,7.1,754907,9.3,36225,17.6,625,16.4
"06081","5","5511","76","0","2024","4","",97,4961,4932,4952,285430813,8836039,242345,4437,"",0.36,0.72,0.71,0.71,0.42,1.78,1.93,0.59,"",-6,-5.8,-409,-7.6,-420,-7.8,-465,-8.6,18807790,7.1,754907,9.3,36225,17.6,625,16.4
"06081","5","55111","77","0","2024","4","",97,4961,4932,4952,285430813,8836039,242345,4437,"",0.36,0.72,0.71,0.71,0.42,1.78,1.93,0.59,"",-6,-5.8,-409,-7.6,-420,-7.8,-465,-8.6,18807790,7.1,754907,9.3,36225,17.6,625,16.4
"06081","5","551111","78","0","2024","4","N",1,0,0,0,0,0,0,0,"N",0.38,0,0,0,0,0,0,0,"N",0,0.0,0,0,0,0,0,0,0,0,0,0,0,0,0,0
"06081","5","551112","78","0","2024","4","N",20,0,0,0,0,0,0,0,"N",0.49,0,0,0,0,0,0,0,"N",1,5.3,0,0,0,0,0,0,0,0,0,0,0,0,0,0
"06081","5","551114","78","0","2024","4","",76,4903,4875,4894,282871030,8791367,241034,4449,"",0.34,0.74,0.73,0.73,0.43,1.82,1.99,0.59,"",-7,-8.4,-403,-7.6,-413,-7.8,-461,-8.6,18593662,7.0,724769,9.0,35461,17.2,625,16.3
"06081","5","56","74","0","2024","4","",1268,21283,21144,21222,523992167,22920392,988597,1900,"",0.69,0.87,0.87,0.88,0.60,0.97,1.11,0.69,"",-1,-0.1,-1920,-8.3,-1617,-7.1,-1592,-7.0,-47595781,-8.3,-3012140,-11.6,-154188,-13.5,-18,-0.9
"06081","5","561","75","0","2024","4","",1218,20050,19917,20025,488487189,22480883,974482,1879,"",0.70,0.87,0.86,0.88,0.61,0.99,1.14,0.70,"",-1,-0.1,-2021,-9.2,-1696,-7.8,-1680,-7.7,-49097409,-9.1,-2958278,-11.6,-153643,-13.6,-18,-0.9
"06081","5","5611","76","0","2024","4","",135,1648,1652,1641,49876199,782918,26306,2329,"",0.59,0.99,1.00,0.99,0.45,0.85,0.90,0.46,"",-8,-5.6,-120,-6.8,-62,-3.6,-86,-5.0,-1466759,-2.9,-384073,-32.9,-10528,-28.6,54,2.4
"06081","5","56111","77","0","2024","4","",135,1648,1652,1641,49876199,782918,26306,2329,"",0.59,0.99,1.00,0.99,0.45,0.85,0.90,0.46,"",-8,-5.6,-120,-6.8,-62,-3.6,-86,-5.0,-1466759,-2.9,-384073,-32.9,-10528,-28.6,54,2.4
"06081","5","561110","78","0","2024","4","",135,1648,1652,1641,49876199,782918,26306,2329,"",0.59,0.99,1.00,0.99,0.45,0.85,0.90,0.46,"",-8,-5.6,-120,-6.8,-62,-3.6,-86,-5.0,-1466759,-2.9,-384073,-32.9,-10528,-28.6,54,2.4
"06081","5","5612","76","0","2024","4","",8,11,11,11,491072,3883,160,3434,"",0.38,0.02,0.02,0.02,0.03,0.01,0.02,1.16,"",-3,-27.3,-27,-71.1,-25,-69.4,-25,-69.4,-864570,-63.8,-6118,-61.2,-169,-51.4,590,20.7
"06081","5","56121","77","0","2024","4","",8,11,11,11,491072,3883,160,3434,"",0.38,0.02,0.02,0.02,0.03,0.01,0.02,1.16,"",-3,-27.3,-27,-71.1,-25,-69.4,-25,-69.4,-864570,-63.8,-6118,-61.2,-169,-51.4,590,20.7
"06081","5","561210","78","0","2024","4","",8,11,11,11,491072,3883,160,3434,"",0.38,0.02,0.02,0.02,0.03,0.01,0.02,1.16,"",-3,-27.3,-27,-71.1,-25,-69.4,-25,-69.4,-864570,-63.8,-6118,-61.2,-169,-51.4,590,20.7
"06081","5","5613","76","0","2024","4","",160,7527,7460,7576,252869780,13610966,744585,2586,"",0.39,0.85,0.84,0.86,0.85,1.15,1.56,1.00,"",-2,-1.2,-95,-1.2,-23,-0.3,-61,-0.8,16271649,6.9,-913317,-6.3,-41387,-5.3,185,7.7
"06081","5","56131","77","0","2024","4","",55,269,282,286,12251217,826203,35935,3378,"",0.57,0.35,0.36,0.37,0.34,0.94,0.92,0.94,"",2,3.8,47,21.2,65,30.0,68,31.2,3351269,37.7,533760,182.5,26107,265.6,252,8.1
"06081","5","561311","78","0","2024","4","",33,144,156,166,6405056,699840,31029,3172,"",0.45,0.22,0.23,0.25,0.24,0.88,0.89,1.04,"",2,6.5,37,34.6,56,56.0,60,56.6,3263679,103.9,488633,231.4,23730,325.1,856,37.0
"06081","5","561312","78","0","2024","4","",22,125,126,120,5846161,126363,4906,3636,"",0.92,1.22,1.23,1.18,0.61,1.47,1.21,0.50,"",0,0.0,10,8.7,9,7.7,8,7.1,87590,1.5,45127,55.6,2377,94.0,-227,-5.9
"06081","5","56132","77","0","2024","4","",83,7173,7089,7206,237904061,12648333,702813,2557,"",0.32,1.03,1.01,1.04,1.16,1.27,1.77,1.13,"",-1,-1.2,-99,-1.4,-56,-0.8,-102,-1.4,14147509,6.3,-1389705,-9.9,-66447,-8.6,180,7.6
"06081","5","561320","78","0","2024","4","",83,7173,7089,7206,237904061,12648333,702813,2557,"",0.32,1.03,1.01,1.04,1.16,1.27,1.77,1.13,"",-1,-1.2,-99,-1.4,-56,-0.8,-102,-1.4,14147509,6.3,-1389705,-9.9,-66447,-8.6,180,7.6
"06081","5","56133","77","0","2024","4","",22,85,89,84,2714502,136430,5837,2428,"",0.41,0.08,0.08,0.07,0.05,0.13,0.14,0.65,"",-3,-12.0,-43,-33.6,-32,-26.4,-27,-24.3,-1227129,-31.1,-57372,-29.6,-1047,-15.2,-99,-3.9
"06081","5","561330","78","0","2024","4","",22,85,89,84,2714502,136430,5837,2428,"",0.41,0.08,0.08,0.07,0.05,0.13,0.14,0.65,"",-3,-12.0,-43,-33.6,-32,-26.4,-27,-24.3,-1227129,-31.1,-57372,-29.6,-1047,-15.2,-99,-3.9
"06081","5","5614","76","0","2024","4","",98,471,470,479,8283960,300680,8443,1346,"",0.60,0.26,0.26,0.26,0.12,0.23,0.19,0.44,"",2,2.1,12,2.6,9,2.0,44,10.1,279038,3.5,1821,0.6,1104,15.0,-17,-1.2
"06081","5","56141","77","0","2024","4","N",5,0,0,0,0,0,0,0,"N",0.24,0,0,0,0,0,0,0,"N",-1,-16.7,0,0,0,0,0,0,0,0,0,0,0,0,0,0
"06081","5","561410","78","0","2024","4","N",5,0,0,0,0,0,0,0,"N",0.24,0,0,0,0,0,0,0,"N",-1,-16.7,0,0,0,0,0,0,0,0,0,0,0,0,0,0
"06081","5","56142","77","0","2024","4","",10,43,47,49,738414,35270,1029,1226,"",0.24,0.05,0.05,0.05,0.02,0.05,0.04,0.48,"",0,0.0,1,2.4,3,6.8,5,11.4,47434,6.9,28544,424.4,771,298.8,-1,-0.1
"06081","5","561421","78","0","2024","4","N",2,0,0,0,0,0,0,0,"N",0.23,0,0,0,0,0,0,0,"N",0,0.0,0,0,0,0,0,0,0,0,0,0,0,0,0,0
"06081","5","561422","78","0","2024","4","N",8,0,0,0,0,0,0,0,"N",0.24,0,0,0,0,0,0,0,"N",0,0.0,0,0,0,0,0,0,0,0,0,0,0,0,0,0
"06081","5","56143","77","0","2024","4","",49,270,265,273,3671260,190824,5961,1049,"",1.61,1.34,1.31,1.33,0.63,1.33,1.44,0.47,"",4,8.9,19,7.6,18,7.3,40,17.2,550465,17.6,-8260,-4.1,920,18.3,64,6.5
"06081","5","561431","78","0","2024","4","",23,119,116,123,1065796,102413,2677,687,"",1.53,1.27,1.23,1.27,0.53,1.30,1.18,0.42,"",2,9.5,-3,-2.5,-3,-2.5,3,2.5,78844,8.0,-42290,-29.2,-1159,-30.2,56,8.9
"06081","5","561439","78","0","2024","4","",26,151,149,150,2605464,88411,3284,1336,"",1.68,1.39,1.39,1.38,0.68,1.36,1.75,0.49,"",2,8.3,22,17.1,21,16.4,37,32.7,471621,22.1,34030,62.6,2079,172.5,5,0.4
"06081","5","56144","77","0","2024","4","N",3,0,0,0,0,0,0,0,"N",0.18,0,0,0,0,0,0,0,"N",-1,-25.0,0,0,0,0,0,0,0,0,0,0,0,0,0,0
"06081","5","561440","78","0","2024","4","N",3,0,0,0,0,0,0,0,"N",0.18,0,0,0,0,0,0,0,"N",-1,-25.0,0,0,0,0,0,0,0,0,0,0,0,0,0,0
"06081","5","56145","77","0","2024","4","N",3,0,0,0,0,0,0,0,"N",0.87,0,0,0,0,0,0,0,"N",0,0.0,0,0,0,0,0,0,0,0,0,0,0,0,0,0
"06081","5","561450","78","0","2024","4","N",3,0,0,0,0,0,0,0,"N",0.87,0,0,0,0,0,0,0,"N",0,0.0,0,0,0,0,0,0,0,0,0,0,0,0,0,0
"06081","5","56149","77","0","2024","4","",28,126,125,126,3359799,73586,1391,2057,"",0.54,0.42,0.43,0.44,0.22,0.36,0.17,0.50,"",0,0.0,1,0.8,-1,-0.8,11,9.6,-244772,-6.8,-2903,-3.8,-5,-0.4,-216,-9.5
"06081","5","561491","78","0","2024","4","N",1,0,0,0,0,0,0,0,"N",0.44,0,0,0,0,0,0,0,"N",0,0.0,0,0,0,0,0,0,0,0,0,0,0,0,0,0
"06081","5","561492","78","0","2024","4","N",11,0,0,0,0,0,0,0,"N",1.29,0,0,0,0,0,0,0,"N",0,0.0,0,0,0,0,0,0,0,0,0,0,0,0,0,0
"06081","5","561499","78","0","2024","4","",16,114,114,114,3013933,72695,1349,2034,"",0.39,0.46,0.48,0.48,0.22,0.41,0.19,0.47,"",0,0.0,2,1.8,1,0.9,12,11.8,-293430,-8.9,-2489,-3.3,-16,-1.2,-300,-12.9
"06081","5","5615","76","0","2024","4","",58,254,242,236,9292997,91052,3114,2930,"",0.95,0.51,0.49,0.48,0.31,0.31,0.34,0.63,"",7,13.7,10,4.1,-2,-0.8,-12,-4.8,1995766,27.3,-35666,-28.1,-706,-18.5,642,28.1
"06081","5","56151","77","0","2024","4","",44,173,170,164,7688688,68576,2702,3500,"",1.22,0.86,0.84,0.82,0.61,0.62,0.78,0.72,"",2,4.8,-3,-1.7,-10,-5.6,-18,-9.9,1503340,24.3,-13147,-16.1,163,6.4,847,31.9
"06081","5","561510","78","0","2024","4","",44,173,170,164,7688688,68576,2702,3500,"",1.22,0.86,0.84,0.82,0.61,0.62,0.78,0.72,"",2,4.8,-3,-1.7,-10,-5.6,-18,-9.9,1503340,24.3,-13147,-16.1,163,6.4,847,31.9
"06081","5","56152","77","0","2024","4","N",5,0,0,0,0,0,0,0,"N",0.53,0,0,0,0,0,0,0,"N",2,66.7,0,0,0,0,0,0,0,0,0,0,0,0,0,0
"06081","5","561520","78","0","2024","4","N",5,0,0,0,0,0,0,0,"N",0.53,0,0,0,0,0,0,0,"N",2,66.7,0,0,0,0,0,0,0,0,0,0,0,0,0,0
"06081","5","56159","77","0","2024","4","N",9,0,0,0,0,0,0,0,"N",0.58,0,0,0,0,0,0,0,"N",3,50.0,0,0,0,0,0,0,0,0,0,0,0,0,0,0
"06081","5","561591","78","0","2024","4","N",1,0,0,0,0,0,0,0,"N",0.37,0,0,0,0,0,0,0,"N",0,0.0,0,0,0,0,0,0,0,0,0,0,0,0,0,0
"06081","5","561599","78","0","2024","4","N",8,0,0,0,0,0,0,0,"N",0.62,0,0,0,0,0,0,0,"N",3,60.0,0,0,0,0,0,0,0,0,0,0,0,0,0,0
"06081","5","5616","76","0","2024","4","",71,2631,2629,2648,52188558,1855044,55085,1523,"",0.68,0.94,0.94,0.96,0.66,0.80,0.70,0.69,"",2,2.9,-1233,-31.9,-1136,-30.2,-1051,-28.4,-43935834,-45.7,-1064236,-36.5,-46253,-45.6,-435,-22.2
"06081","5","56161","77","0","2024","4","",39,2380,2377,2385,46225259,1716762,50997,1494,"",0.61,1.00,1.00,1.03,0.79,0.84,0.72,0.78,"",1,2.6,-232,-8.9,-149,-5.9,-59,-2.4,667710,1.5,-559043,-24.6,-28244,-35.6,107,7.7
"06081","5","561611","78","0","2024","4","",9,91,86,95,2102397,72903,2281,1784,"",0.59,0.83,0.78,0.88,0.46,0.94,0.78,0.56,"",-1,-10.0,5,5.8,-2,-2.3,5,5.6,234930,12.6,-22961,-24.0,-748,-24.7,152,9.3
"06081","5","561612","78","0","2024","4","",30,2289,2291,2290,44122862,1643859,48716,1482,"",0.65,1.04,1.04,1.07,0.85,0.86,0.73,0.81,"",2,7.1,-237,-9.4,-147,-6.0,-64,-2.7,432780,1.0,-536082,-24.6,-27496,-36.1,104,7.5
"06081","5","56162","77","0","2024","4","",32,251,252,263,5963299,138282,4088,1797,"",0.78,0.60,0.60,0.62,0.29,0.54,0.56,0.48,"",1,3.2,-1001,-80.0,-987,-79.7,-992,-79.0,-44603544,-88.2,-505193,-78.5,-18009,-81.5,-1318,-42.3
"06081","5","561621","78","0","2024","4","",21,169,169,179,4445715,91438,3159,1984,"",0.71,0.45,0.45,0.48,0.24,0.40,0.47,0.51,"",1,5.0,-1014,-85.7,-998,-85.5,-1005,-84.9,-44719166,-91.0,-522476,-85.1,-18402,-85.3,-1226,-38.2
"06081","5","561622","78","0","2024","4","",11,82,83,84,1517584,46844,929,1406,"",0.97,1.80,1.83,1.85,0.89,1.64,1.35,0.49,"",0,0.0,13,18.8,11,15.3,13,18.3,115622,8.2,17283,58.5,393,73.3,-120,-7.9
"06081","5","5617","76","0","2024","4","",631,6978,6928,6928,99640533,5451678,125665,1104,"",0.95,1.14,1.15,1.20,0.62,1.10,0.71,0.53,"",3,0.5,-339,-4.6,-299,-4.1,-289,-4.0,-2795176,-2.7,240603,4.6,-9505,-7.0,18,1.7
"06081","5","56171","77","0","2024","4","",33,277,275,270,5233929,137488,4374,1469,"",0.71,0.68,0.69,0.69,0.37,0.56,0.62,0.53,"",1,3.1,31,12.6,31,12.7,29,12.0,798015,18.0,18666,15.7,958,28.0,69,4.9
"06081","5","561710","78","0","2024","4","",33,277,275,270,5233929,137488,4374,1469,"",0.71,0.68,0.69,0.69,0.37,0.56,0.62,0.53,"",1,3.1,31,12.6,31,12.7,29,12.0,798015,18.0,18666,15.7,958,28.0,69,4.9
"06081","5","56172","77","0","2024","4","",249,3196,3153,3258,36684502,3101820,63620,881,"",1.13,1.13,1.12,1.16,0.63,1.30,0.95,0.56,"",0,0.0,-317,-9.0,-318,-9.2,-182,-5.3,-3554245,-8.8,527524,20.5,5301,9.1,-10,-1.1
"06081","5","561720","78","0","2024","4","",249,3196,3153,3258,36684502,3101820,63620,881,"",1.13,1.13,1.12,1.16,0.63,1.30,0.95,0.56,"",0,0.0,-317,-9.0,-318,-9.2,-182,-5.3,-3554245,-8.8,527524,20.5,5301,9.1,-10,-1.1
"06081","5","56173","77","0","2024","4","",291,2770,2762,2671,45679671,1636958,39963,1285,"",0.89,1.10,1.15,1.21,0.59,0.81,0.44,0.51,"",-1,-0.3,-49,-1.7,-11,-0.4,-114,-4.1,-211786,-0.5,-295630,-15.3,-15389,-27.8,21,1.7
"06081","5","561730","78","0","2024","4","",291,2770,2762,2671,45679671,1636958,39963,1285,"",0.89,1.10,1.15,1.21,0.59,0.81,0.44,0.51,"",-1,-0.3,-49,-1.7,-11,-0.4,-114,-4.1,-211786,-0.5,-295630,-15.3,-15389,-27.8,21,1.7
"06081","5","56174","77","0","2024","4","",23,354,348,344,5040726,157466,4445,1112,"",1.26,3.71,3.69,3.69,1.82,1.94,1.84,0.49,"",1,4.5,-20,-5.3,-20,-5.4,-27,-7.3,-142740,-2.8,-69726,-30.7,-2067,-31.7,37,3.4
"06081","5","561740","78","0","2024","4","",23,354,348,344,5040726,157466,4445,1112,"",1.26,3.71,3.69,3.69,1.82,1.94,1.84,0.49,"",1,4.5,-20,-5.3,-20,-5.4,-27,-7.3,-142740,-2.8,-69726,-30.7,-2067,-31.7,37,3.4
"06081","5","56179","77","0","2024","4","",35,381,390,385,7001705,417946,13263,1398,"",0.63,1.28,1.34,1.35,0.73,1.83,1.39,0.55,"",2,6.1,16,4.4,19,5.1,5,1.3,315580,4.7,59769,16.7,1692,14.6,15,1.1
"06081","5","561790","78","0","2024","4","",35,381,390,385,7001705,417946,13263,1398,"",0.63,1.28,1.34,1.35,0.73,1.83,1.39,0.55,"",2,6.1,16,4.4,19,5.1,5,1.3,315580,4.7,59769,16.7,1692,14.6,15,1.1
"06081","5","5619","76","0","2024","4","",57,530,525,506,15844090,384662,11124,2342,"",0.65,0.59,0.60,0.58,0.47,0.51,0.35,0.79,"",-2,-3.4,-229,-30.2,-158,-23.1,-200,-28.3,-18581523,-54.0,-797292,-67.5,-46199,-80.6,-1356,-36.7
"06081","5","56191","77","0","2024","4","",8,54,52,51,674635,7273,154,992,"",0.99,0.32,0.31,0.30,0.11,0.06,0.04,0.34,"",0,0.0,2,3.8,3,6.1,2,4.1,-26502,-3.8,-4191,-36.6,-122,-44.2,-87,-8.1
"06081","5","561910","78","0","2024","4","",8,54,52,51,674635,7273,154,992,"",0.99,0.32,0.31,0.30,0.11,0.06,0.04,0.34,"",0,0.0,2,3.8,3,6.1,2,4.1,-26502,-3.8,-4191,-36.6,-122,-44.2,-87,-8.1
"06081","5","56192","77","0","2024","4","",21,156,148,150,4768322,120988,3004,2424,"",0.98,0.96,0.97,1.02,0.64,0.84,0.34,0.65,"",0,0.0,-106,-40.5,-22,-12.9,-39,-20.6,-389216,-7.5,-669451,-84.7,-41234,-93.2,507,26.4
"06081","5","561920","78","0","2024","4","",21,156,148,150,4768322,120988,3004,2424,"",0.98,0.96,0.97,1.02,0.64,0.84,0.34,0.65,"",0,0.0,-106,-40.5,-22,-12.9,-39,-20.6,-389216,-7.5,-669451,-84.7,-41234,-93.2,507,26.4
"06081","5","56199","77","0","2024","4","",28,320,325,305,10401133,256401,7966,2527,"",0.48,0.57,0.58,0.55,0.52,0.53,0.42,0.91,"",-2,-6.7,-125,-28.1,-139,-30.0,-163,-34.8,-18165805,-63.6,-123650,-32.5,-4843,-37.8,-2260,-47.2
"06081","5","561990","78","0","2024","4","",28,320,325,305,10401133,256401,7966,2527,"",0.48,0.57,0.58,0.55,0.52,0.53,0.42,0.91,"",-2,-6.7,-125,-28.1,-139,-30.0,-163,-34.8,-18165805,-63.6,-123650,-32.5,-4843,-37.8,-2260,-47.2
"06081","5","562","75","0","2024","4","",50,1233,1227,1197,35504978,439509,14115,2240,"",0.51,0.91,0.91,0.88,0.51,0.47,0.43,0.57,"",0,0.0,101,8.9,79,6.9,88,7.9,1501628,4.4,-53862,-10.9,-545,-3.7,-75,-3.2
"06081","5","5621","76","0","2024","4","",24,765,773,737,21251662,189233,5192,2156,"",0.64,1.32,1.33,1.27,0.73,0.48,0.44,0.56,"",0,0.0,95,14.2,93,13.7,102,16.1,3302764,18.4,-71822,-27.5,-1896,-26.7,69,3.3
"06081","5","56211","77","0","2024","4","",24,765,773,737,21251662,189233,5192,2156,"",0.64,1.32,1.33,1.27,0.73,0.48,0.44,0.56,"",0,0.0,95,14.2,93,13.7,102,16.1,3302764,18.4,-71822,-27.5,-1896,-26.7,69,3.3
"06081","5","562111","78","0","2024","4","",20,707,711,678,20415432,144803,3515,2248,"",0.69,1.42,1.43,1.37,0.95,0.44,0.36,0.67,"",-1,-4.8,86,13.8,79,12.5,85,14.3,3274404,19.1,-107063,-42.5,-3144,-47.2,105,4.9
"06081","5","562112","78","0","2024","4","N",1,0,0,0,0,0,0,0,"N",0.48,0,0,0,0,0,0,0,"N",0,0.0,0,0,0,0,0,0,0,0,0,0,0,0,0,0
"06081","5","562119","78","0","2024","4","N",3,0,0,0,0,0,0,0,"N",0.46,0,0,0,0,0,0,0,"N",1,50.0,0,0,0,0,0,0,0,0,0,0,0,0,0,0
"06081","5","5622","76","0","2024","4","",9,115,113,114,3242469,33310,865,2188,"",0.72,0.40,0.39,0.39,0.20,0.23,0.21,0.51,"",-2,-18.2,-73,-38.8,-75,-39.9,-73,-39.0,-2710915,-45.5,4858,17.1,-195,-18.4,-252,-10.3
"06081","5","56221","77","0","2024","4","",9,115,113,114,3242469,33310,865,2188,"",0.72,0.40,0.39,0.39,0.20,0.23,0.21,0.51,"",-2,-18.2,-73,-38.8,-75,-39.9,-73,-39.0,-2710915,-45.5,4858,17.1,-195,-18.4,-252,-10.3
"06081","5","562211","78","0","2024","4","",5,31,29,29,779223,8665,357,2020,"",1.32,0.27,0.25,0.25,0.11,0.16,0.29,0.44,"",-1,-16.7,3,10.7,0,0.0,-1,-3.3,35823,4.8,-2023,-18.9,-249,-41.1,48,2.4
"06081","5","562212","78","0","2024","4","N",2,0,0,0,0,0,0,0,"N",0.45,0,0,0,0,0,0,0,"N",-1,-33.3,0,0,0,0,0,0,0,0,0,0,0,0,0,0
"06081","5","562213","78","0","2024","4","N",1,0,0,0,0,0,0,0,"N",2.09,0,0,0,0,0,0,0,"N",0,0.0,0,0,0,0,0,0,0,0,0,0,0,0,0,0
"06081","5","562219","78","0","2024","4","N",1,0,0,0,0,0,0,0,"N",0.27,0,0,0,0,0,0,0,"N",0,0.0,0,0,0,0,0,0,0,0,0,0,0,0,0,0
"06081","5","5629","76","0","2024","4","",17,353,341,346,11010847,216966,8058,2443,"",0.35,0.72,0.70,0.71,0.46,0.54,0.47,0.65,"",2,13.3,79,28.8,61,21.8,59,20.6,909779,9.0,13102,6.4,1546,23.7,-329,-11.9
"06081","5","56291","77","0","2024","4","N",8,0,0,0,0,0,0,0,"N",0.33,0,0,0,0,0,0,0,"N",1,14.3,0,0,0,0,0,0,0,0,0,0,0,0,0,0
"06081","5","562910","78","0","2024","4","N",8,0,0,0,0,0,0,0,"N",0.33,0,0,0,0,0,0,0,"N",1,14.3,0,0,0,0,0,0,0,0,0,0,0,0,0,0
"06081","5","56292","77","0","2024","4","N",2,0,0,0,0,0,0,0,"N",0.42,0,0,0,0,0,0,0,"N",1,100.0,0,0,0,0,0,0,0,0,0,0,0,0,0,0
"06081","5","562920","78","0","2024","4","N",2,0,0,0,0,0,0,0,"N",0.42,0,0,0,0,0,0,0,"N",1,100.0,0,0,0,0,0,0,0,0,0,0,0,0,0,0
"06081","5","56299","77","0","2024","4","",7,192,180,187,6193135,144954,5572,2557,"",0.36,1.22,1.15,1.20,0.90,1.12,1.24,0.75,"",0,0.0,56,41.2,42,30.4,42,29.0,736883,13.5,31741,28.0,2929,110.8,-448,-14.9
"06081","5","562991","78","0","2024","4","N",1,0,0,0,0,0,0,0,"N",0.08,0,0,0,0,0,0,0,"N",0,0.0,0,0,0,0,0,0,0,0,0,0,0,0,0,0
"06081","5","562998","78","0","2024","4","N",6,0,0,0,0,0,0,0,"N",0.83,0,0,0,0,0,0,0,"N",0,0.0,0,0,0,0,0,0,0,0,0,0,0,0,0,0
"06081","5","61","74","0","2024","4","",540,11952,12023,11957,249055171,5387022,130721,1600,"",1.21,1.37,1.36,1.37,0.73,1.80,1.50,0.54,"",8,1.5,461,4.0,122,1.0,44,0.4,-2649476,-1.1,-183019,-3.3,-15941,-10.9,-45,-2.7
"06081","5","611","75","0","2024","4","",540,11952,12023,11957,249055171,5387022,130721,1600,"",1.21,1.37,1.36,1.37,0.73,1.80,1.50,0.54,"",8,1.5,461,4.0,122,1.0,44,0.4,-2649476,-1.1,-183019,-3.3,-15941,-10.9,-45,-2.7
"06081","5","6111","76","0","2024","4","",87,4611,4636,4649,99045729,1071345,22776,1645,"",1.49,1.75,1.74,1.75,1.15,1.05,0.90,0.66,"",2,2.4,154,3.5,152,3.4,164,3.7,5842510,6.3,232932,27.8,3553,18.5,43,2.7
"06081","5","61111","77","0","2024","4","",87,4611,4636,4649,99045729,1071345,22776,1645,"",1.49,1.75,1.74,1.75,1.15,1.05,0.90,0.66,"",2,2.4,154,3.5,152,3.4,164,3.7,5842510,6.3,232932,27.8,3553,18.5,43,2.7
"06081","5","611110","78","0","2024","4","",87,4611,4636,4649,99045729,1071345,22776,1645,"",1.49,1.75,1.74,1.75,1.15,1.05,0.90,0.66,"",2,2.4,154,3.5,152,3.4,164,3.7,5842510,6.3,232932,27.8,3553,18.5,43,2.7
"06081","5","6113","76","0","2024","4","",15,2944,2931,2941,92741501,386468,11171,2428,"",0.40,0.83,0.82,0.84,0.52,1.27,1.50,0.63,"",0,0.0,160,5.7,-166,-5.4,-163,-5.3,-2080580,-2.2,-39360,-9.2,145,1.3,-7,-0.3
"06081","5","61131","77","0","2024","4","",15,2944,2931,2941,92741501,386468,11171,2428,"",0.40,0.83,0.82,0.84,0.52,1.27,1.50,0.63,"",0,0.0,160,5.7,-166,-5.4,-163,-5.3,-2080580,-2.2,-39360,-9.2,145,1.3,-7,-0.3
"06081","5","611310","78","0","2024","4","",15,2944,2931,2941,92741501,386468,11171,2428,"",0.40,0.83,0.82,0.84,0.52,1.27,1.50,0.63,"",0,0.0,160,5.7,-166,-5.4,-163,-5.3,-2080580,-2.2,-39360,-9.2,145,1.3,-7,-0.3
"06081","5","6114","76","0","2024","4","",47,180,179,158,5675940,69819,2071,2534,"",0.88,0.87,0.86,0.77,0.43,0.59,0.49,0.52,"",1,2.2,-1,-0.6,-2,-1.1,-27,-14.6,645671,12.8,-42896,-38.1,-1137,-35.4,412,19.4
"06081","5","61141","77","0","2024","4","-",0,0,0,0,0,0,0,0,"N",0.00,0,0,0,0,0,0,0,"N",0,0,0,0,0,0,0,0,0,0,0,0,0,0,0,0
"06081","5","611410","78","0","2024","4","-",0,0,0,0,0,0,0,0,"N",0.00,0,0,0,0,0,0,0,"N",0,0,0,0,0,0,0,0,0,0,0,0,0,0,0,0
"06081","5","61142","77","0","2024","4","",11,88,87,73,2839574,13900,322,2642,"",0.95,1.73,1.73,1.46,0.81,0.47,0.28,0.49,"",0,0.0,-5,-5.4,-4,-4.4,-31,-29.8,633614,28.7,-49732,-78.2,-1547,-82.8,874,49.4
"06081","5","611420","78","0","2024","4","",11,88,87,73,2839574,13900,322,2642,"",0.95,1.73,1.73,1.46,0.81,0.47,0.28,0.49,"",0,0.0,-5,-5.4,-4,-4.4,-31,-29.8,633614,28.7,-49732,-78.2,-1547,-82.8,874,49.4
"06081","5","61143","77","0","2024","4","",36,92,92,85,2836366,55919,1749,2433,"",0.88,0.62,0.62,0.58,0.31,0.67,0.60,0.51,"",1,2.9,4,4.5,2,2.2,4,4.9,12057,0.4,6836,13.9,410,30.6,-83,-3.3
"06081","5","611430","78","0","2024","4","",36,92,92,85,2836366,55919,1749,2433,"",0.88,0.62,0.62,0.58,0.31,0.67,0.60,0.51,"",1,2.9,4,4.5,2,2.2,4,4.9,12057,0.4,6836,13.9,410,30.6,-83,-3.3
"06081","5","6115","76","0","2024","4","",19,194,197,193,2809297,182128,4412,1110,"",0.58,0.57,0.57,0.57,0.22,0.77,0.55,0.38,"",0,0.0,25,14.8,30,18.0,24,14.2,302520,12.1,11174,6.5,286,6.9,-36,-3.1
"06081","5","61151","77","0","2024","4","",19,194,197,193,2809297,182128,4412,1110,"",0.58,0.57,0.57,0.57,0.22,0.77,0.55,0.38,"",0,0.0,25,14.8,30,18.0,24,14.2,302520,12.1,11174,6.5,286,6.9,-36,-3.1
"06081","5","611511","78","0","2024","4","N",2,0,0,0,0,0,0,0,"N",0.38,0,0,0,0,0,0,0,"N",0,0.0,0,0,0,0,0,0,0,0,0,0,0,0,0,0
"06081","5","611512","78","0","2024","4","N",7,0,0,0,0,0,0,0,"N",1.46,0,0,0,0,0,0,0,"N",0,0.0,0,0,0,0,0,0,0,0,0,0,0,0,0,0
"06081","5","611513","78","0","2024","4","",3,62,61,57,1365385,50610,880,1750,"",0.67,1.32,1.30,1.24,0.79,1.34,0.73,0.61,"",0,0.0,8,14.8,9,17.3,5,9.6,184436,15.6,-14524,-22.3,-507,-36.6,25,1.4
"06081","5","611519","78","0","2024","4","",7,66,72,70,665247,87269,2487,738,"",0.39,0.39,0.42,0.41,0.11,0.79,0.61,0.26,"N",0,0.0,0,0,0,0,0,0,0,0,0,0,0,0,0,0
"06081","5","6116","76","0","2024","4","",297,3288,3347,3310,28644017,3119195,76372,665,"",1.69,2.32,2.34,2.34,1.17,3.42,2.67,0.50,"",8,2.8,157,5.0,165,5.2,136,4.3,-453124,-1.6,-106970,-3.3,-5399,-6.6,-43,-6.1
"06081","5","61161","77","0","2024","4","",68,578,604,570,4650416,552906,13350,613,"",1.59,1.68,1.74,1.68,0.93,2.70,2.17,0.55,"",0,0.0,41,7.6,68,12.7,25,4.6,99386,2.2,16875,3.1,-574,-4.1,-36,-5.5
"06081","5","611610","78","0","2024","4","",68,578,604,570,4650416,552906,13350,613,"",1.59,1.68,1.74,1.68,0.93,2.70,2.17,0.55,"",0,0.0,41,7.6,68,12.7,25,4.6,99386,2.2,16875,3.1,-574,-4.1,-36,-5.5
"06081","5","61162","77","0","2024","4","",95,1163,1184,1160,9067063,1052834,27434,597,"",1.65,2.43,2.46,2.41,1.27,3.46,3.08,0.52,"",3,3.3,45,4.0,33,2.9,34,3.0,-311029,-3.3,29787,2.9,3191,13.2,-40,-6.3
"06081","5","611620","78","0","2024","4","",95,1163,1184,1160,9067063,1052834,27434,597,"",1.65,2.43,2.46,2.41,1.27,3.46,3.08,0.52,"",3,3.3,45,4.0,33,2.9,34,3.0,-311029,-3.3,29787,2.9,3191,13.2,-40,-6.3
"06081","5","61163","77","0","2024","4","",21,153,155,154,1827650,128464,3332,913,"",3.85,3.14,3.16,3.24,1.94,3.92,3.53,0.61,"",2,10.5,-2,-1.3,5,3.3,1,0.7,-35903,-1.9,-41517,-24.4,264,8.6,-26,-2.8
"06081","5","611630","78","0","2024","4","",21,153,155,154,1827650,128464,3332,913,"",3.85,3.14,3.16,3.24,1.94,3.92,3.53,0.61,"",2,10.5,-2,-1.3,5,3.3,1,0.7,-35903,-1.9,-41517,-24.4,264,8.6,-26,-2.8
"06081","5","61169","77","0","2024","4","",113,1394,1404,1426,13098888,1384991,32256,716,"",1.60,2.54,2.53,2.60,1.15,3.74,2.57,0.45,"",3,2.7,73,5.5,59,4.4,76,5.6,-205578,-1.5,-112115,-7.5,-8280,-20.4,-49,-6.4
"06081","5","611691","78","0","2024","4","",78,909,908,929,8882377,973947,21068,746,"",2.56,3.23,3.16,3.26,1.64,5.55,3.29,0.51,"",2,2.6,48,5.6,31,3.5,45,5.1,404758,4.8,-33062,-3.3,-2438,-10.4,0,0.0
"06081","5","611692","78","0","2024","4","",5,13,12,14,105686,24785,576,625,"",0.68,0.30,0.28,0.33,0.13,0.74,0.63,0.45,"",0,0.0,2,18.2,1,9.1,1,7.7,29157,38.1,13538,120.4,200,53.2,120,23.8
"06081","5","611699","78","0","2024","4","",30,472,484,483,4110825,386259,10612,659,"",0.92,2.11,2.16,2.19,0.79,2.40,2.03,0.36,"",1,3.4,23,5.1,27,5.9,30,6.6,-639493,-13.5,-92591,-19.3,-6042,-36.3,-148,-18.3
"06081","5","6117","76","0","2024","4","",75,735,733,706,20138687,558067,13919,2138,"",0.86,1.35,1.32,1.28,0.88,1.51,1.09,0.67,"",-3,-3.8,-34,-4.4,-57,-7.2,-90,-11.3,-6906473,-25.5,-237899,-29.9,-13389,-49.0,-512,-19.3
"06081","5","61171","77","0","2024","4","",75,735,733,706,20138687,558067,13919,2138,"",0.86,1.35,1.32,1.28,0.88,1.51,1.09,0.67,"",-3,-3.8,-34,-4.4,-57,-7.2,-90,-11.3,-6906473,-25.5,-237899,-29.9,-13389,-49.0,-512,-19.3
"06081","5","611710","78","0","2024","4","",75,735,733,706,20138687,558067,13919,2138,"",0.86,1.35,1.32,1.28,0.88,1.51,1.09,0.67,"",-3,-3.8,-34,-4.4,-57,-7.2,-90,-11.3,-6906473,-25.5,-237899,-29.9,-13389,-49.0,-512,-19.3
"06081","5","62","74","0","2024","4","",9954,47988,48016,48095,1142203101,29333370,857448,1829,"",1.80,0.81,0.80,0.80,0.48,0.96,0.99,0.59,"",1183,13.5,2888,6.4,2411,5.3,2276,5.0,87791895,8.3,346160,1.2,45557,5.6,47,2.6
"06081","5","621","75","0","2024","4","",1774,21966,21947,22050,748003661,11854145,349518,2617,"",0.90,0.93,0.93,0.93,0.65,0.84,0.87,0.70,"",52,3.0,1551,7.6,1121,5.4,1123,5.4,70256364,10.4,-1008527,-7.8,-5349,-1.5,101,4.0
"06081","5","6211","76","0","2024","4","",541,4061,4103,4107,178289926,2306147,65300,3353,"",0.85,0.52,0.52,0.52,0.31,0.60,0.65,0.60,"",20,3.8,336,9.0,259,6.7,228,5.9,14953900,9.2,252268,12.3,12763,24.3,60,1.8
"06081","5","62111","77","0","2024","4","",541,4061,4103,4107,178289926,2306147,65300,3353,"",0.85,0.52,0.52,0.52,0.31,0.60,0.65,0.60,"",20,3.8,336,9.0,259,6.7,228,5.9,14953900,9.2,252268,12.3,12763,24.3,60,1.8
"06081","5","621111","78","0","2024","4","",503,3974,4016,4021,175496816,2261070,63890,3372,"",0.84,0.52,0.52,0.52,0.31,0.61,0.67,0.60,"",17,3.5,376,10.5,297,8.0,263,7.0,15512266,9.7,303156,15.5,13983,28.0,38,1.1
"06081","5","621112","78","0","2024","4","",38,87,87,86,2793110,45077,1410,2479,"",0.88,0.39,0.39,0.38,0.25,0.29,0.28,0.64,"",3,8.6,-40,-31.5,-38,-30.4,-35,-28.9,-558366,-16.7,-50888,-53.0,-1220,-46.4,405,19.5
"06081","5","6212","76","0","2024","4","",497,2997,3029,3016,60219330,2332687,57319,1537,"",1.37,1.09,1.09,1.09,0.51,1.09,1.09,0.47,"",-4,-0.8,57,1.9,51,1.7,-9,-0.3,4939339,8.9,85119,3.8,3768,7.0,111,7.8
"06081","5","62121","77","0","2024","4","",497,2997,3029,3016,60219330,2332687,57319,1537,"",1.37,1.09,1.09,1.09,0.51,1.09,1.09,0.47,"",-4,-0.8,57,1.9,51,1.7,-9,-0.3,4939339,8.9,85119,3.8,3768,7.0,111,7.8
"06081","5","621210","78","0","2024","4","",497,2997,3029,3016,60219330,2332687,57319,1537,"",1.37,1.09,1.09,1.09,0.51,1.09,1.09,0.47,"",-4,-0.8,57,1.9,51,1.7,-9,-0.3,4939339,8.9,85119,3.8,3768,7.0,111,7.8
"06081","5","6213","76","0","2024","4","",443,1846,1846,1835,30031974,1658610,51896,1254,"",0.80,0.56,0.55,0.55,0.27,0.62,0.67,0.50,"",46,11.6,109,6.3,95,5.4,66,3.7,1807018,6.4,-61858,-3.6,4655,9.9,15,1.2
"06081","5","62131","77","0","2024","4","",77,223,221,217,2750628,178201,4499,960,"",0.74,0.58,0.57,0.56,0.26,0.55,0.60,0.45,"",1,1.3,-4,-1.8,-2,-0.9,-14,-6.1,-117321,-4.1,-65972,-27.0,-1706,-27.5,-12,-1.2
"06081","5","621310","78","0","2024","4","",77,223,221,217,2750628,178201,4499,960,"",0.74,0.58,0.57,0.56,0.26,0.55,0.60,0.45,"",1,1.3,-4,-1.8,-2,-0.9,-14,-6.1,-117321,-4.1,-65972,-27.0,-1706,-27.5,-12,-1.2
"06081","5","62132","77","0","2024","4","",50,325,322,328,4723445,246074,5747,1118,"",0.88,0.80,0.79,0.80,0.34,0.79,0.84,0.42,"",-1,-2.0,3,0.9,-1,-0.3,-7,-2.1,36562,0.8,23530,10.6,650,12.8,14,1.3
"06081","5","621320","78","0","2024","4","",50,325,322,328,4723445,246074,5747,1118,"",0.88,0.80,0.79,0.80,0.34,0.79,0.84,0.42,"",-1,-2.0,3,0.9,-1,-0.3,-7,-2.1,36562,0.8,23530,10.6,650,12.8,14,1.3
"06081","5","62133","77","0","2024","4","",124,376,370,355,6696022,264944,8693,1403,"",0.96,0.54,0.53,0.50,0.31,0.42,0.38,0.58,"",28,29.2,87,30.1,71,23.7,72,25.4,1720348,34.6,6317,2.4,1027,13.4,85,6.4
"06081","5","621330","78","0","2024","4","",124,376,370,355,6696022,264944,8693,1403,"",0.96,0.54,0.53,0.50,0.31,0.42,0.38,0.58,"",28,29.2,87,30.1,71,23.7,72,25.4,1720348,34.6,6317,2.4,1027,13.4,85,6.4
"06081","5","62134","77","0","2024","4","",91,719,732,729,10491429,767367,26954,1111,"",0.66,0.55,0.55,0.55,0.25,0.81,1.05,0.45,"",4,4.6,14,2.0,26,3.7,12,1.7,445005,4.4,-7066,-0.9,4664,20.9,22,2.0
"06081","5","621340","78","0","2024","4","",91,719,732,729,10491429,767367,26954,1111,"",0.66,0.55,0.55,0.55,0.25,0.81,1.05,0.45,"",4,4.6,14,2.0,26,3.7,12,1.7,445005,4.4,-7066,-0.9,4664,20.9,22,2.0
"06081","5","62139","77","0","2024","4","",101,203,201,206,5370450,202024,6003,2032,"",0.81,0.40,0.39,0.40,0.27,0.44,0.41,0.67,"",14,16.1,9,4.6,1,0.5,3,1.5,-277576,-4.9,-18667,-8.5,20,0.3,-151,-6.9
"06081","5","621391","78","0","2024","4","",21,53,51,51,1566021,52210,1420,2332,"",1.20,0.61,0.58,0.58,0.43,0.83,0.81,0.73,"",8,61.5,21,65.6,18,54.5,16,45.7,254440,19.4,-3745,-6.7,-83,-5.5,-695,-23.0
"06081","5","621399","78","0","2024","4","",80,150,150,155,3804429,149814,4583,1930,"",0.75,0.35,0.35,0.36,0.23,0.38,0.35,0.65,"",6,8.1,-12,-7.4,-17,-10.2,-13,-7.7,-532016,-12.3,-14922,-9.1,103,2.3,-84,-4.2
"06081","5","6214","76","0","2024","4","",125,6397,6419,6429,234884445,1087131,24695,2817,"",0.89,2.11,2.11,2.11,1.52,0.87,0.68,0.72,"",4,3.3,1099,20.7,1122,21.2,1095,20.5,38460667,19.6,-95475,-8.1,1377,5.9,-29,-1.0
"06081","5","62141","77","0","2024","4","",14,119,119,119,2886765,46040,1294,1866,"",1.70,1.49,1.48,1.48,0.86,1.29,1.15,0.58,"",0,0.0,7,6.2,9,8.2,11,10.2,380015,15.2,7085,18.2,346,36.5,113,6.4
"06081","5","621410","78","0","2024","4","",14,119,119,119,2886765,46040,1294,1866,"",1.70,1.49,1.48,1.48,0.86,1.29,1.15,0.58,"",0,0.0,7,6.2,9,8.2,11,10.2,380015,15.2,7085,18.2,346,36.5,113,6.4
"06081","5","62142","77","0","2024","4","",17,272,268,274,5383365,210261,7707,1526,"",0.36,0.33,0.32,0.33,0.18,0.50,0.57,0.57,"",7,70.0,194,248.7,191,248.1,187,214.9,3901187,263.2,112271,114.6,4465,137.7,113,8.0
"06081","5","621420","78","0","2024","4","",17,272,268,274,5383365,210261,7707,1526,"",0.36,0.33,0.32,0.33,0.18,0.50,0.57,0.57,"",7,70.0,194,248.7,191,248.1,187,214.9,3901187,263.2,112271,114.6,4465,137.7,113,8.0
"06081","5","62149","77","0","2024","4","",94,6006,6032,6036,226614315,830830,15694,2893,"",1.12,2.84,2.84,2.83,1.85,1.04,0.73,0.65,"",-3,-3.1,898,17.6,922,18.0,897,17.5,34179465,17.8,-214831,-20.5,-3434,-18.0,1,0.0
"06081","5","621491","78","0","2024","4","",39,4521,4538,4553,185974430,570479,8557,3153,"",5.12,7.28,7.30,7.29,3.79,11.46,5.76,0.52,"N",-4,-9.3,0,0,0,0,0,0,0,0,0,0,0,0,0,0
"06081","5","621492","78","0","2024","4","",19,301,300,302,7425264,126885,2834,1898,"",0.90,0.89,0.88,0.88,0.47,0.70,0.76,0.54,"N",2,11.8,0,0,0,0,0,0,0,0,0,0,0,0,0,0
"06081","5","621493","78","0","2024","4","",17,847,850,846,25409668,111700,3701,2306,"",0.71,1.79,1.78,1.76,1.15,0.38,0.44,0.65,"",-3,-15.0,26,3.2,27,3.3,-3,-0.4,2635877,11.6,-17483,-13.5,-327,-8.1,198,9.4
"06081","5","621498","78","0","2024","4","",19,337,344,335,7804953,21766,602,1773,"",0.60,0.50,0.50,0.49,0.22,0.08,0.08,0.44,"",2,11.8,-7,-2.0,0,0.0,-12,-3.5,119490,1.6,-8449,-28.0,-641,-51.6,59,3.4
"06081","5","6215","76","0","2024","4","",53,3801,3634,3685,186513622,1588922,64506,3871,"",0.68,4.63,4.44,4.49,4.62,3.26,5.13,1.02,"",-3,-5.4,-169,-4.3,-509,-12.3,-407,-9.9,10791087,6.1,-1674383,-51.3,-45236,-41.2,548,16.5
"06081","5","62151","77","0","2024","4","",53,3801,3634,3685,186513622,1588922,64506,3871,"",0.68,4.63,4.44,4.49,4.62,3.26,5.13,1.02,"",-3,-5.4,-169,-4.3,-509,-12.3,-407,-9.9,10791087,6.1,-1674383,-51.3,-45236,-41.2,548,16.5
"06081","5","621511","78","0","2024","4","",40,3352,3177,3216,171236867,1306530,53811,4055,"",0.69,5.64,5.37,5.43,6.02,3.69,6.08,1.10,"",-3,-7.0,-341,-9.2,-517,-14.0,-458,-12.5,7687769,4.7,-219109,-14.4,7641,16.5,643,18.8
"06081","5","621512","78","0","2024","4","",13,449,457,469,15276755,282392,10695,2564,"",0.65,1.98,2.01,2.06,1.28,2.12,2.87,0.64,"",0,0.0,172,62.1,8,1.8,51,12.2,3103318,25.5,-1455274,-83.7,-52877,-83.2,108,4.4
"06081","5","6216","76","0","2024","4","",85,2025,2070,2101,35796052,2164578,63061,1333,"",0.61,0.42,0.43,0.43,0.31,0.68,0.61,0.71,"",-12,-12.4,50,2.5,35,1.7,62,3.0,-2964703,-7.6,288606,15.4,10024,18.9,-146,-9.9
"06081","5","62161","77","0","2024","4","",85,2025,2070,2101,35796052,2164578,63061,1333,"",0.61,0.42,0.43,0.43,0.31,0.68,0.61,0.71,"",-12,-12.4,50,2.5,35,1.7,62,3.0,-2964703,-7.6,288606,15.4,10024,18.9,-146,-9.9
"06081","5","621610","78","0","2024","4","",85,2025,2070,2101,35796052,2164578,63061,1333,"",0.61,0.42,0.43,0.43,0.31,0.68,0.61,0.71,"",-12,-12.4,50,2.5,35,1.7,62,3.0,-2964703,-7.6,288606,15.4,10024,18.9,-146,-9.9
"06081","5","6219","76","0","2024","4","",30,839,846,877,22268312,716070,22741,2006,"",0.52,0.87,0.88,0.91,0.57,1.22,1.37,0.64,"",1,3.4,69,9.0,68,8.7,88,11.2,2269056,11.3,197196,38.0,7300,47.3,31,1.6
"06081","5","62191","77","0","2024","4","",5,359,366,384,9241388,365511,7817,1923,"",0.32,0.78,0.80,0.83,0.55,1.19,1.00,0.68,"",0,0.0,18,5.3,24,7.0,29,8.2,1071546,13.1,135630,59.0,2467,46.1,107,5.9
"06081","5","621910","78","0","2024","4","",5,359,366,384,9241388,365511,7817,1923,"",0.32,0.78,0.80,0.83,0.55,1.19,1.00,0.68,"",0,0.0,18,5.3,24,7.0,29,8.2,1071546,13.1,135630,59.0,2467,46.1,107,5.9
"06081","5","62199","77","0","2024","4","",25,480,480,493,13026924,350559,14924,2069,"",0.59,0.96,0.96,0.99,0.59,1.25,1.69,0.61,"",1,4.2,51,11.9,44,10.1,59,13.6,1197510,10.1,61566,21.3,4833,47.9,-33,-1.6
"06081","5","621991","78","0","2024","4","N",4,0,0,0,0,0,0,0,"N",0.61,0,0,0,0,0,0,0,"N",-1,-20.0,0,0,0,0,0,0,0,0,0,0,0,0,0,0
"06081","5","621999","78","0","2024","4","N",21,0,0,0,0,0,0,0,"N",0.59,0,0,0,0,0,0,0,"N",2,10.5,0,0,0,0,0,0,0,0,0,0,0,0,0,0
"06081","5","622","75","0","2024","4","",14,4632,4642,4656,145895334,981438,27517,2417,"",0.33,0.32,0.32,0.32,0.20,0.56,0.83,0.62,"",-5,-26.3,-784,-14.5,-760,-14.1,-802,-14.7,-21392260,-12.8,271730,38.3,8646,45.8,45,1.9
"06081","5","6221","76","0","2024","4","",10,2019,2008,2005,64899657,366438,5623,2483,"",0.31,0.15,0.15,0.15,0.09,0.26,0.23,0.64,"",-5,-33.3,-950,-32.0,-954,-32.2,-996,-33.2,-31083594,-32.4,55179,17.7,203,3.7,3,0.1
"06081","5","62211","77","0","2024","4","",10,2019,2008,2005,64899657,366438,5623,2483,"",0.31,0.15,0.15,0.15,0.09,0.26,0.23,0.64,"",-5,-33.3,-950,-32.0,-954,-32.2,-996,-33.2,-31083594,-32.4,55179,17.7,203,3.7,3,0.1
"06081","5","622110","78","0","2024","4","",10,2019,2008,2005,64899657,366438,5623,2483,"",0.31,0.15,0.15,0.15,0.09,0.26,0.23,0.64,"",-5,-33.3,-950,-32.0,-954,-32.2,-996,-33.2,-31083594,-32.4,55179,17.7,203,3.7,3,0.1
"06081","5","6222","76","0","2024","4","N",1,0,0,0,0,0,0,0,"N",0.24,0,0,0,0,0,0,0,"N",0,0.0,0,0,0,0,0,0,0,0,0,0,0,0,0,0
"06081","5","62221","77","0","2024","4","N",1,0,0,0,0,0,0,0,"N",0.24,0,0,0,0,0,0,0,"N",0,0.0,0,0,0,0,0,0,0,0,0,0,0,0,0,0
"06081","5","622210","78","0","2024","4","N",1,0,0,0,0,0,0,0,"N",0.24,0,0,0,0,0,0,0,"N",0,0.0,0,0,0,0,0,0,0,0,0,0,0,0,0,0
"06081","5","6223","76","0","2024","4","N",3,0,0,0,0,0,0,0,"N",0.43,0,0,0,0,0,0,0,"N",0,0.0,0,0,0,0,0,0,0,0,0,0,0,0,0,0
"06081","5","62231","77","0","2024","4","N",3,0,0,0,0,0,0,0,"N",0.43,0,0,0,0,0,0,0,"N",0,0.0,0,0,0,0,0,0,0,0,0,0,0,0,0,0
"06081","5","622310","78","0","2024","4","N",3,0,0,0,0,0,0,0,"N",0.43,0,0,0,0,0,0,0,"N",0,0.0,0,0,0,0,0,0,0,0,0,0,0,0,0,0
"06081","5","623","75","0","2024","4","",285,6125,6132,6109,95879415,5612775,154405,1205,"",1.17,0.69,0.69,0.68,0.39,0.88,0.91,0.57,"",15,5.6,781,14.6,758,14.1,700,12.9,19764947,26.0,1038748,22.7,31999,26.1,116,10.7
"06081","5","6231","76","0","2024","4","",51,1887,1900,1876,30402108,2034520,58604,1239,"",0.95,0.47,0.47,0.46,0.26,0.66,0.72,0.55,"",4,8.5,435,30.0,440,30.1,383,25.7,7285402,31.5,792490,63.8,20953,55.7,28,2.3
"06081","5","62311","77","0","2024","4","",51,1887,1900,1876,30402108,2034520,58604,1239,"",0.95,0.47,0.47,0.46,0.26,0.66,0.72,0.55,"",4,8.5,435,30.0,440,30.1,383,25.7,7285402,31.5,792490,63.8,20953,55.7,28,2.3
"06081","5","623110","78","0","2024","4","",51,1887,1900,1876,30402108,2034520,58604,1239,"",0.95,0.47,0.47,0.46,0.26,0.66,0.72,0.55,"",4,8.5,435,30.0,440,30.1,383,25.7,7285402,31.5,792490,63.8,20953,55.7,28,2.3
"06081","5","6232","76","0","2024","4","",77,1053,1033,1029,15564012,454679,10991,1153,"",0.83,0.59,0.58,0.57,0.30,0.50,0.47,0.53,"",1,1.3,18,1.7,-2,-0.2,28,2.8,436103,2.9,-79000,-14.8,-2325,-17.5,16,1.4
"06081","5","62321","77","0","2024","4","",56,692,679,677,9325814,350413,8421,1051,"",0.86,0.64,0.62,0.62,0.32,0.69,0.76,0.51,"",1,1.8,36,5.5,25,3.8,49,7.8,259010,2.9,-63059,-15.3,-1595,-15.9,-29,-2.7
"06081","5","623210","78","0","2024","4","",56,692,679,677,9325814,350413,8421,1051,"",0.86,0.64,0.62,0.62,0.32,0.69,0.76,0.51,"",1,1.8,36,5.5,25,3.8,49,7.8,259010,2.9,-63059,-15.3,-1595,-15.9,-29,-2.7
"06081","5","62322","77","0","2024","4","",21,361,354,352,6238198,104266,2570,1349,"",0.77,0.52,0.50,0.50,0.28,0.26,0.21,0.56,"",0,0.0,-18,-4.7,-27,-7.1,-21,-5.6,177093,2.9,-15941,-13.3,-730,-22.1,114,9.2
"06081","5","623220","78","0","2024","4","",21,361,354,352,6238198,104266,2570,1349,"",0.77,0.52,0.50,0.50,0.28,0.26,0.21,0.56,"",0,0.0,-18,-4.7,-27,-7.1,-21,-5.6,177093,2.9,-15941,-13.3,-730,-22.1,114,9.2
"06081","5","6233","76","0","2024","4","",148,3085,3100,3100,48844109,3061180,83443,1214,"",1.91,1.18,1.18,1.17,0.77,1.44,1.42,0.65,"",8,5.7,307,11.1,294,10.5,261,9.2,11795984,31.8,271698,9.7,12250,17.2,199,19.6
"06081","5","62331","77","0","2024","4","",148,3085,3100,3100,48844109,3061180,83443,1214,"",1.91,1.18,1.18,1.17,0.77,1.44,1.42,0.65,"",8,5.7,307,11.1,294,10.5,261,9.2,11795984,31.8,271698,9.7,12250,17.2,199,19.6
"06081","5","623311","78","0","2024","4","",25,686,694,686,9917772,514046,13081,1108,"",1.30,0.53,0.54,0.53,0.30,0.63,0.63,0.57,"",8,47.1,126,22.5,144,26.2,109,18.9,1574745,18.9,79741,18.4,3499,36.5,-33,-2.9
"06081","5","623312","78","0","2024","4","",123,2399,2406,2414,38926337,2547134,70362,1244,"",2.12,1.81,1.81,1.80,1.27,1.94,1.84,0.70,"",0,0.0,181,8.2,150,6.6,152,6.7,10221239,35.6,191957,8.2,8751,14.2,261,26.6
"06081","5","6239","76","0","2024","4","",9,100,99,104,1069186,62396,1367,814,"",0.45,0.23,0.22,0.23,0.08,0.24,0.22,0.36,"",2,28.6,21,26.6,26,35.6,28,36.8,247458,30.1,53560,606.2,1121,455.7,-18,-2.2
"06081","5","62399","77","0","2024","4","",9,100,99,104,1069186,62396,1367,814,"",0.45,0.23,0.22,0.23,0.08,0.24,0.22,0.36,"",2,28.6,21,26.6,26,35.6,28,36.8,247458,30.1,53560,606.2,1121,455.7,-18,-2.2
"06081","5","623990","78","0","2024","4","",9,100,99,104,1069186,62396,1367,814,"",0.45,0.23,0.22,0.23,0.08,0.24,0.22,0.36,"",2,28.6,21,26.6,26,35.6,28,36.8,247458,30.1,53560,606.2,1121,455.7,-18,-2.2
"06081","5","624","75","0","2024","4","",7881,15265,15295,15280,152424691,10885012,326008,767,"",2.42,1.22,1.21,1.21,0.58,1.33,1.22,0.48,"",1121,16.6,1340,9.6,1292,9.2,1255,8.9,19162844,14.4,44209,0.4,10261,3.2,34,4.6
"06081","5","6241","76","0","2024","4","",7512,12158,12161,12138,111847156,9046482,278936,708,"",2.52,1.42,1.41,1.40,0.65,1.66,1.50,0.46,"",1147,18.0,1455,13.6,1382,12.8,1306,12.1,18410550,19.7,414194,4.8,19780,7.6,41,6.1
"06081","5","62411","77","0","2024","4","",37,316,323,321,4171660,173333,3861,1003,"",0.98,0.51,0.52,0.52,0.24,0.65,0.45,0.47,"",3,8.8,19,6.4,29,9.9,27,9.2,-439267,-9.5,6353,3.8,-384,-9.0,-199,-16.6
"06081","5","624110","78","0","2024","4","",37,316,323,321,4171660,173333,3861,1003,"",0.98,0.51,0.52,0.52,0.24,0.65,0.45,0.47,"",3,8.8,19,6.4,29,9.9,27,9.2,-439267,-9.5,6353,3.8,-384,-9.0,-199,-16.6
"06081","5","62412","77","0","2024","4","",7369,10653,10641,10615,86027455,8106659,249867,622,"",2.61,1.62,1.61,1.60,0.77,1.85,1.66,0.47,"",1139,18.3,1296,13.9,1220,12.9,1121,11.8,15419575,21.8,325957,4.2,15384,6.6,46,8.0
"06081","5","624120","78","0","2024","4","",7369,10653,10641,10615,86027455,8106659,249867,622,"",2.61,1.62,1.61,1.60,0.77,1.85,1.66,0.47,"",1139,18.3,1296,13.9,1220,12.9,1121,11.8,15419575,21.8,325957,4.2,15384,6.6,46,8.0
"06081","5","62419","77","0","2024","4","",106,1189,1197,1202,21648041,766490,25208,1392,"",0.88,0.85,0.85,0.86,0.50,0.95,0.91,0.58,"",5,5.0,140,13.3,133,12.5,158,15.1,3430242,18.8,81884,12.0,4780,23.4,60,4.5
"06081","5","624190","78","0","2024","4","",106,1189,1197,1202,21648041,766490,25208,1392,"",0.88,0.85,0.85,0.86,0.50,0.95,0.91,0.58,"",5,5.0,140,13.3,133,12.5,158,15.1,3430242,18.8,81884,12.0,4780,23.4,60,4.5
"06081","5","6242","76","0","2024","4","",34,332,334,335,5432137,126307,4143,1252,"",0.87,0.54,0.54,0.54,0.26,0.40,0.38,0.48,"",-2,-5.6,1,0.3,2,0.6,-1,-0.3,89218,1.7,-27720,-18.0,-411,-9.0,18,1.5
"06081","5","62421","77","0","2024","4","N",8,0,0,0,0,0,0,0,"N",0.73,0,0,0,0,0,0,0,"N",-1,-11.1,0,0,0,0,0,0,0,0,0,0,0,0,0,0
"06081","5","624210","78","0","2024","4","N",8,0,0,0,0,0,0,0,"N",0.73,0,0,0,0,0,0,0,"N",-1,-11.1,0,0,0,0,0,0,0,0,0,0,0,0,0,0
"06081","5","62422","77","0","2024","4","",24,236,238,238,3925502,95409,3220,1272,"",1.13,0.62,0.62,0.62,0.32,0.46,0.43,0.52,"",-2,-7.7,-1,-0.4,0,0.0,-7,-2.9,50269,1.3,-8199,-7.9,-42,-1.3,30,2.4
"06081","5","624221","78","0","2024","4","",10,69,71,69,1137588,16235,503,1256,"",0.88,0.28,0.28,0.27,0.16,0.12,0.11,0.56,"",-1,-9.1,-7,-9.2,-1,-1.4,-10,-12.7,-52299,-4.4,-12808,-44.1,-382,-43.2,46,3.8
"06081","5","624229","78","0","2024","4","",14,167,167,169,2787914,79174,2717,1279,"",1.42,1.28,1.28,1.29,0.58,1.07,0.96,0.45,"",-1,-6.7,6,3.7,1,0.6,3,1.8,102568,3.8,4609,6.2,340,14.3,22,1.8
"06081","5","62423","77","0","2024","4","N",2,0,0,0,0,0,0,0,"N",0.28,0,0,0,0,0,0,0,"N",1,100.0,0,0,0,0,0,0,0,0,0,0,0,0,0,0
"06081","5","624230","78","0","2024","4","N",2,0,0,0,0,0,0,0,"N",0.28,0,0,0,0,0,0,0,"N",1,100.0,0,0,0,0,0,0,0,0,0,0,0,0,0,0
"06081","5","6243","76","0","2024","4","",8,166,171,164,1751334,24706,479,807,"",0.31,0.22,0.23,0.22,0.10,0.09,0.07,0.44,"",-2,-20.0,-145,-46.6,-148,-46.4,-156,-48.8,-1349707,-43.5,-32136,-56.5,-1163,-70.8,54,7.2
"06081","5","62431","77","0","2024","4","",8,166,171,164,1751334,24706,479,807,"",0.31,0.22,0.23,0.22,0.10,0.09,0.07,0.44,"",-2,-20.0,-145,-46.6,-148,-46.4,-156,-48.8,-1349707,-43.5,-32136,-56.5,-1163,-70.8,54,7.2
"06081","5","624310","78","0","2024","4","",8,166,171,164,1751334,24706,479,807,"",0.31,0.22,0.23,0.22,0.10,0.09,0.07,0.44,"",-2,-20.0,-145,-46.6,-148,-46.4,-156,-48.8,-1349707,-43.5,-32136,-56.5,-1163,-70.8,54,7.2
"06081","5","6244","76","0","2024","4","",327,2609,2629,2643,33394064,1687517,42450,978,"",1.56,1.00,1.01,1.01,0.64,0.78,0.68,0.63,"",-22,-6.3,29,1.1,56,2.2,106,4.2,2012783,6.4,-310129,-15.5,-7945,-15.8,36,3.8
"06081","5","62441","77","0","2024","4","",327,2609,2629,2643,33394064,1687517,42450,978,"",1.56,1.00,1.01,1.01,0.64,0.78,0.68,0.63,"",-22,-6.3,29,1.1,56,2.2,106,4.2,2012783,6.4,-310129,-15.5,-7945,-15.8,36,3.8
"06081","5","624410","78","0","2024","4","",327,2609,2629,2643,33394064,1687517,42450,978,"",1.56,1.00,1.01,1.01,0.64,0.78,0.68,0.63,"",-22,-6.3,29,1.1,56,2.2,106,4.2,2012783,6.4,-310129,-15.5,-7945,-15.8,36,3.8
"06081","5","71","74","0","2024","4","",363,6258,6205,6197,75746452,4434122,102382,937,"",0.73,0.91,0.94,0.94,0.31,0.99,0.62,0.34,"",9,2.5,424,7.3,404,7.0,391,6.7,2853645,3.9,-27335,-0.6,-1918,-1.8,-27,-2.8
"06081","5","711","75","0","2024","4","",112,472,483,475,6619083,566736,16687,1068,"",0.51,0.30,0.32,0.32,0.05,0.47,0.31,0.16,"",-2,-1.8,-33,-6.5,21,4.5,34,7.7,-969093,-12.8,-52808,-8.5,-459,-2.7,-176,-14.1
"06081","5","7111","76","0","2024","4","",26,220,212,218,2391944,305459,8048,849,"",0.74,0.58,0.56,0.58,0.12,0.97,0.45,0.21,"",-1,-3.7,-5,-2.2,-7,-3.2,7,3.3,-113460,-4.5,-54588,-15.2,-1406,-14.9,-34,-3.9
"06081","5","71111","77","0","2024","4","",11,135,143,155,1306287,229947,5648,696,"",1.00,0.68,0.72,0.79,0.23,1.32,0.53,0.31,"",0,0.0,0,0.0,19,15.3,20,14.8,-11254,-0.9,-14939,-6.1,-19,-0.3,-76,-9.8
"06081","5","711110","78","0","2024","4","",11,135,143,155,1306287,229947,5648,696,"",1.00,0.68,0.72,0.79,0.23,1.32,0.53,0.31,"",0,0.0,0,0.0,19,15.3,20,14.8,-11254,-0.9,-14939,-6.1,-19,-0.3,-76,-9.8
"06081","5","71112","77","0","2024","4","N",4,0,0,0,0,0,0,0,"N",0.94,0,0,0,0,0,0,0,"N",0,0.0,0,0,0,0,0,0,0,0,0,0,0,0,0,0
"06081","5","711120","78","0","2024","4","N",4,0,0,0,0,0,0,0,"N",0.94,0,0,0,0,0,0,0,"N",0,0.0,0,0,0,0,0,0,0,0,0,0,0,0,0,0
"06081","5","71113","77","0","2024","4","N",11,0,0,0,0,0,0,0,"N",0.68,0,0,0,0,0,0,0,"N",-1,-8.3,0,0,0,0,0,0,0,0,0,0,0,0,0,0
"06081","5","711130","78","0","2024","4","N",11,0,0,0,0,0,0,0,"N",0.68,0,0,0,0,0,0,0,"N",-1,-8.3,0,0,0,0,0,0,0,0,0,0,0,0,0,0
"06081","5","7112","76","0","2024","4","",12,71,85,81,890757,83407,2613,867,"",0.51,0.17,0.21,0.22,0.02,0.31,0.31,0.08,"",-1,-7.7,-6,-7.8,46,117.9,44,118.9,150307,20.3,5717,7.4,804,44.4,-250,-22.4
"06081","5","71121","77","0","2024","4","",12,71,85,81,890757,83407,2613,867,"",0.51,0.17,0.21,0.22,0.02,0.31,0.31,0.08,"",-1,-7.7,-6,-7.8,46,117.9,44,118.9,150307,20.3,5717,7.4,804,44.4,-250,-22.4
"06081","5","711211","78","0","2024","4","",7,60,74,71,701912,79163,2434,790,"",0.68,0.21,0.26,0.28,0.01,0.43,0.44,0.06,"",-1,-12.5,-3,-4.8,51,221.7,47,195.8,115067,19.6,18300,30.1,1237,103.3,-441,-35.8
"06081","5","711212","78","0","2024","4","N",1,0,0,0,0,0,0,0,"N",0.50,0,0,0,0,0,0,0,"N",0,0.0,0,0,0,0,0,0,0,0,0,0,0,0,0,0
"06081","5","711219","78","0","2024","4","N",4,0,0,0,0,0,0,0,"N",0.36,0,0,0,0,0,0,0,"N",0,0.0,0,0,0,0,0,0,0,0,0,0,0,0,0,0
"06081","5","7113","76","0","2024","4","",13,62,62,59,758529,47297,2006,957,"",0.43,0.12,0.13,0.12,0.05,0.13,0.14,0.37,"N",1,8.3,0,0,0,0,0,0,0,0,0,0,0,0,0,0
"06081","5","71131","77","0","2024","4","",7,55,55,52,588095,45912,1959,838,"",0.54,0.14,0.15,0.14,0.05,0.17,0.18,0.36,"N",-1,-12.5,0,0,0,0,0,0,0,0,0,0,0,0,0,0
"06081","5","711310","78","0","2024","4","",7,55,55,52,588095,45912,1959,838,"",0.54,0.14,0.15,0.14,0.05,0.17,0.18,0.36,"N",-1,-12.5,0,0,0,0,0,0,0,0,0,0,0,0,0,0
"06081","5","71132","77","0","2024","4","",6,7,7,7,170434,1385,47,1873,"",0.34,0.06,0.06,0.07,0.03,0.01,0.01,0.55,"N",2,50.0,0,0,0,0,0,0,0,0,0,0,0,0,0,0
"06081","5","711320","78","0","2024","4","",6,7,7,7,170434,1385,47,1873,"",0.34,0.06,0.06,0.07,0.03,0.01,0.01,0.55,"N",2,50.0,0,0,0,0,0,0,0,0,0,0,0,0,0,0
"06081","5","7114","76","0","2024","4","",7,9,9,8,212353,22362,580,1885,"",0.37,0.11,0.11,0.10,0.02,0.47,0.22,0.20,"N",-1,-12.5,0,0,0,0,0,0,0,0,0,0,0,0,0,0
"06081","5","71141","77","0","2024","4","",7,9,9,8,212353,22362,580,1885,"",0.37,0.11,0.11,0.10,0.02,0.47,0.22,0.20,"N",-1,-12.5,0,0,0,0,0,0,0,0,0,0,0,0,0,0
"06081","5","711410","78","0","2024","4","",7,9,9,8,212353,22362,580,1885,"",0.37,0.11,0.11,0.10,0.02,0.47,0.22,0.20,"N",-1,-12.5,0,0,0,0,0,0,0,0,0,0,0,0,0,0
"06081","5","7115","76","0","2024","4","",54,110,115,109,2365500,108211,3440,1634,"",0.49,0.61,0.66,0.64,0.07,0.50,0.35,0.11,"",0,0.0,-28,-20.3,-20,-14.8,-22,-16.8,-887950,-27.3,-7253,-6.3,-472,-12.1,-224,-12.1
"06081","5","71151","77","0","2024","4","",54,110,115,109,2365500,108211,3440,1634,"",0.49,0.61,0.66,0.64,0.07,0.50,0.35,0.11,"",0,0.0,-28,-20.3,-20,-14.8,-22,-16.8,-887950,-27.3,-7253,-6.3,-472,-12.1,-224,-12.1
"06081","5","711510","78","0","2024","4","",54,110,115,109,2365500,108211,3440,1634,"",0.49,0.61,0.66,0.64,0.07,0.50,0.35,0.11,"",0,0.0,-28,-20.3,-20,-14.8,-22,-16.8,-887950,-27.3,-7253,-6.3,-472,-12.1,-224,-12.1
"06081","5","712","75","0","2024","4","",14,254,263,266,4644908,201591,4950,1369,"",0.67,0.54,0.57,0.58,0.34,1.16,1.01,0.61,"",2,16.7,28,12.4,25,10.5,15,6.0,721388,18.4,-40562,-16.8,-729,-12.8,103,8.1
"06081","5","7121","76","0","2024","4","",14,254,263,266,4644908,201591,4950,1369,"",0.67,0.54,0.57,0.58,0.34,1.16,1.01,0.61,"",2,16.7,28,12.4,25,10.5,15,6.0,721388,18.4,-40562,-16.8,-729,-12.8,103,8.1
"06081","5","71211","77","0","2024","4","",11,202,210,216,3669371,188539,4519,1348,"",0.78,0.76,0.79,0.81,0.44,1.91,1.53,0.56,"",2,22.2,33,19.5,29,16.0,23,11.9,762496,26.2,-1309,-0.7,-9,-0.2,113,9.1
"06081","5","712110","78","0","2024","4","",11,202,210,216,3669371,188539,4519,1348,"",0.78,0.76,0.79,0.81,0.44,1.91,1.53,0.56,"",2,22.2,33,19.5,29,16.0,23,11.9,762496,26.2,-1309,-0.7,-9,-0.2,113,9.1
"06081","5","71212","77","0","2024","4","N",1,0,0,0,0,0,0,0,"N",0.54,0,0,0,0,0,0,0,"N",0,0.0,0,0,0,0,0,0,0,0,0,0,0,0,0,0
"06081","5","712120","78","0","2024","4","N",1,0,0,0,0,0,0,0,"N",0.54,0,0,0,0,0,0,0,"N",0,0.0,0,0,0,0,0,0,0,0,0,0,0,0,0,0
"06081","5","71213","77","0","2024","4","N",1,0,0,0,0,0,0,0,"N",0.40,0,0,0,0,0,0,0,"N",0,0.0,0,0,0,0,0,0,0,0,0,0,0,0,0,0
"06081","5","712130","78","0","2024","4","N",1,0,0,0,0,0,0,0,"N",0.40,0,0,0,0,0,0,0,"N",0,0.0,0,0,0,0,0,0,0,0,0,0,0,0,0,0
"06081","5","71219","77","0","2024","4","N",1,0,0,0,0,0,0,0,"N",0.40,0,0,0,0,0,0,0,"N",0,0.0,0,0,0,0,0,0,0,0,0,0,0,0,0,0
"06081","5","712190","78","0","2024","4","N",1,0,0,0,0,0,0,0,"N",0.40,0,0,0,0,0,0,0,"N",0,0.0,0,0,0,0,0,0,0,0,0,0,0,0,0,0
"06081","5","713","75","0","2024","4","",237,5532,5459,5456,64482461,3665795,80745,905,"",0.91,1.15,1.19,1.18,0.70,1.18,0.75,0.60,"",9,3.9,429,8.4,358,7.0,342,6.7,3101350,5.1,66035,1.8,-730,-0.9,-20,-2.2
"06081","5","7131","76","0","2024","4","",10,128,128,135,966537,191152,3113,570,"",0.91,0.20,0.23,0.24,0.07,0.71,0.40,0.30,"",-1,-9.1,18,16.4,8,6.7,11,8.9,-118594,-10.9,67799,55.0,674,27.6,-137,-19.4
"06081","5","71311","77","0","2024","4","N",2,0,0,0,0,0,0,0,"N",0.56,0,0,0,0,0,0,0,"N",0,0.0,0,0,0,0,0,0,0,0,0,0,0,0,0,0
"06081","5","713110","78","0","2024","4","N",2,0,0,0,0,0,0,0,"N",0.56,0,0,0,0,0,0,0,"N",0,0.0,0,0,0,0,0,0,0,0,0,0,0,0,0,0
"06081","5","71312","77","0","2024","4","N",8,0,0,0,0,0,0,0,"N",1.08,0,0,0,0,0,0,0,"N",-1,-11.1,0,0,0,0,0,0,0,0,0,0,0,0,0,0
"06081","5","713120","78","0","2024","4","N",8,0,0,0,0,0,0,0,"N",1.08,0,0,0,0,0,0,0,"N",-1,-11.1,0,0,0,0,0,0,0,0,0,0,0,0,0,0
"06081","5","7132","76","0","2024","4","",5,1190,1190,1202,22439615,414751,8229,1446,"",0.43,3.62,3.62,3.63,2.16,1.45,0.86,0.60,"",0,0.0,20,1.7,23,2.0,30,2.6,272253,1.2,-85579,-17.1,-1398,-14.5,-12,-0.8
"06081","5","71321","77","0","2024","4","N",2,0,0,0,0,0,0,0,"N",1.65,0,0,0,0,0,0,0,"N",0,0.0,0,0,0,0,0,0,0,0,0,0,0,0,0,0
"06081","5","713210","78","0","2024","4","N",2,0,0,0,0,0,0,0,"N",1.65,0,0,0,0,0,0,0,"N",0,0.0,0,0,0,0,0,0,0,0,0,0,0,0,0,0
"06081","5","71329","77","0","2024","4","N",3,0,0,0,0,0,0,0,"N",0.29,0,0,0,0,0,0,0,"N",0,0.0,0,0,0,0,0,0,0,0,0,0,0,0,0,0
"06081","5","713290","78","0","2024","4","N",3,0,0,0,0,0,0,0,"N",0.29,0,0,0,0,0,0,0,"N",0,0.0,0,0,0,0,0,0,0,0,0,0,0,0,0,0
"06081","5","7139","76","0","2024","4","",222,4214,4141,4119,41076309,3059892,69403,760,"",0.94,1.10,1.12,1.10,0.61,1.20,0.77,0.55,"",10,4.7,391,10.2,327,8.6,301,7.9,2947691,7.7,83815,2.8,-6,0.0,-8,-1.0
"06081","5","71391","77","0","2024","4","",11,983,951,963,15788504,643015,11428,1258,"",0.38,0.84,0.90,0.97,0.63,0.86,0.35,0.69,"",1,10.0,60,6.5,33,3.6,36,3.9,1454536,10.1,95015,17.3,943,9.0,63,5.3
"06081","5","713910","78","0","2024","4","",11,983,951,963,15788504,643015,11428,1258,"",0.38,0.84,0.90,0.97,0.63,0.86,0.35,0.69,"",1,10.0,60,6.5,33,3.6,36,3.9,1454536,10.1,95015,17.3,943,9.0,63,5.3
"06081","5","71393","77","0","2024","4","",3,10,10,10,250053,1797,106,1923,"",0.28,0.10,0.11,0.11,0.08,0.03,0.04,0.77,"",0,0.0,0,0.0,1,11.1,2,25.0,68060,37.4,724,67.5,39,58.2,368,23.7
"06081","5","713930","78","0","2024","4","",3,10,10,10,250053,1797,106,1923,"",0.28,0.10,0.11,0.11,0.08,0.03,0.04,0.77,"",0,0.0,0,0.0,1,11.1,2,25.0,68060,37.4,724,67.5,39,58.2,368,23.7
"06081","5","71394","77","0","2024","4","",150,2508,2459,2446,18226512,1906208,43877,567,"",1.25,1.50,1.47,1.45,0.80,1.91,1.42,0.54,"",6,4.2,258,11.5,211,9.4,197,8.8,933126,5.4,55369,3.0,1388,3.3,-24,-4.1
"06081","5","713940","78","0","2024","4","",150,2508,2459,2446,18226512,1906208,43877,567,"",1.25,1.50,1.47,1.45,0.80,1.91,1.42,0.54,"",6,4.2,258,11.5,211,9.4,197,8.8,933126,5.4,55369,3.0,1388,3.3,-24,-4.1
"06081","5","71395","77","0","2024","4","",4,95,89,95,823062,44615,853,681,"",0.45,0.53,0.49,0.51,0.29,0.31,0.21,0.57,"",0,0.0,-6,-5.9,-6,-6.3,0,0.0,9675,1.2,-19066,-29.9,-612,-41.8,36,5.6
"06081","5","713950","78","0","2024","4","",4,95,89,95,823062,44615,853,681,"",0.45,0.53,0.49,0.51,0.29,0.31,0.21,0.57,"",0,0.0,-6,-5.9,-6,-6.3,0,0.0,9675,1.2,-19066,-29.9,-612,-41.8,36,5.6
"06081","5","71399","77","0","2024","4","",54,618,632,605,5988178,464257,13139,745,"",0.81,0.92,1.05,1.03,0.53,0.93,0.81,0.53,"",3,5.9,79,14.7,88,16.2,66,12.2,482294,8.8,-48227,-9.4,-1764,-11.8,-38,-4.9
"06081","5","713990","78","0","2024","4","",54,618,632,605,5988178,464257,13139,745,"",0.81,0.92,1.05,1.03,0.53,0.93,0.81,0.53,"",3,5.9,79,14.7,88,16.2,66,12.2,482294,8.8,-48227,-9.4,-1764,-11.8,-38,-4.9
"06081","5","72","74","0","2024","4","",2099,36994,37154,37313,418895375,30234191,749749,867,"",1.00,1.00,1.01,1.01,0.62,0.98,0.85,0.61,"",14,0.7,262,0.7,570,1.6,527,1.4,13207580,3.3,-5262962,-14.8,-107359,-12.5,17,2.0
"06081","5","721","75","0","2024","4","",169,5498,5454,5422,80215245,3814890,81606,1131,"",0.82,1.09,1.11,1.10,0.61,0.82,0.62,0.56,"",3,1.8,227,4.3,183,3.5,227,4.4,5273650,7.0,-767572,-16.8,-12843,-13.6,32,2.9
"06081","5","7211","76","0","2024","4","",156,5365,5322,5290,78682353,3704678,75067,1136,"",0.87,1.11,1.12,1.11,0.62,0.82,0.59,0.56,"",3,2.0,152,2.9,112,2.1,151,2.9,4111615,5.5,-829158,-18.3,-17738,-19.1,30,2.7
"06081","5","72111","77","0","2024","4","N",153,0,0,0,0,0,0,0,"N",0.94,0,0,0,0,0,0,0,"N",3,2.0,0,0,0,0,0,0,0,0,0,0,0,0,0,0
"06081","5","721110","78","0","2024","4","N",153,0,0,0,0,0,0,0,"N",0.94,0,0,0,0,0,0,0,"N",3,2.0,0,0,0,0,0,0,0,0,0,0,0,0,0,0
"06081","5","72119","77","0","2024","4","N",3,0,0,0,0,0,0,0,"N",0.21,0,0,0,0,0,0,0,"N",0,0.0,0,0,0,0,0,0,0,0,0,0,0,0,0,0
"06081","5","721191","78","0","2024","4","N",1,0,0,0,0,0,0,0,"N",0.16,0,0,0,0,0,0,0,"N",0,0.0,0,0,0,0,0,0,0,0,0,0,0,0,0,0
"06081","5","721199","78","0","2024","4","N",2,0,0,0,0,0,0,0,"N",0.24,0,0,0,0,0,0,0,"N",0,0.0,0,0,0,0,0,0,0,0,0,0,0,0,0,0
"06081","5","7212","76","0","2024","4","N",11,0,0,0,0,0,0,0,"N",0.46,0,0,0,0,0,0,0,"N",-1,-8.3,0,0,0,0,0,0,0,0,0,0,0,0,0,0
"06081","5","72121","77","0","2024","4","N",11,0,0,0,0,0,0,0,"N",0.46,0,0,0,0,0,0,0,"N",-1,-8.3,0,0,0,0,0,0,0,0,0,0,0,0,0,0
"06081","5","721211","78","0","2024","4","N",4,0,0,0,0,0,0,0,"N",0.27,0,0,0,0,0,0,0,"N",0,0.0,0,0,0,0,0,0,0,0,0,0,0,0,0,0
"06081","5","721214","78","0","2024","4","",7,44,43,39,287103,24669,1331,526,"",0.80,0.54,0.60,0.58,0.15,0.46,0.88,0.26,"",-1,-12.5,6,15.8,2,4.9,-1,-2.5,51951,22.1,-6388,-20.6,210,18.7,70,15.4
"06081","5","7213","76","0","2024","4","N",2,0,0,0,0,0,0,0,"N",0.43,0,0,0,0,0,0,0,"N",1,100.0,0,0,0,0,0,0,0,0,0,0,0,0,0,0
"06081","5","72131","77","0","2024","4","N",2,0,0,0,0,0,0,0,"N",0.43,0,0,0,0,0,0,0,"N",1,100.0,0,0,0,0,0,0,0,0,0,0,0,0,0,0
"06081","5","721310","78","0","2024","4","N",2,0,0,0,0,0,0,0,"N",0.43,0,0,0,0,0,0,0,"N",1,100.0,0,0,0,0,0,0,0,0,0,0,0,0,0,0
"06081","5","722","75","0","2024","4","",1930,31496,31700,31891,338680130,26419301,668143,822,"",1.02,0.98,0.99,0.99,0.62,1.00,0.89,0.62,"",11,0.6,35,0.1,387,1.2,300,0.9,7933930,2.4,-4495390,-14.5,-94516,-12.4,13,1.6
"06081","5","7223","76","0","2024","4","",227,4633,4595,4819,71976856,3246285,81364,1182,"",1.65,2.11,2.15,2.29,1.42,1.69,0.73,0.65,"",1,0.4,-53,-1.1,-72,-1.5,75,1.6,1814670,2.6,-1765226,-35.2,-40426,-33.2,33,2.9
"06081","5","72231","77","0","2024","4","",133,3573,3578,3693,59713293,2112645,55209,1271,"",1.95,2.25,2.28,2.42,1.55,1.51,0.61,0.67,"",-2,-1.5,257,7.8,223,6.6,322,9.6,5992769,11.2,-1049794,-33.2,-34396,-38.4,36,2.9
"06081","5","722310","78","0","2024","4","",133,3573,3578,3693,59713293,2112645,55209,1271,"",1.95,2.25,2.28,2.42,1.55,1.51,0.61,0.67,"",-2,-1.5,257,7.8,223,6.6,322,9.6,5992769,11.2,-1049794,-33.2,-34396,-38.4,36,2.9
"06081","5","72232","77","0","2024","4","",65,950,916,1039,11352680,1046797,23813,902,"",1.76,1.97,1.98,2.17,1.11,2.57,1.43,0.54,"",0,0.0,-321,-25.3,-300,-24.7,-236,-18.5,-4049469,-26.3,-698798,-40.0,-5043,-17.5,-43,-4.6
"06081","5","722320","78","0","2024","4","",65,950,916,1039,11352680,1046797,23813,902,"",1.76,1.97,1.98,2.17,1.11,2.57,1.43,0.54,"",0,0.0,-321,-25.3,-300,-24.7,-236,-18.5,-4049469,-26.3,-698798,-40.0,-5043,-17.5,-43,-4.6
"06081","5","72233","77","0","2024","4","",29,110,101,87,910883,86843,2342,705,"",0.89,0.89,0.91,0.82,0.48,0.76,0.56,0.55,"",3,11.5,11,11.1,5,5.2,-11,-11.2,-128630,-12.4,-16634,-16.1,-987,-29.6,-114,-13.9
"06081","5","722330","78","0","2024","4","",29,110,101,87,910883,86843,2342,705,"",0.89,0.89,0.91,0.82,0.48,0.76,0.56,0.55,"",3,11.5,11,11.1,5,5.2,-11,-11.2,-128630,-12.4,-16634,-16.1,-987,-29.6,-114,-13.9
"06081","5","7224","76","0","2024","4","",57,471,424,407,3994969,390654,8409,708,"",0.51,0.43,0.39,0.38,0.22,0.42,0.28,0.56,"",5,9.6,-18,-3.7,-82,-16.2,-40,-8.9,-540403,-11.9,-155972,-28.5,-6956,-45.3,-18,-2.5
"06081","5","72241","77","0","2024","4","",57,471,424,407,3994969,390654,8409,708,"",0.51,0.43,0.39,0.38,0.22,0.42,0.28,0.56,"",5,9.6,-18,-3.7,-82,-16.2,-40,-8.9,-540403,-11.9,-155972,-28.5,-6956,-45.3,-18,-2.5
"06081","5","722410","78","0","2024","4","",57,471,424,407,3994969,390654,8409,708,"",0.51,0.43,0.39,0.38,0.22,0.42,0.28,0.56,"",5,9.6,-18,-3.7,-82,-16.2,-40,-8.9,-540403,-11.9,-155972,-28.5,-6956,-45.3,-18,-2.5
"06081","5","7225","76","0","2024","4","",1646,26392,26681,26665,262708305,22782362,578370,760,"",1.00,0.92,0.93,0.92,0.55,0.97,0.94,0.59,"",5,0.3,106,0.4,541,2.1,265,1.0,6659663,2.6,-2574192,-10.2,-47134,-7.5,10,1.3
"06081","5","72251","77","0","2024","4","",1646,26392,26681,26665,262708305,22782362,578370,760,"",1.00,0.92,0.93,0.92,0.55,0.97,0.94,0.59,"",5,0.3,106,0.4,541,2.1,265,1.0,6659663,2.6,-2574192,-10.2,-47134,-7.5,10,1.3
"06081","5","722511","78","0","2024","4","",769,14113,14204,14179,151016812,12478106,319645,820,"",1.09,1.01,1.02,1.01,0.58,1.07,0.98,0.57,"",-2,-0.3,231,1.7,438,3.2,193,1.4,88972,0.1,-135684,-1.1,6892,2.2,-17,-2.0
"06081","5","722513","78","0","2024","4","",602,9285,9509,9512,82866338,7547502,186343,676,"",0.85,0.77,0.78,0.78,0.47,0.78,0.83,0.60,"",8,1.3,162,1.8,367,4.0,312,3.4,7384532,9.8,-1813818,-19.4,-36790,-16.5,42,6.6
"06081","5","722514","78","0","2024","4","",17,367,355,358,8067497,175542,3650,1724,"",1.24,1.83,1.76,1.78,2.41,1.24,0.94,1.34,"",-2,-10.5,-37,-9.2,-46,-11.5,-51,-12.5,-670894,-7.7,-258358,-59.5,-9445,-72.1,63,3.8
"06081","5","722515","78","0","2024","4","",258,2627,2613,2616,20757658,2581212,68732,610,"",1.15,1.05,1.06,1.06,0.55,1.27,1.16,0.52,"",1,0.4,-250,-8.7,-218,-7.7,-189,-6.7,-142947,-0.7,-366332,-12.4,-7791,-10.2,43,7.6
"06081","5","81","74","0","2024","4","",3639,14269,14295,14159,240754314,9107415,263533,1300,"",1.55,1.15,1.16,1.15,0.59,1.13,1.07,0.52,"",374,11.5,605,4.4,655,4.8,450,3.3,8850757,3.8,-174855,-1.9,3575,1.4,-5,-0.4
"06081","5","811","75","0","2024","4","",533,3714,3708,3613,63360922,2298631,72284,1325,"",0.81,0.96,0.96,0.94,0.43,0.81,0.87,0.45,"",-7,-1.3,-41,-1.1,-22,-0.6,-122,-3.3,-1344519,-2.1,-374661,-14.0,-5199,-6.7,-6,-0.5
"06081","5","8111","76","0","2024","4","",451,3133,3124,3022,52363685,2008684,58420,1302,"",0.98,1.15,1.15,1.11,0.57,0.98,1.05,0.50,"",-2,-0.4,-26,-0.8,-26,-0.8,-100,-3.2,-139562,-0.3,-325693,-14.0,-4978,-7.9,17,1.3
"06081","5","81111","77","0","2024","4","",256,1079,1094,1069,19491349,688494,18910,1387,"",1.01,0.93,0.94,0.92,0.46,0.80,0.80,0.50,"",1,0.4,-36,-3.2,-7,-0.6,-23,-2.1,42952,0.2,15307,2.3,853,4.7,30,2.2
"06081","5","811111","78","0","2024","4","",237,1018,1031,988,18276989,662702,18110,1389,"",1.04,0.97,0.98,0.94,0.48,0.85,0.85,0.50,"",0,0.0,-34,-3.2,-5,-0.5,-38,-3.7,-44286,-0.2,10451,1.6,565,3.2,31,2.3
"06081","5","811114","78","0","2024","4","",19,61,63,81,1214360,25792,800,1367,"",0.70,0.52,0.54,0.69,0.29,0.32,0.38,0.49,"",1,5.6,-2,-3.2,-2,-3.1,15,22.7,87238,7.7,4856,23.2,288,56.2,26,1.9
"06081","5","81112","77","0","2024","4","",133,1310,1306,1276,25265418,954470,29790,1498,"",1.18,1.69,1.69,1.65,0.80,1.84,2.12,0.48,"",-2,-1.5,-18,-1.4,-6,-0.5,-48,-3.6,-742839,-2.9,-144301,-13.1,-665,-2.2,-16,-1.1
"06081","5","811121","78","0","2024","4","",118,1259,1262,1231,24638095,929045,28891,1515,"",1.26,1.87,1.88,1.83,0.88,2.06,2.38,0.47,"",-6,-4.8,-12,-0.9,6,0.5,-36,-2.8,-554634,-2.2,-149863,-13.9,-679,-2.3,-17,-1.1
"06081","5","811122","78","0","2024","4","",15,51,44,45,627323,25425,899,1034,"",0.79,0.51,0.44,0.46,0.18,0.36,0.47,0.39,"",4,36.4,-6,-10.5,-12,-21.4,-12,-21.1,-188205,-23.1,5562,28.0,14,1.6,-73,-6.6
"06081","5","81119","77","0","2024","4","",62,744,724,677,7606918,365720,9720,818,"",0.65,0.95,0.92,0.87,0.43,0.54,0.53,0.47,"",-1,-1.6,28,3.9,-13,-1.8,-29,-4.1,560325,8.0,-196699,-35.0,-5166,-34.7,65,8.6
"06081","5","811191","78","0","2024","4","",13,120,122,112,1285585,89697,2392,838,"",0.58,0.60,0.61,0.56,0.26,0.44,0.45,0.44,"",0,0.0,-7,-5.5,-5,-3.9,-13,-10.4,-19805,-1.5,-45325,-33.6,-1218,-33.7,43,5.4
"06081","5","811192","78","0","2024","4","",30,548,529,490,5119157,197351,4677,754,"",0.57,1.10,1.06,0.99,0.51,0.48,0.42,0.48,"",-1,-3.2,-1,-0.2,-44,-7.7,-53,-9.8,32131,0.6,-123983,-38.6,-3053,-39.5,49,7.0
"06081","5","811198","78","0","2024","4","",19,76,73,75,1202176,78672,2651,1239,"",0.93,0.90,0.86,0.88,0.43,1.30,1.44,0.49,"",0,0.0,36,90.0,36,97.3,37,97.4,547999,83.8,-27391,-25.8,-895,-25.2,-74,-5.6
"06081","5","8112","76","0","2024","4","",18,309,310,311,5315910,186624,10759,1319,"",0.42,1.14,1.14,1.14,0.39,1.27,2.31,0.35,"",-4,-18.2,-35,-10.2,-21,-6.3,-38,-10.9,-1159144,-17.9,-19525,-9.5,381,3.7,-140,-9.6
"06081","5","81121","77","0","2024","4","",18,309,310,311,5315910,186624,10759,1319,"",0.42,1.14,1.14,1.14,0.39,1.27,2.31,0.35,"",-4,-18.2,-35,-10.2,-21,-6.3,-38,-10.9,-1159144,-17.9,-19525,-9.5,381,3.7,-140,-9.6
"06081","5","811210","78","0","2024","4","",18,309,310,311,5315910,186624,10759,1319,"",0.42,1.14,1.14,1.14,0.39,1.27,2.31,0.35,"",-4,-18.2,-35,-10.2,-21,-6.3,-38,-10.9,-1159144,-17.9,-19525,-9.5,381,3.7,-140,-9.6
"06081","5","8113","76","0","2024","4","",24,164,164,169,4126785,57308,1490,1916,"",0.29,0.25,0.26,0.27,0.12,0.12,0.09,0.47,"",-1,-4.0,-1,-0.6,2,1.2,-3,-1.7,-324924,-7.3,-35278,-38.1,-844,-36.2,-143,-6.9
"06081","5","81131","77","0","2024","4","",24,164,164,169,4126785,57308,1490,1916,"",0.29,0.25,0.26,0.27,0.12,0.12,0.09,0.47,"",-1,-4.0,-1,-0.6,2,1.2,-3,-1.7,-324924,-7.3,-35278,-38.1,-844,-36.2,-143,-6.9
"06081","5","811310","78","0","2024","4","",24,164,164,169,4126785,57308,1490,1916,"",0.29,0.25,0.26,0.27,0.12,0.12,0.09,0.47,"",-1,-4.0,-1,-0.6,2,1.2,-3,-1.7,-324924,-7.3,-35278,-38.1,-844,-36.2,-143,-6.9
"06081","5","8114","76","0","2024","4","",40,108,110,111,1554542,46015,1615,1090,"",0.60,0.48,0.49,0.50,0.22,0.28,0.34,0.44,"",0,0.0,21,24.1,23,26.4,19,20.7,279111,21.9,5835,14.5,242,17.6,-17,-1.5
"06081","5","81141","77","0","2024","4","",16,42,40,42,758865,13711,296,1412,"",0.73,0.53,0.50,0.53,0.28,0.23,0.17,0.55,"",-1,-5.9,-1,-2.3,-4,-9.1,-5,-10.6,-27417,-3.5,-4991,-26.7,-219,-42.5,58,4.3
"06081","5","811412","78","0","2024","4","",16,42,40,42,758865,13711,296,1412,"",0.96,0.66,0.62,0.66,0.34,0.28,0.22,0.53,"",-1,-5.9,-1,-2.3,-4,-9.1,-5,-10.6,-27417,-3.5,-4991,-26.7,-219,-42.5,58,4.3
"06081","5","81142","77","0","2024","4","",9,34,36,37,534965,0,0,1154,"",0.99,1.03,1.08,1.12,0.54,0.00,0.00,0.50,"",0,0.0,13,61.9,15,71.4,14,60.9,271230,102.8,-9533,-100.0,-371,-100.0,218,23.3
"06081","5","811420","78","0","2024","4","",9,34,36,37,534965,0,0,1154,"",0.99,1.03,1.08,1.12,0.54,0.00,0.00,0.50,"",0,0.0,13,61.9,15,71.4,14,60.9,271230,102.8,-9533,-100.0,-371,-100.0,218,23.3
"06081","5","81143","77","0","2024","4","N",2,0,0,0,0,0,0,0,"N",1.09,0,0,0,0,0,0,0,"N",0,0.0,0,0,0,0,0,0,0,0,0,0,0,0,0,0
"06081","5","811430","78","0","2024","4","N",2,0,0,0,0,0,0,0,"N",1.09,0,0,0,0,0,0,0,"N",0,0.0,0,0,0,0,0,0,0,0,0,0,0,0,0,0
"06081","5","81149","77","0","2024","4","N",13,0,0,0,0,0,0,0,"N",0.39,0,0,0,0,0,0,0,"N",1,8.3,0,0,0,0,0,0,0,0,0,0,0,0,0,0
"06081","5","811490","78","0","2024","4","N",13,0,0,0,0,0,0,0,"N",0.39,0,0,0,0,0,0,0,"N",1,8.3,0,0,0,0,0,0,0,0,0,0,0,0,0,0
"06081","5","812","75","0","2024","4","",703,4963,5008,5053,59864555,3913008,102035,920,"",0.99,1.20,1.21,1.22,0.61,1.26,1.13,0.51,"",49,7.5,289,6.2,323,6.9,260,5.4,5184010,9.5,-32510,-0.8,-2090,-2.0,28,3.1
"06081","5","8121","76","0","2024","4","",423,1954,1939,1919,16961016,1612321,46268,673,"",1.03,0.99,0.98,0.97,0.42,1.06,1.01,0.42,"",32,8.2,119,6.5,92,5.0,61,3.3,580531,3.5,-134091,-7.7,-4473,-8.8,-9,-1.3
"06081","5","81211","77","0","2024","4","",322,1452,1440,1417,11926438,1015963,27884,639,"",1.01,0.99,0.98,0.97,0.40,0.92,0.86,0.41,"",17,5.6,99,7.3,88,6.5,45,3.3,701148,6.2,-13808,-1.3,-170,-0.6,4,0.6
"06081","5","812111","78","0","2024","4","",6,22,21,18,193010,31758,1147,730,"",0.27,0.24,0.23,0.19,0.09,0.39,0.52,0.40,"N",3,100.0,0,0,0,0,0,0,0,0,0,0,0,0,0,0
"06081","5","812112","78","0","2024","4","",189,720,721,702,7089640,590360,16544,763,"",0.91,0.74,0.74,0.72,0.34,0.83,0.88,0.46,"N",15,8.6,0,0,0,0,0,0,0,0,0,0,0,0,0,0
"06081","5","812113","78","0","2024","4","",127,710,698,697,4643788,393845,10193,509,"",1.42,1.76,1.75,1.76,0.72,1.23,0.89,0.41,"",-1,-0.8,19,2.7,-4,-0.6,-3,-0.4,119771,2.6,-93831,-19.2,-2489,-19.6,10,2.0
"06081","5","81219","77","0","2024","4","",101,502,499,502,5034578,596358,18384,773,"",1.09,0.99,0.98,0.99,0.46,1.47,1.36,0.47,"",15,17.4,20,4.1,4,0.8,16,3.3,-120617,-2.3,-120283,-16.8,-4303,-19.0,-40,-4.9
"06081","5","812191","78","0","2024","4","N",2,0,0,0,0,0,0,0,"N",0.31,0,0,0,0,0,0,0,"N",0,0.0,0,0,0,0,0,0,0,0,0,0,0,0,0,0
"06081","5","812199","78","0","2024","4","N",99,0,0,0,0,0,0,0,"N",1.15,0,0,0,0,0,0,0,"N",15,17.9,0,0,0,0,0,0,0,0,0,0,0,0,0,0
"06081","5","8122","76","0","2024","4","",25,504,502,524,10730853,238640,5650,1619,"",0.52,1.42,1.42,1.47,0.98,1.27,1.32,0.68,"",-1,-3.8,-11,-2.1,-9,-1.8,-9,-1.7,482873,4.7,27237,12.9,241,4.5,102,6.7
"06081","5","81221","77","0","2024","4","",11,190,186,201,2779901,106911,2449,1112,"",0.30,0.70,0.69,0.73,0.34,0.74,0.89,0.48,"",-1,-8.3,-9,-4.5,-6,-3.1,-12,-5.6,-25522,-0.9,31541,41.8,510,26.3,40,3.7
"06081","5","812210","78","0","2024","4","",11,190,186,201,2779901,106911,2449,1112,"",0.30,0.70,0.69,0.73,0.34,0.74,0.89,0.48,"",-1,-8.3,-9,-4.5,-6,-3.1,-12,-5.6,-25522,-0.9,31541,41.8,510,26.3,40,3.7
"06081","5","81222","77","0","2024","4","",14,314,316,323,7950952,131729,3201,1925,"",1.19,3.72,3.87,4.02,2.90,3.01,2.13,0.75,"",0,0.0,-2,-0.6,-3,-0.9,3,0.9,508395,6.8,-4304,-3.2,-269,-7.8,127,7.1
"06081","5","812220","78","0","2024","4","",14,314,316,323,7950952,131729,3201,1925,"",1.19,3.72,3.87,4.02,2.90,3.01,2.13,0.75,"",0,0.0,-2,-0.6,-3,-0.9,3,0.9,508395,6.8,-4304,-3.2,-269,-7.8,127,7.1
"06081","5","8123","76","0","2024","4","",85,828,831,826,11431060,432955,8762,1062,"",1.17,1.21,1.22,1.21,0.62,0.87,0.69,0.51,"",-3,-3.4,1,0.1,13,1.6,-1,-0.1,354480,3.2,-24012,-5.3,282,3.3,28,2.7
"06081","5","81231","77","0","2024","4","",29,95,96,89,754543,52944,1004,622,"",1.10,0.91,0.92,0.85,0.41,0.71,0.42,0.46,"",-3,-9.4,5,5.6,7,7.9,-2,-2.2,46561,6.6,-32448,-38.0,-741,-42.5,17,2.8
"06081","5","812310","78","0","2024","4","",29,95,96,89,754543,52944,1004,622,"",1.10,0.91,0.92,0.85,0.41,0.71,0.42,0.46,"",-3,-9.4,5,5.6,7,7.9,-2,-2.2,46561,6.6,-32448,-38.0,-741,-42.5,17,2.8
"06081","5","81232","77","0","2024","4","",50,413,404,409,4996307,194922,4562,940,"",1.29,1.77,1.73,1.75,1.07,1.15,1.11,0.61,"",0,0.0,-1,-0.2,3,0.7,-2,-0.5,51201,1.0,-18767,-8.8,642,16.4,9,1.0
"06081","5","812320","78","0","2024","4","",50,413,404,409,4996307,194922,4562,940,"",1.29,1.77,1.73,1.75,1.07,1.15,1.11,0.61,"",0,0.0,-1,-0.2,3,0.7,-2,-0.5,51201,1.0,-18767,-8.8,642,16.4,9,1.0
"06081","5","81233","77","0","2024","4","",6,320,331,328,5680210,185089,3196,1339,"",0.81,0.93,0.96,0.95,0.48,0.72,0.52,0.50,"",0,0.0,-3,-0.9,3,0.9,3,0.9,256718,4.7,27203,17.2,381,13.5,57,4.4
"06081","5","812331","78","0","2024","4","N",4,0,0,0,0,0,0,0,"N",1.07,0,0,0,0,0,0,0,"N",0,0.0,0,0,0,0,0,0,0,0,0,0,0,0,0,0
"06081","5","812332","78","0","2024","4","N",2,0,0,0,0,0,0,0,"N",0.55,0,0,0,0,0,0,0,"N",0,0.0,0,0,0,0,0,0,0,0,0,0,0,0,0,0
"06081","5","8129","76","0","2024","4","",170,1677,1736,1784,20741626,1629092,41355,921,"",0.96,1.47,1.52,1.56,0.76,1.83,1.50,0.50,"",21,14.1,180,12.0,227,15.0,209,13.3,3766126,22.2,98356,6.4,1860,4.7,66,7.7
"06081","5","81291","77","0","2024","4","",65,662,683,675,7546585,463968,11487,862,"",0.89,1.31,1.34,1.32,0.78,1.10,0.98,0.59,"",3,4.8,31,4.9,42,6.6,21,3.2,874670,13.1,-13697,-2.9,1789,18.4,63,7.9
"06081","5","812910","78","0","2024","4","",65,662,683,675,7546585,463968,11487,862,"",0.89,1.31,1.34,1.32,0.78,1.10,0.98,0.59,"",3,4.8,31,4.9,42,6.6,21,3.2,874670,13.1,-13697,-2.9,1789,18.4,63,7.9
"06081","5","81292","77","0","2024","4","N",1,0,0,0,0,0,0,0,"N",0.61,0,0,0,0,0,0,0,"N",0,0.0,0,0,0,0,0,0,0,0,0,0,0,0,0,0
"06081","5","812921","78","0","2024","4","N",1,0,0,0,0,0,0,0,"N",0.76,0,0,0,0,0,0,0,"N",0,0.0,0,0,0,0,0,0,0,0,0,0,0,0,0,0
"06081","5","81293","77","0","2024","4","",41,807,848,879,10677746,909141,22855,972,"",1.96,2.27,2.38,2.48,1.35,3.63,2.92,0.57,"",13,46.4,169,26.5,207,32.3,222,33.8,3077212,40.5,135281,17.5,2498,12.3,66,7.3
"06081","5","812930","78","0","2024","4","",41,807,848,879,10677746,909141,22855,972,"",1.96,2.27,2.38,2.48,1.35,3.63,2.92,0.57,"",13,46.4,169,26.5,207,32.3,222,33.8,3077212,40.5,135281,17.5,2498,12.3,66,7.3
"06081","5","81299","77","0","2024","4","N",63,0,0,0,0,0,0,0,"N",0.77,0,0,0,0,0,0,0,"N",5,8.6,0,0,0,0,0,0,0,0,0,0,0,0,0,0
"06081","5","812990","78","0","2024","4","N",63,0,0,0,0,0,0,0,"N",0.77,0,0,0,0,0,0,0,"N",5,8.6,0,0,0,0,0,0,0,0,0,0,0,0,0,0
"06081","5","813","75","0","2024","4","",420,3358,3361,3336,85084730,1177037,35522,1953,"",0.87,0.88,0.88,0.88,0.58,0.69,0.63,0.66,"",6,1.4,53,1.6,37,1.1,19,0.6,704038,0.8,-93409,-7.4,-3430,-8.8,-5,-0.3
"06081","5","8131","76","0","2024","4","",75,710,715,718,8545376,114333,3075,920,"",1.09,1.32,1.32,1.32,0.66,0.58,0.49,0.50,"",1,1.4,15,2.2,10,1.4,15,2.1,575162,7.2,-24216,-17.5,-514,-14.3,45,5.1
"06081","5","81311","77","0","2024","4","",75,710,715,718,8545376,114333,3075,920,"",1.09,1.32,1.32,1.32,0.66,0.58,0.49,0.50,"",1,1.4,15,2.2,10,1.4,15,2.1,575162,7.2,-24216,-17.5,-514,-14.3,45,5.1
"06081","5","813110","78","0","2024","4","",75,710,715,718,8545376,114333,3075,920,"",1.09,1.32,1.32,1.32,0.66,0.58,0.49,0.50,"",1,1.4,15,2.2,10,1.4,15,2.1,575162,7.2,-24216,-17.5,-514,-14.3,45,5.1
"06081","5","8132","76","0","2024","4","",118,550,553,567,21919527,230058,8394,3029,"",1.90,1.26,1.26,1.29,0.87,1.38,1.49,0.69,"",6,5.4,17,3.2,28,5.3,36,6.8,2358739,12.1,22913,11.1,1686,25.1,188,6.6
"06081","5","81321","77","0","2024","4","",118,550,553,567,21919527,230058,8394,3029,"",1.90,1.26,1.26,1.29,0.87,1.38,1.49,0.69,"",6,5.4,17,3.2,28,5.3,36,6.8,2358739,12.1,22913,11.1,1686,25.1,188,6.6
"06081","5","813211","78","0","2024","4","",72,442,443,453,18952189,169671,6591,3269,"",2.29,2.12,2.11,2.17,1.42,2.19,2.66,0.67,"",1,1.4,26,6.2,27,6.5,32,7.6,2225555,13.3,20357,13.6,1696,34.6,188,6.1
"06081","5","813212","78","0","2024","4","",16,37,38,39,1351120,8899,490,2735,"",1.16,0.35,0.36,0.37,0.22,0.22,0.32,0.61,"",-2,-11.1,-14,-27.5,-6,-13.6,-5,-11.4,21322,1.6,-4777,-34.9,83,20.4,527,23.9
"06081","5","813219","78","0","2024","4","",30,71,72,75,1616218,51488,1313,1711,"",1.80,0.58,0.58,0.61,0.29,1.05,0.80,0.49,"",7,30.4,5,7.6,7,10.8,9,13.6,111862,7.4,7333,16.6,-93,-6.6,-51,-2.9
"06081","5","8133","76","0","2024","4","",66,729,725,711,33725628,319251,11049,3595,"",0.66,1.00,1.01,1.01,1.11,0.78,0.76,1.11,"",-3,-4.3,-43,-5.6,-64,-8.1,-64,-8.3,-2026657,-5.7,11584,3.8,-588,-5.1,63,1.8
"06081","5","81331","77","0","2024","4","",66,729,725,711,33725628,319251,11049,3595,"",0.66,1.00,1.01,1.01,1.11,0.78,0.76,1.11,"",-3,-4.3,-43,-5.6,-64,-8.1,-64,-8.3,-2026657,-5.7,11584,3.8,-588,-5.1,63,1.8
"06081","5","813311","78","0","2024","4","",19,476,467,474,27152226,153471,4908,4422,"",1.01,2.98,3.01,3.12,4.21,1.90,1.52,1.39,"",0,0.0,-10,-2.1,-30,-6.0,-23,-4.6,-2113083,-7.2,19487,14.5,115,2.4,-141,-3.1
"06081","5","813312","78","0","2024","4","",17,77,84,70,1477718,61296,2180,1476,"",0.66,0.36,0.39,0.33,0.17,0.52,0.66,0.46,"",-1,-5.6,5,6.9,6,7.7,2,2.9,79672,5.7,17538,40.1,618,39.6,-4,-0.3
"06081","5","813319","78","0","2024","4","",30,176,174,167,5095684,104484,3961,2275,"",0.55,0.50,0.50,0.49,0.34,0.49,0.49,0.69,"",-2,-6.2,-38,-17.8,-40,-18.7,-43,-20.5,6754,0.1,-25441,-19.6,-1321,-25.0,434,23.6
"06081","5","8134","76","0","2024","4","",72,828,830,825,8486783,177612,3757,789,"",0.96,0.89,0.88,0.88,0.48,0.58,0.39,0.54,"",5,7.5,114,16.0,113,15.8,112,15.7,2020900,31.3,7357,4.3,-589,-13.6,93,13.4
"06081","5","81341","77","0","2024","4","",72,828,830,825,8486783,177612,3757,789,"",0.96,0.89,0.88,0.88,0.48,0.58,0.39,0.54,"",5,7.5,114,16.0,113,15.8,112,15.7,2020900,31.3,7357,4.3,-589,-13.6,93,13.4
"06081","5","813410","78","0","2024","4","",72,828,830,825,8486783,177612,3757,789,"",0.96,0.89,0.88,0.88,0.48,0.58,0.39,0.54,"",5,7.5,114,16.0,113,15.8,112,15.7,2020900,31.3,7357,4.3,-589,-13.6,93,13.4
"06081","5","8139","76","0","2024","4","",89,541,538,515,12407416,335783,9247,1796,"",0.51,0.45,0.46,0.45,0.20,0.53,0.46,0.45,"",-3,-3.3,-50,-8.5,-50,-8.5,-80,-13.4,-2224106,-15.2,-111047,-24.9,-3425,-27.0,-107,-5.6
"06081","5","81391","77","0","2024","4","N",23,0,0,0,0,0,0,0,"N",0.40,0,0,0,0,0,0,0,"N",-1,-4.2,0,0,0,0,0,0,0,0,0,0,0,0,0,0
"06081","5","813910","78","0","2024","4","N",23,0,0,0,0,0,0,0,"N",0.40,0,0,0,0,0,0,0,"N",-1,-4.2,0,0,0,0,0,0,0,0,0,0,0,0,0,0
"06081","5","81392","77","0","2024","4","",15,93,93,88,2852324,28720,977,2402,"",0.46,0.39,0.39,0.37,0.18,0.35,0.42,0.47,"N",0,0.0,0,0,0,0,0,0,0,0,0,0,0,0,0,0
"06081","5","813920","78","0","2024","4","",15,93,93,88,2852324,28720,977,2402,"",0.46,0.39,0.39,0.37,0.18,0.35,0.42,0.47,"N",0,0.0,0,0,0,0,0,0,0,0,0,0,0,0,0,0
"06081","5","81393","77","0","2024","4","",30,264,268,249,5093694,213151,5823,1505,"",0.89,0.91,0.95,0.86,0.48,1.41,1.33,0.54,"",0,0.0,21,8.6,27,11.2,8,3.3,412484,8.8,-5238,-2.4,-211,-3.5,15,1.0
"06081","5","813930","78","0","2024","4","",30,264,268,249,5093694,213151,5823,1505,"",0.89,0.91,0.95,0.86,0.48,1.41,1.33,0.54,"",0,0.0,21,8.6,27,11.2,8,3.3,412484,8.8,-5238,-2.4,-211,-3.5,15,1.0
"06081","5","81394","77","0","2024","4","N",2,0,0,0,0,0,0,0,"N",0.20,0,0,0,0,0,0,0,"N",-1,-33.3,0,0,0,0,0,0,0,0,0,0,0,0,0,0
"06081","5","813940","78","0","2024","4","N",2,0,0,0,0,0,0,0,"N",0.20,0,0,0,0,0,0,0,"N",-1,-33.3,0,0,0,0,0,0,0,0,0,0,0,0,0,0
"06081","5","81399","77","0","2024","4","",19,125,118,118,2610205,51271,1288,1669,"",0.47,0.45,0.43,0.43,0.23,0.28,0.26,0.53,"",-1,-5.0,4,3.3,0,0.0,-2,-1.7,-31628,-1.2,-30938,-37.6,-1214,-48.5,-29,-1.7
"06081","5","813990","78","0","2024","4","",19,125,118,118,2610205,51271,1288,1669,"",0.47,0.45,0.43,0.43,0.23,0.28,0.26,0.53,"",-1,-5.0,4,3.3,0,0.0,-2,-1.7,-31628,-1.2,-30938,-37.6,-1214,-48.5,-29,-1.7
"06081","5","814","75","0","2024","4","",1983,2234,2218,2157,32444107,1718739,53692,1133,"",3.94,4.00,3.98,3.88,2.15,3.88,3.36,0.54,"",326,19.7,304,15.8,317,16.7,293,15.7,4307228,15.3,325725,23.4,14294,36.3,-7,-0.6
"06081","5","8141","76","0","2024","4","",1983,2234,2218,2157,32444107,1718739,53692,1133,"",3.94,4.00,3.98,3.88,2.15,3.88,3.36,0.54,"",326,19.7,304,15.8,317,16.7,293,15.7,4307228,15.3,325725,23.4,14294,36.3,-7,-0.6
"06081","5","81411","77","0","2024","4","",1983,2234,2218,2157,32444107,1718739,53692,1133,"",3.94,4.00,3.98,3.88,2.15,3.88,3.36,0.54,"",326,19.7,304,15.8,317,16.7,293,15.7,4307228,15.3,325725,23.4,14294,36.3,-7,-0.6
"06081","5","814110","78","0","2024","4","",1983,2234,2218,2157,32444107,1718739,53692,1133,"",3.94,4.00,3.98,3.88,2.15,3.88,3.36,0.54,"",326,19.7,304,15.8,317,16.7,293,15.7,4307228,15.3,325725,23.4,14294,36.3,-7,-0.6
"06081","5","99","74","0","2024","4","",76,15,12,22,507497,110318,3750,2390,"",0.10,0.03,0.02,0.04,0.02,0.12,0.07,0.57,"",-40,-34.5,-98,-86.7,-120,-90.9,-118,-84.3,-3859746,-88.4,-774329,-87.5,-26328,-87.5,-228,-8.7
"06081","5","999","75","0","2024","4","",76,15,12,22,507497,110318,3750,2390,"",0.10,0.03,0.02,0.04,0.02,0.12,0.07,0.57,"",-40,-34.5,-98,-86.7,-120,-90.9,-118,-84.3,-3859746,-88.4,-774329,-87.5,-26328,-87.5,-228,-8.7
"06081","5","9999","76","0","2024","4","",76,15,12,22,507497,110318,3750,2390,"",0.10,0.03,0.02,0.04,0.02,0.12,0.07,0.57,"",-40,-34.5,-98,-86.7,-120,-90.9,-118,-84.3,-3859746,-88.4,-774329,-87.5,-26328,-87.5,-228,-8.7
"06081","5","99999","77","0","2024","4","",76,15,12,22,507497,110318,3750,2390,"",0.10,0.03,0.02,0.04,0.02,0.12,0.07,0.57,"",-40,-34.5,-98,-86.7,-120,-90.9,-118,-84.3,-3859746,-88.4,-774329,-87.5,-26328,-87.5,-228,-8.7
"06081","5","999999","78","0","2024","4","",76,15,12,22,507497,110318,3750,2390,"",0.10,0.03,0.02,0.04,0.02,0.12,0.07,0.57,"",-40,-34.5,-98,-86.7,-120,-90.9,-118,-84.3,-3859746,-88.4,-774329,-87.5,-26328,-87.5,-228,-8.7
