"area_fips","own_code","industry_code","agglvl_code","size_code","year","qtr","disclosure_code","annual_avg_estabs","annual_avg_emplvl","total_annual_wages","taxable_annual_wages","annual_contributions","annual_avg_wkly_wage","avg_annual_pay","lq_disclosure_code","lq_annual_avg_estabs","lq_annual_avg_emplvl","lq_total_annual_wages","lq_taxable_annual_wages","lq_annual_contributions","lq_annual_avg_wkly_wage","lq_avg_annual_pay","oty_disclosure_code","oty_annual_avg_estabs_chg","oty_annual_avg_estabs_pct_chg","oty_annual_avg_emplvl_chg","oty_annual_avg_emplvl_pct_chg","oty_total_annual_wages_chg","oty_total_annual_wages_pct_chg","oty_taxable_annual_wages_chg","oty_taxable_annual_wages_pct_chg","oty_annual_contributions_chg","oty_annual_contributions_pct_chg","oty_annual_avg_wkly_wage_chg","oty_annual_avg_wkly_wage_pct_chg","oty_avg_annual_pay_chg","oty_avg_annual_pay_pct_chg"
"06081","0","10","70","0","2023","A","",30203,420679,73332296290,3515579129,97847238,3352,174319,"",1.00,1.00,1.00,1.00,1.00,1.00,1.00,"",488,1.6,-913,-0.2,6512151247,9.7,-45523515,-1.3,-5011079,-4.9,304,10.0,15824,10.0
"06081","1","10","71","0","2023","A","",58,2615,313142021,0,0,2303,119767,"",0.37,0.32,0.17,0.00,0.00,0.51,0.51,"",4,7.4,-403,-13.4,-16171034,-4.9,0,0.0,0,0.0,205,9.8,10654,9.8
"06081","1","102","72","0","2023","A","",58,2615,313142021,0,0,2303,119767,"",0.37,0.33,0.17,0.00,0.00,0.51,0.51,"",4,7.4,-403,-13.4,-16171034,-4.9,0,0.0,0,0.0,205,9.8,10654,9.8
"06081","1","1021","73","0","2023","A","",26,1085,98963435,0,0,1754,91225,"",0.33,0.59,0.32,0.00,0.00,0.54,0.54,"",2,8.3,-119,-9.9,-6168751,-5.9,0,0.0,0,0.0,75,4.5,3900,4.5
"06081","1","1024","73","0","2023","A","",2,3,366158,0,0,2347,122053,"",0.54,0.02,0.01,0.00,0.00,0.50,0.50,"",0,0.0,0,0.0,-48828,-11.8,0,0.0,0,0.0,-47,-2.0,-2443,-2.0
"06081","1","1025","73","0","2023","A","",2,900,124097707,0,0,2652,137925,"",0.55,0.74,0.42,0.00,0.00,0.57,0.57,"",0,0.0,-28,-3.0,8437750,7.3,0,0.0,0,0.0,254,10.6,13235,10.6
"06081","1","1027","73","0","2023","A","",1,6,532371,0,0,1807,93948,"",2.38,0.44,0.25,0.00,0.00,0.59,0.59,"",0,0.0,1,20.0,75183,16.4,0,0.0,0,0.0,19,1.1,961,1.0
"06081","1","1028","73","0","2023","A","",27,621,89182350,0,0,2760,143534,"",0.42,0.14,0.08,0.00,0.00,0.55,0.55,"",2,8.0,-257,-29.3,-18466388,-17.2,0,0.0,0,0.0,403,17.1,20974,17.1
"06081","1","48-49","74","0","2023","A","",26,1085,98963435,0,0,1754,91225,"",0.34,0.64,0.34,0.00,0.00,0.53,0.53,"",2,8.3,-119,-9.9,-6168751,-5.9,0,0.0,0,0.0,75,4.5,3900,4.5
"06081","1","491","75","0","2023","A","",26,1085,98963435,0,0,1754,91225,"",0.35,0.65,0.35,0.00,0.00,0.54,0.54,"",2,8.3,-119,-9.9,-6168751,-5.9,0,0.0,0,0.0,75,4.5,3900,4.5
"06081","1","4911","76","0","2023","A","",26,1085,98963435,0,0,1754,91225,"",0.35,0.65,0.35,0.00,0.00,0.54,0.54,"",2,8.3,-119,-9.9,-6168751,-5.9,0,0.0,0,0.0,75,4.5,3900,4.5
"06081","1","49111","77","0","2023","A","",26,1085,98963435,0,0,1754,91225,"",0.35,0.65,0.35,0.00,0.00,0.54,0.54,"",2,8.3,-119,-9.9,-6168751,-5.9,0,0.0,0,0.0,75,4.5,3900,4.5
"06081","1","491110","78","0","2023","A","",26,1085,98963435,0,0,1754,91225,"",0.35,0.65,0.35,0.00,0.00,0.54,0.54,"",2,8.3,-119,-9.9,-6168751,-5.9,0,0.0,0,0.0,75,4.5,3900,4.5
"06081","1","54","74","0","2023","A","",2,3,366158,0,0,2347,122053,"",0.61,0.02,0.01,0.00,0.00,0.49,0.49,"",0,0.0,0,0.0,-48828,-11.8,0,0.0,0,0.0,-47,-2.0,-2443,-2.0
"06081","1","541","75","0","2023","A","",2,3,366158,0,0,2347,122053,"",0.61,0.02,0.01,0.00,0.00,0.49,0.49,"",0,0.0,0,0.0,-48828,-11.8,0,0.0,0,0.0,-47,-2.0,-2443,-2.0
"06081","1","5413","76","0","2023","A","",2,3,366158,0,0,2347,122053,"",0.98,0.02,0.01,0.00,0.00,0.51,0.51,"",0,0.0,0,0.0,-48828,-11.8,0,0.0,0,0.0,-47,-2.0,-2443,-2.0
"06081","1","54133","77","0","2023","A","",2,3,366158,0,0,2347,122053,"",0.99,0.02,0.01,0.00,0.00,0.51,0.51,"",0,0.0,0,0.0,-48828,-11.8,0,0.0,0,0.0,-47,-2.0,-2443,-2.0
"06081","1","541330","78","0","2023","A","",2,3,366158,0,0,2347,122053,"",0.99,0.02,0.01,0.00,0.00,0.51,0.51,"",0,0.0,0,0.0,-48828,-11.8,0,0.0,0,0.0,-47,-2.0,-2443,-2.0
"06081","1","62","74","0","2023","A","",2,900,124097707,0,0,2652,137925,"",0.63,0.76,0.43,0.00,0.00,0.56,0.56,"",0,0.0,-28,-3.0,8437750,7.3,0,0.0,0,0.0,254,10.6,13235,10.6
"06081","1","621","75","0","2023","A","",1,20,6585357,0,0,6306,327902,"",0.84,0.19,0.25,0.00,0.00,1.33,1.33,"",0,0.0,-2,-9.1,-142907,-2.1,0,0.0,0,0.0,311,5.2,16168,5.2
"06081","1","6211","76","0","2023","A","",1,20,6585357,0,0,6306,327902,"",1.17,0.29,0.37,0.00,0.00,1.29,1.28,"",0,0.0,-2,-9.1,-142907,-2.1,0,0.0,0,0.0,311,5.2,16168,5.2
"06081","1","62111","77","0","2023","A","",1,20,6585357,0,0,6306,327902,"",1.17,0.29,0.37,0.00,0.00,1.29,1.28,"",0,0.0,-2,-9.1,-142907,-2.1,0,0.0,0,0.0,311,5.2,16168,5.2
"06081","1","621111","78","0","2023","A","",1,20,6585357,0,0,6306,327902,"",1.17,0.29,0.37,0.00,0.00,1.29,1.28,"",0,0.0,-2,-9.1,-142907,-2.1,0,0.0,0,0.0,311,5.2,16168,5.2
"06081","1","622","75","0","2023","A","",1,880,117512350,0,0,2569,133587,"",0.93,0.86,0.46,0.00,0.00,0.53,0.53,"",0,0.0,-26,-2.9,8580657,7.9,0,0.0,0,0.0,257,11.1,13353,11.1
"06081","1","6221","76","0","2023","A","",1,880,117512350,0,0,2569,133587,"",0.95,0.87,0.46,0.00,0.00,0.53,0.53,"",0,0.0,-26,-2.9,8580657,7.9,0,0.0,0,0.0,257,11.1,13353,11.1
"06081","1","62211","77","0","2023","A","",1,880,117512350,0,0,2569,133587,"",0.95,0.87,0.46,0.00,0.00,0.53,0.53,"",0,0.0,-26,-2.9,8580657,7.9,0,0.0,0,0.0,257,11.1,13353,11.1
"06081","1","622110","78","0","2023","A","",1,880,117512350,0,0,2569,133587,"",0.95,0.87,0.46,0.00,0.00,0.53,0.53,"",0,0.0,-26,-2.9,8580657,7.9,0,0.0,0,0.0,257,11.1,13353,11.1
"06081","1","81","74","0","2023","A","",1,6,532371,0,0,1807,93948,"",2.38,0.44,0.25,0.00,0.00,0.59,0.59,"",0,0.0,1,20.0,75183,16.4,0,0.0,0,0.0,19,1.1,961,1.0
"06081","1","812","75","0","2023","A","",1,6,532371,0,0,1807,93948,"",4.73,1.40,0.77,0.00,0.00,0.58,0.58,"",0,0.0,1,20.0,75183,16.4,0,0.0,0,0.0,19,1.1,961,1.0
"06081","1","8122","76","0","2023","A","",1,6,532371,0,0,1807,93948,"",5.31,1.42,0.77,0.00,0.00,0.58,0.57,"",0,0.0,1,20.0,75183,16.4,0,0.0,0,0.0,19,1.1,961,1.0
"06081","1","81222","77","0","2023","A","",1,6,532371,0,0,1807,93948,"",5.31,1.42,0.77,0.00,0.00,0.58,0.57,"",0,0.0,1,20.0,75183,16.4,0,0.0,0,0.0,19,1.1,961,1.0
"06081","1","812220","78","0","2023","A","",1,6,532371,0,0,1807,93948,"",5.31,1.42,0.77,0.00,0.00,0.58,0.57,"",0,0.0,1,20.0,75183,16.4,0,0.0,0,0.0,19,1.1,961,1.0
"06081","1","92","74","0","2023","A","",27,621,89182350,0,0,2760,143534,"",0.42,0.14,0.08,0.00,0.00,0.55,0.55,"",2,8.0,-257,-29.3,-18466388,-17.2,0,0.0,0,0.0,403,17.1,20974,17.1
"06081","1","921","75","0","2023","A","",4,85,10576277,0,0,2388,124183,"",0.91,0.20,0.10,0.00,0.00,0.51,0.51,"",-1,-20.0,12,16.4,2809198,36.2,0,0.0,0,0.0,328,15.9,17051,15.9
"06081","1","9211","76","0","2023","A","",4,85,10576277,0,0,2388,124183,"",0.91,0.20,0.10,0.00,0.00,0.51,0.51,"",-1,-20.0,12,16.4,2809198,36.2,0,0.0,0,0.0,328,15.9,17051,15.9
"06081","1","92113","77","0","2023","A","",1,39,5437821,0,0,2710,140937,"",0.68,0.14,0.08,0.00,0.00,0.59,0.59,"",0,0.0,11,39.3,1962379,56.5,0,0.0,0,0.0,330,13.9,17182,13.9
"06081","1","921130","78","0","2023","A","",1,39,5437821,0,0,2710,140937,"",0.68,0.14,0.08,0.00,0.00,0.59,0.59,"",0,0.0,11,39.3,1962379,56.5,0,0.0,0,0.0,330,13.9,17182,13.9
"06081","1","92119","77","0","2023","A","",3,47,5138456,0,0,2121,110307,"",1.05,0.50,0.20,0.00,0.00,0.42,0.42,"",-1,-25.0,3,6.8,846819,19.7,0,0.0,0,0.0,263,14.2,13685,14.2
"06081","1","921190","78","0","2023","A","",3,47,5138456,0,0,2121,110307,"",1.05,0.50,0.20,0.00,0.00,0.42,0.42,"",-1,-25.0,3,6.8,846819,19.7,0,0.0,0,0.0,263,14.2,13685,14.2
"06081","1","922","75","0","2023","A","",6,194,36217259,0,0,3598,187089,"",0.68,0.27,0.17,0.00,0.00,0.63,0.63,"",3,100.0,-289,-59.8,-26611035,-42.4,0,0.0,0,0.0,1095,43.7,56942,43.8
"06081","1","9221","76","0","2023","A","",6,194,36217259,0,0,3598,187089,"",0.68,0.27,0.17,0.00,0.00,0.63,0.63,"",3,100.0,-289,-59.8,-26611035,-42.4,0,0.0,0,0.0,1095,43.7,56942,43.8
"06081","1","92211","77","0","2023","A","",3,3,304456,0,0,2066,107455,"",1.71,0.03,0.01,0.00,0.00,0.41,0.41,"N",3,100.0,0,0,0,0,0,0,0,0,0,0,0,0
"06081","1","922110","78","0","2023","A","",3,3,304456,0,0,2066,107455,"",1.71,0.03,0.01,0.00,0.00,0.41,0.41,"N",3,100.0,0,0,0,0,0,0,0,0,0,0,0,0
"06081","1","92212","77","0","2023","A","",2,190,35641062,0,0,3609,187667,"",0.46,0.48,0.29,0.00,0.00,0.60,0.60,"",0,0.0,-287,-60.2,-26127534,-42.3,0,0.0,0,0.0,1120,45.0,58264,45.0
"06081","1","922120","78","0","2023","A","",2,190,35641062,0,0,3609,187667,"",0.46,0.48,0.29,0.00,0.00,0.60,0.60,"",0,0.0,-287,-60.2,-26127534,-42.3,0,0.0,0,0.0,1120,45.0,58264,45.0
"06081","1","92213","77","0","2023","A","",1,1,271741,0,0,6271,326089,"",1.09,0.02,0.01,0.00,0.00,0.99,0.99,"",0,0.0,-4,-80.0,-787957,-74.4,0,0.0,0,0.0,2509,66.7,130452,66.7
"06081","1","922130","78","0","2023","A","",1,1,271741,0,0,6271,326089,"",1.09,0.02,0.01,0.00,0.00,0.99,0.99,"",0,0.0,-4,-80.0,-787957,-74.4,0,0.0,0,0.0,2509,66.7,130452,66.7
"06081","1","923","75","0","2023","A","",4,73,9218886,0,0,2418,125712,"",0.60,0.12,0.05,0.00,0.00,0.47,0.47,"",-1,-20.0,7,10.6,1660475,22.0,0,0.0,0,0.0,204,9.2,10609,9.2
"06081","1","9231","76","0","2023","A","",4,73,9218886,0,0,2418,125712,"",0.60,0.12,0.05,0.00,0.00,0.47,0.47,"",-1,-20.0,7,10.6,1660475,22.0,0,0.0,0,0.0,204,9.2,10609,9.2
"06081","1","92312","77","0","2023","A","",3,30,4806802,0,0,3047,158466,"",1.55,0.17,0.08,0.00,0.00,0.49,0.49,"",0,0.0,7,30.4,1360746,39.5,0,0.0,0,0.0,166,5.8,8637,5.8
"06081","1","923120","78","0","2023","A","",3,30,4806802,0,0,3047,158466,"",1.55,0.17,0.08,0.00,0.00,0.49,0.49,"",0,0.0,7,30.4,1360746,39.5,0,0.0,0,0.0,166,5.8,8637,5.8
"06081","1","92313","77","0","2023","A","",1,43,4412084,0,0,1973,102607,"",0.28,0.22,0.10,0.00,0.00,0.43,0.43,"",-1,-50.0,0,0.0,299729,7.3,0,0.0,0,0.0,119,6.4,6224,6.5
"06081","1","923130","78","0","2023","A","",1,43,4412084,0,0,1973,102607,"",0.28,0.22,0.10,0.00,0.00,0.43,0.43,"",-1,-50.0,0,0.0,299729,7.3,0,0.0,0,0.0,119,6.4,6224,6.5
"06081","1","924","75","0","2023","A","",3,136,16419450,0,0,2327,121028,"",0.23,0.49,0.25,0.00,0.00,0.51,0.51,"",0,0.0,-12,-8.1,-138273,-0.8,0,0.0,0,0.0,182,8.5,9466,8.5
"06081","1","9241","76","0","2023","A","",3,136,16419450,0,0,2327,121028,"",0.23,0.49,0.25,0.00,0.00,0.51,0.51,"",0,0.0,-12,-8.1,-138273,-0.8,0,0.0,0,0.0,182,8.5,9466,8.5
"06081","1","92412","77","0","2023","A","",3,136,16419450,0,0,2327,121028,"",0.25,0.60,0.32,0.00,0.00,0.54,0.54,"",0,0.0,-12,-8.1,-138273,-0.8,0,0.0,0,0.0,182,8.5,9466,8.5
"06081","1","924120","78","0","2023","A","",3,136,16419450,0,0,2327,121028,"",0.25,0.60,0.32,0.00,0.00,0.54,0.54,"",0,0.0,-12,-8.1,-138273,-0.8,0,0.0,0,0.0,182,8.5,9466,8.5
"06081","1","926","75","0","2023","A","",8,99,11647457,0,0,2263,117651,"",0.33,0.14,0.06,0.00,0.00,0.44,0.44,"",1,14.3,8,8.8,1586509,15.8,0,0.0,0,0.0,125,5.8,6480,5.8
"06081","1","9261","76","0","2023","A","",8,99,11647457,0,0,2263,117651,"",0.33,0.14,0.06,0.00,0.00,0.44,0.44,"",1,14.3,8,8.8,1586509,15.8,0,0.0,0,0.0,125,5.8,6480,5.8
"06081","1","92611","77","0","2023","A","",5,58,6410197,0,0,2113,109889,"",0.47,0.43,0.17,0.00,0.00,0.40,0.40,"",1,25.0,17,41.5,2345029,57.7,0,0.0,0,0.0,222,11.7,11538,11.7
"06081","1","926110","78","0","2023","A","",5,58,6410197,0,0,2113,109889,"",0.47,0.43,0.17,0.00,0.00,0.40,0.40,"",1,25.0,17,41.5,2345029,57.7,0,0.0,0,0.0,222,11.7,11538,11.7
"06081","1","92614","77","0","2023","A","",2,26,2825128,0,0,2103,109360,"",0.25,0.20,0.10,0.00,0.00,0.48,0.48,"",0,0.0,-1,-3.7,-27978,-1.0,0,0.0,0,0.0,71,3.5,3689,3.5
"06081","1","926140","78","0","2023","A","",2,26,2825128,0,0,2103,109360,"",0.25,0.20,0.10,0.00,0.00,0.48,0.48,"",0,0.0,-1,-3.7,-27978,-1.0,0,0.0,0,0.0,71,3.5,3689,3.5
"06081","1","92615","77","0","2023","A","",1,15,2412132,0,0,3127,162616,"",0.42,0.16,0.07,0.00,0.00,0.45,0.45,"",0,0.0,-1,-6.2,84001,3.6,0,0.0,0,0.0,284,10.0,14798,10.0
"06081","1","926150","78","0","2023","A","",1,15,2412132,0,0,3127,162616,"",0.42,0.16,0.07,0.00,0.00,0.45,0.45,"",0,0.0,-1,-6.2,84001,3.6,0,0.0,0,0.0,284,10.0,14798,10.0
"06081","1","927","75","0","2023","A","",1,20,3083239,0,0,2940,152888,"",3.74,0.40,0.18,0.00,0.00,0.44,0.44,"",0,0.0,13,185.7,1879313,156.1,0,0.0,0,0.0,-253,-7.9,-13171,-7.9
"06081","1","9271","76","0","2023","A","",1,20,3083239,0,0,2940,152888,"",3.74,0.40,0.18,0.00,0.00,0.44,0.44,"",0,0.0,13,185.7,1879313,156.1,0,0.0,0,0.0,-253,-7.9,-13171,-7.9
"06081","1","92711","77","0","2023","A","",1,20,3083239,0,0,2940,152888,"",3.74,0.40,0.18,0.00,0.00,0.44,0.44,"",0,0.0,13,185.7,1879313,156.1,0,0.0,0,0.0,-253,-7.9,-13171,-7.9
"06081","1","927110","78","0","2023","A","",1,20,3083239,0,0,2940,152888,"",3.74,0.40,0.18,0.00,0.00,0.44,0.44,"",0,0.0,13,185.7,1879313,156.1,0,0.0,0,0.0,-253,-7.9,-13171,-7.9
"06081","1","928","75","0","2023","A","",1,14,2019782,0,0,2694,140100,"",0.16,0.01,0.01,0.00,0.00,0.57,0.57,"",-1,-50.0,3,27.3,347425,20.8,0,0.0,0,0.0,-165,-5.8,-8554,-5.8
"06081","1","9281","76","0","2023","A","",1,14,2019782,0,0,2694,140100,"",0.16,0.01,0.01,0.00,0.00,0.57,0.57,"",-1,-50.0,3,27.3,347425,20.8,0,0.0,0,0.0,-165,-5.8,-8554,-5.8
"06081","1","92811","77","0","2023","A","",1,14,2019782,0,0,2694,140100,"",0.21,0.01,0.01,0.00,0.00,0.58,0.58,"",0,0.0,4,40.0,531136,35.7,0,0.0,0,0.0,-76,-2.7,-3963,-2.8
"06081","1","928110","78","0","2023","A","",1,14,2019782,0,0,2694,140100,"",0.21,0.01,0.01,0.00,0.00,0.58,0.58,"",0,0.0,4,40.0,531136,35.7,0,0.0,0,0.0,-76,-2.7,-3963,-2.8
"06081","1","92812","77","0","2023","A","",0,0,0,0,0,0,0,"",0.00,0.00,0.00,0.00,0.00,0.00,0.00,"",-1,-100.0,-1,-100.0,-183711,-100.0,0,0.0,0,0.0,-3854,-100.0,-200412,-100.0
"06081","1","928120","78","0","2023","A","",0,0,0,0,0,0,0,"",0.00,0.00,0.00,0.00,0.00,0.00,0.00,"",-1,-100.0,-1,-100.0,-183711,-100.0,0,0.0,0,0.0,-3854,-100.0,-200412,-100.0
"06081","2","10","71","0","2023","A","",17,343,21668604,0,0,1216,63251,"",0.09,0.03,0.01,0.00,0.00,0.34,0.34,"",0,0.0,-1,-0.3,166344,0.8,0,0.0,0,0.0,15,1.2,775,1.2
"06081","2","102","72","0","2023","A","",17,343,21668604,0,0,1216,63251,"",0.10,0.03,0.01,0.00,0.00,0.34,0.34,"",0,0.0,-1,-0.3,166344,0.8,0,0.0,0,0.0,15,1.2,775,1.2
"06081","2","1028","73","0","2023","A","",17,343,21668604,0,0,1216,63251,"",0.13,0.07,0.02,0.00,0.00,0.34,0.34,"",0,0.0,-1,-0.3,166344,0.8,0,0.0,0,0.0,15,1.2,775,1.2
"06081","2","92","74","0","2023","A","",17,343,21668604,0,0,1216,63251,"",0.13,0.07,0.02,0.00,0.00,0.34,0.34,"",0,0.0,-1,-0.3,166344,0.8,0,0.0,0,0.0,15,1.2,775,1.2
"06081","2","921","75","0","2023","A","",1,24,2054522,0,0,1618,84144,"",0.06,0.04,0.02,0.00,0.00,0.42,0.42,"",0,0.0,-1,-4.0,-4991,-0.2,0,0.0,0,0.0,12,0.7,650,0.8
"06081","2","9211","76","0","2023","A","",1,24,2054522,0,0,1618,84144,"",0.06,0.04,0.02,0.00,0.00,0.42,0.42,"",0,0.0,-1,-4.0,-4991,-0.2,0,0.0,0,0.0,12,0.7,650,0.8
"06081","2","92113","77","0","2023","A","",1,24,2054522,0,0,1618,84144,"",0.16,0.09,0.04,0.00,0.00,0.42,0.42,"",0,0.0,-1,-4.0,-4991,-0.2,0,0.0,0,0.0,12,0.7,650,0.8
"06081","2","921130","78","0","2023","A","",1,24,2054522,0,0,1618,84144,"",0.16,0.09,0.04,0.00,0.00,0.42,0.42,"",0,0.0,-1,-4.0,-4991,-0.2,0,0.0,0,0.0,12,0.7,650,0.8
"06081","2","922","75","0","2023","A","",3,97,6621920,0,0,1307,67975,"",0.08,0.05,0.02,0.00,0.00,0.35,0.35,"",0,0.0,4,4.3,5577,0.1,0,0.0,0,0.0,-66,-4.8,-3424,-4.8
"06081","2","9221","76","0","2023","A","",3,97,6621920,0,0,1307,67975,"",0.08,0.05,0.02,0.00,0.00,0.35,0.35,"",0,0.0,4,4.3,5577,0.1,0,0.0,0,0.0,-66,-4.8,-3424,-4.8
"06081","2","92212","77","0","2023","A","",2,89,5487269,0,0,1190,61886,"",0.31,0.32,0.08,0.00,0.00,0.27,0.27,"",0,0.0,5,6.0,-64294,-1.2,0,0.0,0,0.0,-86,-6.7,-4467,-6.7
"06081","2","922120","78","0","2023","A","",2,89,5487269,0,0,1190,61886,"",0.31,0.32,0.08,0.00,0.00,0.27,0.27,"",0,0.0,5,6.0,-64294,-1.2,0,0.0,0,0.0,-86,-6.7,-4467,-6.7
"06081","2","92215","77","0","2023","A","",1,9,1134651,0,0,2494,129674,"",0.41,0.16,0.12,0.00,0.00,0.78,0.78,"",0,0.0,0,0.0,69871,6.6,0,0.0,0,0.0,219,9.6,11365,9.6
"06081","2","922150","78","0","2023","A","",1,9,1134651,0,0,2494,129674,"",0.41,0.16,0.12,0.00,0.00,0.78,0.78,"",0,0.0,0,0.0,69871,6.6,0,0.0,0,0.0,219,9.6,11365,9.6
"06081","2","923","75","0","2023","A","",4,58,5544953,0,0,1854,96434,"",0.14,0.05,0.03,0.00,0.00,0.56,0.55,"",0,0.0,-2,-3.3,430832,8.4,0,0.0,0,0.0,201,12.2,10482,12.2
"06081","2","9231","76","0","2023","A","",4,58,5544953,0,0,1854,96434,"",0.14,0.05,0.03,0.00,0.00,0.56,0.55,"",0,0.0,-2,-3.3,430832,8.4,0,0.0,0,0.0,201,12.2,10482,12.2
"06081","2","92313","77","0","2023","A","",4,58,5544953,0,0,1854,96434,"",0.28,0.10,0.05,0.00,0.00,0.58,0.58,"",0,0.0,-2,-3.3,430832,8.4,0,0.0,0,0.0,201,12.2,10482,12.2
"06081","2","923130","78","0","2023","A","",4,58,5544953,0,0,1854,96434,"",0.28,0.10,0.05,0.00,0.00,0.58,0.58,"",0,0.0,-2,-3.3,430832,8.4,0,0.0,0,0.0,201,12.2,10482,12.2
"06081","2","924","75","0","2023","A","",2,56,2677480,0,0,926,48171,"",0.11,0.14,0.04,0.00,0.00,0.28,0.28,"",0,0.0,1,1.8,5502,0.2,0,0.0,0,0.0,-7,-0.8,-337,-0.7
"06081","2","9241","76","0","2023","A","",2,56,2677480,0,0,926,48171,"",0.11,0.14,0.04,0.00,0.00,0.28,0.28,"",0,0.0,1,1.8,5502,0.2,0,0.0,0,0.0,-7,-0.8,-337,-0.7
"06081","2","92412","77","0","2023","A","",2,56,2677480,0,0,926,48171,"",0.14,0.19,0.06,0.00,0.00,0.31,0.31,"",0,0.0,1,1.8,5502,0.2,0,0.0,0,0.0,-7,-0.8,-337,-0.7
"06081","2","924120","78","0","2023","A","",2,56,2677480,0,0,926,48171,"",0.14,0.19,0.06,0.00,0.00,0.31,0.31,"",0,0.0,1,1.8,5502,0.2,0,0.0,0,0.0,-7,-0.8,-337,-0.7
"06081","2","926","75","0","2023","A","",7,108,4769729,0,0,852,44301,"",0.25,0.13,0.03,0.00,0.00,0.24,0.24,"",0,0.0,-4,-3.6,-270576,-5.4,0,0.0,0,0.0,-12,-1.4,-601,-1.3
"06081","2","9261","76","0","2023","A","",7,108,4769729,0,0,852,44301,"",0.25,0.13,0.03,0.00,0.00,0.24,0.24,"",0,0.0,-4,-3.6,-270576,-5.4,0,0.0,0,0.0,-12,-1.4,-601,-1.3
"06081","2","92612","77","0","2023","A","",4,96,3317651,0,0,665,34589,"",0.39,0.19,0.04,0.00,0.00,0.18,0.18,"",0,0.0,-4,-4.0,-386113,-10.4,0,0.0,0,0.0,-44,-6.2,-2295,-6.2
"06081","2","926120","78","0","2023","A","",4,96,3317651,0,0,665,34589,"",0.39,0.19,0.04,0.00,0.00,0.18,0.18,"",0,0.0,-4,-4.0,-386113,-10.4,0,0.0,0,0.0,-44,-6.2,-2295,-6.2
"06081","2","92615","77","0","2023","A","",3,12,1452078,0,0,2377,123581,"",0.45,0.08,0.06,0.00,0.00,0.69,0.69,"",0,0.0,0,0.0,115537,8.6,0,0.0,0,0.0,205,9.4,10634,9.4
"06081","2","926150","78","0","2023","A","",3,12,1452078,0,0,2377,123581,"",0.45,0.08,0.06,0.00,0.00,0.69,0.69,"",0,0.0,0,0.0,115537,8.6,0,0.0,0,0.0,205,9.4,10634,9.4
"06081","3","10","71","0","2023","A","",309,26752,2696587250,7747726,179577,1938,100800,"",0.71,0.68,0.45,0.16,0.37,0.66,0.66,"",0,0.0,642,2.5,119564130,4.6,576060,8.0,3237,1.8,40,2.1,2100,2.1
"06081","3","101","72","0","2023","A","",5,160,16811881,0,0,2027,105404,"",0.45,0.54,0.37,0.00,0.00,0.69,0.69,"",0,0.0,22,15.9,2077454,14.1,0,0.0,0,0.0,-30,-1.5,-1561,-1.5
"06081","3","1012","73","0","2023","A","",5,160,16811881,0,0,2027,105404,"",0.46,0.55,0.38,0.00,0.00,0.69,0.69,"",0,0.0,22,15.9,2077454,14.1,0,0.0,0,0.0,-30,-1.5,-1561,-1.5
"06081","3","102","72","0","2023","A","",304,26592,2679775369,7747726,179577,1938,100772,"",0.71,0.68,0.45,0.16,0.37,0.66,0.66,"",0,0.0,620,2.4,117486676,4.6,576060,8.0,3237,1.8,41,2.2,2116,2.1
"06081","3","1021","73","0","2023","A","",21,1090,111040616,749697,11866,1960,101895,"",0.68,0.71,0.37,0.30,0.41,0.52,0.52,"",0,0.0,10,0.9,7133818,6.9,33903,4.7,328,2.8,110,5.9,5678,5.9
"06081","3","1022","73","0","2023","A","",7,554,30326479,0,0,1053,54757,"",0.54,1.64,0.90,0.00,0.00,0.55,0.55,"",0,0.0,37,7.2,2012241,7.1,0,0.0,0,0.0,-1,-0.1,-36,-0.1
"06081","3","1023","73","0","2023","A","",3,333,34892623,2721944,54118,2015,104783,"",0.62,2.62,1.67,3.35,3.83,0.64,0.64,"",0,0.0,34,11.4,4744809,15.7,247675,10.0,-4747,-8.1,74,3.8,3870,3.8
"06081","3","1024","73","0","2023","A","",3,384,46736964,0,0,2342,121764,"",0.25,1.46,1.16,0.00,0.00,0.79,0.79,"",0,0.0,71,22.7,7947338,20.5,0,0.0,0,0.0,-43,-1.8,-2264,-1.8
"06081","3","1025","73","0","2023","A","",197,14646,1273024380,1374797,26143,1672,86922,"",1.05,0.61,0.37,0.07,0.21,0.60,0.60,"",1,0.5,373,2.6,78534467,6.6,46008,3.5,-1366,-5.0,63,3.9,3232,3.9
"06081","3","1026","73","0","2023","A","",12,814,40589836,182128,5281,960,49895,"",1.01,0.75,0.37,0.05,0.07,0.50,0.50,"",0,0.0,94,13.1,2899342,7.7,21128,13.1,2705,105.0,-47,-4.7,-2459,-4.7
"06081","3","1028","73","0","2023","A","",61,8773,1143164471,2719160,82169,2506,130307,"",0.38,0.77,0.59,0.13,0.39,0.76,0.76,"",-1,-1.6,2,0.0,14214661,1.3,227346,9.1,6317,8.3,31,1.3,1596,1.2
"06081","3","22","74","0","2023","A","",11,374,45616439,457931,7490,2345,121942,"",0.52,0.54,0.31,0.31,0.54,0.57,0.57,"",0,0.0,-26,-6.5,1461386,3.3,-13376,-2.8,-381,-4.8,220,10.4,11439,10.4
"06081","3","221","75","0","2023","A","",11,374,45616439,457931,7490,2345,121942,"",0.52,0.54,0.31,0.31,0.54,0.57,0.57,"",0,0.0,-26,-6.5,1461386,3.3,-13376,-2.8,-381,-4.8,220,10.4,11439,10.4
"06081","3","2213","76","0","2023","A","",11,374,45616439,457931,7490,2345,121942,"",0.60,0.82,0.54,0.41,0.74,0.65,0.65,"",0,0.0,-26,-6.5,1461386,3.3,-13376,-2.8,-381,-4.8,220,10.4,11439,10.4
"06081","3","22131","77","0","2023","A","",7,314,36511973,147541,2214,2240,116466,"",0.56,1.01,0.64,0.18,0.32,0.63,0.63,"",0,0.0,-17,-5.1,669191,1.9,-8979,-5.7,-305,-12.1,157,7.5,8152,7.5
"06081","3","221310","78","0","2023","A","",7,314,36511973,147541,2214,2240,116466,"",0.56,1.01,0.64,0.18,0.32,0.63,0.63,"",0,0.0,-17,-5.1,669191,1.9,-8979,-5.7,-305,-12.1,157,7.5,8152,7.5
"06081","3","22132","77","0","2023","A","",4,61,9104466,310390,5276,2890,150280,"",0.68,0.43,0.33,1.01,1.60,0.78,0.78,"",0,0.0,-8,-11.6,792195,9.5,-4397,-1.4,-76,-1.4,562,24.1,29228,24.1
"06081","3","221320","78","0","2023","A","",4,61,9104466,310390,5276,2890,150280,"",0.68,0.43,0.33,1.01,1.60,0.78,0.78,"",0,0.0,-8,-11.6,792195,9.5,-4397,-1.4,-76,-1.4,562,24.1,29228,24.1
"06081","3","23","74","0","2023","A","",5,160,16811881,0,0,2027,105404,"",0.46,0.55,0.38,0.00,0.00,0.69,0.69,"",0,0.0,22,15.9,2077454,14.1,0,0.0,0,0.0,-30,-1.5,-1561,-1.5
"06081","3","237","75","0","2023","A","",5,160,16811881,0,0,2027,105404,"",0.48,0.57,0.40,0.00,0.00,0.70,0.70,"",0,0.0,22,15.9,2077454,14.1,0,0.0,0,0.0,-30,-1.5,-1561,-1.5
"06081","3","2373","76","0","2023","A","",5,160,16811881,0,0,2027,105404,"",0.50,0.59,0.41,0.00,0.00,0.70,0.70,"",0,0.0,22,15.9,2077454,14.1,0,0.0,0,0.0,-30,-1.5,-1561,-1.5
"06081","3","23731","77","0","2023","A","",5,160,16811881,0,0,2027,105404,"",0.50,0.59,0.41,0.00,0.00,0.70,0.70,"",0,0.0,22,15.9,2077454,14.1,0,0.0,0,0.0,-30,-1.5,-1561,-1.5
"06081","3","237310","78","0","2023","A","",5,160,16811881,0,0,2027,105404,"",0.50,0.59,0.41,0.00,0.00,0.70,0.70,"",0,0.0,22,15.9,2077454,14.1,0,0.0,0,0.0,-30,-1.5,-1561,-1.5
"06081","3","48-49","74","0","2023","A","",10,716,65424177,291766,4376,1758,91417,"",1.34,0.88,0.43,0.34,0.38,0.49,0.49,"",0,0.0,36,5.3,5672432,9.5,47279,19.3,709,19.3,69,4.1,3590,4.1
"06081","3","485","75","0","2023","A","",4,577,53272938,0,0,1775,92287,"",0.89,0.88,0.45,0.00,0.00,0.51,0.51,"",0,0.0,26,4.7,4365112,8.9,0,0.0,0,0.0,67,3.9,3485,3.9
"06081","3","4851","76","0","2023","A","",2,466,44142822,0,0,1823,94795,"",1.54,0.98,0.44,0.00,0.00,0.45,0.45,"",0,0.0,-6,-1.3,1323194,3.1,0,0.0,0,0.0,77,4.4,4011,4.4
"06081","3","48511","77","0","2023","A","",2,466,44142822,0,0,1823,94795,"",1.54,0.98,0.44,0.00,0.00,0.45,0.45,"",0,0.0,-6,-1.3,1323194,3.1,0,0.0,0,0.0,77,4.4,4011,4.4
"06081","3","485113","78","0","2023","A","",2,466,44142822,0,0,1823,94795,"",2.11,2.66,1.34,0.00,0.00,0.50,0.50,"",0,0.0,-6,-1.3,1323194,3.1,0,0.0,0,0.0,77,4.4,4011,4.4
"06081","3","4854","76","0","2023","A","",2,112,9130116,0,0,1574,81823,"",0.71,0.70,0.59,0.00,0.00,0.84,0.84,"",0,0.0,33,41.8,3041918,50.0,0,0.0,0,0.0,94,6.4,4838,6.3
"06081","3","48541","77","0","2023","A","",2,112,9130116,0,0,1574,81823,"",0.71,0.70,0.59,0.00,0.00,0.84,0.84,"",0,0.0,33,41.8,3041918,50.0,0,0.0,0,0.0,94,6.4,4838,6.3
"06081","3","485410","78","0","2023","A","",2,112,9130116,0,0,1574,81823,"",0.71,0.70,0.59,0.00,0.00,0.84,0.84,"",0,0.0,33,41.8,3041918,50.0,0,0.0,0,0.0,94,6.4,4838,6.3
"06081","3","488","75","0","2023","A","",2,32,2908540,291766,4376,1743,90656,"",0.91,0.25,0.11,1.33,1.49,0.42,0.42,"",0,0.0,-5,-13.5,212209,7.9,47279,19.3,709,19.3,326,23.0,16952,23.0
"06081","3","4881","76","0","2023","A","",1,13,1149467,0,0,1722,89569,"",0.66,0.14,0.06,0.00,0.00,0.44,0.44,"",0,0.0,0,0.0,6132,0.5,0,0.0,0,0.0,63,3.8,3280,3.8
"06081","3","48811","77","0","2023","A","",1,13,1149467,0,0,1722,89569,"N",0.67,0,0,0,0,0,0,"",0,0.0,0,0.0,6132,0.5,0,0.0,0,0.0,63,3.8,3280,3.8
"06081","3","488119","78","0","2023","A","",1,13,1149467,0,0,1722,89569,"",0.71,0.15,0.06,0.00,0.00,0.44,0.44,"",0,0.0,0,0.0,6132,0.5,0,0.0,0,0.0,63,3.8,3280,3.8
"06081","3","4883","76","0","2023","A","",1,19,1759073,291766,4376,1757,91380,"",5.69,1.40,0.52,9.47,8.89,0.37,0.37,"",0,0.0,-4,-17.4,206077,13.3,47279,19.3,709,19.3,477,37.3,24823,37.3
"06081","3","48831","77","0","2023","A","",1,19,1759073,291766,4376,1757,91380,"",7.70,1.56,0.58,10.23,9.84,0.37,0.37,"",0,0.0,-4,-17.4,206077,13.3,47279,19.3,709,19.3,477,37.3,24823,37.3
"06081","3","488310","78","0","2023","A","",1,19,1759073,291766,4376,1757,91380,"",7.70,1.56,0.58,10.23,9.84,0.37,0.37,"",0,0.0,-4,-17.4,206077,13.3,47279,19.3,709,19.3,477,37.3,24823,37.3
"06081","3","493","75","0","2023","A","",4,106,9242699,0,0,1672,86922,"",6.31,4.75,2.57,0.00,0.00,0.54,0.54,"",0,0.0,13,14.0,1095111,13.4,0,0.0,0,0.0,-13,-0.8,-686,-0.8
"06081","3","4931","76","0","2023","A","",4,106,9242699,0,0,1672,86922,"",6.31,4.75,2.57,0.00,0.00,0.54,0.54,"",0,0.0,13,14.0,1095111,13.4,0,0.0,0,0.0,-13,-0.8,-686,-0.8
"06081","3","49311","77","0","2023","A","",4,106,9242699,0,0,1672,86922,"",6.77,4.94,2.67,0.00,0.00,0.54,0.54,"",0,0.0,13,14.0,1095111,13.4,0,0.0,0,0.0,-13,-0.8,-686,-0.8
"06081","3","493110","78","0","2023","A","",4,106,9242699,0,0,1672,86922,"",6.77,4.94,2.67,0.00,0.00,0.54,0.54,"",0,0.0,13,14.0,1095111,13.4,0,0.0,0,0.0,-13,-0.8,-686,-0.8
"06081","3","51","74","0","2023","A","",7,554,30326479,0,0,1053,54757,"",0.54,1.64,0.90,0.00,0.00,0.55,0.55,"",0,0.0,37,7.2,2012241,7.1,0,0.0,0,0.0,-1,-0.1,-36,-0.1
"06081","3","519","75","0","2023","A","",7,554,30326479,0,0,1053,54757,"",0.56,1.69,0.96,0.00,0.00,0.57,0.57,"",0,0.0,37,7.2,2012241,7.1,0,0.0,0,0.0,-1,-0.1,-36,-0.1
"06081","3","5192","76","0","2023","A","",7,554,30326479,0,0,1053,54757,"",0.56,1.69,0.96,0.00,0.00,0.57,0.57,"",0,0.0,37,7.2,2012241,7.1,0,0.0,0,0.0,-1,-0.1,-36,-0.1
"06081","3","51921","77","0","2023","A","",7,554,30326479,0,0,1053,54757,"N",0.56,0,0,0,0,0,0,"",0,0.0,37,7.2,2012241,7.1,0,0.0,0,0.0,-1,-0.1,-36,-0.1
"06081","3","519210","78","0","2023","A","",7,554,30326479,0,0,1053,54757,"N",0.56,0,0,0,0,0,0,"",0,0.0,37,7.2,2012241,7.1,0,0.0,0,0.0,-1,-0.1,-36,-0.1
"06081","3","52","74","0","2023","A","",1,325,34380536,2657757,53155,2032,105651,"",2.03,10.16,4.54,13.93,14.46,0.45,0.45,"",0,0.0,29,9.8,4542451,15.2,240961,10.0,-4848,-8.4,90,4.6,4676,4.6
"06081","3","524","75","0","2023","A","",1,325,34380536,2657757,53155,2032,105651,"",4.46,13.15,5.98,40.19,20.11,0.45,0.45,"",0,0.0,29,9.8,4542451,15.2,240961,10.0,-4848,-8.4,90,4.6,4676,4.6
"06081","3","5241","76","0","2023","A","",1,325,34380536,2657757,53155,2032,105651,"",9.82,16.63,7.64,46.70,22.29,0.46,0.46,"",0,0.0,29,9.8,4542451,15.2,240961,10.0,-4848,-8.4,90,4.6,4676,4.6
"06081","3","52411","77","0","2023","A","",1,325,34380536,2657757,53155,2032,105651,"",20.68,21.04,9.84,47.06,22.31,0.47,0.47,"",0,0.0,29,9.8,4542451,15.2,240961,10.0,-4848,-8.4,90,4.6,4676,4.6
"06081","3","524114","78","0","2023","A","",1,325,34380536,2657757,53155,2032,105651,"N",23.11,0,0,0,0,0,0,"",0,0.0,29,9.8,4542451,15.2,240961,10.0,-4848,-8.4,90,4.6,4676,4.6
"06081","3","53","74","0","2023","A","",2,8,512087,64187,963,1299,67528,"",0.46,0.08,0.04,0.10,0.09,0.48,0.48,"",0,0.0,5,166.7,202358,65.3,6714,11.7,101,11.7,-534,-29.1,-27773,-29.1
"06081","3","531","75","0","2023","A","",2,8,512087,64187,963,1299,67528,"",0.46,0.08,0.04,0.10,0.09,0.48,0.48,"",0,0.0,5,166.7,202358,65.3,6714,11.7,101,11.7,-534,-29.1,-27773,-29.1
"06081","3","5311","76","0","2023","A","",2,8,512087,64187,963,1299,67528,"",0.66,0.11,0.05,0.14,0.11,0.47,0.47,"",0,0.0,5,166.7,202358,65.3,6714,11.7,101,11.7,-534,-29.1,-27773,-29.1
"06081","3","53111","77","0","2023","A","",1,8,512087,64187,963,1299,67528,"",0.36,0.12,0.05,0.15,0.14,0.47,0.47,"",0,0.0,5,166.7,202358,65.3,6714,11.7,101,11.7,-534,-29.1,-27773,-29.1
"06081","3","531110","78","0","2023","A","",1,8,512087,64187,963,1299,67528,"",0.36,0.12,0.05,0.15,0.14,0.47,0.47,"",0,0.0,5,166.7,202358,65.3,6714,11.7,101,11.7,-534,-29.1,-27773,-29.1
"06081","3","53112","77","0","2023","A","",1,0,0,0,0,0,0,"",4.85,0.00,0.00,0.00,0.00,0.00,0.00,"",0,0.0,0,0.0,0,0.0,0,0.0,0,0.0,0,0.0,0,0.0
"06081","3","531120","78","0","2023","A","",1,0,0,0,0,0,0,"",4.85,0.00,0.00,0.00,0.00,0.00,0.00,"",0,0.0,0,0.0,0,0.0,0,0.0,0,0.0,0,0.0,0,0.0
"06081","3","54","74","0","2023","A","",1,7,774194,0,0,2179,113297,"",0.32,0.12,0.07,0.00,0.00,0.58,0.58,"",0,0.0,0,0.0,21614,2.9,0,0.0,0,0.0,111,5.4,5786,5.4
"06081","3","541","75","0","2023","A","",1,7,774194,0,0,2179,113297,"",0.32,0.12,0.07,0.00,0.00,0.58,0.58,"",0,0.0,0,0.0,21614,2.9,0,0.0,0,0.0,111,5.4,5786,5.4
"06081","3","5416","76","0","2023","A","",1,7,774194,0,0,2179,113297,"",2.25,1.33,0.67,0.00,0.00,0.52,0.52,"",0,0.0,0,0.0,21614,2.9,0,0.0,0,0.0,111,5.4,5786,5.4
"06081","3","54169","77","0","2023","A","",1,7,774194,0,0,2179,113297,"",7.02,5.78,2.71,0.00,0.00,0.48,0.48,"",0,0.0,0,0.0,21614,2.9,0,0.0,0,0.0,111,5.4,5786,5.4
"06081","3","541690","78","0","2023","A","",1,7,774194,0,0,2179,113297,"",7.02,5.78,2.71,0.00,0.00,0.48,0.48,"",0,0.0,0,0.0,21614,2.9,0,0.0,0,0.0,111,5.4,5786,5.4
"06081","3","56","74","0","2023","A","",2,377,45962770,0,0,2345,121917,"",0.22,1.83,1.58,0.00,0.00,0.86,0.86,"",0,0.0,71,23.2,7925724,20.8,0,0.0,0,0.0,-47,-2.0,-2489,-2.0
"06081","3","561","75","0","2023","A","",1,377,45962770,0,0,2345,121917,"",0.16,2.74,2.36,0.00,0.00,0.86,0.86,"",0,0.0,71,23.2,7925724,20.8,0,0.0,0,0.0,-47,-2.0,-2489,-2.0
"06081","3","5611","76","0","2023","A","",1,377,45962770,0,0,2345,121917,"",2.26,34.86,20.74,0.00,0.00,0.60,0.60,"",0,0.0,71,23.2,7925724,20.8,0,0.0,0,0.0,-47,-2.0,-2489,-2.0
"06081","3","56111","77","0","2023","A","",1,377,45962770,0,0,2345,121917,"",2.26,34.86,20.74,0.00,0.00,0.60,0.60,"",0,0.0,71,23.2,7925724,20.8,0,0.0,0,0.0,-47,-2.0,-2489,-2.0
"06081","3","561110","78","0","2023","A","",1,377,45962770,0,0,2345,121917,"",2.26,34.86,20.74,0.00,0.00,0.60,0.60,"",0,0.0,71,23.2,7925724,20.8,0,0.0,0,0.0,-47,-2.0,-2489,-2.0
"06081","3","562","75","0","2023","A","",1,0,0,0,0,0,0,"",0.34,0.00,0.00,0.00,0.00,0.00,0.00,"",0,0.0,0,0.0,0,0.0,0,0.0,0,0.0,0,0.0,0,0.0
"06081","3","5622","76","0","2023","A","",1,0,0,0,0,0,0,"",0.52,0.00,0.00,0.00,0.00,0.00,0.00,"",0,0.0,0,0.0,0,0.0,0,0.0,0,0.0,0,0.0,0,0.0
"06081","3","56221","77","0","2023","A","",1,0,0,0,0,0,0,"",0.52,0.00,0.00,0.00,0.00,0.00,0.00,"",0,0.0,0,0.0,0,0.0,0,0.0,0,0.0,0,0.0,0,0.0
"06081","3","562219","78","0","2023","A","",1,0,0,0,0,0,0,"",3.25,0.00,0.00,0.00,0.00,0.00,0.00,"",0,0.0,0,0.0,0,0.0,0,0.0,0,0.0,0,0.0,0,0.0
"06081","3","61","74","0","2023","A","",195,13389,1122982506,1252103,23444,1613,83877,"",1.15,0.62,0.37,0.08,0.23,0.59,0.59,"",1,0.5,367,2.8,73702431,7.0,18605,1.5,-2541,-9.8,63,4.1,3301,4.1
"06081","3","611","75","0","2023","A","",195,13389,1122982506,1252103,23444,1613,83877,"",1.15,0.62,0.37,0.08,0.23,0.59,0.59,"",1,0.5,367,2.8,73702431,7.0,18605,1.5,-2541,-9.8,63,4.1,3301,4.1
"06081","3","6111","76","0","2023","A","",191,11525,963748704,1252103,23444,1608,83622,"",1.18,0.58,0.34,0.09,0.25,0.59,0.59,"",1,0.5,302,2.7,61093365,6.8,18605,1.5,-2541,-9.8,61,3.9,3189,4.0
"06081","3","61111","77","0","2023","A","",191,11525,963748704,1252103,23444,1608,83622,"",1.18,0.58,0.34,0.09,0.25,0.59,0.59,"",1,0.5,302,2.7,61093365,6.8,18605,1.5,-2541,-9.8,61,3.9,3189,4.0
"06081","3","611110","78","0","2023","A","",191,11525,963748704,1252103,23444,1608,83622,"",1.18,0.58,0.34,0.09,0.25,0.59,0.59,"",1,0.5,302,2.7,61093365,6.8,18605,1.5,-2541,-9.8,61,3.9,3189,4.0
"06081","3","6112","76","0","2023","A","",4,1864,159233802,0,0,1643,85449,"",1.10,1.78,1.13,0.00,0.00,0.64,0.64,"",0,0.0,64,3.6,12609066,8.6,0,0.0,0,0.0,76,4.9,3979,4.9
"06081","3","61121","77","0","2023","A","",4,1864,159233802,0,0,1643,85449,"",1.10,1.78,1.13,0.00,0.00,0.64,0.64,"",0,0.0,64,3.6,12609066,8.6,0,0.0,0,0.0,76,4.9,3979,4.9
"06081","3","611210","78","0","2023","A","",4,1864,159233802,0,0,1643,85449,"",1.10,1.78,1.13,0.00,0.00,0.64,0.64,"",0,0.0,64,3.6,12609066,8.6,0,0.0,0,0.0,76,4.9,3979,4.9
"06081","3","62","74","0","2023","A","",2,1257,150041874,122694,2699,2295,119349,"",0.11,0.49,0.33,0.03,0.10,0.67,0.67,"",0,0.0,6,0.5,4832036,3.3,27403,28.8,1175,77.1,62,2.8,3228,2.8
"06081","3","621","75","0","2023","A","",1,11,1151354,122694,2699,1998,103882,"",0.17,0.05,0.03,0.20,0.38,0.62,0.62,"",0,0.0,-1,-8.3,13579,1.2,27403,28.8,1175,77.1,123,6.6,6358,6.5
"06081","3","6219","76","0","2023","A","",1,11,1151354,122694,2699,1998,103882,"",0.54,0.21,0.17,0.97,3.17,0.80,0.80,"",0,0.0,-1,-8.3,13579,1.2,27403,28.8,1175,77.1,123,6.6,6358,6.5
"06081","3","62199","77","0","2023","A","",1,11,1151354,122694,2699,1998,103882,"",3.54,2.06,1.68,11.22,90.05,0.81,0.81,"",0,0.0,-1,-8.3,13579,1.2,27403,28.8,1175,77.1,123,6.6,6358,6.5
"06081","3","621999","78","0","2023","A","",1,11,1151354,122694,2699,1998,103882,"",3.57,2.12,1.72,11.22,90.05,0.81,0.81,"",0,0.0,-1,-8.3,13579,1.2,27403,28.8,1175,77.1,123,6.6,6358,6.5
"06081","3","622","75","0","2023","A","",1,1246,148890520,0,0,2298,119487,"",0.28,0.66,0.42,0.00,0.00,0.63,0.63,"",0,0.0,7,0.6,4818457,3.3,0,0.0,0,0.0,62,2.8,3190,2.7
"06081","3","6221","76","0","2023","A","",1,1246,148890520,0,0,2298,119487,"",0.28,0.66,0.42,0.00,0.00,0.63,0.63,"",0,0.0,7,0.6,4818457,3.3,0,0.0,0,0.0,62,2.8,3190,2.7
"06081","3","62211","77","0","2023","A","",1,1246,148890520,0,0,2298,119487,"",0.28,0.66,0.42,0.00,0.00,0.63,0.63,"",0,0.0,7,0.6,4818457,3.3,0,0.0,0,0.0,62,2.8,3190,2.7
"06081","3","622110","78","0","2023","A","",1,1246,148890520,0,0,2298,119487,"",0.28,0.66,0.42,0.00,0.00,0.63,0.63,"",0,0.0,7,0.6,4818457,3.3,0,0.0,0,0.0,62,2.8,3190,2.7
"06081","3","71","74","0","2023","A","",9,781,38884294,182128,5281,958,49814,"",0.90,0.97,0.51,0.08,0.12,0.53,0.53,"",0,0.0,90,13.0,2690855,7.4,21128,13.1,2705,105.0,-50,-5.0,-2577,-4.9
"06081","3","711","75","0","2023","A","",2,115,4418779,0,0,737,38313,"",4.46,5.88,2.60,0.00,0.00,0.44,0.44,"",0,0.0,23,25.0,22309,0.5,0,0.0,0,0.0,-183,-19.9,-9518,-19.9
"06081","3","7113","76","0","2023","A","",2,115,4418779,0,0,737,38313,"",5.42,7.13,3.28,0.00,0.00,0.46,0.46,"",0,0.0,23,25.0,22309,0.5,0,0.0,0,0.0,-183,-19.9,-9518,-19.9
"06081","3","71131","77","0","2023","A","",2,115,4418779,0,0,737,38313,"N",5.69,0,0,0,0,0,0,"",0,0.0,23,25.0,22309,0.5,0,0.0,0,0.0,-183,-19.9,-9518,-19.9
"06081","3","711310","78","0","2023","A","",2,115,4418779,0,0,737,38313,"N",5.69,0,0,0,0,0,0,"",0,0.0,23,25.0,22309,0.5,0,0.0,0,0.0,-183,-19.9,-9518,-19.9
"06081","3","712","75","0","2023","A","",1,18,2279238,182128,5281,2469,128408,"",0.54,0.16,0.23,2.19,5.46,1.46,1.46,"",0,0.0,-1,-5.3,701993,44.5,21128,13.1,2705,105.0,886,56.0,46117,56.0
"06081","3","7121","76","0","2023","A","",1,18,2279238,182128,5281,2469,128408,"",0.54,0.16,0.23,2.19,5.46,1.46,1.46,"",0,0.0,-1,-5.3,701993,44.5,21128,13.1,2705,105.0,886,56.0,46117,56.0
"06081","3","71219","77","0","2023","A","",1,18,2279238,182128,5281,2469,128408,"",0.74,0.19,0.27,3.05,6.02,1.50,1.50,"",0,0.0,-1,-5.3,701993,44.5,21128,13.1,2705,105.0,886,56.0,46117,56.0
"06081","3","712190","78","0","2023","A","",1,18,2279238,182128,5281,2469,128408,"",0.74,0.19,0.27,3.05,6.02,1.50,1.50,"",0,0.0,-1,-5.3,701993,44.5,21128,13.1,2705,105.0,886,56.0,46117,56.0
"06081","3","713","75","0","2023","A","",6,648,32186277,0,0,956,49709,"",0.78,0.96,0.50,0.00,0.00,0.52,0.52,"",0,0.0,68,11.7,1966553,6.5,0,0.0,0,0.0,-46,-4.6,-2416,-4.6
"06081","3","7139","76","0","2023","A","",6,648,32186277,0,0,956,49709,"",0.89,1.77,1.28,0.00,0.00,0.73,0.73,"",0,0.0,68,11.7,1966553,6.5,0,0.0,0,0.0,-46,-4.6,-2416,-4.6
"06081","3","71394","77","0","2023","A","",2,194,8056481,0,0,799,41546,"",0.67,1.31,0.94,0.00,0.00,0.72,0.71,"",0,0.0,17,9.6,550740,7.3,0,0.0,0,0.0,-18,-2.2,-919,-2.2
"06081","3","713940","78","0","2023","A","",2,194,8056481,0,0,799,41546,"",0.67,1.31,0.94,0.00,0.00,0.72,0.71,"",0,0.0,17,9.6,550740,7.3,0,0.0,0,0.0,-18,-2.2,-919,-2.2
"06081","3","71399","77","0","2023","A","",4,454,24129796,0,0,1023,53198,"",1.29,2.31,1.60,0.00,0.00,0.70,0.70,"",0,0.0,51,12.7,1415813,6.2,0,0.0,0,0.0,-61,-5.6,-3164,-5.6
"06081","3","713990","78","0","2023","A","",4,454,24129796,0,0,1023,53198,"",1.29,2.31,1.60,0.00,0.00,0.70,0.70,"",0,0.0,51,12.7,1415813,6.2,0,0.0,0,0.0,-61,-5.6,-3164,-5.6
"06081","3","72","74","0","2023","A","",3,33,1705542,0,0,996,51814,"",1.67,0.12,0.05,0.00,0.00,0.44,0.44,"",0,0.0,4,13.8,208487,13.9,0,0.0,0,0.0,6,0.6,339,0.7
"06081","3","722","75","0","2023","A","",3,33,1705542,0,0,996,51814,"",2.26,1.07,0.75,0.00,0.00,0.70,0.70,"",0,0.0,4,13.8,208487,13.9,0,0.0,0,0.0,6,0.6,339,0.7
"06081","3","7225","76","0","2023","A","",3,33,1705542,0,0,996,51814,"",3.57,1.83,1.31,0.00,0.00,0.72,0.72,"",0,0.0,4,13.8,208487,13.9,0,0.0,0,0.0,6,0.6,339,0.7
"06081","3","72251","77","0","2023","A","",3,33,1705542,0,0,996,51814,"",3.57,1.83,1.31,0.00,0.00,0.72,0.72,"",0,0.0,4,13.8,208487,13.9,0,0.0,0,0.0,6,0.6,339,0.7
"06081","3","722514","78","0","2023","A","",3,33,1705542,0,0,996,51814,"",4.06,2.28,1.79,0.00,0.00,0.78,0.79,"",0,0.0,4,13.8,208487,13.9,0,0.0,0,0.0,6,0.6,339,0.7
"06081","3","92","74","0","2023","A","",61,8773,1143164471,2719160,82169,2506,130307,"",0.38,0.77,0.59,0.13,0.39,0.76,0.76,"",-1,-1.6,2,0.0,14214661,1.3,227346,9.1,6317,8.3,31,1.3,1596,1.2
"06081","3","921","75","0","2023","A","",28,3862,422971887,999646,35546,2106,109526,"",0.30,0.51,0.37,0.06,0.23,0.72,0.72,"",-1,-3.4,9,0.2,22784627,5.7,56127,5.9,-1712,-4.6,109,5.5,5667,5.5
"06081","3","9211","76","0","2023","A","",28,3862,422971887,999646,35546,2106,109526,"",0.30,0.51,0.37,0.06,0.23,0.72,0.72,"",-1,-3.4,9,0.2,22784627,5.7,56127,5.9,-1712,-4.6,109,5.5,5667,5.5
"06081","3","92113","77","0","2023","A","",5,344,39329771,0,0,2198,114275,"",0.77,1.74,1.16,0.00,0.00,0.66,0.66,"",0,0.0,12,3.6,2826623,7.7,0,0.0,0,0.0,85,4.0,4408,4.0
"06081","3","921130","78","0","2023","A","",5,344,39329771,0,0,2198,114275,"",0.77,1.74,1.16,0.00,0.00,0.66,0.66,"",0,0.0,12,3.6,2826623,7.7,0,0.0,0,0.0,85,4.0,4408,4.0
"06081","3","92114","77","0","2023","A","",22,3515,383120008,978646,35231,2096,109006,"",0.41,0.72,0.52,0.10,0.63,0.72,0.72,"",-1,-4.3,-3,-0.1,19933943,5.5,56127,6.1,-1670,-4.5,111,5.6,5767,5.6
"06081","3","921140","78","0","2023","A","",22,3515,383120008,978646,35231,2096,109006,"",0.41,0.72,0.52,0.10,0.63,0.72,0.72,"",-1,-4.3,-3,-0.1,19933943,5.5,56127,6.1,-1670,-4.5,111,5.6,5767,5.6
"06081","3","92119","77","0","2023","A","",1,3,522108,21000,315,3347,174036,"",0.08,0.00,0.00,0.01,0.03,1.15,1.15,"",0,0.0,0,0.0,24061,4.8,0,0.0,-42,-11.8,154,4.8,8020,4.8
"06081","3","921190","78","0","2023","A","",1,3,522108,21000,315,3347,174036,"",0.08,0.00,0.00,0.01,0.03,1.15,1.15,"",0,0.0,0,0.0,24061,4.8,0,0.0,-42,-11.8,154,4.8,8020,4.8
"06081","3","922","75","0","2023","A","",14,2544,443126926,422365,6336,3349,174162,"",0.41,0.99,0.78,0.17,0.30,0.79,0.79,"",0,0.0,-250,-8.9,-27611809,-5.9,46534,12.4,698,12.4,109,3.4,5690,3.4
"06081","3","9221","76","0","2023","A","",14,2544,443126926,422365,6336,3349,174162,"",0.41,0.99,0.78,0.17,0.30,0.79,0.79,"",0,0.0,-250,-8.9,-27611809,-5.9,46534,12.4,698,12.4,109,3.4,5690,3.4
"06081","3","92212","77","0","2023","A","",2,208,36038921,0,0,3336,173473,"",0.22,0.18,0.15,0.00,0.00,0.81,0.81,"",0,0.0,-12,-5.5,1334920,3.8,0,0.0,0,0.0,302,10.0,15728,10.0
"06081","3","922120","78","0","2023","A","",2,208,36038921,0,0,3336,173473,"",0.22,0.18,0.15,0.00,0.00,0.81,0.81,"",0,0.0,-12,-5.5,1334920,3.8,0,0.0,0,0.0,302,10.0,15728,10.0
"06081","3","92216","77","0","2023","A","",7,356,100789187,422365,6336,5442,282983,"",0.51,0.60,0.75,0.31,0.51,1.26,1.26,"",0,0.0,-26,-6.8,5256881,5.5,46534,12.4,698,12.4,635,13.2,33007,13.2
"06081","3","922160","78","0","2023","A","",7,356,100789187,422365,6336,5442,282983,"",0.51,0.60,0.75,0.31,0.51,1.26,1.26,"",0,0.0,-26,-6.8,5256881,5.5,46534,12.4,698,12.4,635,13.2,33007,13.2
"06081","3","92219","77","0","2023","A","",5,1980,306298818,0,0,2974,154664,"",2.60,5.86,3.03,0.00,0.00,0.52,0.52,"",0,0.0,-212,-9.7,-34203610,-10.0,0,0.0,0,0.0,-13,-0.4,-675,-0.4
"06081","3","922190","78","0","2023","A","",5,1980,306298818,0,0,2974,154664,"",2.60,5.86,3.03,0.00,0.00,0.52,0.52,"",0,0.0,-212,-9.7,-34203610,-10.0,0,0.0,0,0.0,-13,-0.4,-675,-0.4
"06081","3","923","75","0","2023","A","",5,1588,196512305,35000,525,2380,123735,"",0.89,2.63,1.82,0.06,0.07,0.69,0.69,"",0,0.0,282,21.6,22397811,12.9,0,0.0,0,0.0,-183,-7.1,-9567,-7.2
"06081","3","9231","76","0","2023","A","",5,1588,196512305,35000,525,2380,123735,"",0.89,2.63,1.82,0.06,0.07,0.69,0.69,"",0,0.0,282,21.6,22397811,12.9,0,0.0,0,0.0,-183,-7.1,-9567,-7.2
"06081","3","92312","77","0","2023","A","",3,35,4265835,35000,525,2322,120731,"",1.00,0.16,0.11,0.09,0.11,0.68,0.68,"",0,0.0,-3,-7.9,-392361,-8.4,0,0.0,0,0.0,-41,-1.7,-2123,-1.7
"06081","3","923120","78","0","2023","A","",3,35,4265835,35000,525,2322,120731,"",1.00,0.16,0.11,0.09,0.11,0.68,0.68,"",0,0.0,-3,-7.9,-392361,-8.4,0,0.0,0,0.0,-41,-1.7,-2123,-1.7
"06081","3","92313","77","0","2023","A","",2,1553,192246470,0,0,2381,123804,"",1.47,5.02,3.25,0.00,0.00,0.65,0.65,"",0,0.0,285,22.5,22790172,13.4,0,0.0,0,0.0,-189,-7.4,-9810,-7.3
"06081","3","923130","78","0","2023","A","",2,1553,192246470,0,0,2381,123804,"",1.47,5.02,3.25,0.00,0.00,0.65,0.65,"",0,0.0,285,22.5,22790172,13.4,0,0.0,0,0.0,-189,-7.4,-9810,-7.3
"06081","3","924","75","0","2023","A","",8,199,23037845,576316,18043,2228,115865,"",0.75,0.71,0.50,1.37,2.72,0.71,0.71,"",0,0.0,-42,-17.4,-5740482,-19.9,64608,12.6,5684,46.0,-69,-3.0,-3588,-3.0
"06081","3","9241","76","0","2023","A","",8,199,23037845,576316,18043,2228,115865,"",0.75,0.71,0.50,1.37,2.72,0.71,0.71,"",0,0.0,-42,-17.4,-5740482,-19.9,64608,12.6,5684,46.0,-69,-3.0,-3588,-3.0
"06081","3","92411","77","0","2023","A","",6,167,21199745,87119,5401,2440,126881,"",1.41,1.04,0.65,0.54,2.39,0.62,0.62,"",0,0.0,-43,-20.5,-5819491,-21.5,35700,69.4,2213,69.4,-36,-1.5,-1884,-1.5
"06081","3","924110","78","0","2023","A","",6,167,21199745,87119,5401,2440,126881,"",1.41,1.04,0.65,0.54,2.39,0.62,0.62,"",0,0.0,-43,-20.5,-5819491,-21.5,35700,69.4,2213,69.4,-36,-1.5,-1884,-1.5
"06081","3","92412","77","0","2023","A","",2,32,1838100,489197,12642,1113,57893,"",0.31,0.27,0.14,1.89,2.89,0.53,0.53,"",0,0.0,1,3.2,79009,4.5,28908,6.3,3471,37.8,25,2.3,1300,2.3
"06081","3","924120","78","0","2023","A","",2,32,1838100,489197,12642,1113,57893,"",0.31,0.27,0.14,1.89,2.89,0.53,0.53,"",0,0.0,1,3.2,79009,4.5,28908,6.3,3471,37.8,25,2.3,1300,2.3
"06081","3","925","75","0","2023","A","",2,55,5950622,442589,6639,2084,108357,"",0.21,0.25,0.17,0.39,0.49,0.67,0.67,"",0,0.0,0,0.0,703739,13.4,43589,10.9,626,10.4,260,14.3,13534,14.3
"06081","3","9251","76","0","2023","A","",2,55,5950622,442589,6639,2084,108357,"",0.21,0.25,0.17,0.39,0.49,0.67,0.67,"",0,0.0,0,0.0,703739,13.4,43589,10.9,626,10.4,260,14.3,13534,14.3
"06081","3","92511","77","0","2023","A","",1,51,5349837,411569,6174,2034,105763,"",0.16,0.37,0.23,0.47,0.61,0.63,0.63,"",0,0.0,0,0.0,657842,14.0,40569,10.9,609,10.9,276,15.7,14360,15.7
"06081","3","925110","78","0","2023","A","",1,51,5349837,411569,6174,2034,105763,"",0.16,0.37,0.23,0.47,0.61,0.63,0.63,"",0,0.0,0,0.0,657842,14.0,40569,10.9,609,10.9,276,15.7,14360,15.7
"06081","3","92512","77","0","2023","A","",1,4,600785,31020,465,2666,138643,"",0.29,0.05,0.05,0.12,0.14,0.93,0.93,"",0,0.0,0,0.0,45897,8.3,3020,10.8,17,3.8,-2,-0.1,-79,-0.1
"06081","3","925120","78","0","2023","A","",1,4,600785,31020,465,2666,138643,"",0.29,0.05,0.05,0.12,0.14,0.93,0.93,"",0,0.0,0,0.0,45897,8.3,3020,10.8,17,3.8,-2,-0.1,-79,-0.1
"06081","3","926","75","0","2023","A","",4,525,51564886,243244,15080,1890,98266,"",0.55,2.73,1.37,0.62,2.01,0.50,0.50,"",0,0.0,4,0.8,1680775,3.4,16488,7.3,1021,7.3,50,2.7,2596,2.7
"06081","3","9261","76","0","2023","A","",4,525,51564886,243244,15080,1890,98266,"",0.55,2.73,1.37,0.62,2.01,0.50,0.50,"",0,0.0,4,0.8,1680775,3.4,16488,7.3,1021,7.3,50,2.7,2596,2.7
"06081","3","92611","77","0","2023","A","",1,434,43246071,0,0,1918,99741,"",0.63,12.57,6.47,0.00,0.00,0.52,0.52,"",0,0.0,-2,-0.5,1138582,2.7,0,0.0,0,0.0,61,3.3,3164,3.3
"06081","3","926110","78","0","2023","A","",1,434,43246071,0,0,1918,99741,"",0.63,12.57,6.47,0.00,0.00,0.52,0.52,"",0,0.0,-2,-0.5,1138582,2.7,0,0.0,0,0.0,61,3.3,3164,3.3
"06081","3","92612","77","0","2023","A","",1,42,4111021,0,0,1901,98862,"",0.97,0.57,0.25,0.00,0.00,0.44,0.44,"",0,0.0,3,7.7,132238,3.3,0,0.0,0,0.0,-82,-4.1,-4260,-4.1
"06081","3","926120","78","0","2023","A","",1,42,4111021,0,0,1901,98862,"",0.97,0.57,0.25,0.00,0.00,0.44,0.44,"",0,0.0,3,7.7,132238,3.3,0,0.0,0,0.0,-82,-4.1,-4260,-4.1
"06081","3","92613","77","0","2023","A","",2,50,4207794,243244,15080,1632,84863,"",1.79,1.40,0.61,4.67,10.16,0.44,0.44,"",0,0.0,3,6.4,409955,10.8,16488,7.3,1021,7.3,73,4.7,3770,4.6
"06081","3","926130","78","0","2023","A","",2,50,4207794,243244,15080,1632,84863,"",1.79,1.40,0.61,4.67,10.16,0.44,0.44,"",0,0.0,3,6.4,409955,10.8,16488,7.3,1021,7.3,73,4.7,3770,4.6
"06081","5","10","71","0","2023","A","",29820,390970,70300898415,3507831403,97667661,3458,179812,"",1.01,1.08,1.11,1.02,1.00,1.03,1.03,"",485,1.7,-1150,-0.3,6408591807,10.0,-46099575,-1.3,-5014316,-4.9,325,10.4,16871,10.4
"06081","5","101","72","0","2023","A","",2824,41838,6405293617,397090507,12450975,2944,153098,"",0.76,0.67,0.54,0.56,0.50,0.80,0.80,"",6,0.2,-3105,-6.9,-455769229,-6.6,-21911448,-5.2,-943685,-7.0,8,0.3,435,0.3
"06081","5","1011","73","0","2023","A","",131,1508,111760055,14668610,375738,1425,74091,"",0.35,0.30,0.13,0.24,0.16,0.44,0.44,"",0,0.0,-137,-8.3,-10658815,-8.7,-1230299,-7.7,-21878,-5.5,-6,-0.4,-324,-0.4
"06081","5","1012","73","0","2023","A","",2023,17409,1850745675,172068584,6486079,2044,106311,"",0.86,0.80,0.46,0.64,0.53,0.57,0.57,"",14,0.7,-223,-1.3,65893584,3.7,-1143898,-0.7,101411,1.6,97,5.0,5083,5.0
"06081","5","1013","73","0","2023","A","",670,22921,4442787887,210353313,5589158,3728,193833,"",0.67,0.65,0.63,0.56,0.55,0.97,0.97,"",-8,-1.2,-2744,-10.7,-511003998,-10.3,-19537251,-8.5,-1023218,-15.5,16,0.4,819,0.4
"06081","5","102","72","0","2023","A","",26995,349132,63895604798,3110740896,85216686,3519,183013,"",1.05,1.17,1.25,1.13,1.18,1.07,1.07,"",478,1.8,1954,0.6,6864361036,12.0,-24188127,-0.8,-4070631,-4.6,360,11.4,18742,11.4
"06081","5","1021","73","0","2023","A","",3334,65695,5946467775,573348144,14021351,1741,90516,"",0.64,0.83,0.52,0.75,0.76,0.62,0.62,"",-24,-0.7,879,1.4,570972835,10.6,-18663347,-3.2,-899038,-6.0,146,9.2,7581,9.1
"06081","5","1022","73","0","2023","A","",703,53189,24598043107,460569127,12343902,8894,462468,"",0.97,6.50,8.06,4.68,4.30,1.24,1.24,"",-9,-1.3,-7147,-11.8,3212817971,15.0,-64390273,-12.3,-2886954,-19.0,2078,30.5,108032,30.5
"06081","5","1023","73","0","2023","A","",2788,22708,5869154611,203016026,5746690,4970,258458,"",1.03,0.95,0.86,0.81,0.91,0.90,0.90,"",-7,-0.3,-886,-3.8,-282895524,-4.6,-45199686,-18.2,-1252655,-17.9,-44,-0.9,-2286,-0.9
"06081","5","1024","73","0","2023","A","",5392,96368,19895309372,984800152,31165915,3970,206452,"",0.86,1.55,1.37,1.40,1.51,0.88,0.88,"",102,1.9,3741,4.0,2789341889,16.3,67721374,7.4,623962,2.0,419,11.8,21776,11.8
"06081","5","1025","73","0","2023","A","",9080,55609,4861985364,382902300,9952898,1681,87431,"",1.73,0.83,0.48,0.92,0.95,0.58,0.58,"",381,4.4,2195,4.1,372772245,8.3,14984296,4.1,565270,6.0,65,4.0,3385,4.0
"06081","5","1026","73","0","2023","A","",2407,42211,1797273143,395303851,9059134,819,42579,"",0.98,0.93,0.52,1.02,0.88,0.56,0.56,"",52,2.2,2954,7.5,209312118,13.2,23062847,6.2,-22677,-0.2,41,5.3,2129,5.3
"06081","5","1027","73","0","2023","A","",3243,13298,921194240,109482078,2881923,1332,69275,"",1.45,1.06,0.60,1.00,0.98,0.57,0.57,"",-41,-1.2,184,1.4,-11331245,-1.2,-2411597,-2.2,-222638,-7.2,-35,-2.6,-1834,-2.6
"06081","5","1029","73","0","2023","A","",50,54,6177186,1319218,44873,2200,114392,"",0.06,0.07,0.04,0.13,0.09,0.62,0.61,"",25,100.0,34,170.0,3370747,120.1,708259,115.9,24099,116.0,-465,-17.4,-24198,-17.5
"06081","5","11","74","0","2023","A","",126,1440,96918792,14069245,355876,1294,67305,"",0.43,0.42,0.26,0.35,0.22,0.61,0.62,"",0,0.0,-137,-8.7,-13209684,-12.0,-1249552,-8.2,-24673,-6.5,-49,-3.6,-2529,-3.6
"06081","5","111","75","0","2023","A","",66,1083,76252973,10599025,264373,1354,70393,"",0.50,0.73,0.49,0.62,0.39,0.67,0.67,"",-2,-2.9,-154,-12.4,-15604077,-17.0,-1348015,-11.3,-31579,-10.7,-75,-5.2,-3890,-5.2
"06081","5","1112","76","0","2023","A","N",12,0,0,0,0,0,0,"N",0.88,0,0,0,0,0,0,"N",-2,-14.3,0,0,0,0,0,0,0,0,0,0,0,0
"06081","5","11121","77","0","2023","A","N",12,0,0,0,0,0,0,"N",0.88,0,0,0,0,0,0,"N",-2,-14.3,0,0,0,0,0,0,0,0,0,0,0,0
"06081","5","111219","78","0","2023","A","N",12,0,0,0,0,0,0,"N",1.09,0,0,0,0,0,0,"N",-2,-14.3,0,0,0,0,0,0,0,0,0,0,0,0
"06081","5","1113","76","0","2023","A","N",6,0,0,0,0,0,0,"N",0.23,0,0,0,0,0,0,"N",0,0.0,0,0,0,0,0,0,0,0,0,0,0,0
"06081","5","11133","77","0","2023","A","N",6,0,0,0,0,0,0,"N",0.24,0,0,0,0,0,0,"N",0,0.0,0,0,0,0,0,0,0,0,0,0,0,0
"06081","5","111332","78","0","2023","A","N",2,0,0,0,0,0,0,"N",0.43,0,0,0,0,0,0,"N",0,0.0,0,0,0,0,0,0,0,0,0,0,0,0
"06081","5","111333","78","0","2023","A","N",1,0,0,0,0,0,0,"N",0.76,0,0,0,0,0,0,"N",0,0.0,0,0,0,0,0,0,0,0,0,0,0,0
"06081","5","111335","78","0","2023","A","N",2,0,0,0,0,0,0,"N",0.36,0,0,0,0,0,0,"N",0,0.0,0,0,0,0,0,0,0,0,0,0,0,0
"06081","5","111339","78","0","2023","A","N",1,0,0,0,0,0,0,"N",0.18,0,0,0,0,0,0,"N",0,0.0,0,0,0,0,0,0,0,0,0,0,0,0
"06081","5","1114","76","0","2023","A","",39,677,59418066,6787547,176296,1687,87745,"",1.52,1.41,1.17,1.31,1.02,0.82,0.82,"",2,5.4,-133,-16.4,-15219910,-20.4,-1298618,-16.1,-25942,-12.8,-86,-4.9,-4429,-4.8
"06081","5","11141","77","0","2023","A","",12,399,45987539,4384989,135471,2215,115185,"",1.69,3.08,3.14,2.78,2.38,1.02,1.02,"",3,33.3,-98,-19.7,-14161874,-23.5,-686207,-13.5,-7580,-5.3,-111,-4.8,-5759,-4.8
"06081","5","111411","78","0","2023","A","",7,75,3350918,1150269,29216,865,44979,"",9.05,2.87,1.13,5.03,4.24,0.40,0.40,"",3,75.0,2,2.7,465401,16.1,367949,47.0,13140,81.7,107,14.1,5541,14.0
"06081","5","111419","78","0","2023","A","",5,325,42636621,3234720,106255,2525,131291,"",0.79,3.14,3.65,2.40,2.12,1.17,1.16,"",0,0.0,-99,-23.3,-14627275,-25.5,-1054156,-24.6,-20720,-16.3,-71,-2.7,-3712,-2.7
"06081","5","11142","77","0","2023","A","",27,278,13430527,2402558,40825,929,48326,"",1.45,0.80,0.37,0.67,0.35,0.46,0.46,"",-1,-3.6,-34,-10.9,-1058036,-7.3,-612411,-20.3,-18362,-31.0,37,4.1,1950,4.2
"06081","5","111421","78","0","2023","A","",12,186,10189113,1636085,27439,1053,54780,"",0.92,0.80,0.41,0.66,0.33,0.51,0.51,"",0,0.0,0,0.0,182,0.0,-28435,-1.7,-267,-1.0,1,0.1,74,0.1
"06081","5","111422","78","0","2023","A","",15,92,3241414,766473,13386,678,35265,"",2.69,0.79,0.28,0.67,0.39,0.36,0.36,"",-1,-6.2,-34,-27.0,-1058218,-24.6,-583976,-43.2,-18095,-57.5,23,3.5,1186,3.5
"06081","5","1119","76","0","2023","A","",9,213,9909923,1795842,32286,895,46562,"",0.30,1.15,0.47,0.74,0.40,0.41,0.41,"",-1,-10.0,-14,-6.2,-562257,-5.4,-65562,-3.5,-2595,-7.4,8,0.9,463,1.0
"06081","5","11194","77","0","2023","A","N",2,0,0,0,0,0,0,"N",0.44,0,0,0,0,0,0,"N",0,0.0,0,0,0,0,0,0,0,0,0,0,0,0
"06081","5","111940","78","0","2023","A","N",2,0,0,0,0,0,0,"N",0.44,0,0,0,0,0,0,"N",0,0.0,0,0,0,0,0,0,0,0,0,0,0,0
"06081","5","11199","77","0","2023","A","N",7,0,0,0,0,0,0,"N",0.41,0,0,0,0,0,0,"N",-1,-12.5,0,0,0,0,0,0,0,0,0,0,0,0
"06081","5","111998","78","0","2023","A","N",7,0,0,0,0,0,0,"N",0.45,0,0,0,0,0,0,"N",-1,-12.5,0,0,0,0,0,0,0,0,0,0,0,0
"06081","5","112","75","0","2023","A","",15,60,3544646,508716,15101,1136,59077,"",0.21,0.08,0.04,0.06,0.11,0.50,0.50,"",0,0.0,22,57.9,1714254,93.7,164313,47.7,6167,69.0,220,24.0,11431,24.0
"06081","5","1121","76","0","2023","A","",5,19,946238,142841,2932,954,49585,"",0.11,0.04,0.02,0.03,0.04,0.44,0.44,"",0,0.0,1,5.6,75840,8.7,-20376,-12.5,-896,-23.4,11,1.2,548,1.1
"06081","5","11211","77","0","2023","A","",5,19,946238,142841,2932,954,49585,"",0.18,0.12,0.05,0.08,0.11,0.44,0.44,"",0,0.0,1,5.6,75840,8.7,-20376,-12.5,-896,-23.4,11,1.2,548,1.1
"06081","5","112111","78","0","2023","A","",5,19,946238,142841,2932,954,49585,"",0.20,0.17,0.08,0.11,0.14,0.47,0.47,"",0,0.0,1,5.6,75840,8.7,-20376,-12.5,-896,-23.4,11,1.2,548,1.1
"06081","5","1122","76","0","2023","A","N",1,0,0,0,0,0,0,"N",0.16,0,0,0,0,0,0,"N",0,0.0,0,0,0,0,0,0,0,0,0,0,0,0
"06081","5","11221","77","0","2023","A","N",1,0,0,0,0,0,0,"N",0.16,0,0,0,0,0,0,"N",0,0.0,0,0,0,0,0,0,0,0,0,0,0,0
"06081","5","112210","78","0","2023","A","N",1,0,0,0,0,0,0,"N",0.16,0,0,0,0,0,0,"N",0,0.0,0,0,0,0,0,0,0,0,0,0,0,0
"06081","5","1123","76","0","2023","A","N",1,0,0,0,0,0,0,"N",0.16,0,0,0,0,0,0,"N",0,0.0,0,0,0,0,0,0,0,0,0,0,0,0
"06081","5","11231","77","0","2023","A","N",1,0,0,0,0,0,0,"N",0.47,0,0,0,0,0,0,"N",0,0.0,0,0,0,0,0,0,0,0,0,0,0,0
"06081","5","112310","78","0","2023","A","N",1,0,0,0,0,0,0,"N",0.47,0,0,0,0,0,0,"N",0,0.0,0,0,0,0,0,0,0,0,0,0,0,0
"06081","5","1125","76","0","2023","A","N",1,0,0,0,0,0,0,"N",0.38,0,0,0,0,0,0,"N",1,100.0,0,0,0,0,0,0,0,0,0,0,0,0
"06081","5","11251","77","0","2023","A","N",1,0,0,0,0,0,0,"N",0.38,0,0,0,0,0,0,"N",1,100.0,0,0,0,0,0,0,0,0,0,0,0,0
"06081","5","112519","78","0","2023","A","N",1,0,0,0,0,0,0,"N",1.84,0,0,0,0,0,0,"N",1,100.0,0,0,0,0,0,0,0,0,0,0,0,0
"06081","5","1129","76","0","2023","A","",7,14,996260,117754,3812,1337,69507,"",0.64,0.23,0.13,0.20,0.29,0.56,0.56,"",-1,-12.5,1,7.7,216668,27.8,17550,17.5,530,16.1,161,13.7,8363,13.7
"06081","5","11292","77","0","2023","A","N",5,0,0,0,0,0,0,"N",1.24,0,0,0,0,0,0,"N",-1,-16.7,0,0,0,0,0,0,0,0,0,0,0,0
"06081","5","112920","78","0","2023","A","N",5,0,0,0,0,0,0,"N",1.24,0,0,0,0,0,0,"N",-1,-16.7,0,0,0,0,0,0,0,0,0,0,0,0
"06081","5","11299","77","0","2023","A","N",2,0,0,0,0,0,0,"N",0.45,0,0,0,0,0,0,"N",0,0.0,0,0,0,0,0,0,0,0,0,0,0,0
"06081","5","112990","78","0","2023","A","N",2,0,0,0,0,0,0,"N",0.45,0,0,0,0,0,0,"N",0,0.0,0,0,0,0,0,0,0,0,0,0,0,0
"06081","5","113","75","0","2023","A","N",1,0,0,0,0,0,0,"N",0.04,0,0,0,0,0,0,"N",0,0.0,0,0,0,0,0,0,0,0,0,0,0,0
"06081","5","1132","76","0","2023","A","N",1,0,0,0,0,0,0,"N",1.12,0,0,0,0,0,0,"N",0,0.0,0,0,0,0,0,0,0,0,0,0,0,0
"06081","5","11321","77","0","2023","A","N",1,0,0,0,0,0,0,"N",1.12,0,0,0,0,0,0,"N",0,0.0,0,0,0,0,0,0,0,0,0,0,0,0
"06081","5","113210","78","0","2023","A","N",1,0,0,0,0,0,0,"N",1.12,0,0,0,0,0,0,"N",0,0.0,0,0,0,0,0,0,0,0,0,0,0,0
"06081","5","114","75","0","2023","A","N",9,0,0,0,0,0,0,"N",1.25,0,0,0,0,0,0,"N",1,12.5,0,0,0,0,0,0,0,0,0,0,0,0
"06081","5","1141","76","0","2023","A","",8,7,417119,103722,5342,1234,64172,"",1.41,0.44,0.13,0.29,0.21,0.31,0.31,"",1,14.3,3,75.0,91137,28.0,1956,1.9,204,4.0,-271,-18.0,-14064,-18.0
"06081","5","11411","77","0","2023","A","",8,7,417119,103722,5342,1234,64172,"",1.41,0.44,0.13,0.29,0.21,0.31,0.31,"",1,14.3,3,75.0,91137,28.0,1956,1.9,204,4.0,-271,-18.0,-14064,-18.0
"06081","5","114111","78","0","2023","A","N",7,0,0,0,0,0,0,"N",2.80,0,0,0,0,0,0,"N",1,16.7,0,0,0,0,0,0,0,0,0,0,0,0
"06081","5","114112","78","0","2023","A","N",1,0,0,0,0,0,0,"N",0.37,0,0,0,0,0,0,"N",0,0.0,0,0,0,0,0,0,0,0,0,0,0,0
"06081","5","1142","76","0","2023","A","N",1,0,0,0,0,0,0,"N",0.65,0,0,0,0,0,0,"N",0,0.0,0,0,0,0,0,0,0,0,0,0,0,0
"06081","5","11421","77","0","2023","A","N",1,0,0,0,0,0,0,"N",0.65,0,0,0,0,0,0,"N",0,0.0,0,0,0,0,0,0,0,0,0,0,0,0
"06081","5","114210","78","0","2023","A","N",1,0,0,0,0,0,0,"N",0.65,0,0,0,0,0,0,"N",0,0.0,0,0,0,0,0,0,0,0,0,0,0,0
"06081","5","115","75","0","2023","A","",35,283,16367942,2779244,69170,1114,57923,"",0.62,0.27,0.15,0.23,0.09,0.55,0.55,"",1,2.9,-7,-2.4,612371,3.9,-72336,-2.5,301,0.4,69,6.6,3593,6.6
"06081","5","1151","76","0","2023","A","N",7,0,0,0,0,0,0,"N",0.22,0,0,0,0,0,0,"N",0,0.0,0,0,0,0,0,0,0,0,0,0,0,0
"06081","5","11511","77","0","2023","A","N",7,0,0,0,0,0,0,"N",0.22,0,0,0,0,0,0,"N",0,0.0,0,0,0,0,0,0,0,0,0,0,0,0
"06081","5","115112","78","0","2023","A","",4,11,630614,80250,4059,1155,60058,"",0.40,0.14,0.06,0.10,0.12,0.46,0.46,"",0,0.0,-4,-26.7,-187434,-22.9,-40390,-33.5,-1193,-22.7,82,7.6,4282,7.7
"06081","5","115115","78","0","2023","A","N",1,0,0,0,0,0,0,"N",0.13,0,0,0,0,0,0,"N",0,0.0,0,0,0,0,0,0,0,0,0,0,0,0
"06081","5","115116","78","0","2023","A","N",2,0,0,0,0,0,0,"N",0.43,0,0,0,0,0,0,"N",0,0.0,0,0,0,0,0,0,0,0,0,0,0,0
"06081","5","1152","76","0","2023","A","",26,171,9715710,1582029,35751,1092,56762,"",1.62,1.99,1.02,1.90,2.44,0.51,0.51,"",2,8.3,2,1.2,816997,9.2,121956,8.4,2108,6.3,76,7.5,3951,7.5
"06081","5","11521","77","0","2023","A","",26,171,9715710,1582029,35751,1092,56762,"",1.62,1.99,1.02,1.90,2.44,0.51,0.51,"",2,8.3,2,1.2,816997,9.2,121956,8.4,2108,6.3,76,7.5,3951,7.5
"06081","5","115210","78","0","2023","A","",26,171,9715710,1582029,35751,1092,56762,"",1.62,1.99,1.02,1.90,2.44,0.51,0.51,"",2,8.3,2,1.2,816997,9.2,121956,8.4,2108,6.3,76,7.5,3951,7.5
"06081","5","1153","76","0","2023","A","N",3,0,0,0,0,0,0,"N",0.39,0,0,0,0,0,0,"N",0,0.0,0,0,0,0,0,0,0,0,0,0,0,0
"06081","5","11531","77","0","2023","A","N",3,0,0,0,0,0,0,"N",0.39,0,0,0,0,0,0,"N",0,0.0,0,0,0,0,0,0,0,0,0,0,0,0
"06081","5","115310","78","0","2023","A","N",3,0,0,0,0,0,0,"N",0.39,0,0,0,0,0,0,"N",0,0.0,0,0,0,0,0,0,0,0,0,0,0,0
"06081","5","21","74","0","2023","A","",5,68,14841263,599365,19862,4172,216925,"",0.06,0.04,0.03,0.03,0.03,0.73,0.73,"",0,0.0,0,0.0,2550869,20.8,19253,3.3,2795,16.4,700,20.2,36405,20.2
"06081","5","212","75","0","2023","A","N",4,0,0,0,0,0,0,"N",0.22,0,0,0,0,0,0,"N",0,0.0,0,0,0,0,0,0,0,0,0,0,0,0
"06081","5","2123","76","0","2023","A","N",4,0,0,0,0,0,0,"N",0.26,0,0,0,0,0,0,"N",0,0.0,0,0,0,0,0,0,0,0,0,0,0,0
"06081","5","21232","77","0","2023","A","",3,43,11764534,362847,8743,5292,275194,"",0.39,0.35,0.48,0.22,0.10,1.38,1.38,"",0,0.0,2,4.9,2426229,26.0,34227,10.4,557,6.8,867,19.6,45092,19.6
"06081","5","212321","78","0","2023","A","",3,43,11764534,362847,8743,5292,275194,"",0.45,0.50,0.71,0.29,0.12,1.41,1.41,"",0,0.0,2,4.9,2426229,26.0,34227,10.4,557,6.8,867,19.6,45092,19.6
"06081","5","21239","77","0","2023","A","N",1,0,0,0,0,0,0,"N",0.82,0,0,0,0,0,0,"N",0,0.0,0,0,0,0,0,0,0,0,0,0,0,0
"06081","5","212390","78","0","2023","A","N",1,0,0,0,0,0,0,"N",0.82,0,0,0,0,0,0,"N",0,0.0,0,0,0,0,0,0,0,0,0,0,0,0
"06081","5","213","75","0","2023","A","N",1,0,0,0,0,0,0,"N",0.02,0,0,0,0,0,0,"N",0,0.0,0,0,0,0,0,0,0,0,0,0,0,0
"06081","5","2131","76","0","2023","A","N",1,0,0,0,0,0,0,"N",0.02,0,0,0,0,0,0,"N",0,0.0,0,0,0,0,0,0,0,0,0,0,0,0
"06081","5","21311","77","0","2023","A","N",1,0,0,0,0,0,0,"N",0.02,0,0,0,0,0,0,"N",0,0.0,0,0,0,0,0,0,0,0,0,0,0,0
"06081","5","213115","78","0","2023","A","N",1,0,0,0,0,0,0,"N",1.18,0,0,0,0,0,0,"N",0,0.0,0,0,0,0,0,0,0,0,0,0,0,0
"06081","5","22","74","0","2023","A","",22,896,172833291,7109936,159184,3711,192984,"",0.37,0.57,0.35,0.44,0.53,0.62,0.62,"",3,15.8,55,6.5,24781804,16.7,1276006,21.9,10276,6.9,325,9.6,16907,9.6
"06081","5","221","75","0","2023","A","",22,896,172833291,7109936,159184,3711,192984,"",0.37,0.57,0.35,0.44,0.53,0.62,0.62,"",3,15.8,55,6.5,24781804,16.7,1276006,21.9,10276,6.9,325,9.6,16907,9.6
"06081","5","2211","76","0","2023","A","N",11,0,0,0,0,0,0,"N",0.32,0,0,0,0,0,0,"N",3,37.5,0,0,0,0,0,0,0,0,0,0,0,0
"06081","5","22111","77","0","2023","A","N",11,0,0,0,0,0,0,"N",0.68,0,0,0,0,0,0,"N",3,37.5,0,0,0,0,0,0,0,0,0,0,0,0
"06081","5","221111","78","0","2023","A","N",1,0,0,0,0,0,0,"N",0.56,0,0,0,0,0,0,"N",0,0.0,0,0,0,0,0,0,0,0,0,0,0,0
"06081","5","221113","78","0","2023","A","N",1,0,0,0,0,0,0,"N",2.25,0,0,0,0,0,0,"N",0,0.0,0,0,0,0,0,0,0,0,0,0,0,0
"06081","5","221114","78","0","2023","A","",3,3,323416,31000,1054,2332,121281,"",0.57,0.08,0.03,0.07,0.05,0.43,0.43,"N",2,200.0,0,0,0,0,0,0,0,0,0,0,0,0
"06081","5","221116","78","0","2023","A","N",1,0,0,0,0,0,0,"N",6.44,0,0,0,0,0,0,"N",0,0.0,0,0,0,0,0,0,0,0,0,0,0,0
"06081","5","221118","78","0","2023","A","",5,63,15129827,525420,16394,4649,241755,"",3.09,5.53,3.65,4.35,4.02,0.67,0.66,"",1,25.0,22,53.7,4806906,46.6,119116,29.3,4261,35.1,-193,-4.0,-10024,-4.0
"06081","5","2212","76","0","2023","A","N",3,0,0,0,0,0,0,"N",0.36,0,0,0,0,0,0,"N",1,50.0,0,0,0,0,0,0,0,0,0,0,0,0
"06081","5","22121","77","0","2023","A","N",3,0,0,0,0,0,0,"N",0.36,0,0,0,0,0,0,"N",1,50.0,0,0,0,0,0,0,0,0,0,0,0,0
"06081","5","221210","78","0","2023","A","N",3,0,0,0,0,0,0,"N",0.36,0,0,0,0,0,0,"N",1,50.0,0,0,0,0,0,0,0,0,0,0,0,0
"06081","5","2213","76","0","2023","A","",9,130,12999658,793236,13876,1919,99805,"",0.54,0.81,0.45,0.49,0.40,0.55,0.55,"",0,0.0,6,4.8,1028794,8.6,-2218,-0.3,-1344,-8.8,57,3.1,3006,3.1
"06081","5","22131","77","0","2023","A","",9,130,12999658,793236,13876,1919,99805,"",0.62,0.94,0.52,0.58,0.48,0.55,0.55,"",0,0.0,6,4.8,1028794,8.6,-2218,-0.3,-1344,-8.8,57,3.1,3006,3.1
"06081","5","221310","78","0","2023","A","",9,130,12999658,793236,13876,1919,99805,"",0.62,0.94,0.52,0.58,0.48,0.55,0.55,"",0,0.0,6,4.8,1028794,8.6,-2218,-0.3,-1344,-8.8,57,3.1,3006,3.1
"06081","5","23","74","0","2023","A","",2023,17409,1850745675,172068584,6486079,2044,106311,"",0.86,0.80,0.46,0.64,0.53,0.57,0.57,"",14,0.7,-223,-1.3,65893584,3.7,-1143898,-0.7,101411,1.6,97,5.0,5083,5.0
"06081","5","236","75","0","2023","A","",871,6979,820369198,67446278,2651664,2260,117543,"",1.18,1.41,0.81,1.11,1.06,0.58,0.58,"",3,0.3,103,1.5,44813042,5.8,1342051,2.0,74524,2.9,91,4.2,4755,4.2
"06081","5","2361","76","0","2023","A","",774,3565,304417223,35011007,1032955,1642,85395,"",1.34,1.40,0.68,1.14,1.04,0.49,0.49,"",5,0.7,-39,-1.1,768476,0.3,-909970,-2.5,-60492,-5.5,22,1.4,1130,1.3
"06081","5","23611","77","0","2023","A","",774,3565,304417223,35011007,1032955,1642,85395,"",1.34,1.40,0.68,1.14,1.04,0.49,0.49,"",5,0.7,-39,-1.1,768476,0.3,-909970,-2.5,-60492,-5.5,22,1.4,1130,1.3
"06081","5","236115","78","0","2023","A","",314,1503,128299587,14897703,423766,1642,85367,"",1.36,1.44,0.65,1.13,1.09,0.45,0.45,"",-8,-2.5,-101,-6.3,-7945267,-5.8,-1100876,-6.9,-50528,-10.7,8,0.5,413,0.5
"06081","5","236116","78","0","2023","A","N",11,0,0,0,0,0,0,"N",0.86,0,0,0,0,0,0,"N",1,10.0,0,0,0,0,0,0,0,0,0,0,0,0
"06081","5","236117","78","0","2023","A","N",2,0,0,0,0,0,0,"N",0.15,0,0,0,0,0,0,"N",0,0.0,0,0,0,0,0,0,0,0,0,0,0,0
"06081","5","236118","78","0","2023","A","",447,1757,130446435,17538613,521183,1427,74226,"",1.40,1.43,0.74,1.25,1.05,0.52,0.52,"",12,2.8,72,4.3,8442013,6.9,489933,2.9,-17109,-3.2,35,2.5,1834,2.5
"06081","5","2362","76","0","2023","A","",97,3415,515951975,32435271,1618709,2906,151106,"",0.60,1.42,0.92,1.08,1.07,0.65,0.65,"",-3,-3.0,142,4.3,44044566,9.3,2252021,7.5,135016,9.1,133,4.8,6913,4.8
"06081","5","23621","77","0","2023","A","",3,19,1858230,196443,12180,1923,99994,"",0.18,0.04,0.02,0.04,0.03,0.43,0.43,"",-1,-25.0,-1,-5.0,55757,3.1,-17675,-8.3,1230,11.2,190,11.0,9870,11.0
"06081","5","236210","78","0","2023","A","",3,19,1858230,196443,12180,1923,99994,"",0.18,0.04,0.02,0.04,0.03,0.43,0.43,"",-1,-25.0,-1,-5.0,55757,3.1,-17675,-8.3,1230,11.2,190,11.0,9870,11.0
"06081","5","23622","77","0","2023","A","",94,3396,514093745,32238828,1606529,2911,151386,"",0.65,1.71,1.12,1.31,1.39,0.65,0.65,"",-2,-2.1,143,4.4,43988809,9.4,2269696,7.6,133786,9.1,132,4.7,6861,4.7
"06081","5","236220","78","0","2023","A","",94,3396,514093745,32238828,1606529,2911,151386,"",0.65,1.71,1.12,1.31,1.39,0.65,0.65,"",-2,-2.1,143,4.4,43988809,9.4,2269696,7.6,133786,9.1,132,4.7,6861,4.7
"06081","5","237","75","0","2023","A","",56,974,145398541,9818243,472512,2872,149344,"",0.38,0.32,0.22,0.25,0.20,0.68,0.68,"",4,7.7,-31,-3.1,-308681,-0.2,322117,3.4,5481,1.2,85,3.0,4410,3.0
"06081","5","2371","76","0","2023","A","",22,289,34604564,2758159,92476,2301,119635,"",0.29,0.18,0.10,0.13,0.08,0.55,0.55,"",2,10.0,6,2.1,-4465693,-11.4,203569,8.0,3963,4.5,-351,-13.2,-18260,-13.2
"06081","5","23711","77","0","2023","A","",14,261,28887129,2229203,70417,2130,110785,"",0.43,0.47,0.27,0.34,0.21,0.57,0.57,"",0,0.0,8,3.2,1890389,7.0,105904,5.0,1576,2.3,79,3.9,4149,3.9
"06081","5","237110","78","0","2023","A","",14,261,28887129,2229203,70417,2130,110785,"",0.43,0.47,0.27,0.34,0.21,0.57,0.57,"",0,0.0,8,3.2,1890389,7.0,105904,5.0,1576,2.3,79,3.9,4149,3.9
"06081","5","23712","77","0","2023","A","N",1,0,0,0,0,0,0,"N",0.09,0,0,0,0,0,0,"N",0,0.0,0,0,0,0,0,0,0,0,0,0,0,0
"06081","5","237120","78","0","2023","A","N",1,0,0,0,0,0,0,"N",0.09,0,0,0,0,0,0,"N",0,0.0,0,0,0,0,0,0,0,0,0,0,0,0
"06081","5","23713","77","0","2023","A","N",7,0,0,0,0,0,0,"N",0.22,0,0,0,0,0,0,"N",2,40.0,0,0,0,0,0,0,0,0,0,0,0,0
"06081","5","237130","78","0","2023","A","N",7,0,0,0,0,0,0,"N",0.22,0,0,0,0,0,0,"N",2,40.0,0,0,0,0,0,0,0,0,0,0,0,0
"06081","5","2372","76","0","2023","A","",17,66,8062655,717123,19628,2358,122626,"",1.13,0.65,0.29,0.65,0.68,0.45,0.45,"N",1,6.2,0,0,0,0,0,0,0,0,0,0,0,0
"06081","5","23721","77","0","2023","A","",17,66,8062655,717123,19628,2358,122626,"",1.13,0.65,0.29,0.65,0.68,0.45,0.45,"N",1,6.2,0,0,0,0,0,0,0,0,0,0,0,0
"06081","5","237210","78","0","2023","A","",17,66,8062655,717123,19628,2358,122626,"",1.13,0.65,0.29,0.65,0.68,0.45,0.45,"N",1,6.2,0,0,0,0,0,0,0,0,0,0,0,0
"06081","5","2373","76","0","2023","A","",12,240,26205614,2140517,125587,2104,109418,"",0.39,0.24,0.12,0.16,0.12,0.52,0.52,"",0,0.0,-64,-21.1,-7665186,-22.6,-660337,-23.6,-42413,-25.2,-42,-2.0,-2152,-1.9
"06081","5","23731","77","0","2023","A","",12,240,26205614,2140517,125587,2104,109418,"",0.39,0.24,0.12,0.16,0.12,0.52,0.52,"",0,0.0,-64,-21.1,-7665186,-22.6,-660337,-23.6,-42413,-25.2,-42,-2.0,-2152,-1.9
"06081","5","237310","78","0","2023","A","",12,240,26205614,2140517,125587,2104,109418,"",0.39,0.24,0.12,0.16,0.12,0.52,0.52,"",0,0.0,-64,-21.1,-7665186,-22.6,-660337,-23.6,-42413,-25.2,-42,-2.0,-2152,-1.9
"06081","5","2379","76","0","2023","A","",5,379,76525708,4202444,234821,3882,201870,"",0.20,1.08,0.97,0.95,0.92,0.90,0.90,"N",1,25.0,0,0,0,0,0,0,0,0,0,0,0,0
"06081","5","23799","77","0","2023","A","",5,379,76525708,4202444,234821,3882,201870,"",0.20,1.08,0.97,0.95,0.92,0.90,0.90,"N",1,25.0,0,0,0,0,0,0,0,0,0,0,0,0
"06081","5","237990","78","0","2023","A","",5,379,76525708,4202444,234821,3882,201870,"",0.20,1.08,0.97,0.95,0.92,0.90,0.90,"N",1,25.0,0,0,0,0,0,0,0,0,0,0,0,0
"06081","5","238","75","0","2023","A","",1096,9456,884977936,94804063,3361903,1800,93590,"",0.74,0.68,0.37,0.56,0.45,0.54,0.54,"",6,0.6,-294,-3.0,21389223,2.5,-2808066,-2.9,21406,0.6,97,5.7,5021,5.7
"06081","5","2381","76","0","2023","A","",176,1149,87108263,11559485,327734,1458,75796,"",0.60,0.43,0.20,0.35,0.22,0.47,0.47,"",5,2.9,19,1.7,3930703,4.7,255367,2.3,11789,3.7,42,3.0,2188,3.0
"06081","5","23811","77","0","2023","A","",30,312,23805417,2982377,97784,1468,76320,"",0.49,0.45,0.21,0.35,0.25,0.47,0.47,"",1,3.4,15,5.1,2030007,9.3,148734,5.2,8844,9.9,57,4.0,2961,4.0
"06081","5","238111","78","0","2023","A","N",27,0,0,0,0,0,0,"N",0.60,0,0,0,0,0,0,"N",1,3.8,0,0,0,0,0,0,0,0,0,0,0,0
"06081","5","238112","78","0","2023","A","N",3,0,0,0,0,0,0,"N",0.18,0,0,0,0,0,0,"N",0,0.0,0,0,0,0,0,0,0,0,0,0,0,0
"06081","5","23812","77","0","2023","A","N",8,0,0,0,0,0,0,"N",0.56,0,0,0,0,0,0,"N",0,0.0,0,0,0,0,0,0,0,0,0,0,0,0
"06081","5","238121","78","0","2023","A","N",1,0,0,0,0,0,0,"N",0.26,0,0,0,0,0,0,"N",0,0.0,0,0,0,0,0,0,0,0,0,0,0,0
"06081","5","238122","78","0","2023","A","N",7,0,0,0,0,0,0,"N",0.68,0,0,0,0,0,0,"N",0,0.0,0,0,0,0,0,0,0,0,0,0,0,0
"06081","5","23813","77","0","2023","A","",13,52,4044537,659127,20022,1491,77531,"",0.43,0.22,0.13,0.21,0.20,0.56,0.56,"",1,8.3,16,44.4,1612700,66.3,183825,38.7,9348,87.6,207,16.1,10753,16.1
"06081","5","238131","78","0","2023","A","",13,52,4044537,659127,20022,1491,77531,"",0.50,0.29,0.17,0.27,0.28,0.60,0.60,"",1,8.3,16,44.4,1612700,66.3,183825,38.7,9348,87.6,207,16.1,10753,16.1
"06081","5","23814","77","0","2023","A","",20,84,6253927,1020937,24857,1430,74378,"",0.39,0.21,0.11,0.21,0.09,0.51,0.51,"",-1,-4.8,-4,-4.5,-410956,-6.2,44328,4.5,3106,14.3,-25,-1.7,-1288,-1.7
"06081","5","238141","78","0","2023","A","N",19,0,0,0,0,0,0,"N",0.50,0,0,0,0,0,0,"N",0,0.0,0,0,0,0,0,0,0,0,0,0,0,0
"06081","5","238142","78","0","2023","A","N",1,0,0,0,0,0,0,"N",0.08,0,0,0,0,0,0,"N",-1,-50.0,0,0,0,0,0,0,0,0,0,0,0,0
"06081","5","23815","77","0","2023","A","",16,89,12183032,767431,24255,2628,136632,"",0.81,0.44,0.35,0.33,0.23,0.80,0.80,"",1,6.7,-17,-16.0,434197,3.7,-205071,-21.1,-5619,-18.8,486,22.7,25269,22.7
"06081","5","238151","78","0","2023","A","N",13,0,0,0,0,0,0,"N",1.13,0,0,0,0,0,0,"N",1,8.3,0,0,0,0,0,0,0,0,0,0,0,0
"06081","5","238152","78","0","2023","A","N",3,0,0,0,0,0,0,"N",0.36,0,0,0,0,0,0,"N",0,0.0,0,0,0,0,0,0,0,0,0,0,0,0
"06081","5","23816","77","0","2023","A","",72,502,33252568,4993350,125407,1275,66284,"",0.95,0.76,0.31,0.66,0.39,0.40,0.40,"",3,4.3,33,7.0,2956078,9.8,406475,8.9,8736,7.5,32,2.6,1663,2.6
"06081","5","238161","78","0","2023","A","",66,472,31026377,4637967,112607,1265,65792,"",1.09,1.35,0.59,1.14,0.84,0.44,0.44,"",3,4.8,41,9.5,3682563,13.5,515281,12.5,15214,15.6,46,3.8,2398,3.8
"06081","5","238162","78","0","2023","A","",6,30,2226191,355383,12800,1423,74001,"",0.38,0.10,0.04,0.10,0.07,0.41,0.41,"",0,0.0,-8,-21.1,-726485,-24.6,-108806,-23.4,-6478,-33.6,-91,-6.0,-4737,-6.0
"06081","5","23817","77","0","2023","A","",10,64,4173328,577762,16457,1257,65379,"",0.45,0.55,0.25,0.36,0.30,0.45,0.45,"",1,11.1,0,0.0,-22124,-0.5,-66189,-10.3,-2194,-11.8,5,0.4,249,0.4
"06081","5","238171","78","0","2023","A","",10,64,4173328,577762,16457,1257,65379,"",0.48,0.63,0.30,0.41,0.37,0.47,0.47,"",1,11.1,0,0.0,-22124,-0.5,-66189,-10.3,-2194,-11.8,5,0.4,249,0.4
"06081","5","23819","77","0","2023","A","N",8,0,0,0,0,0,0,"N",0.39,0,0,0,0,0,0,"N",-1,-11.1,0,0,0,0,0,0,0,0,0,0,0,0
"06081","5","238191","78","0","2023","A","N",7,0,0,0,0,0,0,"N",0.58,0,0,0,0,0,0,"N",-1,-12.5,0,0,0,0,0,0,0,0,0,0,0,0
"06081","5","238192","78","0","2023","A","N",1,0,0,0,0,0,0,"N",0.12,0,0,0,0,0,0,"N",0,0.0,0,0,0,0,0,0,0,0,0,0,0,0
"06081","5","2382","76","0","2023","A","",463,4908,534288598,48561140,1924801,2094,108866,"",0.79,0.73,0.43,0.60,0.58,0.59,0.59,"",7,1.5,-62,-1.2,27985356,5.5,384116,0.8,97980,5.4,135,6.9,7001,6.9
"06081","5","23821","77","0","2023","A","",197,1629,175389131,16818779,662833,2070,107661,"",0.79,0.56,0.32,0.48,0.44,0.57,0.57,"",-2,-1.0,-256,-13.6,-1625282,-0.9,-1142025,-6.4,-32883,-4.7,264,14.6,13738,14.6
"06081","5","238211","78","0","2023","A","",162,979,99633017,9988340,324653,1957,101788,"",1.07,1.00,0.64,0.84,0.87,0.65,0.65,"",0,0.0,-280,-22.2,-10030990,-9.1,-1488436,-13.0,-82934,-20.3,282,16.8,14684,16.9
"06081","5","238212","78","0","2023","A","",35,650,75756114,6830439,338180,2240,116503,"",0.36,0.34,0.19,0.29,0.29,0.57,0.57,"",-2,-5.4,24,3.8,8405708,12.5,346411,5.3,50051,17.4,170,8.2,8857,8.2
"06081","5","23822","77","0","2023","A","",241,2925,313084956,28774739,1179875,2058,107025,"",0.79,0.85,0.51,0.71,0.75,0.60,0.60,"",8,3.4,173,6.3,27086660,9.5,1553045,5.7,146884,14.2,60,3.0,3117,3.0
"06081","5","238221","78","0","2023","A","",194,1414,124469820,13600471,418027,1693,88032,"",0.84,0.78,0.45,0.65,0.69,0.57,0.57,"",8,4.3,61,4.5,7717604,6.6,554554,4.3,16796,4.2,33,2.0,1730,2.0
"06081","5","238222","78","0","2023","A","",47,1511,188615136,15174268,761848,2400,124794,"",0.63,0.93,0.56,0.77,0.78,0.60,0.60,"",-1,-2.1,111,7.9,19369056,11.4,998491,7.0,130088,20.6,74,3.2,3868,3.2
"06081","5","23829","77","0","2023","A","",25,353,45814511,2967622,82093,2494,129664,"",0.80,0.84,0.49,0.57,0.35,0.58,0.58,"",1,4.2,20,6.0,2523978,5.8,-26904,-0.9,-16021,-16.3,-4,-0.2,-240,-0.2
"06081","5","238291","78","0","2023","A","",10,40,3773248,284726,6911,1799,93552,"",1.28,0.88,0.54,0.52,0.38,0.61,0.61,"",-1,-9.1,-1,-2.4,85092,2.3,-111531,-28.1,-5317,-43.5,58,3.3,3045,3.4
"06081","5","238292","78","0","2023","A","",15,313,42041263,2682896,75182,2583,134317,"",0.64,0.83,0.48,0.57,0.35,0.58,0.58,"",2,15.4,20,6.8,2438886,6.2,84627,3.3,-10704,-12.5,-21,-0.8,-1076,-0.8
"06081","5","2383","76","0","2023","A","",371,2584,201057752,26746007,864252,1496,77816,"",1.06,1.13,0.58,0.96,0.71,0.52,0.52,"",-6,-1.6,-239,-8.5,-10156155,-4.8,-3044478,-10.2,-80536,-8.5,57,4.0,2990,4.0
"06081","5","23831","77","0","2023","A","",43,508,42631740,5900016,181204,1613,83879,"",0.76,0.75,0.38,0.67,0.42,0.51,0.51,"",2,4.9,3,0.6,864732,2.1,-384543,-6.1,-16880,-8.5,22,1.4,1172,1.4
"06081","5","238311","78","0","2023","A","",31,344,25905685,3869313,95795,1450,75417,"",0.76,1.06,0.57,0.94,0.73,0.53,0.53,"",3,10.7,20,6.2,1656949,6.8,-100081,-2.5,-4892,-4.9,10,0.7,556,0.7
"06081","5","238312","78","0","2023","A","",12,165,16726055,2030703,85409,1952,101524,"",0.76,0.46,0.25,0.43,0.28,0.55,0.55,"",-2,-14.3,-16,-8.8,-792217,-4.5,-284462,-12.3,-11988,-12.3,92,4.9,4783,4.9
"06081","5","23832","77","0","2023","A","",157,819,53656189,8609353,249825,1260,65528,"",1.46,1.46,0.71,1.29,0.85,0.49,0.49,"",3,1.9,-44,-5.1,-1638244,-3.0,-651990,-7.0,-26993,-9.8,28,2.3,1443,2.3
"06081","5","238321","78","0","2023","A","",148,762,48183704,8003141,217530,1217,63275,"",1.64,2.16,1.17,1.91,1.55,0.54,0.54,"",1,0.7,-44,-5.5,-1557291,-3.1,-628938,-7.3,-22983,-9.6,30,2.5,1568,2.5
"06081","5","238322","78","0","2023","A","",9,57,5472485,606212,32295,1836,95450,"",0.53,0.27,0.16,0.24,0.21,0.59,0.58,"",2,28.6,0,0.0,-80953,-1.5,-23052,-3.7,-4010,-11.0,-46,-2.4,-2408,-2.5
"06081","5","23833","77","0","2023","A","",64,443,36727042,4285919,145965,1595,82952,"",1.29,1.98,1.07,1.64,1.42,0.54,0.54,"",-2,-3.0,-23,-4.9,-765304,-2.0,-176643,-4.0,-4190,-2.8,47,3.0,2468,3.1
"06081","5","238331","78","0","2023","A","",57,287,17956739,2816062,72138,1204,62585,"",1.39,1.97,0.91,1.67,1.40,0.47,0.47,"",0,0.0,-8,-2.7,-386663,-2.1,-91572,-3.1,-4919,-6.4,6,0.5,298,0.5
"06081","5","238332","78","0","2023","A","",7,156,18770303,1469857,73827,2316,120451,"",0.80,2.02,1.29,1.59,1.45,0.64,0.64,"",-2,-22.2,-15,-8.8,-378641,-2.0,-85071,-5.5,729,1.0,167,7.8,8687,7.8
"06081","5","23834","77","0","2023","A","",44,330,25042420,3409100,125196,1460,75924,"",1.61,2.13,1.14,1.82,1.70,0.54,0.53,"",2,4.8,-110,-25.0,-6536701,-20.7,-1165006,-25.5,-17319,-12.2,81,5.9,4208,5.9
"06081","5","238341","78","0","2023","A","N",41,0,0,0,0,0,0,"N",1.70,0,0,0,0,0,0,"N",2,5.1,0,0,0,0,0,0,0,0,0,0,0,0
"06081","5","238342","78","0","2023","A","N",3,0,0,0,0,0,0,"N",0.93,0,0,0,0,0,0,"N",0,0.0,0,0,0,0,0,0,0,0,0,0,0,0
"06081","5","23835","77","0","2023","A","",45,267,21642365,2524091,77766,1557,80956,"",0.54,0.60,0.33,0.48,0.43,0.54,0.54,"",-8,-15.1,-55,-17.1,-3343210,-13.4,-602430,-19.3,-15689,-16.8,64,4.3,3301,4.3
"06081","5","238351","78","0","2023","A","",37,209,16609258,1976501,53662,1529,79534,"",0.50,0.60,0.34,0.49,0.45,0.56,0.56,"",-6,-14.0,-25,-10.7,-635128,-3.7,-494341,-20.0,-14471,-21.2,112,7.9,5840,7.9
"06081","5","238352","78","0","2023","A","",8,59,5033107,547590,24104,1655,86036,"",0.84,0.64,0.30,0.47,0.38,0.47,0.47,"",-2,-20.0,-29,-33.0,-2708082,-35.0,-108089,-16.5,-1218,-4.8,-42,-2.5,-2183,-2.5
"06081","5","23839","77","0","2023","A","",20,217,21357996,2017528,84296,1895,98537,"",0.73,0.92,0.57,0.74,0.67,0.62,0.62,"",0,0.0,-10,-4.4,1262572,6.3,-63866,-3.1,535,0.6,193,11.3,10011,11.3
"06081","5","238391","78","0","2023","A","",13,86,6973627,728628,16875,1567,81483,"",0.83,0.84,0.46,0.63,0.43,0.55,0.55,"",1,8.3,-3,-3.4,30605,0.4,-25108,-3.3,-4313,-20.4,72,4.8,3763,4.8
"06081","5","238392","78","0","2023","A","",7,131,14384369,1288900,67421,2109,109665,"",0.60,0.98,0.64,0.82,0.77,0.66,0.66,"",-1,-12.5,-7,-5.1,1231967,9.4,-38758,-2.9,4848,7.7,272,14.8,14127,14.8
"06081","5","2389","76","0","2023","A","",86,815,62523323,7937431,245116,1475,76700,"",0.35,0.39,0.18,0.31,0.18,0.45,0.45,"",0,0.0,-12,-1.5,-370681,-0.6,-403071,-4.8,-7827,-3.1,13,0.9,680,0.9
"06081","5","23891","77","0","2023","A","",37,424,35498291,4247963,148004,1609,83657,"",0.35,0.40,0.19,0.32,0.22,0.49,0.49,"",1,2.8,-2,-0.5,-34756,-0.1,-118725,-2.7,-6606,-4.3,6,0.4,311,0.4
"06081","5","238911","78","0","2023","A","",21,247,20466270,2478339,74165,1596,82971,"",0.34,0.63,0.34,0.48,0.34,0.55,0.55,"",3,16.7,-4,-1.6,-623478,-3.0,-194494,-7.3,-11188,-13.1,-23,-1.4,-1192,-1.4
"06081","5","238912","78","0","2023","A","",16,178,15032021,1769624,73839,1627,84608,"",0.37,0.26,0.12,0.21,0.16,0.46,0.46,"",-2,-11.1,2,1.1,588722,4.1,75769,4.5,4582,6.6,47,3.0,2427,3.0
"06081","5","23899","77","0","2023","A","",49,391,27025032,3689468,97112,1330,69147,"",0.35,0.38,0.16,0.30,0.14,0.42,0.42,"",-1,-2.0,-10,-2.5,-335925,-1.2,-284346,-7.2,-1221,-1.2,18,1.4,915,1.3
"06081","5","238991","78","0","2023","A","",38,318,21530573,2974121,67643,1300,67618,"",0.40,0.61,0.29,0.49,0.21,0.47,0.47,"",1,2.7,5,1.6,102717,0.5,-118592,-3.8,-1856,-2.7,-16,-1.2,-805,-1.2
"06081","5","238992","78","0","2023","A","",11,72,5494459,715347,29469,1459,75873,"",0.24,0.14,0.06,0.11,0.07,0.40,0.40,"",-2,-15.4,-16,-18.2,-438642,-7.4,-165754,-18.8,635,2.2,160,12.3,8323,12.3
"06081","5","31-33","74","0","2023","A","",670,22921,4442787887,210353313,5589158,3728,193833,"",0.67,0.65,0.63,0.56,0.55,0.97,0.97,"",-8,-1.2,-2744,-10.7,-511003998,-10.3,-19537251,-8.5,-1023218,-15.5,16,0.4,819,0.4
"06081","5","311","75","0","2023","A","",106,2734,172169956,26262518,821068,1211,62976,"",1.02,0.57,0.25,0.48,0.61,0.44,0.44,"",6,6.0,216,8.6,28950201,20.2,1923515,7.9,27089,3.4,117,10.7,6090,10.7
"06081","5","3113","76","0","2023","A","",9,699,63046889,7325546,366286,1736,90250,"",1.53,3.13,1.85,3.21,4.19,0.59,0.59,"",-1,-10.0,-12,-1.7,11429650,22.1,292279,4.2,5088,1.4,339,24.3,17618,24.3
"06081","5","31134","77","0","2023","A","N",4,0,0,0,0,0,0,"N",2.31,0,0,0,0,0,0,"N",0,0.0,0,0,0,0,0,0,0,0,0,0,0,0
"06081","5","311340","78","0","2023","A","N",4,0,0,0,0,0,0,"N",2.31,0,0,0,0,0,0,"N",0,0.0,0,0,0,0,0,0,0,0,0,0,0,0
"06081","5","31135","77","0","2023","A","N",5,0,0,0,0,0,0,"N",1.30,0,0,0,0,0,0,"N",-1,-16.7,0,0,0,0,0,0,0,0,0,0,0,0
"06081","5","311351","78","0","2023","A","N",2,0,0,0,0,0,0,"N",2.40,0,0,0,0,0,0,"N",0,0.0,0,0,0,0,0,0,0,0,0,0,0,0
"06081","5","311352","78","0","2023","A","N",3,0,0,0,0,0,0,"N",0.99,0,0,0,0,0,0,"N",-1,-25.0,0,0,0,0,0,0,0,0,0,0,0,0
"06081","5","3114","76","0","2023","A","",7,34,2280681,422320,13139,1284,66752,"",0.99,0.07,0.03,0.07,0.06,0.45,0.45,"N",1,16.7,0,0,0,0,0,0,0,0,0,0,0,0
"06081","5","31141","77","0","2023","A","N",4,0,0,0,0,0,0,"N",1.38,0,0,0,0,0,0,"N",2,100.0,0,0,0,0,0,0,0,0,0,0,0,0
"06081","5","311411","78","0","2023","A","N",1,0,0,0,0,0,0,"N",1.23,0,0,0,0,0,0,"N",1,100.0,0,0,0,0,0,0,0,0,0,0,0,0
"06081","5","311412","78","0","2023","A","N",3,0,0,0,0,0,0,"N",1.44,0,0,0,0,0,0,"N",1,50.0,0,0,0,0,0,0,0,0,0,0,0,0
"06081","5","31142","77","0","2023","A","N",4,0,0,0,0,0,0,"N",0.96,0,0,0,0,0,0,"N",0,0.0,0,0,0,0,0,0,0,0,0,0,0,0
"06081","5","311421","78","0","2023","A","N",2,0,0,0,0,0,0,"N",0.69,0,0,0,0,0,0,"N",0,0.0,0,0,0,0,0,0,0,0,0,0,0,0
"06081","5","311422","78","0","2023","A","N",1,0,0,0,0,0,0,"N",2.47,0,0,0,0,0,0,"N",0,0.0,0,0,0,0,0,0,0,0,0,0,0,0
"06081","5","311423","78","0","2023","A","N",1,0,0,0,0,0,0,"N",1.19,0,0,0,0,0,0,"N",0,0.0,0,0,0,0,0,0,0,0,0,0,0,0
"06081","5","3115","76","0","2023","A","",6,75,4657423,594292,9883,1197,62237,"",0.89,0.17,0.06,0.12,0.08,0.37,0.37,"",0,0.0,3,4.2,40350,0.9,8077,1.4,590,6.3,-43,-3.5,-2262,-3.5
"06081","5","31151","77","0","2023","A","N",2,0,0,0,0,0,0,"N",0.44,0,0,0,0,0,0,"N",0,0.0,0,0,0,0,0,0,0,0,0,0,0,0
"06081","5","311513","78","0","2023","A","N",2,0,0,0,0,0,0,"N",1.07,0,0,0,0,0,0,"N",0,0.0,0,0,0,0,0,0,0,0,0,0,0,0
"06081","5","31152","77","0","2023","A","N",4,0,0,0,0,0,0,"N",1.81,0,0,0,0,0,0,"N",0,0.0,0,0,0,0,0,0,0,0,0,0,0,0
"06081","5","311520","78","0","2023","A","N",4,0,0,0,0,0,0,"N",1.81,0,0,0,0,0,0,"N",0,0.0,0,0,0,0,0,0,0,0,0,0,0,0
"06081","5","3116","76","0","2023","A","",5,35,2309171,292032,7510,1278,66451,"",0.43,0.02,0.01,0.02,0.03,0.52,0.52,"",0,0.0,3,9.4,149479,6.9,-11929,-3.9,-1786,-19.2,-10,-0.8,-516,-0.8
"06081","5","31161","77","0","2023","A","",5,35,2309171,292032,7510,1278,66451,"",0.43,0.02,0.01,0.02,0.03,0.52,0.52,"",0,0.0,3,9.4,149479,6.9,-11929,-3.9,-1786,-19.2,-10,-0.8,-516,-0.8
"06081","5","311611","78","0","2023","A","N",1,0,0,0,0,0,0,"N",0.25,0,0,0,0,0,0,"N",0,0.0,0,0,0,0,0,0,0,0,0,0,0,0
"06081","5","311612","78","0","2023","A","N",3,0,0,0,0,0,0,"N",0.60,0,0,0,0,0,0,"N",0,0.0,0,0,0,0,0,0,0,0,0,0,0,0
"06081","5","311615","78","0","2023","A","N",1,0,0,0,0,0,0,"N",0.48,0,0,0,0,0,0,"N",0,0.0,0,0,0,0,0,0,0,0,0,0,0,0
"06081","5","3118","76","0","2023","A","",62,1531,72515944,14357067,330845,911,47375,"",1.57,1.66,0.68,1.53,1.36,0.41,0.41,"",3,5.1,182,13.5,12414936,20.7,1306994,10.0,6203,1.9,54,6.3,2834,6.4
"06081","5","31181","77","0","2023","A","",58,1511,71954330,14176639,326535,916,47620,"",1.65,2.14,0.94,2.01,1.78,0.44,0.44,"",3,5.5,183,13.8,12401558,20.8,1288067,10.0,5207,1.6,54,6.3,2779,6.2
"06081","5","311811","78","0","2023","A","",33,520,17504167,4842379,97792,647,33656,"",1.40,1.88,0.90,1.96,1.49,0.48,0.48,"",0,0.0,-18,-3.3,-147522,-0.8,-338155,-6.5,-12239,-11.1,16,2.5,866,2.6
"06081","5","311812","78","0","2023","A","",21,958,53266798,9064043,222195,1069,55602,"",1.94,2.45,1.02,2.16,2.04,0.42,0.42,"",2,10.5,196,25.7,12342473,30.2,1574237,21.0,14875,7.2,36,3.5,1896,3.5
"06081","5","311813","78","0","2023","A","",4,33,1183365,270217,6548,691,35950,"",5.24,0.89,0.23,0.74,0.74,0.26,0.26,"",0,0.0,5,17.9,206607,21.2,51985,23.8,2571,64.6,14,2.1,752,2.1
"06081","5","31182","77","0","2023","A","N",3,0,0,0,0,0,0,"N",0.94,0,0,0,0,0,0,"N",0,0.0,0,0,0,0,0,0,0,0,0,0,0,0
"06081","5","311821","78","0","2023","A","N",3,0,0,0,0,0,0,"N",1.57,0,0,0,0,0,0,"N",0,0.0,0,0,0,0,0,0,0,0,0,0,0,0
"06081","5","31183","77","0","2023","A","N",1,0,0,0,0,0,0,"N",0.78,0,0,0,0,0,0,"N",0,0.0,0,0,0,0,0,0,0,0,0,0,0,0
"06081","5","311830","78","0","2023","A","N",1,0,0,0,0,0,0,"N",0.78,0,0,0,0,0,0,"N",0,0.0,0,0,0,0,0,0,0,0,0,0,0,0
"06081","5","3119","76","0","2023","A","",18,361,27359848,3271261,93405,1458,75807,"",0.88,0.51,0.25,0.42,0.43,0.49,0.49,"",4,28.6,45,14.2,5715987,26.4,347630,11.9,15823,20.4,139,10.5,7241,10.6
"06081","5","31191","77","0","2023","A","N",2,0,0,0,0,0,0,"N",0.72,0,0,0,0,0,0,"N",0,0.0,0,0,0,0,0,0,0,0,0,0,0,0
"06081","5","311911","78","0","2023","A","N",1,0,0,0,0,0,0,"N",1.17,0,0,0,0,0,0,"N",0,0.0,0,0,0,0,0,0,0,0,0,0,0,0
"06081","5","311919","78","0","2023","A","N",1,0,0,0,0,0,0,"N",0.52,0,0,0,0,0,0,"N",0,0.0,0,0,0,0,0,0,0,0,0,0,0,0
"06081","5","31192","77","0","2023","A","N",1,0,0,0,0,0,0,"N",0.25,0,0,0,0,0,0,"N",0,0.0,0,0,0,0,0,0,0,0,0,0,0,0
"06081","5","311920","78","0","2023","A","N",1,0,0,0,0,0,0,"N",0.25,0,0,0,0,0,0,"N",0,0.0,0,0,0,0,0,0,0,0,0,0,0,0
"06081","5","31193","77","0","2023","A","N",1,0,0,0,0,0,0,"N",1.22,0,0,0,0,0,0,"N",0,0.0,0,0,0,0,0,0,0,0,0,0,0,0
"06081","5","311930","78","0","2023","A","N",1,0,0,0,0,0,0,"N",1.22,0,0,0,0,0,0,"N",0,0.0,0,0,0,0,0,0,0,0,0,0,0,0
"06081","5","31194","77","0","2023","A","N",2,0,0,0,0,0,0,"N",0.64,0,0,0,0,0,0,"N",2,100.0,0,0,0,0,0,0,0,0,0,0,0,0
"06081","5","311941","78","0","2023","A","N",1,0,0,0,0,0,0,"N",0.78,0,0,0,0,0,0,"N",1,100.0,0,0,0,0,0,0,0,0,0,0,0,0
"06081","5","311942","78","0","2023","A","N",1,0,0,0,0,0,0,"N",0.54,0,0,0,0,0,0,"N",1,100.0,0,0,0,0,0,0,0,0,0,0,0,0
"06081","5","31199","77","0","2023","A","",13,304,24397767,2732617,64082,1545,80344,"",1.35,1.03,0.59,0.79,0.69,0.57,0.57,"",2,18.2,24,8.6,4772724,24.3,125346,4.8,803,1.3,196,14.5,10171,14.5
"06081","5","311991","78","0","2023","A","",9,210,10963383,1851449,37391,1006,52290,"",1.96,1.18,0.50,0.95,0.62,0.43,0.43,"N",1,12.5,0,0,0,0,0,0,0,0,0,0,0,0
"06081","5","311999","78","0","2023","A","",4,94,13434384,881168,26691,2748,142919,"",0.79,0.79,0.68,0.59,0.80,0.86,0.86,"N",1,33.3,0,0,0,0,0,0,0,0,0,0,0,0
"06081","5","312","75","0","2023","A","",34,269,11774052,2545753,68142,842,43797,"",0.81,0.29,0.09,0.29,0.24,0.31,0.31,"",-4,-10.5,-78,-22.5,-4833975,-29.1,-659118,-20.6,-16704,-19.7,-79,-8.6,-4088,-8.5
"06081","5","3121","76","0","2023","A","",34,269,11774052,2545753,68142,842,43797,"",0.83,0.30,0.10,0.30,0.25,0.32,0.32,"N",-3,-8.1,0,0,0,0,0,0,0,0,0,0,0,0
"06081","5","31211","77","0","2023","A","N",1,0,0,0,0,0,0,"N",0.15,0,0,0,0,0,0,"N",-1,-50.0,0,0,0,0,0,0,0,0,0,0,0,0
"06081","5","312111","78","0","2023","A","N",1,0,0,0,0,0,0,"N",0.31,0,0,0,0,0,0,"N",0,0.0,0,0,0,0,0,0,0,0,0,0,0,0
"06081","5","312112","78","0","2023","A","N",0,0,0,0,0,0,0,"N",0.00,0,0,0,0,0,0,"N",-1,-100.0,0,0,0,0,0,0,0,0,0,0,0,0
"06081","5","31212","77","0","2023","A","",6,81,2741747,822528,22204,651,33849,"",0.39,0.27,0.08,0.28,0.28,0.30,0.30,"",-2,-25.0,-17,-17.3,-405384,-12.9,-122282,-12.9,-4392,-16.5,32,5.2,1681,5.2
"06081","5","312120","78","0","2023","A","",6,81,2741747,822528,22204,651,33849,"",0.39,0.27,0.08,0.28,0.28,0.30,0.30,"",-2,-25.0,-17,-17.3,-405384,-12.9,-122282,-12.9,-4392,-16.5,32,5.2,1681,5.2
"06081","5","31213","77","0","2023","A","",22,170,8032396,1472756,33679,908,47226,"",1.51,0.79,0.28,0.81,0.45,0.36,0.36,"",-1,-4.3,-57,-25.1,-3524661,-30.5,-549140,-27.2,-13989,-29.3,-72,-7.3,-3742,-7.3
"06081","5","312130","78","0","2023","A","",22,170,8032396,1472756,33679,908,47226,"",1.51,0.79,0.28,0.81,0.45,0.36,0.36,"",-1,-4.3,-57,-25.1,-3524661,-30.5,-549140,-27.2,-13989,-29.3,-72,-7.3,-3742,-7.3
"06081","5","31214","77","0","2023","A","N",4,0,0,0,0,0,0,"N",0.89,0,0,0,0,0,0,"N",0,0.0,0,0,0,0,0,0,0,0,0,0,0,0
"06081","5","312140","78","0","2023","A","N",4,0,0,0,0,0,0,"N",0.89,0,0,0,0,0,0,"N",0,0.0,0,0,0,0,0,0,0,0,0,0,0,0
"06081","5","313","75","0","2023","A","N",1,0,0,0,0,0,0,"N",0.14,0,0,0,0,0,0,"N",0,0.0,0,0,0,0,0,0,0,0,0,0,0,0
"06081","5","3133","76","0","2023","A","N",1,0,0,0,0,0,0,"N",0.30,0,0,0,0,0,0,"N",0,0.0,0,0,0,0,0,0,0,0,0,0,0,0
"06081","5","31332","77","0","2023","A","N",1,0,0,0,0,0,0,"N",1.87,0,0,0,0,0,0,"N",0,0.0,0,0,0,0,0,0,0,0,0,0,0,0
"06081","5","313320","78","0","2023","A","N",1,0,0,0,0,0,0,"N",1.87,0,0,0,0,0,0,"N",0,0.0,0,0,0,0,0,0,0,0,0,0,0,0
"06081","5","314","75","0","2023","A","",8,36,2504092,318989,6747,1338,69558,"",0.49,0.13,0.07,0.12,0.11,0.56,0.56,"",0,0.0,-4,-10.0,-27508,-1.1,-33311,-9.5,250,3.8,113,9.2,5870,9.2
"06081","5","3141","76","0","2023","A","",4,25,1967779,199585,4955,1524,79239,"",0.99,0.22,0.13,0.22,0.21,0.61,0.61,"",0,0.0,-2,-7.4,-31043,-1.6,-16232,-7.5,923,22.9,122,8.7,6334,8.7
"06081","5","31411","77","0","2023","A","N",1,0,0,0,0,0,0,"N",0.90,0,0,0,0,0,0,"N",0,0.0,0,0,0,0,0,0,0,0,0,0,0,0
"06081","5","314110","78","0","2023","A","N",1,0,0,0,0,0,0,"N",0.90,0,0,0,0,0,0,"N",0,0.0,0,0,0,0,0,0,0,0,0,0,0,0
"06081","5","31412","77","0","2023","A","N",3,0,0,0,0,0,0,"N",1.02,0,0,0,0,0,0,"N",0,0.0,0,0,0,0,0,0,0,0,0,0,0,0
"06081","5","314120","78","0","2023","A","N",3,0,0,0,0,0,0,"N",1.02,0,0,0,0,0,0,"N",0,0.0,0,0,0,0,0,0,0,0,0,0,0,0
"06081","5","3149","76","0","2023","A","",4,11,536313,119404,1792,924,48028,"",0.33,0.07,0.03,0.07,0.05,0.40,0.40,"",0,0.0,-1,-8.3,3535,0.7,-17079,-12.5,-673,-27.3,93,11.2,4830,11.2
"06081","5","31491","77","0","2023","A","N",3,0,0,0,0,0,0,"N",0.70,0,0,0,0,0,0,"N",0,0.0,0,0,0,0,0,0,0,0,0,0,0,0
"06081","5","314910","78","0","2023","A","N",3,0,0,0,0,0,0,"N",0.70,0,0,0,0,0,0,"N",0,0.0,0,0,0,0,0,0,0,0,0,0,0,0
"06081","5","31499","77","0","2023","A","N",1,0,0,0,0,0,0,"N",0.13,0,0,0,0,0,0,"N",0,0.0,0,0,0,0,0,0,0,0,0,0,0,0
"06081","5","314999","78","0","2023","A","N",1,0,0,0,0,0,0,"N",0.13,0,0,0,0,0,0,"N",0,0.0,0,0,0,0,0,0,0,0,0,0,0,0
"06081","5","315","75","0","2023","A","",7,99,3723146,893155,43426,724,37671,"",0.42,0.41,0.11,0.41,0.56,0.28,0.28,"",0,0.0,-32,-24.4,-1220509,-24.7,-181041,-16.9,-7426,-14.6,1,0.1,53,0.1
"06081","5","3152","76","0","2023","A","",7,99,3723146,893155,43426,724,37671,"",0.56,0.53,0.14,0.55,0.70,0.27,0.27,"",0,0.0,-32,-24.4,-1220509,-24.7,-181041,-16.9,-7426,-14.6,1,0.1,53,0.1
"06081","5","31521","77","0","2023","A","N",5,0,0,0,0,0,0,"N",0.83,0,0,0,0,0,0,"N",0,0.0,0,0,0,0,0,0,0,0,0,0,0,0
"06081","5","315210","78","0","2023","A","N",5,0,0,0,0,0,0,"N",0.83,0,0,0,0,0,0,"N",0,0.0,0,0,0,0,0,0,0,0,0,0,0,0
"06081","5","31525","77","0","2023","A","N",2,0,0,0,0,0,0,"N",0.31,0,0,0,0,0,0,"N",0,0.0,0,0,0,0,0,0,0,0,0,0,0,0
"06081","5","315250","78","0","2023","A","N",2,0,0,0,0,0,0,"N",0.31,0,0,0,0,0,0,"N",0,0.0,0,0,0,0,0,0,0,0,0,0,0,0
"06081","5","316","75","0","2023","A","N",2,0,0,0,0,0,0,"N",0.52,0,0,0,0,0,0,"N",0,0.0,0,0,0,0,0,0,0,0,0,0,0,0
"06081","5","3161","76","0","2023","A","N",1,0,0,0,0,0,0,"N",1.93,0,0,0,0,0,0,"N",0,0.0,0,0,0,0,0,0,0,0,0,0,0,0
"06081","5","31611","77","0","2023","A","N",1,0,0,0,0,0,0,"N",1.93,0,0,0,0,0,0,"N",0,0.0,0,0,0,0,0,0,0,0,0,0,0,0
"06081","5","316110","78","0","2023","A","N",1,0,0,0,0,0,0,"N",1.93,0,0,0,0,0,0,"N",0,0.0,0,0,0,0,0,0,0,0,0,0,0,0
"06081","5","3162","76","0","2023","A","N",1,0,0,0,0,0,0,"N",1.04,0,0,0,0,0,0,"N",0,0.0,0,0,0,0,0,0,0,0,0,0,0,0
"06081","5","31621","77","0","2023","A","N",1,0,0,0,0,0,0,"N",1.04,0,0,0,0,0,0,"N",0,0.0,0,0,0,0,0,0,0,0,0,0,0,0
"06081","5","316210","78","0","2023","A","N",1,0,0,0,0,0,0,"N",1.04,0,0,0,0,0,0,"N",0,0.0,0,0,0,0,0,0,0,0,0,0,0,0
"06081","5","321","75","0","2023","A","",12,178,12152637,1478757,44998,1316,68433,"",0.29,0.15,0.07,0.11,0.15,0.47,0.47,"",4,50.0,45,33.8,1403499,13.1,306695,26.2,10332,29.8,-242,-15.5,-12591,-15.5
"06081","5","3219","76","0","2023","A","",12,178,12152637,1478757,44998,1316,68433,"",0.44,0.27,0.13,0.19,0.26,0.49,0.49,"",4,50.0,45,33.8,1403499,13.1,306695,26.2,10332,29.8,-242,-15.5,-12591,-15.5
"06081","5","32191","77","0","2023","A","",7,84,6536885,751826,22414,1506,78286,"",0.79,0.29,0.15,0.20,0.30,0.53,0.53,"",2,40.0,17,25.4,863002,15.2,160233,27.1,3675,19.6,-112,-6.9,-5875,-7.0
"06081","5","321911","78","0","2023","A","",4,60,4829878,538774,17118,1544,80275,"",1.31,0.38,0.19,0.23,0.41,0.51,0.51,"N",1,33.3,0,0,0,0,0,0,0,0,0,0,0,0
"06081","5","321918","78","0","2023","A","",3,23,1707007,213052,5296,1407,73157,"",0.68,0.25,0.14,0.23,0.23,0.54,0.54,"N",1,50.0,0,0,0,0,0,0,0,0,0,0,0,0
"06081","5","32192","77","0","2023","A","N",1,0,0,0,0,0,0,"N",0.12,0,0,0,0,0,0,"N",1,100.0,0,0,0,0,0,0,0,0,0,0,0,0
"06081","5","321920","78","0","2023","A","N",1,0,0,0,0,0,0,"N",0.12,0,0,0,0,0,0,"N",1,100.0,0,0,0,0,0,0,0,0,0,0,0,0
"06081","5","32199","77","0","2023","A","N",4,0,0,0,0,0,0,"N",0.38,0,0,0,0,0,0,"N",1,33.3,0,0,0,0,0,0,0,0,0,0,0,0
"06081","5","321991","78","0","2023","A","N",1,0,0,0,0,0,0,"N",1.00,0,0,0,0,0,0,"N",1,100.0,0,0,0,0,0,0,0,0,0,0,0,0
"06081","5","321999","78","0","2023","A","N",3,0,0,0,0,0,0,"N",0.43,0,0,0,0,0,0,"N",0,0.0,0,0,0,0,0,0,0,0,0,0,0,0
"06081","5","322","75","0","2023","A","",4,17,1521948,133000,7588,1756,91317,"",0.28,0.02,0.01,0.01,0.03,0.48,0.48,"",0,0.0,-2,-10.5,51061,3.5,4000,3.1,39,0.5,241,15.9,12519,15.9
"06081","5","3222","76","0","2023","A","",4,17,1521948,133000,7588,1756,91317,"",0.33,0.02,0.01,0.02,0.04,0.52,0.52,"",0,0.0,-2,-10.5,51061,3.5,4000,3.1,39,0.5,241,15.9,12519,15.9
"06081","5","32221","77","0","2023","A","N",1,0,0,0,0,0,0,"N",0.16,0,0,0,0,0,0,"N",0,0.0,0,0,0,0,0,0,0,0,0,0,0,0
"06081","5","322219","78","0","2023","A","N",1,0,0,0,0,0,0,"N",0.99,0,0,0,0,0,0,"N",0,0.0,0,0,0,0,0,0,0,0,0,0,0,0
"06081","5","32222","77","0","2023","A","N",1,0,0,0,0,0,0,"N",0.36,0,0,0,0,0,0,"N",0,0.0,0,0,0,0,0,0,0,0,0,0,0,0
"06081","5","322220","78","0","2023","A","N",1,0,0,0,0,0,0,"N",0.36,0,0,0,0,0,0,"N",0,0.0,0,0,0,0,0,0,0,0,0,0,0,0
"06081","5","32223","77","0","2023","A","N",2,0,0,0,0,0,0,"N",1.93,0,0,0,0,0,0,"N",0,0.0,0,0,0,0,0,0,0,0,0,0,0,0
"06081","5","322230","78","0","2023","A","N",2,0,0,0,0,0,0,"N",1.93,0,0,0,0,0,0,"N",0,0.0,0,0,0,0,0,0,0,0,0,0,0,0
"06081","5","323","75","0","2023","A","",40,689,56386074,5570821,200563,1575,81887,"",0.56,0.68,0.39,0.52,0.76,0.58,0.58,"",-1,-2.4,-84,-10.9,-2773547,-4.7,-993420,-15.1,-21045,-9.5,102,6.9,5305,6.9
"06081","5","3231","76","0","2023","A","",40,689,56386074,5570821,200563,1575,81887,"",0.56,0.68,0.39,0.52,0.76,0.58,0.58,"",-1,-2.4,-84,-10.9,-2773547,-4.7,-993420,-15.1,-21045,-9.5,102,6.9,5305,6.9
"06081","5","32311","77","0","2023","A","N",37,0,0,0,0,0,0,"N",0.54,0,0,0,0,0,0,"N",-1,-2.6,0,0,0,0,0,0,0,0,0,0,0,0
"06081","5","323111","78","0","2023","A","",30,612,51545242,4928021,173960,1619,84190,"",0.63,0.85,0.47,0.64,0.90,0.56,0.55,"",0,0.0,-59,-8.8,-2122928,-4.0,-659790,-11.8,-11599,-6.3,81,5.3,4208,5.3
"06081","5","323113","78","0","2023","A","N",7,0,0,0,0,0,0,"N",0.36,0,0,0,0,0,0,"N",-1,-12.5,0,0,0,0,0,0,0,0,0,0,0,0
"06081","5","32312","77","0","2023","A","N",3,0,0,0,0,0,0,"N",0.90,0,0,0,0,0,0,"N",0,0.0,0,0,0,0,0,0,0,0,0,0,0,0
"06081","5","323120","78","0","2023","A","N",3,0,0,0,0,0,0,"N",0.90,0,0,0,0,0,0,"N",0,0.0,0,0,0,0,0,0,0,0,0,0,0,0
"06081","5","324","75","0","2023","A","N",3,0,0,0,0,0,0,"N",0.47,0,0,0,0,0,0,"N",0,0.0,0,0,0,0,0,0,0,0,0,0,0,0
"06081","5","3241","76","0","2023","A","N",3,0,0,0,0,0,0,"N",0.47,0,0,0,0,0,0,"N",0,0.0,0,0,0,0,0,0,0,0,0,0,0,0
"06081","5","32411","77","0","2023","A","N",1,0,0,0,0,0,0,"N",0.60,0,0,0,0,0,0,"N",0,0.0,0,0,0,0,0,0,0,0,0,0,0,0
"06081","5","324110","78","0","2023","A","N",1,0,0,0,0,0,0,"N",0.60,0,0,0,0,0,0,"N",0,0.0,0,0,0,0,0,0,0,0,0,0,0,0
"06081","5","32412","77","0","2023","A","N",2,0,0,0,0,0,0,"N",0.60,0,0,0,0,0,0,"N",0,0.0,0,0,0,0,0,0,0,0,0,0,0,0
"06081","5","324121","78","0","2023","A","N",2,0,0,0,0,0,0,"N",0.79,0,0,0,0,0,0,"N",0,0.0,0,0,0,0,0,0,0,0,0,0,0,0
"06081","5","325","75","0","2023","A","",50,9074,2450657773,81970625,1610865,5194,270090,"",0.80,3.69,3.67,3.18,2.68,0.99,0.99,"",1,2.0,-1761,-16.3,-549877297,-18.3,-15505025,-15.9,-548067,-25.4,-131,-2.5,-6836,-2.5
"06081","5","3251","76","0","2023","A","",3,7,1364137,49000,2338,3748,194877,"",0.31,0.02,0.01,0.01,0.03,0.66,0.66,"",-1,-25.0,-3,-30.0,-239862,-15.0,-49001,-50.0,-1463,-38.5,584,18.5,30364,18.5
"06081","5","32518","77","0","2023","A","N",2,0,0,0,0,0,0,"N",0.79,0,0,0,0,0,0,"N",0,0.0,0,0,0,0,0,0,0,0,0,0,0,0
"06081","5","325180","78","0","2023","A","N",2,0,0,0,0,0,0,"N",0.79,0,0,0,0,0,0,"N",0,0.0,0,0,0,0,0,0,0,0,0,0,0,0
"06081","5","32519","77","0","2023","A","N",1,0,0,0,0,0,0,"N",0.26,0,0,0,0,0,0,"N",0,0.0,0,0,0,0,0,0,0,0,0,0,0,0
"06081","5","325199","78","0","2023","A","N",1,0,0,0,0,0,0,"N",0.34,0,0,0,0,0,0,"N",0,0.0,0,0,0,0,0,0,0,0,0,0,0,0
"06081","5","3253","76","0","2023","A","N",1,0,0,0,0,0,0,"N",0.26,0,0,0,0,0,0,"N",0,0.0,0,0,0,0,0,0,0,0,0,0,0,0
"06081","5","32531","77","0","2023","A","N",1,0,0,0,0,0,0,"N",0.38,0,0,0,0,0,0,"N",0,0.0,0,0,0,0,0,0,0,0,0,0,0,0
"06081","5","325314","78","0","2023","A","N",1,0,0,0,0,0,0,"N",0.73,0,0,0,0,0,0,"N",0,0.0,0,0,0,0,0,0,0,0,0,0,0,0
"06081","5","3254","76","0","2023","A","",39,8985,2441824689,81398766,1595734,5226,271777,"",2.09,9.44,8.00,7.29,6.09,0.85,0.85,"",3,8.3,-1741,-16.2,-548036780,-18.3,-15286774,-15.8,-538239,-25.2,-135,-2.5,-6983,-2.5
"06081","5","32541","77","0","2023","A","",39,8985,2441824689,81398766,1595734,5226,271777,"",2.09,9.44,8.00,7.29,6.09,0.85,0.85,"",3,8.3,-1741,-16.2,-548036780,-18.3,-15286774,-15.8,-538239,-25.2,-135,-2.5,-6983,-2.5
"06081","5","325411","78","0","2023","A","",4,76,11239452,1237331,45967,2860,148703,"",1.09,0.65,0.30,0.80,1.20,0.47,0.47,"",0,0.0,-34,-30.9,-5387825,-32.4,409691,49.5,17604,62.1,-53,-1.8,-2798,-1.8
"06081","5","325412","78","0","2023","A","N",23,0,0,0,0,0,0,"N",1.94,0,0,0,0,0,0,"N",1,4.5,0,0,0,0,0,0,0,0,0,0,0,0
"06081","5","325413","78","0","2023","A","N",3,0,0,0,0,0,0,"N",2.53,0,0,0,0,0,0,"N",0,0.0,0,0,0,0,0,0,0,0,0,0,0,0
"06081","5","325414","78","0","2023","A","",8,274,55248777,3372625,118796,3874,201454,"",4.22,2.22,1.50,2.21,4.05,0.68,0.68,"",1,14.3,-122,-30.8,-14511052,-20.8,-467855,-12.2,-17152,-12.6,485,14.3,25219,14.3
"06081","5","3256","76","0","2023","A","",5,41,2505462,192398,5485,1163,60494,"",0.50,0.13,0.04,0.06,0.06,0.30,0.30,"",1,25.0,2,5.1,416802,20.0,5358,2.9,-392,-6.7,126,12.2,6593,12.2
"06081","5","32562","77","0","2023","A","",5,41,2505462,192398,5485,1163,60494,"",1.09,0.26,0.09,0.11,0.11,0.35,0.35,"",1,25.0,2,5.1,416802,20.0,5358,2.9,-392,-6.7,126,12.2,6593,12.2
"06081","5","325620","78","0","2023","A","",5,41,2505462,192398,5485,1163,60494,"",1.09,0.26,0.09,0.11,0.11,0.35,0.35,"",1,25.0,2,5.1,416802,20.0,5358,2.9,-392,-6.7,126,12.2,6593,12.2
"06081","5","3259","76","0","2023","A","N",2,0,0,0,0,0,0,"N",0.23,0,0,0,0,0,0,"N",-1,-33.3,0,0,0,0,0,0,0,0,0,0,0,0
"06081","5","32591","77","0","2023","A","N",1,0,0,0,0,0,0,"N",0.89,0,0,0,0,0,0,"N",0,0.0,0,0,0,0,0,0,0,0,0,0,0,0
"06081","5","325910","78","0","2023","A","N",1,0,0,0,0,0,0,"N",0.89,0,0,0,0,0,0,"N",0,0.0,0,0,0,0,0,0,0,0,0,0,0,0
"06081","5","32599","77","0","2023","A","N",1,0,0,0,0,0,0,"N",0.14,0,0,0,0,0,0,"N",-1,-50.0,0,0,0,0,0,0,0,0,0,0,0,0
"06081","5","325998","78","0","2023","A","N",1,0,0,0,0,0,0,"N",0.18,0,0,0,0,0,0,"N",-1,-50.0,0,0,0,0,0,0,0,0,0,0,0,0
"06081","5","326","75","0","2023","A","",10,176,15384907,1626834,36301,1684,87580,"",0.28,0.09,0.05,0.08,0.07,0.55,0.55,"",-2,-16.7,-11,-5.9,195922,1.3,-111093,-6.4,-5702,-13.6,119,7.6,6174,7.6
"06081","5","3261","76","0","2023","A","",10,176,15384907,1626834,36301,1684,87580,"",0.33,0.11,0.06,0.09,0.08,0.55,0.55,"",-2,-16.7,-11,-5.9,195922,1.3,-111093,-6.4,-5702,-13.6,119,7.6,6174,7.6
"06081","5","32611","77","0","2023","A","N",3,0,0,0,0,0,0,"N",0.70,0,0,0,0,0,0,"N",-1,-25.0,0,0,0,0,0,0,0,0,0,0,0,0
"06081","5","326112","78","0","2023","A","N",1,0,0,0,0,0,0,"N",0.67,0,0,0,0,0,0,"N",0,0.0,0,0,0,0,0,0,0,0,0,0,0,0
"06081","5","326113","78","0","2023","A","N",2,0,0,0,0,0,0,"N",1.39,0,0,0,0,0,0,"N",0,0.0,0,0,0,0,0,0,0,0,0,0,0,0
"06081","5","32615","77","0","2023","A","N",0,0,0,0,0,0,0,"N",0.00,0,0,0,0,0,0,"N",-1,-100.0,0,0,0,0,0,0,0,0,0,0,0,0
"06081","5","326150","78","0","2023","A","N",0,0,0,0,0,0,0,"N",0.00,0,0,0,0,0,0,"N",-1,-100.0,0,0,0,0,0,0,0,0,0,0,0,0
"06081","5","32619","77","0","2023","A","",7,50,4228666,518909,15129,1624,84433,"",0.41,0.06,0.03,0.06,0.06,0.55,0.54,"",0,0.0,-7,-12.3,-164914,-3.8,-56927,-9.9,-2374,-13.6,142,9.6,7353,9.5
"06081","5","326199","78","0","2023","A","",7,50,4228666,518909,15129,1624,84433,"",0.43,0.06,0.03,0.06,0.07,0.54,0.54,"",0,0.0,-7,-12.3,-164914,-3.8,-56927,-9.9,-2374,-13.6,142,9.6,7353,9.5
"06081","5","327","75","0","2023","A","",16,196,18965204,1662836,53502,1858,96597,"",0.36,0.17,0.09,0.13,0.12,0.55,0.55,"",-1,-5.9,13,7.1,1924803,11.3,141660,9.3,2400,4.7,66,3.7,3438,3.7
"06081","5","3271","76","0","2023","A","N",2,0,0,0,0,0,0,"N",0.53,0,0,0,0,0,0,"N",0,0.0,0,0,0,0,0,0,0,0,0,0,0,0
"06081","5","32711","77","0","2023","A","N",1,0,0,0,0,0,0,"N",0.49,0,0,0,0,0,0,"N",-1,-50.0,0,0,0,0,0,0,0,0,0,0,0,0
"06081","5","327110","78","0","2023","A","N",1,0,0,0,0,0,0,"N",0.49,0,0,0,0,0,0,"N",-1,-50.0,0,0,0,0,0,0,0,0,0,0,0,0
"06081","5","32712","77","0","2023","A","N",1,0,0,0,0,0,0,"N",0.58,0,0,0,0,0,0,"N",1,100.0,0,0,0,0,0,0,0,0,0,0,0,0
"06081","5","327120","78","0","2023","A","N",1,0,0,0,0,0,0,"N",0.58,0,0,0,0,0,0,"N",1,100.0,0,0,0,0,0,0,0,0,0,0,0,0
"06081","5","3272","76","0","2023","A","N",1,0,0,0,0,0,0,"N",0.20,0,0,0,0,0,0,"N",-1,-50.0,0,0,0,0,0,0,0,0,0,0,0,0
"06081","5","32721","77","0","2023","A","N",1,0,0,0,0,0,0,"N",0.20,0,0,0,0,0,0,"N",-1,-50.0,0,0,0,0,0,0,0,0,0,0,0,0
"06081","5","327212","78","0","2023","A","N",1,0,0,0,0,0,0,"N",0.89,0,0,0,0,0,0,"N",0,0.0,0,0,0,0,0,0,0,0,0,0,0,0
"06081","5","3273","76","0","2023","A","",8,150,15669020,1360510,45859,2011,104576,"",0.34,0.27,0.16,0.22,0.17,0.58,0.58,"",0,0.0,5,3.4,733741,4.9,121927,9.8,778,1.7,36,1.8,1869,1.8
"06081","5","32732","77","0","2023","A","N",6,0,0,0,0,0,0,"N",0.41,0,0,0,0,0,0,"N",0,0.0,0,0,0,0,0,0,0,0,0,0,0,0
"06081","5","327320","78","0","2023","A","N",6,0,0,0,0,0,0,"N",0.41,0,0,0,0,0,0,"N",0,0.0,0,0,0,0,0,0,0,0,0,0,0,0
"06081","5","32739","77","0","2023","A","N",2,0,0,0,0,0,0,"N",0.38,0,0,0,0,0,0,"N",0,0.0,0,0,0,0,0,0,0,0,0,0,0,0
"06081","5","327390","78","0","2023","A","N",2,0,0,0,0,0,0,"N",0.38,0,0,0,0,0,0,"N",0,0.0,0,0,0,0,0,0,0,0,0,0,0,0
"06081","5","3279","76","0","2023","A","",5,32,1817770,232326,5655,1090,56658,"",0.45,0.14,0.05,0.10,0.09,0.34,0.34,"",0,0.0,1,3.2,45583,2.6,-6035,-2.5,1148,25.5,-6,-0.5,-356,-0.6
"06081","5","32799","77","0","2023","A","",5,32,1817770,232326,5655,1090,56658,"",0.50,0.16,0.06,0.11,0.10,0.34,0.34,"",0,0.0,1,3.2,45583,2.6,-6035,-2.5,1148,25.5,-6,-0.5,-356,-0.6
"06081","5","327991","78","0","2023","A","",5,32,1817770,232326,5655,1090,56658,"",0.67,0.33,0.14,0.21,0.21,0.41,0.41,"",0,0.0,1,3.2,45583,2.6,-6035,-2.5,1148,25.5,-6,-0.5,-356,-0.6
"06081","5","331","75","0","2023","A","",5,275,32616010,1939294,106585,2285,118820,"",0.33,0.27,0.15,0.19,0.35,0.57,0.57,"",-1,-16.7,29,11.8,9015813,38.2,383104,24.6,21955,25.9,439,23.8,22819,23.8
"06081","5","3312","76","0","2023","A","N",1,0,0,0,0,0,0,"N",0.29,0,0,0,0,0,0,"N",-1,-50.0,0,0,0,0,0,0,0,0,0,0,0,0
"06081","5","33121","77","0","2023","A","N",1,0,0,0,0,0,0,"N",0.67,0,0,0,0,0,0,"N",0,0.0,0,0,0,0,0,0,0,0,0,0,0,0
"06081","5","331210","78","0","2023","A","N",1,0,0,0,0,0,0,"N",0.67,0,0,0,0,0,0,"N",0,0.0,0,0,0,0,0,0,0,0,0,0,0,0
"06081","5","3313","76","0","2023","A","N",1,0,0,0,0,0,0,"N",0.50,0,0,0,0,0,0,"N",0,0.0,0,0,0,0,0,0,0,0,0,0,0,0
"06081","5","33131","77","0","2023","A","N",1,0,0,0,0,0,0,"N",0.50,0,0,0,0,0,0,"N",0,0.0,0,0,0,0,0,0,0,0,0,0,0,0
"06081","5","331318","78","0","2023","A","N",1,0,0,0,0,0,0,"N",1.12,0,0,0,0,0,0,"N",0,0.0,0,0,0,0,0,0,0,0,0,0,0,0
"06081","5","3314","76","0","2023","A","N",2,0,0,0,0,0,0,"N",0.73,0,0,0,0,0,0,"N",0,0.0,0,0,0,0,0,0,0,0,0,0,0,0
"06081","5","33149","77","0","2023","A","N",2,0,0,0,0,0,0,"N",1.35,0,0,0,0,0,0,"N",0,0.0,0,0,0,0,0,0,0,0,0,0,0,0
"06081","5","331491","78","0","2023","A","N",1,0,0,0,0,0,0,"N",1.24,0,0,0,0,0,0,"N",0,0.0,0,0,0,0,0,0,0,0,0,0,0,0
"06081","5","331492","78","0","2023","A","N",1,0,0,0,0,0,0,"N",1.47,0,0,0,0,0,0,"N",0,0.0,0,0,0,0,0,0,0,0,0,0,0,0
"06081","5","3315","76","0","2023","A","N",1,0,0,0,0,0,0,"N",0.23,0,0,0,0,0,0,"N",0,0.0,0,0,0,0,0,0,0,0,0,0,0,0
"06081","5","33151","77","0","2023","A","N",1,0,0,0,0,0,0,"N",0.54,0,0,0,0,0,0,"N",0,0.0,0,0,0,0,0,0,0,0,0,0,0,0
"06081","5","331513","78","0","2023","A","N",1,0,0,0,0,0,0,"N",1.61,0,0,0,0,0,0,"N",0,0.0,0,0,0,0,0,0,0,0,0,0,0,0
"06081","5","332","75","0","2023","A","",89,826,66187127,7460104,199599,1542,80162,"",0.58,0.21,0.10,0.18,0.18,0.48,0.47,"",2,2.3,-36,-4.2,-4708621,-6.6,-77039,-1.0,-29645,-12.9,-40,-2.5,-2115,-2.6
"06081","5","3321","76","0","2023","A","N",2,0,0,0,0,0,0,"N",0.35,0,0,0,0,0,0,"N",0,0.0,0,0,0,0,0,0,0,0,0,0,0,0
"06081","5","33211","77","0","2023","A","N",2,0,0,0,0,0,0,"N",0.35,0,0,0,0,0,0,"N",0,0.0,0,0,0,0,0,0,0,0,0,0,0,0
"06081","5","332119","78","0","2023","A","N",2,0,0,0,0,0,0,"N",0.63,0,0,0,0,0,0,"N",0,0.0,0,0,0,0,0,0,0,0,0,0,0,0
"06081","5","3323","76","0","2023","A","",31,248,18812936,2310631,78068,1460,75910,"",0.74,0.22,0.10,0.19,0.23,0.46,0.46,"",0,0.0,-13,-5.0,-274034,-1.4,-225768,-8.9,-15144,-16.2,55,3.9,2827,3.9
"06081","5","33231","77","0","2023","A","",3,5,424529,42072,974,1749,90971,"",0.16,0.01,0.00,0.01,0.01,0.51,0.51,"",-1,-25.0,1,25.0,70947,20.1,8557,25.5,-58,-5.6,117,7.2,6111,7.2
"06081","5","332311","78","0","2023","A","N",1,0,0,0,0,0,0,"N",0.28,0,0,0,0,0,0,"N",0,0.0,0,0,0,0,0,0,0,0,0,0,0,0
"06081","5","332312","78","0","2023","A","N",2,0,0,0,0,0,0,"N",0.20,0,0,0,0,0,0,"N",-1,-33.3,0,0,0,0,0,0,0,0,0,0,0,0
"06081","5","33232","77","0","2023","A","",28,243,18388407,2268559,77094,1454,75621,"",1.19,0.39,0.19,0.34,0.41,0.48,0.48,"",1,3.7,-14,-5.4,-344981,-1.8,-234325,-9.4,-15086,-16.4,52,3.7,2728,3.7
"06081","5","332321","78","0","2023","A","N",6,0,0,0,0,0,0,"N",1.57,0,0,0,0,0,0,"N",0,0.0,0,0,0,0,0,0,0,0,0,0,0,0
"06081","5","332322","78","0","2023","A","N",6,0,0,0,0,0,0,"N",0.52,0,0,0,0,0,0,"N",0,0.0,0,0,0,0,0,0,0,0,0,0,0,0
"06081","5","332323","78","0","2023","A","",16,154,12392812,1383685,39461,1551,80647,"",1.93,1.29,0.65,1.00,0.98,0.50,0.50,"",1,6.7,-15,-8.9,-751050,-5.7,-293213,-17.5,-13861,-26.0,52,3.5,2680,3.4
"06081","5","3325","76","0","2023","A","N",1,0,0,0,0,0,0,"N",0.46,0,0,0,0,0,0,"N",0,0.0,0,0,0,0,0,0,0,0,0,0,0,0
"06081","5","33251","77","0","2023","A","N",1,0,0,0,0,0,0,"N",0.46,0,0,0,0,0,0,"N",0,0.0,0,0,0,0,0,0,0,0,0,0,0,0
"06081","5","332510","78","0","2023","A","N",1,0,0,0,0,0,0,"N",0.46,0,0,0,0,0,0,"N",0,0.0,0,0,0,0,0,0,0,0,0,0,0,0
"06081","5","3326","76","0","2023","A","N",1,0,0,0,0,0,0,"N",0.31,0,0,0,0,0,0,"N",0,0.0,0,0,0,0,0,0,0,0,0,0,0,0
"06081","5","33261","77","0","2023","A","N",1,0,0,0,0,0,0,"N",0.31,0,0,0,0,0,0,"N",0,0.0,0,0,0,0,0,0,0,0,0,0,0,0
"06081","5","332613","78","0","2023","A","N",1,0,0,0,0,0,0,"N",0.98,0,0,0,0,0,0,"N",0,0.0,0,0,0,0,0,0,0,0,0,0,0,0
"06081","5","3327","76","0","2023","A","",41,381,31400621,3297600,79314,1586,82470,"",0.75,0.41,0.21,0.35,0.30,0.51,0.51,"",2,5.1,18,5.0,1600970,5.4,135805,4.3,-8794,-10.0,7,0.4,377,0.5
"06081","5","33271","77","0","2023","A","",38,364,30140750,3127358,76144,1594,82899,"",0.78,0.50,0.26,0.41,0.38,0.52,0.52,"",2,5.6,19,5.5,1561225,5.5,157984,5.3,-6701,-8.1,2,0.1,100,0.1
"06081","5","332710","78","0","2023","A","",38,364,30140750,3127358,76144,1594,82899,"",0.78,0.50,0.26,0.41,0.38,0.52,0.52,"",2,5.6,19,5.5,1561225,5.5,157984,5.3,-6701,-8.1,2,0.1,100,0.1
"06081","5","33272","77","0","2023","A","",3,17,1259871,170242,3170,1411,73391,"",0.52,0.08,0.04,0.09,0.05,0.43,0.43,"",0,0.0,-1,-5.6,39745,3.3,-22179,-11.5,-2093,-39.8,95,7.2,4973,7.3
"06081","5","332721","78","0","2023","A","",3,17,1259871,170242,3170,1411,73391,"",0.79,0.16,0.07,0.16,0.10,0.46,0.46,"",0,0.0,-1,-5.6,39745,3.3,-22179,-11.5,-2093,-39.8,95,7.2,4973,7.3
"06081","5","3328","76","0","2023","A","",7,165,13536374,1603946,37454,1582,82288,"",0.44,0.46,0.25,0.46,0.37,0.55,0.55,"",0,0.0,-41,-19.9,-6506916,-32.5,22614,1.4,-6178,-14.2,-290,-15.5,-15049,-15.5
"06081","5","33281","77","0","2023","A","",7,165,13536374,1603946,37454,1582,82288,"",0.44,0.46,0.25,0.46,0.37,0.55,0.55,"",0,0.0,-41,-19.9,-6506916,-32.5,22614,1.4,-6178,-14.2,-290,-15.5,-15049,-15.5
"06081","5","332812","78","0","2023","A","N",3,0,0,0,0,0,0,"N",0.38,0,0,0,0,0,0,"N",0,0.0,0,0,0,0,0,0,0,0,0,0,0,0
"06081","5","332813","78","0","2023","A","N",4,0,0,0,0,0,0,"N",0.64,0,0,0,0,0,0,"N",0,0.0,0,0,0,0,0,0,0,0,0,0,0,0
"06081","5","3329","76","0","2023","A","",6,18,1271786,126445,2323,1359,70655,"",0.27,0.02,0.01,0.02,0.01,0.38,0.38,"",1,20.0,1,5.9,334203,35.6,8014,6.8,393,20.4,283,26.3,14680,26.2
"06081","5","33291","77","0","2023","A","N",2,0,0,0,0,0,0,"N",0.41,0,0,0,0,0,0,"N",0,0.0,0,0,0,0,0,0,0,0,0,0,0,0
"06081","5","332912","78","0","2023","A","N",1,0,0,0,0,0,0,"N",0.67,0,0,0,0,0,0,"N",0,0.0,0,0,0,0,0,0,0,0,0,0,0,0
"06081","5","332919","78","0","2023","A","N",1,0,0,0,0,0,0,"N",1.17,0,0,0,0,0,0,"N",0,0.0,0,0,0,0,0,0,0,0,0,0,0,0
"06081","5","33299","77","0","2023","A","N",4,0,0,0,0,0,0,"N",0.23,0,0,0,0,0,0,"N",1,33.3,0,0,0,0,0,0,0,0,0,0,0,0
"06081","5","332999","78","0","2023","A","N",4,0,0,0,0,0,0,"N",0.35,0,0,0,0,0,0,"N",1,33.3,0,0,0,0,0,0,0,0,0,0,0,0
"06081","5","333","75","0","2023","A","",34,309,32426126,3053742,94937,2015,104798,"",0.40,0.10,0.05,0.09,0.10,0.52,0.52,"",-1,-2.9,-125,-28.8,-14213512,-30.5,-970291,-24.1,-39376,-29.3,-53,-2.6,-2729,-2.5
"06081","5","3332","76","0","2023","A","N",5,0,0,0,0,0,0,"N",0.37,0,0,0,0,0,0,"N",0,0.0,0,0,0,0,0,0,0,0,0,0,0,0
"06081","5","33324","77","0","2023","A","N",5,0,0,0,0,0,0,"N",0.37,0,0,0,0,0,0,"N",0,0.0,0,0,0,0,0,0,0,0,0,0,0,0
"06081","5","333241","78","0","2023","A","N",1,0,0,0,0,0,0,"N",0.43,0,0,0,0,0,0,"N",0,0.0,0,0,0,0,0,0,0,0,0,0,0,0
"06081","5","333242","78","0","2023","A","N",3,0,0,0,0,0,0,"N",3.08,0,0,0,0,0,0,"N",0,0.0,0,0,0,0,0,0,0,0,0,0,0,0
"06081","5","333248","78","0","2023","A","N",2,0,0,0,0,0,0,"N",0.23,0,0,0,0,0,0,"N",1,100.0,0,0,0,0,0,0,0,0,0,0,0,0
"06081","5","3333","76","0","2023","A","",8,46,6827482,696222,18420,2849,148155,"",1.00,0.19,0.13,0.26,0.27,0.69,0.69,"",0,0.0,-23,-33.3,-4557739,-40.0,-1774,-0.3,-12864,-41.1,-316,-10.0,-16451,-10.0
"06081","5","33331","77","0","2023","A","",8,46,6827482,696222,18420,2849,148155,"",1.00,0.19,0.13,0.26,0.27,0.69,0.69,"",0,0.0,-23,-33.3,-4557739,-40.0,-1774,-0.3,-12864,-41.1,-316,-10.0,-16451,-10.0
"06081","5","333310","78","0","2023","A","",8,46,6827482,696222,18420,2849,148155,"",1.00,0.19,0.13,0.26,0.27,0.69,0.69,"",0,0.0,-23,-33.3,-4557739,-40.0,-1774,-0.3,-12864,-41.1,-316,-10.0,-16451,-10.0
"06081","5","3334","76","0","2023","A","N",3,0,0,0,0,0,0,"N",0.42,0,0,0,0,0,0,"N",0,0.0,0,0,0,0,0,0,0,0,0,0,0,0
"06081","5","33341","77","0","2023","A","N",3,0,0,0,0,0,0,"N",0.42,0,0,0,0,0,0,"N",0,0.0,0,0,0,0,0,0,0,0,0,0,0,0
"06081","5","333413","78","0","2023","A","N",1,0,0,0,0,0,0,"N",0.46,0,0,0,0,0,0,"N",0,0.0,0,0,0,0,0,0,0,0,0,0,0,0
"06081","5","333414","78","0","2023","A","N",1,0,0,0,0,0,0,"N",0.76,0,0,0,0,0,0,"N",0,0.0,0,0,0,0,0,0,0,0,0,0,0,0
"06081","5","333415","78","0","2023","A","N",1,0,0,0,0,0,0,"N",0.27,0,0,0,0,0,0,"N",0,0.0,0,0,0,0,0,0,0,0,0,0,0,0
"06081","5","3335","76","0","2023","A","",8,47,5931013,416927,15476,2427,126192,"",0.40,0.11,0.08,0.10,0.13,0.73,0.73,"",-1,-11.1,-8,-14.5,366845,6.6,-42562,-9.3,-2246,-12.7,467,23.8,24253,23.8
"06081","5","33351","77","0","2023","A","",8,47,5931013,416927,15476,2427,126192,"",0.40,0.11,0.08,0.10,0.13,0.73,0.73,"",-1,-11.1,-8,-14.5,366845,6.6,-42562,-9.3,-2246,-12.7,467,23.8,24253,23.8
"06081","5","333511","78","0","2023","A","N",1,0,0,0,0,0,0,"N",0.26,0,0,0,0,0,0,"N",0,0.0,0,0,0,0,0,0,0,0,0,0,0,0
"06081","5","333514","78","0","2023","A","",3,29,3977824,260243,8578,2608,135608,"",0.44,0.20,0.16,0.20,0.22,0.79,0.79,"",0,0.0,0,0.0,833505,26.5,2737,1.1,-695,-7.5,505,24.0,26240,24.0
"06081","5","333517","78","0","2023","A","N",4,0,0,0,0,0,0,"N",0.75,0,0,0,0,0,0,"N",-1,-20.0,0,0,0,0,0,0,0,0,0,0,0,0
"06081","5","3336","76","0","2023","A","N",2,0,0,0,0,0,0,"N",0.55,0,0,0,0,0,0,"N",0,0.0,0,0,0,0,0,0,0,0,0,0,0,0
"06081","5","33361","77","0","2023","A","N",2,0,0,0,0,0,0,"N",0.55,0,0,0,0,0,0,"N",0,0.0,0,0,0,0,0,0,0,0,0,0,0,0
"06081","5","333611","78","0","2023","A","N",1,0,0,0,0,0,0,"N",0.94,0,0,0,0,0,0,"N",0,0.0,0,0,0,0,0,0,0,0,0,0,0,0
"06081","5","333612","78","0","2023","A","N",1,0,0,0,0,0,0,"N",1.37,0,0,0,0,0,0,"N",0,0.0,0,0,0,0,0,0,0,0,0,0,0,0
"06081","5","3339","76","0","2023","A","",8,131,12658462,1112794,34949,1857,96568,"",0.37,0.17,0.08,0.13,0.16,0.49,0.49,"",0,0.0,-101,-43.5,-9770758,-43.6,-1099647,-49.7,-28601,-45.0,-2,-0.1,-110,-0.1
"06081","5","33399","77","0","2023","A","",8,131,12658462,1112794,34949,1857,96568,"",0.63,0.33,0.16,0.26,0.32,0.48,0.48,"N",1,14.3,0,0,0,0,0,0,0,0,0,0,0,0
"06081","5","333992","78","0","2023","A","N",1,0,0,0,0,0,0,"N",0.51,0,0,0,0,0,0,"N",0,0.0,0,0,0,0,0,0,0,0,0,0,0,0
"06081","5","333993","78","0","2023","A","N",1,0,0,0,0,0,0,"N",0.43,0,0,0,0,0,0,"N",1,100.0,0,0,0,0,0,0,0,0,0,0,0,0
"06081","5","333994","78","0","2023","A","N",1,0,0,0,0,0,0,"N",1.06,0,0,0,0,0,0,"N",0,0.0,0,0,0,0,0,0,0,0,0,0,0,0
"06081","5","333998","78","0","2023","A","N",5,0,0,0,0,0,0,"N",0.97,0,0,0,0,0,0,"N",0,0.0,0,0,0,0,0,0,0,0,0,0,0,0
"06081","5","334","75","0","2023","A","",88,4413,1073681681,40801449,1267818,4679,243314,"",1.36,1.47,0.97,1.23,1.51,0.66,0.66,"",-12,-12.0,-1035,-19.0,-1864489,-0.2,-5953351,-12.7,-475401,-27.3,883,23.3,45897,23.2
"06081","5","3341","76","0","2023","A","N",18,0,0,0,0,0,0,"N",2.96,0,0,0,0,0,0,"N",3,20.0,0,0,0,0,0,0,0,0,0,0,0,0
"06081","5","33411","77","0","2023","A","N",18,0,0,0,0,0,0,"N",2.96,0,0,0,0,0,0,"N",3,20.0,0,0,0,0,0,0,0,0,0,0,0,0
"06081","5","334111","78","0","2023","A","N",12,0,0,0,0,0,0,"N",4.49,0,0,0,0,0,0,"N",0,0.0,0,0,0,0,0,0,0,0,0,0,0,0
"06081","5","334112","78","0","2023","A","N",1,0,0,0,0,0,0,"N",1.43,0,0,0,0,0,0,"N",0,0.0,0,0,0,0,0,0,0,0,0,0,0,0
"06081","5","334118","78","0","2023","A","N",5,0,0,0,0,0,0,"N",1.85,0,0,0,0,0,0,"N",3,150.0,0,0,0,0,0,0,0,0,0,0,0,0
"06081","5","3342","76","0","2023","A","",9,92,12850654,889915,54811,2696,140189,"",1.25,0.39,0.19,0.41,0.86,0.47,0.47,"",-2,-18.2,-6,-6.1,-943947,-6.8,-67863,-7.1,874,1.6,-25,-0.9,-1294,-0.9
"06081","5","33421","77","0","2023","A","N",1,0,0,0,0,0,0,"N",0.86,0,0,0,0,0,0,"N",0,0.0,0,0,0,0,0,0,0,0,0,0,0,0
"06081","5","334210","78","0","2023","A","N",1,0,0,0,0,0,0,"N",0.86,0,0,0,0,0,0,"N",0,0.0,0,0,0,0,0,0,0,0,0,0,0,0
"06081","5","33422","77","0","2023","A","N",7,0,0,0,0,0,0,"N",1.77,0,0,0,0,0,0,"N",-1,-12.5,0,0,0,0,0,0,0,0,0,0,0,0
"06081","5","334220","78","0","2023","A","N",7,0,0,0,0,0,0,"N",1.77,0,0,0,0,0,0,"N",-1,-12.5,0,0,0,0,0,0,0,0,0,0,0,0
"06081","5","33429","77","0","2023","A","N",1,0,0,0,0,0,0,"N",0.49,0,0,0,0,0,0,"N",-1,-50.0,0,0,0,0,0,0,0,0,0,0,0,0
"06081","5","334290","78","0","2023","A","N",1,0,0,0,0,0,0,"N",0.49,0,0,0,0,0,0,"N",-1,-50.0,0,0,0,0,0,0,0,0,0,0,0,0
"06081","5","3343","76","0","2023","A","N",2,0,0,0,0,0,0,"N",0.74,0,0,0,0,0,0,"N",0,0.0,0,0,0,0,0,0,0,0,0,0,0,0
"06081","5","33431","77","0","2023","A","N",2,0,0,0,0,0,0,"N",0.74,0,0,0,0,0,0,"N",0,0.0,0,0,0,0,0,0,0,0,0,0,0,0
"06081","5","334310","78","0","2023","A","N",2,0,0,0,0,0,0,"N",0.74,0,0,0,0,0,0,"N",0,0.0,0,0,0,0,0,0,0,0,0,0,0,0
"06081","5","3344","76","0","2023","A","",18,456,98632028,3739055,81600,4164,216536,"",1.02,0.42,0.26,0.29,0.25,0.63,0.63,"",-1,-5.3,0,0.0,65201742,195.0,-49595,-1.3,-12538,-13.3,2755,195.5,143278,195.6
"06081","5","33441","77","0","2023","A","",18,456,98632028,3739055,81600,4164,216536,"",1.02,0.42,0.26,0.29,0.25,0.63,0.63,"",-1,-5.3,0,0.0,65201742,195.0,-49595,-1.3,-12538,-13.3,2755,195.5,143278,195.6
"06081","5","334412","78","0","2023","A","N",1,0,0,0,0,0,0,"N",0.74,0,0,0,0,0,0,"N",0,0.0,0,0,0,0,0,0,0,0,0,0,0,0
"06081","5","334413","78","0","2023","A","",10,79,76559099,752618,22721,18558,965031,"",1.62,0.14,0.28,0.10,0.12,1.99,1.99,"",1,11.1,12,17.9,63656230,493.3,87619,13.2,-4013,-15.0,14859,401.7,772690,401.7
"06081","5","334418","78","0","2023","A","",4,341,17808569,2676689,48653,1005,52250,"",1.27,2.07,0.61,1.63,1.01,0.30,0.30,"",0,0.0,-4,-1.2,1903432,12.0,-78586,-2.9,-9227,-15.9,117,13.2,6081,13.2
"06081","5","334419","78","0","2023","A","N",4,0,0,0,0,0,0,"N",0.85,0,0,0,0,0,0,"N",-1,-20.0,0,0,0,0,0,0,0,0,0,0,0,0
"06081","5","3345","76","0","2023","A","",38,1615,259354139,18673151,605781,3089,160624,"",1.41,1.39,0.76,1.38,1.97,0.55,0.55,"",-11,-22.4,-816,-33.6,-155501577,-37.5,-3631296,-16.3,-265662,-30.5,-193,-5.9,-10017,-5.9
"06081","5","33451","77","0","2023","A","",38,1615,259354139,18673151,605781,3089,160624,"",1.41,1.39,0.76,1.38,1.97,0.55,0.55,"",-11,-22.4,-816,-33.6,-155501577,-37.5,-3631296,-16.3,-265662,-30.5,-193,-5.9,-10017,-5.9
"06081","5","334510","78","0","2023","A","",15,214,28330248,1801617,65265,2544,132281,"",2.73,1.04,0.46,0.61,1.06,0.44,0.44,"",-4,-21.1,-237,-52.5,-46002498,-61.9,-2399586,-57.1,-70846,-52.1,-627,-19.8,-32628,-19.8
"06081","5","334511","78","0","2023","A","N",2,0,0,0,0,0,0,"N",0.62,0,0,0,0,0,0,"N",0,0.0,0,0,0,0,0,0,0,0,0,0,0,0
"06081","5","334513","78","0","2023","A","",5,44,4229544,444074,12081,1831,95224,"",0.92,0.28,0.13,0.24,0.28,0.45,0.45,"",-1,-16.7,-6,-12.0,-131449,-3.0,-21268,-4.6,-1987,-14.1,142,8.4,7419,8.4
"06081","5","334515","78","0","2023","A","",4,151,40823621,1352295,48566,5205,270654,"",1.24,1.45,1.20,0.97,1.37,0.83,0.83,"",-1,-20.0,-5,-3.2,864445,2.2,-27388,-2.0,-9438,-16.3,290,5.9,15052,5.9
"06081","5","334516","78","0","2023","A","",4,715,107077087,10572501,359541,2881,149811,"",1.24,5.62,2.99,8.11,10.31,0.53,0.53,"N",-1,-20.0,0,0,0,0,0,0,0,0,0,0,0,0
"06081","5","334517","78","0","2023","A","N",2,0,0,0,0,0,0,"N",2.69,0,0,0,0,0,0,"N",-1,-33.3,0,0,0,0,0,0,0,0,0,0,0,0
"06081","5","334519","78","0","2023","A","",6,47,7669197,338087,10567,3155,164047,"",1.66,0.41,0.18,0.30,0.37,0.44,0.44,"",-1,-14.3,15,46.9,2553812,49.9,86222,34.2,-301,-2.8,81,2.6,4191,2.6
"06081","5","3346","76","0","2023","A","N",4,0,0,0,0,0,0,"N",0.99,0,0,0,0,0,0,"N",-1,-20.0,0,0,0,0,0,0,0,0,0,0,0,0
"06081","5","33461","77","0","2023","A","N",4,0,0,0,0,0,0,"N",0.99,0,0,0,0,0,0,"N",-1,-20.0,0,0,0,0,0,0,0,0,0,0,0,0
"06081","5","334610","78","0","2023","A","N",4,0,0,0,0,0,0,"N",0.99,0,0,0,0,0,0,"N",-1,-20.0,0,0,0,0,0,0,0,0,0,0,0,0
"06081","5","335","75","0","2023","A","",26,1084,131393358,11751615,321133,2331,121193,"",1.02,0.95,0.59,0.97,0.99,0.62,0.62,"",-1,-3.7,101,10.3,14820627,12.7,1958143,20.0,48096,17.6,51,2.2,2655,2.2
"06081","5","3351","76","0","2023","A","N",3,0,0,0,0,0,0,"N",0.62,0,0,0,0,0,0,"N",0,0.0,0,0,0,0,0,0,0,0,0,0,0,0
"06081","5","33513","77","0","2023","A","N",3,0,0,0,0,0,0,"N",0.62,0,0,0,0,0,0,"N",0,0.0,0,0,0,0,0,0,0,0,0,0,0,0
"06081","5","335131","78","0","2023","A","N",1,0,0,0,0,0,0,"N",0.85,0,0,0,0,0,0,"N",0,0.0,0,0,0,0,0,0,0,0,0,0,0,0
"06081","5","335132","78","0","2023","A","N",1,0,0,0,0,0,0,"N",0.46,0,0,0,0,0,0,"N",0,0.0,0,0,0,0,0,0,0,0,0,0,0,0
"06081","5","335139","78","0","2023","A","N",1,0,0,0,0,0,0,"N",0.65,0,0,0,0,0,0,"N",0,0.0,0,0,0,0,0,0,0,0,0,0,0,0
"06081","5","3352","76","0","2023","A","N",3,0,0,0,0,0,0,"N",1.66,0,0,0,0,0,0,"N",0,0.0,0,0,0,0,0,0,0,0,0,0,0,0
"06081","5","33521","77","0","2023","A","N",2,0,0,0,0,0,0,"N",2.01,0,0,0,0,0,0,"N",0,0.0,0,0,0,0,0,0,0,0,0,0,0,0
"06081","5","335210","78","0","2023","A","N",2,0,0,0,0,0,0,"N",2.01,0,0,0,0,0,0,"N",0,0.0,0,0,0,0,0,0,0,0,0,0,0,0
"06081","5","33522","77","0","2023","A","N",1,0,0,0,0,0,0,"N",1.22,0,0,0,0,0,0,"N",0,0.0,0,0,0,0,0,0,0,0,0,0,0,0
"06081","5","335220","78","0","2023","A","N",1,0,0,0,0,0,0,"N",1.22,0,0,0,0,0,0,"N",0,0.0,0,0,0,0,0,0,0,0,0,0,0,0
"06081","5","3353","76","0","2023","A","",5,751,88812407,8190913,191241,2276,118338,"",0.64,1.84,1.07,1.88,2.02,0.58,0.58,"",0,0.0,107,16.6,14772454,20.0,1379420,20.3,45360,31.1,64,2.9,3310,2.9
"06081","5","33531","77","0","2023","A","",5,751,88812407,8190913,191241,2276,118338,"",0.64,1.84,1.07,1.88,2.02,0.58,0.58,"",0,0.0,107,16.6,14772454,20.0,1379420,20.3,45360,31.1,64,2.9,3310,2.9
"06081","5","335311","78","0","2023","A","N",3,0,0,0,0,0,0,"N",1.97,0,0,0,0,0,0,"N",0,0.0,0,0,0,0,0,0,0,0,0,0,0,0
"06081","5","335312","78","0","2023","A","N",1,0,0,0,0,0,0,"N",0.52,0,0,0,0,0,0,"N",0,0.0,0,0,0,0,0,0,0,0,0,0,0,0
"06081","5","335313","78","0","2023","A","N",1,0,0,0,0,0,0,"N",0.49,0,0,0,0,0,0,"N",0,0.0,0,0,0,0,0,0,0,0,0,0,0,0
"06081","5","3359","76","0","2023","A","",16,264,32528627,2927303,93116,2367,123059,"",1.45,0.59,0.36,0.57,0.59,0.61,0.61,"",0,0.0,1,0.4,805323,2.5,642003,28.1,5901,6.8,47,2.0,2438,2.0
"06081","5","33591","77","0","2023","A","",4,19,2919342,195651,9413,2994,155698,"",2.17,0.13,0.10,0.10,0.14,0.77,0.77,"",1,33.3,4,26.7,777700,36.3,55651,39.8,2091,28.6,170,6.0,8843,6.0
"06081","5","335910","78","0","2023","A","",4,19,2919342,195651,9413,2994,155698,"",2.17,0.13,0.10,0.10,0.14,0.77,0.77,"",1,33.3,4,26.7,777700,36.3,55651,39.8,2091,28.6,170,6.0,8843,6.0
"06081","5","33592","77","0","2023","A","N",1,0,0,0,0,0,0,"N",0.69,0,0,0,0,0,0,"N",0,0.0,0,0,0,0,0,0,0,0,0,0,0,0
"06081","5","335921","78","0","2023","A","N",1,0,0,0,0,0,0,"N",1.43,0,0,0,0,0,0,"N",0,0.0,0,0,0,0,0,0,0,0,0,0,0,0
"06081","5","33593","77","0","2023","A","N",3,0,0,0,0,0,0,"N",1.53,0,0,0,0,0,0,"N",0,0.0,0,0,0,0,0,0,0,0,0,0,0,0
"06081","5","335931","78","0","2023","A","N",3,0,0,0,0,0,0,"N",2.10,0,0,0,0,0,0,"N",0,0.0,0,0,0,0,0,0,0,0,0,0,0,0
"06081","5","33599","77","0","2023","A","",8,37,6655386,344774,9739,3475,180689,"",1.39,0.29,0.24,0.25,0.25,0.83,0.83,"",0,0.0,0,0.0,-1061055,-13.8,-59105,-14.6,-645,-6.2,-545,-13.6,-28334,-13.6
"06081","5","335991","78","0","2023","A","N",1,0,0,0,0,0,0,"N",1.49,0,0,0,0,0,0,"N",0,0.0,0,0,0,0,0,0,0,0,0,0,0,0
"06081","5","335999","78","0","2023","A","N",7,0,0,0,0,0,0,"N",1.38,0,0,0,0,0,0,"N",0,0.0,0,0,0,0,0,0,0,0,0,0,0,0
"06081","5","336","75","0","2023","A","",19,602,88078648,5689868,159365,2813,146290,"",0.41,0.12,0.08,0.11,0.10,0.69,0.69,"",-1,-5.0,129,27.3,23542392,36.5,1217152,27.2,22473,16.4,189,7.2,9850,7.2
"06081","5","3361","76","0","2023","A","N",1,0,0,0,0,0,0,"N",0.47,0,0,0,0,0,0,"N",1,100.0,0,0,0,0,0,0,0,0,0,0,0,0
"06081","5","33611","77","0","2023","A","N",1,0,0,0,0,0,0,"N",0.69,0,0,0,0,0,0,"N",1,100.0,0,0,0,0,0,0,0,0,0,0,0,0
"06081","5","336110","78","0","2023","A","N",1,0,0,0,0,0,0,"N",0.69,0,0,0,0,0,0,"N",1,100.0,0,0,0,0,0,0,0,0,0,0,0,0
"06081","5","3362","76","0","2023","A","N",1,0,0,0,0,0,0,"N",0.15,0,0,0,0,0,0,"N",0,0.0,0,0,0,0,0,0,0,0,0,0,0,0
"06081","5","33621","77","0","2023","A","N",1,0,0,0,0,0,0,"N",0.15,0,0,0,0,0,0,"N",0,0.0,0,0,0,0,0,0,0,0,0,0,0,0
"06081","5","336211","78","0","2023","A","N",1,0,0,0,0,0,0,"N",0.43,0,0,0,0,0,0,"N",0,0.0,0,0,0,0,0,0,0,0,0,0,0,0
"06081","5","3363","76","0","2023","A","",6,39,4222069,277313,6066,2095,108957,"",0.37,0.03,0.02,0.02,0.01,0.65,0.65,"",-1,-14.3,3,8.3,89635,2.2,3350,1.2,-447,-6.9,-87,-4.0,-4519,-4.0
"06081","5","33631","77","0","2023","A","N",1,0,0,0,0,0,0,"N",0.43,0,0,0,0,0,0,"N",0,0.0,0,0,0,0,0,0,0,0,0,0,0,0
"06081","5","336310","78","0","2023","A","N",1,0,0,0,0,0,0,"N",0.43,0,0,0,0,0,0,"N",0,0.0,0,0,0,0,0,0,0,0,0,0,0,0
"06081","5","33632","77","0","2023","A","",4,20,2748262,128104,3828,2632,136843,"",1.58,0.12,0.09,0.09,0.07,0.78,0.78,"",-1,-20.0,3,17.6,304261,12.4,-3734,-2.8,-470,-10.9,-174,-6.2,-9068,-6.2
"06081","5","336320","78","0","2023","A","",4,20,2748262,128104,3828,2632,136843,"",1.58,0.12,0.09,0.09,0.07,0.78,0.78,"",-1,-20.0,3,17.6,304261,12.4,-3734,-2.8,-470,-10.9,-174,-6.2,-9068,-6.2
"06081","5","33639","77","0","2023","A","N",1,0,0,0,0,0,0,"N",0.20,0,0,0,0,0,0,"N",0,0.0,0,0,0,0,0,0,0,0,0,0,0,0
"06081","5","336390","78","0","2023","A","N",1,0,0,0,0,0,0,"N",0.20,0,0,0,0,0,0,"N",0,0.0,0,0,0,0,0,0,0,0,0,0,0,0
"06081","5","3364","76","0","2023","A","N",6,0,0,0,0,0,0,"N",0.55,0,0,0,0,0,0,"N",-1,-14.3,0,0,0,0,0,0,0,0,0,0,0,0
"06081","5","33641","77","0","2023","A","N",6,0,0,0,0,0,0,"N",0.55,0,0,0,0,0,0,"N",-1,-14.3,0,0,0,0,0,0,0,0,0,0,0,0
"06081","5","336411","78","0","2023","A","N",3,0,0,0,0,0,0,"N",1.04,0,0,0,0,0,0,"N",-2,-40.0,0,0,0,0,0,0,0,0,0,0,0,0
"06081","5","336413","78","0","2023","A","N",3,0,0,0,0,0,0,"N",0.64,0,0,0,0,0,0,"N",1,50.0,0,0,0,0,0,0,0,0,0,0,0,0
"06081","5","3366","76","0","2023","A","N",1,0,0,0,0,0,0,"N",0.18,0,0,0,0,0,0,"N",0,0.0,0,0,0,0,0,0,0,0,0,0,0,0
"06081","5","33661","77","0","2023","A","N",1,0,0,0,0,0,0,"N",0.18,0,0,0,0,0,0,"N",0,0.0,0,0,0,0,0,0,0,0,0,0,0,0
"06081","5","336612","78","0","2023","A","N",1,0,0,0,0,0,0,"N",0.35,0,0,0,0,0,0,"N",0,0.0,0,0,0,0,0,0,0,0,0,0,0,0
"06081","5","3369","76","0","2023","A","",5,23,1686816,188642,10465,1431,74418,"",1.39,0.21,0.09,0.17,0.26,0.43,0.43,"",1,25.0,-8,-25.8,-271161,-13.8,-61428,-24.6,-4732,-31.1,220,18.2,11427,18.1
"06081","5","33699","77","0","2023","A","",5,23,1686816,188642,10465,1431,74418,"",1.39,0.21,0.09,0.17,0.26,0.43,0.43,"",1,25.0,-8,-25.8,-271161,-13.8,-61428,-24.6,-4732,-31.1,220,18.2,11427,18.1
"06081","5","336991","78","0","2023","A","N",4,0,0,0,0,0,0,"N",2.64,0,0,0,0,0,0,"N",1,33.3,0,0,0,0,0,0,0,0,0,0,0,0
"06081","5","336999","78","0","2023","A","N",1,0,0,0,0,0,0,"N",0.55,0,0,0,0,0,0,"N",0,0.0,0,0,0,0,0,0,0,0,0,0,0,0
"06081","5","337","75","0","2023","A","",31,300,23948865,2738705,74869,1535,79830,"",0.67,0.31,0.18,0.26,0.29,0.59,0.59,"",2,6.9,-1,-0.3,1456353,6.5,168567,6.6,8576,12.9,96,6.7,5021,6.7
"06081","5","3371","76","0","2023","A","",26,244,18452952,2310899,66722,1452,75524,"",0.80,0.39,0.24,0.33,0.46,0.60,0.60,"",3,13.0,4,1.7,1372432,8.0,222691,10.7,11962,21.8,81,5.9,4256,6.0
"06081","5","33711","77","0","2023","A","",21,149,11392475,1385517,40840,1474,76674,"",1.03,0.46,0.28,0.38,0.49,0.60,0.60,"",2,10.5,5,3.5,560388,5.2,238024,20.7,9126,28.8,25,1.7,1320,1.8
"06081","5","337110","78","0","2023","A","",21,149,11392475,1385517,40840,1474,76674,"",1.03,0.46,0.28,0.38,0.49,0.60,0.60,"",2,10.5,5,3.5,560388,5.2,238024,20.7,9126,28.8,25,1.7,1320,1.8
"06081","5","33712","77","0","2023","A","",5,96,7060477,925382,25882,1418,73739,"",0.41,0.32,0.19,0.28,0.41,0.59,0.59,"",1,25.0,0,0.0,812044,13.0,-15333,-1.6,2836,12.3,165,13.2,8595,13.2
"06081","5","337121","78","0","2023","A","N",2,0,0,0,0,0,0,"N",0.91,0,0,0,0,0,0,"N",0,0.0,0,0,0,0,0,0,0,0,0,0,0,0
"06081","5","337122","78","0","2023","A","N",1,0,0,0,0,0,0,"N",0.15,0,0,0,0,0,0,"N",0,0.0,0,0,0,0,0,0,0,0,0,0,0,0
"06081","5","337126","78","0","2023","A","N",2,0,0,0,0,0,0,"N",1.29,0,0,0,0,0,0,"N",1,100.0,0,0,0,0,0,0,0,0,0,0,0,0
"06081","5","3372","76","0","2023","A","N",4,0,0,0,0,0,0,"N",0.36,0,0,0,0,0,0,"N",-2,-33.3,0,0,0,0,0,0,0,0,0,0,0,0
"06081","5","33721","77","0","2023","A","N",4,0,0,0,0,0,0,"N",0.36,0,0,0,0,0,0,"N",-2,-33.3,0,0,0,0,0,0,0,0,0,0,0,0
"06081","5","337211","78","0","2023","A","N",1,0,0,0,0,0,0,"N",0.71,0,0,0,0,0,0,"N",0,0.0,0,0,0,0,0,0,0,0,0,0,0,0
"06081","5","337212","78","0","2023","A","N",1,0,0,0,0,0,0,"N",0.19,0,0,0,0,0,0,"N",0,0.0,0,0,0,0,0,0,0,0,0,0,0,0
"06081","5","337214","78","0","2023","A","N",1,0,0,0,0,0,0,"N",0.84,0,0,0,0,0,0,"N",0,0.0,0,0,0,0,0,0,0,0,0,0,0,0
"06081","5","337215","78","0","2023","A","N",1,0,0,0,0,0,0,"N",0.29,0,0,0,0,0,0,"N",-2,-66.7,0,0,0,0,0,0,0,0,0,0,0,0
"06081","5","3379","76","0","2023","A","N",1,0,0,0,0,0,0,"N",0.36,0,0,0,0,0,0,"N",0,0.0,0,0,0,0,0,0,0,0,0,0,0,0
"06081","5","33792","77","0","2023","A","N",1,0,0,0,0,0,0,"N",0.81,0,0,0,0,0,0,"N",0,0.0,0,0,0,0,0,0,0,0,0,0,0,0
"06081","5","337920","78","0","2023","A","N",1,0,0,0,0,0,0,"N",0.81,0,0,0,0,0,0,"N",0,0.0,0,0,0,0,0,0,0,0,0,0,0,0
"06081","5","339","75","0","2023","A","",86,1609,244546284,14086820,450002,2923,151987,"",0.91,0.94,0.76,0.76,0.96,0.81,0.81,"",0,0.0,-106,-6.2,-12212518,-4.8,-1091427,-7.2,-16821,-3.6,44,1.5,2281,1.5
"06081","5","3391","76","0","2023","A","",56,1329,215824103,11567420,371760,3124,162426,"",1.57,1.46,1.13,1.19,1.62,0.77,0.77,"",-1,-1.8,-106,-7.4,-14036419,-6.1,-1281820,-10.0,-20795,-5.3,44,1.4,2244,1.4
"06081","5","33911","77","0","2023","A","",56,1329,215824103,11567420,371760,3124,162426,"",1.57,1.46,1.13,1.19,1.62,0.77,0.77,"",-1,-1.8,-106,-7.4,-14036419,-6.1,-1281820,-10.0,-20795,-5.3,44,1.4,2244,1.4
"06081","5","339112","78","0","2023","A","",28,1029,179296229,8802381,273005,3351,174271,"",2.82,2.62,1.93,1.99,2.82,0.74,0.74,"",-1,-3.4,-123,-10.7,-19685658,-9.9,-1398526,-13.7,-24455,-8.2,29,0.9,1506,0.9
"06081","5","339113","78","0","2023","A","",12,207,31893838,1861995,68064,2968,154325,"",1.35,0.73,0.52,0.62,0.90,0.72,0.72,"",0,0.0,29,16.3,6385374,25.0,126401,7.3,3272,5.1,212,7.7,11019,7.7
"06081","5","339115","78","0","2023","A","N",0,0,0,0,0,0,0,"N",0.00,0,0,0,0,0,0,"N",-1,-100.0,0,0,0,0,0,0,0,0,0,0,0,0
"06081","5","339116","78","0","2023","A","N",16,0,0,0,0,0,0,"N",1.23,0,0,0,0,0,0,"N",0,0.0,0,0,0,0,0,0,0,0,0,0,0,0
"06081","5","3399","76","0","2023","A","",30,280,28722181,2519400,78242,1971,102488,"",0.51,0.35,0.22,0.28,0.33,0.63,0.63,"",2,7.1,0,0.0,1823901,6.8,190393,8.2,3974,5.4,124,6.7,6451,6.7
"06081","5","33991","77","0","2023","A","N",3,0,0,0,0,0,0,"N",0.53,0,0,0,0,0,0,"N",0,0.0,0,0,0,0,0,0,0,0,0,0,0,0
"06081","5","339910","78","0","2023","A","N",3,0,0,0,0,0,0,"N",0.53,0,0,0,0,0,0,"N",0,0.0,0,0,0,0,0,0,0,0,0,0,0,0
"06081","5","33992","77","0","2023","A","N",8,0,0,0,0,0,0,"N",1.36,0,0,0,0,0,0,"N",1,14.3,0,0,0,0,0,0,0,0,0,0,0,0
"06081","5","339920","78","0","2023","A","N",8,0,0,0,0,0,0,"N",1.36,0,0,0,0,0,0,"N",1,14.3,0,0,0,0,0,0,0,0,0,0,0,0
"06081","5","33995","77","0","2023","A","",11,65,3813613,597817,17007,1123,58372,"",0.57,0.31,0.12,0.27,0.30,0.40,0.40,"",1,10.0,3,4.8,27509,0.7,116092,24.1,2682,18.7,-50,-4.3,-2612,-4.3
"06081","5","339950","78","0","2023","A","",11,65,3813613,597817,17007,1123,58372,"",0.57,0.31,0.12,0.27,0.30,0.40,0.40,"",1,10.0,3,4.8,27509,0.7,116092,24.1,2682,18.7,-50,-4.3,-2612,-4.3
"06081","5","33999","77","0","2023","A","",8,50,4643669,417608,12590,1795,93340,"",0.33,0.14,0.08,0.11,0.12,0.57,0.57,"",0,0.0,-1,-2.0,-66311,-1.4,-5313,-1.3,-2286,-15.4,22,1.2,1138,1.2
"06081","5","339991","78","0","2023","A","N",1,0,0,0,0,0,0,"N",0.50,0,0,0,0,0,0,"N",0,0.0,0,0,0,0,0,0,0,0,0,0,0,0
"06081","5","339992","78","0","2023","A","N",2,0,0,0,0,0,0,"N",1.08,0,0,0,0,0,0,"N",0,0.0,0,0,0,0,0,0,0,0,0,0,0,0
"06081","5","339993","78","0","2023","A","N",1,0,0,0,0,0,0,"N",2.05,0,0,0,0,0,0,"N",0,0.0,0,0,0,0,0,0,0,0,0,0,0,0
"06081","5","339995","78","0","2023","A","N",1,0,0,0,0,0,0,"N",3.54,0,0,0,0,0,0,"N",0,0.0,0,0,0,0,0,0,0,0,0,0,0,0
"06081","5","339999","78","0","2023","A","",3,19,2754609,182000,7924,2740,142480,"",0.16,0.10,0.08,0.08,0.12,0.84,0.84,"",0,0.0,-3,-13.6,-74870,-2.6,-7000,-3.7,-728,-8.4,219,8.7,11384,8.7
"06081","5","42","74","0","2023","A","",925,13441,2282482534,114134989,3055575,3266,169816,"",0.57,0.80,0.57,0.62,0.65,0.72,0.72,"",-31,-3.2,2100,18.5,744201356,48.4,12618839,12.4,10963,0.4,657,25.2,34172,25.2
"06081","5","423","75","0","2023","A","",430,5958,903980350,50029518,1534620,2918,151732,"",0.50,0.64,0.40,0.49,0.60,0.63,0.63,"",-10,-2.3,226,3.9,76364031,9.2,-516171,-1.0,-172760,-10.1,141,5.1,7338,5.1
"06081","5","4231","76","0","2023","A","",35,600,68130849,4795126,138764,2186,113646,"",0.51,0.58,0.36,0.45,0.52,0.62,0.62,"",0,0.0,113,23.2,29775711,77.6,320391,7.2,-13410,-8.8,670,44.2,34821,44.2
"06081","5","42311","77","0","2023","A","N",7,0,0,0,0,0,0,"N",0.36,0,0,0,0,0,0,"N",0,0.0,0,0,0,0,0,0,0,0,0,0,0,0
"06081","5","423110","78","0","2023","A","N",7,0,0,0,0,0,0,"N",0.36,0,0,0,0,0,0,"N",0,0.0,0,0,0,0,0,0,0,0,0,0,0,0
"06081","5","42312","77","0","2023","A","",26,384,28191451,3332766,93610,1412,73399,"",0.68,0.77,0.33,0.66,0.69,0.42,0.42,"",0,0.0,15,4.1,3024751,12.0,112430,3.5,-18497,-16.5,100,7.6,5166,7.6
"06081","5","423120","78","0","2023","A","",26,384,28191451,3332766,93610,1412,73399,"",0.68,0.77,0.33,0.66,0.69,0.42,0.42,"",0,0.0,15,4.1,3024751,12.0,112430,3.5,-18497,-16.5,100,7.6,5166,7.6
"06081","5","42314","77","0","2023","A","N",2,0,0,0,0,0,0,"N",0.37,0,0,0,0,0,0,"N",0,0.0,0,0,0,0,0,0,0,0,0,0,0,0
"06081","5","423140","78","0","2023","A","N",2,0,0,0,0,0,0,"N",0.37,0,0,0,0,0,0,"N",0,0.0,0,0,0,0,0,0,0,0,0,0,0,0
"06081","5","4232","76","0","2023","A","",29,456,45363189,3705729,90365,1914,99535,"",0.86,1.46,0.76,1.11,0.95,0.52,0.52,"",-1,-3.3,15,3.4,4706468,11.6,-170498,-4.4,-23901,-20.9,142,8.0,7413,8.0
"06081","5","42321","77","0","2023","A","",13,313,34410340,2501766,63087,2114,109908,"",0.84,2.23,1.24,1.65,1.46,0.55,0.55,"",1,8.3,25,8.7,5364660,18.5,31345,1.3,-16485,-20.7,172,8.9,8909,8.8
"06081","5","423210","78","0","2023","A","",13,313,34410340,2501766,63087,2114,109908,"",0.84,2.23,1.24,1.65,1.46,0.55,0.55,"",1,8.3,25,8.7,5364660,18.5,31345,1.3,-16485,-20.7,172,8.9,8909,8.8
"06081","5","42322","77","0","2023","A","",16,143,10952849,1203963,27278,1476,76772,"",0.88,0.83,0.34,0.66,0.53,0.41,0.41,"",-2,-11.1,-11,-7.1,-658192,-5.7,-201843,-14.4,-7416,-21.4,24,1.7,1253,1.7
"06081","5","423220","78","0","2023","A","",16,143,10952849,1203963,27278,1476,76772,"",0.88,0.83,0.34,0.66,0.53,0.41,0.41,"",-2,-11.1,-11,-7.1,-658192,-5.7,-201843,-14.4,-7416,-21.4,24,1.7,1253,1.7
"06081","5","4233","76","0","2023","A","",26,239,20705124,2143463,72712,1666,86632,"",0.41,0.33,0.14,0.26,0.33,0.43,0.43,"",0,0.0,14,6.2,2039493,10.9,143971,7.2,2720,3.9,71,4.5,3704,4.5
"06081","5","42331","77","0","2023","A","",15,99,6916656,948951,20265,1349,70161,"",0.62,0.32,0.11,0.25,0.24,0.34,0.34,"",0,0.0,4,4.2,851947,14.0,70748,8.1,-619,-3.0,119,9.7,6210,9.7
"06081","5","423310","78","0","2023","A","",15,99,6916656,948951,20265,1349,70161,"",0.62,0.32,0.11,0.25,0.24,0.34,0.34,"",0,0.0,4,4.2,851947,14.0,70748,8.1,-619,-3.0,119,9.7,6210,9.7
"06081","5","42332","77","0","2023","A","",6,118,11752692,954925,43865,1924,100023,"",0.36,0.64,0.34,0.49,0.68,0.53,0.53,"",1,20.0,13,12.4,1236726,11.8,92310,10.7,4790,12.3,3,0.2,109,0.1
"06081","5","423320","78","0","2023","A","",6,118,11752692,954925,43865,1924,100023,"",0.36,0.64,0.34,0.49,0.68,0.53,0.53,"",1,20.0,13,12.4,1236726,11.8,92310,10.7,4790,12.3,3,0.2,109,0.1
"06081","5","42333","77","0","2023","A","N",3,0,0,0,0,0,0,"N",0.29,0,0,0,0,0,0,"N",0,0.0,0,0,0,0,0,0,0,0,0,0,0,0
"06081","5","423330","78","0","2023","A","N",3,0,0,0,0,0,0,"N",0.29,0,0,0,0,0,0,"N",0,0.0,0,0,0,0,0,0,0,0,0,0,0,0
"06081","5","42339","77","0","2023","A","N",2,0,0,0,0,0,0,"N",0.16,0,0,0,0,0,0,"N",-1,-33.3,0,0,0,0,0,0,0,0,0,0,0,0
"06081","5","423390","78","0","2023","A","N",2,0,0,0,0,0,0,"N",0.16,0,0,0,0,0,0,"N",-1,-33.3,0,0,0,0,0,0,0,0,0,0,0,0
"06081","5","4234","76","0","2023","A","",118,2222,462162211,18799177,615830,4000,207986,"",0.64,1.09,0.70,0.84,1.04,0.64,0.64,"",-6,-4.8,33,1.5,22932340,5.2,-641043,-3.3,-87217,-12.4,141,3.7,7340,3.7
"06081","5","42341","77","0","2023","A","N",3,0,0,0,0,0,0,"N",0.91,0,0,0,0,0,0,"N",1,50.0,0,0,0,0,0,0,0,0,0,0,0,0
"06081","5","423410","78","0","2023","A","N",3,0,0,0,0,0,0,"N",0.91,0,0,0,0,0,0,"N",1,50.0,0,0,0,0,0,0,0,0,0,0,0,0
"06081","5","42342","77","0","2023","A","",19,73,5699365,610025,33589,1503,78163,"",1.25,0.39,0.15,0.29,0.57,0.39,0.39,"",-1,-5.0,-12,-14.1,-483422,-7.8,-73448,-10.7,-5069,-13.1,110,7.9,5708,7.9
"06081","5","423420","78","0","2023","A","",19,73,5699365,610025,33589,1503,78163,"",1.25,0.39,0.15,0.29,0.57,0.39,0.39,"",-1,-5.0,-12,-14.1,-483422,-7.8,-73448,-10.7,-5069,-13.1,110,7.9,5708,7.9
"06081","5","42343","77","0","2023","A","",26,588,168561938,5068700,145738,5511,286548,"",0.57,0.91,0.60,0.73,0.78,0.65,0.65,"",-2,-7.1,-79,-11.8,6110946,3.8,-733639,-12.6,-26984,-15.6,830,17.7,43145,17.7
"06081","5","423430","78","0","2023","A","",26,588,168561938,5068700,145738,5511,286548,"",0.57,0.91,0.60,0.73,0.78,0.65,0.65,"",-2,-7.1,-79,-11.8,6110946,3.8,-733639,-12.6,-26984,-15.6,830,17.7,43145,17.7
"06081","5","42344","77","0","2023","A","",10,143,10724726,1192506,35954,1446,75173,"",0.59,0.89,0.34,0.70,0.81,0.39,0.39,"",-1,-9.1,2,1.4,669185,6.7,44609,3.9,-5302,-12.9,70,5.1,3646,5.1
"06081","5","423440","78","0","2023","A","",10,143,10724726,1192506,35954,1446,75173,"",0.59,0.89,0.34,0.70,0.81,0.39,0.39,"",-1,-9.1,2,1.4,669185,6.7,44609,3.9,-5302,-12.9,70,5.1,3646,5.1
"06081","5","42345","77","0","2023","A","",39,994,190025201,8447252,232605,3676,191172,"",0.45,1.17,0.73,0.90,0.96,0.62,0.62,"",-3,-7.1,145,17.1,29841301,18.6,348552,4.3,-28961,-11.1,49,1.4,2572,1.4
"06081","5","423450","78","0","2023","A","",39,994,190025201,8447252,232605,3676,191172,"",0.45,1.17,0.73,0.90,0.96,0.62,0.62,"",-3,-7.1,145,17.1,29841301,18.6,348552,4.3,-28961,-11.1,49,1.4,2572,1.4
"06081","5","42346","77","0","2023","A","",8,113,18068340,978406,29434,3064,159309,"",1.32,1.83,1.37,1.57,1.61,0.75,0.74,"",2,33.3,-1,-0.9,781140,4.5,75593,8.4,-2683,-8.4,148,5.1,7667,5.1
"06081","5","423460","78","0","2023","A","",8,113,18068340,978406,29434,3064,159309,"",1.32,1.83,1.37,1.57,1.61,0.75,0.74,"",2,33.3,-1,-0.9,781140,4.5,75593,8.4,-2683,-8.4,148,5.1,7667,5.1
"06081","5","42349","77","0","2023","A","N",14,0,0,0,0,0,0,"N",1.16,0,0,0,0,0,0,"N",-2,-12.5,0,0,0,0,0,0,0,0,0,0,0,0
"06081","5","423490","78","0","2023","A","N",14,0,0,0,0,0,0,"N",1.16,0,0,0,0,0,0,"N",-2,-12.5,0,0,0,0,0,0,0,0,0,0,0,0
"06081","5","4235","76","0","2023","A","",13,72,6229761,534101,13114,1668,86725,"",0.45,0.20,0.07,0.14,0.13,0.38,0.38,"",-1,-7.1,-4,-5.3,-1049924,-14.4,-97975,-15.5,-4228,-24.4,-174,-9.4,-9060,-9.5
"06081","5","42351","77","0","2023","A","",13,72,6229761,534101,13114,1668,86725,"",0.47,0.20,0.08,0.14,0.13,0.39,0.39,"",-1,-7.1,-4,-5.3,-1049924,-14.4,-97975,-15.5,-4228,-24.4,-174,-9.4,-9060,-9.5
"06081","5","423510","78","0","2023","A","",13,72,6229761,534101,13114,1668,86725,"",0.47,0.20,0.08,0.14,0.13,0.39,0.39,"",-1,-7.1,-4,-5.3,-1049924,-14.4,-97975,-15.5,-4228,-24.4,-174,-9.4,-9060,-9.5
"06081","5","4236","76","0","2023","A","",56,614,74218228,5485592,186829,2326,120959,"",0.57,0.60,0.27,0.49,0.65,0.45,0.45,"",-2,-3.4,-8,-1.3,-4719763,-6.0,-40051,-0.7,-12947,-6.5,-115,-4.7,-5985,-4.7
"06081","5","42361","77","0","2023","A","",19,195,23471925,1713021,37491,2315,120369,"",0.40,0.36,0.18,0.30,0.27,0.49,0.49,"N",0,0.0,0,0,0,0,0,0,0,0,0,0,0,0
"06081","5","423610","78","0","2023","A","",19,195,23471925,1713021,37491,2315,120369,"",0.40,0.36,0.18,0.30,0.27,0.49,0.49,"N",0,0.0,0,0,0,0,0,0,0,0,0,0,0,0
"06081","5","42362","77","0","2023","A","",5,72,8101186,638739,23684,2154,111998,"",0.41,0.75,0.33,0.58,0.72,0.43,0.43,"N",-1,-16.7,0,0,0,0,0,0,0,0,0,0,0,0
"06081","5","423620","78","0","2023","A","",5,72,8101186,638739,23684,2154,111998,"",0.41,0.75,0.33,0.58,0.72,0.43,0.43,"N",-1,-16.7,0,0,0,0,0,0,0,0,0,0,0,0
"06081","5","42369","77","0","2023","A","",32,346,42645117,3133832,125654,2369,123163,"",0.82,0.87,0.35,0.72,1.08,0.40,0.40,"",-1,-3.0,-14,-3.9,-3103054,-6.8,137923,4.6,-2755,-2.1,-73,-3.0,-3798,-3.0
"06081","5","423690","78","0","2023","A","",32,346,42645117,3133832,125654,2369,123163,"",0.82,0.87,0.35,0.72,1.08,0.40,0.40,"",-1,-3.0,-14,-3.9,-3103054,-6.8,137923,4.6,-2755,-2.1,-73,-3.0,-3798,-3.0
"06081","5","4237","76","0","2023","A","",35,796,114774202,6415310,191459,2772,144159,"",0.50,0.93,0.62,0.69,0.89,0.66,0.66,"",-1,-2.8,37,4.9,16096562,16.3,93683,1.5,-13854,-6.7,271,10.8,14120,10.9
"06081","5","42371","77","0","2023","A","N",3,0,0,0,0,0,0,"N",0.14,0,0,0,0,0,0,"N",0,0.0,0,0,0,0,0,0,0,0,0,0,0,0
"06081","5","423710","78","0","2023","A","N",3,0,0,0,0,0,0,"N",0.14,0,0,0,0,0,0,"N",0,0.0,0,0,0,0,0,0,0,0,0,0,0,0
"06081","5","42372","77","0","2023","A","",19,196,17936304,1686138,46220,1762,91629,"",0.72,0.60,0.25,0.45,0.56,0.42,0.42,"",0,0.0,18,10.1,806531,4.7,153807,10.0,-4231,-8.4,-92,-5.0,-4786,-5.0
"06081","5","423720","78","0","2023","A","",19,196,17936304,1686138,46220,1762,91629,"",0.72,0.60,0.25,0.45,0.56,0.42,0.42,"",0,0.0,18,10.1,806531,4.7,153807,10.0,-4231,-8.4,-92,-5.0,-4786,-5.0
"06081","5","42373","77","0","2023","A","",10,547,92061820,4302432,128787,3238,168354,"",0.56,2.39,1.61,1.79,2.18,0.67,0.67,"",0,0.0,15,2.8,14679447,19.0,-113000,-2.6,-11270,-8.0,443,15.8,23012,15.8
"06081","5","423730","78","0","2023","A","",10,547,92061820,4302432,128787,3238,168354,"",0.56,2.39,1.61,1.79,2.18,0.67,0.67,"",0,0.0,15,2.8,14679447,19.0,-113000,-2.6,-11270,-8.0,443,15.8,23012,15.8
"06081","5","42374","77","0","2023","A","N",3,0,0,0,0,0,0,"N",0.69,0,0,0,0,0,0,"N",0,0.0,0,0,0,0,0,0,0,0,0,0,0,0
"06081","5","423740","78","0","2023","A","N",3,0,0,0,0,0,0,"N",0.69,0,0,0,0,0,0,"N",0,0.0,0,0,0,0,0,0,0,0,0,0,0,0
"06081","5","4238","76","0","2023","A","",51,423,51137085,3477068,81023,2325,120891,"",0.26,0.20,0.11,0.15,0.15,0.54,0.54,"",-1,-1.9,-21,-4.7,2699891,5.6,-228094,-6.2,-14561,-15.2,227,10.8,11798,10.8
"06081","5","42381","77","0","2023","A","N",1,0,0,0,0,0,0,"N",0.07,0,0,0,0,0,0,"N",0,0.0,0,0,0,0,0,0,0,0,0,0,0,0
"06081","5","423810","78","0","2023","A","N",1,0,0,0,0,0,0,"N",0.07,0,0,0,0,0,0,"N",0,0.0,0,0,0,0,0,0,0,0,0,0,0,0
"06081","5","42382","77","0","2023","A","N",2,0,0,0,0,0,0,"N",0.08,0,0,0,0,0,0,"N",-1,-33.3,0,0,0,0,0,0,0,0,0,0,0,0
"06081","5","423820","78","0","2023","A","N",2,0,0,0,0,0,0,"N",0.08,0,0,0,0,0,0,"N",-1,-33.3,0,0,0,0,0,0,0,0,0,0,0,0
"06081","5","42383","77","0","2023","A","",27,277,35516902,2301196,53955,2467,128258,"",0.29,0.30,0.16,0.23,0.22,0.54,0.54,"",-1,-3.6,4,1.5,4303408,13.8,22830,1.0,-783,-1.4,270,12.3,13993,12.2
"06081","5","423830","78","0","2023","A","",27,277,35516902,2301196,53955,2467,128258,"",0.29,0.30,0.16,0.23,0.22,0.54,0.54,"",-1,-3.6,4,1.5,4303408,13.8,22830,1.0,-783,-1.4,270,12.3,13993,12.2
"06081","5","42384","77","0","2023","A","",11,107,12452050,852051,20533,2240,116465,"",0.33,0.37,0.20,0.26,0.27,0.53,0.53,"",0,0.0,-24,-18.3,-1859015,-13.0,-264223,-23.7,-13666,-40.0,139,6.6,7220,6.6
"06081","5","423840","78","0","2023","A","",11,107,12452050,852051,20533,2240,116465,"",0.33,0.37,0.20,0.26,0.27,0.53,0.53,"",0,0.0,-24,-18.3,-1859015,-13.0,-264223,-23.7,-13666,-40.0,139,6.6,7220,6.6
"06081","5","42385","77","0","2023","A","",7,17,1052643,121102,3075,1227,63797,"",0.41,0.11,0.04,0.07,0.08,0.37,0.37,"",0,0.0,5,41.7,143233,15.8,30102,33.1,512,20.0,-191,-13.5,-9939,-13.5
"06081","5","423850","78","0","2023","A","",7,17,1052643,121102,3075,1227,63797,"",0.41,0.11,0.04,0.07,0.08,0.37,0.37,"",0,0.0,5,41.7,143233,15.8,30102,33.1,512,20.0,-191,-13.5,-9939,-13.5
"06081","5","42386","77","0","2023","A","N",3,0,0,0,0,0,0,"N",0.26,0,0,0,0,0,0,"N",0,0.0,0,0,0,0,0,0,0,0,0,0,0,0
"06081","5","423860","78","0","2023","A","N",3,0,0,0,0,0,0,"N",0.26,0,0,0,0,0,0,"N",0,0.0,0,0,0,0,0,0,0,0,0,0,0,0
"06081","5","4239","76","0","2023","A","",68,537,61259701,4673952,144524,2194,114113,"",0.62,0.62,0.38,0.50,0.57,0.61,0.61,"",2,3.0,48,9.8,3883253,6.8,103445,2.3,-5362,-3.6,-63,-2.8,-3241,-2.8
"06081","5","42391","77","0","2023","A","",19,113,10796130,949703,21552,1832,95260,"",0.85,0.63,0.32,0.49,0.44,0.51,0.51,"",0,0.0,22,24.2,2315881,27.3,88292,10.2,172,0.8,35,1.9,1814,1.9
"06081","5","423910","78","0","2023","A","",19,113,10796130,949703,21552,1832,95260,"",0.85,0.63,0.32,0.49,0.44,0.51,0.51,"",0,0.0,22,24.2,2315881,27.3,88292,10.2,172,0.8,35,1.9,1814,1.9
"06081","5","42392","77","0","2023","A","",5,17,3233683,168006,5103,3622,188370,"",0.64,0.26,0.21,0.22,0.23,0.83,0.82,"",0,0.0,-8,-32.0,-2306202,-41.6,-53171,-24.0,-4606,-47.4,-697,-16.1,-36220,-16.1
"06081","5","423920","78","0","2023","A","",5,17,3233683,168006,5103,3622,188370,"",0.64,0.26,0.21,0.22,0.23,0.83,0.82,"",0,0.0,-8,-32.0,-2306202,-41.6,-53171,-24.0,-4606,-47.4,-697,-16.1,-36220,-16.1
"06081","5","42393","77","0","2023","A","",8,94,9387012,958915,45754,1922,99950,"",0.39,0.34,0.21,0.33,0.63,0.61,0.61,"",1,14.3,-1,-1.1,-350465,-3.6,-151001,-13.6,-6019,-11.6,-54,-2.7,-2820,-2.7
"06081","5","423930","78","0","2023","A","",8,94,9387012,958915,45754,1922,99950,"",0.39,0.34,0.21,0.33,0.63,0.61,0.61,"",1,14.3,-1,-1.1,-350465,-3.6,-151001,-13.6,-6019,-11.6,-54,-2.7,-2820,-2.7
"06081","5","42394","77","0","2023","A","",17,76,7451665,679448,17359,1892,98372,"",0.89,0.77,0.39,0.69,0.50,0.51,0.51,"",1,6.2,8,11.8,465248,6.7,104462,18.2,1187,7.3,-74,-3.8,-3868,-3.8
"06081","5","423940","78","0","2023","A","",17,76,7451665,679448,17359,1892,98372,"",0.89,0.77,0.39,0.69,0.50,0.51,0.51,"",1,6.2,8,11.8,465248,6.7,104462,18.2,1187,7.3,-74,-3.8,-3868,-3.8
"06081","5","42399","77","0","2023","A","",19,237,30391211,1917880,54756,2469,128414,"",0.48,0.95,0.62,0.71,0.72,0.65,0.65,"",0,0.0,27,12.9,3758791,14.1,114863,6.4,3904,7.7,35,1.4,1844,1.5
"06081","5","423990","78","0","2023","A","",19,237,30391211,1917880,54756,2469,128414,"",0.48,0.95,0.62,0.71,0.72,0.65,0.65,"",0,0.0,27,12.9,3758791,14.1,114863,6.4,3904,7.7,35,1.4,1844,1.5
"06081","5","424","75","0","2023","A","",366,6829,1278462788,58158109,1357194,3600,187204,"",0.79,1.13,0.97,0.86,0.78,0.86,0.86,"",-10,-2.7,1864,37.5,680523485,113.8,13170361,29.3,197550,17.0,1284,55.4,66775,55.4
"06081","5","4241","76","0","2023","A","",17,102,9847528,847123,27649,1863,96861,"",0.68,0.32,0.15,0.25,0.30,0.47,0.47,"",-2,-10.5,-3,-2.9,3025,0.0,-73670,-8.0,-7342,-21.0,53,2.9,2730,2.9
"06081","5","42411","77","0","2023","A","N",2,0,0,0,0,0,0,"N",0.58,0,0,0,0,0,0,"N",0,0.0,0,0,0,0,0,0,0,0,0,0,0,0
"06081","5","424110","78","0","2023","A","N",2,0,0,0,0,0,0,"N",0.58,0,0,0,0,0,0,"N",0,0.0,0,0,0,0,0,0,0,0,0,0,0,0
"06081","5","42412","77","0","2023","A","",9,53,5559007,406000,11732,2008,104394,"",1.04,0.48,0.34,0.41,0.43,0.70,0.70,"",-2,-18.2,-5,-8.6,-671865,-10.8,-77001,-15.9,-7757,-39.8,-70,-3.4,-3656,-3.4
"06081","5","424120","78","0","2023","A","",9,53,5559007,406000,11732,2008,104394,"",1.04,0.48,0.34,0.41,0.43,0.70,0.70,"",-2,-18.2,-5,-8.6,-671865,-10.8,-77001,-15.9,-7757,-39.8,-70,-3.4,-3656,-3.4
"06081","5","42413","77","0","2023","A","N",6,0,0,0,0,0,0,"N",0.47,0,0,0,0,0,0,"N",0,0.0,0,0,0,0,0,0,0,0,0,0,0,0
"06081","5","424130","78","0","2023","A","N",6,0,0,0,0,0,0,"N",0.47,0,0,0,0,0,0,"N",0,0.0,0,0,0,0,0,0,0,0,0,0,0,0
"06081","5","4242","76","0","2023","A","",49,2992,957081725,23489410,536858,6153,319934,"",0.83,4.21,3.44,2.91,2.39,0.82,0.82,"",-2,-3.9,2074,225.9,684810323,251.5,15124382,180.8,262607,95.8,446,7.8,23180,7.8
"06081","5","42421","77","0","2023","A","",49,2992,957081725,23489410,536858,6153,319934,"",0.83,4.21,3.44,2.91,2.39,0.82,0.82,"",-2,-3.9,2074,225.9,684810323,251.5,15124382,180.8,262607,95.8,446,7.8,23180,7.8
"06081","5","424210","78","0","2023","A","",49,2992,957081725,23489410,536858,6153,319934,"",0.83,4.21,3.44,2.91,2.39,0.82,0.82,"",-2,-3.9,2074,225.9,684810323,251.5,15124382,180.8,262607,95.8,446,7.8,23180,7.8
"06081","5","4243","76","0","2023","A","",32,120,8311592,934206,30603,1330,69167,"",0.75,0.30,0.10,0.22,0.22,0.34,0.34,"",-3,-8.6,-20,-14.3,-1517525,-15.4,-201597,-17.7,-6343,-17.2,-17,-1.3,-874,-1.2
"06081","5","42431","77","0","2023","A","",11,39,2074088,298201,7930,1012,52620,"",1.13,0.63,0.20,0.45,0.42,0.31,0.31,"",0,0.0,-4,-9.3,-506273,-19.6,-20926,-6.6,-1110,-12.3,-149,-12.8,-7739,-12.8
"06081","5","424310","78","0","2023","A","",11,39,2074088,298201,7930,1012,52620,"",1.13,0.63,0.20,0.45,0.42,0.31,0.31,"",0,0.0,-4,-9.3,-506273,-19.6,-20926,-6.6,-1110,-12.3,-149,-12.8,-7739,-12.8
"06081","5","42434","77","0","2023","A","",3,6,595250,42000,910,1908,99208,"",0.61,0.09,0.04,0.06,0.04,0.43,0.43,"",-1,-25.0,-1,-14.3,218657,58.1,-21000,-33.3,-833,-47.8,932,95.5,48431,95.4
"06081","5","424340","78","0","2023","A","",3,6,595250,42000,910,1908,99208,"",0.61,0.09,0.04,0.06,0.04,0.43,0.43,"",-1,-25.0,-1,-14.3,218657,58.1,-21000,-33.3,-833,-47.8,932,95.5,48431,95.4
"06081","5","42435","77","0","2023","A","",18,75,5642254,594005,21763,1452,75482,"",0.65,0.28,0.10,0.21,0.22,0.37,0.37,"",-2,-10.0,-15,-16.7,-1229909,-17.9,-159671,-21.2,-4400,-16.8,-14,-1.0,-734,-1.0
"06081","5","424350","78","0","2023","A","",18,75,5642254,594005,21763,1452,75482,"",0.65,0.28,0.10,0.21,0.22,0.37,0.37,"",-2,-10.0,-15,-16.7,-1229909,-17.9,-159671,-21.2,-4400,-16.8,-14,-1.0,-734,-1.0
"06081","5","4244","76","0","2023","A","",147,2613,221577835,24427733,536213,1631,84812,"",1.18,1.17,0.55,0.96,0.82,0.47,0.47,"",-2,-1.3,-164,-5.9,-2624083,-1.2,-1081232,-4.2,-45694,-7.9,78,5.0,4062,5.0
"06081","5","42441","77","0","2023","A","",28,353,23670783,3186671,66985,1289,67024,"",1.29,0.50,0.19,0.38,0.33,0.37,0.37,"",2,7.7,13,3.8,2072677,9.6,63294,2.0,-2235,-3.2,66,5.4,3453,5.4
"06081","5","424410","78","0","2023","A","",28,353,23670783,3186671,66985,1289,67024,"",1.29,0.50,0.19,0.38,0.33,0.37,0.37,"",2,7.7,13,3.8,2072677,9.6,63294,2.0,-2235,-3.2,66,5.4,3453,5.4
"06081","5","42442","77","0","2023","A","",11,172,16445006,1501673,34297,1836,95472,"",1.56,1.81,0.87,1.44,1.21,0.48,0.48,"",1,10.0,16,10.3,2714469,19.8,130226,9.5,-3322,-8.8,142,8.4,7362,8.4
"06081","5","424420","78","0","2023","A","",11,172,16445006,1501673,34297,1836,95472,"",1.56,1.81,0.87,1.44,1.21,0.48,0.48,"",1,10.0,16,10.3,2714469,19.8,130226,9.5,-3322,-8.8,142,8.4,7362,8.4
"06081","5","42443","77","0","2023","A","N",2,0,0,0,0,0,0,"N",0.30,0,0,0,0,0,0,"N",-1,-33.3,0,0,0,0,0,0,0,0,0,0,0,0
"06081","5","424430","78","0","2023","A","N",2,0,0,0,0,0,0,"N",0.30,0,0,0,0,0,0,"N",-1,-33.3,0,0,0,0,0,0,0,0,0,0,0,0
"06081","5","42444","77","0","2023","A","N",3,0,0,0,0,0,0,"N",1.60,0,0,0,0,0,0,"N",0,0.0,0,0,0,0,0,0,0,0,0,0,0,0
"06081","5","424440","78","0","2023","A","N",3,0,0,0,0,0,0,"N",1.60,0,0,0,0,0,0,"N",0,0.0,0,0,0,0,0,0,0,0,0,0,0,0
"06081","5","42445","77","0","2023","A","N",3,0,0,0,0,0,0,"N",0.30,0,0,0,0,0,0,"N",0,0.0,0,0,0,0,0,0,0,0,0,0,0,0
"06081","5","424450","78","0","2023","A","N",3,0,0,0,0,0,0,"N",0.30,0,0,0,0,0,0,"N",0,0.0,0,0,0,0,0,0,0,0,0,0,0,0
"06081","5","42446","77","0","2023","A","",13,184,16944127,1489291,26276,1768,91921,"",1.83,2.43,1.39,1.74,1.06,0.57,0.57,"",0,0.0,-1,-0.5,1182322,7.5,-66674,-4.3,-5864,-18.2,129,7.9,6684,7.8
"06081","5","424460","78","0","2023","A","",13,184,16944127,1489291,26276,1768,91921,"",1.83,2.43,1.39,1.74,1.06,0.57,0.57,"",0,0.0,-1,-0.5,1182322,7.5,-66674,-4.3,-5864,-18.2,129,7.9,6684,7.8
"06081","5","42447","77","0","2023","A","",10,138,10026291,1247579,36176,1402,72918,"",1.27,1.06,0.43,0.89,0.98,0.41,0.41,"",-2,-16.7,-78,-36.1,-7214689,-41.8,-1076113,-46.3,-29833,-45.2,-132,-8.6,-6840,-8.6
"06081","5","424470","78","0","2023","A","",10,138,10026291,1247579,36176,1402,72918,"",1.27,1.06,0.43,0.89,0.98,0.41,0.41,"",-2,-16.7,-78,-36.1,-7214689,-41.8,-1076113,-46.3,-29833,-45.2,-132,-8.6,-6840,-8.6
"06081","5","42448","77","0","2023","A","",32,766,68786609,7824791,151967,1728,89849,"",2.38,2.92,1.61,2.75,1.90,0.55,0.55,"",2,6.7,-47,-5.8,2087756,3.1,235366,3.1,14387,10.5,150,9.5,7775,9.5
"06081","5","424480","78","0","2023","A","",32,766,68786609,7824791,151967,1728,89849,"",2.38,2.92,1.61,2.75,1.90,0.55,0.55,"",2,6.7,-47,-5.8,2087756,3.1,235366,3.1,14387,10.5,150,9.5,7775,9.5
"06081","5","42449","77","0","2023","A","",46,830,72176096,7583158,181712,1673,87012,"",0.94,1.25,0.58,1.00,0.92,0.46,0.46,"",-3,-6.1,-73,-8.1,-4803053,-6.2,-484049,-6.0,-23720,-11.5,34,2.1,1787,2.1
"06081","5","424490","78","0","2023","A","",46,830,72176096,7583158,181712,1673,87012,"",0.94,1.25,0.58,1.00,0.92,0.46,0.46,"",-3,-6.1,-73,-8.1,-4803053,-6.2,-484049,-6.0,-23720,-11.5,34,2.1,1787,2.1
"06081","5","4245","76","0","2023","A","N",6,0,0,0,0,0,0,"N",0.33,0,0,0,0,0,0,"N",-1,-14.3,0,0,0,0,0,0,0,0,0,0,0,0
"06081","5","42451","77","0","2023","A","N",1,0,0,0,0,0,0,"N",0.10,0,0,0,0,0,0,"N",0,0.0,0,0,0,0,0,0,0,0,0,0,0,0
"06081","5","424510","78","0","2023","A","N",1,0,0,0,0,0,0,"N",0.10,0,0,0,0,0,0,"N",0,0.0,0,0,0,0,0,0,0,0,0,0,0,0
"06081","5","42459","77","0","2023","A","",5,43,2036319,539632,18347,911,47356,"",1.03,1.03,0.32,1.21,1.34,0.31,0.31,"",-1,-16.7,11,34.4,708165,53.3,252125,87.7,8572,87.7,107,13.3,5524,13.2
"06081","5","424590","78","0","2023","A","",5,43,2036319,539632,18347,911,47356,"",1.03,1.03,0.32,1.21,1.34,0.31,0.31,"",-1,-16.7,11,34.4,708165,53.3,252125,87.7,8572,87.7,107,13.3,5524,13.2
"06081","5","4246","76","0","2023","A","",22,130,12336272,1009146,25290,1820,94652,"",0.46,0.31,0.11,0.22,0.22,0.36,0.36,"",0,0.0,-35,-21.2,-1403936,-10.2,-347342,-25.6,-11273,-30.8,217,13.5,11294,13.5
"06081","5","42461","77","0","2023","A","N",1,0,0,0,0,0,0,"N",0.09,0,0,0,0,0,0,"N",0,0.0,0,0,0,0,0,0,0,0,0,0,0,0
"06081","5","424610","78","0","2023","A","N",1,0,0,0,0,0,0,"N",0.09,0,0,0,0,0,0,"N",0,0.0,0,0,0,0,0,0,0,0,0,0,0,0
"06081","5","42469","77","0","2023","A","N",21,0,0,0,0,0,0,"N",0.58,0,0,0,0,0,0,"N",0,0.0,0,0,0,0,0,0,0,0,0,0,0,0
"06081","5","424690","78","0","2023","A","N",21,0,0,0,0,0,0,"N",0.58,0,0,0,0,0,0,"N",0,0.0,0,0,0,0,0,0,0,0,0,0,0,0
"06081","5","4247","76","0","2023","A","N",1,0,0,0,0,0,0,"N",0.05,0,0,0,0,0,0,"N",0,0.0,0,0,0,0,0,0,0,0,0,0,0,0
"06081","5","42471","77","0","2023","A","N",1,0,0,0,0,0,0,"N",0.14,0,0,0,0,0,0,"N",0,0.0,0,0,0,0,0,0,0,0,0,0,0,0
"06081","5","424710","78","0","2023","A","N",1,0,0,0,0,0,0,"N",0.14,0,0,0,0,0,0,"N",0,0.0,0,0,0,0,0,0,0,0,0,0,0,0
"06081","5","4248","76","0","2023","A","",24,450,39344062,3967162,96024,1681,87415,"",1.00,0.76,0.34,0.62,0.71,0.44,0.44,"",1,4.3,35,8.4,2160056,5.8,33373,0.8,5857,6.5,-41,-2.4,-2113,-2.4
"06081","5","42481","77","0","2023","A","N",6,0,0,0,0,0,0,"N",0.78,0,0,0,0,0,0,"N",0,0.0,0,0,0,0,0,0,0,0,0,0,0,0
"06081","5","424810","78","0","2023","A","N",6,0,0,0,0,0,0,"N",0.78,0,0,0,0,0,0,"N",0,0.0,0,0,0,0,0,0,0,0,0,0,0,0
"06081","5","42482","77","0","2023","A","N",18,0,0,0,0,0,0,"N",1.11,0,0,0,0,0,0,"N",1,5.9,0,0,0,0,0,0,0,0,0,0,0,0
"06081","5","424820","78","0","2023","A","N",18,0,0,0,0,0,0,"N",1.11,0,0,0,0,0,0,"N",1,5.9,0,0,0,0,0,0,0,0,0,0,0,0
"06081","5","4249","76","0","2023","A","",67,370,27246030,2859697,83200,1415,73605,"",0.68,0.41,0.17,0.29,0.32,0.42,0.42,"",-4,-5.6,-32,-8.0,-1401554,-4.9,-512666,-15.2,-10053,-10.8,44,3.2,2313,3.2
"06081","5","42491","77","0","2023","A","N",4,0,0,0,0,0,0,"N",0.12,0,0,0,0,0,0,"N",-2,-33.3,0,0,0,0,0,0,0,0,0,0,0,0
"06081","5","424910","78","0","2023","A","N",4,0,0,0,0,0,0,"N",0.12,0,0,0,0,0,0,"N",-2,-33.3,0,0,0,0,0,0,0,0,0,0,0,0
"06081","5","42492","77","0","2023","A","",5,16,1207983,143035,6092,1437,74721,"",0.99,0.21,0.10,0.17,0.23,0.47,0.47,"N",0,0.0,0,0,0,0,0,0,0,0,0,0,0,0
"06081","5","424920","78","0","2023","A","",5,16,1207983,143035,6092,1437,74721,"",0.99,0.21,0.10,0.17,0.23,0.47,0.47,"N",0,0.0,0,0,0,0,0,0,0,0,0,0,0,0
"06081","5","42493","77","0","2023","A","",5,77,5517427,397297,20719,1382,71888,"",0.52,0.58,0.34,0.32,0.56,0.59,0.59,"",-1,-16.7,-18,-18.9,-821159,-13.0,-439493,-52.5,-7143,-25.6,97,7.5,5049,7.6
"06081","5","424930","78","0","2023","A","",5,77,5517427,397297,20719,1382,71888,"",0.52,0.58,0.34,0.32,0.56,0.59,0.59,"",-1,-16.7,-18,-18.9,-821159,-13.0,-439493,-52.5,-7143,-25.6,97,7.5,5049,7.6
"06081","5","42494","77","0","2023","A","N",2,0,0,0,0,0,0,"N",0.34,0,0,0,0,0,0,"N",-1,-33.3,0,0,0,0,0,0,0,0,0,0,0,0
"06081","5","424940","78","0","2023","A","N",2,0,0,0,0,0,0,"N",0.34,0,0,0,0,0,0,"N",-1,-33.3,0,0,0,0,0,0,0,0,0,0,0,0
"06081","5","42495","77","0","2023","A","",5,46,3083021,356059,10214,1289,67022,"",0.69,0.71,0.25,0.53,0.64,0.35,0.35,"",0,0.0,4,9.5,463921,17.7,16172,4.8,-45,-0.4,102,8.6,5275,8.5
"06081","5","424950","78","0","2023","A","",5,46,3083021,356059,10214,1289,67022,"",0.69,0.71,0.25,0.53,0.64,0.35,0.35,"",0,0.0,4,9.5,463921,17.7,16172,4.8,-45,-0.4,102,8.6,5275,8.5
"06081","5","42499","77","0","2023","A","",46,216,15335888,1841467,43847,1368,71137,"",1.22,0.94,0.38,0.79,0.61,0.40,0.40,"",-1,-2.1,3,1.4,398284,2.7,70772,4.0,-577,-1.3,21,1.6,1090,1.6
"06081","5","424990","78","0","2023","A","",46,216,15335888,1841467,43847,1368,71137,"",1.22,0.94,0.38,0.79,0.61,0.40,0.40,"",-1,-2.1,3,1.4,398284,2.7,70772,4.0,-577,-1.3,21,1.6,1090,1.6
"06081","5","425","75","0","2023","A","",130,654,100039396,5947362,163761,2942,152985,"",0.42,0.47,0.23,0.39,0.40,0.50,0.50,"",-9,-6.5,10,1.6,-12686160,-11.3,-35351,-0.6,-13827,-7.8,-425,-12.6,-22100,-12.6
"06081","5","4251","76","0","2023","A","",130,654,100039396,5947362,163761,2942,152985,"",0.42,0.47,0.23,0.39,0.40,0.50,0.50,"",-9,-6.5,10,1.6,-12686160,-11.3,-35351,-0.6,-13827,-7.8,-425,-12.6,-22100,-12.6
"06081","5","42512","77","0","2023","A","",130,654,100039396,5947362,163761,2942,152985,"",0.42,0.47,0.23,0.39,0.40,0.50,0.50,"",-9,-6.5,10,1.6,-12686160,-11.3,-35351,-0.6,-13827,-7.8,-425,-12.6,-22100,-12.6
"06081","5","425120","78","0","2023","A","",130,654,100039396,5947362,163761,2942,152985,"",0.42,0.47,0.23,0.39,0.40,0.50,0.50,"",-9,-6.5,10,1.6,-12686160,-11.3,-35351,-0.6,-13827,-7.8,-425,-12.6,-22100,-12.6
"06081","5","44-45","74","0","2023","A","",1786,29194,1650742586,265262922,5783184,1087,56544,"",0.65,0.68,0.39,0.71,0.73,0.57,0.57,"",5,0.3,-148,-0.5,-59722203,-3.5,-14732178,-5.3,-464726,-7.4,-34,-3.0,-1751,-3.0
"06081","5","441","75","0","2023","A","",142,3040,301174107,28072310,735395,1905,99068,"",0.45,0.54,0.33,0.47,0.54,0.60,0.60,"",-2,-1.4,42,1.4,-7119670,-2.3,-176692,-0.6,-75154,-9.3,-72,-3.6,-3754,-3.7
"06081","5","4411","76","0","2023","A","",63,2424,266617906,22247526,612230,2115,109991,"",0.52,0.69,0.39,0.58,0.67,0.57,0.57,"",1,1.6,33,1.4,-8887358,-3.2,-102445,-0.5,-64324,-9.5,-101,-4.6,-5243,-4.5
"06081","5","44111","77","0","2023","A","",40,2294,254472712,20984720,581023,2133,110930,"",0.74,0.76,0.42,0.63,0.73,0.55,0.55,"",-1,-2.4,39,1.7,-7315557,-2.8,-147202,-0.7,-65862,-10.2,-99,-4.4,-5141,-4.4
"06081","5","441110","78","0","2023","A","",40,2294,254472712,20984720,581023,2133,110930,"",0.74,0.76,0.42,0.63,0.73,0.55,0.55,"",-1,-2.4,39,1.7,-7315557,-2.8,-147202,-0.7,-65862,-10.2,-99,-4.4,-5141,-4.4
"06081","5","44112","77","0","2023","A","",23,130,12145194,1262806,31207,1797,93425,"",0.34,0.28,0.18,0.26,0.24,0.65,0.65,"",1,4.5,-5,-3.7,-1571801,-11.5,44757,3.7,1538,5.2,-151,-7.8,-7870,-7.8
"06081","5","441120","78","0","2023","A","",23,130,12145194,1262806,31207,1797,93425,"",0.34,0.28,0.18,0.26,0.24,0.65,0.65,"",1,4.5,-5,-3.7,-1571801,-11.5,44757,3.7,1538,5.2,-151,-7.8,-7870,-7.8
"06081","5","4412","76","0","2023","A","",10,31,1481526,263377,8428,907,47157,"",0.26,0.06,0.02,0.05,0.06,0.31,0.31,"",-2,-16.7,-29,-48.3,-1584803,-51.7,-289889,-52.4,-13505,-61.6,-77,-7.8,-4020,-7.9
"06081","5","44122","77","0","2023","A","",10,31,1481526,263377,8428,907,47157,"",0.32,0.09,0.03,0.07,0.09,0.32,0.32,"",-2,-16.7,-29,-48.3,-1584803,-51.7,-289889,-52.4,-13505,-61.6,-77,-7.8,-4020,-7.9
"06081","5","441222","78","0","2023","A","",3,19,689114,156321,5857,683,35491,"",0.26,0.17,0.04,0.14,0.16,0.23,0.23,"",0,0.0,-8,-29.6,-132731,-16.2,-22909,-12.8,-710,-10.8,101,17.4,5239,17.3
"06081","5","441227","78","0","2023","A","",7,12,792412,107056,2571,1270,66034,"",0.36,0.05,0.02,0.04,0.04,0.46,0.46,"",-2,-22.2,-21,-63.6,-1452072,-64.7,-266980,-71.4,-12795,-83.3,-48,-3.6,-2500,-3.6
"06081","5","4413","76","0","2023","A","",69,585,33074675,5561407,114737,1088,56570,"",0.45,0.37,0.19,0.36,0.38,0.53,0.53,"",-1,-1.4,37,6.8,3352491,11.3,215642,4.0,2675,2.4,44,4.2,2291,4.2
"06081","5","44133","77","0","2023","A","",43,374,19139634,3364506,69773,985,51198,"",0.42,0.35,0.18,0.34,0.37,0.53,0.53,"",-1,-2.3,47,14.4,2769261,16.9,229599,7.3,8021,13.0,23,2.4,1174,2.3
"06081","5","441330","78","0","2023","A","",43,374,19139634,3364506,69773,985,51198,"",0.42,0.35,0.18,0.34,0.37,0.53,0.53,"",-1,-2.3,47,14.4,2769261,16.9,229599,7.3,8021,13.0,23,2.4,1174,2.3
"06081","5","44134","77","0","2023","A","",26,211,13935041,2196901,44964,1271,66095,"",0.50,0.41,0.21,0.39,0.41,0.51,0.51,"",0,0.0,-9,-4.1,583230,4.4,-13957,-0.6,-5346,-10.6,106,9.1,5497,9.1
"06081","5","441340","78","0","2023","A","",26,211,13935041,2196901,44964,1271,66095,"",0.50,0.41,0.21,0.39,0.41,0.51,0.51,"",0,0.0,-9,-4.1,583230,4.4,-13957,-0.6,-5346,-10.6,106,9.1,5497,9.1
"06081","5","444","75","0","2023","A","",140,2690,146252545,22897139,538773,1046,54376,"",0.76,0.70,0.36,0.64,0.73,0.52,0.52,"",5,3.7,15,0.6,2831671,2.0,-1675782,-6.8,-28200,-5.0,15,1.5,762,1.4
"06081","5","4441","76","0","2023","A","",123,2560,138664785,21747924,518433,1042,54164,"",0.88,0.76,0.39,0.70,0.86,0.51,0.51,"",3,2.5,12,0.5,2425200,1.8,-1616892,-6.9,-25307,-4.7,14,1.4,684,1.3
"06081","5","44411","77","0","2023","A","N",15,0,0,0,0,0,0,"N",0.63,0,0,0,0,0,0,"N",0,0.0,0,0,0,0,0,0,0,0,0,0,0,0
"06081","5","444110","78","0","2023","A","N",15,0,0,0,0,0,0,"N",0.63,0,0,0,0,0,0,"N",0,0.0,0,0,0,0,0,0,0,0,0,0,0,0
"06081","5","44412","77","0","2023","A","N",20,0,0,0,0,0,0,"N",1.14,0,0,0,0,0,0,"N",1,5.3,0,0,0,0,0,0,0,0,0,0,0,0
"06081","5","444120","78","0","2023","A","N",20,0,0,0,0,0,0,"N",1.14,0,0,0,0,0,0,"N",1,5.3,0,0,0,0,0,0,0,0,0,0,0,0
"06081","5","44414","77","0","2023","A","",15,171,8066080,1489785,37431,906,47101,"",0.38,0.36,0.18,0.34,0.47,0.52,0.52,"",0,0.0,46,36.8,2745071,51.6,333051,28.8,5672,17.9,85,10.4,4391,10.3
"06081","5","444140","78","0","2023","A","",15,171,8066080,1489785,37431,906,47101,"",0.38,0.36,0.18,0.34,0.47,0.52,0.52,"",0,0.0,46,36.8,2745071,51.6,333051,28.8,5672,17.9,85,10.4,4391,10.3
"06081","5","44418","77","0","2023","A","",73,747,59949858,6168976,191981,1544,80308,"",1.24,1.08,0.52,0.84,1.12,0.48,0.48,"",2,2.8,52,7.5,1494184,2.6,319210,5.5,23810,14.2,-73,-4.5,-3801,-4.5
"06081","5","444180","78","0","2023","A","",73,747,59949858,6168976,191981,1544,80308,"",1.24,1.08,0.52,0.84,1.12,0.48,0.48,"",2,2.8,52,7.5,1494184,2.6,319210,5.5,23810,14.2,-73,-4.5,-3801,-4.5
"06081","5","4442","76","0","2023","A","",16,130,7587760,1149215,20340,1126,58555,"",0.36,0.25,0.16,0.25,0.15,0.62,0.62,"",1,6.7,2,1.6,406471,5.7,-58890,-4.9,-2893,-12.5,44,4.1,2268,4.0
"06081","5","44423","77","0","2023","A","N",0,0,0,0,0,0,0,"N",0.00,0,0,0,0,0,0,"N",-1,-100.0,0,0,0,0,0,0,0,0,0,0,0,0
"06081","5","444230","78","0","2023","A","N",0,0,0,0,0,0,0,"N",0.00,0,0,0,0,0,0,"N",-1,-100.0,0,0,0,0,0,0,0,0,0,0,0,0
"06081","5","44424","77","0","2023","A","N",16,0,0,0,0,0,0,"N",0.45,0,0,0,0,0,0,"N",2,14.3,0,0,0,0,0,0,0,0,0,0,0,0
"06081","5","444240","78","0","2023","A","N",16,0,0,0,0,0,0,"N",0.45,0,0,0,0,0,0,"N",2,14.3,0,0,0,0,0,0,0,0,0,0,0,0
"06081","5","445","75","0","2023","A","",335,7809,351295915,65502312,1231888,865,44986,"",0.82,0.88,0.51,0.89,0.90,0.58,0.58,"",-4,-1.2,124,1.6,8978957,2.6,-2072890,-3.1,-43470,-3.4,8,0.9,441,1.0
"06081","5","4451","76","0","2023","A","",210,6955,308637602,57721475,1029126,853,44375,"",0.85,0.90,0.52,0.90,0.93,0.57,0.57,"",-3,-1.4,150,2.2,8866622,3.0,-1888362,-3.2,-41901,-3.9,6,0.7,325,0.7
"06081","5","44511","77","0","2023","A","",165,6749,301203869,55803452,986784,858,44632,"",1.11,0.94,0.55,0.95,1.02,0.58,0.58,"",-2,-1.2,150,2.3,8580292,2.9,-1766183,-3.1,-41177,-4.0,5,0.6,286,0.6
"06081","5","445110","78","0","2023","A","",165,6749,301203869,55803452,986784,858,44632,"",1.11,0.94,0.55,0.95,1.02,0.58,0.58,"",-2,-1.2,150,2.3,8580292,2.9,-1766183,-3.1,-41177,-4.0,5,0.6,286,0.6
"06081","5","44513","77","0","2023","A","",45,207,7433733,1918023,42342,692,35970,"",0.46,0.37,0.17,0.38,0.31,0.47,0.47,"",-2,-4.3,0,0.0,286330,4.0,-122179,-6.0,-724,-1.7,27,4.1,1386,4.0
"06081","5","445131","78","0","2023","A","",41,193,6878134,1792448,37928,686,35653,"",0.46,0.42,0.22,0.45,0.36,0.52,0.52,"",-2,-4.7,0,0.0,285894,4.3,-145260,-7.5,-1439,-3.7,29,4.4,1496,4.4
"06081","5","445132","78","0","2023","A","",4,14,555599,125575,4414,777,40407,"",0.46,0.14,0.05,0.13,0.15,0.35,0.35,"",0,0.0,0,0.0,436,0.1,23081,22.5,715,19.3,-4,-0.5,-215,-0.5
"06081","5","4452","76","0","2023","A","",65,512,25107622,4303639,110805,943,49054,"",0.89,0.78,0.46,0.74,0.69,0.59,0.59,"",-2,-3.0,-33,-6.1,-1577378,-5.9,-665714,-13.4,-19730,-15.1,2,0.2,128,0.3
"06081","5","44523","77","0","2023","A","",20,214,12525202,1897327,47107,1127,58620,"",2.29,2.14,1.41,2.20,1.84,0.66,0.66,"",-2,-9.1,-16,-7.0,-1458604,-10.4,-314150,-14.2,-9820,-17.3,-43,-3.7,-2223,-3.7
"06081","5","445230","78","0","2023","A","",20,214,12525202,1897327,47107,1127,58620,"",2.29,2.14,1.41,2.20,1.84,0.66,0.66,"",-2,-9.1,-16,-7.0,-1458604,-10.4,-314150,-14.2,-9820,-17.3,-43,-3.7,-2223,-3.7
"06081","5","44524","77","0","2023","A","N",7,0,0,0,0,0,0,"N",0.41,0,0,0,0,0,0,"N",0,0.0,0,0,0,0,0,0,0,0,0,0,0,0
"06081","5","445240","78","0","2023","A","N",7,0,0,0,0,0,0,"N",0.41,0,0,0,0,0,0,"N",0,0.0,0,0,0,0,0,0,0,0,0,0,0,0
"06081","5","44525","77","0","2023","A","N",3,0,0,0,0,0,0,"N",0.51,0,0,0,0,0,0,"N",1,50.0,0,0,0,0,0,0,0,0,0,0,0,0
"06081","5","445250","78","0","2023","A","N",3,0,0,0,0,0,0,"N",0.51,0,0,0,0,0,0,"N",1,50.0,0,0,0,0,0,0,0,0,0,0,0,0
"06081","5","44529","77","0","2023","A","",36,214,7772586,1668346,49660,699,36363,"",0.87,0.62,0.28,0.55,0.57,0.46,0.46,"",0,0.0,2,0.9,359781,4.9,-129278,-7.2,-6054,-10.9,26,3.9,1356,3.9
"06081","5","445291","78","0","2023","A","",5,34,1010975,283970,6505,568,29518,"",0.76,0.59,0.22,0.59,0.50,0.38,0.37,"",0,0.0,1,3.0,135314,15.5,32321,12.8,1061,19.5,58,11.4,2983,11.2
"06081","5","445292","78","0","2023","A","",11,71,2240494,418122,20514,608,31631,"",1.39,1.22,0.60,0.95,1.32,0.49,0.49,"",0,0.0,9,14.5,307136,15.9,-23109,-5.2,-2659,-11.5,5,0.8,279,0.9
"06081","5","445298","78","0","2023","A","",20,109,4521117,966254,22641,800,41605,"",0.74,0.47,0.24,0.46,0.39,0.50,0.50,"",0,0.0,-8,-6.8,-82669,-1.8,-138490,-12.5,-4456,-16.4,44,5.8,2284,5.8
"06081","5","4453","76","0","2023","A","",60,342,17550691,3477198,91957,987,51330,"",0.69,0.71,0.49,0.85,0.94,0.69,0.69,"",1,1.7,8,2.4,1689713,10.7,481186,16.1,18161,24.6,74,8.1,3854,8.1
"06081","5","44532","77","0","2023","A","",60,342,17550691,3477198,91957,987,51330,"",0.69,0.71,0.49,0.85,0.94,0.69,0.69,"",1,1.7,8,2.4,1689713,10.7,481186,16.1,18161,24.6,74,8.1,3854,8.1
"06081","5","445320","78","0","2023","A","",60,342,17550691,3477198,91957,987,51330,"",0.69,0.71,0.49,0.85,0.94,0.69,0.69,"",1,1.7,8,2.4,1689713,10.7,481186,16.1,18161,24.6,74,8.1,3854,8.1
"06081","5","449","75","0","2023","A","",197,1978,134142599,16300407,409526,1304,67826,"",0.85,0.85,0.41,0.72,0.74,0.48,0.48,"",-12,-5.7,-155,-7.3,-14766911,-9.9,-1150961,-6.6,-52139,-11.3,-38,-2.8,-1973,-2.8
"06081","5","4491","76","0","2023","A","",101,1016,60652685,9203445,219175,1148,59678,"",0.83,0.87,0.41,0.81,0.80,0.47,0.47,"",0,0.0,-24,-2.3,992087,1.7,-147539,-1.6,-10106,-4.4,45,4.1,2321,4.0
"06081","5","44911","77","0","2023","A","",50,522,30869652,4800902,115663,1136,59090,"",0.85,0.90,0.39,0.80,0.81,0.44,0.44,"",-1,-2.0,0,0.0,-590759,-1.9,86718,1.8,-7082,-5.8,-24,-2.1,-1227,-2.0
"06081","5","449110","78","0","2023","A","",50,522,30869652,4800902,115663,1136,59090,"",0.85,0.90,0.39,0.80,0.81,0.44,0.44,"",-1,-2.0,0,0.0,-590759,-1.9,86718,1.8,-7082,-5.8,-24,-2.1,-1227,-2.0
"06081","5","44912","77","0","2023","A","",51,494,29783033,4402543,103512,1160,60300,"",0.81,0.83,0.42,0.81,0.79,0.51,0.51,"",1,2.0,-25,-4.8,1582846,5.6,-234257,-5.1,-3024,-2.8,114,10.9,5921,10.9
"06081","5","449121","78","0","2023","A","",16,83,5893570,755498,19707,1364,70936,"",0.68,0.43,0.19,0.36,0.38,0.44,0.44,"",1,6.7,-3,-3.5,1139640,24.0,-64113,-7.8,-633,-3.1,300,28.2,15604,28.2
"06081","5","449122","78","0","2023","A","",6,23,1861142,187004,6230,1585,82412,"",0.83,0.66,0.36,0.50,0.63,0.56,0.56,"",0,0.0,-4,-14.8,-196755,-9.6,-41767,-18.3,-147,-2.3,124,8.5,6428,8.5
"06081","5","449129","78","0","2023","A","",30,388,22028321,3460041,77575,1091,56737,"",0.94,1.06,0.64,1.17,1.13,0.60,0.60,"",1,3.4,-18,-4.4,639961,3.0,-128377,-3.6,-2244,-2.8,77,7.6,4002,7.6
"06081","5","4492","76","0","2023","A","",96,961,73489914,7096962,190351,1470,76439,"",0.87,0.84,0.41,0.64,0.69,0.49,0.49,"",-12,-11.1,-132,-12.1,-15758998,-17.7,-1003422,-12.4,-42033,-18.1,-100,-6.4,-5197,-6.4
"06081","5","44921","77","0","2023","A","",96,961,73489914,7096962,190351,1470,76439,"",0.87,0.84,0.41,0.64,0.69,0.49,0.49,"",-12,-11.1,-132,-12.1,-15758998,-17.7,-1003422,-12.4,-42033,-18.1,-100,-6.4,-5197,-6.4
"06081","5","449210","78","0","2023","A","",96,961,73489914,7096962,190351,1470,76439,"",0.87,0.84,0.41,0.64,0.69,0.49,0.49,"",-12,-11.1,-132,-12.1,-15758998,-17.7,-1003422,-12.4,-42033,-18.1,-100,-6.4,-5197,-6.4
"06081","5","455","75","0","2023","A","",80,4795,286988989,54170144,1087982,1151,59848,"",0.39,0.54,0.42,0.75,0.79,0.77,0.77,"",1,1.3,29,0.6,10156749,3.7,-3281852,-5.7,-14845,-1.3,34,3.0,1762,3.0
"06081","5","4551","76","0","2023","A","",23,1580,50959567,12668153,227423,620,32244,"",0.77,0.60,0.28,0.62,0.51,0.47,0.47,"",0,0.0,30,1.9,577442,1.1,-722870,-5.4,-20774,-8.4,-5,-0.8,-262,-0.8
"06081","5","45511","77","0","2023","A","",23,1580,50959567,12668153,227423,620,32244,"",0.77,0.60,0.28,0.62,0.51,0.47,0.47,"",0,0.0,30,1.9,577442,1.1,-722870,-5.4,-20774,-8.4,-5,-0.8,-262,-0.8
"06081","5","455110","78","0","2023","A","",23,1580,50959567,12668153,227423,620,32244,"",0.77,0.60,0.28,0.62,0.51,0.47,0.47,"",0,0.0,30,1.9,577442,1.1,-722870,-5.4,-20774,-8.4,-5,-0.8,-262,-0.8
"06081","5","4552","76","0","2023","A","",58,3215,236029422,41501991,860559,1412,73417,"",0.33,0.52,0.47,0.80,0.91,0.90,0.90,"",1,1.8,-1,0.0,9579307,4.2,-2558982,-5.8,5929,0.7,58,4.3,3003,4.3
"06081","5","45521","77","0","2023","A","",58,3215,236029422,41501991,860559,1412,73417,"",0.33,0.52,0.47,0.80,0.91,0.90,0.90,"",1,1.8,-1,0.0,9579307,4.2,-2558982,-5.8,5929,0.7,58,4.3,3003,4.3
"06081","5","455211","78","0","2023","A","",7,1729,152642855,24927572,501142,1698,88297,"",0.43,0.39,0.40,0.65,0.81,1.04,1.04,"",-1,-12.5,24,1.4,5592566,3.8,-2195965,-8.1,-16037,-3.1,39,2.4,2038,2.4
"06081","5","455219","78","0","2023","A","",51,1486,83386567,16574419,359417,1079,56108,"",0.32,0.88,0.68,1.25,1.12,0.78,0.77,"",2,4.1,-25,-1.7,3986741,5.0,-363017,-2.1,21966,6.5,69,6.8,3569,6.8
"06081","5","456","75","0","2023","A","",201,2043,145020375,18310141,376991,1365,70970,"",0.67,0.68,0.41,0.68,0.65,0.61,0.61,"",1,0.5,-587,-22.3,-61037865,-29.6,-7848747,-30.0,-284156,-43.0,-141,-9.4,-7367,-9.4
"06081","5","4561","76","0","2023","A","",201,2043,145020375,18310141,376991,1365,70970,"",0.67,0.68,0.41,0.68,0.65,0.61,0.61,"",1,0.5,-587,-22.3,-61037865,-29.6,-7848747,-30.0,-284156,-43.0,-141,-9.4,-7367,-9.4
"06081","5","45611","77","0","2023","A","",101,1166,67199231,10461484,176628,1108,57624,"",0.62,0.59,0.28,0.58,0.49,0.47,0.47,"",-2,-1.9,-578,-33.1,-58942581,-46.7,-7612038,-42.1,-284418,-61.7,-283,-20.3,-14726,-20.4
"06081","5","456110","78","0","2023","A","",101,1166,67199231,10461484,176628,1108,57624,"",0.62,0.59,0.28,0.58,0.49,0.47,0.47,"",-2,-1.9,-578,-33.1,-58942581,-46.7,-7612038,-42.1,-284418,-61.7,-283,-20.3,-14726,-20.4
"06081","5","45612","77","0","2023","A","",34,529,45204012,4363879,111224,1643,85452,"",0.67,1.05,1.08,1.16,1.18,1.03,1.03,"",-1,-2.9,-22,-4.0,-5399115,-10.7,-513372,-10.5,-10314,-8.5,-124,-7.0,-6414,-7.0
"06081","5","456120","78","0","2023","A","",34,529,45204012,4363879,111224,1643,85452,"",0.67,1.05,1.08,1.16,1.18,1.03,1.03,"",-1,-2.9,-22,-4.0,-5399115,-10.7,-513372,-10.5,-10314,-8.5,-124,-7.0,-6414,-7.0
"06081","5","45613","77","0","2023","A","",27,128,6851817,1167959,23528,1027,53425,"",0.99,0.63,0.29,0.63,0.55,0.46,0.46,"",1,3.8,21,19.6,1525895,28.7,189873,19.4,3392,16.8,68,7.1,3533,7.1
"06081","5","456130","78","0","2023","A","",27,128,6851817,1167959,23528,1027,53425,"",0.99,0.63,0.29,0.63,0.55,0.46,0.46,"",1,3.8,21,19.6,1525895,28.7,189873,19.4,3392,16.8,68,7.1,3533,7.1
"06081","5","45619","77","0","2023","A","",40,220,25765315,2316819,65611,2252,117115,"",0.69,0.67,0.60,0.73,0.79,0.89,0.89,"",4,11.1,-9,-3.9,1777936,7.4,86790,3.9,7184,12.3,241,12.0,12519,12.0
"06081","5","456191","78","0","2023","A","",19,45,3088093,450349,12032,1322,68752,"",0.69,0.34,0.22,0.38,0.40,0.66,0.66,"",4,26.7,-8,-15.1,757114,32.5,-19928,-4.2,-1610,-11.8,472,55.5,24563,55.6
"06081","5","456199","78","0","2023","A","",21,175,22677222,1866470,53579,2491,129522,"",0.69,0.91,0.78,0.95,1.01,0.86,0.86,"",-1,-4.5,-2,-1.1,1020822,4.7,106718,6.1,8794,19.6,133,5.6,6881,5.6
"06081","5","457","75","0","2023","A","",127,1069,41754757,9869166,225378,751,39063,"",0.42,0.37,0.18,0.38,0.43,0.49,0.49,"",0,0.0,37,3.6,2164760,5.5,104742,1.1,-9882,-4.2,13,1.8,688,1.8
"06081","5","4571","76","0","2023","A","N",125,0,0,0,0,0,0,"N",0.44,0,0,0,0,0,0,"N",0,0.0,0,0,0,0,0,0,0,0,0,0,0,0
"06081","5","45711","77","0","2023","A","",112,927,33718357,8587302,179892,700,36387,"",0.44,0.38,0.19,0.40,0.45,0.51,0.51,"",-1,-0.9,29,3.2,1163638,3.6,112200,1.3,-8275,-4.4,3,0.4,135,0.4
"06081","5","457110","78","0","2023","A","",112,927,33718357,8587302,179892,700,36387,"",0.44,0.38,0.19,0.40,0.45,0.51,0.51,"",-1,-0.9,29,3.2,1163638,3.6,112200,1.3,-8275,-4.4,3,0.4,135,0.4
"06081","5","45712","77","0","2023","A","N",13,0,0,0,0,0,0,"N",0.53,0,0,0,0,0,0,"N",0,0.0,0,0,0,0,0,0,0,0,0,0,0,0
"06081","5","457120","78","0","2023","A","N",13,0,0,0,0,0,0,"N",0.53,0,0,0,0,0,0,"N",0,0.0,0,0,0,0,0,0,0,0,0,0,0,0
"06081","5","4572","76","0","2023","A","N",2,0,0,0,0,0,0,"N",0.10,0,0,0,0,0,0,"N",0,0.0,0,0,0,0,0,0,0,0,0,0,0,0
"06081","5","45721","77","0","2023","A","N",2,0,0,0,0,0,0,"N",0.10,0,0,0,0,0,0,"N",0,0.0,0,0,0,0,0,0,0,0,0,0,0,0
"06081","5","457210","78","0","2023","A","N",2,0,0,0,0,0,0,"N",0.10,0,0,0,0,0,0,"N",0,0.0,0,0,0,0,0,0,0,0,0,0,0,0
"06081","5","458","75","0","2023","A","",212,2097,72138661,17482640,371858,661,34394,"",0.69,0.66,0.28,0.72,0.62,0.43,0.43,"",10,5.0,136,6.9,-333132,-0.5,848240,5.1,1298,0.4,-50,-7.0,-2566,-6.9
"06081","5","4581","76","0","2023","A","",135,1530,46784029,12749165,254431,588,30584,"",0.63,0.65,0.27,0.72,0.58,0.41,0.41,"",7,5.5,125,8.9,276346,0.6,890156,7.5,15493,6.5,-49,-7.7,-2527,-7.6
"06081","5","45811","77","0","2023","A","",135,1530,46784029,12749165,254431,588,30584,"",0.63,0.65,0.27,0.72,0.58,0.41,0.41,"",7,5.5,125,8.9,276346,0.6,890156,7.5,15493,6.5,-49,-7.7,-2527,-7.6
"06081","5","458110","78","0","2023","A","",135,1530,46784029,12749165,254431,588,30584,"",0.63,0.65,0.27,0.72,0.58,0.41,0.41,"",7,5.5,125,8.9,276346,0.6,890156,7.5,15493,6.5,-49,-7.7,-2527,-7.6
"06081","5","4582","76","0","2023","A","",33,357,9181603,2765032,60175,494,25695,"",0.84,0.75,0.27,0.80,0.77,0.36,0.36,"",2,6.5,51,16.7,1229789,15.5,255999,10.2,8867,17.3,-5,-1.0,-270,-1.0
"06081","5","45821","77","0","2023","A","",33,357,9181603,2765032,60175,494,25695,"",0.84,0.75,0.27,0.80,0.77,0.36,0.36,"",2,6.5,51,16.7,1229789,15.5,255999,10.2,8867,17.3,-5,-1.0,-270,-1.0
"06081","5","458210","78","0","2023","A","",33,357,9181603,2765032,60175,494,25695,"",0.84,0.75,0.27,0.80,0.77,0.36,0.36,"",2,6.5,51,16.7,1229789,15.5,255999,10.2,8867,17.3,-5,-1.0,-270,-1.0
"06081","5","4583","76","0","2023","A","",44,210,16173029,1968443,57252,1478,76862,"",0.81,0.62,0.37,0.62,0.70,0.59,0.59,"",1,2.3,-40,-16.0,-1839267,-10.2,-297915,-13.1,-23062,-28.7,92,6.6,4813,6.7
"06081","5","45831","77","0","2023","A","N",42,0,0,0,0,0,0,"N",0.82,0,0,0,0,0,0,"N",1,2.4,0,0,0,0,0,0,0,0,0,0,0,0
"06081","5","458310","78","0","2023","A","N",42,0,0,0,0,0,0,"N",0.82,0,0,0,0,0,0,"N",1,2.4,0,0,0,0,0,0,0,0,0,0,0,0
"06081","5","45832","77","0","2023","A","N",2,0,0,0,0,0,0,"N",0.65,0,0,0,0,0,0,"N",0,0.0,0,0,0,0,0,0,0,0,0,0,0,0
"06081","5","458320","78","0","2023","A","N",2,0,0,0,0,0,0,"N",0.65,0,0,0,0,0,0,"N",0,0.0,0,0,0,0,0,0,0,0,0,0,0,0
"06081","5","459","75","0","2023","A","",355,3673,171974638,32658663,805393,901,46827,"",0.74,0.88,0.47,0.94,0.96,0.53,0.53,"",9,2.6,212,6.1,-596762,-0.3,521764,1.6,41822,5.5,-58,-6.0,-3031,-6.1
"06081","5","4591","76","0","2023","A","",98,1274,40192894,10609554,239093,607,31547,"",0.85,0.94,0.40,0.96,1.11,0.43,0.43,"",2,2.1,42,3.4,140085,0.3,-748936,-6.6,-3347,-1.4,-18,-2.9,-972,-3.0
"06081","5","45911","77","0","2023","A","",55,877,29321104,7176273,164812,643,33433,"",0.86,1.06,0.45,1.02,1.20,0.43,0.42,"",1,1.9,35,4.2,54722,0.2,-574310,-7.4,-3207,-1.9,-25,-3.7,-1322,-3.8
"06081","5","459110","78","0","2023","A","",55,877,29321104,7176273,164812,643,33433,"",0.86,1.06,0.45,1.02,1.20,0.43,0.42,"",1,1.9,35,4.2,54722,0.2,-574310,-7.4,-3207,-1.9,-25,-3.7,-1322,-3.8
"06081","5","45912","77","0","2023","A","",25,279,7180804,2479415,53280,496,25776,"",0.80,0.80,0.32,0.92,1.01,0.40,0.40,"",1,4.2,11,4.1,-35619,-0.5,-131388,-5.0,829,1.6,-22,-4.2,-1176,-4.4
"06081","5","459120","78","0","2023","A","",25,279,7180804,2479415,53280,496,25776,"",0.80,0.80,0.32,0.92,1.01,0.40,0.40,"",1,4.2,11,4.1,-35619,-0.5,-131388,-5.0,829,1.6,-22,-4.2,-1176,-4.4
"06081","5","45913","77","0","2023","A","",9,67,1523101,517071,10327,440,22875,"",0.83,0.75,0.31,0.83,0.94,0.42,0.42,"",0,0.0,-4,-5.6,-17519,-1.1,-47999,-8.5,-1280,-11.0,25,6.0,1303,6.0
"06081","5","459130","78","0","2023","A","",9,67,1523101,517071,10327,440,22875,"",0.83,0.75,0.31,0.83,0.94,0.42,0.42,"",0,0.0,-4,-5.6,-17519,-1.1,-47999,-8.5,-1280,-11.0,25,6.0,1303,6.0
"06081","5","45914","77","0","2023","A","",9,52,2167885,436795,10674,803,41757,"",0.94,0.56,0.26,0.59,0.74,0.47,0.47,"",0,0.0,2,4.0,138501,6.8,4761,1.1,311,3.0,29,3.7,1505,3.7
"06081","5","459140","78","0","2023","A","",9,52,2167885,436795,10674,803,41757,"",0.94,0.56,0.26,0.59,0.74,0.47,0.47,"",0,0.0,2,4.0,138501,6.8,4761,1.1,311,3.0,29,3.7,1505,3.7
"06081","5","4592","76","0","2023","A","",15,166,4838702,1317770,24672,562,29237,"",0.73,0.87,0.35,0.89,0.72,0.40,0.40,"",1,7.1,3,1.8,353899,7.9,-31465,-2.3,-2703,-9.9,32,6.0,1695,6.2
"06081","5","45921","77","0","2023","A","",15,166,4838702,1317770,24672,562,29237,"",0.73,0.87,0.35,0.89,0.72,0.40,0.40,"",1,7.1,3,1.8,353899,7.9,-31465,-2.3,-2703,-9.9,32,6.0,1695,6.2
"06081","5","459210","78","0","2023","A","",15,166,4838702,1317770,24672,562,29237,"",0.73,0.87,0.35,0.89,0.72,0.40,0.40,"",1,7.1,3,1.8,353899,7.9,-31465,-2.3,-2703,-9.9,32,6.0,1695,6.2
"06081","5","4593","76","0","2023","A","",27,100,3613468,818150,16109,693,36045,"",0.85,0.60,0.31,0.59,0.44,0.52,0.52,"",2,8.0,-1,-1.0,1148,0.0,19531,2.4,1134,7.6,4,0.6,220,0.6
"06081","5","45931","77","0","2023","A","",27,100,3613468,818150,16109,693,36045,"",0.85,0.60,0.31,0.59,0.44,0.52,0.52,"",2,8.0,-1,-1.0,1148,0.0,19531,2.4,1134,7.6,4,0.6,220,0.6
"06081","5","459310","78","0","2023","A","",27,100,3613468,818150,16109,693,36045,"",0.85,0.60,0.31,0.59,0.44,0.52,0.52,"",2,8.0,-1,-1.0,1148,0.0,19531,2.4,1134,7.6,4,0.6,220,0.6
"06081","5","4594","76","0","2023","A","",56,614,32347174,5587974,164531,1014,52704,"",0.83,1.09,0.67,1.21,1.45,0.62,0.62,"",-5,-8.2,42,7.3,2037678,6.7,701312,14.4,21533,15.1,-5,-0.5,-292,-0.6
"06081","5","45941","77","0","2023","A","",12,135,8565891,1482325,44795,1225,63687,"",0.72,0.69,0.36,0.84,1.10,0.53,0.53,"",-1,-7.7,-5,-3.6,-1289331,-13.1,214287,16.9,4548,11.3,-132,-9.7,-6875,-9.7
"06081","5","459410","78","0","2023","A","",12,135,8565891,1482325,44795,1225,63687,"",0.72,0.69,0.36,0.84,1.10,0.53,0.53,"",-1,-7.7,-5,-3.6,-1289331,-13.1,214287,16.9,4548,11.3,-132,-9.7,-6875,-9.7
"06081","5","45942","77","0","2023","A","",44,479,23781283,4105649,119736,954,49622,"",0.87,1.30,0.97,1.44,1.65,0.75,0.75,"",-4,-8.3,47,10.9,3327009,16.3,487025,13.5,16985,16.5,44,4.8,2302,4.9
"06081","5","459420","78","0","2023","A","",44,479,23781283,4105649,119736,954,49622,"",0.87,1.30,0.97,1.44,1.65,0.75,0.75,"",-4,-8.3,47,10.9,3327009,16.3,487025,13.5,16985,16.5,44,4.8,2302,4.9
"06081","5","4595","76","0","2023","A","",28,638,30887498,5203209,133471,931,48400,"",0.58,1.15,0.79,1.70,1.87,0.69,0.69,"",0,0.0,140,28.1,2285291,8.0,1033869,24.8,45362,51.5,-173,-15.7,-9015,-15.7
"06081","5","45951","77","0","2023","A","",28,638,30887498,5203209,133471,931,48400,"",0.58,1.15,0.79,1.70,1.87,0.69,0.69,"",0,0.0,140,28.1,2285291,8.0,1033869,24.8,45362,51.5,-173,-15.7,-9015,-15.7
"06081","5","459510","78","0","2023","A","",28,638,30887498,5203209,133471,931,48400,"",0.58,1.15,0.79,1.70,1.87,0.69,0.69,"",0,0.0,140,28.1,2285291,8.0,1033869,24.8,45362,51.5,-173,-15.7,-9015,-15.7
"06081","5","4599","76","0","2023","A","",132,881,60094902,9122006,227517,1312,68225,"",0.67,0.66,0.39,0.69,0.61,0.59,0.59,"",10,8.2,-15,-1.7,-5414863,-8.3,-452547,-4.7,-20157,-8.1,-94,-6.7,-4902,-6.7
"06081","5","45991","77","0","2023","A","",27,384,19997967,4655707,74446,1002,52089,"",0.95,1.00,0.58,1.35,1.13,0.58,0.57,"",0,0.0,-9,-2.3,-2352805,-10.5,-366260,-7.3,-16920,-18.5,-92,-8.4,-4819,-8.5
"06081","5","459910","78","0","2023","A","",27,384,19997967,4655707,74446,1002,52089,"",0.95,1.00,0.58,1.35,1.13,0.58,0.57,"",0,0.0,-9,-2.3,-2352805,-10.5,-366260,-7.3,-16920,-18.5,-92,-8.4,-4819,-8.5
"06081","5","45992","77","0","2023","A","N",7,0,0,0,0,0,0,"N",0.51,0,0,0,0,0,0,"N",0,0.0,0,0,0,0,0,0,0,0,0,0,0,0
"06081","5","459920","78","0","2023","A","N",7,0,0,0,0,0,0,"N",0.51,0,0,0,0,0,0,"N",0,0.0,0,0,0,0,0,0,0,0,0,0,0,0
"06081","5","45993","77","0","2023","A","N",2,0,0,0,0,0,0,"N",0.39,0,0,0,0,0,0,"N",0,0.0,0,0,0,0,0,0,0,0,0,0,0,0
"06081","5","459930","78","0","2023","A","N",2,0,0,0,0,0,0,"N",0.39,0,0,0,0,0,0,"N",0,0.0,0,0,0,0,0,0,0,0,0,0,0,0
"06081","5","45999","77","0","2023","A","",96,460,34938271,4111985,141564,1461,75967,"",0.65,0.53,0.34,0.46,0.50,0.63,0.63,"",10,11.6,-8,-1.7,-3225650,-8.5,-85307,-2.0,-3193,-2.2,-108,-6.9,-5609,-6.9
"06081","5","459991","78","0","2023","A","",34,113,4038430,1157093,33518,689,35818,"",0.55,0.32,0.14,0.32,0.30,0.44,0.44,"",9,36.0,24,27.0,402222,11.1,313045,37.1,10281,44.2,-101,-12.8,-5269,-12.8
"06081","5","459999","78","0","2023","A","",62,347,30899841,2954892,108046,1712,89006,"",0.72,0.68,0.41,0.56,0.64,0.60,0.60,"",0,0.0,-32,-8.4,-3627872,-10.5,-398352,-11.9,-13474,-11.1,-38,-2.2,-2016,-2.2
"06081","5","48-49","74","0","2023","A","",601,22165,1840409364,186840297,5023408,1597,83033,"",0.73,1.25,0.67,0.99,0.93,0.54,0.54,"",-2,-0.3,-1128,-4.8,-138288122,-7.0,-17826014,-8.7,-455551,-8.3,-37,-2.3,-1916,-2.3
"06081","5","481","75","0","2023","A","",26,8273,790991638,54642417,983918,1839,95608,"",1.39,5.46,2.01,3.21,2.64,0.37,0.37,"",-2,-7.1,-132,-1.6,64704244,8.9,-2921428,-5.1,-79992,-7.5,177,10.6,9199,10.6
"06081","5","4811","76","0","2023","A","",23,8238,786066854,54411867,974954,1835,95418,"",3.34,6.07,2.27,3.57,3.01,0.37,0.37,"",-2,-8.0,-135,-1.6,64455667,8.9,-2975225,-5.2,-81585,-7.7,178,10.7,9238,10.7
"06081","5","48111","77","0","2023","A","",23,8238,786066854,54411867,974954,1835,95418,"",3.34,6.07,2.27,3.57,3.01,0.37,0.37,"",-2,-8.0,-135,-1.6,64455667,8.9,-2975225,-5.2,-81585,-7.7,178,10.7,9238,10.7
"06081","5","481111","78","0","2023","A","",19,8197,782610838,54098270,968934,1836,95473,"",3.72,6.21,2.31,3.66,3.09,0.37,0.37,"",0,0.0,-111,-1.3,66654433,9.3,-2748972,-4.8,-68245,-6.6,179,10.8,9298,10.8
"06081","5","481112","78","0","2023","A","",4,41,3456016,313597,6020,1621,84293,"",2.25,1.07,0.47,0.64,0.59,0.44,0.44,"",-2,-33.3,-24,-36.9,-2198766,-38.9,-226253,-41.9,-13340,-68.9,-48,-2.9,-2481,-2.9
"06081","5","4812","76","0","2023","A","",3,35,4924784,230550,8964,2699,140374,"",0.26,0.22,0.10,0.13,0.18,0.46,0.46,"",0,0.0,3,9.4,248577,5.3,53797,30.4,1593,21.6,-119,-4.2,-6139,-4.2
"06081","5","48121","77","0","2023","A","",3,35,4924784,230550,8964,2699,140374,"",0.26,0.22,0.10,0.13,0.18,0.46,0.46,"",0,0.0,3,9.4,248577,5.3,53797,30.4,1593,21.6,-119,-4.2,-6139,-4.2
"06081","5","481211","78","0","2023","A","N",2,0,0,0,0,0,0,"N",0.25,0,0,0,0,0,0,"N",0,0.0,0,0,0,0,0,0,0,0,0,0,0,0
"06081","5","481219","78","0","2023","A","N",1,0,0,0,0,0,0,"N",0.41,0,0,0,0,0,0,"N",0,0.0,0,0,0,0,0,0,0,0,0,0,0,0
"06081","5","483","75","0","2023","A","N",2,0,0,0,0,0,0,"N",0.32,0,0,0,0,0,0,"N",0,0.0,0,0,0,0,0,0,0,0,0,0,0,0
"06081","5","4831","76","0","2023","A","N",2,0,0,0,0,0,0,"N",0.52,0,0,0,0,0,0,"N",0,0.0,0,0,0,0,0,0,0,0,0,0,0,0
"06081","5","48311","77","0","2023","A","N",2,0,0,0,0,0,0,"N",0.52,0,0,0,0,0,0,"N",0,0.0,0,0,0,0,0,0,0,0,0,0,0,0
"06081","5","483111","78","0","2023","A","N",2,0,0,0,0,0,0,"N",1.33,0,0,0,0,0,0,"N",0,0.0,0,0,0,0,0,0,0,0,0,0,0,0
"06081","5","484","75","0","2023","A","",165,1374,87119958,15336946,437140,1219,63398,"",0.36,0.32,0.13,0.31,0.34,0.40,0.40,"",-4,-2.4,-190,-12.1,-17520180,-16.7,-3621586,-19.1,-152107,-25.8,-68,-5.3,-3504,-5.2
"06081","5","4841","76","0","2023","A","",97,939,62679867,10783990,312720,1284,66764,"",0.30,0.31,0.13,0.31,0.37,0.42,0.42,"",-2,-2.0,-12,-1.3,-3710117,-5.6,-1255309,-10.4,-78942,-20.2,-59,-4.4,-3059,-4.4
"06081","5","48411","77","0","2023","A","",63,638,48316244,6759835,202106,1456,75721,"",0.50,0.78,0.41,0.73,0.67,0.52,0.52,"",-1,-1.6,-26,-3.9,-4070356,-7.8,-1048266,-13.4,-60384,-23.0,-61,-4.0,-3184,-4.0
"06081","5","484110","78","0","2023","A","",63,638,48316244,6759835,202106,1456,75721,"",0.50,0.78,0.41,0.73,0.67,0.52,0.52,"",-1,-1.6,-26,-3.9,-4070356,-7.8,-1048266,-13.4,-60384,-23.0,-61,-4.0,-3184,-4.0
"06081","5","48412","77","0","2023","A","",33,301,14363623,4024155,110614,918,47759,"",0.17,0.14,0.04,0.16,0.21,0.29,0.29,"",-2,-5.7,14,4.9,360239,2.6,-207043,-4.9,-18558,-14.4,-21,-2.2,-1047,-2.1
"06081","5","484121","78","0","2023","A","N",27,0,0,0,0,0,0,"N",0.16,0,0,0,0,0,0,"N",0,0.0,0,0,0,0,0,0,0,0,0,0,0,0
"06081","5","484122","78","0","2023","A","N",6,0,0,0,0,0,0,"N",0.19,0,0,0,0,0,0,"N",-2,-25.0,0,0,0,0,0,0,0,0,0,0,0,0
"06081","5","4842","76","0","2023","A","",68,435,24440091,4552956,124420,1080,56141,"",0.49,0.35,0.12,0.31,0.28,0.35,0.35,"",-2,-2.9,-178,-29.0,-13810063,-36.1,-2366277,-34.2,-73165,-37.0,-119,-9.9,-6232,-10.0
"06081","5","48421","77","0","2023","A","",38,343,18286307,3760245,101250,1025,53274,"",1.47,1.27,0.58,1.33,1.26,0.46,0.46,"",-2,-5.0,-169,-33.0,-12795154,-41.2,-2221655,-37.1,-68011,-40.2,-142,-12.2,-7412,-12.2
"06081","5","484210","78","0","2023","A","",38,343,18286307,3760245,101250,1025,53274,"",1.47,1.27,0.58,1.33,1.26,0.46,0.46,"",-2,-5.0,-169,-33.0,-12795154,-41.2,-2221655,-37.1,-68011,-40.2,-142,-12.2,-7412,-12.2
"06081","5","48422","77","0","2023","A","",25,84,5768416,722805,21680,1322,68740,"",0.31,0.14,0.06,0.10,0.08,0.43,0.43,"",0,0.0,-6,-6.7,-819237,-12.4,-105677,-12.8,-4214,-16.3,-86,-6.1,-4456,-6.1
"06081","5","484220","78","0","2023","A","",25,84,5768416,722805,21680,1322,68740,"",0.31,0.14,0.06,0.10,0.08,0.43,0.43,"",0,0.0,-6,-6.7,-819237,-12.4,-105677,-12.8,-4214,-16.3,-86,-6.1,-4456,-6.1
"06081","5","48423","77","0","2023","A","",6,8,385368,69906,1490,907,47188,"",0.18,0.02,0.01,0.02,0.02,0.25,0.25,"",1,20.0,-3,-27.3,-195672,-33.7,-38945,-35.8,-940,-38.7,-101,-10.0,-5237,-10.0
"06081","5","484230","78","0","2023","A","",6,8,385368,69906,1490,907,47188,"",0.18,0.02,0.01,0.02,0.02,0.25,0.25,"",1,20.0,-3,-27.3,-195672,-33.7,-38945,-35.8,-940,-38.7,-101,-10.0,-5237,-10.0
"06081","5","485","75","0","2023","A","",106,3747,400858604,31563669,1132049,2057,106984,"",1.92,3.12,2.80,2.41,1.57,0.90,0.90,"",11,11.6,-230,-5.8,-90711908,-18.5,-4363336,-12.1,-34808,-3.0,-320,-13.5,-16635,-13.5
"06081","5","4851","76","0","2023","A","N",3,0,0,0,0,0,0,"N",1.43,0,0,0,0,0,0,"N",0,0.0,0,0,0,0,0,0,0,0,0,0,0,0
"06081","5","48511","77","0","2023","A","N",3,0,0,0,0,0,0,"N",1.43,0,0,0,0,0,0,"N",0,0.0,0,0,0,0,0,0,0,0,0,0,0,0
"06081","5","485111","78","0","2023","A","N",1,0,0,0,0,0,0,"N",3.97,0,0,0,0,0,0,"N",0,0.0,0,0,0,0,0,0,0,0,0,0,0,0
"06081","5","485113","78","0","2023","A","N",2,0,0,0,0,0,0,"N",1.25,0,0,0,0,0,0,"N",0,0.0,0,0,0,0,0,0,0,0,0,0,0,0
"06081","5","4853","76","0","2023","A","",57,353,25120357,3049627,79889,1369,71213,"",3.03,1.84,0.67,1.18,1.19,0.36,0.36,"",6,11.8,16,4.7,502549,2.0,-154010,-4.8,-22937,-22.3,-37,-2.6,-1873,-2.6
"06081","5","48531","77","0","2023","A","N",3,0,0,0,0,0,0,"N",0.38,0,0,0,0,0,0,"N",0,0.0,0,0,0,0,0,0,0,0,0,0,0,0
"06081","5","485310","78","0","2023","A","N",3,0,0,0,0,0,0,"N",0.38,0,0,0,0,0,0,"N",0,0.0,0,0,0,0,0,0,0,0,0,0,0,0
"06081","5","48532","77","0","2023","A","N",55,0,0,0,0,0,0,"N",5.02,0,0,0,0,0,0,"N",7,14.6,0,0,0,0,0,0,0,0,0,0,0,0
"06081","5","485320","78","0","2023","A","N",55,0,0,0,0,0,0,"N",5.02,0,0,0,0,0,0,"N",7,14.6,0,0,0,0,0,0,0,0,0,0,0,0
"06081","5","4854","76","0","2023","A","",9,916,52406100,9284570,493025,1100,57222,"",0.84,1.82,1.18,1.75,1.01,0.65,0.65,"",0,0.0,398,76.8,19617753,59.8,3437178,58.8,275577,126.7,-118,-9.7,-6107,-9.6
"06081","5","48541","77","0","2023","A","",9,916,52406100,9284570,493025,1100,57222,"",0.84,1.82,1.18,1.75,1.01,0.65,0.65,"",0,0.0,398,76.8,19617753,59.8,3437178,58.8,275577,126.7,-118,-9.7,-6107,-9.6
"06081","5","485410","78","0","2023","A","",9,916,52406100,9284570,493025,1100,57222,"",0.84,1.82,1.18,1.75,1.01,0.65,0.65,"",0,0.0,398,76.8,19617753,59.8,3437178,58.8,275577,126.7,-118,-9.7,-6107,-9.6
"06081","5","4855","76","0","2023","A","N",5,0,0,0,0,0,0,"N",1.43,0,0,0,0,0,0,"N",-1,-16.7,0,0,0,0,0,0,0,0,0,0,0,0
"06081","5","48551","77","0","2023","A","N",5,0,0,0,0,0,0,"N",1.43,0,0,0,0,0,0,"N",-1,-16.7,0,0,0,0,0,0,0,0,0,0,0,0
"06081","5","485510","78","0","2023","A","N",5,0,0,0,0,0,0,"N",1.43,0,0,0,0,0,0,"N",-1,-16.7,0,0,0,0,0,0,0,0,0,0,0,0
"06081","5","4859","76","0","2023","A","",32,2194,308032409,16969314,502024,2700,140419,"",1.72,7.69,9.96,6.09,5.08,1.29,1.29,"",6,23.1,-476,-17.8,-114342390,-27.1,-7827044,-31.6,-280949,-35.9,-342,-11.2,-17789,-11.2
"06081","5","48599","77","0","2023","A","",32,2194,308032409,16969314,502024,2700,140419,"",1.72,7.69,9.96,6.09,5.08,1.29,1.29,"",6,23.1,-476,-17.8,-114342390,-27.1,-7827044,-31.6,-280949,-35.9,-342,-11.2,-17789,-11.2
"06081","5","485991","78","0","2023","A","",17,351,20873669,3758997,114030,1145,59540,"",1.62,1.86,1.10,2.09,1.70,0.59,0.59,"",5,41.7,53,17.8,3060955,17.2,784132,26.4,23982,26.6,-5,-0.4,-234,-0.4
"06081","5","485999","78","0","2023","A","",16,1843,287158740,13210317,387994,2996,155803,"",1.96,19.15,24.19,13.31,12.18,1.26,1.26,"",2,14.3,-529,-22.3,-117403345,-29.0,-8611176,-39.5,-304931,-44.0,-284,-8.7,-14772,-8.7
"06081","5","486","75","0","2023","A","N",1,0,0,0,0,0,0,"N",0.12,0,0,0,0,0,0,"N",0,0.0,0,0,0,0,0,0,0,0,0,0,0,0
"06081","5","4869","76","0","2023","A","N",1,0,0,0,0,0,0,"N",0.59,0,0,0,0,0,0,"N",0,0.0,0,0,0,0,0,0,0,0,0,0,0,0
"06081","5","48691","77","0","2023","A","N",1,0,0,0,0,0,0,"N",0.67,0,0,0,0,0,0,"N",0,0.0,0,0,0,0,0,0,0,0,0,0,0,0
"06081","5","486910","78","0","2023","A","N",1,0,0,0,0,0,0,"N",0.67,0,0,0,0,0,0,"N",0,0.0,0,0,0,0,0,0,0,0,0,0,0,0
"06081","5","487","75","0","2023","A","",8,33,1490579,368959,14777,858,44606,"",0.87,0.40,0.17,0.35,0.32,0.42,0.42,"",-2,-20.0,-16,-32.7,-695827,-31.8,-128762,-25.9,-4204,-22.1,-4,-0.5,-243,-0.5
"06081","5","4871","76","0","2023","A","",4,28,1287016,302308,12944,892,46379,"",1.79,0.96,0.42,0.87,0.92,0.44,0.44,"",-1,-20.0,-1,-3.4,-257035,-16.6,6532,2.2,-1552,-10.7,-117,-11.6,-6110,-11.6
"06081","5","48711","77","0","2023","A","",4,28,1287016,302308,12944,892,46379,"",1.79,0.96,0.42,0.87,0.92,0.44,0.44,"",-1,-20.0,-1,-3.4,-257035,-16.6,6532,2.2,-1552,-10.7,-117,-11.6,-6110,-11.6
"06081","5","487110","78","0","2023","A","",4,28,1287016,302308,12944,892,46379,"",1.79,0.96,0.42,0.87,0.92,0.44,0.44,"",-1,-20.0,-1,-3.4,-257035,-16.6,6532,2.2,-1552,-10.7,-117,-11.6,-6110,-11.6
"06081","5","4872","76","0","2023","A","",4,6,203563,66651,1833,691,35923,"",0.64,0.13,0.04,0.12,0.06,0.35,0.35,"N",0,0.0,0,0,0,0,0,0,0,0,0,0,0,0
"06081","5","48721","77","0","2023","A","",4,6,203563,66651,1833,691,35923,"",0.64,0.13,0.04,0.12,0.06,0.35,0.35,"N",0,0.0,0,0,0,0,0,0,0,0,0,0,0,0
"06081","5","487210","78","0","2023","A","",4,6,203563,66651,1833,691,35923,"",0.64,0.13,0.04,0.12,0.06,0.35,0.35,"N",0,0.0,0,0,0,0,0,0,0,0,0,0,0,0
"06081","5","488","75","0","2023","A","",187,4696,331671306,46569692,1151607,1358,70627,"",1.29,2.11,0.86,1.95,1.71,0.41,0.41,"",-3,-1.6,-143,-3.0,-66218448,-16.6,1324082,2.9,-52539,-4.4,-223,-14.1,-11596,-14.1
"06081","5","4881","76","0","2023","A","",16,2349,120805111,25137184,569663,989,51419,"",0.70,3.33,1.17,3.41,2.86,0.35,0.35,"",-1,-5.9,142,6.4,18968245,18.6,3663597,17.1,7387,1.3,102,11.5,5283,11.5
"06081","5","48811","77","0","2023","A","",9,2218,111684510,23731675,534934,969,50365,"",1.51,6.75,3.32,6.96,5.15,0.49,0.49,"",-2,-18.2,191,9.4,18969350,20.5,4308669,22.2,23600,4.6,89,10.1,4631,10.1
"06081","5","488111","78","0","2023","A","N",1,0,0,0,0,0,0,"N",1.60,0,0,0,0,0,0,"N",-1,-50.0,0,0,0,0,0,0,0,0,0,0,0,0
"06081","5","488119","78","0","2023","A","N",8,0,0,0,0,0,0,"N",1.50,0,0,0,0,0,0,"N",-1,-11.1,0,0,0,0,0,0,0,0,0,0,0,0
"06081","5","48819","77","0","2023","A","",7,132,9120601,1405509,34729,1330,69139,"",0.41,0.35,0.13,0.36,0.36,0.37,0.37,"",0,0.0,-48,-26.7,-1105,0.0,-645072,-31.5,-16213,-31.8,356,36.6,18486,36.5
"06081","5","488190","78","0","2023","A","",7,132,9120601,1405509,34729,1330,69139,"",0.41,0.35,0.13,0.36,0.36,0.37,0.37,"",0,0.0,-48,-26.7,-1105,0.0,-645072,-31.5,-16213,-31.8,356,36.6,18486,36.5
"06081","5","4883","76","0","2023","A","N",1,0,0,0,0,0,0,"N",0.13,0,0,0,0,0,0,"N",0,0.0,0,0,0,0,0,0,0,0,0,0,0,0
"06081","5","48832","77","0","2023","A","N",1,0,0,0,0,0,0,"N",0.47,0,0,0,0,0,0,"N",0,0.0,0,0,0,0,0,0,0,0,0,0,0,0
"06081","5","488320","78","0","2023","A","N",1,0,0,0,0,0,0,"N",0.47,0,0,0,0,0,0,"N",0,0.0,0,0,0,0,0,0,0,0,0,0,0,0
"06081","5","4884","76","0","2023","A","",31,411,20933704,5100468,147571,979,50913,"",0.81,1.31,0.50,1.48,1.52,0.38,0.38,"",-3,-8.8,56,15.8,4139152,24.6,1530269,42.9,38826,35.7,70,7.7,3627,7.7
"06081","5","48841","77","0","2023","A","",23,248,16155514,3367755,76781,1254,65187,"",0.85,1.23,0.61,1.56,1.41,0.50,0.50,"",0,0.0,27,12.2,3015884,23.0,1349010,66.8,26910,54.0,111,9.7,5776,9.7
"06081","5","488410","78","0","2023","A","",23,248,16155514,3367755,76781,1254,65187,"",0.85,1.23,0.61,1.56,1.41,0.50,0.50,"",0,0.0,27,12.2,3015884,23.0,1349010,66.8,26910,54.0,111,9.7,5776,9.7
"06081","5","48849","77","0","2023","A","",8,163,4778190,1732713,70790,563,29254,"",0.71,1.45,0.31,1.34,1.66,0.21,0.21,"",-3,-27.3,29,21.6,1123268,30.7,181259,11.7,11916,20.2,38,7.2,1978,7.3
"06081","5","488490","78","0","2023","A","",8,163,4778190,1732713,70790,563,29254,"",0.71,1.45,0.31,1.34,1.66,0.21,0.21,"",-3,-27.3,29,21.6,1123268,30.7,181259,11.7,11916,20.2,38,7.2,1978,7.3
"06081","5","4885","76","0","2023","A","",134,1891,186425997,15771736,414039,1896,98595,"",2.17,2.54,1.27,2.00,1.89,0.50,0.50,"",1,0.8,-374,-16.5,-91882846,-33.0,-4352426,-21.6,-116652,-22.0,-467,-19.8,-24283,-19.8
"06081","5","48851","77","0","2023","A","",134,1891,186425997,15771736,414039,1896,98595,"",2.17,2.54,1.27,2.00,1.89,0.50,0.50,"",1,0.8,-374,-16.5,-91882846,-33.0,-4352426,-21.6,-116652,-22.0,-467,-19.8,-24283,-19.8
"06081","5","488510","78","0","2023","A","",134,1891,186425997,15771736,414039,1896,98595,"",2.17,2.54,1.27,2.00,1.89,0.50,0.50,"",1,0.8,-374,-16.5,-91882846,-33.0,-4352426,-21.6,-116652,-22.0,-467,-19.8,-24283,-19.8
"06081","5","4889","76","0","2023","A","N",5,0,0,0,0,0,0,"N",0.56,0,0,0,0,0,0,"N",0,0.0,0,0,0,0,0,0,0,0,0,0,0,0
"06081","5","48899","77","0","2023","A","N",5,0,0,0,0,0,0,"N",0.56,0,0,0,0,0,0,"N",0,0.0,0,0,0,0,0,0,0,0,0,0,0,0
"06081","5","488991","78","0","2023","A","",3,8,630520,47496,1083,1485,77207,"",0.82,0.14,0.09,0.08,0.06,0.62,0.62,"",0,0.0,5,166.7,480660,320.7,5466,13.0,-425,-28.2,437,41.7,22712,41.7
"06081","5","488999","78","0","2023","A","N",2,0,0,0,0,0,0,"N",0.38,0,0,0,0,0,0,"N",0,0.0,0,0,0,0,0,0,0,0,0,0,0,0
"06081","5","491","75","0","2023","A","N",1,0,0,0,0,0,0,"N",0.36,0,0,0,0,0,0,"N",0,0.0,0,0,0,0,0,0,0,0,0,0,0,0
"06081","5","4911","76","0","2023","A","N",1,0,0,0,0,0,0,"N",0.36,0,0,0,0,0,0,"N",0,0.0,0,0,0,0,0,0,0,0,0,0,0,0
"06081","5","49111","77","0","2023","A","N",1,0,0,0,0,0,0,"N",0.36,0,0,0,0,0,0,"N",0,0.0,0,0,0,0,0,0,0,0,0,0,0,0
"06081","5","491110","78","0","2023","A","N",1,0,0,0,0,0,0,"N",0.36,0,0,0,0,0,0,"N",0,0.0,0,0,0,0,0,0,0,0,0,0,0,0
"06081","5","492","75","0","2023","A","",83,2994,164644662,29506496,857134,1057,54984,"",1.40,1.02,0.43,1.00,1.15,0.43,0.43,"",-5,-5.7,-475,-13.7,-35071940,-17.6,-7149521,-19.5,-128061,-13.0,-50,-4.5,-2592,-4.5
"06081","5","4921","76","0","2023","A","",51,2230,129198919,22848242,617163,1114,57945,"",1.41,0.91,0.42,0.98,1.16,0.46,0.46,"",-2,-3.8,-180,-7.5,-7555794,-5.5,-2111986,-8.5,9793,1.6,23,2.1,1200,2.1
"06081","5","49211","77","0","2023","A","",51,2230,129198919,22848242,617163,1114,57945,"",1.41,0.91,0.42,0.98,1.16,0.46,0.46,"",-2,-3.8,-180,-7.5,-7555794,-5.5,-2111986,-8.5,9793,1.6,23,2.1,1200,2.1
"06081","5","492110","78","0","2023","A","",51,2230,129198919,22848242,617163,1114,57945,"",1.41,0.91,0.42,0.98,1.16,0.46,0.46,"",-2,-3.8,-180,-7.5,-7555794,-5.5,-2111986,-8.5,9793,1.6,23,2.1,1200,2.1
"06081","5","4922","76","0","2023","A","",32,765,35445743,6658254,239971,891,46349,"",1.39,1.57,0.50,1.11,1.12,0.32,0.32,"",-3,-8.6,-294,-27.8,-27516146,-43.7,-5037535,-43.1,-137854,-36.5,-253,-22.1,-13119,-22.1
"06081","5","49221","77","0","2023","A","",32,765,35445743,6658254,239971,891,46349,"",1.39,1.57,0.50,1.11,1.12,0.32,0.32,"",-3,-8.6,-294,-27.8,-27516146,-43.7,-5037535,-43.1,-137854,-36.5,-253,-22.1,-13119,-22.1
"06081","5","492210","78","0","2023","A","",32,765,35445743,6658254,239971,891,46349,"",1.39,1.57,0.50,1.11,1.12,0.32,0.32,"",-3,-8.6,-294,-27.8,-27516146,-43.7,-5037535,-43.1,-137854,-36.5,-253,-22.1,-13119,-22.1
"06081","5","493","75","0","2023","A","",22,1028,61822809,8681996,440368,1156,60119,"",0.39,0.20,0.10,0.17,0.30,0.48,0.48,"",2,10.0,55,5.7,7191626,13.2,-957642,-9.9,-2960,-0.7,76,7.0,3948,7.0
"06081","5","4931","76","0","2023","A","",22,1028,61822809,8681996,440368,1156,60119,"",0.39,0.20,0.10,0.17,0.30,0.48,0.48,"",2,10.0,55,5.7,7191626,13.2,-957642,-9.9,-2960,-0.7,76,7.0,3948,7.0
"06081","5","49311","77","0","2023","A","",15,976,56881960,8334391,427860,1121,58276,"",0.35,0.21,0.10,0.18,0.32,0.48,0.48,"",0,0.0,57,6.2,6484108,12.9,-951189,-10.2,-667,-0.2,66,6.3,3436,6.3
"06081","5","493110","78","0","2023","A","",15,976,56881960,8334391,427860,1121,58276,"",0.35,0.21,0.10,0.18,0.32,0.48,0.48,"",0,0.0,57,6.2,6484108,12.9,-951189,-10.2,-667,-0.2,66,6.3,3436,6.3
"06081","5","49312","77","0","2023","A","N",2,0,0,0,0,0,0,"N",0.45,0,0,0,0,0,0,"N",0,0.0,0,0,0,0,0,0,0,0,0,0,0,0
"06081","5","493120","78","0","2023","A","N",2,0,0,0,0,0,0,"N",0.45,0,0,0,0,0,0,"N",0,0.0,0,0,0,0,0,0,0,0,0,0,0,0
"06081","5","49319","77","0","2023","A","N",5,0,0,0,0,0,0,"N",0.75,0,0,0,0,0,0,"N",1,25.0,0,0,0,0,0,0,0,0,0,0,0,0
"06081","5","493190","78","0","2023","A","N",5,0,0,0,0,0,0,"N",0.75,0,0,0,0,0,0,"N",1,25.0,0,0,0,0,0,0,0,0,0,0,0,0
"06081","5","51","74","0","2023","A","",703,53189,24598043107,460569127,12343902,8894,462468,"",0.97,6.50,8.06,4.68,4.30,1.24,1.24,"",-9,-1.3,-7147,-11.8,3212817971,15.0,-64390273,-12.3,-2886954,-19.0,2078,30.5,108032,30.5
"06081","5","512","75","0","2023","A","",58,1272,157166169,12132881,475772,2376,123558,"",0.56,1.23,0.74,1.17,0.85,0.61,0.61,"",-1,-1.7,94,8.0,10519671,7.2,-770735,-6.0,-59113,-11.1,-17,-0.7,-903,-0.7
"06081","5","5121","76","0","2023","A","N",54,0,0,0,0,0,0,"N",0.61,0,0,0,0,0,0,"N",-1,-1.8,0,0,0,0,0,0,0,0,0,0,0,0
"06081","5","51211","77","0","2023","A","",44,904,145445664,8701443,419458,3093,160832,"",0.69,1.60,0.93,1.24,0.90,0.58,0.58,"",-2,-4.3,44,5.1,8752313,6.4,-904914,-9.4,-53054,-11.2,36,1.2,1886,1.2
"06081","5","512110","78","0","2023","A","",44,904,145445664,8701443,419458,3093,160832,"",0.69,1.60,0.93,1.24,0.90,0.58,0.58,"",-2,-4.3,44,5.1,8752313,6.4,-904914,-9.4,-53054,-11.2,36,1.2,1886,1.2
"06081","5","51212","77","0","2023","A","N",2,0,0,0,0,0,0,"N",0.98,0,0,0,0,0,0,"N",0,0.0,0,0,0,0,0,0,0,0,0,0,0,0
"06081","5","512120","78","0","2023","A","N",2,0,0,0,0,0,0,"N",0.98,0,0,0,0,0,0,"N",0,0.0,0,0,0,0,0,0,0,0,0,0,0,0
"06081","5","51213","77","0","2023","A","N",6,0,0,0,0,0,0,"N",0.55,0,0,0,0,0,0,"N",1,20.0,0,0,0,0,0,0,0,0,0,0,0,0
"06081","5","512131","78","0","2023","A","N",6,0,0,0,0,0,0,"N",0.57,0,0,0,0,0,0,"N",1,20.0,0,0,0,0,0,0,0,0,0,0,0,0
"06081","5","51219","77","0","2023","A","N",2,0,0,0,0,0,0,"N",0.17,0,0,0,0,0,0,"N",0,0.0,0,0,0,0,0,0,0,0,0,0,0,0
"06081","5","512191","78","0","2023","A","N",2,0,0,0,0,0,0,"N",0.20,0,0,0,0,0,0,"N",0,0.0,0,0,0,0,0,0,0,0,0,0,0,0
"06081","5","5122","76","0","2023","A","N",4,0,0,0,0,0,0,"N",0.29,0,0,0,0,0,0,"N",0,0.0,0,0,0,0,0,0,0,0,0,0,0,0
"06081","5","51223","77","0","2023","A","N",1,0,0,0,0,0,0,"N",0.33,0,0,0,0,0,0,"N",0,0.0,0,0,0,0,0,0,0,0,0,0,0,0
"06081","5","512230","78","0","2023","A","N",1,0,0,0,0,0,0,"N",0.33,0,0,0,0,0,0,"N",0,0.0,0,0,0,0,0,0,0,0,0,0,0,0
"06081","5","51224","77","0","2023","A","N",1,0,0,0,0,0,0,"N",0.20,0,0,0,0,0,0,"N",0,0.0,0,0,0,0,0,0,0,0,0,0,0,0
"06081","5","512240","78","0","2023","A","N",1,0,0,0,0,0,0,"N",0.20,0,0,0,0,0,0,"N",0,0.0,0,0,0,0,0,0,0,0,0,0,0,0
"06081","5","51225","77","0","2023","A","N",1,0,0,0,0,0,0,"N",0.30,0,0,0,0,0,0,"N",0,0.0,0,0,0,0,0,0,0,0,0,0,0,0
"06081","5","512250","78","0","2023","A","N",1,0,0,0,0,0,0,"N",0.30,0,0,0,0,0,0,"N",0,0.0,0,0,0,0,0,0,0,0,0,0,0,0
"06081","5","51229","77","0","2023","A","N",1,0,0,0,0,0,0,"N",0.45,0,0,0,0,0,0,"N",0,0.0,0,0,0,0,0,0,0,0,0,0,0,0
"06081","5","512290","78","0","2023","A","N",1,0,0,0,0,0,0,"N",0.45,0,0,0,0,0,0,"N",0,0.0,0,0,0,0,0,0,0,0,0,0,0,0
"06081","5","513","75","0","2023","A","",351,13706,4409123567,109437029,3398153,6186,321693,"",1.17,5.33,4.17,2.97,3.75,0.78,0.78,"",-14,-3.8,-1326,-8.8,125175100,2.9,-15572307,-12.5,-865888,-20.3,705,12.9,36704,12.9
"06081","5","5131","76","0","2023","A","",53,536,80890245,4365890,147680,2901,150868,"",0.70,0.68,0.41,0.53,0.57,0.60,0.60,"",-5,-8.6,-99,-15.6,-13637193,-14.4,-990601,-18.5,-47643,-24.4,38,1.3,2006,1.3
"06081","5","51311","77","0","2023","A","",12,116,5576216,910400,30181,923,48002,"",0.64,0.44,0.12,0.34,0.39,0.27,0.27,"",1,9.1,-1,-0.9,-220215,-3.8,-52154,-5.4,-3071,-9.2,-29,-3.0,-1505,-3.0
"06081","5","513110","78","0","2023","A","",12,116,5576216,910400,30181,923,48002,"",0.64,0.44,0.12,0.34,0.39,0.27,0.27,"",1,9.1,-1,-0.9,-220215,-3.8,-52154,-5.4,-3071,-9.2,-29,-3.0,-1505,-3.0
"06081","5","51312","77","0","2023","A","",7,100,9877828,750833,20911,1896,98614,"",0.34,0.52,0.19,0.41,0.34,0.36,0.36,"",-2,-22.2,-7,-6.5,-125454,-1.3,-39228,-5.0,630,3.1,102,5.7,5343,5.7
"06081","5","513120","78","0","2023","A","",7,100,9877828,750833,20911,1896,98614,"",0.34,0.52,0.19,0.41,0.34,0.36,0.36,"",-2,-22.2,-7,-6.5,-125454,-1.3,-39228,-5.0,630,3.1,102,5.7,5343,5.7
"06081","5","51313","77","0","2023","A","N",7,0,0,0,0,0,0,"N",0.52,0,0,0,0,0,0,"N",0,0.0,0,0,0,0,0,0,0,0,0,0,0,0
"06081","5","513130","78","0","2023","A","N",7,0,0,0,0,0,0,"N",0.52,0,0,0,0,0,0,"N",0,0.0,0,0,0,0,0,0,0,0,0,0,0,0
"06081","5","51314","77","0","2023","A","N",4,0,0,0,0,0,0,"N",1.03,0,0,0,0,0,0,"N",0,0.0,0,0,0,0,0,0,0,0,0,0,0,0
"06081","5","513140","78","0","2023","A","N",4,0,0,0,0,0,0,"N",1.03,0,0,0,0,0,0,"N",0,0.0,0,0,0,0,0,0,0,0,0,0,0,0
"06081","5","51319","77","0","2023","A","",23,295,62546530,2468804,88375,4084,212382,"",1.22,2.15,1.30,1.65,1.65,0.61,0.61,"",-4,-14.8,-86,-22.6,-12694180,-16.9,-861417,-25.9,-42398,-32.4,288,7.6,14986,7.6
"06081","5","513191","78","0","2023","A","N",1,0,0,0,0,0,0,"N",2.98,0,0,0,0,0,0,"N",0,0.0,0,0,0,0,0,0,0,0,0,0,0,0
"06081","5","513199","78","0","2023","A","N",22,0,0,0,0,0,0,"N",1.19,0,0,0,0,0,0,"N",-4,-15.4,0,0,0,0,0,0,0,0,0,0,0,0
"06081","5","5132","76","0","2023","A","",298,13170,4328233322,105071139,3250473,6320,328648,"",1.32,7.39,5.04,3.68,5.04,0.68,0.68,"",-8,-2.6,-1227,-8.5,138812293,3.3,-14581706,-12.2,-818245,-20.1,724,12.9,37655,12.9
"06081","5","51321","77","0","2023","A","",298,13170,4328233322,105071139,3250473,6320,328648,"",1.32,7.39,5.04,3.68,5.04,0.68,0.68,"",-8,-2.6,-1227,-8.5,138812293,3.3,-14581706,-12.2,-818245,-20.1,724,12.9,37655,12.9
"06081","5","513210","78","0","2023","A","",298,13170,4328233322,105071139,3250473,6320,328648,"",1.32,7.39,5.04,3.68,5.04,0.68,0.68,"",-8,-2.6,-1227,-8.5,138812293,3.3,-14581706,-12.2,-818245,-20.1,724,12.9,37655,12.9
"06081","5","516","75","0","2023","A","N",43,0,0,0,0,0,0,"N",0.83,0,0,0,0,0,0,"N",1,2.4,0,0,0,0,0,0,0,0,0,0,0,0
"06081","5","5161","76","0","2023","A","",5,150,7211969,1124730,19301,922,47947,"",0.33,0.45,0.10,0.38,0.24,0.22,0.22,"",-1,-16.7,-12,-7.4,-689680,-8.7,-141594,-11.2,-9701,-33.4,-15,-1.6,-753,-1.5
"06081","5","51611","77","0","2023","A","N",2,0,0,0,0,0,0,"N",0.18,0,0,0,0,0,0,"N",0,0.0,0,0,0,0,0,0,0,0,0,0,0,0
"06081","5","516110","78","0","2023","A","N",2,0,0,0,0,0,0,"N",0.18,0,0,0,0,0,0,"N",0,0.0,0,0,0,0,0,0,0,0,0,0,0,0
"06081","5","51612","77","0","2023","A","N",3,0,0,0,0,0,0,"N",0.71,0,0,0,0,0,0,"N",-1,-25.0,0,0,0,0,0,0,0,0,0,0,0,0
"06081","5","516120","78","0","2023","A","N",3,0,0,0,0,0,0,"N",0.71,0,0,0,0,0,0,"N",-1,-25.0,0,0,0,0,0,0,0,0,0,0,0,0
"06081","5","5162","76","0","2023","A","N",38,0,0,0,0,0,0,"N",1.04,0,0,0,0,0,0,"N",2,5.6,0,0,0,0,0,0,0,0,0,0,0,0
"06081","5","51621","77","0","2023","A","N",38,0,0,0,0,0,0,"N",1.04,0,0,0,0,0,0,"N",2,5.6,0,0,0,0,0,0,0,0,0,0,0,0
"06081","5","516210","78","0","2023","A","N",38,0,0,0,0,0,0,"N",1.04,0,0,0,0,0,0,"N",2,5.6,0,0,0,0,0,0,0,0,0,0,0,0
"06081","5","517","75","0","2023","A","",45,1452,315350707,12582158,405944,4177,217221,"",0.48,0.81,0.66,0.63,0.73,0.81,0.81,"",-4,-8.2,-105,-6.7,-12053230,-3.7,-1194381,-8.7,-74219,-15.5,133,3.3,6954,3.3
"06081","5","5171","76","0","2023","A","",33,659,65112848,5613116,184164,1901,98843,"",0.42,0.40,0.15,0.31,0.36,0.38,0.38,"",-3,-8.3,12,1.9,2089304,3.3,230930,4.3,-26253,-12.5,27,1.4,1396,1.4
"06081","5","51711","77","0","2023","A","",30,638,61794654,5461705,178013,1862,96832,"",0.45,0.42,0.16,0.32,0.37,0.37,0.37,"",-3,-9.1,9,1.4,1694340,2.8,212402,4.0,-25564,-12.6,23,1.3,1220,1.3
"06081","5","517111","78","0","2023","A","",20,608,58835794,5236002,168564,1862,96849,"",0.41,0.47,0.18,0.38,0.42,0.38,0.38,"",-3,-13.0,29,5.0,2483517,4.4,370085,7.6,-19811,-10.5,-10,-0.5,-520,-0.5
"06081","5","517112","78","0","2023","A","",10,31,2958860,225703,9449,1855,96485,"",0.58,0.13,0.05,0.07,0.12,0.36,0.36,"",-1,-9.1,-19,-38.0,-789177,-21.1,-157683,-41.1,-5753,-37.8,409,28.3,21274,28.3
"06081","5","51712","77","0","2023","A","",3,21,3318194,151411,6151,3100,161208,"",0.26,0.19,0.12,0.12,0.18,0.66,0.66,"",0,0.0,3,16.7,394964,13.5,18528,13.9,-689,-10.1,6,0.2,296,0.2
"06081","5","517121","78","0","2023","A","",3,21,3318194,151411,6151,3100,161208,"",0.26,0.19,0.12,0.12,0.18,0.66,0.66,"",0,0.0,3,16.7,394964,13.5,18528,13.9,-689,-10.1,6,0.2,296,0.2
"06081","5","5174","76","0","2023","A","N",3,0,0,0,0,0,0,"N",1.16,0,0,0,0,0,0,"N",0,0.0,0,0,0,0,0,0,0,0,0,0,0,0
"06081","5","51741","77","0","2023","A","N",3,0,0,0,0,0,0,"N",1.16,0,0,0,0,0,0,"N",0,0.0,0,0,0,0,0,0,0,0,0,0,0,0
"06081","5","517410","78","0","2023","A","N",3,0,0,0,0,0,0,"N",1.16,0,0,0,0,0,0,"N",0,0.0,0,0,0,0,0,0,0,0,0,0,0,0
"06081","5","5178","76","0","2023","A","N",9,0,0,0,0,0,0,"N",0.69,0,0,0,0,0,0,"N",-1,-10.0,0,0,0,0,0,0,0,0,0,0,0,0
"06081","5","51781","77","0","2023","A","N",9,0,0,0,0,0,0,"N",0.69,0,0,0,0,0,0,"N",-1,-10.0,0,0,0,0,0,0,0,0,0,0,0,0
"06081","5","517810","78","0","2023","A","N",9,0,0,0,0,0,0,"N",0.69,0,0,0,0,0,0,"N",-1,-10.0,0,0,0,0,0,0,0,0,0,0,0,0
"06081","5","518","75","0","2023","A","",175,5916,2376060445,50125226,1491717,7723,401605,"",1.30,4.43,4.31,3.13,3.48,0.97,0.97,"",7,4.2,263,4.7,672106468,39.4,-518740,-1.0,-146199,-8.9,1927,33.2,100194,33.2
"06081","5","5182","76","0","2023","A","",175,5916,2376060445,50125226,1491717,7723,401605,"",1.30,4.43,4.31,3.13,3.48,0.97,0.97,"",7,4.2,263,4.7,672106468,39.4,-518740,-1.0,-146199,-8.9,1927,33.2,100194,33.2
"06081","5","51821","77","0","2023","A","",175,5916,2376060445,50125226,1491717,7723,401605,"",1.30,4.43,4.31,3.13,3.48,0.97,0.97,"",7,4.2,263,4.7,672106468,39.4,-518740,-1.0,-146199,-8.9,1927,33.2,100194,33.2
"06081","5","518210","78","0","2023","A","",175,5916,2376060445,50125226,1491717,7723,401605,"",1.30,4.43,4.31,3.13,3.48,0.97,0.97,"",7,4.2,263,4.7,672106468,39.4,-518740,-1.0,-146199,-8.9,1927,33.2,100194,33.2
"06081","5","519","75","0","2023","A","N",31,0,0,0,0,0,0,"N",0.70,0,0,0,0,0,0,"N",1,3.3,0,0,0,0,0,0,0,0,0,0,0,0
"06081","5","5192","76","0","2023","A","N",31,0,0,0,0,0,0,"N",0.70,0,0,0,0,0,0,"N",1,3.3,0,0,0,0,0,0,0,0,0,0,0,0
"06081","5","51921","77","0","2023","A","N",1,0,0,0,0,0,0,"N",0.17,0,0,0,0,0,0,"N",0,0.0,0,0,0,0,0,0,0,0,0,0,0,0
"06081","5","519210","78","0","2023","A","N",1,0,0,0,0,0,0,"N",0.17,0,0,0,0,0,0,"N",0,0.0,0,0,0,0,0,0,0,0,0,0,0,0
"06081","5","51929","77","0","2023","A","N",30,0,0,0,0,0,0,"N",0.78,0,0,0,0,0,0,"N",1,3.4,0,0,0,0,0,0,0,0,0,0,0,0
"06081","5","519290","78","0","2023","A","N",30,0,0,0,0,0,0,"N",0.78,0,0,0,0,0,0,"N",1,3.4,0,0,0,0,0,0,0,0,0,0,0,0
"06081","5","52","74","0","2023","A","",1368,16086,5276374679,144703058,4106779,6308,328007,"",0.93,0.93,0.93,0.78,0.94,1.00,1.00,"",-20,-1.4,-883,-5.2,-266003254,-4.8,-43624189,-23.2,-1093905,-21.0,27,0.4,1394,0.4
"06081","5","522","75","0","2023","A","",372,6625,1663261048,59458123,1862297,4828,251049,"",0.75,0.92,0.87,0.79,1.10,0.94,0.94,"",-10,-2.6,-415,-5.9,-44769907,-2.6,-5353237,-8.3,-372451,-16.7,162,3.5,8422,3.5
"06081","5","5221","76","0","2023","A","",211,2008,320213863,19368333,709697,3067,159502,"",0.77,0.41,0.26,0.38,0.69,0.63,0.63,"",1,0.5,-121,-5.7,-47440094,-12.9,1849615,10.6,-98511,-12.2,-254,-7.6,-13200,-7.6
"06081","5","52211","77","0","2023","A","",173,1660,290202286,16871651,635269,3362,174821,"",0.85,0.44,0.28,0.43,0.81,0.64,0.64,"",1,0.6,-142,-7.9,-48965228,-14.4,1696935,11.2,-103149,-14.0,-257,-7.1,-13388,-7.1
"06081","5","522110","78","0","2023","A","",173,1660,290202286,16871651,635269,3362,174821,"",0.85,0.44,0.28,0.43,0.81,0.64,0.64,"",1,0.6,-142,-7.9,-48965228,-14.4,1696935,11.2,-103149,-14.0,-257,-7.1,-13388,-7.1
"06081","5","52213","77","0","2023","A","",32,326,28320874,2376087,69908,1669,86785,"",0.64,0.39,0.20,0.26,0.42,0.51,0.51,"",-1,-3.0,19,6.2,1287977,4.8,116907,5.2,4165,6.3,-27,-1.6,-1390,-1.6
"06081","5","522130","78","0","2023","A","",32,326,28320874,2376087,69908,1669,86785,"",0.64,0.39,0.20,0.26,0.42,0.51,0.51,"",-1,-3.0,19,6.2,1287977,4.8,116907,5.2,4165,6.3,-27,-1.6,-1390,-1.6
"06081","5","52218","77","0","2023","A","",6,21,1690703,120595,4520,1530,79562,"",0.31,0.08,0.03,0.04,0.06,0.36,0.36,"",0,0.0,1,5.0,237157,16.3,35773,42.2,473,11.7,144,10.4,7485,10.4
"06081","5","522180","78","0","2023","A","",6,21,1690703,120595,4520,1530,79562,"",0.31,0.08,0.03,0.04,0.06,0.36,0.36,"",0,0.0,1,5.0,237157,16.3,35773,42.2,473,11.7,144,10.4,7485,10.4
"06081","5","5222","76","0","2023","A","",77,3782,1153405185,31948416,868671,5865,304966,"",0.57,2.58,2.83,2.04,2.08,1.09,1.09,"",-2,-2.5,-134,-3.4,55771494,5.1,-3458548,-9.8,-144004,-14.2,474,8.8,24648,8.8
"06081","5","52221","77","0","2023","A","N",3,0,0,0,0,0,0,"N",1.09,0,0,0,0,0,0,"N",0,0.0,0,0,0,0,0,0,0,0,0,0,0,0
"06081","5","522210","78","0","2023","A","N",3,0,0,0,0,0,0,"N",1.09,0,0,0,0,0,0,"N",0,0.0,0,0,0,0,0,0,0,0,0,0,0,0
"06081","5","52222","77","0","2023","A","N",9,0,0,0,0,0,0,"N",0.55,0,0,0,0,0,0,"N",-1,-10.0,0,0,0,0,0,0,0,0,0,0,0,0
"06081","5","522220","78","0","2023","A","N",9,0,0,0,0,0,0,"N",0.55,0,0,0,0,0,0,"N",-1,-10.0,0,0,0,0,0,0,0,0,0,0,0,0
"06081","5","52229","77","0","2023","A","",64,848,167422470,7391952,217320,3798,197490,"",0.55,0.82,0.61,0.64,0.69,0.74,0.74,"",-2,-3.0,-157,-15.6,-51533487,-23.5,-1104151,-13.0,36205,20.0,-390,-9.3,-20286,-9.3
"06081","5","522291","78","0","2023","A","",16,487,124943047,4486291,134169,4935,256644,"",0.40,1.92,2.09,1.62,1.85,1.09,1.09,"",0,0.0,-127,-20.7,-45428298,-26.7,-595332,-11.7,12260,10.1,-397,-7.4,-20646,-7.4
"06081","5","522292","78","0","2023","A","",38,328,38662031,2562188,74565,2269,117992,"",0.77,0.61,0.26,0.41,0.39,0.43,0.43,"",-1,-2.6,-33,-9.1,-6236858,-13.9,-488894,-16.0,24918,50.2,-125,-5.2,-6497,-5.2
"06081","5","522299","78","0","2023","A","",10,33,3817392,343473,8586,2208,114809,"",0.37,0.14,0.06,0.14,0.17,0.41,0.41,"",-1,-9.1,3,10.0,131669,3.6,-19925,-5.5,-973,-10.2,-129,-5.5,-6698,-5.5
"06081","5","5223","76","0","2023","A","",85,836,189642000,8141374,283929,4365,226958,"",0.97,1.05,0.71,0.99,1.14,0.68,0.68,"",-8,-8.6,-159,-16.0,-53101307,-21.9,-3744304,-31.5,-129936,-31.4,-325,-6.9,-16944,-6.9
"06081","5","52231","77","0","2023","A","",44,184,49650181,2160307,91582,5184,269594,"",0.98,0.77,0.82,0.77,0.95,1.06,1.06,"",-6,-12.0,-6,-3.2,17086409,52.5,-1406671,-39.4,-39903,-30.3,1894,57.6,98506,57.6
"06081","5","522310","78","0","2023","A","",44,184,49650181,2160307,91582,5184,269594,"",0.98,0.77,0.82,0.77,0.95,1.06,1.06,"",-6,-12.0,-6,-3.2,17086409,52.5,-1406671,-39.4,-39903,-30.3,1894,57.6,98506,57.6
"06081","5","52232","77","0","2023","A","",25,507,116186074,4469123,141114,4408,229239,"",1.06,1.40,0.76,1.22,1.43,0.54,0.54,"",0,0.0,-170,-25.1,-77222573,-39.9,-2476086,-35.7,-94321,-40.1,-1089,-19.8,-56587,-19.8
"06081","5","522320","78","0","2023","A","",25,507,116186074,4469123,141114,4408,229239,"",1.06,1.40,0.76,1.22,1.43,0.54,0.54,"",0,0.0,-170,-25.1,-77222573,-39.9,-2476086,-35.7,-94321,-40.1,-1089,-19.8,-56587,-19.8
"06081","5","52239","77","0","2023","A","",16,145,23805745,1511944,51233,3166,164651,"",0.82,0.73,0.46,0.86,0.95,0.64,0.64,"",-2,-11.1,17,13.3,7034857,41.9,138453,10.1,4288,9.1,651,25.9,33884,25.9
"06081","5","522390","78","0","2023","A","",16,145,23805745,1511944,51233,3166,164651,"",0.82,0.73,0.46,0.86,0.95,0.64,0.64,"",-2,-11.1,17,13.3,7034857,41.9,138453,10.1,4288,9.1,651,25.9,33884,25.9
"06081","5","523","75","0","2023","A","",643,6891,3136185283,62370161,1583756,8753,455141,"",1.71,2.35,1.65,1.86,1.77,0.70,0.70,"",15,2.4,-125,-1.8,-93705611,-2.9,-32628673,-34.3,-454726,-22.3,-100,-1.1,-5198,-1.1
"06081","5","5231","76","0","2023","A","",88,822,440576955,9142051,189321,10312,536199,"",0.82,0.63,0.50,0.61,0.52,0.79,0.79,"",-5,-5.4,-153,-15.7,-90393465,-17.0,-1936402,-17.5,-65887,-25.8,-163,-1.6,-8526,-1.6
"06081","5","52315","77","0","2023","A","N",83,0,0,0,0,0,0,"N",0.84,0,0,0,0,0,0,"N",-4,-4.6,0,0,0,0,0,0,0,0,0,0,0,0
"06081","5","523150","78","0","2023","A","N",83,0,0,0,0,0,0,"N",0.84,0,0,0,0,0,0,"N",-4,-4.6,0,0,0,0,0,0,0,0,0,0,0,0
"06081","5","52316","77","0","2023","A","N",5,0,0,0,0,0,0,"N",0.54,0,0,0,0,0,0,"N",-1,-16.7,0,0,0,0,0,0,0,0,0,0,0,0
"06081","5","523160","78","0","2023","A","N",5,0,0,0,0,0,0,"N",0.54,0,0,0,0,0,0,"N",-1,-16.7,0,0,0,0,0,0,0,0,0,0,0,0
"06081","5","5239","76","0","2023","A","",555,6069,2695608328,53228110,1394435,8542,444166,"",2.08,3.77,2.67,2.90,2.67,0.71,0.71,"",20,3.7,27,0.4,-3312146,-0.1,-30692271,-36.6,-388839,-21.8,-49,-0.6,-2558,-0.6
"06081","5","52391","77","0","2023","A","",144,1773,866376607,16242026,385981,9396,488604,"",5.82,18.88,14.06,16.03,11.60,0.74,0.74,"",0,0.0,35,2.0,69457231,8.7,447917,2.8,19122,5.2,576,6.5,29945,6.5
"06081","5","523910","78","0","2023","A","",144,1773,866376607,16242026,385981,9396,488604,"",5.82,18.88,14.06,16.03,11.60,0.74,0.74,"",0,0.0,35,2.0,69457231,8.7,447917,2.8,19122,5.2,576,6.5,29945,6.5
"06081","5","52394","77","0","2023","A","",385,4207,1809709096,36081746,979844,8272,430141,"",1.78,3.09,2.04,2.33,2.25,0.66,0.66,"",17,4.6,-23,-0.5,-77401846,-4.1,-31403019,-46.5,-417497,-29.9,-308,-3.6,-16037,-3.6
"06081","5","523940","78","0","2023","A","",385,4207,1809709096,36081746,979844,8272,430141,"",1.78,3.09,2.04,2.33,2.25,0.66,0.66,"",17,4.6,-23,-0.5,-77401846,-4.1,-31403019,-46.5,-417497,-29.9,-308,-3.6,-16037,-3.6
"06081","5","52399","77","0","2023","A","",26,89,19522625,904338,28610,4242,220595,"",1.02,0.58,0.31,0.48,0.53,0.54,0.54,"",2,8.3,14,18.7,4632469,31.1,262831,41.0,9536,50.0,403,10.5,20950,10.5
"06081","5","523991","78","0","2023","A","",15,70,12030291,551266,16007,3305,171861,"",1.96,1.21,0.65,0.73,0.79,0.54,0.54,"",-1,-6.2,4,6.1,-816701,-6.4,-13096,-2.3,-203,-1.3,-415,-11.2,-21569,-11.2
"06081","5","523999","78","0","2023","A","",11,19,7492334,353072,12603,7788,404991,"",0.62,0.20,0.17,0.31,0.37,0.88,0.88,"",3,37.5,11,137.5,5449170,266.7,275927,357.7,9739,340.0,2977,61.9,154808,61.9
"06081","5","524","75","0","2023","A","",325,2412,418614052,21518181,617309,3338,173585,"",0.58,0.34,0.24,0.29,0.36,0.69,0.69,"",-29,-8.2,-362,-13.0,-143272410,-25.5,-5808209,-21.3,-266030,-30.1,-557,-14.3,-28945,-14.3
"06081","5","5241","76","0","2023","A","",52,320,42659853,2432516,85045,2564,133347,"",0.58,0.10,0.05,0.07,0.11,0.49,0.49,"",0,0.0,-56,-14.9,-5884957,-12.1,-620735,-20.3,-29518,-25.8,79,3.2,4124,3.2
"06081","5","52411","77","0","2023","A","",24,98,12394076,670537,19926,2432,126470,"",0.73,0.05,0.03,0.03,0.04,0.47,0.47,"",0,0.0,-27,-21.6,-3212866,-20.6,-383373,-36.4,-10082,-33.6,28,1.2,1448,1.2
"06081","5","524113","78","0","2023","A","",15,33,2678585,215813,6104,1573,81789,"",1.13,0.05,0.01,0.03,0.04,0.27,0.27,"",0,0.0,1,3.1,410953,18.1,-48028,-18.2,-2336,-27.7,214,15.7,11110,15.7
"06081","5","524114","78","0","2023","A","",9,65,9715491,454724,13822,2863,148896,"",0.46,0.06,0.03,0.04,0.05,0.60,0.60,"",0,0.0,-28,-30.1,-3623819,-27.2,-335345,-42.4,-7746,-35.9,97,3.5,5076,3.5
"06081","5","52412","77","0","2023","A","",28,222,30265777,1761979,65119,2623,136384,"",0.53,0.15,0.08,0.12,0.21,0.51,0.51,"",0,0.0,-29,-11.6,-2672091,-8.1,-237362,-11.9,-19436,-23.0,98,3.9,5070,3.9
"06081","5","524126","78","0","2023","A","",14,142,18695229,1108564,29337,2527,131425,"",0.42,0.11,0.06,0.09,0.11,0.49,0.49,"",0,0.0,-6,-4.1,2089686,12.6,-14931,-1.3,-4072,-12.2,362,16.7,18845,16.7
"06081","5","524127","78","0","2023","A","N",13,0,0,0,0,0,0,"N",0.87,0,0,0,0,0,0,"N",-1,-7.1,0,0,0,0,0,0,0,0,0,0,0,0
"06081","5","524128","78","0","2023","A","N",1,0,0,0,0,0,0,"N",0.20,0,0,0,0,0,0,"N",0,0.0,0,0,0,0,0,0,0,0,0,0,0,0
"06081","5","5242","76","0","2023","A","",273,2092,375954199,19085665,532264,3457,179739,"",0.57,0.56,0.43,0.49,0.57,0.76,0.76,"",-29,-9.6,-307,-12.8,-137387453,-26.8,-5187474,-21.4,-236512,-30.8,-659,-16.0,-34272,-16.0
"06081","5","52421","77","0","2023","A","",250,1750,310427781,15421126,406829,3411,177396,"",0.62,0.66,0.49,0.56,0.65,0.74,0.74,"",-28,-10.1,-252,-12.6,-12648546,-3.9,-2858873,-15.6,-160859,-28.3,307,9.9,15992,9.9
"06081","5","524210","78","0","2023","A","",250,1750,310427781,15421126,406829,3411,177396,"",0.62,0.66,0.49,0.56,0.65,0.74,0.74,"",-28,-10.1,-252,-12.6,-12648546,-3.9,-2858873,-15.6,-160859,-28.3,307,9.9,15992,9.9
"06081","5","52429","77","0","2023","A","",23,342,65526418,3664539,125435,3687,191738,"",0.32,0.33,0.27,0.33,0.41,0.83,0.83,"",-1,-4.2,-55,-13.9,-124738907,-65.6,-2328601,-38.9,-75653,-37.6,-5529,-60.0,-287520,-60.0
"06081","5","524291","78","0","2023","A","N",2,0,0,0,0,0,0,"N",0.10,0,0,0,0,0,0,"N",0,0.0,0,0,0,0,0,0,0,0,0,0,0,0
"06081","5","524292","78","0","2023","A","",12,260,51463775,2736813,94815,3803,197747,"",0.50,0.44,0.40,0.43,0.57,0.90,0.90,"",-1,-7.7,-53,-16.9,-125480960,-70.9,-2697802,-49.6,-90263,-48.8,-7060,-65.0,-367120,-65.0
"06081","5","524298","78","0","2023","A","N",9,0,0,0,0,0,0,"N",0.33,0,0,0,0,0,0,"N",0,0.0,0,0,0,0,0,0,0,0,0,0,0,0
"06081","5","525","75","0","2023","A","",29,159,58314296,1356593,43417,7064,367334,"",1.18,1.94,1.63,0.93,0.80,0.85,0.85,"",5,20.8,20,14.4,15744674,37.0,165930,13.9,-698,-1.6,1167,19.8,60710,19.8
"06081","5","5251","76","0","2023","A","",3,16,2583748,123534,4515,3073,159819,"",0.62,0.50,0.32,0.34,0.41,0.63,0.63,"",0,0.0,0,0.0,51013,2.0,-2466,-2.0,-854,-15.9,29,1.0,1523,1.0
"06081","5","52511","77","0","2023","A","N",2,0,0,0,0,0,0,"N",0.92,0,0,0,0,0,0,"N",0,0.0,0,0,0,0,0,0,0,0,0,0,0,0
"06081","5","525110","78","0","2023","A","N",2,0,0,0,0,0,0,"N",0.92,0,0,0,0,0,0,"N",0,0.0,0,0,0,0,0,0,0,0,0,0,0,0
"06081","5","52512","77","0","2023","A","N",1,0,0,0,0,0,0,"N",0.57,0,0,0,0,0,0,"N",0,0.0,0,0,0,0,0,0,0,0,0,0,0,0
"06081","5","525120","78","0","2023","A","N",1,0,0,0,0,0,0,"N",0.57,0,0,0,0,0,0,"N",0,0.0,0,0,0,0,0,0,0,0,0,0,0,0
"06081","5","5259","76","0","2023","A","",26,143,55730548,1233059,38902,7517,390863,"",1.32,2.84,2.02,1.13,0.90,0.71,0.71,"",5,23.8,20,16.3,15693661,39.2,168396,15.8,156,0.4,1249,19.9,64918,19.9
"06081","5","52591","77","0","2023","A","",5,21,8724269,136528,4568,8118,422142,"",1.57,2.16,1.34,0.70,0.53,0.63,0.63,"N",2,66.7,0,0,0,0,0,0,0,0,0,0,0,0
"06081","5","525910","78","0","2023","A","",5,21,8724269,136528,4568,8118,422142,"",1.57,2.16,1.34,0.70,0.53,0.63,0.63,"N",2,66.7,0,0,0,0,0,0,0,0,0,0,0,0
"06081","5","52592","77","0","2023","A","",4,9,1015962,77480,2138,2212,115015,"",0.50,0.86,0.21,0.14,0.09,0.25,0.25,"N",3,300.0,0,0,0,0,0,0,0,0,0,0,0,0
"06081","5","525920","78","0","2023","A","",4,9,1015962,77480,2138,2212,115015,"",0.50,0.86,0.21,0.14,0.09,0.25,0.25,"N",3,300.0,0,0,0,0,0,0,0,0,0,0,0,0
"06081","5","52599","77","0","2023","A","",17,113,45990317,1019051,32196,7821,406694,"",2.01,3.75,2.82,3.02,2.78,0.75,0.75,"",0,0.0,13,13.0,14927088,48.1,143495,16.4,-217,-0.7,1837,30.7,95543,30.7
"06081","5","525990","78","0","2023","A","",17,113,45990317,1019051,32196,7821,406694,"",2.01,3.75,2.82,3.02,2.78,0.75,0.75,"",0,0.0,13,13.0,14927088,48.1,143495,16.4,-217,-0.7,1837,30.7,95543,30.7
"06081","5","53","74","0","2023","A","",1420,6622,592779932,58312968,1639911,1721,89514,"",1.14,1.01,0.50,0.86,0.83,0.50,0.50,"",13,0.9,-3,0.0,-16892270,-2.8,-1575497,-2.6,-158750,-8.8,-49,-2.8,-2512,-2.7
"06081","5","531","75","0","2023","A","",1310,4573,447772885,38152940,1126947,1883,97924,"",1.21,0.93,0.50,0.75,0.77,0.54,0.54,"",18,1.4,-239,-5.0,-39947086,-8.2,-3532385,-8.5,-108929,-8.8,-66,-3.4,-3436,-3.4
"06081","5","5311","76","0","2023","A","",347,1382,112275344,10537622,316503,1563,81266,"",1.12,0.80,0.38,0.63,0.62,0.48,0.48,"",8,2.4,-97,-6.6,-13791637,-10.9,-427230,-3.9,-18395,-5.5,-76,-4.6,-3967,-4.7
"06081","5","53111","77","0","2023","A","",202,757,59072756,5389628,165610,1502,78087,"",1.20,0.75,0.40,0.54,0.55,0.53,0.53,"",7,3.6,-36,-4.5,-818625,-1.4,511001,10.5,16136,10.8,49,3.4,2546,3.4
"06081","5","531110","78","0","2023","A","",202,757,59072756,5389628,165610,1502,78087,"",1.20,0.75,0.40,0.54,0.55,0.53,0.53,"",7,3.6,-36,-4.5,-818625,-1.4,511001,10.5,16136,10.8,49,3.4,2546,3.4
"06081","5","53112","77","0","2023","A","",70,374,39910870,3074675,81174,2052,106690,"",1.02,0.87,0.38,0.74,0.63,0.43,0.43,"",1,1.4,-58,-13.4,-10284077,-20.5,-917534,-23.0,-29603,-26.7,-181,-8.1,-9412,-8.1
"06081","5","531120","78","0","2023","A","",70,374,39910870,3074675,81174,2052,106690,"",1.02,0.87,0.38,0.74,0.63,0.43,0.43,"",1,1.4,-58,-13.4,-10284077,-20.5,-917534,-23.0,-29603,-26.7,-181,-8.1,-9412,-8.1
"06081","5","53113","77","0","2023","A","",49,161,8028514,1245511,38986,957,49764,"",1.06,0.99,0.39,0.80,0.87,0.39,0.39,"",0,0.0,5,3.2,-2102001,-20.7,-33806,-2.6,-3656,-8.6,-295,-23.6,-15314,-23.5
"06081","5","531130","78","0","2023","A","",49,161,8028514,1245511,38986,957,49764,"",1.06,0.99,0.39,0.80,0.87,0.39,0.39,"",0,0.0,5,3.2,-2102001,-20.7,-33806,-2.6,-3656,-8.6,-295,-23.6,-15314,-23.5
"06081","5","53119","77","0","2023","A","",26,90,5263204,827808,30733,1129,58697,"",0.98,0.77,0.29,0.74,0.89,0.38,0.38,"",-1,-3.7,-8,-8.2,-586934,-10.0,13109,1.6,-1272,-4.0,-16,-1.4,-846,-1.4
"06081","5","531190","78","0","2023","A","",26,90,5263204,827808,30733,1129,58697,"",0.98,0.77,0.29,0.74,0.89,0.38,0.38,"",-1,-3.7,-8,-8.2,-586934,-10.0,13109,1.6,-1272,-4.0,-16,-1.4,-846,-1.4
"06081","5","5312","76","0","2023","A","",517,1002,108833430,9054844,259854,2090,108670,"",1.25,1.03,0.54,0.87,0.95,0.53,0.53,"",1,0.2,-20,-2.0,-17961508,-14.2,-1031131,-10.2,-34672,-11.8,-296,-12.4,-15426,-12.4
"06081","5","53121","77","0","2023","A","",517,1002,108833430,9054844,259854,2090,108670,"",1.25,1.03,0.54,0.87,0.95,0.53,0.53,"",1,0.2,-20,-2.0,-17961508,-14.2,-1031131,-10.2,-34672,-11.8,-296,-12.4,-15426,-12.4
"06081","5","531210","78","0","2023","A","",517,1002,108833430,9054844,259854,2090,108670,"",1.25,1.03,0.54,0.87,0.95,0.53,0.53,"",1,0.2,-20,-2.0,-17961508,-14.2,-1031131,-10.2,-34672,-11.8,-296,-12.4,-15426,-12.4
"06081","5","5313","76","0","2023","A","",446,2190,226664111,18560474,550590,1991,103519,"",1.23,0.98,0.56,0.79,0.80,0.58,0.58,"",9,2.1,-121,-5.2,-8193941,-3.5,-2074024,-10.1,-55862,-9.2,37,1.9,1889,1.9
"06081","5","53131","77","0","2023","A","",356,1878,182264981,15933761,477665,1866,97035,"",1.43,0.98,0.56,0.79,0.81,0.57,0.57,"",1,0.3,-105,-5.3,-3311081,-1.8,-1601452,-9.1,-38962,-7.5,66,3.7,3448,3.7
"06081","5","531311","78","0","2023","A","",272,1406,112167832,11864949,367480,1534,79787,"",1.43,0.97,0.52,0.78,0.82,0.54,0.54,"",3,1.1,-51,-3.5,2849071,2.6,-818043,-6.4,-39759,-9.8,91,6.3,4774,6.4
"06081","5","531312","78","0","2023","A","",84,473,70097149,4068812,110185,2853,148354,"",1.44,1.00,0.64,0.82,0.80,0.64,0.64,"",-2,-2.3,-53,-10.1,-6160152,-8.1,-783409,-16.1,797,0.7,63,2.3,3263,2.2
"06081","5","53132","77","0","2023","A","",13,12,776992,115901,2838,1203,62577,"",0.37,0.14,0.05,0.13,0.15,0.37,0.37,"",-4,-23.5,-2,-14.3,-355885,-31.4,-27021,-18.9,-995,-26.0,-344,-22.2,-17864,-22.2
"06081","5","531320","78","0","2023","A","",13,12,776992,115901,2838,1203,62577,"",0.37,0.14,0.05,0.13,0.15,0.37,0.37,"",-4,-23.5,-2,-14.3,-355885,-31.4,-27021,-18.9,-995,-26.0,-344,-22.2,-17864,-22.2
"06081","5","53139","77","0","2023","A","",77,299,43622138,2510812,70087,2807,145975,"",1.00,1.23,0.67,0.97,0.88,0.54,0.54,"",12,18.5,-15,-4.8,-4526975,-9.4,-445551,-15.1,-15905,-18.5,-143,-4.8,-7407,-4.8
"06081","5","531390","78","0","2023","A","",77,299,43622138,2510812,70087,2807,145975,"",1.00,1.23,0.67,0.97,0.88,0.54,0.54,"",12,18.5,-15,-4.8,-4526975,-9.4,-445551,-15.1,-15905,-18.5,-143,-4.8,-7407,-4.8
"06081","5","532","75","0","2023","A","",105,2019,138767168,19922028,504228,1322,68739,"",0.71,1.29,0.53,1.24,1.06,0.41,0.41,"",-3,-2.8,236,13.2,22271681,19.1,1971182,11.0,-48375,-8.8,66,5.3,3405,5.2
"06081","5","5321","76","0","2023","A","",49,1202,82730965,11483353,286098,1324,68823,"",1.07,2.03,0.95,1.98,2.05,0.47,0.47,"",1,2.1,140,13.2,12274071,17.4,1257896,12.3,-6346,-2.2,49,3.8,2505,3.8
"06081","5","53211","77","0","2023","A","",42,1101,76350474,10709817,263632,1334,69362,"",1.57,3.34,1.65,3.33,3.42,0.49,0.49,"",2,5.0,122,12.5,11000686,16.8,1164506,12.2,-8557,-3.1,50,3.9,2576,3.9
"06081","5","532111","78","0","2023","A","N",41,0,0,0,0,0,0,"N",1.67,0,0,0,0,0,0,"N",2,5.1,0,0,0,0,0,0,0,0,0,0,0,0
"06081","5","532112","78","0","2023","A","N",1,0,0,0,0,0,0,"N",0.46,0,0,0,0,0,0,"N",0,0.0,0,0,0,0,0,0,0,0,0,0,0,0
"06081","5","53212","77","0","2023","A","",7,101,6380491,773536,22466,1211,62965,"",0.36,0.39,0.16,0.30,0.36,0.41,0.41,"",-1,-12.5,17,20.2,1273385,24.9,93390,13.7,2211,10.9,41,3.5,2106,3.5
"06081","5","532120","78","0","2023","A","",7,101,6380491,773536,22466,1211,62965,"",0.36,0.39,0.16,0.30,0.36,0.41,0.41,"",-1,-12.5,17,20.2,1273385,24.9,93390,13.7,2211,10.9,41,3.5,2106,3.5
"06081","5","5322","76","0","2023","A","N",20,0,0,0,0,0,0,"N",0.44,0,0,0,0,0,0,"N",-4,-16.7,0,0,0,0,0,0,0,0,0,0,0,0
"06081","5","53228","77","0","2023","A","N",20,0,0,0,0,0,0,"N",0.48,0,0,0,0,0,0,"N",-2,-9.1,0,0,0,0,0,0,0,0,0,0,0,0
"06081","5","532283","78","0","2023","A","N",1,0,0,0,0,0,0,"N",0.14,0,0,0,0,0,0,"N",-1,-50.0,0,0,0,0,0,0,0,0,0,0,0,0
"06081","5","532284","78","0","2023","A","",3,12,516841,103978,2959,834,43371,"",0.35,0.23,0.10,0.20,0.15,0.45,0.45,"",0,0.0,7,140.0,362199,234.2,55686,115.3,1665,128.7,268,47.3,13915,47.2
"06081","5","532289","78","0","2023","A","",15,270,13800152,2563898,47382,985,51207,"",0.64,1.60,0.67,1.51,0.75,0.42,0.42,"",-1,-6.2,44,19.5,1947682,16.4,147406,6.1,-9239,-16.3,-23,-2.3,-1218,-2.3
"06081","5","5323","76","0","2023","A","N",1,0,0,0,0,0,0,"N",0.11,0,0,0,0,0,0,"N",0,0.0,0,0,0,0,0,0,0,0,0,0,0,0
"06081","5","53231","77","0","2023","A","N",1,0,0,0,0,0,0,"N",0.11,0,0,0,0,0,0,"N",0,0.0,0,0,0,0,0,0,0,0,0,0,0,0
"06081","5","532310","78","0","2023","A","N",1,0,0,0,0,0,0,"N",0.11,0,0,0,0,0,0,"N",0,0.0,0,0,0,0,0,0,0,0,0,0,0,0
"06081","5","5324","76","0","2023","A","",36,410,31999767,4595556,146723,1499,77969,"",0.78,0.79,0.28,0.81,0.79,0.36,0.36,"",1,2.9,69,20.2,8959001,38.9,705838,18.1,-17059,-10.4,199,15.3,10351,15.3
"06081","5","53241","77","0","2023","A","N",8,0,0,0,0,0,0,"N",0.40,0,0,0,0,0,0,"N",0,0.0,0,0,0,0,0,0,0,0,0,0,0,0
"06081","5","532412","78","0","2023","A","N",8,0,0,0,0,0,0,"N",0.44,0,0,0,0,0,0,"N",0,0.0,0,0,0,0,0,0,0,0,0,0,0,0
"06081","5","53242","77","0","2023","A","N",1,0,0,0,0,0,0,"N",0.34,0,0,0,0,0,0,"N",0,0.0,0,0,0,0,0,0,0,0,0,0,0,0
"06081","5","532420","78","0","2023","A","N",1,0,0,0,0,0,0,"N",0.34,0,0,0,0,0,0,"N",0,0.0,0,0,0,0,0,0,0,0,0,0,0,0
"06081","5","53249","77","0","2023","A","",27,346,26215606,4007165,132594,1457,75749,"",1.16,1.58,0.62,1.68,1.49,0.39,0.39,"",1,3.8,82,31.1,9764806,59.4,881425,28.2,-2907,-2.1,257,21.4,13337,21.4
"06081","5","532490","78","0","2023","A","",27,346,26215606,4007165,132594,1457,75749,"",1.16,1.58,0.62,1.68,1.49,0.39,0.39,"",1,3.8,82,31.1,9764806,59.4,881425,28.2,-2907,-2.1,257,21.4,13337,21.4
"06081","5","533","75","0","2023","A","",6,31,6239879,238000,8736,3902,202923,"",0.63,0.50,0.31,0.33,0.40,0.62,0.62,"",-1,-14.3,1,3.3,783135,14.4,-14294,-5.7,-1446,-14.2,423,12.2,22036,12.2
"06081","5","5331","76","0","2023","A","",6,31,6239879,238000,8736,3902,202923,"",0.63,0.50,0.31,0.33,0.40,0.62,0.62,"",-1,-14.3,1,3.3,783135,14.4,-14294,-5.7,-1446,-14.2,423,12.2,22036,12.2
"06081","5","53311","77","0","2023","A","",6,31,6239879,238000,8736,3902,202923,"",0.63,0.50,0.31,0.33,0.40,0.62,0.62,"",-1,-14.3,1,3.3,783135,14.4,-14294,-5.7,-1446,-14.2,423,12.2,22036,12.2
"06081","5","533110","78","0","2023","A","",6,31,6239879,238000,8736,3902,202923,"",0.63,0.50,0.31,0.33,0.40,0.62,0.62,"",-1,-14.3,1,3.3,783135,14.4,-14294,-5.7,-1446,-14.2,423,12.2,22036,12.2
"06081","5","54","74","0","2023","A","",4041,68311,16510544399,610354058,18115527,4648,241698,"",0.95,2.32,1.92,1.91,2.03,0.83,0.83,"",75,1.9,3931,6.1,2578451038,18.5,25184011,4.3,769717,4.4,486,11.7,25294,11.7
"06081","5","541","75","0","2023","A","",4041,68311,16510544399,610354058,18115527,4648,241698,"",0.95,2.32,1.92,1.91,2.03,0.83,0.83,"",75,1.9,3931,6.1,2578451038,18.5,25184011,4.3,769717,4.4,486,11.7,25294,11.7
"06081","5","5411","76","0","2023","A","",385,2765,511810647,24133188,608855,3560,185131,"",0.73,0.85,0.53,0.73,0.76,0.62,0.62,"",0,0.0,-105,-3.7,-16848555,-3.2,-1816646,-7.0,-68476,-10.1,18,0.5,940,0.5
"06081","5","54111","77","0","2023","A","",367,2706,506198728,23562664,587705,3597,187065,"",0.77,0.91,0.55,0.78,0.81,0.60,0.60,"",1,0.3,-99,-3.5,-14103039,-2.7,-1763314,-7.0,-68968,-10.5,30,0.8,1569,0.8
"06081","5","541110","78","0","2023","A","",367,2706,506198728,23562664,587705,3597,187065,"",0.77,0.91,0.55,0.78,0.81,0.60,0.60,"",1,0.3,-99,-3.5,-14103039,-2.7,-1763314,-7.0,-68968,-10.5,30,0.8,1569,0.8
"06081","5","54119","77","0","2023","A","",18,59,5611919,570524,21150,1842,95794,"",0.35,0.22,0.11,0.21,0.27,0.51,0.51,"",-1,-5.3,-6,-9.2,-2745516,-32.9,-53332,-8.5,492,2.4,-621,-25.2,-32289,-25.2
"06081","5","541191","78","0","2023","A","",7,24,3400604,248323,10141,2754,143183,"",0.27,0.15,0.12,0.15,0.23,0.84,0.84,"",0,0.0,-8,-25.0,-984238,-22.4,-76102,-23.5,-1942,-16.1,119,4.5,6157,4.5
"06081","5","541199","78","0","2023","A","",11,35,2211315,322201,11009,1221,63483,"",0.44,0.33,0.10,0.30,0.34,0.30,0.29,"",-2,-15.4,2,6.1,-1761278,-44.3,22770,7.6,2434,28.4,-1077,-46.9,-55993,-46.9
"06081","5","5412","76","0","2023","A","",373,3561,336993082,40369334,1448333,1820,94639,"",0.81,1.12,0.47,1.20,1.50,0.42,0.42,"",2,0.5,-441,-11.0,22807670,7.3,1604666,4.1,-123325,-7.8,310,20.5,16138,20.6
"06081","5","54121","77","0","2023","A","",373,3561,336993082,40369334,1448333,1820,94639,"",0.81,1.12,0.47,1.20,1.50,0.42,0.42,"",2,0.5,-441,-11.0,22807670,7.3,1604666,4.1,-123325,-7.8,310,20.5,16138,20.6
"06081","5","541211","78","0","2023","A","",139,769,93220363,7279714,191862,2333,121302,"",0.88,0.51,0.23,0.44,0.54,0.45,0.45,"",0,0.0,-30,-3.8,-3441231,-3.6,-453976,-5.9,-19139,-9.1,5,0.2,261,0.2
"06081","5","541213","78","0","2023","A","",90,306,26586141,3041621,121539,1669,86788,"",0.96,1.15,0.80,1.15,0.80,0.70,0.70,"",-3,-3.2,18,6.2,5426771,25.6,49977,1.7,3830,3.3,255,18.0,13275,18.1
"06081","5","541214","78","0","2023","A","",21,1960,160508205,24899313,987683,1575,81909,"",0.65,3.18,1.15,3.69,3.88,0.36,0.36,"",2,10.5,-430,-18.0,16454405,11.4,2168989,9.5,-104767,-9.6,416,35.9,21627,35.9
"06081","5","541219","78","0","2023","A","",123,526,56678373,5148686,147249,2071,107668,"",0.71,0.67,0.41,0.66,0.71,0.60,0.60,"",2,1.7,0,0.0,4367725,8.3,-160324,-3.0,-3249,-2.2,159,8.3,8265,8.3
"06081","5","5413","76","0","2023","A","",266,3532,626547656,35872719,979100,3412,177417,"",0.63,0.78,0.52,0.71,0.68,0.67,0.67,"",5,1.9,159,4.7,149340757,31.3,4255715,13.5,149039,18.0,691,25.4,35949,25.4
"06081","5","54131","77","0","2023","A","",74,411,50952852,3550658,88152,2386,124074,"",1.00,0.73,0.36,0.57,0.57,0.50,0.50,"",1,1.4,-21,-4.9,-4757859,-8.5,-39857,-1.1,-3668,-4.0,-93,-3.8,-4836,-3.8
"06081","5","541310","78","0","2023","A","",74,411,50952852,3550658,88152,2386,124074,"",1.00,0.73,0.36,0.57,0.57,0.50,0.50,"",1,1.4,-21,-4.9,-4757859,-8.5,-39857,-1.1,-3668,-4.0,-93,-3.8,-4836,-3.8
"06081","5","54132","77","0","2023","A","",21,159,14339182,1487198,40329,1738,90373,"",1.10,1.66,0.81,1.49,1.14,0.49,0.49,"",-1,-4.5,-48,-23.2,-6105710,-29.9,-407266,-21.5,-13401,-24.9,-160,-8.4,-8315,-8.4
"06081","5","541320","78","0","2023","A","",21,159,14339182,1487198,40329,1738,90373,"",1.10,1.66,0.81,1.49,1.14,0.49,0.49,"",-1,-4.5,-48,-23.2,-6105710,-29.9,-407266,-21.5,-13401,-24.9,-160,-8.4,-8315,-8.4
"06081","5","54133","77","0","2023","A","",134,2039,405837984,21142248,536333,3828,199038,"",0.55,0.65,0.46,0.61,0.55,0.71,0.71,"",6,4.7,878,75.6,218943147,117.1,9751421,85.6,243379,83.1,733,23.7,38072,23.7
"06081","5","541330","78","0","2023","A","",134,2039,405837984,21142248,536333,3828,199038,"",0.55,0.65,0.46,0.61,0.55,0.71,0.71,"",6,4.7,878,75.6,218943147,117.1,9751421,85.6,243379,83.1,733,23.7,38072,23.7
"06081","5","54134","77","0","2023","A","N",3,0,0,0,0,0,0,"N",0.33,0,0,0,0,0,0,"N",0,0.0,0,0,0,0,0,0,0,0,0,0,0,0
"06081","5","541340","78","0","2023","A","N",3,0,0,0,0,0,0,"N",0.33,0,0,0,0,0,0,"N",0,0.0,0,0,0,0,0,0,0,0,0,0,0,0
"06081","5","54135","77","0","2023","A","",7,7,1149449,91207,1760,3049,158545,"",0.32,0.10,0.10,0.13,0.08,0.99,0.99,"",0,0.0,-2,-22.2,-221639,-16.2,-5776,-6.0,48,2.8,146,5.0,7600,5.0
"06081","5","541350","78","0","2023","A","",7,7,1149449,91207,1760,3049,158545,"",0.32,0.10,0.10,0.13,0.08,0.99,0.99,"",0,0.0,-2,-22.2,-221639,-16.2,-5776,-6.0,48,2.8,146,5.0,7600,5.0
"06081","5","54136","77","0","2023","A","N",2,0,0,0,0,0,0,"N",0.32,0,0,0,0,0,0,"N",1,100.0,0,0,0,0,0,0,0,0,0,0,0,0
"06081","5","541360","78","0","2023","A","N",2,0,0,0,0,0,0,"N",0.32,0,0,0,0,0,0,"N",1,100.0,0,0,0,0,0,0,0,0,0,0,0,0
"06081","5","54137","77","0","2023","A","",5,41,7969475,355064,7923,3761,195570,"",0.23,0.27,0.30,0.23,0.18,1.11,1.11,"",-1,-16.7,-9,-18.0,41437,0.5,-49519,-12.2,-3389,-30.0,707,23.1,36745,23.1
"06081","5","541370","78","0","2023","A","",5,41,7969475,355064,7923,3761,195570,"",0.23,0.27,0.30,0.23,0.18,1.11,1.11,"",-1,-16.7,-9,-18.0,41437,0.5,-49519,-12.2,-3389,-30.0,707,23.1,36745,23.1
"06081","5","54138","77","0","2023","A","",20,871,145878893,9197144,303204,3221,167516,"",0.69,1.82,1.36,1.77,1.74,0.75,0.75,"",-3,-13.0,-638,-42.3,-58790280,-28.7,-4999128,-35.2,-74040,-19.6,613,23.5,31906,23.5
"06081","5","541380","78","0","2023","A","",20,871,145878893,9197144,303204,3221,167516,"",0.69,1.82,1.36,1.77,1.74,0.75,0.75,"",-3,-13.0,-638,-42.3,-58790280,-28.7,-4999128,-35.2,-74040,-19.6,613,23.5,31906,23.5
"06081","5","5414","76","0","2023","A","",138,369,36503742,3504273,98646,1905,99060,"",1.14,0.88,0.43,0.84,0.74,0.48,0.48,"",8,6.2,-83,-18.4,-9161011,-20.1,-1927920,-35.5,-87957,-47.1,-37,-1.9,-1931,-1.9
"06081","5","54141","77","0","2023","A","",75,194,14700651,1753590,49838,1455,75679,"",1.60,1.27,0.57,1.18,1.10,0.45,0.45,"",7,10.3,-26,-11.8,-2345809,-13.8,-409968,-18.9,-14461,-22.5,-36,-2.4,-1834,-2.4
"06081","5","541410","78","0","2023","A","",75,194,14700651,1753590,49838,1455,75679,"",1.60,1.27,0.57,1.18,1.10,0.45,0.45,"",7,10.3,-26,-11.8,-2345809,-13.8,-409968,-18.9,-14461,-22.5,-36,-2.4,-1834,-2.4
"06081","5","54142","77","0","2023","A","",10,60,7423059,624352,14860,2363,122864,"",1.38,1.15,0.48,1.21,0.75,0.42,0.42,"",0,0.0,-19,-24.1,-2768264,-27.2,-185807,-22.9,-7440,-33.4,-107,-4.3,-5598,-4.4
"06081","5","541420","78","0","2023","A","",10,60,7423059,624352,14860,2363,122864,"",1.38,1.15,0.48,1.21,0.75,0.42,0.42,"",0,0.0,-19,-24.1,-2768264,-27.2,-185807,-22.9,-7440,-33.4,-107,-4.3,-5598,-4.4
"06081","5","54143","77","0","2023","A","",36,81,7318924,820183,25783,1741,90543,"",0.71,0.51,0.23,0.50,0.53,0.45,0.45,"",-2,-5.3,-39,-32.5,-4455113,-37.8,-1386022,-62.8,-65347,-71.7,-139,-7.4,-7234,-7.4
"06081","5","541430","78","0","2023","A","",36,81,7318924,820183,25783,1741,90543,"",0.71,0.51,0.23,0.50,0.53,0.45,0.45,"",-2,-5.3,-39,-32.5,-4455113,-37.8,-1386022,-62.8,-65347,-71.7,-139,-7.4,-7234,-7.4
"06081","5","54149","77","0","2023","A","",17,33,7061108,306148,8165,4115,213973,"",1.05,0.62,0.58,0.59,0.42,0.93,0.93,"",3,21.4,0,0.0,408175,6.1,53877,21.4,-709,-8.0,178,4.5,9267,4.5
"06081","5","541490","78","0","2023","A","",17,33,7061108,306148,8165,4115,213973,"",1.05,0.62,0.58,0.59,0.42,0.93,0.93,"",3,21.4,0,0.0,408175,6.1,53877,21.4,-709,-8.0,178,4.5,9267,4.5
"06081","5","5415","76","0","2023","A","",1029,19264,5427154848,184695803,5896463,5418,281731,"",1.00,2.85,2.24,2.37,2.71,0.78,0.78,"",15,1.5,2725,16.5,1694966521,45.4,14468685,8.5,630452,12.0,1078,24.8,56070,24.8
"06081","5","54151","77","0","2023","A","",1029,19264,5427154848,184695803,5896463,5418,281731,"",1.00,2.85,2.24,2.37,2.71,0.78,0.78,"",15,1.5,2725,16.5,1694966521,45.4,14468685,8.5,630452,12.0,1078,24.8,56070,24.8
"06081","5","541511","78","0","2023","A","",639,14701,4293018686,144025861,4599541,5616,292026,"",1.29,4.82,3.56,4.15,4.62,0.74,0.74,"",28,4.6,2984,25.5,1686370583,64.7,18922985,15.1,896770,24.2,1338,31.3,69557,31.3
"06081","5","541512","78","0","2023","A","",325,3629,931451937,32369600,1055568,4936,256687,"",0.74,1.16,0.90,0.89,1.06,0.78,0.78,"",-24,-6.9,-184,-4.8,17792224,1.9,-3983197,-11.0,-264846,-20.1,328,7.1,17054,7.1
"06081","5","541513","78","0","2023","A","N",12,0,0,0,0,0,0,"N",0.73,0,0,0,0,0,0,"N",1,9.1,0,0,0,0,0,0,0,0,0,0,0,0
"06081","5","541519","78","0","2023","A","N",54,0,0,0,0,0,0,"N",0.67,0,0,0,0,0,0,"N",12,28.6,0,0,0,0,0,0,0,0,0,0,0,0
"06081","5","5416","76","0","2023","A","",987,5219,1037861758,49548330,1413449,3824,198849,"",0.98,1.03,0.73,0.88,0.85,0.71,0.71,"",30,3.1,662,14.5,258029938,33.1,5739771,13.1,42053,3.1,533,16.2,27730,16.2
"06081","5","54161","77","0","2023","A","",755,4044,864275684,38209534,1065456,4110,213705,"",0.91,0.95,0.72,0.82,0.78,0.75,0.75,"",44,6.2,815,25.2,297366482,52.5,7437030,24.2,100415,10.4,734,21.7,38132,21.7
"06081","5","541611","78","0","2023","A","",498,2122,480543915,20558032,540635,4354,226422,"",1.18,0.92,0.66,0.81,0.75,0.71,0.71,"",34,7.3,788,59.1,271620101,130.0,7191895,53.8,117768,27.8,1343,44.6,69847,44.6
"06081","5","541612","78","0","2023","A","",20,120,20227412,1147414,29509,3253,169149,"",0.49,0.46,0.29,0.40,0.34,0.65,0.64,"",-1,-4.8,-25,-17.2,-4779368,-19.1,-148492,-11.5,-3298,-10.1,-71,-2.1,-3709,-2.1
"06081","5","541613","78","0","2023","A","",172,1387,295168043,12729652,385466,4094,212887,"",0.76,1.56,1.36,1.27,1.20,0.87,0.87,"",12,7.5,77,5.9,28934663,10.9,-273434,-2.1,-31409,-7.5,185,4.7,9630,4.7
"06081","5","541614","78","0","2023","A","",29,235,20886439,1790501,55859,1711,88973,"",0.58,0.52,0.22,0.38,0.40,0.42,0.42,"",1,3.6,8,3.5,3588876,20.7,576216,47.5,15436,38.2,245,16.7,12716,16.7
"06081","5","541618","78","0","2023","A","",37,181,47449875,1983935,53987,5039,262033,"",0.42,0.53,0.51,0.57,0.50,0.96,0.96,"",0,0.0,-32,-15.0,-1997790,-4.0,90845,4.8,1918,3.7,580,13.0,30156,13.0
"06081","5","54162","77","0","2023","A","",15,100,10460249,965096,39414,2018,104952,"",0.40,0.37,0.18,0.30,0.45,0.48,0.48,"",1,7.1,46,85.2,5668966,118.3,408411,73.4,21362,118.3,309,18.1,16087,18.1
"06081","5","541620","78","0","2023","A","",15,100,10460249,965096,39414,2018,104952,"",0.40,0.37,0.18,0.30,0.45,0.48,0.48,"",1,7.1,46,85.2,5668966,118.3,408411,73.4,21362,118.3,309,18.1,16087,18.1
"06081","5","54169","77","0","2023","A","",217,1075,163125825,10373700,308579,2917,151686,"",1.53,1.84,1.00,1.54,1.51,0.54,0.54,"",-16,-6.9,-199,-15.6,-45005510,-21.6,-2105670,-16.9,-79724,-20.5,-224,-7.1,-11629,-7.1
"06081","5","541690","78","0","2023","A","",217,1075,163125825,10373700,308579,2917,151686,"",1.53,1.84,1.00,1.54,1.51,0.54,0.54,"",-16,-6.9,-199,-15.6,-45005510,-21.6,-2105670,-16.9,-79724,-20.5,-224,-7.1,-11629,-7.1
"06081","5","5417","76","0","2023","A","",555,30517,8106663628,245214752,6833610,5109,265646,"",3.92,12.03,7.93,9.48,9.96,0.66,0.66,"",13,2.4,428,1.4,342622252,4.4,-760101,-0.3,145221,2.2,147,3.0,7610,2.9
"06081","5","54171","77","0","2023","A","",543,29969,8047385488,240511217,6733212,5164,268524,"",4.31,12.76,8.20,9.80,10.38,0.64,0.64,"",15,2.8,378,1.3,336363513,4.4,-641683,-0.3,145469,2.2,153,3.1,7934,3.0
"06081","5","541713","78","0","2023","A","",24,430,100570699,8092699,324735,4495,233749,"",3.57,6.17,4.23,8.32,14.03,0.68,0.68,"",-4,-14.3,-118,-21.5,-16777042,-14.3,3245414,67.0,163767,101.7,380,9.2,19773,9.2
"06081","5","541714","78","0","2023","A","",305,18858,5432700207,162199720,4243866,5540,288091,"",5.71,23.64,13.29,16.98,16.08,0.56,0.56,"",17,5.9,533,2.9,98334442,1.8,-3614143,-2.2,-143025,-3.3,-58,-1.0,-3008,-1.0
"06081","5","541715","78","0","2023","A","",214,10681,2514114582,70218798,2164611,4527,235378,"",3.25,7.21,4.59,5.01,5.99,0.64,0.64,"",1,0.5,-36,-0.3,254806113,11.3,-272954,-0.4,124727,6.1,473,11.7,24569,11.7
"06081","5","54172","77","0","2023","A","",13,548,59278140,4703535,100398,2081,108205,"",0.84,2.92,1.43,3.54,2.69,0.49,0.49,"",-1,-7.1,50,10.0,6258739,11.8,-118418,-2.5,-248,-0.2,35,1.7,1812,1.7
"06081","5","541720","78","0","2023","A","",13,548,59278140,4703535,100398,2081,108205,"",0.84,2.92,1.43,3.54,2.69,0.49,0.49,"",-1,-7.1,50,10.0,6258739,11.8,-118418,-2.5,-248,-0.2,35,1.7,1812,1.7
"06081","5","5418","76","0","2023","A","",92,806,137830957,6831969,192513,3287,170935,"",0.46,0.59,0.40,0.48,0.44,0.68,0.68,"",6,7.0,180,28.8,43913630,46.8,1285403,23.2,25863,15.5,401,13.9,20867,13.9
"06081","5","54181","77","0","2023","A","",38,411,83386330,3556060,111807,3904,203010,"",0.40,0.67,0.46,0.53,0.50,0.69,0.69,"",6,18.8,158,62.5,31547374,60.9,1231899,53.0,23273,26.3,-31,-0.8,-1617,-0.8
"06081","5","541810","78","0","2023","A","",38,411,83386330,3556060,111807,3904,203010,"",0.40,0.67,0.46,0.53,0.50,0.69,0.69,"",6,18.8,158,62.5,31547374,60.9,1231899,53.0,23273,26.3,-31,-0.8,-1617,-0.8
"06081","5","54182","77","0","2023","A","",16,103,27479767,921539,27695,5122,266363,"",0.42,0.57,0.47,0.50,0.47,0.82,0.82,"",-1,-5.9,-2,-1.9,13381421,94.9,-51411,-5.3,326,1.2,2534,97.9,131773,97.9
"06081","5","541820","78","0","2023","A","",16,103,27479767,921539,27695,5122,266363,"",0.42,0.57,0.47,0.50,0.47,0.82,0.82,"",-1,-5.9,-2,-1.9,13381421,94.9,-51411,-5.3,326,1.2,2534,97.9,131773,97.9
"06081","5","54183","77","0","2023","A","N",2,0,0,0,0,0,0,"N",0.50,0,0,0,0,0,0,"N",0,0.0,0,0,0,0,0,0,0,0,0,0,0,0
"06081","5","541830","78","0","2023","A","N",2,0,0,0,0,0,0,"N",0.50,0,0,0,0,0,0,"N",0,0.0,0,0,0,0,0,0,0,0,0,0,0,0
"06081","5","54184","77","0","2023","A","",9,38,7405481,320025,10195,3748,194881,"",0.90,0.73,0.49,0.55,0.54,0.67,0.67,"",0,0.0,-2,-5.0,-74095,-1.0,-27472,-7.9,-160,-1.5,114,3.1,5923,3.1
"06081","5","541840","78","0","2023","A","",9,38,7405481,320025,10195,3748,194881,"",0.90,0.73,0.49,0.55,0.54,0.67,0.67,"",0,0.0,-2,-5.0,-74095,-1.0,-27472,-7.9,-160,-1.5,114,3.1,5923,3.1
"06081","5","54185","77","0","2023","A","",4,11,962840,109841,3892,1646,85586,"",0.51,0.13,0.06,0.13,0.16,0.43,0.43,"",0,0.0,1,10.0,281733,41.4,41451,60.6,1433,58.3,378,29.8,19672,29.8
"06081","5","541850","78","0","2023","A","",4,11,962840,109841,3892,1646,85586,"",0.51,0.13,0.06,0.13,0.16,0.43,0.43,"",0,0.0,1,10.0,281733,41.4,41451,60.6,1433,58.3,378,29.8,19672,29.8
"06081","5","54186","77","0","2023","A","",5,41,2698991,319532,7181,1266,65829,"",0.76,0.45,0.17,0.34,0.28,0.37,0.37,"",1,25.0,1,2.5,80694,3.1,7041,2.3,-377,-5.0,12,1.0,643,1.0
"06081","5","541860","78","0","2023","A","",5,41,2698991,319532,7181,1266,65829,"",0.76,0.45,0.17,0.34,0.28,0.37,0.37,"",1,25.0,1,2.5,80694,3.1,7041,2.3,-377,-5.0,12,1.0,643,1.0
"06081","5","54187","77","0","2023","A","N",4,0,0,0,0,0,0,"N",0.36,0,0,0,0,0,0,"N",0,0.0,0,0,0,0,0,0,0,0,0,0,0,0
"06081","5","541870","78","0","2023","A","N",4,0,0,0,0,0,0,"N",0.36,0,0,0,0,0,0,"N",0,0.0,0,0,0,0,0,0,0,0,0,0,0,0
"06081","5","54189","77","0","2023","A","",13,167,7350722,1262177,22057,848,44104,"",0.50,0.67,0.23,0.55,0.37,0.34,0.34,"",0,0.0,32,23.7,1458619,24.8,123277,10.8,-338,-1.5,10,1.2,513,1.2
"06081","5","541890","78","0","2023","A","",13,167,7350722,1262177,22057,848,44104,"",0.50,0.67,0.23,0.55,0.37,0.34,0.34,"",0,0.0,32,23.7,1458619,24.8,123277,10.8,-338,-1.5,10,1.2,513,1.2
"06081","5","5419","76","0","2023","A","",219,2279,289178081,20183690,644558,2440,126874,"",0.64,0.96,0.70,0.83,1.00,0.73,0.73,"",-2,-0.9,408,21.8,92779836,47.2,2334438,13.1,56847,9.7,421,20.9,21904,20.9
"06081","5","54191","77","0","2023","A","",34,635,107247613,5135240,142717,3247,168850,"",1.27,3.12,2.01,2.54,2.15,0.64,0.64,"",-3,-8.1,265,71.6,54241015,102.3,1795471,53.8,44604,45.5,491,17.8,25557,17.8
"06081","5","541910","78","0","2023","A","",34,635,107247613,5135240,142717,3247,168850,"",1.27,3.12,2.01,2.54,2.15,0.64,0.64,"",-3,-8.1,265,71.6,54241015,102.3,1795471,53.8,44604,45.5,491,17.8,25557,17.8
"06081","5","54192","77","0","2023","A","",20,32,1474215,299543,8601,891,46310,"",0.48,0.24,0.11,0.24,0.17,0.46,0.46,"",-1,-4.8,-4,-11.1,-505672,-25.5,-44622,-13.0,-3636,-29.7,-172,-16.2,-8943,-16.2
"06081","5","541921","78","0","2023","A","N",15,0,0,0,0,0,0,"N",0.50,0,0,0,0,0,0,"N",0,0.0,0,0,0,0,0,0,0,0,0,0,0,0
"06081","5","541922","78","0","2023","A","N",5,0,0,0,0,0,0,"N",0.43,0,0,0,0,0,0,"N",-1,-16.7,0,0,0,0,0,0,0,0,0,0,0,0
"06081","5","54193","77","0","2023","A","",15,177,11814135,1533255,84010,1283,66715,"",1.16,1.70,0.79,1.52,2.92,0.47,0.47,"",1,7.1,7,4.1,199613,1.7,-188995,-11.0,-14325,-14.6,-28,-2.1,-1472,-2.2
"06081","5","541930","78","0","2023","A","",15,177,11814135,1533255,84010,1283,66715,"",1.16,1.70,0.79,1.52,2.92,0.47,0.47,"",1,7.1,7,4.1,199613,1.7,-188995,-11.0,-14325,-14.6,-28,-2.1,-1472,-2.2
"06081","5","54194","77","0","2023","A","",73,958,75966724,8988298,253078,1525,79283,"",0.82,0.76,0.46,0.72,1.00,0.60,0.60,"",2,2.8,23,2.5,13082898,20.8,-15173,-0.2,30429,13.7,232,17.9,12022,17.9
"06081","5","541940","78","0","2023","A","",73,958,75966724,8988298,253078,1525,79283,"",0.82,0.76,0.46,0.72,1.00,0.60,0.60,"",2,2.8,23,2.5,13082898,20.8,-15173,-0.2,30429,13.7,232,17.9,12022,17.9
"06081","5","54199","77","0","2023","A","",78,477,92675394,4227354,156152,3736,194288,"",0.45,0.72,0.56,0.55,0.64,0.78,0.78,"",-1,-1.3,117,32.5,25761982,38.5,787757,22.9,-225,-0.1,162,4.5,8417,4.5
"06081","5","541990","78","0","2023","A","",78,477,92675394,4227354,156152,3736,194288,"",0.45,0.72,0.56,0.55,0.64,0.78,0.78,"",-1,-1.3,117,32.5,25761982,38.5,787757,22.9,-225,-0.1,162,4.5,8417,4.5
"06081","5","55","74","0","2023","A","",103,5612,1308124482,123701012,3245279,4483,233094,"",0.43,0.80,0.53,1.25,1.43,0.66,0.66,"",0,0.0,550,10.9,248365296,23.4,67911856,121.7,1354648,71.7,457,11.4,23728,11.3
"06081","5","551","75","0","2023","A","",103,5612,1308124482,123701012,3245279,4483,233094,"",0.43,0.80,0.53,1.25,1.43,0.66,0.66,"",0,0.0,550,10.9,248365296,23.4,67911856,121.7,1354648,71.7,457,11.4,23728,11.3
"06081","5","5511","76","0","2023","A","",103,5612,1308124482,123701012,3245279,4483,233094,"",0.43,0.80,0.53,1.25,1.43,0.66,0.66,"",0,0.0,550,10.9,248365296,23.4,67911856,121.7,1354648,71.7,457,11.4,23728,11.3
"06081","5","55111","77","0","2023","A","",103,5612,1308124482,123701012,3245279,4483,233094,"",0.43,0.80,0.53,1.25,1.43,0.66,0.66,"",0,0.0,550,10.9,248365296,23.4,67911856,121.7,1354648,71.7,457,11.4,23728,11.3
"06081","5","551111","78","0","2023","A","N",1,0,0,0,0,0,0,"N",0.40,0,0,0,0,0,0,"N",-1,-50.0,0,0,0,0,0,0,0,0,0,0,0,0
"06081","5","551112","78","0","2023","A","N",18,0,0,0,0,0,0,"N",0.51,0,0,0,0,0,0,"N",0,0.0,0,0,0,0,0,0,0,0,0,0,0,0
"06081","5","551114","78","0","2023","A","",84,5550,1298579044,123125056,3227848,4500,233992,"",0.41,0.82,0.55,1.28,1.48,0.67,0.67,"",1,1.2,546,10.9,247877276,23.6,67828551,122.7,1351198,72.0,462,11.4,24023,11.4
"06081","5","56","74","0","2023","A","",1247,22445,2076640491,250745082,9805109,1779,92521,"",0.72,0.87,0.60,0.88,1.04,0.68,0.68,"",25,2.0,-740,-3.2,-37474445,-1.8,-25374493,-9.2,-1500403,-13.3,25,1.4,1337,1.5
"06081","5","561","75","0","2023","A","",1200,21331,1948619374,241167369,9550357,1757,91354,"",0.73,0.88,0.60,0.90,1.07,0.69,0.69,"",22,1.9,-851,-3.8,-57974343,-2.9,-26100313,-9.8,-1499757,-13.6,17,1.0,895,1.0
"06081","5","5611","76","0","2023","A","",143,1758,174801600,16149993,487805,1913,99460,"",0.72,1.05,0.41,1.00,1.03,0.40,0.40,"",-8,-5.3,24,1.4,6526681,3.9,-894221,-5.2,93504,23.7,46,2.5,2388,2.5
"06081","5","56111","77","0","2023","A","",143,1758,174801600,16149993,487805,1913,99460,"",0.72,1.05,0.41,1.00,1.03,0.40,0.40,"",-8,-5.3,24,1.4,6526681,3.9,-894221,-5.2,93504,23.7,46,2.5,2388,2.5
"06081","5","561110","78","0","2023","A","",143,1758,174801600,16149993,487805,1913,99460,"",0.72,1.05,0.41,1.00,1.03,0.40,0.40,"",-8,-5.3,24,1.4,6526681,3.9,-894221,-5.2,93504,23.7,46,2.5,2388,2.5
"06081","5","5612","76","0","2023","A","",9,28,3908437,189169,6273,2709,140845,"",0.46,0.06,0.06,0.04,0.04,0.95,0.95,"",3,50.0,17,154.5,2734096,232.8,114810,154.4,3774,151.0,687,34.0,35680,33.9
"06081","5","56121","77","0","2023","A","",9,28,3908437,189169,6273,2709,140845,"",0.46,0.06,0.06,0.04,0.04,0.95,0.95,"",3,50.0,17,154.5,2734096,232.8,114810,154.4,3774,151.0,687,34.0,35680,33.9
"06081","5","561210","78","0","2023","A","",9,28,3908437,189169,6273,2709,140845,"",0.46,0.06,0.06,0.04,0.04,0.95,0.95,"",3,50.0,17,154.5,2734096,232.8,114810,154.4,3774,151.0,687,34.0,35680,33.9
"06081","5","5613","76","0","2023","A","",159,7427,906107716,107140148,5764574,2346,122002,"",0.40,0.76,0.71,0.87,1.37,0.94,0.94,"",-9,-5.4,-1542,-17.2,-137650298,-13.2,-31234021,-22.6,-1778100,-23.6,108,4.8,5623,4.8
"06081","5","56131","77","0","2023","A","",52,240,31193064,3071134,101531,2499,129971,"",0.58,0.28,0.21,0.30,0.27,0.73,0.73,"",-1,-1.9,-103,-30.0,-10273030,-24.8,-1665871,-35.2,-101788,-50.1,174,7.5,9079,7.5
"06081","5","561311","78","0","2023","A","",30,114,12169199,1642131,56730,2062,107218,"",0.45,0.16,0.11,0.19,0.18,0.71,0.71,"",-1,-3.2,-38,-25.0,-2381947,-16.4,-574106,-25.9,-30855,-35.2,215,11.6,11171,11.6
"06081","5","561312","78","0","2023","A","",22,127,19023865,1429003,44801,2892,150386,"",0.91,1.07,0.47,1.00,0.86,0.44,0.44,"",0,0.0,-65,-33.9,-7891083,-29.3,-1091765,-43.3,-70933,-61.3,189,7.0,9838,7.0
"06081","5","56132","77","0","2023","A","",84,7061,859920440,102547562,5608487,2342,121777,"",0.33,0.92,0.95,1.03,1.65,1.03,1.03,"",-6,-6.7,-1330,-15.9,-102130865,-10.6,-27635721,-21.2,-1606571,-22.3,137,6.2,7125,6.2
"06081","5","561320","78","0","2023","A","",84,7061,859920440,102547562,5608487,2342,121777,"",0.33,0.92,0.95,1.03,1.65,1.03,1.03,"",-6,-6.7,-1330,-15.9,-102130865,-10.6,-27635721,-21.2,-1606571,-22.3,137,6.2,7125,6.2
"06081","5","56133","77","0","2023","A","",24,126,14994212,1521452,54556,2296,119397,"",0.45,0.10,0.07,0.11,0.13,0.69,0.69,"",-2,-7.7,-109,-46.4,-25246403,-62.7,-1932429,-55.9,-69741,-56.1,-1004,-30.4,-52205,-30.4
"06081","5","561330","78","0","2023","A","",24,126,14994212,1521452,54556,2296,119397,"",0.45,0.10,0.07,0.11,0.13,0.69,0.69,"",-2,-7.7,-109,-46.4,-25246403,-62.7,-1932429,-55.9,-69741,-56.1,-1004,-30.4,-52205,-30.4
"06081","5","5614","76","0","2023","A","",95,449,29963009,4024155,114751,1283,66733,"",0.61,0.22,0.10,0.20,0.20,0.45,0.45,"",-1,-1.0,-58,-11.4,-11063176,-27.0,-562396,-12.3,-20739,-15.3,-274,-17.6,-14213,-17.6
"06081","5","56141","77","0","2023","A","",6,29,1690057,233104,10736,1111,57780,"",0.30,0.27,0.13,0.24,0.42,0.47,0.47,"",-1,-14.3,-3,-9.4,-43462,-2.5,-41794,-15.2,-2726,-20.2,75,7.2,3888,7.2
"06081","5","561410","78","0","2023","A","",6,29,1690057,233104,10736,1111,57780,"",0.30,0.27,0.13,0.24,0.42,0.47,0.47,"",-1,-14.3,-3,-9.4,-43462,-2.5,-41794,-15.2,-2726,-20.2,75,7.2,3888,7.2
"06081","5","56142","77","0","2023","A","",9,42,2140341,309890,13458,988,51368,"",0.23,0.04,0.02,0.03,0.04,0.40,0.40,"",-1,-10.0,-16,-27.6,-1258051,-37.0,-146736,-32.1,-2243,-14.3,-145,-12.8,-7564,-12.8
"06081","5","561421","78","0","2023","A","N",2,0,0,0,0,0,0,"N",0.25,0,0,0,0,0,0,"N",0,0.0,0,0,0,0,0,0,0,0,0,0,0,0
"06081","5","561422","78","0","2023","A","N",7,0,0,0,0,0,0,"N",0.23,0,0,0,0,0,0,"N",-1,-12.5,0,0,0,0,0,0,0,0,0,0,0,0
"06081","5","56143","77","0","2023","A","",45,250,12259284,2293430,61859,943,49021,"",1.53,1.15,0.52,1.14,1.14,0.45,0.45,"",1,2.3,16,6.8,849153,7.4,154104,7.2,1668,2.8,5,0.5,225,0.5
"06081","5","561431","78","0","2023","A","",21,119,3992175,1067294,24897,647,33666,"",1.46,1.20,0.48,1.19,1.04,0.41,0.41,"",0,0.0,20,20.2,373621,10.3,178818,20.1,2591,11.6,-54,-7.7,-2793,-7.7
"06081","5","561439","78","0","2023","A","",24,132,8267109,1226136,36962,1209,62868,"",1.59,1.12,0.54,1.11,1.22,0.48,0.48,"",1,4.3,-3,-2.2,475532,6.1,-24714,-2.0,-923,-2.4,96,8.6,4974,8.6
"06081","5","56144","77","0","2023","A","N",3,0,0,0,0,0,0,"N",0.19,0,0,0,0,0,0,"N",1,50.0,0,0,0,0,0,0,0,0,0,0,0,0
"06081","5","561440","78","0","2023","A","N",3,0,0,0,0,0,0,"N",0.19,0,0,0,0,0,0,"N",1,50.0,0,0,0,0,0,0,0,0,0,0,0,0
"06081","5","56145","77","0","2023","A","N",3,0,0,0,0,0,0,"N",0.90,0,0,0,0,0,0,"N",0,0.0,0,0,0,0,0,0,0,0,0,0,0,0
"06081","5","561450","78","0","2023","A","N",3,0,0,0,0,0,0,"N",0.90,0,0,0,0,0,0,"N",0,0.0,0,0,0,0,0,0,0,0,0,0,0,0
"06081","5","56149","77","0","2023","A","",29,115,13088034,1021920,24353,2197,114223,"",0.60,0.40,0.23,0.37,0.27,0.57,0.57,"",-2,-6.5,-56,-32.7,-10503970,-44.5,-585815,-36.4,-18660,-43.4,-455,-17.2,-23675,-17.2
"06081","5","561491","78","0","2023","A","N",1,0,0,0,0,0,0,"N",0.47,0,0,0,0,0,0,"N",0,0.0,0,0,0,0,0,0,0,0,0,0,0,0
"06081","5","561492","78","0","2023","A","N",12,0,0,0,0,0,0,"N",1.46,0,0,0,0,0,0,"N",0,0.0,0,0,0,0,0,0,0,0,0,0,0,0
"06081","5","561499","78","0","2023","A","",16,101,12187368,912471,21792,2332,121267,"",0.42,0.42,0.24,0.39,0.28,0.57,0.57,"",-3,-15.8,-57,-36.1,-10552848,-46.4,-587787,-39.2,-18145,-45.4,-445,-16.0,-23115,-16.0
"06081","5","5615","76","0","2023","A","",52,246,22885103,2103664,68451,1788,92966,"",0.92,0.48,0.19,0.38,0.41,0.39,0.39,"",-8,-13.3,-42,-14.6,807355,3.7,-833115,-28.4,-30691,-31.0,313,21.2,16241,21.2
"06081","5","56151","77","0","2023","A","",43,175,17693437,1426733,48545,1946,101202,"",1.29,0.83,0.38,0.56,0.62,0.46,0.46,"",-4,-8.5,7,4.2,5612438,46.5,-170655,-10.7,2033,4.4,566,41.0,29434,41.0
"06081","5","561510","78","0","2023","A","",43,175,17693437,1426733,48545,1946,101202,"",1.29,0.83,0.38,0.56,0.62,0.46,0.46,"",-4,-8.5,7,4.2,5612438,46.5,-170655,-10.7,2033,4.4,566,41.0,29434,41.0
"06081","5","56152","77","0","2023","A","N",3,0,0,0,0,0,0,"N",0.35,0,0,0,0,0,0,"N",-2,-40.0,0,0,0,0,0,0,0,0,0,0,0,0
"06081","5","561520","78","0","2023","A","N",3,0,0,0,0,0,0,"N",0.35,0,0,0,0,0,0,"N",-2,-40.0,0,0,0,0,0,0,0,0,0,0,0,0
"06081","5","56159","77","0","2023","A","N",6,0,0,0,0,0,0,"N",0.41,0,0,0,0,0,0,"N",-3,-33.3,0,0,0,0,0,0,0,0,0,0,0,0
"06081","5","561591","78","0","2023","A","N",1,0,0,0,0,0,0,"N",0.39,0,0,0,0,0,0,"N",1,100.0,0,0,0,0,0,0,0,0,0,0,0,0
"06081","5","561599","78","0","2023","A","N",5,0,0,0,0,0,0,"N",0.42,0,0,0,0,0,0,"N",-4,-44.4,0,0,0,0,0,0,0,0,0,0,0,0
"06081","5","5616","76","0","2023","A","",70,3658,354901577,35058937,1212377,1866,97032,"",0.71,1.32,1.17,1.28,1.47,0.89,0.89,"",-1,-1.4,362,11.0,18328242,5.4,1274093,3.8,68360,6.0,-98,-5.0,-5079,-5.0
"06081","5","56161","77","0","2023","A","",38,2412,161303855,23166986,803905,1286,66882,"",0.63,1.03,0.73,1.02,1.14,0.71,0.71,"",-2,-5.0,177,7.9,-14575199,-8.3,447696,2.0,-1722,-0.2,-227,-15.0,-11799,-15.0
"06081","5","561611","78","0","2023","A","",10,87,8199460,935414,29477,1821,94700,"",0.68,0.78,0.52,0.85,0.76,0.66,0.66,"",0,0.0,-22,-20.2,-39147676,-82.7,-355939,-27.6,-17039,-36.6,-6564,-78.3,-341344,-78.3
"06081","5","561612","78","0","2023","A","",28,2325,153104395,22231572,774428,1266,65847,"",0.65,1.08,0.78,1.07,1.20,0.73,0.73,"",-2,-6.7,198,9.3,24572477,19.1,803635,3.8,15317,2.0,104,9.0,5411,9.0
"06081","5","56162","77","0","2023","A","",32,1246,193597722,11891951,408472,2988,155396,"",0.83,2.86,2.37,2.61,3.36,0.83,0.83,"",1,3.2,185,17.4,32903441,20.5,826397,7.5,70082,20.7,75,2.6,3917,2.6
"06081","5","561621","78","0","2023","A","",21,1172,187951834,11280436,395214,3084,160346,"",0.75,3.01,2.50,2.76,3.56,0.83,0.83,"",2,10.5,196,20.1,32912945,21.2,913624,8.8,77736,24.5,29,0.9,1508,0.9
"06081","5","561622","78","0","2023","A","",11,74,5645888,611515,13258,1474,76641,"",1.01,1.56,0.89,1.29,1.24,0.57,0.57,"",-1,-8.3,-11,-12.9,-9504,-0.2,-87227,-12.5,-7654,-36.6,191,14.9,9911,14.9
"06081","5","5617","76","0","2023","A","",617,7160,381211631,69366832,1616867,1024,53244,"",0.97,1.17,0.63,1.12,0.76,0.54,0.54,"",49,8.6,300,4.4,34588404,10.0,4550225,7.0,85555,5.6,52,5.3,2716,5.4
"06081","5","56171","77","0","2023","A","",32,242,17383953,2153018,61523,1383,71909,"",0.73,0.60,0.33,0.54,0.61,0.55,0.55,"",3,10.3,-21,-8.0,-829210,-4.6,-255541,-10.6,-19166,-23.8,51,3.8,2635,3.8
"06081","5","561710","78","0","2023","A","",32,242,17383953,2153018,61523,1383,71909,"",0.73,0.60,0.33,0.54,0.61,0.55,0.55,"",3,10.3,-21,-8.0,-829210,-4.6,-255541,-10.6,-19166,-23.8,51,3.8,2635,3.8
"06081","5","56172","77","0","2023","A","",246,3556,152353531,33956485,725765,824,42846,"",1.17,1.22,0.67,1.28,1.05,0.55,0.55,"",29,13.4,240,7.2,23050849,17.8,2767290,8.9,22906,3.3,74,9.9,3854,9.9
"06081","5","561720","78","0","2023","A","",246,3556,152353531,33956485,725765,824,42846,"",1.17,1.22,0.67,1.28,1.05,0.55,0.55,"",29,13.4,240,7.2,23050849,17.8,2767290,8.9,22906,3.3,74,9.9,3854,9.9
"06081","5","56173","77","0","2023","A","",285,2659,166611455,26617470,632049,1205,62667,"",0.91,1.10,0.59,0.98,0.53,0.54,0.54,"",18,6.7,25,0.9,7449044,4.7,1623265,6.5,52355,9.0,43,3.7,2235,3.7
"06081","5","561730","78","0","2023","A","",285,2659,166611455,26617470,632049,1205,62667,"",0.91,1.10,0.59,0.98,0.53,0.54,0.54,"",18,6.7,25,0.9,7449044,4.7,1623265,6.5,52355,9.0,43,3.7,2235,3.7
"06081","5","56174","77","0","2023","A","",23,362,20815703,3292185,94755,1106,57489,"",1.26,3.56,1.92,3.08,3.35,0.54,0.54,"",-2,-8.0,16,4.6,1215603,6.2,11707,0.4,3107,3.4,16,1.5,814,1.4
"06081","5","561740","78","0","2023","A","",23,362,20815703,3292185,94755,1106,57489,"",1.26,3.56,1.92,3.08,3.35,0.54,0.54,"",-2,-8.0,16,4.6,1215603,6.2,11707,0.4,3107,3.4,16,1.5,814,1.4
"06081","5","56179","77","0","2023","A","",32,341,24046989,3347674,102775,1355,70450,"",0.62,1.11,0.66,1.08,0.87,0.59,0.59,"",1,3.2,40,13.3,3702118,18.2,403504,13.7,26353,34.5,57,4.4,2934,4.3
"06081","5","561790","78","0","2023","A","",32,341,24046989,3347674,102775,1355,70450,"",0.62,1.11,0.66,1.08,0.87,0.59,0.59,"",1,3.2,40,13.3,3702118,18.2,403504,13.7,26353,34.5,57,4.4,2934,4.3
"06081","5","5619","76","0","2023","A","",57,606,74840301,7134471,279259,2376,123533,"",0.67,0.66,0.56,0.70,0.74,0.85,0.85,"",-1,-1.7,88,17.0,27754353,58.9,1484312,26.3,78580,39.2,629,36.0,32677,36.0
"06081","5","56191","77","0","2023","A","",7,48,2438814,405812,8065,977,50809,"",0.91,0.27,0.10,0.22,0.15,0.38,0.38,"",0,0.0,-22,-31.4,-743615,-23.4,-202012,-33.2,-4157,-34.0,104,11.9,5400,11.9
"06081","5","561910","78","0","2023","A","",7,48,2438814,405812,8065,977,50809,"",0.91,0.27,0.10,0.22,0.15,0.38,0.38,"",0,0.0,-22,-31.4,-743615,-23.4,-202012,-33.2,-4157,-34.0,104,11.9,5400,11.9
"06081","5","56192","77","0","2023","A","",21,208,16472295,3394639,155243,1524,79225,"",1.07,1.41,0.64,1.91,1.64,0.46,0.46,"",-2,-8.7,40,23.8,4311276,35.5,1023104,43.1,51581,49.8,130,9.3,6730,9.3
"06081","5","561920","78","0","2023","A","",21,208,16472295,3394639,155243,1524,79225,"",1.07,1.41,0.64,1.91,1.64,0.46,0.46,"",-2,-8.7,40,23.8,4311276,35.5,1023104,43.1,51581,49.8,130,9.3,6730,9.3
"06081","5","56199","77","0","2023","A","",29,350,55929192,3334020,115951,3074,159836,"",0.50,0.59,0.66,0.51,0.51,1.13,1.13,"",1,3.6,70,25.0,24186692,76.2,663220,24.8,31156,36.7,897,41.2,46638,41.2
"06081","5","561990","78","0","2023","A","",29,350,55929192,3334020,115951,3074,159836,"",0.50,0.59,0.66,0.51,0.51,1.13,1.13,"",1,3.6,70,25.0,24186692,76.2,663220,24.8,31156,36.7,897,41.2,46638,41.2
"06081","5","562","75","0","2023","A","",47,1115,128021117,9577713,254752,2209,114851,"",0.52,0.82,0.52,0.60,0.52,0.64,0.64,"",3,6.8,112,11.2,20499898,19.1,725820,8.2,-646,-0.3,147,7.1,7642,7.1
"06081","5","5621","76","0","2023","A","",22,668,70469640,5704324,121769,2028,105480,"",0.63,1.15,0.73,0.89,0.72,0.64,0.64,"",-1,-4.3,-6,-0.9,1333066,1.9,-87163,-1.5,-11628,-8.7,55,2.8,2878,2.8
"06081","5","56211","77","0","2023","A","",22,668,70469640,5704324,121769,2028,105480,"",0.63,1.15,0.73,0.89,0.72,0.64,0.64,"",-1,-4.3,-6,-0.9,1333066,1.9,-87163,-1.5,-11628,-8.7,55,2.8,2878,2.8
"06081","5","562111","78","0","2023","A","",19,621,67520956,5304169,110124,2091,108744,"",0.70,1.24,0.82,0.95,0.78,0.66,0.66,"",1,5.6,-8,-1.3,1170174,1.8,-97853,-1.8,-12835,-10.4,61,3.0,3188,3.0
"06081","5","562112","78","0","2023","A","N",1,0,0,0,0,0,0,"N",0.49,0,0,0,0,0,0,"N",0,0.0,0,0,0,0,0,0,0,0,0,0,0,0
"06081","5","562119","78","0","2023","A","N",2,0,0,0,0,0,0,"N",0.33,0,0,0,0,0,0,"N",-2,-50.0,0,0,0,0,0,0,0,0,0,0,0,0
"06081","5","5622","76","0","2023","A","",11,149,17044708,951244,23452,2205,114651,"",0.93,0.51,0.28,0.28,0.28,0.54,0.54,"",1,10.0,-4,-2.6,-2593860,-13.2,-515952,-35.2,-19249,-45.1,-258,-10.5,-13427,-10.5
"06081","5","56221","77","0","2023","A","",11,149,17044708,951244,23452,2205,114651,"",0.93,0.51,0.28,0.28,0.28,0.54,0.54,"",1,10.0,-4,-2.6,-2593860,-13.2,-515952,-35.2,-19249,-45.1,-258,-10.5,-13427,-10.5
"06081","5","562211","78","0","2023","A","",6,28,2792396,236980,8351,1947,101235,"",1.74,0.24,0.11,0.16,0.27,0.46,0.46,"",1,20.0,7,33.3,583355,26.4,36658,18.3,1109,15.3,-44,-2.2,-2314,-2.2
"06081","5","562212","78","0","2023","A","",3,71,8820107,305847,7480,2392,124373,"",0.69,0.67,0.39,0.28,0.26,0.59,0.59,"",0,0.0,-14,-16.5,-3093559,-26.0,-553512,-64.4,-19335,-72.1,-311,-11.5,-16201,-11.5
"06081","5","562213","78","0","2023","A","N",1,0,0,0,0,0,0,"N",2.03,0,0,0,0,0,0,"N",0,0.0,0,0,0,0,0,0,0,0,0,0,0,0
"06081","5","562219","78","0","2023","A","N",1,0,0,0,0,0,0,"N",0.29,0,0,0,0,0,0,"N",0,0.0,0,0,0,0,0,0,0,0,0,0,0,0
"06081","5","5629","76","0","2023","A","",14,298,40506769,2922145,109531,2615,135967,"",0.32,0.60,0.46,0.47,0.46,0.77,0.77,"",2,16.7,122,69.3,21760692,116.1,1328935,83.4,30231,38.1,564,27.5,29304,27.5
"06081","5","56291","77","0","2023","A","N",7,0,0,0,0,0,0,"N",0.32,0,0,0,0,0,0,"N",1,16.7,0,0,0,0,0,0,0,0,0,0,0,0
"06081","5","562910","78","0","2023","A","N",7,0,0,0,0,0,0,"N",0.32,0,0,0,0,0,0,"N",1,16.7,0,0,0,0,0,0,0,0,0,0,0,0
"06081","5","56292","77","0","2023","A","N",1,0,0,0,0,0,0,"N",0.23,0,0,0,0,0,0,"N",0,0.0,0,0,0,0,0,0,0,0,0,0,0,0
"06081","5","562920","78","0","2023","A","N",1,0,0,0,0,0,0,"N",0.23,0,0,0,0,0,0,"N",0,0.0,0,0,0,0,0,0,0,0,0,0,0,0
"06081","5","56299","77","0","2023","A","",7,147,20566304,1506441,40780,2683,139511,"",0.40,0.94,0.84,0.84,0.70,0.89,0.89,"N",2,40.0,0,0,0,0,0,0,0,0,0,0,0,0
"06081","5","562991","78","0","2023","A","N",1,0,0,0,0,0,0,"N",0.09,0,0,0,0,0,0,"N",0,0.0,0,0,0,0,0,0,0,0,0,0,0,0
"06081","5","562998","78","0","2023","A","N",6,0,0,0,0,0,0,"N",0.94,0,0,0,0,0,0,"N",2,50.0,0,0,0,0,0,0,0,0,0,0,0,0
"06081","5","61","74","0","2023","A","",520,11517,935541828,54490333,1344680,1562,81230,"",1.26,1.34,0.73,1.44,1.37,0.55,0.55,"",5,1.0,453,4.1,63900358,7.3,846054,1.6,25067,1.9,47,3.1,2450,3.1
"06081","5","611","75","0","2023","A","",520,11517,935541828,54490333,1344680,1562,81230,"",1.26,1.34,0.73,1.44,1.37,0.55,0.55,"",5,1.0,453,4.1,63900358,7.3,846054,1.6,25067,1.9,47,3.1,2450,3.1
"06081","5","6111","76","0","2023","A","",85,4324,355330414,13451911,301590,1580,82168,"",1.57,1.69,1.11,1.02,1.02,0.66,0.66,"",-5,-5.6,67,1.6,12431071,3.6,-1761739,-11.6,-45996,-13.2,31,2.0,1618,2.0
"06081","5","61111","77","0","2023","A","",85,4324,355330414,13451911,301590,1580,82168,"",1.57,1.69,1.11,1.02,1.02,0.66,0.66,"",-5,-5.6,67,1.6,12431071,3.6,-1761739,-11.6,-45996,-13.2,31,2.0,1618,2.0
"06081","5","611110","78","0","2023","A","",85,4324,355330414,13451911,301590,1580,82168,"",1.57,1.69,1.11,1.02,1.02,0.66,0.66,"",-5,-5.6,67,1.6,12431071,3.6,-1761739,-11.6,-45996,-13.2,31,2.0,1618,2.0
"06081","5","6113","76","0","2023","A","",15,2970,350871283,5066651,130536,2272,118148,"",0.43,0.86,0.52,1.16,1.34,0.61,0.61,"",0,0.0,142,5.0,30854154,9.6,474722,10.3,19412,17.5,96,4.4,4971,4.4
"06081","5","61131","77","0","2023","A","",15,2970,350871283,5066651,130536,2272,118148,"",0.43,0.86,0.52,1.16,1.34,0.61,0.61,"",0,0.0,142,5.0,30854154,9.6,474722,10.3,19412,17.5,96,4.4,4971,4.4
"06081","5","611310","78","0","2023","A","",15,2970,350871283,5066651,130536,2272,118148,"",0.43,0.86,0.52,1.16,1.34,0.61,0.61,"",0,0.0,142,5.0,30854154,9.6,474722,10.3,19412,17.5,96,4.4,4971,4.4
"06081","5","6114","76","0","2023","A","",44,187,17398024,1714119,42930,1788,92996,"",0.91,0.85,0.34,0.73,0.63,0.40,0.40,"",3,7.3,-8,-4.1,1273033,7.9,-83007,-4.6,-6153,-12.5,194,12.2,10091,12.2
"06081","5","61142","77","0","2023","A","",11,101,8381371,977984,23346,1589,82643,"",1.01,1.67,0.57,1.40,1.13,0.34,0.34,"",0,0.0,-9,-8.2,258901,3.2,-11080,-1.1,-1502,-6.0,166,11.7,8634,11.7
"06081","5","611420","78","0","2023","A","",11,101,8381371,977984,23346,1589,82643,"",1.01,1.67,0.57,1.40,1.13,0.34,0.34,"",0,0.0,-9,-8.2,258901,3.2,-11080,-1.1,-1502,-6.0,166,11.7,8634,11.7
"06081","5","61143","77","0","2023","A","",33,86,9016653,736135,19584,2024,105253,"",0.91,0.58,0.26,0.47,0.44,0.45,0.45,"",2,6.5,1,1.2,1014132,12.7,-71927,-8.9,-4651,-19.2,208,11.5,10828,11.5
"06081","5","611430","78","0","2023","A","",33,86,9016653,736135,19584,2024,105253,"",0.91,0.58,0.26,0.47,0.44,0.45,0.45,"",2,6.5,1,1.2,1014132,12.7,-71927,-8.9,-4651,-19.2,208,11.5,10828,11.5
"06081","5","6115","76","0","2023","A","",20,154,8577164,1462105,34580,1070,55666,"",0.65,0.46,0.18,0.45,0.36,0.39,0.39,"",3,17.6,20,14.9,1048670,13.9,160256,12.3,5930,20.7,-10,-0.9,-517,-0.9
"06081","5","61151","77","0","2023","A","",20,154,8577164,1462105,34580,1070,55666,"",0.65,0.46,0.18,0.45,0.36,0.39,0.39,"",3,17.6,20,14.9,1048670,13.9,160256,12.3,5930,20.7,-10,-0.9,-517,-0.9
"06081","5","611511","78","0","2023","A","N",2,0,0,0,0,0,0,"N",0.40,0,0,0,0,0,0,"N",1,100.0,0,0,0,0,0,0,0,0,0,0,0,0
"06081","5","611512","78","0","2023","A","",7,56,2576599,493346,11886,889,46217,"",1.59,0.81,0.19,0.68,0.84,0.24,0.24,"N",2,40.0,0,0,0,0,0,0,0,0,0,0,0,0
"06081","5","611513","78","0","2023","A","N",3,0,0,0,0,0,0,"N",0.72,0,0,0,0,0,0,"N",0,0.0,0,0,0,0,0,0,0,0,0,0,0,0
"06081","5","611519","78","0","2023","A","",8,45,1932582,425786,11570,818,42552,"",0.46,0.26,0.08,0.27,0.22,0.31,0.31,"",0,0.0,4,9.8,576058,42.5,49398,13.1,1357,13.3,188,29.8,9799,29.9
"06081","5","6116","76","0","2023","A","",280,3108,105459691,25605086,611055,653,33934,"",1.70,2.25,1.17,2.80,2.46,0.52,0.52,"",11,4.1,322,11.6,17154164,19.4,2513692,10.9,56611,10.2,43,7.0,2239,7.1
"06081","5","61161","77","0","2023","A","",64,515,15889585,4245193,109336,593,30834,"",1.60,1.60,0.89,2.23,2.11,0.56,0.56,"",6,10.3,76,17.3,3157894,24.8,556277,15.1,19361,21.5,35,6.3,1843,6.4
"06081","5","611610","78","0","2023","A","",64,515,15889585,4245193,109336,593,30834,"",1.60,1.60,0.89,2.23,2.11,0.56,0.56,"",6,10.3,76,17.3,3157894,24.8,556277,15.1,19361,21.5,35,6.3,1843,6.4
"06081","5","61162","77","0","2023","A","",91,1188,36794583,10433707,235170,596,30985,"",1.74,2.50,1.39,3.40,3.13,0.56,0.56,"",3,3.4,151,14.6,4611388,14.3,1192899,12.9,40260,20.7,-1,-0.2,-40,-0.1
"06081","5","611620","78","0","2023","A","",91,1188,36794583,10433707,235170,596,30985,"",1.74,2.50,1.39,3.40,3.13,0.56,0.56,"",3,3.4,151,14.6,4611388,14.3,1192899,12.9,40260,20.7,-1,-0.2,-40,-0.1
"06081","5","61163","77","0","2023","A","",18,142,7405996,1313498,27241,1002,52094,"",3.42,3.07,2.20,3.80,2.80,0.72,0.72,"",1,5.9,28,24.6,1910216,34.8,318567,32.0,6345,30.4,76,8.2,3956,8.2
"06081","5","611630","78","0","2023","A","",18,142,7405996,1313498,27241,1002,52094,"",3.42,3.07,2.20,3.80,2.80,0.72,0.72,"",1,5.9,28,24.6,1910216,34.8,318567,32.0,6345,30.4,76,8.2,3956,8.2
"06081","5","61169","77","0","2023","A","",107,1263,45369527,9612688,239308,691,35927,"",1.60,2.36,1.08,2.51,2.14,0.46,0.46,"",0,0.0,68,5.7,7474666,19.7,445949,4.9,-9355,-3.8,81,13.3,4227,13.3
"06081","5","611691","78","0","2023","A","",74,816,28280343,6379851,137397,667,34679,"",2.57,2.96,1.43,3.64,2.55,0.48,0.48,"",0,0.0,11,1.4,1762844,6.6,59756,0.9,-22327,-14.0,34,5.4,1741,5.3
"06081","5","611692","78","0","2023","A","",5,11,311463,74689,1476,557,28973,"",0.71,0.25,0.10,0.20,0.16,0.42,0.42,"",1,25.0,-2,-15.4,-100819,-24.5,-40319,-35.1,-491,-25.0,-57,-9.3,-2946,-9.2
"06081","5","611699","78","0","2023","A","",28,437,16777721,3158148,100435,739,38430,"",0.91,2.02,0.87,1.85,2.07,0.43,0.43,"",-1,-3.4,60,15.9,5812641,53.0,426512,15.6,13463,15.5,180,32.2,9377,32.3
"06081","5","6117","76","0","2023","A","",77,774,97905252,7190461,223989,2432,126479,"",0.99,1.38,1.12,1.41,1.40,0.81,0.81,"",-6,-7.2,-91,-10.5,1139266,1.2,-457870,-6.0,-4737,-2.1,281,13.1,14622,13.1
"06081","5","61171","77","0","2023","A","",77,774,97905252,7190461,223989,2432,126479,"",0.99,1.38,1.12,1.41,1.40,0.81,0.81,"",-6,-7.2,-91,-10.5,1139266,1.2,-457870,-6.0,-4737,-2.1,281,13.1,14622,13.1
"06081","5","611710","78","0","2023","A","",77,774,97905252,7190461,223989,2432,126479,"",0.99,1.38,1.12,1.41,1.40,0.81,0.81,"",-6,-7.2,-91,-10.5,1139266,1.2,-457870,-6.0,-4737,-2.1,281,13.1,14622,13.1
"06081","5","62","74","0","2023","A","",8560,44092,3926443536,328411967,8608218,1713,89051,"",1.77,0.75,0.44,0.87,0.90,0.59,0.59,"",375,4.6,1743,4.1,308871887,8.5,14138242,4.5,540203,6.7,70,4.3,3629,4.2
"06081","5","621","75","0","2023","A","",1693,19898,2504231946,160884559,4049612,2420,125856,"",0.94,0.86,0.60,0.82,0.84,0.70,0.70,"",52,3.2,811,4.2,174888359,7.5,7142200,4.6,256854,6.8,73,3.1,3815,3.1
"06081","5","6211","76","0","2023","A","",514,3670,554467532,27784173,691663,2905,151071,"",0.86,0.46,0.27,0.44,0.49,0.59,0.59,"",16,3.2,358,10.8,59327095,12.0,434997,1.6,-5438,-0.8,30,1.0,1553,1.0
"06081","5","62111","77","0","2023","A","",514,3670,554467532,27784173,691663,2905,151071,"",0.86,0.46,0.27,0.44,0.49,0.59,0.59,"",16,3.2,358,10.8,59327095,12.0,434997,1.6,-5438,-0.8,30,1.0,1553,1.0
"06081","5","621111","78","0","2023","A","",478,3545,541772720,26574811,659174,2939,152827,"",0.85,0.46,0.27,0.44,0.48,0.59,0.59,"",12,2.6,355,11.1,57604608,11.9,416263,1.6,-5723,-0.9,20,0.7,1030,0.7
"06081","5","621112","78","0","2023","A","",36,125,12694812,1209362,32489,1949,101356,"",0.97,0.58,0.32,0.60,0.58,0.55,0.55,"",5,16.1,3,2.5,1722487,15.7,18734,1.6,285,0.9,219,12.7,11419,12.7
"06081","5","6212","76","0","2023","A","",496,2947,200169871,26901015,612731,1306,67927,"",1.44,1.05,0.47,0.92,0.95,0.45,0.45,"",3,0.6,9,0.3,9414109,4.9,-174778,-0.6,-10187,-1.6,57,4.6,3000,4.6
"06081","5","62121","77","0","2023","A","",496,2947,200169871,26901015,612731,1306,67927,"",1.44,1.05,0.47,0.92,0.95,0.45,0.45,"",3,0.6,9,0.3,9414109,4.9,-174778,-0.6,-10187,-1.6,57,4.6,3000,4.6
"06081","5","621210","78","0","2023","A","",496,2947,200169871,26901015,612731,1306,67927,"",1.44,1.05,0.47,0.92,0.95,0.45,0.45,"",3,0.6,9,0.3,9414109,4.9,-174778,-0.6,-10187,-1.6,57,4.6,3000,4.6
"06081","5","6213","76","0","2023","A","",386,1678,96389280,15321297,401487,1104,57429,"",0.79,0.53,0.25,0.49,0.52,0.47,0.47,"",36,10.3,124,8.0,7711016,8.7,735619,5.0,27392,7.3,7,0.6,368,0.6
"06081","5","62131","77","0","2023","A","",76,220,9911742,1963208,44988,868,45156,"",0.76,0.55,0.24,0.50,0.55,0.45,0.45,"",6,8.6,28,14.6,1437811,17.0,370913,23.3,9053,25.2,19,2.2,1002,2.3
"06081","5","621310","78","0","2023","A","",76,220,9911742,1963208,44988,868,45156,"",0.76,0.55,0.24,0.50,0.55,0.45,0.45,"",6,8.6,28,14.6,1437811,17.0,370913,23.3,9053,25.2,19,2.2,1002,2.3
"06081","5","62132","77","0","2023","A","",51,322,17269564,2880977,70176,1030,53577,"",0.94,0.78,0.33,0.70,0.84,0.43,0.43,"",-3,-5.6,1,0.3,1137071,7.0,-126083,-4.2,-5499,-7.3,63,6.5,3268,6.5
"06081","5","621320","78","0","2023","A","",51,322,17269564,2880977,70176,1030,53577,"",0.94,0.78,0.33,0.70,0.84,0.43,0.43,"",-3,-5.6,1,0.3,1137071,7.0,-126083,-4.2,-5499,-7.3,63,6.5,3268,6.5
"06081","5","62133","77","0","2023","A","",89,259,16158803,2050267,59055,1202,62490,"",0.89,0.45,0.24,0.36,0.35,0.53,0.53,"",21,30.9,62,31.5,3513817,27.8,584215,39.8,16636,39.2,-36,-2.9,-1861,-2.9
"06081","5","621330","78","0","2023","A","",89,259,16158803,2050267,59055,1202,62490,"",0.89,0.45,0.24,0.36,0.35,0.53,0.53,"",21,30.9,62,31.5,3513817,27.8,584215,39.8,16636,39.2,-36,-2.9,-1861,-2.9
"06081","5","62134","77","0","2023","A","",85,685,36928915,6458527,178448,1037,53904,"",0.68,0.53,0.23,0.53,0.60,0.44,0.44,"",8,10.4,35,5.4,2028385,5.8,-131387,-2.0,3887,2.2,5,0.5,218,0.4
"06081","5","621340","78","0","2023","A","",85,685,36928915,6458527,178448,1037,53904,"",0.68,0.53,0.23,0.53,0.60,0.44,0.44,"",8,10.4,35,5.4,2028385,5.8,-131387,-2.0,3887,2.2,5,0.5,218,0.4
"06081","5","62139","77","0","2023","A","",85,193,16120256,1968318,48820,1607,83561,"",0.80,0.38,0.22,0.39,0.36,0.58,0.58,"",4,4.9,-2,-1.0,-406068,-2.5,37961,2.0,3315,7.3,-24,-1.5,-1226,-1.4
"06081","5","621391","78","0","2023","A","",13,32,3639745,391751,9614,2176,113153,"",0.76,0.35,0.28,0.45,0.45,0.81,0.81,"",1,8.3,1,3.2,209424,6.1,-18487,-4.5,-671,-6.5,76,3.6,3965,3.6
"06081","5","621399","78","0","2023","A","",72,161,12480511,1576567,39206,1493,77639,"",0.81,0.39,0.21,0.37,0.34,0.53,0.53,"",4,5.9,-3,-1.8,-615492,-4.7,56448,3.7,3986,11.3,-47,-3.1,-2459,-3.1
"06081","5","6214","76","0","2023","A","",122,5297,772284089,33048187,570778,2804,145794,"",0.97,1.80,1.38,1.68,1.15,0.77,0.77,"",-5,-3.9,-219,-4.0,8900112,1.2,-547908,-1.6,-37178,-6.1,143,5.4,7410,5.4
"06081","5","62141","77","0","2023","A","",13,108,10325317,600244,13310,1834,95384,"",1.77,1.38,0.82,1.14,0.87,0.59,0.59,"",2,18.2,13,13.7,2014472,24.2,53560,9.8,246,1.9,149,8.8,7748,8.8
"06081","5","621410","78","0","2023","A","",13,108,10325317,600244,13310,1834,95384,"",1.77,1.38,0.82,1.14,0.87,0.59,0.59,"",2,18.2,13,13.7,2014472,24.2,53560,9.8,246,1.9,149,8.8,7748,8.8
"06081","5","62142","77","0","2023","A","",10,136,9796983,1537898,46600,1387,72125,"",0.25,0.17,0.09,0.30,0.32,0.54,0.54,"",-1,-9.1,-62,-31.3,-2596665,-21.0,-329511,-17.6,-6984,-13.0,182,15.1,9478,15.1
"06081","5","621420","78","0","2023","A","",10,136,9796983,1537898,46600,1387,72125,"",0.25,0.17,0.09,0.30,0.32,0.54,0.54,"",-1,-9.1,-62,-31.3,-2596665,-21.0,-329511,-17.6,-6984,-13.0,182,15.1,9478,15.1
"06081","5","62149","77","0","2023","A","",99,5053,752161789,30910045,510868,2863,148855,"",1.26,2.46,1.71,2.21,1.51,0.70,0.70,"",-6,-5.7,-171,-3.3,9482305,1.3,-271957,-0.9,-30440,-5.6,129,4.7,6681,4.7
"06081","5","621491","78","0","2023","A","N",43,0,0,0,0,0,0,"N",5.78,0,0,0,0,0,0,"N",0,0.0,0,0,0,0,0,0,0,0,0,0,0,0
"06081","5","621492","78","0","2023","A","N",17,0,0,0,0,0,0,"N",0.83,0,0,0,0,0,0,"N",0,0.0,0,0,0,0,0,0,0,0,0,0,0,0
"06081","5","621493","78","0","2023","A","",21,803,89074981,1874339,53211,2134,110974,"",0.92,1.65,1.06,0.43,0.50,0.64,0.64,"",-3,-12.5,-258,-24.3,-17530032,-16.4,-386970,-17.1,-796,-1.5,201,10.4,10466,10.4
"06081","5","621498","78","0","2023","A","",18,338,27678981,689419,19197,1574,81850,"",0.65,0.53,0.23,0.17,0.17,0.44,0.43,"N",-4,-18.2,0,0,0,0,0,0,0,0,0,0,0,0
"06081","5","6215","76","0","2023","A","",52,3584,671527422,35213696,1157281,3603,187372,"",0.69,4.15,4.06,4.12,5.48,0.98,0.98,"",-5,-8.8,265,8.0,62692826,10.3,5063199,16.8,220774,23.6,75,2.1,3933,2.1
"06081","5","62151","77","0","2023","A","",52,3584,671527422,35213696,1157281,3603,187372,"",0.69,4.15,4.06,4.12,5.48,0.98,0.98,"",-5,-8.8,265,8.0,62692826,10.3,5063199,16.8,220774,23.6,75,2.1,3933,2.1
"06081","5","621511","78","0","2023","A","",42,3334,644296126,31489836,1010148,3716,193250,"",0.73,5.25,5.32,4.90,6.54,1.02,1.01,"",1,2.4,214,6.9,56900152,9.7,3212920,11.4,160455,18.9,96,2.7,4997,2.7
"06081","5","621512","78","0","2023","A","",10,250,27231296,3723860,147133,2095,108962,"",0.54,1.10,0.61,1.75,2.59,0.56,0.56,"",-7,-41.2,51,25.6,5792674,27.0,1850279,98.8,60319,69.5,21,1.0,1095,1.0
"06081","5","6216","76","0","2023","A","",96,1955,135566516,16540885,443238,1333,69332,"",0.76,0.44,0.32,0.46,0.42,0.72,0.72,"",5,5.5,174,9.8,11876643,9.6,1495978,9.9,39060,9.7,-3,-0.2,-134,-0.2
"06081","5","62161","77","0","2023","A","",96,1955,135566516,16540885,443238,1333,69332,"",0.76,0.44,0.32,0.46,0.42,0.72,0.72,"",5,5.5,174,9.8,11876643,9.6,1495978,9.9,39060,9.7,-3,-0.2,-134,-0.2
"06081","5","621610","78","0","2023","A","",96,1955,135566516,16540885,443238,1333,69332,"",0.76,0.44,0.32,0.46,0.42,0.72,0.72,"",5,5.5,174,9.8,11876643,9.6,1495978,9.9,39060,9.7,-3,-0.2,-134,-0.2
"06081","5","6219","76","0","2023","A","",28,766,73827236,6075306,172434,1854,96401,"",0.55,0.80,0.50,0.72,0.82,0.62,0.62,"",3,12.0,99,14.8,14966558,25.4,135093,2.3,22431,15.0,157,9.3,8132,9.2
"06081","5","62191","77","0","2023","A","",5,337,25798209,2950495,66352,1473,76571,"",0.34,0.74,0.41,0.69,0.68,0.56,0.56,"",-1,-16.7,50,17.4,1486580,6.1,88404,3.1,1800,2.8,-158,-9.7,-8237,-9.7
"06081","5","621910","78","0","2023","A","",5,337,25798209,2950495,66352,1473,76571,"",0.34,0.74,0.41,0.69,0.68,0.56,0.56,"",-1,-16.7,50,17.4,1486580,6.1,88404,3.1,1800,2.8,-158,-9.7,-8237,-9.7
"06081","5","62199","77","0","2023","A","",23,429,48029027,3124811,106082,2153,111978,"",0.63,0.86,0.56,0.75,0.95,0.65,0.65,"",4,21.1,49,12.9,13479978,39.0,46689,1.5,20631,24.1,405,23.2,21099,23.2
"06081","5","621991","78","0","2023","A","",5,140,19882459,240698,10299,2739,142441,"",0.83,0.59,0.57,0.14,0.26,0.97,0.97,"",0,0.0,18,14.8,6658465,50.4,-235015,-49.4,-13159,-56.1,650,31.1,33825,31.1
"06081","5","621999","78","0","2023","A","",18,289,28146568,2884113,95783,1871,97281,"",0.60,1.11,0.55,1.18,1.32,0.50,0.50,"",4,28.6,31,12.0,6821513,32.0,281704,10.8,33790,54.5,284,17.9,14759,17.9
"06081","5","622","75","0","2023","A","",19,5283,635155240,11562796,356168,2312,120236,"",0.51,0.36,0.23,0.42,0.71,0.62,0.62,"",4,26.7,163,3.2,53338946,9.2,119222,1.0,10174,2.9,127,5.8,6591,5.8
"06081","5","6221","76","0","2023","A","",16,2871,353857816,2756574,48650,2370,123242,"",0.58,0.21,0.14,0.12,0.13,0.63,0.63,"",5,45.5,170,6.3,35466778,11.1,755056,37.7,15293,45.8,103,4.5,5367,4.6
"06081","5","62211","77","0","2023","A","",16,2871,353857816,2756574,48650,2370,123242,"",0.58,0.21,0.14,0.12,0.13,0.63,0.63,"",5,45.5,170,6.3,35466778,11.1,755056,37.7,15293,45.8,103,4.5,5367,4.6
"06081","5","622110","78","0","2023","A","",16,2871,353857816,2756574,48650,2370,123242,"",0.58,0.21,0.14,0.12,0.13,0.63,0.63,"",5,45.5,170,6.3,35466778,11.1,755056,37.7,15293,45.8,103,4.5,5367,4.6
"06081","5","6222","76","0","2023","A","N",1,0,0,0,0,0,0,"N",0.26,0,0,0,0,0,0,"N",0,0.0,0,0,0,0,0,0,0,0,0,0,0,0
"06081","5","62221","77","0","2023","A","N",1,0,0,0,0,0,0,"N",0.26,0,0,0,0,0,0,"N",0,0.0,0,0,0,0,0,0,0,0,0,0,0,0
"06081","5","622210","78","0","2023","A","N",1,0,0,0,0,0,0,"N",0.26,0,0,0,0,0,0,"N",0,0.0,0,0,0,0,0,0,0,0,0,0,0,0
"06081","5","6223","76","0","2023","A","N",3,0,0,0,0,0,0,"N",0.49,0,0,0,0,0,0,"N",0,0.0,0,0,0,0,0,0,0,0,0,0,0,0
"06081","5","62231","77","0","2023","A","N",3,0,0,0,0,0,0,"N",0.49,0,0,0,0,0,0,"N",0,0.0,0,0,0,0,0,0,0,0,0,0,0,0
"06081","5","622310","78","0","2023","A","N",3,0,0,0,0,0,0,"N",0.49,0,0,0,0,0,0,"N",0,0.0,0,0,0,0,0,0,0,0,0,0,0,0
"06081","5","623","75","0","2023","A","",265,5234,284417675,47182950,1195482,1045,54344,"",1.16,0.60,0.31,0.69,0.74,0.51,0.51,"",15,6.0,311,6.3,31327232,12.4,3375765,7.7,133950,12.6,56,5.7,2938,5.7
"06081","5","6231","76","0","2023","A","",47,1465,92208355,14114634,418620,1210,62944,"",0.93,0.38,0.21,0.42,0.53,0.56,0.56,"",6,14.6,41,2.9,9534454,11.5,1176220,9.1,56277,15.5,93,8.3,4873,8.4
"06081","5","62311","77","0","2023","A","",47,1465,92208355,14114634,418620,1210,62944,"",0.93,0.38,0.21,0.42,0.53,0.56,0.56,"",6,14.6,41,2.9,9534454,11.5,1176220,9.1,56277,15.5,93,8.3,4873,8.4
"06081","5","623110","78","0","2023","A","",47,1465,92208355,14114634,418620,1210,62944,"",0.93,0.38,0.21,0.42,0.53,0.56,0.56,"",6,14.6,41,2.9,9534454,11.5,1176220,9.1,56277,15.5,93,8.3,4873,8.4
"06081","5","6232","76","0","2023","A","",75,993,53223170,6236407,148203,1031,53616,"",0.87,0.57,0.28,0.61,0.60,0.49,0.49,"",3,4.2,30,3.1,3609144,7.3,-340,0.0,4023,2.8,40,4.0,2109,4.1
"06081","5","62321","77","0","2023","A","",54,627,30209350,4489303,104767,927,48194,"",0.88,0.60,0.28,0.81,0.91,0.47,0.47,"",1,1.9,11,1.8,1525301,5.3,153599,3.5,9758,10.3,31,3.5,1604,3.4
"06081","5","623210","78","0","2023","A","",54,627,30209350,4489303,104767,927,48194,"",0.88,0.60,0.28,0.81,0.91,0.47,0.47,"",1,1.9,11,1.8,1525301,5.3,153599,3.5,9758,10.3,31,3.5,1604,3.4
"06081","5","62322","77","0","2023","A","",21,366,23013820,1747104,43436,1210,62908,"",0.84,0.53,0.28,0.38,0.33,0.53,0.53,"",2,10.5,18,5.2,2083843,10.0,-153939,-8.1,-5735,-11.7,52,4.5,2692,4.5
"06081","5","623220","78","0","2023","A","",21,366,23013820,1747104,43436,1210,62908,"",0.84,0.53,0.28,0.38,0.33,0.53,0.53,"",2,10.5,18,5.2,2083843,10.0,-153939,-8.1,-5735,-11.7,52,4.5,2692,4.5
"06081","5","6233","76","0","2023","A","",137,2699,135859810,26266117,616502,968,50334,"",1.87,1.04,0.57,1.23,1.18,0.54,0.54,"",4,3.0,217,8.7,17425835,14.7,2033319,8.4,69207,12.6,50,5.4,2617,5.5
"06081","5","62331","77","0","2023","A","",137,2699,135859810,26266117,616502,968,50334,"",1.87,1.04,0.57,1.23,1.18,0.54,0.54,"",4,3.0,217,8.7,17425835,14.7,2033319,8.4,69207,12.6,50,5.4,2617,5.5
"06081","5","623311","78","0","2023","A","",16,628,35255235,5810646,116196,1080,56184,"",0.87,0.49,0.28,0.67,0.60,0.58,0.58,"",-1,-5.9,-114,-15.4,-3138028,-8.2,-1118297,-16.1,-26703,-18.7,85,8.5,4441,8.6
"06081","5","623312","78","0","2023","A","",121,2072,100604575,20455471,500306,934,48562,"",2.20,1.59,0.87,1.62,1.53,0.55,0.55,"",5,4.3,332,19.1,20563863,25.7,3151616,18.2,95910,23.7,49,5.5,2562,5.6
"06081","5","6239","76","0","2023","A","",7,77,3126340,565792,12157,782,40646,"",0.37,0.18,0.07,0.21,0.18,0.37,0.37,"",3,75.0,23,42.6,757799,32.0,166566,41.7,4443,57.6,-55,-6.6,-2880,-6.6
"06081","5","62399","77","0","2023","A","",7,77,3126340,565792,12157,782,40646,"",0.37,0.18,0.07,0.21,0.18,0.37,0.37,"",3,75.0,23,42.6,757799,32.0,166566,41.7,4443,57.6,-55,-6.6,-2880,-6.6
"06081","5","623990","78","0","2023","A","",7,77,3126340,565792,12157,782,40646,"",0.37,0.18,0.07,0.21,0.18,0.37,0.37,"",3,75.0,23,42.6,757799,32.0,166566,41.7,4443,57.6,-55,-6.6,-2880,-6.6
"06081","5","624","75","0","2023","A","",6583,13678,502638675,108781662,3006956,707,36748,"",2.39,1.13,0.52,1.26,1.15,0.46,0.46,"",305,4.9,458,3.5,49317350,10.9,3501055,3.3,139225,4.9,48,7.3,2457,7.2
"06081","5","6241","76","0","2023","A","",6190,10541,346669051,85031987,2416057,632,32887,"",2.48,1.30,0.56,1.52,1.33,0.43,0.43,"",310,5.3,309,3.0,31917655,10.1,2061117,2.5,110904,4.8,40,6.8,2125,6.9
"06081","5","62411","77","0","2023","A","",31,284,18307630,1891352,56566,1240,64463,"",0.89,0.46,0.28,0.56,0.58,0.61,0.61,"",7,29.2,75,35.9,4468866,32.3,635101,50.6,15793,38.7,-36,-2.8,-1883,-2.8
"06081","5","624110","78","0","2023","A","",31,284,18307630,1891352,56566,1240,64463,"",0.89,0.46,0.28,0.56,0.58,0.61,0.61,"",7,29.2,75,35.9,4468866,32.3,635101,50.6,15793,38.7,-36,-2.8,-1883,-2.8
"06081","5","62412","77","0","2023","A","",6061,9228,262391181,74984803,2110374,547,28436,"",2.58,1.51,0.67,1.75,1.50,0.45,0.45,"",306,5.3,190,2.1,18802269,7.7,806375,1.1,55834,2.7,29,5.6,1485,5.5
"06081","5","624120","78","0","2023","A","",6061,9228,262391181,74984803,2110374,547,28436,"",2.58,1.51,0.67,1.75,1.50,0.45,0.45,"",306,5.3,190,2.1,18802269,7.7,806375,1.1,55834,2.7,29,5.6,1485,5.5
"06081","5","62419","77","0","2023","A","",97,1030,65970240,8155832,249117,1232,64070,"",0.89,0.75,0.41,0.85,0.81,0.55,0.55,"",-4,-4.0,45,4.6,8646520,15.1,619641,8.2,39277,18.7,113,10.1,5863,10.1
"06081","5","624190","78","0","2023","A","",97,1030,65970240,8155832,249117,1232,64070,"",0.89,0.75,0.41,0.85,0.81,0.55,0.55,"",-4,-4.0,45,4.6,8646520,15.1,619641,8.2,39277,18.7,113,10.1,5863,10.1
"06081","5","6242","76","0","2023","A","",35,319,19957071,1707341,49848,1204,62627,"",0.96,0.53,0.26,0.43,0.40,0.50,0.50,"",-2,-5.4,28,9.6,1998231,11.1,54557,3.3,1267,2.6,15,1.3,807,1.3
"06081","5","62421","77","0","2023","A","N",9,0,0,0,0,0,0,"N",0.89,0,0,0,0,0,0,"N",0,0.0,0,0,0,0,0,0,0,0,0,0,0,0
"06081","5","624210","78","0","2023","A","N",9,0,0,0,0,0,0,"N",0.89,0,0,0,0,0,0,"N",0,0.0,0,0,0,0,0,0,0,0,0,0,0,0
"06081","5","62422","77","0","2023","A","",25,228,14286698,1218335,38109,1205,62638,"",1.28,0.61,0.32,0.49,0.46,0.52,0.52,"",-1,-3.8,16,7.5,1005732,7.6,27758,2.3,1184,3.2,0,0.0,-33,-0.1
"06081","5","624221","78","0","2023","A","",11,71,4466584,242349,7546,1204,62616,"",1.02,0.29,0.17,0.16,0.16,0.57,0.57,"",0,0.0,-1,-1.4,54516,1.2,-92205,-27.6,-3401,-31.1,28,2.4,1479,2.4
"06081","5","624229","78","0","2023","A","",15,157,9820114,975986,30563,1205,62648,"",1.70,1.22,0.54,0.99,0.91,0.45,0.45,"",0,0.0,17,12.1,951216,10.7,119963,14.0,4585,17.6,-15,-1.2,-815,-1.3
"06081","5","62423","77","0","2023","A","N",1,0,0,0,0,0,0,"N",0.15,0,0,0,0,0,0,"N",-1,-50.0,0,0,0,0,0,0,0,0,0,0,0,0
"06081","5","624230","78","0","2023","A","N",1,0,0,0,0,0,0,"N",0.15,0,0,0,0,0,0,"N",-1,-50.0,0,0,0,0,0,0,0,0,0,0,0,0
"06081","5","6243","76","0","2023","A","",10,305,12190929,548664,15639,768,39959,"",0.41,0.39,0.17,0.17,0.19,0.44,0.44,"",0,0.0,25,8.9,1658439,15.7,150803,37.9,4045,34.9,45,6.2,2377,6.3
"06081","5","62431","77","0","2023","A","",10,305,12190929,548664,15639,768,39959,"",0.41,0.39,0.17,0.17,0.19,0.44,0.44,"",0,0.0,25,8.9,1658439,15.7,150803,37.9,4045,34.9,45,6.2,2377,6.3
"06081","5","624310","78","0","2023","A","",10,305,12190929,548664,15639,768,39959,"",0.41,0.39,0.17,0.17,0.19,0.44,0.44,"",0,0.0,25,8.9,1658439,15.7,150803,37.9,4045,34.9,45,6.2,2377,6.3
"06081","5","6244","76","0","2023","A","",349,2513,123821624,21493670,525412,947,49269,"",1.76,0.96,0.62,0.93,0.87,0.64,0.64,"",-3,-0.9,96,4.0,13743025,12.5,1234578,6.1,23009,4.6,71,8.1,3732,8.2
"06081","5","62441","77","0","2023","A","",349,2513,123821624,21493670,525412,947,49269,"",1.76,0.96,0.62,0.93,0.87,0.64,0.64,"",-3,-0.9,96,4.0,13743025,12.5,1234578,6.1,23009,4.6,71,8.1,3732,8.2
"06081","5","624410","78","0","2023","A","",349,2513,123821624,21493670,525412,947,49269,"",1.76,0.96,0.62,0.93,0.87,0.64,0.64,"",-3,-0.9,96,4.0,13743025,12.5,1234578,6.1,23009,4.6,71,8.1,3732,8.2
"06081","5","71","74","0","2023","A","",351,5863,263565290,47275918,1014661,865,44955,"",0.76,0.86,0.33,0.91,0.59,0.38,0.38,"",9,2.6,614,11.7,29249737,12.5,3540275,8.1,-5126,-0.5,6,0.7,312,0.7
"06081","5","711","75","0","2023","A","",111,473,25892472,4695900,133602,1054,54789,"",0.56,0.32,0.06,0.36,0.27,0.20,0.20,"",2,1.8,73,18.2,3574139,16.0,202592,4.5,-22888,-14.6,-19,-1.8,-984,-1.8
"06081","5","7111","76","0","2023","A","",27,203,8583729,2343655,60672,814,42319,"",0.84,0.57,0.16,0.75,0.39,0.29,0.29,"",1,3.8,4,2.0,-839512,-8.9,-94020,-3.9,-22343,-26.9,-95,-10.5,-4975,-10.5
"06081","5","71111","77","0","2023","A","",11,134,5903239,1732237,43519,845,43917,"",1.07,0.70,0.28,0.99,0.48,0.41,0.41,"",-3,-21.4,-18,-11.8,-1328368,-18.4,-280389,-13.9,-28328,-39.4,-73,-8.0,-3816,-8.0
"06081","5","711110","78","0","2023","A","",11,134,5903239,1732237,43519,845,43917,"",1.07,0.70,0.28,0.99,0.48,0.41,0.41,"",-3,-21.4,-18,-11.8,-1328368,-18.4,-280389,-13.9,-28328,-39.4,-73,-8.0,-3816,-8.0
"06081","5","71112","77","0","2023","A","",4,26,452181,192172,5812,341,17733,"",1.09,0.67,0.12,0.59,0.26,0.18,0.18,"N",2,100.0,0,0,0,0,0,0,0,0,0,0,0,0
"06081","5","711120","78","0","2023","A","",4,26,452181,192172,5812,341,17733,"",1.09,0.67,0.12,0.59,0.26,0.18,0.18,"N",2,100.0,0,0,0,0,0,0,0,0,0,0,0,0
"06081","5","71113","77","0","2023","A","",12,43,2228309,419246,11341,998,51922,"",0.80,0.43,0.09,0.57,0.35,0.21,0.21,"N",2,20.0,0,0,0,0,0,0,0,0,0,0,0,0
"06081","5","711130","78","0","2023","A","",12,43,2228309,419246,11341,998,51922,"",0.80,0.43,0.09,0.57,0.35,0.21,0.21,"N",2,20.0,0,0,0,0,0,0,0,0,0,0,0,0
"06081","5","7112","76","0","2023","A","",13,72,2464903,652898,15001,658,34195,"",0.61,0.17,0.01,0.16,0.14,0.07,0.07,"",1,8.3,15,26.3,685521,38.5,136367,26.4,1235,9.0,61,10.2,3159,10.2
"06081","5","71121","77","0","2023","A","",13,72,2464903,652898,15001,658,34195,"",0.61,0.17,0.01,0.16,0.14,0.07,0.07,"",1,8.3,15,26.3,685521,38.5,136367,26.4,1235,9.0,61,10.2,3159,10.2
"06081","5","711211","78","0","2023","A","",8,57,1744626,548047,10841,589,30607,"",0.91,0.19,0.01,0.19,0.14,0.05,0.05,"",0,0.0,13,29.5,520037,42.5,118286,27.5,1222,12.7,52,9.7,2670,9.6
"06081","5","711212","78","0","2023","A","N",1,0,0,0,0,0,0,"N",0.51,0,0,0,0,0,0,"N",0,0.0,0,0,0,0,0,0,0,0,0,0,0,0
"06081","5","711219","78","0","2023","A","N",4,0,0,0,0,0,0,"N",0.39,0,0,0,0,0,0,"N",1,33.3,0,0,0,0,0,0,0,0,0,0,0,0
"06081","5","7113","76","0","2023","A","N",12,0,0,0,0,0,0,"N",0.43,0,0,0,0,0,0,"N",2,20.0,0,0,0,0,0,0,0,0,0,0,0,0
"06081","5","71131","77","0","2023","A","",8,61,2569708,451844,14970,805,41841,"",0.68,0.18,0.06,0.18,0.15,0.36,0.36,"N",-1,-11.1,0,0,0,0,0,0,0,0,0,0,0,0
"06081","5","711310","78","0","2023","A","",8,61,2569708,451844,14970,805,41841,"",0.68,0.18,0.06,0.18,0.15,0.36,0.36,"N",-1,-11.1,0,0,0,0,0,0,0,0,0,0,0,0
"06081","5","71132","77","0","2023","A","N",4,0,0,0,0,0,0,"N",0.25,0,0,0,0,0,0,"N",2,100.0,0,0,0,0,0,0,0,0,0,0,0,0
"06081","5","711320","78","0","2023","A","N",4,0,0,0,0,0,0,"N",0.25,0,0,0,0,0,0,"N",2,100.0,0,0,0,0,0,0,0,0,0,0,0,0
"06081","5","7114","76","0","2023","A","N",8,0,0,0,0,0,0,"N",0.47,0,0,0,0,0,0,"N",0,0.0,0,0,0,0,0,0,0,0,0,0,0,0
"06081","5","71141","77","0","2023","A","N",8,0,0,0,0,0,0,"N",0.47,0,0,0,0,0,0,"N",0,0.0,0,0,0,0,0,0,0,0,0,0,0,0
"06081","5","711410","78","0","2023","A","N",8,0,0,0,0,0,0,"N",0.47,0,0,0,0,0,0,"N",0,0.0,0,0,0,0,0,0,0,0,0,0,0,0
"06081","5","7115","76","0","2023","A","",51,124,10827687,1106770,39321,1677,87203,"",0.51,0.76,0.18,0.68,0.65,0.24,0.24,"",-2,-3.8,29,30.5,2574164,31.2,-53390,-4.6,-8856,-18.4,2,0.1,95,0.1
"06081","5","71151","77","0","2023","A","",51,124,10827687,1106770,39321,1677,87203,"",0.51,0.76,0.18,0.68,0.65,0.24,0.24,"",-2,-3.8,29,30.5,2574164,31.2,-53390,-4.6,-8856,-18.4,2,0.1,95,0.1
"06081","5","711510","78","0","2023","A","",51,124,10827687,1106770,39321,1677,87203,"",0.51,0.76,0.18,0.68,0.65,0.24,0.24,"",-2,-3.8,29,30.5,2574164,31.2,-53390,-4.6,-8856,-18.4,2,0.1,95,0.1
"06081","5","712","75","0","2023","A","",12,227,15227116,2103180,46541,1290,67080,"",0.61,0.48,0.29,0.89,0.77,0.61,0.61,"",2,20.0,27,13.5,2482553,19.5,335047,18.9,5466,13.3,61,5.0,3197,5.0
"06081","5","7121","76","0","2023","A","",12,227,15227116,2103180,46541,1290,67080,"",0.61,0.48,0.29,0.89,0.77,0.61,0.61,"",2,20.0,27,13.5,2482553,19.5,335047,18.9,5466,13.3,61,5.0,3197,5.0
"06081","5","71211","77","0","2023","A","",9,170,11114305,1533472,34063,1261,65571,"",0.68,0.63,0.35,1.18,0.95,0.56,0.56,"",2,28.6,19,12.6,1819889,19.6,272898,21.6,1952,6.1,77,6.5,3985,6.5
"06081","5","712110","78","0","2023","A","",9,170,11114305,1533472,34063,1261,65571,"",0.68,0.63,0.35,1.18,0.95,0.56,0.56,"",2,28.6,19,12.6,1819889,19.6,272898,21.6,1952,6.1,77,6.5,3985,6.5
"06081","5","71212","77","0","2023","A","N",1,0,0,0,0,0,0,"N",0.58,0,0,0,0,0,0,"N",0,0.0,0,0,0,0,0,0,0,0,0,0,0,0
"06081","5","712120","78","0","2023","A","N",1,0,0,0,0,0,0,"N",0.58,0,0,0,0,0,0,"N",0,0.0,0,0,0,0,0,0,0,0,0,0,0,0
"06081","5","71213","77","0","2023","A","N",1,0,0,0,0,0,0,"N",0.44,0,0,0,0,0,0,"N",0,0.0,0,0,0,0,0,0,0,0,0,0,0,0
"06081","5","712130","78","0","2023","A","N",1,0,0,0,0,0,0,"N",0.44,0,0,0,0,0,0,"N",0,0.0,0,0,0,0,0,0,0,0,0,0,0,0
"06081","5","71219","77","0","2023","A","N",1,0,0,0,0,0,0,"N",0.42,0,0,0,0,0,0,"N",0,0.0,0,0,0,0,0,0,0,0,0,0,0,0
"06081","5","712190","78","0","2023","A","N",1,0,0,0,0,0,0,"N",0.42,0,0,0,0,0,0,"N",0,0.0,0,0,0,0,0,0,0,0,0,0,0,0
"06081","5","713","75","0","2023","A","",228,5163,222445702,40476838,834518,829,43082,"",0.94,1.06,0.63,1.11,0.71,0.60,0.60,"",5,2.2,514,11.1,23193045,11.6,3002636,8.0,12296,1.5,5,0.6,223,0.5
"06081","5","7131","76","0","2023","A","",11,121,4105831,1129940,24571,654,34003,"",1.07,0.19,0.08,0.26,0.25,0.41,0.41,"",0,0.0,18,17.5,622889,17.9,184439,19.5,-138,-0.6,4,0.6,215,0.6
"06081","5","71311","77","0","2023","A","N",2,0,0,0,0,0,0,"N",0.62,0,0,0,0,0,0,"N",1,100.0,0,0,0,0,0,0,0,0,0,0,0,0
"06081","5","713110","78","0","2023","A","N",2,0,0,0,0,0,0,"N",0.62,0,0,0,0,0,0,"N",1,100.0,0,0,0,0,0,0,0,0,0,0,0,0
"06081","5","71312","77","0","2023","A","N",9,0,0,0,0,0,0,"N",1.29,0,0,0,0,0,0,"N",-1,-10.0,0,0,0,0,0,0,0,0,0,0,0,0
"06081","5","713120","78","0","2023","A","N",9,0,0,0,0,0,0,"N",1.29,0,0,0,0,0,0,"N",-1,-10.0,0,0,0,0,0,0,0,0,0,0,0,0
"06081","5","7132","76","0","2023","A","",5,1170,72674004,9695220,177301,1195,62128,"",0.47,3.66,1.90,2.90,1.67,0.52,0.52,"",1,25.0,278,31.2,13510719,22.8,2002206,26.0,39333,28.5,-81,-6.3,-4236,-6.4
"06081","5","71321","77","0","2023","A","N",2,0,0,0,0,0,0,"N",1.78,0,0,0,0,0,0,"N",0,0.0,0,0,0,0,0,0,0,0,0,0,0,0
"06081","5","713210","78","0","2023","A","N",2,0,0,0,0,0,0,"N",1.78,0,0,0,0,0,0,"N",0,0.0,0,0,0,0,0,0,0,0,0,0,0,0
"06081","5","71329","77","0","2023","A","N",3,0,0,0,0,0,0,"N",0.31,0,0,0,0,0,0,"N",1,50.0,0,0,0,0,0,0,0,0,0,0,0,0
"06081","5","713290","78","0","2023","A","N",3,0,0,0,0,0,0,"N",0.31,0,0,0,0,0,0,"N",1,50.0,0,0,0,0,0,0,0,0,0,0,0,0
"06081","5","7139","76","0","2023","A","",212,3873,145665867,29651678,632646,723,37613,"",0.95,0.99,0.56,1.02,0.65,0.57,0.57,"",4,1.9,219,6.0,9059437,6.6,815991,2.8,-26899,-4.1,4,0.6,232,0.6
"06081","5","71391","77","0","2023","A","",10,953,51867092,7926286,137626,1047,54454,"",0.35,0.84,0.55,0.83,0.34,0.66,0.66,"",1,11.1,126,15.2,9952476,23.7,690216,9.5,-1767,-1.3,72,7.4,3766,7.4
"06081","5","713910","78","0","2023","A","",10,953,51867092,7926286,137626,1047,54454,"",0.35,0.84,0.55,0.83,0.34,0.66,0.66,"",1,11.1,126,15.2,9952476,23.7,690216,9.5,-1767,-1.3,72,7.4,3766,7.4
"06081","5","71393","77","0","2023","A","",3,10,693133,96502,2665,1290,67077,"",0.29,0.09,0.06,0.09,0.07,0.61,0.61,"",0,0.0,0,0.0,189087,37.5,14231,17.3,4,0.2,313,32.0,16249,32.0
"06081","5","713930","78","0","2023","A","",3,10,693133,96502,2665,1290,67077,"",0.29,0.09,0.06,0.09,0.07,0.61,0.61,"",0,0.0,0,0.0,189087,37.5,14231,17.3,4,0.2,313,32.0,16249,32.0
"06081","5","71394","77","0","2023","A","",144,2256,68715492,15322138,336123,586,30466,"",1.28,1.32,0.78,1.50,1.20,0.59,0.59,"",0,0.0,39,1.8,-4079903,-5.6,-394458,-2.5,-38290,-10.2,-45,-7.1,-2370,-7.2
"06081","5","713940","78","0","2023","A","",144,2256,68715492,15322138,336123,586,30466,"",1.28,1.32,0.78,1.50,1.20,0.59,0.59,"",0,0.0,39,1.8,-4079903,-5.6,-394458,-2.5,-38290,-10.2,-45,-7.1,-2370,-7.2
"06081","5","71395","77","0","2023","A","",5,109,3710376,947706,18112,654,34014,"",0.57,0.58,0.33,0.64,0.50,0.56,0.56,"",0,0.0,-6,-5.2,-40,0.0,16233,1.7,-2887,-13.7,35,5.7,1843,5.7
"06081","5","713950","78","0","2023","A","",5,109,3710376,947706,18112,654,34014,"",0.57,0.58,0.33,0.64,0.50,0.56,0.56,"",0,0.0,-6,-5.2,-40,0.0,16233,1.7,-2887,-13.7,35,5.7,1843,5.7
"06081","5","71399","77","0","2023","A","",51,545,20679774,5359046,138120,729,37921,"",0.82,0.83,0.47,1.01,0.88,0.56,0.56,"",3,6.2,60,12.4,2997817,17.0,489769,10.1,16041,13.1,28,4.0,1488,4.1
"06081","5","713990","78","0","2023","A","",51,545,20679774,5359046,138120,729,37921,"",0.82,0.83,0.47,1.01,0.88,0.56,0.56,"",3,6.2,60,12.4,2997817,17.0,489769,10.1,16041,13.1,28,4.0,1488,4.1
"06081","5","72","74","0","2023","A","",2055,36348,1533707853,348027933,8044473,811,42195,"",1.03,0.95,0.58,1.04,0.94,0.61,0.61,"",42,2.1,2340,6.9,180062381,13.3,19522572,5.9,-17551,-0.2,46,6.0,2392,6.0
"06081","5","721","75","0","2023","A","",167,5136,279356441,49876217,1027866,1046,54389,"",0.84,1.00,0.54,0.88,0.65,0.54,0.54,"",1,0.6,768,17.6,50214119,21.9,5851083,13.3,5859,0.6,37,3.7,1935,3.7
"06081","5","7211","76","0","2023","A","",154,5073,277704828,49257893,1012315,1053,54740,"",0.90,1.03,0.56,0.91,0.67,0.54,0.54,"",0,0.0,774,18.0,50409388,22.2,5888718,13.6,6768,0.7,36,3.5,1873,3.5
"06081","5","72111","77","0","2023","A","N",151,0,0,0,0,0,0,"N",0.97,0,0,0,0,0,0,"N",0,0.0,0,0,0,0,0,0,0,0,0,0,0,0
"06081","5","721110","78","0","2023","A","N",151,0,0,0,0,0,0,"N",0.97,0,0,0,0,0,0,"N",0,0.0,0,0,0,0,0,0,0,0,0,0,0,0
"06081","5","72119","77","0","2023","A","N",3,0,0,0,0,0,0,"N",0.22,0,0,0,0,0,0,"N",0,0.0,0,0,0,0,0,0,0,0,0,0,0,0
"06081","5","721191","78","0","2023","A","N",1,0,0,0,0,0,0,"N",0.16,0,0,0,0,0,0,"N",0,0.0,0,0,0,0,0,0,0,0,0,0,0,0
"06081","5","721199","78","0","2023","A","N",2,0,0,0,0,0,0,"N",0.26,0,0,0,0,0,0,"N",0,0.0,0,0,0,0,0,0,0,0,0,0,0,0
"06081","5","7212","76","0","2023","A","N",12,0,0,0,0,0,0,"N",0.54,0,0,0,0,0,0,"N",0,0.0,0,0,0,0,0,0,0,0,0,0,0,0
"06081","5","72121","77","0","2023","A","N",12,0,0,0,0,0,0,"N",0.54,0,0,0,0,0,0,"N",0,0.0,0,0,0,0,0,0,0,0,0,0,0,0
"06081","5","721211","78","0","2023","A","N",4,0,0,0,0,0,0,"N",0.28,0,0,0,0,0,0,"N",0,0.0,0,0,0,0,0,0,0,0,0,0,0,0
"06081","5","721214","78","0","2023","A","",8,45,1117946,454576,10812,483,25122,"",0.96,0.43,0.13,0.50,0.43,0.30,0.30,"",0,0.0,1,2.3,-77209,-6.5,-7952,-1.7,-147,-1.3,-40,-7.6,-2092,-7.7
"06081","5","7213","76","0","2023","A","N",1,0,0,0,0,0,0,"N",0.22,0,0,0,0,0,0,"N",0,0.0,0,0,0,0,0,0,0,0,0,0,0,0
"06081","5","72131","77","0","2023","A","N",1,0,0,0,0,0,0,"N",0.22,0,0,0,0,0,0,"N",0,0.0,0,0,0,0,0,0,0,0,0,0,0,0
"06081","5","721310","78","0","2023","A","N",1,0,0,0,0,0,0,"N",0.22,0,0,0,0,0,0,"N",0,0.0,0,0,0,0,0,0,0,0,0,0,0,0
"06081","5","722","75","0","2023","A","",1888,31211,1254351412,298151716,7016607,773,40189,"",1.05,0.94,0.59,1.07,1.00,0.63,0.63,"",41,2.2,1571,5.3,129848262,11.5,13671489,4.8,-23410,-0.3,43,5.9,2250,5.9
"06081","5","7223","76","0","2023","A","",222,4446,254558516,47137061,1287731,1101,57256,"",1.75,2.23,1.48,2.52,1.41,0.66,0.66,"",12,5.7,733,19.7,51669166,25.5,9493409,25.2,69922,5.7,50,4.8,2618,4.8
"06081","5","72231","77","0","2023","A","",135,3105,198896822,34063802,950141,1232,64054,"",2.10,2.17,1.54,2.45,1.28,0.71,0.71,"",12,9.8,687,28.4,44217617,28.6,8799163,34.8,173063,22.3,2,0.2,82,0.1
"06081","5","722310","78","0","2023","A","",135,3105,198896822,34063802,950141,1232,64054,"",2.10,2.17,1.54,2.45,1.28,0.71,0.71,"",12,9.8,687,28.4,44217617,28.6,8799163,34.8,173063,22.3,2,0.2,82,0.1
"06081","5","72232","77","0","2023","A","",63,1244,52036088,12100249,309596,804,41821,"",1.81,2.77,1.45,3.13,2.26,0.53,0.53,"",-2,-3.1,30,2.5,6615648,14.6,539606,4.7,-107340,-25.7,85,11.8,4417,11.8
"06081","5","722320","78","0","2023","A","",63,1244,52036088,12100249,309596,804,41821,"",1.81,2.77,1.45,3.13,2.26,0.53,0.53,"",-2,-3.1,30,2.5,6615648,14.6,539606,4.7,-107340,-25.7,85,11.8,4417,11.8
"06081","5","72233","77","0","2023","A","",25,97,3625606,973010,27994,722,37539,"",0.90,0.88,0.52,0.99,0.84,0.60,0.60,"",3,13.6,16,19.8,835901,30.0,154640,18.9,4199,17.6,60,9.1,3134,9.1
"06081","5","722330","78","0","2023","A","",25,97,3625606,973010,27994,722,37539,"",0.90,0.88,0.52,0.99,0.84,0.60,0.60,"",3,13.6,16,19.8,835901,30.0,154640,18.9,4199,17.6,60,9.1,3134,9.1
"06081","5","7224","76","0","2023","A","",49,473,17079170,4742904,115649,695,36121,"",0.45,0.41,0.24,0.49,0.42,0.58,0.58,"",-3,-5.8,31,7.0,2294032,15.5,463268,10.8,3269,2.9,51,7.9,2652,7.9
"06081","5","72241","77","0","2023","A","",49,473,17079170,4742904,115649,695,36121,"",0.45,0.41,0.24,0.49,0.42,0.58,0.58,"",-3,-5.8,31,7.0,2294032,15.5,463268,10.8,3269,2.9,51,7.9,2652,7.9
"06081","5","722410","78","0","2023","A","",49,473,17079170,4742904,115649,695,36121,"",0.45,0.41,0.24,0.49,0.42,0.58,0.58,"",-3,-5.8,31,7.0,2294032,15.5,463268,10.8,3269,2.9,51,7.9,2652,7.9
"06081","5","7225","76","0","2023","A","",1617,26293,982713726,246271751,5613227,719,37376,"",1.04,0.87,0.52,0.99,0.97,0.59,0.59,"",32,2.0,808,3.2,75885064,8.4,3714812,1.5,-96601,-1.7,35,5.1,1793,5.0
"06081","5","72251","77","0","2023","A","",1617,26293,982713726,246271751,5613227,719,37376,"",1.04,0.87,0.52,0.99,0.97,0.59,0.59,"",32,2.0,808,3.2,75885064,8.4,3714812,1.5,-96601,-1.7,35,5.1,1793,5.0
"06081","5","722511","78","0","2023","A","",755,13781,575328557,130347158,2954335,803,41748,"",1.13,0.94,0.55,1.00,0.92,0.58,0.58,"",10,1.3,293,2.2,40671203,7.6,-1078398,-0.8,-178844,-5.7,41,5.4,2108,5.3
"06081","5","722513","78","0","2023","A","",587,9174,291627867,84408814,1887023,611,31788,"",0.88,0.73,0.42,0.86,0.92,0.58,0.59,"",33,6.0,685,8.1,29115766,11.1,4669450,5.9,122447,6.9,16,2.7,865,2.8
"06081","5","722514","78","0","2023","A","",19,377,33458165,5117144,131737,1705,88650,"",1.41,1.82,2.59,3.20,3.72,1.42,1.42,"",0,0.0,10,2.7,2310670,7.4,-331668,-6.1,-16299,-11.0,71,4.3,3664,4.3
"06081","5","722515","78","0","2023","A","",256,2960,82299137,26398635,640132,535,27804,"",1.26,1.14,0.58,1.30,1.25,0.50,0.50,"",-10,-3.8,-181,-5.8,3787425,4.8,455428,1.8,-23905,-3.6,54,11.2,2811,11.2
"06081","5","81","74","0","2023","A","",3243,13298,921194240,109482078,2881923,1332,69275,"",1.45,1.06,0.60,1.00,0.98,0.57,0.57,"",-41,-1.2,184,1.4,-11331245,-1.2,-2411597,-2.2,-222638,-7.2,-35,-2.6,-1834,-2.6
"06081","5","811","75","0","2023","A","",534,3570,233747009,32541589,844253,1259,65483,"",0.85,0.90,0.42,0.78,0.79,0.47,0.47,"",-8,-1.5,4,0.1,4129835,1.8,-960421,-2.9,-83813,-9.0,21,1.7,1097,1.7
"06081","5","8111","76","0","2023","A","",449,3133,196730975,28707009,741580,1208,62798,"",1.02,1.13,0.56,0.99,1.07,0.50,0.50,"",-7,-1.5,-5,-0.2,3774803,2.0,-540579,-1.8,-66262,-8.2,25,2.1,1306,2.1
"06081","5","81111","77","0","2023","A","",254,1118,75964611,9960410,261869,1307,67952,"",1.03,0.93,0.48,0.77,0.87,0.51,0.51,"",-6,-2.3,30,2.8,-1935364,-2.5,-117723,-1.2,-2797,-1.1,-69,-5.0,-3620,-5.1
"06081","5","811111","78","0","2023","A","",236,1053,71558727,9438626,248303,1307,67979,"",1.08,0.98,0.50,0.81,0.91,0.51,0.51,"",-5,-2.1,27,2.6,-2127708,-2.9,-76655,-0.8,785,0.3,-74,-5.4,-3840,-5.3
"06081","5","811114","78","0","2023","A","",18,65,4405884,521784,13566,1299,67523,"",0.67,0.53,0.27,0.41,0.48,0.52,0.52,"",-1,-5.3,3,4.8,192344,4.6,-41068,-7.3,-3582,-20.9,1,0.1,16,0.0
"06081","5","81112","77","0","2023","A","",133,1281,93453486,12248645,323894,1402,72930,"",1.23,1.59,0.76,1.39,1.49,0.48,0.48,"",-3,-2.2,58,4.7,8277244,9.7,627704,5.4,-11171,-3.3,63,4.7,3299,4.7
"06081","5","811121","78","0","2023","A","",122,1218,90039967,11673187,301198,1422,73929,"",1.35,1.73,0.82,1.52,1.61,0.47,0.47,"",-3,-2.4,58,5.0,8182566,10.0,660393,6.0,-6608,-2.1,65,4.8,3362,4.8
"06081","5","811122","78","0","2023","A","",11,64,3413519,575458,22696,1034,53756,"",0.64,0.61,0.25,0.51,0.77,0.41,0.41,"",0,0.0,1,1.6,94678,2.9,-32689,-5.4,-4563,-16.7,25,2.5,1284,2.4
"06081","5","81119","77","0","2023","A","",62,733,27312878,6497954,155817,716,37241,"",0.71,0.94,0.41,0.91,0.90,0.44,0.44,"",1,1.6,-93,-11.3,-2567077,-8.6,-1050560,-13.9,-52294,-25.1,21,3.0,1078,3.0
"06081","5","811191","78","0","2023","A","",13,129,5531857,1214994,32829,826,42938,"",0.65,0.66,0.30,0.60,0.70,0.45,0.45,"",0,0.0,-2,-1.5,475925,9.4,-46553,-3.7,-5818,-15.1,86,11.6,4441,11.5
"06081","5","811192","78","0","2023","A","",31,565,19445662,4849759,111832,662,34448,"",0.64,1.13,0.52,1.12,1.05,0.46,0.46,"",-1,-3.1,-87,-13.3,-3090008,-13.7,-1081398,-18.2,-49855,-30.8,-3,-0.5,-107,-0.3
"06081","5","811198","78","0","2023","A","",18,40,2335359,433201,11156,1120,58263,"",0.97,0.50,0.24,0.55,0.53,0.48,0.48,"",2,12.5,-3,-7.0,47006,2.1,77391,21.8,3379,43.4,91,8.8,4734,8.8
"06081","5","8112","76","0","2023","A","",21,170,14660886,1192372,32880,1663,86452,"",0.50,0.59,0.27,0.39,0.40,0.47,0.46,"",-1,-4.5,30,21.4,1579983,12.1,-112929,-8.7,-241,-0.7,-128,-7.1,-6706,-7.2
"06081","5","81121","77","0","2023","A","",21,170,14660886,1192372,32880,1663,86452,"",0.50,0.59,0.27,0.39,0.40,0.47,0.46,"",-1,-4.5,30,21.4,1579983,12.1,-112929,-8.7,-241,-0.7,-128,-7.1,-6706,-7.2
"06081","5","811210","78","0","2023","A","",21,170,14660886,1192372,32880,1663,86452,"",0.50,0.59,0.27,0.39,0.40,0.47,0.46,"",-1,-4.5,30,21.4,1579983,12.1,-112929,-8.7,-241,-0.7,-128,-7.1,-6706,-7.2
"06081","5","8113","76","0","2023","A","",25,167,16303862,1666738,40384,1882,97872,"",0.31,0.26,0.13,0.22,0.17,0.50,0.50,"",0,0.0,-3,-1.8,-177943,-1.1,-99761,-5.6,-7051,-14.9,17,0.9,873,0.9
"06081","5","81131","77","0","2023","A","",25,167,16303862,1666738,40384,1882,97872,"",0.31,0.26,0.13,0.22,0.17,0.50,0.50,"",0,0.0,-3,-1.8,-177943,-1.1,-99761,-5.6,-7051,-14.9,17,0.9,873,0.9
"06081","5","811310","78","0","2023","A","",25,167,16303862,1666738,40384,1882,97872,"",0.31,0.26,0.13,0.22,0.17,0.50,0.50,"",0,0.0,-3,-1.8,-177943,-1.1,-99761,-5.6,-7051,-14.9,17,0.9,873,0.9
"06081","5","8114","76","0","2023","A","",39,101,6051286,975470,29409,1156,60112,"",0.61,0.43,0.22,0.43,0.47,0.52,0.51,"",0,0.0,-17,-14.4,-1047008,-14.8,-207152,-17.5,-10259,-25.9,-1,-0.1,-43,-0.1
"06081","5","81141","77","0","2023","A","",16,56,4121050,568804,16489,1422,73920,"",0.76,0.69,0.41,0.70,0.75,0.59,0.59,"",0,0.0,-17,-23.3,-1124834,-21.4,-191915,-25.2,-7886,-32.4,48,3.5,2466,3.5
"06081","5","811412","78","0","2023","A","",16,56,4121050,568804,16489,1422,73920,"",1.02,0.86,0.49,0.86,0.96,0.57,0.57,"",0,0.0,-17,-23.3,-1124834,-21.4,-191915,-25.2,-7886,-32.4,48,3.5,2466,3.5
"06081","5","81142","77","0","2023","A","",9,22,1080949,188086,6458,934,48582,"",0.98,0.61,0.27,0.55,0.72,0.44,0.44,"",-1,-10.0,-1,-4.3,-58174,-5.1,-29647,-13.6,-2389,-27.0,-15,-1.6,-766,-1.6
"06081","5","811420","78","0","2023","A","",9,22,1080949,188086,6458,934,48582,"",0.98,0.61,0.27,0.55,0.72,0.44,0.44,"",-1,-10.0,-1,-4.3,-58174,-5.1,-29647,-13.6,-2389,-27.0,-15,-1.6,-766,-1.6
"06081","5","81143","77","0","2023","A","N",2,0,0,0,0,0,0,"N",1.08,0,0,0,0,0,0,"N",0,0.0,0,0,0,0,0,0,0,0,0,0,0,0
"06081","5","811430","78","0","2023","A","N",2,0,0,0,0,0,0,"N",1.08,0,0,0,0,0,0,"N",0,0.0,0,0,0,0,0,0,0,0,0,0,0,0
"06081","5","81149","77","0","2023","A","N",12,0,0,0,0,0,0,"N",0.37,0,0,0,0,0,0,"N",0,0.0,0,0,0,0,0,0,0,0,0,0,0,0
"06081","5","811490","78","0","2023","A","N",12,0,0,0,0,0,0,"N",0.37,0,0,0,0,0,0,"N",0,0.0,0,0,0,0,0,0,0,0,0,0,0,0
"06081","5","812","75","0","2023","A","",646,4553,209417922,40884547,979616,884,45992,"",0.97,1.08,0.56,1.09,1.01,0.52,0.52,"",2,0.3,-49,-1.1,-44471401,-17.5,-1921222,-4.5,-142527,-12.7,-177,-16.7,-9177,-16.6
"06081","5","8121","76","0","2023","A","",388,1810,60918165,16431742,422423,647,33649,"",1.01,0.90,0.38,0.92,0.89,0.42,0.42,"",3,0.8,43,2.4,4451893,7.9,-31203,-0.2,-17764,-4.0,32,5.2,1690,5.3
"06081","5","81211","77","0","2023","A","",302,1341,42540103,11469402,278616,610,31723,"",1.00,0.89,0.36,0.85,0.80,0.41,0.41,"",-1,-0.3,11,0.8,2096305,5.2,-485611,-4.1,-22437,-7.5,25,4.3,1310,4.3
"06081","5","812111","78","0","2023","A","N",3,0,0,0,0,0,0,"N",0.15,0,0,0,0,0,0,"N",0,0.0,0,0,0,0,0,0,0,0,0,0,0,0
"06081","5","812112","78","0","2023","A","N",173,0,0,0,0,0,0,"N",0.88,0,0,0,0,0,0,"N",-1,-0.6,0,0,0,0,0,0,0,0,0,0,0,0
"06081","5","812113","78","0","2023","A","",126,688,17365356,5843373,135763,486,25253,"",1.50,1.70,0.68,1.64,1.21,0.40,0.40,"",-1,-0.8,-19,-2.7,181912,1.1,-560326,-8.8,-16761,-11.0,19,4.1,963,4.0
"06081","5","81219","77","0","2023","A","",86,469,18378062,4962340,143807,753,39151,"",1.03,0.93,0.44,1.11,1.12,0.47,0.47,"",4,4.9,32,7.3,2355588,14.7,454408,10.1,4673,3.4,48,6.8,2486,6.8
"06081","5","812191","78","0","2023","A","",3,16,1840259,233332,8061,2156,112097,"",0.41,0.49,0.49,0.89,1.19,0.98,0.98,"",-4,-57.1,-8,-33.3,24781,1.4,-19492,-7.7,-1750,-17.8,701,48.2,36452,48.2
"06081","5","812199","78","0","2023","A","",82,453,16537803,4729008,135746,702,36507,"",1.08,0.96,0.43,1.12,1.12,0.45,0.45,"",7,9.3,40,9.7,2330807,16.4,473900,11.1,6423,5.0,40,6.0,2107,6.1
"06081","5","8122","76","0","2023","A","",26,504,41703523,4190660,99075,1592,82772,"",0.56,1.34,0.96,1.35,1.39,0.72,0.72,"",0,0.0,9,1.8,414920,1.0,67423,1.6,-4158,-4.0,-13,-0.8,-667,-0.8
"06081","5","81221","77","0","2023","A","",12,198,11784977,1642275,37705,1146,59595,"",0.34,0.68,0.36,0.69,0.87,0.53,0.53,"",-2,-14.3,-64,-24.4,-6224727,-34.6,-9157,-0.6,1691,4.7,-178,-13.4,-9254,-13.4
"06081","5","812210","78","0","2023","A","",12,198,11784977,1642275,37705,1146,59595,"",0.34,0.68,0.36,0.69,0.87,0.53,0.53,"",-2,-14.3,-64,-24.4,-6224727,-34.6,-9157,-0.6,1691,4.7,-178,-13.4,-9254,-13.4
"06081","5","81222","77","0","2023","A","",14,306,29918546,2548385,61370,1880,97746,"",1.25,3.58,2.74,3.44,2.20,0.77,0.77,"",2,16.7,73,31.3,6639647,28.5,76580,3.1,-5849,-8.7,-39,-2.0,-2056,-2.1
"06081","5","812220","78","0","2023","A","",14,306,29918546,2548385,61370,1880,97746,"",1.25,3.58,2.74,3.44,2.20,0.77,0.77,"",2,16.7,73,31.3,6639647,28.5,76580,3.1,-5849,-8.7,-39,-2.0,-2056,-2.1
"06081","5","8123","76","0","2023","A","",88,799,40925353,7069234,136471,985,51205,"",1.22,1.13,0.57,1.05,0.88,0.51,0.51,"",-3,-3.3,87,12.2,5588642,15.8,432409,6.5,-6469,-4.5,30,3.1,1552,3.1
"06081","5","81231","77","0","2023","A","",31,83,2526978,724421,14293,589,30630,"",1.23,0.78,0.36,0.85,0.61,0.46,0.46,"",1,3.3,5,6.4,289451,12.9,59861,9.0,1436,11.2,36,6.5,1882,6.5
"06081","5","812310","78","0","2023","A","",31,83,2526978,724421,14293,589,30630,"",1.23,0.78,0.36,0.85,0.61,0.46,0.46,"",1,3.3,5,6.4,289451,12.9,59861,9.0,1436,11.2,36,6.5,1882,6.5
"06081","5","81232","77","0","2023","A","",50,403,18324807,3411606,68748,874,45462,"",1.27,1.60,0.98,1.58,1.44,0.61,0.61,"",-5,-9.1,57,16.5,3205130,21.2,384710,12.7,2826,4.3,34,4.0,1806,4.1
"06081","5","812320","78","0","2023","A","",50,403,18324807,3411606,68748,874,45462,"",1.27,1.60,0.98,1.58,1.44,0.61,0.61,"",-5,-9.1,57,16.5,3205130,21.2,384710,12.7,2826,4.3,34,4.0,1806,4.1
"06081","5","81233","77","0","2023","A","",6,314,20073568,2933207,53430,1231,63996,"",0.83,0.90,0.44,0.79,0.63,0.49,0.49,"",0,0.0,26,9.0,2094061,11.6,-12162,-0.4,-10731,-16.7,28,2.3,1459,2.3
"06081","5","812331","78","0","2023","A","N",4,0,0,0,0,0,0,"N",1.09,0,0,0,0,0,0,"N",0,0.0,0,0,0,0,0,0,0,0,0,0,0,0
"06081","5","812332","78","0","2023","A","N",2,0,0,0,0,0,0,"N",0.56,0,0,0,0,0,0,"N",0,0.0,0,0,0,0,0,0,0,0,0,0,0,0
"06081","5","8129","76","0","2023","A","",145,1440,65870881,13192911,321647,880,45749,"",0.90,1.29,0.66,1.36,1.20,0.52,0.52,"",2,1.4,-189,-11.6,-54926856,-45.5,-2389851,-15.3,-114136,-26.2,-546,-38.3,-28421,-38.3
"06081","5","81291","77","0","2023","A","",61,634,27417134,4835670,110459,831,43222,"",0.93,1.26,0.76,1.11,1.04,0.60,0.60,"",2,3.4,9,1.4,1652775,6.4,-40236,-0.8,-13692,-11.0,39,4.9,2016,4.9
"06081","5","812910","78","0","2023","A","",61,634,27417134,4835670,110459,831,43222,"",0.93,1.26,0.76,1.11,1.04,0.60,0.60,"",2,3.4,9,1.4,1652775,6.4,-40236,-0.8,-13692,-11.0,39,4.9,2016,4.9
"06081","5","81292","77","0","2023","A","N",1,0,0,0,0,0,0,"N",0.61,0,0,0,0,0,0,"N",-1,-50.0,0,0,0,0,0,0,0,0,0,0,0,0
"06081","5","812921","78","0","2023","A","N",1,0,0,0,0,0,0,"N",0.77,0,0,0,0,0,0,"N",-1,-50.0,0,0,0,0,0,0,0,0,0,0,0,0
"06081","5","81293","77","0","2023","A","",28,590,28744767,6681954,155174,938,48754,"",1.41,1.72,0.99,2.33,1.88,0.58,0.58,"",-1,-3.4,40,7.3,1409741,5.2,108095,1.6,8542,5.8,-18,-1.9,-954,-1.9
"06081","5","812930","78","0","2023","A","",28,590,28744767,6681954,155174,938,48754,"",1.41,1.72,0.99,2.33,1.88,0.58,0.58,"",-1,-3.4,40,7.3,1409741,5.2,108095,1.6,8542,5.8,-18,-1.9,-954,-1.9
"06081","5","81299","77","0","2023","A","N",55,0,0,0,0,0,0,"N",0.75,0,0,0,0,0,0,"N",2,3.8,0,0,0,0,0,0,0,0,0,0,0,0
"06081","5","812990","78","0","2023","A","N",55,0,0,0,0,0,0,"N",0.75,0,0,0,0,0,0,"N",2,3.8,0,0,0,0,0,0,0,0,0,0,0,0
"06081","5","813","75","0","2023","A","",409,3268,367393449,18729516,567197,2162,112427,"",0.91,0.86,0.67,0.74,0.77,0.78,0.78,"",10,2.5,250,8.3,28334562,8.4,685786,3.8,17201,3.1,2,0.1,81,0.1
"06081","5","8131","76","0","2023","A","",73,630,28301318,1414318,36751,863,44893,"",1.11,1.16,0.58,0.62,0.52,0.50,0.49,"",1,1.4,101,19.1,6579206,30.3,629587,80.2,18629,102.8,74,9.4,3856,9.4
"06081","5","81311","77","0","2023","A","",73,630,28301318,1414318,36751,863,44893,"",1.11,1.16,0.58,0.62,0.52,0.50,0.49,"",1,1.4,101,19.1,6579206,30.3,629587,80.2,18629,102.8,74,9.4,3856,9.4
"06081","5","813110","78","0","2023","A","",73,630,28301318,1414318,36751,863,44893,"",1.11,1.16,0.58,0.62,0.52,0.50,0.49,"",1,1.4,101,19.1,6579206,30.3,629587,80.2,18629,102.8,74,9.4,3856,9.4
"06081","5","8132","76","0","2023","A","",112,523,88557360,4310242,134308,3258,169434,"",1.93,1.18,0.94,1.35,1.39,0.79,0.79,"",-1,-0.9,16,3.2,6938227,8.5,220428,5.4,10573,8.5,161,5.2,8370,5.2
"06081","5","81321","77","0","2023","A","",112,523,88557360,4310242,134308,3258,169434,"",1.93,1.18,0.94,1.35,1.39,0.79,0.79,"",-1,-0.9,16,3.2,6938227,8.5,220428,5.4,10573,8.5,161,5.2,8370,5.2
"06081","5","813211","78","0","2023","A","",71,413,74222642,3368456,98935,3460,179897,"",2.42,1.96,1.47,2.03,2.19,0.75,0.75,"",1,1.4,24,6.2,5970652,8.7,392276,13.2,14768,17.5,88,2.6,4555,2.6
"06081","5","813212","78","0","2023","A","",18,50,8648530,414440,17896,3343,173840,"",1.34,0.45,0.37,0.55,0.69,0.81,0.81,"",-4,-18.2,-15,-23.1,-628482,-6.8,-256507,-38.2,-7106,-28.4,584,21.2,30381,21.2
"06081","5","813219","78","0","2023","A","",22,60,5686188,527346,17477,1812,94246,"",1.46,0.50,0.28,0.67,0.69,0.55,0.55,"",1,4.8,7,13.2,1596057,39.0,84659,19.1,2911,20.0,323,21.7,16830,21.7
"06081","5","8133","76","0","2023","A","",68,812,170478730,6346141,216195,4040,210079,"",0.77,1.14,1.52,1.07,1.18,1.33,1.33,"",5,7.9,24,3.0,8419517,5.2,-214896,-3.3,-2017,-0.9,86,2.2,4485,2.2
"06081","5","81331","77","0","2023","A","",68,812,170478730,6346141,216195,4040,210079,"",0.77,1.14,1.52,1.07,1.18,1.33,1.33,"",5,7.9,24,3.0,8419517,5.2,-214896,-3.3,-2017,-0.9,86,2.2,4485,2.2
"06081","5","813311","78","0","2023","A","",18,514,144988622,4183611,135455,5420,281851,"",1.05,3.24,5.67,3.40,3.44,1.75,1.75,"",2,12.5,-4,-0.8,4329733,3.1,-375524,-8.2,-11088,-7.6,195,3.7,10134,3.7
"06081","5","813312","78","0","2023","A","",18,69,5034954,566340,17767,1397,72620,"",0.77,0.32,0.15,0.32,0.38,0.47,0.47,"",1,5.9,14,25.5,1191931,31.0,90214,18.9,2935,19.8,43,3.2,2213,3.1
"06081","5","813319","78","0","2023","A","",32,228,20455154,1596190,62973,1727,89814,"",0.67,0.68,0.38,0.54,0.65,0.56,0.56,"",2,6.7,12,5.6,2897853,16.5,70414,4.6,6136,10.8,164,10.5,8530,10.5
"06081","5","8134","76","0","2023","A","",66,719,26164066,1921557,48283,700,36381,"",0.94,0.76,0.39,0.54,0.47,0.52,0.52,"",5,8.2,115,19.0,3131888,13.6,-27443,-1.4,-8183,-14.5,-33,-4.5,-1757,-4.6
"06081","5","81341","77","0","2023","A","",66,719,26164066,1921557,48283,700,36381,"",0.94,0.76,0.39,0.54,0.47,0.52,0.52,"",5,8.2,115,19.0,3131888,13.6,-27443,-1.4,-8183,-14.5,-33,-4.5,-1757,-4.6
"06081","5","813410","78","0","2023","A","",66,719,26164066,1921557,48283,700,36381,"",0.94,0.76,0.39,0.54,0.47,0.52,0.52,"",5,8.2,115,19.0,3131888,13.6,-27443,-1.4,-8183,-14.5,-33,-4.5,-1757,-4.6
"06081","5","8139","76","0","2023","A","",91,584,53891975,4737258,131660,1774,92268,"",0.55,0.50,0.24,0.45,0.47,0.48,0.48,"",1,1.1,-6,-1.0,3265724,6.5,78110,1.7,-1801,-1.3,123,7.5,6424,7.5
"06081","5","81391","77","0","2023","A","",24,120,16473996,1113390,28483,2635,136998,"",0.44,0.37,0.21,0.35,0.36,0.56,0.55,"N",1,4.3,0,0,0,0,0,0,0,0,0,0,0,0
"06081","5","813910","78","0","2023","A","",24,120,16473996,1113390,28483,2635,136998,"",0.44,0.37,0.21,0.35,0.36,0.56,0.55,"N",1,4.3,0,0,0,0,0,0,0,0,0,0,0,0
"06081","5","81392","77","0","2023","A","",15,93,9428290,711348,20640,1943,101017,"",0.51,0.39,0.15,0.34,0.36,0.40,0.40,"",-3,-16.7,-30,-24.4,-80004,-0.8,-13927,-1.9,-643,-3.0,461,31.1,23975,31.1
"06081","5","813920","78","0","2023","A","",15,93,9428290,711348,20640,1943,101017,"",0.51,0.39,0.15,0.34,0.36,0.40,0.40,"",-3,-16.7,-30,-24.4,-80004,-0.8,-13927,-1.9,-643,-3.0,461,31.1,23975,31.1
"06081","5","81393","77","0","2023","A","",30,250,17352910,1887278,52490,1335,69435,"",0.91,0.86,0.44,0.82,0.86,0.51,0.51,"",2,7.1,28,12.6,2347231,15.6,100403,5.6,4019,8.3,37,2.9,1918,2.8
"06081","5","813930","78","0","2023","A","",30,250,17352910,1887278,52490,1335,69435,"",0.91,0.86,0.44,0.82,0.86,0.51,0.51,"",2,7.1,28,12.6,2347231,15.6,100403,5.6,4019,8.3,37,2.9,1918,2.8
"06081","5","81394","77","0","2023","A","",3,4,470789,22617,815,2469,128397,"",0.32,0.16,0.10,0.08,0.08,0.64,0.64,"N",2,200.0,0,0,0,0,0,0,0,0,0,0,0,0
"06081","5","813940","78","0","2023","A","",3,4,470789,22617,815,2469,128397,"",0.32,0.16,0.10,0.08,0.08,0.64,0.64,"N",2,200.0,0,0,0,0,0,0,0,0,0,0,0,0
"06081","5","81399","77","0","2023","A","",20,117,10165990,1002625,29232,1672,86951,"",0.51,0.40,0.26,0.37,0.38,0.64,0.64,"N",0,0.0,0,0,0,0,0,0,0,0,0,0,0,0
"06081","5","813990","78","0","2023","A","",20,117,10165990,1002625,29232,1672,86951,"",0.51,0.40,0.26,0.37,0.38,0.64,0.64,"N",0,0.0,0,0,0,0,0,0,0,0,0,0,0,0
"06081","5","814","75","0","2023","A","",1655,1907,110635860,17326426,490857,1116,58021,"",3.29,3.36,2.01,3.35,3.10,0.60,0.60,"",-44,-2.6,-21,-1.1,675759,0.6,-215740,-1.2,-13499,-2.7,19,1.7,980,1.7
"06081","5","8141","76","0","2023","A","",1655,1907,110635860,17326426,490857,1116,58021,"",3.29,3.36,2.01,3.35,3.10,0.60,0.60,"",-44,-2.6,-21,-1.1,675759,0.6,-215740,-1.2,-13499,-2.7,19,1.7,980,1.7
"06081","5","81411","77","0","2023","A","",1655,1907,110635860,17326426,490857,1116,58021,"",3.29,3.36,2.01,3.35,3.10,0.60,0.60,"",-44,-2.6,-21,-1.1,675759,0.6,-215740,-1.2,-13499,-2.7,19,1.7,980,1.7
"06081","5","814110","78","0","2023","A","",1655,1907,110635860,17326426,490857,1116,58021,"",3.29,3.36,2.01,3.35,3.10,0.60,0.60,"",-44,-2.6,-21,-1.1,675759,0.6,-215740,-1.2,-13499,-2.7,19,1.7,980,1.7
"06081","5","99","74","0","2023","A","",50,54,6177186,1319218,44873,2200,114392,"",0.06,0.07,0.04,0.13,0.09,0.62,0.61,"",25,100.0,34,170.0,3370747,120.1,708259,115.9,24099,116.0,-465,-17.4,-24198,-17.5
"06081","5","999","75","0","2023","A","",50,54,6177186,1319218,44873,2200,114392,"",0.06,0.07,0.04,0.13,0.09,0.62,0.61,"",25,100.0,34,170.0,3370747,120.1,708259,115.9,24099,116.0,-465,-17.4,-24198,-17.5
"06081","5","9999","76","0","2023","A","",50,54,6177186,1319218,44873,2200,114392,"",0.06,0.07,0.04,0.13,0.09,0.62,0.61,"",25,100.0,34,170.0,3370747,120.1,708259,115.9,24099,116.0,-465,-17.4,-24198,-17.5
"06081","5","99999","77","0","2023","A","",50,54,6177186,1319218,44873,2200,114392,"",0.06,0.07,0.04,0.13,0.09,0.62,0.61,"",25,100.0,34,170.0,3370747,120.1,708259,115.9,24099,116.0,-465,-17.4,-24198,-17.5
"06081","5","999999","78","0","2023","A","",50,54,6177186,1319218,44873,2200,114392,"",0.06,0.07,0.04,0.13,0.09,0.62,0.61,"",25,100.0,34,170.0,3370747,120.1,708259,115.9,24099,116.0,-465,-17.4,-24198,-17.5
