"area_fips","own_code","industry_code","agglvl_code","size_code","year","qtr","disclosure_code","annual_avg_estabs","annual_avg_emplvl","total_annual_wages","taxable_annual_wages","annual_contributions","annual_avg_wkly_wage","avg_annual_pay","lq_disclosure_code","lq_annual_avg_estabs","lq_annual_avg_emplvl","lq_total_annual_wages","lq_taxable_annual_wages","lq_annual_contributions","lq_annual_avg_wkly_wage","lq_avg_annual_pay","oty_disclosure_code","oty_annual_avg_estabs_chg","oty_annual_avg_estabs_pct_chg","oty_annual_avg_emplvl_chg","oty_annual_avg_emplvl_pct_chg","oty_total_annual_wages_chg","oty_total_annual_wages_pct_chg","oty_taxable_annual_wages_chg","oty_taxable_annual_wages_pct_chg","oty_annual_contributions_chg","oty_annual_contributions_pct_chg","oty_annual_avg_wkly_wage_chg","oty_annual_avg_wkly_wage_pct_chg","oty_avg_annual_pay_chg","oty_avg_annual_pay_pct_chg"
"06085","0","10","70","0","2023","A","",79372,1119710,195606022735,9029586005,259555038,3359,174694,"",1.00,1.00,1.00,1.00,1.00,1.00,1.00,"",1877,2.4,2400,0.2,8108489583,4.3,-357271253,-3.8,-27841891,-9.7,132,4.1,6882,4.1
"06085","1","10","71","0","2023","A","",91,10030,1264744482,0,0,2425,126091,"",0.22,0.47,0.25,0.00,0.00,0.53,0.53,"",4,4.6,-43,-0.4,89429736,7.6,0,0.0,0,0.0,181,8.1,9410,8.1
"06085","1","102","72","0","2023","A","",91,10030,1264744482,0,0,2425,126091,"",0.22,0.48,0.25,0.00,0.00,0.53,0.53,"",4,4.6,-43,-0.4,89429736,7.6,0,0.0,0,0.0,181,8.1,9410,8.1
"06085","1","1021","73","0","2023","A","",45,2669,215253849,0,0,1551,80655,"",0.22,0.54,0.26,0.00,0.00,0.47,0.47,"",6,15.4,-74,-2.7,-5927041,-2.7,0,0.0,0,0.0,0,0.0,8,0.0
"06085","1","1025","73","0","2023","A","",1,3580,552378532,0,0,2967,154285,"",0.10,1.11,0.70,0.00,0.00,0.63,0.63,"",0,0.0,110,3.2,74905454,15.7,0,0.0,0,0.0,321,12.1,16698,12.1
"06085","1","1028","73","0","2023","A","",45,3781,497112101,0,0,2528,131465,"",0.27,0.32,0.16,0.00,0.00,0.50,0.50,"",-2,-4.3,-79,-2.0,20451323,4.3,0,0.0,0,0.0,153,6.4,7978,6.5
"06085","1","44-45","74","0","2023","A","",2,50,2817869,0,0,1095,56927,"",0.42,0.17,0.10,0.00,0.00,0.61,0.61,"",0,0.0,11,28.2,581491,26.0,0,0.0,0,0.0,-15,-1.4,-786,-1.4
"06085","1","445","75","0","2023","A","",1,37,2327841,0,0,1196,62214,"",0.73,0.50,0.26,0.00,0.00,0.52,0.52,"",0,0.0,9,32.1,528369,29.4,0,0.0,0,0.0,-25,-2.0,-1297,-2.0
"06085","1","4451","76","0","2023","A","",1,37,2327841,0,0,1196,62214,"",0.73,0.50,0.26,0.00,0.00,0.52,0.52,"",0,0.0,9,32.1,528369,29.4,0,0.0,0,0.0,-25,-2.0,-1297,-2.0
"06085","1","44511","77","0","2023","A","",1,37,2327841,0,0,1196,62214,"",0.85,0.54,0.28,0.00,0.00,0.51,0.51,"",0,0.0,9,32.1,528369,29.4,0,0.0,0,0.0,-25,-2.0,-1297,-2.0
"06085","1","445110","78","0","2023","A","",1,37,2327841,0,0,1196,62214,"",0.85,0.54,0.28,0.00,0.00,0.51,0.51,"",0,0.0,9,32.1,528369,29.4,0,0.0,0,0.0,-25,-2.0,-1297,-2.0
"06085","1","455","75","0","2023","A","",1,12,490028,0,0,780,40554,"",0.53,0.06,0.03,0.00,0.00,0.46,0.46,"",0,0.0,2,20.0,53122,12.2,0,0.0,0,0.0,-27,-3.3,-1389,-3.3
"06085","1","4551","76","0","2023","A","",1,12,490028,0,0,780,40554,"",0.71,0.10,0.04,0.00,0.00,0.46,0.46,"",0,0.0,2,20.0,53122,12.2,0,0.0,0,0.0,-27,-3.3,-1389,-3.3
"06085","1","45511","77","0","2023","A","",1,12,490028,0,0,780,40554,"",0.71,0.10,0.04,0.00,0.00,0.46,0.46,"",0,0.0,2,20.0,53122,12.2,0,0.0,0,0.0,-27,-3.3,-1389,-3.3
"06085","1","455110","78","0","2023","A","",1,12,490028,0,0,780,40554,"",0.71,0.10,0.04,0.00,0.00,0.46,0.46,"",0,0.0,2,20.0,53122,12.2,0,0.0,0,0.0,-27,-3.3,-1389,-3.3
"06085","1","48-49","74","0","2023","A","",43,2619,212435980,0,0,1560,81103,"",0.22,0.58,0.27,0.00,0.00,0.47,0.47,"",6,16.2,-85,-3.1,-6508532,-3.0,0,0.0,0,0.0,3,0.2,127,0.2
"06085","1","491","75","0","2023","A","",43,2619,212435980,0,0,1560,81103,"",0.22,0.59,0.29,0.00,0.00,0.48,0.48,"",6,16.2,-85,-3.1,-6508532,-3.0,0,0.0,0,0.0,3,0.2,127,0.2
"06085","1","4911","76","0","2023","A","",43,2619,212435980,0,0,1560,81103,"",0.22,0.59,0.29,0.00,0.00,0.48,0.48,"",6,16.2,-85,-3.1,-6508532,-3.0,0,0.0,0,0.0,3,0.2,127,0.2
"06085","1","49111","77","0","2023","A","",43,2619,212435980,0,0,1560,81103,"",0.22,0.59,0.29,0.00,0.00,0.48,0.48,"",6,16.2,-85,-3.1,-6508532,-3.0,0,0.0,0,0.0,3,0.2,127,0.2
"06085","1","491110","78","0","2023","A","",43,2619,212435980,0,0,1560,81103,"",0.22,0.59,0.29,0.00,0.00,0.48,0.48,"",6,16.2,-85,-3.1,-6508532,-3.0,0,0.0,0,0.0,3,0.2,127,0.2
"06085","1","62","74","0","2023","A","",1,3580,552378532,0,0,2967,154285,"",0.12,1.14,0.72,0.00,0.00,0.63,0.63,"",0,0.0,110,3.2,74905454,15.7,0,0.0,0,0.0,321,12.1,16698,12.1
"06085","1","622","75","0","2023","A","",1,3580,552378532,0,0,2967,154285,"",0.36,1.31,0.80,0.00,0.00,0.62,0.61,"",0,0.0,110,3.2,74905454,15.7,0,0.0,0,0.0,321,12.1,16698,12.1
"06085","1","6221","76","0","2023","A","",1,3580,552378532,0,0,2967,154285,"",0.36,1.33,0.82,0.00,0.00,0.61,0.61,"",0,0.0,110,3.2,74905454,15.7,0,0.0,0,0.0,321,12.1,16698,12.1
"06085","1","62211","77","0","2023","A","",1,3580,552378532,0,0,2967,154285,"",0.36,1.33,0.82,0.00,0.00,0.61,0.61,"",0,0.0,110,3.2,74905454,15.7,0,0.0,0,0.0,321,12.1,16698,12.1
"06085","1","622110","78","0","2023","A","",1,3580,552378532,0,0,2967,154285,"",0.36,1.33,0.82,0.00,0.00,0.61,0.61,"",0,0.0,110,3.2,74905454,15.7,0,0.0,0,0.0,321,12.1,16698,12.1
"06085","1","92","74","0","2023","A","",45,3781,497112101,0,0,2528,131465,"",0.27,0.32,0.16,0.00,0.00,0.50,0.50,"",-2,-4.3,-79,-2.0,20451323,4.3,0,0.0,0,0.0,153,6.4,7978,6.5
"06085","1","921","75","0","2023","A","",4,305,42181047,0,0,2660,138336,"",0.35,0.27,0.15,0.00,0.00,0.57,0.57,"",0,0.0,-18,-5.6,821693,2.0,0,0.0,0,0.0,197,8.0,10255,8.0
"06085","1","9211","76","0","2023","A","",4,305,42181047,0,0,2660,138336,"",0.35,0.27,0.15,0.00,0.00,0.57,0.57,"",0,0.0,-18,-5.6,821693,2.0,0,0.0,0,0.0,197,8.0,10255,8.0
"06085","1","92113","77","0","2023","A","",2,285,39409136,0,0,2661,138359,"",0.52,0.38,0.22,0.00,0.00,0.57,0.57,"",0,0.0,-15,-5.0,915700,2.4,0,0.0,0,0.0,196,8.0,10190,8.0
"06085","1","921130","78","0","2023","A","",2,285,39409136,0,0,2661,138359,"",0.52,0.38,0.22,0.00,0.00,0.57,0.57,"",0,0.0,-15,-5.0,915700,2.4,0,0.0,0,0.0,196,8.0,10190,8.0
"06085","1","92119","77","0","2023","A","",2,20,2771911,0,0,2654,138020,"",0.27,0.08,0.04,0.00,0.00,0.52,0.52,"",0,0.0,-3,-13.0,-94007,-3.3,0,0.0,0,0.0,214,8.8,11116,8.8
"06085","1","921190","78","0","2023","A","",2,20,2771911,0,0,2654,138020,"",0.27,0.08,0.04,0.00,0.00,0.52,0.52,"",0,0.0,-3,-13.0,-94007,-3.3,0,0.0,0,0.0,214,8.8,11116,8.8
"06085","1","922","75","0","2023","A","",14,346,47134402,0,0,2623,136391,"",0.61,0.18,0.08,0.00,0.00,0.46,0.46,"",1,7.7,-7,-2.0,1021588,2.2,0,0.0,0,0.0,112,4.5,5821,4.5
"06085","1","9221","76","0","2023","A","",14,346,47134402,0,0,2623,136391,"",0.61,0.18,0.08,0.00,0.00,0.46,0.46,"",1,7.7,-7,-2.0,1021588,2.2,0,0.0,0,0.0,112,4.5,5821,4.5
"06085","1","92211","77","0","2023","A","",2,92,10380907,0,0,2164,112530,"",0.43,0.38,0.16,0.00,0.00,0.43,0.43,"",1,100.0,-3,-3.2,149877,1.5,0,0.0,0,0.0,84,4.0,4361,4.0
"06085","1","922110","78","0","2023","A","",2,92,10380907,0,0,2164,112530,"",0.43,0.38,0.16,0.00,0.00,0.43,0.43,"",1,100.0,-3,-3.2,149877,1.5,0,0.0,0,0.0,84,4.0,4361,4.0
"06085","1","92212","77","0","2023","A","",8,205,29534396,0,0,2768,143953,"",0.71,0.19,0.09,0.00,0.00,0.46,0.46,"",0,0.0,-2,-1.0,1054493,3.7,0,0.0,0,0.0,123,4.7,6424,4.7
"06085","1","922120","78","0","2023","A","",8,205,29534396,0,0,2768,143953,"",0.71,0.19,0.09,0.00,0.00,0.46,0.46,"",0,0.0,-2,-1.0,1054493,3.7,0,0.0,0,0.0,123,4.7,6424,4.7
"06085","1","92213","77","0","2023","A","",3,38,5944683,0,0,3049,158525,"",1.24,0.23,0.11,0.00,0.00,0.48,0.48,"",0,0.0,-2,-5.0,-310918,-5.0,0,0.0,0,0.0,73,2.5,3747,2.4
"06085","1","922130","78","0","2023","A","",3,38,5944683,0,0,3049,158525,"",1.24,0.23,0.11,0.00,0.00,0.48,0.48,"",0,0.0,-2,-5.0,-310918,-5.0,0,0.0,0,0.0,73,2.5,3747,2.4
"06085","1","92219","77","0","2023","A","",1,11,1274416,0,0,2298,119477,"",0.26,0.05,0.02,0.00,0.00,0.42,0.42,"",0,0.0,0,0.0,128136,11.2,0,0.0,0,0.0,309,15.5,16053,15.5
"06085","1","922190","78","0","2023","A","",1,11,1274416,0,0,2298,119477,"",0.26,0.05,0.02,0.00,0.00,0.42,0.42,"",0,0.0,0,0.0,128136,11.2,0,0.0,0,0.0,309,15.5,16053,15.5
"06085","1","923","75","0","2023","A","",6,452,54038417,0,0,2297,119444,"",0.34,0.27,0.12,0.00,0.00,0.45,0.45,"",-2,-25.0,53,13.3,10723556,24.8,0,0.0,0,0.0,210,10.1,10931,10.1
"06085","1","9231","76","0","2023","A","",6,452,54038417,0,0,2297,119444,"",0.34,0.27,0.12,0.00,0.00,0.45,0.45,"",-2,-25.0,53,13.3,10723556,24.8,0,0.0,0,0.0,210,10.1,10931,10.1
"06085","1","92312","77","0","2023","A","",2,48,5428241,0,0,2160,112308,"",0.39,0.10,0.04,0.00,0.00,0.35,0.35,"",0,0.0,27,128.6,3563867,191.2,0,0.0,0,0.0,432,25.0,22459,25.0
"06085","1","923120","78","0","2023","A","",2,48,5428241,0,0,2160,112308,"",0.39,0.10,0.04,0.00,0.00,0.35,0.35,"",0,0.0,27,128.6,3563867,191.2,0,0.0,0,0.0,432,25.0,22459,25.0
"06085","1","92313","77","0","2023","A","",2,146,14477352,0,0,1910,99330,"",0.22,0.29,0.12,0.00,0.00,0.41,0.41,"",-2,-50.0,3,2.1,882267,6.5,0,0.0,0,0.0,76,4.1,3982,4.2
"06085","1","923130","78","0","2023","A","",2,146,14477352,0,0,1910,99330,"",0.22,0.29,0.12,0.00,0.00,0.41,0.41,"",-2,-50.0,3,2.1,882267,6.5,0,0.0,0,0.0,76,4.1,3982,4.2
"06085","1","92314","77","0","2023","A","",2,258,34132824,0,0,2541,132127,"",0.82,0.38,0.20,0.00,0.00,0.54,0.53,"",0,0.0,22,9.3,6277422,22.5,0,0.0,0,0.0,270,11.9,14012,11.9
"06085","1","923140","78","0","2023","A","",2,258,34132824,0,0,2541,132127,"",0.82,0.38,0.20,0.00,0.00,0.54,0.53,"",0,0.0,22,9.3,6277422,22.5,0,0.0,0,0.0,270,11.9,14012,11.9
"06085","1","924","75","0","2023","A","",3,244,33620156,0,0,2650,137788,"",0.09,0.33,0.19,0.00,0.00,0.58,0.58,"",0,0.0,-6,-2.4,998397,3.1,0,0.0,0,0.0,139,5.5,7214,5.5
"06085","1","9241","76","0","2023","A","",3,244,33620156,0,0,2650,137788,"",0.09,0.33,0.19,0.00,0.00,0.58,0.58,"",0,0.0,-6,-2.4,998397,3.1,0,0.0,0,0.0,139,5.5,7214,5.5
"06085","1","92412","77","0","2023","A","",3,244,33620156,0,0,2650,137788,"",0.09,0.40,0.25,0.00,0.00,0.62,0.62,"",0,0.0,-6,-2.4,998397,3.1,0,0.0,0,0.0,139,5.5,7214,5.5
"06085","1","924120","78","0","2023","A","",3,244,33620156,0,0,2650,137788,"",0.09,0.40,0.25,0.00,0.00,0.62,0.62,"",0,0.0,-6,-2.4,998397,3.1,0,0.0,0,0.0,139,5.5,7214,5.5
"06085","1","926","75","0","2023","A","",12,623,58894352,0,0,1818,94533,"",0.19,0.34,0.12,0.00,0.00,0.35,0.35,"",1,9.1,8,1.3,5481895,10.3,0,0.0,0,0.0,147,8.8,7625,8.8
"06085","1","9261","76","0","2023","A","",12,623,58894352,0,0,1818,94533,"",0.19,0.34,0.12,0.00,0.00,0.35,0.35,"",1,9.1,8,1.3,5481895,10.3,0,0.0,0,0.0,147,8.8,7625,8.8
"06085","1","92611","77","0","2023","A","",5,43,3125820,0,0,1393,72413,"",0.18,0.12,0.03,0.00,0.00,0.27,0.27,"",2,66.7,-7,-14.0,97230,3.2,0,0.0,0,0.0,224,19.2,11639,19.2
"06085","1","926110","78","0","2023","A","",5,43,3125820,0,0,1393,72413,"",0.18,0.12,0.03,0.00,0.00,0.27,0.27,"",2,66.7,-7,-14.0,97230,3.2,0,0.0,0,0.0,224,19.2,11639,19.2
"06085","1","92612","77","0","2023","A","",5,553,52845790,0,0,1837,95519,"",0.76,0.69,0.26,0.00,0.00,0.38,0.38,"",-1,-16.7,12,2.2,5393174,11.4,0,0.0,0,0.0,149,8.8,7752,8.8
"06085","1","926120","78","0","2023","A","",5,553,52845790,0,0,1837,95519,"",0.76,0.69,0.26,0.00,0.00,0.38,0.38,"",-1,-16.7,12,2.2,5393174,11.4,0,0.0,0,0.0,149,8.8,7752,8.8
"06085","1","92614","77","0","2023","A","",1,11,1241017,0,0,2170,112820,"",0.05,0.03,0.02,0.00,0.00,0.50,0.50,"",0,0.0,0,0.0,7338,0.6,0,0.0,0,0.0,45,2.1,2341,2.1
"06085","1","926140","78","0","2023","A","",1,11,1241017,0,0,2170,112820,"",0.05,0.03,0.02,0.00,0.00,0.50,0.50,"",0,0.0,0,0.0,7338,0.6,0,0.0,0,0.0,45,2.1,2341,2.1
"06085","1","92615","77","0","2023","A","",1,16,1681725,0,0,2075,107918,"",0.16,0.06,0.02,0.00,0.00,0.30,0.30,"",-1,-50.0,3,23.1,-15847,-0.9,0,0.0,0,0.0,-452,-17.9,-23507,-17.9
"06085","1","926150","78","0","2023","A","",1,16,1681725,0,0,2075,107918,"",0.16,0.06,0.02,0.00,0.00,0.30,0.30,"",-1,-50.0,3,23.1,-15847,-0.9,0,0.0,0,0.0,-452,-17.9,-23507,-17.9
"06085","1","927","75","0","2023","A","",1,1105,178069845,0,0,3099,161149,"",1.42,8.37,3.88,0.00,0.00,0.46,0.46,"",-1,-50.0,-92,-7.7,-3267175,-1.8,0,0.0,0,0.0,186,6.4,9688,6.4
"06085","1","9271","76","0","2023","A","",1,1105,178069845,0,0,3099,161149,"",1.42,8.37,3.88,0.00,0.00,0.46,0.46,"",-1,-50.0,-92,-7.7,-3267175,-1.8,0,0.0,0,0.0,186,6.4,9688,6.4
"06085","1","92711","77","0","2023","A","",1,1105,178069845,0,0,3099,161149,"",1.42,8.37,3.88,0.00,0.00,0.46,0.46,"",-1,-50.0,-92,-7.7,-3267175,-1.8,0,0.0,0,0.0,186,6.4,9688,6.4
"06085","1","927110","78","0","2023","A","",1,1105,178069845,0,0,3099,161149,"",1.42,8.37,3.88,0.00,0.00,0.46,0.46,"",-1,-50.0,-92,-7.7,-3267175,-1.8,0,0.0,0,0.0,186,6.4,9688,6.4
"06085","1","928","75","0","2023","A","",6,706,83173882,0,0,2264,117741,"",0.36,0.16,0.08,0.00,0.00,0.48,0.47,"",0,0.0,-17,-2.4,4671369,6.0,0,0.0,0,0.0,176,8.4,9175,8.5
"06085","1","9281","76","0","2023","A","",6,706,83173882,0,0,2264,117741,"",0.36,0.16,0.08,0.00,0.00,0.48,0.47,"",0,0.0,-17,-2.4,4671369,6.0,0,0.0,0,0.0,176,8.4,9175,8.5
"06085","1","92811","77","0","2023","A","",4,574,67963144,0,0,2276,118334,"",0.32,0.14,0.07,0.00,0.00,0.49,0.48,"",0,0.0,-24,-4.0,3098295,4.8,0,0.0,0,0.0,190,9.1,9879,9.1
"06085","1","928110","78","0","2023","A","",4,574,67963144,0,0,2276,118334,"",0.32,0.14,0.07,0.00,0.00,0.49,0.48,"",0,0.0,-24,-4.0,3098295,4.8,0,0.0,0,0.0,190,9.1,9879,9.1
"06085","1","92812","77","0","2023","A","",2,132,15210738,0,0,2215,115160,"",0.46,0.43,0.17,0.00,0.00,0.39,0.38,"",0,0.0,7,5.6,1573074,11.5,0,0.0,0,0.0,117,5.6,6059,5.6
"06085","1","928120","78","0","2023","A","",2,132,15210738,0,0,2215,115160,"",0.46,0.43,0.17,0.00,0.00,0.39,0.38,"",0,0.0,7,5.6,1573074,11.5,0,0.0,0,0.0,117,5.6,6059,5.6
"06085","2","10","71","0","2023","A","",202,6514,507932260,0,0,1499,77972,"",0.42,0.19,0.08,0.00,0.00,0.42,0.42,"",-18,-8.2,-84,-1.3,3237314,0.6,0,0.0,0,0.0,28,1.9,1475,1.9
"06085","2","102","72","0","2023","A","",202,6514,507932260,0,0,1499,77972,"",0.43,0.19,0.08,0.00,0.00,0.42,0.42,"",-18,-8.2,-84,-1.3,3237314,0.6,0,0.0,0,0.0,28,1.9,1475,1.9
"06085","2","1024","73","0","2023","A","",2,140,10188656,0,0,1401,72863,"",0.25,0.52,0.19,0.00,0.00,0.37,0.37,"",0,0.0,-73,-34.3,-3224852,-24.0,0,0.0,0,0.0,187,15.4,9741,15.4
"06085","2","1025","73","0","2023","A","",153,4992,390285628,0,0,1504,78186,"",1.52,0.26,0.11,0.00,0.00,0.42,0.42,"",-18,-10.5,-12,-0.2,8109342,2.1,0,0.0,0,0.0,35,2.4,1812,2.4
"06085","2","1028","73","0","2023","A","",47,1383,107457976,0,0,1495,77718,"",0.14,0.11,0.04,0.00,0.00,0.42,0.42,"",0,0.0,2,0.1,-1647176,-1.5,0,0.0,0,0.0,-24,-1.6,-1282,-1.6
"06085","2","56","74","0","2023","A","",2,140,10188656,0,0,1401,72863,"",0.56,1.83,0.85,0.00,0.00,0.46,0.46,"",0,0.0,-73,-34.3,-3224852,-24.0,0,0.0,0,0.0,187,15.4,9741,15.4
"06085","2","561","75","0","2023","A","",2,140,10188656,0,0,1401,72863,"",0.57,1.90,0.88,0.00,0.00,0.47,0.47,"",0,0.0,-73,-34.3,-3224852,-24.0,0,0.0,0,0.0,187,15.4,9741,15.4
"06085","2","5613","76","0","2023","A","",2,140,10188656,0,0,1401,72863,"",0.77,5.25,2.63,0.00,0.00,0.50,0.50,"",0,0.0,-73,-34.3,-3224852,-24.0,0,0.0,0,0.0,187,15.4,9741,15.4
"06085","2","56131","77","0","2023","A","",2,140,10188656,0,0,1401,72863,"",0.77,5.28,2.64,0.00,0.00,0.50,0.50,"",0,0.0,-73,-34.3,-3224852,-24.0,0,0.0,0,0.0,187,15.4,9741,15.4
"06085","2","561311","78","0","2023","A","",2,140,10188656,0,0,1401,72863,"",0.77,5.28,2.64,0.00,0.00,0.50,0.50,"",0,0.0,-73,-34.3,-3224852,-24.0,0,0.0,0,0.0,187,15.4,9741,15.4
"06085","2","61","74","0","2023","A","",153,4992,390285628,0,0,1504,78186,"",2.76,0.34,0.15,0.00,0.00,0.43,0.43,"",-18,-10.5,-12,-0.2,8109342,2.1,0,0.0,0,0.0,35,2.4,1812,2.4
"06085","2","611","75","0","2023","A","",153,4992,390285628,0,0,1504,78186,"",2.76,0.34,0.15,0.00,0.00,0.43,0.43,"",-18,-10.5,-12,-0.2,8109342,2.1,0,0.0,0,0.0,35,2.4,1812,2.4
"06085","2","6113","76","0","2023","A","",153,4992,390285628,0,0,1504,78186,"",3.73,0.40,0.16,0.00,0.00,0.41,0.41,"",-18,-10.5,-12,-0.2,8109342,2.1,0,0.0,0,0.0,35,2.4,1812,2.4
"06085","2","61131","77","0","2023","A","",153,4992,390285628,0,0,1504,78186,"",3.73,0.40,0.16,0.00,0.00,0.41,0.41,"",-18,-10.5,-12,-0.2,8109342,2.1,0,0.0,0,0.0,35,2.4,1812,2.4
"06085","2","611310","78","0","2023","A","",153,4992,390285628,0,0,1504,78186,"",3.73,0.40,0.16,0.00,0.00,0.41,0.41,"",-18,-10.5,-12,-0.2,8109342,2.1,0,0.0,0,0.0,35,2.4,1812,2.4
"06085","2","92","74","0","2023","A","",47,1383,107457976,0,0,1495,77718,"",0.14,0.11,0.04,0.00,0.00,0.42,0.42,"",0,0.0,2,0.1,-1647176,-1.5,0,0.0,0,0.0,-24,-1.6,-1282,-1.6
"06085","2","921","75","0","2023","A","",6,240,27992630,0,0,2239,116434,"",0.14,0.14,0.08,0.00,0.00,0.58,0.58,"",0,0.0,-6,-2.4,-234137,-0.8,0,0.0,0,0.0,35,1.6,1846,1.6
"06085","2","9211","76","0","2023","A","",6,240,27992630,0,0,2239,116434,"",0.14,0.14,0.08,0.00,0.00,0.58,0.58,"",0,0.0,-6,-2.4,-234137,-0.8,0,0.0,0,0.0,35,1.6,1846,1.6
"06085","2","92113","77","0","2023","A","",4,237,27808119,0,0,2259,117458,"",0.25,0.33,0.19,0.00,0.00,0.58,0.58,"",0,0.0,-1,-0.4,116017,0.4,0,0.0,0,0.0,20,0.9,1023,0.9
"06085","2","921130","78","0","2023","A","",4,237,27808119,0,0,2259,117458,"",0.25,0.33,0.19,0.00,0.00,0.58,0.58,"",0,0.0,-1,-0.4,116017,0.4,0,0.0,0,0.0,20,0.9,1023,0.9
"06085","2","92119","77","0","2023","A","",2,4,184511,0,0,968,50321,"",0.11,0.01,0.00,0.00,0.00,0.24,0.24,"",0,0.0,-5,-55.6,-350154,-65.5,0,0.0,0,0.0,-242,-20.0,-12581,-20.0
"06085","2","921190","78","0","2023","A","",2,4,184511,0,0,968,50321,"",0.11,0.01,0.00,0.00,0.00,0.24,0.24,"",0,0.0,-5,-55.6,-350154,-65.5,0,0.0,0,0.0,-242,-20.0,-12581,-20.0
"06085","2","922","75","0","2023","A","",8,229,18546536,0,0,1556,80901,"",0.08,0.05,0.02,0.00,0.00,0.42,0.42,"",0,0.0,6,2.7,880803,5.0,0,0.0,0,0.0,31,2.0,1594,2.0
"06085","2","9221","76","0","2023","A","",8,229,18546536,0,0,1556,80901,"",0.08,0.05,0.02,0.00,0.00,0.42,0.42,"",0,0.0,6,2.7,880803,5.0,0,0.0,0,0.0,31,2.0,1594,2.0
"06085","2","92212","77","0","2023","A","",6,207,15261789,0,0,1416,73610,"",0.36,0.28,0.09,0.00,0.00,0.32,0.32,"",0,0.0,7,3.5,471615,3.2,0,0.0,0,0.0,-9,-0.6,-495,-0.7
"06085","2","922120","78","0","2023","A","",6,207,15261789,0,0,1416,73610,"",0.36,0.28,0.09,0.00,0.00,0.32,0.32,"",0,0.0,7,3.5,471615,3.2,0,0.0,0,0.0,-9,-0.6,-495,-0.7
"06085","2","92215","77","0","2023","A","",2,22,3284747,0,0,2882,149874,"",0.32,0.15,0.14,0.00,0.00,0.90,0.90,"",0,0.0,-1,-4.3,409188,14.2,0,0.0,0,0.0,495,20.7,25749,20.7
"06085","2","922150","78","0","2023","A","",2,22,3284747,0,0,2882,149874,"",0.32,0.15,0.14,0.00,0.00,0.90,0.90,"",0,0.0,-1,-4.3,409188,14.2,0,0.0,0,0.0,495,20.7,25749,20.7
"06085","2","923","75","0","2023","A","",7,183,15307171,0,0,1609,83646,"",0.09,0.06,0.03,0.00,0.00,0.48,0.48,"",0,0.0,-4,-2.1,-844926,-5.2,0,0.0,0,0.0,-53,-3.2,-2767,-3.2
"06085","2","9231","76","0","2023","A","",7,183,15307171,0,0,1609,83646,"",0.09,0.06,0.03,0.00,0.00,0.48,0.48,"",0,0.0,-4,-2.1,-844926,-5.2,0,0.0,0,0.0,-53,-3.2,-2767,-3.2
"06085","2","92313","77","0","2023","A","",7,183,15307171,0,0,1609,83646,"",0.19,0.11,0.06,0.00,0.00,0.50,0.50,"",0,0.0,-4,-2.1,-844926,-5.2,0,0.0,0,0.0,-53,-3.2,-2767,-3.2
"06085","2","923130","78","0","2023","A","",7,183,15307171,0,0,1609,83646,"",0.19,0.11,0.06,0.00,0.00,0.50,0.50,"",0,0.0,-4,-2.1,-844926,-5.2,0,0.0,0,0.0,-53,-3.2,-2767,-3.2
"06085","2","924","75","0","2023","A","",2,331,19704202,0,0,1144,59484,"",0.04,0.30,0.10,0.00,0.00,0.35,0.35,"",0,0.0,18,5.8,1665894,9.2,0,0.0,0,0.0,36,3.2,1869,3.2
"06085","2","9241","76","0","2023","A","",2,331,19704202,0,0,1144,59484,"",0.04,0.30,0.10,0.00,0.00,0.35,0.35,"",0,0.0,18,5.8,1665894,9.2,0,0.0,0,0.0,36,3.2,1869,3.2
"06085","2","92412","77","0","2023","A","",2,331,19704202,0,0,1144,59484,"",0.05,0.42,0.16,0.00,0.00,0.39,0.39,"",0,0.0,18,5.8,1665894,9.2,0,0.0,0,0.0,36,3.2,1869,3.2
"06085","2","924120","78","0","2023","A","",2,331,19704202,0,0,1144,59484,"",0.05,0.42,0.16,0.00,0.00,0.39,0.39,"",0,0.0,18,5.8,1665894,9.2,0,0.0,0,0.0,36,3.2,1869,3.2
"06085","2","926","75","0","2023","A","",24,399,25907437,0,0,1249,64972,"",0.33,0.18,0.06,0.00,0.00,0.35,0.35,"",0,0.0,-13,-3.2,-3114810,-10.7,0,0.0,0,0.0,-106,-7.8,-5470,-7.8
"06085","2","9261","76","0","2023","A","",24,399,25907437,0,0,1249,64972,"",0.33,0.18,0.06,0.00,0.00,0.35,0.35,"",0,0.0,-13,-3.2,-3114810,-10.7,0,0.0,0,0.0,-106,-7.8,-5470,-7.8
"06085","2","92612","77","0","2023","A","",11,286,14440088,0,0,971,50505,"",0.41,0.22,0.06,0.00,0.00,0.27,0.27,"",0,0.0,-7,-2.4,-2973012,-17.1,0,0.0,0,0.0,-173,-15.1,-8993,-15.1
"06085","2","926120","78","0","2023","A","",11,286,14440088,0,0,971,50505,"",0.41,0.22,0.06,0.00,0.00,0.27,0.27,"",0,0.0,-7,-2.4,-2973012,-17.1,0,0.0,0,0.0,-173,-15.1,-8993,-15.1
"06085","2","92614","77","0","2023","A","",2,26,1747919,0,0,1276,66377,"",0.10,0.11,0.05,0.00,0.00,0.47,0.47,"",0,0.0,-2,-7.1,24602,1.4,0,0.0,0,0.0,82,6.9,4275,6.9
"06085","2","926140","78","0","2023","A","",2,26,1747919,0,0,1276,66377,"",0.10,0.11,0.05,0.00,0.00,0.47,0.47,"",0,0.0,-2,-7.1,24602,1.4,0,0.0,0,0.0,82,6.9,4275,6.9
"06085","2","92615","77","0","2023","A","",11,87,9719430,0,0,2161,112363,"",0.62,0.23,0.14,0.00,0.00,0.63,0.63,"",0,0.0,-5,-5.4,-166400,-1.7,0,0.0,0,0.0,85,4.1,4419,4.1
"06085","2","926150","78","0","2023","A","",11,87,9719430,0,0,2161,112363,"",0.62,0.23,0.14,0.00,0.00,0.63,0.63,"",0,0.0,-5,-5.4,-166400,-1.7,0,0.0,0,0.0,85,4.1,4419,4.1
"06085","3","10","71","0","2023","A","",1125,77911,7982640593,10550068,247630,1970,102458,"",0.98,0.75,0.50,0.08,0.19,0.67,0.67,"",-26,-2.3,2441,3.2,722391140,9.9,737266,7.5,-4547,-1.8,120,6.5,6257,6.5
"06085","3","101","72","0","2023","A","",8,863,91277475,0,0,2033,105737,"",0.27,1.09,0.75,0.00,0.00,0.69,0.69,"",5,166.7,70,8.8,13546957,17.4,0,0.0,0,0.0,149,7.9,7747,7.9
"06085","3","1012","73","0","2023","A","",3,837,88016434,0,0,2022,105168,"",0.10,1.08,0.75,0.00,0.00,0.69,0.69,"",0,0.0,44,5.5,10285916,13.2,0,0.0,0,0.0,138,7.3,7178,7.3
"06085","3","1013","73","0","2023","A","",5,26,3261041,0,0,2381,123837,"",14.95,2.61,2.00,0.00,0.00,0.76,0.76,"N",5,100.0,0,0,0,0,0,0,0,0,0,0,0,0
"06085","3","102","72","0","2023","A","",1117,77048,7891363118,10550068,247630,1970,102421,"",1.00,0.74,0.50,0.08,0.19,0.67,0.67,"",-31,-2.7,2372,3.2,708844183,9.9,737266,7.5,-4547,-1.8,120,6.5,6239,6.5
"06085","3","1021","73","0","2023","A","",29,4373,568063616,45318,712,2498,129912,"",0.36,1.08,0.71,0.01,0.01,0.66,0.66,"",-1,-3.3,233,5.6,38150568,7.2,9628,27.0,176,32.8,36,1.5,1909,1.5
"06085","3","1022","73","0","2023","A","",7,1212,69850703,0,0,1108,57641,"",0.20,1.35,0.78,0.00,0.00,0.58,0.58,"",0,0.0,70,6.1,6954182,11.1,0,0.0,0,0.0,49,4.6,2557,4.6
"06085","3","1023","73","0","2023","A","",2,7,849621,56000,3143,2514,130711,"",0.16,0.02,0.02,0.03,0.08,0.79,0.79,"",0,0.0,0,0.0,59293,7.5,7000,14.3,434,16.0,317,14.4,16447,14.4
"06085","3","1024","73","0","2023","A","",5,290,29667701,0,0,1971,102479,"",0.16,0.41,0.28,0.00,0.00,0.67,0.67,"",-1,-16.7,-5,-1.7,567242,1.9,0,0.0,0,0.0,71,3.7,3666,3.7
"06085","3","1025","73","0","2023","A","",985,46437,4352969464,7636754,168678,1803,93738,"",2.00,0.73,0.47,0.15,0.50,0.65,0.65,"",-32,-3.1,1627,3.6,460402768,11.8,527802,7.4,4723,2.9,132,7.9,6869,7.9
"06085","3","1026","73","0","2023","A","",21,2423,137250122,866099,12990,1089,56649,"",0.68,0.84,0.47,0.09,0.06,0.56,0.57,"",2,10.5,256,11.8,14581983,11.9,151058,21.1,2264,21.1,0,0.0,33,0.1
"06085","3","1027","73","0","2023","A","",3,60,6162445,492537,9850,1970,102423,"",0.21,0.25,0.19,0.93,0.72,0.75,0.75,"",0,0.0,3,5.3,599577,10.8,52715,12.0,174,1.8,107,5.7,5537,5.7
"06085","3","1028","73","0","2023","A","",65,22247,2726549446,1453360,52257,2357,122557,"",0.15,0.73,0.52,0.03,0.09,0.72,0.72,"",0,0.0,188,0.9,187528570,7.4,-10937,-0.7,-12318,-19.1,144,6.5,7457,6.5
"06085","3","22","74","0","2023","A","",12,1796,283699350,45318,712,3038,157991,"",0.22,0.98,0.72,0.01,0.02,0.74,0.74,"",0,0.0,54,3.1,22652241,8.7,9628,27.0,176,32.8,156,5.4,8136,5.4
"06085","3","221","75","0","2023","A","",12,1796,283699350,45318,712,3038,157991,"",0.22,0.98,0.72,0.01,0.02,0.74,0.74,"",0,0.0,54,3.1,22652241,8.7,9628,27.0,176,32.8,156,5.4,8136,5.4
"06085","3","2211","76","0","2023","A","",2,395,76691779,0,0,3738,194361,"",0.32,0.69,0.49,0.00,0.00,0.71,0.71,"",0,0.0,20,5.3,10522215,15.9,0,0.0,0,0.0,347,10.2,18026,10.2
"06085","3","22111","77","0","2023","A","",1,186,44320822,0,0,4593,238819,"",0.60,1.19,1.03,0.00,0.00,0.87,0.87,"",0,0.0,12,6.9,6527418,17.3,0,0.0,0,0.0,408,9.7,21199,9.7
"06085","3","221111","78","0","2023","A","",1,186,44320822,0,0,4593,238819,"",2.53,6.51,5.60,0.00,0.00,0.86,0.86,"",0,0.0,12,6.9,6527418,17.3,0,0.0,0,0.0,408,9.7,21199,9.7
"06085","3","22112","77","0","2023","A","",1,209,32370957,0,0,2979,154885,"",0.22,0.50,0.28,0.00,0.00,0.57,0.57,"",0,0.0,7,3.5,3994797,14.1,0,0.0,0,0.0,272,10.0,14119,10.0
"06085","3","221122","78","0","2023","A","",1,209,32370957,0,0,2979,154885,"",0.24,0.57,0.32,0.00,0.00,0.57,0.57,"",0,0.0,7,3.5,3994797,14.1,0,0.0,0,0.0,272,10.0,14119,10.0
"06085","3","2213","76","0","2023","A","",10,1401,207007571,45318,712,2841,147748,"",0.21,1.16,0.92,0.02,0.03,0.79,0.79,"",0,0.0,34,2.5,12130026,6.2,9628,27.0,176,32.8,99,3.6,5163,3.6
"06085","3","22131","77","0","2023","A","",5,1125,172877897,0,0,2955,153646,"",0.15,1.36,1.13,0.00,0.00,0.83,0.83,"",0,0.0,21,1.9,8415351,5.1,0,0.0,0,0.0,90,3.1,4654,3.1
"06085","3","221310","78","0","2023","A","",5,1125,172877897,0,0,2955,153646,"",0.15,1.36,1.13,0.00,0.00,0.83,0.83,"",0,0.0,21,1.9,8415351,5.1,0,0.0,0,0.0,90,3.1,4654,3.1
"06085","3","22132","77","0","2023","A","",5,276,34129674,45318,712,2379,123696,"",0.32,0.73,0.47,0.06,0.08,0.64,0.64,"",0,0.0,13,4.9,3714675,12.2,9628,27.0,176,32.8,154,6.9,8013,6.9
"06085","3","221320","78","0","2023","A","",5,276,34129674,45318,712,2379,123696,"",0.32,0.73,0.47,0.06,0.08,0.64,0.64,"",0,0.0,13,4.9,3714675,12.2,9628,27.0,176,32.8,154,6.9,8013,6.9
"06085","3","23","74","0","2023","A","",3,837,88016434,0,0,2022,105168,"",0.10,1.08,0.75,0.00,0.00,0.69,0.69,"",0,0.0,44,5.5,10285916,13.2,0,0.0,0,0.0,138,7.3,7178,7.3
"06085","3","237","75","0","2023","A","",3,837,88016434,0,0,2022,105168,"",0.11,1.13,0.78,0.00,0.00,0.69,0.69,"",0,0.0,44,5.5,10285916,13.2,0,0.0,0,0.0,138,7.3,7178,7.3
"06085","3","2373","76","0","2023","A","",3,837,88016434,0,0,2022,105168,"",0.11,1.16,0.81,0.00,0.00,0.70,0.70,"",0,0.0,44,5.5,10285916,13.2,0,0.0,0,0.0,138,7.3,7178,7.3
"06085","3","23731","77","0","2023","A","",3,837,88016434,0,0,2022,105168,"",0.11,1.16,0.81,0.00,0.00,0.70,0.70,"",0,0.0,44,5.5,10285916,13.2,0,0.0,0,0.0,138,7.3,7178,7.3
"06085","3","237310","78","0","2023","A","",3,837,88016434,0,0,2022,105168,"",0.11,1.16,0.81,0.00,0.00,0.70,0.70,"",0,0.0,44,5.5,10285916,13.2,0,0.0,0,0.0,138,7.3,7178,7.3
"06085","3","31-33","74","0","2023","A","",5,26,3261041,0,0,2381,123837,"",14.95,2.61,2.00,0.00,0.00,0.76,0.76,"N",5,100.0,0,0,0,0,0,0,0,0,0,0,0,0
"06085","3","332","75","0","2023","A","",5,26,3261041,0,0,2381,123837,"N",106.79,0,0,0,0,0,0,"N",5,100.0,0,0,0,0,0,0,0,0,0,0,0,0
"06085","3","3324","76","0","2023","A","",5,26,3261041,0,0,2381,123837,"",149.50,136.77,56.65,0.00,0.00,0.41,0.41,"N",5,100.0,0,0,0,0,0,0,0,0,0,0,0,0
"06085","3","33243","77","0","2023","A","",5,26,3261041,0,0,2381,123837,"",149.50,136.77,56.65,0.00,0.00,0.41,0.41,"N",5,100.0,0,0,0,0,0,0,0,0,0,0,0,0
"06085","3","332431","78","0","2023","A","",5,26,3261041,0,0,2381,123837,"",149.50,136.77,56.65,0.00,0.00,0.41,0.41,"N",5,100.0,0,0,0,0,0,0,0,0,0,0,0,0
"06085","3","48-49","74","0","2023","A","",17,2577,284364266,0,0,2122,110347,"",0.86,1.20,0.71,0.00,0.00,0.59,0.59,"",-1,-5.6,179,7.5,15498327,5.8,0,0.0,0,0.0,-34,-1.6,-1782,-1.6
"06085","3","485","75","0","2023","A","",9,2284,252277979,0,0,2124,110438,"",0.76,1.31,0.80,0.00,0.00,0.61,0.61,"",0,0.0,169,8.0,12292446,5.1,0,0.0,0,0.0,-58,-2.7,-3039,-2.7
"06085","3","4851","76","0","2023","A","",5,2205,246358547,0,0,2149,111727,"",1.47,1.74,0.92,0.00,0.00,0.53,0.53,"",0,0.0,166,8.1,11323168,4.8,0,0.0,0,0.0,-68,-3.1,-3571,-3.1
"06085","3","48511","77","0","2023","A","",5,2205,246358547,0,0,2149,111727,"",1.47,1.74,0.92,0.00,0.00,0.53,0.53,"",0,0.0,166,8.1,11323168,4.8,0,0.0,0,0.0,-68,-3.1,-3571,-3.1
"06085","3","485113","78","0","2023","A","",5,2205,246358547,0,0,2149,111727,"",2.01,4.72,2.80,0.00,0.00,0.59,0.59,"",0,0.0,166,8.1,11323168,4.8,0,0.0,0,0.0,-68,-3.1,-3571,-3.1
"06085","3","4854","76","0","2023","A","",4,79,5919432,0,0,1435,74615,"",0.54,0.19,0.14,0.00,0.00,0.77,0.77,"",0,0.0,3,3.9,969278,19.6,0,0.0,0,0.0,188,15.1,9766,15.1
"06085","3","48541","77","0","2023","A","",4,79,5919432,0,0,1435,74615,"",0.54,0.19,0.14,0.00,0.00,0.77,0.77,"",0,0.0,3,3.9,969278,19.6,0,0.0,0,0.0,188,15.1,9766,15.1
"06085","3","485410","78","0","2023","A","",4,79,5919432,0,0,1435,74615,"",0.54,0.19,0.14,0.00,0.00,0.77,0.77,"",0,0.0,3,3.9,969278,19.6,0,0.0,0,0.0,188,15.1,9766,15.1
"06085","3","488","75","0","2023","A","",2,218,24859750,0,0,2189,113818,"",0.34,0.64,0.34,0.00,0.00,0.53,0.53,"",0,0.0,12,5.8,2633638,11.8,0,0.0,0,0.0,111,5.3,5749,5.3
"06085","3","4881","76","0","2023","A","",2,218,24859750,0,0,2189,113818,"",0.50,0.89,0.50,0.00,0.00,0.56,0.56,"",0,0.0,12,5.8,2633638,11.8,0,0.0,0,0.0,111,5.3,5749,5.3
"06085","3","48811","77","0","2023","A","",2,218,24859750,0,0,2189,113818,"N",0.51,0,0,0,0,0,0,"",0,0.0,12,5.8,2633638,11.8,0,0.0,0,0.0,111,5.3,5749,5.3
"06085","3","488119","78","0","2023","A","",2,218,24859750,0,0,2189,113818,"",0.54,0.93,0.52,0.00,0.00,0.56,0.56,"",0,0.0,12,5.8,2633638,11.8,0,0.0,0,0.0,111,5.3,5749,5.3
"06085","3","493","75","0","2023","A","",6,74,7226537,0,0,1872,97327,"",3.60,1.24,0.75,0.00,0.00,0.60,0.60,"",-1,-14.3,-3,-3.9,572243,8.6,0,0.0,0,0.0,217,13.1,11280,13.1
"06085","3","4931","76","0","2023","A","",6,74,7226537,0,0,1872,97327,"",3.60,1.24,0.75,0.00,0.00,0.60,0.60,"",-1,-14.3,-3,-3.9,572243,8.6,0,0.0,0,0.0,217,13.1,11280,13.1
"06085","3","49311","77","0","2023","A","",6,74,7226537,0,0,1872,97327,"",3.87,1.30,0.78,0.00,0.00,0.60,0.60,"",-1,-14.3,-3,-3.9,572243,8.6,0,0.0,0,0.0,217,13.1,11280,13.1
"06085","3","493110","78","0","2023","A","",6,74,7226537,0,0,1872,97327,"",3.87,1.30,0.78,0.00,0.00,0.60,0.60,"",-1,-14.3,-3,-3.9,572243,8.6,0,0.0,0,0.0,217,13.1,11280,13.1
"06085","3","51","74","0","2023","A","",7,1212,69850703,0,0,1108,57641,"",0.20,1.35,0.78,0.00,0.00,0.58,0.58,"",0,0.0,70,6.1,6954182,11.1,0,0.0,0,0.0,49,4.6,2557,4.6
"06085","3","519","75","0","2023","A","",7,1212,69850703,0,0,1108,57641,"",0.21,1.39,0.83,0.00,0.00,0.60,0.60,"",0,0.0,70,6.1,6954182,11.1,0,0.0,0,0.0,49,4.6,2557,4.6
"06085","3","5192","76","0","2023","A","",7,1212,69850703,0,0,1108,57641,"",0.21,1.39,0.83,0.00,0.00,0.60,0.60,"",0,0.0,70,6.1,6954182,11.1,0,0.0,0,0.0,49,4.6,2557,4.6
"06085","3","51921","77","0","2023","A","",7,1212,69850703,0,0,1108,57641,"N",0.21,0,0,0,0,0,0,"",0,0.0,70,6.1,6954182,11.1,0,0.0,0,0.0,49,4.6,2557,4.6
"06085","3","519210","78","0","2023","A","",7,1212,69850703,0,0,1108,57641,"N",0.21,0,0,0,0,0,0,"",0,0.0,70,6.1,6954182,11.1,0,0.0,0,0.0,49,4.6,2557,4.6
"06085","3","52","74","0","2023","A","",2,7,849621,56000,3143,2514,130711,"",1.54,0.08,0.04,0.11,0.32,0.55,0.55,"",0,0.0,0,0.0,59293,7.5,7000,14.3,434,16.0,317,14.4,16447,14.4
"06085","3","524","75","0","2023","A","",2,7,849621,56000,3143,2514,130711,"",3.40,0.11,0.06,0.33,0.45,0.56,0.56,"",0,0.0,0,0.0,59293,7.5,7000,14.3,434,16.0,317,14.4,16447,14.4
"06085","3","5242","76","0","2023","A","",2,7,849621,56000,3143,2514,130711,"",6.36,0.51,0.26,2.36,4.59,0.54,0.54,"",0,0.0,0,0.0,59293,7.5,7000,14.3,434,16.0,317,14.4,16447,14.4
"06085","3","52429","77","0","2023","A","",2,7,849621,56000,3143,2514,130711,"N",8.79,0,0,0,0,0,0,"",0,0.0,0,0.0,59293,7.5,7000,14.3,434,16.0,317,14.4,16447,14.4
"06085","3","524291","78","0","2023","A","",1,6,805941,49000,3038,2818,146535,"N",18.69,0,0,0,0,0,0,"",0,0.0,0,0.0,59293,7.9,7000,16.7,434,16.7,391,16.1,20341,16.1
"06085","3","524292","78","0","2023","A","",1,1,43680,7000,105,840,43680,"",8.31,0.12,0.02,0.52,0.20,0.18,0.18,"",0,0.0,0,0.0,0,0.0,0,0.0,0,0.0,0,0.0,0,0.0
"06085","3","54","74","0","2023","A","",2,73,8874391,0,0,2330,121152,"",0.25,0.48,0.29,0.00,0.00,0.62,0.62,"",-1,-33.3,0,0.0,612458,7.4,0,0.0,0,0.0,146,6.7,7586,6.7
"06085","3","541","75","0","2023","A","",2,73,8874391,0,0,2330,121152,"",0.25,0.48,0.29,0.00,0.00,0.62,0.62,"",-1,-33.3,0,0.0,612458,7.4,0,0.0,0,0.0,146,6.7,7586,6.7
"06085","3","5412","76","0","2023","A","",0,0,68893,0,0,5299,275572,"",0.00,0.00,0.02,0.00,0.00,1.54,1.54,"",-1,-100.0,-1,-100.0,-101580,-59.6,0,0.0,0,0.0,2021,61.7,105099,61.7
"06085","3","54121","77","0","2023","A","",0,0,68893,0,0,5299,275572,"",0.00,0.00,0.02,0.00,0.00,1.54,1.54,"",-1,-100.0,-1,-100.0,-101580,-59.6,0,0.0,0,0.0,2021,61.7,105099,61.7
"06085","3","541211","78","0","2023","A","",0,0,68893,0,0,5299,275572,"N",0.00,0,0,0,0,0,0,"",-1,-100.0,-1,-100.0,-101580,-59.6,0,0.0,0,0.0,2021,61.7,105099,61.7
"06085","3","5413","76","0","2023","A","",1,39,5463229,0,0,2711,140987,"",0.30,0.64,0.47,0.00,0.00,0.73,0.73,"",0,0.0,1,2.6,527470,10.7,0,0.0,0,0.0,224,9.0,11666,9.0
"06085","3","54132","77","0","2023","A","",1,39,5463229,0,0,2711,140987,"",5.75,6.04,3.18,0.00,0.00,0.53,0.53,"",0,0.0,1,2.6,527470,10.7,0,0.0,0,0.0,224,9.0,11666,9.0
"06085","3","541320","78","0","2023","A","",1,39,5463229,0,0,2711,140987,"",5.75,6.04,3.18,0.00,0.00,0.53,0.53,"",0,0.0,1,2.6,527470,10.7,0,0.0,0,0.0,224,9.0,11666,9.0
"06085","3","5416","76","0","2023","A","",1,34,3342269,0,0,1877,97584,"",0.85,2.42,1.09,0.00,0.00,0.45,0.45,"",0,0.0,0,0.0,186568,5.9,0,0.0,0,0.0,70,3.9,3618,3.9
"06085","3","54169","77","0","2023","A","",1,34,3342269,0,0,1877,97584,"",2.67,10.54,4.39,0.00,0.00,0.41,0.41,"",0,0.0,0,0.0,186568,5.9,0,0.0,0,0.0,70,3.9,3618,3.9
"06085","3","541690","78","0","2023","A","",1,34,3342269,0,0,1877,97584,"",2.67,10.54,4.39,0.00,0.00,0.41,0.41,"",0,0.0,0,0.0,186568,5.9,0,0.0,0,0.0,70,3.9,3618,3.9
"06085","3","56","74","0","2023","A","",3,216,20793310,0,0,1849,96154,"",0.13,0.39,0.27,0.00,0.00,0.68,0.68,"",0,0.0,-6,-2.7,-45216,-0.2,0,0.0,0,0.0,42,2.3,2181,2.3
"06085","3","561","75","0","2023","A","",3,216,20793310,0,0,1849,96154,"",0.19,0.59,0.40,0.00,0.00,0.68,0.68,"",0,0.0,-6,-2.7,-45216,-0.2,0,0.0,0,0.0,42,2.3,2181,2.3
"06085","3","5611","76","0","2023","A","",1,0,5500,0,0,1269,66000,"",0.86,0.00,0.00,0.00,0.00,0.32,0.32,"N",1,100.0,0,0,0,0,0,0,0,0,0,0,0,0
"06085","3","56111","77","0","2023","A","",1,0,5500,0,0,1269,66000,"",0.86,0.00,0.00,0.00,0.00,0.32,0.32,"N",1,100.0,0,0,0,0,0,0,0,0,0,0,0,0
"06085","3","561110","78","0","2023","A","",1,0,5500,0,0,1269,66000,"",0.86,0.00,0.00,0.00,0.00,0.32,0.32,"N",1,100.0,0,0,0,0,0,0,0,0,0,0,0,0
"06085","3","5617","76","0","2023","A","",2,216,20787810,0,0,1849,96166,"",0.20,1.19,0.92,0.00,0.00,0.78,0.78,"",-1,-33.3,-6,-2.7,-50716,-0.2,0,0.0,0,0.0,42,2.3,2193,2.3
"06085","3","56173","77","0","2023","A","",2,216,20787810,0,0,1849,96166,"",1.24,6.74,5.67,0.00,0.00,0.84,0.84,"",0,0.0,5,2.4,1061561,5.4,0,0.0,0,0.0,53,3.0,2750,2.9
"06085","3","561730","78","0","2023","A","",2,216,20787810,0,0,1849,96166,"",1.24,6.74,5.67,0.00,0.00,0.84,0.84,"",0,0.0,5,2.4,1061561,5.4,0,0.0,0,0.0,53,3.0,2750,2.9
"06085","3","61","74","0","2023","A","",974,35861,3051412375,7232677,158172,1636,85091,"",2.19,0.63,0.38,0.18,0.59,0.60,0.60,"",-32,-3.2,988,2.8,234242866,8.3,557725,8.4,5501,3.6,82,5.3,4307,5.3
"06085","3","611","75","0","2023","A","",974,35861,3051412375,7232677,158172,1636,85091,"",2.19,0.63,0.38,0.18,0.59,0.60,0.60,"",-32,-3.2,988,2.8,234242866,8.3,557725,8.4,5501,3.6,82,5.3,4307,5.3
"06085","3","6111","76","0","2023","A","",741,31249,2625542215,7232677,158172,1616,84020,"",1.74,0.59,0.35,0.20,0.64,0.59,0.59,"",-41,-5.2,1057,3.5,218327597,9.1,557725,8.4,5501,3.6,83,5.4,4290,5.4
"06085","3","61111","77","0","2023","A","",741,31249,2625542215,7232677,158172,1616,84020,"",1.74,0.59,0.35,0.20,0.64,0.59,0.59,"",-41,-5.2,1057,3.5,218327597,9.1,557725,8.4,5501,3.6,83,5.4,4290,5.4
"06085","3","611110","78","0","2023","A","",741,31249,2625542215,7232677,158172,1616,84020,"",1.74,0.59,0.35,0.20,0.64,0.59,0.59,"",-41,-5.2,1057,3.5,218327597,9.1,557725,8.4,5501,3.6,83,5.4,4290,5.4
"06085","3","6112","76","0","2023","A","",230,4479,412577558,0,0,1771,92110,"",24.00,1.61,1.10,0.00,0.00,0.69,0.69,"",8,3.6,-54,-1.2,16316753,4.1,0,0.0,0,0.0,90,5.4,4690,5.4
"06085","3","61121","77","0","2023","A","",230,4479,412577558,0,0,1771,92110,"",24.00,1.61,1.10,0.00,0.00,0.69,0.69,"",8,3.6,-54,-1.2,16316753,4.1,0,0.0,0,0.0,90,5.4,4690,5.4
"06085","3","611210","78","0","2023","A","",230,4479,412577558,0,0,1771,92110,"",24.00,1.61,1.10,0.00,0.00,0.69,0.69,"",8,3.6,-54,-1.2,16316753,4.1,0,0.0,0,0.0,90,5.4,4690,5.4
"06085","3","6117","76","0","2023","A","",3,133,13292602,0,0,1927,100195,"",1.11,0.46,0.39,0.00,0.00,0.84,0.84,"",1,50.0,-15,-10.1,-401484,-2.9,0,0.0,0,0.0,148,8.3,7667,8.3
"06085","3","61171","77","0","2023","A","",3,133,13292602,0,0,1927,100195,"",1.11,0.46,0.39,0.00,0.00,0.84,0.84,"",1,50.0,-15,-10.1,-401484,-2.9,0,0.0,0,0.0,148,8.3,7667,8.3
"06085","3","611710","78","0","2023","A","",3,133,13292602,0,0,1927,100195,"",1.11,0.46,0.39,0.00,0.00,0.84,0.84,"",1,50.0,-15,-10.1,-401484,-2.9,0,0.0,0,0.0,148,8.3,7667,8.3
"06085","3","62","74","0","2023","A","",11,10577,1301557089,404077,10506,2367,123058,"",0.23,1.55,1.07,0.04,0.15,0.69,0.69,"",0,0.0,640,6.4,226159902,21.0,-29923,-6.9,-778,-6.9,286,13.7,14835,13.7
"06085","3","622","75","0","2023","A","",1,10414,1287239397,0,0,2377,123604,"",0.11,2.07,1.35,0.00,0.00,0.65,0.65,"",0,0.0,626,6.4,222419720,20.9,0,0.0,0,0.0,285,13.6,14818,13.6
"06085","3","6221","76","0","2023","A","",1,10414,1287239397,0,0,2377,123604,"",0.11,2.08,1.35,0.00,0.00,0.65,0.65,"",0,0.0,626,6.4,222419720,20.9,0,0.0,0,0.0,285,13.6,14818,13.6
"06085","3","62211","77","0","2023","A","",1,10414,1287239397,0,0,2377,123604,"",0.11,2.08,1.35,0.00,0.00,0.65,0.65,"",0,0.0,626,6.4,222419720,20.9,0,0.0,0,0.0,285,13.6,14818,13.6
"06085","3","622110","78","0","2023","A","",1,10414,1287239397,0,0,2377,123604,"",0.11,2.08,1.35,0.00,0.00,0.65,0.65,"",0,0.0,626,6.4,222419720,20.9,0,0.0,0,0.0,285,13.6,14818,13.6
"06085","3","624","75","0","2023","A","",10,163,14317692,404077,10506,1694,88109,"",0.54,0.19,0.12,0.19,0.43,0.65,0.65,"",0,0.0,14,9.4,3740182,35.4,-29923,-6.9,-778,-6.9,325,23.7,16920,23.8
"06085","3","6241","76","0","2023","A","",1,47,5170091,404077,10506,2115,110002,"",0.08,0.07,0.05,0.24,0.68,0.78,0.78,"",0,0.0,0,0.0,263917,5.4,-29923,-6.9,-778,-6.9,122,6.1,6350,6.1
"06085","3","62411","77","0","2023","A","",1,47,5170091,404077,10506,2115,110002,"",0.59,0.39,0.33,2.91,9.91,0.83,0.83,"",0,0.0,0,0.0,263917,5.4,-29923,-6.9,-778,-6.9,122,6.1,6350,6.1
"06085","3","624110","78","0","2023","A","",1,47,5170091,404077,10506,2115,110002,"",0.59,0.39,0.33,2.91,9.91,0.83,0.83,"",0,0.0,0,0.0,263917,5.4,-29923,-6.9,-778,-6.9,122,6.1,6350,6.1
"06085","3","6243","76","0","2023","A","",9,116,9147601,0,0,1523,79200,"",6.83,2.93,2.05,0.00,0.00,0.70,0.70,"",0,0.0,15,14.9,3476265,61.3,0,0.0,0,0.0,446,41.4,23187,41.4
"06085","3","62431","77","0","2023","A","",9,116,9147601,0,0,1523,79200,"",6.83,2.93,2.05,0.00,0.00,0.70,0.70,"",0,0.0,15,14.9,3476265,61.3,0,0.0,0,0.0,446,41.4,23187,41.4
"06085","3","624310","78","0","2023","A","",9,116,9147601,0,0,1523,79200,"",6.83,2.93,2.05,0.00,0.00,0.70,0.70,"",0,0.0,15,14.9,3476265,61.3,0,0.0,0,0.0,446,41.4,23187,41.4
"06085","3","71","74","0","2023","A","",16,2357,132736056,866099,12990,1083,56318,"",0.61,1.10,0.66,0.15,0.11,0.60,0.60,"",0,0.0,236,11.1,12515237,10.4,151058,21.1,2264,21.1,-7,-0.6,-377,-0.7
"06085","3","712","75","0","2023","A","",1,50,3236916,0,0,1253,65173,"",0.20,0.17,0.12,0.00,0.00,0.74,0.74,"",0,0.0,0,0.0,500331,18.3,0,0.0,0,0.0,207,19.8,10804,19.9
"06085","3","7121","76","0","2023","A","",1,50,3236916,0,0,1253,65173,"",0.20,0.17,0.12,0.00,0.00,0.74,0.74,"",0,0.0,0,0.0,500331,18.3,0,0.0,0,0.0,207,19.8,10804,19.9
"06085","3","71211","77","0","2023","A","",1,50,3236916,0,0,1253,65173,"",0.90,2.52,1.44,0.00,0.00,0.58,0.58,"",0,0.0,0,0.0,500331,18.3,0,0.0,0,0.0,207,19.8,10804,19.9
"06085","3","712110","78","0","2023","A","",1,50,3236916,0,0,1253,65173,"",0.90,2.52,1.44,0.00,0.00,0.58,0.58,"",0,0.0,0,0.0,500331,18.3,0,0.0,0,0.0,207,19.8,10804,19.9
"06085","3","713","75","0","2023","A","",15,2307,129499140,866099,12990,1079,56127,"",0.74,1.29,0.76,0.15,0.12,0.59,0.59,"",0,0.0,237,11.4,12014906,10.2,151058,21.1,2264,21.1,-12,-1.1,-624,-1.1
"06085","3","7139","76","0","2023","A","",15,2307,129499140,866099,12990,1079,56127,"",0.84,2.37,1.94,0.78,0.60,0.82,0.82,"",0,0.0,237,11.4,12014906,10.2,151058,21.1,2264,21.1,-12,-1.1,-624,-1.1
"06085","3","71394","77","0","2023","A","",2,337,21174293,0,0,1208,62816,"",0.26,0.86,0.93,0.00,0.00,1.08,1.08,"",0,0.0,2,0.6,29197,0.1,0,0.0,0,0.0,-6,-0.5,-304,-0.5
"06085","3","713940","78","0","2023","A","",2,337,21174293,0,0,1208,62816,"",0.26,0.86,0.93,0.00,0.00,1.08,1.08,"",0,0.0,2,0.6,29197,0.1,0,0.0,0,0.0,-6,-0.5,-304,-0.5
"06085","3","71399","77","0","2023","A","",13,1970,108324847,866099,12990,1057,54983,"",1.59,3.76,2.70,1.66,1.37,0.72,0.72,"",0,0.0,235,13.5,11985709,12.4,151058,21.1,2264,21.1,-11,-1.0,-539,-1.0
"06085","3","713990","78","0","2023","A","",13,1970,108324847,866099,12990,1057,54983,"",1.59,3.76,2.70,1.66,1.37,0.72,0.72,"",0,0.0,235,13.5,11985709,12.4,151058,21.1,2264,21.1,-11,-1.0,-539,-1.0
"06085","3","72","74","0","2023","A","",5,66,4514066,0,0,1317,68481,"",1.06,0.09,0.05,0.00,0.00,0.58,0.58,"",2,66.7,20,43.5,2066746,84.4,0,0.0,0,0.0,298,29.2,15470,29.2
"06085","3","722","75","0","2023","A","",5,66,4514066,0,0,1317,68481,"",1.43,0.81,0.74,0.00,0.00,0.92,0.92,"",2,66.7,20,43.5,2066746,84.4,0,0.0,0,0.0,298,29.2,15470,29.2
"06085","3","7223","76","0","2023","A","",3,46,2608659,0,0,1087,56505,"",2.62,1.47,1.10,0.00,0.00,0.74,0.74,"",0,0.0,3,7.0,360576,16.0,0,0.0,0,0.0,91,9.1,4726,9.1
"06085","3","72231","77","0","2023","A","",3,46,2608659,0,0,1087,56505,"",2.62,1.47,1.10,0.00,0.00,0.74,0.74,"",0,0.0,3,7.0,360576,16.0,0,0.0,0,0.0,91,9.1,4726,9.1
"06085","3","722310","78","0","2023","A","",3,46,2608659,0,0,1087,56505,"",2.62,1.47,1.10,0.00,0.00,0.74,0.74,"",0,0.0,3,7.0,360576,16.0,0,0.0,0,0.0,91,9.1,4726,9.1
"06085","3","7225","76","0","2023","A","",2,20,1905407,0,0,1855,96476,"",0.91,0.42,0.55,0.00,0.00,1.33,1.33,"",2,100.0,17,566.7,1706170,856.4,0,0.0,0,0.0,462,33.2,24026,33.2
"06085","3","72251","77","0","2023","A","",2,20,1905407,0,0,1855,96476,"",0.91,0.42,0.55,0.00,0.00,1.33,1.33,"",2,100.0,17,566.7,1706170,856.4,0,0.0,0,0.0,462,33.2,24026,33.2
"06085","3","722513","78","0","2023","A","",2,20,1905407,0,0,1855,96476,"",24.92,12.66,15.47,0.00,0.00,1.24,1.24,"",2,100.0,17,566.7,1706170,856.4,0,0.0,0,0.0,462,33.2,24026,33.2
"06085","3","81","74","0","2023","A","",3,60,6162445,492537,9850,1970,102423,"",0.21,0.25,0.19,0.93,0.72,0.75,0.75,"",0,0.0,3,5.3,599577,10.8,52715,12.0,174,1.8,107,5.7,5537,5.7
"06085","3","812","75","0","2023","A","",1,4,240069,0,0,1154,60017,"",0.14,0.08,0.04,0.00,0.00,0.54,0.54,"",0,0.0,1,33.3,7120,3.1,0,0.0,0,0.0,-339,-22.7,-17633,-22.7
"06085","3","8122","76","0","2023","A","",1,4,240069,0,0,1154,60017,"",0.21,0.21,0.15,0.00,0.00,0.70,0.70,"",0,0.0,1,33.3,7120,3.1,0,0.0,0,0.0,-339,-22.7,-17633,-22.7
"06085","3","81222","77","0","2023","A","",1,4,240069,0,0,1154,60017,"",0.21,0.21,0.15,0.00,0.00,0.70,0.70,"",0,0.0,1,33.3,7120,3.1,0,0.0,0,0.0,-339,-22.7,-17633,-22.7
"06085","3","812220","78","0","2023","A","",1,4,240069,0,0,1154,60017,"",0.21,0.21,0.15,0.00,0.00,0.70,0.70,"",0,0.0,1,33.3,7120,3.1,0,0.0,0,0.0,-339,-22.7,-17633,-22.7
"06085","3","813","75","0","2023","A","",2,56,5922376,492537,9850,2028,105443,"",0.64,0.69,0.51,1.26,0.89,0.74,0.74,"",0,0.0,2,3.7,592457,11.1,52715,12.0,174,1.8,144,7.6,7497,7.7
"06085","3","8133","76","0","2023","A","",2,56,5922376,492537,9850,2028,105443,"",1.57,1.24,0.96,2.73,1.34,0.77,0.77,"",0,0.0,2,3.7,592457,11.1,52715,12.0,174,1.8,144,7.6,7497,7.7
"06085","3","81331","77","0","2023","A","",2,56,5922376,492537,9850,2028,105443,"",1.57,1.24,0.96,2.73,1.34,0.77,0.77,"",0,0.0,2,3.7,592457,11.1,52715,12.0,174,1.8,144,7.6,7497,7.7
"06085","3","813312","78","0","2023","A","",2,56,5922376,492537,9850,2028,105443,"",4.40,8.67,5.87,25.88,15.95,0.68,0.68,"",0,0.0,2,3.7,592457,11.1,52715,12.0,174,1.8,144,7.6,7497,7.7
"06085","3","92","74","0","2023","A","",65,22247,2726549446,1453360,52257,2357,122557,"",0.15,0.73,0.52,0.03,0.09,0.72,0.72,"",0,0.0,188,0.9,187528570,7.4,-10937,-0.7,-12318,-19.1,144,6.5,7457,6.5
"06085","3","921","75","0","2023","A","",31,8166,879344070,0,0,2071,107682,"",0.13,0.41,0.29,0.00,0.00,0.70,0.70,"",0,0.0,-69,-0.8,48080408,5.8,0,0.0,0,0.0,130,6.7,6743,6.7
"06085","3","9211","76","0","2023","A","",31,8166,879344070,0,0,2071,107682,"",0.13,0.41,0.29,0.00,0.00,0.70,0.70,"",0,0.0,-69,-0.8,48080408,5.8,0,0.0,0,0.0,130,6.7,6743,6.7
"06085","3","92111","77","0","2023","A","",5,72,9801795,0,0,2606,135509,"",0.17,0.05,0.05,0.00,0.00,0.88,0.88,"",0,0.0,11,18.0,1696379,20.9,0,0.0,0,0.0,40,1.6,2087,1.6
"06085","3","921110","78","0","2023","A","",5,72,9801795,0,0,2606,135509,"",0.17,0.05,0.05,0.00,0.00,0.88,0.88,"",0,0.0,11,18.0,1696379,20.9,0,0.0,0,0.0,40,1.6,2087,1.6
"06085","3","92112","77","0","2023","A","",1,7,100153,0,0,278,14480,"",0.05,0.00,0.00,0.00,0.00,0.09,0.09,"",0,0.0,0,0.0,2000,2.0,0,0.0,0,0.0,8,3.0,458,3.3
"06085","3","921120","78","0","2023","A","",1,7,100153,0,0,278,14480,"",0.05,0.00,0.00,0.00,0.00,0.09,0.09,"",0,0.0,0,0.0,2000,2.0,0,0.0,0,0.0,8,3.0,458,3.3
"06085","3","92113","77","0","2023","A","",7,1012,100914216,0,0,1918,99742,"",0.41,1.93,1.11,0.00,0.00,0.58,0.58,"",0,0.0,12,1.2,6096617,6.4,0,0.0,0,0.0,94,5.2,4901,5.2
"06085","3","921130","78","0","2023","A","",7,1012,100914216,0,0,1918,99742,"",0.41,1.93,1.11,0.00,0.00,0.58,0.58,"",0,0.0,12,1.2,6096617,6.4,0,0.0,0,0.0,94,5.2,4901,5.2
"06085","3","92114","77","0","2023","A","",15,6774,746302451,0,0,2119,110177,"",0.11,0.52,0.38,0.00,0.00,0.73,0.73,"",0,0.0,-104,-1.5,39444989,5.6,0,0.0,0,0.0,143,7.2,7400,7.2
"06085","3","921140","78","0","2023","A","",15,6774,746302451,0,0,2119,110177,"",0.11,0.52,0.38,0.00,0.00,0.73,0.73,"",0,0.0,-104,-1.5,39444989,5.6,0,0.0,0,0.0,143,7.2,7400,7.2
"06085","3","92119","77","0","2023","A","",3,301,22225455,0,0,1418,73737,"",0.09,0.13,0.06,0.00,0.00,0.49,0.49,"",0,0.0,11,3.8,840423,3.9,0,0.0,0,0.0,1,0.1,59,0.1
"06085","3","921190","78","0","2023","A","",3,301,22225455,0,0,1418,73737,"",0.09,0.13,0.06,0.00,0.00,0.49,0.49,"",0,0.0,11,3.8,840423,3.9,0,0.0,0,0.0,1,0.1,59,0.1
"06085","3","922","75","0","2023","A","",14,7669,1190450874,104180,2632,2985,155237,"",0.16,1.12,0.78,0.02,0.05,0.70,0.70,"",0,0.0,85,1.1,75125379,6.7,34180,48.8,1015,62.8,157,5.6,8182,5.6
"06085","3","9221","76","0","2023","A","",14,7669,1190450874,104180,2632,2985,155237,"",0.16,1.12,0.78,0.02,0.05,0.70,0.70,"",0,0.0,85,1.1,75125379,6.7,34180,48.8,1015,62.8,157,5.6,8182,5.6
"06085","3","92211","77","0","2023","A","",1,502,50951944,0,0,1951,101431,"",0.08,0.89,0.57,0.00,0.00,0.64,0.64,"",0,0.0,25,5.2,3948417,8.4,0,0.0,0,0.0,56,3.0,2874,2.9
"06085","3","922110","78","0","2023","A","",1,502,50951944,0,0,1951,101431,"",0.08,0.89,0.57,0.00,0.00,0.64,0.64,"",0,0.0,25,5.2,3948417,8.4,0,0.0,0,0.0,56,3.0,2874,2.9
"06085","3","92212","77","0","2023","A","",3,612,105206632,0,0,3307,171953,"",0.13,0.20,0.16,0.00,0.00,0.80,0.80,"",0,0.0,58,10.5,6437417,6.5,0,0.0,0,0.0,-124,-3.6,-6438,-3.6
"06085","3","922120","78","0","2023","A","",3,612,105206632,0,0,3307,171953,"",0.13,0.20,0.16,0.00,0.00,0.80,0.80,"",0,0.0,58,10.5,6437417,6.5,0,0.0,0,0.0,-124,-3.6,-6438,-3.6
"06085","3","92213","77","0","2023","A","",2,22,4079295,0,0,3539,184028,"",0.29,0.09,0.08,0.00,0.00,0.89,0.89,"",0,0.0,1,4.8,381814,10.3,0,0.0,0,0.0,153,4.5,7957,4.5
"06085","3","922130","78","0","2023","A","",2,22,4079295,0,0,3539,184028,"",0.29,0.09,0.08,0.00,0.00,0.89,0.89,"",0,0.0,1,4.8,381814,10.3,0,0.0,0,0.0,153,4.5,7957,4.5
"06085","3","92216","77","0","2023","A","",5,510,101704251,104180,2632,3839,199616,"",0.14,0.32,0.29,0.03,0.08,0.89,0.89,"",0,0.0,17,3.4,4507679,4.6,34180,48.8,1015,62.8,51,1.3,2629,1.3
"06085","3","922160","78","0","2023","A","",5,510,101704251,104180,2632,3839,199616,"",0.14,0.32,0.29,0.03,0.08,0.89,0.89,"",0,0.0,17,3.4,4507679,4.6,34180,48.8,1015,62.8,51,1.3,2629,1.3
"06085","3","92219","77","0","2023","A","",3,6023,928508752,0,0,2965,154167,"",0.59,6.69,3.44,0.00,0.00,0.51,0.51,"",0,0.0,-16,-0.3,59850052,6.9,0,0.0,0,0.0,199,7.2,10335,7.2
"06085","3","922190","78","0","2023","A","",3,6023,928508752,0,0,2965,154167,"",0.59,6.69,3.44,0.00,0.00,0.51,0.51,"",0,0.0,-16,-0.3,59850052,6.9,0,0.0,0,0.0,199,7.2,10335,7.2
"06085","3","923","75","0","2023","A","",4,4882,483262954,0,0,1904,98990,"",0.27,3.04,1.68,0.00,0.00,0.55,0.55,"",0,0.0,118,2.5,47231163,10.8,0,0.0,0,0.0,144,8.2,7454,8.1
"06085","3","9231","76","0","2023","A","",4,4882,483262954,0,0,1904,98990,"",0.27,3.04,1.68,0.00,0.00,0.55,0.55,"",0,0.0,118,2.5,47231163,10.8,0,0.0,0,0.0,144,8.2,7454,8.1
"06085","3","92311","77","0","2023","A","",1,13,1857681,0,0,2858,148614,"",0.55,0.07,0.07,0.00,0.00,1.09,1.09,"",0,0.0,4,44.4,1048160,129.5,0,0.0,0,0.0,1128,65.2,58667,65.2
"06085","3","923110","78","0","2023","A","",1,13,1857681,0,0,2858,148614,"",0.55,0.07,0.07,0.00,0.00,1.09,1.09,"",0,0.0,4,44.4,1048160,129.5,0,0.0,0,0.0,1128,65.2,58667,65.2
"06085","3","92312","77","0","2023","A","",1,106,12507002,0,0,2264,117713,"",0.13,0.18,0.12,0.00,0.00,0.67,0.66,"",0,0.0,3,2.9,1558467,14.2,0,0.0,0,0.0,225,11.0,11674,11.0
"06085","3","923120","78","0","2023","A","",1,106,12507002,0,0,2264,117713,"",0.13,0.18,0.12,0.00,0.00,0.67,0.66,"",0,0.0,3,2.9,1558467,14.2,0,0.0,0,0.0,225,11.0,11674,11.0
"06085","3","92313","77","0","2023","A","",2,4763,468898271,0,0,1893,98443,"",0.56,5.79,2.97,0.00,0.00,0.51,0.51,"",0,0.0,112,2.4,44624536,10.5,0,0.0,0,0.0,139,7.9,7226,7.9
"06085","3","923130","78","0","2023","A","",2,4763,468898271,0,0,1893,98443,"",0.56,5.79,2.97,0.00,0.00,0.51,0.51,"",0,0.0,112,2.4,44624536,10.5,0,0.0,0,0.0,139,7.9,7226,7.9
"06085","3","924","75","0","2023","A","",6,943,95477277,85143,3734,1948,101293,"",0.21,1.26,0.78,0.08,0.21,0.62,0.62,"",0,0.0,38,4.2,8863123,10.2,39881,88.1,1411,60.7,108,5.9,5622,5.9
"06085","3","9241","76","0","2023","A","",6,943,95477277,85143,3734,1948,101293,"",0.21,1.26,0.78,0.08,0.21,0.62,0.62,"",0,0.0,38,4.2,8863123,10.2,39881,88.1,1411,60.7,108,5.9,5622,5.9
"06085","3","92411","77","0","2023","A","",4,820,87366553,54755,3066,2050,106610,"",0.36,1.92,1.00,0.13,0.51,0.52,0.52,"",0,0.0,34,4.3,7735713,9.7,19755,56.4,896,41.3,101,5.2,5266,5.2
"06085","3","924110","78","0","2023","A","",4,820,87366553,54755,3066,2050,106610,"",0.36,1.92,1.00,0.13,0.51,0.52,0.52,"",0,0.0,34,4.3,7735713,9.7,19755,56.4,896,41.3,101,5.2,5266,5.2
"06085","3","92412","77","0","2023","A","",2,123,8110724,30388,668,1267,65896,"",0.12,0.39,0.23,0.05,0.06,0.61,0.61,"",0,0.0,3,2.5,1127410,16.1,20126,196.1,515,336.6,144,12.8,7499,12.8
"06085","3","924120","78","0","2023","A","",2,123,8110724,30388,668,1267,65896,"",0.12,0.39,0.23,0.05,0.06,0.61,0.61,"",0,0.0,3,2.5,1127410,16.1,20126,196.1,515,336.6,144,12.8,7499,12.8
"06085","3","925","75","0","2023","A","",4,266,35347028,1145037,43511,2559,133050,"",0.16,0.45,0.37,0.40,1.21,0.82,0.82,"",0,0.0,-4,-1.5,2634990,8.1,-72160,-5.9,-13697,-23.9,228,9.8,11819,9.7
"06085","3","9251","76","0","2023","A","",4,266,35347028,1145037,43511,2559,133050,"",0.16,0.45,0.37,0.40,1.21,0.82,0.82,"",0,0.0,-4,-1.5,2634990,8.1,-72160,-5.9,-13697,-23.9,228,9.8,11819,9.7
"06085","3","92511","77","0","2023","A","",1,142,18171310,1145037,43511,2454,127593,"",0.06,0.39,0.29,0.51,1.61,0.76,0.76,"",0,0.0,-11,-7.2,915055,5.3,-72160,-5.9,-13697,-23.9,283,13.0,14684,13.0
"06085","3","925110","78","0","2023","A","",1,142,18171310,1145037,43511,2454,127593,"",0.06,0.39,0.29,0.51,1.61,0.76,0.76,"",0,0.0,-11,-7.2,915055,5.3,-72160,-5.9,-13697,-23.9,283,13.0,14684,13.0
"06085","3","92512","77","0","2023","A","",3,123,17175718,0,0,2680,139357,"",0.34,0.54,0.51,0.00,0.00,0.93,0.93,"",0,0.0,6,5.1,1719935,11.1,0,0.0,0,0.0,140,5.5,7256,5.5
"06085","3","925120","78","0","2023","A","",3,123,17175718,0,0,2680,139357,"",0.34,0.54,0.51,0.00,0.00,0.93,0.93,"",0,0.0,6,5.1,1719935,11.1,0,0.0,0,0.0,140,5.5,7256,5.5
"06085","3","926","75","0","2023","A","",6,322,42667243,119000,2380,2545,132336,"",0.32,0.63,0.42,0.12,0.12,0.67,0.67,"",0,0.0,21,7.0,5593507,15.1,-12838,-9.7,-1047,-30.6,175,7.4,9099,7.4
"06085","3","9261","76","0","2023","A","",6,322,42667243,119000,2380,2545,132336,"",0.32,0.63,0.42,0.12,0.12,0.67,0.67,"",0,0.0,21,7.0,5593507,15.1,-12838,-9.7,-1047,-30.6,175,7.4,9099,7.4
"06085","3","92611","77","0","2023","A","",1,67,8110580,0,0,2322,120753,"",0.24,0.73,0.46,0.00,0.00,0.62,0.62,"",0,0.0,2,3.1,773225,10.5,0,0.0,0,0.0,137,6.3,7142,6.3
"06085","3","926110","78","0","2023","A","",1,67,8110580,0,0,2322,120753,"",0.24,0.73,0.46,0.00,0.00,0.62,0.62,"",0,0.0,2,3.1,773225,10.5,0,0.0,0,0.0,137,6.3,7142,6.3
"06085","3","92612","77","0","2023","A","",1,6,980736,0,0,3143,163456,"",0.37,0.03,0.02,0.00,0.00,0.73,0.73,"",0,0.0,1,20.0,244560,33.2,0,0.0,0,0.0,403,14.7,20970,14.7
"06085","3","926120","78","0","2023","A","",1,6,980736,0,0,3143,163456,"",0.37,0.03,0.02,0.00,0.00,0.73,0.73,"",0,0.0,1,20.0,244560,33.2,0,0.0,0,0.0,403,14.7,20970,14.7
"06085","3","92613","77","0","2023","A","",3,235,32027659,0,0,2625,136482,"",1.02,2.47,1.75,0.00,0.00,0.71,0.71,"",0,0.0,19,8.8,4501166,16.4,0,0.0,0,0.0,174,7.1,9045,7.1
"06085","3","926130","78","0","2023","A","",3,235,32027659,0,0,2625,136482,"",1.02,2.47,1.75,0.00,0.00,0.71,0.71,"",0,0.0,19,8.8,4501166,16.4,0,0.0,0,0.0,174,7.1,9045,7.1
"06085","3","92614","77","0","2023","A","",1,15,1548268,119000,2380,2042,106167,"",0.29,0.79,0.73,1.88,1.34,0.95,0.95,"",0,0.0,0,0.0,74556,5.1,-12838,-9.7,-1047,-30.6,163,8.7,8462,8.7
"06085","3","926140","78","0","2023","A","",1,15,1548268,119000,2380,2042,106167,"",0.29,0.79,0.73,1.88,1.34,0.95,0.95,"",0,0.0,0,0.0,74556,5.1,-12838,-9.7,-1047,-30.6,163,8.7,8462,8.7
"06085","5","10","71","0","2023","A","",77954,1025254,185850705400,9019035937,259307408,3486,181273,"",1.01,1.07,1.10,1.02,1.00,1.03,1.03,"",1917,2.5,84,0.0,7293431393,4.1,-358008519,-3.8,-27837344,-9.7,137,4.1,7100,4.1
"06085","5","101","72","0","2023","A","",7029,231491,59389530773,2086593258,64953216,4934,256552,"",0.72,1.40,1.86,1.15,0.99,1.33,1.33,"",92,1.3,1356,0.6,4119489959,7.5,-24559138,-1.2,-6315013,-8.9,315,6.8,16389,6.8
"06085","5","1011","73","0","2023","A","",210,3061,180573450,28208417,961007,1134,58993,"",0.22,0.23,0.08,0.18,0.15,0.35,0.35,"",0,0.0,-112,-3.5,184823,0.1,-1448293,-4.9,-53207,-5.2,41,3.8,2136,3.8
"06085","5","1012","73","0","2023","A","",4160,51935,5869776315,564086917,22561513,2173,113021,"",0.67,0.89,0.54,0.82,0.69,0.61,0.61,"",61,1.5,-166,-0.3,323234929,5.8,22750108,4.2,425099,1.9,126,6.2,6564,6.2
"06085","5","1013","73","0","2023","A","",2659,176495,53339181008,1494297924,41430696,5812,302214,"",1.01,1.88,2.84,1.54,1.54,1.52,1.52,"",31,1.2,1634,0.9,3796070207,7.7,-45860953,-3.0,-6686905,-13.9,363,6.7,18886,6.7
"06085","5","102","72","0","2023","A","",70925,793763,126461174627,6932442679,194354192,3064,159319,"",1.05,1.00,0.93,0.98,1.01,0.93,0.93,"",1825,2.6,-1272,-0.2,3173941434,2.6,-333449381,-4.6,-21522331,-10.0,82,2.7,4248,2.7
"06085","5","1021","73","0","2023","A","",7207,118057,11781112597,1032627817,26285325,1919,99792,"",0.52,0.56,0.39,0.53,0.54,0.69,0.69,"",-22,-0.3,-359,-0.3,690649428,6.2,-23071492,-2.2,-2263735,-7.9,118,6.6,6135,6.6
"06085","5","1022","73","0","2023","A","",1778,94924,37799746207,945955743,27466885,7658,398210,"",0.93,4.36,4.64,3.74,3.61,1.07,1.06,"",21,1.2,-6240,-6.2,1122379118,3.1,-119964687,-11.3,-4796538,-14.9,686,9.8,35656,9.8
"06085","5","1023","73","0","2023","A","",5545,36644,6276606859,325025092,10490937,3294,171285,"",0.78,0.58,0.34,0.50,0.62,0.60,0.60,"",53,1.0,-247,-0.7,-57871326,-0.9,-17993117,-5.2,-1071162,-9.3,-8,-0.2,-421,-0.2
"06085","5","1024","73","0","2023","A","",12688,236289,48317026714,2502013550,77432469,3932,204483,"",0.77,1.43,1.24,1.38,1.42,0.87,0.87,"",24,0.2,-8978,-3.7,-330900990,-0.7,-242523450,-8.8,-13376294,-14.7,118,3.1,6136,3.1
"06085","5","1025","73","0","2023","A","",32875,182630,16613532695,988420265,24931480,1749,90968,"",2.39,1.02,0.62,0.93,0.89,0.60,0.60,"",1591,5.1,8039,4.6,1242964327,8.1,27223841,2.8,771062,3.2,56,3.3,2930,3.3
"06085","5","1026","73","0","2023","A","",5631,99975,4232887147,936245581,22274752,814,42339,"",0.88,0.83,0.46,0.94,0.81,0.55,0.55,"",164,3.0,5244,5.5,364331069,9.4,39187129,4.4,-674106,-2.9,29,3.7,1502,3.7
"06085","5","1027","73","0","2023","A","",5094,25078,1424536516,199054295,5366781,1092,56804,"",0.86,0.75,0.35,0.70,0.69,0.46,0.46,"",-64,-1.2,1151,4.8,135552690,10.5,1995163,1.0,-169807,-3.1,56,5.4,2932,5.4
"06085","5","1029","73","0","2023","A","",110,165,15725892,3100336,105563,1836,95453,"",0.05,0.08,0.04,0.12,0.08,0.51,0.51,"",60,120.0,117,243.8,6837118,76.9,1697232,121.0,58249,123.1,-1713,-48.3,-89089,-48.3
"06085","5","11","74","0","2023","A","",195,2915,164057097,26756629,895144,1082,56284,"",0.26,0.32,0.16,0.26,0.21,0.51,0.51,"",-2,-1.0,-101,-3.3,-462073,-0.3,-1282552,-4.6,-49275,-5.2,33,3.1,1726,3.2
"06085","5","111","75","0","2023","A","",132,1684,89397259,15372168,538405,1021,53089,"",0.38,0.42,0.21,0.35,0.30,0.50,0.50,"",-6,-4.3,-59,-3.4,-3900235,-4.2,-959510,-5.9,-26756,-4.7,-9,-0.9,-446,-0.8
"06085","5","1111","76","0","2023","A","N",3,0,0,0,0,0,0,"N",0.03,0,0,0,0,0,0,"N",0,0.0,0,0,0,0,0,0,0,0,0,0,0,0
"06085","5","11111","77","0","2023","A","N",0,0,0,0,0,0,0,"N",0.00,0,0,0,0,0,0,"N",0,0,0,0,0,0,0,0,0,0,0,0,0,0
"06085","5","111110","78","0","2023","A","N",0,0,0,0,0,0,0,"N",0.00,0,0,0,0,0,0,"N",0,0,0,0,0,0,0,0,0,0,0,0,0,0
"06085","5","11112","77","0","2023","A","N",1,0,0,0,0,0,0,"N",2.30,0,0,0,0,0,0,"N",1,100.0,0,0,0,0,0,0,0,0,0,0,0,0
"06085","5","111120","78","0","2023","A","N",1,0,0,0,0,0,0,"N",2.30,0,0,0,0,0,0,"N",1,100.0,0,0,0,0,0,0,0,0,0,0,0,0
"06085","5","11114","77","0","2023","A","N",1,0,0,0,0,0,0,"N",0.08,0,0,0,0,0,0,"N",0,0.0,0,0,0,0,0,0,0,0,0,0,0,0
"06085","5","111140","78","0","2023","A","N",1,0,0,0,0,0,0,"N",0.08,0,0,0,0,0,0,"N",0,0.0,0,0,0,0,0,0,0,0,0,0,0,0
"06085","5","11119","77","0","2023","A","N",1,0,0,0,0,0,0,"N",0.03,0,0,0,0,0,0,"N",-1,-50.0,0,0,0,0,0,0,0,0,0,0,0,0
"06085","5","111199","78","0","2023","A","N",1,0,0,0,0,0,0,"N",0.11,0,0,0,0,0,0,"N",-1,-50.0,0,0,0,0,0,0,0,0,0,0,0,0
"06085","5","1112","76","0","2023","A","",33,435,22469088,4332148,172579,993,51623,"",0.92,0.73,0.34,0.65,0.50,0.46,0.46,"",-2,-5.7,-8,-1.8,207537,0.9,-359033,-7.7,4213,2.5,26,2.7,1333,2.7
"06085","5","11121","77","0","2023","A","",33,435,22469088,4332148,172579,993,51623,"",0.92,0.73,0.34,0.65,0.50,0.46,0.46,"",-2,-5.7,-8,-1.8,207537,0.9,-359033,-7.7,4213,2.5,26,2.7,1333,2.7
"06085","5","111211","78","0","2023","A","N",1,0,0,0,0,0,0,"N",0.14,0,0,0,0,0,0,"N",0,0.0,0,0,0,0,0,0,0,0,0,0,0,0
"06085","5","111219","78","0","2023","A","N",32,0,0,0,0,0,0,"N",1.11,0,0,0,0,0,0,"N",-2,-5.9,0,0,0,0,0,0,0,0,0,0,0,0
"06085","5","1113","76","0","2023","A","",42,192,10427229,1853954,81369,1043,54214,"",0.61,0.16,0.10,0.14,0.13,0.59,0.59,"",0,0.0,-25,-11.5,-931779,-8.2,-177389,-8.7,-8661,-9.6,37,3.7,1888,3.6
"06085","5","11131","77","0","2023","A","N",3,0,0,0,0,0,0,"N",1.27,0,0,0,0,0,0,"N",0,0.0,0,0,0,0,0,0,0,0,0,0,0,0
"06085","5","111310","78","0","2023","A","N",3,0,0,0,0,0,0,"N",1.27,0,0,0,0,0,0,"N",0,0.0,0,0,0,0,0,0,0,0,0,0,0,0
"06085","5","11133","77","0","2023","A","N",39,0,0,0,0,0,0,"N",0.61,0,0,0,0,0,0,"N",0,0.0,0,0,0,0,0,0,0,0,0,0,0,0
"06085","5","111331","78","0","2023","A","N",1,0,0,0,0,0,0,"N",0.10,0,0,0,0,0,0,"N",0,0.0,0,0,0,0,0,0,0,0,0,0,0,0
"06085","5","111332","78","0","2023","A","",12,67,4182400,591214,27157,1205,62658,"",0.97,0.38,0.23,0.34,0.27,0.60,0.60,"",-1,-7.7,-7,-9.5,-16037,-0.4,-44332,-7.0,-4492,-14.2,110,10.0,5730,10.1
"06085","5","111335","78","0","2023","A","",11,31,1271144,353825,19109,791,41115,"",0.75,0.21,0.07,0.30,0.25,0.35,0.35,"",0,0.0,-11,-26.2,-501031,-28.3,-71867,-16.9,-3716,-16.3,-16,-2.0,-830,-2.0
"06085","5","111336","78","0","2023","A","N",3,0,0,0,0,0,0,"N",0.96,0,0,0,0,0,0,"N",0,0.0,0,0,0,0,0,0,0,0,0,0,0,0
"06085","5","111339","78","0","2023","A","",12,71,3819299,654830,28298,1042,54174,"",0.84,0.37,0.24,0.27,0.24,0.65,0.65,"",0,0.0,-5,-6.6,-177684,-4.4,-37920,-5.5,269,1.0,28,2.8,1467,2.8
"06085","5","1114","76","0","2023","A","",45,1021,54801044,8820306,272307,1032,53656,"",0.67,0.80,0.40,0.66,0.59,0.50,0.50,"",-2,-4.3,-23,-2.2,-3229805,-5.6,-286088,-3.1,-20375,-7.0,-37,-3.5,-1947,-3.5
"06085","5","11141","77","0","2023","A","",16,600,29920231,5082821,88439,958,49832,"",0.86,1.74,0.77,1.26,0.59,0.44,0.44,"",0,0.0,-19,-3.1,-2670385,-8.2,-335095,-6.2,-19618,-18.2,-54,-5.3,-2790,-5.3
"06085","5","111411","78","0","2023","A","",6,556,28243692,4615473,76705,977,50828,"",2.95,8.00,3.56,7.85,4.19,0.45,0.45,"",-1,-14.3,11,2.0,-335958,-1.2,-37498,-0.8,-16069,-17.3,-31,-3.1,-1604,-3.1
"06085","5","111419","78","0","2023","A","",10,45,1676539,467348,11734,720,37465,"",0.60,0.16,0.05,0.14,0.09,0.33,0.33,"",1,11.1,-29,-39.2,-2334427,-58.2,-297597,-38.9,-3549,-23.2,-319,-30.7,-16555,-30.6
"06085","5","11142","77","0","2023","A","",29,421,24880813,3737485,183868,1137,59111,"",0.59,0.45,0.26,0.40,0.60,0.57,0.57,"",-2,-6.5,-3,-0.7,-559420,-2.2,49007,1.3,-757,-0.4,-16,-1.4,-842,-1.4
"06085","5","111421","78","0","2023","A","",13,118,6509818,1089667,34988,1058,55013,"",0.38,0.19,0.10,0.17,0.16,0.51,0.51,"",-1,-7.1,-12,-9.2,-62550,-1.0,-24455,-2.2,-4263,-10.9,87,9.0,4521,9.0
"06085","5","111422","78","0","2023","A","",16,303,18370995,2647818,148880,1168,60714,"",1.09,0.97,0.60,0.91,1.63,0.61,0.61,"",-1,-5.9,9,3.1,-496870,-2.6,73462,2.9,3506,2.4,-65,-5.3,-3426,-5.3
"06085","5","1119","76","0","2023","A","N",9,0,0,0,0,0,0,"N",0.12,0,0,0,0,0,0,"N",-2,-18.2,0,0,0,0,0,0,0,0,0,0,0,0
"06085","5","11199","77","0","2023","A","N",9,0,0,0,0,0,0,"N",0.20,0,0,0,0,0,0,"N",-2,-18.2,0,0,0,0,0,0,0,0,0,0,0,0
"06085","5","111998","78","0","2023","A","N",9,0,0,0,0,0,0,"N",0.22,0,0,0,0,0,0,"N",-2,-18.2,0,0,0,0,0,0,0,0,0,0,0,0
"06085","5","112","75","0","2023","A","N",20,0,0,0,0,0,0,"N",0.10,0,0,0,0,0,0,"N",1,5.3,0,0,0,0,0,0,0,0,0,0,0,0
"06085","5","1121","76","0","2023","A","",9,28,1452664,262164,6299,992,51574,"",0.07,0.02,0.01,0.02,0.03,0.46,0.46,"",-1,-10.0,2,7.7,336834,30.2,33237,14.5,678,12.1,164,19.8,8519,19.8
"06085","5","11211","77","0","2023","A","N",7,0,0,0,0,0,0,"N",0.09,0,0,0,0,0,0,"N",-1,-12.5,0,0,0,0,0,0,0,0,0,0,0,0
"06085","5","112111","78","0","2023","A","",7,21,1078041,174617,3434,1003,52163,"",0.10,0.07,0.03,0.05,0.06,0.49,0.49,"",0,0.0,3,16.7,279240,35.0,27966,19.1,400,13.2,133,15.3,6948,15.4
"06085","5","112112","78","0","2023","A","N",0,0,0,0,0,0,0,"N",0.00,0,0,0,0,0,0,"N",-1,-100.0,0,0,0,0,0,0,0,0,0,0,0,0
"06085","5","11212","77","0","2023","A","N",2,0,0,0,0,0,0,"N",0.04,0,0,0,0,0,0,"N",0,0.0,0,0,0,0,0,0,0,0,0,0,0,0
"06085","5","112120","78","0","2023","A","N",2,0,0,0,0,0,0,"N",0.04,0,0,0,0,0,0,"N",0,0.0,0,0,0,0,0,0,0,0,0,0,0,0
"06085","5","1123","76","0","2023","A","N",2,0,0,0,0,0,0,"N",0.12,0,0,0,0,0,0,"N",-1,-33.3,0,0,0,0,0,0,0,0,0,0,0,0
"06085","5","11231","77","0","2023","A","N",2,0,0,0,0,0,0,"N",0.36,0,0,0,0,0,0,"N",0,0.0,0,0,0,0,0,0,0,0,0,0,0,0
"06085","5","112310","78","0","2023","A","N",2,0,0,0,0,0,0,"N",0.36,0,0,0,0,0,0,"N",0,0.0,0,0,0,0,0,0,0,0,0,0,0,0
"06085","5","1124","76","0","2023","A","N",1,0,0,0,0,0,0,"N",0.37,0,0,0,0,0,0,"N",1,100.0,0,0,0,0,0,0,0,0,0,0,0,0
"06085","5","11242","77","0","2023","A","N",1,0,0,0,0,0,0,"N",1.05,0,0,0,0,0,0,"N",1,100.0,0,0,0,0,0,0,0,0,0,0,0,0
"06085","5","112420","78","0","2023","A","N",1,0,0,0,0,0,0,"N",1.05,0,0,0,0,0,0,"N",1,100.0,0,0,0,0,0,0,0,0,0,0,0,0
"06085","5","1129","76","0","2023","A","",8,28,915012,298642,8154,623,32390,"",0.28,0.17,0.05,0.20,0.23,0.26,0.26,"",2,33.3,6,27.3,239222,35.4,114974,62.6,2230,37.6,30,5.1,1555,5.0
"06085","5","11291","77","0","2023","A","N",2,0,0,0,0,0,0,"N",0.35,0,0,0,0,0,0,"N",0,0.0,0,0,0,0,0,0,0,0,0,0,0,0
"06085","5","112910","78","0","2023","A","N",2,0,0,0,0,0,0,"N",0.35,0,0,0,0,0,0,"N",0,0.0,0,0,0,0,0,0,0,0,0,0,0,0
"06085","5","11292","77","0","2023","A","N",2,0,0,0,0,0,0,"N",0.19,0,0,0,0,0,0,"N",1,100.0,0,0,0,0,0,0,0,0,0,0,0,0
"06085","5","112920","78","0","2023","A","N",2,0,0,0,0,0,0,"N",0.19,0,0,0,0,0,0,"N",1,100.0,0,0,0,0,0,0,0,0,0,0,0,0
"06085","5","11299","77","0","2023","A","N",4,0,0,0,0,0,0,"N",0.34,0,0,0,0,0,0,"N",1,33.3,0,0,0,0,0,0,0,0,0,0,0,0
"06085","5","112990","78","0","2023","A","N",4,0,0,0,0,0,0,"N",0.34,0,0,0,0,0,0,"N",1,33.3,0,0,0,0,0,0,0,0,0,0,0,0
"06085","5","114","75","0","2023","A","N",2,0,0,0,0,0,0,"N",0.11,0,0,0,0,0,0,"N",1,100.0,0,0,0,0,0,0,0,0,0,0,0,0
"06085","5","1141","76","0","2023","A","N",1,0,0,0,0,0,0,"N",0.07,0,0,0,0,0,0,"N",1,100.0,0,0,0,0,0,0,0,0,0,0,0,0
"06085","5","11411","77","0","2023","A","N",1,0,0,0,0,0,0,"N",0.07,0,0,0,0,0,0,"N",1,100.0,0,0,0,0,0,0,0,0,0,0,0,0
"06085","5","114111","78","0","2023","A","N",0,0,0,0,0,0,0,"N",0.00,0,0,0,0,0,0,"N",0,0,0,0,0,0,0,0,0,0,0,0,0,0
"06085","5","114112","78","0","2023","A","N",1,0,0,0,0,0,0,"N",0.14,0,0,0,0,0,0,"N",1,100.0,0,0,0,0,0,0,0,0,0,0,0,0
"06085","5","1142","76","0","2023","A","N",1,0,0,0,0,0,0,"N",0.25,0,0,0,0,0,0,"N",0,0.0,0,0,0,0,0,0,0,0,0,0,0,0
"06085","5","11421","77","0","2023","A","N",1,0,0,0,0,0,0,"N",0.25,0,0,0,0,0,0,"N",0,0.0,0,0,0,0,0,0,0,0,0,0,0,0
"06085","5","114210","78","0","2023","A","N",1,0,0,0,0,0,0,"N",0.25,0,0,0,0,0,0,"N",0,0.0,0,0,0,0,0,0,0,0,0,0,0,0
"06085","5","115","75","0","2023","A","",42,1139,70154276,10373126,332202,1184,61570,"",0.28,0.40,0.24,0.33,0.17,0.59,0.59,"",2,5.0,-34,-2.9,3589990,5.4,-390991,-3.6,-26135,-7.3,93,8.5,4827,8.5
"06085","5","1151","76","0","2023","A","",21,971,61618537,8674098,280967,1221,63475,"",0.25,0.40,0.25,0.32,0.15,0.63,0.63,"",1,5.0,-28,-2.8,4571997,8.0,-376975,-4.2,-20849,-6.9,122,11.1,6343,11.1
"06085","5","11511","77","0","2023","A","",21,971,61618537,8674098,280967,1221,63475,"",0.25,0.40,0.25,0.32,0.15,0.63,0.63,"",1,5.0,-28,-2.8,4571997,8.0,-376975,-4.2,-20849,-6.9,122,11.1,6343,11.1
"06085","5","115112","78","0","2023","A","",8,148,20687487,1553312,63332,2688,139780,"",0.30,0.73,0.78,0.77,0.68,1.06,1.06,"",1,14.3,-1,-0.7,6826997,49.3,34882,2.3,-4041,-6.0,895,49.9,46548,49.9
"06085","5","115113","78","0","2023","A","N",2,0,0,0,0,0,0,"N",0.26,0,0,0,0,0,0,"N",1,100.0,0,0,0,0,0,0,0,0,0,0,0,0
"06085","5","115114","78","0","2023","A","N",7,0,0,0,0,0,0,"N",0.47,0,0,0,0,0,0,"N",0,0.0,0,0,0,0,0,0,0,0,0,0,0,0
"06085","5","115115","78","0","2023","A","N",3,0,0,0,0,0,0,"N",0.15,0,0,0,0,0,0,"N",0,0.0,0,0,0,0,0,0,0,0,0,0,0,0
"06085","5","115116","78","0","2023","A","N",2,0,0,0,0,0,0,"N",0.16,0,0,0,0,0,0,"N",-1,-33.3,0,0,0,0,0,0,0,0,0,0,0,0
"06085","5","1152","76","0","2023","A","",17,115,4333973,1048729,28020,728,37851,"",0.40,0.50,0.17,0.49,0.72,0.34,0.34,"",1,6.2,0,0.0,422808,10.8,-34847,-3.2,-4291,-13.3,72,11.0,3717,10.9
"06085","5","11521","77","0","2023","A","",17,115,4333973,1048729,28020,728,37851,"",0.40,0.50,0.17,0.49,0.72,0.34,0.34,"",1,6.2,0,0.0,422808,10.8,-34847,-3.2,-4291,-13.3,72,11.0,3717,10.9
"06085","5","115210","78","0","2023","A","",17,115,4333973,1048729,28020,728,37851,"",0.40,0.50,0.17,0.49,0.72,0.34,0.34,"",1,6.2,0,0.0,422808,10.8,-34847,-3.2,-4291,-13.3,72,11.0,3717,10.9
"06085","5","1153","76","0","2023","A","",5,54,4201766,650299,23215,1492,77571,"",0.25,0.35,0.18,0.25,0.28,0.50,0.50,"",1,25.0,-6,-10.0,-1404815,-25.1,20831,3.3,-995,-4.1,-305,-17.0,-15872,-17.0
"06085","5","11531","77","0","2023","A","",5,54,4201766,650299,23215,1492,77571,"",0.25,0.35,0.18,0.25,0.28,0.50,0.50,"",1,25.0,-6,-10.0,-1404815,-25.1,20831,3.3,-995,-4.1,-305,-17.0,-15872,-17.0
"06085","5","115310","78","0","2023","A","",5,54,4201766,650299,23215,1492,77571,"",0.25,0.35,0.18,0.25,0.28,0.50,0.50,"",1,25.0,-6,-10.0,-1404815,-25.1,20831,3.3,-995,-4.1,-305,-17.0,-15872,-17.0
"06085","5","21","74","0","2023","A","",15,146,16516353,1451788,65863,2174,113061,"",0.07,0.03,0.01,0.03,0.03,0.38,0.38,"",2,15.4,-11,-7.0,646896,4.1,-165741,-10.2,-3932,-5.6,232,11.9,12089,12.0
"06085","5","212","75","0","2023","A","N",5,0,0,0,0,0,0,"N",0.10,0,0,0,0,0,0,"N",1,25.0,0,0,0,0,0,0,0,0,0,0,0,0
"06085","5","2123","76","0","2023","A","N",5,0,0,0,0,0,0,"N",0.12,0,0,0,0,0,0,"N",1,25.0,0,0,0,0,0,0,0,0,0,0,0,0
"06085","5","21231","77","0","2023","A","N",3,0,0,0,0,0,0,"N",0.18,0,0,0,0,0,0,"N",1,50.0,0,0,0,0,0,0,0,0,0,0,0,0
"06085","5","212311","78","0","2023","A","N",1,0,0,0,0,0,0,"N",0.26,0,0,0,0,0,0,"N",0,0.0,0,0,0,0,0,0,0,0,0,0,0,0
"06085","5","212319","78","0","2023","A","N",2,0,0,0,0,0,0,"N",0.59,0,0,0,0,0,0,"N",1,100.0,0,0,0,0,0,0,0,0,0,0,0,0
"06085","5","21232","77","0","2023","A","N",2,0,0,0,0,0,0,"N",0.10,0,0,0,0,0,0,"N",0,0.0,0,0,0,0,0,0,0,0,0,0,0,0
"06085","5","212321","78","0","2023","A","N",1,0,0,0,0,0,0,"N",0.06,0,0,0,0,0,0,"N",0,0.0,0,0,0,0,0,0,0,0,0,0,0,0
"06085","5","212322","78","0","2023","A","N",1,0,0,0,0,0,0,"N",0.63,0,0,0,0,0,0,"N",0,0.0,0,0,0,0,0,0,0,0,0,0,0,0
"06085","5","213","75","0","2023","A","N",9,0,0,0,0,0,0,"N",0.08,0,0,0,0,0,0,"N",0,0.0,0,0,0,0,0,0,0,0,0,0,0,0
"06085","5","2131","76","0","2023","A","N",9,0,0,0,0,0,0,"N",0.08,0,0,0,0,0,0,"N",0,0.0,0,0,0,0,0,0,0,0,0,0,0,0
"06085","5","21311","77","0","2023","A","N",9,0,0,0,0,0,0,"N",0.08,0,0,0,0,0,0,"N",0,0.0,0,0,0,0,0,0,0,0,0,0,0,0
"06085","5","213111","78","0","2023","A","N",3,0,0,0,0,0,0,"N",0.21,0,0,0,0,0,0,"N",0,0.0,0,0,0,0,0,0,0,0,0,0,0,0
"06085","5","213112","78","0","2023","A","",6,19,3020211,224509,8329,3004,156218,"",0.06,0.01,0.01,0.01,0.01,0.60,0.60,"N",0,0.0,0,0,0,0,0,0,0,0,0,0,0,0
"06085","5","213114","78","0","2023","A","N",1,0,0,0,0,0,0,"N",0.34,0,0,0,0,0,0,"N",1,100.0,0,0,0,0,0,0,0,0,0,0,0,0
"06085","5","22","74","0","2023","A","",49,1702,303113307,13875137,303720,3425,178101,"",0.31,0.40,0.23,0.34,0.38,0.57,0.57,"",4,8.9,-36,-2.1,14275082,4.9,1168095,9.2,-8367,-2.7,229,7.2,11895,7.2
"06085","5","221","75","0","2023","A","",49,1702,303113307,13875137,303720,3425,178101,"",0.31,0.40,0.23,0.34,0.38,0.57,0.57,"",4,8.9,-36,-2.1,14275082,4.9,1168095,9.2,-8367,-2.7,229,7.2,11895,7.2
"06085","5","2211","76","0","2023","A","N",32,0,0,0,0,0,0,"N",0.35,0,0,0,0,0,0,"N",6,23.1,0,0,0,0,0,0,0,0,0,0,0,0
"06085","5","22111","77","0","2023","A","",28,129,17275687,1230206,33977,2575,133920,"",0.65,0.12,0.05,0.11,0.12,0.39,0.39,"",7,33.3,-37,-22.3,-8079893,-31.9,-321964,-20.7,-2209,-6.1,-368,-12.5,-19132,-12.5
"06085","5","221111","78","0","2023","A","N",1,0,0,0,0,0,0,"N",0.21,0,0,0,0,0,0,"N",0,0.0,0,0,0,0,0,0,0,0,0,0,0,0
"06085","5","221112","78","0","2023","A","",7,54,8387102,434057,7061,2982,155077,"",0.55,0.10,0.05,0.08,0.06,0.46,0.46,"",0,0.0,2,3.8,-5919,-0.1,22159,5.4,-409,-5.5,-132,-4.2,-6846,-4.2
"06085","5","221114","78","0","2023","A","",12,35,3297251,413004,18520,1820,94658,"",0.86,0.33,0.11,0.34,0.35,0.34,0.34,"",4,50.0,6,20.7,-1398365,-29.8,74578,22.0,6184,50.1,-1276,-41.2,-66335,-41.2
"06085","5","221116","78","0","2023","A","N",1,0,0,0,0,0,0,"N",2.45,0,0,0,0,0,0,"N",1,100.0,0,0,0,0,0,0,0,0,0,0,0,0
"06085","5","221117","78","0","2023","A","N",1,0,0,0,0,0,0,"N",0.74,0,0,0,0,0,0,"N",0,0.0,0,0,0,0,0,0,0,0,0,0,0,0
"06085","5","221118","78","0","2023","A","",7,10,2858913,130044,4334,5321,276669,"",1.65,0.33,0.26,0.42,0.40,0.76,0.76,"N",3,75.0,0,0,0,0,0,0,0,0,0,0,0,0
"06085","5","22112","77","0","2023","A","N",4,0,0,0,0,0,0,"N",0.08,0,0,0,0,0,0,"N",-2,-33.3,0,0,0,0,0,0,0,0,0,0,0,0
"06085","5","221122","78","0","2023","A","N",4,0,0,0,0,0,0,"N",0.09,0,0,0,0,0,0,"N",-2,-33.3,0,0,0,0,0,0,0,0,0,0,0,0
"06085","5","2212","76","0","2023","A","N",2,0,0,0,0,0,0,"N",0.09,0,0,0,0,0,0,"N",0,0.0,0,0,0,0,0,0,0,0,0,0,0,0
"06085","5","22121","77","0","2023","A","N",2,0,0,0,0,0,0,"N",0.09,0,0,0,0,0,0,"N",0,0.0,0,0,0,0,0,0,0,0,0,0,0,0
"06085","5","221210","78","0","2023","A","N",2,0,0,0,0,0,0,"N",0.09,0,0,0,0,0,0,"N",0,0.0,0,0,0,0,0,0,0,0,0,0,0,0
"06085","5","2213","76","0","2023","A","",15,324,34353871,2149261,38740,2041,106140,"",0.34,0.76,0.44,0.52,0.42,0.58,0.58,"",-2,-11.8,-9,-2.7,-4619129,-11.9,-322497,-13.0,-5794,-13.0,-209,-9.3,-10867,-9.3
"06085","5","22131","77","0","2023","A","N",12,0,0,0,0,0,0,"N",0.31,0,0,0,0,0,0,"N",-1,-7.7,0,0,0,0,0,0,0,0,0,0,0,0
"06085","5","221310","78","0","2023","A","N",12,0,0,0,0,0,0,"N",0.31,0,0,0,0,0,0,"N",-1,-7.7,0,0,0,0,0,0,0,0,0,0,0,0
"06085","5","22132","77","0","2023","A","N",3,0,0,0,0,0,0,"N",0.60,0,0,0,0,0,0,"N",0,0.0,0,0,0,0,0,0,0,0,0,0,0,0
"06085","5","221320","78","0","2023","A","N",3,0,0,0,0,0,0,"N",0.60,0,0,0,0,0,0,"N",0,0.0,0,0,0,0,0,0,0,0,0,0,0,0
"06085","5","23","74","0","2023","A","",4160,51935,5869776315,564086917,22561513,2173,113021,"",0.67,0.89,0.54,0.82,0.69,0.61,0.61,"",61,1.5,-166,-0.3,323234929,5.8,22750108,4.2,425099,1.9,126,6.2,6564,6.2
"06085","5","236","75","0","2023","A","",1576,11506,1232369649,113869395,4031325,2060,107106,"",0.81,0.87,0.46,0.73,0.61,0.53,0.53,"",25,1.6,-99,-0.9,172985,0.0,-3607633,-3.1,-332248,-7.6,18,0.9,925,0.9
"06085","5","2361","76","0","2023","A","",1331,6404,523739510,65342589,1879021,1573,81782,"",0.88,0.95,0.44,0.83,0.71,0.46,0.46,"",22,1.7,-39,-0.6,-11159289,-2.1,-2069673,-3.1,-184702,-8.9,-24,-1.5,-1242,-1.5
"06085","5","23611","77","0","2023","A","",1331,6404,523739510,65342589,1879021,1573,81782,"",0.88,0.95,0.44,0.83,0.71,0.46,0.46,"",22,1.7,-39,-0.6,-11159289,-2.1,-2069673,-3.1,-184702,-8.9,-24,-1.5,-1242,-1.5
"06085","5","236115","78","0","2023","A","",540,2394,200054759,24069802,676877,1607,83551,"",0.89,0.86,0.38,0.71,0.66,0.44,0.44,"",-15,-2.7,-17,-0.7,1796413,0.9,-621239,-2.5,-68757,-9.2,26,1.6,1326,1.6
"06085","5","236116","78","0","2023","A","N",13,0,0,0,0,0,0,"N",0.39,0,0,0,0,0,0,"N",1,8.3,0,0,0,0,0,0,0,0,0,0,0,0
"06085","5","236117","78","0","2023","A","N",4,0,0,0,0,0,0,"N",0.11,0,0,0,0,0,0,"N",-3,-42.9,0,0,0,0,0,0,0,0,0,0,0,0
"06085","5","236118","78","0","2023","A","",774,3823,299816906,39433322,1138233,1508,78435,"",0.93,1.17,0.64,1.09,0.87,0.54,0.54,"",38,5.2,158,4.3,21773123,7.8,377078,1.0,-38313,-3.3,49,3.4,2570,3.4
"06085","5","2362","76","0","2023","A","",245,5102,708630139,48526806,2152304,2671,138893,"",0.58,0.80,0.48,0.63,0.54,0.60,0.60,"",4,1.7,-60,-1.2,11332274,1.6,-1537960,-3.1,-147546,-6.4,73,2.8,3810,2.8
"06085","5","23621","77","0","2023","A","",12,945,147835846,8453800,431241,3008,156412,"",0.27,0.84,0.57,0.59,0.46,0.67,0.67,"",-1,-7.7,-1,-0.1,3168524,2.2,-226515,-2.6,-40343,-8.6,66,2.2,3419,2.2
"06085","5","236210","78","0","2023","A","",12,945,147835846,8453800,431241,3008,156412,"",0.27,0.84,0.57,0.59,0.46,0.67,0.67,"",-1,-7.7,-1,-0.1,3168524,2.2,-226515,-2.6,-40343,-8.6,66,2.2,3419,2.2
"06085","5","23622","77","0","2023","A","",233,4157,560794293,40073006,1721063,2594,134909,"",0.62,0.79,0.46,0.64,0.56,0.58,0.58,"",5,2.2,-59,-1.4,8163750,1.5,-1311445,-3.2,-107203,-5.9,73,2.9,3843,2.9
"06085","5","236220","78","0","2023","A","",233,4157,560794293,40073006,1721063,2594,134909,"",0.62,0.79,0.46,0.64,0.56,0.58,0.58,"",5,2.2,-59,-1.4,8163750,1.5,-1311445,-3.2,-107203,-5.9,73,2.9,3843,2.9
"06085","5","237","75","0","2023","A","",116,2809,353514515,25459703,1369544,2420,125851,"",0.30,0.35,0.20,0.25,0.21,0.58,0.57,"",-3,-2.5,-300,-9.6,-47149227,-11.8,-5752717,-18.4,-291249,-17.5,-58,-2.3,-3018,-2.3
"06085","5","2371","76","0","2023","A","",51,1733,217802496,15839553,831723,2417,125692,"",0.26,0.41,0.24,0.30,0.28,0.58,0.58,"",0,0.0,-322,-15.7,-54125624,-19.9,-5766277,-26.7,-297426,-26.3,-128,-5.0,-6633,-5.0
"06085","5","23711","77","0","2023","A","",25,1145,136010782,10335492,592430,2284,118769,"",0.29,0.77,0.47,0.61,0.68,0.61,0.61,"",0,0.0,-14,-1.2,1880519,1.4,-201633,-1.9,-16633,-2.7,58,2.6,3023,2.6
"06085","5","237110","78","0","2023","A","",25,1145,136010782,10335492,592430,2284,118769,"",0.29,0.77,0.47,0.61,0.68,0.61,0.61,"",0,0.0,-14,-1.2,1880519,1.4,-201633,-1.9,-16633,-2.7,58,2.6,3023,2.6
"06085","5","23712","77","0","2023","A","",6,60,5647148,564804,32264,1820,94645,"",0.20,0.06,0.02,0.04,0.03,0.41,0.41,"",-1,-14.3,-269,-81.8,-52039031,-90.2,-4319034,-88.4,-199883,-86.1,-1554,-46.1,-80782,-46.0
"06085","5","237120","78","0","2023","A","",6,60,5647148,564804,32264,1820,94645,"",0.20,0.06,0.02,0.04,0.03,0.41,0.41,"",-1,-14.3,-269,-81.8,-52039031,-90.2,-4319034,-88.4,-199883,-86.1,-1554,-46.1,-80782,-46.0
"06085","5","23713","77","0","2023","A","",21,528,76144566,4939257,207029,2773,144213,"",0.25,0.30,0.19,0.22,0.20,0.63,0.63,"",2,10.5,-39,-6.9,-3967112,-5.0,-1245610,-20.1,-80910,-28.1,57,2.1,3006,2.1
"06085","5","237130","78","0","2023","A","",21,528,76144566,4939257,207029,2773,144213,"",0.25,0.30,0.19,0.22,0.20,0.63,0.63,"",2,10.5,-39,-6.9,-3967112,-5.0,-1245610,-20.1,-80910,-28.1,57,2.1,3006,2.1
"06085","5","2372","76","0","2023","A","",35,136,18818137,1094527,29379,2669,138794,"",0.88,0.50,0.25,0.39,0.38,0.51,0.51,"",-2,-5.4,-5,-3.5,-3185492,-14.5,-107985,-9.0,-5055,-14.7,-336,-11.2,-17445,-11.2
"06085","5","23721","77","0","2023","A","",35,136,18818137,1094527,29379,2669,138794,"",0.88,0.50,0.25,0.39,0.38,0.51,0.51,"",-2,-5.4,-5,-3.5,-3185492,-14.5,-107985,-9.0,-5055,-14.7,-336,-11.2,-17445,-11.2
"06085","5","237210","78","0","2023","A","",35,136,18818137,1094527,29379,2669,138794,"",0.88,0.50,0.25,0.39,0.38,0.51,0.51,"",-2,-5.4,-5,-3.5,-3185492,-14.5,-107985,-9.0,-5055,-14.7,-336,-11.2,-17445,-11.2
"06085","5","2373","76","0","2023","A","",24,903,114190169,8098300,491557,2431,126410,"",0.30,0.34,0.20,0.24,0.18,0.59,0.59,"",0,0.0,35,4.0,10999877,10.7,239913,3.1,15628,3.3,143,6.2,7459,6.3
"06085","5","23731","77","0","2023","A","",24,903,114190169,8098300,491557,2431,126410,"",0.30,0.34,0.20,0.24,0.18,0.59,0.59,"",0,0.0,35,4.0,10999877,10.7,239913,3.1,15628,3.3,143,6.2,7459,6.3
"06085","5","237310","78","0","2023","A","",24,903,114190169,8098300,491557,2431,126410,"",0.30,0.34,0.20,0.24,0.18,0.59,0.59,"",0,0.0,35,4.0,10999877,10.7,239913,3.1,15628,3.3,143,6.2,7459,6.3
"06085","5","2379","76","0","2023","A","",6,37,2703713,427323,16885,1396,72583,"",0.09,0.04,0.01,0.04,0.02,0.32,0.32,"",-2,-25.0,-9,-19.6,-837988,-23.7,-118368,-21.7,-4396,-20.7,-93,-6.2,-4831,-6.2
"06085","5","23799","77","0","2023","A","",6,37,2703713,427323,16885,1396,72583,"",0.09,0.04,0.01,0.04,0.02,0.32,0.32,"",-2,-25.0,-9,-19.6,-837988,-23.7,-118368,-21.7,-4396,-20.7,-93,-6.2,-4831,-6.2
"06085","5","237990","78","0","2023","A","",6,37,2703713,427323,16885,1396,72583,"",0.09,0.04,0.01,0.04,0.02,0.32,0.32,"",-2,-25.0,-9,-19.6,-837988,-23.7,-118368,-21.7,-4396,-20.7,-93,-6.2,-4831,-6.2
"06085","5","238","75","0","2023","A","",2469,37620,4283892151,424757819,17160644,2190,113872,"",0.64,1.02,0.67,0.98,0.87,0.66,0.66,"",39,1.6,232,0.6,370211171,9.5,32110458,8.2,1048596,6.5,177,8.8,9194,8.8
"06085","5","2381","76","0","2023","A","",457,6499,595465435,68641620,2466775,1762,91624,"",0.59,0.91,0.52,0.81,0.62,0.57,0.57,"",10,2.2,-99,-1.5,7090749,1.2,1262345,1.9,-664,0.0,47,2.7,2455,2.8
"06085","5","23811","77","0","2023","A","",111,2395,248186158,25119729,1012316,1993,103627,"",0.69,1.29,0.81,1.14,0.97,0.63,0.63,"",3,2.8,-317,-11.7,-4790438,-1.9,-958383,-3.7,-106893,-9.6,199,11.1,10332,11.1
"06085","5","238111","78","0","2023","A","",81,934,66682573,9607193,262399,1373,71382,"",0.68,1.05,0.51,0.87,0.54,0.49,0.49,"",3,3.8,-158,-14.5,-10801220,-13.9,-1552878,-13.9,-85426,-24.6,8,0.6,421,0.6
"06085","5","238112","78","0","2023","A","",30,1461,181503585,15512536,749917,2389,124247,"",0.69,1.51,1.04,1.40,1.34,0.69,0.69,"",0,0.0,-159,-9.8,6010782,3.4,594495,4.0,-21467,-2.8,305,14.6,15896,14.7
"06085","5","23812","77","0","2023","A","",13,167,17316662,1509980,50424,1992,103589,"",0.35,0.26,0.14,0.19,0.11,0.56,0.56,"",0,0.0,5,3.1,1872278,12.1,-61924,-3.9,-2486,-4.7,157,8.6,8155,8.5
"06085","5","238121","78","0","2023","A","",7,25,2042494,256831,9527,1582,82248,"",0.69,0.23,0.12,0.21,0.16,0.50,0.50,"",0,0.0,1,4.2,254810,14.3,-14093,-5.2,-2220,-18.9,169,12.0,8782,12.0
"06085","5","238122","78","0","2023","A","",6,142,15274168,1253149,40897,2064,107313,"",0.22,0.26,0.15,0.18,0.10,0.57,0.57,"",0,0.0,4,2.9,1617468,11.8,-47831,-3.7,-266,-0.6,154,8.1,7992,8.0
"06085","5","23813","77","0","2023","A","",34,311,23160957,3472271,97930,1431,74413,"",0.43,0.50,0.27,0.43,0.36,0.54,0.54,"",0,0.0,-47,-13.1,-4111744,-15.1,-1015249,-22.6,-33302,-25.4,-32,-2.2,-1679,-2.2
"06085","5","238131","78","0","2023","A","",30,257,17238949,2919890,64291,1292,67208,"",0.44,0.53,0.27,0.46,0.33,0.52,0.52,"",0,0.0,-47,-15.5,-2828952,-14.1,-888638,-23.3,-25452,-28.4,24,1.9,1286,2.0
"06085","5","238132","78","0","2023","A","",4,55,5922008,552381,33639,2080,108165,"",0.37,0.40,0.26,0.30,0.43,0.65,0.65,"",0,0.0,1,1.9,-1282792,-17.8,-126611,-18.6,-7850,-18.9,-486,-18.9,-25257,-18.9
"06085","5","23814","77","0","2023","A","",57,633,40728096,7489189,197148,1238,64392,"",0.43,0.61,0.27,0.59,0.26,0.44,0.44,"",0,0.0,56,9.7,3544942,9.5,1017191,15.7,18014,10.1,-1,-0.1,-13,0.0
"06085","5","238141","78","0","2023","A","",50,383,24693885,4133295,103512,1241,64517,"",0.50,0.73,0.36,0.66,0.38,0.50,0.50,"",-1,-2.0,-26,-6.4,-1205643,-4.7,-270528,-6.1,-22905,-18.1,23,1.9,1193,1.9
"06085","5","238142","78","0","2023","A","",8,250,16034211,3355894,93636,1235,64201,"",0.25,0.49,0.19,0.53,0.20,0.39,0.39,"",2,33.3,82,48.8,4750585,42.1,1287719,62.3,40919,77.6,-54,-4.2,-2830,-4.2
"06085","5","23815","77","0","2023","A","",35,447,46116703,4117232,159897,1984,103169,"",0.67,0.83,0.50,0.69,0.58,0.60,0.60,"",-4,-10.3,-52,-10.4,-9667238,-17.3,-507740,-11.0,27481,20.8,-165,-7.7,-8585,-7.7
"06085","5","238151","78","0","2023","A","",22,118,8712178,1096924,28843,1424,74041,"",0.73,0.60,0.31,0.53,0.40,0.51,0.51,"",-1,-4.3,-10,-7.8,-214472,-2.4,30029,2.8,2124,7.9,84,6.3,4347,6.2
"06085","5","238152","78","0","2023","A","",13,329,37404525,3020308,131054,2184,113576,"",0.60,0.97,0.59,0.77,0.64,0.61,0.61,"",-3,-18.8,-42,-11.3,-9452766,-20.2,-537769,-15.1,25357,24.0,-244,-10.0,-12696,-10.1
"06085","5","23816","77","0","2023","A","",165,2154,185823531,22816615,794332,1659,86286,"",0.83,1.22,0.64,1.17,0.93,0.52,0.52,"",12,7.8,137,6.8,7125489,4.0,2042017,9.8,62433,8.5,-45,-2.6,-2314,-2.6
"06085","5","238161","78","0","2023","A","",143,1155,78116411,13020421,334593,1301,67658,"",0.90,1.24,0.56,1.25,0.94,0.45,0.45,"",13,10.0,136,13.3,13478597,20.9,1650241,14.5,31195,10.3,81,6.6,4241,6.7
"06085","5","238162","78","0","2023","A","",22,999,107707120,9796194,459739,2073,107815,"",0.54,1.21,0.72,1.07,0.93,0.60,0.60,"",-1,-4.3,1,0.1,-6353108,-5.6,391776,4.2,31238,7.3,-126,-5.7,-6512,-5.7
"06085","5","23817","77","0","2023","A","",11,139,13250815,1787956,59054,1835,95444,"",0.19,0.45,0.30,0.44,0.41,0.66,0.66,"",-1,-8.3,70,101.4,9927882,298.8,869370,94.6,30057,103.7,911,98.6,47402,98.7
"06085","5","238171","78","0","2023","A","N",7,0,0,0,0,0,0,"N",0.13,0,0,0,0,0,0,"N",-2,-22.2,0,0,0,0,0,0,0,0,0,0,0,0
"06085","5","238172","78","0","2023","A","N",4,0,0,0,0,0,0,"N",1.04,0,0,0,0,0,0,"N",1,33.3,0,0,0,0,0,0,0,0,0,0,0,0
"06085","5","23819","77","0","2023","A","",31,254,20882513,2328648,95674,1583,82323,"",0.57,0.68,0.33,0.51,0.49,0.49,0.49,"",-1,-3.1,50,24.5,3189578,18.0,-122937,-5.0,4032,4.4,-85,-5.1,-4407,-5.1
"06085","5","238191","78","0","2023","A","",21,122,8443769,1014638,29532,1330,69164,"",0.67,0.76,0.35,0.53,0.44,0.46,0.46,"",0,0.0,50,69.4,3237425,62.2,-44329,-4.2,1082,3.8,-70,-5.0,-3652,-5.0
"06085","5","238192","78","0","2023","A","",10,132,12438744,1314010,66142,1818,94531,"",0.45,0.62,0.32,0.49,0.52,0.52,0.52,"",-1,-9.1,-1,-0.8,-47847,-0.4,-78608,-5.6,2950,4.7,6,0.3,293,0.3
"06085","5","2382","76","0","2023","A","",1041,19352,2690237745,224064148,9757942,2673,139016,"",0.68,1.08,0.80,1.08,1.10,0.75,0.75,"",25,2.5,882,4.8,364445095,15.7,32731298,17.1,982853,11.2,251,10.4,13091,10.4
"06085","5","23821","77","0","2023","A","",496,10514,1714272141,135599944,5906309,3136,163049,"",0.76,1.36,1.18,1.50,1.46,0.87,0.87,"",8,1.6,829,8.6,337844832,24.5,32792746,31.9,938145,18.9,403,14.7,20922,14.7
"06085","5","238211","78","0","2023","A","",333,3600,780222702,62501587,2016037,4168,216754,"",0.84,1.37,1.89,2.04,2.04,1.38,1.38,"",9,2.8,998,38.4,321340590,70.0,34280515,121.5,970221,92.8,777,22.9,40397,22.9
"06085","5","238212","78","0","2023","A","",163,6914,934049439,73098357,3890272,2598,135090,"",0.64,1.36,0.90,1.22,1.28,0.66,0.66,"",-2,-1.2,-169,-2.4,16504242,1.8,-1487769,-2.0,-32076,-0.8,107,4.3,5539,4.3
"06085","5","23822","77","0","2023","A","",511,8430,935311291,84660278,3743850,2134,110953,"",0.63,0.92,0.57,0.81,0.89,0.62,0.62,"",16,3.2,26,0.3,25461432,2.8,-101248,-0.1,65006,1.8,52,2.5,2683,2.5
"06085","5","238221","78","0","2023","A","",408,3050,239173736,31662801,1060350,1508,78426,"",0.67,0.63,0.32,0.59,0.66,0.51,0.51,"",18,4.6,118,4.0,9967318,4.3,1480491,4.9,41875,4.1,5,0.3,259,0.3
"06085","5","238222","78","0","2023","A","",104,5380,696137555,52997477,2683500,2488,129390,"",0.53,1.24,0.78,1.05,1.04,0.62,0.62,"",-1,-1.0,-91,-1.7,15494114,2.3,-1581739,-2.9,23131,0.9,96,4.0,4986,4.0
"06085","5","23829","77","0","2023","A","",34,408,40654313,3803926,107783,1915,99562,"",0.41,0.36,0.16,0.28,0.17,0.45,0.45,"",2,6.2,26,6.8,1138831,2.9,39800,1.1,-20298,-15.8,-76,-3.8,-3972,-3.8
"06085","5","238291","78","0","2023","A","",18,90,6596717,965974,30827,1406,73094,"",0.88,0.75,0.35,0.69,0.63,0.47,0.47,"",2,12.5,17,23.3,1314704,24.9,289425,42.8,9709,46.0,10,0.7,489,0.7
"06085","5","238292","78","0","2023","A","",16,318,34057596,2837952,76956,2059,107071,"",0.26,0.32,0.15,0.24,0.13,0.46,0.46,"",-1,-5.9,9,2.9,-175873,-0.5,-249625,-8.1,-30007,-28.1,-72,-3.4,-3747,-3.4
"06085","5","2383","76","0","2023","A","",727,8889,748152653,102548064,3918753,1619,84171,"",0.79,1.45,0.81,1.43,1.22,0.56,0.56,"",-10,-1.4,-467,-5.0,-9456743,-1.2,-2063784,-2.0,44571,1.2,62,4.0,3192,3.9
"06085","5","23831","77","0","2023","A","",112,3900,385816335,50023751,2145171,1902,98919,"",0.76,2.16,1.29,2.21,1.86,0.60,0.60,"",-3,-2.6,-35,-0.9,9872517,2.6,3627166,7.8,195718,10.0,65,3.5,3374,3.5
"06085","5","238311","78","0","2023","A","",81,1562,130442719,20622133,655244,1606,83497,"",0.76,1.81,1.07,1.95,1.88,0.59,0.59,"",-2,-2.4,-24,-1.5,2660308,2.1,3468588,20.2,131852,25.2,57,3.7,2936,3.6
"06085","5","238312","78","0","2023","A","",32,2338,255373616,29401618,1489927,2100,109223,"",0.78,2.47,1.45,2.44,1.86,0.59,0.59,"",1,3.2,-11,-0.5,7212209,2.9,158578,0.5,63866,4.5,68,3.3,3559,3.4
"06085","5","23832","77","0","2023","A","",286,2282,148384497,25794345,780505,1250,65022,"",1.01,1.53,0.74,1.51,1.01,0.48,0.48,"",2,0.7,-207,-8.3,-10326445,-6.5,-3520644,-12.0,-77650,-9.0,24,2.0,1268,2.0
"06085","5","238321","78","0","2023","A","",255,1481,86090376,17884030,466084,1118,58136,"",1.07,1.58,0.78,1.66,1.25,0.50,0.50,"",1,0.4,-285,-16.1,-14873258,-14.7,-4266342,-19.3,-113917,-19.6,19,1.7,965,1.7
"06085","5","238322","78","0","2023","A","",30,801,62294121,7910315,314421,1495,77746,"",0.67,1.45,0.69,1.24,0.78,0.48,0.48,"",0,0.0,78,10.8,4546813,7.9,745698,10.4,36267,13.0,-40,-2.6,-2080,-2.6
"06085","5","23833","77","0","2023","A","",104,978,82953789,9761460,431317,1630,84784,"",0.80,1.65,0.91,1.45,1.58,0.55,0.55,"",-3,-2.8,-97,-9.0,-3412672,-4.0,-542009,-5.3,-14314,-3.2,84,5.4,4412,5.5
"06085","5","238331","78","0","2023","A","",90,625,47207693,6271115,248480,1452,75482,"",0.84,1.61,0.90,1.45,1.81,0.56,0.56,"",-3,-3.2,-31,-4.7,-1761504,-3.6,-167539,-2.6,-935,-0.4,17,1.2,853,1.1
"06085","5","238332","78","0","2023","A","",14,353,35746096,3490345,182837,1947,101264,"",0.61,1.72,0.92,1.47,1.35,0.54,0.54,"",0,0.0,-65,-15.6,-1651168,-4.4,-374470,-9.7,-13379,-6.8,228,13.3,11886,13.3
"06085","5","23834","77","0","2023","A","",87,617,41884141,6222168,188193,1305,67856,"",1.21,1.50,0.71,1.29,0.96,0.48,0.48,"",2,2.4,-4,-0.6,946066,2.3,-105308,-1.7,14720,8.5,38,3.0,1960,3.0
"06085","5","238341","78","0","2023","A","",83,477,29253434,4756490,113314,1179,61285,"",1.31,1.51,0.70,1.31,0.93,0.46,0.46,"",2,2.5,-57,-10.7,-4891795,-14.3,-564580,-10.6,-17243,-13.2,-50,-4.1,-2637,-4.1
"06085","5","238342","78","0","2023","A","",4,140,12630707,1465678,74879,1736,90273,"",0.47,1.45,0.76,1.24,1.02,0.53,0.53,"",0,0.0,53,60.9,5837861,85.9,459272,45.6,31963,74.5,236,15.7,12269,15.7
"06085","5","23835","77","0","2023","A","",96,491,37845340,4947484,163789,1483,77130,"",0.44,0.42,0.21,0.37,0.34,0.51,0.51,"",-8,-7.7,-64,-11.5,-4916054,-11.5,-399268,-7.5,-36853,-18.4,2,0.1,129,0.2
"06085","5","238351","78","0","2023","A","",84,367,25630508,3498651,96681,1343,69854,"",0.43,0.40,0.19,0.33,0.31,0.49,0.49,"",-8,-8.7,-34,-8.5,-2007976,-7.3,-261823,-7.0,-17272,-15.2,18,1.4,973,1.4
"06085","5","238352","78","0","2023","A","",12,124,12214832,1448833,67108,1898,98706,"",0.48,0.50,0.27,0.49,0.40,0.54,0.54,"",0,0.0,-30,-19.5,-2908078,-19.2,-137445,-8.7,-19581,-22.6,11,0.6,558,0.6
"06085","5","23839","77","0","2023","A","",43,620,51268551,5798856,209778,1591,82725,"",0.60,0.98,0.51,0.83,0.63,0.52,0.52,"",-1,-2.3,-60,-8.8,-1620155,-3.1,-1123721,-16.2,-37050,-15.0,96,6.4,4986,6.4
"06085","5","238391","78","0","2023","A","",21,118,6878593,1133509,28477,1122,58334,"",0.51,0.43,0.17,0.38,0.28,0.39,0.39,"",-2,-8.7,-76,-39.2,-4664796,-40.4,-976088,-46.3,-26518,-48.2,-23,-2.0,-1219,-2.0
"06085","5","238392","78","0","2023","A","",22,502,44389958,4665347,181301,1701,88456,"",0.72,1.41,0.74,1.16,0.79,0.53,0.53,"",1,4.8,15,3.1,3044641,7.4,-147633,-3.1,-10532,-5.5,67,4.1,3471,4.1
"06085","5","2389","76","0","2023","A","",243,2881,250036318,29503987,1017174,1669,86796,"",0.38,0.51,0.26,0.44,0.28,0.51,0.51,"",13,5.7,-83,-2.8,8132070,3.4,180599,0.6,21836,2.2,99,6.3,5180,6.3
"06085","5","23891","77","0","2023","A","",82,926,91533662,10149859,391947,1902,98884,"",0.30,0.33,0.19,0.29,0.22,0.58,0.58,"",2,2.5,-61,-6.2,3900654,4.5,1198098,13.4,54118,16.0,194,11.4,10082,11.4
"06085","5","238911","78","0","2023","A","",49,284,19156826,2852897,94236,1297,67454,"",0.30,0.27,0.12,0.21,0.16,0.45,0.45,"",2,4.3,1,0.4,444666,2.4,138089,5.1,9167,10.8,27,2.1,1392,2.1
"06085","5","238912","78","0","2023","A","",33,642,72376836,7296962,297711,2169,112795,"",0.29,0.36,0.22,0.34,0.25,0.61,0.61,"",0,0.0,-62,-8.8,3455988,5.0,1060009,17.0,44951,17.8,285,15.1,14838,15.1
"06085","5","23899","77","0","2023","A","",161,1955,158502656,19354128,625227,1559,81072,"",0.44,0.71,0.34,0.61,0.33,0.49,0.49,"",11,7.3,-22,-1.1,4231416,2.7,-1017499,-5.0,-32282,-4.9,58,3.9,3042,3.9
"06085","5","238991","78","0","2023","A","",123,1199,89152655,12046613,376948,1430,74340,"",0.50,0.87,0.45,0.78,0.45,0.51,0.51,"",12,10.8,14,1.2,1603003,1.8,-799365,-6.2,-44590,-10.6,10,0.7,484,0.7
"06085","5","238992","78","0","2023","A","",39,756,69350001,7307515,248279,1764,91753,"",0.32,0.54,0.27,0.44,0.24,0.49,0.49,"",0,0.0,-36,-4.5,2628413,3.9,-218134,-2.9,12308,5.2,143,8.8,7473,8.9
"06085","5","31-33","74","0","2023","A","",2659,176495,53339181008,1494297924,41430696,5812,302214,"",1.01,1.88,2.84,1.54,1.54,1.52,1.52,"",31,1.2,1634,0.9,3796070207,7.7,-45860953,-3.0,-6686905,-13.9,363,6.7,18886,6.7
"06085","5","311","75","0","2023","A","",147,2873,151169857,26311862,799356,1012,52617,"",0.54,0.23,0.08,0.19,0.22,0.37,0.37,"",5,3.5,328,12.9,36515988,31.8,1531557,6.2,114000,16.6,146,16.9,7562,16.8
"06085","5","3111","76","0","2023","A","N",1,0,0,0,0,0,0,"N",0.05,0,0,0,0,0,0,"N",0,0.0,0,0,0,0,0,0,0,0,0,0,0,0
"06085","5","31111","77","0","2023","A","N",1,0,0,0,0,0,0,"N",0.05,0,0,0,0,0,0,"N",0,0.0,0,0,0,0,0,0,0,0,0,0,0,0
"06085","5","311111","78","0","2023","A","N",1,0,0,0,0,0,0,"N",0.17,0,0,0,0,0,0,"N",0,0.0,0,0,0,0,0,0,0,0,0,0,0,0
"06085","5","3112","76","0","2023","A","N",2,0,0,0,0,0,0,"N",0.25,0,0,0,0,0,0,"N",0,0.0,0,0,0,0,0,0,0,0,0,0,0,0
"06085","5","31122","77","0","2023","A","N",2,0,0,0,0,0,0,"N",0.58,0,0,0,0,0,0,"N",0,0.0,0,0,0,0,0,0,0,0,0,0,0,0
"06085","5","311224","78","0","2023","A","N",1,0,0,0,0,0,0,"N",0.61,0,0,0,0,0,0,"N",1,100.0,0,0,0,0,0,0,0,0,0,0,0,0
"06085","5","311225","78","0","2023","A","N",1,0,0,0,0,0,0,"N",0.76,0,0,0,0,0,0,"N",-1,-50.0,0,0,0,0,0,0,0,0,0,0,0,0
"06085","5","3113","76","0","2023","A","",5,74,3592207,629598,17497,940,48874,"",0.32,0.12,0.04,0.11,0.08,0.32,0.32,"",-2,-28.6,-6,-7.5,-447329,-11.1,-155109,-19.8,-3620,-17.1,-29,-3.0,-1515,-3.0
"06085","5","31134","77","0","2023","A","N",2,0,0,0,0,0,0,"N",0.44,0,0,0,0,0,0,"N",-1,-33.3,0,0,0,0,0,0,0,0,0,0,0,0
"06085","5","311340","78","0","2023","A","N",2,0,0,0,0,0,0,"N",0.44,0,0,0,0,0,0,"N",-1,-33.3,0,0,0,0,0,0,0,0,0,0,0,0
"06085","5","31135","77","0","2023","A","N",3,0,0,0,0,0,0,"N",0.30,0,0,0,0,0,0,"N",-1,-25.0,0,0,0,0,0,0,0,0,0,0,0,0
"06085","5","311351","78","0","2023","A","N",1,0,0,0,0,0,0,"N",0.46,0,0,0,0,0,0,"N",0,0.0,0,0,0,0,0,0,0,0,0,0,0,0
"06085","5","311352","78","0","2023","A","N",2,0,0,0,0,0,0,"N",0.25,0,0,0,0,0,0,"N",-1,-33.3,0,0,0,0,0,0,0,0,0,0,0,0
"06085","5","3114","76","0","2023","A","",7,178,15954804,1578840,84922,1728,89844,"",0.38,0.14,0.08,0.10,0.14,0.60,0.60,"",0,0.0,-55,-23.6,-1489459,-8.5,-1296191,-45.1,-81851,-49.1,285,19.8,14815,19.7
"06085","5","31141","77","0","2023","A","N",2,0,0,0,0,0,0,"N",0.26,0,0,0,0,0,0,"N",-1,-33.3,0,0,0,0,0,0,0,0,0,0,0,0
"06085","5","311412","78","0","2023","A","N",2,0,0,0,0,0,0,"N",0.36,0,0,0,0,0,0,"N",0,0.0,0,0,0,0,0,0,0,0,0,0,0,0
"06085","5","31142","77","0","2023","A","N",5,0,0,0,0,0,0,"N",0.46,0,0,0,0,0,0,"N",1,25.0,0,0,0,0,0,0,0,0,0,0,0,0
"06085","5","311421","78","0","2023","A","N",1,0,0,0,0,0,0,"N",0.13,0,0,0,0,0,0,"N",0,0.0,0,0,0,0,0,0,0,0,0,0,0,0
"06085","5","311422","78","0","2023","A","",4,20,923416,187294,3447,884,45979,"",3.76,0.22,0.06,0.21,0.09,0.28,0.27,"",1,33.3,0,0.0,21558,2.4,18443,10.9,-504,-12.8,24,2.8,1259,2.8
"06085","5","3115","76","0","2023","A","",12,258,16092406,2315059,60611,1201,62454,"",0.68,0.21,0.08,0.18,0.19,0.37,0.37,"",0,0.0,11,4.5,3098322,23.8,105285,4.8,-4286,-6.6,190,18.8,9882,18.8
"06085","5","31151","77","0","2023","A","N",3,0,0,0,0,0,0,"N",0.25,0,0,0,0,0,0,"N",0,0.0,0,0,0,0,0,0,0,0,0,0,0,0
"06085","5","311511","78","0","2023","A","N",2,0,0,0,0,0,0,"N",0.42,0,0,0,0,0,0,"N",0,0.0,0,0,0,0,0,0,0,0,0,0,0,0
"06085","5","311513","78","0","2023","A","N",1,0,0,0,0,0,0,"N",0.20,0,0,0,0,0,0,"N",0,0.0,0,0,0,0,0,0,0,0,0,0,0,0
"06085","5","31152","77","0","2023","A","N",9,0,0,0,0,0,0,"N",1.55,0,0,0,0,0,0,"N",0,0.0,0,0,0,0,0,0,0,0,0,0,0,0
"06085","5","311520","78","0","2023","A","N",9,0,0,0,0,0,0,"N",1.55,0,0,0,0,0,0,"N",0,0.0,0,0,0,0,0,0,0,0,0,0,0,0
"06085","5","3116","76","0","2023","A","",8,179,10518899,1663766,26206,1131,58792,"",0.26,0.04,0.02,0.04,0.04,0.46,0.46,"",0,0.0,8,4.7,458019,4.6,-54287,-3.2,-3920,-13.0,0,0.0,-15,0.0
"06085","5","31161","77","0","2023","A","",8,179,10518899,1663766,26206,1131,58792,"",0.26,0.04,0.02,0.04,0.04,0.46,0.46,"",0,0.0,8,4.7,458019,4.6,-54287,-3.2,-3920,-13.0,0,0.0,-15,0.0
"06085","5","311611","78","0","2023","A","N",2,0,0,0,0,0,0,"N",0.19,0,0,0,0,0,0,"N",0,0.0,0,0,0,0,0,0,0,0,0,0,0,0
"06085","5","311612","78","0","2023","A","N",6,0,0,0,0,0,0,"N",0.46,0,0,0,0,0,0,"N",0,0.0,0,0,0,0,0,0,0,0,0,0,0,0
"06085","5","3118","76","0","2023","A","",87,1349,47241029,12668565,280585,673,35021,"",0.84,0.55,0.17,0.53,0.43,0.30,0.30,"",6,7.4,-29,-2.1,595542,1.3,-1178578,-8.5,-35073,-11.1,22,3.4,1165,3.4
"06085","5","31181","77","0","2023","A","",80,1234,42143758,11777206,264951,657,34150,"",0.87,0.66,0.21,0.65,0.54,0.31,0.31,"",6,8.1,-28,-2.2,225936,0.5,-1075077,-8.4,-32714,-11.0,18,2.8,939,2.8
"06085","5","311811","78","0","2023","A","",59,879,29213662,8082223,185895,639,33241,"",0.96,1.19,0.56,1.27,1.07,0.47,0.47,"",5,9.3,-25,-2.8,647326,2.3,-868997,-9.7,-27677,-13.0,31,5.1,1644,5.2
"06085","5","311812","78","0","2023","A","N",19,0,0,0,0,0,0,"N",0.67,0,0,0,0,0,0,"N",1,5.6,0,0,0,0,0,0,0,0,0,0,0,0
"06085","5","311813","78","0","2023","A","N",2,0,0,0,0,0,0,"N",1.00,0,0,0,0,0,0,"N",0,0.0,0,0,0,0,0,0,0,0,0,0,0,0
"06085","5","31182","77","0","2023","A","N",6,0,0,0,0,0,0,"N",0.71,0,0,0,0,0,0,"N",0,0.0,0,0,0,0,0,0,0,0,0,0,0,0
"06085","5","311821","78","0","2023","A","N",3,0,0,0,0,0,0,"N",0.60,0,0,0,0,0,0,"N",0,0.0,0,0,0,0,0,0,0,0,0,0,0,0
"06085","5","311824","78","0","2023","A","",3,72,3046244,563818,10086,811,42163,"",0.88,0.46,0.12,0.32,0.21,0.27,0.26,"",0,0.0,-1,-1.4,7516,0.2,-73290,-11.5,-1709,-14.5,7,0.9,346,0.8
"06085","5","31183","77","0","2023","A","N",1,0,0,0,0,0,0,"N",0.30,0,0,0,0,0,0,"N",0,0.0,0,0,0,0,0,0,0,0,0,0,0,0
"06085","5","311830","78","0","2023","A","N",1,0,0,0,0,0,0,"N",0.30,0,0,0,0,0,0,"N",0,0.0,0,0,0,0,0,0,0,0,0,0,0,0
"06085","5","3119","76","0","2023","A","",27,831,57149962,7386034,327057,1322,68738,"",0.50,0.44,0.19,0.37,0.57,0.44,0.44,"",3,12.5,398,91.9,34136712,148.3,4068437,122.6,240958,279.9,301,29.5,15641,29.5
"06085","5","31191","77","0","2023","A","N",1,0,0,0,0,0,0,"N",0.14,0,0,0,0,0,0,"N",0,0.0,0,0,0,0,0,0,0,0,0,0,0,0
"06085","5","311919","78","0","2023","A","N",1,0,0,0,0,0,0,"N",0.20,0,0,0,0,0,0,"N",0,0.0,0,0,0,0,0,0,0,0,0,0,0,0
"06085","5","31192","77","0","2023","A","N",3,0,0,0,0,0,0,"N",0.28,0,0,0,0,0,0,"N",-1,-25.0,0,0,0,0,0,0,0,0,0,0,0,0
"06085","5","311920","78","0","2023","A","N",3,0,0,0,0,0,0,"N",0.28,0,0,0,0,0,0,"N",-1,-25.0,0,0,0,0,0,0,0,0,0,0,0,0
"06085","5","31194","77","0","2023","A","",5,533,43167502,4916368,260438,1558,81002,"",0.61,1.47,0.65,1.33,2.53,0.44,0.44,"",1,25.0,380,248.4,33037090,326.1,4093213,497.3,243727,1458.5,288,22.7,14970,22.7
"06085","5","311941","78","0","2023","A","N",4,0,0,0,0,0,0,"N",1.19,0,0,0,0,0,0,"N",0,0.0,0,0,0,0,0,0,0,0,0,0,0,0
"06085","5","311942","78","0","2023","A","N",1,0,0,0,0,0,0,"N",0.21,0,0,0,0,0,0,"N",1,100.0,0,0,0,0,0,0,0,0,0,0,0,0
"06085","5","31199","77","0","2023","A","",17,260,12943889,2089797,60075,956,49736,"",0.67,0.33,0.12,0.24,0.24,0.35,0.35,"",2,13.3,19,7.9,1169533,9.9,9631,0.5,-1401,-2.3,16,1.7,846,1.7
"06085","5","311991","78","0","2023","A","",12,253,12556314,1998280,57900,954,49630,"",1.00,0.54,0.22,0.40,0.36,0.40,0.40,"",2,20.0,20,8.6,1144591,10.0,-7135,-0.4,-1698,-2.8,14,1.5,740,1.5
"06085","5","311999","78","0","2023","A","",5,7,387575,91517,2175,1028,53459,"",0.37,0.02,0.01,0.02,0.02,0.32,0.32,"",0,0.0,0,0.0,24942,6.9,16766,22.4,297,15.8,88,9.4,4565,9.3
"06085","5","312","75","0","2023","A","",66,951,56646320,8207680,210127,1145,59555,"",0.60,0.39,0.16,0.36,0.28,0.42,0.42,"",3,4.8,-131,-12.1,-8303780,-12.8,-1485061,-15.3,-64625,-23.5,-9,-0.8,-468,-0.8
"06085","5","3121","76","0","2023","A","N",65,0,0,0,0,0,0,"N",0.61,0,0,0,0,0,0,"N",2,3.2,0,0,0,0,0,0,0,0,0,0,0,0
"06085","5","31211","77","0","2023","A","",6,111,13757991,998218,46533,2380,123760,"",0.35,0.14,0.10,0.12,0.18,0.76,0.76,"",-4,-40.0,-172,-60.8,-10228033,-42.6,-1608031,-61.7,-56964,-55.0,752,46.2,39103,46.2
"06085","5","312111","78","0","2023","A","N",1,0,0,0,0,0,0,"N",0.12,0,0,0,0,0,0,"N",-2,-66.7,0,0,0,0,0,0,0,0,0,0,0,0
"06085","5","312112","78","0","2023","A","N",3,0,0,0,0,0,0,"N",0.57,0,0,0,0,0,0,"N",-2,-40.0,0,0,0,0,0,0,0,0,0,0,0,0
"06085","5","312113","78","0","2023","A","N",2,0,0,0,0,0,0,"N",0.55,0,0,0,0,0,0,"N",0,0.0,0,0,0,0,0,0,0,0,0,0,0,0
"06085","5","31212","77","0","2023","A","",15,186,8351807,1753587,45167,864,44942,"",0.37,0.23,0.09,0.23,0.21,0.39,0.39,"",3,25.0,8,4.5,167055,2.0,91304,5.5,3657,8.8,-22,-2.5,-1148,-2.5
"06085","5","312120","78","0","2023","A","",15,186,8351807,1753587,45167,864,44942,"",0.37,0.23,0.09,0.23,0.21,0.39,0.39,"",3,25.0,8,4.5,167055,2.0,91304,5.5,3657,8.8,-22,-2.5,-1148,-2.5
"06085","5","31213","77","0","2023","A","",42,646,33576268,5346447,115881,1000,51982,"",1.10,1.13,0.45,1.14,0.59,0.40,0.40,"",4,10.5,31,5.0,1299121,4.0,-7762,-0.1,-11420,-9.0,-10,-1.0,-530,-1.0
"06085","5","312130","78","0","2023","A","",42,646,33576268,5346447,115881,1000,51982,"",1.10,1.13,0.45,1.14,0.59,0.40,0.40,"",4,10.5,31,5.0,1299121,4.0,-7762,-0.1,-11420,-9.0,-10,-1.0,-530,-1.0
"06085","5","31214","77","0","2023","A","N",3,0,0,0,0,0,0,"N",0.25,0,0,0,0,0,0,"N",0,0.0,0,0,0,0,0,0,0,0,0,0,0,0
"06085","5","312140","78","0","2023","A","N",3,0,0,0,0,0,0,"N",0.25,0,0,0,0,0,0,"N",0,0.0,0,0,0,0,0,0,0,0,0,0,0,0
"06085","5","3122","76","0","2023","A","N",1,0,0,0,0,0,0,"N",0.31,0,0,0,0,0,0,"N",0,0.0,0,0,0,0,0,0,0,0,0,0,0,0
"06085","5","31223","77","0","2023","A","N",1,0,0,0,0,0,0,"N",0.31,0,0,0,0,0,0,"N",0,0.0,0,0,0,0,0,0,0,0,0,0,0,0
"06085","5","312230","78","0","2023","A","N",1,0,0,0,0,0,0,"N",0.31,0,0,0,0,0,0,"N",0,0.0,0,0,0,0,0,0,0,0,0,0,0,0
"06085","5","313","75","0","2023","A","",9,294,28770293,2565971,74321,1880,97775,"",0.48,0.45,0.32,0.37,0.49,0.71,0.71,"N",3,50.0,0,0,0,0,0,0,0,0,0,0,0,0
"06085","5","3131","76","0","2023","A","N",1,0,0,0,0,0,0,"N",0.38,0,0,0,0,0,0,"N",0,0.0,0,0,0,0,0,0,0,0,0,0,0,0
"06085","5","31311","77","0","2023","A","N",1,0,0,0,0,0,0,"N",0.38,0,0,0,0,0,0,"N",0,0.0,0,0,0,0,0,0,0,0,0,0,0,0
"06085","5","313110","78","0","2023","A","N",1,0,0,0,0,0,0,"N",0.38,0,0,0,0,0,0,"N",0,0.0,0,0,0,0,0,0,0,0,0,0,0,0
"06085","5","3132","76","0","2023","A","",3,8,576722,75094,1997,1344,69906,"",0.41,0.03,0.01,0.02,0.03,0.49,0.49,"N",1,50.0,0,0,0,0,0,0,0,0,0,0,0,0
"06085","5","31322","77","0","2023","A","N",1,0,0,0,0,0,0,"N",0.61,0,0,0,0,0,0,"N",1,100.0,0,0,0,0,0,0,0,0,0,0,0,0
"06085","5","313220","78","0","2023","A","N",1,0,0,0,0,0,0,"N",0.61,0,0,0,0,0,0,"N",1,100.0,0,0,0,0,0,0,0,0,0,0,0,0
"06085","5","31323","77","0","2023","A","N",2,0,0,0,0,0,0,"N",0.93,0,0,0,0,0,0,"N",0,0.0,0,0,0,0,0,0,0,0,0,0,0,0
"06085","5","313230","78","0","2023","A","N",2,0,0,0,0,0,0,"N",0.93,0,0,0,0,0,0,"N",0,0.0,0,0,0,0,0,0,0,0,0,0,0,0
"06085","5","3133","76","0","2023","A","N",5,0,0,0,0,0,0,"N",0.58,0,0,0,0,0,0,"N",2,66.7,0,0,0,0,0,0,0,0,0,0,0,0
"06085","5","31331","77","0","2023","A","",4,20,682181,332633,9947,673,34984,"",0.55,0.15,0.04,0.25,0.31,0.26,0.26,"N",2,100.0,0,0,0,0,0,0,0,0,0,0,0,0
"06085","5","313310","78","0","2023","A","",4,20,682181,332633,9947,673,34984,"",0.55,0.15,0.04,0.25,0.31,0.26,0.26,"N",2,100.0,0,0,0,0,0,0,0,0,0,0,0,0
"06085","5","31332","77","0","2023","A","N",1,0,0,0,0,0,0,"N",0.71,0,0,0,0,0,0,"N",0,0.0,0,0,0,0,0,0,0,0,0,0,0,0
"06085","5","313320","78","0","2023","A","N",1,0,0,0,0,0,0,"N",0.71,0,0,0,0,0,0,"N",0,0.0,0,0,0,0,0,0,0,0,0,0,0,0
"06085","5","314","75","0","2023","A","",13,199,11835374,1570918,36659,1143,59449,"",0.30,0.27,0.13,0.23,0.23,0.48,0.48,"",0,0.0,3,1.5,152006,1.3,-11858,-0.7,-4248,-10.4,-6,-0.5,-287,-0.5
"06085","5","3141","76","0","2023","A","N",1,0,0,0,0,0,0,"N",0.09,0,0,0,0,0,0,"N",0,0.0,0,0,0,0,0,0,0,0,0,0,0,0
"06085","5","31412","77","0","2023","A","N",1,0,0,0,0,0,0,"N",0.13,0,0,0,0,0,0,"N",0,0.0,0,0,0,0,0,0,0,0,0,0,0,0
"06085","5","314120","78","0","2023","A","N",1,0,0,0,0,0,0,"N",0.13,0,0,0,0,0,0,"N",0,0.0,0,0,0,0,0,0,0,0,0,0,0,0
"06085","5","3149","76","0","2023","A","N",12,0,0,0,0,0,0,"N",0.37,0,0,0,0,0,0,"N",0,0.0,0,0,0,0,0,0,0,0,0,0,0,0
"06085","5","31491","77","0","2023","A","",6,126,8478861,999709,24527,1293,67248,"",0.54,0.72,0.38,0.56,0.52,0.53,0.53,"",0,0.0,3,2.4,151328,1.8,15123,1.5,-1784,-6.8,-13,-1.0,-686,-1.0
"06085","5","314910","78","0","2023","A","",6,126,8478861,999709,24527,1293,67248,"",0.54,0.72,0.38,0.56,0.52,0.53,0.53,"",0,0.0,3,2.4,151328,1.8,15123,1.5,-1784,-6.8,-13,-1.0,-686,-1.0
"06085","5","31499","77","0","2023","A","N",6,0,0,0,0,0,0,"N",0.29,0,0,0,0,0,0,"N",0,0.0,0,0,0,0,0,0,0,0,0,0,0,0
"06085","5","314999","78","0","2023","A","N",6,0,0,0,0,0,0,"N",0.30,0,0,0,0,0,0,"N",0,0.0,0,0,0,0,0,0,0,0,0,0,0,0
"06085","5","315","75","0","2023","A","",6,44,4687481,381940,6570,2068,107552,"",0.14,0.07,0.05,0.07,0.03,0.80,0.80,"",0,0.0,-2,-4.3,-602897,-11.4,17003,4.7,-3257,-33.1,-140,-6.3,-7248,-6.3
"06085","5","3152","76","0","2023","A","N",3,0,0,0,0,0,0,"N",0.09,0,0,0,0,0,0,"N",0,0.0,0,0,0,0,0,0,0,0,0,0,0,0
"06085","5","31525","77","0","2023","A","N",3,0,0,0,0,0,0,"N",0.18,0,0,0,0,0,0,"N",0,0.0,0,0,0,0,0,0,0,0,0,0,0,0
"06085","5","315250","78","0","2023","A","N",3,0,0,0,0,0,0,"N",0.18,0,0,0,0,0,0,"N",0,0.0,0,0,0,0,0,0,0,0,0,0,0,0
"06085","5","3159","76","0","2023","A","N",3,0,0,0,0,0,0,"N",0.33,0,0,0,0,0,0,"N",0,0.0,0,0,0,0,0,0,0,0,0,0,0,0
"06085","5","31599","77","0","2023","A","N",3,0,0,0,0,0,0,"N",0.33,0,0,0,0,0,0,"N",0,0.0,0,0,0,0,0,0,0,0,0,0,0,0
"06085","5","315990","78","0","2023","A","N",3,0,0,0,0,0,0,"N",0.33,0,0,0,0,0,0,"N",0,0.0,0,0,0,0,0,0,0,0,0,0,0,0
"06085","5","316","75","0","2023","A","N",5,0,0,0,0,0,0,"N",0.49,0,0,0,0,0,0,"N",0,0.0,0,0,0,0,0,0,0,0,0,0,0,0
"06085","5","3162","76","0","2023","A","N",1,0,0,0,0,0,0,"N",0.39,0,0,0,0,0,0,"N",0,0.0,0,0,0,0,0,0,0,0,0,0,0,0
"06085","5","31621","77","0","2023","A","N",1,0,0,0,0,0,0,"N",0.39,0,0,0,0,0,0,"N",0,0.0,0,0,0,0,0,0,0,0,0,0,0,0
"06085","5","316210","78","0","2023","A","N",1,0,0,0,0,0,0,"N",0.39,0,0,0,0,0,0,"N",0,0.0,0,0,0,0,0,0,0,0,0,0,0,0
"06085","5","3169","76","0","2023","A","N",4,0,0,0,0,0,0,"N",0.64,0,0,0,0,0,0,"N",0,0.0,0,0,0,0,0,0,0,0,0,0,0,0
"06085","5","31699","77","0","2023","A","N",4,0,0,0,0,0,0,"N",0.64,0,0,0,0,0,0,"N",0,0.0,0,0,0,0,0,0,0,0,0,0,0,0
"06085","5","316990","78","0","2023","A","N",4,0,0,0,0,0,0,"N",0.64,0,0,0,0,0,0,"N",0,0.0,0,0,0,0,0,0,0,0,0,0,0,0
"06085","5","321","75","0","2023","A","",34,453,27200094,4095846,100148,1155,60055,"",0.32,0.15,0.06,0.12,0.12,0.41,0.41,"",2,6.2,-15,-3.2,-962032,-3.4,-449876,-9.9,-15949,-13.7,-2,-0.2,-131,-0.2
"06085","5","3211","76","0","2023","A","N",1,0,0,0,0,0,0,"N",0.04,0,0,0,0,0,0,"N",0,0.0,0,0,0,0,0,0,0,0,0,0,0,0
"06085","5","32111","77","0","2023","A","N",1,0,0,0,0,0,0,"N",0.04,0,0,0,0,0,0,"N",0,0.0,0,0,0,0,0,0,0,0,0,0,0,0
"06085","5","321113","78","0","2023","A","N",1,0,0,0,0,0,0,"N",0.05,0,0,0,0,0,0,"N",0,0.0,0,0,0,0,0,0,0,0,0,0,0,0
"06085","5","3212","76","0","2023","A","N",1,0,0,0,0,0,0,"N",0.08,0,0,0,0,0,0,"N",1,100.0,0,0,0,0,0,0,0,0,0,0,0,0
"06085","5","32121","77","0","2023","A","N",1,0,0,0,0,0,0,"N",0.08,0,0,0,0,0,0,"N",1,100.0,0,0,0,0,0,0,0,0,0,0,0,0
"06085","5","321219","78","0","2023","A","N",1,0,0,0,0,0,0,"N",0.72,0,0,0,0,0,0,"N",1,100.0,0,0,0,0,0,0,0,0,0,0,0,0
"06085","5","3219","76","0","2023","A","",32,451,27161216,4076452,99062,1157,60169,"",0.45,0.25,0.11,0.20,0.21,0.43,0.43,"",2,6.7,-14,-3.0,-893507,-3.2,-431446,-9.6,-14823,-13.0,-4,-0.3,-229,-0.4
"06085","5","32191","77","0","2023","A","",11,116,7701093,1353993,27473,1277,66389,"",0.47,0.15,0.07,0.14,0.14,0.45,0.45,"",0,0.0,1,0.9,207455,2.8,26361,2.0,-5997,-17.9,27,2.2,1368,2.1
"06085","5","321911","78","0","2023","A","N",4,0,0,0,0,0,0,"N",0.50,0,0,0,0,0,0,"N",0,0.0,0,0,0,0,0,0,0,0,0,0,0,0
"06085","5","321912","78","0","2023","A","N",1,0,0,0,0,0,0,"N",0.27,0,0,0,0,0,0,"N",0,0.0,0,0,0,0,0,0,0,0,0,0,0,0
"06085","5","321918","78","0","2023","A","",6,75,5184798,1008489,19432,1335,69439,"",0.52,0.30,0.16,0.42,0.32,0.51,0.51,"",0,0.0,2,2.7,174574,3.5,78058,8.4,-4484,-18.7,8,0.6,412,0.6
"06085","5","32192","77","0","2023","A","",11,256,13645362,1977627,49284,1025,53285,"",0.52,0.54,0.23,0.42,0.48,0.42,0.42,"",2,22.2,-10,-3.8,-897024,-6.2,-394512,-16.6,-6658,-11.9,-27,-2.6,-1403,-2.6
"06085","5","321920","78","0","2023","A","",11,256,13645362,1977627,49284,1025,53285,"",0.52,0.54,0.23,0.42,0.48,0.42,0.42,"",2,22.2,-10,-3.8,-897024,-6.2,-394512,-16.6,-6658,-11.9,-27,-2.6,-1403,-2.6
"06085","5","32199","77","0","2023","A","",10,79,5814761,744832,22305,1410,73295,"",0.37,0.14,0.07,0.14,0.13,0.51,0.51,"",0,0.0,-4,-4.8,-203938,-3.4,-63295,-7.8,-2168,-8.9,21,1.5,1071,1.5
"06085","5","321992","78","0","2023","A","N",2,0,0,0,0,0,0,"N",0.32,0,0,0,0,0,0,"N",0,0.0,0,0,0,0,0,0,0,0,0,0,0,0
"06085","5","321999","78","0","2023","A","N",8,0,0,0,0,0,0,"N",0.43,0,0,0,0,0,0,"N",0,0.0,0,0,0,0,0,0,0,0,0,0,0,0
"06085","5","322","75","0","2023","A","",11,473,39543031,3939508,206034,1609,83659,"",0.29,0.18,0.08,0.15,0.33,0.44,0.44,"",0,0.0,-9,-1.9,-3817005,-8.8,-598734,-13.2,-42702,-17.2,-122,-7.0,-6377,-7.1
"06085","5","3221","76","0","2023","A","N",2,0,0,0,0,0,0,"N",0.35,0,0,0,0,0,0,"N",1,100.0,0,0,0,0,0,0,0,0,0,0,0,0
"06085","5","32211","77","0","2023","A","N",1,0,0,0,0,0,0,"N",1.70,0,0,0,0,0,0,"N",1,100.0,0,0,0,0,0,0,0,0,0,0,0,0
"06085","5","322110","78","0","2023","A","N",1,0,0,0,0,0,0,"N",1.70,0,0,0,0,0,0,"N",1,100.0,0,0,0,0,0,0,0,0,0,0,0,0
"06085","5","32213","77","0","2023","A","N",1,0,0,0,0,0,0,"N",0.55,0,0,0,0,0,0,"N",0,0.0,0,0,0,0,0,0,0,0,0,0,0,0
"06085","5","322130","78","0","2023","A","N",1,0,0,0,0,0,0,"N",0.55,0,0,0,0,0,0,"N",0,0.0,0,0,0,0,0,0,0,0,0,0,0,0
"06085","5","3222","76","0","2023","A","N",9,0,0,0,0,0,0,"N",0.29,0,0,0,0,0,0,"N",-1,-10.0,0,0,0,0,0,0,0,0,0,0,0,0
"06085","5","32221","77","0","2023","A","",7,409,31701807,3258032,166785,1490,77479,"",0.43,0.36,0.16,0.29,0.56,0.44,0.44,"",0,0.0,9,2.2,-2404338,-7.0,-326889,-9.1,-33042,-16.5,-151,-9.2,-7875,-9.2
"06085","5","322211","78","0","2023","A","N",5,0,0,0,0,0,0,"N",0.46,0,0,0,0,0,0,"N",0,0.0,0,0,0,0,0,0,0,0,0,0,0,0
"06085","5","322219","78","0","2023","A","N",2,0,0,0,0,0,0,"N",0.75,0,0,0,0,0,0,"N",0,0.0,0,0,0,0,0,0,0,0,0,0,0,0
"06085","5","32229","77","0","2023","A","N",2,0,0,0,0,0,0,"N",0.37,0,0,0,0,0,0,"N",0,0.0,0,0,0,0,0,0,0,0,0,0,0,0
"06085","5","322299","78","0","2023","A","N",2,0,0,0,0,0,0,"N",0.53,0,0,0,0,0,0,"N",0,0.0,0,0,0,0,0,0,0,0,0,0,0,0
"06085","5","323","75","0","2023","A","",116,1059,68868475,8415250,264485,1251,65062,"",0.62,0.39,0.18,0.31,0.38,0.46,0.46,"",-1,-0.9,3,0.3,2462747,3.7,-400184,-4.5,-26330,-9.1,41,3.4,2168,3.4
"06085","5","3231","76","0","2023","A","",116,1059,68868475,8415250,264485,1251,65062,"",0.62,0.39,0.18,0.31,0.38,0.46,0.46,"",-1,-0.9,3,0.3,2462747,3.7,-400184,-4.5,-26330,-9.1,41,3.4,2168,3.4
"06085","5","32311","77","0","2023","A","",110,1033,67845067,8232892,261751,1263,65651,"",0.61,0.40,0.19,0.32,0.39,0.46,0.46,"",0,0.0,5,0.5,2764481,4.2,-339369,-4.0,-22867,-8.0,46,3.8,2348,3.7
"06085","5","323111","78","0","2023","A","",74,688,47799375,5525426,185577,1336,69476,"",0.59,0.36,0.16,0.28,0.36,0.46,0.46,"",0,0.0,16,2.4,3512973,7.9,-92715,-1.7,-11824,-6.0,68,5.4,3541,5.4
"06085","5","323113","78","0","2023","A","N",32,0,0,0,0,0,0,"N",0.63,0,0,0,0,0,0,"N",0,0.0,0,0,0,0,0,0,0,0,0,0,0,0
"06085","5","323117","78","0","2023","A","N",4,0,0,0,0,0,0,"N",1.13,0,0,0,0,0,0,"N",0,0.0,0,0,0,0,0,0,0,0,0,0,0,0
"06085","5","32312","77","0","2023","A","",6,25,1023408,182358,2734,785,40800,"",0.69,0.21,0.06,0.14,0.09,0.28,0.28,"",-1,-14.3,-3,-10.7,-301734,-22.8,-60815,-25.0,-3463,-55.9,-133,-14.5,-6953,-14.6
"06085","5","323120","78","0","2023","A","",6,25,1023408,182358,2734,785,40800,"",0.69,0.21,0.06,0.14,0.09,0.28,0.28,"",-1,-14.3,-3,-10.7,-301734,-22.8,-60815,-25.0,-3463,-55.9,-133,-14.5,-6953,-14.6
"06085","5","324","75","0","2023","A","N",3,0,0,0,0,0,0,"N",0.18,0,0,0,0,0,0,"N",1,50.0,0,0,0,0,0,0,0,0,0,0,0,0
"06085","5","3241","76","0","2023","A","N",3,0,0,0,0,0,0,"N",0.18,0,0,0,0,0,0,"N",1,50.0,0,0,0,0,0,0,0,0,0,0,0,0
"06085","5","32411","77","0","2023","A","N",1,0,0,0,0,0,0,"N",0.23,0,0,0,0,0,0,"N",0,0.0,0,0,0,0,0,0,0,0,0,0,0,0
"06085","5","324110","78","0","2023","A","N",1,0,0,0,0,0,0,"N",0.23,0,0,0,0,0,0,"N",0,0.0,0,0,0,0,0,0,0,0,0,0,0,0
"06085","5","32412","77","0","2023","A","N",2,0,0,0,0,0,0,"N",0.23,0,0,0,0,0,0,"N",1,100.0,0,0,0,0,0,0,0,0,0,0,0,0
"06085","5","324121","78","0","2023","A","N",1,0,0,0,0,0,0,"N",0.15,0,0,0,0,0,0,"N",1,100.0,0,0,0,0,0,0,0,0,0,0,0,0
"06085","5","324122","78","0","2023","A","N",1,0,0,0,0,0,0,"N",0.48,0,0,0,0,0,0,"N",0,0.0,0,0,0,0,0,0,0,0,0,0,0,0
"06085","5","325","75","0","2023","A","",95,2033,350992261,19244993,653436,3320,172647,"",0.58,0.31,0.20,0.29,0.41,0.63,0.63,"",7,8.0,-363,-15.2,-38618180,-9.9,-4492118,-18.9,-179517,-21.6,193,6.2,10033,6.2
"06085","5","3251","76","0","2023","A","",13,106,17200901,948903,32938,3116,162018,"",0.50,0.09,0.05,0.09,0.15,0.55,0.55,"N",0,0.0,0,0,0,0,0,0,0,0,0,0,0,0
"06085","5","32512","77","0","2023","A","N",4,0,0,0,0,0,0,"N",0.69,0,0,0,0,0,0,"N",0,0.0,0,0,0,0,0,0,0,0,0,0,0,0
"06085","5","325120","78","0","2023","A","N",4,0,0,0,0,0,0,"N",0.69,0,0,0,0,0,0,"N",0,0.0,0,0,0,0,0,0,0,0,0,0,0,0
"06085","5","32518","77","0","2023","A","N",1,0,0,0,0,0,0,"N",0.15,0,0,0,0,0,0,"N",0,0.0,0,0,0,0,0,0,0,0,0,0,0,0
"06085","5","325180","78","0","2023","A","N",1,0,0,0,0,0,0,"N",0.15,0,0,0,0,0,0,"N",0,0.0,0,0,0,0,0,0,0,0,0,0,0,0
"06085","5","32519","77","0","2023","A","N",8,0,0,0,0,0,0,"N",0.80,0,0,0,0,0,0,"N",1,14.3,0,0,0,0,0,0,0,0,0,0,0,0
"06085","5","325199","78","0","2023","A","N",8,0,0,0,0,0,0,"N",1.04,0,0,0,0,0,0,"N",1,14.3,0,0,0,0,0,0,0,0,0,0,0,0
"06085","5","3252","76","0","2023","A","N",9,0,0,0,0,0,0,"N",0.68,0,0,0,0,0,0,"N",1,12.5,0,0,0,0,0,0,0,0,0,0,0,0
"06085","5","32521","77","0","2023","A","N",7,0,0,0,0,0,0,"N",0.61,0,0,0,0,0,0,"N",1,16.7,0,0,0,0,0,0,0,0,0,0,0,0
"06085","5","325211","78","0","2023","A","N",6,0,0,0,0,0,0,"N",0.59,0,0,0,0,0,0,"N",1,20.0,0,0,0,0,0,0,0,0,0,0,0,0
"06085","5","325212","78","0","2023","A","N",1,0,0,0,0,0,0,"N",0.68,0,0,0,0,0,0,"N",0,0.0,0,0,0,0,0,0,0,0,0,0,0,0
"06085","5","32522","77","0","2023","A","N",2,0,0,0,0,0,0,"N",1.27,0,0,0,0,0,0,"N",0,0.0,0,0,0,0,0,0,0,0,0,0,0,0
"06085","5","325220","78","0","2023","A","N",2,0,0,0,0,0,0,"N",1.27,0,0,0,0,0,0,"N",0,0.0,0,0,0,0,0,0,0,0,0,0,0,0
"06085","5","3253","76","0","2023","A","N",3,0,0,0,0,0,0,"N",0.30,0,0,0,0,0,0,"N",0,0.0,0,0,0,0,0,0,0,0,0,0,0,0
"06085","5","32531","77","0","2023","A","N",2,0,0,0,0,0,0,"N",0.29,0,0,0,0,0,0,"N",0,0.0,0,0,0,0,0,0,0,0,0,0,0,0
"06085","5","325311","78","0","2023","A","N",1,0,0,0,0,0,0,"N",0.44,0,0,0,0,0,0,"N",0,0.0,0,0,0,0,0,0,0,0,0,0,0,0
"06085","5","325314","78","0","2023","A","N",1,0,0,0,0,0,0,"N",0.28,0,0,0,0,0,0,"N",0,0.0,0,0,0,0,0,0,0,0,0,0,0,0
"06085","5","32532","77","0","2023","A","N",1,0,0,0,0,0,0,"N",0.31,0,0,0,0,0,0,"N",0,0.0,0,0,0,0,0,0,0,0,0,0,0,0
"06085","5","325320","78","0","2023","A","N",1,0,0,0,0,0,0,"N",0.31,0,0,0,0,0,0,"N",0,0.0,0,0,0,0,0,0,0,0,0,0,0,0
"06085","5","3254","76","0","2023","A","",44,1444,277574417,14058486,498880,3696,192204,"",0.90,0.57,0.34,0.49,0.72,0.60,0.60,"",7,18.9,-314,-17.9,-35873052,-11.4,-3870658,-21.6,-162178,-24.5,268,7.8,13932,7.8
"06085","5","32541","77","0","2023","A","",44,1444,277574417,14058486,498880,3696,192204,"",0.90,0.57,0.34,0.49,0.72,0.60,0.60,"",7,18.9,-314,-17.9,-35873052,-11.4,-3870658,-21.6,-162178,-24.5,268,7.8,13932,7.8
"06085","5","325412","78","0","2023","A","",21,659,145155315,5611944,153013,4234,220155,"",0.67,0.40,0.26,0.30,0.33,0.66,0.66,"",3,16.7,11,1.7,-10490360,-6.7,-577008,-9.3,-88136,-36.5,-382,-8.3,-19885,-8.3
"06085","5","325413","78","0","2023","A","N",15,0,0,0,0,0,0,"N",4.81,0,0,0,0,0,0,"N",5,50.0,0,0,0,0,0,0,0,0,0,0,0,0
"06085","5","325414","78","0","2023","A","N",8,0,0,0,0,0,0,"N",1.61,0,0,0,0,0,0,"N",-1,-11.1,0,0,0,0,0,0,0,0,0,0,0,0
"06085","5","3255","76","0","2023","A","",9,80,8256986,675719,15659,1997,103861,"",0.54,0.17,0.08,0.15,0.13,0.50,0.50,"",-2,-18.2,-32,-28.6,61662,0.8,-536349,-44.3,-16907,-51.9,585,41.4,30415,41.4
"06085","5","32551","77","0","2023","A","",5,58,3424555,512571,10017,1129,58707,"",0.43,0.19,0.06,0.18,0.13,0.29,0.29,"",-3,-37.5,-41,-41.4,-1970423,-36.5,-608497,-54.3,-19133,-65.6,85,8.1,4441,8.2
"06085","5","325510","78","0","2023","A","",5,58,3424555,512571,10017,1129,58707,"",0.43,0.19,0.06,0.18,0.13,0.29,0.29,"",-3,-37.5,-41,-41.4,-1970423,-36.5,-608497,-54.3,-19133,-65.6,85,8.1,4441,8.2
"06085","5","32552","77","0","2023","A","",4,21,4832431,163148,5642,4390,228304,"",0.82,0.12,0.13,0.10,0.13,1.07,1.07,"",1,33.3,9,75.0,2032085,72.6,72148,79.3,2226,65.2,-36,-0.8,-1861,-0.8
"06085","5","325520","78","0","2023","A","",4,21,4832431,163148,5642,4390,228304,"",0.82,0.12,0.13,0.10,0.13,1.07,1.07,"",1,33.3,9,75.0,2032085,72.6,72148,79.3,2226,65.2,-36,-0.8,-1861,-0.8
"06085","5","3256","76","0","2023","A","",10,107,10367817,904491,35044,1860,96745,"",0.38,0.13,0.06,0.10,0.15,0.48,0.48,"",2,25.0,9,9.2,1643361,18.8,85831,10.5,4421,14.4,155,9.1,8097,9.1
"06085","5","32561","77","0","2023","A","",5,85,8405045,700066,27507,1909,99272,"",0.35,0.20,0.09,0.17,0.26,0.44,0.44,"",0,0.0,3,3.7,531912,6.8,11689,1.7,1538,5.9,61,3.3,3161,3.3
"06085","5","325612","78","0","2023","A","",5,85,8405045,700066,27507,1909,99272,"",0.90,0.47,0.23,0.40,0.61,0.49,0.49,"",0,0.0,3,3.7,531912,6.8,11689,1.7,1538,5.9,61,3.3,3161,3.3
"06085","5","32562","77","0","2023","A","",5,23,1962772,204425,7537,1678,87234,"",0.42,0.05,0.03,0.04,0.06,0.50,0.50,"",2,66.7,6,35.3,1111449,130.6,74142,56.9,2883,61.9,686,69.2,35639,69.1
"06085","5","325620","78","0","2023","A","",5,23,1962772,204425,7537,1678,87234,"",0.42,0.05,0.03,0.04,0.06,0.50,0.50,"",2,66.7,6,35.3,1111449,130.6,74142,56.9,2883,61.9,686,69.2,35639,69.1
"06085","5","3259","76","0","2023","A","",8,175,23755420,1638693,35418,2612,135810,"",0.35,0.30,0.19,0.30,0.24,0.66,0.65,"",0,0.0,-57,-24.6,-12847256,-35.1,-447378,-21.4,-16357,-31.6,-422,-13.9,-21960,-13.9
"06085","5","32591","77","0","2023","A","N",1,0,0,0,0,0,0,"N",0.34,0,0,0,0,0,0,"N",0,0.0,0,0,0,0,0,0,0,0,0,0,0,0
"06085","5","325910","78","0","2023","A","N",1,0,0,0,0,0,0,"N",0.34,0,0,0,0,0,0,"N",0,0.0,0,0,0,0,0,0,0,0,0,0,0,0
"06085","5","32599","77","0","2023","A","N",7,0,0,0,0,0,0,"N",0.36,0,0,0,0,0,0,"N",0,0.0,0,0,0,0,0,0,0,0,0,0,0,0
"06085","5","325992","78","0","2023","A","N",1,0,0,0,0,0,0,"N",0.69,0,0,0,0,0,0,"N",0,0.0,0,0,0,0,0,0,0,0,0,0,0,0
"06085","5","325998","78","0","2023","A","",6,152,21891911,1463693,26241,2777,144422,"",0.41,0.49,0.32,0.49,0.33,0.64,0.64,"",0,0.0,-57,-27.3,-12921151,-37.1,-437231,-23.0,-15453,-37.1,-421,-13.2,-21882,-13.2
"06085","5","326","75","0","2023","A","",14,174,11281498,1379838,58057,1244,64681,"",0.15,0.03,0.01,0.03,0.04,0.40,0.40,"",-4,-22.2,-32,-15.5,-3035983,-21.2,-307675,-18.2,-19501,-25.1,-95,-7.1,-4934,-7.1
"06085","5","3261","76","0","2023","A","N",12,0,0,0,0,0,0,"N",0.15,0,0,0,0,0,0,"N",-3,-20.0,0,0,0,0,0,0,0,0,0,0,0,0
"06085","5","32611","77","0","2023","A","N",2,0,0,0,0,0,0,"N",0.18,0,0,0,0,0,0,"N",0,0.0,0,0,0,0,0,0,0,0,0,0,0,0
"06085","5","326112","78","0","2023","A","N",1,0,0,0,0,0,0,"N",0.26,0,0,0,0,0,0,"N",0,0.0,0,0,0,0,0,0,0,0,0,0,0,0
"06085","5","326113","78","0","2023","A","N",1,0,0,0,0,0,0,"N",0.26,0,0,0,0,0,0,"N",0,0.0,0,0,0,0,0,0,0,0,0,0,0,0
"06085","5","32612","77","0","2023","A","N",1,0,0,0,0,0,0,"N",0.14,0,0,0,0,0,0,"N",0,0.0,0,0,0,0,0,0,0,0,0,0,0,0
"06085","5","326121","78","0","2023","A","N",1,0,0,0,0,0,0,"N",0.31,0,0,0,0,0,0,"N",0,0.0,0,0,0,0,0,0,0,0,0,0,0,0
"06085","5","32613","77","0","2023","A","N",1,0,0,0,0,0,0,"N",0.34,0,0,0,0,0,0,"N",0,0.0,0,0,0,0,0,0,0,0,0,0,0,0
"06085","5","326130","78","0","2023","A","N",1,0,0,0,0,0,0,"N",0.34,0,0,0,0,0,0,"N",0,0.0,0,0,0,0,0,0,0,0,0,0,0,0
"06085","5","32614","77","0","2023","A","N",2,0,0,0,0,0,0,"N",0.52,0,0,0,0,0,0,"N",1,100.0,0,0,0,0,0,0,0,0,0,0,0,0
"06085","5","326140","78","0","2023","A","N",2,0,0,0,0,0,0,"N",0.52,0,0,0,0,0,0,"N",1,100.0,0,0,0,0,0,0,0,0,0,0,0,0
"06085","5","32615","77","0","2023","A","N",1,0,0,0,0,0,0,"N",0.17,0,0,0,0,0,0,"N",0,0.0,0,0,0,0,0,0,0,0,0,0,0,0
"06085","5","326150","78","0","2023","A","N",1,0,0,0,0,0,0,"N",0.17,0,0,0,0,0,0,"N",0,0.0,0,0,0,0,0,0,0,0,0,0,0,0
"06085","5","32619","77","0","2023","A","",5,32,2912170,276487,8240,1759,91482,"",0.11,0.01,0.01,0.01,0.01,0.59,0.59,"",-4,-44.4,-29,-47.5,-2987844,-50.6,-257129,-48.2,-11531,-58.3,-101,-5.4,-5240,-5.4
"06085","5","326199","78","0","2023","A","",5,32,2912170,276487,8240,1759,91482,"",0.12,0.01,0.01,0.01,0.01,0.59,0.59,"",-4,-44.4,-29,-47.5,-2987844,-50.6,-257129,-48.2,-11531,-58.3,-101,-5.4,-5240,-5.4
"06085","5","3262","76","0","2023","A","N",2,0,0,0,0,0,0,"N",0.14,0,0,0,0,0,0,"N",-1,-33.3,0,0,0,0,0,0,0,0,0,0,0,0
"06085","5","32621","77","0","2023","A","N",1,0,0,0,0,0,0,"N",0.31,0,0,0,0,0,0,"N",0,0.0,0,0,0,0,0,0,0,0,0,0,0,0
"06085","5","326212","78","0","2023","A","N",1,0,0,0,0,0,0,"N",0.49,0,0,0,0,0,0,"N",0,0.0,0,0,0,0,0,0,0,0,0,0,0,0
"06085","5","32629","77","0","2023","A","N",1,0,0,0,0,0,0,"N",0.13,0,0,0,0,0,0,"N",-1,-50.0,0,0,0,0,0,0,0,0,0,0,0,0
"06085","5","326291","78","0","2023","A","N",1,0,0,0,0,0,0,"N",0.31,0,0,0,0,0,0,"N",0,0.0,0,0,0,0,0,0,0,0,0,0,0,0
"06085","5","327","75","0","2023","A","",45,1002,113813858,8618115,256896,2185,113643,"",0.38,0.33,0.21,0.27,0.22,0.65,0.65,"",-4,-8.2,-181,-15.3,-25034093,-18.0,-2567158,-23.0,-159881,-38.4,-71,-3.1,-3685,-3.1
"06085","5","3271","76","0","2023","A","N",3,0,0,0,0,0,0,"N",0.30,0,0,0,0,0,0,"N",-1,-25.0,0,0,0,0,0,0,0,0,0,0,0,0
"06085","5","32711","77","0","2023","A","N",3,0,0,0,0,0,0,"N",0.56,0,0,0,0,0,0,"N",-1,-25.0,0,0,0,0,0,0,0,0,0,0,0,0
"06085","5","327110","78","0","2023","A","N",3,0,0,0,0,0,0,"N",0.56,0,0,0,0,0,0,"N",-1,-25.0,0,0,0,0,0,0,0,0,0,0,0,0
"06085","5","3272","76","0","2023","A","N",12,0,0,0,0,0,0,"N",0.89,0,0,0,0,0,0,"N",1,9.1,0,0,0,0,0,0,0,0,0,0,0,0
"06085","5","32721","77","0","2023","A","N",12,0,0,0,0,0,0,"N",0.89,0,0,0,0,0,0,"N",1,9.1,0,0,0,0,0,0,0,0,0,0,0,0
"06085","5","327212","78","0","2023","A","N",4,0,0,0,0,0,0,"N",1.36,0,0,0,0,0,0,"N",0,0.0,0,0,0,0,0,0,0,0,0,0,0,0
"06085","5","327215","78","0","2023","A","",8,164,26395226,1515228,49357,3087,160539,"",0.96,0.50,0.51,0.42,0.52,1.01,1.01,"",1,14.3,-67,-29.0,-12997379,-33.0,-741007,-32.8,-43463,-46.8,-192,-5.9,-9992,-5.9
"06085","5","3273","76","0","2023","A","",15,445,53299469,3838423,109027,2301,119662,"",0.24,0.30,0.20,0.24,0.15,0.67,0.67,"",-3,-16.7,-37,-7.7,-2933941,-5.2,-893306,-18.9,-47995,-30.6,55,2.4,2874,2.5
"06085","5","32731","77","0","2023","A","N",2,0,0,0,0,0,0,"N",0.71,0,0,0,0,0,0,"N",0,0.0,0,0,0,0,0,0,0,0,0,0,0,0
"06085","5","327310","78","0","2023","A","N",2,0,0,0,0,0,0,"N",0.71,0,0,0,0,0,0,"N",0,0.0,0,0,0,0,0,0,0,0,0,0,0,0
"06085","5","32732","77","0","2023","A","",10,371,44201564,3080587,89267,2292,119195,"",0.26,0.49,0.32,0.36,0.19,0.65,0.65,"",0,0.0,0,0.0,1169162,2.7,-14514,-0.5,-11026,-11.0,60,2.7,3126,2.7
"06085","5","327320","78","0","2023","A","",10,371,44201564,3080587,89267,2292,119195,"",0.26,0.49,0.32,0.36,0.19,0.65,0.65,"",0,0.0,0,0.0,1169162,2.7,-14514,-0.5,-11026,-11.0,60,2.7,3126,2.7
"06085","5","32733","77","0","2023","A","N",1,0,0,0,0,0,0,"N",0.14,0,0,0,0,0,0,"N",-3,-75.0,0,0,0,0,0,0,0,0,0,0,0,0
"06085","5","327331","78","0","2023","A","N",1,0,0,0,0,0,0,"N",0.18,0,0,0,0,0,0,"N",-2,-66.7,0,0,0,0,0,0,0,0,0,0,0,0
"06085","5","32739","77","0","2023","A","N",2,0,0,0,0,0,0,"N",0.14,0,0,0,0,0,0,"N",0,0.0,0,0,0,0,0,0,0,0,0,0,0,0
"06085","5","327390","78","0","2023","A","N",2,0,0,0,0,0,0,"N",0.14,0,0,0,0,0,0,"N",0,0.0,0,0,0,0,0,0,0,0,0,0,0,0
"06085","5","3279","76","0","2023","A","",16,329,31615464,2795769,83383,1846,95974,"",0.55,0.56,0.32,0.46,0.50,0.57,0.57,"",0,0.0,-97,-22.8,-9949465,-23.9,-1051587,-27.3,-72289,-46.4,-29,-1.5,-1539,-1.6
"06085","5","32791","77","0","2023","A","N",2,0,0,0,0,0,0,"N",0.74,0,0,0,0,0,0,"N",0,0.0,0,0,0,0,0,0,0,0,0,0,0,0
"06085","5","327910","78","0","2023","A","N",2,0,0,0,0,0,0,"N",0.74,0,0,0,0,0,0,"N",0,0.0,0,0,0,0,0,0,0,0,0,0,0,0
"06085","5","32799","77","0","2023","A","N",14,0,0,0,0,0,0,"N",0.53,0,0,0,0,0,0,"N",0,0.0,0,0,0,0,0,0,0,0,0,0,0,0
"06085","5","327991","78","0","2023","A","",7,133,9154129,1386881,30451,1329,69088,"",0.36,0.51,0.26,0.48,0.43,0.50,0.50,"",0,0.0,-7,-5.0,-571897,-5.9,-24093,-1.7,-793,-2.5,-6,-0.4,-342,-0.5
"06085","5","327993","78","0","2023","A","N",1,0,0,0,0,0,0,"N",0.51,0,0,0,0,0,0,"N",0,0.0,0,0,0,0,0,0,0,0,0,0,0,0
"06085","5","327999","78","0","2023","A","",6,84,7480411,734886,25407,1723,89586,"",1.60,0.97,0.48,0.72,0.90,0.50,0.50,"",0,0.0,-4,-4.5,-457851,-5.8,-45046,-5.8,-9017,-26.2,-12,-0.7,-622,-0.7
"06085","5","331","75","0","2023","A","",8,57,4040911,573554,15384,1353,70379,"",0.20,0.02,0.01,0.02,0.02,0.34,0.34,"",0,0.0,13,29.5,585375,16.9,142720,33.1,2855,22.8,-154,-10.2,-8007,-10.2
"06085","5","3311","76","0","2023","A","N",1,0,0,0,0,0,0,"N",0.15,0,0,0,0,0,0,"N",-1,-50.0,0,0,0,0,0,0,0,0,0,0,0,0
"06085","5","33111","77","0","2023","A","N",1,0,0,0,0,0,0,"N",0.15,0,0,0,0,0,0,"N",-1,-50.0,0,0,0,0,0,0,0,0,0,0,0,0
"06085","5","331110","78","0","2023","A","N",1,0,0,0,0,0,0,"N",0.15,0,0,0,0,0,0,"N",-1,-50.0,0,0,0,0,0,0,0,0,0,0,0,0
"06085","5","3312","76","0","2023","A","N",3,0,0,0,0,0,0,"N",0.33,0,0,0,0,0,0,"N",1,50.0,0,0,0,0,0,0,0,0,0,0,0,0
"06085","5","33122","77","0","2023","A","N",3,0,0,0,0,0,0,"N",0.59,0,0,0,0,0,0,"N",1,50.0,0,0,0,0,0,0,0,0,0,0,0,0
"06085","5","331221","78","0","2023","A","N",2,0,0,0,0,0,0,"N",0.60,0,0,0,0,0,0,"N",0,0.0,0,0,0,0,0,0,0,0,0,0,0,0
"06085","5","331222","78","0","2023","A","N",1,0,0,0,0,0,0,"N",0.58,0,0,0,0,0,0,"N",1,100.0,0,0,0,0,0,0,0,0,0,0,0,0
"06085","5","3314","76","0","2023","A","",4,48,3260570,482554,13375,1318,68523,"",0.55,0.11,0.04,0.11,0.10,0.34,0.34,"N",2,100.0,0,0,0,0,0,0,0,0,0,0,0,0
"06085","5","33141","77","0","2023","A","N",1,0,0,0,0,0,0,"N",0.91,0,0,0,0,0,0,"N",1,100.0,0,0,0,0,0,0,0,0,0,0,0,0
"06085","5","331410","78","0","2023","A","N",1,0,0,0,0,0,0,"N",0.91,0,0,0,0,0,0,"N",1,100.0,0,0,0,0,0,0,0,0,0,0,0,0
"06085","5","33149","77","0","2023","A","N",3,0,0,0,0,0,0,"N",0.77,0,0,0,0,0,0,"N",1,50.0,0,0,0,0,0,0,0,0,0,0,0,0
"06085","5","331491","78","0","2023","A","N",2,0,0,0,0,0,0,"N",0.94,0,0,0,0,0,0,"N",1,100.0,0,0,0,0,0,0,0,0,0,0,0,0
"06085","5","331492","78","0","2023","A","N",1,0,0,0,0,0,0,"N",0.56,0,0,0,0,0,0,"N",0,0.0,0,0,0,0,0,0,0,0,0,0,0,0
"06085","5","3315","76","0","2023","A","N",1,0,0,0,0,0,0,"N",0.09,0,0,0,0,0,0,"N",-1,-50.0,0,0,0,0,0,0,0,0,0,0,0,0
"06085","5","33151","77","0","2023","A","N",1,0,0,0,0,0,0,"N",0.20,0,0,0,0,0,0,"N",-1,-50.0,0,0,0,0,0,0,0,0,0,0,0,0
"06085","5","331511","78","0","2023","A","N",1,0,0,0,0,0,0,"N",0.41,0,0,0,0,0,0,"N",0,0.0,0,0,0,0,0,0,0,0,0,0,0,0
"06085","5","33152","77","0","2023","A","N",0,0,0,0,0,0,0,"N",0.00,0,0,0,0,0,0,"N",0,0,0,0,0,0,0,0,0,0,0,0,0,0
"06085","5","331524","78","0","2023","A","N",0,0,0,0,0,0,0,"N",0.00,0,0,0,0,0,0,"N",0,0,0,0,0,0,0,0,0,0,0,0,0,0
"06085","5","332","75","0","2023","A","",559,9842,719826868,85650499,2907360,1407,73139,"",1.38,0.93,0.40,0.82,0.97,0.43,0.43,"",9,1.6,-1001,-9.2,-85810496,-10.7,-11725545,-12.0,-823407,-22.1,-22,-1.5,-1161,-1.6
"06085","5","3321","76","0","2023","A","N",4,0,0,0,0,0,0,"N",0.27,0,0,0,0,0,0,"N",0,0.0,0,0,0,0,0,0,0,0,0,0,0,0
"06085","5","33211","77","0","2023","A","N",4,0,0,0,0,0,0,"N",0.27,0,0,0,0,0,0,"N",0,0.0,0,0,0,0,0,0,0,0,0,0,0,0
"06085","5","332114","78","0","2023","A","N",1,0,0,0,0,0,0,"N",0.69,0,0,0,0,0,0,"N",0,0.0,0,0,0,0,0,0,0,0,0,0,0,0
"06085","5","332119","78","0","2023","A","N",3,0,0,0,0,0,0,"N",0.36,0,0,0,0,0,0,"N",0,0.0,0,0,0,0,0,0,0,0,0,0,0,0
"06085","5","3322","76","0","2023","A","",14,105,7474505,953174,35048,1376,71526,"",1.47,0.40,0.17,0.33,0.47,0.41,0.41,"",0,0.0,-9,-7.9,-873086,-10.5,-109267,-10.3,-10250,-22.6,-28,-2.0,-1485,-2.0
"06085","5","33221","77","0","2023","A","",14,105,7474505,953174,35048,1376,71526,"",1.47,0.40,0.17,0.33,0.47,0.41,0.41,"",0,0.0,-9,-7.9,-873086,-10.5,-109267,-10.3,-10250,-22.6,-28,-2.0,-1485,-2.0
"06085","5","332215","78","0","2023","A","",4,27,3120117,221780,6138,2202,114500,"",1.62,0.38,0.22,0.25,0.25,0.56,0.56,"",0,0.0,0,0.0,-3539,-0.1,15558,7.5,-978,-13.7,-44,-2.0,-2272,-1.9
"06085","5","332216","78","0","2023","A","",10,77,4354388,731394,28910,1084,56367,"",1.42,0.41,0.14,0.36,0.58,0.35,0.35,"",0,0.0,-11,-12.5,-869547,-16.6,-124825,-14.6,-9272,-24.3,-63,-5.5,-3278,-5.5
"06085","5","3323","76","0","2023","A","",83,2897,208588450,26317771,925614,1385,72014,"",0.75,0.97,0.42,0.86,1.05,0.43,0.43,"",-1,-1.2,-371,-11.4,-23692969,-10.2,-3849920,-12.8,-321802,-25.8,18,1.3,944,1.3
"06085","5","33231","77","0","2023","A","",13,198,18715870,1999614,73313,1814,94326,"",0.27,0.15,0.08,0.15,0.19,0.53,0.53,"",0,0.0,15,8.2,2844599,17.9,-83161,-4.0,-13102,-15.2,145,8.7,7558,8.7
"06085","5","332311","78","0","2023","A","N",2,0,0,0,0,0,0,"N",0.21,0,0,0,0,0,0,"N",0,0.0,0,0,0,0,0,0,0,0,0,0,0,0
"06085","5","332312","78","0","2023","A","N",8,0,0,0,0,0,0,"N",0.31,0,0,0,0,0,0,"N",-1,-11.1,0,0,0,0,0,0,0,0,0,0,0,0
"06085","5","332313","78","0","2023","A","N",3,0,0,0,0,0,0,"N",0.23,0,0,0,0,0,0,"N",1,50.0,0,0,0,0,0,0,0,0,0,0,0,0
"06085","5","33232","77","0","2023","A","",70,2698,189872580,24318157,852301,1353,70373,"",1.13,1.63,0.73,1.43,1.71,0.45,0.45,"",-1,-1.4,-387,-12.5,-26537568,-12.3,-3766759,-13.4,-308700,-26.6,4,0.3,233,0.3
"06085","5","332321","78","0","2023","A","",9,112,8231274,1135040,32866,1413,73494,"",0.90,0.23,0.11,0.26,0.27,0.48,0.48,"",0,0.0,-23,-17.0,-999663,-10.8,-235867,-17.2,-11147,-25.3,100,7.6,5201,7.6
"06085","5","332322","78","0","2023","A","",49,2417,165824711,21535294,738992,1320,68615,"",1.62,2.88,1.25,2.40,2.76,0.43,0.43,"",-2,-3.9,-338,-12.3,-22528581,-12.0,-3217161,-13.0,-281332,-27.6,5,0.4,249,0.4
"06085","5","332323","78","0","2023","A","",12,169,15816595,1647823,80443,1796,93405,"",0.55,0.53,0.31,0.46,0.75,0.58,0.58,"",0,0.0,-26,-13.3,-3009324,-16.0,-313731,-16.0,-16221,-16.8,-59,-3.2,-3056,-3.2
"06085","5","3324","76","0","2023","A","N",1,0,0,0,0,0,0,"N",0.07,0,0,0,0,0,0,"N",0,0.0,0,0,0,0,0,0,0,0,0,0,0,0
"06085","5","33243","77","0","2023","A","N",1,0,0,0,0,0,0,"N",0.21,0,0,0,0,0,0,"N",1,100.0,0,0,0,0,0,0,0,0,0,0,0,0
"06085","5","332439","78","0","2023","A","N",1,0,0,0,0,0,0,"N",0.32,0,0,0,0,0,0,"N",1,100.0,0,0,0,0,0,0,0,0,0,0,0,0
"06085","5","3325","76","0","2023","A","",4,17,1988266,189035,5343,2238,116386,"",0.70,0.10,0.06,0.11,0.13,0.65,0.65,"",0,0.0,11,183.3,1072214,117.0,119035,170.0,3964,287.5,-619,-21.7,-32163,-21.7
"06085","5","33251","77","0","2023","A","",4,17,1988266,189035,5343,2238,116386,"",0.70,0.10,0.06,0.11,0.13,0.65,0.65,"",0,0.0,11,183.3,1072214,117.0,119035,170.0,3964,287.5,-619,-21.7,-32163,-21.7
"06085","5","332510","78","0","2023","A","",4,17,1988266,189035,5343,2238,116386,"",0.70,0.10,0.06,0.11,0.13,0.65,0.65,"",0,0.0,11,183.3,1072214,117.0,119035,170.0,3964,287.5,-619,-21.7,-32163,-21.7
"06085","5","3326","76","0","2023","A","",9,125,9777194,1121951,40855,1505,78270,"",1.05,0.43,0.21,0.39,0.50,0.49,0.49,"",0,0.0,-6,-4.6,-169471,-1.7,-53723,-4.6,279,0.7,42,2.9,2196,2.9
"06085","5","33261","77","0","2023","A","",9,125,9777194,1121951,40855,1505,78270,"",1.05,0.43,0.21,0.39,0.50,0.49,0.49,"",0,0.0,-6,-4.6,-169471,-1.7,-53723,-4.6,279,0.7,42,2.9,2196,2.9
"06085","5","332613","78","0","2023","A","",3,47,3670096,396677,18496,1499,77949,"",1.12,0.41,0.20,0.40,0.61,0.48,0.48,"",0,0.0,2,4.4,-382535,-9.4,16247,4.3,-873,-4.5,-239,-13.8,-12444,-13.8
"06085","5","332618","78","0","2023","A","",6,78,6107098,725274,22359,1509,78464,"",1.01,0.44,0.22,0.38,0.44,0.50,0.50,"",0,0.0,-8,-9.3,213064,3.6,-69970,-8.8,1152,5.4,190,14.4,9862,14.4
"06085","5","3327","76","0","2023","A","",355,4706,353262351,39573723,1426316,1444,75074,"",2.48,1.90,0.88,1.62,2.07,0.47,0.47,"",6,1.7,-447,-8.7,-39530721,-10.1,-6160847,-13.5,-415762,-22.6,-22,-1.5,-1158,-1.5
"06085","5","33271","77","0","2023","A","",340,4497,338941893,38021992,1374741,1449,75368,"",2.66,2.33,1.11,1.95,2.58,0.47,0.47,"",4,1.2,-412,-8.4,-35583147,-9.5,-5592941,-12.8,-394904,-22.3,-18,-1.2,-919,-1.2
"06085","5","332710","78","0","2023","A","",340,4497,338941893,38021992,1374741,1449,75368,"",2.66,2.33,1.11,1.95,2.58,0.47,0.47,"",4,1.2,-412,-8.4,-35583147,-9.5,-5592941,-12.8,-394904,-22.3,-18,-1.2,-919,-1.2
"06085","5","33272","77","0","2023","A","",16,208,14320458,1551731,51575,1322,68738,"",1.06,0.38,0.15,0.32,0.33,0.41,0.41,"",2,14.3,-35,-14.4,-3947574,-21.6,-567906,-26.8,-20858,-28.8,-123,-8.5,-6388,-8.5
"06085","5","332721","78","0","2023","A","",13,98,7090743,899117,30890,1391,72355,"",1.31,0.34,0.16,0.32,0.38,0.46,0.46,"",2,18.2,0,0.0,-128507,-1.8,133732,17.5,915,3.1,-22,-1.6,-1123,-1.5
"06085","5","332722","78","0","2023","A","",3,110,7229715,652614,20685,1260,65526,"",0.58,0.42,0.15,0.31,0.28,0.36,0.36,"",0,0.0,-35,-24.1,-3819067,-34.6,-701638,-51.8,-21773,-51.3,-206,-14.1,-10716,-14.1
"06085","5","3328","76","0","2023","A","",64,1363,89256056,11468316,309865,1259,65485,"",1.53,1.42,0.62,1.28,1.17,0.44,0.44,"",4,6.7,-46,-3.3,-5484853,-5.8,-1054276,-8.4,-48365,-13.5,-34,-2.6,-1759,-2.6
"06085","5","33281","77","0","2023","A","",64,1363,89256056,11468316,309865,1259,65485,"",1.53,1.42,0.62,1.28,1.17,0.44,0.44,"",4,6.7,-46,-3.3,-5484853,-5.8,-1054276,-8.4,-48365,-13.5,-34,-2.6,-1759,-2.6
"06085","5","332811","78","0","2023","A","",4,41,3266527,330245,13344,1551,80655,"",0.87,0.31,0.14,0.29,0.33,0.45,0.45,"",1,33.3,-2,-4.7,-2388565,-42.2,-29179,-8.1,-4431,-24.9,-968,-38.4,-50351,-38.4
"06085","5","332812","78","0","2023","A","",26,475,30145616,3985325,128516,1222,63520,"",1.24,1.09,0.47,0.94,1.07,0.43,0.43,"",0,0.0,-2,-0.4,304637,1.0,4994,0.1,4242,3.4,20,1.7,1015,1.6
"06085","5","332813","78","0","2023","A","",34,848,55843913,7152746,168005,1267,65860,"",2.08,2.16,0.99,1.99,1.61,0.46,0.46,"",4,13.3,-40,-4.5,-3400925,-5.7,-1030091,-12.6,-48176,-22.3,-16,-1.2,-832,-1.2
"06085","5","3329","76","0","2023","A","",25,254,24936642,2955615,100308,1887,98144,"",0.43,0.12,0.07,0.15,0.19,0.53,0.53,"",0,0.0,-49,-16.2,-11484359,-31.5,168860,6.1,-286,-0.3,-426,-18.4,-22123,-18.4
"06085","5","33291","77","0","2023","A","",5,29,2855535,224653,4071,1916,99612,"",0.39,0.04,0.02,0.04,0.03,0.50,0.50,"",-1,-16.7,-9,-23.7,-444317,-13.5,-115772,-34.0,-3056,-42.9,264,16.0,13716,16.0
"06085","5","332912","78","0","2023","A","N",2,0,0,0,0,0,0,"N",0.51,0,0,0,0,0,0,"N",0,0.0,0,0,0,0,0,0,0,0,0,0,0,0
"06085","5","332913","78","0","2023","A","N",1,0,0,0,0,0,0,"N",0.57,0,0,0,0,0,0,"N",0,0.0,0,0,0,0,0,0,0,0,0,0,0,0
"06085","5","332919","78","0","2023","A","N",2,0,0,0,0,0,0,"N",0.89,0,0,0,0,0,0,"N",0,0.0,0,0,0,0,0,0,0,0,0,0,0,0
"06085","5","33299","77","0","2023","A","",20,225,22081107,2730962,96237,1884,97957,"",0.44,0.16,0.09,0.20,0.26,0.54,0.54,"",1,5.3,-39,-14.8,-11040042,-33.3,284632,11.6,2770,3.0,-525,-21.8,-27304,-21.8
"06085","5","332991","78","0","2023","A","N",1,0,0,0,0,0,0,"N",0.59,0,0,0,0,0,0,"N",0,0.0,0,0,0,0,0,0,0,0,0,0,0,0
"06085","5","332992","78","0","2023","A","N",0,0,0,0,0,0,0,"N",0.00,0,0,0,0,0,0,"N",0,0,0,0,0,0,0,0,0,0,0,0,0,0
"06085","5","332994","78","0","2023","A","N",2,0,0,0,0,0,0,"N",0.36,0,0,0,0,0,0,"N",0,0.0,0,0,0,0,0,0,0,0,0,0,0,0
"06085","5","332996","78","0","2023","A","N",1,0,0,0,0,0,0,"N",0.16,0,0,0,0,0,0,"N",0,0.0,0,0,0,0,0,0,0,0,0,0,0,0
"06085","5","332999","78","0","2023","A","",15,215,21203965,2645932,93802,1893,98432,"",0.50,0.35,0.21,0.43,0.58,0.60,0.60,"",0,0.0,-36,-14.3,-11028898,-34.2,315664,13.5,4428,5.0,-580,-23.5,-30157,-23.5
"06085","5","333","75","0","2023","A","",187,10536,2262977717,86388319,2621159,4131,214790,"",0.83,1.28,1.36,1.00,1.06,1.06,1.06,"",1,0.5,296,2.9,-47205562,-2.0,-2400494,-2.7,-495533,-15.9,-208,-4.8,-10818,-4.8
"06085","5","3331","76","0","2023","A","N",5,0,0,0,0,0,0,"N",0.16,0,0,0,0,0,0,"N",0,0.0,0,0,0,0,0,0,0,0,0,0,0,0
"06085","5","33311","77","0","2023","A","N",1,0,0,0,0,0,0,"N",0.08,0,0,0,0,0,0,"N",0,0.0,0,0,0,0,0,0,0,0,0,0,0,0
"06085","5","333111","78","0","2023","A","N",1,0,0,0,0,0,0,"N",0.09,0,0,0,0,0,0,"N",0,0.0,0,0,0,0,0,0,0,0,0,0,0,0
"06085","5","33312","77","0","2023","A","N",3,0,0,0,0,0,0,"N",0.40,0,0,0,0,0,0,"N",0,0.0,0,0,0,0,0,0,0,0,0,0,0,0
"06085","5","333120","78","0","2023","A","N",3,0,0,0,0,0,0,"N",0.40,0,0,0,0,0,0,"N",0,0.0,0,0,0,0,0,0,0,0,0,0,0,0
"06085","5","33313","77","0","2023","A","N",1,0,0,0,0,0,0,"N",0.09,0,0,0,0,0,0,"N",0,0.0,0,0,0,0,0,0,0,0,0,0,0,0
"06085","5","333131","78","0","2023","A","N",1,0,0,0,0,0,0,"N",0.43,0,0,0,0,0,0,"N",0,0.0,0,0,0,0,0,0,0,0,0,0,0,0
"06085","5","3332","76","0","2023","A","",72,8525,1969189876,68202030,1968535,4442,230995,"",2.03,8.73,8.12,6.39,6.54,0.93,0.93,"",3,4.3,260,3.1,-17599251,-0.9,-1838107,-2.6,-437509,-18.2,-181,-3.9,-9403,-3.9
"06085","5","33324","77","0","2023","A","",72,8525,1969189876,68202030,1968535,4442,230995,"",2.03,8.73,8.12,6.39,6.54,0.93,0.93,"",3,4.3,260,3.1,-17599251,-0.9,-1838107,-2.6,-437509,-18.2,-181,-3.9,-9403,-3.9
"06085","5","333241","78","0","2023","A","N",4,0,0,0,0,0,0,"N",0.66,0,0,0,0,0,0,"N",0,0.0,0,0,0,0,0,0,0,0,0,0,0,0
"06085","5","333242","78","0","2023","A","",50,7980,1933110415,62475808,1805258,4658,242237,"",19.52,36.72,20.98,26.55,23.71,0.57,0.57,"",0,0.0,130,1.7,-24293466,-1.2,-3260273,-5.0,-460940,-20.3,-137,-2.9,-7116,-2.9
"06085","5","333243","78","0","2023","A","N",1,0,0,0,0,0,0,"N",0.27,0,0,0,0,0,0,"N",0,0.0,0,0,0,0,0,0,0,0,0,0,0,0
"06085","5","333248","78","0","2023","A","",17,500,33749511,5383222,157746,1298,67477,"",0.74,0.98,0.33,1.02,1.02,0.33,0.33,"",3,21.4,128,34.4,6518233,23.9,1448858,36.8,25258,19.1,-110,-7.8,-5758,-7.9
"06085","5","3333","76","0","2023","A","",36,1037,197622741,9225685,390206,3665,190572,"",1.71,1.59,1.41,1.33,2.14,0.89,0.89,"",1,2.9,29,2.9,-33987963,-14.7,-447278,-4.6,-41075,-9.5,-754,-17.1,-39239,-17.1
"06085","5","33331","77","0","2023","A","",36,1037,197622741,9225685,390206,3665,190572,"",1.71,1.59,1.41,1.33,2.14,0.89,0.89,"",1,2.9,29,2.9,-33987963,-14.7,-447278,-4.6,-41075,-9.5,-754,-17.1,-39239,-17.1
"06085","5","333310","78","0","2023","A","",36,1037,197622741,9225685,390206,3665,190572,"",1.71,1.59,1.41,1.33,2.14,0.89,0.89,"",1,2.9,29,2.9,-33987963,-14.7,-447278,-4.6,-41075,-9.5,-754,-17.1,-39239,-17.1
"06085","5","3334","76","0","2023","A","",7,61,7855703,624857,19567,2490,129490,"",0.37,0.06,0.04,0.06,0.07,0.78,0.78,"",0,0.0,28,84.8,3921180,99.7,301330,93.1,11340,137.8,168,7.2,8737,7.2
"06085","5","33341","77","0","2023","A","",7,61,7855703,624857,19567,2490,129490,"",0.37,0.06,0.04,0.06,0.07,0.78,0.78,"",0,0.0,28,84.8,3921180,99.7,301330,93.1,11340,137.8,168,7.2,8737,7.2
"06085","5","333413","78","0","2023","A","N",2,0,0,0,0,0,0,"N",0.35,0,0,0,0,0,0,"N",0,0.0,0,0,0,0,0,0,0,0,0,0,0,0
"06085","5","333414","78","0","2023","A","N",2,0,0,0,0,0,0,"N",0.58,0,0,0,0,0,0,"N",-1,-33.3,0,0,0,0,0,0,0,0,0,0,0,0
"06085","5","333415","78","0","2023","A","N",3,0,0,0,0,0,0,"N",0.31,0,0,0,0,0,0,"N",1,50.0,0,0,0,0,0,0,0,0,0,0,0,0
"06085","5","3335","76","0","2023","A","",32,335,27418525,3015019,95827,1576,81969,"",0.62,0.28,0.13,0.27,0.30,0.47,0.47,"",-3,-8.6,-49,-12.8,-3803043,-12.2,-548274,-15.4,-32987,-25.6,14,0.9,733,0.9
"06085","5","33351","77","0","2023","A","",32,335,27418525,3015019,95827,1576,81969,"",0.62,0.28,0.13,0.27,0.30,0.47,0.47,"",-3,-8.6,-49,-12.8,-3803043,-12.2,-548274,-15.4,-32987,-25.6,14,0.9,733,0.9
"06085","5","333511","78","0","2023","A","N",3,0,0,0,0,0,0,"N",0.30,0,0,0,0,0,0,"N",2,200.0,0,0,0,0,0,0,0,0,0,0,0,0
"06085","5","333514","78","0","2023","A","",8,67,5101740,563641,27549,1468,76335,"",0.45,0.17,0.08,0.16,0.27,0.44,0.44,"",-1,-11.1,-7,-9.5,-238878,-4.5,-84123,-13.0,-6180,-18.3,86,6.2,4488,6.2
"06085","5","333515","78","0","2023","A","",5,52,5684079,410999,14171,2099,109134,"",0.67,0.34,0.21,0.27,0.34,0.63,0.63,"",-2,-28.6,-28,-35.0,-3105887,-35.3,-225239,-35.4,-10676,-43.0,-21,-1.0,-1085,-1.0
"06085","5","333517","78","0","2023","A","",15,173,14303762,1614420,40672,1594,82880,"",1.07,0.56,0.26,0.56,0.51,0.46,0.46,"",-1,-6.2,-28,-13.9,-935219,-6.1,-388571,-19.4,-20435,-33.4,134,9.2,6938,9.1
"06085","5","333519","78","0","2023","A","N",1,0,0,0,0,0,0,"N",0.37,0,0,0,0,0,0,"N",0,0.0,0,0,0,0,0,0,0,0,0,0,0,0
"06085","5","3336","76","0","2023","A","N",2,0,0,0,0,0,0,"N",0.21,0,0,0,0,0,0,"N",1,100.0,0,0,0,0,0,0,0,0,0,0,0,0
"06085","5","33361","77","0","2023","A","N",2,0,0,0,0,0,0,"N",0.21,0,0,0,0,0,0,"N",1,100.0,0,0,0,0,0,0,0,0,0,0,0,0
"06085","5","333611","78","0","2023","A","N",1,0,0,0,0,0,0,"N",0.36,0,0,0,0,0,0,"N",0,0.0,0,0,0,0,0,0,0,0,0,0,0,0
"06085","5","333612","78","0","2023","A","N",1,0,0,0,0,0,0,"N",0.52,0,0,0,0,0,0,"N",1,100.0,0,0,0,0,0,0,0,0,0,0,0,0
"06085","5","3339","76","0","2023","A","",33,560,58865012,5121834,139398,2021,105069,"",0.57,0.27,0.14,0.23,0.24,0.53,0.53,"",-2,-5.7,27,5.1,3935715,7.2,130669,2.6,3403,2.5,39,2.0,1980,1.9
"06085","5","33391","77","0","2023","A","",3,23,2596877,203001,7643,2148,111694,"",0.33,0.07,0.04,0.06,0.08,0.52,0.52,"",-1,-25.0,-16,-41.0,-1715762,-39.8,-145867,-41.8,-6031,-44.1,17,0.8,877,0.8
"06085","5","333912","78","0","2023","A","N",1,0,0,0,0,0,0,"N",0.33,0,0,0,0,0,0,"N",-1,-50.0,0,0,0,0,0,0,0,0,0,0,0,0
"06085","5","333914","78","0","2023","A","N",2,0,0,0,0,0,0,"N",0.34,0,0,0,0,0,0,"N",0,0.0,0,0,0,0,0,0,0,0,0,0,0,0
"06085","5","33392","77","0","2023","A","",6,42,3776565,358079,18321,1729,89918,"",0.40,0.06,0.03,0.05,0.09,0.48,0.48,"",0,0.0,8,23.5,693532,22.5,25453,7.7,10850,145.2,-32,-1.8,-1657,-1.8
"06085","5","333922","78","0","2023","A","N",2,0,0,0,0,0,0,"N",0.28,0,0,0,0,0,0,"N",0,0.0,0,0,0,0,0,0,0,0,0,0,0,0
"06085","5","333923","78","0","2023","A","N",1,0,0,0,0,0,0,"N",0.32,0,0,0,0,0,0,"N",0,0.0,0,0,0,0,0,0,0,0,0,0,0,0
"06085","5","333924","78","0","2023","A","",3,6,243240,49000,833,814,42303,"",0.99,0.03,0.01,0.02,0.02,0.24,0.24,"",0,0.0,0,0.0,-85387,-26.0,5841,13.5,60,7.8,-239,-22.7,-12468,-22.8
"06085","5","33399","77","0","2023","A","",24,495,52491570,4560754,113434,2039,106044,"",0.72,0.47,0.25,0.42,0.40,0.53,0.53,"",-1,-4.0,35,7.6,4957945,10.4,251083,5.8,-1416,-1.2,53,2.7,2766,2.7
"06085","5","333991","78","0","2023","A","N",1,0,0,0,0,0,0,"N",0.61,0,0,0,0,0,0,"N",0,0.0,0,0,0,0,0,0,0,0,0,0,0,0
"06085","5","333992","78","0","2023","A","",4,29,1897167,248777,6839,1265,65798,"",0.78,0.26,0.08,0.27,0.26,0.32,0.31,"",0,0.0,0,0.0,-123417,-6.1,-1695,-0.7,-2294,-25.1,-98,-7.2,-5100,-7.2
"06085","5","333993","78","0","2023","A","N",2,0,0,0,0,0,0,"N",0.33,0,0,0,0,0,0,"N",0,0.0,0,0,0,0,0,0,0,0,0,0,0,0
"06085","5","333996","78","0","2023","A","N",2,0,0,0,0,0,0,"N",1.01,0,0,0,0,0,0,"N",-1,-33.3,0,0,0,0,0,0,0,0,0,0,0,0
"06085","5","333998","78","0","2023","A","",15,416,45228513,3812017,95107,2089,108635,"",1.11,1.21,0.68,1.07,0.96,0.57,0.56,"",0,0.0,46,12.4,6322552,16.3,337701,9.7,5568,6.2,69,3.4,3602,3.4
"06085","5","334","75","0","2023","A","",886,129089,46676067783,1081240368,28991510,6953,361582,"",5.23,16.14,15.85,12.68,13.05,0.98,0.98,"",0,0.0,1647,1.3,3668170160,8.5,-22614898,-2.0,-4517968,-13.5,463,7.1,24112,7.1
"06085","5","3341","76","0","2023","A","",97,61931,25965446796,516479401,10054291,8063,419263,"",6.08,52.35,33.33,51.32,36.33,0.64,0.64,"",4,4.3,2326,3.9,1218609312,4.9,-13496479,-2.5,-2158967,-17.7,79,1.0,4083,1.0
"06085","5","33411","77","0","2023","A","",97,61931,25965446796,516479401,10054291,8063,419263,"",6.08,52.35,33.33,51.32,36.33,0.64,0.64,"",4,4.3,2326,3.9,1218609312,4.9,-13496479,-2.5,-2158967,-17.7,79,1.0,4083,1.0
"06085","5","334111","78","0","2023","A","",51,59472,25366827710,493197256,9098492,8203,426535,"",7.26,70.33,38.86,85.74,49.89,0.55,0.55,"",2,4.1,2337,4.1,1310772582,5.4,-13249689,-2.6,-2108798,-18.8,106,1.3,5499,1.3
"06085","5","334112","78","0","2023","A","",14,913,182505234,7348573,221408,3844,199878,"",7.64,8.96,4.21,7.03,6.73,0.47,0.47,"",0,0.0,-20,-2.1,-34183161,-15.8,-517381,-6.6,-57589,-20.6,-624,-14.0,-32475,-14.0
"06085","5","334118","78","0","2023","A","",32,1546,416113852,15933572,734391,5175,269112,"",4.50,6.56,5.01,4.88,11.95,0.76,0.76,"",2,6.7,9,0.6,-57980109,-12.2,270591,1.7,7420,1.0,-756,-12.7,-39325,-12.7
"06085","5","3342","76","0","2023","A","",44,2835,534904742,23095321,1110008,3629,188696,"",2.33,4.56,2.90,4.11,6.54,0.64,0.63,"",-5,-10.2,-74,-2.5,-113620036,-17.5,-2321696,-9.1,-133288,-10.7,-659,-15.4,-34273,-15.4
"06085","5","33421","77","0","2023","A","",6,258,69342633,2232056,60145,5165,268596,"",1.97,2.37,1.71,2.15,1.92,0.72,0.72,"",-2,-25.0,-37,-12.5,-367877,-0.5,-446430,-16.7,-19151,-24.2,622,13.7,32356,13.7
"06085","5","334210","78","0","2023","A","",6,258,69342633,2232056,60145,5165,268596,"",1.97,2.37,1.71,2.15,1.92,0.72,0.72,"",-2,-25.0,-37,-12.5,-367877,-0.5,-446430,-16.7,-19151,-24.2,622,13.7,32356,13.7
"06085","5","33422","77","0","2023","A","",30,2483,450407505,20051504,1022674,3488,181378,"",2.88,6.59,4.06,6.02,9.88,0.62,0.62,"",-2,-6.2,-37,-1.5,-113321307,-20.1,-1850980,-8.5,-112718,-9.9,-815,-18.9,-42368,-18.9
"06085","5","334220","78","0","2023","A","",30,2483,450407505,20051504,1022674,3488,181378,"",2.88,6.59,4.06,6.02,9.88,0.62,0.62,"",-2,-6.2,-37,-1.5,-113321307,-20.1,-1850980,-8.5,-112718,-9.9,-815,-18.9,-42368,-18.9
"06085","5","33429","77","0","2023","A","",8,93,15154604,811761,27189,3123,162371,"",1.48,0.69,0.46,0.65,0.78,0.66,0.66,"",-1,-11.1,-1,-1.1,69148,0.5,-24286,-2.9,-1419,-5.0,37,1.2,1887,1.2
"06085","5","334290","78","0","2023","A","",8,93,15154604,811761,27189,3123,162371,"",1.48,0.69,0.46,0.65,0.78,0.66,0.66,"",-1,-11.1,-1,-1.1,69148,0.5,-24286,-2.9,-1419,-5.0,37,1.2,1887,1.2
"06085","5","3343","76","0","2023","A","N",9,0,0,0,0,0,0,"N",1.28,0,0,0,0,0,0,"N",0,0.0,0,0,0,0,0,0,0,0,0,0,0,0
"06085","5","33431","77","0","2023","A","N",9,0,0,0,0,0,0,"N",1.28,0,0,0,0,0,0,"N",0,0.0,0,0,0,0,0,0,0,0,0,0,0,0
"06085","5","334310","78","0","2023","A","N",9,0,0,0,0,0,0,"N",1.28,0,0,0,0,0,0,"N",0,0.0,0,0,0,0,0,0,0,0,0,0,0,0
"06085","5","3344","76","0","2023","A","",470,41149,14793446763,330054994,11086142,6914,359509,"",10.17,14.24,14.80,10.07,12.59,1.04,1.04,"",9,2.0,1028,2.6,2344489553,18.8,-5445656,-1.6,-1476184,-11.8,947,15.9,49222,15.9
"06085","5","33441","77","0","2023","A","",470,41149,14793446763,330054994,11086142,6914,359509,"",10.17,14.24,14.80,10.07,12.59,1.04,1.04,"",9,2.0,1028,2.6,2344489553,18.8,-5445656,-1.6,-1476184,-11.8,947,15.9,49222,15.9
"06085","5","334412","78","0","2023","A","",47,3459,264225936,23673380,915788,1469,76382,"",13.21,17.69,6.28,12.97,18.07,0.36,0.36,"",-1,-2.1,75,2.2,11196694,4.4,-1685377,-6.6,-200870,-18.0,31,2.2,1606,2.1
"06085","5","334413","78","0","2023","A","",293,29840,13528935776,242133134,7666508,8719,453381,"",18.08,20.04,18.69,12.51,15.87,0.93,0.93,"",7,2.4,1049,3.6,2389411710,21.4,-2694809,-1.1,-1026066,-11.8,1279,17.2,66477,17.2
"06085","5","334416","78","0","2023","A","",6,196,16388332,1632275,56969,1611,83792,"",2.03,1.48,0.71,1.21,1.70,0.48,0.48,"",1,20.0,14,7.7,-1061048,-6.1,105,0.0,-4988,-8.1,-232,-12.6,-12040,-12.6
"06085","5","334417","78","0","2023","A","",6,253,25230260,2220681,83887,1920,99856,"",2.16,1.50,0.71,1.59,2.08,0.47,0.47,"",1,20.0,-36,-12.5,3724370,17.3,-82576,-3.6,-22456,-21.1,490,34.3,25484,34.3
"06085","5","334418","78","0","2023","A","",45,2714,243253427,21252618,737946,1724,89643,"",5.43,6.19,3.14,5.04,5.80,0.51,0.51,"",1,2.3,-39,-1.4,-16980368,-6.5,-1075363,-4.8,-98870,-11.8,-94,-5.2,-4879,-5.2
"06085","5","334419","78","0","2023","A","",74,4688,715413032,39142906,1625044,2935,152611,"",5.96,10.05,7.35,8.45,11.17,0.73,0.73,"",0,0.0,-33,-0.7,-41801805,-5.5,92364,0.2,-122934,-7.0,-149,-4.8,-7776,-4.8
"06085","5","3345","76","0","2023","A","",238,19409,4305292763,176572489,5360514,4266,221821,"",3.36,6.30,4.74,5.09,6.56,0.75,0.75,"",-4,-1.7,-993,-4.9,424764326,10.9,3726206,2.2,-294418,-5.2,608,16.6,31621,16.6
"06085","5","33451","77","0","2023","A","",238,19409,4305292763,176572489,5360514,4266,221821,"",3.36,6.30,4.74,5.09,6.56,0.75,0.75,"",-4,-1.7,-993,-4.9,424764326,10.9,3726206,2.2,-294418,-5.2,608,16.6,31621,16.6
"06085","5","334510","78","0","2023","A","",60,3423,516309898,28418136,734305,2901,150828,"",4.16,6.23,3.12,3.77,4.51,0.50,0.50,"",-1,-1.6,162,5.0,37501861,7.8,-248079,-0.9,-104991,-12.5,77,2.7,3996,2.7
"06085","5","334511","78","0","2023","A","",20,880,101970096,7314033,261964,2228,115853,"",2.36,0.94,0.35,0.74,1.27,0.37,0.37,"",0,0.0,75,9.3,2319747,2.3,343685,4.9,19152,7.9,-153,-6.4,-7949,-6.4
"06085","5","334512","78","0","2023","A","N",4,0,0,0,0,0,0,"N",1.11,0,0,0,0,0,0,"N",0,0.0,0,0,0,0,0,0,0,0,0,0,0,0
"06085","5","334513","78","0","2023","A","",26,774,111749696,7144322,231851,2776,144333,"",1.81,1.84,1.26,1.51,2.00,0.69,0.69,"",0,0.0,35,4.7,21630503,24.0,811734,12.8,12524,5.7,430,18.3,22317,18.3
"06085","5","334514","78","0","2023","A","N",1,0,0,0,0,0,0,"N",0.61,0,0,0,0,0,0,"N",0,0.0,0,0,0,0,0,0,0,0,0,0,0,0
"06085","5","334515","78","0","2023","A","",58,4552,1114571002,46971269,1814474,4709,244880,"",6.83,16.46,12.28,13.16,19.29,0.75,0.75,"",-7,-10.8,-280,-5.8,101692764,10.0,1306526,2.9,-62372,-3.3,678,16.8,35265,16.8
"06085","5","334516","78","0","2023","A","",34,4821,768362261,46646065,1207413,3065,159378,"",4.02,14.23,8.04,13.93,13.05,0.57,0.56,"",6,21.4,-1656,-25.6,-167430856,-17.9,-9220605,-16.5,-204109,-14.5,286,10.3,14887,10.3
"06085","5","334517","78","0","2023","A","",5,313,48029414,2650152,104878,2950,153408,"",2.56,3.08,1.51,2.39,3.95,0.49,0.49,"",-2,-28.6,-10,-3.1,159331,0.3,-69122,-2.5,-16170,-13.4,101,3.5,5280,3.6
"06085","5","334519","78","0","2023","A","",31,4502,1621131816,36018226,950729,6925,360105,"",3.27,14.89,14.38,12.26,12.54,0.97,0.97,"",1,3.3,647,16.8,422889840,35.3,10461995,40.9,49853,5.5,948,15.9,49304,15.9
"06085","5","3346","76","0","2023","A","N",29,0,0,0,0,0,0,"N",2.73,0,0,0,0,0,0,"N",-3,-9.4,0,0,0,0,0,0,0,0,0,0,0,0
"06085","5","33461","77","0","2023","A","N",29,0,0,0,0,0,0,"N",2.73,0,0,0,0,0,0,"N",-3,-9.4,0,0,0,0,0,0,0,0,0,0,0,0
"06085","5","334610","78","0","2023","A","N",29,0,0,0,0,0,0,"N",2.73,0,0,0,0,0,0,"N",-3,-9.4,0,0,0,0,0,0,0,0,0,0,0,0
"06085","5","335","75","0","2023","A","",108,5558,950404454,47232466,1345847,3288,170995,"",1.61,1.84,1.61,1.52,1.56,0.87,0.87,"",5,4.9,1103,24.8,272697305,40.2,5280824,12.6,-22012,-1.6,362,12.4,18858,12.4
"06085","5","3351","76","0","2023","A","",13,68,6432530,623181,21178,1824,94828,"",1.01,0.24,0.12,0.25,0.25,0.50,0.50,"",1,8.3,-3,-4.2,-2011059,-23.8,-31372,-4.8,-6713,-24.1,-455,-20.0,-23679,-20.0
"06085","5","33513","77","0","2023","A","",13,68,6432530,623181,21178,1824,94828,"",1.01,0.24,0.12,0.25,0.25,0.50,0.50,"",1,8.3,-3,-4.2,-2011059,-23.8,-31372,-4.8,-6713,-24.1,-455,-20.0,-23679,-20.0
"06085","5","335132","78","0","2023","A","",5,19,1602666,153564,4785,1594,82897,"",0.88,0.13,0.06,0.12,0.10,0.44,0.44,"N",2,66.7,0,0,0,0,0,0,0,0,0,0,0,0
"06085","5","335139","78","0","2023","A","",8,49,4829864,469617,16393,1915,99585,"",1.97,0.57,0.27,0.61,0.80,0.49,0.49,"N",-1,-11.1,0,0,0,0,0,0,0,0,0,0,0,0
"06085","5","3352","76","0","2023","A","",5,74,6798864,712402,18032,1773,92188,"",1.05,0.16,0.09,0.17,0.17,0.57,0.57,"",-1,-16.7,15,25.4,2037008,42.8,111562,18.6,2746,18.0,223,14.4,11592,14.4
"06085","5","33521","77","0","2023","A","N",4,0,0,0,0,0,0,"N",1.53,0,0,0,0,0,0,"N",-1,-20.0,0,0,0,0,0,0,0,0,0,0,0,0
"06085","5","335210","78","0","2023","A","N",4,0,0,0,0,0,0,"N",1.53,0,0,0,0,0,0,"N",-1,-20.0,0,0,0,0,0,0,0,0,0,0,0,0
"06085","5","33522","77","0","2023","A","N",1,0,0,0,0,0,0,"N",0.46,0,0,0,0,0,0,"N",0,0.0,0,0,0,0,0,0,0,0,0,0,0,0
"06085","5","335220","78","0","2023","A","N",1,0,0,0,0,0,0,"N",0.46,0,0,0,0,0,0,"N",0,0.0,0,0,0,0,0,0,0,0,0,0,0,0
"06085","5","3353","76","0","2023","A","",27,641,80832294,5729025,199247,2426,126136,"",1.31,0.59,0.37,0.51,0.79,0.62,0.62,"",-1,-3.6,-87,-12.0,-15247807,-15.9,-965662,-14.4,-67841,-25.4,-111,-4.4,-5797,-4.4
"06085","5","33531","77","0","2023","A","",27,641,80832294,5729025,199247,2426,126136,"",1.31,0.59,0.37,0.51,0.79,0.62,0.62,"",-1,-3.6,-87,-12.0,-15247807,-15.9,-965662,-14.4,-67841,-25.4,-111,-4.4,-5797,-4.4
"06085","5","335311","78","0","2023","A","",10,338,48913706,3418569,126898,2786,144858,"",2.50,1.50,1.17,1.53,2.74,0.78,0.78,"",1,11.1,-17,-4.8,-5649929,-10.4,-172481,-4.8,-17719,-12.3,-168,-5.7,-8770,-5.7
"06085","5","335312","78","0","2023","A","N",3,0,0,0,0,0,0,"N",0.59,0,0,0,0,0,0,"N",0,0.0,0,0,0,0,0,0,0,0,0,0,0,0
"06085","5","335313","78","0","2023","A","N",3,0,0,0,0,0,0,"N",0.56,0,0,0,0,0,0,"N",-1,-25.0,0,0,0,0,0,0,0,0,0,0,0,0
"06085","5","335314","78","0","2023","A","",11,175,21473831,1323992,41600,2354,122416,"",1.77,0.56,0.30,0.36,0.54,0.54,0.54,"",-1,-8.3,-71,-28.9,-9902517,-31.6,-755086,-36.3,-43303,-51.0,-95,-3.9,-4914,-3.9
"06085","5","3359","76","0","2023","A","",63,4776,856340766,40167858,1107390,3448,179313,"",2.18,3.98,3.52,3.02,2.65,0.88,0.88,"",6,10.5,1180,32.8,287919163,50.7,6166296,18.1,49796,4.7,408,13.4,21242,13.4
"06085","5","33591","77","0","2023","A","",13,1114,244134867,9460907,231014,4215,219201,"",2.68,2.94,3.16,1.93,1.28,1.08,1.08,"",3,30.0,1014,1014.0,231912171,1897.4,8566230,957.5,204253,763.2,1874,80.1,97481,80.1
"06085","5","335910","78","0","2023","A","",13,1114,244134867,9460907,231014,4215,219201,"",2.68,2.94,3.16,1.93,1.28,1.08,1.08,"",3,30.0,1014,1014.0,231912171,1897.4,8566230,957.5,204253,763.2,1874,80.1,97481,80.1
"06085","5","33592","77","0","2023","A","N",11,0,0,0,0,0,0,"N",2.90,0,0,0,0,0,0,"N",3,37.5,0,0,0,0,0,0,0,0,0,0,0,0
"06085","5","335921","78","0","2023","A","",9,87,10896572,624855,20025,2416,125609,"",4.91,0.93,0.60,0.59,0.92,0.65,0.65,"N",2,28.6,0,0,0,0,0,0,0,0,0,0,0,0
"06085","5","335929","78","0","2023","A","N",2,0,0,0,0,0,0,"N",1.02,0,0,0,0,0,0,"N",1,100.0,0,0,0,0,0,0,0,0,0,0,0,0
"06085","5","33593","77","0","2023","A","N",3,0,0,0,0,0,0,"N",0.58,0,0,0,0,0,0,"N",0,0.0,0,0,0,0,0,0,0,0,0,0,0,0
"06085","5","335931","78","0","2023","A","N",2,0,0,0,0,0,0,"N",0.53,0,0,0,0,0,0,"N",0,0.0,0,0,0,0,0,0,0,0,0,0,0,0
"06085","5","335932","78","0","2023","A","N",1,0,0,0,0,0,0,"N",0.71,0,0,0,0,0,0,"N",0,0.0,0,0,0,0,0,0,0,0,0,0,0,0
"06085","5","33599","77","0","2023","A","",36,3448,587090176,28826245,800128,3275,170282,"",2.38,10.23,7.97,8.04,7.83,0.78,0.78,"",0,0.0,92,2.7,48845126,9.1,-3188889,-10.0,-178467,-18.2,191,6.2,9891,6.2
"06085","5","335991","78","0","2023","A","N",1,0,0,0,0,0,0,"N",0.57,0,0,0,0,0,0,"N",0,0.0,0,0,0,0,0,0,0,0,0,0,0,0
"06085","5","335999","78","0","2023","A","N",35,0,0,0,0,0,0,"N",2.62,0,0,0,0,0,0,"N",0,0.0,0,0,0,0,0,0,0,0,0,0,0,0
"06085","5","336","75","0","2023","A","",53,6303,1118790615,59061336,1203557,3414,177511,"",0.44,0.49,0.40,0.46,0.28,0.83,0.83,"",5,10.4,149,2.4,39229991,3.6,-1411665,-2.3,-238620,-16.5,41,1.2,2096,1.2
"06085","5","3361","76","0","2023","A","",4,78,14669197,1068077,34611,3624,188469,"",0.71,0.04,0.03,0.07,0.04,0.84,0.84,"N",-1,-20.0,0,0,0,0,0,0,0,0,0,0,0,0
"06085","5","33611","77","0","2023","A","",4,78,14669197,1068077,34611,3624,188469,"",1.04,0.04,0.03,0.09,0.05,0.82,0.82,"N",-1,-20.0,0,0,0,0,0,0,0,0,0,0,0,0
"06085","5","336110","78","0","2023","A","",4,78,14669197,1068077,34611,3624,188469,"",1.04,0.04,0.03,0.09,0.05,0.82,0.82,"N",-1,-20.0,0,0,0,0,0,0,0,0,0,0,0,0
"06085","5","3362","76","0","2023","A","N",1,0,0,0,0,0,0,"N",0.06,0,0,0,0,0,0,"N",0,0.0,0,0,0,0,0,0,0,0,0,0,0,0
"06085","5","33621","77","0","2023","A","N",1,0,0,0,0,0,0,"N",0.06,0,0,0,0,0,0,"N",0,0.0,0,0,0,0,0,0,0,0,0,0,0,0
"06085","5","336214","78","0","2023","A","N",1,0,0,0,0,0,0,"N",0.17,0,0,0,0,0,0,"N",0,0.0,0,0,0,0,0,0,0,0,0,0,0,0
"06085","5","3363","76","0","2023","A","",20,92,7968706,799899,18690,1660,86304,"",0.47,0.02,0.01,0.02,0.01,0.51,0.51,"",2,11.1,8,9.5,1394627,21.2,1295,0.2,-380,-2.0,152,10.1,7886,10.1
"06085","5","33632","77","0","2023","A","",8,23,2102236,223779,7248,1764,91734,"",1.20,0.05,0.03,0.06,0.05,0.52,0.52,"",2,33.3,11,91.7,992425,89.4,64697,40.7,2224,44.3,-40,-2.2,-2053,-2.2
"06085","5","336320","78","0","2023","A","",8,23,2102236,223779,7248,1764,91734,"",1.20,0.05,0.03,0.06,0.05,0.52,0.52,"",2,33.3,11,91.7,992425,89.4,64697,40.7,2224,44.3,-40,-2.2,-2053,-2.2
"06085","5","33633","77","0","2023","A","N",1,0,0,0,0,0,0,"N",0.46,0,0,0,0,0,0,"N",0,0.0,0,0,0,0,0,0,0,0,0,0,0,0
"06085","5","336330","78","0","2023","A","N",1,0,0,0,0,0,0,"N",0.46,0,0,0,0,0,0,"N",0,0.0,0,0,0,0,0,0,0,0,0,0,0,0
"06085","5","33634","77","0","2023","A","N",1,0,0,0,0,0,0,"N",0.65,0,0,0,0,0,0,"N",0,0.0,0,0,0,0,0,0,0,0,0,0,0,0
"06085","5","336340","78","0","2023","A","N",1,0,0,0,0,0,0,"N",0.65,0,0,0,0,0,0,"N",0,0.0,0,0,0,0,0,0,0,0,0,0,0,0
"06085","5","33635","77","0","2023","A","N",1,0,0,0,0,0,0,"N",0.24,0,0,0,0,0,0,"N",0,0.0,0,0,0,0,0,0,0,0,0,0,0,0
"06085","5","336350","78","0","2023","A","N",1,0,0,0,0,0,0,"N",0.24,0,0,0,0,0,0,"N",0,0.0,0,0,0,0,0,0,0,0,0,0,0,0
"06085","5","33636","77","0","2023","A","N",1,0,0,0,0,0,0,"N",0.24,0,0,0,0,0,0,"N",0,0.0,0,0,0,0,0,0,0,0,0,0,0,0
"06085","5","336360","78","0","2023","A","N",1,0,0,0,0,0,0,"N",0.24,0,0,0,0,0,0,"N",0,0.0,0,0,0,0,0,0,0,0,0,0,0,0
"06085","5","33639","77","0","2023","A","",8,29,2500010,270042,6519,1677,87210,"",0.59,0.03,0.01,0.03,0.02,0.55,0.55,"",0,0.0,-3,-9.4,-151161,-5.7,-20156,-6.9,-673,-9.4,75,4.7,3927,4.7
"06085","5","336390","78","0","2023","A","",8,29,2500010,270042,6519,1677,87210,"",0.59,0.03,0.01,0.03,0.02,0.55,0.55,"",0,0.0,-3,-9.4,-151161,-5.7,-20156,-6.9,-673,-9.4,75,4.7,3927,4.7
"06085","5","3364","76","0","2023","A","",20,5628,1028473155,53278766,974597,3514,182729,"",0.70,1.43,0.91,1.05,0.82,0.63,0.63,"N",3,17.6,0,0,0,0,0,0,0,0,0,0,0,0
"06085","5","33641","77","0","2023","A","",20,5628,1028473155,53278766,974597,3514,182729,"",0.70,1.43,0.91,1.05,0.82,0.63,0.63,"N",3,17.6,0,0,0,0,0,0,0,0,0,0,0,0
"06085","5","336411","78","0","2023","A","N",6,0,0,0,0,0,0,"N",0.79,0,0,0,0,0,0,"N",2,50.0,0,0,0,0,0,0,0,0,0,0,0,0
"06085","5","336412","78","0","2023","A","N",2,0,0,0,0,0,0,"N",0.34,0,0,0,0,0,0,"N",0,0.0,0,0,0,0,0,0,0,0,0,0,0,0
"06085","5","336413","78","0","2023","A","N",5,0,0,0,0,0,0,"N",0.41,0,0,0,0,0,0,"N",0,0.0,0,0,0,0,0,0,0,0,0,0,0,0
"06085","5","336414","78","0","2023","A","N",6,0,0,0,0,0,0,"N",3.48,0,0,0,0,0,0,"N",1,20.0,0,0,0,0,0,0,0,0,0,0,0,0
"06085","5","336419","78","0","2023","A","N",1,0,0,0,0,0,0,"N",2.02,0,0,0,0,0,0,"N",0,0.0,0,0,0,0,0,0,0,0,0,0,0,0
"06085","5","3366","76","0","2023","A","N",2,0,0,0,0,0,0,"N",0.14,0,0,0,0,0,0,"N",0,0.0,0,0,0,0,0,0,0,0,0,0,0,0
"06085","5","33661","77","0","2023","A","N",2,0,0,0,0,0,0,"N",0.14,0,0,0,0,0,0,"N",0,0.0,0,0,0,0,0,0,0,0,0,0,0,0
"06085","5","336612","78","0","2023","A","N",2,0,0,0,0,0,0,"N",0.27,0,0,0,0,0,0,"N",0,0.0,0,0,0,0,0,0,0,0,0,0,0,0
"06085","5","3369","76","0","2023","A","N",6,0,0,0,0,0,0,"N",0.63,0,0,0,0,0,0,"N",0,0.0,0,0,0,0,0,0,0,0,0,0,0,0
"06085","5","33699","77","0","2023","A","N",6,0,0,0,0,0,0,"N",0.63,0,0,0,0,0,0,"N",0,0.0,0,0,0,0,0,0,0,0,0,0,0,0
"06085","5","336991","78","0","2023","A","N",5,0,0,0,0,0,0,"N",1.25,0,0,0,0,0,0,"N",0,0.0,0,0,0,0,0,0,0,0,0,0,0,0
"06085","5","336992","78","0","2023","A","N",1,0,0,0,0,0,0,"N",1.48,0,0,0,0,0,0,"N",0,0.0,0,0,0,0,0,0,0,0,0,0,0,0
"06085","5","337","75","0","2023","A","",75,907,71494402,8005820,234108,1516,78825,"",0.61,0.35,0.20,0.29,0.34,0.58,0.58,"",-1,-1.3,-7,-0.8,42948,0.1,-1536751,-16.1,-66774,-22.2,13,0.9,686,0.9
"06085","5","3371","76","0","2023","A","",55,548,38220563,4902882,137432,1341,69735,"",0.64,0.33,0.18,0.28,0.35,0.55,0.55,"",-1,-1.8,11,2.0,1661758,4.5,47557,1.0,1522,1.1,32,2.4,1676,2.5
"06085","5","33711","77","0","2023","A","",43,458,32856860,3986471,106756,1381,71805,"",0.80,0.53,0.30,0.42,0.49,0.56,0.56,"",1,2.4,14,3.2,2054752,6.7,-67872,-1.7,-4418,-4.0,46,3.4,2392,3.4
"06085","5","337110","78","0","2023","A","",43,458,32856860,3986471,106756,1381,71805,"",0.80,0.53,0.30,0.42,0.49,0.56,0.56,"",1,2.4,14,3.2,2054752,6.7,-67872,-1.7,-4418,-4.0,46,3.4,2392,3.4
"06085","5","33712","77","0","2023","A","",12,91,5363703,916411,30676,1140,59267,"",0.38,0.11,0.05,0.11,0.18,0.48,0.47,"",-2,-14.3,-2,-2.2,-392994,-6.8,115429,14.4,5940,24.0,-45,-3.8,-2357,-3.8
"06085","5","337121","78","0","2023","A","N",2,0,0,0,0,0,0,"N",0.34,0,0,0,0,0,0,"N",0,0.0,0,0,0,0,0,0,0,0,0,0,0,0
"06085","5","337122","78","0","2023","A","N",2,0,0,0,0,0,0,"N",0.12,0,0,0,0,0,0,"N",-2,-50.0,0,0,0,0,0,0,0,0,0,0,0,0
"06085","5","337126","78","0","2023","A","N",2,0,0,0,0,0,0,"N",0.49,0,0,0,0,0,0,"N",0,0.0,0,0,0,0,0,0,0,0,0,0,0,0
"06085","5","337127","78","0","2023","A","",6,58,4117132,648589,23993,1355,70479,"",1.23,0.34,0.16,0.39,0.52,0.48,0.48,"",0,0.0,0,0.0,-298809,-6.8,157603,32.1,5338,28.6,-113,-7.7,-5877,-7.7
"06085","5","3372","76","0","2023","A","N",18,0,0,0,0,0,0,"N",0.61,0,0,0,0,0,0,"N",0,0.0,0,0,0,0,0,0,0,0,0,0,0,0
"06085","5","33721","77","0","2023","A","N",18,0,0,0,0,0,0,"N",0.61,0,0,0,0,0,0,"N",0,0.0,0,0,0,0,0,0,0,0,0,0,0,0
"06085","5","337211","78","0","2023","A","",5,34,3156834,340074,9678,1773,92170,"",1.36,0.29,0.18,0.29,0.29,0.62,0.62,"",0,0.0,1,3.0,374581,13.5,56701,20.0,-307,-3.1,143,8.8,7431,8.8
"06085","5","337212","78","0","2023","A","N",9,0,0,0,0,0,0,"N",0.66,0,0,0,0,0,0,"N",0,0.0,0,0,0,0,0,0,0,0,0,0,0,0
"06085","5","337214","78","0","2023","A","N",1,0,0,0,0,0,0,"N",0.32,0,0,0,0,0,0,"N",0,0.0,0,0,0,0,0,0,0,0,0,0,0,0
"06085","5","337215","78","0","2023","A","N",3,0,0,0,0,0,0,"N",0.33,0,0,0,0,0,0,"N",0,0.0,0,0,0,0,0,0,0,0,0,0,0,0
"06085","5","3379","76","0","2023","A","N",2,0,0,0,0,0,0,"N",0.27,0,0,0,0,0,0,"N",0,0.0,0,0,0,0,0,0,0,0,0,0,0,0
"06085","5","33792","77","0","2023","A","N",2,0,0,0,0,0,0,"N",0.61,0,0,0,0,0,0,"N",0,0.0,0,0,0,0,0,0,0,0,0,0,0,0
"06085","5","337920","78","0","2023","A","N",2,0,0,0,0,0,0,"N",0.61,0,0,0,0,0,0,"N",0,0.0,0,0,0,0,0,0,0,0,0,0,0,0
"06085","5","339","75","0","2023","A","",222,4567,651574181,40518445,1412924,2743,142657,"",0.90,1.00,0.76,0.85,1.13,0.76,0.76,"",1,0.5,-187,-3.9,-14726367,-2.2,-2530398,-5.9,-105967,-7.0,48,1.8,2511,1.8
"06085","5","3391","76","0","2023","A","",142,3749,571855399,33120185,1184223,2933,152529,"",1.51,1.55,1.12,1.32,1.94,0.72,0.72,"",0,0.0,-148,-3.8,2322811,0.4,-2315099,-6.5,-110453,-8.5,122,4.3,6383,4.4
"06085","5","33911","77","0","2023","A","",142,3749,571855399,33120185,1184223,2933,152529,"",1.51,1.55,1.12,1.32,1.94,0.72,0.72,"",0,0.0,-148,-3.8,2322811,0.4,-2315099,-6.5,-110453,-8.5,122,4.3,6383,4.4
"06085","5","339112","78","0","2023","A","",62,2642,476111493,24729339,958894,3465,180203,"",2.38,2.53,1.92,2.18,3.73,0.76,0.76,"",4,6.9,-100,-3.6,7015404,1.5,-1724887,-6.5,-66560,-6.5,175,5.3,9115,5.3
"06085","5","339113","78","0","2023","A","",19,687,66379026,4897088,133976,1859,96692,"",0.81,0.90,0.41,0.63,0.67,0.45,0.45,"",0,0.0,-54,-7.3,-5877725,-8.1,-525078,-9.7,-35692,-21.0,-16,-0.9,-831,-0.9
"06085","5","339114","78","0","2023","A","",7,39,2341888,327705,10331,1165,60566,"",1.21,0.32,0.10,0.21,0.24,0.32,0.32,"",-1,-12.5,0,0.0,-25192,-1.1,-10029,-3.0,-1783,-14.7,-10,-0.9,-520,-0.9
"06085","5","339115","78","0","2023","A","",5,43,4981485,378610,9632,2250,116982,"",1.13,0.25,0.15,0.26,0.25,0.63,0.63,"",0,0.0,10,30.3,1323315,36.2,74009,24.3,1643,20.6,85,3.9,4423,3.9
"06085","5","339116","78","0","2023","A","",50,339,22041507,2787443,71390,1249,64955,"",1.46,1.06,0.51,0.96,0.98,0.48,0.48,"",-2,-3.8,-4,-1.2,-112991,-0.5,-129114,-4.4,-8061,-10.1,7,0.6,365,0.6
"06085","5","3399","76","0","2023","A","",80,818,79718782,7398260,228701,1874,97426,"",0.52,0.38,0.23,0.33,0.36,0.60,0.60,"",0,0.0,-39,-4.6,-17049178,-17.6,-215299,-2.8,4486,2.0,-297,-13.7,-15445,-13.7
"06085","5","33991","77","0","2023","A","",8,28,2442284,273406,11248,1658,86198,"",0.54,0.17,0.11,0.15,0.19,0.60,0.60,"",1,14.3,3,12.0,444674,22.3,52197,23.6,2623,30.4,106,6.8,5486,6.8
"06085","5","339910","78","0","2023","A","",8,28,2442284,273406,11248,1658,86198,"",0.54,0.17,0.11,0.15,0.19,0.60,0.60,"",1,14.3,3,12.0,444674,22.3,52197,23.6,2623,30.4,106,6.8,5486,6.8
"06085","5","33992","77","0","2023","A","",5,37,2439686,308420,10836,1260,65495,"",0.32,0.11,0.04,0.08,0.10,0.39,0.39,"",1,25.0,2,5.7,49208,2.1,34528,12.6,572,5.6,-47,-3.6,-2481,-3.6
"06085","5","339920","78","0","2023","A","",5,37,2439686,308420,10836,1260,65495,"",0.32,0.11,0.04,0.08,0.10,0.39,0.39,"",1,25.0,2,5.7,49208,2.1,34528,12.6,572,5.6,-47,-3.6,-2481,-3.6
"06085","5","33993","77","0","2023","A","",8,27,3651834,395857,10375,2577,134012,"",1.34,0.34,0.19,0.34,0.37,0.54,0.54,"",-2,-20.0,-69,-71.9,-10929371,-75.0,-555020,-58.4,-17629,-63.0,-334,-11.5,-17350,-11.5
"06085","5","339930","78","0","2023","A","",8,27,3651834,395857,10375,2577,134012,"",1.34,0.34,0.19,0.34,0.37,0.54,0.54,"",-2,-20.0,-69,-71.9,-10929371,-75.0,-555020,-58.4,-17629,-63.0,-334,-11.5,-17350,-11.5
"06085","5","33994","77","0","2023","A","",3,39,2580559,326747,12020,1278,66452,"",0.87,0.52,0.23,0.56,0.77,0.45,0.45,"",0,0.0,-3,-7.1,71635,2.9,-13184,-3.9,847,7.6,129,11.2,6716,11.2
"06085","5","339940","78","0","2023","A","",3,39,2580559,326747,12020,1278,66452,"",0.87,0.52,0.23,0.56,0.77,0.45,0.45,"",0,0.0,-3,-7.1,71635,2.9,-13184,-3.9,847,7.6,129,11.2,6716,11.2
"06085","5","33995","77","0","2023","A","",21,138,9769163,1172754,42479,1365,70962,"",0.42,0.25,0.12,0.21,0.28,0.48,0.48,"",-2,-8.7,4,3.0,350137,3.7,354,0.0,3308,8.4,15,1.1,758,1.1
"06085","5","339950","78","0","2023","A","",21,138,9769163,1172754,42479,1365,70962,"",0.42,0.25,0.12,0.21,0.28,0.48,0.48,"",-2,-8.7,4,3.0,350137,3.7,354,0.0,3308,8.4,15,1.1,758,1.1
"06085","5","33999","77","0","2023","A","",35,549,58835256,4921076,141743,2061,107184,"",0.55,0.58,0.38,0.52,0.51,0.65,0.65,"",2,6.1,24,4.6,-7035461,-10.7,265826,5.7,14765,11.6,-352,-14.6,-18304,-14.6
"06085","5","339991","78","0","2023","A","",5,290,28220832,2365354,54736,1872,97369,"",0.95,1.38,0.78,1.27,0.99,0.56,0.56,"",0,0.0,-8,-2.7,-1580041,-5.3,-276469,-10.5,-7731,-12.4,-50,-2.6,-2578,-2.6
"06085","5","339992","78","0","2023","A","N",1,0,0,0,0,0,0,"N",0.21,0,0,0,0,0,0,"N",0,0.0,0,0,0,0,0,0,0,0,0,0,0,0
"06085","5","339999","78","0","2023","A","N",29,0,0,0,0,0,0,"N",0.58,0,0,0,0,0,0,"N",2,7.4,0,0,0,0,0,0,0,0,0,0,0,0
"06085","5","42","74","0","2023","A","",2109,28097,4776563399,246107480,7569558,3269,170006,"",0.49,0.63,0.45,0.52,0.61,0.71,0.71,"",-52,-2.4,295,1.1,207589443,4.5,-4631357,-1.8,-674726,-8.2,109,3.4,5667,3.4
"06085","5","423","75","0","2023","A","",1366,20898,4002269200,181554759,5836714,3683,191513,"",0.61,0.84,0.67,0.69,0.86,0.80,0.80,"",-30,-2.1,374,1.8,261713673,7.0,-2358851,-1.3,-488637,-7.7,178,5.1,9256,5.1
"06085","5","4231","76","0","2023","A","",86,1010,121421651,9447393,265034,2313,120259,"",0.47,0.37,0.24,0.34,0.37,0.65,0.65,"",4,4.9,-13,-1.3,-961424,-0.8,-74501,-0.8,-32105,-10.8,13,0.6,657,0.5
"06085","5","42311","77","0","2023","A","",18,233,29891638,2068415,72856,2463,128061,"",0.35,0.23,0.14,0.20,0.29,0.62,0.62,"",-1,-5.3,3,1.3,-2978818,-9.1,-254881,-11.0,-12918,-15.1,-280,-10.2,-14596,-10.2
"06085","5","423110","78","0","2023","A","",18,233,29891638,2068415,72856,2463,128061,"",0.35,0.23,0.14,0.20,0.29,0.62,0.62,"",-1,-5.3,3,1.3,-2978818,-9.1,-254881,-11.0,-12918,-15.1,-280,-10.2,-14596,-10.2
"06085","5","42312","77","0","2023","A","",62,662,83911415,6222853,154077,2438,126770,"",0.62,0.50,0.36,0.48,0.43,0.73,0.73,"",4,6.9,-19,-2.8,1925271,2.3,96241,1.6,-17092,-10.0,122,5.3,6335,5.3
"06085","5","423120","78","0","2023","A","",62,662,83911415,6222853,154077,2438,126770,"",0.62,0.50,0.36,0.48,0.43,0.73,0.73,"",4,6.9,-19,-2.8,1925271,2.3,96241,1.6,-17092,-10.0,122,5.3,6335,5.3
"06085","5","42313","77","0","2023","A","N",3,0,0,0,0,0,0,"N",0.19,0,0,0,0,0,0,"N",0,0.0,0,0,0,0,0,0,0,0,0,0,0,0
"06085","5","423130","78","0","2023","A","N",3,0,0,0,0,0,0,"N",0.19,0,0,0,0,0,0,"N",0,0.0,0,0,0,0,0,0,0,0,0,0,0,0
"06085","5","42314","77","0","2023","A","N",3,0,0,0,0,0,0,"N",0.21,0,0,0,0,0,0,"N",0,0.0,0,0,0,0,0,0,0,0,0,0,0,0
"06085","5","423140","78","0","2023","A","N",3,0,0,0,0,0,0,"N",0.21,0,0,0,0,0,0,"N",0,0.0,0,0,0,0,0,0,0,0,0,0,0,0
"06085","5","4232","76","0","2023","A","",37,468,46061431,3920019,132379,1894,98492,"",0.42,0.56,0.29,0.46,0.53,0.51,0.51,"",-1,-2.6,-54,-10.3,-7894162,-14.6,-821722,-17.3,-41083,-23.7,-95,-4.8,-4921,-4.8
"06085","5","42321","77","0","2023","A","",26,308,31361559,2567275,72246,1960,101934,"",0.64,0.83,0.42,0.66,0.63,0.51,0.51,"",0,0.0,-7,-2.2,-1869310,-5.6,-370650,-12.6,-23275,-24.4,-71,-3.5,-3673,-3.5
"06085","5","423210","78","0","2023","A","",26,308,31361559,2567275,72246,1960,101934,"",0.64,0.83,0.42,0.66,0.63,0.51,0.51,"",0,0.0,-7,-2.2,-1869310,-5.6,-370650,-12.6,-23275,-24.4,-71,-3.5,-3673,-3.5
"06085","5","42322","77","0","2023","A","",11,160,14699872,1352744,60133,1767,91874,"",0.23,0.35,0.17,0.29,0.44,0.49,0.49,"",-1,-8.3,-47,-22.7,-6024852,-29.1,-451072,-25.0,-17808,-22.8,-158,-8.2,-8205,-8.2
"06085","5","423220","78","0","2023","A","",11,160,14699872,1352744,60133,1767,91874,"",0.23,0.35,0.17,0.29,0.44,0.49,0.49,"",-1,-8.3,-47,-22.7,-6024852,-29.1,-451072,-25.0,-17808,-22.8,-158,-8.2,-8205,-8.2
"06085","5","4233","76","0","2023","A","",63,827,72382532,7307363,240104,1683,87524,"",0.38,0.43,0.19,0.34,0.41,0.43,0.43,"",0,0.0,33,4.2,5672199,8.5,13493,0.2,-8743,-3.5,67,4.1,3488,4.2
"06085","5","42331","77","0","2023","A","",20,306,22982130,2562856,69706,1444,75064,"",0.31,0.37,0.13,0.26,0.31,0.36,0.36,"",-2,-9.1,10,3.4,2124334,10.2,-174777,-6.4,-11901,-14.6,90,6.6,4678,6.6
"06085","5","423310","78","0","2023","A","",20,306,22982130,2562856,69706,1444,75064,"",0.31,0.37,0.13,0.26,0.31,0.36,0.36,"",-2,-9.1,10,3.4,2124334,10.2,-174777,-6.4,-11901,-14.6,90,6.6,4678,6.6
"06085","5","42332","77","0","2023","A","",18,243,19600907,2137723,70799,1551,80635,"",0.41,0.50,0.21,0.43,0.41,0.42,0.42,"",1,5.9,2,0.8,-441930,-2.2,-75275,-3.4,-6365,-8.2,-50,-3.1,-2617,-3.1
"06085","5","423320","78","0","2023","A","",18,243,19600907,2137723,70799,1551,80635,"",0.41,0.50,0.21,0.43,0.41,0.42,0.42,"",1,5.9,2,0.8,-441930,-2.2,-75275,-3.4,-6365,-8.2,-50,-3.1,-2617,-3.1
"06085","5","42333","77","0","2023","A","",8,99,12304383,919321,33376,2400,124812,"",0.30,0.30,0.17,0.27,0.31,0.57,0.57,"",0,0.0,5,5.3,1837369,17.6,5358,0.6,808,2.5,247,11.5,12865,11.5
"06085","5","423330","78","0","2023","A","",8,99,12304383,919321,33376,2400,124812,"",0.30,0.30,0.17,0.27,0.31,0.57,0.57,"",0,0.0,5,5.3,1837369,17.6,5358,0.6,808,2.5,247,11.5,12865,11.5
"06085","5","42339","77","0","2023","A","",16,179,17495112,1687463,66223,1878,97647,"",0.48,0.69,0.33,0.53,0.82,0.48,0.48,"",0,0.0,16,9.8,2152426,14.0,258187,18.1,8715,15.2,71,3.9,3664,3.9
"06085","5","423390","78","0","2023","A","",16,179,17495112,1687463,66223,1878,97647,"",0.48,0.69,0.33,0.53,0.82,0.48,0.48,"",0,0.0,16,9.8,2152426,14.0,258187,18.1,8715,15.2,71,3.9,3664,3.9
"06085","5","4234","76","0","2023","A","",368,8977,2229098681,77484986,2566092,4776,248326,"",0.76,1.65,1.26,1.34,1.64,0.77,0.76,"",-19,-4.9,418,4.9,246106449,12.4,288652,0.4,-86335,-3.3,320,7.2,16639,7.2
"06085","5","42341","77","0","2023","A","",6,80,14619651,706524,22003,3496,181799,"",0.69,0.89,0.58,0.65,0.69,0.64,0.64,"",-1,-14.3,5,6.7,1154462,8.6,-29344,-4.0,-1092,-4.7,62,1.8,3255,1.8
"06085","5","423410","78","0","2023","A","",6,80,14619651,706524,22003,3496,181799,"",0.69,0.89,0.58,0.65,0.69,0.64,0.64,"",-1,-14.3,5,6.7,1154462,8.6,-29344,-4.0,-1092,-4.7,62,1.8,3255,1.8
"06085","5","42342","77","0","2023","A","",42,232,19508392,2117801,116712,1616,84028,"",1.05,0.46,0.19,0.39,0.74,0.41,0.41,"",-4,-8.7,-37,-13.8,-3159647,-13.9,-389551,-15.5,-22123,-15.9,-4,-0.2,-188,-0.2
"06085","5","423420","78","0","2023","A","",42,232,19508392,2117801,116712,1616,84028,"",1.05,0.46,0.19,0.39,0.74,0.41,0.41,"",-4,-8.7,-37,-13.8,-3159647,-13.9,-389551,-15.5,-22123,-15.9,-4,-0.2,-188,-0.2
"06085","5","42343","77","0","2023","A","",169,6787,1860423108,56735407,1823840,5272,274119,"",1.42,3.95,2.46,3.17,3.66,0.62,0.62,"",-13,-7.1,283,4.4,201769027,12.2,-2895480,-4.9,-185106,-9.2,367,7.5,19079,7.5
"06085","5","423430","78","0","2023","A","",169,6787,1860423108,56735407,1823840,5272,274119,"",1.42,3.95,2.46,3.17,3.66,0.62,0.62,"",-13,-7.1,283,4.4,201769027,12.2,-2895480,-4.9,-185106,-9.2,367,7.5,19079,7.5
"06085","5","42344","77","0","2023","A","",20,123,12215364,1034961,29007,1914,99514,"",0.45,0.29,0.15,0.24,0.25,0.51,0.51,"",-1,-4.8,-1,-0.8,172307,1.4,-31455,-2.9,-2517,-8.0,39,2.1,1999,2.0
"06085","5","423440","78","0","2023","A","",20,123,12215364,1034961,29007,1914,99514,"",0.45,0.29,0.15,0.24,0.25,0.51,0.51,"",-1,-4.8,-1,-0.8,172307,1.4,-31455,-2.9,-2517,-8.0,39,2.1,1999,2.0
"06085","5","42345","77","0","2023","A","",94,1239,242941169,12566421,454053,3770,196065,"",0.41,0.55,0.35,0.52,0.71,0.64,0.64,"",-2,-2.1,150,13.8,44908485,22.7,3677030,41.4,141899,45.5,273,7.8,14217,7.8
"06085","5","423450","78","0","2023","A","",94,1239,242941169,12566421,454053,3770,196065,"",0.41,0.55,0.35,0.52,0.71,0.64,0.64,"",-2,-2.1,150,13.8,44908485,22.7,3677030,41.4,141899,45.5,273,7.8,14217,7.8
"06085","5","42346","77","0","2023","A","",15,111,16610743,844808,35279,2876,149534,"",0.94,0.68,0.47,0.53,0.73,0.70,0.70,"",-1,-6.2,-6,-5.1,-1541124,-8.5,-129621,-13.3,-3651,-9.4,-99,-3.3,-5169,-3.3
"06085","5","423460","78","0","2023","A","",15,111,16610743,844808,35279,2876,149534,"",0.94,0.68,0.47,0.53,0.73,0.70,0.70,"",-1,-6.2,-6,-5.1,-1541124,-8.5,-129621,-13.3,-3651,-9.4,-99,-3.3,-5169,-3.3
"06085","5","42349","77","0","2023","A","",22,404,62780254,3479064,85198,2988,155365,"",0.70,1.44,0.88,1.12,1.12,0.61,0.61,"",1,4.8,23,6.0,2802939,4.7,87073,2.6,-13745,-13.9,-39,-1.3,-2056,-1.3
"06085","5","423490","78","0","2023","A","",22,404,62780254,3479064,85198,2988,155365,"",0.70,1.44,0.88,1.12,1.12,0.61,0.61,"",1,4.8,23,6.0,2802939,4.7,87073,2.6,-13745,-13.9,-39,-1.3,-2056,-1.3
"06085","5","4235","76","0","2023","A","",26,211,19989577,1624397,41431,1826,94962,"",0.34,0.22,0.09,0.17,0.15,0.41,0.41,"",-1,-3.7,-14,-6.2,-861168,-4.1,-156299,-8.8,-2962,-6.7,43,2.4,2223,2.4
"06085","5","42351","77","0","2023","A","N",26,0,0,0,0,0,0,"N",0.36,0,0,0,0,0,0,"N",-1,-3.7,0,0,0,0,0,0,0,0,0,0,0,0
"06085","5","423510","78","0","2023","A","N",26,0,0,0,0,0,0,"N",0.36,0,0,0,0,0,0,"N",-1,-3.7,0,0,0,0,0,0,0,0,0,0,0,0
"06085","5","42352","77","0","2023","A","N",0,0,0,0,0,0,0,"N",0.00,0,0,0,0,0,0,"N",0,0,0,0,0,0,0,0,0,0,0,0,0,0
"06085","5","423520","78","0","2023","A","N",0,0,0,0,0,0,0,"N",0.00,0,0,0,0,0,0,"N",0,0,0,0,0,0,0,0,0,0,0,0,0,0
"06085","5","4236","76","0","2023","A","",422,5829,1108551464,50828097,1685813,3657,190171,"",1.63,2.13,1.50,1.77,2.23,0.70,0.70,"",-14,-3.2,-89,-1.5,-14811331,-1.3,-2571079,-4.8,-258504,-13.3,7,0.2,360,0.2
"06085","5","42361","77","0","2023","A","",73,934,119880987,7482575,214911,2469,128410,"",0.58,0.66,0.34,0.51,0.59,0.52,0.52,"",-3,-3.9,45,5.1,7310414,6.5,5393,0.1,-22699,-9.6,35,1.4,1820,1.4
"06085","5","423610","78","0","2023","A","",73,934,119880987,7482575,214911,2469,128410,"",0.58,0.66,0.34,0.51,0.59,0.52,0.52,"",-3,-3.9,45,5.1,7310414,6.5,5393,0.1,-22699,-9.6,35,1.4,1820,1.4
"06085","5","42362","77","0","2023","A","",40,442,97165792,4086660,148130,4232,220040,"",1.26,1.73,1.46,1.45,1.69,0.85,0.85,"",-2,-4.8,18,4.2,6022073,6.6,22165,0.5,-14965,-9.2,101,2.4,5247,2.4
"06085","5","423620","78","0","2023","A","",40,442,97165792,4086660,148130,4232,220040,"",1.26,1.73,1.46,1.45,1.69,0.85,0.85,"",-2,-4.8,18,4.2,6022073,6.6,22165,0.5,-14965,-9.2,101,2.4,5247,2.4
"06085","5","42369","77","0","2023","A","",309,4454,891504685,39258862,1322772,3849,200154,"",3.01,4.22,2.75,3.50,4.30,0.65,0.65,"",-9,-2.8,-151,-3.3,-28143818,-3.1,-2598637,-6.2,-220840,-14.3,8,0.2,437,0.2
"06085","5","423690","78","0","2023","A","",309,4454,891504685,39258862,1322772,3849,200154,"",3.01,4.22,2.75,3.50,4.30,0.65,0.65,"",-9,-2.8,-151,-3.3,-28143818,-3.1,-2598637,-6.2,-220840,-14.3,8,0.2,437,0.2
"06085","5","4237","76","0","2023","A","",84,1374,170761399,11944720,326941,2391,124326,"",0.46,0.61,0.35,0.50,0.57,0.57,0.57,"",3,3.7,184,15.5,32810120,23.8,1532718,14.7,10439,3.3,162,7.3,8441,7.3
"06085","5","42371","77","0","2023","A","",23,405,37920975,3513052,118003,1800,93574,"",0.42,0.60,0.30,0.51,0.69,0.49,0.49,"N",0,0.0,0,0,0,0,0,0,0,0,0,0,0,0
"06085","5","423710","78","0","2023","A","",23,405,37920975,3513052,118003,1800,93574,"",0.42,0.60,0.30,0.51,0.69,0.49,0.49,"N",0,0.0,0,0,0,0,0,0,0,0,0,0,0,0
"06085","5","42372","77","0","2023","A","",35,598,72551278,5289222,130986,2334,121391,"",0.50,0.68,0.38,0.55,0.60,0.56,0.56,"",-1,-2.8,60,11.2,12762647,21.3,384209,7.8,-15003,-10.3,197,9.2,10260,9.2
"06085","5","423720","78","0","2023","A","",35,598,72551278,5289222,130986,2334,121391,"",0.50,0.68,0.38,0.55,0.60,0.56,0.56,"",-1,-2.8,60,11.2,12762647,21.3,384209,7.8,-15003,-10.3,197,9.2,10260,9.2
"06085","5","42373","77","0","2023","A","N",24,0,0,0,0,0,0,"N",0.51,0,0,0,0,0,0,"N",3,14.3,0,0,0,0,0,0,0,0,0,0,0,0
"06085","5","423730","78","0","2023","A","N",24,0,0,0,0,0,0,"N",0.51,0,0,0,0,0,0,"N",3,14.3,0,0,0,0,0,0,0,0,0,0,0,0
"06085","5","42374","77","0","2023","A","N",2,0,0,0,0,0,0,"N",0.17,0,0,0,0,0,0,"N",0,0.0,0,0,0,0,0,0,0,0,0,0,0,0
"06085","5","423740","78","0","2023","A","N",2,0,0,0,0,0,0,"N",0.17,0,0,0,0,0,0,"N",0,0.0,0,0,0,0,0,0,0,0,0,0,0,0
"06085","5","4238","76","0","2023","A","",156,1468,175550710,13154373,390491,2300,119626,"",0.31,0.26,0.14,0.22,0.28,0.53,0.53,"",-1,-0.6,-9,-0.6,10761139,6.5,78500,0.6,-37586,-8.8,154,7.2,8056,7.2
"06085","5","42381","77","0","2023","A","",5,33,2876052,306861,8994,1655,86066,"",0.13,0.04,0.02,0.03,0.05,0.37,0.37,"",1,25.0,-2,-5.7,177111,6.6,-3814,-1.2,-3412,-27.5,165,11.1,8584,11.1
"06085","5","423810","78","0","2023","A","",5,33,2876052,306861,8994,1655,86066,"",0.13,0.04,0.02,0.03,0.05,0.37,0.37,"",1,25.0,-2,-5.7,177111,6.6,-3814,-1.2,-3412,-27.5,165,11.1,8584,11.1
"06085","5","42382","77","0","2023","A","",7,51,5308277,399042,14966,1998,103914,"",0.11,0.06,0.03,0.04,0.09,0.52,0.52,"",0,0.0,-1,-1.9,460571,9.5,-42637,-9.7,-2614,-14.9,194,10.8,10087,10.8
"06085","5","423820","78","0","2023","A","",7,51,5308277,399042,14966,1998,103914,"",0.11,0.06,0.03,0.04,0.09,0.52,0.52,"",0,0.0,-1,-1.9,460571,9.5,-42637,-9.7,-2614,-14.9,194,10.8,10087,10.8
"06085","5","42383","77","0","2023","A","",90,892,125913288,8291494,255282,2715,141185,"",0.37,0.36,0.21,0.32,0.39,0.60,0.59,"",-2,-2.2,-11,-1.2,8563589,7.3,371489,4.7,-23189,-8.3,215,8.6,11194,8.6
"06085","5","423830","78","0","2023","A","",90,892,125913288,8291494,255282,2715,141185,"",0.37,0.36,0.21,0.32,0.39,0.60,0.59,"",-2,-2.2,-11,-1.2,8563589,7.3,371489,4.7,-23189,-8.3,215,8.6,11194,8.6
"06085","5","42384","77","0","2023","A","",29,263,25732227,2258670,61410,1883,97934,"",0.33,0.34,0.15,0.27,0.30,0.45,0.45,"",1,3.6,10,4.0,2371685,10.2,-14647,-0.6,-4297,-6.5,109,6.1,5661,6.1
"06085","5","423840","78","0","2023","A","",29,263,25732227,2258670,61410,1883,97934,"",0.33,0.34,0.15,0.27,0.30,0.45,0.45,"",1,3.6,10,4.0,2371685,10.2,-14647,-0.6,-4297,-6.5,109,6.1,5661,6.1
"06085","5","42385","77","0","2023","A","",17,198,12311244,1652381,43919,1199,62335,"",0.38,0.48,0.17,0.39,0.42,0.36,0.36,"",0,0.0,-8,-3.9,-874236,-6.6,-228943,-12.2,-3374,-7.1,-31,-2.5,-1646,-2.6
"06085","5","423850","78","0","2023","A","",17,198,12311244,1652381,43919,1199,62335,"",0.38,0.48,0.17,0.39,0.42,0.36,0.36,"",0,0.0,-8,-3.9,-874236,-6.6,-228943,-12.2,-3374,-7.1,-31,-2.5,-1646,-2.6
"06085","5","42386","77","0","2023","A","",8,31,3409622,245925,5920,2121,110284,"",0.26,0.11,0.05,0.09,0.08,0.41,0.41,"",-1,-11.1,2,6.9,62419,1.9,-2948,-1.2,-700,-10.6,-138,-6.1,-7162,-6.1
"06085","5","423860","78","0","2023","A","",8,31,3409622,245925,5920,2121,110284,"",0.26,0.11,0.05,0.09,0.08,0.41,0.41,"",-1,-11.1,2,6.9,62419,1.9,-2948,-1.2,-700,-10.6,-138,-6.1,-7162,-6.1
"06085","5","4239","76","0","2023","A","",126,737,58451755,5843411,188429,1526,79355,"",0.44,0.32,0.14,0.24,0.28,0.43,0.43,"",0,0.0,-78,-9.6,-9108149,-13.5,-648613,-10.0,-31758,-14.4,-68,-4.3,-3524,-4.3
"06085","5","42391","77","0","2023","A","",22,75,6189751,583935,16952,1578,82074,"",0.37,0.16,0.07,0.12,0.13,0.44,0.44,"",-2,-8.3,-25,-25.0,-2340508,-27.4,-296946,-33.7,-11194,-39.8,-61,-3.7,-3158,-3.7
"06085","5","423910","78","0","2023","A","",22,75,6189751,583935,16952,1578,82074,"",0.37,0.16,0.07,0.12,0.13,0.44,0.44,"",-2,-8.3,-25,-25.0,-2340508,-27.4,-296946,-33.7,-11194,-39.8,-61,-3.7,-3158,-3.7
"06085","5","42392","77","0","2023","A","",11,56,2076764,538217,12506,712,37030,"",0.53,0.32,0.05,0.28,0.21,0.16,0.16,"",-1,-8.3,-6,-9.7,-361315,-14.8,24092,4.7,-3236,-20.6,-41,-5.4,-2136,-5.5
"06085","5","423920","78","0","2023","A","",11,56,2076764,538217,12506,712,37030,"",0.53,0.32,0.05,0.28,0.21,0.16,0.16,"",-1,-8.3,-6,-9.7,-361315,-14.8,24092,4.7,-3236,-20.6,-41,-5.4,-2136,-5.5
"06085","5","42393","77","0","2023","A","",31,348,25249945,2612466,88000,1396,72592,"",0.58,0.47,0.21,0.35,0.46,0.44,0.44,"",3,10.7,-54,-13.4,-5196313,-17.1,-373409,-12.5,-13380,-13.2,-59,-4.1,-3067,-4.1
"06085","5","423930","78","0","2023","A","",31,348,25249945,2612466,88000,1396,72592,"",0.58,0.47,0.21,0.35,0.46,0.44,0.44,"",3,10.7,-54,-13.4,-5196313,-17.1,-373409,-12.5,-13380,-13.2,-59,-4.1,-3067,-4.1
"06085","5","42394","77","0","2023","A","",18,39,3695285,325623,9893,1807,93948,"",0.36,0.15,0.07,0.13,0.11,0.48,0.48,"",0,0.0,4,11.4,-38833,-1.0,-15004,-4.4,-2426,-19.7,-225,-11.1,-11735,-11.1
"06085","5","423940","78","0","2023","A","",18,39,3695285,325623,9893,1807,93948,"",0.36,0.15,0.07,0.13,0.11,0.48,0.48,"",0,0.0,4,11.4,-38833,-1.0,-15004,-4.4,-2426,-19.7,-225,-11.1,-11735,-11.1
"06085","5","42399","77","0","2023","A","",45,218,21240010,1783170,61078,1874,97468,"",0.44,0.33,0.16,0.26,0.30,0.49,0.49,"",0,0.0,3,1.4,-1171180,-5.2,12654,0.7,-1522,-2.4,-130,-6.5,-6730,-6.5
"06085","5","423990","78","0","2023","A","",45,218,21240010,1783170,61078,1874,97468,"",0.44,0.33,0.16,0.26,0.30,0.49,0.49,"",0,0.0,3,1.4,-1171180,-5.2,12654,0.7,-1522,-2.4,-130,-6.5,-6730,-6.5
"06085","5","424","75","0","2023","A","",452,5899,583146263,53158673,1422188,1901,98858,"",0.37,0.37,0.17,0.31,0.31,0.45,0.45,"",-9,-2.0,15,0.3,-35157240,-5.7,-756372,-1.4,-120494,-7.8,-120,-5.9,-6221,-5.9
"06085","5","4241","76","0","2023","A","",18,137,16243422,1111359,41159,2279,118493,"",0.27,0.16,0.09,0.13,0.17,0.57,0.57,"N",-4,-18.2,0,0,0,0,0,0,0,0,0,0,0,0
"06085","5","42411","77","0","2023","A","N",2,0,0,0,0,0,0,"N",0.22,0,0,0,0,0,0,"N",-2,-50.0,0,0,0,0,0,0,0,0,0,0,0,0
"06085","5","424110","78","0","2023","A","N",2,0,0,0,0,0,0,"N",0.22,0,0,0,0,0,0,"N",-2,-50.0,0,0,0,0,0,0,0,0,0,0,0,0
"06085","5","42412","77","0","2023","A","N",3,0,0,0,0,0,0,"N",0.13,0,0,0,0,0,0,"N",0,0.0,0,0,0,0,0,0,0,0,0,0,0,0
"06085","5","424120","78","0","2023","A","N",3,0,0,0,0,0,0,"N",0.13,0,0,0,0,0,0,"N",0,0.0,0,0,0,0,0,0,0,0,0,0,0,0
"06085","5","42413","77","0","2023","A","",13,115,12727130,949884,34211,2136,111073,"",0.38,0.24,0.12,0.18,0.24,0.48,0.48,"",-1,-7.1,-50,-30.3,-3379877,-21.0,-690498,-42.1,-18476,-35.1,256,13.6,13307,13.6
"06085","5","424130","78","0","2023","A","",13,115,12727130,949884,34211,2136,111073,"",0.38,0.24,0.12,0.18,0.24,0.48,0.48,"",-1,-7.1,-50,-30.3,-3379877,-21.0,-690498,-42.1,-18476,-35.1,256,13.6,13307,13.6
"06085","5","4242","76","0","2023","A","",55,794,200827733,7436755,233947,4863,252879,"",0.35,0.42,0.27,0.36,0.39,0.65,0.65,"",-8,-12.7,-68,-7.9,-17769859,-8.1,150737,2.1,12559,5.7,-13,-0.3,-665,-0.3
"06085","5","42421","77","0","2023","A","",55,794,200827733,7436755,233947,4863,252879,"",0.35,0.42,0.27,0.36,0.39,0.65,0.65,"",-8,-12.7,-68,-7.9,-17769859,-8.1,150737,2.1,12559,5.7,-13,-0.3,-665,-0.3
"06085","5","424210","78","0","2023","A","",55,794,200827733,7436755,233947,4863,252879,"",0.35,0.42,0.27,0.36,0.39,0.65,0.65,"",-8,-12.7,-68,-7.9,-17769859,-8.1,150737,2.1,12559,5.7,-13,-0.3,-665,-0.3
"06085","5","4243","76","0","2023","A","",39,160,7139128,1451790,34328,859,44643,"",0.35,0.15,0.03,0.13,0.09,0.22,0.22,"",-1,-2.5,-4,-2.4,-354556,-4.7,-11941,-0.8,-6784,-16.5,-20,-2.3,-1073,-2.3
"06085","5","42431","77","0","2023","A","N",5,0,0,0,0,0,0,"N",0.20,0,0,0,0,0,0,"N",-1,-16.7,0,0,0,0,0,0,0,0,0,0,0,0
"06085","5","424310","78","0","2023","A","N",5,0,0,0,0,0,0,"N",0.20,0,0,0,0,0,0,"N",-1,-16.7,0,0,0,0,0,0,0,0,0,0,0,0
"06085","5","42434","77","0","2023","A","N",5,0,0,0,0,0,0,"N",0.38,0,0,0,0,0,0,"N",-1,-16.7,0,0,0,0,0,0,0,0,0,0,0,0
"06085","5","424340","78","0","2023","A","N",5,0,0,0,0,0,0,"N",0.38,0,0,0,0,0,0,"N",-1,-16.7,0,0,0,0,0,0,0,0,0,0,0,0
"06085","5","42435","77","0","2023","A","",29,111,5169044,1168691,25202,898,46708,"",0.40,0.15,0.04,0.16,0.10,0.23,0.23,"",1,3.6,4,3.7,-100511,-1.9,44637,4.0,-3206,-11.3,-50,-5.3,-2579,-5.2
"06085","5","424350","78","0","2023","A","",29,111,5169044,1168691,25202,898,46708,"",0.40,0.15,0.04,0.16,0.10,0.23,0.23,"",1,3.6,4,3.7,-100511,-1.9,44637,4.0,-3206,-11.3,-50,-5.3,-2579,-5.2
"06085","5","4244","76","0","2023","A","",170,2702,180209579,24472824,626867,1282,66685,"",0.52,0.45,0.17,0.38,0.36,0.37,0.37,"",8,4.9,253,10.3,12423454,7.4,1230559,5.3,-3027,-0.5,-35,-2.7,-1815,-2.6
"06085","5","42441","77","0","2023","A","",39,906,60283261,8464295,228403,1280,66544,"",0.68,0.48,0.18,0.39,0.42,0.37,0.37,"",0,0.0,-12,-1.3,1004206,1.7,-361153,-4.1,-27798,-10.9,38,3.1,1970,3.1
"06085","5","424410","78","0","2023","A","",39,906,60283261,8464295,228403,1280,66544,"",0.68,0.48,0.18,0.39,0.42,0.37,0.37,"",0,0.0,-12,-1.3,1004206,1.7,-361153,-4.1,-27798,-10.9,38,3.1,1970,3.1
"06085","5","42442","77","0","2023","A","",7,24,556702,172530,4206,445,23116,"",0.38,0.10,0.01,0.06,0.06,0.12,0.12,"",1,16.7,-4,-14.3,18751,3.5,-23733,-12.1,-1113,-20.9,76,20.6,3903,20.3
"06085","5","424420","78","0","2023","A","",7,24,556702,172530,4206,445,23116,"",0.38,0.10,0.01,0.06,0.06,0.12,0.12,"",1,16.7,-4,-14.3,18751,3.5,-23733,-12.1,-1113,-20.9,76,20.6,3903,20.3
"06085","5","42443","77","0","2023","A","",5,20,1823199,180529,6577,1753,91160,"",0.28,0.08,0.04,0.07,0.09,0.49,0.49,"",0,0.0,-1,-4.8,361874,24.8,-12397,-6.4,-567,-7.9,388,28.4,20164,28.4
"06085","5","424430","78","0","2023","A","",5,20,1823199,180529,6577,1753,91160,"",0.28,0.08,0.04,0.07,0.09,0.49,0.49,"",0,0.0,-1,-4.8,361874,24.8,-12397,-6.4,-567,-7.9,388,28.4,20164,28.4
"06085","5","42444","77","0","2023","A","N",1,0,0,0,0,0,0,"N",0.20,0,0,0,0,0,0,"N",0,0.0,0,0,0,0,0,0,0,0,0,0,0,0
"06085","5","424440","78","0","2023","A","N",1,0,0,0,0,0,0,"N",0.20,0,0,0,0,0,0,"N",0,0.0,0,0,0,0,0,0,0,0,0,0,0,0
"06085","5","42445","77","0","2023","A","N",5,0,0,0,0,0,0,"N",0.19,0,0,0,0,0,0,"N",-1,-16.7,0,0,0,0,0,0,0,0,0,0,0,0
"06085","5","424450","78","0","2023","A","N",5,0,0,0,0,0,0,"N",0.19,0,0,0,0,0,0,"N",-1,-16.7,0,0,0,0,0,0,0,0,0,0,0,0
"06085","5","42446","77","0","2023","A","",13,368,20908578,3374938,68758,1094,56881,"",0.70,1.83,0.64,1.53,1.04,0.35,0.35,"",-1,-7.1,9,2.5,166875,0.8,-11390,-0.3,-12452,-15.3,-16,-1.4,-855,-1.5
"06085","5","424460","78","0","2023","A","",13,368,20908578,3374938,68758,1094,56881,"",0.70,1.83,0.64,1.53,1.04,0.35,0.35,"",-1,-7.1,9,2.5,166875,0.8,-11390,-0.3,-12452,-15.3,-16,-1.4,-855,-1.5
"06085","5","42447","77","0","2023","A","",10,142,12009285,1193836,23858,1630,84771,"",0.48,0.41,0.19,0.33,0.24,0.48,0.48,"",-1,-9.1,-4,-2.7,-9240177,-43.5,-554957,-31.7,-11291,-32.1,-1175,-41.9,-61106,-41.9
"06085","5","424470","78","0","2023","A","",10,142,12009285,1193836,23858,1630,84771,"",0.48,0.41,0.19,0.33,0.24,0.48,0.48,"",-1,-9.1,-4,-2.7,-9240177,-43.5,-554957,-31.7,-11291,-32.1,-1175,-41.9,-61106,-41.9
"06085","5","42448","77","0","2023","A","",31,265,15441041,2191918,53593,1122,58323,"",0.88,0.38,0.14,0.30,0.25,0.36,0.36,"",5,19.2,28,11.8,2002106,14.9,275378,14.4,3679,7.4,30,2.7,1519,2.7
"06085","5","424480","78","0","2023","A","",31,265,15441041,2191918,53593,1122,58323,"",0.88,0.38,0.14,0.30,0.25,0.36,0.36,"",5,19.2,28,11.8,2002106,14.9,275378,14.4,3679,7.4,30,2.7,1519,2.7
"06085","5","42449","77","0","2023","A","",60,800,54936769,7162592,198500,1321,68700,"",0.47,0.45,0.16,0.37,0.38,0.36,0.36,"",5,9.1,222,38.4,18474951,50.7,2059801,40.4,49371,33.1,108,8.9,5608,8.9
"06085","5","424490","78","0","2023","A","",60,800,54936769,7162592,198500,1321,68700,"",0.47,0.45,0.16,0.37,0.38,0.36,0.36,"",5,9.1,222,38.4,18474951,50.7,2059801,40.4,49371,33.1,108,8.9,5608,8.9
"06085","5","4245","76","0","2023","A","",4,13,6060105,130280,2311,9261,481598,"",0.08,0.03,0.08,0.02,0.02,3.19,3.19,"N",1,33.3,0,0,0,0,0,0,0,0,0,0,0,0
"06085","5","42451","77","0","2023","A","N",1,0,0,0,0,0,0,"N",0.04,0,0,0,0,0,0,"N",1,100.0,0,0,0,0,0,0,0,0,0,0,0,0
"06085","5","424510","78","0","2023","A","N",1,0,0,0,0,0,0,"N",0.04,0,0,0,0,0,0,"N",1,100.0,0,0,0,0,0,0,0,0,0,0,0,0
"06085","5","42459","77","0","2023","A","N",3,0,0,0,0,0,0,"N",0.24,0,0,0,0,0,0,"N",0,0.0,0,0,0,0,0,0,0,0,0,0,0,0
"06085","5","424590","78","0","2023","A","N",3,0,0,0,0,0,0,"N",0.24,0,0,0,0,0,0,"N",0,0.0,0,0,0,0,0,0,0,0,0,0,0,0
"06085","5","4246","76","0","2023","A","",37,270,33724818,2072379,54902,2404,125022,"",0.30,0.24,0.12,0.18,0.18,0.48,0.48,"",0,0.0,2,0.7,-532585,-1.6,-72856,-3.4,-3390,-5.8,-53,-2.2,-2725,-2.1
"06085","5","42461","77","0","2023","A","",13,86,9919620,634555,21364,2225,115681,"",0.43,0.39,0.18,0.29,0.35,0.46,0.46,"",1,8.3,-2,-2.3,162672,1.7,11949,1.9,2014,10.4,99,4.7,5121,4.6
"06085","5","424610","78","0","2023","A","",13,86,9919620,634555,21364,2225,115681,"",0.43,0.39,0.18,0.29,0.35,0.46,0.46,"",1,8.3,-2,-2.3,162672,1.7,11949,1.9,2014,10.4,99,4.7,5121,4.6
"06085","5","42469","77","0","2023","A","",25,184,23805198,1437824,33538,2488,129376,"",0.26,0.21,0.10,0.15,0.14,0.49,0.49,"",1,4.2,4,2.2,-695257,-2.8,-84805,-5.6,-5404,-13.9,-131,-5.0,-6801,-5.0
"06085","5","424690","78","0","2023","A","",25,184,23805198,1437824,33538,2488,129376,"",0.26,0.21,0.10,0.15,0.14,0.49,0.49,"",1,4.2,4,2.2,-695257,-2.8,-84805,-5.6,-5404,-13.9,-131,-5.0,-6801,-5.0
"06085","5","4247","76","0","2023","A","",15,323,32787796,2873058,68958,1955,101641,"",0.26,0.43,0.16,0.35,0.33,0.38,0.38,"",0,0.0,9,2.9,3633147,12.5,113205,4.1,-11938,-14.8,170,9.5,8841,9.5
"06085","5","42471","77","0","2023","A","",5,159,17222989,1351349,31503,2087,108548,"",0.27,0.63,0.28,0.46,0.49,0.45,0.45,"",0,0.0,10,6.7,2416093,16.3,8460,0.6,-4765,-13.1,178,9.3,9284,9.4
"06085","5","424710","78","0","2023","A","",5,159,17222989,1351349,31503,2087,108548,"",0.27,0.63,0.28,0.46,0.49,0.45,0.45,"",0,0.0,10,6.7,2416093,16.3,8460,0.6,-4765,-13.1,178,9.3,9284,9.4
"06085","5","42472","77","0","2023","A","",10,164,15564807,1521709,37455,1826,94956,"",0.26,0.33,0.11,0.28,0.26,0.34,0.34,"",0,0.0,-1,-0.6,1217054,8.5,104745,7.4,-7173,-16.1,154,9.2,8000,9.2
"06085","5","424720","78","0","2023","A","",10,164,15564807,1521709,37455,1826,94956,"",0.26,0.33,0.11,0.28,0.26,0.34,0.34,"",0,0.0,-1,-0.6,1217054,8.5,104745,7.4,-7173,-16.1,154,9.2,8000,9.2
"06085","5","4248","76","0","2023","A","",13,358,32598348,3233629,87254,1753,91142,"",0.21,0.23,0.10,0.20,0.24,0.46,0.46,"",1,8.3,9,2.6,-348945,-1.1,121563,3.9,8875,11.3,-61,-3.4,-3195,-3.4
"06085","5","42481","77","0","2023","A","N",2,0,0,0,0,0,0,"N",0.10,0,0,0,0,0,0,"N",0,0.0,0,0,0,0,0,0,0,0,0,0,0,0
"06085","5","424810","78","0","2023","A","N",2,0,0,0,0,0,0,"N",0.10,0,0,0,0,0,0,"N",0,0.0,0,0,0,0,0,0,0,0,0,0,0,0
"06085","5","42482","77","0","2023","A","N",11,0,0,0,0,0,0,"N",0.26,0,0,0,0,0,0,"N",1,10.0,0,0,0,0,0,0,0,0,0,0,0,0
"06085","5","424820","78","0","2023","A","N",11,0,0,0,0,0,0,"N",0.26,0,0,0,0,0,0,"N",1,10.0,0,0,0,0,0,0,0,0,0,0,0,0
"06085","5","4249","76","0","2023","A","",100,1143,73555334,10376599,272462,1238,64372,"",0.39,0.48,0.17,0.41,0.40,0.36,0.36,"",-10,-9.1,-110,-8.8,-7697799,-9.5,-1017825,-8.9,-65369,-19.3,-9,-0.7,-492,-0.8
"06085","5","42491","77","0","2023","A","",8,183,19349784,1595726,47504,2031,105592,"",0.09,0.21,0.11,0.15,0.20,0.53,0.53,"",0,0.0,-10,-5.2,-1412618,-6.8,-84364,-5.0,-4600,-8.8,-40,-1.9,-2078,-1.9
"06085","5","424910","78","0","2023","A","",8,183,19349784,1595726,47504,2031,105592,"",0.09,0.21,0.11,0.15,0.20,0.53,0.53,"",0,0.0,-10,-5.2,-1412618,-6.8,-84364,-5.0,-4600,-8.8,-40,-1.9,-2078,-1.9
"06085","5","42492","77","0","2023","A","N",3,0,0,0,0,0,0,"N",0.23,0,0,0,0,0,0,"N",-1,-25.0,0,0,0,0,0,0,0,0,0,0,0,0
"06085","5","424920","78","0","2023","A","N",3,0,0,0,0,0,0,"N",0.23,0,0,0,0,0,0,"N",-1,-25.0,0,0,0,0,0,0,0,0,0,0,0,0
"06085","5","42493","77","0","2023","A","",14,533,26952402,5310617,112382,972,50567,"",0.55,1.51,0.63,1.64,1.15,0.41,0.41,"",0,0.0,-26,-4.7,-744713,-2.7,-363976,-6.4,-20347,-15.3,18,1.9,975,2.0
"06085","5","424930","78","0","2023","A","",14,533,26952402,5310617,112382,972,50567,"",0.55,1.51,0.63,1.64,1.15,0.41,0.41,"",0,0.0,-26,-4.7,-744713,-2.7,-363976,-6.4,-20347,-15.3,18,1.9,975,2.0
"06085","5","42494","77","0","2023","A","N",6,0,0,0,0,0,0,"N",0.39,0,0,0,0,0,0,"N",0,0.0,0,0,0,0,0,0,0,0,0,0,0,0
"06085","5","424940","78","0","2023","A","N",6,0,0,0,0,0,0,"N",0.39,0,0,0,0,0,0,"N",0,0.0,0,0,0,0,0,0,0,0,0,0,0,0
"06085","5","42495","77","0","2023","A","",11,41,3065571,394101,10009,1441,74922,"",0.58,0.24,0.09,0.23,0.24,0.39,0.39,"",-1,-8.3,-7,-14.6,194126,6.8,14674,3.9,-67,-0.7,291,25.3,15100,25.2
"06085","5","424950","78","0","2023","A","",11,41,3065571,394101,10009,1441,74922,"",0.58,0.24,0.09,0.23,0.24,0.39,0.39,"",-1,-8.3,-7,-14.6,194126,6.8,14674,3.9,-67,-0.7,291,25.3,15100,25.2
"06085","5","42499","77","0","2023","A","",58,341,20373783,2747835,93109,1149,59747,"",0.58,0.56,0.19,0.46,0.49,0.34,0.34,"",-7,-10.8,-71,-17.2,-5983596,-22.7,-577280,-17.4,-40482,-30.3,-80,-6.5,-4163,-6.5
"06085","5","424990","78","0","2023","A","",58,341,20373783,2747835,93109,1149,59747,"",0.58,0.56,0.19,0.46,0.49,0.34,0.34,"",-7,-10.8,-71,-17.2,-5983596,-22.7,-577280,-17.4,-40482,-30.3,-80,-6.5,-4163,-6.5
"06085","5","425","75","0","2023","A","",291,1300,191147936,11394048,310656,2829,147093,"",0.36,0.35,0.17,0.29,0.29,0.48,0.48,"",-12,-4.0,-95,-6.8,-18966990,-9.0,-1516134,-11.7,-65595,-17.4,-69,-2.4,-3581,-2.4
"06085","5","4251","76","0","2023","A","",291,1300,191147936,11394048,310656,2829,147093,"",0.36,0.35,0.17,0.29,0.29,0.48,0.48,"",-12,-4.0,-95,-6.8,-18966990,-9.0,-1516134,-11.7,-65595,-17.4,-69,-2.4,-3581,-2.4
"06085","5","42512","77","0","2023","A","",291,1300,191147936,11394048,310656,2829,147093,"",0.36,0.35,0.17,0.29,0.29,0.48,0.48,"",-12,-4.0,-95,-6.8,-18966990,-9.0,-1516134,-11.7,-65595,-17.4,-69,-2.4,-3581,-2.4
"06085","5","425120","78","0","2023","A","",291,1300,191147936,11394048,310656,2829,147093,"",0.36,0.35,0.17,0.29,0.29,0.48,0.48,"",-12,-4.0,-95,-6.8,-18966990,-9.0,-1516134,-11.7,-65595,-17.4,-69,-2.4,-3581,-2.4
"06085","5","44-45","74","0","2023","A","",4186,72385,4263781783,620723742,13908382,1133,58904,"",0.58,0.64,0.38,0.64,0.66,0.59,0.59,"",2,0.0,-117,-0.2,-4512634,-0.1,-12403623,-2.0,-819803,-5.6,1,0.1,32,0.1
"06085","5","441","75","0","2023","A","",365,7441,655675168,70556181,1999528,1694,88112,"",0.44,0.50,0.27,0.46,0.55,0.53,0.53,"",0,0.0,219,3.0,-7386513,-1.1,5091,0.0,-158687,-7.4,-72,-4.1,-3696,-4.0
"06085","5","4411","76","0","2023","A","",136,5417,538280254,50493732,1521760,1911,99372,"",0.42,0.58,0.30,0.52,0.62,0.51,0.51,"",3,2.3,248,4.8,-3567050,-0.7,139153,0.3,-152401,-9.1,-105,-5.2,-5454,-5.2
"06085","5","44111","77","0","2023","A","",88,5193,525885460,48595149,1472464,1947,101267,"",0.62,0.64,0.32,0.57,0.70,0.50,0.50,"",-3,-3.3,248,5.0,-3797623,-0.7,208184,0.4,-145004,-9.0,-113,-5.5,-5848,-5.5
"06085","5","441110","78","0","2023","A","",88,5193,525885460,48595149,1472464,1947,101267,"",0.62,0.64,0.32,0.57,0.70,0.50,0.50,"",-3,-3.3,248,5.0,-3797623,-0.7,208184,0.4,-145004,-9.0,-113,-5.5,-5848,-5.5
"06085","5","44112","77","0","2023","A","",47,224,12394794,1898583,49296,1065,55396,"",0.26,0.18,0.07,0.15,0.15,0.38,0.38,"",5,11.9,0,0.0,230573,1.9,-69031,-3.5,-7397,-13.0,21,2.0,1091,2.0
"06085","5","441120","78","0","2023","A","",47,224,12394794,1898583,49296,1065,55396,"",0.26,0.18,0.07,0.15,0.15,0.38,0.38,"",5,11.9,0,0.0,230573,1.9,-69031,-3.5,-7397,-13.0,21,2.0,1091,2.0
"06085","5","4412","76","0","2023","A","",36,374,25116903,3766150,129301,1293,67217,"",0.35,0.29,0.13,0.26,0.33,0.44,0.44,"",2,5.9,-22,-5.6,-4152105,-14.2,-178852,-4.5,-7226,-5.3,-129,-9.1,-6710,-9.1
"06085","5","44121","77","0","2023","A","",12,181,13003645,1891390,65397,1380,71744,"",0.58,0.45,0.19,0.39,0.47,0.44,0.44,"",1,9.1,0,0.0,-1737552,-11.8,34759,1.9,317,0.5,-190,-12.1,-9887,-12.1
"06085","5","441210","78","0","2023","A","",12,181,13003645,1891390,65397,1380,71744,"",0.58,0.45,0.19,0.39,0.47,0.44,0.44,"",1,9.1,0,0.0,-1737552,-11.8,34759,1.9,317,0.5,-190,-12.1,-9887,-12.1
"06085","5","44122","77","0","2023","A","",24,192,12113258,1874760,63904,1211,62953,"",0.29,0.22,0.09,0.20,0.25,0.43,0.43,"",1,4.3,-23,-10.7,-2414553,-16.6,-213611,-10.2,-7543,-10.6,-86,-6.6,-4514,-6.7
"06085","5","441222","78","0","2023","A","",4,28,1413970,236395,5199,989,51417,"",0.13,0.10,0.03,0.08,0.05,0.33,0.33,"",0,0.0,2,7.7,64621,4.8,13213,5.9,-1314,-20.2,-15,-1.5,-816,-1.6
"06085","5","441227","78","0","2023","A","",20,165,10699288,1638365,58705,1248,64877,"",0.39,0.28,0.13,0.26,0.37,0.45,0.45,"",1,5.3,-25,-13.2,-2479174,-18.8,-226824,-12.2,-6229,-9.6,-89,-6.7,-4666,-6.7
"06085","5","4413","76","0","2023","A","",194,1651,92278011,16296299,348467,1075,55895,"",0.48,0.39,0.20,0.41,0.44,0.52,0.52,"",-5,-2.5,-6,-0.4,332642,0.4,44790,0.3,940,0.3,8,0.7,417,0.8
"06085","5","44133","77","0","2023","A","",115,1060,59237873,10139334,213562,1074,55872,"",0.43,0.37,0.21,0.40,0.43,0.58,0.58,"",-4,-3.4,-17,-1.6,-1204717,-2.0,-153161,-1.5,25,0.0,-6,-0.6,-275,-0.5
"06085","5","441330","78","0","2023","A","",115,1060,59237873,10139334,213562,1074,55872,"",0.43,0.37,0.21,0.40,0.43,0.58,0.58,"",-4,-3.4,-17,-1.6,-1204717,-2.0,-153161,-1.5,25,0.0,-6,-0.6,-275,-0.5
"06085","5","44134","77","0","2023","A","",79,591,33040138,6156965,134905,1076,55937,"",0.57,0.43,0.19,0.42,0.46,0.43,0.43,"",-1,-1.2,10,1.7,1537359,4.9,197951,3.3,915,0.7,33,3.2,1700,3.1
"06085","5","441340","78","0","2023","A","",79,591,33040138,6156965,134905,1076,55937,"",0.57,0.43,0.19,0.42,0.46,0.43,0.43,"",-1,-1.2,10,1.7,1537359,4.9,197951,3.3,915,0.7,33,3.2,1700,3.1
"06085","5","444","75","0","2023","A","",266,5579,286424979,46439247,1044742,987,51344,"",0.55,0.54,0.27,0.51,0.53,0.49,0.49,"",-8,-2.9,-335,-5.7,-14657240,-4.9,-5626706,-10.8,-200950,-16.1,8,0.8,432,0.8
"06085","5","4441","76","0","2023","A","",225,5136,268248815,42792655,960309,1004,52232,"",0.61,0.57,0.28,0.54,0.60,0.49,0.49,"",-3,-1.3,-302,-5.6,-12896083,-4.6,-5145414,-10.7,-182064,-15.9,10,1.0,530,1.0
"06085","5","44411","77","0","2023","A","",28,3005,120341691,24440192,523628,770,40046,"",0.45,0.55,0.25,0.52,0.59,0.46,0.46,"",-2,-6.7,-196,-6.1,-2368387,-1.9,-3486873,-12.5,-94611,-15.3,33,4.5,1716,4.5
"06085","5","444110","78","0","2023","A","",28,3005,120341691,24440192,523628,770,40046,"",0.45,0.55,0.25,0.52,0.59,0.46,0.46,"",-2,-6.7,-196,-6.1,-2368387,-1.9,-3486873,-12.5,-94611,-15.3,33,4.5,1716,4.5
"06085","5","44412","77","0","2023","A","",40,231,12826737,1773294,39521,1069,55607,"",0.87,0.74,0.30,0.60,0.76,0.41,0.41,"",0,0.0,-25,-9.8,-2248163,-14.9,-460219,-20.6,-18634,-32.0,-65,-5.7,-3375,-5.7
"06085","5","444120","78","0","2023","A","",40,231,12826737,1773294,39521,1069,55607,"",0.87,0.74,0.30,0.60,0.76,0.41,0.41,"",0,0.0,-25,-9.8,-2248163,-14.9,-460219,-20.6,-18634,-32.0,-65,-5.7,-3375,-5.7
"06085","5","44414","77","0","2023","A","",35,654,29970355,5790918,129218,882,45844,"",0.34,0.51,0.26,0.52,0.61,0.50,0.50,"",-1,-2.8,-94,-12.6,-8856188,-22.8,-1013986,-14.9,-49963,-27.9,-116,-11.6,-6040,-11.6
"06085","5","444140","78","0","2023","A","",35,654,29970355,5790918,129218,882,45844,"",0.34,0.51,0.26,0.52,0.61,0.50,0.50,"",-1,-2.8,-94,-12.6,-8856188,-22.8,-1013986,-14.9,-49963,-27.9,-116,-11.6,-6040,-11.6
"06085","5","44418","77","0","2023","A","",123,1246,105110032,10788251,267942,1622,84341,"",0.79,0.68,0.34,0.57,0.59,0.50,0.50,"",1,0.8,14,1.1,576655,0.6,-184336,-1.7,-18856,-6.6,-9,-0.6,-479,-0.6
"06085","5","444180","78","0","2023","A","",123,1246,105110032,10788251,267942,1622,84341,"",0.79,0.68,0.34,0.57,0.59,0.50,0.50,"",1,0.8,14,1.1,576655,0.6,-184336,-1.7,-18856,-6.6,-9,-0.6,-479,-0.6
"06085","5","4442","76","0","2023","A","",41,443,18176164,3646592,84433,789,41053,"",0.35,0.33,0.14,0.31,0.24,0.43,0.43,"",-6,-12.8,-33,-6.9,-1761157,-8.8,-481292,-11.7,-18886,-18.3,-16,-2.0,-825,-2.0
"06085","5","44423","77","0","2023","A","N",3,0,0,0,0,0,0,"N",0.12,0,0,0,0,0,0,"N",-2,-40.0,0,0,0,0,0,0,0,0,0,0,0,0
"06085","5","444230","78","0","2023","A","N",3,0,0,0,0,0,0,"N",0.12,0,0,0,0,0,0,"N",-2,-40.0,0,0,0,0,0,0,0,0,0,0,0,0
"06085","5","44424","77","0","2023","A","N",38,0,0,0,0,0,0,"N",0.41,0,0,0,0,0,0,"N",-3,-7.3,0,0,0,0,0,0,0,0,0,0,0,0
"06085","5","444240","78","0","2023","A","N",38,0,0,0,0,0,0,"N",0.41,0,0,0,0,0,0,"N",-3,-7.3,0,0,0,0,0,0,0,0,0,0,0,0
"06085","5","445","75","0","2023","A","",749,17025,705076070,143576157,2741312,796,41413,"",0.70,0.72,0.39,0.76,0.76,0.53,0.53,"",4,0.5,420,2.5,27241006,4.0,-420113,-0.3,-20458,-0.7,11,1.4,593,1.5
"06085","5","4451","76","0","2023","A","",464,15146,636460214,126232125,2319613,808,42022,"",0.71,0.74,0.40,0.77,0.79,0.54,0.54,"",-6,-1.3,391,2.6,22974160,3.7,-1383866,-1.1,-34681,-1.5,8,1.0,444,1.1
"06085","5","44511","77","0","2023","A","",324,14438,608136082,119193978,2155131,810,42120,"",0.83,0.76,0.41,0.79,0.84,0.54,0.54,"",-7,-2.1,386,2.7,21233027,3.6,-1455296,-1.2,-32030,-1.5,7,0.9,354,0.8
"06085","5","445110","78","0","2023","A","",324,14438,608136082,119193978,2155131,810,42120,"",0.83,0.76,0.41,0.79,0.84,0.54,0.54,"",-7,-2.1,386,2.7,21233027,3.6,-1455296,-1.2,-32030,-1.5,7,0.9,354,0.8
"06085","5","44513","77","0","2023","A","",140,708,28324132,7038147,164482,770,40020,"",0.54,0.47,0.24,0.55,0.46,0.52,0.52,"",2,1.4,5,0.7,1741133,6.5,71430,1.0,-2651,-1.6,42,5.8,2184,5.8
"06085","5","445131","78","0","2023","A","",130,649,25223390,6519732,144963,748,38880,"",0.55,0.52,0.30,0.63,0.51,0.56,0.56,"",-1,-0.8,1,0.2,1338585,5.6,89299,1.4,-3656,-2.5,39,5.5,1997,5.4
"06085","5","445132","78","0","2023","A","",9,59,3100742,518415,19519,1011,52555,"",0.39,0.22,0.10,0.21,0.25,0.46,0.46,"",1,12.5,4,7.3,402548,14.9,-17869,-3.3,1005,5.4,68,7.2,3497,7.1
"06085","5","4452","76","0","2023","A","",127,1192,42535902,10163838,236943,686,35692,"",0.66,0.68,0.29,0.68,0.56,0.43,0.43,"",3,2.4,19,1.6,2001957,4.9,-47431,-0.5,-20143,-7.8,21,3.2,1136,3.3
"06085","5","44523","77","0","2023","A","N",16,0,0,0,0,0,0,"N",0.70,0,0,0,0,0,0,"N",3,23.1,0,0,0,0,0,0,0,0,0,0,0,0
"06085","5","445230","78","0","2023","A","N",16,0,0,0,0,0,0,"N",0.70,0,0,0,0,0,0,"N",3,23.1,0,0,0,0,0,0,0,0,0,0,0,0
"06085","5","44524","77","0","2023","A","",22,202,7548453,1899434,41856,717,37307,"",0.49,0.44,0.19,0.48,0.45,0.44,0.44,"",0,0.0,14,7.4,677801,9.9,131080,7.4,1545,3.8,14,2.0,761,2.1
"06085","5","445240","78","0","2023","A","",22,202,7548453,1899434,41856,717,37307,"",0.49,0.44,0.19,0.48,0.45,0.44,0.44,"",0,0.0,14,7.4,677801,9.9,131080,7.4,1545,3.8,14,2.0,761,2.1
"06085","5","44525","77","0","2023","A","N",3,0,0,0,0,0,0,"N",0.19,0,0,0,0,0,0,"N",-1,-25.0,0,0,0,0,0,0,0,0,0,0,0,0
"06085","5","445250","78","0","2023","A","N",3,0,0,0,0,0,0,"N",0.19,0,0,0,0,0,0,"N",-1,-25.0,0,0,0,0,0,0,0,0,0,0,0,0
"06085","5","44529","77","0","2023","A","",86,846,30252847,7044458,169410,688,35777,"",0.79,0.92,0.41,0.90,0.73,0.45,0.45,"",1,1.2,4,0.5,1479130,5.1,-180038,-2.5,-24015,-12.4,31,4.7,1597,4.7
"06085","5","445291","78","0","2023","A","",8,67,2142204,598553,10985,615,31973,"",0.46,0.44,0.18,0.48,0.32,0.41,0.41,"",-1,-11.1,5,8.1,313715,17.2,99705,20.0,2963,36.9,46,8.1,2362,8.0
"06085","5","445292","78","0","2023","A","",25,181,5094123,948101,44297,540,28106,"",1.20,1.17,0.51,0.84,1.07,0.44,0.44,"",2,8.7,17,10.4,1048037,25.9,-77749,-7.6,-6680,-13.1,67,14.2,3485,14.2
"06085","5","445298","78","0","2023","A","",53,597,23016520,5497804,114128,741,38532,"",0.75,0.98,0.45,1.02,0.73,0.46,0.46,"",0,0.0,-19,-3.1,117378,0.5,-201994,-3.5,-20298,-15.1,26,3.6,1343,3.6
"06085","5","4453","76","0","2023","A","",158,688,26079954,7180194,184756,729,37925,"",0.70,0.54,0.27,0.69,0.71,0.51,0.51,"",6,3.9,11,1.6,2264889,9.5,1011184,16.4,34366,22.9,53,7.8,2769,7.9
"06085","5","44532","77","0","2023","A","",158,688,26079954,7180194,184756,729,37925,"",0.70,0.54,0.27,0.69,0.71,0.51,0.51,"",6,3.9,11,1.6,2264889,9.5,1011184,16.4,34366,22.9,53,7.8,2769,7.9
"06085","5","445320","78","0","2023","A","",158,688,26079954,7180194,184756,729,37925,"",0.70,0.54,0.27,0.69,0.71,0.51,0.51,"",6,3.9,11,1.6,2264889,9.5,1011184,16.4,34366,22.9,53,7.8,2769,7.9
"06085","5","449","75","0","2023","A","",479,4593,353140426,36977228,1092750,1479,76884,"",0.78,0.75,0.40,0.64,0.75,0.54,0.54,"",-10,-2.0,-523,-10.2,-22196849,-5.9,-3110034,-7.8,-149498,-12.0,68,4.8,3515,4.8
"06085","5","4491","76","0","2023","A","",210,1925,119340956,17184391,483588,1192,62006,"",0.66,0.62,0.30,0.59,0.67,0.49,0.49,"",5,2.4,-210,-9.8,-7786764,-6.1,-1641378,-8.7,-80539,-14.3,47,4.1,2459,4.1
"06085","5","44911","77","0","2023","A","",93,605,35884104,5257959,167206,1140,59296,"",0.60,0.39,0.17,0.34,0.44,0.44,0.44,"",-7,-7.0,-83,-12.1,-6108346,-14.5,-1110704,-17.4,-48719,-22.6,-34,-2.9,-1777,-2.9
"06085","5","449110","78","0","2023","A","",93,605,35884104,5257959,167206,1140,59296,"",0.60,0.39,0.17,0.34,0.44,0.44,0.44,"",-7,-7.0,-83,-12.1,-6108346,-14.5,-1110704,-17.4,-48719,-22.6,-34,-2.9,-1777,-2.9
"06085","5","44912","77","0","2023","A","",117,1320,83456852,11926432,316382,1216,63249,"",0.71,0.84,0.45,0.85,0.91,0.53,0.53,"",12,11.4,-127,-8.8,-1678418,-2.0,-530674,-4.3,-31820,-9.1,85,7.5,4427,7.5
"06085","5","449121","78","0","2023","A","",37,333,23913712,3399732,95855,1383,71921,"",0.60,0.65,0.29,0.63,0.69,0.45,0.45,"",2,5.7,-1,-0.3,-578476,-2.4,379885,12.6,4716,5.2,-29,-2.1,-1482,-2.0
"06085","5","449122","78","0","2023","A","",15,81,6029124,695742,22040,1424,74053,"",0.79,0.87,0.44,0.72,0.84,0.51,0.51,"",3,25.0,24,42.1,2057071,51.8,219909,46.2,1987,9.9,88,6.6,4571,6.6
"06085","5","449129","78","0","2023","A","",66,906,53514016,7830958,198487,1136,59093,"",0.79,0.93,0.58,1.03,1.09,0.62,0.62,"",8,13.8,-151,-14.3,-3157013,-5.6,-1130468,-12.6,-38523,-16.3,104,10.1,5453,10.2
"06085","5","4492","76","0","2023","A","",269,2669,233799470,19792837,609162,1685,87615,"",0.92,0.88,0.49,0.69,0.83,0.56,0.56,"",-15,-5.3,-312,-10.5,-14410085,-5.8,-1468656,-6.9,-68959,-10.2,84,5.2,4346,5.2
"06085","5","44921","77","0","2023","A","",269,2669,233799470,19792837,609162,1685,87615,"",0.92,0.88,0.49,0.69,0.83,0.56,0.56,"",-15,-5.3,-312,-10.5,-14410085,-5.8,-1468656,-6.9,-68959,-10.2,84,5.2,4346,5.2
"06085","5","449210","78","0","2023","A","",269,2669,233799470,19792837,609162,1685,87615,"",0.92,0.88,0.49,0.69,0.83,0.56,0.56,"",-15,-5.3,-312,-10.5,-14410085,-5.8,-1468656,-6.9,-68959,-10.2,84,5.2,4346,5.2
"06085","5","455","75","0","2023","A","",193,15990,1352201556,135523328,2723847,1626,84567,"",0.36,0.68,0.74,0.73,0.74,1.09,1.09,"",2,1.0,22,0.1,13838588,1.0,-2355628,-1.7,-141353,-4.9,14,0.9,751,0.9
"06085","5","4551","76","0","2023","A","",53,4801,179431134,40643402,761885,719,37370,"",0.67,0.68,0.37,0.77,0.65,0.54,0.54,"",2,3.9,-6,-0.1,3507913,2.0,-53548,-0.1,-31397,-4.0,15,2.1,773,2.1
"06085","5","45511","77","0","2023","A","",53,4801,179431134,40643402,761885,719,37370,"",0.67,0.68,0.37,0.77,0.65,0.54,0.54,"",2,3.9,-6,-0.1,3507913,2.0,-53548,-0.1,-31397,-4.0,15,2.1,773,2.1
"06085","5","455110","78","0","2023","A","",53,4801,179431134,40643402,761885,719,37370,"",0.67,0.68,0.37,0.77,0.65,0.54,0.54,"",2,3.9,-6,-0.1,3507913,2.0,-53548,-0.1,-31397,-4.0,15,2.1,773,2.1
"06085","5","4552","76","0","2023","A","",140,11188,1172770422,94879926,1961962,2016,104822,"",0.31,0.68,0.88,0.71,0.79,1.29,1.29,"",0,0.0,27,0.2,10330675,0.9,-2302080,-2.4,-109956,-5.3,13,0.6,669,0.6
"06085","5","45521","77","0","2023","A","",140,11188,1172770422,94879926,1961962,2016,104822,"",0.31,0.68,0.88,0.71,0.79,1.29,1.29,"",0,0.0,27,0.2,10330675,0.9,-2302080,-2.4,-109956,-5.3,13,0.6,669,0.6
"06085","5","455211","78","0","2023","A","",20,4792,250216804,37777214,681999,1004,52218,"",0.47,0.40,0.25,0.38,0.41,0.62,0.62,"",0,0.0,57,1.2,13038925,5.5,221501,0.6,28949,4.4,41,4.3,2125,4.2
"06085","5","455219","78","0","2023","A","",120,6397,922553618,57102712,1279963,2774,144228,"",0.29,1.42,2.83,1.68,1.50,1.99,1.99,"",0,0.0,-29,-0.5,-2708250,-0.3,-2523581,-4.2,-138905,-9.8,5,0.2,243,0.2
"06085","5","456","75","0","2023","A","",483,4698,229643424,41235020,973979,940,48877,"",0.61,0.59,0.25,0.60,0.63,0.42,0.42,"",-15,-3.0,-258,-5.2,-12046154,-5.0,-2550892,-5.8,-111038,-10.2,2,0.2,105,0.2
"06085","5","4561","76","0","2023","A","",483,4698,229643424,41235020,973979,940,48877,"",0.61,0.59,0.25,0.60,0.63,0.42,0.42,"",-15,-3.0,-258,-5.2,-12046154,-5.0,-2550892,-5.8,-111038,-10.2,2,0.2,105,0.2
"06085","5","45611","77","0","2023","A","",245,2534,135445082,22028001,401777,1028,53460,"",0.57,0.48,0.21,0.48,0.42,0.44,0.44,"",-12,-4.7,-36,-1.4,-2755796,-2.0,-942685,-4.1,-17388,-4.1,-6,-0.6,-316,-0.6
"06085","5","456110","78","0","2023","A","",245,2534,135445082,22028001,401777,1028,53460,"",0.57,0.48,0.21,0.48,0.42,0.44,0.44,"",-12,-4.7,-36,-1.4,-2755796,-2.0,-942685,-4.1,-17388,-4.1,-6,-0.6,-316,-0.6
"06085","5","45612","77","0","2023","A","",100,1493,54898679,13169641,387959,707,36771,"",0.75,1.11,0.49,1.36,1.56,0.44,0.44,"",-2,-2.0,-218,-12.7,-7408250,-11.9,-1553535,-10.6,-78656,-16.9,7,1.0,359,1.0
"06085","5","456120","78","0","2023","A","",100,1493,54898679,13169641,387959,707,36771,"",0.75,1.11,0.49,1.36,1.56,0.44,0.44,"",-2,-2.0,-218,-12.7,-7408250,-11.9,-1553535,-10.6,-78656,-16.9,7,1.0,359,1.0
"06085","5","45613","77","0","2023","A","",62,300,13000022,2419417,49462,834,43394,"",0.86,0.56,0.21,0.51,0.44,0.38,0.38,"",0,0.0,9,3.1,700131,5.7,19832,0.8,-7674,-13.4,22,2.7,1187,2.8
"06085","5","456130","78","0","2023","A","",62,300,13000022,2419417,49462,834,43394,"",0.86,0.56,0.21,0.51,0.44,0.38,0.38,"",0,0.0,9,3.1,700131,5.7,19832,0.8,-7674,-13.4,22,2.7,1187,2.8
"06085","5","45619","77","0","2023","A","",77,372,26299641,3617961,134781,1359,70650,"",0.51,0.43,0.23,0.45,0.61,0.54,0.53,"",-1,-1.3,-11,-2.9,-2582239,-8.9,-74504,-2.0,-7320,-5.2,-91,-6.3,-4760,-6.3
"06085","5","456191","78","0","2023","A","",39,237,10940881,2290496,87442,888,46180,"",0.54,0.66,0.29,0.75,1.09,0.44,0.44,"",-1,-2.5,12,5.3,819445,8.1,156213,7.3,-2288,-2.5,25,2.9,1279,2.8
"06085","5","456199","78","0","2023","A","",38,135,15358760,1327465,47339,2182,113488,"",0.48,0.26,0.20,0.26,0.34,0.75,0.75,"",0,0.0,-23,-14.6,-3401684,-18.1,-230717,-14.8,-5032,-9.6,-107,-4.7,-5563,-4.7
"06085","5","457","75","0","2023","A","",322,2397,94964191,22677368,493918,762,39623,"",0.41,0.31,0.15,0.34,0.36,0.49,0.49,"",6,1.9,45,1.9,3724980,4.1,89135,0.4,-28226,-5.4,16,2.1,832,2.1
"06085","5","4571","76","0","2023","A","",317,2359,90764369,22303808,474516,740,38476,"",0.43,0.33,0.17,0.37,0.40,0.52,0.52,"",7,2.3,42,1.8,3547539,4.1,106031,0.5,-26088,-5.2,16,2.2,833,2.2
"06085","5","45711","77","0","2023","A","",282,2114,81276433,19894132,421515,739,38444,"",0.42,0.33,0.18,0.36,0.40,0.54,0.54,"",5,1.8,22,1.1,2388450,3.0,-111234,-0.6,-32032,-7.1,14,1.9,741,2.0
"06085","5","457110","78","0","2023","A","",282,2114,81276433,19894132,421515,739,38444,"",0.42,0.33,0.18,0.36,0.40,0.54,0.54,"",5,1.8,22,1.1,2388450,3.0,-111234,-0.6,-32032,-7.1,14,1.9,741,2.0
"06085","5","45712","77","0","2023","A","",35,245,9487936,2409676,53001,745,38753,"",0.55,0.36,0.15,0.39,0.39,0.42,0.42,"",2,6.1,20,8.9,1159089,13.9,217265,9.9,5944,12.6,32,4.5,1667,4.5
"06085","5","457120","78","0","2023","A","",35,245,9487936,2409676,53001,745,38753,"",0.55,0.36,0.15,0.39,0.39,0.42,0.42,"",2,6.1,20,8.9,1159089,13.9,217265,9.9,5944,12.6,32,4.5,1667,4.5
"06085","5","4572","76","0","2023","A","",5,38,4199822,373560,19402,2144,111500,"",0.10,0.07,0.05,0.07,0.10,0.65,0.65,"",-1,-16.7,3,8.6,177441,4.4,-16896,-4.3,-2138,-9.9,-56,-2.5,-2881,-2.5
"06085","5","45721","77","0","2023","A","",5,38,4199822,373560,19402,2144,111500,"",0.10,0.07,0.05,0.07,0.10,0.65,0.65,"",-1,-16.7,3,8.6,177441,4.4,-16896,-4.3,-2138,-9.9,-56,-2.5,-2881,-2.5
"06085","5","457210","78","0","2023","A","",5,38,4199822,373560,19402,2144,111500,"",0.10,0.07,0.05,0.07,0.10,0.65,0.65,"",-1,-16.7,3,8.6,177441,4.4,-16896,-4.3,-2138,-9.9,-56,-2.5,-2881,-2.5
"06085","5","458","75","0","2023","A","",650,8206,296981020,72369856,1626069,696,36193,"",0.81,0.97,0.44,1.16,1.02,0.45,0.45,"",6,0.9,388,5.0,13481947,4.8,3096604,4.5,28495,1.8,-1,-0.1,-71,-0.2
"06085","5","4581","76","0","2023","A","",421,5864,182530544,48245418,1033423,599,31126,"",0.75,0.94,0.39,1.06,0.88,0.42,0.42,"",1,0.2,190,3.3,5113742,2.9,1646365,3.5,25205,2.5,-2,-0.3,-141,-0.5
"06085","5","45811","77","0","2023","A","",421,5864,182530544,48245418,1033423,599,31126,"",0.75,0.94,0.39,1.06,0.88,0.42,0.42,"",1,0.2,190,3.3,5113742,2.9,1646365,3.5,25205,2.5,-2,-0.3,-141,-0.5
"06085","5","458110","78","0","2023","A","",421,5864,182530544,48245418,1033423,599,31126,"",0.75,0.94,0.39,1.06,0.88,0.42,0.42,"",1,0.2,190,3.3,5113742,2.9,1646365,3.5,25205,2.5,-2,-0.3,-141,-0.5
"06085","5","4582","76","0","2023","A","",97,1454,54331546,15790557,347657,718,37361,"",0.94,1.14,0.60,1.77,1.68,0.52,0.52,"",4,4.3,135,10.2,2996503,5.8,722774,4.8,5187,1.5,-30,-4.0,-1559,-4.0
"06085","5","45821","77","0","2023","A","",97,1454,54331546,15790557,347657,718,37361,"",0.94,1.14,0.60,1.77,1.68,0.52,0.52,"",4,4.3,135,10.2,2996503,5.8,722774,4.8,5187,1.5,-30,-4.0,-1559,-4.0
"06085","5","458210","78","0","2023","A","",97,1454,54331546,15790557,347657,718,37361,"",0.94,1.14,0.60,1.77,1.68,0.52,0.52,"",4,4.3,135,10.2,2996503,5.8,722774,4.8,5187,1.5,-30,-4.0,-1559,-4.0
"06085","5","4583","76","0","2023","A","",133,887,60118930,8333881,244989,1304,67784,"",0.93,0.99,0.51,1.03,1.13,0.52,0.52,"",2,1.5,62,7.5,5371702,9.8,727465,9.6,-1897,-0.8,27,2.1,1390,2.1
"06085","5","45831","77","0","2023","A","",113,728,53584158,6955173,210296,1416,73621,"",0.84,0.89,0.51,0.95,1.11,0.57,0.57,"",2,1.8,42,6.1,4156906,8.4,587951,9.2,464,0.2,31,2.2,1613,2.2
"06085","5","458310","78","0","2023","A","",113,728,53584158,6955173,210296,1416,73621,"",0.84,0.89,0.51,0.95,1.11,0.57,0.57,"",2,1.8,42,6.1,4156906,8.4,587951,9.2,464,0.2,31,2.2,1613,2.2
"06085","5","45832","77","0","2023","A","",20,159,6534772,1378708,34693,790,41078,"",2.48,1.87,0.52,1.70,1.23,0.28,0.28,"",0,0.0,21,15.2,1214796,22.8,139514,11.3,-2361,-6.4,50,6.8,2574,6.7
"06085","5","458320","78","0","2023","A","",20,159,6534772,1378708,34693,790,41078,"",2.48,1.87,0.52,1.70,1.23,0.28,0.28,"",0,0.0,21,15.2,1214796,22.8,139514,11.3,-2361,-6.4,50,6.8,2574,6.7
"06085","5","459","75","0","2023","A","",680,6456,289674949,51369357,1212237,863,44867,"",0.54,0.58,0.30,0.57,0.54,0.51,0.51,"",19,2.9,-95,-1.5,-6512399,-2.2,-1531080,-2.9,-38088,-3.0,-6,-0.7,-344,-0.8
"06085","5","4591","76","0","2023","A","",198,2442,71201091,19222514,391891,561,29160,"",0.65,0.68,0.27,0.67,0.69,0.39,0.39,"",10,5.3,31,1.3,568241,0.8,-1187700,-5.8,-42022,-9.7,-2,-0.4,-134,-0.5
"06085","5","45911","77","0","2023","A","",99,1515,46605293,11529355,239032,592,30766,"",0.59,0.69,0.27,0.64,0.66,0.39,0.39,"",0,0.0,68,4.7,1286804,2.8,-776161,-6.3,-31824,-11.7,-10,-1.7,-555,-1.8
"06085","5","459110","78","0","2023","A","",99,1515,46605293,11529355,239032,592,30766,"",0.59,0.69,0.27,0.64,0.66,0.39,0.39,"",0,0.0,68,4.7,1286804,2.8,-776161,-6.3,-31824,-11.7,-10,-1.7,-555,-1.8
"06085","5","45912","77","0","2023","A","",61,614,15052801,5273260,102481,472,24526,"",0.74,0.67,0.25,0.76,0.74,0.38,0.38,"",8,15.1,-21,-3.3,-1066505,-6.6,-386912,-6.8,-9165,-8.2,-16,-3.3,-842,-3.3
"06085","5","459120","78","0","2023","A","",61,614,15052801,5273260,102481,472,24526,"",0.74,0.67,0.25,0.76,0.74,0.38,0.38,"",8,15.1,-21,-3.3,-1066505,-6.6,-386912,-6.8,-9165,-8.2,-16,-3.3,-842,-3.3
"06085","5","45913","77","0","2023","A","",17,114,2358005,842010,17592,397,20654,"",0.60,0.48,0.18,0.53,0.60,0.37,0.37,"",0,0.0,-6,-5.0,11412,0.5,-46579,-5.2,-1623,-8.4,22,5.9,1167,6.0
"06085","5","459130","78","0","2023","A","",17,114,2358005,842010,17592,397,20654,"",0.60,0.48,0.18,0.53,0.60,0.37,0.37,"",0,0.0,-6,-5.0,11412,0.5,-46579,-5.2,-1623,-8.4,22,5.9,1167,6.0
"06085","5","45914","77","0","2023","A","",21,199,7184992,1577889,32786,694,36105,"",0.83,0.80,0.32,0.83,0.86,0.40,0.40,"",1,5.0,-9,-4.3,336530,4.9,21952,1.4,590,1.8,62,9.8,3246,9.9
"06085","5","459140","78","0","2023","A","",21,199,7184992,1577889,32786,694,36105,"",0.83,0.80,0.32,0.83,0.86,0.40,0.40,"",1,5.0,-9,-4.3,336530,4.9,21952,1.4,590,1.8,62,9.8,3246,9.9
"06085","5","4592","76","0","2023","A","",46,385,9405498,2877801,49268,470,24456,"",0.85,0.76,0.25,0.75,0.54,0.33,0.33,"",-4,-8.0,-56,-12.7,-581756,-5.8,-367471,-11.3,-5626,-10.2,35,8.0,1831,8.1
"06085","5","45921","77","0","2023","A","",46,385,9405498,2877801,49268,470,24456,"",0.85,0.76,0.25,0.75,0.54,0.33,0.33,"",-4,-8.0,-56,-12.7,-581756,-5.8,-367471,-11.3,-5626,-10.2,35,8.0,1831,8.1
"06085","5","459210","78","0","2023","A","",46,385,9405498,2877801,49268,470,24456,"",0.85,0.76,0.25,0.75,0.54,0.33,0.33,"",-4,-8.0,-56,-12.7,-581756,-5.8,-367471,-11.3,-5626,-10.2,35,8.0,1831,8.1
"06085","5","4593","76","0","2023","A","",44,230,8971169,2177860,50051,749,38935,"",0.53,0.52,0.29,0.61,0.52,0.56,0.56,"",4,10.0,7,3.1,896252,11.1,176050,8.8,2533,5.3,53,7.6,2738,7.6
"06085","5","45931","77","0","2023","A","",44,230,8971169,2177860,50051,749,38935,"",0.53,0.52,0.29,0.61,0.52,0.56,0.56,"",4,10.0,7,3.1,896252,11.1,176050,8.8,2533,5.3,53,7.6,2738,7.6
"06085","5","459310","78","0","2023","A","",44,230,8971169,2177860,50051,749,38935,"",0.53,0.52,0.29,0.61,0.52,0.56,0.56,"",4,10.0,7,3.1,896252,11.1,176050,8.8,2533,5.3,53,7.6,2738,7.6
"06085","5","4594","76","0","2023","A","",116,980,46818506,7846037,178281,919,47798,"",0.66,0.65,0.36,0.66,0.59,0.56,0.56,"",3,2.7,11,1.1,1344812,3.0,9800,0.1,-16800,-8.6,16,1.8,853,1.8
"06085","5","45941","77","0","2023","A","",42,489,28815556,3746747,100042,1134,58958,"",0.96,0.94,0.46,0.83,0.92,0.49,0.49,"",0,0.0,7,1.5,179722,0.6,92191,2.5,-6858,-6.4,-9,-0.8,-452,-0.8
"06085","5","459410","78","0","2023","A","",42,489,28815556,3746747,100042,1134,58958,"",0.96,0.94,0.46,0.83,0.92,0.49,0.49,"",0,0.0,7,1.5,179722,0.6,92191,2.5,-6858,-6.4,-9,-0.8,-452,-0.8
"06085","5","45942","77","0","2023","A","",74,491,18002950,4099290,78239,705,36685,"",0.56,0.50,0.27,0.56,0.41,0.55,0.55,"",2,2.8,4,0.8,1165090,6.9,-82391,-2.0,-9942,-11.3,40,6.0,2087,6.0
"06085","5","459420","78","0","2023","A","",74,491,18002950,4099290,78239,705,36685,"",0.56,0.50,0.27,0.56,0.41,0.55,0.55,"",2,2.8,4,0.8,1165090,6.9,-82391,-2.0,-9942,-11.3,40,6.0,2087,6.0
"06085","5","4595","76","0","2023","A","",60,901,65077707,4308638,120093,1388,72195,"",0.47,0.61,0.62,0.55,0.64,1.02,1.02,"",3,5.3,0,0.0,-7046606,-9.8,-438649,-9.2,-15331,-11.3,-151,-9.8,-7825,-9.8
"06085","5","45951","77","0","2023","A","",60,901,65077707,4308638,120093,1388,72195,"",0.47,0.61,0.62,0.55,0.64,1.02,1.02,"",3,5.3,0,0.0,-7046606,-9.8,-438649,-9.2,-15331,-11.3,-151,-9.8,-7825,-9.8
"06085","5","459510","78","0","2023","A","",60,901,65077707,4308638,120093,1388,72195,"",0.47,0.61,0.62,0.55,0.64,1.02,1.02,"",3,5.3,0,0.0,-7046606,-9.8,-438649,-9.2,-15331,-11.3,-151,-9.8,-7825,-9.8
"06085","5","4599","76","0","2023","A","",217,1519,88200978,14936507,422653,1117,58081,"",0.42,0.43,0.21,0.44,0.43,0.50,0.50,"",4,1.9,-87,-5.4,-1693342,-1.9,276890,1.9,39158,10.2,40,3.7,2092,3.7
"06085","5","45991","77","0","2023","A","",45,668,24060762,5295718,95642,693,36019,"",0.60,0.66,0.26,0.60,0.55,0.40,0.40,"",-1,-2.2,5,0.8,-809876,-3.3,122803,2.4,-6081,-6.0,-28,-3.9,-1498,-4.0
"06085","5","459910","78","0","2023","A","",45,668,24060762,5295718,95642,693,36019,"",0.60,0.66,0.26,0.60,0.55,0.40,0.40,"",-1,-2.2,5,0.8,-809876,-3.3,122803,2.4,-6081,-6.0,-28,-3.9,-1498,-4.0
"06085","5","45992","77","0","2023","A","",14,24,1050853,208030,5621,842,43786,"",0.39,0.18,0.05,0.17,0.14,0.26,0.26,"",1,7.7,5,26.3,205602,24.3,42433,25.6,1534,37.5,-29,-3.3,-1495,-3.3
"06085","5","459920","78","0","2023","A","",14,24,1050853,208030,5621,842,43786,"",0.39,0.18,0.05,0.17,0.14,0.26,0.26,"",1,7.7,5,26.3,205602,24.3,42433,25.6,1534,37.5,-29,-3.3,-1495,-3.3
"06085","5","45993","77","0","2023","A","",5,33,2484274,287590,8256,1448,75281,"",0.37,0.35,0.13,0.29,0.34,0.36,0.36,"",0,0.0,3,10.0,439065,21.5,30466,11.8,1927,30.4,151,11.6,7857,11.7
"06085","5","459930","78","0","2023","A","",5,33,2484274,287590,8256,1448,75281,"",0.37,0.35,0.13,0.29,0.34,0.36,0.36,"",0,0.0,3,10.0,439065,21.5,30466,11.8,1927,30.4,151,11.6,7857,11.7
"06085","5","45999","77","0","2023","A","",153,794,60605089,9145169,313134,1469,76369,"",0.39,0.35,0.22,0.40,0.42,0.63,0.63,"",3,2.0,-100,-11.2,-1528133,-2.5,81188,0.9,41778,15.4,132,9.9,6843,9.8
"06085","5","459991","78","0","2023","A","",54,261,14758930,3822557,143568,1088,56584,"",0.33,0.28,0.20,0.41,0.48,0.70,0.70,"",7,14.9,2,0.8,3697130,33.4,1299195,51.5,70769,97.2,266,32.4,13833,32.4
"06085","5","459999","78","0","2023","A","",99,533,45846159,5322612,169566,1655,86056,"",0.43,0.39,0.23,0.39,0.38,0.58,0.58,"",-4,-3.9,-102,-16.1,-5225263,-10.2,-1218007,-18.6,-28991,-14.6,108,7.0,5618,7.0
"06085","5","48-49","74","0","2023","A","",863,15873,2437654108,151921458,4503665,2953,153571,"",0.40,0.34,0.33,0.31,0.31,0.99,0.99,"",23,2.7,-502,-3.1,473297537,24.1,-7204607,-4.5,-760839,-14.5,646,28.0,33607,28.0
"06085","5","481","75","0","2023","A","",16,1136,66889532,5225617,96382,1133,58899,"",0.33,0.28,0.06,0.12,0.10,0.23,0.23,"",1,6.7,198,21.1,10136491,17.9,1140799,27.9,13808,16.7,-31,-2.7,-1638,-2.7
"06085","5","4811","76","0","2023","A","",9,1114,61723672,5064423,92404,1066,55432,"",0.50,0.31,0.07,0.13,0.11,0.22,0.22,"",1,12.5,207,22.8,10544704,20.6,1231805,32.1,16713,22.1,-19,-1.8,-979,-1.7
"06085","5","48111","77","0","2023","A","",9,1114,61723672,5064423,92404,1066,55432,"",0.50,0.31,0.07,0.13,0.11,0.22,0.22,"",1,12.5,207,22.8,10544704,20.6,1231805,32.1,16713,22.1,-19,-1.8,-979,-1.7
"06085","5","481111","78","0","2023","A","",9,1114,61723672,5064423,92404,1066,55432,"",0.67,0.32,0.07,0.13,0.11,0.22,0.22,"",1,12.5,207,22.8,10544704,20.6,1231805,32.1,16713,22.1,-19,-1.8,-979,-1.7
"06085","5","4812","76","0","2023","A","",7,22,5165860,161194,3978,4482,233046,"",0.23,0.05,0.04,0.04,0.03,0.76,0.76,"",0,0.0,-8,-26.7,-408213,-7.3,-91006,-36.1,-2905,-42.2,938,26.5,48779,26.5
"06085","5","48121","77","0","2023","A","",7,22,5165860,161194,3978,4482,233046,"",0.23,0.05,0.04,0.04,0.03,0.76,0.76,"",0,0.0,-8,-26.7,-408213,-7.3,-91006,-36.1,-2905,-42.2,938,26.5,48779,26.5
"06085","5","481211","78","0","2023","A","N",4,0,0,0,0,0,0,"N",0.19,0,0,0,0,0,0,"N",0,0.0,0,0,0,0,0,0,0,0,0,0,0,0
"06085","5","481212","78","0","2023","A","N",1,0,0,0,0,0,0,"N",0.26,0,0,0,0,0,0,"N",0,0.0,0,0,0,0,0,0,0,0,0,0,0,0
"06085","5","481219","78","0","2023","A","N",2,0,0,0,0,0,0,"N",0.31,0,0,0,0,0,0,"N",0,0.0,0,0,0,0,0,0,0,0,0,0,0,0
"06085","5","483","75","0","2023","A","",3,21,1670455,188049,6815,1530,79545,"",0.18,0.04,0.01,0.04,0.03,0.31,0.31,"",0,0.0,-5,-19.2,-718327,-30.1,-41728,-18.2,-697,-9.3,-231,-13.1,-12038,-13.1
"06085","5","4831","76","0","2023","A","N",2,0,0,0,0,0,0,"N",0.20,0,0,0,0,0,0,"N",0,0.0,0,0,0,0,0,0,0,0,0,0,0,0
"06085","5","48311","77","0","2023","A","N",2,0,0,0,0,0,0,"N",0.20,0,0,0,0,0,0,"N",0,0.0,0,0,0,0,0,0,0,0,0,0,0,0
"06085","5","483111","78","0","2023","A","N",1,0,0,0,0,0,0,"N",0.25,0,0,0,0,0,0,"N",0,0.0,0,0,0,0,0,0,0,0,0,0,0,0
"06085","5","483113","78","0","2023","A","N",1,0,0,0,0,0,0,"N",0.27,0,0,0,0,0,0,"N",0,0.0,0,0,0,0,0,0,0,0,0,0,0,0
"06085","5","4832","76","0","2023","A","N",1,0,0,0,0,0,0,"N",0.16,0,0,0,0,0,0,"N",0,0.0,0,0,0,0,0,0,0,0,0,0,0,0
"06085","5","48321","77","0","2023","A","N",1,0,0,0,0,0,0,"N",0.16,0,0,0,0,0,0,"N",0,0.0,0,0,0,0,0,0,0,0,0,0,0,0
"06085","5","483212","78","0","2023","A","N",1,0,0,0,0,0,0,"N",0.55,0,0,0,0,0,0,"N",0,0.0,0,0,0,0,0,0,0,0,0,0,0,0
"06085","5","484","75","0","2023","A","",423,3227,211809617,34627495,1080630,1262,65633,"",0.35,0.28,0.12,0.28,0.32,0.41,0.41,"",29,7.4,-72,-2.2,-2557174,-1.2,-791258,-2.2,-121511,-10.1,12,1.0,659,1.0
"06085","5","4841","76","0","2023","A","",274,2059,127204425,22394228,660848,1188,61795,"",0.32,0.26,0.10,0.25,0.30,0.39,0.39,"",26,10.5,-122,-5.6,-7018144,-5.2,-918316,-3.9,-101146,-13.3,4,0.3,249,0.4
"06085","5","48411","77","0","2023","A","",160,1021,58284309,10405129,289928,1098,57081,"",0.48,0.47,0.18,0.44,0.36,0.39,0.39,"",7,4.6,-77,-7.0,-5667570,-8.9,-1194551,-10.3,-111123,-27.7,-22,-2.0,-1145,-2.0
"06085","5","484110","78","0","2023","A","",160,1021,58284309,10405129,289928,1098,57081,"",0.48,0.47,0.18,0.44,0.36,0.39,0.39,"",7,4.6,-77,-7.0,-5667570,-8.9,-1194551,-10.3,-111123,-27.7,-22,-2.0,-1145,-2.0
"06085","5","48412","77","0","2023","A","",114,1037,68920116,11989099,370920,1278,66434,"",0.22,0.18,0.07,0.19,0.26,0.41,0.41,"",19,20.0,-46,-4.2,-1350574,-1.9,276235,2.4,9977,2.8,30,2.4,1519,2.3
"06085","5","484121","78","0","2023","A","",92,239,16915938,2507511,70969,1359,70655,"",0.21,0.06,0.03,0.06,0.07,0.45,0.45,"",19,26.0,-61,-20.3,-2756940,-14.0,-479936,-16.1,-17897,-20.1,98,7.8,5061,7.7
"06085","5","484122","78","0","2023","A","",22,798,52004178,9481588,299951,1253,65168,"",0.26,0.42,0.16,0.47,0.65,0.37,0.37,"",0,0.0,15,1.9,1406366,2.8,756171,8.7,27874,10.2,10,0.8,513,0.8
"06085","5","4842","76","0","2023","A","",150,1169,84605192,12233267,419782,1392,72395,"",0.41,0.35,0.16,0.32,0.36,0.45,0.45,"",4,2.7,51,4.6,4460970,5.6,127058,1.0,-20365,-4.6,14,1.0,736,1.0
"06085","5","48421","77","0","2023","A","",59,603,37085351,5627469,181578,1182,61484,"",0.87,0.84,0.44,0.78,0.85,0.53,0.53,"",-2,-3.3,-31,-4.9,-2821787,-7.1,-403824,-6.7,-29245,-13.9,-29,-2.4,-1511,-2.4
"06085","5","484210","78","0","2023","A","",59,603,37085351,5627469,181578,1182,61484,"",0.87,0.84,0.44,0.78,0.85,0.53,0.53,"",-2,-3.3,-31,-4.9,-2821787,-7.1,-403824,-6.7,-29245,-13.9,-29,-2.4,-1511,-2.4
"06085","5","48422","77","0","2023","A","",76,534,44719215,6263911,225935,1610,83744,"",0.36,0.32,0.17,0.32,0.32,0.52,0.52,"",3,4.1,85,18.9,8069669,22.0,583220,10.3,7967,3.7,39,2.5,2074,2.5
"06085","5","484220","78","0","2023","A","",76,534,44719215,6263911,225935,1610,83744,"",0.36,0.32,0.17,0.32,0.32,0.52,0.52,"",3,4.1,85,18.9,8069669,22.0,583220,10.3,7967,3.7,39,2.5,2074,2.5
"06085","5","48423","77","0","2023","A","",15,32,2800626,341887,12269,1710,88909,"",0.17,0.03,0.02,0.03,0.05,0.47,0.47,"",3,25.0,-4,-11.1,-786912,-21.9,-52338,-13.3,913,8.0,-198,-10.4,-10286,-10.4
"06085","5","484230","78","0","2023","A","",15,32,2800626,341887,12269,1710,88909,"",0.17,0.03,0.02,0.03,0.05,0.47,0.47,"",3,25.0,-4,-11.1,-786912,-21.9,-52338,-13.3,913,8.0,-198,-10.4,-10286,-10.4
"06085","5","485","75","0","2023","A","",84,2200,231941366,19568518,660465,2027,105424,"",0.58,0.69,0.61,0.58,0.34,0.88,0.88,"",3,3.7,91,4.3,42962797,22.7,-769889,-3.8,-52031,-7.3,304,17.6,15822,17.7
"06085","5","4851","76","0","2023","A","N",3,0,0,0,0,0,0,"N",0.54,0,0,0,0,0,0,"N",0,0.0,0,0,0,0,0,0,0,0,0,0,0,0
"06085","5","48511","77","0","2023","A","N",3,0,0,0,0,0,0,"N",0.54,0,0,0,0,0,0,"N",0,0.0,0,0,0,0,0,0,0,0,0,0,0,0
"06085","5","485111","78","0","2023","A","N",1,0,0,0,0,0,0,"N",1.51,0,0,0,0,0,0,"N",0,0.0,0,0,0,0,0,0,0,0,0,0,0,0
"06085","5","485113","78","0","2023","A","N",2,0,0,0,0,0,0,"N",0.47,0,0,0,0,0,0,"N",0,0.0,0,0,0,0,0,0,0,0,0,0,0,0
"06085","5","4852","76","0","2023","A","N",1,0,0,0,0,0,0,"N",0.30,0,0,0,0,0,0,"N",0,0.0,0,0,0,0,0,0,0,0,0,0,0,0
"06085","5","48521","77","0","2023","A","N",1,0,0,0,0,0,0,"N",0.30,0,0,0,0,0,0,"N",0,0.0,0,0,0,0,0,0,0,0,0,0,0,0
"06085","5","485210","78","0","2023","A","N",1,0,0,0,0,0,0,"N",0.30,0,0,0,0,0,0,"N",0,0.0,0,0,0,0,0,0,0,0,0,0,0,0
"06085","5","4853","76","0","2023","A","",45,724,141826923,6277242,199199,3767,195894,"",0.91,1.42,1.42,0.94,1.12,1.00,1.00,"",5,12.5,117,19.3,35636294,33.6,-1093047,-14.8,-48665,-19.6,403,12.0,20975,12.0
"06085","5","48531","77","0","2023","A","N",12,0,0,0,0,0,0,"N",0.58,0,0,0,0,0,0,"N",2,20.0,0,0,0,0,0,0,0,0,0,0,0,0
"06085","5","485310","78","0","2023","A","N",12,0,0,0,0,0,0,"N",0.58,0,0,0,0,0,0,"N",2,20.0,0,0,0,0,0,0,0,0,0,0,0,0
"06085","5","48532","77","0","2023","A","N",33,0,0,0,0,0,0,"N",1.15,0,0,0,0,0,0,"N",3,10.0,0,0,0,0,0,0,0,0,0,0,0,0
"06085","5","485320","78","0","2023","A","N",33,0,0,0,0,0,0,"N",1.15,0,0,0,0,0,0,"N",3,10.0,0,0,0,0,0,0,0,0,0,0,0,0
"06085","5","4854","76","0","2023","A","",8,565,31356319,4709159,229438,1068,55539,"",0.28,0.42,0.26,0.34,0.18,0.63,0.63,"",0,0.0,9,1.6,3328302,11.9,-168350,-3.5,-11499,-4.8,99,10.2,5167,10.3
"06085","5","48541","77","0","2023","A","",8,565,31356319,4709159,229438,1068,55539,"",0.28,0.42,0.26,0.34,0.18,0.63,0.63,"",0,0.0,9,1.6,3328302,11.9,-168350,-3.5,-11499,-4.8,99,10.2,5167,10.3
"06085","5","485410","78","0","2023","A","",8,565,31356319,4709159,229438,1068,55539,"",0.28,0.42,0.26,0.34,0.18,0.63,0.63,"",0,0.0,9,1.6,3328302,11.9,-168350,-3.5,-11499,-4.8,99,10.2,5167,10.3
"06085","5","4855","76","0","2023","A","",4,128,9793551,1161177,25452,1473,76612,"",0.43,0.78,0.48,0.65,0.44,0.61,0.61,"",0,0.0,3,2.4,593925,6.5,101777,9.6,5229,25.9,59,4.2,3064,4.2
"06085","5","48551","77","0","2023","A","",4,128,9793551,1161177,25452,1473,76612,"",0.43,0.78,0.48,0.65,0.44,0.61,0.61,"",0,0.0,3,2.4,593925,6.5,101777,9.6,5229,25.9,59,4.2,3064,4.2
"06085","5","485510","78","0","2023","A","",4,128,9793551,1161177,25452,1473,76612,"",0.43,0.78,0.48,0.65,0.44,0.61,0.61,"",0,0.0,3,2.4,593925,6.5,101777,9.6,5229,25.9,59,4.2,3064,4.2
"06085","5","4859","76","0","2023","A","",23,711,44839322,6779752,190101,1213,63080,"",0.47,0.94,0.54,0.95,0.73,0.58,0.58,"",-2,-8.0,16,2.3,3099650,7.4,365614,5.7,3220,1.7,59,5.1,3052,5.1
"06085","5","48599","77","0","2023","A","",23,711,44839322,6779752,190101,1213,63080,"",0.47,0.94,0.54,0.95,0.73,0.58,0.58,"",-2,-8.0,16,2.3,3099650,7.4,365614,5.7,3220,1.7,59,5.1,3052,5.1
"06085","5","485991","78","0","2023","A","N",15,0,0,0,0,0,0,"N",0.54,0,0,0,0,0,0,"N",-1,-6.2,0,0,0,0,0,0,0,0,0,0,0,0
"06085","5","485999","78","0","2023","A","N",8,0,0,0,0,0,0,"N",0.37,0,0,0,0,0,0,"N",-1,-11.1,0,0,0,0,0,0,0,0,0,0,0,0
"06085","5","486","75","0","2023","A","N",3,0,0,0,0,0,0,"N",0.13,0,0,0,0,0,0,"N",0,0.0,0,0,0,0,0,0,0,0,0,0,0,0
"06085","5","4869","76","0","2023","A","N",3,0,0,0,0,0,0,"N",0.68,0,0,0,0,0,0,"N",0,0.0,0,0,0,0,0,0,0,0,0,0,0,0
"06085","5","48691","77","0","2023","A","N",3,0,0,0,0,0,0,"N",0.77,0,0,0,0,0,0,"N",0,0.0,0,0,0,0,0,0,0,0,0,0,0,0
"06085","5","486910","78","0","2023","A","N",3,0,0,0,0,0,0,"N",0.77,0,0,0,0,0,0,"N",0,0.0,0,0,0,0,0,0,0,0,0,0,0,0
"06085","5","487","75","0","2023","A","N",1,0,0,0,0,0,0,"N",0.04,0,0,0,0,0,0,"N",0,0.0,0,0,0,0,0,0,0,0,0,0,0,0
"06085","5","4871","76","0","2023","A","N",1,0,0,0,0,0,0,"N",0.17,0,0,0,0,0,0,"N",0,0.0,0,0,0,0,0,0,0,0,0,0,0,0
"06085","5","48711","77","0","2023","A","N",1,0,0,0,0,0,0,"N",0.17,0,0,0,0,0,0,"N",0,0.0,0,0,0,0,0,0,0,0,0,0,0,0
"06085","5","487110","78","0","2023","A","N",1,0,0,0,0,0,0,"N",0.17,0,0,0,0,0,0,"N",0,0.0,0,0,0,0,0,0,0,0,0,0,0,0
"06085","5","488","75","0","2023","A","",168,2102,160905548,20457778,585178,1472,76561,"",0.44,0.35,0.16,0.33,0.33,0.44,0.44,"",-4,-2.3,-23,-1.1,4352902,2.8,-788344,-3.7,-66474,-10.2,55,3.9,2886,3.9
"06085","5","4881","76","0","2023","A","",33,700,55162274,6371474,156342,1515,78756,"",0.55,0.37,0.20,0.34,0.30,0.54,0.54,"",-2,-5.7,-45,-6.0,1250754,2.3,-1212275,-16.0,-51695,-24.8,124,8.9,6408,8.9
"06085","5","48811","77","0","2023","A","",12,490,27076167,4450088,118356,1062,55211,"",0.76,0.56,0.30,0.51,0.43,0.54,0.54,"",-2,-14.3,-31,-6.0,1610004,6.3,-769701,-14.7,-37425,-24.0,121,12.9,6285,12.8
"06085","5","488119","78","0","2023","A","",12,490,27076167,4450088,118356,1062,55211,"",0.85,0.57,0.31,0.52,0.44,0.55,0.55,"",-2,-14.3,-31,-6.0,1610004,6.3,-769701,-14.7,-37425,-24.0,121,12.9,6285,12.8
"06085","5","48819","77","0","2023","A","",22,210,28086107,1921386,37986,2572,133743,"",0.49,0.21,0.15,0.19,0.15,0.72,0.72,"",1,4.8,-15,-6.7,-359250,-1.3,-442574,-18.7,-14270,-27.3,137,5.6,7132,5.6
"06085","5","488190","78","0","2023","A","",22,210,28086107,1921386,37986,2572,133743,"",0.49,0.21,0.15,0.19,0.15,0.72,0.72,"",1,4.8,-15,-6.7,-359250,-1.3,-442574,-18.7,-14270,-27.3,137,5.6,7132,5.6
"06085","5","4882","76","0","2023","A","N",1,0,0,0,0,0,0,"N",0.08,0,0,0,0,0,0,"N",0,0.0,0,0,0,0,0,0,0,0,0,0,0,0
"06085","5","48821","77","0","2023","A","N",1,0,0,0,0,0,0,"N",0.08,0,0,0,0,0,0,"N",0,0.0,0,0,0,0,0,0,0,0,0,0,0,0
"06085","5","488210","78","0","2023","A","N",1,0,0,0,0,0,0,"N",0.08,0,0,0,0,0,0,"N",0,0.0,0,0,0,0,0,0,0,0,0,0,0,0
"06085","5","4883","76","0","2023","A","N",1,0,0,0,0,0,0,"N",0.05,0,0,0,0,0,0,"N",-1,-50.0,0,0,0,0,0,0,0,0,0,0,0,0
"06085","5","48833","77","0","2023","A","N",1,0,0,0,0,0,0,"N",0.16,0,0,0,0,0,0,"N",0,0.0,0,0,0,0,0,0,0,0,0,0,0,0
"06085","5","488330","78","0","2023","A","N",1,0,0,0,0,0,0,"N",0.16,0,0,0,0,0,0,"N",0,0.0,0,0,0,0,0,0,0,0,0,0,0,0
"06085","5","4884","76","0","2023","A","",76,620,40771593,6086829,193662,1264,65716,"",0.75,0.74,0.36,0.69,0.75,0.49,0.49,"",-1,-1.3,-11,-1.7,1026222,2.6,37572,0.6,-12300,-6.0,53,4.4,2770,4.4
"06085","5","48841","77","0","2023","A","",47,502,31766404,4879829,154070,1217,63301,"",0.66,0.93,0.45,0.88,1.07,0.48,0.48,"",1,2.2,4,0.8,1388093,4.6,210745,4.5,-4259,-2.7,44,3.8,2321,3.8
"06085","5","488410","78","0","2023","A","",47,502,31766404,4879829,154070,1217,63301,"",0.66,0.93,0.45,0.88,1.07,0.48,0.48,"",1,2.2,4,0.8,1388093,4.6,210745,4.5,-4259,-2.7,44,3.8,2321,3.8
"06085","5","48849","77","0","2023","A","",29,119,9005189,1207000,39592,1460,75940,"",0.98,0.40,0.22,0.36,0.35,0.55,0.55,"",-2,-6.5,-14,-10.5,-361871,-3.9,-173173,-12.5,-8041,-16.9,108,8.0,5643,8.0
"06085","5","488490","78","0","2023","A","",29,119,9005189,1207000,39592,1460,75940,"",0.98,0.40,0.22,0.36,0.35,0.55,0.55,"",-2,-6.5,-14,-10.5,-361871,-3.9,-173173,-12.5,-8041,-16.9,108,8.0,5643,8.0
"06085","5","4885","76","0","2023","A","",41,230,17873060,2240532,65034,1498,77878,"",0.25,0.12,0.05,0.11,0.11,0.39,0.39,"",-2,-4.7,-41,-15.1,-3981572,-18.2,-139036,-5.8,-13326,-17.0,-54,-3.5,-2841,-3.5
"06085","5","48851","77","0","2023","A","",41,230,17873060,2240532,65034,1498,77878,"",0.25,0.12,0.05,0.11,0.11,0.39,0.39,"",-2,-4.7,-41,-15.1,-3981572,-18.2,-139036,-5.8,-13326,-17.0,-54,-3.5,-2841,-3.5
"06085","5","488510","78","0","2023","A","",41,230,17873060,2240532,65034,1498,77878,"",0.25,0.12,0.05,0.11,0.11,0.39,0.39,"",-2,-4.7,-41,-15.1,-3981572,-18.2,-139036,-5.8,-13326,-17.0,-54,-3.5,-2841,-3.5
"06085","5","4889","76","0","2023","A","",16,453,39607333,4415600,127937,1682,87466,"",0.68,1.67,0.98,1.73,1.58,0.59,0.58,"",1,6.7,40,9.7,3051318,8.3,30442,0.7,-3800,-2.9,-21,-1.2,-1083,-1.2
"06085","5","48899","77","0","2023","A","",16,453,39607333,4415600,127937,1682,87466,"",0.68,1.67,0.98,1.73,1.58,0.59,0.58,"",1,6.7,40,9.7,3051318,8.3,30442,0.7,-3800,-2.9,-21,-1.2,-1083,-1.2
"06085","5","488991","78","0","2023","A","",12,384,35680153,3791816,113835,1785,92836,"",1.25,2.46,1.83,2.51,2.35,0.74,0.74,"",0,0.0,25,7.0,1962933,5.8,-52638,-1.4,-4530,-3.8,-21,-1.2,-1062,-1.1
"06085","5","488999","78","0","2023","A","",4,69,3927180,623784,14102,1103,57331,"",0.29,0.60,0.19,0.60,0.44,0.31,0.31,"",1,33.3,15,27.8,1088385,38.3,83080,15.4,730,5.5,87,8.6,4516,8.6
"06085","5","491","75","0","2023","A","",7,28,1318167,303321,9950,908,47218,"",0.96,0.50,0.23,0.52,0.69,0.47,0.47,"",-1,-12.5,-4,-12.5,-181665,-12.1,-2661,-0.9,-685,-6.4,9,1.0,470,1.0
"06085","5","4911","76","0","2023","A","",7,28,1318167,303321,9950,908,47218,"",0.96,0.50,0.23,0.52,0.69,0.47,0.47,"",-1,-12.5,-4,-12.5,-181665,-12.1,-2661,-0.9,-685,-6.4,9,1.0,470,1.0
"06085","5","49111","77","0","2023","A","",7,28,1318167,303321,9950,908,47218,"",0.96,0.50,0.23,0.52,0.69,0.47,0.47,"",-1,-12.5,-4,-12.5,-181665,-12.1,-2661,-0.9,-685,-6.4,9,1.0,470,1.0
"06085","5","491110","78","0","2023","A","",7,28,1318167,303321,9950,908,47218,"",0.96,0.50,0.23,0.52,0.69,0.47,0.47,"",-1,-12.5,-4,-12.5,-181665,-12.1,-2661,-0.9,-685,-6.4,9,1.0,470,1.0
"06085","5","492","75","0","2023","A","",122,6280,1650346282,61767631,1758462,5053,262777,"",0.78,0.80,1.63,0.82,0.89,2.03,2.03,"",-3,-2.4,-660,-9.5,390629113,31.0,-7798488,-11.2,-573778,-24.6,1562,44.7,81270,44.8
"06085","5","4921","76","0","2023","A","",57,2982,219908632,27424839,728314,1418,73745,"",0.60,0.46,0.27,0.46,0.52,0.59,0.59,"",-1,-1.7,-280,-8.6,-9211607,-4.0,-4682126,-14.6,-42992,-5.6,67,5.0,3499,5.0
"06085","5","49211","77","0","2023","A","",57,2982,219908632,27424839,728314,1418,73745,"",0.60,0.46,0.27,0.46,0.52,0.59,0.59,"",-1,-1.7,-280,-8.6,-9211607,-4.0,-4682126,-14.6,-42992,-5.6,67,5.0,3499,5.0
"06085","5","492110","78","0","2023","A","",57,2982,219908632,27424839,728314,1418,73745,"",0.60,0.46,0.27,0.46,0.52,0.59,0.59,"",-1,-1.7,-280,-8.6,-9211607,-4.0,-4682126,-14.6,-42992,-5.6,67,5.0,3499,5.0
"06085","5","4922","76","0","2023","A","",64,3298,1430437650,34342792,1030148,8340,433674,"",1.06,2.55,7.59,2.22,1.82,2.98,2.98,"",-3,-4.5,-381,-10.4,399840720,38.8,-3116362,-8.3,-530786,-34.0,2952,54.8,153519,54.8
"06085","5","49221","77","0","2023","A","",64,3298,1430437650,34342792,1030148,8340,433674,"",1.06,2.55,7.59,2.22,1.82,2.98,2.98,"",-3,-4.5,-381,-10.4,399840720,38.8,-3116362,-8.3,-530786,-34.0,2952,54.8,153519,54.8
"06085","5","492210","78","0","2023","A","",64,3298,1430437650,34342792,1030148,8340,433674,"",1.06,2.55,7.59,2.22,1.82,2.98,2.98,"",-3,-4.5,-381,-10.4,399840720,38.8,-3116362,-8.3,-530786,-34.0,2952,54.8,153519,54.8
"06085","5","493","75","0","2023","A","",37,839,109930508,9468152,299287,2520,131065,"",0.25,0.06,0.06,0.07,0.08,1.05,1.05,"",-2,-5.1,-29,-3.3,28272343,34.6,1810222,23.6,40428,15.6,710,39.2,36953,39.3
"06085","5","4931","76","0","2023","A","",37,839,109930508,9468152,299287,2520,131065,"",0.25,0.06,0.06,0.07,0.08,1.05,1.05,"",-2,-5.1,-29,-3.3,28272343,34.6,1810222,23.6,40428,15.6,710,39.2,36953,39.3
"06085","5","49311","77","0","2023","A","",22,744,104338868,8691468,276391,2697,140256,"",0.20,0.06,0.07,0.07,0.08,1.14,1.14,"",-2,-8.3,-29,-3.8,27983707,36.6,1810239,26.3,42199,18.0,798,42.0,41532,42.1
"06085","5","493110","78","0","2023","A","",22,744,104338868,8691468,276391,2697,140256,"",0.20,0.06,0.07,0.07,0.08,1.14,1.14,"",-2,-8.3,-29,-3.8,27983707,36.6,1810239,26.3,42199,18.0,798,42.0,41532,42.1
"06085","5","49312","77","0","2023","A","",6,51,3124914,394479,10401,1184,61575,"",0.51,0.09,0.04,0.06,0.05,0.41,0.41,"",2,50.0,1,2.0,196711,6.7,-33714,-7.9,-1804,-14.8,65,5.8,3399,5.8
"06085","5","493120","78","0","2023","A","",6,51,3124914,394479,10401,1184,61575,"",0.51,0.09,0.04,0.06,0.05,0.41,0.41,"",2,50.0,1,2.0,196711,6.7,-33714,-7.9,-1804,-14.8,65,5.8,3399,5.8
"06085","5","49319","77","0","2023","A","",10,44,2466726,382205,12495,1076,55956,"",0.57,0.12,0.04,0.10,0.11,0.35,0.35,"",-1,-9.1,0,0.0,91925,3.9,33697,9.7,33,0.3,36,3.5,1881,3.5
"06085","5","493190","78","0","2023","A","",10,44,2466726,382205,12495,1076,55956,"",0.57,0.12,0.04,0.10,0.11,0.35,0.35,"",-1,-9.1,0,0.0,91925,3.9,33697,9.7,33,0.3,36,3.5,1881,3.5
"06085","5","51","74","0","2023","A","",1778,94924,37799746207,945955743,27466885,7658,398210,"",0.93,4.36,4.64,3.74,3.61,1.07,1.06,"",21,1.2,-6240,-6.2,1122379118,3.1,-119964687,-11.3,-4796538,-14.9,686,9.8,35656,9.8
"06085","5","512","75","0","2023","A","N",76,0,0,0,0,0,0,"N",0.28,0,0,0,0,0,0,"N",-3,-3.8,0,0,0,0,0,0,0,0,0,0,0,0
"06085","5","5121","76","0","2023","A","",65,1225,109012422,10265248,270931,1711,88966,"",0.28,0.47,0.21,0.41,0.19,0.45,0.45,"",-3,-4.4,66,5.7,37493597,52.4,258468,2.6,3737,1.4,524,44.1,27263,44.2
"06085","5","51211","77","0","2023","A","N",35,0,0,0,0,0,0,"N",0.21,0,0,0,0,0,0,"N",-3,-7.9,0,0,0,0,0,0,0,0,0,0,0,0
"06085","5","512110","78","0","2023","A","N",35,0,0,0,0,0,0,"N",0.21,0,0,0,0,0,0,"N",-3,-7.9,0,0,0,0,0,0,0,0,0,0,0,0
"06085","5","51212","77","0","2023","A","N",1,0,0,0,0,0,0,"N",0.19,0,0,0,0,0,0,"N",-1,-50.0,0,0,0,0,0,0,0,0,0,0,0,0
"06085","5","512120","78","0","2023","A","N",1,0,0,0,0,0,0,"N",0.19,0,0,0,0,0,0,"N",-1,-50.0,0,0,0,0,0,0,0,0,0,0,0,0
"06085","5","51213","77","0","2023","A","",22,762,19433154,6392640,108088,491,25517,"",0.76,0.85,0.45,1.13,0.90,0.53,0.53,"",0,0.0,62,8.9,1598196,9.0,258298,4.2,-8022,-6.9,1,0.2,45,0.2
"06085","5","512131","78","0","2023","A","N",20,0,0,0,0,0,0,"N",0.73,0,0,0,0,0,0,"N",0,0.0,0,0,0,0,0,0,0,0,0,0,0,0
"06085","5","512132","78","0","2023","A","N",2,0,0,0,0,0,0,"N",1.37,0,0,0,0,0,0,"N",0,0.0,0,0,0,0,0,0,0,0,0,0,0,0
"06085","5","51219","77","0","2023","A","",7,354,75584282,2809167,131197,4107,213565,"",0.22,2.36,1.97,2.32,2.33,0.83,0.83,"",1,16.7,-7,-1.9,33765418,80.7,-195410,-6.5,5398,4.3,1877,84.2,97616,84.2
"06085","5","512191","78","0","2023","A","",7,354,75584282,2809167,131197,4107,213565,"",0.27,2.78,2.24,2.79,2.63,0.81,0.81,"",1,16.7,-7,-1.9,33765418,80.7,-195410,-6.5,5398,4.3,1877,84.2,97616,84.2
"06085","5","5122","76","0","2023","A","N",11,0,0,0,0,0,0,"N",0.31,0,0,0,0,0,0,"N",0,0.0,0,0,0,0,0,0,0,0,0,0,0,0
"06085","5","51223","77","0","2023","A","N",2,0,0,0,0,0,0,"N",0.25,0,0,0,0,0,0,"N",0,0.0,0,0,0,0,0,0,0,0,0,0,0,0
"06085","5","512230","78","0","2023","A","N",2,0,0,0,0,0,0,"N",0.25,0,0,0,0,0,0,"N",0,0.0,0,0,0,0,0,0,0,0,0,0,0,0
"06085","5","51224","77","0","2023","A","",6,27,3464439,268768,8474,2445,127135,"",0.46,0.74,0.55,0.85,0.79,0.73,0.73,"",0,0.0,1,3.8,-745045,-17.7,-298755,-52.6,-13842,-62.0,-709,-22.5,-36871,-22.5
"06085","5","512240","78","0","2023","A","",6,27,3464439,268768,8474,2445,127135,"",0.46,0.74,0.55,0.85,0.79,0.73,0.73,"",0,0.0,1,3.8,-745045,-17.7,-298755,-52.6,-13842,-62.0,-709,-22.5,-36871,-22.5
"06085","5","51225","77","0","2023","A","N",2,0,0,0,0,0,0,"N",0.23,0,0,0,0,0,0,"N",0,0.0,0,0,0,0,0,0,0,0,0,0,0,0
"06085","5","512250","78","0","2023","A","N",2,0,0,0,0,0,0,"N",0.23,0,0,0,0,0,0,"N",0,0.0,0,0,0,0,0,0,0,0,0,0,0,0
"06085","5","51229","77","0","2023","A","N",1,0,0,0,0,0,0,"N",0.17,0,0,0,0,0,0,"N",0,0.0,0,0,0,0,0,0,0,0,0,0,0,0
"06085","5","512290","78","0","2023","A","N",1,0,0,0,0,0,0,"N",0.17,0,0,0,0,0,0,"N",0,0.0,0,0,0,0,0,0,0,0,0,0,0,0
"06085","5","513","75","0","2023","A","",801,34144,12292900323,296465932,9329998,6924,360031,"",1.01,4.99,4.36,3.14,3.89,0.87,0.87,"",-22,-2.7,-1572,-4.4,1277799077,11.6,-25015927,-7.8,-1224343,-11.6,993,16.7,51622,16.7
"06085","5","5131","76","0","2023","A","",112,1920,329835365,16507436,548845,3303,171782,"",0.57,0.92,0.62,0.78,0.80,0.68,0.68,"",-11,-8.9,-225,-10.5,-13606741,-4.0,-2900854,-14.9,-129083,-19.0,223,7.2,11632,7.3
"06085","5","51311","77","0","2023","A","",24,308,21339818,2907545,141210,1332,69248,"",0.49,0.44,0.17,0.43,0.68,0.38,0.38,"",0,0.0,-14,-4.3,-139905,-0.7,-284819,-8.9,-24390,-14.7,49,3.8,2506,3.8
"06085","5","513110","78","0","2023","A","",24,308,21339818,2907545,141210,1332,69248,"",0.49,0.44,0.17,0.43,0.68,0.38,0.38,"",0,0.0,-14,-4.3,-139905,-0.7,-284819,-8.9,-24390,-14.7,49,3.8,2506,3.8
"06085","5","51312","77","0","2023","A","",19,561,78811814,4662814,131674,2700,140422,"",0.35,1.10,0.56,0.99,0.80,0.51,0.51,"",0,0.0,-117,-17.3,-10189477,-11.4,-1093060,-19.0,-57668,-30.5,177,7.0,9200,7.0
"06085","5","513120","78","0","2023","A","",19,561,78811814,4662814,131674,2700,140422,"",0.35,1.10,0.56,0.99,0.80,0.51,0.51,"",0,0.0,-117,-17.3,-10189477,-11.4,-1093060,-19.0,-57668,-30.5,177,7.0,9200,7.0
"06085","5","51313","77","0","2023","A","",18,149,29664606,1055910,54561,3827,198980,"",0.51,0.37,0.30,0.25,0.45,0.80,0.80,"",1,5.9,15,11.2,6317011,27.1,-70175,-6.2,-2853,-5.0,480,14.3,24961,14.3
"06085","5","513130","78","0","2023","A","",18,149,29664606,1055910,54561,3827,198980,"",0.51,0.37,0.30,0.25,0.45,0.80,0.80,"",1,5.9,15,11.2,6317011,27.1,-70175,-6.2,-2853,-5.0,480,14.3,24961,14.3
"06085","5","51314","77","0","2023","A","",4,12,817185,69872,2666,1292,67166,"",0.39,0.10,0.02,0.04,0.05,0.23,0.23,"",-1,-20.0,-2,-14.3,-71443,-8.0,-30991,-30.7,-768,-22.4,93,7.8,4806,7.7
"06085","5","513140","78","0","2023","A","",4,12,817185,69872,2666,1292,67166,"",0.39,0.10,0.02,0.04,0.05,0.23,0.23,"",-1,-20.0,-2,-14.3,-71443,-8.0,-30991,-30.7,-768,-22.4,93,7.8,4806,7.7
"06085","5","51319","77","0","2023","A","",47,889,199201942,7811295,218734,4307,223969,"",0.95,2.43,1.55,2.03,1.54,0.64,0.64,"",-12,-20.3,-107,-10.7,-9522927,-4.6,-1421809,-15.4,-43404,-16.6,277,6.9,14406,6.9
"06085","5","513199","78","0","2023","A","",47,889,199201942,7811295,218734,4307,223969,"",0.97,2.58,1.59,2.13,1.58,0.62,0.62,"",-12,-20.3,-107,-10.7,-9522927,-4.6,-1421809,-15.4,-43404,-16.6,277,6.9,14406,6.9
"06085","5","5132","76","0","2023","A","",689,32224,11963064958,279958496,8781153,7139,371248,"",1.16,6.80,5.22,3.82,5.13,0.77,0.77,"",-11,-1.6,-1347,-4.0,1291405818,12.1,-22115073,-7.3,-1095260,-11.1,1026,16.8,53369,16.8
"06085","5","51321","77","0","2023","A","",689,32224,11963064958,279958496,8781153,7139,371248,"",1.16,6.80,5.22,3.82,5.13,0.77,0.77,"",-11,-1.6,-1347,-4.0,1291405818,12.1,-22115073,-7.3,-1095260,-11.1,1026,16.8,53369,16.8
"06085","5","513210","78","0","2023","A","",689,32224,11963064958,279958496,8781153,7139,371248,"",1.16,6.80,5.22,3.82,5.13,0.77,0.77,"",-11,-1.6,-1347,-4.0,1291405818,12.1,-22115073,-7.3,-1095260,-11.1,1026,16.8,53369,16.8
"06085","5","516","75","0","2023","A","",112,1883,434148720,17507092,787737,4434,230562,"",0.82,0.74,0.38,0.67,1.06,0.51,0.51,"",6,5.7,-244,-11.5,-54102788,-11.1,-5632405,-24.3,-294926,-27.2,19,0.4,995,0.4
"06085","5","5161","76","0","2023","A","",19,121,9708692,869093,38359,1545,80348,"",0.48,0.14,0.05,0.11,0.18,0.37,0.37,"",0,0.0,6,5.2,445596,4.8,125553,16.9,9718,33.9,-9,-0.6,-435,-0.5
"06085","5","51611","77","0","2023","A","",14,78,4915307,515030,20682,1208,62815,"",0.49,0.20,0.07,0.15,0.22,0.36,0.36,"",-1,-6.7,-25,-24.3,-3464794,-41.3,-155729,-23.2,-5708,-21.6,-352,-22.6,-18283,-22.5
"06085","5","516110","78","0","2023","A","",14,78,4915307,515030,20682,1208,62815,"",0.49,0.20,0.07,0.15,0.22,0.36,0.36,"",-1,-6.7,-25,-24.3,-3464794,-41.3,-155729,-23.2,-5708,-21.6,-352,-22.6,-18283,-22.5
"06085","5","51612","77","0","2023","A","",5,43,4793385,354063,17677,2165,112565,"",0.45,0.09,0.04,0.08,0.15,0.45,0.45,"",1,25.0,32,290.9,3910390,442.9,281282,386.5,15426,685.3,667,44.5,34654,44.5
"06085","5","516120","78","0","2023","A","",5,43,4793385,354063,17677,2165,112565,"",0.45,0.09,0.04,0.08,0.15,0.45,0.45,"",1,25.0,32,290.9,3910390,442.9,281282,386.5,15426,685.3,667,44.5,34654,44.5
"06085","5","5162","76","0","2023","A","",93,1762,424440028,16637999,749378,4632,240863,"",0.97,1.07,0.44,0.91,1.41,0.42,0.42,"",6,6.9,-250,-12.4,-54548384,-11.4,-5757958,-25.7,-304644,-28.9,54,1.2,2817,1.2
"06085","5","51621","77","0","2023","A","",93,1762,424440028,16637999,749378,4632,240863,"",0.97,1.07,0.44,0.91,1.41,0.42,0.42,"",6,6.9,-250,-12.4,-54548384,-11.4,-5757958,-25.7,-304644,-28.9,54,1.2,2817,1.2
"06085","5","516210","78","0","2023","A","",93,1762,424440028,16637999,749378,4632,240863,"",0.97,1.07,0.44,0.91,1.41,0.42,0.42,"",6,6.9,-250,-12.4,-54548384,-11.4,-5757958,-25.7,-304644,-28.9,54,1.2,2817,1.2
"06085","5","517","75","0","2023","A","",189,5022,1205920212,42385659,1440518,4618,240112,"",0.77,1.06,0.95,0.83,0.97,0.90,0.90,"",-12,-6.0,-307,-5.8,105163020,9.6,-4802719,-10.2,-256307,-15.1,646,16.3,33568,16.3
"06085","5","5171","76","0","2023","A","",142,3953,946966969,33333521,1135613,4606,239531,"",0.69,0.91,0.84,0.71,0.84,0.92,0.92,"",-10,-6.6,-361,-8.4,76213751,8.8,-4912081,-12.8,-235891,-17.2,724,18.7,37691,18.7
"06085","5","51711","77","0","2023","A","",129,3893,938452641,32779866,1113320,4636,241051,"",0.74,0.96,0.89,0.75,0.88,0.93,0.93,"",-4,-3.0,-308,-7.3,86237114,10.1,-4430210,-11.9,-212742,-16.0,735,18.8,38199,18.8
"06085","5","517111","78","0","2023","A","",84,3218,821697461,27027876,932193,4910,255324,"",0.65,0.94,0.93,0.76,0.88,0.99,0.99,"",-4,-4.5,-366,-10.2,75706742,10.1,-4237896,-13.6,-222878,-19.3,907,22.7,47155,22.7
"06085","5","517112","78","0","2023","A","",45,675,116755180,5751990,181127,3327,172992,"",0.99,1.07,0.68,0.70,0.86,0.64,0.64,"",0,0.0,57,9.2,10530372,9.9,-192314,-3.2,10136,5.9,19,0.6,991,0.6
"06085","5","51712","77","0","2023","A","",14,60,8514328,553655,22293,2718,141317,"",0.46,0.20,0.12,0.17,0.25,0.58,0.58,"",-5,-26.3,-53,-46.9,-10023363,-54.1,-481871,-46.5,-23149,-50.9,-439,-13.9,-22854,-13.9
"06085","5","517121","78","0","2023","A","",14,60,8514328,553655,22293,2718,141317,"",0.46,0.20,0.12,0.17,0.25,0.58,0.58,"",-5,-26.3,-53,-46.9,-10023363,-54.1,-481871,-46.5,-23149,-50.9,-439,-13.9,-22854,-13.9
"06085","5","5174","76","0","2023","A","",8,27,3881929,274896,9004,2782,144668,"",1.18,0.40,0.19,0.42,0.50,0.47,0.47,"",-1,-11.1,0,0.0,261474,7.2,10668,4.0,-2002,-18.2,155,5.9,8047,5.9
"06085","5","51741","77","0","2023","A","",8,27,3881929,274896,9004,2782,144668,"",1.18,0.40,0.19,0.42,0.50,0.47,0.47,"",-1,-11.1,0,0.0,261474,7.2,10668,4.0,-2002,-18.2,155,5.9,8047,5.9
"06085","5","517410","78","0","2023","A","",8,27,3881929,274896,9004,2782,144668,"",1.18,0.40,0.19,0.42,0.50,0.47,0.47,"",-1,-11.1,0,0.0,261474,7.2,10668,4.0,-2002,-18.2,155,5.9,8047,5.9
"06085","5","5178","76","0","2023","A","",39,1042,255071314,8777242,295901,4707,244771,"",1.14,3.16,2.13,2.67,2.82,0.67,0.67,"",-2,-4.9,53,5.4,28687795,12.7,98694,1.1,-18414,-5.9,304,6.9,15831,6.9
"06085","5","51781","77","0","2023","A","",39,1042,255071314,8777242,295901,4707,244771,"",1.14,3.16,2.13,2.67,2.82,0.67,0.67,"",-2,-4.9,53,5.4,28687795,12.7,98694,1.1,-18414,-5.9,304,6.9,15831,6.9
"06085","5","517810","78","0","2023","A","",39,1042,255071314,8777242,295901,4707,244771,"",1.14,3.16,2.13,2.67,2.82,0.67,0.67,"",-2,-4.9,53,5.4,28687795,12.7,98694,1.1,-18414,-5.9,304,6.9,15831,6.9
"06085","5","518","75","0","2023","A","",440,13228,5459395551,112537505,3388298,7937,412715,"",1.25,3.72,3.72,2.74,2.98,1.00,1.00,"",51,13.1,1745,15.2,1531142312,39.0,25168800,28.8,332026,10.9,1358,20.6,70607,20.6
"06085","5","5182","76","0","2023","A","",440,13228,5459395551,112537505,3388298,7937,412715,"",1.25,3.72,3.72,2.74,2.98,1.00,1.00,"",51,13.1,1745,15.2,1531142312,39.0,25168800,28.8,332026,10.9,1358,20.6,70607,20.6
"06085","5","51821","77","0","2023","A","",440,13228,5459395551,112537505,3388298,7937,412715,"",1.25,3.72,3.72,2.74,2.98,1.00,1.00,"",51,13.1,1745,15.2,1531142312,39.0,25168800,28.8,332026,10.9,1358,20.6,70607,20.6
"06085","5","518210","78","0","2023","A","",440,13228,5459395551,112537505,3388298,7937,412715,"",1.25,3.72,3.72,2.74,2.98,1.00,1.00,"",51,13.1,1745,15.2,1531142312,39.0,25168800,28.8,332026,10.9,1358,20.6,70607,20.6
"06085","5","519","75","0","2023","A","N",162,0,0,0,0,0,0,"N",1.39,0,0,0,0,0,0,"N",3,1.9,0,0,0,0,0,0,0,0,0,0,0,0
"06085","5","5192","76","0","2023","A","N",162,0,0,0,0,0,0,"N",1.39,0,0,0,0,0,0,"N",3,1.9,0,0,0,0,0,0,0,0,0,0,0,0
"06085","5","51921","77","0","2023","A","N",2,0,0,0,0,0,0,"N",0.13,0,0,0,0,0,0,"N",0,0.0,0,0,0,0,0,0,0,0,0,0,0,0
"06085","5","519210","78","0","2023","A","N",2,0,0,0,0,0,0,"N",0.13,0,0,0,0,0,0,"N",0,0.0,0,0,0,0,0,0,0,0,0,0,0,0
"06085","5","51929","77","0","2023","A","N",160,0,0,0,0,0,0,"N",1.58,0,0,0,0,0,0,"N",3,1.9,0,0,0,0,0,0,0,0,0,0,0,0
"06085","5","519290","78","0","2023","A","N",160,0,0,0,0,0,0,"N",1.58,0,0,0,0,0,0,"N",3,1.9,0,0,0,0,0,0,0,0,0,0,0,0
"06085","5","52","74","0","2023","A","",2370,21025,4526946162,194754349,6204441,4141,215318,"",0.62,0.46,0.30,0.41,0.54,0.66,0.66,"",-45,-1.9,-498,-2.3,-130011171,-2.8,-11544187,-5.6,-861727,-12.2,-20,-0.5,-1054,-0.5
"06085","5","522","75","0","2023","A","",767,11784,2435403401,112343579,3727053,3974,206673,"",0.59,0.62,0.48,0.58,0.83,0.77,0.77,"",-20,-2.5,-676,-5.4,-177325377,-6.8,-11721130,-9.4,-753218,-16.8,-59,-1.5,-3022,-1.4
"06085","5","5221","76","0","2023","A","",461,6242,1070561748,66716511,2589771,3298,171521,"",0.64,0.48,0.32,0.50,0.95,0.68,0.68,"",9,2.0,302,5.1,15140039,1.4,6597157,11.0,-301582,-10.4,-119,-3.5,-6169,-3.5
"06085","5","52211","77","0","2023","A","",371,5138,945128023,58804580,2360427,3537,183937,"",0.69,0.51,0.34,0.58,1.13,0.67,0.67,"",7,1.9,245,5.0,9618214,1.0,7516041,14.7,-232665,-9.0,-140,-3.8,-7243,-3.8
"06085","5","522110","78","0","2023","A","",371,5138,945128023,58804580,2360427,3537,183937,"",0.69,0.51,0.34,0.58,1.13,0.67,0.67,"",7,1.9,245,5.0,9618214,1.0,7516041,14.7,-232665,-9.0,-140,-3.8,-7243,-3.8
"06085","5","52213","77","0","2023","A","",82,1074,121790840,7714055,221376,2181,113408,"",0.63,0.48,0.32,0.33,0.50,0.67,0.67,"",2,2.5,56,5.5,5145931,4.4,-954778,-11.0,-69762,-24.0,-23,-1.0,-1174,-1.0
"06085","5","522130","78","0","2023","A","",82,1074,121790840,7714055,221376,2181,113408,"",0.63,0.48,0.32,0.33,0.50,0.67,0.67,"",2,2.5,56,5.5,5145931,4.4,-954778,-11.0,-69762,-24.0,-23,-1.0,-1174,-1.0
"06085","5","52218","77","0","2023","A","",8,29,3642885,197876,7968,2388,124189,"",0.16,0.04,0.02,0.02,0.04,0.56,0.56,"",0,0.0,1,3.6,375894,11.5,35894,22.2,845,11.9,171,7.7,8883,7.7
"06085","5","522180","78","0","2023","A","",8,29,3642885,197876,7968,2388,124189,"",0.16,0.04,0.02,0.02,0.04,0.56,0.56,"",0,0.0,1,3.6,375894,11.5,35894,22.2,845,11.9,171,7.7,8883,7.7
"06085","5","5222","76","0","2023","A","",146,1062,139661704,6811042,220780,2530,131570,"",0.41,0.27,0.13,0.17,0.20,0.47,0.47,"",-22,-13.1,151,16.6,-11307674,-7.5,-2703292,-28.4,-117612,-34.8,-657,-20.6,-34148,-20.6
"06085","5","52221","77","0","2023","A","N",4,0,0,0,0,0,0,"N",0.55,0,0,0,0,0,0,"N",1,33.3,0,0,0,0,0,0,0,0,0,0,0,0
"06085","5","522210","78","0","2023","A","N",4,0,0,0,0,0,0,"N",0.55,0,0,0,0,0,0,"N",1,33.3,0,0,0,0,0,0,0,0,0,0,0,0
"06085","5","52222","77","0","2023","A","N",16,0,0,0,0,0,0,"N",0.37,0,0,0,0,0,0,"N",0,0.0,0,0,0,0,0,0,0,0,0,0,0,0
"06085","5","522220","78","0","2023","A","N",16,0,0,0,0,0,0,"N",0.37,0,0,0,0,0,0,"N",0,0.0,0,0,0,0,0,0,0,0,0,0,0,0
"06085","5","52229","77","0","2023","A","",126,964,122278358,5847745,191418,2438,126790,"",0.41,0.35,0.17,0.20,0.23,0.47,0.47,"",-23,-15.4,138,16.7,-14423473,-10.6,-2920173,-33.3,-120880,-38.7,-744,-23.4,-38675,-23.4
"06085","5","522291","78","0","2023","A","",29,170,26139807,1218194,50240,2963,154066,"",0.28,0.25,0.16,0.17,0.26,0.65,0.65,"",-5,-14.7,-30,-15.0,-12726035,-32.7,-328906,-21.3,-7941,-13.6,-779,-20.8,-40506,-20.8
"06085","5","522292","78","0","2023","A","",76,696,84449336,3666929,108435,2334,121393,"",0.59,0.49,0.22,0.23,0.22,0.44,0.44,"",-14,-15.6,188,37.0,-710212,-0.8,-2449630,-40.0,-107001,-49.7,-891,-27.6,-46326,-27.6
"06085","5","522299","78","0","2023","A","",21,99,11689215,962622,32743,2269,117974,"",0.29,0.15,0.06,0.15,0.24,0.42,0.42,"",-4,-16.0,-20,-16.8,-987226,-7.8,-141637,-12.8,-5938,-15.4,215,10.5,11150,10.4
"06085","5","5223","76","0","2023","A","",161,4481,1225179949,38816026,916502,5258,273432,"",0.70,2.11,1.73,1.84,1.39,0.82,0.82,"",-7,-4.2,-1128,-20.1,-181157742,-12.9,-15614995,-28.7,-334024,-26.7,436,9.0,22703,9.1
"06085","5","52231","77","0","2023","A","",91,487,55039559,4686657,181438,2174,113037,"",0.77,0.77,0.34,0.65,0.71,0.44,0.44,"",-11,-10.8,-799,-62.1,-84154397,-60.5,-10311330,-68.8,-202749,-52.8,92,4.4,4771,4.4
"06085","5","522310","78","0","2023","A","",91,487,55039559,4686657,181438,2174,113037,"",0.77,0.77,0.34,0.65,0.71,0.44,0.44,"",-11,-10.8,-799,-62.1,-84154397,-60.5,-10311330,-68.8,-202749,-52.8,92,4.4,4771,4.4
"06085","5","52232","77","0","2023","A","",41,3692,1114216778,31468342,643588,5804,301806,"",0.66,3.83,2.72,3.35,2.45,0.71,0.71,"",2,5.1,-380,-9.3,-108117883,-8.8,-5431823,-14.7,-136996,-17.6,31,0.5,1613,0.5
"06085","5","522320","78","0","2023","A","",41,3692,1114216778,31468342,643588,5804,301806,"",0.66,3.83,2.72,3.35,2.45,0.71,0.71,"",2,5.1,-380,-9.3,-108117883,-8.8,-5431823,-14.7,-136996,-17.6,31,0.5,1613,0.5
"06085","5","52239","77","0","2023","A","",29,302,55923612,2661027,91476,3561,185178,"",0.56,0.57,0.41,0.59,0.64,0.72,0.72,"",2,7.4,50,19.8,11114538,24.8,128158,5.1,5721,6.7,135,3.9,7011,3.9
"06085","5","522390","78","0","2023","A","",29,302,55923612,2661027,91476,3561,185178,"",0.56,0.57,0.41,0.59,0.64,0.72,0.72,"",2,7.4,50,19.8,11114538,24.8,128158,5.1,5721,6.7,135,3.9,7011,3.9
"06085","5","523","75","0","2023","A","",858,5021,1634265777,45437223,1280485,6260,325502,"",0.87,0.64,0.32,0.53,0.54,0.50,0.50,"",15,1.8,308,6.5,100724568,6.6,1870833,4.3,32946,2.6,3,0.0,122,0.0
"06085","5","5231","76","0","2023","A","N",179,0,0,0,0,0,0,"N",0.63,0,0,0,0,0,0,"N",-11,-5.8,0,0,0,0,0,0,0,0,0,0,0,0
"06085","5","52315","77","0","2023","A","",167,1421,479628740,13107114,330678,6492,337588,"",0.64,0.43,0.22,0.36,0.37,0.50,0.50,"",-11,-6.2,141,11.0,66819262,16.2,1083712,9.0,-1236,-0.4,292,4.7,15165,4.7
"06085","5","523150","78","0","2023","A","",167,1421,479628740,13107114,330678,6492,337588,"",0.64,0.43,0.22,0.36,0.37,0.50,0.50,"",-11,-6.2,141,11.0,66819262,16.2,1083712,9.0,-1236,-0.4,292,4.7,15165,4.7
"06085","5","52316","77","0","2023","A","N",12,0,0,0,0,0,0,"N",0.50,0,0,0,0,0,0,"N",0,0.0,0,0,0,0,0,0,0,0,0,0,0,0
"06085","5","523160","78","0","2023","A","N",12,0,0,0,0,0,0,"N",0.50,0,0,0,0,0,0,"N",0,0.0,0,0,0,0,0,0,0,0,0,0,0,0
"06085","5","5232","76","0","2023","A","N",6,0,0,0,0,0,0,"N",1.08,0,0,0,0,0,0,"N",2,50.0,0,0,0,0,0,0,0,0,0,0,0,0
"06085","5","52321","77","0","2023","A","N",6,0,0,0,0,0,0,"N",1.08,0,0,0,0,0,0,"N",2,50.0,0,0,0,0,0,0,0,0,0,0,0,0
"06085","5","523210","78","0","2023","A","N",6,0,0,0,0,0,0,"N",1.08,0,0,0,0,0,0,"N",2,50.0,0,0,0,0,0,0,0,0,0,0,0,0
"06085","5","5239","76","0","2023","A","",674,3569,1147906199,31944251,933076,6186,321647,"",0.96,0.83,0.43,0.68,0.67,0.51,0.51,"",25,3.9,187,5.5,39546365,3.6,1003109,3.2,37442,4.2,-116,-1.8,-6044,-1.8
"06085","5","52391","77","0","2023","A","",158,1178,543359639,10219916,259657,8871,461289,"",2.43,4.71,3.31,3.93,2.94,0.70,0.70,"",12,8.2,100,9.3,19699904,3.8,555518,5.7,5484,2.2,-471,-5.0,-24481,-5.0
"06085","5","523910","78","0","2023","A","",158,1178,543359639,10219916,259657,8871,461289,"",2.43,4.71,3.31,3.93,2.94,0.70,0.70,"",12,8.2,100,9.3,19699904,3.8,555518,5.7,5484,2.2,-471,-5.0,-24481,-5.0
"06085","5","52394","77","0","2023","A","",493,2310,591219530,21030521,651762,4922,255948,"",0.87,0.64,0.25,0.53,0.56,0.39,0.39,"",10,2.1,74,3.3,14840882,2.6,427756,2.1,31569,5.1,-36,-0.7,-1872,-0.7
"06085","5","523940","78","0","2023","A","",493,2310,591219530,21030521,651762,4922,255948,"",0.87,0.64,0.25,0.53,0.56,0.39,0.39,"",10,2.1,74,3.3,14840882,2.6,427756,2.1,31569,5.1,-36,-0.7,-1872,-0.7
"06085","5","52399","77","0","2023","A","",23,81,13327030,693814,21657,3164,164531,"",0.34,0.20,0.08,0.14,0.15,0.40,0.40,"",3,15.0,12,17.4,5005579,60.2,19835,2.9,389,1.8,836,35.9,43492,35.9
"06085","5","523991","78","0","2023","A","",14,48,5232120,396644,12707,2078,108064,"",0.70,0.31,0.11,0.20,0.24,0.34,0.34,"",2,16.7,2,4.3,553190,11.8,-45667,-10.3,-2522,-16.6,139,7.2,7261,7.2
"06085","5","523999","78","0","2023","A","",10,33,8094910,297170,8950,4778,248437,"",0.21,0.13,0.07,0.10,0.10,0.54,0.54,"",1,11.1,11,50.0,4452389,122.2,65502,28.3,2911,48.2,1642,52.4,85339,52.3
"06085","5","524","75","0","2023","A","",698,4112,444350431,35873700,1158111,2078,108071,"",0.47,0.22,0.09,0.19,0.26,0.43,0.43,"",-46,-6.2,-137,-3.2,-20088496,-4.3,-1549478,-4.1,-136803,-10.6,-24,-1.1,-1230,-1.1
"06085","5","5241","76","0","2023","A","",94,1233,153550999,10913193,400630,2396,124568,"",0.40,0.14,0.06,0.12,0.19,0.46,0.46,"",-9,-8.7,24,2.0,10239156,7.1,386171,3.7,-18552,-4.4,117,5.1,6063,5.1
"06085","5","52411","77","0","2023","A","",39,670,78465020,5940235,174022,2251,117039,"",0.45,0.14,0.06,0.12,0.15,0.44,0.44,"",-3,-7.1,35,5.5,7958516,11.3,160104,2.8,-16102,-8.5,116,5.4,6005,5.4
"06085","5","524113","78","0","2023","A","",18,169,13199166,1523293,42254,1500,78025,"",0.52,0.10,0.03,0.08,0.11,0.26,0.26,"",-5,-21.7,-10,-5.6,571438,4.5,-134050,-8.1,-5725,-11.9,141,10.4,7380,10.4
"06085","5","524114","78","0","2023","A","",21,501,65265854,4416942,131768,2504,130206,"",0.40,0.16,0.08,0.14,0.17,0.52,0.52,"",2,10.5,45,9.9,7387078,12.8,294154,7.1,-10377,-7.3,64,2.6,3348,2.6
"06085","5","52412","77","0","2023","A","",55,562,75085979,4972958,226608,2568,133546,"",0.39,0.15,0.07,0.14,0.27,0.50,0.50,"",-6,-9.8,-12,-2.1,2280640,3.1,226067,4.8,-2450,-1.1,130,5.3,6781,5.3
"06085","5","524126","78","0","2023","A","N",21,0,0,0,0,0,0,"N",0.24,0,0,0,0,0,0,"N",-1,-4.5,0,0,0,0,0,0,0,0,0,0,0,0
"06085","5","524127","78","0","2023","A","",32,376,52297482,3183016,180199,2672,138966,"",0.81,0.90,0.49,0.73,1.53,0.54,0.54,"",-4,-11.1,14,3.9,-1930542,-3.6,115700,3.8,432,0.2,-208,-7.2,-10801,-7.2
"06085","5","524128","78","0","2023","A","N",2,0,0,0,0,0,0,"N",0.15,0,0,0,0,0,0,"N",-1,-33.3,0,0,0,0,0,0,0,0,0,0,0,0
"06085","5","5242","76","0","2023","A","",604,2879,290799432,24960507,757481,1942,101007,"",0.48,0.29,0.12,0.25,0.31,0.43,0.43,"",-37,-5.8,-161,-5.3,-30327652,-9.4,-1935649,-7.2,-118251,-13.5,-90,-4.4,-4633,-4.4
"06085","5","52421","77","0","2023","A","",573,2586,274193952,22840872,666308,2039,106013,"",0.54,0.36,0.16,0.32,0.40,0.44,0.44,"",-36,-5.9,-156,-5.7,-27790200,-9.2,-1822605,-7.4,-109464,-14.1,-79,-3.7,-4130,-3.7
"06085","5","524210","78","0","2023","A","",573,2586,274193952,22840872,666308,2039,106013,"",0.54,0.36,0.16,0.32,0.40,0.44,0.44,"",-36,-5.9,-156,-5.7,-27790200,-9.2,-1822605,-7.4,-109464,-14.1,-79,-3.7,-4130,-3.7
"06085","5","52429","77","0","2023","A","",31,293,16605480,2119635,91173,1091,56755,"",0.16,0.11,0.03,0.07,0.11,0.24,0.24,"",-1,-3.1,-5,-1.7,-2537452,-13.3,-113044,-5.1,-8787,-8.8,-144,-11.7,-7465,-11.6
"06085","5","524291","78","0","2023","A","",8,18,3679757,253866,10630,3878,201631,"",0.14,0.04,0.03,0.05,0.06,0.85,0.85,"",0,0.0,0,0.0,484020,15.1,54726,27.5,1767,19.9,511,15.2,26522,15.1
"06085","5","524292","78","0","2023","A","",11,235,7692217,1509109,69039,629,32686,"",0.18,0.15,0.02,0.09,0.16,0.15,0.15,"",-2,-15.4,12,5.4,-1252757,-14.0,-12014,-0.8,2270,3.4,-141,-18.3,-7351,-18.4
"06085","5","524298","78","0","2023","A","",11,39,5233506,356660,11504,2581,134192,"",0.15,0.05,0.03,0.05,0.06,0.52,0.52,"",0,0.0,-17,-30.4,-1768715,-25.3,-155756,-30.4,-12824,-52.7,194,8.1,10076,8.1
"06085","5","525","75","0","2023","A","",48,108,12926553,1099847,38792,2296,119414,"",0.75,0.49,0.14,0.29,0.27,0.27,0.27,"",7,17.1,7,6.9,-33321866,-72.0,-144412,-11.6,-4652,-10.7,-6510,-73.9,-338491,-73.9
"06085","5","5251","76","0","2023","A","",8,4,403277,47136,1512,1825,94889,"",0.63,0.05,0.02,0.05,0.05,0.37,0.37,"",3,60.0,0,0.0,1782,0.4,-4609,-8.9,19,1.3,-281,-13.3,-14610,-13.3
"06085","5","52511","77","0","2023","A","N",3,0,0,0,0,0,0,"N",0.52,0,0,0,0,0,0,"N",1,50.0,0,0,0,0,0,0,0,0,0,0,0,0
"06085","5","525110","78","0","2023","A","N",3,0,0,0,0,0,0,"N",0.52,0,0,0,0,0,0,"N",1,50.0,0,0,0,0,0,0,0,0,0,0,0,0
"06085","5","52512","77","0","2023","A","N",3,0,0,0,0,0,0,"N",0.65,0,0,0,0,0,0,"N",1,50.0,0,0,0,0,0,0,0,0,0,0,0,0
"06085","5","525120","78","0","2023","A","N",3,0,0,0,0,0,0,"N",0.65,0,0,0,0,0,0,"N",1,50.0,0,0,0,0,0,0,0,0,0,0,0,0
"06085","5","52519","77","0","2023","A","N",2,0,0,0,0,0,0,"N",0.87,0,0,0,0,0,0,"N",1,100.0,0,0,0,0,0,0,0,0,0,0,0,0
"06085","5","525190","78","0","2023","A","N",2,0,0,0,0,0,0,"N",0.87,0,0,0,0,0,0,"N",1,100.0,0,0,0,0,0,0,0,0,0,0,0,0
"06085","5","5259","76","0","2023","A","",40,104,12523276,1052711,37280,2316,120416,"",0.77,0.78,0.17,0.37,0.32,0.22,0.22,"",3,8.1,7,7.2,-33323648,-72.7,-139803,-11.7,-4671,-11.1,-6742,-74.4,-350614,-74.4
"06085","5","52591","77","0","2023","A","",5,14,3091711,239661,9938,4247,220837,"",0.60,0.54,0.18,0.48,0.43,0.33,0.33,"N",0,0.0,0,0,0,0,0,0,0,0,0,0,0,0
"06085","5","525910","78","0","2023","A","",5,14,3091711,239661,9938,4247,220837,"",0.60,0.54,0.18,0.48,0.43,0.33,0.33,"N",0,0.0,0,0,0,0,0,0,0,0,0,0,0,0
"06085","5","52592","77","0","2023","A","",17,40,2487341,354694,10228,1184,61542,"",0.81,1.43,0.19,0.25,0.17,0.13,0.13,"",2,13.3,-5,-11.1,17948,0.7,-37902,-9.7,-3538,-25.7,125,11.8,6463,11.7
"06085","5","525920","78","0","2023","A","",17,40,2487341,354694,10228,1184,61542,"",0.81,1.43,0.19,0.25,0.17,0.13,0.13,"",2,13.3,-5,-11.1,17948,0.7,-37902,-9.7,-3538,-25.7,125,11.8,6463,11.7
"06085","5","52599","77","0","2023","A","",18,50,6944224,458356,17114,2693,140052,"",0.81,0.62,0.16,0.53,0.56,0.26,0.26,"N",1,5.9,0,0,0,0,0,0,0,0,0,0,0,0
"06085","5","525990","78","0","2023","A","",18,50,6944224,458356,17114,2693,140052,"",0.81,0.62,0.16,0.53,0.56,0.26,0.26,"N",1,5.9,0,0,0,0,0,0,0,0,0,0,0,0
"06085","5","53","74","0","2023","A","",3175,15620,1749660697,130270743,4286496,2154,112017,"",0.97,0.89,0.56,0.75,0.82,0.62,0.62,"",98,3.2,252,1.6,72139845,4.3,-6448930,-4.7,-209435,-4.7,55,2.6,2863,2.6
"06085","5","531","75","0","2023","A","",2975,13262,1468213227,109476599,3666527,2129,110710,"",1.04,1.01,0.61,0.84,0.94,0.61,0.61,"",96,3.3,74,0.6,19848353,1.4,-7590072,-6.5,-215852,-5.6,17,0.8,886,0.8
"06085","5","5311","76","0","2023","A","",701,4008,547761897,33778357,1257189,2628,136661,"",0.86,0.88,0.70,0.78,0.93,0.80,0.80,"",0,0.0,102,2.6,54975801,11.2,533607,1.6,23763,1.9,202,8.3,10497,8.3
"06085","5","53111","77","0","2023","A","",352,1362,100720336,11725985,310026,1422,73946,"",0.80,0.51,0.25,0.46,0.39,0.50,0.50,"",-1,-0.3,-34,-2.4,3950495,4.1,-38564,-0.3,-13415,-4.1,89,6.7,4639,6.7
"06085","5","531110","78","0","2023","A","",352,1362,100720336,11725985,310026,1422,73946,"",0.80,0.51,0.25,0.46,0.39,0.50,0.50,"",-1,-0.3,-34,-2.4,3950495,4.1,-38564,-0.3,-13415,-4.1,89,6.7,4639,6.7
"06085","5","53112","77","0","2023","A","",161,1149,153302533,9217928,293596,2566,133413,"",0.89,1.00,0.54,0.86,0.86,0.54,0.54,"",2,1.3,115,11.1,28478649,22.8,115608,1.3,8979,3.2,245,10.6,12732,10.6
"06085","5","531120","78","0","2023","A","",161,1149,153302533,9217928,293596,2566,133413,"",0.89,1.00,0.54,0.86,0.86,0.54,0.54,"",2,1.3,115,11.1,28478649,22.8,115608,1.3,8979,3.2,245,10.6,12732,10.6
"06085","5","53113","77","0","2023","A","",112,1143,268677948,10247490,570307,4522,235150,"",0.92,2.64,4.89,2.57,4.81,1.85,1.85,"",2,1.8,16,1.4,19988332,8.0,864529,9.2,47643,9.1,279,6.6,14534,6.6
"06085","5","531130","78","0","2023","A","",112,1143,268677948,10247490,570307,4522,235150,"",0.92,2.64,4.89,2.57,4.81,1.85,1.85,"",2,1.8,16,1.4,19988332,8.0,864529,9.2,47643,9.1,279,6.6,14534,6.6
"06085","5","53119","77","0","2023","A","",76,354,25061080,2586954,83260,1360,70711,"",1.09,1.14,0.52,0.90,0.91,0.45,0.45,"",-4,-5.0,6,1.7,2558325,11.4,-407966,-13.6,-19444,-18.9,117,9.4,6063,9.4
"06085","5","531190","78","0","2023","A","",76,354,25061080,2586954,83260,1360,70711,"",1.09,1.14,0.52,0.90,0.91,0.45,0.45,"",-4,-5.0,6,1.7,2558325,11.4,-407966,-13.6,-19444,-18.9,117,9.4,6063,9.4
"06085","5","5312","76","0","2023","A","",1218,3623,394492167,29530165,954896,2094,108891,"",1.12,1.39,0.74,1.11,1.32,0.53,0.53,"",29,2.4,-189,-5.0,-58189582,-12.9,-8286635,-21.9,-239401,-20.0,-190,-8.3,-9871,-8.3
"06085","5","53121","77","0","2023","A","",1218,3623,394492167,29530165,954896,2094,108891,"",1.12,1.39,0.74,1.11,1.32,0.53,0.53,"",29,2.4,-189,-5.0,-58189582,-12.9,-8286635,-21.9,-239401,-20.0,-190,-8.3,-9871,-8.3
"06085","5","531210","78","0","2023","A","",1218,3623,394492167,29530165,954896,2094,108891,"",1.12,1.39,0.74,1.11,1.32,0.53,0.53,"",29,2.4,-189,-5.0,-58189582,-12.9,-8286635,-21.9,-239401,-20.0,-190,-8.3,-9871,-8.3
"06085","5","5313","76","0","2023","A","",1055,5631,525959163,46168077,1454442,1796,93407,"",1.11,0.94,0.49,0.76,0.80,0.52,0.52,"",66,6.7,161,2.9,23062134,4.6,162956,0.4,-214,0.0,28,1.6,1477,1.6
"06085","5","53131","77","0","2023","A","",883,5180,451508485,41501136,1262458,1676,87168,"",1.35,1.02,0.52,0.80,0.81,0.51,0.51,"",60,7.3,205,4.1,29240763,6.9,657480,1.6,27223,2.2,44,2.7,2287,2.7
"06085","5","531311","78","0","2023","A","",706,4130,319802602,32862400,1033833,1489,77440,"",1.41,1.07,0.56,0.84,0.87,0.52,0.52,"",45,6.8,194,4.9,30689163,10.6,306077,0.9,18257,1.8,76,5.4,3982,5.4
"06085","5","531312","78","0","2023","A","",177,1050,131705883,8638736,228625,2412,125424,"",1.15,0.84,0.45,0.68,0.62,0.54,0.54,"",15,9.3,11,1.1,-1448400,-1.1,351403,4.2,8966,4.1,-52,-2.1,-2722,-2.1
"06085","5","53132","77","0","2023","A","",34,71,7912552,612337,19434,2156,112102,"",0.37,0.32,0.21,0.27,0.38,0.65,0.65,"",-5,-12.8,-7,-9.0,-1418814,-15.2,-103133,-14.4,-2220,-10.3,-140,-6.1,-7276,-6.1
"06085","5","531320","78","0","2023","A","",34,71,7912552,612337,19434,2156,112102,"",0.37,0.32,0.21,0.27,0.38,0.65,0.65,"",-5,-12.8,-7,-9.0,-1418814,-15.2,-103133,-14.4,-2220,-10.3,-140,-6.1,-7276,-6.1
"06085","5","53139","77","0","2023","A","",138,381,66538126,4054604,172550,3363,174870,"",0.68,0.59,0.38,0.61,0.82,0.65,0.65,"",11,8.7,-36,-8.6,-4759815,-6.7,-391391,-8.8,-25217,-12.8,78,2.4,4062,2.4
"06085","5","531390","78","0","2023","A","",138,381,66538126,4054604,172550,3363,174870,"",0.68,0.59,0.38,0.61,0.82,0.65,0.65,"",11,8.7,-36,-8.6,-4759815,-6.7,-391391,-8.8,-25217,-12.8,78,2.4,4062,2.4
"06085","5","532","75","0","2023","A","",181,2097,157460144,18624652,498547,1444,75094,"",0.47,0.50,0.23,0.45,0.40,0.45,0.45,"",1,0.6,159,8.2,14634532,10.2,1017848,5.8,-6815,-1.3,27,1.9,1400,1.9
"06085","5","5321","76","0","2023","A","",75,933,56659173,7693510,182481,1168,60755,"",0.62,0.59,0.24,0.52,0.49,0.41,0.41,"",-1,-1.3,127,15.8,8942494,18.7,503230,7.0,-17404,-8.7,30,2.6,1572,2.7
"06085","5","53211","77","0","2023","A","",57,671,37519078,5430260,122316,1076,55929,"",0.81,0.76,0.30,0.66,0.60,0.40,0.40,"",0,0.0,97,16.9,6465753,20.8,461213,9.3,-13717,-10.1,36,3.5,1868,3.5
"06085","5","532111","78","0","2023","A","N",55,0,0,0,0,0,0,"N",0.85,0,0,0,0,0,0,"N",0,0.0,0,0,0,0,0,0,0,0,0,0,0,0
"06085","5","532112","78","0","2023","A","N",2,0,0,0,0,0,0,"N",0.35,0,0,0,0,0,0,"N",0,0.0,0,0,0,0,0,0,0,0,0,0,0,0
"06085","5","53212","77","0","2023","A","",18,262,19140095,2263250,60165,1406,73124,"",0.36,0.38,0.18,0.34,0.36,0.47,0.47,"",-2,-10.0,30,12.9,2476741,14.9,42017,1.9,-3687,-5.8,24,1.7,1248,1.7
"06085","5","532120","78","0","2023","A","",18,262,19140095,2263250,60165,1406,73124,"",0.36,0.38,0.18,0.34,0.36,0.47,0.47,"",-2,-10.0,30,12.9,2476741,14.9,42017,1.9,-3687,-5.8,24,1.7,1248,1.7
"06085","5","5322","76","0","2023","A","",45,498,36528208,4782577,147866,1410,73338,"",0.37,0.52,0.29,0.51,0.45,0.56,0.56,"",1,2.3,0,0.0,-2377665,-6.1,-283945,-5.6,7487,5.3,-92,-6.1,-4747,-6.1
"06085","5","53221","77","0","2023","A","N",4,0,0,0,0,0,0,"N",0.41,0,0,0,0,0,0,"N",-1,-20.0,0,0,0,0,0,0,0,0,0,0,0,0
"06085","5","532210","78","0","2023","A","N",4,0,0,0,0,0,0,"N",0.41,0,0,0,0,0,0,"N",-1,-20.0,0,0,0,0,0,0,0,0,0,0,0,0
"06085","5","53228","77","0","2023","A","N",41,0,0,0,0,0,0,"N",0.37,0,0,0,0,0,0,"N",2,5.1,0,0,0,0,0,0,0,0,0,0,0,0
"06085","5","532281","78","0","2023","A","",4,30,1247444,254489,3817,802,41697,"",0.78,0.78,0.28,0.71,0.22,0.36,0.36,"",0,0.0,0,0.0,-18614,-1.5,7122,2.9,-16,-0.4,-7,-0.9,-388,-0.9
"06085","5","532282","78","0","2023","A","N",1,0,0,0,0,0,0,"N",0.27,0,0,0,0,0,0,"N",0,0.0,0,0,0,0,0,0,0,0,0,0,0,0
"06085","5","532283","78","0","2023","A","",7,59,3426336,509833,20774,1125,58487,"",0.39,0.24,0.10,0.21,0.33,0.42,0.42,"",-1,-12.5,-5,-7.8,-210024,-5.8,14549,2.9,1776,9.3,29,2.6,1521,2.7
"06085","5","532284","78","0","2023","A","N",3,0,0,0,0,0,0,"N",0.13,0,0,0,0,0,0,"N",1,50.0,0,0,0,0,0,0,0,0,0,0,0,0
"06085","5","532289","78","0","2023","A","",26,345,27306121,3108884,95692,1522,79129,"",0.42,0.77,0.50,0.71,0.57,0.65,0.65,"",2,8.3,3,0.9,-2438130,-8.2,-120926,-3.7,-1746,-1.8,-151,-9.0,-7885,-9.1
"06085","5","5323","76","0","2023","A","",6,47,6063705,497807,13094,2459,127881,"",0.24,0.20,0.16,0.21,0.18,0.81,0.81,"",0,0.0,-9,-16.1,-227335,-3.6,186952,60.1,5650,75.9,315,14.7,16371,14.7
"06085","5","53231","77","0","2023","A","",6,47,6063705,497807,13094,2459,127881,"",0.24,0.20,0.16,0.21,0.18,0.81,0.81,"",0,0.0,-9,-16.1,-227335,-3.6,186952,60.1,5650,75.9,315,14.7,16371,14.7
"06085","5","532310","78","0","2023","A","",6,47,6063705,497807,13094,2459,127881,"",0.24,0.20,0.16,0.21,0.18,0.81,0.81,"",0,0.0,-9,-16.1,-227335,-3.6,186952,60.1,5650,75.9,315,14.7,16371,14.7
"06085","5","5324","76","0","2023","A","",56,619,58209058,5650758,155106,1809,94075,"",0.46,0.45,0.19,0.39,0.31,0.43,0.43,"",2,3.7,42,7.3,8297038,16.6,611611,12.1,-2548,-1.6,146,8.8,7597,8.8
"06085","5","53241","77","0","2023","A","",17,313,29569618,2503800,69735,1816,94446,"",0.32,0.43,0.17,0.33,0.30,0.40,0.40,"",2,13.3,25,8.7,4405725,17.5,450197,21.9,7842,12.7,133,7.9,6919,7.9
"06085","5","532411","78","0","2023","A","N",1,0,0,0,0,0,0,"N",0.17,0,0,0,0,0,0,"N",0,0.0,0,0,0,0,0,0,0,0,0,0,0,0
"06085","5","532412","78","0","2023","A","N",16,0,0,0,0,0,0,"N",0.34,0,0,0,0,0,0,"N",2,14.3,0,0,0,0,0,0,0,0,0,0,0,0
"06085","5","53242","77","0","2023","A","N",1,0,0,0,0,0,0,"N",0.13,0,0,0,0,0,0,"N",1,100.0,0,0,0,0,0,0,0,0,0,0,0,0
"06085","5","532420","78","0","2023","A","N",1,0,0,0,0,0,0,"N",0.13,0,0,0,0,0,0,"N",1,100.0,0,0,0,0,0,0,0,0,0,0,0,0
"06085","5","53249","77","0","2023","A","N",39,0,0,0,0,0,0,"N",0.64,0,0,0,0,0,0,"N",0,0.0,0,0,0,0,0,0,0,0,0,0,0,0
"06085","5","532490","78","0","2023","A","N",39,0,0,0,0,0,0,"N",0.64,0,0,0,0,0,0,"N",0,0.0,0,0,0,0,0,0,0,0,0,0,0,0
"06085","5","533","75","0","2023","A","",19,261,123987326,2169492,121422,9136,475047,"",0.75,1.58,2.29,1.18,2.10,1.45,1.45,"",1,5.6,19,7.9,37656960,43.6,123294,6.0,13232,12.2,2285,33.4,118801,33.3
"06085","5","5331","76","0","2023","A","",19,261,123987326,2169492,121422,9136,475047,"",0.75,1.58,2.29,1.18,2.10,1.45,1.45,"",1,5.6,19,7.9,37656960,43.6,123294,6.0,13232,12.2,2285,33.4,118801,33.3
"06085","5","53311","77","0","2023","A","",19,261,123987326,2169492,121422,9136,475047,"",0.75,1.58,2.29,1.18,2.10,1.45,1.45,"",1,5.6,19,7.9,37656960,43.6,123294,6.0,13232,12.2,2285,33.4,118801,33.3
"06085","5","533110","78","0","2023","A","",19,261,123987326,2169492,121422,9136,475047,"",0.75,1.58,2.29,1.18,2.10,1.45,1.45,"",1,5.6,19,7.9,37656960,43.6,123294,6.0,13232,12.2,2285,33.4,118801,33.3
"06085","5","54","74","0","2023","A","",9923,160970,39175695588,1653617867,47316634,4680,243373,"",0.89,2.05,1.70,2.01,1.99,0.83,0.83,"",-35,-0.4,-6653,-4.0,-80409291,-0.2,-141518493,-7.9,-7347507,-13.4,176,3.9,9180,3.9
"06085","5","541","75","0","2023","A","",9923,160970,39175695588,1653617867,47316634,4680,243373,"",0.89,2.05,1.70,2.01,1.99,0.83,0.83,"",-35,-0.4,-6653,-4.0,-80409291,-0.2,-141518493,-7.9,-7347507,-13.4,176,3.9,9180,3.9
"06085","5","5411","76","0","2023","A","",906,6965,1422844826,63287145,1548953,3929,204295,"",0.65,0.81,0.55,0.75,0.73,0.68,0.68,"",-17,-1.8,-406,-5.5,-80094990,-5.3,-2586189,-3.9,-220522,-12.5,8,0.2,382,0.2
"06085","5","54111","77","0","2023","A","",853,6804,1405397066,61752857,1501000,3972,206565,"",0.68,0.86,0.57,0.80,0.78,0.66,0.66,"",-14,-1.6,-306,-4.3,-72632291,-4.9,-1459269,-2.3,-159757,-9.6,-26,-0.7,-1308,-0.6
"06085","5","541110","78","0","2023","A","",853,6804,1405397066,61752857,1501000,3972,206565,"",0.68,0.86,0.57,0.80,0.78,0.66,0.66,"",-14,-1.6,-306,-4.3,-72632291,-4.9,-1459269,-2.3,-159757,-9.6,-26,-0.7,-1308,-0.6
"06085","5","54119","77","0","2023","A","",53,161,17447760,1534288,47953,2084,108371,"",0.39,0.22,0.13,0.22,0.23,0.57,0.57,"",-4,-7.0,-99,-38.1,-7462699,-30.0,-1126920,-42.3,-60765,-55.9,243,13.2,12654,13.2
"06085","5","541191","78","0","2023","A","N",12,0,0,0,0,0,0,"N",0.18,0,0,0,0,0,0,"N",-1,-7.7,0,0,0,0,0,0,0,0,0,0,0,0
"06085","5","541199","78","0","2023","A","N",41,0,0,0,0,0,0,"N",0.62,0,0,0,0,0,0,"N",-3,-6.8,0,0,0,0,0,0,0,0,0,0,0,0
"06085","5","5412","76","0","2023","A","",898,9445,1150445884,95140942,2308020,2342,121800,"",0.75,1.12,0.60,1.10,0.90,0.53,0.53,"",11,1.2,-255,-2.6,-34023465,-2.9,-2167219,-2.2,-231691,-9.1,-6,-0.3,-307,-0.3
"06085","5","54121","77","0","2023","A","",898,9445,1150445884,95140942,2308020,2342,121800,"",0.75,1.12,0.60,1.10,0.90,0.53,0.53,"",11,1.2,-255,-2.6,-34023465,-2.9,-2167219,-2.2,-231691,-9.1,-6,-0.3,-307,-0.3
"06085","5","541211","78","0","2023","A","",338,6287,878325896,63181354,1303610,2687,139701,"",0.81,1.57,0.80,1.50,1.39,0.51,0.51,"",-4,-1.2,-348,-5.2,-50631761,-5.5,-1643490,-2.5,-143951,-9.9,-6,-0.2,-316,-0.2
"06085","5","541213","78","0","2023","A","",264,1285,69295789,14370449,500323,1037,53934,"",1.07,1.81,0.78,2.11,1.24,0.43,0.43,"",-1,-0.4,-166,-11.4,-5117803,-6.9,-2670585,-15.7,-113037,-18.4,50,5.1,2635,5.1
"06085","5","541214","78","0","2023","A","",30,542,45931037,4718851,171124,1629,84692,"",0.35,0.33,0.12,0.27,0.25,0.37,0.37,"",4,15.4,247,83.7,24766911,117.0,2218507,88.7,69997,69.2,249,18.0,12929,18.0
"06085","5","541219","78","0","2023","A","",267,1331,156893162,12870288,332963,2267,117876,"",0.59,0.64,0.42,0.64,0.61,0.66,0.66,"",12,4.7,11,0.8,-3040812,-1.9,-71651,-0.6,-44700,-11.8,-63,-2.7,-3271,-2.7
"06085","5","5413","76","0","2023","A","",910,18034,4032753614,288923837,10040069,4300,223625,"",0.81,1.49,1.26,2.24,2.64,0.85,0.85,"",-11,-1.2,-565,-3.0,62598544,1.6,-32219811,-10.0,-1077151,-9.7,195,4.8,10164,4.8
"06085","5","54131","77","0","2023","A","",156,1219,146914527,10222499,271759,2318,120529,"",0.80,0.81,0.39,0.64,0.66,0.48,0.48,"",4,2.6,-44,-3.5,-11439924,-7.2,-654602,-6.0,-49163,-15.3,-93,-3.9,-4851,-3.9
"06085","5","541310","78","0","2023","A","",156,1219,146914527,10222499,271759,2318,120529,"",0.80,0.81,0.39,0.64,0.66,0.48,0.48,"",4,2.6,-44,-3.5,-11439924,-7.2,-654602,-6.0,-49163,-15.3,-93,-3.9,-4851,-3.9
"06085","5","54132","77","0","2023","A","",35,211,20516352,1834191,50687,1874,97426,"",0.70,0.83,0.43,0.71,0.54,0.52,0.52,"",-2,-5.4,-7,-3.2,626008,3.1,95092,5.5,2721,5.7,118,6.7,6116,6.7
"06085","5","541320","78","0","2023","A","",35,211,20516352,1834191,50687,1874,97426,"",0.70,0.83,0.43,0.71,0.54,0.52,0.52,"",-2,-5.4,-7,-3.2,626008,3.1,95092,5.5,2721,5.7,118,6.7,6116,6.7
"06085","5","54133","77","0","2023","A","",579,13861,3510850367,253151488,8876826,4871,253299,"",0.91,1.67,1.50,2.83,3.42,0.90,0.90,"",-18,-3.0,-521,-3.6,151383387,4.5,-31867339,-11.2,-1016563,-10.3,379,8.4,19715,8.4
"06085","5","541330","78","0","2023","A","",579,13861,3510850367,253151488,8876826,4871,253299,"",0.91,1.67,1.50,2.83,3.42,0.90,0.90,"",-18,-3.0,-521,-3.6,151383387,4.5,-31867339,-11.2,-1016563,-10.3,379,8.4,19715,8.4
"06085","5","54134","77","0","2023","A","",13,41,5723147,324561,11247,2668,138743,"",0.55,0.58,0.47,0.46,0.59,0.80,0.80,"",1,8.3,-2,-4.7,75030,1.3,-90169,-21.7,-3300,-22.7,161,6.4,8402,6.4
"06085","5","541340","78","0","2023","A","",13,41,5723147,324561,11247,2668,138743,"",0.55,0.58,0.47,0.46,0.59,0.80,0.80,"",1,8.3,-2,-4.7,75030,1.3,-90169,-21.7,-3300,-22.7,161,6.4,8402,6.4
"06085","5","54135","77","0","2023","A","",22,59,7184451,515410,15034,2352,122289,"",0.38,0.30,0.23,0.28,0.25,0.76,0.76,"",0,0.0,-7,-10.6,-318136,-4.2,-82973,-13.9,-3102,-17.1,166,7.6,8613,7.6
"06085","5","541350","78","0","2023","A","",22,59,7184451,515410,15034,2352,122289,"",0.38,0.30,0.23,0.28,0.25,0.76,0.76,"",0,0.0,-7,-10.6,-318136,-4.2,-82973,-13.9,-3102,-17.1,166,7.6,8613,7.6
"06085","5","54136","77","0","2023","A","N",8,0,0,0,0,0,0,"N",0.49,0,0,0,0,0,0,"N",2,33.3,0,0,0,0,0,0,0,0,0,0,0,0
"06085","5","541360","78","0","2023","A","N",8,0,0,0,0,0,0,"N",0.49,0,0,0,0,0,0,"N",2,33.3,0,0,0,0,0,0,0,0,0,0,0,0
"06085","5","54137","77","0","2023","A","N",15,0,0,0,0,0,0,"N",0.26,0,0,0,0,0,0,"N",1,7.1,0,0,0,0,0,0,0,0,0,0,0,0
"06085","5","541370","78","0","2023","A","N",15,0,0,0,0,0,0,"N",0.26,0,0,0,0,0,0,"N",1,7.1,0,0,0,0,0,0,0,0,0,0,0,0
"06085","5","54138","77","0","2023","A","",82,2152,250695869,18962973,592125,2241,116521,"",1.07,1.69,0.88,1.42,1.28,0.52,0.52,"",-1,-1.2,-16,-0.7,-59630155,-19.2,178543,1.0,-16256,-2.7,-512,-18.6,-26629,-18.6
"06085","5","541380","78","0","2023","A","",82,2152,250695869,18962973,592125,2241,116521,"",1.07,1.69,0.88,1.42,1.28,0.52,0.52,"",-1,-1.2,-16,-0.7,-59630155,-19.2,178543,1.0,-16256,-2.7,-512,-18.6,-26629,-18.6
"06085","5","5414","76","0","2023","A","",259,1252,170794686,9509328,287631,2624,136445,"",0.81,1.13,0.75,0.89,0.82,0.67,0.67,"",0,0.0,121,10.7,3808925,2.3,-886149,-8.5,-47666,-14.2,-217,-7.6,-11265,-7.6
"06085","5","54141","77","0","2023","A","",102,256,14921864,2497796,68617,1119,58213,"",0.83,0.63,0.22,0.65,0.57,0.34,0.34,"",4,4.1,-8,-3.0,-476011,-3.1,-61842,-2.4,-4494,-6.1,-3,-0.3,-149,-0.3
"06085","5","541410","78","0","2023","A","",102,256,14921864,2497796,68617,1119,58213,"",0.83,0.63,0.22,0.65,0.57,0.34,0.34,"",4,4.1,-8,-3.0,-476011,-3.1,-61842,-2.4,-4494,-6.1,-3,-0.3,-149,-0.3
"06085","5","54142","77","0","2023","A","",36,340,69928343,2893581,107802,3953,205571,"",1.89,2.44,1.71,2.19,2.05,0.70,0.70,"",-3,-7.7,33,10.7,11610085,19.9,243392,9.2,-9501,-8.1,305,8.4,15867,8.4
"06085","5","541420","78","0","2023","A","",36,340,69928343,2893581,107802,3953,205571,"",1.89,2.44,1.71,2.19,2.05,0.70,0.70,"",-3,-7.7,33,10.7,11610085,19.9,243392,9.2,-9501,-8.1,305,8.4,15867,8.4
"06085","5","54143","77","0","2023","A","",91,577,79405386,3278573,87706,2648,137677,"",0.68,1.37,0.94,0.77,0.68,0.68,0.68,"",-2,-2.2,197,51.8,35825575,82.2,-51582,-1.5,-2932,-3.2,442,20.0,22968,20.0
"06085","5","541430","78","0","2023","A","",91,577,79405386,3278573,87706,2648,137677,"",0.68,1.37,0.94,0.77,0.68,0.68,0.68,"",-2,-2.2,197,51.8,35825575,82.2,-51582,-1.5,-2932,-3.2,442,20.0,22968,20.0
"06085","5","54149","77","0","2023","A","",30,79,6539093,839378,23506,1602,83301,"",0.71,0.55,0.20,0.63,0.46,0.36,0.36,"",1,3.4,-100,-55.9,-43150724,-86.8,-1016117,-54.8,-30739,-56.7,-3726,-69.9,-193780,-69.9
"06085","5","541490","78","0","2023","A","",30,79,6539093,839378,23506,1602,83301,"",0.71,0.55,0.20,0.63,0.46,0.36,0.36,"",1,3.4,-100,-55.9,-43150724,-86.8,-1016117,-54.8,-30739,-56.7,-3726,-69.9,-193780,-69.9
"06085","5","5415","76","0","2023","A","",3630,83697,23131995087,821960484,22003001,5315,276377,"",1.34,4.65,3.57,4.11,3.82,0.77,0.77,"",26,0.7,-4130,-4.7,222080802,1.0,-77911614,-8.7,-4681587,-17.5,299,6.0,15524,6.0
"06085","5","54151","77","0","2023","A","",3630,83697,23131995087,821960484,22003001,5315,276377,"",1.34,4.65,3.57,4.11,3.82,0.77,0.77,"",26,0.7,-4130,-4.7,222080802,1.0,-77911614,-8.7,-4681587,-17.5,299,6.0,15524,6.0
"06085","5","541511","78","0","2023","A","",2116,47818,14392618822,495705159,13362246,5788,300990,"",1.63,5.89,4.48,5.56,5.06,0.76,0.76,"",32,1.5,-2553,-5.1,377674053,2.7,-24030662,-4.6,-2257923,-14.5,437,8.2,22756,8.2
"06085","5","541512","78","0","2023","A","",1305,29886,6803089649,266028593,6993144,4378,227634,"",1.13,3.58,2.46,2.83,2.65,0.69,0.69,"",-47,-3.5,-1791,-5.7,-270725447,-3.8,-49865214,-15.8,-2289121,-24.7,84,2.0,4322,1.9
"06085","5","541513","78","0","2023","A","",45,4754,1665621563,48389529,1244187,6738,350381,"",1.05,8.16,8.87,8.72,7.61,1.09,1.09,"",1,2.3,199,4.4,88511800,5.6,-3945113,-7.5,-110840,-8.2,80,1.2,4163,1.2
"06085","5","541519","78","0","2023","A","",164,1240,270665053,11837203,403424,4199,218322,"",0.77,1.30,0.87,1.07,1.23,0.67,0.67,"",40,32.3,16,1.3,26620396,10.9,-70625,-0.6,-23703,-5.5,365,9.5,18939,9.5
"06085","5","5416","76","0","2023","A","",2007,10255,1620467877,96074724,2898518,3039,158024,"",0.76,0.76,0.42,0.66,0.66,0.56,0.56,"",9,0.5,-1450,-12.4,-440910419,-21.4,-17659394,-15.5,-528201,-15.4,-348,-10.3,-18084,-10.3
"06085","5","54161","77","0","2023","A","",1487,7184,1167204025,71588701,2185494,3124,162467,"",0.68,0.64,0.36,0.60,0.60,0.57,0.57,"",47,3.3,-576,-7.4,-280259330,-19.4,-4002436,-5.3,-114129,-5.0,-463,-12.9,-24072,-12.9
"06085","5","541611","78","0","2023","A","",898,4154,732461075,42612008,1185527,3391,176309,"",0.81,0.68,0.38,0.65,0.62,0.55,0.55,"",28,3.2,-483,-10.4,-222001602,-23.3,-2832622,-6.2,-81041,-6.4,-567,-14.3,-29531,-14.3
"06085","5","541612","78","0","2023","A","",52,296,54883333,3246860,127127,3569,185573,"",0.48,0.43,0.30,0.44,0.54,0.71,0.71,"",-2,-3.7,-157,-34.7,-10231943,-15.7,-895212,-21.6,13101,11.5,803,29.0,41751,29.0
"06085","5","541613","78","0","2023","A","",401,2113,302454347,20032943,704782,2752,143117,"",0.68,0.90,0.52,0.78,0.83,0.58,0.58,"",20,5.2,50,2.4,-34470580,-10.2,-179589,-0.9,-33350,-4.5,-388,-12.4,-20175,-12.4
"06085","5","541614","78","0","2023","A","",54,394,46480630,3324095,98300,2269,117996,"",0.41,0.33,0.18,0.27,0.26,0.55,0.55,"",4,8.0,25,6.8,2962655,6.8,-221059,-6.2,-16257,-14.2,3,0.1,168,0.1
"06085","5","541618","78","0","2023","A","",82,227,30924640,2372795,69758,2622,136332,"",0.36,0.25,0.13,0.26,0.24,0.50,0.50,"",-4,-4.7,-10,-4.2,-16517860,-34.8,126046,5.6,3418,5.2,-1224,-31.8,-63636,-31.8
"06085","5","54162","77","0","2023","A","",41,181,21194119,1394503,37925,2247,116826,"",0.41,0.25,0.13,0.17,0.16,0.53,0.53,"",-4,-8.9,-225,-55.4,-21061067,-49.8,-2223093,-61.5,-84773,-69.1,247,12.4,12835,12.3
"06085","5","541620","78","0","2023","A","",41,181,21194119,1394503,37925,2247,116826,"",0.41,0.25,0.13,0.17,0.16,0.53,0.53,"",-4,-8.9,-225,-55.4,-21061067,-49.8,-2223093,-61.5,-84773,-69.1,247,12.4,12835,12.3
"06085","5","54169","77","0","2023","A","",479,2889,432069733,23091520,675099,2876,149561,"",1.29,1.86,0.99,1.33,1.25,0.53,0.53,"",-34,-6.6,-650,-18.4,-139590022,-24.4,-11433865,-33.1,-329299,-32.8,-230,-7.4,-11959,-7.4
"06085","5","541690","78","0","2023","A","",479,2889,432069733,23091520,675099,2876,149561,"",1.29,1.86,0.99,1.33,1.25,0.53,0.53,"",-34,-6.6,-650,-18.4,-139590022,-24.4,-11433865,-33.1,-329299,-32.8,-230,-7.4,-11959,-7.4
"06085","5","5417","76","0","2023","A","",718,26327,7022343695,232643060,6830378,5129,266733,"",1.93,3.90,2.58,3.50,3.75,0.66,0.66,"",-27,-3.6,115,0.4,214907717,3.2,-5194670,-2.2,-503888,-6.9,135,2.7,7021,2.7
"06085","5","54171","77","0","2023","A","",692,25972,6982790073,229977654,6744157,5170,268860,"",2.09,4.15,2.67,3.65,3.92,0.64,0.64,"",-25,-3.5,110,0.4,210406550,3.1,-5070214,-2.2,-515816,-7.1,134,2.7,6991,2.7
"06085","5","541713","78","0","2023","A","",30,339,70893506,3963603,146511,4024,209228,"",1.70,1.83,1.12,1.59,2.39,0.61,0.61,"",-2,-6.2,-179,-34.6,-13325972,-15.8,-523017,-11.7,-36150,-19.8,899,28.8,46747,28.8
"06085","5","541714","78","0","2023","A","",221,3817,762763758,35227801,1039978,3843,199833,"",1.58,1.80,0.70,1.44,1.49,0.39,0.39,"",-3,-1.3,133,3.6,-76272958,-9.1,1293603,3.8,72415,7.5,-537,-12.3,-27949,-12.3
"06085","5","541715","78","0","2023","A","",441,21816,6149132809,190786250,5557668,5420,281863,"",2.55,5.53,4.20,5.30,5.79,0.76,0.76,"",-20,-4.3,156,0.7,300005480,5.1,-5840800,-3.0,-552081,-9.0,227,4.4,11819,4.4
"06085","5","54172","77","0","2023","A","",26,355,39553622,2665406,86221,2140,111288,"",0.64,0.71,0.36,0.78,0.87,0.50,0.50,"",-2,-7.1,5,1.4,4501167,12.8,-124456,-4.5,11928,16.1,213,11.1,11067,11.0
"06085","5","541720","78","0","2023","A","",26,355,39553622,2665406,86221,2140,111288,"",0.64,0.71,0.36,0.78,0.87,0.50,0.50,"",-2,-7.1,5,1.4,4501167,12.8,-124456,-4.5,11928,16.1,213,11.1,11067,11.0
"06085","5","5418","76","0","2023","A","",177,1745,239217426,14928982,499794,2636,137081,"",0.34,0.48,0.26,0.41,0.43,0.54,0.54,"",-10,-5.3,96,5.8,21433663,9.8,-1125542,-7.0,-40974,-7.6,95,3.7,4971,3.8
"06085","5","54181","77","0","2023","A","",71,496,92388794,4332632,164749,3580,186174,"",0.28,0.30,0.19,0.25,0.28,0.63,0.63,"",-7,-9.0,69,16.2,18189974,24.5,526951,13.8,28306,20.7,236,7.1,12271,7.1
"06085","5","541810","78","0","2023","A","",71,496,92388794,4332632,164749,3580,186174,"",0.28,0.30,0.19,0.25,0.28,0.63,0.63,"",-7,-9.0,69,16.2,18189974,24.5,526951,13.8,28306,20.7,236,7.1,12271,7.1
"06085","5","54182","77","0","2023","A","",35,177,23635051,1767332,66786,2574,133846,"",0.35,0.37,0.15,0.37,0.43,0.41,0.41,"",-3,-7.9,-21,-10.6,-1688067,-6.7,-249531,-12.4,-15487,-18.8,116,4.7,6005,4.7
"06085","5","541820","78","0","2023","A","",35,177,23635051,1767332,66786,2574,133846,"",0.35,0.37,0.15,0.37,0.43,0.41,0.41,"",-3,-7.9,-21,-10.6,-1688067,-6.7,-249531,-12.4,-15487,-18.8,116,4.7,6005,4.7
"06085","5","54183","77","0","2023","A","N",2,0,0,0,0,0,0,"N",0.19,0,0,0,0,0,0,"N",-2,-50.0,0,0,0,0,0,0,0,0,0,0,0,0
"06085","5","541830","78","0","2023","A","N",2,0,0,0,0,0,0,"N",0.19,0,0,0,0,0,0,"N",-2,-50.0,0,0,0,0,0,0,0,0,0,0,0,0
"06085","5","54184","77","0","2023","A","",18,183,46608938,1637252,95037,4905,255042,"",0.69,1.32,1.16,1.09,1.91,0.88,0.88,"",1,5.9,20,12.3,5179878,12.5,54977,3.5,4594,5.1,25,0.5,1265,0.5
"06085","5","541840","78","0","2023","A","",18,183,46608938,1637252,95037,4905,255042,"",0.69,1.32,1.16,1.09,1.91,0.88,0.88,"",1,5.9,20,12.3,5179878,12.5,54977,3.5,4594,5.1,25,0.5,1265,0.5
"06085","5","54185","77","0","2023","A","",8,29,4478831,328579,14167,3022,157152,"",0.39,0.13,0.10,0.15,0.22,0.80,0.80,"",1,14.3,-9,-23.7,2114014,89.4,50471,18.1,-958,-6.3,1828,153.1,95056,153.1
"06085","5","541850","78","0","2023","A","",8,29,4478831,328579,14167,3022,157152,"",0.39,0.13,0.10,0.15,0.22,0.80,0.80,"",1,14.3,-9,-23.7,2114014,89.4,50471,18.1,-958,-6.3,1828,153.1,95056,153.1
"06085","5","54186","77","0","2023","A","",9,51,2753577,390914,7729,1045,54347,"",0.52,0.21,0.06,0.16,0.11,0.31,0.31,"",-1,-10.0,-2,-3.8,-268050,-8.9,-86105,-18.1,-3274,-29.8,-62,-5.6,-3208,-5.6
"06085","5","541860","78","0","2023","A","",9,51,2753577,390914,7729,1045,54347,"",0.52,0.21,0.06,0.16,0.11,0.31,0.31,"",-1,-10.0,-2,-3.8,-268050,-8.9,-86105,-18.1,-3274,-29.8,-62,-5.6,-3208,-5.6
"06085","5","54187","77","0","2023","A","N",14,0,0,0,0,0,0,"N",0.48,0,0,0,0,0,0,"N",1,7.7,0,0,0,0,0,0,0,0,0,0,0,0
"06085","5","541870","78","0","2023","A","N",14,0,0,0,0,0,0,"N",0.48,0,0,0,0,0,0,"N",1,7.7,0,0,0,0,0,0,0,0,0,0,0,0
"06085","5","54189","77","0","2023","A","",21,796,67989485,6337187,147438,1643,85459,"",0.31,1.21,0.80,1.08,0.93,0.66,0.66,"",-1,-4.5,53,7.1,-1709101,-2.5,-1308393,-17.1,-50098,-25.4,-161,-8.9,-8348,-8.9
"06085","5","541890","78","0","2023","A","",21,796,67989485,6337187,147438,1643,85459,"",0.31,1.21,0.80,1.08,0.93,0.66,0.66,"",-1,-4.5,53,7.1,-1709101,-2.5,-1308393,-17.1,-50098,-25.4,-161,-8.9,-8348,-8.9
"06085","5","5419","76","0","2023","A","",419,3250,384832493,31149365,900270,2277,118398,"",0.47,0.52,0.35,0.50,0.53,0.68,0.68,"",-15,-3.5,-181,-5.3,-50210068,-11.5,-1767905,-5.4,-15827,-1.7,-162,-6.6,-8415,-6.6
"06085","5","54191","77","0","2023","A","",50,195,29207027,1921031,83753,2887,150100,"",0.71,0.36,0.20,0.37,0.48,0.57,0.57,"",-5,-9.1,-8,-3.9,2439875,9.1,137066,7.7,16663,24.8,347,13.7,18025,13.6
"06085","5","541910","78","0","2023","A","",50,195,29207027,1921031,83753,2887,150100,"",0.71,0.36,0.20,0.37,0.48,0.57,0.57,"",-5,-9.1,-8,-3.9,2439875,9.1,137066,7.7,16663,24.8,347,13.7,18025,13.6
"06085","5","54192","77","0","2023","A","",52,129,12499265,1186838,47751,1857,96582,"",0.48,0.37,0.35,0.38,0.36,0.95,0.95,"",2,4.0,-4,-3.0,862101,7.4,37470,3.3,957,2.0,170,10.1,8865,10.1
"06085","5","541921","78","0","2023","A","",34,90,9268536,826954,35591,1990,103463,"",0.43,0.34,0.40,0.35,0.34,1.20,1.20,"",2,6.2,2,2.3,1150130,14.2,40862,5.2,618,1.8,209,11.7,10858,11.7
"06085","5","541922","78","0","2023","A","",18,40,3230729,359884,12160,1560,81106,"",0.59,0.47,0.26,0.46,0.46,0.54,0.54,"",0,0.0,-5,-11.1,-288029,-8.2,-3392,-0.9,339,2.9,56,3.7,2911,3.7
"06085","5","54193","77","0","2023","A","",36,131,13768296,1268820,42823,2028,105437,"",1.06,0.47,0.34,0.49,0.56,0.73,0.73,"",-1,-2.7,-4,-3.0,-683752,-4.7,-212199,-14.3,-4189,-8.9,-32,-1.6,-1681,-1.6
"06085","5","541930","78","0","2023","A","",36,131,13768296,1268820,42823,2028,105437,"",1.06,0.47,0.34,0.49,0.56,0.73,0.73,"",-1,-2.7,-4,-3.0,-683752,-4.7,-212199,-14.3,-4189,-8.9,-32,-1.6,-1681,-1.6
"06085","5","54194","77","0","2023","A","",116,1915,148038863,17844294,438905,1487,77315,"",0.50,0.57,0.33,0.55,0.65,0.59,0.59,"",1,0.9,-6,-0.3,11878881,8.7,-207867,-1.2,-10197,-2.3,124,9.1,6444,9.1
"06085","5","541940","78","0","2023","A","",116,1915,148038863,17844294,438905,1487,77315,"",0.50,0.57,0.33,0.55,0.65,0.59,0.59,"",1,0.9,-6,-0.3,11878881,8.7,-207867,-1.2,-10197,-2.3,124,9.1,6444,9.1
"06085","5","54199","77","0","2023","A","",165,881,181319042,8928382,287038,3958,205810,"",0.37,0.50,0.41,0.45,0.44,0.82,0.82,"",-13,-7.3,-158,-15.2,-64707173,-26.3,-1522375,-14.6,-19061,-6.2,-595,-13.1,-30962,-13.1
"06085","5","541990","78","0","2023","A","",165,881,181319042,8928382,287038,3958,205810,"",0.37,0.50,0.41,0.45,0.44,0.82,0.82,"",-13,-7.3,-158,-15.2,-64707173,-26.3,-1522375,-14.6,-19061,-6.2,-595,-13.1,-30962,-13.1
"06085","5","55","74","0","2023","A","",196,14474,4461872496,160590780,5172397,5928,308266,"",0.31,0.78,0.67,0.63,0.86,0.87,0.87,"",0,0.0,6,0.0,-214611563,-4.6,-28550152,-15.1,-1591926,-23.5,-288,-4.6,-14969,-4.6
"06085","5","551","75","0","2023","A","",196,14474,4461872496,160590780,5172397,5928,308266,"",0.31,0.78,0.67,0.63,0.86,0.87,0.87,"",0,0.0,6,0.0,-214611563,-4.6,-28550152,-15.1,-1591926,-23.5,-288,-4.6,-14969,-4.6
"06085","5","5511","76","0","2023","A","",196,14474,4461872496,160590780,5172397,5928,308266,"",0.31,0.78,0.67,0.63,0.86,0.87,0.87,"",0,0.0,6,0.0,-214611563,-4.6,-28550152,-15.1,-1591926,-23.5,-288,-4.6,-14969,-4.6
"06085","5","55111","77","0","2023","A","",196,14474,4461872496,160590780,5172397,5928,308266,"",0.31,0.78,0.67,0.63,0.86,0.87,0.87,"",0,0.0,6,0.0,-214611563,-4.6,-28550152,-15.1,-1591926,-23.5,-288,-4.6,-14969,-4.6
"06085","5","551111","78","0","2023","A","N",2,0,0,0,0,0,0,"N",0.30,0,0,0,0,0,0,"N",1,100.0,0,0,0,0,0,0,0,0,0,0,0,0
"06085","5","551112","78","0","2023","A","N",26,0,0,0,0,0,0,"N",0.28,0,0,0,0,0,0,"N",3,13.0,0,0,0,0,0,0,0,0,0,0,0,0
"06085","5","551114","78","0","2023","A","",168,14320,4437787772,159008265,5134595,5960,309912,"",0.31,0.80,0.70,0.64,0.89,0.88,0.88,"",-4,-2.3,12,0.1,-207955764,-4.5,-28728616,-15.3,-1587989,-23.6,-284,-4.5,-14780,-4.6
"06085","5","56","74","0","2023","A","",2569,60845,4679458630,687804903,24943438,1479,76908,"",0.56,0.89,0.50,0.94,1.00,0.57,0.57,"",58,2.3,-2331,-3.7,-35880136,-0.8,-72454805,-9.5,-4436861,-15.1,44,3.1,2270,3.0
"06085","5","561","75","0","2023","A","",2456,57242,4341745570,653454930,23997847,1459,75849,"",0.57,0.88,0.50,0.95,1.02,0.57,0.57,"",45,1.9,-2797,-4.7,-79737054,-1.8,-75379041,-10.3,-4453450,-15.7,43,3.0,2205,3.0
"06085","5","5611","76","0","2023","A","",213,1704,283312186,14856406,470642,3197,166222,"",0.41,0.38,0.25,0.36,0.37,0.66,0.66,"",-9,-4.1,-304,-15.1,-87251539,-23.5,-6368300,-30.0,-201184,-29.9,-353,-9.9,-18352,-9.9
"06085","5","56111","77","0","2023","A","",213,1704,283312186,14856406,470642,3197,166222,"",0.41,0.38,0.25,0.36,0.37,0.66,0.66,"",-9,-4.1,-304,-15.1,-87251539,-23.5,-6368300,-30.0,-201184,-29.9,-353,-9.9,-18352,-9.9
"06085","5","561110","78","0","2023","A","",213,1704,283312186,14856406,470642,3197,166222,"",0.41,0.38,0.25,0.36,0.37,0.66,0.66,"",-9,-4.1,-304,-15.1,-87251539,-23.5,-6368300,-30.0,-201184,-29.9,-353,-9.9,-18352,-9.9
"06085","5","5612","76","0","2023","A","",33,1496,77618186,12777757,356398,998,51895,"",0.64,1.21,0.42,1.09,0.91,0.35,0.35,"",10,43.5,878,142.1,38485293,98.3,6458711,102.2,168469,89.6,-220,-18.1,-11435,-18.1
"06085","5","56121","77","0","2023","A","",33,1496,77618186,12777757,356398,998,51895,"",0.64,1.21,0.42,1.09,0.91,0.35,0.35,"",10,43.5,878,142.1,38485293,98.3,6458711,102.2,168469,89.6,-220,-18.1,-11435,-18.1
"06085","5","561210","78","0","2023","A","",33,1496,77618186,12777757,356398,998,51895,"",0.64,1.21,0.42,1.09,0.91,0.35,0.35,"",10,43.5,878,142.1,38485293,98.3,6458711,102.2,168469,89.6,-220,-18.1,-11435,-18.1
"06085","5","5613","76","0","2023","A","",418,20070,1529512488,282298014,13938784,1466,76208,"",0.40,0.77,0.45,0.89,1.25,0.59,0.58,"",-1,-0.2,-3802,-15.9,-223827381,-12.8,-78600550,-21.8,-4489487,-24.4,54,3.8,2761,3.8
"06085","5","56131","77","0","2023","A","",97,1139,152320489,15456768,608321,2572,133722,"",0.41,0.50,0.38,0.58,0.61,0.75,0.75,"",6,6.6,-49,-4.1,-37043679,-19.6,-926692,-5.7,-121078,-16.6,-493,-16.1,-25675,-16.1
"06085","5","561311","78","0","2023","A","",69,961,101903133,13879230,567052,2040,106075,"",0.40,0.49,0.34,0.61,0.66,0.70,0.70,"",6,9.5,-47,-4.7,-25601500,-20.1,-833679,-5.7,-108581,-16.1,-392,-16.1,-20407,-16.1
"06085","5","561312","78","0","2023","A","",28,178,50417356,1577538,41269,5434,282582,"",0.44,0.56,0.47,0.43,0.30,0.82,0.82,"",1,3.7,-2,-1.1,-11442179,-18.5,-93013,-5.6,-12497,-23.2,-1178,-17.8,-61241,-17.8
"06085","5","56132","77","0","2023","A","",270,17980,1280999370,256356965,12858976,1370,71245,"",0.41,0.88,0.53,1.00,1.42,0.60,0.60,"",-8,-2.9,-3536,-16.4,-175016723,-12.0,-74946096,-22.6,-4166704,-24.5,69,5.3,3574,5.3
"06085","5","561320","78","0","2023","A","",270,17980,1280999370,256356965,12858976,1370,71245,"",0.41,0.88,0.53,1.00,1.42,0.60,0.60,"",-8,-2.9,-3536,-16.4,-175016723,-12.0,-74946096,-22.6,-4166704,-24.5,69,5.3,3574,5.3
"06085","5","56133","77","0","2023","A","",51,951,96192629,10484281,471487,1945,101140,"",0.36,0.29,0.17,0.31,0.42,0.58,0.58,"",0,0.0,-217,-18.6,-11766979,-10.9,-2727762,-20.6,-201705,-30.0,167,9.4,8709,9.4
"06085","5","561330","78","0","2023","A","",51,951,96192629,10484281,471487,1945,101140,"",0.36,0.29,0.17,0.31,0.42,0.58,0.58,"",0,0.0,-217,-18.6,-11766979,-10.9,-2727762,-20.6,-201705,-30.0,167,9.4,8709,9.4
"06085","5","5614","76","0","2023","A","",191,1115,106724352,10194533,302083,1842,95760,"",0.47,0.21,0.13,0.20,0.20,0.65,0.65,"",-5,-2.6,-164,-12.8,-982555,-0.9,-1638809,-13.8,-122578,-28.9,222,13.7,11537,13.7
"06085","5","56141","77","0","2023","A","",11,50,1871605,450334,13483,715,37184,"",0.21,0.17,0.05,0.18,0.20,0.30,0.30,"",2,22.2,15,42.9,681850,57.3,146268,48.1,4934,57.7,60,9.2,3110,9.1
"06085","5","561410","78","0","2023","A","",11,50,1871605,450334,13483,715,37184,"",0.21,0.17,0.05,0.18,0.20,0.30,0.30,"",2,22.2,15,42.9,681850,57.3,146268,48.1,4934,57.7,60,9.2,3110,9.1
"06085","5","56142","77","0","2023","A","",16,171,24426979,1522496,31069,2740,142501,"",0.16,0.06,0.07,0.05,0.04,1.11,1.11,"",-2,-11.1,-14,-7.6,10930172,81.0,-133144,-8.0,-46728,-60.1,1334,94.9,69381,94.9
"06085","5","561421","78","0","2023","A","",6,33,1202405,296630,9359,694,36072,"",0.28,0.13,0.04,0.11,0.13,0.29,0.29,"",0,0.0,-5,-13.2,-97273,-7.5,-40099,-11.9,61,0.7,33,5.0,1719,5.0
"06085","5","561422","78","0","2023","A","",10,138,23224574,1225866,21710,3234,168192,"",0.12,0.05,0.07,0.05,0.03,1.30,1.30,"",-2,-16.7,-9,-6.1,11027445,90.4,-93045,-7.1,-46789,-68.3,1636,102.4,85077,102.4
"06085","5","56143","77","0","2023","A","",107,512,22926845,4566018,127382,862,44823,"",1.38,0.88,0.36,0.89,0.88,0.41,0.41,"",-6,-5.3,-138,-21.2,-7300717,-24.2,-1092277,-19.3,-35920,-22.0,-33,-3.7,-1693,-3.6
"06085","5","561431","78","0","2023","A","",45,219,7489826,2001436,48737,659,34252,"",1.19,0.83,0.34,0.87,0.77,0.41,0.41,"",0,0.0,12,5.8,114806,1.6,76741,4.0,2612,5.7,-28,-4.1,-1448,-4.1
"06085","5","561439","78","0","2023","A","",63,293,15437019,2564582,78645,1014,52716,"",1.59,0.93,0.38,0.90,0.98,0.40,0.40,"",-5,-7.4,-150,-33.9,-7415523,-32.4,-1169018,-31.3,-38532,-32.9,23,2.3,1159,2.2
"06085","5","56144","77","0","2023","A","",10,27,2335809,243376,10597,1643,85456,"",0.24,0.04,0.02,0.04,0.05,0.57,0.57,"",-1,-9.1,0,0.0,-108481,-4.4,5575,2.3,1048,11.0,-77,-4.5,-3969,-4.4
"06085","5","561440","78","0","2023","A","",10,27,2335809,243376,10597,1643,85456,"",0.24,0.04,0.02,0.04,0.05,0.57,0.57,"",-1,-9.1,0,0.0,-108481,-4.4,5575,2.3,1048,11.0,-77,-4.5,-3969,-4.4
"06085","5","56145","77","0","2023","A","",5,89,19939137,803904,28796,4312,224245,"",0.57,0.51,0.29,0.52,0.53,0.56,0.56,"",0,0.0,-21,-19.1,-4029392,-16.8,-430429,-34.9,-37966,-56.9,106,2.5,5521,2.5
"06085","5","561450","78","0","2023","A","",5,89,19939137,803904,28796,4312,224245,"",0.57,0.51,0.29,0.52,0.53,0.56,0.56,"",0,0.0,-21,-19.1,-4029392,-16.8,-430429,-34.9,-37966,-56.9,106,2.5,5521,2.5
"06085","5","56149","77","0","2023","A","",42,265,35223977,2608405,90756,2556,132921,"",0.33,0.35,0.23,0.37,0.38,0.66,0.66,"",0,0.0,-8,-2.9,-1155987,-3.2,-134802,-4.9,-7946,-8.1,-11,-0.4,-543,-0.4
"06085","5","561492","78","0","2023","A","",12,31,2298065,239562,5299,1437,74734,"",0.55,0.38,0.17,0.34,0.26,0.45,0.45,"",1,9.1,2,6.9,330117,16.8,722,0.3,-1277,-19.4,150,11.7,7835,11.7
"06085","5","561499","78","0","2023","A","",30,234,32925912,2368843,85457,2703,140559,"",0.30,0.37,0.24,0.40,0.41,0.66,0.66,"",-1,-3.2,-9,-3.7,-1486104,-4.3,-135524,-5.4,-6669,-7.2,-18,-0.7,-957,-0.7
"06085","5","5615","76","0","2023","A","",104,830,142969585,6869612,185416,3313,172270,"",0.70,0.61,0.44,0.48,0.42,0.72,0.72,"",-3,-2.8,137,19.8,41868853,41.4,456077,7.1,9518,5.4,506,18.0,26294,18.0
"06085","5","56151","77","0","2023","A","",85,753,133728681,6233494,166091,3414,177536,"",0.97,1.35,1.08,0.95,0.80,0.80,0.80,"",-3,-3.4,112,17.5,38989082,41.2,311460,5.3,4199,2.6,573,20.2,29813,20.2
"06085","5","561510","78","0","2023","A","",85,753,133728681,6233494,166091,3414,177536,"",0.97,1.35,1.08,0.95,0.80,0.80,0.80,"",-3,-3.4,112,17.5,38989082,41.2,311460,5.3,4199,2.6,573,20.2,29813,20.2
"06085","5","56152","77","0","2023","A","",4,17,688911,123280,2935,799,41542,"",0.18,0.10,0.03,0.06,0.04,0.27,0.27,"",0,0.0,2,13.3,184126,36.5,-5065,-3.9,-1118,-27.6,159,24.8,8259,24.8
"06085","5","561520","78","0","2023","A","",4,17,688911,123280,2935,799,41542,"",0.18,0.10,0.03,0.06,0.04,0.27,0.27,"",0,0.0,2,13.3,184126,36.5,-5065,-3.9,-1118,-27.6,159,24.8,8259,24.8
"06085","5","56159","77","0","2023","A","",15,60,8551993,512838,16390,2737,142336,"",0.39,0.10,0.05,0.09,0.10,0.51,0.51,"",0,0.0,24,66.7,2695645,46.0,149682,41.2,6437,64.7,-384,-12.3,-19965,-12.3
"06085","5","561591","78","0","2023","A","N",2,0,0,0,0,0,0,"N",0.30,0,0,0,0,0,0,"N",0,0.0,0,0,0,0,0,0,0,0,0,0,0,0
"06085","5","561599","78","0","2023","A","N",13,0,0,0,0,0,0,"N",0.41,0,0,0,0,0,0,"N",0,0.0,0,0,0,0,0,0,0,0,0,0,0,0
"06085","5","5616","76","0","2023","A","",187,11199,1082585723,126868443,3903122,1859,96672,"",0.72,1.52,1.34,1.81,1.78,0.88,0.88,"",4,2.2,817,7.9,129971891,13.6,7687563,6.5,479921,14.0,94,5.3,4913,5.4
"06085","5","56161","77","0","2023","A","",109,8690,463049434,106809090,3328116,1025,53284,"",0.69,1.40,0.78,1.83,1.78,0.56,0.56,"",6,5.8,492,6.0,27041893,6.2,6707962,6.7,481292,16.9,2,0.2,100,0.2
"06085","5","561611","78","0","2023","A","",23,191,6549011,1920376,45985,659,34258,"",0.60,0.64,0.15,0.68,0.45,0.24,0.24,"",2,9.5,13,7.3,448115,7.3,-72814,-3.7,-24234,-34.5,-1,-0.2,-49,-0.1
"06085","5","561612","78","0","2023","A","",83,8425,451689126,104191543,3259849,1031,53611,"",0.73,1.47,0.87,1.94,1.90,0.59,0.59,"",4,5.1,479,6.0,26099235,6.1,6546232,6.7,500473,18.1,1,0.1,51,0.1
"06085","5","561613","78","0","2023","A","",3,74,4811297,697171,22282,1256,65312,"",0.48,0.37,0.17,0.33,0.41,0.46,0.46,"",0,0.0,0,0.0,494543,11.5,234544,50.7,5053,29.3,138,12.3,7174,12.3
"06085","5","56162","77","0","2023","A","",79,2508,619536289,20059353,575006,4750,246983,"",0.78,2.16,2.85,1.71,1.78,1.32,1.32,"",-1,-1.2,324,14.8,102929998,19.9,979601,5.1,-1371,-0.2,200,4.4,10397,4.4
"06085","5","561621","78","0","2023","A","",49,2419,612917685,19311617,554550,4874,253429,"",0.67,2.34,3.06,1.84,1.89,1.31,1.31,"",-1,-2.0,328,15.7,102626069,20.1,1073512,5.9,-2599,-0.5,181,3.9,9368,3.8
"06085","5","561622","78","0","2023","A","",30,90,6618604,747736,20456,1416,73608,"",1.05,0.71,0.39,0.61,0.72,0.55,0.55,"",0,0.0,-3,-3.2,303929,4.8,-93911,-11.2,1228,6.4,107,8.2,5525,8.1
"06085","5","5617","76","0","2023","A","",1191,19992,1048970404,191968493,4519332,1009,52470,"",0.71,1.22,0.65,1.21,0.80,0.53,0.53,"",49,4.3,-387,-1.9,23311322,2.3,-3110198,-1.6,-303970,-6.3,41,4.2,2142,4.3
"06085","5","56171","77","0","2023","A","",62,817,58758838,7595019,245477,1383,71906,"",0.53,0.76,0.41,0.75,0.92,0.55,0.54,"",1,1.6,-96,-10.5,-7355683,-11.1,-869467,-10.3,-45982,-15.8,-9,-0.6,-495,-0.7
"06085","5","561710","78","0","2023","A","",62,817,58758838,7595019,245477,1383,71906,"",0.53,0.76,0.41,0.75,0.92,0.55,0.54,"",1,1.6,-96,-10.5,-7355683,-11.1,-869467,-10.3,-45982,-15.8,-9,-0.6,-495,-0.7
"06085","5","56172","77","0","2023","A","",496,11750,567376558,111720557,2494757,929,48287,"",0.90,1.51,0.94,1.64,1.37,0.62,0.62,"",42,9.3,-449,-3.7,16026628,2.9,-2246296,-2.0,-207111,-7.7,60,6.9,3090,6.8
"06085","5","561720","78","0","2023","A","",496,11750,567376558,111720557,2494757,929,48287,"",0.90,1.51,0.94,1.64,1.37,0.62,0.62,"",42,9.3,-449,-3.7,16026628,2.9,-2246296,-2.0,-207111,-7.7,60,6.9,3090,6.8
"06085","5","56173","77","0","2023","A","",495,6170,359464782,60933931,1492768,1120,58262,"",0.60,0.96,0.48,0.87,0.47,0.50,0.50,"",8,1.6,191,3.2,14616464,4.2,463822,0.8,-39034,-2.5,11,1.0,581,1.0
"06085","5","561730","78","0","2023","A","",495,6170,359464782,60933931,1492768,1120,58262,"",0.60,0.96,0.48,0.87,0.47,0.50,0.50,"",8,1.6,191,3.2,14616464,4.2,463822,0.8,-39034,-2.5,11,1.0,581,1.0
"06085","5","56174","77","0","2023","A","",30,113,4461654,1225092,28869,761,39571,"",0.63,0.42,0.15,0.45,0.39,0.37,0.37,"",-2,-6.2,-47,-29.4,-2011169,-31.1,-235916,-16.1,-5484,-16.0,-15,-1.9,-779,-1.9
"06085","5","561740","78","0","2023","A","",30,113,4461654,1225092,28869,761,39571,"",0.63,0.42,0.15,0.45,0.39,0.37,0.37,"",-2,-6.2,-47,-29.4,-2011169,-31.1,-235916,-16.1,-5484,-16.0,-15,-1.9,-779,-1.9
"06085","5","56179","77","0","2023","A","",110,1142,58908572,10493894,257461,992,51572,"",0.81,1.40,0.60,1.32,0.82,0.43,0.43,"",2,1.9,13,1.2,2035082,3.6,-222341,-2.1,-6359,-2.4,23,2.4,1175,2.3
"06085","5","561790","78","0","2023","A","",110,1142,58908572,10493894,257461,992,51572,"",0.81,1.40,0.60,1.32,0.82,0.43,0.43,"",2,1.9,13,1.2,2035082,3.6,-222341,-2.1,-6359,-2.4,23,2.4,1175,2.3
"06085","5","5619","76","0","2023","A","",120,837,70052646,7621672,322070,1609,83687,"",0.54,0.34,0.20,0.29,0.32,0.57,0.57,"",0,0.0,28,3.5,-1312938,-1.8,-263535,-3.3,5861,1.9,-88,-5.2,-4573,-5.2
"06085","5","56191","77","0","2023","A","",18,60,4043523,587290,24555,1291,67112,"",0.89,0.13,0.06,0.12,0.18,0.49,0.49,"",1,5.9,-25,-29.4,-632644,-13.5,-439541,-42.8,-6893,-21.9,229,21.6,11882,21.5
"06085","5","561910","78","0","2023","A","",18,60,4043523,587290,24555,1291,67112,"",0.89,0.13,0.06,0.12,0.18,0.49,0.49,"",1,5.9,-25,-29.4,-632644,-13.5,-439541,-42.8,-6893,-21.9,229,21.6,11882,21.5
"06085","5","56192","77","0","2023","A","",29,97,4799766,900039,35908,954,49610,"",0.56,0.25,0.07,0.20,0.14,0.28,0.28,"",5,20.8,27,38.6,30785,0.6,52099,6.1,2404,7.2,-366,-27.7,-19008,-27.7
"06085","5","561920","78","0","2023","A","",29,97,4799766,900039,35908,954,49610,"",0.56,0.25,0.07,0.20,0.14,0.28,0.28,"",5,20.8,27,38.6,30785,0.6,52099,6.1,2404,7.2,-366,-27.7,-19008,-27.7
"06085","5","56199","77","0","2023","A","",74,680,61209357,6134343,261607,1731,90003,"",0.49,0.43,0.27,0.37,0.43,0.63,0.63,"",-5,-6.3,26,4.0,-711079,-1.1,123907,2.1,10350,4.1,-89,-4.9,-4616,-4.9
"06085","5","561990","78","0","2023","A","",74,680,61209357,6134343,261607,1731,90003,"",0.49,0.43,0.27,0.37,0.43,0.63,0.63,"",-5,-6.3,26,4.0,-711079,-1.1,123907,2.1,10350,4.1,-89,-4.9,-4616,-4.9
"06085","5","562","75","0","2023","A","",113,3603,337713060,34349973,945591,1803,93733,"",0.47,0.99,0.52,0.83,0.73,0.52,0.52,"",13,13.0,465,14.8,43856918,14.9,2924236,9.3,16589,1.8,2,0.1,74,0.1
"06085","5","5621","76","0","2023","A","",53,1837,190393058,16111768,350303,1993,103643,"",0.58,1.19,0.74,0.97,0.78,0.63,0.62,"",3,6.0,124,7.2,18078001,10.5,584969,3.8,-2167,-0.6,58,3.0,3046,3.0
"06085","5","56211","77","0","2023","A","",53,1837,190393058,16111768,350303,1993,103643,"",0.58,1.19,0.74,0.97,0.78,0.63,0.62,"",3,6.0,124,7.2,18078001,10.5,584969,3.8,-2167,-0.6,58,3.0,3046,3.0
"06085","5","562111","78","0","2023","A","",36,1697,178256493,14718337,310435,2020,105058,"",0.51,1.28,0.81,1.02,0.83,0.64,0.64,"",1,2.9,96,6.0,15610536,9.6,356763,2.5,-9138,-2.9,66,3.4,3457,3.4
"06085","5","562112","78","0","2023","A","",5,78,7972615,695975,17666,1978,102872,"",0.94,0.86,0.41,0.82,0.62,0.49,0.49,"",0,0.0,6,8.3,1030723,14.8,46479,7.2,958,5.7,130,7.0,6790,7.1
"06085","5","562119","78","0","2023","A","",12,63,4163950,697456,22202,1276,66358,"",0.76,0.51,0.23,0.54,0.51,0.47,0.47,"",2,20.0,23,57.5,1436742,52.7,181727,35.2,6013,37.1,-41,-3.1,-2107,-3.1
"06085","5","5622","76","0","2023","A","",22,765,72444301,7325220,184774,1821,94667,"",0.71,0.99,0.44,0.83,0.83,0.44,0.44,"",3,15.8,213,38.6,19308694,36.3,1860836,34.1,36533,24.6,-32,-1.7,-1680,-1.7
"06085","5","56221","77","0","2023","A","",22,765,72444301,7325220,184774,1821,94667,"",0.71,0.99,0.44,0.83,0.83,0.44,0.44,"",3,15.8,213,38.6,19308694,36.3,1860836,34.1,36533,24.6,-32,-1.7,-1680,-1.7
"06085","5","562211","78","0","2023","A","N",6,0,0,0,0,0,0,"N",0.66,0,0,0,0,0,0,"N",2,50.0,0,0,0,0,0,0,0,0,0,0,0,0
"06085","5","562212","78","0","2023","A","N",10,0,0,0,0,0,0,"N",0.88,0,0,0,0,0,0,"N",0,0.0,0,0,0,0,0,0,0,0,0,0,0,0
"06085","5","562219","78","0","2023","A","",6,365,31604205,3326832,66073,1664,86547,"",0.65,2.41,1.10,1.89,1.19,0.46,0.46,"N",1,20.0,0,0,0,0,0,0,0,0,0,0,0,0
"06085","5","5629","76","0","2023","A","",38,1001,74875701,10912985,410514,1439,74826,"",0.33,0.76,0.32,0.68,0.65,0.42,0.42,"",6,18.8,128,14.7,6470223,9.5,478431,4.6,-17777,-4.2,-68,-4.5,-3523,-4.5
"06085","5","56291","77","0","2023","A","",18,241,16497593,2505520,78042,1318,68526,"",0.31,0.34,0.12,0.27,0.19,0.35,0.35,"",4,28.6,88,57.5,5891250,55.5,975057,63.7,24664,46.2,-15,-1.1,-797,-1.1
"06085","5","562910","78","0","2023","A","",18,241,16497593,2505520,78042,1318,68526,"",0.31,0.34,0.12,0.27,0.19,0.35,0.35,"",4,28.6,88,57.5,5891250,55.5,975057,63.7,24664,46.2,-15,-1.1,-797,-1.1
"06085","5","56292","77","0","2023","A","",6,462,25627585,4406168,150365,1068,55531,"",0.53,2.52,0.89,2.22,2.46,0.35,0.35,"",0,0.0,73,18.8,3630576,16.5,296578,7.2,10990,7.9,-19,-1.7,-1017,-1.8
"06085","5","562920","78","0","2023","A","",6,462,25627585,4406168,150365,1068,55531,"",0.53,2.52,0.89,2.22,2.46,0.35,0.35,"",0,0.0,73,18.8,3630576,16.5,296578,7.2,10990,7.9,-19,-1.7,-1017,-1.8
"06085","5","56299","77","0","2023","A","",14,298,32750523,4001297,182107,2111,109748,"",0.30,0.72,0.50,0.86,1.17,0.70,0.70,"",3,27.3,-33,-10.0,-3051603,-8.5,-793204,-16.5,-53431,-22.7,31,1.5,1612,1.5
"06085","5","562991","78","0","2023","A","N",11,0,0,0,0,0,0,"N",0.37,0,0,0,0,0,0,"N",2,22.2,0,0,0,0,0,0,0,0,0,0,0,0
"06085","5","562998","78","0","2023","A","N",3,0,0,0,0,0,0,"N",0.18,0,0,0,0,0,0,"N",0,0.0,0,0,0,0,0,0,0,0,0,0,0,0
"06085","5","61","74","0","2023","A","",1231,40996,4521811255,115638948,2898014,2121,110300,"",1.14,1.80,1.33,1.19,1.11,0.74,0.74,"",17,1.4,2688,7.0,283215675,6.7,3954767,3.5,-44944,-1.5,-7,-0.3,-344,-0.3
"06085","5","611","75","0","2023","A","",1231,40996,4521811255,115638948,2898014,2121,110300,"",1.14,1.80,1.33,1.19,1.11,0.74,0.74,"",17,1.4,2688,7.0,283215675,6.7,3954767,3.5,-44944,-1.5,-7,-0.3,-344,-0.3
"06085","5","6111","76","0","2023","A","",185,8477,608144951,33781620,828521,1380,71738,"",1.30,1.24,0.71,1.00,1.06,0.58,0.57,"",-3,-1.6,535,6.7,50177736,9.0,140301,0.4,-41903,-4.8,29,2.1,1483,2.1
"06085","5","61111","77","0","2023","A","",185,8477,608144951,33781620,828521,1380,71738,"",1.30,1.24,0.71,1.00,1.06,0.58,0.57,"",-3,-1.6,535,6.7,50177736,9.0,140301,0.4,-41903,-4.8,29,2.1,1483,2.1
"06085","5","611110","78","0","2023","A","",185,8477,608144951,33781620,828521,1380,71738,"",1.30,1.24,0.71,1.00,1.06,0.58,0.57,"",-3,-1.6,535,6.7,50177736,9.0,140301,0.4,-41903,-4.8,29,2.1,1483,2.1
"06085","5","6112","76","0","2023","A","N",4,0,0,0,0,0,0,"N",0.57,0,0,0,0,0,0,"N",-1,-20.0,0,0,0,0,0,0,0,0,0,0,0,0
"06085","5","61121","77","0","2023","A","N",4,0,0,0,0,0,0,"N",0.57,0,0,0,0,0,0,"N",-1,-20.0,0,0,0,0,0,0,0,0,0,0,0,0
"06085","5","611210","78","0","2023","A","N",4,0,0,0,0,0,0,"N",0.57,0,0,0,0,0,0,"N",-1,-20.0,0,0,0,0,0,0,0,0,0,0,0,0
"06085","5","6113","76","0","2023","A","N",32,0,0,0,0,0,0,"N",0.35,0,0,0,0,0,0,"N",-1,-3.0,0,0,0,0,0,0,0,0,0,0,0,0
"06085","5","61131","77","0","2023","A","N",32,0,0,0,0,0,0,"N",0.35,0,0,0,0,0,0,"N",-1,-3.0,0,0,0,0,0,0,0,0,0,0,0,0
"06085","5","611310","78","0","2023","A","N",32,0,0,0,0,0,0,"N",0.35,0,0,0,0,0,0,"N",-1,-3.0,0,0,0,0,0,0,0,0,0,0,0,0
"06085","5","6114","76","0","2023","A","",93,419,34103889,3766286,128785,1565,81394,"",0.73,0.71,0.25,0.62,0.71,0.35,0.35,"",2,2.2,-37,-8.1,-15325585,-31.0,-1101233,-22.6,-37595,-22.6,-519,-24.9,-26964,-24.9
"06085","5","61141","77","0","2023","A","N",1,0,0,0,0,0,0,"N",0.37,0,0,0,0,0,0,"N",0,0.0,0,0,0,0,0,0,0,0,0,0,0,0
"06085","5","611410","78","0","2023","A","N",1,0,0,0,0,0,0,"N",0.37,0,0,0,0,0,0,"N",0,0.0,0,0,0,0,0,0,0,0,0,0,0,0
"06085","5","61142","77","0","2023","A","N",26,0,0,0,0,0,0,"N",0.91,0,0,0,0,0,0,"N",3,13.0,0,0,0,0,0,0,0,0,0,0,0,0
"06085","5","611420","78","0","2023","A","N",26,0,0,0,0,0,0,"N",0.91,0,0,0,0,0,0,"N",3,13.0,0,0,0,0,0,0,0,0,0,0,0,0
"06085","5","61143","77","0","2023","A","",67,242,24361362,2264157,83132,1935,100632,"",0.70,0.61,0.26,0.56,0.70,0.43,0.43,"",0,0.0,37,18.0,2808492,13.0,414501,22.4,16192,24.2,-83,-4.1,-4291,-4.1
"06085","5","611430","78","0","2023","A","",67,242,24361362,2264157,83132,1935,100632,"",0.70,0.61,0.26,0.56,0.70,0.43,0.43,"",0,0.0,37,18.0,2808492,13.0,414501,22.4,16192,24.2,-83,-4.1,-4291,-4.1
"06085","5","6115","76","0","2023","A","",57,654,36775804,5528882,157269,1081,56203,"",0.70,0.73,0.29,0.67,0.62,0.39,0.39,"",0,0.0,4,0.6,3619264,10.9,241624,4.6,700,0.4,99,10.1,5160,10.1
"06085","5","61151","77","0","2023","A","",57,654,36775804,5528882,157269,1081,56203,"",0.70,0.73,0.29,0.67,0.62,0.39,0.39,"",0,0.0,4,0.6,3619264,10.9,241624,4.6,700,0.4,99,10.1,5160,10.1
"06085","5","611511","78","0","2023","A","",9,46,2007500,395690,9650,832,43250,"",0.68,0.34,0.14,0.31,0.24,0.42,0.42,"",1,12.5,-4,-8.0,185319,10.2,-23148,-5.5,-1517,-13.6,136,19.5,7048,19.5
"06085","5","611512","78","0","2023","A","",7,68,3009598,656906,16507,848,44097,"",0.61,0.37,0.08,0.35,0.44,0.23,0.23,"",1,16.7,2,3.0,-55139,-1.8,38850,6.3,4026,32.3,-39,-4.4,-2047,-4.4
"06085","5","611513","78","0","2023","A","",8,102,8435818,1140414,17493,1588,82569,"",0.73,0.89,0.52,0.99,0.47,0.59,0.59,"",0,0.0,7,7.4,1140764,15.6,87764,8.3,-1743,-9.1,118,8.0,6114,8.0
"06085","5","611519","78","0","2023","A","",34,438,23322888,3335872,113619,1025,53309,"",0.75,0.95,0.37,0.83,0.81,0.39,0.39,"",-1,-2.9,1,0.2,2348320,11.2,138158,4.3,-66,-0.1,103,11.2,5358,11.2
"06085","5","6116","76","0","2023","A","",683,6509,207345760,45577241,1047930,613,31856,"",1.58,1.77,0.87,1.94,1.59,0.49,0.49,"",17,2.6,425,7.0,7006284,3.5,3130318,7.4,14790,1.4,-20,-3.2,-1073,-3.3
"06085","5","61161","77","0","2023","A","",154,1475,42377129,9887386,240541,553,28737,"",1.46,1.72,0.89,2.03,1.75,0.52,0.52,"",4,2.7,126,9.3,5524365,15.0,946420,10.6,22018,10.1,28,5.3,1427,5.2
"06085","5","611610","78","0","2023","A","",154,1475,42377129,9887386,240541,553,28737,"",1.46,1.72,0.89,2.03,1.75,0.52,0.52,"",4,2.7,126,9.3,5524365,15.0,946420,10.6,22018,10.1,28,5.3,1427,5.2
"06085","5","61162","77","0","2023","A","",190,1838,53324302,13739697,290189,558,29010,"",1.38,1.45,0.76,1.74,1.45,0.52,0.52,"",17,9.8,0,0.0,-5375895,-9.2,997137,7.8,2924,1.0,-56,-9.1,-2931,-9.2
"06085","5","611620","78","0","2023","A","",190,1838,53324302,13739697,290189,558,29010,"",1.38,1.45,0.76,1.74,1.45,0.52,0.52,"",17,9.8,0,0.0,-5375895,-9.2,997137,7.8,2924,1.0,-56,-9.1,-2931,-9.2
"06085","5","61163","77","0","2023","A","",50,522,11474062,3453516,78029,422,21967,"",3.62,4.25,1.28,3.89,3.03,0.30,0.30,"",-1,-2.0,13,2.6,275503,2.5,110045,3.3,-442,-0.6,-1,-0.2,-23,-0.1
"06085","5","611630","78","0","2023","A","",50,522,11474062,3453516,78029,422,21967,"",3.62,4.25,1.28,3.89,3.03,0.30,0.30,"",-1,-2.0,13,2.6,275503,2.5,110045,3.3,-442,-0.6,-1,-0.2,-23,-0.1
"06085","5","61169","77","0","2023","A","",290,2674,100170267,18496642,439171,720,37464,"",1.65,1.88,0.89,1.88,1.48,0.47,0.47,"",-3,-1.0,286,12.0,6582311,7.0,1076716,6.2,-9710,-2.2,-34,-4.5,-1735,-4.4
"06085","5","611691","78","0","2023","A","",202,1943,75119984,14002828,333288,743,38654,"",2.67,2.65,1.42,3.11,2.33,0.54,0.54,"",-5,-2.4,174,9.8,4036012,5.7,669334,5.0,-10851,-3.2,-30,-3.9,-1535,-3.8
"06085","5","611692","78","0","2023","A","",21,107,3677808,1022280,29745,664,34506,"",1.14,0.91,0.45,1.07,1.23,0.49,0.49,"",1,5.0,12,12.6,637566,21.0,111278,12.2,4732,18.9,48,7.8,2475,7.7
"06085","5","611699","78","0","2023","A","",66,624,21372475,3471534,76138,659,34264,"",0.81,1.09,0.41,0.79,0.59,0.38,0.38,"",0,0.0,100,19.1,1908733,9.8,296104,9.3,-3591,-4.5,-56,-7.8,-2892,-7.8
"06085","5","6117","76","0","2023","A","",177,1749,196094448,16455940,472335,2157,112150,"",0.86,1.17,0.84,1.26,1.11,0.72,0.72,"",2,1.1,-5,-0.3,-11910150,-5.7,847911,5.4,17682,3.9,-124,-5.4,-6467,-5.5
"06085","5","61171","77","0","2023","A","",177,1749,196094448,16455940,472335,2157,112150,"",0.86,1.17,0.84,1.26,1.11,0.72,0.72,"",2,1.1,-5,-0.3,-11910150,-5.7,847911,5.4,17682,3.9,-124,-5.4,-6467,-5.5
"06085","5","611710","78","0","2023","A","",177,1749,196094448,16455940,472335,2157,112150,"",0.86,1.17,0.84,1.26,1.11,0.72,0.72,"",2,1.1,-5,-0.3,-11910150,-5.7,847911,5.4,17682,3.9,-124,-5.4,-6467,-5.5
"06085","5","62","74","0","2023","A","",31644,141635,12091721440,872781317,22033466,1642,85372,"",2.49,0.91,0.51,0.90,0.87,0.56,0.56,"",1574,5.2,5352,3.9,959748652,8.6,23269074,2.7,816006,3.8,71,4.5,3689,4.5
"06085","5","621","75","0","2023","A","",4541,48691,4948577407,403333695,9802303,1954,101633,"",0.96,0.79,0.45,0.80,0.77,0.56,0.56,"",109,2.5,451,0.9,174645437,3.7,8157491,2.1,356849,3.8,51,2.7,2670,2.7
"06085","5","6211","76","0","2023","A","",1405,10177,1428660773,77302444,2002470,2700,140378,"",0.89,0.48,0.26,0.48,0.53,0.54,0.54,"",28,2.0,-61,-0.6,73861395,5.5,-4664993,-5.7,-107665,-5.1,155,6.1,8049,6.1
"06085","5","62111","77","0","2023","A","",1405,10177,1428660773,77302444,2002470,2700,140378,"",0.89,0.48,0.26,0.48,0.53,0.54,0.54,"",28,2.0,-61,-0.6,73861395,5.5,-4664993,-5.7,-107665,-5.1,155,6.1,8049,6.1
"06085","5","621111","78","0","2023","A","",1324,9683,1382959290,72241165,1844360,2747,142822,"",0.90,0.47,0.26,0.46,0.51,0.55,0.55,"",29,2.2,-125,-1.3,66916943,5.1,-5315224,-6.9,-147154,-7.4,166,6.4,8636,6.4
"06085","5","621112","78","0","2023","A","",80,494,45701483,5061279,158110,1778,92482,"",0.82,0.86,0.44,0.98,1.06,0.50,0.50,"",-2,-2.4,63,14.6,6944452,17.9,650231,14.7,39489,33.3,47,2.7,2454,2.7
"06085","5","6212","76","0","2023","A","",1479,9719,749250085,88558477,2111551,1482,77088,"",1.64,1.30,0.66,1.18,1.24,0.51,0.51,"",10,0.7,59,0.6,-15707831,-2.1,-234130,-0.3,-59801,-2.8,-41,-2.7,-2101,-2.7
"06085","5","62121","77","0","2023","A","",1479,9719,749250085,88558477,2111551,1482,77088,"",1.64,1.30,0.66,1.18,1.24,0.51,0.51,"",10,0.7,59,0.6,-15707831,-2.1,-234130,-0.3,-59801,-2.8,-41,-2.7,-2101,-2.7
"06085","5","621210","78","0","2023","A","",1479,9719,749250085,88558477,2111551,1482,77088,"",1.64,1.30,0.66,1.18,1.24,0.51,0.51,"",10,0.7,59,0.6,-15707831,-2.1,-234130,-0.3,-59801,-2.8,-41,-2.7,-2101,-2.7
"06085","5","6213","76","0","2023","A","",1091,5793,364991476,53396564,1346878,1212,63003,"",0.85,0.68,0.35,0.67,0.66,0.51,0.51,"",73,7.2,-22,-0.4,47787661,15.1,-1852400,-3.4,-57253,-4.1,163,15.5,8454,15.5
"06085","5","62131","77","0","2023","A","",229,669,32282578,6019121,151259,928,48261,"",0.87,0.63,0.30,0.59,0.70,0.48,0.48,"",-13,-5.4,4,0.6,432986,1.4,-153563,-2.5,-6064,-3.9,6,0.7,337,0.7
"06085","5","621310","78","0","2023","A","",229,669,32282578,6019121,151259,928,48261,"",0.87,0.63,0.30,0.59,0.70,0.48,0.48,"",-13,-5.4,4,0.6,432986,1.4,-153563,-2.5,-6064,-3.9,6,0.7,337,0.7
"06085","5","62132","77","0","2023","A","",183,1077,57578481,9593534,208881,1028,53445,"",1.28,0.98,0.42,0.90,0.94,0.43,0.43,"",0,0.0,-17,-1.6,962912,1.7,-221062,-2.3,-8143,-3.8,33,3.3,1694,3.3
"06085","5","621320","78","0","2023","A","",183,1077,57578481,9593534,208881,1028,53445,"",1.28,0.98,0.42,0.90,0.94,0.43,0.43,"",0,0.0,-17,-1.6,962912,1.7,-221062,-2.3,-8143,-3.8,33,3.3,1694,3.3
"06085","5","62133","77","0","2023","A","",184,1094,60575342,9748018,261035,1065,55358,"",0.70,0.72,0.34,0.66,0.57,0.47,0.46,"",43,30.5,230,26.6,12926456,27.1,2268642,30.3,56341,27.5,5,0.5,219,0.4
"06085","5","621330","78","0","2023","A","",184,1094,60575342,9748018,261035,1065,55358,"",0.70,0.72,0.34,0.66,0.57,0.47,0.46,"",43,30.5,230,26.6,12926456,27.1,2268642,30.3,56341,27.5,5,0.5,219,0.4
"06085","5","62134","77","0","2023","A","",238,1984,118548288,18717141,468161,1149,59760,"",0.72,0.58,0.28,0.59,0.59,0.49,0.49,"",22,10.2,26,1.3,7597658,6.8,136562,0.7,3391,0.7,59,5.4,3085,5.4
"06085","5","621340","78","0","2023","A","",238,1984,118548288,18717141,468161,1149,59760,"",0.72,0.58,0.28,0.59,0.59,0.49,0.49,"",22,10.2,26,1.3,7597658,6.8,136562,0.7,3391,0.7,59,5.4,3085,5.4
"06085","5","62139","77","0","2023","A","",258,969,96006787,9318750,257542,1905,99078,"",0.92,0.72,0.49,0.71,0.72,0.69,0.68,"",22,9.3,-266,-21.5,25867649,36.9,-3882979,-29.4,-102778,-28.5,812,74.3,42266,74.4
"06085","5","621391","78","0","2023","A","",31,79,4662242,811074,21013,1139,59203,"",0.69,0.32,0.14,0.36,0.37,0.42,0.42,"",1,3.3,-13,-14.1,-2222187,-32.3,-56146,-6.5,32,0.2,-295,-20.6,-15358,-20.6
"06085","5","621399","78","0","2023","A","",227,890,91344545,8507676,236529,1973,102605,"",0.97,0.81,0.57,0.79,0.78,0.70,0.70,"",21,10.2,-252,-22.1,28089836,44.4,-3826833,-31.0,-102810,-30.3,908,85.3,47228,85.3
"06085","5","6214","76","0","2023","A","",224,12911,1789478698,74358779,1337377,2666,138606,"",0.67,1.65,1.20,1.47,1.01,0.73,0.73,"",0,0.0,-347,-2.6,-2829168,-0.2,475804,0.6,-26390,-1.9,66,2.5,3415,2.5
"06085","5","62141","77","0","2023","A","",14,252,25846015,538731,16039,1975,102699,"",0.73,1.21,0.77,0.40,0.39,0.63,0.63,"",0,0.0,-21,-7.7,-2104234,-7.5,55928,11.6,2047,14.6,3,0.2,161,0.2
"06085","5","621410","78","0","2023","A","",14,252,25846015,538731,16039,1975,102699,"",0.73,1.21,0.77,0.40,0.39,0.63,0.63,"",0,0.0,-21,-7.7,-2104234,-7.5,55928,11.6,2047,14.6,3,0.2,161,0.2
"06085","5","62142","77","0","2023","A","",46,1632,129059421,6333759,217198,1521,79105,"",0.43,0.76,0.45,0.48,0.56,0.59,0.59,"",-1,-2.1,112,7.4,12247498,10.5,656598,11.6,48664,28.9,43,2.9,2255,2.9
"06085","5","621420","78","0","2023","A","",46,1632,129059421,6333759,217198,1521,79105,"",0.43,0.76,0.45,0.48,0.56,0.59,0.59,"",-1,-2.1,112,7.4,12247498,10.5,656598,11.6,48664,28.9,43,2.9,2255,2.9
"06085","5","62149","77","0","2023","A","",164,11027,1634573262,67486289,1104140,2851,148229,"",0.80,2.02,1.39,1.88,1.23,0.69,0.69,"",0,0.0,-438,-3.8,-12972432,-0.8,-236722,-0.3,-77101,-6.5,87,3.1,4527,3.2
"06085","5","621491","78","0","2023","A","",58,8468,1406466468,56620232,855712,3194,166084,"",2.97,5.53,3.00,9.90,5.83,0.54,0.54,"",3,5.5,253,3.1,45851244,3.4,898832,1.6,-40473,-4.5,9,0.3,462,0.3
"06085","5","621492","78","0","2023","A","",34,583,42552356,4372208,92047,1403,72936,"",0.63,0.62,0.27,0.49,0.53,0.43,0.43,"",4,13.3,-95,-14.0,-8907469,-17.3,-822005,-15.8,-25996,-22.0,-56,-3.8,-2954,-3.9
"06085","5","621493","78","0","2023","A","",26,1499,144099882,4097947,90217,1849,96125,"",0.44,1.16,0.64,0.37,0.32,0.55,0.55,"",-2,-7.1,-541,-26.5,-45383098,-24.0,-5970,-0.1,-3248,-3.5,63,3.5,3256,3.5
"06085","5","621498","78","0","2023","A","",46,476,41454556,2395902,66164,1673,87013,"",0.63,0.28,0.13,0.24,0.23,0.46,0.46,"",-5,-9.8,-55,-10.4,-4533109,-9.9,-307579,-11.4,-7384,-10.0,9,0.5,475,0.5
"06085","5","6215","76","0","2023","A","",124,1455,228056429,12232831,328615,3015,156767,"",0.62,0.63,0.52,0.56,0.59,0.82,0.82,"",-7,-5.3,-94,-6.1,12768363,5.9,-1377482,-10.1,-66996,-16.9,342,12.8,17774,12.8
"06085","5","62151","77","0","2023","A","",124,1455,228056429,12232831,328615,3015,156767,"",0.62,0.63,0.52,0.56,0.59,0.82,0.82,"",-7,-5.3,-94,-6.1,12768363,5.9,-1377482,-10.1,-66996,-16.9,342,12.8,17774,12.8
"06085","5","621511","78","0","2023","A","",83,1193,199897705,9779860,255157,3223,167617,"",0.55,0.71,0.62,0.59,0.62,0.88,0.88,"",-1,-1.2,-79,-6.2,11933887,6.3,-949853,-8.9,-52945,-17.2,382,13.4,19885,13.5
"06085","5","621512","78","0","2023","A","",42,262,28158724,2452971,73458,2066,107408,"",0.87,0.43,0.24,0.45,0.49,0.55,0.55,"",-5,-10.6,-15,-5.4,834476,3.1,-427629,-14.8,-14051,-16.1,166,8.7,8616,8.7
"06085","5","6216","76","0","2023","A","",170,7823,313407468,90131828,2482462,770,40061,"",0.51,0.66,0.27,0.98,0.90,0.42,0.42,"",2,1.2,1034,15.2,66677229,27.0,16906460,23.1,694702,38.9,71,10.2,3716,10.2
"06085","5","62161","77","0","2023","A","",170,7823,313407468,90131828,2482462,770,40061,"",0.51,0.66,0.27,0.98,0.90,0.42,0.42,"",2,1.2,1034,15.2,66677229,27.0,16906460,23.1,694702,38.9,71,10.2,3716,10.2
"06085","5","621610","78","0","2023","A","",170,7823,313407468,90131828,2482462,770,40061,"",0.51,0.66,0.27,0.98,0.90,0.42,0.42,"",2,1.2,1034,15.2,66677229,27.0,16906460,23.1,694702,38.9,71,10.2,3716,10.2
"06085","5","6219","76","0","2023","A","",49,812,74732478,7352772,192950,1770,92016,"",0.37,0.32,0.19,0.34,0.35,0.59,0.59,"",3,6.5,-120,-12.9,-7912212,-9.6,-1095768,-13.0,-19748,-9.3,64,3.8,3310,3.7
"06085","5","62191","77","0","2023","A","",12,576,50598637,5400926,126081,1690,87858,"",0.31,0.47,0.30,0.49,0.48,0.64,0.64,"",0,0.0,-51,-8.1,1131035,2.3,-521408,-8.8,-15008,-10.6,174,11.5,9015,11.4
"06085","5","621910","78","0","2023","A","",12,576,50598637,5400926,126081,1690,87858,"",0.31,0.47,0.30,0.49,0.48,0.64,0.64,"",0,0.0,-51,-8.1,1131035,2.3,-521408,-8.8,-15008,-10.6,174,11.5,9015,11.4
"06085","5","62199","77","0","2023","A","",37,236,24133841,1951846,66869,1964,102154,"",0.39,0.18,0.11,0.18,0.22,0.59,0.59,"",3,8.8,-68,-22.4,-9043247,-27.3,-574360,-22.7,-4740,-6.6,-133,-6.3,-6891,-6.3
"06085","5","621991","78","0","2023","A","N",2,0,0,0,0,0,0,"N",0.13,0,0,0,0,0,0,"N",-1,-33.3,0,0,0,0,0,0,0,0,0,0,0,0
"06085","5","621999","78","0","2023","A","N",35,0,0,0,0,0,0,"N",0.44,0,0,0,0,0,0,"N",4,12.9,0,0,0,0,0,0,0,0,0,0,0,0
"06085","5","622","75","0","2023","A","",21,34791,4907371010,31830412,559390,2713,141052,"",0.21,0.90,0.66,0.45,0.42,0.73,0.73,"",2,10.5,2829,8.9,562595601,12.9,32079,0.1,-32885,-5.6,99,3.8,5116,3.8
"06085","5","6221","76","0","2023","A","",15,33458,4783541348,27442120,432193,2749,142971,"",0.21,0.94,0.69,0.48,0.42,0.73,0.73,"",2,15.4,2122,6.8,488844363,11.4,-607508,-2.2,-50961,-10.5,113,4.3,5916,4.3
"06085","5","62211","77","0","2023","A","",15,33458,4783541348,27442120,432193,2749,142971,"",0.21,0.94,0.69,0.48,0.42,0.73,0.73,"",2,15.4,2122,6.8,488844363,11.4,-607508,-2.2,-50961,-10.5,113,4.3,5916,4.3
"06085","5","622110","78","0","2023","A","",15,33458,4783541348,27442120,432193,2749,142971,"",0.21,0.94,0.69,0.48,0.42,0.73,0.73,"",2,15.4,2122,6.8,488844363,11.4,-607508,-2.2,-50961,-10.5,113,4.3,5916,4.3
"06085","5","6222","76","0","2023","A","N",2,0,0,0,0,0,0,"N",0.20,0,0,0,0,0,0,"N",0,0.0,0,0,0,0,0,0,0,0,0,0,0,0
"06085","5","62221","77","0","2023","A","N",2,0,0,0,0,0,0,"N",0.20,0,0,0,0,0,0,"N",0,0.0,0,0,0,0,0,0,0,0,0,0,0,0
"06085","5","622210","78","0","2023","A","N",2,0,0,0,0,0,0,"N",0.20,0,0,0,0,0,0,"N",0,0.0,0,0,0,0,0,0,0,0,0,0,0,0
"06085","5","6223","76","0","2023","A","N",4,0,0,0,0,0,0,"N",0.25,0,0,0,0,0,0,"N",0,0.0,0,0,0,0,0,0,0,0,0,0,0,0
"06085","5","62231","77","0","2023","A","N",4,0,0,0,0,0,0,"N",0.25,0,0,0,0,0,0,"N",0,0.0,0,0,0,0,0,0,0,0,0,0,0,0
"06085","5","622310","78","0","2023","A","N",4,0,0,0,0,0,0,"N",0.25,0,0,0,0,0,0,"N",0,0.0,0,0,0,0,0,0,0,0,0,0,0,0
"06085","5","623","75","0","2023","A","",389,13385,782023105,106209841,2550476,1124,58425,"",0.65,0.58,0.32,0.61,0.59,0.55,0.55,"",6,1.6,602,4.7,67185853,9.4,3634288,3.5,181182,7.6,49,4.6,2506,4.5
"06085","5","6231","76","0","2023","A","",65,5164,320861756,49100156,1018269,1195,62132,"",0.49,0.50,0.27,0.56,0.49,0.55,0.55,"",-3,-4.4,280,5.7,27591111,9.4,173261,0.4,-46052,-4.3,40,3.5,2089,3.5
"06085","5","62311","77","0","2023","A","",65,5164,320861756,49100156,1018269,1195,62132,"",0.49,0.50,0.27,0.56,0.49,0.55,0.55,"",-3,-4.4,280,5.7,27591111,9.4,173261,0.4,-46052,-4.3,40,3.5,2089,3.5
"06085","5","623110","78","0","2023","A","",65,5164,320861756,49100156,1018269,1195,62132,"",0.49,0.50,0.27,0.56,0.49,0.55,0.55,"",-3,-4.4,280,5.7,27591111,9.4,173261,0.4,-46052,-4.3,40,3.5,2089,3.5
"06085","5","6232","76","0","2023","A","",102,2644,172065727,18066320,567487,1251,65074,"",0.45,0.57,0.34,0.69,0.87,0.60,0.60,"",6,6.2,234,9.7,25127463,17.1,2016458,12.6,133001,30.6,79,6.7,4114,6.7
"06085","5","62321","77","0","2023","A","",68,1612,96532985,10458237,306302,1151,59875,"",0.42,0.58,0.34,0.73,1.00,0.59,0.59,"",4,6.2,202,14.3,17980121,22.9,1815687,21.0,95663,45.4,80,7.5,4157,7.5
"06085","5","623210","78","0","2023","A","",68,1612,96532985,10458237,306302,1151,59875,"",0.42,0.58,0.34,0.73,1.00,0.59,0.59,"",4,6.2,202,14.3,17980121,22.9,1815687,21.0,95663,45.4,80,7.5,4157,7.5
"06085","5","62322","77","0","2023","A","",34,1032,75532742,7608083,261185,1408,73197,"",0.52,0.57,0.35,0.64,0.75,0.61,0.61,"",2,6.2,31,3.1,7147342,10.5,200771,2.7,37338,16.7,94,7.2,4851,7.1
"06085","5","623220","78","0","2023","A","",34,1032,75532742,7608083,261185,1408,73197,"",0.52,0.57,0.35,0.64,0.75,0.61,0.61,"",2,6.2,31,3.1,7147342,10.5,200771,2.7,37338,16.7,94,7.2,4851,7.1
"06085","5","6233","76","0","2023","A","",194,5347,278379753,37530708,922536,1001,52064,"",1.01,0.77,0.43,0.68,0.67,0.56,0.56,"",1,0.5,68,1.3,12704950,4.8,1179371,3.2,86515,10.3,33,3.4,1735,3.4
"06085","5","62331","77","0","2023","A","",194,5347,278379753,37530708,922536,1001,52064,"",1.01,0.77,0.43,0.68,0.67,0.56,0.56,"",1,0.5,68,1.3,12704950,4.8,1179371,3.2,86515,10.3,33,3.4,1735,3.4
"06085","5","623311","78","0","2023","A","",28,2739,164079338,11627637,242664,1152,59910,"",0.58,0.80,0.49,0.52,0.47,0.62,0.62,"",-2,-6.7,8,0.3,8318944,5.3,558439,5.0,6809,2.9,55,5.0,2883,5.1
"06085","5","623312","78","0","2023","A","",166,2608,114300415,25903071,679872,843,43824,"",1.15,0.75,0.37,0.80,0.78,0.50,0.49,"",4,2.5,61,2.4,4386006,4.0,620932,2.5,79706,13.3,13,1.6,677,1.6
"06085","5","6239","76","0","2023","A","",29,230,10715869,1512657,42184,897,46641,"",0.59,0.20,0.08,0.21,0.24,0.43,0.43,"",2,7.4,20,9.5,1762329,19.7,265198,21.3,7718,22.4,76,9.3,3971,9.3
"06085","5","62399","77","0","2023","A","",29,230,10715869,1512657,42184,897,46641,"",0.59,0.20,0.08,0.21,0.24,0.43,0.43,"",2,7.4,20,9.5,1762329,19.7,265198,21.3,7718,22.4,76,9.3,3971,9.3
"06085","5","623990","78","0","2023","A","",29,230,10715869,1512657,42184,897,46641,"",0.59,0.20,0.08,0.21,0.24,0.43,0.43,"",2,7.4,20,9.5,1762329,19.7,265198,21.3,7718,22.4,76,9.3,3971,9.3
"06085","5","624","75","0","2023","A","",26694,44768,1453749918,331407369,9121297,624,32473,"",3.69,1.39,0.57,1.50,1.31,0.41,0.41,"",1458,5.8,1470,3.4,155321761,12.0,11445216,3.6,310860,3.5,47,8.1,2485,8.3
"06085","5","6241","76","0","2023","A","",25850,36420,1014232532,267290133,7430139,536,27848,"",3.94,1.69,0.62,1.87,1.54,0.37,0.37,"",1431,5.9,804,2.3,94580698,10.3,6281637,2.4,240527,3.3,39,7.8,2027,7.9
"06085","5","62411","77","0","2023","A","",68,1544,92546153,8700838,227785,1153,59946,"",0.74,0.95,0.53,1.00,0.88,0.56,0.56,"",3,4.6,150,10.8,12404057,15.5,941768,12.1,18782,9.0,47,4.2,2445,4.3
"06085","5","624110","78","0","2023","A","",68,1544,92546153,8700838,227785,1153,59946,"",0.74,0.95,0.53,1.00,0.88,0.56,0.56,"",3,4.6,150,10.8,12404057,15.5,941768,12.1,18782,9.0,47,4.2,2445,4.3
"06085","5","62412","77","0","2023","A","",25617,32789,800611370,246094263,6837285,470,24417,"",4.14,2.01,0.77,2.24,1.83,0.38,0.38,"",1425,5.9,566,1.8,70809273,9.7,4284647,1.8,198415,3.0,34,7.8,1768,7.8
"06085","5","624120","78","0","2023","A","",25617,32789,800611370,246094263,6837285,470,24417,"",4.14,2.01,0.77,2.24,1.83,0.38,0.38,"",1425,5.9,566,1.8,70809273,9.7,4284647,1.8,198415,3.0,34,7.8,1768,7.8
"06085","5","62419","77","0","2023","A","",165,2088,121075009,12495032,365069,1115,57995,"",0.58,0.57,0.28,0.50,0.45,0.49,0.49,"",3,1.9,88,4.4,11367368,10.4,1055222,9.2,23330,6.8,60,5.7,3139,5.7
"06085","5","624190","78","0","2023","A","",165,2088,121075009,12495032,365069,1115,57995,"",0.58,0.57,0.28,0.50,0.45,0.49,0.49,"",3,1.9,88,4.4,11367368,10.4,1055222,9.2,23330,6.8,60,5.7,3139,5.7
"06085","5","6242","76","0","2023","A","",73,1366,96240849,7857410,317120,1355,70476,"",0.77,0.85,0.48,0.78,0.97,0.56,0.56,"",4,5.8,66,5.1,9270620,10.7,182030,2.4,9278,3.0,68,5.3,3572,5.3
"06085","5","62421","77","0","2023","A","",17,426,34762370,1381334,41073,1569,81586,"",0.64,1.23,0.88,0.60,0.63,0.72,0.72,"",0,0.0,6,1.4,1218912,3.6,-2017,-0.1,5361,15.0,33,2.1,1721,2.2
"06085","5","624210","78","0","2023","A","",17,426,34762370,1381334,41073,1569,81586,"",0.64,1.23,0.88,0.60,0.63,0.72,0.72,"",0,0.0,6,1.4,1218912,3.6,-2017,-0.1,5361,15.0,33,2.1,1721,2.2
"06085","5","62422","77","0","2023","A","",48,896,58771829,6287433,268807,1262,65630,"",0.93,0.90,0.49,0.98,1.24,0.55,0.55,"",4,9.1,52,6.2,7763886,15.2,110725,1.8,741,0.3,100,8.6,5182,8.6
"06085","5","624221","78","0","2023","A","",20,512,32115150,3268085,159796,1206,62725,"",0.71,0.79,0.45,0.83,1.25,0.57,0.57,"",0,0.0,67,15.1,5776449,21.9,673165,25.9,30636,23.7,67,5.9,3481,5.9
"06085","5","624229","78","0","2023","A","",28,384,26656679,3019348,109011,1337,69509,"",1.21,1.12,0.55,1.19,1.22,0.49,0.49,"",5,21.7,-15,-3.8,1987437,8.1,-562440,-15.7,-29895,-21.5,149,12.5,7720,12.5
"06085","5","62423","77","0","2023","A","",8,44,2706650,188643,7240,1183,61515,"",0.47,0.17,0.06,0.14,0.16,0.38,0.38,"",0,0.0,8,22.2,287822,11.9,73322,63.6,3176,78.1,-106,-8.2,-5519,-8.2
"06085","5","624230","78","0","2023","A","",8,44,2706650,188643,7240,1183,61515,"",0.47,0.17,0.06,0.14,0.16,0.38,0.38,"",0,0.0,8,22.2,287822,11.9,73322,63.6,3176,78.1,-106,-8.2,-5519,-8.2
"06085","5","6243","76","0","2023","A","",29,1058,52245384,1224153,50880,950,49385,"",0.45,0.51,0.28,0.15,0.24,0.54,0.54,"",-2,-6.5,34,3.3,3489312,7.2,100664,9.0,8209,19.2,34,3.7,1752,3.7
"06085","5","62431","77","0","2023","A","",29,1058,52245384,1224153,50880,950,49385,"",0.45,0.51,0.28,0.15,0.24,0.54,0.54,"",-2,-6.5,34,3.3,3489312,7.2,100664,9.0,8209,19.2,34,3.7,1752,3.7
"06085","5","624310","78","0","2023","A","",29,1058,52245384,1224153,50880,950,49385,"",0.45,0.51,0.28,0.15,0.24,0.54,0.54,"",-2,-6.5,34,3.3,3489312,7.2,100664,9.0,8209,19.2,34,3.7,1752,3.7
"06085","5","6244","76","0","2023","A","",742,5925,291031153,55035673,1323158,945,49122,"",1.42,0.85,0.54,0.93,0.82,0.64,0.64,"",24,3.3,567,10.6,47981131,19.7,4880885,9.7,52846,4.2,73,8.4,3760,8.3
"06085","5","62441","77","0","2023","A","",742,5925,291031153,55035673,1323158,945,49122,"",1.42,0.85,0.54,0.93,0.82,0.64,0.64,"",24,3.3,567,10.6,47981131,19.7,4880885,9.7,52846,4.2,73,8.4,3760,8.3
"06085","5","624410","78","0","2023","A","",742,5925,291031153,55035673,1323158,945,49122,"",1.42,0.85,0.54,0.93,0.82,0.64,0.64,"",24,3.3,567,10.6,47981131,19.7,4880885,9.7,52846,4.2,73,8.4,3760,8.3
"06085","5","71","74","0","2023","A","",700,17739,1122885295,149431640,3379586,1217,63302,"",0.58,0.98,0.52,1.12,0.74,0.53,0.53,"",6,0.9,2093,13.4,111391119,11.0,22965510,18.2,9542,0.3,-26,-2.1,-1347,-2.1
"06085","5","711","75","0","2023","A","",192,3723,636429078,36327474,1001001,3288,170953,"",0.37,0.95,0.59,1.08,0.77,0.62,0.62,"",-3,-1.5,40,1.1,50552280,8.6,138687,0.4,-142238,-12.4,228,7.5,11855,7.5
"06085","5","7111","76","0","2023","A","",56,554,22053954,5446919,170512,765,39791,"",0.66,0.59,0.16,0.68,0.41,0.27,0.27,"",4,7.7,-15,-2.6,-203079,-0.9,-539927,-9.0,-49202,-22.4,13,1.7,686,1.8
"06085","5","71111","77","0","2023","A","",20,379,9481630,3641768,89379,481,24990,"",0.74,0.74,0.17,0.81,0.37,0.23,0.23,"",2,11.1,13,3.6,-738651,-7.2,-438690,-10.8,-43448,-32.7,-57,-10.6,-2972,-10.6
"06085","5","711110","78","0","2023","A","",20,379,9481630,3641768,89379,481,24990,"",0.74,0.74,0.17,0.81,0.37,0.23,0.23,"",2,11.1,13,3.6,-738651,-7.2,-438690,-10.8,-43448,-32.7,-57,-10.6,-2972,-10.6
"06085","5","71112","77","0","2023","A","",5,7,506113,84825,2378,1342,69809,"",0.52,0.07,0.05,0.10,0.04,0.70,0.70,"N",0,0.0,0,0,0,0,0,0,0,0,0,0,0,0
"06085","5","711120","78","0","2023","A","",5,7,506113,84825,2378,1342,69809,"",0.52,0.07,0.05,0.10,0.04,0.70,0.70,"N",0,0.0,0,0,0,0,0,0,0,0,0,0,0,0
"06085","5","71113","77","0","2023","A","",26,136,8215100,1685326,77766,1160,60294,"",0.66,0.51,0.13,0.89,0.89,0.25,0.25,"",1,4.0,-12,-8.1,603105,7.9,-72687,-4.1,-4163,-5.1,169,17.1,8775,17.0
"06085","5","711130","78","0","2023","A","",26,136,8215100,1685326,77766,1160,60294,"",0.66,0.51,0.13,0.89,0.89,0.25,0.25,"",1,4.0,-12,-8.1,603105,7.9,-72687,-4.1,-4163,-5.1,169,17.1,8775,17.0
"06085","5","71119","77","0","2023","A","",4,31,3851111,35000,989,2364,122908,"",0.47,0.48,0.42,0.05,0.03,0.85,0.85,"N",0,0.0,0,0,0,0,0,0,0,0,0,0,0,0
"06085","5","711190","78","0","2023","A","",4,31,3851111,35000,989,2364,122908,"",0.47,0.48,0.42,0.05,0.03,0.85,0.85,"N",0,0.0,0,0,0,0,0,0,0,0,0,0,0,0
"06085","5","7112","76","0","2023","A","",29,703,402546426,7228589,144881,11017,572884,"",0.52,0.62,0.72,0.70,0.50,1.17,1.17,"",0,0.0,39,5.9,72557942,22.0,353557,5.1,-9024,-5.9,1453,15.2,75539,15.2
"06085","5","71121","77","0","2023","A","",29,703,402546426,7228589,144881,11017,572884,"",0.52,0.62,0.72,0.70,0.50,1.17,1.17,"",0,0.0,39,5.9,72557942,22.0,353557,5.1,-9024,-5.9,1453,15.2,75539,15.2
"06085","5","711211","78","0","2023","A","",14,628,398343800,6577165,130935,12197,634221,"",0.60,0.79,0.78,0.91,0.66,0.99,0.99,"",-1,-6.7,32,5.4,72525703,22.3,337248,5.4,-7982,-5.7,1678,16.0,87240,15.9
"06085","5","711212","78","0","2023","A","N",1,0,0,0,0,0,0,"N",0.19,0,0,0,0,0,0,"N",0,0.0,0,0,0,0,0,0,0,0,0,0,0,0
"06085","5","711219","78","0","2023","A","N",14,0,0,0,0,0,0,"N",0.51,0,0,0,0,0,0,"N",1,7.7,0,0,0,0,0,0,0,0,0,0,0,0
"06085","5","7113","76","0","2023","A","",23,2166,180869093,20540558,586392,1606,83523,"",0.32,1.81,1.17,2.20,1.63,0.65,0.65,"",1,4.5,158,7.9,814130,0.5,2141793,11.6,-22873,-3.8,-119,-6.9,-6153,-6.9
"06085","5","71131","77","0","2023","A","",13,2116,178447544,19673324,539367,1622,84332,"",0.42,2.33,1.67,2.99,2.05,0.72,0.72,"",0,0.0,174,9.0,1491808,0.8,2236918,12.8,-26779,-4.7,-130,-7.4,-6773,-7.4
"06085","5","711310","78","0","2023","A","",13,2116,178447544,19673324,539367,1622,84332,"",0.42,2.33,1.67,2.99,2.05,0.72,0.72,"",0,0.0,174,9.0,1491808,0.8,2236918,12.8,-26779,-4.7,-130,-7.4,-6773,-7.4
"06085","5","71132","77","0","2023","A","",10,50,2421549,867234,47025,941,48920,"",0.24,0.17,0.05,0.32,0.48,0.30,0.30,"",0,0.0,-16,-24.2,-677678,-21.9,-95125,-9.9,3906,9.1,31,3.4,1604,3.4
"06085","5","711320","78","0","2023","A","",10,50,2421549,867234,47025,941,48920,"",0.24,0.17,0.05,0.32,0.48,0.30,0.30,"",0,0.0,-16,-24.2,-677678,-21.9,-95125,-9.9,3906,9.1,31,3.4,1604,3.4
"06085","5","7114","76","0","2023","A","",16,136,17730079,1476478,45249,2516,130849,"",0.36,0.63,0.26,0.86,0.56,0.41,0.41,"",-1,-5.9,-37,-21.4,-7136064,-28.7,-245669,-14.3,-3850,-7.8,-241,-8.7,-12541,-8.7
"06085","5","71141","77","0","2023","A","",16,136,17730079,1476478,45249,2516,130849,"",0.36,0.63,0.26,0.86,0.56,0.41,0.41,"",-1,-5.9,-37,-21.4,-7136064,-28.7,-245669,-14.3,-3850,-7.8,-241,-8.7,-12541,-8.7
"06085","5","711410","78","0","2023","A","",16,136,17730079,1476478,45249,2516,130849,"",0.36,0.63,0.26,0.86,0.56,0.41,0.41,"",-1,-5.9,-37,-21.4,-7136064,-28.7,-245669,-14.3,-3850,-7.8,-241,-8.7,-12541,-8.7
"06085","5","7115","76","0","2023","A","",69,165,13229526,1634930,53967,1543,80219,"",0.26,0.38,0.08,0.39,0.34,0.22,0.22,"",-7,-9.2,-104,-38.7,-15480649,-53.9,-1571067,-49.0,-57289,-51.5,-513,-25.0,-26676,-25.0
"06085","5","71151","77","0","2023","A","",69,165,13229526,1634930,53967,1543,80219,"",0.26,0.38,0.08,0.39,0.34,0.22,0.22,"",-7,-9.2,-104,-38.7,-15480649,-53.9,-1571067,-49.0,-57289,-51.5,-513,-25.0,-26676,-25.0
"06085","5","711510","78","0","2023","A","",69,165,13229526,1634930,53967,1543,80219,"",0.26,0.38,0.08,0.39,0.34,0.22,0.22,"",-7,-9.2,-104,-38.7,-15480649,-53.9,-1571067,-49.0,-57289,-51.5,-513,-25.0,-26676,-25.0
"06085","5","712","75","0","2023","A","",25,505,31092444,2671306,68845,1184,61579,"",0.49,0.40,0.23,0.44,0.43,0.56,0.56,"",0,0.0,53,11.7,3735632,13.7,296258,12.5,-1935,-2.7,21,1.8,1077,1.8
"06085","5","7121","76","0","2023","A","",25,505,31092444,2671306,68845,1184,61579,"",0.49,0.40,0.23,0.44,0.43,0.56,0.56,"",0,0.0,53,11.7,3735632,13.7,296258,12.5,-1935,-2.7,21,1.8,1077,1.8
"06085","5","71211","77","0","2023","A","",20,377,26277391,1465436,37380,1340,69671,"",0.58,0.53,0.31,0.44,0.39,0.59,0.59,"",0,0.0,34,9.9,2961240,12.7,14666,1.0,-2916,-7.2,34,2.6,1776,2.6
"06085","5","712110","78","0","2023","A","",20,377,26277391,1465436,37380,1340,69671,"",0.58,0.53,0.31,0.44,0.39,0.59,0.59,"",0,0.0,34,9.9,2961240,12.7,14666,1.0,-2916,-7.2,34,2.6,1776,2.6
"06085","5","71212","77","0","2023","A","N",2,0,0,0,0,0,0,"N",0.44,0,0,0,0,0,0,"N",0,0.0,0,0,0,0,0,0,0,0,0,0,0,0
"06085","5","712120","78","0","2023","A","N",2,0,0,0,0,0,0,"N",0.44,0,0,0,0,0,0,"N",0,0.0,0,0,0,0,0,0,0,0,0,0,0,0
"06085","5","71213","77","0","2023","A","N",2,0,0,0,0,0,0,"N",0.34,0,0,0,0,0,0,"N",0,0.0,0,0,0,0,0,0,0,0,0,0,0,0
"06085","5","712130","78","0","2023","A","N",2,0,0,0,0,0,0,"N",0.34,0,0,0,0,0,0,"N",0,0.0,0,0,0,0,0,0,0,0,0,0,0,0
"06085","5","71219","77","0","2023","A","N",1,0,0,0,0,0,0,"N",0.16,0,0,0,0,0,0,"N",0,0.0,0,0,0,0,0,0,0,0,0,0,0,0
"06085","5","712190","78","0","2023","A","N",1,0,0,0,0,0,0,"N",0.16,0,0,0,0,0,0,"N",0,0.0,0,0,0,0,0,0,0,0,0,0,0,0
"06085","5","713","75","0","2023","A","",483,13511,455363773,110432860,2309740,648,33704,"",0.76,1.04,0.49,1.17,0.74,0.47,0.47,"",9,1.9,2000,17.4,57103207,14.3,22530565,25.6,153715,7.1,-17,-2.6,-893,-2.6
"06085","5","7131","76","0","2023","A","",21,3622,99211743,33374582,616169,527,27394,"",0.78,2.10,0.69,3.03,2.38,0.33,0.33,"",1,5.0,942,35.1,27393660,38.1,17724534,113.3,232231,60.5,12,2.3,599,2.2
"06085","5","71311","77","0","2023","A","N",6,0,0,0,0,0,0,"N",0.70,0,0,0,0,0,0,"N",0,0.0,0,0,0,0,0,0,0,0,0,0,0,0
"06085","5","713110","78","0","2023","A","N",6,0,0,0,0,0,0,"N",0.70,0,0,0,0,0,0,"N",0,0.0,0,0,0,0,0,0,0,0,0,0,0,0
"06085","5","71312","77","0","2023","A","N",15,0,0,0,0,0,0,"N",0.82,0,0,0,0,0,0,"N",1,7.1,0,0,0,0,0,0,0,0,0,0,0,0
"06085","5","713120","78","0","2023","A","N",15,0,0,0,0,0,0,"N",0.82,0,0,0,0,0,0,"N",1,7.1,0,0,0,0,0,0,0,0,0,0,0,0
"06085","5","7132","76","0","2023","A","",10,1414,91672828,12290029,282817,1247,64832,"",0.36,1.66,0.90,1.43,1.00,0.54,0.54,"",1,11.1,276,24.3,19396379,26.8,2692591,28.1,24083,9.3,26,2.1,1339,2.1
"06085","5","71321","77","0","2023","A","N",1,0,0,0,0,0,0,"N",0.34,0,0,0,0,0,0,"N",0,0.0,0,0,0,0,0,0,0,0,0,0,0,0
"06085","5","713210","78","0","2023","A","N",1,0,0,0,0,0,0,"N",0.34,0,0,0,0,0,0,"N",0,0.0,0,0,0,0,0,0,0,0,0,0,0,0
"06085","5","71329","77","0","2023","A","N",9,0,0,0,0,0,0,"N",0.36,0,0,0,0,0,0,"N",1,12.5,0,0,0,0,0,0,0,0,0,0,0,0
"06085","5","713290","78","0","2023","A","N",9,0,0,0,0,0,0,"N",0.36,0,0,0,0,0,0,"N",1,12.5,0,0,0,0,0,0,0,0,0,0,0,0
"06085","5","7139","76","0","2023","A","",452,8475,264479202,64768249,1410754,600,31206,"",0.77,0.81,0.38,0.87,0.55,0.47,0.47,"",7,1.6,782,10.2,10313168,4.1,2113440,3.4,-102599,-6.8,-35,-5.5,-1834,-5.6
"06085","5","71391","77","0","2023","A","",24,1528,70924969,13416320,233941,893,46427,"",0.32,0.51,0.28,0.55,0.22,0.56,0.56,"",-1,-4.0,-22,-1.4,139254,0.2,-1768417,-11.6,-95842,-29.1,15,1.7,754,1.7
"06085","5","713910","78","0","2023","A","",24,1528,70924969,13416320,233941,893,46427,"",0.32,0.51,0.28,0.55,0.22,0.56,0.56,"",-1,-4.0,-22,-1.4,139254,0.2,-1768417,-11.6,-95842,-29.1,15,1.7,754,1.7
"06085","5","71393","77","0","2023","A","N",1,0,0,0,0,0,0,"N",0.04,0,0,0,0,0,0,"N",0,0.0,0,0,0,0,0,0,0,0,0,0,0,0
"06085","5","713930","78","0","2023","A","N",1,0,0,0,0,0,0,"N",0.04,0,0,0,0,0,0,"N",0,0.0,0,0,0,0,0,0,0,0,0,0,0,0
"06085","5","71394","77","0","2023","A","",335,5295,143040791,37256634,851976,519,27012,"",1.14,1.17,0.61,1.42,1.14,0.52,0.52,"",3,0.9,579,12.3,3559843,2.6,2506217,7.2,-14266,-1.6,-50,-8.8,-2565,-8.7
"06085","5","713940","78","0","2023","A","",335,5295,143040791,37256634,851976,519,27012,"",1.14,1.17,0.61,1.42,1.14,0.52,0.52,"",3,0.9,579,12.3,3559843,2.6,2506217,7.2,-14266,-1.6,-50,-8.8,-2565,-8.7
"06085","5","71395","77","0","2023","A","N",7,0,0,0,0,0,0,"N",0.30,0,0,0,0,0,0,"N",1,16.7,0,0,0,0,0,0,0,0,0,0,0,0
"06085","5","713950","78","0","2023","A","N",7,0,0,0,0,0,0,"N",0.30,0,0,0,0,0,0,"N",1,16.7,0,0,0,0,0,0,0,0,0,0,0,0
"06085","5","71399","77","0","2023","A","",86,1372,40590814,11464406,273552,569,29582,"",0.53,0.79,0.35,0.84,0.66,0.44,0.44,"",4,4.9,174,14.5,4850305,13.6,998832,9.5,14681,5.7,-5,-0.9,-262,-0.9
"06085","5","713990","78","0","2023","A","",86,1372,40590814,11464406,273552,569,29582,"",0.53,0.79,0.35,0.84,0.66,0.44,0.44,"",4,4.9,174,14.5,4850305,13.6,998832,9.5,14681,5.7,-5,-0.9,-262,-0.9
"06085","5","72","74","0","2023","A","",4932,82237,3110001852,786813941,18895166,727,37818,"",0.94,0.81,0.44,0.92,0.83,0.55,0.55,"",159,3.3,3152,4.0,252939950,8.9,16221619,2.1,-683648,-3.5,32,4.6,1691,4.7
"06085","5","721","75","0","2023","A","",302,7440,366143314,70818148,1636947,946,49214,"",0.58,0.54,0.27,0.49,0.39,0.49,0.49,"",-6,-1.9,717,10.7,47809874,15.0,2407125,3.5,-85622,-5.0,35,3.8,1865,3.9
"06085","5","7211","76","0","2023","A","",277,7260,357547835,69030306,1573004,947,49247,"",0.62,0.56,0.27,0.49,0.39,0.49,0.49,"",-6,-2.1,728,11.1,48502512,15.7,2305909,3.5,-103265,-6.2,37,4.1,1934,4.1
"06085","5","72111","77","0","2023","A","",271,7218,355755103,68671179,1565478,948,49290,"",0.66,0.65,0.33,0.65,0.47,0.50,0.50,"N",-8,-2.9,0,0,0,0,0,0,0,0,0,0,0,0
"06085","5","721110","78","0","2023","A","",271,7218,355755103,68671179,1565478,948,49290,"",0.66,0.65,0.33,0.65,0.47,0.50,0.50,"N",-8,-2.9,0,0,0,0,0,0,0,0,0,0,0,0
"06085","5","72119","77","0","2023","A","",6,43,1792732,359127,7526,808,42017,"",0.16,0.19,0.08,0.16,0.10,0.45,0.45,"N",2,50.0,0,0,0,0,0,0,0,0,0,0,0,0
"06085","5","721191","78","0","2023","A","N",4,0,0,0,0,0,0,"N",0.24,0,0,0,0,0,0,"N",2,100.0,0,0,0,0,0,0,0,0,0,0,0,0
"06085","5","721199","78","0","2023","A","N",2,0,0,0,0,0,0,"N",0.10,0,0,0,0,0,0,"N",0,0.0,0,0,0,0,0,0,0,0,0,0,0,0
"06085","5","7212","76","0","2023","A","",19,173,8319462,1694510,60627,927,48229,"",0.32,0.31,0.19,0.36,0.38,0.62,0.62,"",2,11.8,16,10.2,339248,4.3,305376,22.0,22193,57.7,-52,-5.3,-2654,-5.2
"06085","5","72121","77","0","2023","A","",19,173,8319462,1694510,60627,927,48229,"",0.32,0.31,0.19,0.36,0.38,0.62,0.62,"",2,11.8,16,10.2,339248,4.3,305376,22.0,22193,57.7,-52,-5.3,-2654,-5.2
"06085","5","721211","78","0","2023","A","",8,41,3056882,394492,15804,1446,75169,"",0.22,0.15,0.16,0.17,0.17,1.04,1.04,"",0,0.0,-3,-6.8,38953,1.3,-23866,-5.7,-1175,-6.9,139,10.6,7223,10.6
"06085","5","721214","78","0","2023","A","",11,132,5262580,1300018,44823,768,39918,"",0.50,0.47,0.23,0.56,0.67,0.48,0.48,"",2,22.2,20,17.9,300295,6.1,329242,33.9,23368,108.9,-81,-9.5,-4224,-9.6
"06085","5","7213","76","0","2023","A","",7,7,276017,93332,3316,749,38967,"",0.57,0.09,0.04,0.14,0.13,0.42,0.42,"",-2,-22.2,-27,-79.4,-1031886,-78.9,-204160,-68.6,-4550,-57.8,16,2.2,873,2.3
"06085","5","72131","77","0","2023","A","",7,7,276017,93332,3316,749,38967,"",0.57,0.09,0.04,0.14,0.13,0.42,0.42,"",-2,-22.2,-27,-79.4,-1031886,-78.9,-204160,-68.6,-4550,-57.8,16,2.2,873,2.3
"06085","5","721310","78","0","2023","A","",7,7,276017,93332,3316,749,38967,"",0.57,0.09,0.04,0.14,0.13,0.42,0.42,"",-2,-22.2,-27,-79.4,-1031886,-78.9,-204160,-68.6,-4550,-57.8,16,2.2,873,2.3
"06085","5","722","75","0","2023","A","",4629,74797,2743858538,715995793,17258219,705,36684,"",0.98,0.85,0.48,1.00,0.93,0.57,0.57,"",163,3.6,2436,3.4,205130076,8.1,13814494,2.0,-598026,-3.3,30,4.4,1600,4.6
"06085","5","7223","76","0","2023","A","",590,8926,482596574,92519227,3062272,1040,54068,"",1.77,1.68,1.05,1.92,1.26,0.63,0.63,"",83,16.4,347,4.0,37158111,8.3,5608815,6.5,-241449,-7.3,42,4.2,2146,4.1
"06085","5","72231","77","0","2023","A","",443,7686,431785610,80165802,2745722,1080,56180,"",2.63,2.02,1.25,2.25,1.39,0.62,0.62,"",66,17.5,245,3.3,52330011,13.8,4491430,5.9,-250018,-8.3,99,10.1,5181,10.2
"06085","5","722310","78","0","2023","A","",443,7686,431785610,80165802,2745722,1080,56180,"",2.63,2.02,1.25,2.25,1.39,0.62,0.62,"",66,17.5,245,3.3,52330011,13.8,4491430,5.9,-250018,-8.3,99,10.1,5181,10.2
"06085","5","72232","77","0","2023","A","",100,1015,42195124,9944392,241451,799,41565,"",1.10,0.85,0.44,1.00,0.66,0.52,0.52,"",9,9.9,64,6.7,-16292665,-27.9,733710,8.0,-4661,-1.9,-384,-32.5,-19953,-32.4
"06085","5","722320","78","0","2023","A","",100,1015,42195124,9944392,241451,799,41565,"",1.10,0.85,0.44,1.00,0.66,0.52,0.52,"",9,9.9,64,6.7,-16292665,-27.9,733710,8.0,-4661,-1.9,-384,-32.5,-19953,-32.4
"06085","5","72233","77","0","2023","A","",48,225,8615840,2409033,75099,737,38335,"",0.66,0.76,0.47,0.95,0.85,0.61,0.61,"",8,20.0,37,19.7,1120765,15.0,383675,18.9,13230,21.4,-31,-4.0,-1586,-4.0
"06085","5","722330","78","0","2023","A","",48,225,8615840,2409033,75099,737,38335,"",0.66,0.76,0.47,0.95,0.85,0.61,0.61,"",8,20.0,37,19.7,1120765,15.0,383675,18.9,13230,21.4,-31,-4.0,-1586,-4.0
"06085","5","7224","76","0","2023","A","",119,1496,43218024,13238491,296796,555,28886,"",0.42,0.49,0.23,0.53,0.41,0.46,0.46,"",9,8.2,85,6.0,2999283,7.5,757665,6.1,-19199,-6.1,7,1.3,382,1.3
"06085","5","72241","77","0","2023","A","",119,1496,43218024,13238491,296796,555,28886,"",0.42,0.49,0.23,0.53,0.41,0.46,0.46,"",9,8.2,85,6.0,2999283,7.5,757665,6.1,-19199,-6.1,7,1.3,382,1.3
"06085","5","722410","78","0","2023","A","",119,1496,43218024,13238491,296796,555,28886,"",0.42,0.49,0.23,0.53,0.41,0.46,0.46,"",9,8.2,85,6.0,2999283,7.5,757665,6.1,-19199,-6.1,7,1.3,382,1.3
"06085","5","7225","76","0","2023","A","",3921,64375,2218043940,610238075,13899151,663,34455,"",0.96,0.80,0.44,0.95,0.90,0.55,0.55,"",72,1.9,2004,3.2,164972682,8.0,7448014,1.2,-337378,-2.4,30,4.7,1538,4.7
"06085","5","72251","77","0","2023","A","",3921,64375,2218043940,610238075,13899151,663,34455,"",0.96,0.80,0.44,0.95,0.90,0.55,0.55,"",72,1.9,2004,3.2,164972682,8.0,7448014,1.2,-337378,-2.4,30,4.7,1538,4.7
"06085","5","722511","78","0","2023","A","",1660,31426,1234688590,305379241,7130934,756,39289,"",0.95,0.81,0.44,0.92,0.84,0.55,0.55,"",5,0.3,1416,4.7,93493664,8.2,1554622,0.5,-286064,-3.9,25,3.4,1262,3.3
"06085","5","722513","78","0","2023","A","",1524,24115,746832729,223691171,4836718,596,30970,"",0.86,0.72,0.41,0.89,0.89,0.57,0.57,"",50,3.4,642,2.7,57459189,8.3,1858363,0.8,-50518,-1.0,31,5.5,1601,5.5
"06085","5","722514","78","0","2023","A","",37,333,14629991,3112092,87411,844,43912,"",1.05,0.60,0.42,0.76,0.93,0.70,0.70,"",0,0.0,28,9.2,1955178,15.4,-167400,-5.1,-20316,-18.9,45,5.6,2344,5.6
"06085","5","722515","78","0","2023","A","",700,8501,221892630,78055571,1844088,502,26101,"",1.31,1.23,0.58,1.50,1.36,0.47,0.47,"",17,2.5,-83,-1.0,12064651,5.7,4202429,5.7,19520,1.1,32,6.8,1656,6.8
"06085","5","81","74","0","2023","A","",5094,25078,1424536516,199054295,5366781,1092,56804,"",0.86,0.75,0.35,0.70,0.69,0.46,0.46,"",-64,-1.2,1151,4.8,135552690,10.5,1995163,1.0,-169807,-3.1,56,5.4,2932,5.4
"06085","5","811","75","0","2023","A","",1103,6583,432632745,61347132,1643883,1264,65723,"",0.67,0.63,0.29,0.57,0.58,0.47,0.47,"",-11,-1.0,-140,-2.1,16327858,3.9,-2399851,-3.8,-151028,-8.4,73,6.1,3801,6.1
"06085","5","8111","76","0","2023","A","",887,5368,334547831,50960271,1291185,1199,62327,"",0.77,0.72,0.36,0.69,0.70,0.50,0.50,"",2,0.2,-138,-2.5,14703190,4.6,-1640753,-3.1,-132125,-9.3,82,7.3,4239,7.3
"06085","5","81111","77","0","2023","A","",522,1809,111237517,16583579,450318,1183,61505,"",0.81,0.57,0.26,0.50,0.57,0.46,0.46,"",3,0.6,11,0.6,6582184,6.3,-55944,-0.3,-19617,-4.2,64,5.7,3304,5.7
"06085","5","811111","78","0","2023","A","",484,1699,105056080,15578270,424387,1189,61828,"",0.84,0.60,0.28,0.52,0.59,0.46,0.46,"",-1,-0.2,13,0.8,6778851,6.9,-330,0.0,-15270,-3.5,68,6.1,3538,6.1
"06085","5","811114","78","0","2023","A","",37,109,6181437,1005309,25931,1086,56494,"",0.53,0.33,0.14,0.31,0.35,0.43,0.43,"",3,8.8,-3,-2.7,-196667,-3.1,-55614,-5.2,-4347,-14.4,-8,-0.7,-369,-0.6
"06085","5","81112","77","0","2023","A","",202,1700,138535692,16844055,449188,1568,81512,"",0.71,0.79,0.42,0.74,0.78,0.53,0.53,"",-1,-0.5,74,4.6,14692430,11.9,252285,1.5,-40552,-8.3,103,7.0,5324,7.0
"06085","5","811121","78","0","2023","A","",174,1580,131695525,15732140,411374,1603,83334,"",0.73,0.85,0.45,0.80,0.83,0.53,0.53,"",1,0.6,84,5.6,14747446,12.6,325614,2.1,-32404,-7.3,99,6.6,5134,6.6
"06085","5","811122","78","0","2023","A","",28,119,6840167,1111915,37814,1103,57360,"",0.62,0.43,0.19,0.38,0.48,0.44,0.44,"",-2,-6.7,-11,-8.5,-55016,-0.8,-73329,-6.2,-8148,-17.7,83,8.1,4320,8.1
"06085","5","81119","77","0","2023","A","",164,1859,84774622,17532637,391679,877,45592,"",0.72,0.90,0.48,0.95,0.85,0.54,0.54,"",1,0.6,-224,-10.8,-6571424,-7.2,-1837094,-9.5,-71956,-15.5,34,4.0,1730,3.9
"06085","5","811191","78","0","2023","A","",34,295,11065107,2522399,63081,722,37519,"",0.65,0.56,0.22,0.48,0.51,0.39,0.39,"",1,3.0,35,13.5,809016,7.9,21477,0.9,-4558,-6.7,-36,-4.7,-1902,-4.8
"06085","5","811192","78","0","2023","A","",73,1065,45718306,10843355,211680,825,42911,"",0.57,0.80,0.45,0.98,0.75,0.57,0.57,"",4,5.8,-261,-19.7,-8916721,-16.3,-1763250,-14.0,-42604,-16.8,32,4.0,1695,4.1
"06085","5","811198","78","0","2023","A","",58,499,27991209,4166883,116918,1079,56085,"",1.19,2.33,1.07,2.05,2.11,0.46,0.46,"",-4,-6.5,2,0.4,1536281,5.8,-95321,-2.2,-24794,-17.5,55,5.4,2838,5.3
"06085","5","8112","76","0","2023","A","",76,505,43892352,4082541,155856,1671,86873,"",0.69,0.65,0.30,0.52,0.71,0.47,0.47,"",-5,-6.2,-23,-4.4,-708448,-1.6,-684703,-14.4,-12327,-7.3,48,3.0,2468,2.9
"06085","5","81121","77","0","2023","A","",76,505,43892352,4082541,155856,1671,86873,"",0.69,0.65,0.30,0.52,0.71,0.47,0.47,"",-5,-6.2,-23,-4.4,-708448,-1.6,-684703,-14.4,-12327,-7.3,48,3.0,2468,2.9
"06085","5","811210","78","0","2023","A","",76,505,43892352,4082541,155856,1671,86873,"",0.69,0.65,0.30,0.52,0.71,0.47,0.47,"",-5,-6.2,-23,-4.4,-708448,-1.6,-684703,-14.4,-12327,-7.3,48,3.0,2468,2.9
"06085","5","8113","76","0","2023","A","",55,454,41308610,3803465,131188,1751,91055,"",0.26,0.26,0.12,0.19,0.21,0.47,0.47,"",-1,-1.8,30,7.1,2169947,5.5,-29008,-0.8,2180,1.7,-26,-1.5,-1344,-1.5
"06085","5","81131","77","0","2023","A","",55,454,41308610,3803465,131188,1751,91055,"",0.26,0.26,0.12,0.19,0.21,0.47,0.47,"",-1,-1.8,30,7.1,2169947,5.5,-29008,-0.8,2180,1.7,-26,-1.5,-1344,-1.5
"06085","5","811310","78","0","2023","A","",55,454,41308610,3803465,131188,1751,91055,"",0.26,0.26,0.12,0.19,0.21,0.47,0.47,"",-1,-1.8,30,7.1,2169947,5.5,-29008,-0.8,2180,1.7,-26,-1.5,-1344,-1.5
"06085","5","8114","76","0","2023","A","",86,256,12883952,2500855,65654,967,50295,"",0.51,0.41,0.18,0.43,0.40,0.43,0.43,"",-6,-6.5,-9,-3.4,163169,1.3,-45387,-1.8,-8756,-11.8,43,4.7,2262,4.7
"06085","5","81141","77","0","2023","A","",38,128,6930053,1292903,36235,1040,54106,"",0.69,0.60,0.26,0.62,0.62,0.43,0.43,"",-1,-2.6,2,1.6,683008,10.9,58789,4.8,-1091,-2.9,85,8.9,4428,8.9
"06085","5","811411","78","0","2023","A","",4,16,573423,159327,3821,704,36601,"",0.29,0.38,0.13,0.39,0.29,0.35,0.35,"",0,0.0,-8,-33.3,-244124,-29.9,-92918,-36.8,-3332,-46.6,53,8.1,2771,8.2
"06085","5","811412","78","0","2023","A","",34,112,6356630,1133576,32414,1087,56545,"",0.82,0.65,0.28,0.67,0.71,0.44,0.44,"",-1,-2.9,10,9.8,927132,17.1,151707,15.5,2241,7.4,59,5.7,3096,5.8
"06085","5","81142","77","0","2023","A","N",13,0,0,0,0,0,0,"N",0.54,0,0,0,0,0,0,"N",-1,-7.1,0,0,0,0,0,0,0,0,0,0,0,0
"06085","5","811420","78","0","2023","A","N",13,0,0,0,0,0,0,"N",0.54,0,0,0,0,0,0,"N",-1,-7.1,0,0,0,0,0,0,0,0,0,0,0,0
"06085","5","81143","77","0","2023","A","N",2,0,0,0,0,0,0,"N",0.41,0,0,0,0,0,0,"N",-1,-33.3,0,0,0,0,0,0,0,0,0,0,0,0
"06085","5","811430","78","0","2023","A","N",2,0,0,0,0,0,0,"N",0.41,0,0,0,0,0,0,"N",-1,-33.3,0,0,0,0,0,0,0,0,0,0,0,0
"06085","5","81149","77","0","2023","A","",33,72,3030800,690349,17748,812,42241,"",0.39,0.24,0.09,0.25,0.22,0.37,0.37,"",-3,-8.3,2,2.9,169815,5.9,157432,29.5,5327,42.9,25,3.2,1321,3.2
"06085","5","811490","78","0","2023","A","",33,72,3030800,690349,17748,812,42241,"",0.39,0.24,0.09,0.25,0.22,0.37,0.37,"",-3,-8.3,2,2.9,169815,5.9,157432,29.5,5327,42.9,25,3.2,1321,3.2
"06085","5","812","75","0","2023","A","",1550,9001,370821270,80599196,2110776,792,41197,"",0.89,0.80,0.37,0.84,0.82,0.46,0.46,"",42,2.8,595,7.1,48234387,15.0,3858398,5.0,-33470,-1.6,54,7.3,2822,7.4
"06085","5","8121","76","0","2023","A","",1110,5675,170022719,50477020,1295130,576,29959,"",1.10,1.06,0.40,1.10,1.02,0.38,0.38,"",33,3.1,255,4.7,12637147,8.0,930497,1.9,-67203,-4.9,18,3.2,920,3.2
"06085","5","81211","77","0","2023","A","",916,4426,127331235,38446701,940763,553,28772,"",1.16,1.11,0.41,1.11,1.02,0.37,0.37,"",23,2.6,157,3.7,7848108,6.6,-38126,-0.1,-99554,-9.6,15,2.8,783,2.8
"06085","5","812111","78","0","2023","A","",26,100,3449397,992172,28261,661,34351,"",0.50,0.41,0.16,0.42,0.44,0.38,0.38,"",4,18.2,3,3.1,451747,15.1,94575,10.5,-1514,-5.1,68,11.5,3500,11.3
"06085","5","812112","78","0","2023","A","",566,2387,80839308,20652096,490364,651,33869,"",1.09,0.89,0.36,0.90,0.87,0.41,0.41,"",3,0.5,25,1.1,4314696,5.6,-553590,-2.6,-56643,-10.4,28,4.5,1473,4.5
"06085","5","812113","78","0","2023","A","",324,1938,43042530,16802433,422138,427,22207,"",1.47,1.80,0.63,1.83,1.42,0.35,0.35,"",16,5.2,128,7.1,3081665,7.7,420889,2.6,-41397,-8.9,2,0.5,125,0.6
"06085","5","81219","77","0","2023","A","",194,1250,42691484,12030319,354367,657,34160,"",0.88,0.93,0.38,1.05,1.04,0.41,0.41,"",10,5.4,99,8.6,4789039,12.6,968623,8.8,32351,10.0,24,3.8,1225,3.7
"06085","5","812191","78","0","2023","A","",7,29,2001718,219363,8284,1351,70236,"",0.37,0.33,0.20,0.33,0.46,0.61,0.61,"",-2,-22.2,-6,-17.1,197709,11.0,13984,6.8,1488,21.9,357,35.9,18570,35.9
"06085","5","812199","78","0","2023","A","",187,1221,40689766,11810956,346083,641,33318,"",0.93,0.97,0.40,1.09,1.07,0.41,0.41,"",12,6.9,105,9.4,4591330,12.7,954639,8.8,30863,9.8,19,3.1,969,3.0
"06085","5","8122","76","0","2023","A","",35,528,39252156,4771658,128367,1430,74341,"",0.29,0.53,0.34,0.60,0.68,0.64,0.64,"",1,2.9,35,7.1,1573506,4.2,416708,9.6,-174,-0.1,-39,-2.7,-2035,-2.7
"06085","5","81221","77","0","2023","A","",27,196,12359526,1647944,51505,1212,63032,"",0.29,0.25,0.14,0.27,0.45,0.56,0.56,"",2,8.0,40,25.6,1360476,12.4,405388,32.6,7392,16.8,-143,-10.6,-7437,-10.6
"06085","5","812210","78","0","2023","A","",27,196,12359526,1647944,51505,1212,63032,"",0.29,0.25,0.14,0.27,0.45,0.56,0.56,"",2,8.0,40,25.6,1360476,12.4,405388,32.6,7392,16.8,-143,-10.6,-7437,-10.6
"06085","5","81222","77","0","2023","A","",8,332,26892630,3123714,76862,1558,81022,"",0.27,1.46,0.92,1.64,1.04,0.63,0.63,"",-1,-11.1,-5,-1.5,213030,0.8,11320,0.4,-7566,-9.0,37,2.4,1913,2.4
"06085","5","812220","78","0","2023","A","",8,332,26892630,3123714,76862,1558,81022,"",0.27,1.46,0.92,1.64,1.04,0.63,0.63,"",-1,-11.1,-5,-1.5,213030,0.8,11320,0.4,-7566,-9.0,37,2.4,1913,2.4
"06085","5","8123","76","0","2023","A","",149,1056,53630174,9391582,243375,977,50806,"",0.79,0.56,0.28,0.54,0.59,0.50,0.50,"",-4,-2.6,88,9.1,7656943,16.7,798155,9.3,-9160,-3.6,64,7.0,3305,7.0
"06085","5","81231","77","0","2023","A","",49,190,5418199,1680477,37377,549,28529,"",0.74,0.67,0.29,0.77,0.60,0.43,0.43,"",2,4.3,3,1.6,354588,7.0,58564,3.6,-117,-0.3,27,5.2,1390,5.1
"06085","5","812310","78","0","2023","A","",49,190,5418199,1680477,37377,549,28529,"",0.74,0.67,0.29,0.77,0.60,0.43,0.43,"",2,4.3,3,1.6,354588,7.0,58564,3.6,-117,-0.3,27,5.2,1390,5.1
"06085","5","81232","77","0","2023","A","",88,258,8610518,2291461,52251,642,33363,"",0.85,0.38,0.17,0.41,0.41,0.45,0.45,"",-6,-6.4,0,0.0,944620,12.3,39625,1.8,-5000,-8.7,70,12.2,3631,12.2
"06085","5","812320","78","0","2023","A","",88,258,8610518,2291461,52251,642,33363,"",0.85,0.38,0.17,0.41,0.41,0.45,0.45,"",-6,-6.4,0,0.0,944620,12.3,39625,1.8,-5000,-8.7,70,12.2,3631,12.2
"06085","5","81233","77","0","2023","A","",13,608,39601457,5419644,153747,1253,65179,"",0.68,0.66,0.32,0.57,0.69,0.49,0.49,"",0,0.0,85,16.3,6357735,19.1,699966,14.8,-4043,-2.6,32,2.6,1666,2.6
"06085","5","812331","78","0","2023","A","",6,156,9651062,1392671,30094,1194,62065,"",0.62,0.34,0.18,0.27,0.25,0.53,0.53,"",0,0.0,15,10.6,908241,10.4,129477,10.2,-1773,-5.6,4,0.3,169,0.3
"06085","5","812332","78","0","2023","A","",7,452,29950395,4026973,123653,1274,66250,"",0.75,0.96,0.44,0.90,1.20,0.46,0.46,"",0,0.0,70,18.3,5449494,22.2,570489,16.5,-2270,-1.8,41,3.3,2139,3.3
"06085","5","8129","76","0","2023","A","",256,1742,107916221,15958936,443904,1191,61935,"",0.61,0.59,0.41,0.64,0.62,0.70,0.70,"",11,4.5,217,14.2,26366791,32.3,1713038,12.0,43067,10.7,163,15.9,8463,15.8
"06085","5","81291","77","0","2023","A","",90,772,36111683,6150711,157380,899,46767,"",0.52,0.57,0.37,0.55,0.56,0.65,0.65,"",4,4.7,100,14.9,5942211,19.7,654988,11.9,20609,15.1,35,4.1,1861,4.1
"06085","5","812910","78","0","2023","A","",90,772,36111683,6150711,157380,899,46767,"",0.52,0.57,0.37,0.55,0.56,0.65,0.65,"",4,4.7,100,14.9,5942211,19.7,654988,11.9,20609,15.1,35,4.1,1861,4.1
"06085","5","81292","77","0","2023","A","N",3,0,0,0,0,0,0,"N",0.70,0,0,0,0,0,0,"N",1,50.0,0,0,0,0,0,0,0,0,0,0,0,0
"06085","5","812921","78","0","2023","A","N",2,0,0,0,0,0,0,"N",0.59,0,0,0,0,0,0,"N",1,100.0,0,0,0,0,0,0,0,0,0,0,0,0
"06085","5","812922","78","0","2023","A","N",1,0,0,0,0,0,0,"N",1.12,0,0,0,0,0,0,"N",0,0.0,0,0,0,0,0,0,0,0,0,0,0,0
"06085","5","81293","77","0","2023","A","",60,537,26571353,5751953,136996,952,49489,"",1.15,0.59,0.34,0.78,0.63,0.59,0.59,"",7,13.2,20,3.9,1743352,7.0,136514,2.4,-9733,-6.6,28,3.0,1466,3.1
"06085","5","812930","78","0","2023","A","",60,537,26571353,5751953,136996,952,49489,"",1.15,0.59,0.34,0.78,0.63,0.59,0.59,"",7,13.2,20,3.9,1743352,7.0,136514,2.4,-9733,-6.6,28,3.0,1466,3.1
"06085","5","81299","77","0","2023","A","N",104,0,0,0,0,0,0,"N",0.54,0,0,0,0,0,0,"N",-1,-1.0,0,0,0,0,0,0,0,0,0,0,0,0
"06085","5","812990","78","0","2023","A","N",104,0,0,0,0,0,0,"N",0.54,0,0,0,0,0,0,"N",-1,-1.0,0,0,0,0,0,0,0,0,0,0,0,0
"06085","5","813","75","0","2023","A","",734,7525,498163930,38576318,1065108,1273,66198,"",0.62,0.74,0.34,0.59,0.55,0.46,0.46,"",-26,-3.4,764,11.3,63889267,14.7,1211969,3.2,43501,4.3,38,3.1,1969,3.1
"06085","5","8131","76","0","2023","A","",133,967,43852256,4693612,90675,872,45368,"",0.77,0.67,0.33,0.80,0.49,0.50,0.50,"",5,3.9,-4,-0.4,1617285,3.8,-48982,-1.0,-8027,-8.1,35,4.2,1860,4.3
"06085","5","81311","77","0","2023","A","",133,967,43852256,4693612,90675,872,45368,"",0.77,0.67,0.33,0.80,0.49,0.50,0.50,"",5,3.9,-4,-0.4,1617285,3.8,-48982,-1.0,-8027,-8.1,35,4.2,1860,4.3
"06085","5","813110","78","0","2023","A","",133,967,43852256,4693612,90675,872,45368,"",0.77,0.67,0.33,0.80,0.49,0.50,0.50,"",5,3.9,-4,-0.4,1617285,3.8,-48982,-1.0,-8027,-8.1,35,4.2,1860,4.3
"06085","5","8132","76","0","2023","A","",193,2157,225933717,12828607,357905,2014,104736,"",1.27,1.83,0.90,1.56,1.40,0.49,0.49,"",-41,-17.5,227,11.8,32563049,16.8,-103989,-0.8,12879,3.7,87,4.5,4553,4.5
"06085","5","81321","77","0","2023","A","",193,2157,225933717,12828607,357905,2014,104736,"",1.27,1.83,0.90,1.56,1.40,0.49,0.49,"",-41,-17.5,227,11.8,32563049,16.8,-103989,-0.8,12879,3.7,87,4.5,4553,4.5
"06085","5","813211","78","0","2023","A","",98,1581,166820758,9089860,224137,2029,105505,"",1.27,2.82,1.24,2.13,1.87,0.44,0.44,"",-1,-1.0,153,10.7,22600956,15.7,-162774,-1.8,-10854,-4.6,87,4.5,4511,4.5
"06085","5","813212","78","0","2023","A","",52,354,42731670,2046466,65254,2320,120626,"",1.47,1.20,0.68,1.06,0.95,0.56,0.56,"",-50,-49.0,11,3.2,6231685,17.1,-275269,-11.9,6993,12.0,271,13.2,14083,13.2
"06085","5","813219","78","0","2023","A","",43,222,16381289,1692281,68514,1421,73873,"",1.08,0.69,0.30,0.83,1.02,0.43,0.43,"",10,30.3,62,38.8,3730408,29.5,334054,24.6,16740,32.3,-104,-6.8,-5401,-6.8
"06085","5","8133","76","0","2023","A","",128,1034,71165479,8387328,254094,1324,68848,"",0.55,0.55,0.24,0.55,0.52,0.43,0.43,"",11,9.4,109,11.8,11917420,20.1,1139211,15.7,45153,21.6,92,7.5,4779,7.5
"06085","5","81331","77","0","2023","A","",128,1034,71165479,8387328,254094,1324,68848,"",0.55,0.55,0.24,0.55,0.52,0.43,0.43,"",11,9.4,109,11.8,11917420,20.1,1139211,15.7,45153,21.6,92,7.5,4779,7.5
"06085","5","813311","78","0","2023","A","",30,239,13645170,2064865,53986,1098,57093,"",0.67,0.57,0.20,0.65,0.52,0.35,0.35,"",4,15.4,23,10.6,1680518,14.0,221762,12.0,431,0.8,33,3.1,1722,3.1
"06085","5","813312","78","0","2023","A","",29,257,19743013,1390143,34215,1476,76771,"",0.47,0.45,0.22,0.31,0.28,0.50,0.50,"",1,3.6,16,6.6,3403699,20.8,86758,6.7,-469,-1.4,170,13.0,8856,13.0
"06085","5","813319","78","0","2023","A","",70,538,37777296,4932320,165893,1352,70283,"",0.56,0.60,0.26,0.65,0.64,0.44,0.44,"",7,11.1,70,15.0,6833203,22.1,830691,20.3,45191,37.4,81,6.4,4175,6.3
"06085","5","8134","76","0","2023","A","",109,2315,72966402,3673982,102356,606,31516,"",0.59,0.91,0.41,0.40,0.38,0.45,0.45,"",3,2.8,473,25.7,15781262,27.6,55691,1.5,3414,3.5,9,1.5,464,1.5
"06085","5","81341","77","0","2023","A","",109,2315,72966402,3673982,102356,606,31516,"",0.59,0.91,0.41,0.40,0.38,0.45,0.45,"",3,2.8,473,25.7,15781262,27.6,55691,1.5,3414,3.5,9,1.5,464,1.5
"06085","5","813410","78","0","2023","A","",109,2315,72966402,3673982,102356,606,31516,"",0.59,0.91,0.41,0.40,0.38,0.45,0.45,"",3,2.8,473,25.7,15781262,27.6,55691,1.5,3414,3.5,9,1.5,464,1.5
"06085","5","8139","76","0","2023","A","",172,1053,84246076,8992789,260078,1539,80025,"",0.39,0.34,0.14,0.33,0.35,0.42,0.42,"",-4,-2.3,-41,-3.7,2010251,2.4,170038,1.9,-9918,-3.7,94,6.5,4861,6.5
"06085","5","81391","77","0","2023","A","",52,213,27720458,1880074,76787,2506,130296,"",0.36,0.25,0.13,0.23,0.37,0.53,0.53,"",-3,-5.5,-34,-13.8,-755415,-2.7,-77566,-4.0,-2090,-2.6,290,13.1,15087,13.1
"06085","5","813910","78","0","2023","A","",52,213,27720458,1880074,76787,2506,130296,"",0.36,0.25,0.13,0.23,0.37,0.53,0.53,"",-3,-5.5,-34,-13.8,-755415,-2.7,-77566,-4.0,-2090,-2.6,290,13.1,15087,13.1
"06085","5","81392","77","0","2023","A","",23,93,12093684,814327,24391,2501,130040,"",0.29,0.14,0.07,0.15,0.16,0.51,0.51,"",1,4.5,4,4.5,407090,3.5,42696,5.5,2509,11.5,-24,-1.0,-1270,-1.0
"06085","5","813920","78","0","2023","A","",23,93,12093684,814327,24391,2501,130040,"",0.29,0.14,0.07,0.15,0.16,0.51,0.51,"",1,4.5,4,4.5,407090,3.5,42696,5.5,2509,11.5,-24,-1.0,-1270,-1.0
"06085","5","81393","77","0","2023","A","",46,513,32071841,4421012,118200,1202,62518,"",0.53,0.66,0.30,0.75,0.73,0.46,0.46,"",0,0.0,-3,-0.6,1396901,4.6,208709,5.0,-8151,-6.5,58,5.1,3022,5.1
"06085","5","813930","78","0","2023","A","",46,513,32071841,4421012,118200,1202,62518,"",0.53,0.66,0.30,0.75,0.73,0.46,0.46,"",0,0.0,-3,-0.6,1396901,4.6,208709,5.0,-8151,-6.5,58,5.1,3022,5.1
"06085","5","81394","77","0","2023","A","",5,11,1428020,68529,2550,2516,130811,"",0.20,0.17,0.11,0.10,0.09,0.65,0.65,"",1,25.0,4,57.1,487025,51.8,17836,35.2,1275,100.0,-39,-1.5,-2035,-1.5
"06085","5","813940","78","0","2023","A","",5,11,1428020,68529,2550,2516,130811,"",0.20,0.17,0.11,0.10,0.09,0.65,0.65,"",1,25.0,4,57.1,487025,51.8,17836,35.2,1275,100.0,-39,-1.5,-2035,-1.5
"06085","5","81399","77","0","2023","A","",47,223,10932073,1808847,38150,942,49004,"",0.45,0.29,0.10,0.26,0.19,0.36,0.36,"",-2,-4.1,-12,-5.1,474650,4.5,-21637,-1.2,-3461,-8.3,87,10.2,4552,10.2
"06085","5","813990","78","0","2023","A","",47,223,10932073,1808847,38150,942,49004,"",0.45,0.29,0.10,0.26,0.19,0.36,0.36,"",-2,-4.1,-12,-5.1,474650,4.5,-21637,-1.2,-3461,-8.3,87,10.2,4552,10.2
"06085","5","814","75","0","2023","A","",1707,1969,122918571,18531649,547014,1201,62435,"",1.29,1.30,0.84,1.40,1.30,0.64,0.64,"",-69,-3.9,-67,-3.3,7101178,6.1,-675353,-3.5,-28810,-5.0,107,9.8,5560,9.8
"06085","5","8141","76","0","2023","A","",1707,1969,122918571,18531649,547014,1201,62435,"",1.29,1.30,0.84,1.40,1.30,0.64,0.64,"",-69,-3.9,-67,-3.3,7101178,6.1,-675353,-3.5,-28810,-5.0,107,9.8,5560,9.8
"06085","5","81411","77","0","2023","A","",1707,1969,122918571,18531649,547014,1201,62435,"",1.29,1.30,0.84,1.40,1.30,0.64,0.64,"",-69,-3.9,-67,-3.3,7101178,6.1,-675353,-3.5,-28810,-5.0,107,9.8,5560,9.8
"06085","5","814110","78","0","2023","A","",1707,1969,122918571,18531649,547014,1201,62435,"",1.29,1.30,0.84,1.40,1.30,0.64,0.64,"",-69,-3.9,-67,-3.3,7101178,6.1,-675353,-3.5,-28810,-5.0,107,9.8,5560,9.8
"06085","5","99","74","0","2023","A","",110,165,15725892,3100336,105563,1836,95453,"",0.05,0.08,0.04,0.12,0.08,0.51,0.51,"",60,120.0,117,243.8,6837118,76.9,1697232,121.0,58249,123.1,-1713,-48.3,-89089,-48.3
"06085","5","999","75","0","2023","A","",110,165,15725892,3100336,105563,1836,95453,"",0.05,0.08,0.04,0.12,0.08,0.51,0.51,"",60,120.0,117,243.8,6837118,76.9,1697232,121.0,58249,123.1,-1713,-48.3,-89089,-48.3
"06085","5","9999","76","0","2023","A","",110,165,15725892,3100336,105563,1836,95453,"",0.05,0.08,0.04,0.12,0.08,0.51,0.51,"",60,120.0,117,243.8,6837118,76.9,1697232,121.0,58249,123.1,-1713,-48.3,-89089,-48.3
"06085","5","99999","77","0","2023","A","",110,165,15725892,3100336,105563,1836,95453,"",0.05,0.08,0.04,0.12,0.08,0.51,0.51,"",60,120.0,117,243.8,6837118,76.9,1697232,121.0,58249,123.1,-1713,-48.3,-89089,-48.3
"06085","5","999999","78","0","2023","A","",110,165,15725892,3100336,105563,1836,95453,"",0.05,0.08,0.04,0.12,0.08,0.51,0.51,"",60,120.0,117,243.8,6837118,76.9,1697232,121.0,58249,123.1,-1713,-48.3,-89089,-48.3
