"area_fips","own_code","industry_code","agglvl_code","size_code","year","qtr","disclosure_code","qtrly_estabs","month1_emplvl","month2_emplvl","month3_emplvl","total_qtrly_wages","taxable_qtrly_wages","qtrly_contributions","avg_wkly_wage","lq_disclosure_code","lq_qtrly_estabs","lq_month1_emplvl","lq_month2_emplvl","lq_month3_emplvl","lq_total_qtrly_wages","lq_taxable_qtrly_wages","lq_qtrly_contributions","lq_avg_wkly_wage","oty_disclosure_code","oty_qtrly_estabs_chg","oty_qtrly_estabs_pct_chg","oty_month1_emplvl_chg","oty_month1_emplvl_pct_chg","oty_month2_emplvl_chg","oty_month2_emplvl_pct_chg","oty_month3_emplvl_chg","oty_month3_emplvl_pct_chg","oty_total_qtrly_wages_chg","oty_total_qtrly_wages_pct_chg","oty_taxable_qtrly_wages_chg","oty_taxable_qtrly_wages_pct_chg","oty_qtrly_contributions_chg","oty_qtrly_contributions_pct_chg","oty_avg_wkly_wage_chg","oty_avg_wkly_wage_pct_chg"
"06081","0","10","70","0","2025","1","",32354,407855,410348,411187,23326055911,2570700951,87274038,4379,"",1.00,1.00,1.00,1.00,1.00,1.00,1.00,1.00,"",2107,7.0,-11998,-2.9,-9026,-2.2,-9211,-2.2,-607767766,-2.5,-106984764,-4.0,6696177,8.3,-6,-0.1
"06081","1","10","71","0","2025","1","",62,2520,2506,2477,78205426,0,0,2405,"",0.38,0.32,0.31,0.31,0.13,0.00,0.00,0.42,"",-1,-1.6,0,0.0,3,0.1,-11,-0.4,83698,0.1,0,0.0,0,0.0,5,0.2
"06081","1","102","72","0","2025","1","",62,2520,2506,2477,78205426,0,0,2405,"",0.38,0.32,0.32,0.32,0.13,0.00,0.00,0.42,"",-1,-1.6,0,0.0,3,0.1,-11,-0.4,83698,0.1,0,0.0,0,0.0,5,0.2
"06081","1","1021","73","0","2025","1","",29,1069,1066,1063,24846552,0,0,1793,"",0.35,0.60,0.60,0.60,0.26,0.00,0.00,0.43,"",0,0.0,-8,-0.7,-1,-0.1,9,0.9,-1327998,-5.1,0,0.0,0,0.0,-96,-5.1
"06081","1","1024","73","0","2025","1","",2,4,4,4,126488,0,0,2432,"",0.49,0.02,0.02,0.02,0.01,0.00,0.00,0.44,"",0,0.0,0,0.0,0,0.0,0,0.0,-296,-0.2,0,0.0,0,0.0,-6,-0.2
"06081","1","1025","73","0","2025","1","",2,944,936,919,35490502,0,0,2926,"",0.51,0.79,0.78,0.78,0.37,0.00,0.00,0.47,"",0,0.0,19,2.1,10,1.1,-8,-0.9,182386,0.5,0,0.0,0,0.0,-7,-0.2
"06081","1","1027","73","0","2025","1","",1,10,10,11,209427,0,0,1559,"",2.26,0.75,0.75,0.83,0.33,0.00,0.00,0.43,"",0,0.0,5,100.0,5,100.0,5,83.3,70259,50.5,0,0.0,0,0.0,-448,-22.3
"06081","1","1028","73","0","2025","1","",28,493,490,480,17532457,0,0,2766,"",0.43,0.11,0.11,0.11,0.05,0.00,0.00,0.44,"",-1,-3.4,-16,-3.1,-11,-2.2,-17,-3.4,1159347,7.1,0,0.0,0,0.0,259,10.3
"06081","1","48-49","74","0","2025","1","",29,1069,1066,1063,24846552,0,0,1793,"",0.37,0.65,0.65,0.65,0.28,0.00,0.00,0.42,"",0,0.0,-8,-0.7,-1,-0.1,9,0.9,-1327998,-5.1,0,0.0,0,0.0,-96,-5.1
"06081","1","491","75","0","2025","1","",29,1069,1066,1063,24846552,0,0,1793,"",0.37,0.67,0.67,0.67,0.29,0.00,0.00,0.43,"",0,0.0,-8,-0.7,-1,-0.1,9,0.9,-1327998,-5.1,0,0.0,0,0.0,-96,-5.1
"06081","1","4911","76","0","2025","1","",29,1069,1066,1063,24846552,0,0,1793,"",0.37,0.67,0.67,0.67,0.29,0.00,0.00,0.43,"",0,0.0,-8,-0.7,-1,-0.1,9,0.9,-1327998,-5.1,0,0.0,0,0.0,-96,-5.1
"06081","1","49111","77","0","2025","1","",29,1069,1066,1063,24846552,0,0,1793,"",0.37,0.67,0.67,0.67,0.29,0.00,0.00,0.43,"",0,0.0,-8,-0.7,-1,-0.1,9,0.9,-1327998,-5.1,0,0.0,0,0.0,-96,-5.1
"06081","1","491110","78","0","2025","1","",29,1069,1066,1063,24846552,0,0,1793,"",0.37,0.67,0.67,0.67,0.29,0.00,0.00,0.43,"",0,0.0,-8,-0.7,-1,-0.1,9,0.9,-1327998,-5.1,0,0.0,0,0.0,-96,-5.1
"06081","1","54","74","0","2025","1","",2,4,4,4,126488,0,0,2432,"",0.55,0.02,0.02,0.02,0.01,0.00,0.00,0.43,"",0,0.0,0,0.0,0,0.0,0,0.0,-296,-0.2,0,0.0,0,0.0,-6,-0.2
"06081","1","541","75","0","2025","1","",2,4,4,4,126488,0,0,2432,"",0.55,0.02,0.02,0.02,0.01,0.00,0.00,0.43,"",0,0.0,0,0.0,0,0.0,0,0.0,-296,-0.2,0,0.0,0,0.0,-6,-0.2
"06081","1","5413","76","0","2025","1","",2,4,4,4,126488,0,0,2432,"",0.88,0.03,0.03,0.03,0.01,0.00,0.00,0.46,"",0,0.0,0,0.0,0,0.0,0,0.0,-296,-0.2,0,0.0,0,0.0,-6,-0.2
"06081","1","54133","77","0","2025","1","",2,4,4,4,126488,0,0,2432,"",0.90,0.03,0.03,0.03,0.01,0.00,0.00,0.46,"",0,0.0,0,0.0,0,0.0,0,0.0,-296,-0.2,0,0.0,0,0.0,-6,-0.2
"06081","1","541330","78","0","2025","1","",2,4,4,4,126488,0,0,2432,"",0.90,0.03,0.03,0.03,0.01,0.00,0.00,0.46,"",0,0.0,0,0.0,0,0.0,0,0.0,-296,-0.2,0,0.0,0,0.0,-6,-0.2
"06081","1","62","74","0","2025","1","",2,944,936,919,35490502,0,0,2926,"",0.59,0.82,0.81,0.80,0.38,0.00,0.00,0.47,"",0,0.0,19,2.1,10,1.1,-8,-0.9,182386,0.5,0,0.0,0,0.0,-7,-0.2
"06081","1","621","75","0","2025","1","",1,16,15,16,1626558,0,0,7986,"",0.82,0.15,0.14,0.15,0.18,0.00,0.00,1.27,"",0,0.0,-3,-15.8,-4,-21.1,-3,-15.8,-15382,-0.9,0,0.0,0,0.0,1338,20.1
"06081","1","6211","76","0","2025","1","",1,16,15,16,1626558,0,0,7986,"",1.12,0.22,0.21,0.23,0.27,0.00,0.00,1.22,"",0,0.0,-3,-15.8,-4,-21.1,-3,-15.8,-15382,-0.9,0,0.0,0,0.0,1338,20.1
"06081","1","62111","77","0","2025","1","",1,16,15,16,1626558,0,0,7986,"",1.12,0.22,0.21,0.23,0.27,0.00,0.00,1.22,"",0,0.0,-3,-15.8,-4,-21.1,-3,-15.8,-15382,-0.9,0,0.0,0,0.0,1338,20.1
"06081","1","621111","78","0","2025","1","",1,16,15,16,1626558,0,0,7986,"",1.12,0.22,0.21,0.23,0.27,0.00,0.00,1.22,"",0,0.0,-3,-15.8,-4,-21.1,-3,-15.8,-15382,-0.9,0,0.0,0,0.0,1338,20.1
"06081","1","622","75","0","2025","1","",1,928,921,903,33863944,0,0,2840,"",0.84,0.93,0.92,0.91,0.41,0.00,0.00,0.44,"",0,0.0,22,2.4,14,1.5,-5,-0.6,197768,0.6,0,0.0,0,0.0,-15,-0.5
"06081","1","6221","76","0","2025","1","",1,928,921,903,33863944,0,0,2840,"",0.86,0.95,0.94,0.93,0.41,0.00,0.00,0.44,"",0,0.0,22,2.4,14,1.5,-5,-0.6,197768,0.6,0,0.0,0,0.0,-15,-0.5
"06081","1","62211","77","0","2025","1","",1,928,921,903,33863944,0,0,2840,"",0.86,0.95,0.94,0.93,0.41,0.00,0.00,0.44,"",0,0.0,22,2.4,14,1.5,-5,-0.6,197768,0.6,0,0.0,0,0.0,-15,-0.5
"06081","1","622110","78","0","2025","1","",1,928,921,903,33863944,0,0,2840,"",0.86,0.95,0.94,0.93,0.41,0.00,0.00,0.44,"",0,0.0,22,2.4,14,1.5,-5,-0.6,197768,0.6,0,0.0,0,0.0,-15,-0.5
"06081","1","81","74","0","2025","1","",1,10,10,11,209427,0,0,1559,"",2.26,0.75,0.75,0.83,0.33,0.00,0.00,0.43,"",0,0.0,5,100.0,5,100.0,5,83.3,70259,50.5,0,0.0,0,0.0,-448,-22.3
"06081","1","812","75","0","2025","1","",1,10,10,11,209427,0,0,1559,"",4.74,2.30,2.30,2.56,0.91,0.00,0.00,0.38,"",0,0.0,5,100.0,5,100.0,5,83.3,70259,50.5,0,0.0,0,0.0,-448,-22.3
"06081","1","8122","76","0","2025","1","",1,10,10,11,209427,0,0,1559,"",5.20,2.33,2.33,2.59,0.92,0.00,0.00,0.38,"",0,0.0,5,100.0,5,100.0,5,83.3,70259,50.5,0,0.0,0,0.0,-448,-22.3
"06081","1","81222","77","0","2025","1","",1,10,10,11,209427,0,0,1559,"",5.20,2.33,2.33,2.59,0.92,0.00,0.00,0.38,"",0,0.0,5,100.0,5,100.0,5,83.3,70259,50.5,0,0.0,0,0.0,-448,-22.3
"06081","1","812220","78","0","2025","1","",1,10,10,11,209427,0,0,1559,"",5.20,2.33,2.33,2.59,0.92,0.00,0.00,0.38,"",0,0.0,5,100.0,5,100.0,5,83.3,70259,50.5,0,0.0,0,0.0,-448,-22.3
"06081","1","92","74","0","2025","1","",28,493,490,480,17532457,0,0,2766,"",0.43,0.11,0.11,0.11,0.05,0.00,0.00,0.44,"",-1,-3.4,-16,-3.1,-11,-2.2,-17,-3.4,1159347,7.1,0,0.0,0,0.0,259,10.3
"06081","1","921","75","0","2025","1","",4,98,98,95,3318171,0,0,2631,"",0.82,0.22,0.22,0.21,0.10,0.00,0.00,0.45,"",0,0.0,12,14.0,8,8.9,6,6.7,554096,20.0,0,0.0,0,0.0,224,9.3
"06081","1","9211","76","0","2025","1","",4,98,98,95,3318171,0,0,2631,"",0.82,0.22,0.22,0.21,0.10,0.00,0.00,0.45,"",0,0.0,12,14.0,8,8.9,6,6.7,554096,20.0,0,0.0,0,0.0,224,9.3
"06081","1","92113","77","0","2025","1","",1,53,53,52,2176667,0,0,3179,"",0.65,0.17,0.17,0.17,0.09,0.00,0.00,0.53,"",0,0.0,13,32.5,9,20.5,7,15.6,733578,50.8,0,0.0,0,0.0,597,23.1
"06081","1","921130","78","0","2025","1","",1,53,53,52,2176667,0,0,3179,"",0.65,0.17,0.17,0.17,0.09,0.00,0.00,0.53,"",0,0.0,13,32.5,9,20.5,7,15.6,733578,50.8,0,0.0,0,0.0,597,23.1
"06081","1","92119","77","0","2025","1","",3,45,45,43,1141504,0,0,1981,"",0.91,0.51,0.51,0.49,0.17,0.00,0.00,0.33,"",0,0.0,-1,-2.2,-1,-2.2,-1,-2.3,-179482,-13.6,0,0.0,0,0.0,-260,-11.6
"06081","1","921190","78","0","2025","1","",3,45,45,43,1141504,0,0,1981,"",0.91,0.51,0.51,0.49,0.17,0.00,0.00,0.33,"",0,0.0,-1,-2.2,-1,-2.2,-1,-2.3,-179482,-13.6,0,0.0,0,0.0,-260,-11.6
"06081","1","922","75","0","2025","1","",6,86,85,88,3754688,0,0,3345,"",0.63,0.12,0.12,0.12,0.05,0.00,0.00,0.45,"",-1,-14.3,-13,-13.1,-10,-10.5,-5,-5.4,179226,5.0,0,0.0,0,0.0,470,16.3
"06081","1","9221","76","0","2025","1","",6,86,85,88,3754688,0,0,3345,"",0.63,0.12,0.12,0.12,0.05,0.00,0.00,0.45,"",-1,-14.3,-13,-13.1,-10,-10.5,-5,-5.4,179226,5.0,0,0.0,0,0.0,470,16.3
"06081","1","92211","77","0","2025","1","",4,4,4,4,134217,0,0,2581,"",1.86,0.05,0.05,0.05,0.02,0.00,0.00,0.40,"",0,0.0,1,33.3,1,33.3,1,33.3,47599,55.0,0,0.0,0,0.0,360,16.2
"06081","1","922110","78","0","2025","1","",4,4,4,4,134217,0,0,2581,"",1.86,0.05,0.05,0.05,0.02,0.00,0.00,0.40,"",0,0.0,1,33.3,1,33.3,1,33.3,47599,55.0,0,0.0,0,0.0,360,16.2
"06081","1","92212","77","0","2025","1","",2,82,81,84,3620471,0,0,3383,"",0.44,0.21,0.21,0.21,0.09,0.00,0.00,0.43,"",0,0.0,-14,-14.6,-11,-12.0,-6,-6.7,131627,3.8,0,0.0,0,0.0,487,16.8
"06081","1","922120","78","0","2025","1","",2,82,81,84,3620471,0,0,3383,"",0.44,0.21,0.21,0.21,0.09,0.00,0.00,0.43,"",0,0.0,-14,-14.6,-11,-12.0,-6,-6.7,131627,3.8,0,0.0,0,0.0,487,16.8
"06081","1","923","75","0","2025","1","",4,71,68,66,2327291,0,0,2620,"",0.55,0.11,0.10,0.10,0.04,0.00,0.00,0.41,"",0,0.0,1,1.4,-2,-2.9,-3,-4.3,51558,2.3,0,0.0,0,0.0,107,4.3
"06081","1","9231","76","0","2025","1","",4,71,68,66,2327291,0,0,2620,"",0.55,0.11,0.10,0.10,0.04,0.00,0.00,0.41,"",0,0.0,1,1.4,-2,-2.9,-3,-4.3,51558,2.3,0,0.0,0,0.0,107,4.3
"06081","1","92312","77","0","2025","1","",3,30,29,27,1341169,0,0,3599,"",1.39,0.17,0.17,0.16,0.07,0.00,0.00,0.44,"",0,0.0,1,3.4,0,0.0,-1,-3.6,89610,7.2,0,0.0,0,0.0,241,7.2
"06081","1","923120","78","0","2025","1","",3,30,29,27,1341169,0,0,3599,"",1.39,0.17,0.17,0.16,0.07,0.00,0.00,0.44,"",0,0.0,1,3.4,0,0.0,-1,-3.6,89610,7.2,0,0.0,0,0.0,241,7.2
"06081","1","92313","77","0","2025","1","",1,41,39,39,986122,0,0,1912,"",0.26,0.23,0.22,0.22,0.08,0.00,0.00,0.36,"",0,0.0,0,0.0,-2,-4.9,-2,-4.9,-38052,-3.7,0,0.0,0,0.0,-10,-0.5
"06081","1","923130","78","0","2025","1","",1,41,39,39,986122,0,0,1912,"",0.26,0.23,0.22,0.22,0.08,0.00,0.00,0.36,"",0,0.0,0,0.0,-2,-4.9,-2,-4.9,-38052,-3.7,0,0.0,0,0.0,-10,-0.5
"06081","1","924","75","0","2025","1","",3,97,98,94,2965479,0,0,2368,"",0.22,0.36,0.37,0.35,0.16,0.00,0.00,0.44,"",0,0.0,-22,-18.5,-12,-10.9,-14,-13.0,-279867,-8.6,0,0.0,0,0.0,146,6.6
"06081","1","9241","76","0","2025","1","",3,97,98,94,2965479,0,0,2368,"",0.22,0.36,0.37,0.35,0.16,0.00,0.00,0.44,"",0,0.0,-22,-18.5,-12,-10.9,-14,-13.0,-279867,-8.6,0,0.0,0,0.0,146,6.6
"06081","1","92412","77","0","2025","1","",3,97,98,94,2965479,0,0,2368,"",0.24,0.45,0.46,0.44,0.21,0.00,0.00,0.47,"",0,0.0,-22,-18.5,-12,-10.9,-14,-13.0,-279867,-8.6,0,0.0,0,0.0,146,6.6
"06081","1","924120","78","0","2025","1","",3,97,98,94,2965479,0,0,2368,"",0.24,0.45,0.46,0.44,0.21,0.00,0.00,0.47,"",0,0.0,-22,-18.5,-12,-10.9,-14,-13.0,-279867,-8.6,0,0.0,0,0.0,146,6.6
"06081","1","926","75","0","2025","1","",9,103,104,104,3785764,0,0,2809,"",0.39,0.15,0.15,0.15,0.06,0.00,0.00,0.42,"",0,0.0,5,5.1,5,5.1,4,4.0,636931,20.2,0,0.0,0,0.0,362,14.8
"06081","1","9261","76","0","2025","1","",9,103,104,104,3785764,0,0,2809,"",0.39,0.15,0.15,0.15,0.06,0.00,0.00,0.42,"",0,0.0,5,5.1,5,5.1,4,4.0,636931,20.2,0,0.0,0,0.0,362,14.8
"06081","1","92611","77","0","2025","1","",6,59,61,61,2286354,0,0,2915,"",0.68,0.45,0.47,0.47,0.20,0.00,0.00,0.43,"",0,0.0,2,3.5,2,3.4,1,1.7,418127,22.4,0,0.0,0,0.0,465,19.0
"06081","1","926110","78","0","2025","1","",6,59,61,61,2286354,0,0,2915,"",0.68,0.45,0.47,0.47,0.20,0.00,0.00,0.43,"",0,0.0,2,3.5,2,3.4,1,1.7,418127,22.4,0,0.0,0,0.0,465,19.0
"06081","1","92614","77","0","2025","1","",2,28,27,27,845340,0,0,2379,"",0.24,0.21,0.21,0.21,0.09,0.00,0.00,0.41,"",0,0.0,3,12.0,2,8.0,2,8.0,135213,19.0,0,0.0,0,0.0,194,8.9
"06081","1","926140","78","0","2025","1","",2,28,27,27,845340,0,0,2379,"",0.24,0.21,0.21,0.21,0.09,0.00,0.00,0.41,"",0,0.0,3,12.0,2,8.0,2,8.0,135213,19.0,0,0.0,0,0.0,194,8.9
"06081","1","92615","77","0","2025","1","",1,16,16,16,654070,0,0,3145,"",0.39,0.17,0.17,0.17,0.06,0.00,0.00,0.36,"",0,0.0,0,0.0,1,6.7,1,6.7,83591,14.7,0,0.0,0,0.0,283,9.9
"06081","1","926150","78","0","2025","1","",1,16,16,16,654070,0,0,3145,"",0.39,0.17,0.17,0.17,0.06,0.00,0.00,0.36,"",0,0.0,0,0.0,1,6.7,1,6.7,83591,14.7,0,0.0,0,0.0,283,9.9
"06081","1","927","75","0","2025","1","",1,19,18,14,690168,0,0,3123,"",3.47,0.40,0.38,0.29,0.15,0.00,0.00,0.43,"",0,0.0,-1,-5.0,-1,-5.3,-5,-26.3,19022,2.8,0,0.0,0,0.0,453,17.0
"06081","1","9271","76","0","2025","1","",1,19,18,14,690168,0,0,3123,"",3.47,0.40,0.38,0.29,0.15,0.00,0.00,0.43,"",0,0.0,-1,-5.0,-1,-5.3,-5,-26.3,19022,2.8,0,0.0,0,0.0,453,17.0
"06081","1","92711","77","0","2025","1","",1,19,18,14,690168,0,0,3123,"",3.47,0.40,0.38,0.29,0.15,0.00,0.00,0.43,"",0,0.0,-1,-5.0,-1,-5.3,-5,-26.3,19022,2.8,0,0.0,0,0.0,453,17.0
"06081","1","927110","78","0","2025","1","",1,19,18,14,690168,0,0,3123,"",3.47,0.40,0.38,0.29,0.15,0.00,0.00,0.43,"",0,0.0,-1,-5.0,-1,-5.3,-5,-26.3,19022,2.8,0,0.0,0,0.0,453,17.0
"06081","1","928","75","0","2025","1","",1,19,19,19,690896,0,0,2797,"",0.15,0.01,0.01,0.01,0.01,0.00,0.00,0.48,"",0,0.0,2,11.8,1,5.6,0,0.0,-1619,-0.2,0,0.0,0,0.0,-162,-5.5
"06081","1","9281","76","0","2025","1","",1,19,19,19,690896,0,0,2797,"",0.15,0.01,0.01,0.01,0.01,0.00,0.00,0.48,"",0,0.0,2,11.8,1,5.6,0,0.0,-1619,-0.2,0,0.0,0,0.0,-162,-5.5
"06081","1","92811","77","0","2025","1","",1,19,19,19,690896,0,0,2797,"",0.19,0.01,0.01,0.01,0.01,0.00,0.00,0.49,"",0,0.0,2,11.8,1,5.6,0,0.0,-1619,-0.2,0,0.0,0,0.0,-162,-5.5
"06081","1","928110","78","0","2025","1","",1,19,19,19,690896,0,0,2797,"",0.19,0.01,0.01,0.01,0.01,0.00,0.00,0.49,"",0,0.0,2,11.8,1,5.6,0,0.0,-1619,-0.2,0,0.0,0,0.0,-162,-5.5
"06081","2","10","71","0","2025","1","",18,319,318,331,5751139,0,0,1371,"",0.09,0.02,0.02,0.03,0.01,0.00,0.00,0.32,"",1,5.9,-5,-1.5,-6,-1.9,-2,-0.6,310487,5.7,0,0.0,0,0.0,91,7.1
"06081","2","102","72","0","2025","1","",18,319,318,331,5751139,0,0,1371,"",0.10,0.03,0.02,0.03,0.01,0.00,0.00,0.32,"",1,5.9,-5,-1.5,-6,-1.9,-2,-0.6,310487,5.7,0,0.0,0,0.0,91,7.1
"06081","2","1028","73","0","2025","1","",18,319,318,331,5751139,0,0,1371,"",0.13,0.06,0.06,0.07,0.02,0.00,0.00,0.31,"",1,5.9,-5,-1.5,-6,-1.9,-2,-0.6,310487,5.7,0,0.0,0,0.0,91,7.1
"06081","2","92","74","0","2025","1","",18,319,318,331,5751139,0,0,1371,"",0.13,0.06,0.06,0.07,0.02,0.00,0.00,0.31,"",1,5.9,-5,-1.5,-6,-1.9,-2,-0.6,310487,5.7,0,0.0,0,0.0,91,7.1
"06081","2","921","75","0","2025","1","",1,26,27,26,520262,0,0,1520,"",0.06,0.04,0.04,0.04,0.01,0.00,0.00,0.32,"",0,0.0,0,0.0,1,3.8,0,0.0,-1008,-0.2,0,0.0,0,0.0,-22,-1.4
"06081","2","9211","76","0","2025","1","",1,26,27,26,520262,0,0,1520,"",0.06,0.04,0.04,0.04,0.01,0.00,0.00,0.32,"",0,0.0,0,0.0,1,3.8,0,0.0,-1008,-0.2,0,0.0,0,0.0,-22,-1.4
"06081","2","92113","77","0","2025","1","",1,26,27,26,520262,0,0,1520,"",0.15,0.10,0.10,0.09,0.03,0.00,0.00,0.32,"",0,0.0,0,0.0,1,3.8,0,0.0,-1008,-0.2,0,0.0,0,0.0,-22,-1.4
"06081","2","921130","78","0","2025","1","",1,26,27,26,520262,0,0,1520,"",0.15,0.10,0.10,0.09,0.03,0.00,0.00,0.32,"",0,0.0,0,0.0,1,3.8,0,0.0,-1008,-0.2,0,0.0,0,0.0,-22,-1.4
"06081","2","922","75","0","2025","1","",4,89,89,89,1584616,0,0,1370,"",0.10,0.05,0.05,0.05,0.01,0.00,0.00,0.30,"",1,33.3,-2,-2.2,-3,-3.3,-2,-2.2,102913,6.9,0,0.0,0,0.0,122,9.8
"06081","2","9221","76","0","2025","1","",4,89,89,89,1584616,0,0,1370,"",0.10,0.05,0.05,0.05,0.01,0.00,0.00,0.30,"",1,33.3,-2,-2.2,-3,-3.3,-2,-2.2,102913,6.9,0,0.0,0,0.0,122,9.8
"06081","2","92212","77","0","2025","1","",2,86,86,86,1497799,0,0,1340,"",0.29,0.30,0.30,0.30,0.07,0.00,0.00,0.25,"",0,0.0,3,3.6,2,2.4,4,4.9,256035,20.6,0,0.0,0,0.0,189,16.4
"06081","2","922120","78","0","2025","1","",2,86,86,86,1497799,0,0,1340,"",0.29,0.30,0.30,0.30,0.07,0.00,0.00,0.25,"",0,0.0,3,3.6,2,2.4,4,4.9,256035,20.6,0,0.0,0,0.0,189,16.4
"06081","2","92214","77","0","2025","1","",1,1,1,1,22977,0,0,1767,"",0.09,0.00,0.00,0.00,0.00,0.00,0.00,0.42,"",1,100.0,1,100.0,1,100.0,1,100.0,22977,100.0,0,0.0,0,0.0,1767,100.0
"06081","2","922140","78","0","2025","1","",1,1,1,1,22977,0,0,1767,"",0.09,0.00,0.00,0.00,0.00,0.00,0.00,0.42,"",1,100.0,1,100.0,1,100.0,1,100.0,22977,100.0,0,0.0,0,0.0,1767,100.0
"06081","2","92215","77","0","2025","1","",1,2,2,2,63840,0,0,2455,"",0.40,0.04,0.04,0.04,0.02,0.00,0.00,0.64,"",0,0.0,-6,-75.0,-6,-75.0,-7,-77.8,-176099,-73.4,0,0.0,0,0.0,240,10.8
"06081","2","922150","78","0","2025","1","",1,2,2,2,63840,0,0,2455,"",0.40,0.04,0.04,0.04,0.02,0.00,0.00,0.64,"",0,0.0,-6,-75.0,-6,-75.0,-7,-77.8,-176099,-73.4,0,0.0,0,0.0,240,10.8
"06081","2","923","75","0","2025","1","",4,65,65,66,1724208,0,0,2030,"",0.14,0.06,0.06,0.06,0.03,0.00,0.00,0.49,"",0,0.0,3,4.8,2,3.2,4,6.5,233984,15.7,0,0.0,0,0.0,191,10.4
"06081","2","9231","76","0","2025","1","",4,65,65,66,1724208,0,0,2030,"",0.14,0.06,0.06,0.06,0.03,0.00,0.00,0.49,"",0,0.0,3,4.8,2,3.2,4,6.5,233984,15.7,0,0.0,0,0.0,191,10.4
"06081","2","92313","77","0","2025","1","",4,65,65,66,1724208,0,0,2030,"",0.28,0.10,0.10,0.11,0.05,0.00,0.00,0.51,"",0,0.0,3,4.8,2,3.2,4,6.5,233984,15.7,0,0.0,0,0.0,191,10.4
"06081","2","923130","78","0","2025","1","",4,65,65,66,1724208,0,0,2030,"",0.28,0.10,0.10,0.11,0.05,0.00,0.00,0.51,"",0,0.0,3,4.8,2,3.2,4,6.5,233984,15.7,0,0.0,0,0.0,191,10.4
"06081","2","924","75","0","2025","1","",2,52,51,61,756845,0,0,1065,"",0.11,0.13,0.13,0.15,0.03,0.00,0.00,0.26,"",0,0.0,0,0.0,2,4.1,1,1.7,37752,5.2,0,0.0,0,0.0,34,3.3
"06081","2","9241","76","0","2025","1","",2,52,51,61,756845,0,0,1065,"",0.11,0.13,0.13,0.15,0.03,0.00,0.00,0.26,"",0,0.0,0,0.0,2,4.1,1,1.7,37752,5.2,0,0.0,0,0.0,34,3.3
"06081","2","92412","77","0","2025","1","",2,52,51,61,756845,0,0,1065,"",0.13,0.19,0.18,0.21,0.05,0.00,0.00,0.28,"",0,0.0,0,0.0,2,4.1,1,1.7,37752,5.2,0,0.0,0,0.0,34,3.3
"06081","2","924120","78","0","2025","1","",2,52,51,61,756845,0,0,1065,"",0.13,0.19,0.18,0.21,0.05,0.00,0.00,0.28,"",0,0.0,0,0.0,2,4.1,1,1.7,37752,5.2,0,0.0,0,0.0,34,3.3
"06081","2","926","75","0","2025","1","",7,87,86,89,1165208,0,0,1026,"",0.24,0.10,0.10,0.11,0.02,0.00,0.00,0.23,"",0,0.0,-6,-6.5,-8,-8.5,-5,-5.3,-63154,-5.1,0,0.0,0,0.0,17,1.7
"06081","2","9261","76","0","2025","1","",7,87,86,89,1165208,0,0,1026,"",0.24,0.10,0.10,0.11,0.02,0.00,0.00,0.23,"",0,0.0,-6,-6.5,-8,-8.5,-5,-5.3,-63154,-5.1,0,0.0,0,0.0,17,1.7
"06081","2","92612","77","0","2025","1","",4,77,76,79,793890,0,0,790,"",0.37,0.16,0.15,0.16,0.03,0.00,0.00,0.17,"",0,0.0,-5,-6.1,-7,-8.4,-4,-4.8,-60412,-7.1,0,0.0,0,0.0,-5,-0.6
"06081","2","926120","78","0","2025","1","",4,77,76,79,793890,0,0,790,"",0.37,0.16,0.15,0.16,0.03,0.00,0.00,0.17,"",0,0.0,-5,-6.1,-7,-8.4,-4,-4.8,-60412,-7.1,0,0.0,0,0.0,-5,-0.6
"06081","2","92615","77","0","2025","1","",3,10,10,10,371318,0,0,2856,"",0.42,0.07,0.07,0.07,0.05,0.00,0.00,0.67,"",0,0.0,-1,-9.1,-1,-9.1,-1,-9.1,-2742,-0.7,0,0.0,0,0.0,240,9.2
"06081","2","926150","78","0","2025","1","",3,10,10,10,371318,0,0,2856,"",0.42,0.07,0.07,0.07,0.05,0.00,0.00,0.67,"",0,0.0,-1,-9.1,-1,-9.1,-1,-9.1,-2742,-0.7,0,0.0,0,0.0,240,9.2
"06081","3","10","71","0","2025","1","",306,28241,28602,28654,765477128,6599400,163474,2066,"",0.66,0.72,0.72,0.72,0.42,0.24,0.39,0.58,"",0,0.0,597,2.2,622,2.2,320,1.1,38458064,5.3,273312,4.3,18309,12.6,68,3.4
"06081","3","101","72","0","2025","1","",5,277,272,275,7249053,0,0,2030,"",0.43,0.93,0.91,0.92,0.51,0.00,0.00,0.55,"",0,0.0,133,92.4,112,70.0,121,78.6,3708569,104.7,0,0.0,0,0.0,246,13.8
"06081","3","1012","73","0","2025","1","",5,277,272,275,7249053,0,0,2030,"",0.44,0.96,0.94,0.95,0.52,0.00,0.00,0.55,"",0,0.0,133,92.4,112,70.0,121,78.6,3708569,104.7,0,0.0,0,0.0,246,13.8
"06081","3","102","72","0","2025","1","",301,27964,28330,28379,758228075,6599400,163474,2066,"",0.67,0.71,0.72,0.72,0.42,0.24,0.40,0.58,"",0,0.0,464,1.7,510,1.8,199,0.7,34749495,4.8,273312,4.3,18309,12.6,67,3.4
"06081","3","1021","73","0","2025","1","",21,1093,1098,1098,30712838,558325,8814,2155,"",0.65,0.71,0.71,0.71,0.33,0.30,0.30,0.47,"",0,0.0,-82,-7.0,-67,-5.8,-78,-6.6,768139,2.6,31336,5.9,657,8.1,190,9.7
"06081","3","1022","73","0","2025","1","",7,575,585,596,8035353,0,0,1056,"",0.50,1.72,1.74,1.77,0.79,0.00,0.00,0.45,"",0,0.0,15,2.7,35,6.4,43,7.8,395865,5.2,0,0.0,0,0.0,-4,-0.4
"06081","3","1023","73","0","2025","1","",3,400,404,400,10192916,2841307,63151,1954,"",0.59,3.15,3.16,3.13,1.58,5.13,4.56,0.50,"",0,0.0,42,11.7,32,8.6,28,7.5,1153312,12.8,219322,8.4,9581,17.9,61,3.2
"06081","3","1024","73","0","2025","1","",3,416,432,432,16214619,0,0,2923,"",0.23,1.55,1.58,1.60,1.26,0.00,0.00,0.80,"",0,0.0,20,5.1,35,8.8,34,8.5,2347414,16.9,0,0.0,0,0.0,236,8.8
"06081","3","1025","73","0","2025","1","",196,15569,15828,15789,373532593,1022942,23822,1827,"",1.00,0.64,0.64,0.63,0.35,0.11,0.22,0.56,"",0,0.0,264,1.7,276,1.8,23,0.1,12271031,3.4,-2649,-0.3,1510,6.8,39,2.2
"06081","3","1026","73","0","2025","1","",12,749,752,759,10105317,184822,7023,1032,"",0.97,0.73,0.72,0.73,0.32,0.08,0.11,0.44,"",0,0.0,26,3.6,13,1.8,15,2.0,390257,4.0,12788,7.4,142,2.1,16,1.6
"06081","3","1028","73","0","2025","1","",59,9162,9231,9305,309434439,1992004,60664,2578,"",0.35,0.81,0.82,0.82,0.51,0.16,0.35,0.63,"",0,0.0,179,2.0,186,2.1,134,1.5,17423477,6.0,12515,0.6,6419,11.8,100,4.0
"06081","3","22","74","0","2025","1","",11,311,315,308,8776661,405625,6371,2169,"",0.50,0.45,0.46,0.45,0.19,0.37,0.45,0.43,"",0,0.0,-94,-23.2,-87,-21.6,-94,-23.4,-2714858,-23.6,40911,11.2,648,11.3,-24,-1.1
"06081","3","221","75","0","2025","1","",11,311,315,308,8776661,405625,6371,2169,"",0.50,0.45,0.46,0.45,0.19,0.37,0.45,0.43,"",0,0.0,-94,-23.2,-87,-21.6,-94,-23.4,-2714858,-23.6,40911,11.2,648,11.3,-24,-1.1
"06081","3","2213","76","0","2025","1","",11,311,315,308,8776661,405625,6371,2169,"",0.57,0.70,0.70,0.69,0.34,0.53,0.58,0.49,"",0,0.0,-94,-23.2,-87,-21.6,-94,-23.4,-2714858,-23.6,40911,11.2,648,11.3,-24,-1.1
"06081","3","22131","77","0","2025","1","",7,234,239,235,6565832,119125,1787,2140,"",0.54,0.76,0.78,0.76,0.38,0.22,0.23,0.49,"",0,0.0,-104,-30.8,-92,-27.8,-95,-28.8,-2777522,-29.7,5945,5.3,89,5.2,-18,-0.8
"06081","3","221310","78","0","2025","1","",7,234,239,235,6565832,119125,1787,2140,"",0.54,0.76,0.78,0.76,0.38,0.22,0.23,0.49,"",0,0.0,-104,-30.8,-92,-27.8,-95,-28.8,-2777522,-29.7,5945,5.3,89,5.2,-18,-0.8
"06081","3","22132","77","0","2025","1","",4,77,76,73,2210829,286500,4584,2257,"",0.65,0.56,0.55,0.52,0.27,1.34,1.37,0.50,"",0,0.0,10,14.9,5,7.0,1,1.4,62664,2.9,34966,13.9,559,13.9,-104,-4.4
"06081","3","221320","78","0","2025","1","",4,77,76,73,2210829,286500,4584,2257,"",0.65,0.56,0.55,0.52,0.27,1.34,1.37,0.50,"",0,0.0,10,14.9,5,7.0,1,1.4,62664,2.9,34966,13.9,559,13.9,-104,-4.4
"06081","3","23","74","0","2025","1","",5,277,272,275,7249053,0,0,2030,"",0.44,0.96,0.94,0.95,0.52,0.00,0.00,0.55,"",0,0.0,133,92.4,112,70.0,121,78.6,3708569,104.7,0,0.0,0,0.0,246,13.8
"06081","3","237","75","0","2025","1","",5,277,272,275,7249053,0,0,2030,"",0.46,0.99,0.97,0.98,0.55,0.00,0.00,0.56,"",0,0.0,133,92.4,112,70.0,121,78.6,3708569,104.7,0,0.0,0,0.0,246,13.8
"06081","3","2373","76","0","2025","1","",5,277,272,275,7249053,0,0,2030,"",0.48,1.03,1.01,1.02,0.57,0.00,0.00,0.56,"",0,0.0,133,92.4,112,70.0,121,78.6,3708569,104.7,0,0.0,0,0.0,246,13.8
"06081","3","23731","77","0","2025","1","",5,277,272,275,7249053,0,0,2030,"",0.48,1.03,1.01,1.02,0.57,0.00,0.00,0.56,"",0,0.0,133,92.4,112,70.0,121,78.6,3708569,104.7,0,0.0,0,0.0,246,13.8
"06081","3","237310","78","0","2025","1","",5,277,272,275,7249053,0,0,2030,"",0.48,1.03,1.01,1.02,0.57,0.00,0.00,0.56,"",0,0.0,133,92.4,112,70.0,121,78.6,3708569,104.7,0,0.0,0,0.0,246,13.8
"06081","3","48-49","74","0","2025","1","",10,782,783,790,21936177,152700,2443,2150,"",1.27,0.94,0.94,0.95,0.47,0.22,0.18,0.50,"",0,0.0,12,1.6,20,2.6,16,2.1,3482997,18.9,-9575,-5.9,9,0.4,304,16.5
"06081","3","485","75","0","2025","1","",4,640,634,640,18363347,0,0,2214,"",0.84,0.95,0.94,0.95,0.51,0.00,0.00,0.54,"",0,0.0,9,1.4,3,0.5,9,1.4,3114290,20.4,0,0.0,0,0.0,355,19.1
"06081","3","4851","76","0","2025","1","",2,527,520,523,15651797,0,0,2301,"",1.45,1.09,1.07,1.08,0.52,0.00,0.00,0.48,"",0,0.0,10,1.9,2,0.4,4,0.8,2839418,22.2,0,0.0,0,0.0,398,20.9
"06081","3","48511","77","0","2025","1","",2,527,520,523,15651797,0,0,2301,"",1.45,1.09,1.07,1.08,0.52,0.00,0.00,0.48,"",0,0.0,10,1.9,2,0.4,4,0.8,2839418,22.2,0,0.0,0,0.0,398,20.9
"06081","3","485113","78","0","2025","1","",2,527,520,523,15651797,0,0,2301,"",1.99,2.91,2.84,2.88,1.53,0.00,0.00,0.53,"",0,0.0,10,1.9,2,0.4,4,0.8,2839418,22.2,0,0.0,0,0.0,398,20.9
"06081","3","4854","76","0","2025","1","",2,113,114,117,2711550,0,0,1819,"",0.67,0.69,0.69,0.71,0.56,0.00,0.00,0.81,"",0,0.0,-1,-0.9,1,0.9,5,4.5,274872,11.3,0,0.0,0,0.0,160,9.6
"06081","3","48541","77","0","2025","1","",2,113,114,117,2711550,0,0,1819,"",0.67,0.69,0.69,0.71,0.56,0.00,0.00,0.81,"",0,0.0,-1,-0.9,1,0.9,5,4.5,274872,11.3,0,0.0,0,0.0,160,9.6
"06081","3","485410","78","0","2025","1","",2,113,114,117,2711550,0,0,1819,"",0.67,0.69,0.69,0.71,0.56,0.00,0.00,0.81,"",0,0.0,-1,-0.9,1,0.9,5,4.5,274872,11.3,0,0.0,0,0.0,160,9.6
"06081","3","488","75","0","2025","1","",2,33,40,40,945368,152700,2443,1931,"",0.87,0.25,0.30,0.30,0.10,1.05,0.66,0.38,"",0,0.0,-2,-5.7,12,42.9,3,8.1,151869,19.1,-9575,-5.9,9,0.4,100,5.5
"06081","3","4881","76","0","2025","1","",1,13,13,15,355437,0,0,2001,"",0.63,0.13,0.13,0.15,0.06,0.00,0.00,0.41,"",0,0.0,1,8.3,2,18.2,4,36.4,79969,29.0,0,0.0,0,0.0,131,7.0
"06081","3","48811","77","0","2025","1","",1,13,13,15,355437,0,0,2001,"N",0.64,0,0,0,0,0,0,0,"",0,0.0,1,8.3,2,18.2,4,36.4,79969,29.0,0,0.0,0,0.0,131,7.0
"06081","3","488119","78","0","2025","1","",1,13,13,15,355437,0,0,2001,"",0.67,0.14,0.14,0.16,0.06,0.00,0.00,0.41,"",0,0.0,1,8.3,2,18.2,4,36.4,79969,29.0,0,0.0,0,0.0,131,7.0
"06081","3","4883","76","0","2025","1","",1,20,27,25,589931,152700,2443,1891,"",5.35,1.42,1.89,1.74,0.52,7.23,4.69,0.31,"",0,0.0,-3,-13.0,10,58.8,-1,-3.8,71900,13.9,-9575,-5.9,9,0.4,80,4.4
"06081","3","48831","77","0","2025","1","",1,20,27,25,589931,152700,2443,1891,"",7.35,1.58,2.12,1.96,0.59,7.92,5.33,0.31,"",0,0.0,-3,-13.0,10,58.8,-1,-3.8,71900,13.9,-9575,-5.9,9,0.4,80,4.4
"06081","3","488310","78","0","2025","1","",1,20,27,25,589931,152700,2443,1891,"",7.35,1.58,2.12,1.96,0.59,7.92,5.33,0.31,"",0,0.0,-3,-13.0,10,58.8,-1,-3.8,71900,13.9,-9575,-5.9,9,0.4,80,4.4
"06081","3","493","75","0","2025","1","",4,109,109,110,2627462,0,0,1849,"",6.02,4.72,4.70,4.70,2.38,0.00,0.00,0.51,"",0,0.0,5,4.8,5,4.8,4,3.8,216838,9.0,0,0.0,0,0.0,77,4.3
"06081","3","4931","76","0","2025","1","",4,109,109,110,2627462,0,0,1849,"",6.02,4.72,4.70,4.70,2.38,0.00,0.00,0.51,"",0,0.0,5,4.8,5,4.8,4,3.8,216838,9.0,0,0.0,0,0.0,77,4.3
"06081","3","49311","77","0","2025","1","",4,109,109,110,2627462,0,0,1849,"",6.43,4.85,4.83,4.83,2.45,0.00,0.00,0.51,"",0,0.0,5,4.8,5,4.8,4,3.8,216838,9.0,0,0.0,0,0.0,77,4.3
"06081","3","493110","78","0","2025","1","",4,109,109,110,2627462,0,0,1849,"",6.43,4.85,4.83,4.83,2.45,0.00,0.00,0.51,"",0,0.0,5,4.8,5,4.8,4,3.8,216838,9.0,0,0.0,0,0.0,77,4.3
"06081","3","51","74","0","2025","1","",7,575,585,596,8035353,0,0,1056,"",0.50,1.72,1.74,1.77,0.79,0.00,0.00,0.45,"",0,0.0,15,2.7,35,6.4,43,7.8,395865,5.2,0,0.0,0,0.0,-4,-0.4
"06081","3","519","75","0","2025","1","",7,575,585,596,8035353,0,0,1056,"",0.52,1.76,1.79,1.82,0.83,0.00,0.00,0.46,"",0,0.0,15,2.7,35,6.4,43,7.8,395865,5.2,0,0.0,0,0.0,-4,-0.4
"06081","3","5192","76","0","2025","1","",7,575,585,596,8035353,0,0,1056,"",0.52,1.76,1.79,1.82,0.83,0.00,0.00,0.46,"",0,0.0,15,2.7,35,6.4,43,7.8,395865,5.2,0,0.0,0,0.0,-4,-0.4
"06081","3","51921","77","0","2025","1","",7,575,585,596,8035353,0,0,1056,"N",0.52,0,0,0,0,0,0,0,"",0,0.0,15,2.7,35,6.4,43,7.8,395865,5.2,0,0.0,0,0.0,-4,-0.4
"06081","3","519210","78","0","2025","1","",7,575,585,596,8035353,0,0,1056,"N",0.52,0,0,0,0,0,0,0,"",0,0.0,15,2.7,35,6.4,43,7.8,395865,5.2,0,0.0,0,0.0,-4,-0.4
"06081","3","52","74","0","2025","1","",1,393,397,393,10045541,2795407,61499,1960,"",1.82,11.46,11.54,11.43,3.98,18.09,11.00,0.35,"",0,0.0,44,12.6,34,9.4,30,8.3,1160960,13.1,229950,9.0,10190,19.9,53,2.8
"06081","3","524","75","0","2025","1","",1,393,397,393,10045541,2795407,61499,1960,"",3.99,14.67,14.76,14.62,5.25,33.51,13.09,0.36,"",0,0.0,44,12.6,34,9.4,30,8.3,1160960,13.1,229950,9.0,10190,19.9,53,2.8
"06081","3","5241","76","0","2025","1","",1,393,397,393,10045541,2795407,61499,1960,"",8.14,18.22,18.35,18.19,6.59,37.46,14.31,0.36,"",0,0.0,44,12.6,34,9.4,30,8.3,1160960,13.1,229950,9.0,10190,19.9,53,2.8
"06081","3","52411","77","0","2025","1","",1,393,397,393,10045541,2795407,61499,1960,"",17.84,22.59,22.80,22.60,8.63,37.76,14.34,0.38,"",0,0.0,44,12.6,34,9.4,30,8.3,1160960,13.1,229950,9.0,10190,19.9,53,2.8
"06081","3","524114","78","0","2025","1","",1,393,397,393,10045541,2795407,61499,1960,"N",19.72,0,0,0,0,0,0,0,"",0,0.0,44,12.6,34,9.4,30,8.3,1160960,13.1,229950,9.0,10190,19.9,53,2.8
"06081","3","53","74","0","2025","1","",2,7,7,7,147375,45900,1652,1620,"",0.44,0.08,0.07,0.07,0.04,0.11,0.20,0.50,"",0,0.0,-2,-22.2,-2,-22.2,-2,-22.2,-7648,-4.9,-10628,-18.8,-609,-26.9,295,22.3
"06081","3","531","75","0","2025","1","",2,7,7,7,147375,45900,1652,1620,"",0.44,0.08,0.08,0.08,0.04,0.11,0.20,0.50,"",0,0.0,-2,-22.2,-2,-22.2,-2,-22.2,-7648,-4.9,-10628,-18.8,-609,-26.9,295,22.3
"06081","3","5311","76","0","2025","1","",2,7,7,7,147375,45900,1652,1620,"",0.63,0.10,0.10,0.10,0.05,0.15,0.26,0.48,"",0,0.0,-2,-22.2,-2,-22.2,-2,-22.2,-7648,-4.9,-10628,-18.8,-609,-26.9,295,22.3
"06081","3","53111","77","0","2025","1","",1,7,7,7,147375,45900,1652,1620,"",0.34,0.11,0.11,0.11,0.05,0.17,0.30,0.48,"",0,0.0,-2,-22.2,-2,-22.2,-2,-22.2,-7648,-4.9,-10628,-18.8,-609,-26.9,295,22.3
"06081","3","531110","78","0","2025","1","",1,7,7,7,147375,45900,1652,1620,"",0.34,0.11,0.11,0.11,0.05,0.17,0.30,0.48,"",0,0.0,-2,-22.2,-2,-22.2,-2,-22.2,-7648,-4.9,-10628,-18.8,-609,-26.9,295,22.3
"06081","3","53112","77","0","2025","1","",1,0,0,0,0,0,0,0,"",4.62,0.00,0.00,0.00,0.00,0.00,0.00,0.00,"",0,0.0,0,0.0,0,0.0,0,0.0,0,0.0,0,0.0,0,0.0,0,0.0
"06081","3","531120","78","0","2025","1","",1,0,0,0,0,0,0,0,"",4.62,0.00,0.00,0.00,0.00,0.00,0.00,0.00,"",0,0.0,0,0.0,0,0.0,0,0.0,0,0.0,0,0.0,0,0.0,0,0.0
"06081","3","54","74","0","2025","1","",1,7,8,8,235841,0,0,2366,"",0.29,0.12,0.14,0.14,0.06,0.00,0.00,0.50,"",0,0.0,-1,-12.5,0,0.0,0,0.0,-5635,-2.3,0,0.0,0,0.0,44,1.9
"06081","3","541","75","0","2025","1","",1,7,8,8,235841,0,0,2366,"",0.29,0.12,0.14,0.14,0.06,0.00,0.00,0.50,"",0,0.0,-1,-12.5,0,0.0,0,0.0,-5635,-2.3,0,0.0,0,0.0,44,1.9
"06081","3","5416","76","0","2025","1","",1,7,8,8,235841,0,0,2366,"",1.67,1.19,1.36,1.35,0.58,0.00,0.00,0.45,"",0,0.0,-1,-12.5,0,0.0,0,0.0,-5635,-2.3,0,0.0,0,0.0,44,1.9
"06081","3","54169","77","0","2025","1","",1,7,8,8,235841,0,0,2366,"",3.47,3.26,3.74,3.63,1.61,0.00,0.00,0.45,"",0,0.0,-1,-12.5,0,0.0,0,0.0,-5635,-2.3,0,0.0,0,0.0,44,1.9
"06081","3","541690","78","0","2025","1","",1,7,8,8,235841,0,0,2366,"",3.47,3.26,3.74,3.63,1.61,0.00,0.00,0.45,"",0,0.0,-1,-12.5,0,0.0,0,0.0,-5635,-2.3,0,0.0,0,0.0,44,1.9
"06081","3","56","74","0","2025","1","",2,409,424,424,15978778,0,0,2934,"",0.21,1.95,1.97,2.00,1.72,0.00,0.00,0.88,"",0,0.0,21,5.4,35,9.0,34,8.7,2353049,17.3,0,0.0,0,0.0,240,8.9
"06081","3","561","75","0","2025","1","",1,409,424,424,15978778,0,0,2934,"",0.16,2.88,2.88,2.95,2.53,0.00,0.00,0.87,"",0,0.0,21,5.4,35,9.0,34,8.7,2353049,17.3,0,0.0,0,0.0,240,8.9
"06081","3","5611","76","0","2025","1","",1,409,424,424,15978778,0,0,2934,"",1.86,33.47,34.63,34.57,21.60,0.00,0.00,0.63,"",0,0.0,21,5.4,35,9.0,34,8.7,2353049,17.3,0,0.0,0,0.0,240,8.9
"06081","3","56111","77","0","2025","1","",1,409,424,424,15978778,0,0,2934,"",1.86,33.47,34.63,34.57,21.60,0.00,0.00,0.63,"",0,0.0,21,5.4,35,9.0,34,8.7,2353049,17.3,0,0.0,0,0.0,240,8.9
"06081","3","561110","78","0","2025","1","",1,409,424,424,15978778,0,0,2934,"",1.86,33.47,34.63,34.57,21.60,0.00,0.00,0.63,"",0,0.0,21,5.4,35,9.0,34,8.7,2353049,17.3,0,0.0,0,0.0,240,8.9
"06081","3","562","75","0","2025","1","",1,0,0,0,0,0,0,0,"",0.33,0.00,0.00,0.00,0.00,0.00,0.00,0.00,"",0,0.0,0,0.0,0,0.0,0,0.0,0,0.0,0,0.0,0,0.0,0,0.0
"06081","3","5622","76","0","2025","1","",1,0,0,0,0,0,0,0,"",0.50,0.00,0.00,0.00,0.00,0.00,0.00,0.00,"",0,0.0,0,0.0,0,0.0,0,0.0,0,0.0,0,0.0,0,0.0,0,0.0
"06081","3","56221","77","0","2025","1","",1,0,0,0,0,0,0,0,"",0.50,0.00,0.00,0.00,0.00,0.00,0.00,0.00,"",0,0.0,0,0.0,0,0.0,0,0.0,0,0.0,0,0.0,0,0.0,0,0.0
"06081","3","562219","78","0","2025","1","",1,0,0,0,0,0,0,0,"",3.17,0.00,0.00,0.00,0.00,0.00,0.00,0.00,"",0,0.0,0,0.0,0,0.0,0,0.0,0,0.0,0,0.0,0,0.0,0,0.0
"06081","3","61","74","0","2025","1","",194,14292,14539,14491,334704568,939323,21230,1783,"",1.10,0.65,0.65,0.65,0.37,0.13,0.28,0.56,"",0,0.0,245,1.7,246,1.7,1,0.0,9298977,2.9,-3044,-0.3,1082,5.4,30,1.7
"06081","3","611","75","0","2025","1","",194,14292,14539,14491,334704568,939323,21230,1783,"",1.10,0.65,0.65,0.65,0.37,0.13,0.28,0.56,"",0,0.0,245,1.7,246,1.7,1,0.0,9298977,2.9,-3044,-0.3,1082,5.4,30,1.7
"06081","3","6111","76","0","2025","1","",190,12285,12531,12428,287354576,939323,21230,1780,"",1.12,0.60,0.60,0.60,0.34,0.14,0.30,0.56,"",0,0.0,177,1.5,314,2.6,88,0.7,15923227,5.9,-3044,-0.3,1082,5.4,72,4.2
"06081","3","61111","77","0","2025","1","",190,12285,12531,12428,287354576,939323,21230,1780,"",1.12,0.60,0.60,0.60,0.34,0.14,0.30,0.56,"",0,0.0,177,1.5,314,2.6,88,0.7,15923227,5.9,-3044,-0.3,1082,5.4,72,4.2
"06081","3","611110","78","0","2025","1","",190,12285,12531,12428,287354576,939323,21230,1780,"",1.12,0.60,0.60,0.60,0.34,0.14,0.30,0.56,"",0,0.0,177,1.5,314,2.6,88,0.7,15923227,5.9,-3044,-0.3,1082,5.4,72,4.2
"06081","3","6112","76","0","2025","1","",4,2007,2008,2063,47349992,0,0,1798,"",1.04,2.06,1.84,1.84,1.11,0.00,0.00,0.58,"",0,0.0,68,3.5,-68,-3.3,-87,-4.0,-6624250,-12.3,0,0.0,0,0.0,-222,-11.0
"06081","3","61121","77","0","2025","1","",4,2007,2008,2063,47349992,0,0,1798,"",1.04,2.06,1.84,1.84,1.11,0.00,0.00,0.58,"",0,0.0,68,3.5,-68,-3.3,-87,-4.0,-6624250,-12.3,0,0.0,0,0.0,-222,-11.0
"06081","3","611210","78","0","2025","1","",4,2007,2008,2063,47349992,0,0,1798,"",1.04,2.06,1.84,1.84,1.11,0.00,0.00,0.58,"",0,0.0,68,3.5,-68,-3.3,-87,-4.0,-6624250,-12.3,0,0.0,0,0.0,-222,-11.0
"06081","3","62","74","0","2025","1","",2,1277,1289,1298,38828025,83619,2592,2319,"",0.10,0.50,0.50,0.51,0.28,0.04,0.08,0.55,"",0,0.0,19,1.5,30,2.4,22,1.7,2972054,8.3,395,0.5,428,19.8,137,6.3
"06081","3","621","75","0","2025","1","",1,14,15,14,322858,83619,2592,1733,"",0.16,0.06,0.06,0.06,0.03,0.16,0.26,0.42,"",0,0.0,1,7.7,1,7.1,0,0.0,3697,1.2,395,0.5,428,19.8,-63,-3.5
"06081","3","6219","76","0","2025","1","",1,14,15,14,322858,83619,2592,1733,"",0.51,0.26,0.27,0.26,0.14,0.70,1.92,0.55,"",0,0.0,1,7.7,1,7.1,0,0.0,3697,1.2,395,0.5,428,19.8,-63,-3.5
"06081","3","62199","77","0","2025","1","",1,14,15,14,322858,83619,2592,1733,"",3.44,2.86,3.10,2.89,1.67,9.10,35.98,0.57,"",0,0.0,1,7.7,1,7.1,0,0.0,3697,1.2,395,0.5,428,19.8,-63,-3.5
"06081","3","621999","78","0","2025","1","",1,14,15,14,322858,83619,2592,1733,"",3.47,2.95,3.20,2.99,1.72,9.10,35.98,0.56,"",0,0.0,1,7.7,1,7.1,0,0.0,3697,1.2,395,0.5,428,19.8,-63,-3.5
"06081","3","622","75","0","2025","1","",1,1263,1274,1284,38505167,0,0,2326,"",0.26,0.68,0.69,0.69,0.36,0.00,0.00,0.52,"",0,0.0,18,1.4,29,2.3,22,1.7,2968357,8.4,0,0.0,0,0.0,140,6.4
"06081","3","6221","76","0","2025","1","",1,1263,1274,1284,38505167,0,0,2326,"",0.26,0.69,0.69,0.69,0.36,0.00,0.00,0.52,"",0,0.0,18,1.4,29,2.3,22,1.7,2968357,8.4,0,0.0,0,0.0,140,6.4
"06081","3","62211","77","0","2025","1","",1,1263,1274,1284,38505167,0,0,2326,"",0.26,0.69,0.69,0.69,0.36,0.00,0.00,0.52,"",0,0.0,18,1.4,29,2.3,22,1.7,2968357,8.4,0,0.0,0,0.0,140,6.4
"06081","3","622110","78","0","2025","1","",1,1263,1274,1284,38505167,0,0,2326,"",0.26,0.69,0.69,0.69,0.36,0.00,0.00,0.52,"",0,0.0,18,1.4,29,2.3,22,1.7,2968357,8.4,0,0.0,0,0.0,140,6.4
"06081","3","71","74","0","2025","1","",9,723,726,733,9738720,184822,7023,1030,"",0.86,0.96,0.95,0.96,0.44,0.12,0.19,0.46,"",0,0.0,31,4.5,17,2.4,20,2.8,474851,5.1,12788,7.4,142,2.1,19,1.9
"06081","3","711","75","0","2025","1","",2,93,99,110,1151327,0,0,880,"",4.31,5.05,5.19,5.71,2.29,0.00,0.00,0.43,"",0,0.0,-3,-3.1,-15,-13.2,-10,-8.3,-3664,-0.3,0,0.0,0,0.0,72,8.9
"06081","3","7113","76","0","2025","1","",2,93,99,110,1151327,0,0,880,"N",5.13,0,0,0,0,0,0,0,"",0,0.0,-3,-3.1,-15,-13.2,-10,-8.3,-3664,-0.3,0,0.0,0,0.0,72,8.9
"06081","3","71131","77","0","2025","1","",2,93,99,110,1151327,0,0,880,"N",5.35,0,0,0,0,0,0,0,"",0,0.0,-3,-3.1,-15,-13.2,-10,-8.3,-3664,-0.3,0,0.0,0,0.0,72,8.9
"06081","3","711310","78","0","2025","1","",2,93,99,110,1151327,0,0,880,"N",5.35,0,0,0,0,0,0,0,"",0,0.0,-3,-3.1,-15,-13.2,-10,-8.3,-3664,-0.3,0,0.0,0,0.0,72,8.9
"06081","3","712","75","0","2025","1","",1,27,28,28,640404,184822,7023,1781,"",0.51,0.26,0.27,0.26,0.22,3.39,7.31,0.81,"",0,0.0,3,12.5,5,21.7,4,16.7,29239,4.8,12788,7.4,142,2.1,-205,-10.3
"06081","3","7121","76","0","2025","1","",1,27,28,28,640404,184822,7023,1781,"",0.51,0.26,0.27,0.26,0.22,3.39,7.31,0.81,"",0,0.0,3,12.5,5,21.7,4,16.7,29239,4.8,12788,7.4,142,2.1,-205,-10.3
"06081","3","71219","77","0","2025","1","",1,27,28,28,640404,184822,7023,1781,"",0.70,0.30,0.32,0.31,0.26,4.28,8.40,0.83,"",0,0.0,3,12.5,5,21.7,4,16.7,29239,4.8,12788,7.4,142,2.1,-205,-10.3
"06081","3","712190","78","0","2025","1","",1,27,28,28,640404,184822,7023,1781,"",0.70,0.30,0.32,0.31,0.26,4.28,8.40,0.83,"",0,0.0,3,12.5,5,21.7,4,16.7,29239,4.8,12788,7.4,142,2.1,-205,-10.3
"06081","3","713","75","0","2025","1","",6,603,599,595,7946989,0,0,1021,"",0.74,0.95,0.94,0.93,0.43,0.00,0.00,0.46,"",0,0.0,31,5.4,27,4.7,26,4.6,449276,6.0,0,0.0,0,0.0,11,1.1
"06081","3","7139","76","0","2025","1","",6,603,599,595,7946989,0,0,1021,"",0.85,1.82,1.78,1.78,1.13,0.00,0.00,0.63,"",0,0.0,31,5.4,27,4.7,26,4.6,449276,6.0,0,0.0,0,0.0,11,1.1
"06081","3","71394","77","0","2025","1","",2,185,185,188,1727866,0,0,715,"",0.65,1.42,1.42,1.42,0.73,0.00,0.00,0.51,"",0,0.0,5,2.8,3,1.6,8,4.4,-28685,-1.6,0,0.0,0,0.0,-33,-4.4
"06081","3","713940","78","0","2025","1","",2,185,185,188,1727866,0,0,715,"",0.65,1.42,1.42,1.42,0.73,0.00,0.00,0.51,"",0,0.0,5,2.8,3,1.6,8,4.4,-28685,-1.6,0,0.0,0,0.0,-33,-4.4
"06081","3","71399","77","0","2025","1","",4,418,414,407,6219123,0,0,1158,"",1.21,2.31,2.21,2.24,1.47,0.00,0.00,0.65,"",0,0.0,26,6.6,24,6.2,18,4.6,477961,8.3,0,0.0,0,0.0,27,2.4
"06081","3","713990","78","0","2025","1","",4,418,414,407,6219123,0,0,1158,"",1.21,2.31,2.21,2.24,1.47,0.00,0.00,0.65,"",0,0.0,26,6.6,24,6.2,18,4.6,477961,8.3,0,0.0,0,0.0,27,2.4
"06081","3","72","74","0","2025","1","",3,26,26,26,366597,0,0,1085,"",1.57,0.09,0.09,0.09,0.04,0.00,0.00,0.41,"",0,0.0,-5,-16.1,-4,-13.3,-5,-16.1,-84594,-18.7,0,0.0,0,0.0,-47,-4.2
"06081","3","722","75","0","2025","1","",3,26,26,26,366597,0,0,1085,"",2.14,0.82,0.82,0.81,0.51,0.00,0.00,0.62,"",0,0.0,-5,-16.1,-4,-13.3,-5,-16.1,-84594,-18.7,0,0.0,0,0.0,-47,-4.2
"06081","3","7225","76","0","2025","1","",3,26,26,26,366597,0,0,1085,"",3.44,1.50,1.49,1.48,1.00,0.00,0.00,0.67,"",0,0.0,-5,-16.1,-4,-13.3,-5,-16.1,-84594,-18.7,0,0.0,0,0.0,-47,-4.2
"06081","3","72251","77","0","2025","1","",3,26,26,26,366597,0,0,1085,"",3.44,1.50,1.49,1.48,1.00,0.00,0.00,0.67,"",0,0.0,-5,-16.1,-4,-13.3,-5,-16.1,-84594,-18.7,0,0.0,0,0.0,-47,-4.2
"06081","3","722514","78","0","2025","1","",3,26,26,26,366597,0,0,1085,"",3.92,1.87,1.85,1.85,1.39,0.00,0.00,0.75,"",0,0.0,-5,-16.1,-4,-13.3,-5,-16.1,-84594,-18.7,0,0.0,0,0.0,-47,-4.2
"06081","3","92","74","0","2025","1","",59,9162,9231,9305,309434439,1992004,60664,2578,"",0.35,0.81,0.82,0.82,0.51,0.16,0.35,0.63,"",0,0.0,179,2.0,186,2.1,134,1.5,17423477,6.0,12515,0.6,6419,11.8,100,4.0
"06081","3","921","75","0","2025","1","",27,4122,4153,4206,121099151,836738,27486,2239,"",0.27,0.56,0.56,0.56,0.34,0.09,0.23,0.61,"",0,0.0,71,1.8,44,1.1,-7,-0.2,8878220,7.9,10654,1.3,2213,8.8,146,7.0
"06081","3","9211","76","0","2025","1","",27,4122,4153,4206,121099151,836738,27486,2239,"",0.27,0.56,0.56,0.56,0.34,0.09,0.23,0.61,"",0,0.0,71,1.8,44,1.1,-7,-0.2,8878220,7.9,10654,1.3,2213,8.8,146,7.0
"06081","3","92113","77","0","2025","1","",4,316,316,315,9245800,0,0,2253,"",0.58,1.60,1.60,1.59,0.87,0.00,0.00,0.55,"",0,0.0,6,1.9,3,1.0,8,2.6,654733,7.6,0,0.0,0,0.0,121,5.7
"06081","3","921130","78","0","2025","1","",4,316,316,315,9245800,0,0,2253,"",0.58,1.60,1.60,1.59,0.87,0.00,0.00,0.55,"",0,0.0,6,1.9,3,1.0,8,2.6,654733,7.6,0,0.0,0,0.0,121,5.7
"06081","3","92114","77","0","2025","1","",22,3805,3836,3890,111786409,829738,27381,2237,"",0.39,0.79,0.79,0.80,0.49,0.17,0.61,0.61,"",0,0.0,67,1.8,43,1.1,-13,-0.3,8287606,8.0,24654,3.1,2423,9.7,148,7.1
"06081","3","921140","78","0","2025","1","",22,3805,3836,3890,111786409,829738,27381,2237,"",0.39,0.79,0.79,0.80,0.49,0.17,0.61,0.61,"",0,0.0,67,1.8,43,1.1,-13,-0.3,8287606,8.0,24654,3.1,2423,9.7,148,7.1
"06081","3","92119","77","0","2025","1","",1,1,1,1,66942,7000,105,5149,"",0.08,0.00,0.00,0.00,0.00,0.01,0.01,1.37,"",0,0.0,-2,-66.7,-2,-66.7,-2,-66.7,-64119,-48.9,-14000,-66.7,-210,-66.7,1788,53.2
"06081","3","921190","78","0","2025","1","",1,1,1,1,66942,7000,105,5149,"",0.08,0.00,0.00,0.00,0.00,0.01,0.01,1.37,"",0,0.0,-2,-66.7,-2,-66.7,-2,-66.7,-64119,-48.9,-14000,-66.7,-210,-66.7,1788,53.2
"06081","3","922","75","0","2025","1","",14,2564,2585,2599,114764899,343484,5496,3418,"",0.39,0.99,1.00,1.00,0.65,0.20,0.25,0.65,"",0,0.0,56,2.2,70,2.8,75,3.0,3552751,3.2,-2668,-0.8,304,5.9,17,0.5
"06081","3","9221","76","0","2025","1","",14,2564,2585,2599,114764899,343484,5496,3418,"",0.39,0.99,1.00,1.00,0.65,0.20,0.25,0.65,"",0,0.0,56,2.2,70,2.8,75,3.0,3552751,3.2,-2668,-0.8,304,5.9,17,0.5
"06081","3","92212","77","0","2025","1","",2,207,207,207,9068124,0,0,3370,"",0.21,0.18,0.18,0.18,0.12,0.00,0.00,0.66,"",0,0.0,12,6.2,13,6.7,10,5.1,1158302,14.6,0,0.0,0,0.0,255,8.2
"06081","3","922120","78","0","2025","1","",2,207,207,207,9068124,0,0,3370,"",0.21,0.18,0.18,0.18,0.12,0.00,0.00,0.66,"",0,0.0,12,6.2,13,6.7,10,5.1,1158302,14.6,0,0.0,0,0.0,255,8.2
"06081","3","92216","77","0","2025","1","",7,386,403,405,26894308,343484,5496,5198,"",0.49,0.64,0.66,0.67,0.63,0.39,0.44,0.97,"",0,0.0,2,0.5,16,4.1,28,7.4,1539079,6.1,-2668,-0.8,304,5.9,101,2.0
"06081","3","922160","78","0","2025","1","",7,386,403,405,26894308,343484,5496,5198,"",0.49,0.64,0.66,0.67,0.63,0.39,0.44,0.97,"",0,0.0,2,0.5,16,4.1,28,7.4,1539079,6.1,-2668,-0.8,304,5.9,101,2.0
"06081","3","92219","77","0","2025","1","",5,1971,1975,1987,78802467,0,0,3065,"",2.38,5.92,5.90,5.92,2.55,0.00,0.00,0.43,"",0,0.0,42,2.2,41,2.1,37,1.9,855370,1.1,0,0.0,0,0.0,-29,-0.9
"06081","3","922190","78","0","2025","1","",5,1971,1975,1987,78802467,0,0,3065,"",2.38,5.92,5.90,5.92,2.55,0.00,0.00,0.43,"",0,0.0,42,2.2,41,2.1,37,1.9,855370,1.1,0,0.0,0,0.0,-29,-0.9
"06081","3","923","75","0","2025","1","",5,1646,1653,1644,51059204,35000,525,2384,"",0.82,2.71,2.70,2.67,1.54,0.08,0.07,0.57,"",0,0.0,55,3.5,65,4.1,61,3.9,3697445,7.8,0,0.0,0,0.0,89,3.9
"06081","3","9231","76","0","2025","1","",5,1646,1653,1644,51059204,35000,525,2384,"",0.82,2.71,2.70,2.67,1.54,0.08,0.07,0.57,"",0,0.0,55,3.5,65,4.1,61,3.9,3697445,7.8,0,0.0,0,0.0,89,3.9
"06081","3","92312","77","0","2025","1","",3,37,38,40,1179398,35000,525,2367,"",0.93,0.17,0.17,0.18,0.10,0.13,0.10,0.57,"",0,0.0,0,0.0,1,2.7,2,5.3,40365,3.5,0,0.0,0,0.0,20,0.9
"06081","3","923120","78","0","2025","1","",3,37,38,40,1179398,35000,525,2367,"",0.93,0.17,0.17,0.18,0.10,0.13,0.10,0.57,"",0,0.0,0,0.0,1,2.7,2,5.3,40365,3.5,0,0.0,0,0.0,20,0.9
"06081","3","92313","77","0","2025","1","",2,1609,1615,1604,49879806,0,0,2384,"",1.35,5.26,5.26,5.20,2.81,0.00,0.00,0.54,"",0,0.0,55,3.5,64,4.1,59,3.8,3657080,7.9,0,0.0,0,0.0,90,3.9
"06081","3","923130","78","0","2025","1","",2,1609,1615,1604,49879806,0,0,2384,"",1.35,5.26,5.26,5.20,2.81,0.00,0.00,0.54,"",0,0.0,55,3.5,64,4.1,59,3.8,3657080,7.9,0,0.0,0,0.0,90,3.9
"06081","3","924","75","0","2025","1","",7,235,242,245,7192821,194613,6250,2299,"",0.62,0.87,0.90,0.90,0.51,0.72,1.11,0.57,"",0,0.0,-1,-0.4,2,0.8,11,4.7,430411,6.4,-3792,-1.9,-619,-9.0,101,4.6
"06081","3","9241","76","0","2025","1","",7,235,242,245,7192821,194613,6250,2299,"",0.62,0.87,0.90,0.90,0.51,0.72,1.11,0.57,"",0,0.0,-1,-0.4,2,0.8,11,4.7,430411,6.4,-3792,-1.9,-619,-9.0,101,4.6
"06081","3","92411","77","0","2025","1","",5,202,206,209,6751210,7000,434,2525,"",1.11,1.25,1.28,1.29,0.65,0.06,0.18,0.51,"",0,0.0,6,3.1,6,3.0,9,4.5,392462,6.2,-16154,-69.8,-1002,-69.8,63,2.6
"06081","3","924110","78","0","2025","1","",5,202,206,209,6751210,7000,434,2525,"",1.11,1.25,1.28,1.29,0.65,0.06,0.18,0.51,"",0,0.0,6,3.1,6,3.0,9,4.5,392462,6.2,-16154,-69.8,-1002,-69.8,63,2.6
"06081","3","92412","77","0","2025","1","",2,33,36,36,441611,187613,5816,971,"",0.30,0.30,0.33,0.33,0.12,1.23,1.80,0.36,"",0,0.0,-7,-17.5,-4,-10.0,2,5.9,37949,9.4,12362,7.1,383,7.0,154,18.8
"06081","3","924120","78","0","2025","1","",2,33,36,36,441611,187613,5816,971,"",0.30,0.30,0.33,0.33,0.12,1.23,1.80,0.36,"",0,0.0,-7,-17.5,-4,-10.0,2,5.9,37949,9.4,12362,7.1,383,7.0,154,18.8
"06081","3","925","75","0","2025","1","",2,60,59,59,1497659,413245,10434,1942,"",0.20,0.27,0.26,0.27,0.13,0.62,0.84,0.51,"",0,0.0,2,3.4,1,1.7,3,5.4,33317,2.3,4897,1.2,4309,70.4,-23,-1.2
"06081","3","9251","76","0","2025","1","",2,60,59,59,1497659,413245,10434,1942,"",0.20,0.27,0.26,0.27,0.13,0.62,0.84,0.51,"",0,0.0,2,3.4,1,1.7,3,5.4,33317,2.3,4897,1.2,4309,70.4,-23,-1.2
"06081","3","92511","77","0","2025","1","",1,55,55,55,1340436,385000,10010,1875,"",0.16,0.40,0.40,0.40,0.19,0.79,1.09,0.48,"",0,0.0,2,3.8,2,3.8,3,5.8,77981,6.2,7000,1.9,4340,76.5,31,1.7
"06081","3","925110","78","0","2025","1","",1,55,55,55,1340436,385000,10010,1875,"",0.16,0.40,0.40,0.40,0.19,0.79,1.09,0.48,"",0,0.0,2,3.8,2,3.8,3,5.8,77981,6.2,7000,1.9,4340,76.5,31,1.7
"06081","3","92512","77","0","2025","1","",1,5,4,4,157223,28245,424,2791,"",0.28,0.06,0.04,0.05,0.04,0.16,0.13,0.75,"",0,0.0,0,0.0,-1,-20.0,0,0.0,-44664,-22.1,-2103,-6.9,-31,-6.8,-537,-16.1
"06081","3","925120","78","0","2025","1","",1,5,4,4,157223,28245,424,2791,"",0.28,0.06,0.04,0.05,0.04,0.16,0.13,0.75,"",0,0.0,0,0.0,-1,-20.0,0,0.0,-44664,-22.1,-2103,-6.9,-31,-6.8,-537,-16.1
"06081","3","926","75","0","2025","1","",4,535,539,552,13820705,168924,10473,1961,"",0.53,2.84,2.87,2.91,1.20,0.58,1.48,0.42,"",0,0.0,-4,-0.7,4,0.7,-9,-1.6,831333,6.4,3424,2.1,212,2.1,128,7.0
"06081","3","9261","76","0","2025","1","",4,535,539,552,13820705,168924,10473,1961,"",0.53,2.84,2.87,2.91,1.20,0.58,1.48,0.42,"",0,0.0,-4,-0.7,4,0.7,-9,-1.6,831333,6.4,3424,2.1,212,2.1,128,7.0
"06081","3","92611","77","0","2025","1","",1,456,462,465,11313292,0,0,1888,"",0.59,12.89,12.96,13.08,5.75,0.00,0.00,0.44,"",0,0.0,9,2.0,18,4.1,-6,-1.3,618579,5.8,0,0.0,0,0.0,76,4.2
"06081","3","926110","78","0","2025","1","",1,456,462,465,11313292,0,0,1888,"",0.59,12.89,12.96,13.08,5.75,0.00,0.00,0.44,"",0,0.0,9,2.0,18,4.1,-6,-1.3,618579,5.8,0,0.0,0,0.0,76,4.2
"06081","3","92612","77","0","2025","1","",1,42,42,42,1355892,0,0,2483,"",0.91,0.57,0.58,0.57,0.26,0.00,0.00,0.45,"",0,0.0,-2,-4.5,-2,-4.5,-1,-2.3,158616,13.2,0,0.0,0,0.0,374,17.7
"06081","3","926120","78","0","2025","1","",1,42,42,42,1355892,0,0,2483,"",0.91,0.57,0.58,0.57,0.26,0.00,0.00,0.45,"",0,0.0,-2,-4.5,-2,-4.5,-1,-2.3,158616,13.2,0,0.0,0,0.0,374,17.7
"06081","3","92613","77","0","2025","1","",2,37,35,45,1151521,168924,10473,2271,"",1.66,1.11,1.05,1.35,0.54,5.29,7.94,0.46,"",0,0.0,-11,-22.9,-12,-25.5,-2,-4.3,54138,4.9,3424,2.1,212,2.1,488,27.4
"06081","3","926130","78","0","2025","1","",2,37,35,45,1151521,168924,10473,2271,"",1.66,1.11,1.05,1.35,0.54,5.29,7.94,0.46,"",0,0.0,-11,-22.9,-12,-25.5,-2,-4.3,54138,4.9,3424,2.1,212,2.1,488,27.4
"06081","5","10","71","0","2025","1","",31968,376775,378922,379725,22476622218,2564101551,87110564,4568,"",1.01,1.08,1.08,1.08,1.11,1.01,1.00,1.03,"",2107,7.1,-12590,-3.2,-9645,-2.5,-9518,-2.4,-646620015,-2.8,-107258076,-4.0,6677868,8.3,-4,-0.1
"06081","5","101","72","0","2025","1","",2900,37578,38004,38020,1987692742,282963216,10081352,4038,"",0.73,0.64,0.64,0.64,0.55,0.53,0.47,0.86,"",169,6.2,-1224,-3.2,-521,-1.4,-489,-1.3,223987367,12.7,-4230534,-1.5,929011,10.2,524,14.9
"06081","5","1011","73","0","2025","1","",132,1273,1222,1195,21080786,8624293,265375,1318,"",0.34,0.29,0.28,0.27,0.08,0.23,0.18,0.29,"",3,2.3,-162,-11.3,-136,-10.0,-142,-10.6,-4898081,-18.9,-1091921,-11.2,-31970,-10.8,-134,-9.2
"06081","5","1012","73","0","2025","1","",2094,15648,15862,15985,418817870,118964662,4639256,2035,"",0.83,0.75,0.75,0.75,0.36,0.62,0.47,0.47,"",126,6.4,-700,-4.3,-269,-1.7,-184,-1.1,1018906,0.2,-1653456,-1.4,107188,2.4,53,2.7
"06081","5","1013","73","0","2025","1","",674,20657,20920,20840,1547794086,155374261,5176721,5723,"",0.63,0.62,0.62,0.62,0.71,0.51,0.52,1.15,"",40,6.3,-362,-1.7,-116,-0.6,-163,-0.8,227866542,17.3,-1485157,-0.9,853793,19.8,893,18.5
"06081","5","102","72","0","2025","1","",29068,339197,340918,341705,20488929476,2281138335,77029212,4627,"",1.05,1.17,1.17,1.17,1.24,1.14,1.18,1.05,"",1938,7.1,-11366,-3.2,-9124,-2.6,-9029,-2.6,-870607382,-4.1,-103027542,-4.3,5748857,8.1,-61,-1.3
"06081","5","1021","73","0","2025","1","",3282,68438,67923,67832,1770668267,441931081,12641579,2001,"",0.60,0.90,0.90,0.90,0.51,0.80,0.78,0.57,"",37,1.1,320,0.5,523,0.8,740,1.1,77356495,4.6,-1145452,-0.3,1144828,10.0,72,3.7
"06081","5","1022","73","0","2025","1","",738,39360,39936,40355,8186156806,290045850,13097557,15789,"",0.93,5.21,5.22,5.32,7.57,3.27,3.66,1.44,"",71,10.6,-8694,-18.1,-8467,-17.5,-8331,-17.1,-1602373009,-16.4,-68017111,-19.0,474742,3.8,226,1.5
"06081","5","1023","73","0","2025","1","",2799,22280,22294,22190,2085420350,162926032,5886505,7208,"",0.97,0.97,0.97,0.96,0.75,0.73,0.81,0.77,"",97,3.6,-417,-1.8,-304,-1.3,-284,-1.3,252790359,13.8,-8962466,-5.2,532619,9.9,967,15.5
"06081","5","1024","73","0","2025","1","",5597,93200,93910,94241,6310801819,753755080,28161224,5176,"",0.83,1.59,1.59,1.60,1.35,1.41,1.41,0.85,"",287,5.4,-4591,-4.7,-3446,-3.5,-3569,-3.6,297027332,4.9,-38494097,-4.9,1719445,6.5,439,9.3
"06081","5","1025","73","0","2025","1","",10412,59198,59929,60023,1405825270,291031325,8406343,1811,"",1.73,0.86,0.86,0.87,0.45,0.96,0.91,0.53,"",1029,11.0,1347,2.3,1526,2.6,1247,2.1,66769717,5.0,9974482,3.5,831528,11.0,46,2.6
"06081","5","1026","73","0","2025","1","",2496,42917,42956,42994,470414087,261075619,6473875,842,"",0.95,1.01,1.00,0.99,0.48,1.22,0.99,0.48,"",125,5.3,847,2.0,1052,2.5,977,2.3,19898244,4.4,3406780,1.3,874914,15.6,17,2.1
"06081","5","1027","73","0","2025","1","",3693,13766,13930,14027,259265963,80130567,2356585,1434,"",1.57,1.13,1.13,1.14,0.57,1.04,0.95,0.50,"",260,7.6,-215,-1.5,-47,-0.3,149,1.1,17563845,7.3,-15180,0.0,165824,7.6,101,7.6
"06081","5","1029","73","0","2025","1","",51,38,40,43,376914,242781,5544,719,"",0.08,0.07,0.07,0.08,0.01,0.05,0.02,0.17,"",32,168.4,37,3700.0,39,3900.0,42,4200.0,359635,2081.3,225502,1305.1,4957,844.5,-610,-45.9
"06081","5","11","74","0","2025","1","",127,1213,1160,1139,18891746,8170281,246623,1241,"",0.42,0.42,0.40,0.38,0.20,0.40,0.28,0.50,"",3,2.4,-155,-11.3,-130,-10.1,-130,-10.2,-4440740,-19.0,-1023792,-11.1,-29973,-10.8,-130,-9.5
"06081","5","111","75","0","2025","1","",63,834,790,757,12300024,5640287,180887,1192,"",0.46,0.72,0.66,0.60,0.34,0.70,0.50,0.52,"",-2,-3.1,-188,-18.4,-158,-16.7,-158,-17.3,-5609032,-31.3,-1272002,-18.4,-34885,-16.2,-241,-16.8
"06081","5","1112","76","0","2025","1","",12,150,102,105,807181,635376,17287,522,"",0.83,0.93,0.60,0.59,0.15,0.57,0.27,0.21,"",0,0.0,4,2.7,-22,-17.7,1,1.0,-105630,-11.6,-43922,-6.5,600,3.6,-41,-7.3
"06081","5","11121","77","0","2025","1","",12,150,102,105,807181,635376,17287,522,"",0.83,0.93,0.60,0.59,0.15,0.57,0.27,0.21,"",0,0.0,4,2.7,-22,-17.7,1,1.0,-105630,-11.6,-43922,-6.5,600,3.6,-41,-7.3
"06081","5","111219","78","0","2025","1","",12,150,102,105,807181,635376,17287,522,"",1.03,1.12,0.75,0.74,0.18,0.74,0.32,0.21,"",0,0.0,4,2.7,-22,-17.7,1,1.0,-105630,-11.6,-43922,-6.5,600,3.6,-41,-7.3
"06081","5","1113","76","0","2025","1","N",5,0,0,0,0,0,0,0,"N",0.19,0,0,0,0,0,0,0,"N",0,0.0,0,0,0,0,0,0,0,0,0,0,0,0,0,0
"06081","5","11133","77","0","2025","1","N",5,0,0,0,0,0,0,0,"N",0.20,0,0,0,0,0,0,0,"N",0,0.0,0,0,0,0,0,0,0,0,0,0,0,0,0,0
"06081","5","111332","78","0","2025","1","N",1,0,0,0,0,0,0,0,"N",0.21,0,0,0,0,0,0,0,"N",0,0.0,0,0,0,0,0,0,0,0,0,0,0,0,0,0
"06081","5","111333","78","0","2025","1","N",1,0,0,0,0,0,0,0,"N",0.73,0,0,0,0,0,0,0,"N",0,0.0,0,0,0,0,0,0,0,0,0,0,0,0,0,0
"06081","5","111335","78","0","2025","1","N",2,0,0,0,0,0,0,0,"N",0.35,0,0,0,0,0,0,0,"N",0,0.0,0,0,0,0,0,0,0,0,0,0,0,0,0,0
"06081","5","111339","78","0","2025","1","N",1,0,0,0,0,0,0,0,"N",0.18,0,0,0,0,0,0,0,"N",0,0.0,0,0,0,0,0,0,0,0,0,0,0,0,0,0
"06081","5","1114","76","0","2025","1","",39,465,482,438,8951094,3524581,138911,1491,"",1.45,1.14,1.14,0.96,0.68,1.18,1.16,0.63,"",-1,-2.5,-175,-27.3,-116,-19.4,-138,-24.0,-5473448,-37.9,-1136449,-24.4,-33636,-19.5,-344,-18.7
"06081","5","11141","77","0","2025","1","",11,195,190,145,5375650,1452901,69949,2341,"",1.45,1.57,1.50,1.15,1.27,1.50,1.35,0.91,"",0,0.0,-143,-42.3,-97,-33.8,-143,-49.7,-4907994,-47.7,-993560,-40.6,-41435,-37.2,-258,-9.9
"06081","5","111411","78","0","2025","1","",6,86,87,89,1199139,645626,25922,1056,"",6.65,3.77,3.64,3.75,1.49,3.75,3.83,0.40,"N",0,0.0,0,0,0,0,0,0,0,0,0,0,0,0,0,0
"06081","5","111419","78","0","2025","1","",5,109,103,56,4176511,807275,44027,3596,"",0.75,1.07,1.01,0.55,1.22,1.02,0.98,1.40,"N",0,0.0,0,0,0,0,0,0,0,0,0,0,0,0,0,0
"06081","5","11142","77","0","2025","1","",28,270,292,293,3575444,2071680,68962,965,"",1.44,0.95,0.99,0.89,0.40,1.02,1.01,0.42,"",-1,-3.4,-32,-10.6,-19,-6.1,5,1.7,-565454,-13.7,-142889,-6.5,7799,12.8,-96,-9.0
"06081","5","111421","78","0","2025","1","",12,133,137,139,1702022,957616,24319,960,"",0.88,0.70,0.71,0.65,0.28,0.71,0.51,0.41,"",-1,-7.7,-37,-21.8,-36,-20.8,-13,-8.6,-543513,-24.2,-215756,-18.4,2774,12.9,-87,-8.3
"06081","5","111422","78","0","2025","1","",16,137,155,154,1873422,1114064,44643,969,"",2.78,1.47,1.51,1.33,0.64,1.65,2.16,0.45,"",0,0.0,5,3.8,17,12.3,18,13.2,-21941,-1.2,72867,7.0,5025,12.7,-108,-10.0
"06081","5","1119","76","0","2025","1","N",7,0,0,0,0,0,0,0,"N",0.23,0,0,0,0,0,0,0,"N",-1,-12.5,0,0,0,0,0,0,0,0,0,0,0,0,0,0
"06081","5","11194","77","0","2025","1","N",1,0,0,0,0,0,0,0,"N",0.20,0,0,0,0,0,0,0,"N",-1,-50.0,0,0,0,0,0,0,0,0,0,0,0,0,0,0
"06081","5","111940","78","0","2025","1","N",1,0,0,0,0,0,0,0,"N",0.20,0,0,0,0,0,0,0,"N",-1,-50.0,0,0,0,0,0,0,0,0,0,0,0,0,0,0
"06081","5","11199","77","0","2025","1","N",6,0,0,0,0,0,0,0,"N",0.34,0,0,0,0,0,0,0,"N",0,0.0,0,0,0,0,0,0,0,0,0,0,0,0,0,0
"06081","5","111998","78","0","2025","1","N",6,0,0,0,0,0,0,0,"N",0.38,0,0,0,0,0,0,0,"N",0,0.0,0,0,0,0,0,0,0,0,0,0,0,0,0,0
"06081","5","112","75","0","2025","1","",17,61,58,58,822299,368618,12688,1072,"",0.22,0.09,0.08,0.08,0.03,0.07,0.12,0.39,"",2,13.3,3,5.2,7,13.7,1,1.8,3006,0.4,1592,0.4,-512,-3.9,-67,-5.9
"06081","5","1121","76","0","2025","1","",5,22,20,21,227630,114699,2187,834,"",0.10,0.05,0.05,0.05,0.02,0.03,0.04,0.33,"",0,0.0,5,29.4,8,66.7,1,5.0,38694,20.5,14760,14.8,255,13.2,-56,-6.3
"06081","5","11211","77","0","2025","1","",5,22,20,21,227630,114699,2187,834,"",0.16,0.15,0.13,0.14,0.05,0.10,0.12,0.33,"",0,0.0,5,29.4,8,66.7,1,5.0,38694,20.5,14760,14.8,255,13.2,-56,-6.3
"06081","5","112111","78","0","2025","1","",5,22,20,21,227630,114699,2187,834,"",0.18,0.20,0.18,0.19,0.07,0.15,0.16,0.35,"",0,0.0,5,29.4,8,66.7,1,5.0,38694,20.5,14760,14.8,255,13.2,-56,-6.3
"06081","5","1123","76","0","2025","1","N",3,0,0,0,0,0,0,0,"N",0.42,0,0,0,0,0,0,0,"N",1,50.0,0,0,0,0,0,0,0,0,0,0,0,0,0,0
"06081","5","11231","77","0","2025","1","N",2,0,0,0,0,0,0,0,"N",0.89,0,0,0,0,0,0,0,"N",1,100.0,0,0,0,0,0,0,0,0,0,0,0,0,0,0
"06081","5","112310","78","0","2025","1","N",2,0,0,0,0,0,0,0,"N",0.89,0,0,0,0,0,0,0,"N",1,100.0,0,0,0,0,0,0,0,0,0,0,0,0,0,0
"06081","5","11232","77","0","2025","1","N",1,0,0,0,0,0,0,0,"N",0.57,0,0,0,0,0,0,0,"N",0,0.0,0,0,0,0,0,0,0,0,0,0,0,0,0,0
"06081","5","112320","78","0","2025","1","N",1,0,0,0,0,0,0,0,"N",0.57,0,0,0,0,0,0,0,"N",0,0.0,0,0,0,0,0,0,0,0,0,0,0,0,0,0
"06081","5","1125","76","0","2025","1","N",1,0,0,0,0,0,0,0,"N",0.36,0,0,0,0,0,0,0,"N",0,0.0,0,0,0,0,0,0,0,0,0,0,0,0,0,0
"06081","5","11251","77","0","2025","1","N",1,0,0,0,0,0,0,0,"N",0.36,0,0,0,0,0,0,0,"N",0,0.0,0,0,0,0,0,0,0,0,0,0,0,0,0,0
"06081","5","112519","78","0","2025","1","N",1,0,0,0,0,0,0,0,"N",1.80,0,0,0,0,0,0,0,"N",0,0.0,0,0,0,0,0,0,0,0,0,0,0,0,0,0
"06081","5","1129","76","0","2025","1","",8,15,15,14,230083,107660,3076,1207,"",0.68,0.27,0.26,0.25,0.11,0.27,0.25,0.44,"",1,14.3,1,7.1,1,7.1,1,7.7,14042,6.5,7270,7.2,-283,-8.4,-9,-0.7
"06081","5","11292","77","0","2025","1","N",6,0,0,0,0,0,0,0,"N",1.33,0,0,0,0,0,0,0,"N",1,20.0,0,0,0,0,0,0,0,0,0,0,0,0,0,0
"06081","5","112920","78","0","2025","1","N",6,0,0,0,0,0,0,0,"N",1.33,0,0,0,0,0,0,0,"N",1,20.0,0,0,0,0,0,0,0,0,0,0,0,0,0,0
"06081","5","11299","77","0","2025","1","N",2,0,0,0,0,0,0,0,"N",0.43,0,0,0,0,0,0,0,"N",0,0.0,0,0,0,0,0,0,0,0,0,0,0,0,0,0
"06081","5","112990","78","0","2025","1","N",2,0,0,0,0,0,0,0,"N",0.43,0,0,0,0,0,0,0,"N",0,0.0,0,0,0,0,0,0,0,0,0,0,0,0,0,0
"06081","5","113","75","0","2025","1","N",1,0,0,0,0,0,0,0,"N",0.04,0,0,0,0,0,0,0,"N",0,0.0,0,0,0,0,0,0,0,0,0,0,0,0,0,0
"06081","5","1132","76","0","2025","1","N",1,0,0,0,0,0,0,0,"N",1.06,0,0,0,0,0,0,0,"N",0,0.0,0,0,0,0,0,0,0,0,0,0,0,0,0,0
"06081","5","11321","77","0","2025","1","N",1,0,0,0,0,0,0,0,"N",1.06,0,0,0,0,0,0,0,"N",0,0.0,0,0,0,0,0,0,0,0,0,0,0,0,0,0
"06081","5","113210","78","0","2025","1","N",1,0,0,0,0,0,0,0,"N",1.06,0,0,0,0,0,0,0,"N",0,0.0,0,0,0,0,0,0,0,0,0,0,0,0,0,0
"06081","5","114","75","0","2025","1","N",11,0,0,0,0,0,0,0,"N",1.50,0,0,0,0,0,0,0,"N",1,10.0,0,0,0,0,0,0,0,0,0,0,0,0,0,0
"06081","5","1141","76","0","2025","1","N",10,0,0,0,0,0,0,0,"N",1.77,0,0,0,0,0,0,0,"N",1,11.1,0,0,0,0,0,0,0,0,0,0,0,0,0,0
"06081","5","11411","77","0","2025","1","N",10,0,0,0,0,0,0,0,"N",1.77,0,0,0,0,0,0,0,"N",1,11.1,0,0,0,0,0,0,0,0,0,0,0,0,0,0
"06081","5","114111","78","0","2025","1","N",8,0,0,0,0,0,0,0,"N",3.14,0,0,0,0,0,0,0,"N",0,0.0,0,0,0,0,0,0,0,0,0,0,0,0,0,0
"06081","5","114112","78","0","2025","1","N",2,0,0,0,0,0,0,0,"N",0.76,0,0,0,0,0,0,0,"N",1,100.0,0,0,0,0,0,0,0,0,0,0,0,0,0,0
"06081","5","1142","76","0","2025","1","N",1,0,0,0,0,0,0,0,"N",0.60,0,0,0,0,0,0,0,"N",0,0.0,0,0,0,0,0,0,0,0,0,0,0,0,0,0
"06081","5","11421","77","0","2025","1","N",1,0,0,0,0,0,0,0,"N",0.60,0,0,0,0,0,0,0,"N",0,0.0,0,0,0,0,0,0,0,0,0,0,0,0,0,0
"06081","5","114210","78","0","2025","1","N",1,0,0,0,0,0,0,0,"N",0.60,0,0,0,0,0,0,0,"N",0,0.0,0,0,0,0,0,0,0,0,0,0,0,0,0,0
"06081","5","115","75","0","2025","1","",35,293,290,304,5254816,1962409,46173,1367,"",0.58,0.34,0.34,0.36,0.20,0.35,0.13,0.58,"",2,6.1,19,6.9,14,5.1,23,8.2,1001879,23.6,162463,9.0,3138,7.3,186,15.7
"06081","5","1151","76","0","2025","1","N",6,0,0,0,0,0,0,0,"N",0.17,0,0,0,0,0,0,0,"N",0,0.0,0,0,0,0,0,0,0,0,0,0,0,0,0,0
"06081","5","11511","77","0","2025","1","N",6,0,0,0,0,0,0,0,"N",0.17,0,0,0,0,0,0,0,"N",0,0.0,0,0,0,0,0,0,0,0,0,0,0,0,0,0
"06081","5","115112","78","0","2025","1","N",4,0,0,0,0,0,0,0,"N",0.38,0,0,0,0,0,0,0,"N",0,0.0,0,0,0,0,0,0,0,0,0,0,0,0,0,0
"06081","5","115115","78","0","2025","1","N",1,0,0,0,0,0,0,0,"N",0.11,0,0,0,0,0,0,0,"N",0,0.0,0,0,0,0,0,0,0,0,0,0,0,0,0,0
"06081","5","115116","78","0","2025","1","N",1,0,0,0,0,0,0,0,"N",0.20,0,0,0,0,0,0,0,"N",0,0.0,0,0,0,0,0,0,0,0,0,0,0,0,0,0
"06081","5","1152","76","0","2025","1","",25,193,171,176,2958349,1147107,24547,1264,"",1.47,2.32,2.04,2.09,1.06,1.95,2.05,0.50,"",2,8.7,14,7.8,-5,-2.8,-5,-2.8,211307,7.7,29786,2.7,1346,5.8,81,6.8
"06081","5","11521","77","0","2025","1","",25,193,171,176,2958349,1147107,24547,1264,"",1.47,2.32,2.04,2.09,1.06,1.95,2.05,0.50,"",2,8.7,14,7.8,-5,-2.8,-5,-2.8,211307,7.7,29786,2.7,1346,5.8,81,6.8
"06081","5","115210","78","0","2025","1","",25,193,171,176,2958349,1147107,24547,1264,"",1.47,2.32,2.04,2.09,1.06,1.95,2.05,0.50,"",2,8.7,14,7.8,-5,-2.8,-5,-2.8,211307,7.7,29786,2.7,1346,5.8,81,6.8
"06081","5","1153","76","0","2025","1","N",4,0,0,0,0,0,0,0,"N",0.47,0,0,0,0,0,0,0,"N",0,0.0,0,0,0,0,0,0,0,0,0,0,0,0,0,0
"06081","5","11531","77","0","2025","1","N",4,0,0,0,0,0,0,0,"N",0.47,0,0,0,0,0,0,0,"N",0,0.0,0,0,0,0,0,0,0,0,0,0,0,0,0,0
"06081","5","115310","78","0","2025","1","N",4,0,0,0,0,0,0,0,"N",0.47,0,0,0,0,0,0,0,"N",0,0.0,0,0,0,0,0,0,0,0,0,0,0,0,0,0
"06081","5","21","74","0","2025","1","",5,60,62,56,2189040,454012,18752,2838,"",0.06,0.04,0.04,0.04,0.01,0.03,0.03,0.34,"",0,0.0,-7,-10.4,-6,-8.8,-12,-17.6,-457341,-17.3,-68129,-13.0,-1997,-9.6,-170,-5.7
"06081","5","212","75","0","2025","1","N",4,0,0,0,0,0,0,0,"N",0.20,0,0,0,0,0,0,0,"N",0,0.0,0,0,0,0,0,0,0,0,0,0,0,0,0,0
"06081","5","2123","76","0","2025","1","N",4,0,0,0,0,0,0,0,"N",0.24,0,0,0,0,0,0,0,"N",0,0.0,0,0,0,0,0,0,0,0,0,0,0,0,0,0
"06081","5","21232","77","0","2025","1","N",3,0,0,0,0,0,0,0,"N",0.36,0,0,0,0,0,0,0,"N",0,0.0,0,0,0,0,0,0,0,0,0,0,0,0,0,0
"06081","5","212321","78","0","2025","1","N",3,0,0,0,0,0,0,0,"N",0.42,0,0,0,0,0,0,0,"N",0,0.0,0,0,0,0,0,0,0,0,0,0,0,0,0,0
"06081","5","21239","77","0","2025","1","N",1,0,0,0,0,0,0,0,"N",0.78,0,0,0,0,0,0,0,"N",0,0.0,0,0,0,0,0,0,0,0,0,0,0,0,0,0
"06081","5","212390","78","0","2025","1","N",1,0,0,0,0,0,0,0,"N",0.78,0,0,0,0,0,0,0,"N",0,0.0,0,0,0,0,0,0,0,0,0,0,0,0,0,0
"06081","5","213","75","0","2025","1","N",1,0,0,0,0,0,0,0,"N",0.02,0,0,0,0,0,0,0,"N",0,0.0,0,0,0,0,0,0,0,0,0,0,0,0,0,0
"06081","5","2131","76","0","2025","1","N",1,0,0,0,0,0,0,0,"N",0.02,0,0,0,0,0,0,0,"N",0,0.0,0,0,0,0,0,0,0,0,0,0,0,0,0,0
"06081","5","21311","77","0","2025","1","N",1,0,0,0,0,0,0,0,"N",0.02,0,0,0,0,0,0,0,"N",0,0.0,0,0,0,0,0,0,0,0,0,0,0,0,0,0
"06081","5","213115","78","0","2025","1","N",1,0,0,0,0,0,0,0,"N",1.15,0,0,0,0,0,0,0,"N",0,0.0,0,0,0,0,0,0,0,0,0,0,0,0,0,0
"06081","5","22","74","0","2025","1","",25,969,969,978,58394487,7159313,193239,4621,"",0.38,0.62,0.61,0.61,0.31,0.41,0.50,0.51,"",2,8.7,19,2.0,7,0.7,21,2.2,2413085,4.3,624940,9.6,21972,12.8,118,2.6
"06081","5","221","75","0","2025","1","",25,969,969,978,58394487,7159313,193239,4621,"",0.38,0.62,0.61,0.61,0.31,0.41,0.50,0.51,"",2,8.7,19,2.0,7,0.7,21,2.2,2413085,4.3,624940,9.6,21972,12.8,118,2.6
"06081","5","2211","76","0","2025","1","N",10,0,0,0,0,0,0,0,"N",0.26,0,0,0,0,0,0,0,"N",-2,-16.7,0,0,0,0,0,0,0,0,0,0,0,0,0,0
"06081","5","22111","77","0","2025","1","N",9,0,0,0,0,0,0,0,"N",0.46,0,0,0,0,0,0,0,"N",-2,-18.2,0,0,0,0,0,0,0,0,0,0,0,0,0,0
"06081","5","221111","78","0","2025","1","N",1,0,0,0,0,0,0,0,"N",0.57,0,0,0,0,0,0,0,"N",0,0.0,0,0,0,0,0,0,0,0,0,0,0,0,0,0
"06081","5","221113","78","0","2025","1","N",1,0,0,0,0,0,0,0,"N",2.04,0,0,0,0,0,0,0,"N",0,0.0,0,0,0,0,0,0,0,0,0,0,0,0,0,0
"06081","5","221114","78","0","2025","1","N",3,0,0,0,0,0,0,0,"N",0.42,0,0,0,0,0,0,0,"N",0,0.0,0,0,0,0,0,0,0,0,0,0,0,0,0,0
"06081","5","221116","78","0","2025","1","N",1,0,0,0,0,0,0,0,"N",5.68,0,0,0,0,0,0,0,"N",0,0.0,0,0,0,0,0,0,0,0,0,0,0,0,0,0
"06081","5","221118","78","0","2025","1","N",3,0,0,0,0,0,0,0,"N",1.32,0,0,0,0,0,0,0,"N",-2,-40.0,0,0,0,0,0,0,0,0,0,0,0,0,0,0
"06081","5","22112","77","0","2025","1","N",1,0,0,0,0,0,0,0,"N",0.05,0,0,0,0,0,0,0,"N",0,0.0,0,0,0,0,0,0,0,0,0,0,0,0,0,0
"06081","5","221122","78","0","2025","1","N",1,0,0,0,0,0,0,0,"N",0.06,0,0,0,0,0,0,0,"N",0,0.0,0,0,0,0,0,0,0,0,0,0,0,0,0,0
"06081","5","2212","76","0","2025","1","N",2,0,0,0,0,0,0,0,"N",0.23,0,0,0,0,0,0,0,"N",0,0.0,0,0,0,0,0,0,0,0,0,0,0,0,0,0
"06081","5","22121","77","0","2025","1","N",2,0,0,0,0,0,0,0,"N",0.23,0,0,0,0,0,0,0,"N",0,0.0,0,0,0,0,0,0,0,0,0,0,0,0,0,0
"06081","5","221210","78","0","2025","1","N",2,0,0,0,0,0,0,0,"N",0.23,0,0,0,0,0,0,0,"N",0,0.0,0,0,0,0,0,0,0,0,0,0,0,0,0,0
"06081","5","2213","76","0","2025","1","",13,133,134,134,3398603,681762,12614,1956,"",0.71,0.82,0.82,0.81,0.34,0.46,0.35,0.42,"",4,44.4,8,6.4,11,8.9,11,8.9,256531,8.2,3323,0.5,1057,9.1,2,0.1
"06081","5","22131","77","0","2025","1","N",12,0,0,0,0,0,0,0,"N",0.75,0,0,0,0,0,0,0,"N",3,33.3,0,0,0,0,0,0,0,0,0,0,0,0,0,0
"06081","5","221310","78","0","2025","1","N",12,0,0,0,0,0,0,0,"N",0.75,0,0,0,0,0,0,0,"N",3,33.3,0,0,0,0,0,0,0,0,0,0,0,0,0,0
"06081","5","22133","77","0","2025","1","N",1,0,0,0,0,0,0,0,"N",2.43,0,0,0,0,0,0,0,"N",1,100.0,0,0,0,0,0,0,0,0,0,0,0,0,0,0
"06081","5","221330","78","0","2025","1","N",1,0,0,0,0,0,0,0,"N",2.43,0,0,0,0,0,0,0,"N",1,100.0,0,0,0,0,0,0,0,0,0,0,0,0,0,0
"06081","5","23","74","0","2025","1","",2094,15648,15862,15985,418817870,118964662,4639256,2035,"",0.83,0.75,0.75,0.75,0.36,0.62,0.47,0.47,"",126,6.4,-700,-4.3,-269,-1.7,-184,-1.1,1018906,0.2,-1653456,-1.4,107188,2.4,53,2.7
"06081","5","236","75","0","2025","1","",905,6113,6222,6231,182427517,46008334,1828594,2268,"",1.16,1.28,1.29,1.29,0.60,1.03,0.85,0.46,"",53,6.2,-294,-4.6,-85,-1.3,-106,-1.7,1245701,0.7,-1343909,-2.8,21661,1.2,73,3.3
"06081","5","2361","76","0","2025","1","",803,3516,3606,3604,72701268,26005260,818997,1564,"",1.32,1.46,1.49,1.48,0.55,1.26,1.03,0.37,"",45,5.9,-38,-1.1,133,3.8,124,3.6,1166582,1.6,321594,1.3,32885,4.2,-7,-0.4
"06081","5","23611","77","0","2025","1","",803,3516,3606,3604,72701268,26005260,818997,1564,"",1.32,1.46,1.49,1.48,0.55,1.26,1.03,0.37,"",45,5.9,-38,-1.1,133,3.8,124,3.6,1166582,1.6,321594,1.3,32885,4.2,-7,-0.4
"06081","5","236115","78","0","2025","1","",286,1444,1481,1471,31646100,10605357,312228,1661,"",1.21,1.51,1.55,1.53,0.56,1.27,1.09,0.36,"",-11,-3.7,6,0.4,76,5.4,32,2.2,1673786,5.6,-174153,-1.6,12930,4.3,46,2.8
"06081","5","236116","78","0","2025","1","N",10,0,0,0,0,0,0,0,"N",0.73,0,0,0,0,0,0,0,"N",-1,-9.1,0,0,0,0,0,0,0,0,0,0,0,0,0,0
"06081","5","236117","78","0","2025","1","N",2,0,0,0,0,0,0,0,"N",0.13,0,0,0,0,0,0,0,"N",0,0.0,0,0,0,0,0,0,0,0,0,0,0,0,0,0
"06081","5","236118","78","0","2025","1","",505,1836,1888,1903,32779946,13683386,419315,1344,"",1.47,1.56,1.59,1.59,0.66,1.44,1.03,0.42,"",57,12.7,13,0.7,97,5.4,141,8.0,1215599,3.9,814040,6.3,28901,7.4,-11,-0.8
"06081","5","2362","76","0","2025","1","",102,2597,2616,2627,109726249,20003074,1009597,3230,"",0.59,1.09,1.09,1.09,0.63,0.83,0.75,0.58,"",8,8.5,-256,-9.0,-218,-7.7,-230,-8.1,79119,0.1,-1665503,-7.7,-11224,-1.1,268,9.0
"06081","5","23621","77","0","2025","1","",3,16,16,20,254098,118226,7050,1128,"",0.16,0.04,0.04,0.05,0.01,0.03,0.02,0.21,"",0,0.0,-5,-23.8,-2,-11.1,1,5.3,-111154,-30.4,-36113,-23.4,-2435,-25.7,-325,-22.4
"06081","5","236210","78","0","2025","1","",3,16,16,20,254098,118226,7050,1128,"",0.16,0.04,0.04,0.05,0.01,0.03,0.02,0.21,"",0,0.0,-5,-23.8,-2,-11.1,1,5.3,-111154,-30.4,-36113,-23.4,-2435,-25.7,-325,-22.4
"06081","5","23622","77","0","2025","1","",99,2581,2600,2607,109472151,19884848,1002547,3244,"",0.64,1.32,1.33,1.32,0.76,1.01,0.95,0.58,"",8,8.8,-251,-8.9,-216,-7.7,-231,-8.1,190273,0.2,-1629390,-7.6,-8789,-0.9,272,9.2
"06081","5","236220","78","0","2025","1","",99,2581,2600,2607,109472151,19884848,1002547,3244,"",0.64,1.32,1.33,1.32,0.76,1.01,0.95,0.58,"",8,8.8,-251,-8.9,-216,-7.7,-231,-8.1,190273,0.2,-1629390,-7.6,-8789,-0.9,272,9.2
"06081","5","237","75","0","2025","1","",46,717,724,709,23139525,5278745,218733,2484,"",0.29,0.25,0.25,0.24,0.12,0.19,0.13,0.49,"",-3,-6.1,-158,-18.1,-176,-19.6,-202,-22.2,-10535018,-31.3,-1515217,-22.3,-97135,-30.8,-409,-14.1
"06081","5","2371","76","0","2025","1","",16,318,331,325,10907481,2349610,85507,2584,"",0.19,0.21,0.21,0.20,0.11,0.15,0.10,0.51,"",-1,-5.9,75,30.9,71,27.3,64,24.5,2724562,33.3,448320,23.6,22115,34.9,112,4.5
"06081","5","23711","77","0","2025","1","N",10,0,0,0,0,0,0,0,"N",0.29,0,0,0,0,0,0,0,"N",-1,-9.1,0,0,0,0,0,0,0,0,0,0,0,0,0,0
"06081","5","237110","78","0","2025","1","N",10,0,0,0,0,0,0,0,"N",0.29,0,0,0,0,0,0,0,"N",-1,-9.1,0,0,0,0,0,0,0,0,0,0,0,0,0,0
"06081","5","23713","77","0","2025","1","N",6,0,0,0,0,0,0,0,"N",0.17,0,0,0,0,0,0,0,"N",0,0.0,0,0,0,0,0,0,0,0,0,0,0,0,0,0
"06081","5","237130","78","0","2025","1","N",6,0,0,0,0,0,0,0,"N",0.17,0,0,0,0,0,0,0,"N",0,0.0,0,0,0,0,0,0,0,0,0,0,0,0,0,0
"06081","5","2372","76","0","2025","1","",13,49,49,49,1355828,335755,8535,2128,"",0.86,0.52,0.52,0.52,0.16,0.40,0.34,0.30,"",-2,-13.3,-12,-19.7,-12,-19.7,-9,-15.5,-336406,-19.9,-105793,-24.0,-2736,-24.3,-42,-1.9
"06081","5","23721","77","0","2025","1","",13,49,49,49,1355828,335755,8535,2128,"",0.86,0.52,0.52,0.52,0.16,0.40,0.34,0.30,"",-2,-13.3,-12,-19.7,-12,-19.7,-9,-15.5,-336406,-19.9,-105793,-24.0,-2736,-24.3,-42,-1.9
"06081","5","237210","78","0","2025","1","",13,49,49,49,1355828,335755,8535,2128,"",0.86,0.52,0.52,0.52,0.16,0.40,0.34,0.30,"",-2,-13.3,-12,-19.7,-12,-19.7,-9,-15.5,-336406,-19.9,-105793,-24.0,-2736,-24.3,-42,-1.9
"06081","5","2373","76","0","2025","1","",11,154,150,144,3705488,1118511,60576,1909,"",0.33,0.18,0.17,0.16,0.07,0.13,0.09,0.40,"",0,0.0,-30,-16.3,-41,-21.5,-52,-26.5,-1252478,-25.3,-312547,-21.8,-20438,-25.2,-95,-4.7
"06081","5","23731","77","0","2025","1","",11,154,150,144,3705488,1118511,60576,1909,"",0.33,0.18,0.17,0.16,0.07,0.13,0.09,0.40,"",0,0.0,-30,-16.3,-41,-21.5,-52,-26.5,-1252478,-25.3,-312547,-21.8,-20438,-25.2,-95,-4.7
"06081","5","237310","78","0","2025","1","",11,154,150,144,3705488,1118511,60576,1909,"",0.33,0.18,0.17,0.16,0.07,0.13,0.09,0.40,"",0,0.0,-30,-16.3,-41,-21.5,-52,-26.5,-1252478,-25.3,-312547,-21.8,-20438,-25.2,-95,-4.7
"06081","5","2379","76","0","2025","1","",6,196,194,191,7170728,1474869,64115,2848,"",0.22,0.55,0.53,0.51,0.28,0.43,0.32,0.53,"",0,0.0,-191,-49.4,-194,-50.0,-205,-51.8,-11670696,-61.9,-1545197,-51.2,-96076,-60.0,-865,-23.3
"06081","5","23799","77","0","2025","1","",6,196,194,191,7170728,1474869,64115,2848,"",0.22,0.55,0.53,0.51,0.28,0.43,0.32,0.53,"",0,0.0,-191,-49.4,-194,-50.0,-205,-51.8,-11670696,-61.9,-1545197,-51.2,-96076,-60.0,-865,-23.3
"06081","5","237990","78","0","2025","1","",6,196,194,191,7170728,1474869,64115,2848,"",0.22,0.55,0.53,0.51,0.28,0.43,0.32,0.53,"",0,0.0,-191,-49.4,-194,-50.0,-205,-51.8,-11670696,-61.9,-1545197,-51.2,-96076,-60.0,-865,-23.3
"06081","5","238","75","0","2025","1","",1143,8818,8916,9045,213250828,67677583,2591929,1838,"",0.72,0.67,0.67,0.67,0.31,0.57,0.43,0.47,"",76,7.1,-248,-2.7,-8,-0.1,124,1.4,10308223,5.1,1205670,1.8,182662,7.6,98,5.6
"06081","5","2381","76","0","2025","1","",172,1114,1084,1085,21332606,7870820,242307,1500,"",0.54,0.46,0.44,0.43,0.19,0.38,0.23,0.43,"",6,3.6,51,4.8,32,3.0,25,2.4,2267369,11.9,275884,3.6,25718,11.9,114,8.2
"06081","5","23811","77","0","2025","1","",31,227,231,225,4692959,1695933,65731,1586,"",0.47,0.37,0.37,0.35,0.16,0.32,0.26,0.45,"",2,6.9,-32,-12.4,-19,-7.6,-31,-12.1,-71938,-1.5,-206843,-10.9,4143,6.7,149,10.4
"06081","5","238111","78","0","2025","1","N",28,0,0,0,0,0,0,0,"N",0.58,0,0,0,0,0,0,0,"N",2,7.7,0,0,0,0,0,0,0,0,0,0,0,0,0,0
"06081","5","238112","78","0","2025","1","N",3,0,0,0,0,0,0,0,"N",0.17,0,0,0,0,0,0,0,"N",0,0.0,0,0,0,0,0,0,0,0,0,0,0,0,0,0
"06081","5","23812","77","0","2025","1","",4,20,19,18,308012,125541,2719,1247,"",0.26,0.09,0.08,0.08,0.03,0.06,0.02,0.30,"",-1,-20.0,-2,-9.1,-7,-26.9,-8,-30.8,-41643,-11.9,-46859,-27.2,-1276,-31.9,157,14.4
"06081","5","238121","78","0","2025","1","N",1,0,0,0,0,0,0,0,"N",0.24,0,0,0,0,0,0,0,"N",-1,-50.0,0,0,0,0,0,0,0,0,0,0,0,0,0,0
"06081","5","238122","78","0","2025","1","N",3,0,0,0,0,0,0,0,"N",0.27,0,0,0,0,0,0,0,"N",0,0.0,0,0,0,0,0,0,0,0,0,0,0,0,0,0
"06081","5","23813","77","0","2025","1","",11,44,43,49,874749,332848,10774,1484,"",0.36,0.21,0.20,0.23,0.10,0.19,0.15,0.49,"",-1,-8.3,-2,-4.3,1,2.4,7,16.7,53680,6.5,4077,1.2,179,1.7,26,1.8
"06081","5","238131","78","0","2025","1","",11,44,43,49,874749,332848,10774,1484,"",0.41,0.27,0.26,0.30,0.15,0.26,0.22,0.53,"",-1,-8.3,-2,-4.3,1,2.4,7,16.7,53680,6.5,4077,1.2,179,1.7,26,1.8
"06081","5","238132","78","0","2025","1","-",0,0,0,0,0,0,0,0,"N",0.00,0,0,0,0,0,0,0,"N",0,0,0,0,0,0,0,0,0,0,0,0,0,0,0,0
"06081","5","23814","77","0","2025","1","",19,67,76,71,1087937,539181,12927,1173,"",0.38,0.21,0.23,0.20,0.08,0.19,0.07,0.37,"",0,0.0,-8,-10.7,8,11.8,7,10.9,88110,8.8,-14207,-2.6,1107,9.4,58,5.2
"06081","5","238141","78","0","2025","1","N",18,0,0,0,0,0,0,0,"N",0.47,0,0,0,0,0,0,0,"N",0,0.0,0,0,0,0,0,0,0,0,0,0,0,0,0,0
"06081","5","238142","78","0","2025","1","N",1,0,0,0,0,0,0,0,"N",0.08,0,0,0,0,0,0,0,"N",0,0.0,0,0,0,0,0,0,0,0,0,0,0,0,0,0
"06081","5","23815","77","0","2025","1","",15,103,101,100,2830753,723623,25010,2149,"",0.69,0.53,0.52,0.51,0.30,0.42,0.27,0.57,"",3,25.0,18,21.2,17,20.2,18,22.0,-43222,-1.5,107860,17.5,3734,17.6,-493,-18.7
"06081","5","238151","78","0","2025","1","N",13,0,0,0,0,0,0,0,"N",1.02,0,0,0,0,0,0,0,"N",2,18.2,0,0,0,0,0,0,0,0,0,0,0,0,0,0
"06081","5","238152","78","0","2025","1","N",2,0,0,0,0,0,0,0,"N",0.23,0,0,0,0,0,0,0,"N",1,100.0,0,0,0,0,0,0,0,0,0,0,0,0,0,0
"06081","5","23816","77","0","2025","1","",71,558,521,532,9989068,3795245,102887,1431,"",0.82,0.88,0.83,0.82,0.34,0.73,0.43,0.40,"",1,1.4,71,14.6,27,5.5,26,5.1,2132949,27.2,381875,11.2,12525,13.9,212,17.4
"06081","5","238161","78","0","2025","1","",66,508,472,483,9020409,3452161,87913,1423,"",0.95,1.46,1.36,1.36,0.61,1.26,0.87,0.44,"",1,1.5,44,9.5,5,1.1,2,0.4,1624103,22.0,206994,6.4,5593,6.8,214,17.7
"06081","5","238162","78","0","2025","1","",5,50,49,49,968659,343084,14974,1510,"",0.29,0.18,0.17,0.17,0.07,0.14,0.11,0.39,"",0,0.0,27,117.4,22,81.5,24,96.0,508846,110.7,174881,104.0,6932,86.2,95,6.7
"06081","5","23817","77","0","2025","1","",9,75,76,75,1311818,520537,18527,1340,"",0.38,0.70,0.71,0.68,0.31,0.57,0.49,0.44,"",-1,-10.0,5,7.1,7,10.1,5,7.1,116674,9.8,42773,9.0,5161,38.6,20,1.5
"06081","5","238171","78","0","2025","1","",9,75,76,75,1311818,520537,18527,1340,"",0.41,0.81,0.82,0.78,0.37,0.68,0.66,0.46,"",-1,-10.0,5,7.1,7,10.1,5,7.1,116674,9.8,42773,9.0,5161,38.6,20,1.5
"06081","5","23819","77","0","2025","1","",12,20,17,15,237310,137912,3732,1053,"",0.54,0.16,0.13,0.11,0.04,0.12,0.07,0.29,"",3,33.3,1,5.3,-2,-10.5,1,7.1,32759,16.0,7208,5.5,145,4.0,145,16.0
"06081","5","238191","78","0","2025","1","N",10,0,0,0,0,0,0,0,"N",0.75,0,0,0,0,0,0,0,"N",2,25.0,0,0,0,0,0,0,0,0,0,0,0,0,0,0
"06081","5","238192","78","0","2025","1","N",2,0,0,0,0,0,0,0,"N",0.22,0,0,0,0,0,0,0,"N",1,100.0,0,0,0,0,0,0,0,0,0,0,0,0,0,0
"06081","5","2382","76","0","2025","1","",493,4526,4598,4625,128697808,33839666,1405553,2160,"",0.78,0.67,0.68,0.68,0.34,0.53,0.45,0.50,"",29,6.2,-241,-5.1,-94,-2.0,-52,-1.1,2406398,1.9,-1125989,-3.2,13623,1.0,98,4.8
"06081","5","23821","77","0","2025","1","",212,1604,1671,1689,48733245,12040452,525254,2266,"",0.79,0.55,0.57,0.58,0.29,0.44,0.36,0.51,"",14,7.1,-115,-6.7,-12,-0.7,24,1.4,2898791,6.3,-333585,-2.7,21864,4.3,179,8.6
"06081","5","238211","78","0","2025","1","",171,1056,1123,1128,32797440,8109809,329350,2289,"",1.05,1.14,1.21,1.22,0.77,1.01,1.05,0.65,"",11,6.9,-46,-4.2,34,3.1,39,3.6,5008001,18.0,-18928,-0.2,33429,11.3,334,17.1
"06081","5","238212","78","0","2025","1","",41,548,548,561,15935805,3930643,195904,2219,"",0.39,0.28,0.27,0.28,0.13,0.20,0.17,0.46,"",3,7.9,-69,-11.2,-46,-7.7,-15,-2.6,-2109210,-11.7,-314657,-7.4,-11565,-5.6,-111,-4.8
"06081","5","23822","77","0","2025","1","",255,2553,2557,2573,68858558,19324072,805851,2068,"",0.78,0.75,0.75,0.75,0.37,0.61,0.55,0.50,"",14,5.8,-154,-5.7,-105,-3.9,-97,-3.6,-425115,-0.6,-845893,-4.2,-16929,-2.1,79,4.0
"06081","5","238221","78","0","2025","1","",208,1388,1412,1404,30902194,10241286,318403,1696,"",0.83,0.79,0.79,0.79,0.39,0.67,0.59,0.49,"",15,7.8,52,3.9,92,7.0,64,4.8,2004159,6.9,265464,2.7,30545,10.6,27,1.6
"06081","5","238222","78","0","2025","1","",47,1165,1145,1169,37956364,9082786,487448,2518,"",0.60,0.71,0.69,0.70,0.36,0.55,0.52,0.52,"",-1,-2.1,-206,-15.0,-197,-14.7,-161,-12.1,-2429274,-6.0,-1111357,-10.9,-47474,-8.9,213,9.2
"06081","5","23829","77","0","2025","1","",26,369,370,363,11106005,2475142,74448,2326,"",0.77,0.87,0.86,0.83,0.38,0.57,0.35,0.45,"",1,4.0,28,8.2,23,6.6,21,6.1,-67278,-0.6,53489,2.2,8688,13.2,-177,-7.1
"06081","5","238291","78","0","2025","1","",12,45,45,40,967024,353593,8798,1717,"",1.39,1.05,1.05,0.93,0.50,0.96,0.56,0.49,"",1,9.1,1,2.3,0,0.0,0,0.0,-7429,-0.8,105872,42.7,2572,41.3,-26,-1.5
"06081","5","238292","78","0","2025","1","",14,324,325,323,10138981,2121549,65650,2407,"",0.55,0.85,0.84,0.82,0.37,0.53,0.33,0.45,"",0,0.0,27,9.1,23,7.6,21,7.0,-59849,-0.6,-52383,-2.4,6116,10.3,-205,-7.8
"06081","5","2383","76","0","2025","1","",387,2482,2541,2641,51129715,20776613,785744,1540,"",1.06,1.17,1.19,1.22,0.54,1.16,0.83,0.46,"",36,10.3,-17,-0.7,63,2.5,148,5.9,5564135,12.2,2295527,12.4,149044,23.4,132,9.4
"06081","5","23831","77","0","2025","1","",46,476,462,478,8685375,3727501,121070,1415,"",0.78,0.75,0.71,0.73,0.28,0.65,0.35,0.38,"",6,15.0,-16,-3.3,-27,-5.5,-19,-3.8,-1156106,-11.7,-121893,-3.2,-17136,-12.4,-122,-7.9
"06081","5","238311","78","0","2025","1","N",39,0,0,0,0,0,0,0,"N",0.91,0,0,0,0,0,0,0,"N",7,21.9,0,0,0,0,0,0,0,0,0,0,0,0,0,0
"06081","5","238312","78","0","2025","1","N",7,0,0,0,0,0,0,0,"N",0.43,0,0,0,0,0,0,0,"N",-1,-12.5,0,0,0,0,0,0,0,0,0,0,0,0,0,0
"06081","5","23832","77","0","2025","1","",170,720,731,737,11538064,5551194,162712,1217,"",1.53,1.44,1.45,1.43,0.59,1.41,0.79,0.41,"",19,12.6,-51,-6.6,-41,-5.3,-41,-5.3,47926,0.4,-60745,-1.1,-3689,-2.2,75,6.6
"06081","5","238321","78","0","2025","1","",160,659,668,674,10115970,5047405,136677,1167,"",1.71,2.10,2.11,2.09,0.96,2.19,1.45,0.46,"",17,11.9,-58,-8.1,-47,-6.6,-52,-7.2,-139429,-1.4,-161614,-3.1,-9013,-6.2,70,6.4
"06081","5","238322","78","0","2025","1","",10,61,63,63,1422094,503789,26035,1755,"",0.57,0.33,0.33,0.33,0.16,0.31,0.23,0.48,"",2,25.0,7,13.0,6,10.5,11,21.2,187355,15.2,100869,25.0,5324,25.7,7,0.4
"06081","5","23833","77","0","2025","1","",66,401,404,410,8380948,3039229,114577,1592,"",1.28,1.93,1.92,1.94,0.91,1.76,1.34,0.47,"",7,11.9,-14,-3.4,8,2.0,16,4.1,523223,6.7,88011,3.0,11125,10.8,87,5.8
"06081","5","238331","78","0","2025","1","",59,249,254,254,4085811,1920490,53113,1246,"",1.39,1.85,1.87,1.85,0.78,1.84,1.36,0.42,"",7,13.5,-12,-4.6,-5,-1.9,4,1.6,183755,4.7,45250,2.4,8357,18.7,77,6.6
"06081","5","238332","78","0","2025","1","",7,152,150,156,4295137,1118739,61464,2164,"",0.76,2.08,2.03,2.09,1.07,1.64,1.31,0.52,"",0,0.0,-2,-1.3,13,9.5,12,8.3,339468,8.6,42761,4.0,2768,4.7,66,3.1
"06081","5","23834","77","0","2025","1","",41,338,334,326,6360196,2486366,87445,1471,"",1.50,2.44,2.38,2.30,1.11,2.16,1.61,0.47,"",0,0.0,-16,-4.5,-26,-7.2,-33,-9.2,-272417,-4.1,-213055,-7.9,-9335,-9.6,45,3.2
"06081","5","238341","78","0","2025","1","N",38,0,0,0,0,0,0,0,"N",1.57,0,0,0,0,0,0,0,"N",0,0.0,0,0,0,0,0,0,0,0,0,0,0,0,0,0
"06081","5","238342","78","0","2025","1","N",3,0,0,0,0,0,0,0,"N",0.95,0,0,0,0,0,0,0,"N",0,0.0,0,0,0,0,0,0,0,0,0,0,0,0,0,0
"06081","5","23835","77","0","2025","1","",44,236,254,240,4953539,1844681,72251,1566,"",0.51,0.57,0.61,0.58,0.27,0.53,0.48,0.47,"",3,7.3,-14,-5.6,15,6.3,-6,-2.4,161035,3.4,59718,3.3,9851,15.8,61,4.1
"06081","5","238351","78","0","2025","1","",38,203,213,205,4003130,1530287,55995,1488,"",0.49,0.62,0.64,0.62,0.29,0.57,0.57,0.47,"",4,11.8,17,9.1,34,19.0,23,12.6,419527,11.7,210808,16.0,12653,29.2,-24,-1.6
"06081","5","238352","78","0","2025","1","",6,33,41,35,950409,314394,16256,2012,"",0.63,0.40,0.49,0.42,0.21,0.39,0.30,0.49,"",-1,-14.3,-31,-48.4,-19,-31.7,-29,-45.3,-258492,-21.4,-151090,-32.5,-2802,-14.7,528,35.6
"06081","5","23839","77","0","2025","1","",20,311,356,450,11211593,4127642,227689,2316,"",0.69,1.39,1.60,1.94,1.07,2.16,2.24,0.65,"",1,5.3,94,43.3,134,60.4,231,105.5,6260474,126.4,2543491,160.6,158228,227.8,580,33.4
"06081","5","238391","78","0","2025","1","",12,83,85,88,1733260,598990,16574,1562,"",0.72,0.88,0.90,0.91,0.44,0.78,0.56,0.49,"",0,0.0,0,0.0,0,0.0,5,6.0,173062,11.1,13438,2.3,970,6.2,128,8.9
"06081","5","238392","78","0","2025","1","",8,228,271,362,9478333,3528652,211115,2540,"",0.66,1.77,2.12,2.69,1.45,3.08,2.92,0.66,"",1,14.3,94,70.1,134,97.8,226,166.2,6087412,179.5,2530053,253.4,157258,292.0,617,32.1
"06081","5","2389","76","0","2025","1","",91,696,693,694,12090699,5190484,158325,1339,"",0.34,0.36,0.36,0.34,0.13,0.30,0.17,0.36,"",5,5.8,-41,-5.6,-9,-1.3,3,0.4,70321,0.6,-239752,-4.4,-5723,-3.5,37,2.8
"06081","5","23891","77","0","2025","1","",40,335,334,335,5751077,2625567,92126,1322,"",0.36,0.33,0.33,0.32,0.12,0.28,0.18,0.35,"",1,2.6,-71,-17.5,-48,-12.6,-30,-8.2,-760610,-11.7,-391628,-13.0,-13738,-13.0,19,1.5
"06081","5","238911","78","0","2025","1","",23,216,224,217,3570720,1742676,50664,1254,"",0.35,0.58,0.60,0.57,0.22,0.53,0.34,0.39,"",0,0.0,-41,-16.0,-14,-5.9,13,6.4,-430074,-10.7,-82457,-4.5,-6037,-10.6,-67,-5.1
"06081","5","238912","78","0","2025","1","",17,119,110,118,2180357,882891,41462,1450,"",0.37,0.18,0.17,0.18,0.06,0.15,0.11,0.36,"",1,6.2,-30,-20.1,-34,-23.6,-43,-26.7,-330536,-13.2,-309171,-25.9,-7701,-15.7,174,13.6
"06081","5","23899","77","0","2025","1","",51,361,359,359,6339622,2564917,66199,1356,"",0.33,0.40,0.39,0.37,0.14,0.33,0.15,0.37,"",4,8.5,30,9.1,39,12.2,33,10.1,830931,15.1,151876,6.3,8015,13.8,55,4.2
"06081","5","238991","78","0","2025","1","",40,287,286,275,4909952,2014092,45403,1336,"",0.39,0.65,0.64,0.59,0.27,0.58,0.26,0.43,"",4,11.1,13,4.7,27,10.4,7,2.6,504814,11.5,78238,4.0,4080,9.9,67,5.3
"06081","5","238992","78","0","2025","1","",11,74,73,84,1429670,550825,20796,1428,"",0.22,0.16,0.15,0.17,0.05,0.13,0.07,0.34,"",0,0.0,17,29.8,12,19.7,26,44.8,326117,29.6,73638,15.4,3935,23.3,-19,-1.3
"06081","5","31-33","74","0","2025","1","",674,20657,20920,20840,1547794086,155374261,5176721,5723,"",0.63,0.62,0.62,0.62,0.71,0.51,0.52,1.15,"",40,6.3,-362,-1.7,-116,-0.6,-163,-0.8,227866542,17.3,-1485157,-0.9,853793,19.8,893,18.5
"06081","5","311","75","0","2025","1","",106,2802,2777,2848,43768544,19808397,669914,1199,"",0.93,0.60,0.59,0.61,0.21,0.50,0.58,0.35,"",6,6.0,-16,-0.6,-48,-1.7,31,1.1,-1650789,-3.6,-546038,-2.7,1021,0.2,-40,-3.2
"06081","5","3113","76","0","2025","1","",7,650,632,649,14295976,5587284,285485,1708,"",1.09,2.97,2.89,3.00,1.34,3.11,3.20,0.45,"",0,0.0,-71,-9.8,-93,-12.8,-70,-9.7,-2904586,-16.9,-692774,-11.0,-31829,-10.0,-125,-6.8
"06081","5","31134","77","0","2025","1","N",3,0,0,0,0,0,0,0,"N",1.51,0,0,0,0,0,0,0,"N",0,0.0,0,0,0,0,0,0,0,0,0,0,0,0,0,0
"06081","5","311340","78","0","2025","1","N",3,0,0,0,0,0,0,0,"N",1.51,0,0,0,0,0,0,0,"N",0,0.0,0,0,0,0,0,0,0,0,0,0,0,0,0,0
"06081","5","31135","77","0","2025","1","N",4,0,0,0,0,0,0,0,"N",0.97,0,0,0,0,0,0,0,"N",0,0.0,0,0,0,0,0,0,0,0,0,0,0,0,0,0
"06081","5","311351","78","0","2025","1","N",2,0,0,0,0,0,0,0,"N",2.07,0,0,0,0,0,0,0,"N",0,0.0,0,0,0,0,0,0,0,0,0,0,0,0,0,0
"06081","5","311352","78","0","2025","1","N",2,0,0,0,0,0,0,0,"N",0.63,0,0,0,0,0,0,0,"N",0,0.0,0,0,0,0,0,0,0,0,0,0,0,0,0,0
"06081","5","3114","76","0","2025","1","",9,109,103,109,2272535,877211,27992,1634,"",1.15,0.25,0.23,0.24,0.11,0.23,0.18,0.46,"",2,28.6,17,18.5,10,10.8,19,21.1,549739,31.9,108418,14.1,8771,45.6,188,13.0
"06081","5","31141","77","0","2025","1","N",4,0,0,0,0,0,0,0,"N",1.19,0,0,0,0,0,0,0,"N",0,0.0,0,0,0,0,0,0,0,0,0,0,0,0,0,0
"06081","5","311411","78","0","2025","1","N",1,0,0,0,0,0,0,0,"N",1.01,0,0,0,0,0,0,0,"N",0,0.0,0,0,0,0,0,0,0,0,0,0,0,0,0,0
"06081","5","311412","78","0","2025","1","N",3,0,0,0,0,0,0,0,"N",1.26,0,0,0,0,0,0,0,"N",0,0.0,0,0,0,0,0,0,0,0,0,0,0,0,0,0
"06081","5","31142","77","0","2025","1","N",5,0,0,0,0,0,0,0,"N",1.12,0,0,0,0,0,0,0,"N",2,66.7,0,0,0,0,0,0,0,0,0,0,0,0,0,0
"06081","5","311421","78","0","2025","1","N",4,0,0,0,0,0,0,0,"N",1.31,0,0,0,0,0,0,0,"N",2,100.0,0,0,0,0,0,0,0,0,0,0,0,0,0,0
"06081","5","311422","78","0","2025","1","N",1,0,0,0,0,0,0,0,"N",2.33,0,0,0,0,0,0,0,"N",0,0.0,0,0,0,0,0,0,0,0,0,0,0,0,0,0
"06081","5","3115","76","0","2025","1","N",6,0,0,0,0,0,0,0,"N",0.80,0,0,0,0,0,0,0,"N",1,20.0,0,0,0,0,0,0,0,0,0,0,0,0,0,0
"06081","5","31151","77","0","2025","1","N",3,0,0,0,0,0,0,0,"N",0.62,0,0,0,0,0,0,0,"N",1,50.0,0,0,0,0,0,0,0,0,0,0,0,0,0,0
"06081","5","311511","78","0","2025","1","N",1,0,0,0,0,0,0,0,"N",0.51,0,0,0,0,0,0,0,"N",1,100.0,0,0,0,0,0,0,0,0,0,0,0,0,0,0
"06081","5","311513","78","0","2025","1","N",2,0,0,0,0,0,0,0,"N",1.03,0,0,0,0,0,0,0,"N",0,0.0,0,0,0,0,0,0,0,0,0,0,0,0,0,0
"06081","5","31152","77","0","2025","1","",3,45,46,46,1084996,268582,4502,1828,"",1.13,0.73,0.74,0.71,0.41,0.52,0.22,0.56,"",0,0.0,-6,-11.8,-2,-4.2,-3,-6.1,74809,7.4,-7752,-2.8,-143,-3.1,253,16.1
"06081","5","311520","78","0","2025","1","",3,45,46,46,1084996,268582,4502,1828,"",1.13,0.73,0.74,0.71,0.41,0.52,0.22,0.56,"",0,0.0,-6,-11.8,-2,-4.2,-3,-6.1,74809,7.4,-7752,-2.8,-143,-3.1,253,16.1
"06081","5","3116","76","0","2025","1","N",2,0,0,0,0,0,0,0,"N",0.16,0,0,0,0,0,0,0,"N",0,0.0,0,0,0,0,0,0,0,0,0,0,0,0,0,0
"06081","5","31161","77","0","2025","1","N",2,0,0,0,0,0,0,0,"N",0.16,0,0,0,0,0,0,0,"N",0,0.0,0,0,0,0,0,0,0,0,0,0,0,0,0,0
"06081","5","311611","78","0","2025","1","N",1,0,0,0,0,0,0,0,"N",0.22,0,0,0,0,0,0,0,"N",0,0.0,0,0,0,0,0,0,0,0,0,0,0,0,0,0
"06081","5","311612","78","0","2025","1","N",1,0,0,0,0,0,0,0,"N",0.19,0,0,0,0,0,0,0,"N",0,0.0,0,0,0,0,0,0,0,0,0,0,0,0,0,0
"06081","5","3118","76","0","2025","1","",67,1692,1677,1722,20114734,10951692,286443,912,"",1.57,1.84,1.82,1.87,0.63,1.68,1.37,0.34,"",5,8.1,65,4.0,51,3.1,111,6.9,816787,4.2,244308,2.3,25715,9.9,-4,-0.4
"06081","5","31181","77","0","2025","1","",63,1672,1658,1700,20005417,10853741,284203,918,"",1.67,2.35,2.32,2.37,0.87,2.25,1.86,0.37,"",5,8.6,62,3.9,51,3.2,109,6.9,817488,4.3,241525,2.3,25562,9.9,-3,-0.3
"06081","5","311811","78","0","2025","1","",37,549,536,537,4707758,3062914,75346,670,"",1.44,1.98,1.93,1.93,0.84,2.16,1.63,0.43,"",4,12.1,26,5.0,13,2.5,25,4.9,81358,1.8,69849,2.3,12584,20.1,-15,-2.2
"06081","5","311812","78","0","2025","1","",22,1085,1082,1126,14941583,7535846,203785,1047,"",1.95,2.73,2.71,2.80,0.94,2.41,2.09,0.34,"",1,4.8,33,3.1,35,3.3,83,8.0,699589,4.9,144442,2.0,11968,6.2,1,0.1
"06081","5","311813","78","0","2025","1","",4,38,40,37,356076,254981,5072,715,"",4.90,1.00,1.05,0.97,0.22,0.87,0.55,0.22,"",0,0.0,3,8.6,3,8.1,1,2.8,36541,11.4,27234,12.0,1010,24.9,32,4.7
"06081","5","31182","77","0","2025","1","N",3,0,0,0,0,0,0,0,"N",0.88,0,0,0,0,0,0,0,"N",0,0.0,0,0,0,0,0,0,0,0,0,0,0,0,0,0
"06081","5","311821","78","0","2025","1","N",3,0,0,0,0,0,0,0,"N",1.48,0,0,0,0,0,0,0,"N",0,0.0,0,0,0,0,0,0,0,0,0,0,0,0,0,0
"06081","5","31183","77","0","2025","1","N",1,0,0,0,0,0,0,0,"N",0.72,0,0,0,0,0,0,0,"N",0,0.0,0,0,0,0,0,0,0,0,0,0,0,0,0,0
"06081","5","311830","78","0","2025","1","N",1,0,0,0,0,0,0,0,"N",0.72,0,0,0,0,0,0,0,"N",0,0.0,0,0,0,0,0,0,0,0,0,0,0,0,0,0
"06081","5","3119","76","0","2025","1","",15,262,268,268,5394336,1838558,60436,1560,"",0.64,0.36,0.37,0.37,0.16,0.30,0.27,0.42,"",-2,-11.8,-32,-10.9,-30,-10.1,-33,-11.0,-347067,-6.0,-247612,-11.9,-2828,-4.5,76,5.1
"06081","5","31191","77","0","2025","1","N",2,0,0,0,0,0,0,0,"N",0.62,0,0,0,0,0,0,0,"N",0,0.0,0,0,0,0,0,0,0,0,0,0,0,0,0,0
"06081","5","311911","78","0","2025","1","N",1,0,0,0,0,0,0,0,"N",1.08,0,0,0,0,0,0,0,"N",0,0.0,0,0,0,0,0,0,0,0,0,0,0,0,0,0
"06081","5","311919","78","0","2025","1","N",1,0,0,0,0,0,0,0,"N",0.44,0,0,0,0,0,0,0,"N",0,0.0,0,0,0,0,0,0,0,0,0,0,0,0,0,0
"06081","5","31192","77","0","2025","1","N",2,0,0,0,0,0,0,0,"N",0.42,0,0,0,0,0,0,0,"N",0,0.0,0,0,0,0,0,0,0,0,0,0,0,0,0,0
"06081","5","311920","78","0","2025","1","N",2,0,0,0,0,0,0,0,"N",0.42,0,0,0,0,0,0,0,"N",0,0.0,0,0,0,0,0,0,0,0,0,0,0,0,0,0
"06081","5","31193","77","0","2025","1","N",1,0,0,0,0,0,0,0,"N",1.07,0,0,0,0,0,0,0,"N",0,0.0,0,0,0,0,0,0,0,0,0,0,0,0,0,0
"06081","5","311930","78","0","2025","1","N",1,0,0,0,0,0,0,0,"N",1.07,0,0,0,0,0,0,0,"N",0,0.0,0,0,0,0,0,0,0,0,0,0,0,0,0,0
"06081","5","31194","77","0","2025","1","N",2,0,0,0,0,0,0,0,"N",0.60,0,0,0,0,0,0,0,"N",0,0.0,0,0,0,0,0,0,0,0,0,0,0,0,0,0
"06081","5","311941","78","0","2025","1","N",1,0,0,0,0,0,0,0,"N",0.75,0,0,0,0,0,0,0,"N",0,0.0,0,0,0,0,0,0,0,0,0,0,0,0,0,0
"06081","5","311942","78","0","2025","1","N",1,0,0,0,0,0,0,0,"N",0.50,0,0,0,0,0,0,0,"N",0,0.0,0,0,0,0,0,0,0,0,0,0,0,0,0,0
"06081","5","31199","77","0","2025","1","",8,198,202,204,4605150,1425008,39476,1759,"",0.71,0.66,0.67,0.67,0.35,0.56,0.45,0.52,"",-2,-20.0,-32,-13.9,-35,-14.8,-30,-12.8,-364952,-7.3,-236592,-14.2,-1337,-3.3,123,7.5
"06081","5","311991","78","0","2025","1","N",6,0,0,0,0,0,0,0,"N",1.15,0,0,0,0,0,0,0,"N",-1,-14.3,0,0,0,0,0,0,0,0,0,0,0,0,0,0
"06081","5","311999","78","0","2025","1","N",2,0,0,0,0,0,0,0,"N",0.33,0,0,0,0,0,0,0,"N",-1,-33.3,0,0,0,0,0,0,0,0,0,0,0,0,0,0
"06081","5","312","75","0","2025","1","",31,202,214,206,2284240,1208495,33472,847,"",0.69,0.24,0.25,0.24,0.06,0.20,0.14,0.24,"",0,0.0,-36,-15.1,-27,-11.2,-34,-14.2,-193078,-7.8,-165086,-12.0,-1405,-4.0,52,6.5
"06081","5","3121","76","0","2025","1","",31,202,214,206,2284240,1208495,33472,847,"",0.71,0.25,0.26,0.25,0.06,0.20,0.15,0.24,"",0,0.0,-36,-15.1,-27,-11.2,-34,-14.2,-193078,-7.8,-165086,-12.0,-1405,-4.0,52,6.5
"06081","5","31211","77","0","2025","1","N",2,0,0,0,0,0,0,0,"N",0.27,0,0,0,0,0,0,0,"N",1,100.0,0,0,0,0,0,0,0,0,0,0,0,0,0,0
"06081","5","312111","78","0","2025","1","N",2,0,0,0,0,0,0,0,"N",0.53,0,0,0,0,0,0,0,"N",1,100.0,0,0,0,0,0,0,0,0,0,0,0,0,0,0
"06081","5","31212","77","0","2025","1","",8,53,63,60,494342,300654,10734,648,"",0.50,0.20,0.24,0.22,0.05,0.16,0.17,0.22,"",2,33.3,-11,-17.2,0,0.0,-10,-14.3,-52308,-9.6,-39325,-11.6,123,1.2,8,1.2
"06081","5","312120","78","0","2025","1","",8,53,63,60,494342,300654,10734,648,"",0.50,0.20,0.24,0.22,0.05,0.16,0.17,0.22,"",2,33.3,-11,-17.2,0,0.0,-10,-14.3,-52308,-9.6,-39325,-11.6,123,1.2,8,1.2
"06081","5","31213","77","0","2025","1","",19,128,130,127,1386689,780575,16261,831,"",1.23,0.71,0.70,0.68,0.19,0.75,0.27,0.27,"",-2,-9.5,-31,-19.5,-36,-21.7,-27,-17.5,-430359,-23.7,-179969,-18.7,-4785,-22.7,-44,-5.0
"06081","5","312130","78","0","2025","1","",19,128,130,127,1386689,780575,16261,831,"",1.23,0.71,0.70,0.68,0.19,0.75,0.27,0.27,"",-2,-9.5,-31,-19.5,-36,-21.7,-27,-17.5,-430359,-23.7,-179969,-18.7,-4785,-22.7,-44,-5.0
"06081","5","31214","77","0","2025","1","N",2,0,0,0,0,0,0,0,"N",0.40,0,0,0,0,0,0,0,"N",-1,-33.3,0,0,0,0,0,0,0,0,0,0,0,0,0,0
"06081","5","312140","78","0","2025","1","N",2,0,0,0,0,0,0,0,"N",0.40,0,0,0,0,0,0,0,"N",-1,-33.3,0,0,0,0,0,0,0,0,0,0,0,0,0,0
"06081","5","313","75","0","2025","1","N",2,0,0,0,0,0,0,0,"N",0.28,0,0,0,0,0,0,0,"N",1,100.0,0,0,0,0,0,0,0,0,0,0,0,0,0,0
"06081","5","3133","76","0","2025","1","N",2,0,0,0,0,0,0,0,"N",0.61,0,0,0,0,0,0,0,"N",1,100.0,0,0,0,0,0,0,0,0,0,0,0,0,0,0
"06081","5","31331","77","0","2025","1","N",1,0,0,0,0,0,0,0,"N",0.37,0,0,0,0,0,0,0,"N",1,100.0,0,0,0,0,0,0,0,0,0,0,0,0,0,0
"06081","5","313310","78","0","2025","1","N",1,0,0,0,0,0,0,0,"N",0.37,0,0,0,0,0,0,0,"N",1,100.0,0,0,0,0,0,0,0,0,0,0,0,0,0,0
"06081","5","31332","77","0","2025","1","N",1,0,0,0,0,0,0,0,"N",1.81,0,0,0,0,0,0,0,"N",0,0.0,0,0,0,0,0,0,0,0,0,0,0,0,0,0
"06081","5","313320","78","0","2025","1","N",1,0,0,0,0,0,0,0,"N",1.81,0,0,0,0,0,0,0,"N",0,0.0,0,0,0,0,0,0,0,0,0,0,0,0,0,0
"06081","5","314","75","0","2025","1","",7,32,33,32,599260,218225,4853,1426,"",0.42,0.13,0.13,0.13,0.06,0.12,0.10,0.47,"",0,0.0,1,3.2,4,13.8,3,10.3,17808,3.1,8974,4.3,204,4.4,-82,-5.4
"06081","5","3141","76","0","2025","1","",4,27,28,27,521900,183225,3999,1469,"",1.00,0.27,0.28,0.27,0.12,0.25,0.24,0.43,"",0,0.0,1,3.8,4,16.7,3,12.5,15648,3.1,8974,5.2,-125,-3.0,-110,-7.0
"06081","5","31411","77","0","2025","1","N",1,0,0,0,0,0,0,0,"N",0.85,0,0,0,0,0,0,0,"N",0,0.0,0,0,0,0,0,0,0,0,0,0,0,0,0,0
"06081","5","314110","78","0","2025","1","N",1,0,0,0,0,0,0,0,"N",0.85,0,0,0,0,0,0,0,"N",0,0.0,0,0,0,0,0,0,0,0,0,0,0,0,0,0
"06081","5","31412","77","0","2025","1","N",3,0,0,0,0,0,0,0,"N",1.06,0,0,0,0,0,0,0,"N",0,0.0,0,0,0,0,0,0,0,0,0,0,0,0,0,0
"06081","5","314120","78","0","2025","1","N",3,0,0,0,0,0,0,0,"N",1.06,0,0,0,0,0,0,0,"N",0,0.0,0,0,0,0,0,0,0,0,0,0,0,0,0,0
"06081","5","3149","76","0","2025","1","",3,5,5,5,77360,35000,854,1190,"",0.24,0.03,0.03,0.03,0.01,0.03,0.03,0.43,"",0,0.0,0,0.0,0,0.0,0,0.0,2160,2.9,0,0.0,329,62.7,33,2.9
"06081","5","31491","77","0","2025","1","N",2,0,0,0,0,0,0,0,"N",0.48,0,0,0,0,0,0,0,"N",0,0.0,0,0,0,0,0,0,0,0,0,0,0,0,0,0
"06081","5","314910","78","0","2025","1","N",2,0,0,0,0,0,0,0,"N",0.48,0,0,0,0,0,0,0,"N",0,0.0,0,0,0,0,0,0,0,0,0,0,0,0,0,0
"06081","5","31499","77","0","2025","1","N",1,0,0,0,0,0,0,0,"N",0.12,0,0,0,0,0,0,0,"N",0,0.0,0,0,0,0,0,0,0,0,0,0,0,0,0,0
"06081","5","314999","78","0","2025","1","N",1,0,0,0,0,0,0,0,"N",0.13,0,0,0,0,0,0,0,"N",0,0.0,0,0,0,0,0,0,0,0,0,0,0,0,0,0
"06081","5","315","75","0","2025","1","",6,76,81,78,778205,525085,31944,764,"",0.36,0.36,0.38,0.37,0.09,0.37,0.48,0.25,"",0,0.0,-6,-7.3,-1,-1.2,-7,-8.2,322,0.0,-9322,-1.7,-596,-1.8,43,6.0
"06081","5","3152","76","0","2025","1","",6,76,81,78,778205,525085,31944,764,"",0.49,0.47,0.50,0.48,0.12,0.48,0.59,0.25,"",0,0.0,-6,-7.3,-1,-1.2,-7,-8.2,322,0.0,-9322,-1.7,-596,-1.8,43,6.0
"06081","5","31521","77","0","2025","1","N",4,0,0,0,0,0,0,0,"N",0.72,0,0,0,0,0,0,0,"N",0,0.0,0,0,0,0,0,0,0,0,0,0,0,0,0,0
"06081","5","315210","78","0","2025","1","N",4,0,0,0,0,0,0,0,"N",0.72,0,0,0,0,0,0,0,"N",0,0.0,0,0,0,0,0,0,0,0,0,0,0,0,0,0
"06081","5","31525","77","0","2025","1","N",2,0,0,0,0,0,0,0,"N",0.30,0,0,0,0,0,0,0,"N",0,0.0,0,0,0,0,0,0,0,0,0,0,0,0,0,0
"06081","5","315250","78","0","2025","1","N",2,0,0,0,0,0,0,0,"N",0.30,0,0,0,0,0,0,0,"N",0,0.0,0,0,0,0,0,0,0,0,0,0,0,0,0,0
"06081","5","316","75","0","2025","1","N",1,0,0,0,0,0,0,0,"N",0.24,0,0,0,0,0,0,0,"N",0,0.0,0,0,0,0,0,0,0,0,0,0,0,0,0,0
"06081","5","3162","76","0","2025","1","N",1,0,0,0,0,0,0,0,"N",0.98,0,0,0,0,0,0,0,"N",0,0.0,0,0,0,0,0,0,0,0,0,0,0,0,0,0
"06081","5","31621","77","0","2025","1","N",1,0,0,0,0,0,0,0,"N",0.98,0,0,0,0,0,0,0,"N",0,0.0,0,0,0,0,0,0,0,0,0,0,0,0,0,0
"06081","5","316210","78","0","2025","1","N",1,0,0,0,0,0,0,0,"N",0.98,0,0,0,0,0,0,0,"N",0,0.0,0,0,0,0,0,0,0,0,0,0,0,0,0,0
"06081","5","321","75","0","2025","1","",13,153,151,165,2933283,1190170,39144,1443,"",0.30,0.14,0.14,0.15,0.06,0.13,0.15,0.43,"",0,0.0,-41,-21.1,-46,-23.4,-26,-13.6,-420144,-12.5,-207612,-14.9,-1301,-3.2,113,8.5
"06081","5","3219","76","0","2025","1","",13,153,151,165,2933283,1190170,39144,1443,"",0.45,0.24,0.24,0.26,0.11,0.22,0.24,0.44,"",0,0.0,-41,-21.1,-46,-23.4,-26,-13.6,-420144,-12.5,-207612,-14.9,-1301,-3.2,113,8.5
"06081","5","32191","77","0","2025","1","N",7,0,0,0,0,0,0,0,"N",0.75,0,0,0,0,0,0,0,"N",-1,-12.5,0,0,0,0,0,0,0,0,0,0,0,0,0,0
"06081","5","321911","78","0","2025","1","N",3,0,0,0,0,0,0,0,"N",0.90,0,0,0,0,0,0,0,"N",-1,-25.0,0,0,0,0,0,0,0,0,0,0,0,0,0,0
"06081","5","321918","78","0","2025","1","N",4,0,0,0,0,0,0,0,"N",0.89,0,0,0,0,0,0,0,"N",0,0.0,0,0,0,0,0,0,0,0,0,0,0,0,0,0
"06081","5","32192","77","0","2025","1","N",2,0,0,0,0,0,0,0,"N",0.24,0,0,0,0,0,0,0,"N",1,100.0,0,0,0,0,0,0,0,0,0,0,0,0,0,0
"06081","5","321920","78","0","2025","1","N",2,0,0,0,0,0,0,0,"N",0.24,0,0,0,0,0,0,0,"N",1,100.0,0,0,0,0,0,0,0,0,0,0,0,0,0,0
"06081","5","32199","77","0","2025","1","",4,71,66,81,1409460,599074,23014,1492,"",0.35,0.35,0.33,0.40,0.16,0.38,0.36,0.46,"N",0,0.0,0,0,0,0,0,0,0,0,0,0,0,0,0,0
"06081","5","321991","78","0","2025","1","N",1,0,0,0,0,0,0,0,"N",0.87,0,0,0,0,0,0,0,"N",0,0.0,0,0,0,0,0,0,0,0,0,0,0,0,0,0
"06081","5","321999","78","0","2025","1","N",3,0,0,0,0,0,0,0,"N",0.40,0,0,0,0,0,0,0,"N",0,0.0,0,0,0,0,0,0,0,0,0,0,0,0,0,0
"06081","5","322","75","0","2025","1","",4,10,10,9,274834,69670,3677,2187,"",0.26,0.01,0.01,0.01,0.00,0.01,0.01,0.46,"",0,0.0,-9,-47.4,-9,-47.4,-1,-10.0,-72323,-20.8,-330,-0.5,-5,-0.1,518,31.0
"06081","5","3222","76","0","2025","1","",4,10,10,9,274834,69670,3677,2187,"",0.31,0.01,0.01,0.01,0.01,0.01,0.02,0.50,"",0,0.0,-9,-47.4,-9,-47.4,-1,-10.0,-72323,-20.8,-330,-0.5,-5,-0.1,518,31.0
"06081","5","32221","77","0","2025","1","N",1,0,0,0,0,0,0,0,"N",0.15,0,0,0,0,0,0,0,"N",0,0.0,0,0,0,0,0,0,0,0,0,0,0,0,0,0
"06081","5","322219","78","0","2025","1","N",1,0,0,0,0,0,0,0,"N",0.95,0,0,0,0,0,0,0,"N",0,0.0,0,0,0,0,0,0,0,0,0,0,0,0,0,0
"06081","5","32222","77","0","2025","1","N",1,0,0,0,0,0,0,0,"N",0.34,0,0,0,0,0,0,0,"N",0,0.0,0,0,0,0,0,0,0,0,0,0,0,0,0,0
"06081","5","322220","78","0","2025","1","N",1,0,0,0,0,0,0,0,"N",0.34,0,0,0,0,0,0,0,"N",0,0.0,0,0,0,0,0,0,0,0,0,0,0,0,0,0
"06081","5","32223","77","0","2025","1","N",2,0,0,0,0,0,0,0,"N",1.86,0,0,0,0,0,0,0,"N",0,0.0,0,0,0,0,0,0,0,0,0,0,0,0,0,0
"06081","5","322230","78","0","2025","1","N",2,0,0,0,0,0,0,0,"N",1.86,0,0,0,0,0,0,0,"N",0,0.0,0,0,0,0,0,0,0,0,0,0,0,0,0,0
"06081","5","323","75","0","2025","1","",42,682,684,678,16046299,4842993,190573,1812,"",0.57,0.74,0.74,0.74,0.40,0.64,0.80,0.54,"",2,5.0,6,0.9,7,1.0,13,2.0,2868306,21.8,185601,4.0,40758,27.2,305,20.2
"06081","5","3231","76","0","2025","1","",42,682,684,678,16046299,4842993,190573,1812,"",0.57,0.74,0.74,0.74,0.40,0.64,0.80,0.54,"",2,5.0,6,0.9,7,1.0,13,2.0,2868306,21.8,185601,4.0,40758,27.2,305,20.2
"06081","5","32311","77","0","2025","1","N",39,0,0,0,0,0,0,0,"N",0.55,0,0,0,0,0,0,0,"N",2,5.4,0,0,0,0,0,0,0,0,0,0,0,0,0,0
"06081","5","323111","78","0","2025","1","",31,620,623,618,14926911,4407174,173510,1851,"",0.64,0.95,0.95,0.95,0.49,0.78,0.95,0.51,"",2,6.9,7,1.1,9,1.5,12,2.0,2614294,21.2,161391,3.8,36182,26.3,301,19.4
"06081","5","323113","78","0","2025","1","N",8,0,0,0,0,0,0,0,"N",0.39,0,0,0,0,0,0,0,"N",0,0.0,0,0,0,0,0,0,0,0,0,0,0,0,0,0
"06081","5","32312","77","0","2025","1","N",3,0,0,0,0,0,0,0,"N",0.91,0,0,0,0,0,0,0,"N",0,0.0,0,0,0,0,0,0,0,0,0,0,0,0,0,0
"06081","5","323120","78","0","2025","1","N",3,0,0,0,0,0,0,0,"N",0.91,0,0,0,0,0,0,0,"N",0,0.0,0,0,0,0,0,0,0,0,0,0,0,0,0,0
"06081","5","324","75","0","2025","1","N",3,0,0,0,0,0,0,0,"N",0.42,0,0,0,0,0,0,0,"N",0,0.0,0,0,0,0,0,0,0,0,0,0,0,0,0,0
"06081","5","3241","76","0","2025","1","N",3,0,0,0,0,0,0,0,"N",0.42,0,0,0,0,0,0,0,"N",0,0.0,0,0,0,0,0,0,0,0,0,0,0,0,0,0
"06081","5","32411","77","0","2025","1","N",1,0,0,0,0,0,0,0,"N",0.54,0,0,0,0,0,0,0,"N",0,0.0,0,0,0,0,0,0,0,0,0,0,0,0,0,0
"06081","5","324110","78","0","2025","1","N",1,0,0,0,0,0,0,0,"N",0.54,0,0,0,0,0,0,0,"N",0,0.0,0,0,0,0,0,0,0,0,0,0,0,0,0,0
"06081","5","32412","77","0","2025","1","N",2,0,0,0,0,0,0,0,"N",0.54,0,0,0,0,0,0,0,"N",0,0.0,0,0,0,0,0,0,0,0,0,0,0,0,0,0
"06081","5","324121","78","0","2025","1","N",2,0,0,0,0,0,0,0,"N",0.72,0,0,0,0,0,0,0,"N",0,0.0,0,0,0,0,0,0,0,0,0,0,0,0,0,0
"06081","5","325","75","0","2025","1","",58,7946,8171,8083,1129489088,64308732,1680827,10771,"",0.84,3.35,3.43,3.38,4.49,2.68,2.32,1.33,"",7,13.7,-700,-8.1,-439,-5.1,-558,-6.5,182476783,19.3,-3316924,-4.9,356210,26.9,2332,27.6
"06081","5","3251","76","0","2025","1","N",4,0,0,0,0,0,0,0,"N",0.37,0,0,0,0,0,0,0,"N",1,33.3,0,0,0,0,0,0,0,0,0,0,0,0,0,0
"06081","5","32518","77","0","2025","1","N",4,0,0,0,0,0,0,0,"N",1.46,0,0,0,0,0,0,0,"N",1,33.3,0,0,0,0,0,0,0,0,0,0,0,0,0,0
"06081","5","325180","78","0","2025","1","N",4,0,0,0,0,0,0,0,"N",1.46,0,0,0,0,0,0,0,"N",1,33.3,0,0,0,0,0,0,0,0,0,0,0,0,0,0
"06081","5","3252","76","0","2025","1","N",1,0,0,0,0,0,0,0,"N",0.18,0,0,0,0,0,0,0,"N",0,0.0,0,0,0,0,0,0,0,0,0,0,0,0,0,0
"06081","5","32521","77","0","2025","1","N",1,0,0,0,0,0,0,0,"N",0.20,0,0,0,0,0,0,0,"N",0,0.0,0,0,0,0,0,0,0,0,0,0,0,0,0,0
"06081","5","325211","78","0","2025","1","N",1,0,0,0,0,0,0,0,"N",0.23,0,0,0,0,0,0,0,"N",0,0.0,0,0,0,0,0,0,0,0,0,0,0,0,0,0
"06081","5","3253","76","0","2025","1","N",1,0,0,0,0,0,0,0,"N",0.24,0,0,0,0,0,0,0,"N",0,0.0,0,0,0,0,0,0,0,0,0,0,0,0,0,0
"06081","5","32531","77","0","2025","1","N",1,0,0,0,0,0,0,0,"N",0.35,0,0,0,0,0,0,0,"N",0,0.0,0,0,0,0,0,0,0,0,0,0,0,0,0,0
"06081","5","325314","78","0","2025","1","N",1,0,0,0,0,0,0,0,"N",0.71,0,0,0,0,0,0,0,"N",0,0.0,0,0,0,0,0,0,0,0,0,0,0,0,0,0
"06081","5","3254","76","0","2025","1","",43,7844,8066,7979,1126104206,63670468,1658842,10878,"",2.08,8.44,8.63,8.49,8.28,6.02,4.80,0.97,"",4,10.3,-693,-8.1,-436,-5.1,-555,-6.5,182524107,19.3,-3306589,-4.9,357861,27.5,2363,27.8
"06081","5","32541","77","0","2025","1","",43,7844,8066,7979,1126104206,63670468,1658842,10878,"",2.08,8.44,8.63,8.49,8.28,6.02,4.80,0.97,"",4,10.3,-693,-8.1,-436,-5.1,-555,-6.5,182524107,19.3,-3306589,-4.9,357861,27.5,2363,27.8
"06081","5","325411","78","0","2025","1","",5,92,94,97,2363526,694732,18144,1927,"",1.31,0.76,0.77,0.79,0.15,0.43,0.38,0.19,"",1,25.0,28,43.8,31,49.2,35,56.5,574444,32.1,253857,57.6,3265,21.9,-257,-11.8
"06081","5","325412","78","0","2025","1","N",28,0,0,0,0,0,0,0,"N",2.10,0,0,0,0,0,0,0,"N",2,7.7,0,0,0,0,0,0,0,0,0,0,0,0,0,0
"06081","5","325413","78","0","2025","1","",4,22,20,19,526031,157612,7931,1990,"",2.97,0.29,0.26,0.25,0.07,0.22,0.29,0.27,"N",1,33.3,0,0,0,0,0,0,0,0,0,0,0,0,0,0
"06081","5","325414","78","0","2025","1","N",6,0,0,0,0,0,0,0,"N",2.71,0,0,0,0,0,0,0,"N",0,0.0,0,0,0,0,0,0,0,0,0,0,0,0,0,0
"06081","5","3255","76","0","2025","1","N",1,0,0,0,0,0,0,0,"N",0.14,0,0,0,0,0,0,0,"N",1,100.0,0,0,0,0,0,0,0,0,0,0,0,0,0,0
"06081","5","32551","77","0","2025","1","N",1,0,0,0,0,0,0,0,"N",0.21,0,0,0,0,0,0,0,"N",1,100.0,0,0,0,0,0,0,0,0,0,0,0,0,0,0
"06081","5","325510","78","0","2025","1","N",1,0,0,0,0,0,0,0,"N",0.21,0,0,0,0,0,0,0,"N",1,100.0,0,0,0,0,0,0,0,0,0,0,0,0,0,0
"06081","5","3256","76","0","2025","1","",5,34,34,33,749216,134846,5742,1712,"",0.46,0.11,0.11,0.11,0.04,0.05,0.06,0.35,"",0,0.0,-6,-15.0,-6,-15.0,-7,-17.5,111447,17.5,-29659,-18.0,-803,-12.3,486,39.6
"06081","5","32562","77","0","2025","1","",5,34,34,33,749216,134846,5742,1712,"",1.01,0.23,0.23,0.23,0.09,0.10,0.11,0.39,"",0,0.0,-6,-15.0,-6,-15.0,-7,-17.5,111447,17.5,-29659,-18.0,-803,-12.3,486,39.6
"06081","5","325620","78","0","2025","1","",5,34,34,33,749216,134846,5742,1712,"",1.01,0.23,0.23,0.23,0.09,0.10,0.11,0.39,"",0,0.0,-6,-15.0,-6,-15.0,-7,-17.5,111447,17.5,-29659,-18.0,-803,-12.3,486,39.6
"06081","5","3259","76","0","2025","1","N",3,0,0,0,0,0,0,0,"N",0.32,0,0,0,0,0,0,0,"N",1,50.0,0,0,0,0,0,0,0,0,0,0,0,0,0,0
"06081","5","32591","77","0","2025","1","N",1,0,0,0,0,0,0,0,"N",0.84,0,0,0,0,0,0,0,"N",0,0.0,0,0,0,0,0,0,0,0,0,0,0,0,0,0
"06081","5","325910","78","0","2025","1","N",1,0,0,0,0,0,0,0,"N",0.84,0,0,0,0,0,0,0,"N",0,0.0,0,0,0,0,0,0,0,0,0,0,0,0,0,0
"06081","5","32599","77","0","2025","1","N",2,0,0,0,0,0,0,0,"N",0.25,0,0,0,0,0,0,0,"N",1,100.0,0,0,0,0,0,0,0,0,0,0,0,0,0,0
"06081","5","325991","78","0","2025","1","N",1,0,0,0,0,0,0,0,"N",0.79,0,0,0,0,0,0,0,"N",1,100.0,0,0,0,0,0,0,0,0,0,0,0,0,0,0
"06081","5","325998","78","0","2025","1","N",1,0,0,0,0,0,0,0,"N",0.16,0,0,0,0,0,0,0,"N",0,0.0,0,0,0,0,0,0,0,0,0,0,0,0,0,0
"06081","5","326","75","0","2025","1","",7,141,142,139,3316845,1023034,25951,1814,"",0.18,0.08,0.08,0.07,0.04,0.06,0.05,0.48,"",-2,-22.2,-34,-19.4,-37,-20.7,-34,-19.7,-553275,-14.3,-362068,-26.1,-12408,-32.3,119,7.0
"06081","5","3261","76","0","2025","1","",7,141,142,139,3316845,1023034,25951,1814,"",0.21,0.09,0.09,0.09,0.04,0.08,0.06,0.48,"",-2,-22.2,-34,-19.4,-37,-20.7,-34,-19.7,-553275,-14.3,-362068,-26.1,-12408,-32.3,119,7.0
"06081","5","32611","77","0","2025","1","N",3,0,0,0,0,0,0,0,"N",0.63,0,0,0,0,0,0,0,"N",0,0.0,0,0,0,0,0,0,0,0,0,0,0,0,0,0
"06081","5","326112","78","0","2025","1","N",1,0,0,0,0,0,0,0,"N",0.57,0,0,0,0,0,0,0,"N",0,0.0,0,0,0,0,0,0,0,0,0,0,0,0,0,0
"06081","5","326113","78","0","2025","1","N",2,0,0,0,0,0,0,0,"N",1.39,0,0,0,0,0,0,0,"N",0,0.0,0,0,0,0,0,0,0,0,0,0,0,0,0,0
"06081","5","32619","77","0","2025","1","N",4,0,0,0,0,0,0,0,"N",0.22,0,0,0,0,0,0,0,"N",-2,-33.3,0,0,0,0,0,0,0,0,0,0,0,0,0,0
"06081","5","326199","78","0","2025","1","N",4,0,0,0,0,0,0,0,"N",0.23,0,0,0,0,0,0,0,"N",-2,-33.3,0,0,0,0,0,0,0,0,0,0,0,0,0,0
"06081","5","327","75","0","2025","1","",17,172,168,170,3700246,1149706,34504,1674,"",0.36,0.16,0.16,0.16,0.06,0.12,0.09,0.41,"",1,6.2,-9,-5.0,-14,-7.7,-14,-7.6,-514871,-12.2,-175039,-13.2,-5578,-13.9,-104,-5.8
"06081","5","3271","76","0","2025","1","N",2,0,0,0,0,0,0,0,"N",0.51,0,0,0,0,0,0,0,"N",0,0.0,0,0,0,0,0,0,0,0,0,0,0,0,0,0
"06081","5","32711","77","0","2025","1","N",1,0,0,0,0,0,0,0,"N",0.47,0,0,0,0,0,0,0,"N",0,0.0,0,0,0,0,0,0,0,0,0,0,0,0,0,0
"06081","5","327110","78","0","2025","1","N",1,0,0,0,0,0,0,0,"N",0.47,0,0,0,0,0,0,0,"N",0,0.0,0,0,0,0,0,0,0,0,0,0,0,0,0,0
"06081","5","32712","77","0","2025","1","N",1,0,0,0,0,0,0,0,"N",0.55,0,0,0,0,0,0,0,"N",0,0.0,0,0,0,0,0,0,0,0,0,0,0,0,0,0
"06081","5","327120","78","0","2025","1","N",1,0,0,0,0,0,0,0,"N",0.55,0,0,0,0,0,0,0,"N",0,0.0,0,0,0,0,0,0,0,0,0,0,0,0,0,0
"06081","5","3272","76","0","2025","1","N",1,0,0,0,0,0,0,0,"N",0.19,0,0,0,0,0,0,0,"N",0,0.0,0,0,0,0,0,0,0,0,0,0,0,0,0,0
"06081","5","32721","77","0","2025","1","N",1,0,0,0,0,0,0,0,"N",0.19,0,0,0,0,0,0,0,"N",0,0.0,0,0,0,0,0,0,0,0,0,0,0,0,0,0
"06081","5","327212","78","0","2025","1","N",1,0,0,0,0,0,0,0,"N",0.92,0,0,0,0,0,0,0,"N",0,0.0,0,0,0,0,0,0,0,0,0,0,0,0,0,0
"06081","5","3273","76","0","2025","1","",9,128,125,126,2837022,842657,24696,1727,"",0.36,0.24,0.24,0.23,0.10,0.18,0.11,0.42,"",1,12.5,-4,-3.0,-9,-6.7,-9,-6.7,-493953,-14.8,-159178,-15.9,-6961,-22.0,-190,-9.9
"06081","5","32732","77","0","2025","1","N",7,0,0,0,0,0,0,0,"N",0.46,0,0,0,0,0,0,0,"N",1,16.7,0,0,0,0,0,0,0,0,0,0,0,0,0,0
"06081","5","327320","78","0","2025","1","N",7,0,0,0,0,0,0,0,"N",0.46,0,0,0,0,0,0,0,"N",1,16.7,0,0,0,0,0,0,0,0,0,0,0,0,0,0
"06081","5","32739","77","0","2025","1","N",2,0,0,0,0,0,0,0,"N",0.35,0,0,0,0,0,0,0,"N",0,0.0,0,0,0,0,0,0,0,0,0,0,0,0,0,0
"06081","5","327390","78","0","2025","1","N",2,0,0,0,0,0,0,0,"N",0.35,0,0,0,0,0,0,0,"N",0,0.0,0,0,0,0,0,0,0,0,0,0,0,0,0,0
"06081","5","3279","76","0","2025","1","",5,28,28,29,422874,190689,4329,1148,"",0.43,0.13,0.13,0.14,0.04,0.10,0.08,0.28,"",0,0.0,-3,-9.7,-4,-12.5,-4,-12.1,-28493,-6.3,-14456,-7.0,-619,-12.5,63,5.8
"06081","5","32799","77","0","2025","1","",5,28,28,29,422874,190689,4329,1148,"",0.47,0.15,0.15,0.16,0.04,0.12,0.09,0.28,"",0,0.0,-3,-9.7,-4,-12.5,-4,-12.1,-28493,-6.3,-14456,-7.0,-619,-12.5,63,5.8
"06081","5","327991","78","0","2025","1","",5,28,28,29,422874,190689,4329,1148,"",0.64,0.31,0.31,0.32,0.12,0.25,0.20,0.37,"",0,0.0,-3,-9.7,-4,-12.5,-4,-12.1,-28493,-6.3,-14456,-7.0,-619,-12.5,63,5.8
"06081","5","331","75","0","2025","1","N",6,0,0,0,0,0,0,0,"N",0.37,0,0,0,0,0,0,0,"N",2,50.0,0,0,0,0,0,0,0,0,0,0,0,0,0,0
"06081","5","3312","76","0","2025","1","N",2,0,0,0,0,0,0,0,"N",0.53,0,0,0,0,0,0,0,"N",1,100.0,0,0,0,0,0,0,0,0,0,0,0,0,0,0
"06081","5","33121","77","0","2025","1","N",1,0,0,0,0,0,0,0,"N",0.58,0,0,0,0,0,0,0,"N",0,0.0,0,0,0,0,0,0,0,0,0,0,0,0,0,0
"06081","5","331210","78","0","2025","1","N",1,0,0,0,0,0,0,0,"N",0.58,0,0,0,0,0,0,0,"N",0,0.0,0,0,0,0,0,0,0,0,0,0,0,0,0,0
"06081","5","33122","77","0","2025","1","N",1,0,0,0,0,0,0,0,"N",0.48,0,0,0,0,0,0,0,"N",1,100.0,0,0,0,0,0,0,0,0,0,0,0,0,0,0
"06081","5","331222","78","0","2025","1","N",1,0,0,0,0,0,0,0,"N",1.49,0,0,0,0,0,0,0,"N",1,100.0,0,0,0,0,0,0,0,0,0,0,0,0,0,0
"06081","5","3313","76","0","2025","1","N",2,0,0,0,0,0,0,0,"N",0.91,0,0,0,0,0,0,0,"N",1,100.0,0,0,0,0,0,0,0,0,0,0,0,0,0,0
"06081","5","33131","77","0","2025","1","N",2,0,0,0,0,0,0,0,"N",0.91,0,0,0,0,0,0,0,"N",1,100.0,0,0,0,0,0,0,0,0,0,0,0,0,0,0
"06081","5","331314","78","0","2025","1","N",1,0,0,0,0,0,0,0,"N",2.73,0,0,0,0,0,0,0,"N",1,100.0,0,0,0,0,0,0,0,0,0,0,0,0,0,0
"06081","5","331318","78","0","2025","1","N",1,0,0,0,0,0,0,0,"N",1.02,0,0,0,0,0,0,0,"N",0,0.0,0,0,0,0,0,0,0,0,0,0,0,0,0,0
"06081","5","3314","76","0","2025","1","N",1,0,0,0,0,0,0,0,"N",0.33,0,0,0,0,0,0,0,"N",0,0.0,0,0,0,0,0,0,0,0,0,0,0,0,0,0
"06081","5","33149","77","0","2025","1","N",1,0,0,0,0,0,0,0,"N",0.62,0,0,0,0,0,0,0,"N",0,0.0,0,0,0,0,0,0,0,0,0,0,0,0,0,0
"06081","5","331492","78","0","2025","1","N",1,0,0,0,0,0,0,0,"N",1.40,0,0,0,0,0,0,0,"N",0,0.0,0,0,0,0,0,0,0,0,0,0,0,0,0,0
"06081","5","3315","76","0","2025","1","N",1,0,0,0,0,0,0,0,"N",0.23,0,0,0,0,0,0,0,"N",0,0.0,0,0,0,0,0,0,0,0,0,0,0,0,0,0
"06081","5","33151","77","0","2025","1","N",1,0,0,0,0,0,0,0,"N",0.51,0,0,0,0,0,0,0,"N",0,0.0,0,0,0,0,0,0,0,0,0,0,0,0,0,0
"06081","5","331513","78","0","2025","1","N",1,0,0,0,0,0,0,0,"N",1.49,0,0,0,0,0,0,0,"N",0,0.0,0,0,0,0,0,0,0,0,0,0,0,0,0,0
"06081","5","332","75","0","2025","1","",82,791,799,793,20644458,5796331,193535,1999,"",0.50,0.21,0.21,0.21,0.11,0.17,0.18,0.50,"",1,1.2,38,5.0,43,5.7,52,7.0,5416513,35.6,200822,3.6,40734,26.7,437,28.0
"06081","5","3321","76","0","2025","1","N",2,0,0,0,0,0,0,0,"N",0.33,0,0,0,0,0,0,0,"N",0,0.0,0,0,0,0,0,0,0,0,0,0,0,0,0,0
"06081","5","33211","77","0","2025","1","N",2,0,0,0,0,0,0,0,"N",0.33,0,0,0,0,0,0,0,"N",0,0.0,0,0,0,0,0,0,0,0,0,0,0,0,0,0
"06081","5","332119","78","0","2025","1","N",2,0,0,0,0,0,0,0,"N",0.61,0,0,0,0,0,0,0,"N",0,0.0,0,0,0,0,0,0,0,0,0,0,0,0,0,0
"06081","5","3323","76","0","2025","1","",31,254,262,259,6420259,1883223,68024,1912,"",0.69,0.23,0.24,0.24,0.12,0.20,0.22,0.49,"",1,3.3,23,10.0,24,10.1,19,7.9,1986610,44.8,199028,11.8,10327,17.9,469,32.5
"06081","5","33231","77","0","2025","1","N",4,0,0,0,0,0,0,0,"N",0.20,0,0,0,0,0,0,0,"N",1,33.3,0,0,0,0,0,0,0,0,0,0,0,0,0,0
"06081","5","332311","78","0","2025","1","N",2,0,0,0,0,0,0,0,"N",0.49,0,0,0,0,0,0,0,"N",1,100.0,0,0,0,0,0,0,0,0,0,0,0,0,0,0
"06081","5","332312","78","0","2025","1","N",2,0,0,0,0,0,0,0,"N",0.19,0,0,0,0,0,0,0,"N",0,0.0,0,0,0,0,0,0,0,0,0,0,0,0,0,0
"06081","5","33232","77","0","2025","1","N",27,0,0,0,0,0,0,0,"N",1.07,0,0,0,0,0,0,0,"N",0,0.0,0,0,0,0,0,0,0,0,0,0,0,0,0,0
"06081","5","332321","78","0","2025","1","N",5,0,0,0,0,0,0,0,"N",1.17,0,0,0,0,0,0,0,"N",-1,-16.7,0,0,0,0,0,0,0,0,0,0,0,0,0,0
"06081","5","332322","78","0","2025","1","N",6,0,0,0,0,0,0,0,"N",0.50,0,0,0,0,0,0,0,"N",0,0.0,0,0,0,0,0,0,0,0,0,0,0,0,0,0
"06081","5","332323","78","0","2025","1","",16,145,145,132,2777029,1021090,35388,1519,"",1.80,1.24,1.23,1.12,0.49,0.98,0.92,0.41,"",1,6.7,-4,-2.7,-4,-2.7,-19,-12.6,-88824,-3.1,-57826,-5.4,-67,-0.2,46,3.1
"06081","5","3325","76","0","2025","1","N",2,0,0,0,0,0,0,0,"N",0.86,0,0,0,0,0,0,0,"N",1,100.0,0,0,0,0,0,0,0,0,0,0,0,0,0,0
"06081","5","33251","77","0","2025","1","N",2,0,0,0,0,0,0,0,"N",0.86,0,0,0,0,0,0,0,"N",1,100.0,0,0,0,0,0,0,0,0,0,0,0,0,0,0
"06081","5","332510","78","0","2025","1","N",2,0,0,0,0,0,0,0,"N",0.86,0,0,0,0,0,0,0,"N",1,100.0,0,0,0,0,0,0,0,0,0,0,0,0,0,0
"06081","5","3326","76","0","2025","1","N",1,0,0,0,0,0,0,0,"N",0.29,0,0,0,0,0,0,0,"N",0,0.0,0,0,0,0,0,0,0,0,0,0,0,0,0,0
"06081","5","33261","77","0","2025","1","N",1,0,0,0,0,0,0,0,"N",0.29,0,0,0,0,0,0,0,"N",0,0.0,0,0,0,0,0,0,0,0,0,0,0,0,0,0
"06081","5","332613","78","0","2025","1","N",1,0,0,0,0,0,0,0,"N",0.91,0,0,0,0,0,0,0,"N",0,0.0,0,0,0,0,0,0,0,0,0,0,0,0,0,0
"06081","5","3327","76","0","2025","1","",34,356,352,351,7817698,2606964,69200,1704,"",0.61,0.41,0.40,0.40,0.19,0.34,0.28,0.47,"",-2,-5.6,0,0.0,-1,-0.3,-6,-1.7,262659,3.5,-67305,-2.5,6870,11.0,68,4.2
"06081","5","33271","77","0","2025","1","N",31,0,0,0,0,0,0,0,"N",0.62,0,0,0,0,0,0,0,"N",-2,-6.1,0,0,0,0,0,0,0,0,0,0,0,0,0,0
"06081","5","332710","78","0","2025","1","N",31,0,0,0,0,0,0,0,"N",0.62,0,0,0,0,0,0,0,"N",-2,-6.1,0,0,0,0,0,0,0,0,0,0,0,0,0,0
"06081","5","33272","77","0","2025","1","N",3,0,0,0,0,0,0,0,"N",0.48,0,0,0,0,0,0,0,"N",0,0.0,0,0,0,0,0,0,0,0,0,0,0,0,0,0
"06081","5","332721","78","0","2025","1","N",3,0,0,0,0,0,0,0,"N",0.71,0,0,0,0,0,0,0,"N",0,0.0,0,0,0,0,0,0,0,0,0,0,0,0,0,0
"06081","5","3328","76","0","2025","1","",6,110,112,110,2840196,796349,41698,1974,"",0.37,0.32,0.33,0.32,0.18,0.29,0.45,0.57,"",0,0.0,-23,-17.3,-20,-15.2,-6,-5.2,144559,5.4,-143057,-15.2,14188,51.6,341,20.9
"06081","5","33281","77","0","2025","1","",6,110,112,110,2840196,796349,41698,1974,"",0.37,0.32,0.33,0.32,0.18,0.29,0.45,0.57,"",0,0.0,-23,-17.3,-20,-15.2,-6,-5.2,144559,5.4,-143057,-15.2,14188,51.6,341,20.9
"06081","5","332812","78","0","2025","1","N",2,0,0,0,0,0,0,0,"N",0.24,0,0,0,0,0,0,0,"N",0,0.0,0,0,0,0,0,0,0,0,0,0,0,0,0,0
"06081","5","332813","78","0","2025","1","N",4,0,0,0,0,0,0,0,"N",0.64,0,0,0,0,0,0,0,"N",0,0.0,0,0,0,0,0,0,0,0,0,0,0,0,0,0
"06081","5","3329","76","0","2025","1","",6,16,16,16,284145,102149,1890,1366,"",0.24,0.02,0.02,0.02,0.01,0.02,0.01,0.30,"",1,20.0,-2,-11.1,-2,-11.1,-2,-11.1,21090,8.0,-13657,-11.8,-359,-16.0,242,21.5
"06081","5","33291","77","0","2025","1","N",1,0,0,0,0,0,0,0,"N",0.19,0,0,0,0,0,0,0,"N",0,0.0,0,0,0,0,0,0,0,0,0,0,0,0,0,0
"06081","5","332911","78","0","2025","1","-",0,0,0,0,0,0,0,0,"N",0.00,0,0,0,0,0,0,0,"N",0,0,0,0,0,0,0,0,0,0,0,0,0,0,0,0
"06081","5","332912","78","0","2025","1","N",1,0,0,0,0,0,0,0,"N",0.66,0,0,0,0,0,0,0,"N",0,0.0,0,0,0,0,0,0,0,0,0,0,0,0,0,0
"06081","5","33299","77","0","2025","1","N",5,0,0,0,0,0,0,0,"N",0.26,0,0,0,0,0,0,0,"N",1,25.0,0,0,0,0,0,0,0,0,0,0,0,0,0,0
"06081","5","332999","78","0","2025","1","N",5,0,0,0,0,0,0,0,"N",0.39,0,0,0,0,0,0,0,"N",1,25.0,0,0,0,0,0,0,0,0,0,0,0,0,0,0
"06081","5","333","75","0","2025","1","",34,529,532,529,18124642,3701305,163091,2631,"",0.37,0.18,0.18,0.18,0.10,0.13,0.18,0.52,"",-2,-5.6,-103,-16.3,-85,-13.8,-60,-10.2,-6151247,-25.3,-742773,-16.7,6317,4.0,-417,-13.7
"06081","5","3332","76","0","2025","1","N",6,0,0,0,0,0,0,0,"N",0.40,0,0,0,0,0,0,0,"N",0,0.0,0,0,0,0,0,0,0,0,0,0,0,0,0,0
"06081","5","33324","77","0","2025","1","N",6,0,0,0,0,0,0,0,"N",0.40,0,0,0,0,0,0,0,"N",0,0.0,0,0,0,0,0,0,0,0,0,0,0,0,0,0
"06081","5","333241","78","0","2025","1","N",1,0,0,0,0,0,0,0,"N",0.39,0,0,0,0,0,0,0,"N",0,0.0,0,0,0,0,0,0,0,0,0,0,0,0,0,0
"06081","5","333242","78","0","2025","1","N",2,0,0,0,0,0,0,0,"N",1.75,0,0,0,0,0,0,0,"N",0,0.0,0,0,0,0,0,0,0,0,0,0,0,0,0,0
"06081","5","333248","78","0","2025","1","N",3,0,0,0,0,0,0,0,"N",0.31,0,0,0,0,0,0,0,"N",0,0.0,0,0,0,0,0,0,0,0,0,0,0,0,0,0
"06081","5","3333","76","0","2025","1","",7,18,21,21,274661,130853,4165,1056,"",0.84,0.08,0.09,0.09,0.02,0.06,0.06,0.20,"",-1,-12.5,-11,-37.9,-11,-34.4,-11,-34.4,-492249,-64.2,-98492,-42.9,-3639,-46.6,-847,-44.5
"06081","5","33331","77","0","2025","1","",7,18,21,21,274661,130853,4165,1056,"",0.84,0.08,0.09,0.09,0.02,0.06,0.06,0.20,"",-1,-12.5,-11,-37.9,-11,-34.4,-11,-34.4,-492249,-64.2,-98492,-42.9,-3639,-46.6,-847,-44.5
"06081","5","333310","78","0","2025","1","",7,18,21,21,274661,130853,4165,1056,"",0.84,0.08,0.09,0.09,0.02,0.06,0.06,0.20,"",-1,-12.5,-11,-37.9,-11,-34.4,-11,-34.4,-492249,-64.2,-98492,-42.9,-3639,-46.6,-847,-44.5
"06081","5","3334","76","0","2025","1","N",2,0,0,0,0,0,0,0,"N",0.24,0,0,0,0,0,0,0,"N",0,0.0,0,0,0,0,0,0,0,0,0,0,0,0,0,0
"06081","5","33341","77","0","2025","1","N",2,0,0,0,0,0,0,0,"N",0.24,0,0,0,0,0,0,0,"N",0,0.0,0,0,0,0,0,0,0,0,0,0,0,0,0,0
"06081","5","333414","78","0","2025","1","N",1,0,0,0,0,0,0,0,"N",0.69,0,0,0,0,0,0,0,"N",0,0.0,0,0,0,0,0,0,0,0,0,0,0,0,0,0
"06081","5","333415","78","0","2025","1","N",1,0,0,0,0,0,0,0,"N",0.24,0,0,0,0,0,0,0,"N",0,0.0,0,0,0,0,0,0,0,0,0,0,0,0,0,0
"06081","5","3335","76","0","2025","1","",7,43,43,44,1233315,308556,10078,2189,"",0.35,0.11,0.11,0.11,0.06,0.09,0.09,0.54,"",-1,-12.5,-5,-10.4,-6,-12.2,0,0.0,-45087,-3.5,-27734,-8.2,-1812,-15.2,97,4.6
"06081","5","33351","77","0","2025","1","",7,43,43,44,1233315,308556,10078,2189,"",0.35,0.11,0.11,0.11,0.06,0.09,0.09,0.54,"",-1,-12.5,-5,-10.4,-6,-12.2,0,0.0,-45087,-3.5,-27734,-8.2,-1812,-15.2,97,4.6
"06081","5","333511","78","0","2025","1","N",1,0,0,0,0,0,0,0,"N",0.26,0,0,0,0,0,0,0,"N",0,0.0,0,0,0,0,0,0,0,0,0,0,0,0,0,0
"06081","5","333514","78","0","2025","1","",3,32,31,32,839173,223903,6673,2038,"",0.46,0.25,0.24,0.25,0.13,0.20,0.17,0.53,"",0,0.0,0,0.0,-1,-3.1,0,0.0,18381,2.2,-97,0.0,471,7.6,65,3.3
"06081","5","333517","78","0","2025","1","N",3,0,0,0,0,0,0,0,"N",0.54,0,0,0,0,0,0,0,"N",-1,-25.0,0,0,0,0,0,0,0,0,0,0,0,0,0,0
"06081","5","3336","76","0","2025","1","",3,40,39,39,1332931,268954,6031,2607,"",0.78,0.16,0.16,0.16,0.06,0.11,0.08,0.40,"N",1,50.0,0,0,0,0,0,0,0,0,0,0,0,0,0,0
"06081","5","33361","77","0","2025","1","",3,40,39,39,1332931,268954,6031,2607,"",0.78,0.16,0.16,0.16,0.06,0.11,0.08,0.40,"N",1,50.0,0,0,0,0,0,0,0,0,0,0,0,0,0,0
"06081","5","333611","78","0","2025","1","N",2,0,0,0,0,0,0,0,"N",1.82,0,0,0,0,0,0,0,"N",1,100.0,0,0,0,0,0,0,0,0,0,0,0,0,0,0
"06081","5","333612","78","0","2025","1","N",1,0,0,0,0,0,0,0,"N",1.31,0,0,0,0,0,0,0,"N",0,0.0,0,0,0,0,0,0,0,0,0,0,0,0,0,0
"06081","5","3339","76","0","2025","1","",9,127,128,125,3716238,850714,26553,2257,"",0.37,0.17,0.17,0.17,0.08,0.12,0.12,0.46,"",-1,-10.0,-38,-23.0,-26,-16.9,-31,-19.9,-1124306,-23.2,-280754,-24.8,-11479,-30.2,-95,-4.0
"06081","5","33392","77","0","2025","1","N",1,0,0,0,0,0,0,0,"N",0.15,0,0,0,0,0,0,0,"N",0,0.0,0,0,0,0,0,0,0,0,0,0,0,0,0,0
"06081","5","333923","78","0","2025","1","N",1,0,0,0,0,0,0,0,"N",0.76,0,0,0,0,0,0,0,"N",0,0.0,0,0,0,0,0,0,0,0,0,0,0,0,0,0
"06081","5","33399","77","0","2025","1","N",8,0,0,0,0,0,0,0,"N",0.56,0,0,0,0,0,0,0,"N",-1,-11.1,0,0,0,0,0,0,0,0,0,0,0,0,0,0
"06081","5","333991","78","0","2025","1","N",1,0,0,0,0,0,0,0,"N",1.47,0,0,0,0,0,0,0,"N",0,0.0,0,0,0,0,0,0,0,0,0,0,0,0,0,0
"06081","5","333992","78","0","2025","1","N",1,0,0,0,0,0,0,0,"N",0.44,0,0,0,0,0,0,0,"N",0,0.0,0,0,0,0,0,0,0,0,0,0,0,0,0,0
"06081","5","333993","78","0","2025","1","N",1,0,0,0,0,0,0,0,"N",0.37,0,0,0,0,0,0,0,"N",0,0.0,0,0,0,0,0,0,0,0,0,0,0,0,0,0
"06081","5","333994","78","0","2025","1","N",1,0,0,0,0,0,0,0,"N",1.01,0,0,0,0,0,0,0,"N",0,0.0,0,0,0,0,0,0,0,0,0,0,0,0,0,0
"06081","5","333998","78","0","2025","1","N",4,0,0,0,0,0,0,0,"N",0.70,0,0,0,0,0,0,0,"N",-1,-20.0,0,0,0,0,0,0,0,0,0,0,0,0,0,0
"06081","5","334","75","0","2025","1","",85,3110,3101,3061,126277522,22039525,924750,3143,"",1.21,1.17,1.16,1.15,0.40,0.76,0.95,0.35,"",7,9.0,486,18.5,439,16.5,401,15.1,28156868,28.7,3830243,21.0,276664,42.7,293,10.3
"06081","5","3341","76","0","2025","1","",8,147,154,171,8365609,1194014,40568,4090,"",1.23,0.56,0.58,0.64,0.20,0.40,0.36,0.34,"",-1,-11.1,54,58.1,56,57.1,70,69.3,4287475,105.1,481546,67.6,18441,83.3,867,26.9
"06081","5","33411","77","0","2025","1","",8,147,154,171,8365609,1194014,40568,4090,"",1.23,0.56,0.58,0.64,0.20,0.40,0.36,0.34,"",-1,-11.1,54,58.1,56,57.1,70,69.3,4287475,105.1,481546,67.6,18441,83.3,867,26.9
"06081","5","334111","78","0","2025","1","N",2,0,0,0,0,0,0,0,"N",0.70,0,0,0,0,0,0,0,"N",-1,-33.3,0,0,0,0,0,0,0,0,0,0,0,0,0,0
"06081","5","334118","78","0","2025","1","N",6,0,0,0,0,0,0,0,"N",2.07,0,0,0,0,0,0,0,"N",1,20.0,0,0,0,0,0,0,0,0,0,0,0,0,0,0
"06081","5","3342","76","0","2025","1","N",8,0,0,0,0,0,0,0,"N",1.00,0,0,0,0,0,0,0,"N",0,0.0,0,0,0,0,0,0,0,0,0,0,0,0,0,0
"06081","5","33421","77","0","2025","1","N",1,0,0,0,0,0,0,0,"N",0.85,0,0,0,0,0,0,0,"N",0,0.0,0,0,0,0,0,0,0,0,0,0,0,0,0,0
"06081","5","334210","78","0","2025","1","N",1,0,0,0,0,0,0,0,"N",0.85,0,0,0,0,0,0,0,"N",0,0.0,0,0,0,0,0,0,0,0,0,0,0,0,0,0
"06081","5","33422","77","0","2025","1","N",7,0,0,0,0,0,0,0,"N",1.57,0,0,0,0,0,0,0,"N",0,0.0,0,0,0,0,0,0,0,0,0,0,0,0,0,0
"06081","5","334220","78","0","2025","1","N",7,0,0,0,0,0,0,0,"N",1.57,0,0,0,0,0,0,0,"N",0,0.0,0,0,0,0,0,0,0,0,0,0,0,0,0,0
"06081","5","33429","77","0","2025","1","-",0,0,0,0,0,0,0,0,"N",0.00,0,0,0,0,0,0,0,"N",0,0,0,0,0,0,0,0,0,0,0,0,0,0,0,0
"06081","5","334290","78","0","2025","1","-",0,0,0,0,0,0,0,0,"N",0.00,0,0,0,0,0,0,0,"N",0,0,0,0,0,0,0,0,0,0,0,0,0,0,0,0
"06081","5","3343","76","0","2025","1","",5,143,145,145,5738717,1034996,35566,3058,"",1.64,2.84,2.90,2.91,1.22,2.24,1.48,0.42,"",0,0.0,24,20.2,21,16.9,9,6.6,632298,12.4,105354,11.3,7128,25.1,-51,-1.6
"06081","5","33431","77","0","2025","1","",5,143,145,145,5738717,1034996,35566,3058,"",1.64,2.84,2.90,2.91,1.22,2.24,1.48,0.42,"",0,0.0,24,20.2,21,16.9,9,6.6,632298,12.4,105354,11.3,7128,25.1,-51,-1.6
"06081","5","334310","78","0","2025","1","",5,143,145,145,5738717,1034996,35566,3058,"",1.64,2.84,2.90,2.91,1.22,2.24,1.48,0.42,"",0,0.0,24,20.2,21,16.9,9,6.6,632298,12.4,105354,11.3,7128,25.1,-51,-1.6
"06081","5","3344","76","0","2025","1","",14,363,363,356,5784727,2593713,54859,1234,"",0.74,0.35,0.35,0.35,0.04,0.23,0.14,0.13,"",0,0.0,-64,-15.0,-59,-14.0,-59,-14.2,-1697476,-22.7,-414363,-13.8,-11598,-17.5,-132,-9.7
"06081","5","33441","77","0","2025","1","",14,363,363,356,5784727,2593713,54859,1234,"",0.74,0.35,0.35,0.35,0.04,0.23,0.14,0.13,"",0,0.0,-64,-15.0,-59,-14.0,-59,-14.2,-1697476,-22.7,-414363,-13.8,-11598,-17.5,-132,-9.7
"06081","5","334412","78","0","2025","1","N",1,0,0,0,0,0,0,0,"N",0.73,0,0,0,0,0,0,0,"N",0,0.0,0,0,0,0,0,0,0,0,0,0,0,0,0,0
"06081","5","334413","78","0","2025","1","N",7,0,0,0,0,0,0,0,"N",1.03,0,0,0,0,0,0,0,"N",0,0.0,0,0,0,0,0,0,0,0,0,0,0,0,0,0
"06081","5","334416","78","0","2025","1","-",0,0,0,0,0,0,0,0,"N",0.00,0,0,0,0,0,0,0,"N",0,0,0,0,0,0,0,0,0,0,0,0,0,0,0,0
"06081","5","334418","78","0","2025","1","",3,315,315,312,4081393,2206271,38587,1000,"",0.91,2.01,2.01,2.00,0.48,1.64,0.71,0.24,"",0,0.0,-25,-7.4,-21,-6.2,-20,-6.0,-163534,-3.9,-148815,-6.3,-1952,-4.8,28,2.9
"06081","5","334419","78","0","2025","1","",3,29,29,26,741083,202827,6113,2036,"",0.57,0.17,0.17,0.16,0.07,0.14,0.11,0.42,"N",0,0.0,0,0,0,0,0,0,0,0,0,0,0,0,0,0
"06081","5","3345","76","0","2025","1","",46,2085,2067,2011,84601653,15385343,703063,3168,"",1.55,1.92,1.90,1.85,0.76,1.27,1.89,0.40,"",7,17.9,481,30.0,430,26.3,382,23.4,26935902,46.7,3607560,30.6,273553,63.7,435,15.9
"06081","5","33451","77","0","2025","1","",46,2085,2067,2011,84601653,15385343,703063,3168,"",1.55,1.92,1.90,1.85,0.76,1.27,1.89,0.40,"",7,17.9,481,30.0,430,26.3,382,23.4,26935902,46.7,3607560,30.6,273553,63.7,435,15.9
"06081","5","334510","78","0","2025","1","",18,528,529,482,13769055,3764337,165025,2065,"",3.06,2.73,2.75,2.50,0.61,1.50,2.24,0.23,"",4,28.6,84,18.9,60,12.8,19,4.1,1895354,16.0,423998,12.7,23373,16.5,74,3.7
"06081","5","334511","78","0","2025","1","N",5,0,0,0,0,0,0,0,"N",1.26,0,0,0,0,0,0,0,"N",2,66.7,0,0,0,0,0,0,0,0,0,0,0,0,0,0
"06081","5","334512","78","0","2025","1","N",1,0,0,0,0,0,0,0,"N",0.66,0,0,0,0,0,0,0,"N",1,100.0,0,0,0,0,0,0,0,0,0,0,0,0,0,0
"06081","5","334513","78","0","2025","1","",5,39,39,58,1072486,306098,10797,1820,"",0.84,0.26,0.26,0.38,0.10,0.19,0.21,0.34,"",0,0.0,2,5.4,2,5.4,22,61.1,184462,20.8,30426,11.0,3643,50.9,-43,-2.3
"06081","5","334515","78","0","2025","1","",5,117,114,111,6914346,904599,48497,4666,"",1.44,1.22,1.19,1.16,0.68,0.78,1.27,0.57,"",0,0.0,-29,-19.9,-33,-22.4,-32,-22.4,-1258306,-15.4,-236271,-20.7,7384,18.0,340,7.9
"06081","5","334516","78","0","2025","1","",6,739,733,726,32860002,5551280,241493,3450,"",1.71,6.25,6.22,6.18,2.89,4.50,4.33,0.46,"N",2,50.0,0,0,0,0,0,0,0,0,0,0,0,0,0,0
"06081","5","334517","78","0","2025","1","N",3,0,0,0,0,0,0,0,"N",3.77,0,0,0,0,0,0,0,"N",1,50.0,0,0,0,0,0,0,0,0,0,0,0,0,0,0
"06081","5","334519","78","0","2025","1","N",3,0,0,0,0,0,0,0,"N",0.77,0,0,0,0,0,0,0,"N",-3,-50.0,0,0,0,0,0,0,0,0,0,0,0,0,0,0
"06081","5","3346","76","0","2025","1","N",4,0,0,0,0,0,0,0,"N",1.09,0,0,0,0,0,0,0,"N",1,33.3,0,0,0,0,0,0,0,0,0,0,0,0,0,0
"06081","5","33461","77","0","2025","1","N",4,0,0,0,0,0,0,0,"N",1.09,0,0,0,0,0,0,0,"N",1,33.3,0,0,0,0,0,0,0,0,0,0,0,0,0,0
"06081","5","334610","78","0","2025","1","N",4,0,0,0,0,0,0,0,"N",1.09,0,0,0,0,0,0,0,"N",1,33.3,0,0,0,0,0,0,0,0,0,0,0,0,0,0
"06081","5","335","75","0","2025","1","",28,1286,1331,1330,47755738,9987829,391033,2792,"",0.96,1.14,1.17,1.17,0.66,0.93,1.11,0.57,"",0,0.0,143,12.5,189,16.5,186,16.3,7894863,19.8,1260603,14.4,117521,43.0,109,4.1
"06081","5","3351","76","0","2025","1","N",3,0,0,0,0,0,0,0,"N",0.55,0,0,0,0,0,0,0,"N",0,0.0,0,0,0,0,0,0,0,0,0,0,0,0,0,0
"06081","5","33513","77","0","2025","1","N",3,0,0,0,0,0,0,0,"N",0.55,0,0,0,0,0,0,0,"N",0,0.0,0,0,0,0,0,0,0,0,0,0,0,0,0,0
"06081","5","335131","78","0","2025","1","N",1,0,0,0,0,0,0,0,"N",0.75,0,0,0,0,0,0,0,"N",0,0.0,0,0,0,0,0,0,0,0,0,0,0,0,0,0
"06081","5","335132","78","0","2025","1","N",1,0,0,0,0,0,0,0,"N",0.40,0,0,0,0,0,0,0,"N",0,0.0,0,0,0,0,0,0,0,0,0,0,0,0,0,0
"06081","5","335139","78","0","2025","1","N",1,0,0,0,0,0,0,0,"N",0.62,0,0,0,0,0,0,0,"N",0,0.0,0,0,0,0,0,0,0,0,0,0,0,0,0,0
"06081","5","3352","76","0","2025","1","N",1,0,0,0,0,0,0,0,"N",0.50,0,0,0,0,0,0,0,"N",-1,-50.0,0,0,0,0,0,0,0,0,0,0,0,0,0,0
"06081","5","33521","77","0","2025","1","N",1,0,0,0,0,0,0,0,"N",0.87,0,0,0,0,0,0,0,"N",-1,-50.0,0,0,0,0,0,0,0,0,0,0,0,0,0,0
"06081","5","335210","78","0","2025","1","N",1,0,0,0,0,0,0,0,"N",0.87,0,0,0,0,0,0,0,"N",-1,-50.0,0,0,0,0,0,0,0,0,0,0,0,0,0,0
"06081","5","3353","76","0","2025","1","",5,828,866,874,27338052,6521772,255048,2457,"",0.59,1.98,2.05,2.06,0.99,1.60,2.51,0.49,"",0,0.0,93,12.7,137,18.8,140,19.1,3529696,14.8,864408,15.3,81502,47.0,-43,-1.7
"06081","5","33531","77","0","2025","1","",5,828,866,874,27338052,6521772,255048,2457,"",0.59,1.98,2.05,2.06,0.99,1.60,2.51,0.49,"",0,0.0,93,12.7,137,18.8,140,19.1,3529696,14.8,864408,15.3,81502,47.0,-43,-1.7
"06081","5","335311","78","0","2025","1","N",3,0,0,0,0,0,0,0,"N",1.72,0,0,0,0,0,0,0,"N",0,0.0,0,0,0,0,0,0,0,0,0,0,0,0,0,0
"06081","5","335312","78","0","2025","1","N",1,0,0,0,0,0,0,0,"N",0.46,0,0,0,0,0,0,0,"N",0,0.0,0,0,0,0,0,0,0,0,0,0,0,0,0,0
"06081","5","335313","78","0","2025","1","N",1,0,0,0,0,0,0,0,"N",0.46,0,0,0,0,0,0,0,"N",0,0.0,0,0,0,0,0,0,0,0,0,0,0,0,0,0
"06081","5","3359","76","0","2025","1","",19,449,456,447,20257037,3406397,133147,3458,"",1.43,0.97,0.98,0.96,0.65,0.75,0.77,0.66,"",1,5.6,78,21.0,80,21.3,64,16.7,5292665,35.4,574010,20.3,44159,49.6,402,13.2
"06081","5","33591","77","0","2025","1","N",4,0,0,0,0,0,0,0,"N",1.53,0,0,0,0,0,0,0,"N",0,0.0,0,0,0,0,0,0,0,0,0,0,0,0,0,0
"06081","5","335910","78","0","2025","1","N",4,0,0,0,0,0,0,0,"N",1.53,0,0,0,0,0,0,0,"N",0,0.0,0,0,0,0,0,0,0,0,0,0,0,0,0,0
"06081","5","33592","77","0","2025","1","N",2,0,0,0,0,0,0,0,"N",1.21,0,0,0,0,0,0,0,"N",1,100.0,0,0,0,0,0,0,0,0,0,0,0,0,0,0
"06081","5","335921","78","0","2025","1","N",2,0,0,0,0,0,0,0,"N",2.51,0,0,0,0,0,0,0,"N",1,100.0,0,0,0,0,0,0,0,0,0,0,0,0,0,0
"06081","5","33593","77","0","2025","1","N",3,0,0,0,0,0,0,0,"N",1.45,0,0,0,0,0,0,0,"N",0,0.0,0,0,0,0,0,0,0,0,0,0,0,0,0,0
"06081","5","335931","78","0","2025","1","N",3,0,0,0,0,0,0,0,"N",1.99,0,0,0,0,0,0,0,"N",0,0.0,0,0,0,0,0,0,0,0,0,0,0,0,0,0
"06081","5","33599","77","0","2025","1","",10,182,180,171,6602474,1292096,50812,2859,"",1.44,1.40,1.38,1.32,0.69,1.02,1.04,0.50,"",0,0.0,27,17.4,24,15.4,14,8.9,1010369,18.1,138554,12.0,14382,39.5,102,3.7
"06081","5","335991","78","0","2025","1","N",2,0,0,0,0,0,0,0,"N",2.62,0,0,0,0,0,0,0,"N",0,0.0,0,0,0,0,0,0,0,0,0,0,0,0,0,0
"06081","5","335999","78","0","2025","1","N",8,0,0,0,0,0,0,0,"N",1.29,0,0,0,0,0,0,0,"N",0,0.0,0,0,0,0,0,0,0,0,0,0,0,0,0,0
"06081","5","336","75","0","2025","1","",24,783,796,794,35272081,5799956,248926,3430,"",0.47,0.17,0.17,0.17,0.11,0.13,0.16,0.63,"",3,14.3,53,7.3,61,8.3,56,7.6,5020279,16.6,369206,6.8,79259,46.7,261,8.2
"06081","5","3362","76","0","2025","1","N",1,0,0,0,0,0,0,0,"N",0.14,0,0,0,0,0,0,0,"N",0,0.0,0,0,0,0,0,0,0,0,0,0,0,0,0,0
"06081","5","33621","77","0","2025","1","N",1,0,0,0,0,0,0,0,"N",0.14,0,0,0,0,0,0,0,"N",0,0.0,0,0,0,0,0,0,0,0,0,0,0,0,0,0
"06081","5","336211","78","0","2025","1","N",1,0,0,0,0,0,0,0,"N",0.39,0,0,0,0,0,0,0,"N",0,0.0,0,0,0,0,0,0,0,0,0,0,0,0,0,0
"06081","5","3363","76","0","2025","1","",8,61,63,68,1854909,408657,13592,2229,"",0.47,0.04,0.04,0.05,0.02,0.04,0.03,0.54,"",2,33.3,21,52.5,23,57.5,27,65.9,662157,55.5,167200,69.2,8476,165.7,-46,-2.0
"06081","5","33631","77","0","2025","1","N",1,0,0,0,0,0,0,0,"N",0.40,0,0,0,0,0,0,0,"N",0,0.0,0,0,0,0,0,0,0,0,0,0,0,0,0,0
"06081","5","336310","78","0","2025","1","N",1,0,0,0,0,0,0,0,"N",0.40,0,0,0,0,0,0,0,"N",0,0.0,0,0,0,0,0,0,0,0,0,0,0,0,0,0
"06081","5","33632","77","0","2025","1","",6,44,45,50,1518562,283577,11506,2521,"",2.13,0.29,0.30,0.33,0.18,0.23,0.22,0.58,"",2,50.0,23,109.5,24,114.3,28,127.3,711943,88.3,175120,161.5,8385,268.7,-387,-13.3
"06081","5","336320","78","0","2025","1","",6,44,45,50,1518562,283577,11506,2521,"",2.13,0.29,0.30,0.33,0.18,0.23,0.22,0.58,"",2,50.0,23,109.5,24,114.3,28,127.3,711943,88.3,175120,161.5,8385,268.7,-387,-13.3
"06081","5","33639","77","0","2025","1","N",1,0,0,0,0,0,0,0,"N",0.19,0,0,0,0,0,0,0,"N",0,0.0,0,0,0,0,0,0,0,0,0,0,0,0,0,0
"06081","5","336390","78","0","2025","1","N",1,0,0,0,0,0,0,0,"N",0.19,0,0,0,0,0,0,0,"N",0,0.0,0,0,0,0,0,0,0,0,0,0,0,0,0,0
"06081","5","3364","76","0","2025","1","",10,679,691,684,32245853,5097005,220833,3623,"",0.80,0.45,0.46,0.46,0.22,0.27,0.51,0.48,"",2,25.0,32,4.9,39,6.0,32,4.9,4363250,15.6,216842,4.4,68086,44.6,325,9.9
"06081","5","33641","77","0","2025","1","",10,679,691,684,32245853,5097005,220833,3623,"",0.80,0.45,0.46,0.46,0.22,0.27,0.51,0.48,"",2,25.0,32,4.9,39,6.0,32,4.9,4363250,15.6,216842,4.4,68086,44.6,325,9.9
"06081","5","336411","78","0","2025","1","N",6,0,0,0,0,0,0,0,"N",1.63,0,0,0,0,0,0,0,"N",1,20.0,0,0,0,0,0,0,0,0,0,0,0,0,0,0
"06081","5","336413","78","0","2025","1","N",4,0,0,0,0,0,0,0,"N",0.78,0,0,0,0,0,0,0,"N",1,33.3,0,0,0,0,0,0,0,0,0,0,0,0,0,0
"06081","5","336414","78","0","2025","1","-",0,0,0,0,0,0,0,0,"N",0.00,0,0,0,0,0,0,0,"N",0,0,0,0,0,0,0,0,0,0,0,0,0,0,0,0
"06081","5","3366","76","0","2025","1","N",1,0,0,0,0,0,0,0,"N",0.16,0,0,0,0,0,0,0,"N",0,0.0,0,0,0,0,0,0,0,0,0,0,0,0,0,0
"06081","5","33661","77","0","2025","1","N",1,0,0,0,0,0,0,0,"N",0.16,0,0,0,0,0,0,0,"N",0,0.0,0,0,0,0,0,0,0,0,0,0,0,0,0,0
"06081","5","336612","78","0","2025","1","N",1,0,0,0,0,0,0,0,"N",0.32,0,0,0,0,0,0,0,"N",0,0.0,0,0,0,0,0,0,0,0,0,0,0,0,0,0
"06081","5","3369","76","0","2025","1","N",4,0,0,0,0,0,0,0,"N",1.02,0,0,0,0,0,0,0,"N",-1,-20.0,0,0,0,0,0,0,0,0,0,0,0,0,0,0
"06081","5","33699","77","0","2025","1","N",4,0,0,0,0,0,0,0,"N",1.02,0,0,0,0,0,0,0,"N",-1,-20.0,0,0,0,0,0,0,0,0,0,0,0,0,0,0
"06081","5","336991","78","0","2025","1","N",3,0,0,0,0,0,0,0,"N",2.02,0,0,0,0,0,0,0,"N",-1,-25.0,0,0,0,0,0,0,0,0,0,0,0,0,0,0
"06081","5","336999","78","0","2025","1","N",1,0,0,0,0,0,0,0,"N",0.46,0,0,0,0,0,0,0,"N",0,0.0,0,0,0,0,0,0,0,0,0,0,0,0,0,0
"06081","5","337","75","0","2025","1","",32,330,334,338,6669100,2391374,73663,1536,"",0.66,0.37,0.37,0.38,0.18,0.32,0.34,0.48,"",2,6.7,11,3.4,9,2.8,12,3.7,317491,5.0,-29685,-1.2,1212,1.7,25,1.7
"06081","5","3371","76","0","2025","1","",27,236,242,242,4449844,1708397,54979,1426,"",0.81,0.42,0.43,0.43,0.21,0.38,0.48,0.48,"",2,8.0,4,1.7,5,2.1,6,2.5,154200,3.6,-89857,-5.0,1805,3.4,20,1.4
"06081","5","33711","77","0","2025","1","N",22,0,0,0,0,0,0,0,"N",1.05,0,0,0,0,0,0,0,"N",1,4.8,0,0,0,0,0,0,0,0,0,0,0,0,0,0
"06081","5","337110","78","0","2025","1","N",22,0,0,0,0,0,0,0,"N",1.05,0,0,0,0,0,0,0,"N",1,4.8,0,0,0,0,0,0,0,0,0,0,0,0,0,0
"06081","5","33712","77","0","2025","1","N",5,0,0,0,0,0,0,0,"N",0.41,0,0,0,0,0,0,0,"N",1,25.0,0,0,0,0,0,0,0,0,0,0,0,0,0,0
"06081","5","337121","78","0","2025","1","N",1,0,0,0,0,0,0,0,"N",0.44,0,0,0,0,0,0,0,"N",0,0.0,0,0,0,0,0,0,0,0,0,0,0,0,0,0
"06081","5","337122","78","0","2025","1","N",2,0,0,0,0,0,0,0,"N",0.31,0,0,0,0,0,0,0,"N",1,100.0,0,0,0,0,0,0,0,0,0,0,0,0,0,0
"06081","5","337126","78","0","2025","1","N",2,0,0,0,0,0,0,0,"N",1.25,0,0,0,0,0,0,0,"N",0,0.0,0,0,0,0,0,0,0,0,0,0,0,0,0,0
"06081","5","3372","76","0","2025","1","",5,94,92,96,2219256,682977,18684,1816,"",0.42,0.37,0.36,0.37,0.18,0.30,0.22,0.48,"",0,0.0,7,8.0,4,4.5,6,6.7,163291,7.9,60172,9.7,-593,-3.1,26,1.5
"06081","5","33721","77","0","2025","1","",5,94,92,96,2219256,682977,18684,1816,"",0.42,0.37,0.36,0.37,0.18,0.30,0.22,0.48,"",0,0.0,7,8.0,4,4.5,6,6.7,163291,7.9,60172,9.7,-593,-3.1,26,1.5
"06081","5","337211","78","0","2025","1","N",1,0,0,0,0,0,0,0,"N",0.67,0,0,0,0,0,0,0,"N",0,0.0,0,0,0,0,0,0,0,0,0,0,0,0,0,0
"06081","5","337212","78","0","2025","1","N",1,0,0,0,0,0,0,0,"N",0.17,0,0,0,0,0,0,0,"N",0,0.0,0,0,0,0,0,0,0,0,0,0,0,0,0,0
"06081","5","337214","78","0","2025","1","N",1,0,0,0,0,0,0,0,"N",0.80,0,0,0,0,0,0,0,"N",0,0.0,0,0,0,0,0,0,0,0,0,0,0,0,0,0
"06081","5","337215","78","0","2025","1","N",2,0,0,0,0,0,0,0,"N",0.56,0,0,0,0,0,0,0,"N",0,0.0,0,0,0,0,0,0,0,0,0,0,0,0,0,0
"06081","5","339","75","0","2025","1","",86,1370,1358,1344,84304698,10252453,404651,4778,"",0.85,0.84,0.83,0.83,0.81,0.68,0.79,0.97,"",12,16.2,-149,-9.8,-157,-10.4,-179,-11.8,5817706,7.4,-920270,-8.2,10126,2.6,803,20.2
"06081","5","3391","76","0","2025","1","",55,1172,1153,1137,79010793,8750163,347999,5267,"",1.43,1.35,1.33,1.31,1.19,1.05,1.23,0.90,"",8,17.0,-61,-4.9,-78,-6.3,-97,-7.9,7806043,11.0,-389692,-4.3,21969,6.7,824,18.5
"06081","5","33911","77","0","2025","1","",55,1172,1153,1137,79010793,8750163,347999,5267,"",1.43,1.35,1.33,1.31,1.19,1.05,1.23,0.90,"",8,17.0,-61,-4.9,-78,-6.3,-97,-7.9,7806043,11.0,-389692,-4.3,21969,6.7,824,18.5
"06081","5","339112","78","0","2025","1","",29,1023,1003,987,74496442,7741830,305111,5706,"",2.43,2.74,2.69,2.64,2.27,2.02,2.28,0.84,"",6,26.1,120,13.3,104,11.6,87,9.7,16724453,28.9,941039,13.8,70730,30.2,772,15.6
"06081","5","339113","78","0","2025","1","",9,54,52,52,3285068,380255,15941,4798,"",0.96,0.19,0.19,0.19,0.15,0.14,0.18,0.79,"",0,0.0,-179,-76.8,-181,-77.7,-182,-77.8,-8993651,-73.2,-1275527,-77.0,-48673,-75.3,750,18.5
"06081","5","339116","78","0","2025","1","",17,95,98,98,1229283,628078,26947,975,"",1.30,0.89,0.91,0.92,0.29,0.78,1.04,0.32,"",2,13.3,-2,-2.1,-1,-1.0,-2,-2.0,75241,6.5,-55204,-8.1,-88,-0.3,75,8.3
"06081","5","3399","76","0","2025","1","",31,198,205,207,5293905,1502290,56652,2003,"",0.50,0.26,0.27,0.27,0.14,0.22,0.25,0.51,"",4,14.8,-88,-30.8,-79,-27.8,-82,-28.4,-1988337,-27.3,-530578,-26.1,-11843,-17.3,47,2.4
"06081","5","33991","77","0","2025","1","N",4,0,0,0,0,0,0,0,"N",0.70,0,0,0,0,0,0,0,"N",1,33.3,0,0,0,0,0,0,0,0,0,0,0,0,0,0
"06081","5","339910","78","0","2025","1","N",4,0,0,0,0,0,0,0,"N",0.70,0,0,0,0,0,0,0,"N",1,33.3,0,0,0,0,0,0,0,0,0,0,0,0,0,0
"06081","5","33992","77","0","2025","1","",6,11,10,10,187064,74000,2482,1393,"",1.00,0.10,0.09,0.09,0.03,0.07,0.07,0.33,"N",-1,-14.3,0,0,0,0,0,0,0,0,0,0,0,0,0,0
"06081","5","339920","78","0","2025","1","",6,11,10,10,187064,74000,2482,1393,"",1.00,0.10,0.09,0.09,0.03,0.07,0.07,0.33,"N",-1,-14.3,0,0,0,0,0,0,0,0,0,0,0,0,0,0
"06081","5","33993","77","0","2025","1","N",1,0,0,0,0,0,0,0,"N",0.41,0,0,0,0,0,0,0,"N",1,100.0,0,0,0,0,0,0,0,0,0,0,0,0,0,0
"06081","5","339930","78","0","2025","1","N",1,0,0,0,0,0,0,0,"N",0.41,0,0,0,0,0,0,0,"N",1,100.0,0,0,0,0,0,0,0,0,0,0,0,0,0,0
"06081","5","33995","77","0","2025","1","",12,59,61,59,977723,418728,12336,1260,"",0.59,0.29,0.30,0.29,0.11,0.24,0.24,0.38,"",2,20.0,-11,-15.7,-8,-11.6,-10,-14.5,-55317,-5.4,-27390,-6.1,577,4.9,114,9.9
"06081","5","339950","78","0","2025","1","",12,59,61,59,977723,418728,12336,1260,"",0.59,0.29,0.30,0.29,0.11,0.24,0.24,0.38,"",2,20.0,-11,-15.7,-8,-11.6,-10,-14.5,-55317,-5.4,-27390,-6.1,577,4.9,114,9.9
"06081","5","33999","77","0","2025","1","",8,45,45,45,941459,315186,10148,1609,"",0.30,0.13,0.13,0.13,0.05,0.11,0.10,0.40,"",1,14.3,-2,-4.3,-1,-2.2,-2,-4.3,-108536,-10.3,-32062,-9.2,-1190,-10.5,-122,-7.0
"06081","5","339991","78","0","2025","1","N",1,0,0,0,0,0,0,0,"N",0.47,0,0,0,0,0,0,0,"N",0,0.0,0,0,0,0,0,0,0,0,0,0,0,0,0,0
"06081","5","339992","78","0","2025","1","N",2,0,0,0,0,0,0,0,"N",1.02,0,0,0,0,0,0,0,"N",0,0.0,0,0,0,0,0,0,0,0,0,0,0,0,0,0
"06081","5","339995","78","0","2025","1","N",1,0,0,0,0,0,0,0,"N",3.57,0,0,0,0,0,0,0,"N",0,0.0,0,0,0,0,0,0,0,0,0,0,0,0,0,0
"06081","5","339999","78","0","2025","1","",4,17,18,18,509212,130702,6798,2217,"",0.19,0.09,0.09,0.09,0.05,0.08,0.11,0.54,"",1,33.3,-2,-10.5,-1,-5.3,-2,-10.0,-134678,-20.9,-26729,-17.0,-975,-12.5,-345,-13.5
"06081","5","42","74","0","2025","1","",898,13338,13300,13199,736865413,96586869,3278817,4269,"",0.53,0.83,0.83,0.82,0.60,0.63,0.67,0.72,"",1,0.1,-1120,-7.7,-1075,-7.5,-1124,-7.8,19127327,2.7,-9002055,-8.5,94558,3.0,431,11.2
"06081","5","423","75","0","2025","1","",431,6787,6716,6663,305329223,49238003,1942081,3494,"",0.47,0.75,0.74,0.74,0.44,0.56,0.70,0.59,"",9,2.1,-240,-3.4,-237,-3.4,-207,-3.0,5742426,1.9,-2340366,-4.5,212964,12.3,178,5.4
"06081","5","4231","76","0","2025","1","",33,564,553,550,19667281,4318292,130452,2723,"",0.46,0.57,0.56,0.56,0.35,0.51,0.50,0.62,"",2,6.5,-50,-8.1,-60,-9.8,-58,-9.5,3246664,19.8,-479663,-10.0,14132,12.1,658,31.9
"06081","5","42311","77","0","2025","1","N",7,0,0,0,0,0,0,0,"N",0.34,0,0,0,0,0,0,0,"N",1,16.7,0,0,0,0,0,0,0,0,0,0,0,0,0,0
"06081","5","423110","78","0","2025","1","N",7,0,0,0,0,0,0,0,"N",0.34,0,0,0,0,0,0,0,"N",1,16.7,0,0,0,0,0,0,0,0,0,0,0,0,0,0
"06081","5","42312","77","0","2025","1","",24,350,342,330,10962226,2484436,87647,2475,"",0.61,0.75,0.73,0.71,0.42,0.64,0.65,0.58,"",1,4.3,-19,-5.1,-27,-7.3,-35,-9.6,3645039,49.8,-187669,-7.0,18839,27.4,944,61.7
"06081","5","423120","78","0","2025","1","",24,350,342,330,10962226,2484436,87647,2475,"",0.61,0.75,0.73,0.71,0.42,0.64,0.65,0.58,"",1,4.3,-19,-5.1,-27,-7.3,-35,-9.6,3645039,49.8,-187669,-7.0,18839,27.4,944,61.7
"06081","5","42314","77","0","2025","1","N",2,0,0,0,0,0,0,0,"N",0.36,0,0,0,0,0,0,0,"N",0,0.0,0,0,0,0,0,0,0,0,0,0,0,0,0,0
"06081","5","423140","78","0","2025","1","N",2,0,0,0,0,0,0,0,"N",0.36,0,0,0,0,0,0,0,"N",0,0.0,0,0,0,0,0,0,0,0,0,0,0,0,0,0
"06081","5","4232","76","0","2025","1","",27,380,353,347,9142338,2807778,104381,1953,"",0.76,1.32,1.22,1.21,0.53,1.09,1.11,0.42,"",0,0.0,-90,-19.1,-112,-24.1,-109,-23.9,-1856745,-16.9,-526928,-15.8,14901,16.7,128,7.0
"06081","5","42321","77","0","2025","1","",12,261,233,228,6640504,1875012,82762,2122,"",0.73,2.03,1.80,1.77,0.82,1.61,2.00,0.44,"",0,0.0,-65,-19.9,-92,-28.3,-92,-28.8,-1464155,-18.1,-352945,-15.8,19642,31.1,196,10.2
"06081","5","423210","78","0","2025","1","",12,261,233,228,6640504,1875012,82762,2122,"",0.73,2.03,1.80,1.77,0.82,1.61,2.00,0.44,"",0,0.0,-65,-19.9,-92,-28.3,-92,-28.8,-1464155,-18.1,-352945,-15.8,19642,31.1,196,10.2
"06081","5","42322","77","0","2025","1","",15,119,120,119,2501834,932766,21619,1613,"",0.78,0.75,0.75,0.75,0.27,0.66,0.41,0.36,"",0,0.0,-25,-17.4,-20,-14.3,-17,-12.5,-392590,-13.6,-173983,-15.7,-4741,-18.0,23,1.4
"06081","5","423220","78","0","2025","1","",15,119,120,119,2501834,932766,21619,1613,"",0.78,0.75,0.75,0.75,0.27,0.66,0.41,0.36,"",0,0.0,-25,-17.4,-20,-14.3,-17,-12.5,-392590,-13.6,-173983,-15.7,-4741,-18.0,23,1.4
"06081","5","4233","76","0","2025","1","",23,226,224,231,5130909,1621383,60465,1739,"",0.33,0.33,0.32,0.33,0.11,0.25,0.28,0.35,"",0,0.0,-9,-3.8,-6,-2.6,4,1.8,62567,1.2,-65572,-3.9,2857,5.0,49,2.9
"06081","5","42331","77","0","2025","1","",13,81,78,79,1520194,529213,11038,1474,"",0.50,0.27,0.26,0.26,0.08,0.18,0.13,0.30,"",-1,-7.1,-12,-12.9,-13,-14.3,-12,-13.2,-61138,-3.9,-155290,-22.7,-3990,-26.6,147,11.1
"06081","5","423310","78","0","2025","1","",13,81,78,79,1520194,529213,11038,1474,"",0.50,0.27,0.26,0.26,0.08,0.18,0.13,0.30,"",-1,-7.1,-12,-12.9,-13,-14.3,-12,-13.2,-61138,-3.9,-155290,-22.7,-3990,-26.6,147,11.1
"06081","5","42332","77","0","2025","1","",5,107,108,108,2606999,785215,38186,1863,"",0.28,0.62,0.62,0.62,0.26,0.51,0.63,0.41,"",0,0.0,-2,-1.8,2,1.9,4,3.8,-195971,-7.0,6018,0.8,3929,11.5,-165,-8.1
"06081","5","423320","78","0","2025","1","",5,107,108,108,2606999,785215,38186,1863,"",0.28,0.62,0.62,0.62,0.26,0.51,0.63,0.41,"",0,0.0,-2,-1.8,2,1.9,4,3.8,-195971,-7.0,6018,0.8,3929,11.5,-165,-8.1
"06081","5","42333","77","0","2025","1","N",4,0,0,0,0,0,0,0,"N",0.35,0,0,0,0,0,0,0,"N",1,33.3,0,0,0,0,0,0,0,0,0,0,0,0,0,0
"06081","5","423330","78","0","2025","1","N",4,0,0,0,0,0,0,0,"N",0.35,0,0,0,0,0,0,0,"N",1,33.3,0,0,0,0,0,0,0,0,0,0,0,0,0,0
"06081","5","42339","77","0","2025","1","N",1,0,0,0,0,0,0,0,"N",0.07,0,0,0,0,0,0,0,"N",0,0.0,0,0,0,0,0,0,0,0,0,0,0,0,0,0
"06081","5","423390","78","0","2025","1","N",1,0,0,0,0,0,0,0,"N",0.07,0,0,0,0,0,0,0,"N",0,0.0,0,0,0,0,0,0,0,0,0,0,0,0,0,0
"06081","5","4234","76","0","2025","1","",115,2157,2142,2133,147088388,15720024,683358,5277,"",0.59,1.10,1.09,1.09,0.69,0.74,0.92,0.63,"",-5,-4.2,-153,-6.6,-173,-7.5,-125,-5.5,-2784017,-1.9,-1379230,-8.1,60238,9.7,252,5.0
"06081","5","42341","77","0","2025","1","N",5,0,0,0,0,0,0,0,"N",1.49,0,0,0,0,0,0,0,"N",2,66.7,0,0,0,0,0,0,0,0,0,0,0,0,0,0
"06081","5","423410","78","0","2025","1","N",5,0,0,0,0,0,0,0,"N",1.49,0,0,0,0,0,0,0,"N",2,66.7,0,0,0,0,0,0,0,0,0,0,0,0,0,0
"06081","5","42342","77","0","2025","1","",14,58,58,57,780459,289912,15380,1041,"",0.92,0.33,0.33,0.33,0.07,0.17,0.27,0.22,"N",-5,-26.3,0,0,0,0,0,0,0,0,0,0,0,0,0,0
"06081","5","423420","78","0","2025","1","",14,58,58,57,780459,289912,15380,1041,"",0.92,0.33,0.33,0.33,0.07,0.17,0.27,0.22,"N",-5,-26.3,0,0,0,0,0,0,0,0,0,0,0,0,0,0
"06081","5","42343","77","0","2025","1","",26,569,558,548,43921250,4131259,165274,6051,"",0.59,0.97,0.95,0.93,0.51,0.62,0.60,0.54,"",0,0.0,21,3.8,18,3.3,15,2.8,9384973,27.2,69706,1.7,29753,22.0,1134,23.1
"06081","5","423430","78","0","2025","1","",26,569,558,548,43921250,4131259,165274,6051,"",0.59,0.97,0.95,0.93,0.51,0.62,0.60,0.54,"",0,0.0,21,3.8,18,3.3,15,2.8,9384973,27.2,69706,1.7,29753,22.0,1134,23.1
"06081","5","42344","77","0","2025","1","",11,111,111,113,1612078,756629,16264,1111,"",0.62,0.72,0.72,0.73,0.17,0.53,0.35,0.24,"",0,0.0,-1,-0.9,-3,-2.6,1,0.9,-74653,-4.4,-42102,-5.3,-2470,-13.2,-41,-3.6
"06081","5","423440","78","0","2025","1","",11,111,111,113,1612078,756629,16264,1111,"",0.62,0.72,0.72,0.73,0.17,0.53,0.35,0.24,"",0,0.0,-1,-0.9,-3,-2.6,1,0.9,-74653,-4.4,-42102,-5.3,-2470,-13.2,-41,-3.6
"06081","5","42345","77","0","2025","1","",41,1148,1144,1146,87014817,8570923,377361,5841,"",0.44,1.32,1.32,1.32,0.93,0.89,1.25,0.70,"",2,5.1,67,6.2,53,4.9,109,10.5,9927306,12.9,546394,6.8,128229,51.5,297,5.4
"06081","5","423450","78","0","2025","1","",41,1148,1144,1146,87014817,8570923,377361,5841,"",0.44,1.32,1.32,1.32,0.93,0.89,1.25,0.70,"",2,5.1,67,6.2,53,4.9,109,10.5,9927306,12.9,546394,6.8,128229,51.5,297,5.4
"06081","5","42346","77","0","2025","1","N",7,0,0,0,0,0,0,0,"N",1.12,0,0,0,0,0,0,0,"N",-1,-12.5,0,0,0,0,0,0,0,0,0,0,0,0,0,0
"06081","5","423460","78","0","2025","1","N",7,0,0,0,0,0,0,0,"N",1.12,0,0,0,0,0,0,0,"N",-1,-12.5,0,0,0,0,0,0,0,0,0,0,0,0,0,0
"06081","5","42349","77","0","2025","1","",11,34,35,34,995767,242106,6848,2231,"",0.85,0.35,0.36,0.35,0.12,0.23,0.20,0.36,"",-3,-21.4,-78,-69.6,-76,-68.5,-77,-69.4,-7258495,-87.9,-566169,-70.0,-34354,-83.4,-3472,-60.9
"06081","5","423490","78","0","2025","1","",11,34,35,34,995767,242106,6848,2231,"",0.85,0.35,0.36,0.35,0.12,0.23,0.20,0.36,"",-3,-21.4,-78,-69.6,-76,-68.5,-77,-69.4,-7258495,-87.9,-566169,-70.0,-34354,-83.4,-3472,-60.9
"06081","5","4235","76","0","2025","1","",9,56,51,51,1274837,390788,8562,1862,"",0.29,0.16,0.14,0.14,0.05,0.12,0.09,0.36,"",-1,-10.0,-7,-11.1,-12,-19.0,-11,-17.7,5430,0.4,-31604,-7.5,-2373,-21.7,304,19.5
"06081","5","42351","77","0","2025","1","",9,56,51,51,1274837,390788,8562,1862,"",0.31,0.16,0.15,0.15,0.06,0.12,0.09,0.37,"",-1,-10.0,-7,-11.1,-12,-19.0,-11,-17.7,5430,0.4,-31604,-7.5,-2373,-21.7,304,19.5
"06081","5","423510","78","0","2025","1","",9,56,51,51,1274837,390788,8562,1862,"",0.31,0.16,0.15,0.15,0.06,0.12,0.09,0.37,"",-1,-10.0,-7,-11.1,-12,-19.0,-11,-17.7,5430,0.4,-31604,-7.5,-2373,-21.7,304,19.5
"06081","5","4236","76","0","2025","1","",66,1628,1641,1595,73070216,11978149,565538,3467,"",0.63,1.64,1.65,1.60,0.82,1.19,1.70,0.50,"",9,15.8,47,3.0,107,7.0,62,4.0,5643852,8.4,445428,3.9,95115,20.2,119,3.6
"06081","5","42361","77","0","2025","1","",26,1238,1259,1219,59862280,9163515,443222,3718,"",0.50,2.32,2.34,2.27,1.33,1.73,2.81,0.57,"",5,23.8,70,6.0,132,11.7,93,8.3,4876074,8.9,489762,5.6,97321,28.1,9,0.2
"06081","5","423610","78","0","2025","1","",26,1238,1259,1219,59862280,9163515,443222,3718,"",0.50,2.32,2.34,2.27,1.33,1.73,2.81,0.57,"",5,23.8,70,6.0,132,11.7,93,8.3,4876074,8.9,489762,5.6,97321,28.1,9,0.2
"06081","5","42362","77","0","2025","1","",6,101,102,99,3826601,753263,31342,2924,"",0.47,1.08,1.08,1.05,0.43,0.78,0.78,0.40,"",1,20.0,28,38.4,30,41.7,27,37.5,1446012,60.7,260013,52.7,7484,31.4,392,15.5
"06081","5","423620","78","0","2025","1","",6,101,102,99,3826601,753263,31342,2924,"",0.47,1.08,1.08,1.05,0.43,0.78,0.78,0.40,"",1,20.0,28,38.4,30,41.7,27,37.5,1446012,60.7,260013,52.7,7484,31.4,392,15.5
"06081","5","42369","77","0","2025","1","",34,289,280,277,9381335,2061371,90974,2559,"",0.83,0.79,0.77,0.76,0.27,0.54,0.67,0.35,"",3,9.7,-51,-15.0,-55,-16.4,-58,-17.3,-678234,-6.7,-304347,-12.9,-9690,-9.6,261,11.4
"06081","5","423690","78","0","2025","1","",34,289,280,277,9381335,2061371,90974,2559,"",0.83,0.79,0.77,0.76,0.27,0.54,0.67,0.35,"",3,9.7,-51,-15.0,-55,-16.4,-58,-17.3,-678234,-6.7,-304347,-12.9,-9690,-9.6,261,11.4
"06081","5","4237","76","0","2025","1","",36,813,807,807,24226582,5566715,180745,2304,"",0.48,0.97,0.96,0.96,0.41,0.70,0.76,0.43,"",1,2.9,37,4.8,37,4.8,23,2.9,2335654,10.7,108206,2.0,29199,19.3,136,6.3
"06081","5","42371","77","0","2025","1","",3,8,8,12,147126,69901,1139,1213,"",0.14,0.03,0.03,0.05,0.01,0.03,0.02,0.27,"",0,0.0,-6,-42.9,-1,-11.1,-2,-14.3,-79170,-35.0,-13149,-15.8,-205,-15.3,-198,-14.0
"06081","5","423710","78","0","2025","1","",3,8,8,12,147126,69901,1139,1213,"",0.14,0.03,0.03,0.05,0.01,0.03,0.02,0.27,"",0,0.0,-6,-42.9,-1,-11.1,-2,-14.3,-79170,-35.0,-13149,-15.8,-205,-15.3,-198,-14.0
"06081","5","42372","77","0","2025","1","",19,154,151,144,3445135,864103,24899,1771,"",0.67,0.48,0.47,0.44,0.15,0.27,0.27,0.33,"",0,0.0,-26,-14.4,-30,-16.6,-41,-22.2,-957683,-21.8,-403019,-31.8,-4150,-14.3,-90,-4.8
"06081","5","423720","78","0","2025","1","",19,154,151,144,3445135,864103,24899,1771,"",0.67,0.48,0.47,0.44,0.15,0.27,0.27,0.33,"",0,0.0,-26,-14.4,-30,-16.6,-41,-22.2,-957683,-21.8,-403019,-31.8,-4150,-14.3,-90,-4.8
"06081","5","42373","77","0","2025","1","",11,612,610,612,19343282,4335521,145759,2434,"",0.55,2.71,2.69,2.70,1.01,1.98,2.17,0.37,"",1,10.0,69,12.7,69,12.8,66,12.1,3073943,18.9,502072,13.1,34881,31.5,131,5.7
"06081","5","423730","78","0","2025","1","",11,612,610,612,19343282,4335521,145759,2434,"",0.55,2.71,2.69,2.70,1.01,1.98,2.17,0.37,"",1,10.0,69,12.7,69,12.8,66,12.1,3073943,18.9,502072,13.1,34881,31.5,131,5.7
"06081","5","42374","77","0","2025","1","",3,39,38,39,1291039,297190,8948,2568,"",0.64,0.92,0.90,0.92,0.47,0.77,0.82,0.51,"",0,0.0,0,0.0,-1,-2.6,0,0.0,298564,30.1,22302,8.1,-1327,-12.9,610,31.2
"06081","5","423740","78","0","2025","1","",3,39,38,39,1291039,297190,8948,2568,"",0.64,0.92,0.90,0.92,0.47,0.77,0.82,0.51,"",0,0.0,0,0.0,-1,-2.6,0,0.0,298564,30.1,22302,8.1,-1327,-12.9,610,31.2
"06081","5","4238","76","0","2025","1","",54,451,440,440,12550545,3187175,99231,2176,"",0.26,0.22,0.21,0.21,0.09,0.16,0.18,0.41,"",2,3.8,14,3.2,5,1.1,25,6.0,186022,1.5,-16470,-0.5,5112,5.4,-41,-1.8
"06081","5","42381","77","0","2025","1","N",1,0,0,0,0,0,0,0,"N",0.06,0,0,0,0,0,0,0,"N",0,0.0,0,0,0,0,0,0,0,0,0,0,0,0,0,0
"06081","5","423810","78","0","2025","1","N",1,0,0,0,0,0,0,0,"N",0.06,0,0,0,0,0,0,0,"N",0,0.0,0,0,0,0,0,0,0,0,0,0,0,0,0,0
"06081","5","42382","77","0","2025","1","N",2,0,0,0,0,0,0,0,"N",0.08,0,0,0,0,0,0,0,"N",0,0.0,0,0,0,0,0,0,0,0,0,0,0,0,0,0
"06081","5","423820","78","0","2025","1","N",2,0,0,0,0,0,0,0,"N",0.08,0,0,0,0,0,0,0,"N",0,0.0,0,0,0,0,0,0,0,0,0,0,0,0,0,0
"06081","5","42383","77","0","2025","1","",27,286,287,281,8809806,2012091,48375,2381,"",0.27,0.31,0.31,0.31,0.13,0.22,0.19,0.42,"",1,3.8,-7,-2.4,-3,-1.0,12,4.5,-164429,-1.8,-67321,-3.2,-1915,-3.8,-50,-2.1
"06081","5","423830","78","0","2025","1","",27,286,287,281,8809806,2012091,48375,2381,"",0.27,0.31,0.31,0.31,0.13,0.22,0.19,0.42,"",1,3.8,-7,-2.4,-3,-1.0,12,4.5,-164429,-1.8,-67321,-3.2,-1915,-3.8,-50,-2.1
"06081","5","42384","77","0","2025","1","",12,113,101,105,2609096,782690,40231,1887,"",0.33,0.39,0.35,0.37,0.14,0.29,0.49,0.38,"",0,0.0,19,20.2,6,6.3,9,9.4,51144,2.0,113756,17.0,7996,24.8,-184,-8.9
"06081","5","423840","78","0","2025","1","",12,113,101,105,2609096,782690,40231,1887,"",0.33,0.39,0.35,0.37,0.14,0.29,0.49,0.38,"",0,0.0,19,20.2,6,6.3,9,9.4,51144,2.0,113756,17.0,7996,24.8,-184,-8.9
"06081","5","42385","77","0","2025","1","",9,31,31,33,694776,235348,6856,1688,"",0.50,0.20,0.20,0.22,0.09,0.18,0.17,0.43,"",1,12.5,4,14.8,4,14.8,6,22.2,310954,81.0,33453,16.6,1037,17.8,594,54.3
"06081","5","423850","78","0","2025","1","",9,31,31,33,694776,235348,6856,1688,"",0.50,0.20,0.20,0.22,0.09,0.18,0.17,0.43,"",1,12.5,4,14.8,4,14.8,6,22.2,310954,81.0,33453,16.6,1037,17.8,594,54.3
"06081","5","42386","77","0","2025","1","N",3,0,0,0,0,0,0,0,"N",0.23,0,0,0,0,0,0,0,"N",0,0.0,0,0,0,0,0,0,0,0,0,0,0,0,0,0
"06081","5","423860","78","0","2025","1","N",3,0,0,0,0,0,0,0,"N",0.23,0,0,0,0,0,0,0,"N",0,0.0,0,0,0,0,0,0,0,0,0,0,0,0,0,0
"06081","5","4239","76","0","2025","1","",68,512,505,509,13178127,3647699,109349,1993,"",0.58,0.61,0.60,0.61,0.28,0.50,0.44,0.46,"",1,1.5,-29,-5.4,-23,-4.4,-18,-3.4,-1097001,-7.7,-394533,-9.8,-6217,-5.4,-71,-3.4
"06081","5","42391","77","0","2025","1","",17,124,121,117,2107499,861042,20839,1343,"",0.69,0.74,0.72,0.69,0.22,0.58,0.39,0.30,"",0,0.0,-1,-0.8,-2,-1.6,-9,-7.1,-457726,-17.8,-198126,-18.7,-3878,-15.7,-240,-15.2
"06081","5","423910","78","0","2025","1","",17,124,121,117,2107499,861042,20839,1343,"",0.69,0.74,0.72,0.69,0.22,0.58,0.39,0.30,"",0,0.0,-1,-0.8,-2,-1.6,-9,-7.1,-457726,-17.8,-198126,-18.7,-3878,-15.7,-240,-15.2
"06081","5","42392","77","0","2025","1","",5,16,16,16,196472,105200,2488,945,"",0.58,0.25,0.25,0.25,0.04,0.17,0.11,0.18,"",1,25.0,4,33.3,4,33.3,4,33.3,24255,14.1,24360,30.1,241,10.7,-159,-14.4
"06081","5","423920","78","0","2025","1","",5,16,16,16,196472,105200,2488,945,"",0.58,0.25,0.25,0.25,0.04,0.17,0.11,0.18,"",1,25.0,4,33.3,4,33.3,4,33.3,24255,14.1,24360,30.1,241,10.7,-159,-14.4
"06081","5","42393","77","0","2025","1","",8,93,88,91,2451155,720547,33602,2080,"",0.38,0.35,0.33,0.34,0.19,0.32,0.51,0.56,"",0,0.0,2,2.2,-2,-2.2,2,2.2,122954,5.3,-10927,-1.5,-572,-1.7,90,4.5
"06081","5","423930","78","0","2025","1","",8,93,88,91,2451155,720547,33602,2080,"",0.38,0.35,0.33,0.34,0.19,0.32,0.51,0.56,"",0,0.0,2,2.2,-2,-2.2,2,2.2,122954,5.3,-10927,-1.5,-572,-1.7,90,4.5
"06081","5","42394","77","0","2025","1","",15,67,69,70,1676503,468862,15746,1878,"",0.74,0.70,0.71,0.73,0.32,0.60,0.48,0.45,"",-1,-6.2,-7,-9.5,4,6.2,5,7.7,-266943,-13.7,-44629,-8.7,2737,21.0,-320,-14.6
"06081","5","423940","78","0","2025","1","",15,67,69,70,1676503,468862,15746,1878,"",0.74,0.70,0.71,0.73,0.32,0.60,0.48,0.45,"",-1,-6.2,-7,-9.5,4,6.2,5,7.7,-266943,-13.7,-44629,-8.7,2737,21.0,-320,-14.6
"06081","5","42399","77","0","2025","1","",23,212,211,215,6746498,1492048,36674,2440,"",0.53,0.87,0.87,0.89,0.43,0.68,0.49,0.50,"",1,4.5,-27,-11.3,-27,-11.3,-20,-8.5,-519541,-7.2,-165211,-10.0,-4745,-11.5,85,3.6
"06081","5","423990","78","0","2025","1","",23,212,211,215,6746498,1492048,36674,2440,"",0.53,0.87,0.87,0.89,0.43,0.68,0.49,0.50,"",1,4.5,-27,-11.3,-27,-11.3,-20,-8.5,-519541,-7.2,-165211,-10.0,-4745,-11.5,85,3.6
"06081","5","424","75","0","2025","1","",358,6165,6197,6157,416742530,44671359,1244485,5193,"",0.74,1.06,1.07,1.06,0.98,0.82,0.72,0.93,"",3,0.8,-594,-8.8,-555,-8.2,-630,-9.3,17321050,4.3,-4465261,-9.1,-14328,-1.1,652,14.4
"06081","5","4241","76","0","2025","1","",19,115,105,112,3437783,1009116,34875,2390,"",0.75,0.38,0.35,0.37,0.17,0.37,0.37,0.47,"",1,5.6,11,10.6,3,2.9,9,8.7,1185097,52.6,331601,48.9,9868,39.5,708,42.1
"06081","5","42411","77","0","2025","1","N",2,0,0,0,0,0,0,0,"N",0.58,0,0,0,0,0,0,0,"N",0,0.0,0,0,0,0,0,0,0,0,0,0,0,0,0,0
"06081","5","424110","78","0","2025","1","N",2,0,0,0,0,0,0,0,"N",0.58,0,0,0,0,0,0,0,"N",0,0.0,0,0,0,0,0,0,0,0,0,0,0,0,0,0
"06081","5","42412","77","0","2025","1","N",9,0,0,0,0,0,0,0,"N",1.05,0,0,0,0,0,0,0,"N",0,0.0,0,0,0,0,0,0,0,0,0,0,0,0,0,0
"06081","5","424120","78","0","2025","1","N",9,0,0,0,0,0,0,0,"N",1.05,0,0,0,0,0,0,0,"N",0,0.0,0,0,0,0,0,0,0,0,0,0,0,0,0,0
"06081","5","42413","77","0","2025","1","",8,59,52,55,2169334,620249,22562,3016,"",0.60,0.34,0.30,0.32,0.17,0.36,0.39,0.54,"N",1,14.3,0,0,0,0,0,0,0,0,0,0,0,0,0,0
"06081","5","424130","78","0","2025","1","",8,59,52,55,2169334,620249,22562,3016,"",0.60,0.34,0.30,0.32,0.17,0.36,0.39,0.54,"N",1,14.3,0,0,0,0,0,0,0,0,0,0,0,0,0,0
"06081","5","4242","76","0","2025","1","",44,2484,2531,2499,335145410,18517146,529130,10293,"",0.72,3.63,3.68,3.60,3.19,2.30,1.88,0.88,"",-6,-12.0,-472,-16.0,-431,-14.6,-433,-14.8,17066308,5.4,-3611921,-16.3,-83856,-13.7,1999,24.1
"06081","5","42421","77","0","2025","1","",44,2484,2531,2499,335145410,18517146,529130,10293,"",0.72,3.63,3.68,3.60,3.19,2.30,1.88,0.88,"",-6,-12.0,-472,-16.0,-431,-14.6,-433,-14.8,17066308,5.4,-3611921,-16.3,-83856,-13.7,1999,24.1
"06081","5","424210","78","0","2025","1","",44,2484,2531,2499,335145410,18517146,529130,10293,"",0.72,3.63,3.68,3.60,3.19,2.30,1.88,0.88,"",-6,-12.0,-472,-16.0,-431,-14.6,-433,-14.8,17066308,5.4,-3611921,-16.3,-83856,-13.7,1999,24.1
"06081","5","4243","76","0","2025","1","",31,116,110,117,2920626,751009,28031,1965,"",0.69,0.32,0.30,0.32,0.13,0.23,0.20,0.41,"",2,6.9,-8,-6.5,-8,-6.8,-1,-0.8,21680,0.7,-32402,-4.1,123,0.4,107,5.8
"06081","5","42431","77","0","2025","1","",11,44,39,43,1333325,273543,7562,2442,"",1.10,0.79,0.70,0.78,0.48,0.59,0.46,0.63,"",1,10.0,-1,-2.2,-6,-13.3,-1,-2.3,80792,6.5,-13863,-4.8,-365,-4.6,285,13.2
"06081","5","424310","78","0","2025","1","",11,44,39,43,1333325,273543,7562,2442,"",1.10,0.79,0.70,0.78,0.48,0.59,0.46,0.63,"",1,10.0,-1,-2.2,-6,-13.3,-1,-2.3,80792,6.5,-13863,-4.8,-365,-4.6,285,13.2
"06081","5","42434","77","0","2025","1","",4,8,8,7,94249,47874,1194,946,"",0.79,0.14,0.14,0.12,0.02,0.08,0.05,0.16,"",1,33.3,3,60.0,3,60.0,1,16.7,14441,18.1,15266,46.8,544,83.7,-205,-17.8
"06081","5","424340","78","0","2025","1","",4,8,8,7,94249,47874,1194,946,"",0.79,0.14,0.14,0.12,0.02,0.08,0.05,0.16,"",1,33.3,3,60.0,3,60.0,1,16.7,14441,18.1,15266,46.8,544,83.7,-205,-17.8
"06081","5","42435","77","0","2025","1","",16,64,63,67,1493052,429592,19275,1776,"",0.54,0.26,0.25,0.27,0.10,0.20,0.19,0.37,"",0,0.0,-10,-13.5,-5,-7.4,-1,-1.5,-73553,-4.7,-33805,-7.3,-56,-0.3,54,3.1
"06081","5","424350","78","0","2025","1","",16,64,63,67,1493052,429592,19275,1776,"",0.54,0.26,0.25,0.27,0.10,0.20,0.19,0.37,"",0,0.0,-10,-13.5,-5,-7.4,-1,-1.5,-73553,-4.7,-33805,-7.3,-56,-0.3,54,3.1
"06081","5","4244","76","0","2025","1","",151,2562,2560,2573,58044621,18279637,480606,1741,"",1.13,1.17,1.16,1.17,0.46,0.91,0.76,0.39,"",4,2.7,-101,-3.8,-89,-3.4,-101,-3.8,-286679,-0.5,-718928,-3.8,57157,13.5,55,3.3
"06081","5","42441","77","0","2025","1","",30,316,320,313,5703107,2229840,46360,1387,"",1.25,0.46,0.46,0.45,0.14,0.34,0.24,0.31,"",0,0.0,-62,-16.4,-49,-13.3,-53,-14.5,-896260,-13.6,-361844,-14.0,-8516,-15.5,19,1.4
"06081","5","424410","78","0","2025","1","",30,316,320,313,5703107,2229840,46360,1387,"",1.25,0.46,0.46,0.45,0.14,0.34,0.24,0.31,"",0,0.0,-62,-16.4,-49,-13.3,-53,-14.5,-896260,-13.6,-361844,-14.0,-8516,-15.5,19,1.4
"06081","5","42442","77","0","2025","1","",10,146,143,155,6805016,1046316,24671,3537,"",1.30,1.54,1.49,1.62,1.10,1.22,0.91,0.71,"",0,0.0,-5,-3.3,-4,-2.7,8,5.4,543267,8.7,48013,4.8,3178,14.8,290,8.9
"06081","5","424420","78","0","2025","1","",10,146,143,155,6805016,1046316,24671,3537,"",1.30,1.54,1.49,1.62,1.10,1.22,0.91,0.71,"",0,0.0,-5,-3.3,-4,-2.7,8,5.4,543267,8.7,48013,4.8,3178,14.8,290,8.9
"06081","5","42443","77","0","2025","1","N",2,0,0,0,0,0,0,0,"N",0.29,0,0,0,0,0,0,0,"N",-1,-33.3,0,0,0,0,0,0,0,0,0,0,0,0,0,0
"06081","5","424430","78","0","2025","1","N",2,0,0,0,0,0,0,0,"N",0.29,0,0,0,0,0,0,0,"N",-1,-33.3,0,0,0,0,0,0,0,0,0,0,0,0,0,0
"06081","5","42444","77","0","2025","1","N",4,0,0,0,0,0,0,0,"N",1.94,0,0,0,0,0,0,0,"N",1,33.3,0,0,0,0,0,0,0,0,0,0,0,0,0,0
"06081","5","424440","78","0","2025","1","N",4,0,0,0,0,0,0,0,"N",1.94,0,0,0,0,0,0,0,"N",1,33.3,0,0,0,0,0,0,0,0,0,0,0,0,0,0
"06081","5","42445","77","0","2025","1","N",5,0,0,0,0,0,0,0,"N",0.47,0,0,0,0,0,0,0,"N",2,66.7,0,0,0,0,0,0,0,0,0,0,0,0,0,0
"06081","5","424450","78","0","2025","1","N",5,0,0,0,0,0,0,0,"N",0.47,0,0,0,0,0,0,0,"N",2,66.7,0,0,0,0,0,0,0,0,0,0,0,0,0,0
"06081","5","42446","77","0","2025","1","",14,223,227,225,4138638,1524553,25233,1415,"",1.89,3.05,3.10,3.06,1.20,2.51,1.23,0.39,"",3,27.3,8,3.7,12,5.6,7,3.2,184785,4.7,-187413,-10.9,-1245,-4.7,7,0.5
"06081","5","424460","78","0","2025","1","",14,223,227,225,4138638,1524553,25233,1415,"",1.89,3.05,3.10,3.06,1.20,2.51,1.23,0.39,"",3,27.3,8,3.7,12,5.6,7,3.2,184785,4.7,-187413,-10.9,-1245,-4.7,7,0.5
"06081","5","42447","77","0","2025","1","",7,148,156,153,2537917,1050415,38874,1282,"",0.84,1.12,1.17,1.15,0.36,0.89,1.02,0.31,"",-1,-12.5,9,6.5,12,8.3,9,6.2,72911,3.0,58418,5.9,12743,48.8,-50,-3.8
"06081","5","424470","78","0","2025","1","",7,148,156,153,2537917,1050415,38874,1282,"",0.84,1.12,1.17,1.15,0.36,0.89,1.02,0.31,"",-1,-12.5,9,6.5,12,8.3,9,6.2,72911,3.0,58418,5.9,12743,48.8,-50,-3.8
"06081","5","42448","77","0","2025","1","",31,699,698,700,15704100,5006454,145857,1728,"",2.15,2.72,2.71,2.71,1.26,2.44,2.05,0.47,"",0,0.0,16,2.3,15,2.2,4,0.6,-418730,-2.6,145803,3.0,37092,34.1,-76,-4.2
"06081","5","424480","78","0","2025","1","",31,699,698,700,15704100,5006454,145857,1728,"",2.15,2.72,2.71,2.71,1.26,2.44,2.05,0.47,"",0,0.0,16,2.3,15,2.2,4,0.6,-418730,-2.6,145803,3.0,37092,34.1,-76,-4.2
"06081","5","42449","77","0","2025","1","",48,861,843,852,19383920,6085935,166133,1750,"",0.92,1.32,1.29,1.30,0.48,1.01,0.87,0.37,"",0,0.0,-63,-6.8,-75,-8.2,-78,-8.4,37979,0.2,-492188,-7.5,10182,6.5,139,8.6
"06081","5","424490","78","0","2025","1","",48,861,843,852,19383920,6085935,166133,1750,"",0.92,1.32,1.29,1.30,0.48,1.01,0.87,0.37,"",0,0.0,-63,-6.8,-75,-8.2,-78,-8.4,37979,0.2,-492188,-7.5,10182,6.5,139,8.6
"06081","5","4245","76","0","2025","1","N",4,0,0,0,0,0,0,0,"N",0.21,0,0,0,0,0,0,0,"N",-1,-20.0,0,0,0,0,0,0,0,0,0,0,0,0,0,0
"06081","5","42451","77","0","2025","1","N",1,0,0,0,0,0,0,0,"N",0.10,0,0,0,0,0,0,0,"N",0,0.0,0,0,0,0,0,0,0,0,0,0,0,0,0,0
"06081","5","424510","78","0","2025","1","N",1,0,0,0,0,0,0,0,"N",0.10,0,0,0,0,0,0,0,"N",0,0.0,0,0,0,0,0,0,0,0,0,0,0,0,0,0
"06081","5","42459","77","0","2025","1","N",3,0,0,0,0,0,0,0,"N",0.54,0,0,0,0,0,0,0,"N",-1,-25.0,0,0,0,0,0,0,0,0,0,0,0,0,0,0
"06081","5","424590","78","0","2025","1","N",3,0,0,0,0,0,0,0,"N",0.54,0,0,0,0,0,0,0,"N",-1,-25.0,0,0,0,0,0,0,0,0,0,0,0,0,0,0
"06081","5","4246","76","0","2025","1","",22,109,114,85,2527664,793789,20399,1894,"",0.44,0.27,0.28,0.21,0.08,0.20,0.17,0.30,"",1,4.8,-4,-3.5,1,0.9,-28,-24.8,-13684,-0.5,31459,4.1,1805,9.7,164,9.5
"06081","5","42461","77","0","2025","1","N",1,0,0,0,0,0,0,0,"N",0.09,0,0,0,0,0,0,0,"N",0,0.0,0,0,0,0,0,0,0,0,0,0,0,0,0,0
"06081","5","424610","78","0","2025","1","N",1,0,0,0,0,0,0,0,"N",0.09,0,0,0,0,0,0,0,"N",0,0.0,0,0,0,0,0,0,0,0,0,0,0,0,0,0
"06081","5","42469","77","0","2025","1","N",21,0,0,0,0,0,0,0,"N",0.55,0,0,0,0,0,0,0,"N",1,5.0,0,0,0,0,0,0,0,0,0,0,0,0,0,0
"06081","5","424690","78","0","2025","1","N",21,0,0,0,0,0,0,0,"N",0.55,0,0,0,0,0,0,0,"N",1,5.0,0,0,0,0,0,0,0,0,0,0,0,0,0,0
"06081","5","4247","76","0","2025","1","N",1,0,0,0,0,0,0,0,"N",0.04,0,0,0,0,0,0,0,"N",0,0.0,0,0,0,0,0,0,0,0,0,0,0,0,0,0
"06081","5","42471","77","0","2025","1","N",1,0,0,0,0,0,0,0,"N",0.14,0,0,0,0,0,0,0,"N",0,0.0,0,0,0,0,0,0,0,0,0,0,0,0,0,0
"06081","5","424710","78","0","2025","1","N",1,0,0,0,0,0,0,0,"N",0.14,0,0,0,0,0,0,0,"N",0,0.0,0,0,0,0,0,0,0,0,0,0,0,0,0,0
"06081","5","42472","77","0","2025","1","-",0,0,0,0,0,0,0,0,"N",0.00,0,0,0,0,0,0,0,"N",0,0,0,0,0,0,0,0,0,0,0,0,0,0,0,0
"06081","5","424720","78","0","2025","1","-",0,0,0,0,0,0,0,0,"N",0.00,0,0,0,0,0,0,0,"N",0,0,0,0,0,0,0,0,0,0,0,0,0,0,0,0
"06081","5","4248","76","0","2025","1","",22,502,501,503,10091832,3496478,105575,1546,"",0.86,0.90,0.90,0.90,0.29,0.68,0.77,0.32,"",1,4.8,53,11.8,38,8.2,-1,-0.2,658378,7.0,52591,1.5,11896,12.7,9,0.6
"06081","5","42481","77","0","2025","1","N",6,0,0,0,0,0,0,0,"N",0.76,0,0,0,0,0,0,0,"N",0,0.0,0,0,0,0,0,0,0,0,0,0,0,0,0,0
"06081","5","424810","78","0","2025","1","N",6,0,0,0,0,0,0,0,"N",0.76,0,0,0,0,0,0,0,"N",0,0.0,0,0,0,0,0,0,0,0,0,0,0,0,0,0
"06081","5","42482","77","0","2025","1","N",16,0,0,0,0,0,0,0,"N",0.90,0,0,0,0,0,0,0,"N",1,6.7,0,0,0,0,0,0,0,0,0,0,0,0,0,0
"06081","5","424820","78","0","2025","1","N",16,0,0,0,0,0,0,0,"N",0.90,0,0,0,0,0,0,0,"N",1,6.7,0,0,0,0,0,0,0,0,0,0,0,0,0,0
"06081","5","4249","76","0","2025","1","",64,248,247,239,4088274,1594005,35711,1285,"",0.61,0.30,0.29,0.28,0.09,0.22,0.16,0.31,"",1,1.6,-54,-17.9,-51,-17.1,-58,-19.5,-1150551,-22.0,-422165,-20.9,-10384,-22.5,-63,-4.7
"06081","5","42491","77","0","2025","1","N",4,0,0,0,0,0,0,0,"N",0.11,0,0,0,0,0,0,0,"N",0,0.0,0,0,0,0,0,0,0,0,0,0,0,0,0,0
"06081","5","424910","78","0","2025","1","N",4,0,0,0,0,0,0,0,"N",0.11,0,0,0,0,0,0,0,"N",0,0.0,0,0,0,0,0,0,0,0,0,0,0,0,0,0
"06081","5","42492","77","0","2025","1","",4,11,11,11,196571,75262,3574,1375,"",0.82,0.17,0.16,0.17,0.06,0.14,0.19,0.37,"",-1,-20.0,-5,-31.2,-4,-26.7,-5,-31.2,-53135,-21.3,-29012,-27.8,-1223,-25.5,149,12.2
"06081","5","424920","78","0","2025","1","",4,11,11,11,196571,75262,3574,1375,"",0.82,0.17,0.16,0.17,0.06,0.14,0.19,0.37,"",-1,-20.0,-5,-31.2,-4,-26.7,-5,-31.2,-53135,-21.3,-29012,-27.8,-1223,-25.5,149,12.2
"06081","5","42493","77","0","2025","1","",5,16,17,16,113342,73119,1517,534,"",0.49,0.13,0.14,0.12,0.03,0.09,0.05,0.20,"N",1,25.0,0,0,0,0,0,0,0,0,0,0,0,0,0,0
"06081","5","424930","78","0","2025","1","",5,16,17,16,113342,73119,1517,534,"",0.49,0.13,0.14,0.12,0.03,0.09,0.05,0.20,"N",1,25.0,0,0,0,0,0,0,0,0,0,0,0,0,0,0
"06081","5","42494","77","0","2025","1","N",1,0,0,0,0,0,0,0,"N",0.15,0,0,0,0,0,0,0,"N",0,0.0,0,0,0,0,0,0,0,0,0,0,0,0,0,0
"06081","5","424940","78","0","2025","1","N",1,0,0,0,0,0,0,0,"N",0.15,0,0,0,0,0,0,0,"N",0,0.0,0,0,0,0,0,0,0,0,0,0,0,0,0,0
"06081","5","42495","77","0","2025","1","",6,44,43,44,727220,288771,7263,1281,"",0.78,0.71,0.69,0.70,0.19,0.49,0.44,0.27,"",1,20.0,0,0.0,-5,-10.4,-8,-15.4,-56832,-7.2,-36805,-11.3,-1298,-15.2,25,2.0
"06081","5","424950","78","0","2025","1","",6,44,43,44,727220,288771,7263,1281,"",0.78,0.71,0.69,0.70,0.19,0.49,0.44,0.27,"",1,20.0,0,0.0,-5,-10.4,-8,-15.4,-56832,-7.2,-36805,-11.3,-1298,-15.2,25,2.0
"06081","5","42499","77","0","2025","1","",44,166,165,157,2551089,1080853,21823,1206,"",1.10,0.77,0.76,0.73,0.22,0.62,0.33,0.29,"",0,0.0,-50,-23.1,-45,-21.4,-53,-25.2,-1042598,-29.0,-354291,-24.7,-7352,-25.2,-98,-7.5
"06081","5","424990","78","0","2025","1","",44,166,165,157,2551089,1080853,21823,1206,"",1.10,0.77,0.76,0.73,0.22,0.62,0.33,0.29,"",0,0.0,-50,-23.1,-45,-21.4,-53,-25.2,-1042598,-29.0,-354291,-24.7,-7352,-25.2,-98,-7.5
"06081","5","425","75","0","2025","1","",109,386,387,379,14793660,2677507,92251,2963,"",0.37,0.33,0.33,0.32,0.13,0.23,0.23,0.39,"",-11,-9.2,-286,-42.6,-283,-42.2,-287,-43.1,-3936149,-21.0,-2196428,-45.1,-104078,-53.0,810,37.6
"06081","5","4251","76","0","2025","1","",109,386,387,379,14793660,2677507,92251,2963,"",0.37,0.33,0.33,0.32,0.13,0.23,0.23,0.39,"",-11,-9.2,-286,-42.6,-283,-42.2,-287,-43.1,-3936149,-21.0,-2196428,-45.1,-104078,-53.0,810,37.6
"06081","5","42512","77","0","2025","1","",109,386,387,379,14793660,2677507,92251,2963,"",0.37,0.33,0.33,0.32,0.13,0.23,0.23,0.39,"",-11,-9.2,-286,-42.6,-283,-42.2,-287,-43.1,-3936149,-21.0,-2196428,-45.1,-104078,-53.0,810,37.6
"06081","5","425120","78","0","2025","1","",109,386,387,379,14793660,2677507,92251,2963,"",0.37,0.33,0.33,0.32,0.13,0.23,0.23,0.39,"",-11,-9.2,-286,-42.6,-283,-42.2,-287,-43.1,-3936149,-21.0,-2196428,-45.1,-104078,-53.0,810,37.6
"06081","5","44-45","74","0","2025","1","",1761,28919,28590,28615,427739857,185281244,4532646,1146,"",0.62,0.71,0.70,0.70,0.35,0.77,0.74,0.50,"",24,1.4,-760,-2.6,-653,-2.2,-444,-1.5,3246899,0.8,-3412756,-1.8,311046,7.4,33,3.0
"06081","5","441","75","0","2025","1","",147,3293,3334,3322,79440570,23528412,639393,1843,"",0.44,0.61,0.61,0.61,0.31,0.54,0.54,0.52,"",12,8.9,26,0.8,48,1.5,18,0.5,-1084131,-1.3,-566983,-2.4,24508,4.0,-42,-2.2
"06081","5","4411","76","0","2025","1","",63,2652,2672,2652,70294509,19172260,537321,2034,"",0.50,0.78,0.78,0.77,0.38,0.65,0.64,0.49,"",4,6.8,34,1.3,43,1.6,17,0.6,-778654,-1.1,-436878,-2.2,17295,3.3,-47,-2.3
"06081","5","44111","77","0","2025","1","",43,2529,2546,2529,68219635,18293448,512122,2070,"",0.76,0.85,0.85,0.85,0.41,0.70,0.70,0.48,"",2,4.9,26,1.0,32,1.3,12,0.5,-812043,-1.2,-489779,-2.6,14230,2.9,-44,-2.1
"06081","5","441110","78","0","2025","1","",43,2529,2546,2529,68219635,18293448,512122,2070,"",0.76,0.85,0.85,0.85,0.41,0.70,0.70,0.48,"",2,4.9,26,1.0,32,1.3,12,0.5,-812043,-1.2,-489779,-2.6,14230,2.9,-44,-2.1
"06081","5","44112","77","0","2025","1","",20,123,126,123,2074874,878812,25199,1287,"",0.29,0.28,0.28,0.28,0.10,0.25,0.24,0.38,"",2,11.1,8,7.0,11,9.6,5,4.2,33389,1.6,52901,6.4,3065,13.8,-67,-4.9
"06081","5","441120","78","0","2025","1","",20,123,126,123,2074874,878812,25199,1287,"",0.29,0.28,0.28,0.28,0.10,0.25,0.24,0.38,"",2,11.1,8,7.0,11,9.6,5,4.2,33389,1.6,52901,6.4,3065,13.8,-67,-4.9
"06081","5","4412","76","0","2025","1","",9,25,21,25,283178,141436,4257,920,"",0.22,0.06,0.05,0.06,0.02,0.04,0.04,0.29,"",0,0.0,-6,-19.4,-4,-16.0,-1,-3.8,-55995,-16.5,-8022,-5.4,205,5.1,-35,-3.7
"06081","5","44122","77","0","2025","1","",9,25,21,25,283178,141436,4257,920,"",0.28,0.09,0.07,0.09,0.02,0.06,0.06,0.30,"",0,0.0,-6,-19.4,-4,-16.0,-1,-3.8,-55995,-16.5,-8022,-5.4,205,5.1,-35,-3.7
"06081","5","441222","78","0","2025","1","",3,16,13,16,136028,71481,2549,698,"",0.25,0.17,0.14,0.17,0.03,0.10,0.10,0.22,"",0,0.0,-2,-11.1,-1,-7.1,1,6.7,3823,2.9,5023,7.6,281,12.4,49,7.6
"06081","5","441227","78","0","2025","1","",6,9,8,9,147150,69955,1708,1306,"",0.29,0.05,0.04,0.05,0.02,0.05,0.04,0.44,"",0,0.0,-4,-30.8,-3,-27.3,-2,-18.2,-59818,-28.9,-13045,-15.7,-76,-4.3,-59,-4.3
"06081","5","4413","76","0","2025","1","",75,616,641,645,8862883,4214716,97815,1075,"",0.45,0.39,0.41,0.41,0.18,0.41,0.42,0.45,"",8,11.9,-2,-0.3,9,1.4,2,0.3,-249482,-2.7,-122083,-2.8,7008,7.7,-36,-3.2
"06081","5","44133","77","0","2025","1","",46,389,406,411,5181987,2551222,62209,992,"",0.42,0.37,0.38,0.39,0.18,0.40,0.44,0.47,"",5,12.2,-17,-4.2,-2,-0.5,-9,-2.1,-218496,-4.0,-164074,-6.0,3158,5.3,-18,-1.8
"06081","5","441330","78","0","2025","1","",46,389,406,411,5181987,2551222,62209,992,"",0.42,0.37,0.38,0.39,0.18,0.40,0.44,0.47,"",5,12.2,-17,-4.2,-2,-0.5,-9,-2.1,-218496,-4.0,-164074,-6.0,3158,5.3,-18,-1.8
"06081","5","44134","77","0","2025","1","",29,227,235,234,3680896,1663494,35606,1220,"",0.52,0.44,0.45,0.45,0.19,0.42,0.38,0.42,"",3,11.5,15,7.1,11,4.9,11,4.9,-30986,-0.8,41991,2.6,3850,12.1,-80,-6.2
"06081","5","441340","78","0","2025","1","",29,227,235,234,3680896,1663494,35606,1220,"",0.52,0.44,0.45,0.45,0.19,0.42,0.38,0.42,"",3,11.5,15,7.1,11,4.9,11,4.9,-30986,-0.8,41991,2.6,3850,12.1,-80,-6.2
"06081","5","444","75","0","2025","1","",136,2548,2549,2624,33308348,15995564,443659,996,"",0.71,0.73,0.72,0.71,0.30,0.70,0.81,0.41,"",-5,-3.5,-47,-1.8,-10,-0.4,88,3.5,-827470,-2.4,-414116,-2.5,20215,4.8,-28,-2.7
"06081","5","4441","76","0","2025","1","",118,2402,2390,2472,31300181,14959639,422702,994,"",0.81,0.78,0.77,0.77,0.31,0.74,0.91,0.40,"",-6,-4.8,-58,-2.4,-31,-1.3,66,2.7,-1069061,-3.3,-524457,-3.4,16830,4.1,-31,-3.0
"06081","5","44411","77","0","2025","1","N",14,0,0,0,0,0,0,0,"N",0.56,0,0,0,0,0,0,0,"N",0,0.0,0,0,0,0,0,0,0,0,0,0,0,0,0,0
"06081","5","444110","78","0","2025","1","N",14,0,0,0,0,0,0,0,"N",0.56,0,0,0,0,0,0,0,"N",0,0.0,0,0,0,0,0,0,0,0,0,0,0,0,0,0
"06081","5","44412","77","0","2025","1","N",16,0,0,0,0,0,0,0,"N",0.89,0,0,0,0,0,0,0,"N",-4,-20.0,0,0,0,0,0,0,0,0,0,0,0,0,0,0
"06081","5","444120","78","0","2025","1","N",16,0,0,0,0,0,0,0,"N",0.89,0,0,0,0,0,0,0,"N",-4,-20.0,0,0,0,0,0,0,0,0,0,0,0,0,0,0
"06081","5","44414","77","0","2025","1","",14,154,148,150,1935676,940001,26500,988,"",0.34,0.34,0.33,0.33,0.16,0.35,0.44,0.48,"",0,0.0,-14,-8.3,-21,-12.4,-19,-11.2,-191788,-9.0,-123436,-11.6,1346,5.4,18,1.9
"06081","5","444140","78","0","2025","1","",14,154,148,150,1935676,940001,26500,988,"",0.34,0.34,0.33,0.33,0.16,0.35,0.44,0.48,"",0,0.0,-14,-8.3,-21,-12.4,-19,-11.2,-191788,-9.0,-123436,-11.6,1346,5.4,18,1.9
"06081","5","44418","77","0","2025","1","",74,696,695,690,13222399,4567082,167134,1466,"",1.22,1.07,1.07,1.06,0.41,0.83,1.04,0.38,"",-2,-2.6,-27,-3.7,-33,-4.5,-31,-4.3,-758916,-5.4,-299486,-6.2,-412,-0.2,-19,-1.3
"06081","5","444180","78","0","2025","1","",74,696,695,690,13222399,4567082,167134,1466,"",1.22,1.07,1.07,1.06,0.41,0.83,1.04,0.38,"",-2,-2.6,-27,-3.7,-33,-4.5,-31,-4.3,-758916,-5.4,-299486,-6.2,-412,-0.2,-19,-1.3
"06081","5","4442","76","0","2025","1","",18,146,159,152,2008167,1035925,20957,1014,"",0.38,0.33,0.36,0.32,0.16,0.39,0.25,0.48,"",1,5.9,11,8.1,21,15.2,22,16.9,241591,13.7,110341,11.9,3385,19.3,2,0.2
"06081","5","44424","77","0","2025","1","",18,146,159,152,2008167,1035925,20957,1014,"",0.49,0.40,0.43,0.39,0.21,0.51,0.31,0.52,"",1,5.9,11,8.1,21,15.2,22,16.9,241591,13.7,110341,11.9,3385,19.3,2,0.2
"06081","5","444240","78","0","2025","1","",18,146,159,152,2008167,1035925,20957,1014,"",0.49,0.40,0.43,0.39,0.21,0.51,0.31,0.52,"",1,5.9,11,8.1,21,15.2,22,16.9,241591,13.7,110341,11.9,3385,19.3,2,0.2
"06081","5","445","75","0","2025","1","",335,7830,7839,7828,92536558,49095658,972883,909,"",0.78,0.91,0.91,0.91,0.46,1.07,0.99,0.50,"",3,0.9,-152,-1.9,-162,-2.0,-147,-1.8,1431358,1.6,-5308,0.0,54486,5.9,31,3.5
"06081","5","4451","76","0","2025","1","",212,6992,6981,6986,81648543,43824717,830418,899,"",0.81,0.93,0.93,0.93,0.46,1.09,1.02,0.50,"",2,1.0,-121,-1.7,-121,-1.7,-91,-1.3,1286508,1.6,32628,0.1,48576,6.2,28,3.2
"06081","5","44511","77","0","2025","1","",165,6773,6768,6722,79484494,42280552,795589,905,"",1.05,0.97,0.97,0.96,0.48,1.13,1.10,0.50,"",-1,-0.6,-116,-1.7,-110,-1.6,-137,-2.0,1014030,1.3,-164677,-0.4,41898,5.6,27,3.1
"06081","5","445110","78","0","2025","1","",165,6773,6768,6722,79484494,42280552,795589,905,"",1.05,0.97,0.97,0.96,0.48,1.13,1.10,0.50,"",-1,-0.6,-116,-1.7,-110,-1.6,-137,-2.0,1014030,1.3,-164677,-0.4,41898,5.6,27,3.1
"06081","5","44513","77","0","2025","1","",47,219,213,264,2164049,1544165,34829,718,"",0.45,0.42,0.40,0.49,0.18,0.54,0.39,0.41,"",3,6.8,-5,-2.2,-11,-4.9,46,21.1,272478,14.4,197305,14.6,6678,23.7,63,9.6
"06081","5","445131","78","0","2025","1","",43,208,202,253,2034094,1472914,33393,708,"",0.45,0.48,0.47,0.58,0.23,0.68,0.54,0.45,"",3,7.5,0,0.0,-8,-3.8,50,24.6,293755,16.9,218462,17.4,7587,29.4,61,9.4
"06081","5","445132","78","0","2025","1","",4,11,11,11,129955,71251,1436,909,"",0.43,0.11,0.11,0.11,0.04,0.10,0.05,0.36,"",0,0.0,-5,-31.2,-3,-21.4,-4,-26.7,-21277,-14.1,-21157,-22.9,-909,-38.8,133,17.1
"06081","5","4452","76","0","2025","1","",61,445,469,454,5640912,2804744,64047,952,"",0.80,0.74,0.78,0.75,0.38,0.84,0.62,0.50,"",-1,-1.6,-16,-3.5,-32,-6.4,-50,-9.9,-101715,-1.8,-49679,-1.7,-2413,-3.6,48,5.3
"06081","5","44523","77","0","2025","1","",20,194,195,202,2635998,1272321,25192,1029,"",2.24,2.44,2.45,2.48,1.22,2.71,1.76,0.50,"",1,5.3,1,0.5,-7,-3.5,-1,-0.5,4800,0.2,-9174,-0.7,-3551,-12.4,14,1.4
"06081","5","445230","78","0","2025","1","",20,194,195,202,2635998,1272321,25192,1029,"",2.24,2.44,2.45,2.48,1.22,2.71,1.76,0.50,"",1,5.3,1,0.5,-7,-3.5,-1,-0.5,4800,0.2,-9174,-0.7,-3551,-12.4,14,1.4
"06081","5","44524","77","0","2025","1","N",7,0,0,0,0,0,0,0,"N",0.39,0,0,0,0,0,0,0,"N",1,16.7,0,0,0,0,0,0,0,0,0,0,0,0,0,0
"06081","5","445240","78","0","2025","1","N",7,0,0,0,0,0,0,0,"N",0.39,0,0,0,0,0,0,0,"N",1,16.7,0,0,0,0,0,0,0,0,0,0,0,0,0,0
"06081","5","44525","77","0","2025","1","N",2,0,0,0,0,0,0,0,"N",0.33,0,0,0,0,0,0,0,"N",-1,-33.3,0,0,0,0,0,0,0,0,0,0,0,0,0,0
"06081","5","445250","78","0","2025","1","N",2,0,0,0,0,0,0,0,"N",0.33,0,0,0,0,0,0,0,"N",-1,-33.3,0,0,0,0,0,0,0,0,0,0,0,0,0,0
"06081","5","44529","77","0","2025","1","",32,163,192,169,1783040,957721,27175,785,"",0.74,0.52,0.61,0.53,0.23,0.58,0.48,0.42,"",-2,-5.9,-21,-11.4,-23,-10.7,-44,-20.7,-190092,-9.6,-65071,-6.4,-977,-3.5,41,5.5
"06081","5","445291","78","0","2025","1","N",5,0,0,0,0,0,0,0,"N",0.72,0,0,0,0,0,0,0,"N",-1,-16.7,0,0,0,0,0,0,0,0,0,0,0,0,0,0
"06081","5","445292","78","0","2025","1","N",10,0,0,0,0,0,0,0,"N",1.21,0,0,0,0,0,0,0,"N",0,0.0,0,0,0,0,0,0,0,0,0,0,0,0,0,0
"06081","5","445298","78","0","2025","1","",17,90,91,91,1063755,549658,12687,903,"",0.61,0.44,0.44,0.44,0.20,0.49,0.34,0.45,"",-1,-5.6,-2,-2.2,-1,-1.1,-1,-1.1,-73039,-6.4,-9395,-1.7,1394,12.3,-47,-4.9
"06081","5","4453","76","0","2025","1","",62,393,389,388,5247103,2466197,78418,1035,"",0.68,0.87,0.87,0.87,0.54,1.06,1.23,0.62,"",2,3.3,-15,-3.7,-9,-2.3,-6,-1.5,246565,4.9,11743,0.5,8323,11.9,73,7.6
"06081","5","44532","77","0","2025","1","",62,393,389,388,5247103,2466197,78418,1035,"",0.68,0.87,0.87,0.87,0.54,1.06,1.23,0.62,"",2,3.3,-15,-3.7,-9,-2.3,-6,-1.5,246565,4.9,11743,0.5,8323,11.9,73,7.6
"06081","5","445320","78","0","2025","1","",62,393,389,388,5247103,2466197,78418,1035,"",0.68,0.87,0.87,0.87,0.54,1.06,1.23,0.62,"",2,3.3,-15,-3.7,-9,-2.3,-6,-1.5,246565,4.9,11743,0.5,8323,11.9,73,7.6
"06081","5","449","75","0","2025","1","",184,1770,1730,1733,29803650,10121049,320592,1314,"",0.80,0.85,0.84,0.84,0.33,0.68,0.65,0.39,"",-1,-0.5,-130,-6.8,-113,-6.1,-60,-3.3,-2216344,-6.9,-900574,-8.2,1160,0.4,-21,-1.6
"06081","5","4491","76","0","2025","1","",93,926,927,930,14539416,5813937,166055,1206,"",0.76,0.86,0.87,0.88,0.35,0.78,0.70,0.41,"",-4,-4.1,-77,-7.7,-33,-3.4,1,0.1,-89788,-0.6,-361426,-5.9,4058,2.5,39,3.3
"06081","5","44911","77","0","2025","1","",50,545,549,548,7701877,3686225,92683,1082,"",0.83,1.06,1.07,1.07,0.36,0.94,0.77,0.34,"",0,0.0,16,3.0,38,7.4,46,9.2,228649,3.1,88538,2.5,8846,10.6,-36,-3.2
"06081","5","449110","78","0","2025","1","",50,545,549,548,7701877,3686225,92683,1082,"",0.83,1.06,1.07,1.07,0.36,0.94,0.77,0.34,"",0,0.0,16,3.0,38,7.4,46,9.2,228649,3.1,88538,2.5,8846,10.6,-36,-3.2
"06081","5","44912","77","0","2025","1","",43,381,378,382,6837539,2127712,73372,1383,"",0.69,0.67,0.68,0.70,0.35,0.61,0.62,0.51,"",-4,-8.5,-93,-19.6,-71,-15.8,-45,-10.5,-318437,-4.4,-449964,-17.5,-4788,-6.1,160,13.1
"06081","5","449121","78","0","2025","1","",15,74,71,75,1248024,513778,10109,1309,"",0.62,0.41,0.39,0.42,0.14,0.34,0.22,0.35,"",0,0.0,-8,-9.8,-13,-15.5,-3,-3.8,-91917,-6.9,-83162,-13.9,-3726,-26.9,42,3.3
"06081","5","449122","78","0","2025","1","",5,21,21,22,373770,152978,5139,1348,"",0.64,0.61,0.61,0.64,0.26,0.56,0.55,0.41,"",1,25.0,-1,-4.5,3,16.7,1,4.8,-25639,-6.4,5065,3.4,-805,-13.5,-163,-10.8
"06081","5","449129","78","0","2025","1","",23,286,286,285,5215745,1460956,58124,1404,"",0.75,0.82,0.85,0.85,0.54,0.86,0.92,0.65,"",-5,-17.9,-84,-22.7,-61,-17.6,-43,-13.1,-200881,-3.7,-371867,-20.3,-257,-0.4,208,17.4
"06081","5","4492","76","0","2025","1","",91,844,803,803,15264234,4307112,154537,1438,"",0.84,0.83,0.80,0.81,0.31,0.58,0.61,0.38,"",3,3.4,-53,-5.9,-80,-9.1,-61,-7.1,-2126556,-12.2,-539148,-11.1,-2898,-1.8,-80,-5.3
"06081","5","44921","77","0","2025","1","",91,844,803,803,15264234,4307112,154537,1438,"",0.84,0.83,0.80,0.81,0.31,0.58,0.61,0.38,"",3,3.4,-53,-5.9,-80,-9.1,-61,-7.1,-2126556,-12.2,-539148,-11.1,-2898,-1.8,-80,-5.3
"06081","5","449210","78","0","2025","1","",91,844,803,803,15264234,4307112,154537,1438,"",0.84,0.83,0.80,0.81,0.31,0.58,0.61,0.38,"",3,3.4,-53,-5.9,-80,-9.1,-61,-7.1,-2126556,-12.2,-539148,-11.1,-2898,-1.8,-80,-5.3
"06081","5","455","75","0","2025","1","",75,5128,4952,4947,96757990,42203305,1002038,1486,"",0.34,0.59,0.58,0.58,0.45,0.92,1.05,0.77,"",-1,-1.3,-52,-1.0,-91,-1.8,-66,-1.3,9903536,11.4,1979754,4.9,161196,19.2,170,12.9
"06081","5","4551","76","0","2025","1","",28,2663,2538,2540,23020157,13312224,288310,686,"",0.86,1.05,1.04,1.05,0.43,1.13,0.99,0.41,"",-1,-3.4,-10,-0.4,-18,-0.7,-4,-0.2,445147,2.0,-316690,-2.3,19983,7.4,16,2.4
"06081","5","45511","77","0","2025","1","",28,2663,2538,2540,23020157,13312224,288310,686,"",0.86,1.05,1.04,1.05,0.43,1.13,0.99,0.41,"",-1,-3.4,-10,-0.4,-18,-0.7,-4,-0.2,445147,2.0,-316690,-2.3,19983,7.4,16,2.4
"06081","5","455110","78","0","2025","1","",28,2663,2538,2540,23020157,13312224,288310,686,"",0.86,1.05,1.04,1.05,0.43,1.13,0.99,0.41,"",-1,-3.4,-10,-0.4,-18,-0.7,-4,-0.2,445147,2.0,-316690,-2.3,19983,7.4,16,2.4
"06081","5","4552","76","0","2025","1","",47,2465,2414,2407,73737833,28891081,713728,2335,"",0.25,0.40,0.40,0.40,0.46,0.85,1.08,1.14,"",0,0.0,-42,-1.7,-73,-2.9,-62,-2.5,9458389,14.7,2296444,8.6,141213,24.7,347,17.5
"06081","5","45521","77","0","2025","1","",47,2465,2414,2407,73737833,28891081,713728,2335,"",0.25,0.40,0.40,0.40,0.46,0.85,1.08,1.14,"",0,0.0,-42,-1.7,-73,-2.9,-62,-2.5,9458389,14.7,2296444,8.6,141213,24.7,347,17.5
"06081","5","455211","78","0","2025","1","",8,2115,2072,2072,57349512,23210310,546563,2114,"",0.46,0.46,0.45,0.45,0.44,0.86,1.13,0.97,"",0,0.0,67,3.3,35,1.7,42,2.1,7784310,15.7,1321823,6.0,89181,19.5,243,13.0
"06081","5","455219","78","0","2025","1","",39,350,342,335,16388321,5680771,167165,3682,"",0.23,0.23,0.22,0.22,0.51,0.82,0.92,2.24,"",0,0.0,-109,-23.7,-108,-24.0,-104,-23.7,1674079,11.4,974621,20.7,52032,45.2,1163,46.2
"06081","5","456","75","0","2025","1","",183,1788,1769,1762,28750389,10489843,271937,1247,"",0.60,0.63,0.63,0.63,0.29,0.59,0.58,0.46,"",-3,-1.6,-145,-7.5,-110,-5.9,-109,-5.8,-2051725,-6.7,-909225,-8.0,22177,8.9,-4,-0.3
"06081","5","4561","76","0","2025","1","",183,1788,1769,1762,28750389,10489843,271937,1247,"",0.60,0.63,0.63,0.63,0.29,0.59,0.58,0.46,"",-3,-1.6,-145,-7.5,-110,-5.9,-109,-5.8,-2051725,-6.7,-909225,-8.0,22177,8.9,-4,-0.3
"06081","5","45611","77","0","2025","1","",90,1041,1049,1045,14491501,6421699,126899,1067,"",0.55,0.58,0.58,0.58,0.22,0.54,0.44,0.38,"",-5,-5.3,-82,-7.3,-54,-4.9,-61,-5.5,-1392354,-8.8,-744639,-10.4,1725,1.4,-33,-3.0
"06081","5","456110","78","0","2025","1","",90,1041,1049,1045,14491501,6421699,126899,1067,"",0.55,0.58,0.58,0.58,0.22,0.54,0.44,0.38,"",-5,-5.3,-82,-7.3,-54,-4.9,-61,-5.5,-1392354,-8.8,-744639,-10.4,1725,1.4,-33,-3.0
"06081","5","45612","77","0","2025","1","",34,474,451,453,9808358,2397056,96202,1643,"",0.63,0.91,0.91,0.90,0.78,1.03,1.35,0.86,"",1,3.0,-63,-11.7,-43,-8.7,-33,-6.8,-635578,-6.1,-151571,-5.9,17796,22.7,54,3.4
"06081","5","456120","78","0","2025","1","",34,474,451,453,9808358,2397056,96202,1643,"",0.63,0.91,0.91,0.90,0.78,1.03,1.35,0.86,"",1,3.0,-63,-11.7,-43,-8.7,-33,-6.8,-635578,-6.1,-151571,-5.9,17796,22.7,54,3.4
"06081","5","45613","77","0","2025","1","",26,131,128,126,1828988,770700,18559,1096,"",0.94,0.68,0.66,0.65,0.26,0.59,0.49,0.40,"",0,0.0,2,1.6,-5,-3.8,-6,-4.5,59437,3.4,749,0.1,-358,-1.9,60,5.8
"06081","5","456130","78","0","2025","1","",26,131,128,126,1828988,770700,18559,1096,"",0.94,0.68,0.66,0.65,0.26,0.59,0.49,0.40,"",0,0.0,2,1.6,-5,-3.8,-6,-4.5,59437,3.4,749,0.1,-358,-1.9,60,5.8
"06081","5","45619","77","0","2025","1","",33,142,141,138,2621542,900388,30277,1437,"",0.56,0.46,0.45,0.44,0.19,0.40,0.42,0.43,"",1,3.1,-2,-1.4,-8,-5.4,-9,-6.1,-83230,-3.1,-13764,-1.5,3014,11.1,18,1.3
"06081","5","456191","78","0","2025","1","",17,39,37,38,904287,212825,6659,1831,"",0.62,0.31,0.30,0.31,0.19,0.29,0.28,0.62,"",1,6.2,-3,-7.1,-9,-19.6,-7,-15.6,161386,21.7,-11652,-5.2,179,2.8,542,42.0
"06081","5","456199","78","0","2025","1","",16,103,104,100,1717255,687563,23618,1291,"",0.51,0.55,0.56,0.53,0.19,0.46,0.48,0.36,"",0,0.0,1,1.0,1,1.0,-2,-2.0,-244616,-12.5,-2112,-0.3,2835,13.6,-184,-12.5
"06081","5","457","75","0","2025","1","",132,1050,1082,1084,11855671,6639180,151921,851,"",0.42,0.38,0.39,0.39,0.18,0.44,0.40,0.46,"",3,2.3,-30,-2.8,-16,-1.5,2,0.2,1310307,12.4,2640,0.0,7846,5.4,105,14.1
"06081","5","4571","76","0","2025","1","N",130,0,0,0,0,0,0,0,"N",0.44,0,0,0,0,0,0,0,"N",3,2.4,0,0,0,0,0,0,0,0,0,0,0,0,0,0
"06081","5","45711","77","0","2025","1","",115,957,988,986,9141784,5965416,132475,720,"",0.42,0.41,0.43,0.42,0.18,0.50,0.50,0.44,"",2,1.8,30,3.2,42,4.4,51,5.5,800115,9.6,298352,5.3,19295,17.0,34,5.0
"06081","5","457110","78","0","2025","1","",115,957,988,986,9141784,5965416,132475,720,"",0.42,0.41,0.43,0.42,0.18,0.50,0.50,0.44,"",2,1.8,30,3.2,42,4.4,51,5.5,800115,9.6,298352,5.3,19295,17.0,34,5.0
"06081","5","45712","77","0","2025","1","N",15,0,0,0,0,0,0,0,"N",0.62,0,0,0,0,0,0,0,"N",1,7.1,0,0,0,0,0,0,0,0,0,0,0,0,0,0
"06081","5","457120","78","0","2025","1","N",15,0,0,0,0,0,0,0,"N",0.62,0,0,0,0,0,0,0,"N",1,7.1,0,0,0,0,0,0,0,0,0,0,0,0,0,0
"06081","5","4572","76","0","2025","1","N",2,0,0,0,0,0,0,0,"N",0.10,0,0,0,0,0,0,0,"N",0,0.0,0,0,0,0,0,0,0,0,0,0,0,0,0,0
"06081","5","45721","77","0","2025","1","N",2,0,0,0,0,0,0,0,"N",0.10,0,0,0,0,0,0,0,"N",0,0.0,0,0,0,0,0,0,0,0,0,0,0,0,0,0
"06081","5","457210","78","0","2025","1","N",2,0,0,0,0,0,0,0,"N",0.10,0,0,0,0,0,0,0,"N",0,0.0,0,0,0,0,0,0,0,0,0,0,0,0,0,0
"06081","5","458","75","0","2025","1","",199,2233,2125,2100,20833977,9928309,249256,744,"",0.63,0.73,0.72,0.71,0.28,0.70,0.56,0.39,"",-2,-1.0,105,4.9,142,7.2,140,7.1,1966199,10.4,573653,6.1,37068,17.5,27,3.8
"06081","5","4581","76","0","2025","1","",126,1642,1551,1528,12735935,6927170,164260,623,"",0.58,0.73,0.72,0.71,0.25,0.71,0.52,0.34,"",-1,-0.8,82,5.3,123,8.6,138,9.9,1109579,9.5,445061,6.9,25711,18.6,10,1.6
"06081","5","45811","77","0","2025","1","",126,1642,1551,1528,12735935,6927170,164260,623,"",0.58,0.73,0.72,0.71,0.25,0.71,0.52,0.34,"",-1,-0.8,82,5.3,123,8.6,138,9.9,1109579,9.5,445061,6.9,25711,18.6,10,1.6
"06081","5","458110","78","0","2025","1","",126,1642,1551,1528,12735935,6927170,164260,623,"",0.58,0.73,0.72,0.71,0.25,0.71,0.52,0.34,"",-1,-0.8,82,5.3,123,8.6,138,9.9,1109579,9.5,445061,6.9,25711,18.6,10,1.6
"06081","5","4582","76","0","2025","1","",32,393,372,371,2700673,1658531,40382,549,"",0.79,0.87,0.84,0.84,0.29,0.84,0.72,0.34,"",-2,-5.9,25,6.8,12,3.3,-3,-0.8,266034,10.9,93053,5.9,4971,14.0,39,7.6
"06081","5","45821","77","0","2025","1","",32,393,372,371,2700673,1658531,40382,549,"",0.79,0.87,0.84,0.84,0.29,0.84,0.72,0.34,"",-2,-5.9,25,6.8,12,3.3,-3,-0.8,266034,10.9,93053,5.9,4971,14.0,39,7.6
"06081","5","458210","78","0","2025","1","",32,393,372,371,2700673,1658531,40382,549,"",0.79,0.87,0.84,0.84,0.29,0.84,0.72,0.34,"",-2,-5.9,25,6.8,12,3.3,-3,-0.8,266034,10.9,93053,5.9,4971,14.0,39,7.6
"06081","5","4583","76","0","2025","1","",41,198,202,201,5397369,1342608,44614,2072,"",0.71,0.58,0.60,0.60,0.40,0.58,0.60,0.67,"",1,2.5,-2,-1.0,7,3.6,5,2.6,590586,12.3,35539,2.7,6386,16.7,195,10.4
"06081","5","45831","77","0","2025","1","N",39,0,0,0,0,0,0,0,"N",0.72,0,0,0,0,0,0,0,"N",1,2.6,0,0,0,0,0,0,0,0,0,0,0,0,0,0
"06081","5","458310","78","0","2025","1","N",39,0,0,0,0,0,0,0,"N",0.72,0,0,0,0,0,0,0,"N",1,2.6,0,0,0,0,0,0,0,0,0,0,0,0,0,0
"06081","5","45832","77","0","2025","1","N",2,0,0,0,0,0,0,0,"N",0.62,0,0,0,0,0,0,0,"N",0,0.0,0,0,0,0,0,0,0,0,0,0,0,0,0,0
"06081","5","458320","78","0","2025","1","N",2,0,0,0,0,0,0,0,"N",0.62,0,0,0,0,0,0,0,"N",0,0.0,0,0,0,0,0,0,0,0,0,0,0,0,0,0
"06081","5","459","75","0","2025","1","",370,3279,3210,3215,34452704,17279924,480967,819,"",0.74,0.84,0.82,0.83,0.34,0.84,0.76,0.40,"",18,5.1,-335,-9.3,-341,-9.6,-310,-8.8,-5184831,-13.1,-3172597,-15.5,-17610,-3.5,-37,-4.3
"06081","5","4591","76","0","2025","1","",103,1294,1250,1272,10165652,6182924,175824,615,"",0.85,1.01,1.00,1.02,0.36,0.98,1.12,0.36,"",5,5.1,8,0.6,-21,-1.7,8,0.6,393749,4.0,164249,2.7,28078,19.0,25,4.2
"06081","5","45911","77","0","2025","1","",60,876,833,837,7417445,4248418,129355,672,"",0.91,1.12,1.10,1.10,0.40,1.05,1.26,0.37,"",3,5.3,6,0.7,-26,-3.0,-25,-2.9,200398,2.8,52625,1.3,23919,22.7,29,4.5
"06081","5","459110","78","0","2025","1","",60,876,833,837,7417445,4248418,129355,672,"",0.91,1.12,1.10,1.10,0.40,1.05,1.26,0.37,"",3,5.3,6,0.7,-26,-3.0,-25,-2.9,200398,2.8,52625,1.3,23919,22.7,29,4.5
"06081","5","45912","77","0","2025","1","",25,303,297,296,1856641,1342562,34070,478,"",0.73,0.92,0.93,0.94,0.30,0.89,0.93,0.32,"",2,8.7,3,1.0,3,1.0,14,5.0,162652,9.6,81464,6.5,4493,15.2,32,7.2
"06081","5","459120","78","0","2025","1","",25,303,297,296,1856641,1342562,34070,478,"",0.73,0.92,0.93,0.94,0.30,0.89,0.93,0.32,"",2,8.7,3,1.0,3,1.0,14,5.0,162652,9.6,81464,6.5,4493,15.2,32,7.2
"06081","5","45913","77","0","2025","1","",9,66,70,90,441650,321950,5877,451,"",0.83,0.82,0.88,1.03,0.34,1.02,0.84,0.37,"",0,0.0,3,4.8,3,4.5,23,34.3,50961,13.0,39109,13.8,337,6.1,-7,-1.5
"06081","5","459130","78","0","2025","1","",9,66,70,90,441650,321950,5877,451,"",0.83,0.82,0.88,1.03,0.34,1.02,0.84,0.37,"",0,0.0,3,4.8,3,4.5,23,34.3,50961,13.0,39109,13.8,337,6.1,-7,-1.5
"06081","5","45914","77","0","2025","1","",9,49,50,49,449916,269994,6522,702,"",0.93,0.56,0.57,0.56,0.20,0.57,0.59,0.35,"",0,0.0,-4,-7.5,-1,-2.0,-4,-7.5,-20262,-4.3,-8949,-3.2,-671,-9.3,11,1.6
"06081","5","459140","78","0","2025","1","",9,49,50,49,449916,269994,6522,702,"",0.93,0.56,0.57,0.56,0.20,0.57,0.59,0.35,"",0,0.0,-4,-7.5,-1,-2.0,-4,-7.5,-20262,-4.3,-8949,-3.2,-671,-9.3,11,1.6
"06081","5","4592","76","0","2025","1","",14,137,128,133,1029564,705043,11267,597,"",0.67,0.76,0.73,0.77,0.27,0.82,0.44,0.37,"",0,0.0,-36,-20.8,-29,-18.5,-21,-13.6,-118097,-10.3,-110050,-13.5,-3437,-23.4,50,9.1
"06081","5","45921","77","0","2025","1","",14,137,128,133,1029564,705043,11267,597,"",0.67,0.76,0.73,0.77,0.27,0.82,0.44,0.37,"",0,0.0,-36,-20.8,-29,-18.5,-21,-13.6,-118097,-10.3,-110050,-13.5,-3437,-23.4,50,9.1
"06081","5","459210","78","0","2025","1","",14,137,128,133,1029564,705043,11267,597,"",0.67,0.76,0.73,0.77,0.27,0.82,0.44,0.37,"",0,0.0,-36,-20.8,-29,-18.5,-21,-13.6,-118097,-10.3,-110050,-13.5,-3437,-23.4,50,9.1
"06081","5","4593","76","0","2025","1","",27,98,108,99,973301,563207,11840,736,"",0.84,0.67,0.68,0.67,0.33,0.77,0.53,0.48,"",0,0.0,-14,-12.5,1,0.9,-3,-2.9,79867,8.9,-22987,-3.9,-163,-1.4,94,14.6
"06081","5","45931","77","0","2025","1","",27,98,108,99,973301,563207,11840,736,"",0.84,0.67,0.68,0.67,0.33,0.77,0.53,0.48,"",0,0.0,-14,-12.5,1,0.9,-3,-2.9,79867,8.9,-22987,-3.9,-163,-1.4,94,14.6
"06081","5","459310","78","0","2025","1","",27,98,108,99,973301,563207,11840,736,"",0.84,0.67,0.68,0.67,0.33,0.77,0.53,0.48,"",0,0.0,-14,-12.5,1,0.9,-3,-2.9,79867,8.9,-22987,-3.9,-163,-1.4,94,14.6
"06081","5","4594","76","0","2025","1","",60,655,637,635,8396903,4000156,98784,1006,"",0.90,1.34,1.32,1.34,0.69,1.59,1.41,0.52,"",2,3.4,-23,-3.4,-17,-2.6,-16,-2.5,-585338,-6.5,-115055,-2.8,-6743,-6.4,-39,-3.7
"06081","5","45941","77","0","2025","1","",12,91,88,89,833273,531153,11143,718,"",0.76,0.56,0.54,0.55,0.15,0.50,0.38,0.26,"",-1,-7.7,-46,-33.6,-47,-34.8,-41,-31.5,-1120825,-57.4,-348576,-39.6,-12273,-52.4,-404,-36.0
"06081","5","459410","78","0","2025","1","",12,91,88,89,833273,531153,11143,718,"",0.76,0.56,0.54,0.55,0.15,0.50,0.38,0.26,"",-1,-7.7,-46,-33.6,-47,-34.8,-41,-31.5,-1120825,-57.4,-348576,-39.6,-12273,-52.4,-404,-36.0
"06081","5","45942","77","0","2025","1","",48,564,549,546,7563630,3469003,87641,1052,"",0.94,1.73,1.72,1.74,1.17,2.39,2.14,0.68,"",3,6.7,23,4.3,30,5.8,25,4.8,535487,7.6,233521,7.2,5530,6.7,26,2.5
"06081","5","459420","78","0","2025","1","",48,564,549,546,7563630,3469003,87641,1052,"",0.94,1.73,1.72,1.74,1.17,2.39,2.14,0.68,"",3,6.7,23,4.3,30,5.8,25,4.8,535487,7.6,233521,7.2,5530,6.7,26,2.5
"06081","5","4595","76","0","2025","1","",28,234,238,236,2363187,812598,15418,770,"",0.55,0.42,0.42,0.42,0.20,0.45,0.29,0.47,"",3,12.0,-231,-49.7,-233,-49.5,-251,-51.5,-2280612,-49.1,-1813125,-69.1,-28181,-64.6,17,2.3
"06081","5","45951","77","0","2025","1","",28,234,238,236,2363187,812598,15418,770,"",0.55,0.42,0.42,0.42,0.20,0.45,0.29,0.47,"",3,12.0,-231,-49.7,-233,-49.5,-251,-51.5,-2280612,-49.1,-1813125,-69.1,-28181,-64.6,17,2.3
"06081","5","459510","78","0","2025","1","",28,234,238,236,2363187,812598,15418,770,"",0.55,0.42,0.42,0.42,0.20,0.45,0.29,0.47,"",3,12.0,-231,-49.7,-233,-49.5,-251,-51.5,-2280612,-49.1,-1813125,-69.1,-28181,-64.6,17,2.3
"06081","5","4599","76","0","2025","1","",138,861,849,840,11524097,5015996,167834,1043,"",0.65,0.68,0.67,0.66,0.26,0.61,0.56,0.40,"",8,6.2,-39,-4.3,-42,-4.7,-27,-3.1,-2674400,-18.8,-1275629,-20.3,-7164,-4.1,-190,-15.4
"06081","5","45991","77","0","2025","1","",27,344,329,333,3207176,1734861,33171,736,"",0.91,0.96,0.92,0.93,0.30,0.84,0.69,0.32,"",1,3.8,-36,-9.5,-50,-13.2,-42,-11.2,-1872327,-36.9,-1267818,-42.2,-17010,-33.9,-298,-28.8
"06081","5","459910","78","0","2025","1","",27,344,329,333,3207176,1734861,33171,736,"",0.91,0.96,0.92,0.93,0.30,0.84,0.69,0.32,"",1,3.8,-36,-9.5,-50,-13.2,-42,-11.2,-1872327,-36.9,-1267818,-42.2,-17010,-33.9,-298,-28.8
"06081","5","45992","77","0","2025","1","N",7,0,0,0,0,0,0,0,"N",0.52,0,0,0,0,0,0,0,"N",1,16.7,0,0,0,0,0,0,0,0,0,0,0,0,0,0
"06081","5","459920","78","0","2025","1","N",7,0,0,0,0,0,0,0,"N",0.52,0,0,0,0,0,0,0,"N",1,16.7,0,0,0,0,0,0,0,0,0,0,0,0,0,0
"06081","5","45993","77","0","2025","1","N",2,0,0,0,0,0,0,0,"N",0.36,0,0,0,0,0,0,0,"N",0,0.0,0,0,0,0,0,0,0,0,0,0,0,0,0,0
"06081","5","459930","78","0","2025","1","N",2,0,0,0,0,0,0,0,"N",0.36,0,0,0,0,0,0,0,"N",0,0.0,0,0,0,0,0,0,0,0,0,0,0,0,0,0
"06081","5","45999","77","0","2025","1","",102,482,484,472,6862187,3041512,120848,1101,"",0.63,0.58,0.58,0.57,0.24,0.55,0.52,0.42,"",6,6.2,-3,-0.6,6,1.3,14,3.1,-1075847,-13.6,-15319,-0.5,3099,2.6,-188,-14.6
"06081","5","459991","78","0","2025","1","",42,210,209,200,2110253,1293641,43111,787,"",0.56,0.54,0.54,0.51,0.23,0.57,0.45,0.43,"",7,20.0,26,14.1,35,20.1,32,19.0,425269,25.2,215756,20.0,7815,22.1,48,6.5
"06081","5","459999","78","0","2025","1","",60,272,275,272,4751934,1747871,77737,1339,"",0.69,0.61,0.62,0.61,0.25,0.54,0.58,0.40,"",-1,-1.6,-29,-9.6,-29,-9.5,-18,-6.2,-1501116,-24.0,-231075,-11.7,-4716,-5.7,-273,-16.9
"06081","5","48-49","74","0","2025","1","",598,25212,25064,25040,547668510,152903655,4636877,1678,"",0.70,1.42,1.43,1.44,0.65,1.10,0.98,0.46,"",10,1.7,2181,9.5,2244,9.8,2287,10.1,52569184,10.6,10644419,7.5,717252,18.3,13,0.8
"06081","5","481","75","0","2025","1","",27,9200,9101,9144,253803149,47270212,783008,2134,"",1.29,6.12,6.04,6.08,1.81,3.09,2.17,0.30,"",0,0.0,527,6.1,417,4.8,477,5.5,25954402,11.4,2686904,6.0,20939,2.7,114,5.6
"06081","5","4811","76","0","2025","1","N",25,0,0,0,0,0,0,0,"N",3.29,0,0,0,0,0,0,0,"N",1,4.2,0,0,0,0,0,0,0,0,0,0,0,0,0,0
"06081","5","48111","77","0","2025","1","N",25,0,0,0,0,0,0,0,"N",3.29,0,0,0,0,0,0,0,"N",1,4.2,0,0,0,0,0,0,0,0,0,0,0,0,0,0
"06081","5","481111","78","0","2025","1","",21,9135,9037,9069,252366391,46894496,772980,2138,"",3.73,6.95,6.86,6.89,2.05,3.47,2.55,0.30,"",1,5.0,538,6.3,427,5.0,479,5.6,26376391,11.7,2762652,6.3,21846,2.9,116,5.7
"06081","5","481112","78","0","2025","1","N",4,0,0,0,0,0,0,0,"N",2.04,0,0,0,0,0,0,0,"N",0,0.0,0,0,0,0,0,0,0,0,0,0,0,0,0,0
"06081","5","4812","76","0","2025","1","N",2,0,0,0,0,0,0,0,"N",0.15,0,0,0,0,0,0,0,"N",-1,-33.3,0,0,0,0,0,0,0,0,0,0,0,0,0,0
"06081","5","48121","77","0","2025","1","N",2,0,0,0,0,0,0,0,"N",0.15,0,0,0,0,0,0,0,"N",-1,-33.3,0,0,0,0,0,0,0,0,0,0,0,0,0,0
"06081","5","481211","78","0","2025","1","N",1,0,0,0,0,0,0,0,"N",0.11,0,0,0,0,0,0,0,"N",-1,-50.0,0,0,0,0,0,0,0,0,0,0,0,0,0,0
"06081","5","481219","78","0","2025","1","N",1,0,0,0,0,0,0,0,"N",0.34,0,0,0,0,0,0,0,"N",0,0.0,0,0,0,0,0,0,0,0,0,0,0,0,0,0
"06081","5","483","75","0","2025","1","N",3,0,0,0,0,0,0,0,"N",0.45,0,0,0,0,0,0,0,"N",1,50.0,0,0,0,0,0,0,0,0,0,0,0,0,0,0
"06081","5","4831","76","0","2025","1","N",3,0,0,0,0,0,0,0,"N",0.72,0,0,0,0,0,0,0,"N",1,50.0,0,0,0,0,0,0,0,0,0,0,0,0,0,0
"06081","5","48311","77","0","2025","1","N",3,0,0,0,0,0,0,0,"N",0.72,0,0,0,0,0,0,0,"N",1,50.0,0,0,0,0,0,0,0,0,0,0,0,0,0,0
"06081","5","483111","78","0","2025","1","N",3,0,0,0,0,0,0,0,"N",1.87,0,0,0,0,0,0,0,"N",1,50.0,0,0,0,0,0,0,0,0,0,0,0,0,0,0
"06081","5","484","75","0","2025","1","",166,1326,1340,1341,19694276,9183946,334277,1134,"",0.36,0.34,0.34,0.34,0.11,0.27,0.32,0.32,"",11,7.1,83,6.7,110,8.9,87,6.9,770889,4.1,613548,7.2,65782,24.5,-38,-3.2
"06081","5","4841","76","0","2025","1","",97,967,958,953,14446650,6721775,264652,1158,"",0.30,0.35,0.35,0.35,0.11,0.28,0.37,0.33,"",5,5.4,135,16.2,125,15.0,98,11.5,870741,6.4,819312,13.9,71311,36.9,-85,-6.8
"06081","5","48411","77","0","2025","1","",66,590,600,589,10594834,4329683,177222,1374,"",0.52,0.79,0.80,0.79,0.34,0.70,0.73,0.43,"",3,4.8,-33,-5.3,-34,-5.4,-66,-10.1,-695465,-6.2,-218455,-4.8,18149,11.4,11,0.8
"06081","5","484110","78","0","2025","1","",66,590,600,589,10594834,4329683,177222,1374,"",0.52,0.79,0.80,0.79,0.34,0.70,0.73,0.43,"",3,4.8,-33,-5.3,-34,-5.4,-66,-10.1,-695465,-6.2,-218455,-4.8,18149,11.4,11,0.8
"06081","5","48412","77","0","2025","1","",31,377,358,364,3851816,2392092,87430,809,"",0.16,0.19,0.18,0.18,0.04,0.14,0.18,0.22,"",2,6.9,168,80.4,159,79.9,164,82.0,1566206,68.5,1037767,76.6,53162,155.1,-59,-6.8
"06081","5","484121","78","0","2025","1","N",28,0,0,0,0,0,0,0,"N",0.17,0,0,0,0,0,0,0,"N",3,12.0,0,0,0,0,0,0,0,0,0,0,0,0,0,0
"06081","5","484122","78","0","2025","1","N",3,0,0,0,0,0,0,0,"N",0.09,0,0,0,0,0,0,0,"N",-1,-25.0,0,0,0,0,0,0,0,0,0,0,0,0,0,0
"06081","5","4842","76","0","2025","1","",69,359,382,388,5247626,2462171,69625,1073,"",0.49,0.31,0.33,0.34,0.10,0.25,0.20,0.29,"",6,9.5,-52,-12.7,-15,-3.8,-11,-2.8,-99852,-1.9,-205764,-7.7,-5529,-7.4,51,5.0
"06081","5","48421","77","0","2025","1","",37,261,287,293,3737388,1812883,49026,1026,"",1.41,1.14,1.25,1.26,0.48,1.15,0.88,0.39,"",5,15.6,-40,-13.3,-2,-0.7,3,1.0,147858,4.1,-98567,-5.2,-89,-0.2,85,9.0
"06081","5","484210","78","0","2025","1","",37,261,287,293,3737388,1812883,49026,1026,"",1.41,1.14,1.25,1.26,0.48,1.15,0.88,0.39,"",5,15.6,-40,-13.3,-2,-0.7,3,1.0,147858,4.1,-98567,-5.2,-89,-0.2,85,9.0
"06081","5","48422","77","0","2025","1","",26,90,87,86,1423611,596630,19131,1249,"",0.32,0.16,0.15,0.15,0.05,0.12,0.10,0.35,"",0,0.0,-14,-13.5,-15,-14.7,-17,-16.5,-281123,-16.5,-123722,-17.2,-5960,-23.8,-24,-1.9
"06081","5","484220","78","0","2025","1","",26,90,87,86,1423611,596630,19131,1249,"",0.32,0.16,0.15,0.15,0.05,0.12,0.10,0.35,"",0,0.0,-14,-13.5,-15,-14.7,-17,-16.5,-281123,-16.5,-123722,-17.2,-5960,-23.8,-24,-1.9
"06081","5","48423","77","0","2025","1","",6,8,8,9,86627,52658,1468,800,"",0.18,0.02,0.02,0.03,0.00,0.02,0.02,0.17,"",1,20.0,2,33.3,2,33.3,3,50.0,33413,62.8,16525,45.7,520,54.9,118,17.3
"06081","5","484230","78","0","2025","1","",6,8,8,9,86627,52658,1468,800,"",0.18,0.02,0.02,0.03,0.00,0.02,0.02,0.17,"",1,20.0,2,33.3,2,33.3,3,50.0,33413,62.8,16525,45.7,520,54.9,118,17.3
"06081","5","485","75","0","2025","1","",112,4535,4597,4630,125218924,31423873,1420914,2100,"",1.87,3.01,3.02,3.04,2.40,3.01,1.89,0.79,"",5,4.7,224,5.2,261,6.0,266,6.1,12908887,11.5,2347681,8.1,216157,17.9,108,5.4
"06081","5","4851","76","0","2025","1","N",3,0,0,0,0,0,0,0,"N",1.32,0,0,0,0,0,0,0,"N",0,0.0,0,0,0,0,0,0,0,0,0,0,0,0,0,0
"06081","5","48511","77","0","2025","1","N",3,0,0,0,0,0,0,0,"N",1.32,0,0,0,0,0,0,0,"N",0,0.0,0,0,0,0,0,0,0,0,0,0,0,0,0,0
"06081","5","485111","78","0","2025","1","N",1,0,0,0,0,0,0,0,"N",3.94,0,0,0,0,0,0,0,"N",0,0.0,0,0,0,0,0,0,0,0,0,0,0,0,0,0
"06081","5","485113","78","0","2025","1","N",2,0,0,0,0,0,0,0,"N",1.16,0,0,0,0,0,0,0,"N",0,0.0,0,0,0,0,0,0,0,0,0,0,0,0,0,0
"06081","5","485119","78","0","2025","1","-",0,0,0,0,0,0,0,0,"N",0.00,0,0,0,0,0,0,0,"N",0,0,0,0,0,0,0,0,0,0,0,0,0,0,0,0
"06081","5","4853","76","0","2025","1","",60,374,378,361,8376076,2560890,70915,1737,"",2.97,0.90,0.91,0.86,0.43,0.86,0.56,0.49,"",4,7.1,-21,-5.3,-9,-2.3,-31,-7.9,193801,2.4,32423,1.3,-6818,-8.8,129,8.0
"06081","5","48531","77","0","2025","1","N",2,0,0,0,0,0,0,0,"N",0.23,0,0,0,0,0,0,0,"N",0,0.0,0,0,0,0,0,0,0,0,0,0,0,0,0,0
"06081","5","485310","78","0","2025","1","N",2,0,0,0,0,0,0,0,"N",0.23,0,0,0,0,0,0,0,"N",0,0.0,0,0,0,0,0,0,0,0,0,0,0,0,0,0
"06081","5","48532","77","0","2025","1","N",58,0,0,0,0,0,0,0,"N",5.08,0,0,0,0,0,0,0,"N",4,7.4,0,0,0,0,0,0,0,0,0,0,0,0,0,0
"06081","5","485320","78","0","2025","1","N",58,0,0,0,0,0,0,0,"N",5.08,0,0,0,0,0,0,0,"N",4,7.4,0,0,0,0,0,0,0,0,0,0,0,0,0,0
"06081","5","4854","76","0","2025","1","",9,1594,1600,1633,20240890,11124517,668773,968,"",0.79,2.77,2.76,2.83,1.43,3.03,1.46,0.51,"",0,0.0,375,30.8,378,30.9,388,31.2,4286220,26.9,2497283,28.9,152756,29.6,-31,-3.1
"06081","5","48541","77","0","2025","1","",9,1594,1600,1633,20240890,11124517,668773,968,"",0.79,2.77,2.76,2.83,1.43,3.03,1.46,0.51,"",0,0.0,375,30.8,378,30.9,388,31.2,4286220,26.9,2497283,28.9,152756,29.6,-31,-3.1
"06081","5","485410","78","0","2025","1","",9,1594,1600,1633,20240890,11124517,668773,968,"",0.79,2.77,2.76,2.83,1.43,3.03,1.46,0.51,"",0,0.0,375,30.8,378,30.9,388,31.2,4286220,26.9,2497283,28.9,152756,29.6,-31,-3.1
"06081","5","4855","76","0","2025","1","N",5,0,0,0,0,0,0,0,"N",1.35,0,0,0,0,0,0,0,"N",1,25.0,0,0,0,0,0,0,0,0,0,0,0,0,0,0
"06081","5","48551","77","0","2025","1","N",5,0,0,0,0,0,0,0,"N",1.35,0,0,0,0,0,0,0,"N",1,25.0,0,0,0,0,0,0,0,0,0,0,0,0,0,0
"06081","5","485510","78","0","2025","1","N",5,0,0,0,0,0,0,0,"N",1.35,0,0,0,0,0,0,0,"N",1,25.0,0,0,0,0,0,0,0,0,0,0,0,0,0,0
"06081","5","4859","76","0","2025","1","",35,2207,2255,2265,92353472,15890197,623831,3168,"",1.67,7.43,7.51,7.53,9.50,8.00,6.40,1.27,"",0,0.0,-146,-6.2,-122,-5.1,-121,-5.1,8039049,9.5,-292077,-1.8,55169,9.7,434,15.9
"06081","5","48599","77","0","2025","1","",35,2207,2255,2265,92353472,15890197,623831,3168,"",1.67,7.43,7.51,7.53,9.50,8.00,6.40,1.27,"",0,0.0,-146,-6.2,-122,-5.1,-121,-5.1,8039049,9.5,-292077,-1.8,55169,9.7,434,15.9
"06081","5","485991","78","0","2025","1","",18,374,402,410,5782198,2707500,84269,1125,"",1.51,1.90,2.02,2.06,0.96,2.06,1.23,0.48,"",-1,-5.3,-4,-1.1,9,2.3,15,3.8,257593,4.7,43531,1.6,16840,25.0,32,2.9
"06081","5","485999","78","0","2025","1","",17,1833,1853,1855,86571274,13182697,539562,3605,"",1.89,18.35,18.34,18.21,23.25,19.60,18.46,1.27,"",1,6.2,-142,-7.2,-131,-6.6,-136,-6.8,7781456,9.9,-335608,-2.5,38329,7.6,549,18.0
"06081","5","486","75","0","2025","1","N",1,0,0,0,0,0,0,0,"N",0.11,0,0,0,0,0,0,0,"N",0,0.0,0,0,0,0,0,0,0,0,0,0,0,0,0,0
"06081","5","4869","76","0","2025","1","N",1,0,0,0,0,0,0,0,"N",0.62,0,0,0,0,0,0,0,"N",0,0.0,0,0,0,0,0,0,0,0,0,0,0,0,0,0
"06081","5","48691","77","0","2025","1","N",1,0,0,0,0,0,0,0,"N",0.71,0,0,0,0,0,0,0,"N",0,0.0,0,0,0,0,0,0,0,0,0,0,0,0,0,0
"06081","5","486910","78","0","2025","1","N",1,0,0,0,0,0,0,0,"N",0.71,0,0,0,0,0,0,0,"N",0,0.0,0,0,0,0,0,0,0,0,0,0,0,0,0,0
"06081","5","487","75","0","2025","1","",7,33,32,31,311049,155560,9276,748,"",0.75,0.55,0.53,0.47,0.16,0.37,0.53,0.32,"",-3,-30.0,-14,-29.8,-15,-31.9,-12,-27.9,-114211,-26.9,-87517,-36.0,-2033,-18.0,32,4.5
"06081","5","4871","76","0","2025","1","N",3,0,0,0,0,0,0,0,"N",1.37,0,0,0,0,0,0,0,"N",-2,-40.0,0,0,0,0,0,0,0,0,0,0,0,0,0,0
"06081","5","48711","77","0","2025","1","N",3,0,0,0,0,0,0,0,"N",1.37,0,0,0,0,0,0,0,"N",-2,-40.0,0,0,0,0,0,0,0,0,0,0,0,0,0,0
"06081","5","487110","78","0","2025","1","N",3,0,0,0,0,0,0,0,"N",1.37,0,0,0,0,0,0,0,"N",-2,-40.0,0,0,0,0,0,0,0,0,0,0,0,0,0,0
"06081","5","4872","76","0","2025","1","N",4,0,0,0,0,0,0,0,"N",0.63,0,0,0,0,0,0,0,"N",-1,-20.0,0,0,0,0,0,0,0,0,0,0,0,0,0,0
"06081","5","48721","77","0","2025","1","N",4,0,0,0,0,0,0,0,"N",0.63,0,0,0,0,0,0,0,"N",-1,-20.0,0,0,0,0,0,0,0,0,0,0,0,0,0,0
"06081","5","487210","78","0","2025","1","N",4,0,0,0,0,0,0,0,"N",0.63,0,0,0,0,0,0,0,"N",-1,-20.0,0,0,0,0,0,0,0,0,0,0,0,0,0,0
"06081","5","488","75","0","2025","1","",189,6160,6185,6243,95027801,41711159,1242428,1180,"",1.22,2.83,2.85,2.87,0.83,2.31,1.98,0.29,"",4,2.2,1272,26.0,1495,31.9,1534,32.6,14295033,17.7,5945245,16.6,384048,44.7,-124,-9.5
"06081","5","4881","76","0","2025","1","",25,4098,4104,4172,46482418,27334863,745005,867,"",1.00,5.71,5.72,5.83,1.46,4.95,4.33,0.25,"",8,47.1,1581,62.8,1777,76.4,1775,74.1,15208573,48.6,8423346,44.5,384746,106.8,-130,-13.0
"06081","5","48811","77","0","2025","1","",15,3910,3913,3983,43265004,25891111,706338,846,"",2.31,11.45,11.48,11.73,4.13,11.45,8.50,0.36,"",6,66.7,1637,72.0,1833,88.1,1851,86.8,15942826,58.4,8843678,51.9,392021,124.7,-126,-13.0
"06081","5","488111","78","0","2025","1","N",1,0,0,0,0,0,0,0,"N",1.36,0,0,0,0,0,0,0,"N",0,0.0,0,0,0,0,0,0,0,0,0,0,0,0,0,0
"06081","5","488119","78","0","2025","1","N",14,0,0,0,0,0,0,0,"N",2.44,0,0,0,0,0,0,0,"N",6,75.0,0,0,0,0,0,0,0,0,0,0,0,0,0,0
"06081","5","48819","77","0","2025","1","",10,188,191,189,3217414,1443752,38667,1307,"",0.54,0.50,0.51,0.50,0.15,0.44,0.44,0.30,"",2,25.0,-56,-23.0,-56,-22.7,-76,-28.7,-734253,-18.6,-420332,-22.5,-7275,-15.8,101,8.4
"06081","5","488190","78","0","2025","1","",10,188,191,189,3217414,1443752,38667,1307,"",0.54,0.50,0.51,0.50,0.15,0.44,0.44,0.30,"",2,25.0,-56,-23.0,-56,-22.7,-76,-28.7,-734253,-18.6,-420332,-22.5,-7275,-15.8,101,8.4
"06081","5","4883","76","0","2025","1","N",1,0,0,0,0,0,0,0,"N",0.13,0,0,0,0,0,0,0,"N",0,0.0,0,0,0,0,0,0,0,0,0,0,0,0,0,0
"06081","5","48832","77","0","2025","1","N",1,0,0,0,0,0,0,0,"N",0.46,0,0,0,0,0,0,0,"N",0,0.0,0,0,0,0,0,0,0,0,0,0,0,0,0,0
"06081","5","488320","78","0","2025","1","N",1,0,0,0,0,0,0,0,"N",0.46,0,0,0,0,0,0,0,"N",0,0.0,0,0,0,0,0,0,0,0,0,0,0,0,0,0
"06081","5","4884","76","0","2025","1","",29,370,369,357,4710735,2272346,63572,992,"",0.72,1.22,1.20,1.18,0.39,0.96,0.79,0.32,"",-2,-6.5,-92,-19.9,-72,-16.3,-49,-12.1,-870129,-15.6,-552674,-19.6,-11194,-15.0,8,0.8
"06081","5","48841","77","0","2025","1","N",22,0,0,0,0,0,0,0,"N",0.76,0,0,0,0,0,0,0,"N",-1,-4.3,0,0,0,0,0,0,0,0,0,0,0,0,0,0
"06081","5","488410","78","0","2025","1","N",22,0,0,0,0,0,0,0,"N",0.76,0,0,0,0,0,0,0,"N",-1,-4.3,0,0,0,0,0,0,0,0,0,0,0,0,0,0
"06081","5","48849","77","0","2025","1","N",7,0,0,0,0,0,0,0,"N",0.62,0,0,0,0,0,0,0,"N",-1,-12.5,0,0,0,0,0,0,0,0,0,0,0,0,0,0
"06081","5","488490","78","0","2025","1","N",7,0,0,0,0,0,0,0,"N",0.62,0,0,0,0,0,0,0,"N",-1,-12.5,0,0,0,0,0,0,0,0,0,0,0,0,0,0
"06081","5","4885","76","0","2025","1","",127,1675,1696,1697,43632246,12010139,431623,1987,"",1.91,2.41,2.44,2.44,1.06,1.93,1.81,0.44,"",-2,-1.6,-151,-8.3,-142,-7.7,-120,-6.6,1627408,3.9,-1456224,-10.8,31156,7.8,218,12.3
"06081","5","48851","77","0","2025","1","",127,1675,1696,1697,43632246,12010139,431623,1987,"",1.91,2.41,2.44,2.44,1.06,1.93,1.81,0.44,"",-2,-1.6,-151,-8.3,-142,-7.7,-120,-6.6,1627408,3.9,-1456224,-10.8,31156,7.8,218,12.3
"06081","5","488510","78","0","2025","1","",127,1675,1696,1697,43632246,12010139,431623,1987,"",1.91,2.41,2.44,2.44,1.06,1.93,1.81,0.44,"",-2,-1.6,-151,-8.3,-142,-7.7,-120,-6.6,1627408,3.9,-1456224,-10.8,31156,7.8,218,12.3
"06081","5","4889","76","0","2025","1","N",7,0,0,0,0,0,0,0,"N",0.71,0,0,0,0,0,0,0,"N",0,0.0,0,0,0,0,0,0,0,0,0,0,0,0,0,0
"06081","5","48899","77","0","2025","1","N",7,0,0,0,0,0,0,0,"N",0.71,0,0,0,0,0,0,0,"N",0,0.0,0,0,0,0,0,0,0,0,0,0,0,0,0,0
"06081","5","488991","78","0","2025","1","N",4,0,0,0,0,0,0,0,"N",1.08,0,0,0,0,0,0,0,"N",0,0.0,0,0,0,0,0,0,0,0,0,0,0,0,0,0
"06081","5","488999","78","0","2025","1","N",3,0,0,0,0,0,0,0,"N",0.49,0,0,0,0,0,0,0,"N",0,0.0,0,0,0,0,0,0,0,0,0,0,0,0,0,0
"06081","5","491","75","0","2025","1","N",1,0,0,0,0,0,0,0,"N",0.38,0,0,0,0,0,0,0,"N",0,0.0,0,0,0,0,0,0,0,0,0,0,0,0,0,0
"06081","5","4911","76","0","2025","1","N",1,0,0,0,0,0,0,0,"N",0.38,0,0,0,0,0,0,0,"N",0,0.0,0,0,0,0,0,0,0,0,0,0,0,0,0,0
"06081","5","49111","77","0","2025","1","N",1,0,0,0,0,0,0,0,"N",0.38,0,0,0,0,0,0,0,"N",0,0.0,0,0,0,0,0,0,0,0,0,0,0,0,0,0
"06081","5","491110","78","0","2025","1","N",1,0,0,0,0,0,0,0,"N",0.38,0,0,0,0,0,0,0,"N",0,0.0,0,0,0,0,0,0,0,0,0,0,0,0,0,0
"06081","5","492","75","0","2025","1","",77,3136,3061,2857,40662311,18099556,575647,1036,"",1.29,1.02,1.03,0.99,0.36,0.90,0.97,0.36,"",-4,-4.9,121,4.0,92,3.1,-112,-3.8,375823,0.9,-101174,-0.6,35612,6.6,-2,-0.2
"06081","5","4921","76","0","2025","1","",48,2286,2262,2069,31747998,14221285,435372,1107,"",1.29,0.90,0.92,0.88,0.35,0.86,1.02,0.39,"",-1,-2.0,83,3.8,129,6.0,-24,-1.1,1234585,4.0,-25920,-0.2,29631,7.3,12,1.1
"06081","5","49211","77","0","2025","1","",48,2286,2262,2069,31747998,14221285,435372,1107,"",1.29,0.90,0.92,0.88,0.35,0.86,1.02,0.39,"",-1,-2.0,83,3.8,129,6.0,-24,-1.1,1234585,4.0,-25920,-0.2,29631,7.3,12,1.1
"06081","5","492110","78","0","2025","1","",48,2286,2262,2069,31747998,14221285,435372,1107,"",1.29,0.90,0.92,0.88,0.35,0.86,1.02,0.39,"",-1,-2.0,83,3.8,129,6.0,-24,-1.1,1234585,4.0,-25920,-0.2,29631,7.3,12,1.1
"06081","5","4922","76","0","2025","1","",29,850,799,788,8914313,3878271,140275,844,"",1.29,1.56,1.51,1.53,0.40,1.06,0.84,0.26,"",-3,-9.4,38,4.7,-37,-4.4,-88,-10.0,-858762,-8.8,-75254,-1.9,5981,4.5,-50,-5.6
"06081","5","49221","77","0","2025","1","",29,850,799,788,8914313,3878271,140275,844,"",1.29,1.56,1.51,1.53,0.40,1.06,0.84,0.26,"",-3,-9.4,38,4.7,-37,-4.4,-88,-10.0,-858762,-8.8,-75254,-1.9,5981,4.5,-50,-5.6
"06081","5","492210","78","0","2025","1","",29,850,799,788,8914313,3878271,140275,844,"",1.29,1.56,1.51,1.53,0.40,1.06,0.84,0.26,"",-3,-9.4,38,4.7,-37,-4.4,-88,-10.0,-858762,-8.8,-75254,-1.9,5981,4.5,-50,-5.6
"06081","5","493","75","0","2025","1","",15,801,732,780,12349872,4934816,268369,1232,"",0.24,0.15,0.14,0.16,0.06,0.13,0.22,0.42,"",-4,-21.1,-36,-4.3,-115,-13.6,49,6.7,-1780051,-12.6,-754469,-13.3,-2056,-0.8,-118,-8.7
"06081","5","4931","76","0","2025","1","",15,801,732,780,12349872,4934816,268369,1232,"",0.24,0.15,0.14,0.16,0.06,0.13,0.22,0.42,"",-4,-21.1,-36,-4.3,-115,-13.6,49,6.7,-1780051,-12.6,-754469,-13.3,-2056,-0.8,-118,-8.7
"06081","5","49311","77","0","2025","1","",10,774,704,751,11850888,4769462,262675,1227,"",0.21,0.16,0.15,0.16,0.07,0.14,0.24,0.42,"",-3,-23.1,-20,-2.5,-102,-12.7,60,8.7,-1366736,-10.3,-748217,-13.6,-2325,-0.9,-104,-7.8
"06081","5","493110","78","0","2025","1","",10,774,704,751,11850888,4769462,262675,1227,"",0.21,0.16,0.15,0.16,0.07,0.14,0.24,0.42,"",-3,-23.1,-20,-2.5,-102,-12.7,60,8.7,-1366736,-10.3,-748217,-13.6,-2325,-0.9,-104,-7.8
"06081","5","49312","77","0","2025","1","N",1,0,0,0,0,0,0,0,"N",0.21,0,0,0,0,0,0,0,"N",0,0.0,0,0,0,0,0,0,0,0,0,0,0,0,0,0
"06081","5","493120","78","0","2025","1","N",1,0,0,0,0,0,0,0,"N",0.21,0,0,0,0,0,0,0,"N",0,0.0,0,0,0,0,0,0,0,0,0,0,0,0,0,0
"06081","5","49319","77","0","2025","1","N",4,0,0,0,0,0,0,0,"N",0.55,0,0,0,0,0,0,0,"N",-1,-20.0,0,0,0,0,0,0,0,0,0,0,0,0,0,0
"06081","5","493190","78","0","2025","1","N",4,0,0,0,0,0,0,0,"N",0.55,0,0,0,0,0,0,0,"N",-1,-20.0,0,0,0,0,0,0,0,0,0,0,0,0,0,0
"06081","5","51","74","0","2025","1","",738,39360,39936,40355,8186156806,290045850,13097557,15789,"",0.93,5.21,5.22,5.32,7.57,3.27,3.66,1.44,"",71,10.6,-8694,-18.1,-8467,-17.5,-8331,-17.1,-1602373009,-16.4,-68017111,-19.0,474742,3.8,226,1.5
"06081","5","512","75","0","2025","1","",56,1512,1681,1561,57374956,8999625,428918,2785,"",0.52,1.71,1.72,1.68,1.00,1.51,1.03,0.59,"",3,5.7,90,6.3,263,18.5,162,11.6,-2903213,-4.8,-828869,-8.4,57465,15.5,-497,-15.1
"06081","5","5121","76","0","2025","1","N",51,0,0,0,0,0,0,0,"N",0.55,0,0,0,0,0,0,0,"N",1,2.0,0,0,0,0,0,0,0,0,0,0,0,0,0,0
"06081","5","51211","77","0","2025","1","",41,1128,1306,1206,52343056,6785279,383688,3318,"",0.62,2.50,2.36,2.35,1.25,1.70,1.12,0.52,"",1,2.5,93,9.0,266,25.6,191,18.8,-3900155,-6.9,-845594,-11.1,50050,15.0,-882,-21.0
"06081","5","512110","78","0","2025","1","",41,1128,1306,1206,52343056,6785279,383688,3318,"",0.62,2.50,2.36,2.35,1.25,1.70,1.12,0.52,"",1,2.5,93,9.0,266,25.6,191,18.8,-3900155,-6.9,-845594,-11.1,50050,15.0,-882,-21.0
"06081","5","51212","77","0","2025","1","N",2,0,0,0,0,0,0,0,"N",0.92,0,0,0,0,0,0,0,"N",0,0.0,0,0,0,0,0,0,0,0,0,0,0,0,0,0
"06081","5","512120","78","0","2025","1","N",2,0,0,0,0,0,0,0,"N",0.92,0,0,0,0,0,0,0,"N",0,0.0,0,0,0,0,0,0,0,0,0,0,0,0,0,0
"06081","5","51213","77","0","2025","1","N",6,0,0,0,0,0,0,0,"N",0.54,0,0,0,0,0,0,0,"N",0,0.0,0,0,0,0,0,0,0,0,0,0,0,0,0,0
"06081","5","512131","78","0","2025","1","N",6,0,0,0,0,0,0,0,"N",0.57,0,0,0,0,0,0,0,"N",0,0.0,0,0,0,0,0,0,0,0,0,0,0,0,0,0
"06081","5","51219","77","0","2025","1","N",2,0,0,0,0,0,0,0,"N",0.15,0,0,0,0,0,0,0,"N",0,0.0,0,0,0,0,0,0,0,0,0,0,0,0,0,0
"06081","5","512191","78","0","2025","1","N",2,0,0,0,0,0,0,0,"N",0.18,0,0,0,0,0,0,0,"N",0,0.0,0,0,0,0,0,0,0,0,0,0,0,0,0,0
"06081","5","5122","76","0","2025","1","N",5,0,0,0,0,0,0,0,"N",0.35,0,0,0,0,0,0,0,"N",2,66.7,0,0,0,0,0,0,0,0,0,0,0,0,0,0
"06081","5","51224","77","0","2025","1","N",2,0,0,0,0,0,0,0,"N",0.38,0,0,0,0,0,0,0,"N",1,100.0,0,0,0,0,0,0,0,0,0,0,0,0,0,0
"06081","5","512240","78","0","2025","1","N",2,0,0,0,0,0,0,0,"N",0.38,0,0,0,0,0,0,0,"N",1,100.0,0,0,0,0,0,0,0,0,0,0,0,0,0,0
"06081","5","51225","77","0","2025","1","N",2,0,0,0,0,0,0,0,"N",0.54,0,0,0,0,0,0,0,"N",1,100.0,0,0,0,0,0,0,0,0,0,0,0,0,0,0
"06081","5","512250","78","0","2025","1","N",2,0,0,0,0,0,0,0,"N",0.54,0,0,0,0,0,0,0,"N",1,100.0,0,0,0,0,0,0,0,0,0,0,0,0,0,0
"06081","5","51229","77","0","2025","1","N",1,0,0,0,0,0,0,0,"N",0.45,0,0,0,0,0,0,0,"N",0,0.0,0,0,0,0,0,0,0,0,0,0,0,0,0,0
"06081","5","512290","78","0","2025","1","N",1,0,0,0,0,0,0,0,"N",0.45,0,0,0,0,0,0,0,"N",0,0.0,0,0,0,0,0,0,0,0,0,0,0,0,0,0
"06081","5","513","75","0","2025","1","",348,10719,10754,10736,1483378934,78969788,3692596,10628,"",1.02,4.45,4.47,4.47,4.39,2.30,2.92,0.98,"",36,11.5,348,3.4,395,3.8,391,3.8,357219823,31.7,3292798,4.4,818898,28.5,2265,27.1
"06081","5","5131","76","0","2025","1","",48,430,423,427,17392702,2959649,105781,3136,"",0.64,0.63,0.62,0.63,0.29,0.45,0.37,0.46,"",-3,-5.9,-79,-15.5,-86,-16.9,-69,-13.9,-7519739,-30.2,-548940,-15.6,-18169,-14.7,-661,-17.4
"06081","5","51311","77","0","2025","1","",12,103,102,101,1233548,648841,17157,930,"",0.63,0.45,0.45,0.45,0.08,0.34,0.23,0.18,"",0,0.0,-7,-6.4,-9,-8.1,-7,-6.5,-37041,-2.9,-49424,-7.1,-534,-3.0,39,4.4
"06081","5","513110","78","0","2025","1","",12,103,102,101,1233548,648841,17157,930,"",0.63,0.45,0.45,0.45,0.08,0.34,0.23,0.18,"",0,0.0,-7,-6.4,-9,-8.1,-7,-6.5,-37041,-2.9,-49424,-7.1,-534,-3.0,39,4.4
"06081","5","51312","77","0","2025","1","",9,104,103,104,2759865,712149,18458,2048,"",0.43,0.63,0.62,0.63,0.17,0.45,0.25,0.27,"",1,12.5,0,0.0,-2,-1.9,0,0.0,-221449,-7.4,-37534,-5.0,-1778,-8.8,-150,-6.8
"06081","5","513120","78","0","2025","1","",9,104,103,104,2759865,712149,18458,2048,"",0.43,0.63,0.62,0.63,0.17,0.45,0.25,0.27,"",1,12.5,0,0.0,-2,-1.9,0,0.0,-221449,-7.4,-37534,-5.0,-1778,-8.8,-150,-6.8
"06081","5","51313","77","0","2025","1","N",6,0,0,0,0,0,0,0,"N",0.41,0,0,0,0,0,0,0,"N",-1,-14.3,0,0,0,0,0,0,0,0,0,0,0,0,0,0
"06081","5","513130","78","0","2025","1","N",6,0,0,0,0,0,0,0,"N",0.41,0,0,0,0,0,0,0,"N",-1,-14.3,0,0,0,0,0,0,0,0,0,0,0,0,0,0
"06081","5","51314","77","0","2025","1","N",2,0,0,0,0,0,0,0,"N",0.56,0,0,0,0,0,0,0,"N",0,0.0,0,0,0,0,0,0,0,0,0,0,0,0,0,0
"06081","5","513140","78","0","2025","1","N",2,0,0,0,0,0,0,0,"N",0.56,0,0,0,0,0,0,0,"N",0,0.0,0,0,0,0,0,0,0,0,0,0,0,0,0,0
"06081","5","51319","77","0","2025","1","",19,202,195,198,12846714,1441335,65620,4983,"",1.17,1.92,1.86,1.89,1.05,1.38,1.11,0.55,"",-3,-13.6,-68,-25.2,-73,-27.2,-59,-23.0,-7198791,-35.9,-436237,-23.2,-14874,-18.5,-836,-14.4
"06081","5","513191","78","0","2025","1","N",1,0,0,0,0,0,0,0,"N",3.32,0,0,0,0,0,0,0,"N",0,0.0,0,0,0,0,0,0,0,0,0,0,0,0,0,0
"06081","5","513199","78","0","2025","1","N",18,0,0,0,0,0,0,0,"N",1.13,0,0,0,0,0,0,0,"N",-3,-14.3,0,0,0,0,0,0,0,0,0,0,0,0,0,0
"06081","5","5132","76","0","2025","1","",300,10289,10331,10309,1465986232,76010139,3586815,10938,"",1.12,5.95,5.98,5.97,5.27,2.73,3.68,0.88,"",39,14.9,427,4.3,481,4.9,460,4.7,364739562,33.1,3841738,5.3,837067,30.4,2341,27.2
"06081","5","51321","77","0","2025","1","",300,10289,10331,10309,1465986232,76010139,3586815,10938,"",1.12,5.95,5.98,5.97,5.27,2.73,3.68,0.88,"",39,14.9,427,4.3,481,4.9,460,4.7,364739562,33.1,3841738,5.3,837067,30.4,2341,27.2
"06081","5","513210","78","0","2025","1","",300,10289,10331,10309,1465986232,76010139,3586815,10938,"",1.12,5.95,5.98,5.97,5.27,2.73,3.68,0.88,"",39,14.9,427,4.3,481,4.9,460,4.7,364739562,33.1,3841738,5.3,837067,30.4,2341,27.2
"06081","5","516","75","0","2025","1","N",49,0,0,0,0,0,0,0,"N",0.88,0,0,0,0,0,0,0,"N",5,11.4,0,0,0,0,0,0,0,0,0,0,0,0,0,0
"06081","5","5161","76","0","2025","1","",5,154,146,151,1780777,919389,17673,911,"",0.31,0.51,0.48,0.50,0.08,0.38,0.22,0.17,"",1,25.0,3,2.0,-7,-4.6,2,1.3,144430,8.8,51255,5.9,902,5.4,77,9.2
"06081","5","51611","77","0","2025","1","N",2,0,0,0,0,0,0,0,"N",0.18,0,0,0,0,0,0,0,"N",1,100.0,0,0,0,0,0,0,0,0,0,0,0,0,0,0
"06081","5","516110","78","0","2025","1","N",2,0,0,0,0,0,0,0,"N",0.18,0,0,0,0,0,0,0,"N",1,100.0,0,0,0,0,0,0,0,0,0,0,0,0,0,0
"06081","5","51612","77","0","2025","1","N",3,0,0,0,0,0,0,0,"N",0.64,0,0,0,0,0,0,0,"N",0,0.0,0,0,0,0,0,0,0,0,0,0,0,0,0,0
"06081","5","516120","78","0","2025","1","N",3,0,0,0,0,0,0,0,"N",0.64,0,0,0,0,0,0,0,"N",0,0.0,0,0,0,0,0,0,0,0,0,0,0,0,0,0
"06081","5","5162","76","0","2025","1","N",44,0,0,0,0,0,0,0,"N",1.10,0,0,0,0,0,0,0,"N",4,10.0,0,0,0,0,0,0,0,0,0,0,0,0,0,0
"06081","5","51621","77","0","2025","1","N",44,0,0,0,0,0,0,0,"N",1.10,0,0,0,0,0,0,0,"N",4,10.0,0,0,0,0,0,0,0,0,0,0,0,0,0,0
"06081","5","516210","78","0","2025","1","N",44,0,0,0,0,0,0,0,"N",1.10,0,0,0,0,0,0,0,"N",4,10.0,0,0,0,0,0,0,0,0,0,0,0,0,0,0
"06081","5","517","75","0","2025","1","",39,1314,1312,1291,79659254,9358577,532692,4693,"",0.42,0.82,0.82,0.81,0.49,0.53,0.84,0.59,"",-3,-7.1,-31,-2.3,-28,-2.1,-36,-2.7,-17501397,-18.0,-265144,-2.8,121730,29.6,-896,-16.0
"06081","5","5171","76","0","2025","1","",28,702,693,677,16598963,4766265,251734,1849,"",0.37,0.48,0.48,0.47,0.11,0.30,0.44,0.24,"",-2,-6.7,69,10.9,61,9.7,50,8.0,-244419,-1.5,505881,11.9,62717,33.2,-205,-10.0
"06081","5","51711","77","0","2025","1","",25,690,681,665,16128868,4686081,249311,1828,"",0.39,0.51,0.50,0.49,0.12,0.31,0.47,0.23,"",-2,-7.4,81,13.3,73,12.0,63,10.5,202439,1.3,606330,14.9,66765,36.6,-193,-9.5
"06081","5","517111","78","0","2025","1","",17,669,661,646,15685280,4596858,245004,1832,"",0.36,0.58,0.57,0.56,0.14,0.37,0.57,0.24,"",-1,-5.6,83,14.2,76,13.0,66,11.4,340676,2.2,631146,15.9,68390,38.7,-190,-9.4
"06081","5","517112","78","0","2025","1","",8,21,20,19,443588,89223,4307,1706,"",0.46,0.10,0.10,0.09,0.02,0.03,0.04,0.20,"",-1,-11.1,-2,-8.7,-3,-13.0,-3,-13.6,-138237,-23.8,-24816,-21.8,-1625,-27.4,-269,-13.6
"06081","5","51712","77","0","2025","1","",3,12,12,12,470095,80184,2423,3013,"",0.25,0.13,0.13,0.13,0.06,0.08,0.06,0.47,"",0,0.0,-12,-50.0,-12,-50.0,-13,-52.0,-446858,-48.7,-100449,-55.6,-4048,-62.6,114,3.9
"06081","5","517121","78","0","2025","1","",3,12,12,12,470095,80184,2423,3013,"",0.25,0.13,0.13,0.13,0.06,0.08,0.06,0.47,"",0,0.0,-12,-50.0,-12,-50.0,-13,-52.0,-446858,-48.7,-100449,-55.6,-4048,-62.6,114,3.9
"06081","5","5174","76","0","2025","1","N",3,0,0,0,0,0,0,0,"N",1.07,0,0,0,0,0,0,0,"N",0,0.0,0,0,0,0,0,0,0,0,0,0,0,0,0,0
"06081","5","51741","77","0","2025","1","N",3,0,0,0,0,0,0,0,"N",1.07,0,0,0,0,0,0,0,"N",0,0.0,0,0,0,0,0,0,0,0,0,0,0,0,0,0
"06081","5","517410","78","0","2025","1","N",3,0,0,0,0,0,0,0,"N",1.07,0,0,0,0,0,0,0,"N",0,0.0,0,0,0,0,0,0,0,0,0,0,0,0,0,0
"06081","5","5178","76","0","2025","1","N",8,0,0,0,0,0,0,0,"N",0.57,0,0,0,0,0,0,0,"N",-1,-11.1,0,0,0,0,0,0,0,0,0,0,0,0,0,0
"06081","5","51781","77","0","2025","1","N",8,0,0,0,0,0,0,0,"N",0.57,0,0,0,0,0,0,0,"N",-1,-11.1,0,0,0,0,0,0,0,0,0,0,0,0,0,0
"06081","5","517810","78","0","2025","1","N",8,0,0,0,0,0,0,0,"N",0.57,0,0,0,0,0,0,0,"N",-1,-11.1,0,0,0,0,0,0,0,0,0,0,0,0,0,0
"06081","5","518","75","0","2025","1","",211,6295,6180,6216,616395162,45966498,1675628,7610,"",1.42,4.90,4.80,4.84,3.18,3.03,2.66,0.66,"",28,15.3,54,0.9,-113,-1.8,-67,-1.1,-115985127,-15.8,-5438924,-10.6,18238,1.1,-1372,-15.3
"06081","5","5182","76","0","2025","1","",211,6295,6180,6216,616395162,45966498,1675628,7610,"",1.42,4.90,4.80,4.84,3.18,3.03,2.66,0.66,"",28,15.3,54,0.9,-113,-1.8,-67,-1.1,-115985127,-15.8,-5438924,-10.6,18238,1.1,-1372,-15.3
"06081","5","51821","77","0","2025","1","",211,6295,6180,6216,616395162,45966498,1675628,7610,"",1.42,4.90,4.80,4.84,3.18,3.03,2.66,0.66,"",28,15.3,54,0.9,-113,-1.8,-67,-1.1,-115985127,-15.8,-5438924,-10.6,18238,1.1,-1372,-15.3
"06081","5","518210","78","0","2025","1","",211,6295,6180,6216,616395162,45966498,1675628,7610,"",1.42,4.90,4.80,4.84,3.18,3.03,2.66,0.66,"",28,15.3,54,0.9,-113,-1.8,-67,-1.1,-115985127,-15.8,-5438924,-10.6,18238,1.1,-1372,-15.3
"06081","5","519","75","0","2025","1","N",35,0,0,0,0,0,0,0,"N",0.78,0,0,0,0,0,0,0,"N",2,6.1,0,0,0,0,0,0,0,0,0,0,0,0,0,0
"06081","5","5192","76","0","2025","1","N",35,0,0,0,0,0,0,0,"N",0.78,0,0,0,0,0,0,0,"N",2,6.1,0,0,0,0,0,0,0,0,0,0,0,0,0,0
"06081","5","51921","77","0","2025","1","N",2,0,0,0,0,0,0,0,"N",0.31,0,0,0,0,0,0,0,"N",0,0.0,0,0,0,0,0,0,0,0,0,0,0,0,0,0
"06081","5","519210","78","0","2025","1","N",2,0,0,0,0,0,0,0,"N",0.31,0,0,0,0,0,0,0,"N",0,0.0,0,0,0,0,0,0,0,0,0,0,0,0,0,0
"06081","5","51929","77","0","2025","1","N",33,0,0,0,0,0,0,0,"N",0.86,0,0,0,0,0,0,0,"N",2,6.5,0,0,0,0,0,0,0,0,0,0,0,0,0,0
"06081","5","519290","78","0","2025","1","N",33,0,0,0,0,0,0,0,"N",0.86,0,0,0,0,0,0,0,"N",2,6.5,0,0,0,0,0,0,0,0,0,0,0,0,0,0
"06081","5","52","74","0","2025","1","",1354,15772,15703,15632,1927386596,118704630,4424579,9442,"",0.87,0.94,0.94,0.93,0.80,0.69,0.81,0.85,"",32,2.4,-340,-2.1,-436,-2.7,-373,-2.3,252625498,15.1,-7845992,-6.2,350592,8.6,1433,17.9
"06081","5","522","75","0","2025","1","",333,6906,6824,6809,673274467,49893035,2169469,7565,"",0.65,1.02,1.00,1.00,0.89,0.76,1.03,0.88,"",-12,-3.5,-299,-4.1,-309,-4.3,-267,-3.8,29758083,4.6,-2004773,-3.9,187960,9.5,630,9.1
"06081","5","5221","76","0","2025","1","",188,1999,1975,1991,125986574,14889727,721277,4874,"",0.66,0.42,0.42,0.42,0.24,0.33,0.57,0.57,"",-7,-3.6,-44,-2.2,-60,-2.9,-26,-1.3,394212,0.3,-972198,-6.1,31040,4.5,119,2.5
"06081","5","52211","77","0","2025","1","",155,1688,1662,1674,118813551,12996080,662835,5458,"",0.74,0.46,0.46,0.46,0.26,0.37,0.67,0.57,"",-3,-1.9,-16,-0.9,-39,-2.3,-12,-0.7,649508,0.5,-868407,-6.3,33617,5.3,102,1.9
"06081","5","522110","78","0","2025","1","",155,1688,1662,1674,118813551,12996080,662835,5458,"",0.74,0.46,0.46,0.46,0.26,0.37,0.67,0.57,"",-3,-1.9,-16,-0.9,-39,-2.3,-12,-0.7,649508,0.5,-868407,-6.3,33617,5.3,102,1.9
"06081","5","52213","77","0","2025","1","N",30,0,0,0,0,0,0,0,"N",0.55,0,0,0,0,0,0,0,"N",-1,-3.2,0,0,0,0,0,0,0,0,0,0,0,0,0,0
"06081","5","522130","78","0","2025","1","N",30,0,0,0,0,0,0,0,"N",0.55,0,0,0,0,0,0,0,"N",-1,-3.2,0,0,0,0,0,0,0,0,0,0,0,0,0,0
"06081","5","52218","77","0","2025","1","N",3,0,0,0,0,0,0,0,"N",0.16,0,0,0,0,0,0,0,"N",-3,-50.0,0,0,0,0,0,0,0,0,0,0,0,0,0,0
"06081","5","522180","78","0","2025","1","N",3,0,0,0,0,0,0,0,"N",0.16,0,0,0,0,0,0,0,"N",-3,-50.0,0,0,0,0,0,0,0,0,0,0,0,0,0,0
"06081","5","5222","76","0","2025","1","",66,2715,2691,2662,196049040,18743706,697005,5608,"",0.49,2.04,2.01,1.99,1.34,1.44,1.31,0.67,"",-2,-2.9,-174,-6.0,-170,-5.9,-180,-6.3,36344185,22.8,-552407,-2.9,80252,13.0,1319,30.8
"06081","5","52221","77","0","2025","1","N",7,0,0,0,0,0,0,0,"N",2.64,0,0,0,0,0,0,0,"N",3,75.0,0,0,0,0,0,0,0,0,0,0,0,0,0,0
"06081","5","522210","78","0","2025","1","N",7,0,0,0,0,0,0,0,"N",2.64,0,0,0,0,0,0,0,"N",3,75.0,0,0,0,0,0,0,0,0,0,0,0,0,0,0
"06081","5","52222","77","0","2025","1","N",7,0,0,0,0,0,0,0,"N",0.41,0,0,0,0,0,0,0,"N",-2,-22.2,0,0,0,0,0,0,0,0,0,0,0,0,0,0
"06081","5","522220","78","0","2025","1","N",7,0,0,0,0,0,0,0,"N",0.41,0,0,0,0,0,0,0,"N",-2,-22.2,0,0,0,0,0,0,0,0,0,0,0,0,0,0
"06081","5","52229","77","0","2025","1","",52,799,802,791,95114156,5479516,274817,9176,"",0.45,0.85,0.85,0.84,0.97,0.60,0.68,1.15,"",-3,-5.5,-36,-4.3,-34,-4.1,-42,-5.0,39630919,71.4,-293564,-5.1,-6720,-2.4,4063,79.5
"06081","5","522291","78","0","2025","1","N",13,0,0,0,0,0,0,0,"N",0.32,0,0,0,0,0,0,0,"N",-2,-13.3,0,0,0,0,0,0,0,0,0,0,0,0,0,0
"06081","5","522292","78","0","2025","1","",30,351,354,347,14680556,2239453,94507,3220,"",0.63,0.73,0.73,0.72,0.31,0.47,0.36,0.43,"",-1,-3.2,28,8.7,32,9.9,22,6.8,1924600,15.1,254665,12.8,20932,28.4,185,6.1
"06081","5","522299","78","0","2025","1","N",9,0,0,0,0,0,0,0,"N",0.33,0,0,0,0,0,0,0,"N",0,0.0,0,0,0,0,0,0,0,0,0,0,0,0,0,0
"06081","5","5223","76","0","2025","1","",79,2192,2158,2156,351238853,16259602,751187,12459,"",0.87,2.95,2.89,2.90,3.81,2.27,2.32,1.31,"",-3,-3.7,-81,-3.6,-79,-3.5,-61,-2.8,-6980314,-1.9,-480168,-2.9,76668,11.4,170,1.4
"06081","5","52231","77","0","2025","1","",41,142,143,139,8712965,1004610,35014,4742,"",0.90,0.66,0.66,0.64,0.46,0.47,0.28,0.71,"",1,2.5,-40,-22.0,-40,-21.9,-39,-21.9,-10419397,-54.5,-588584,-36.9,-25203,-41.9,-3389,-41.7
"06081","5","522310","78","0","2025","1","",41,142,143,139,8712965,1004610,35014,4742,"",0.90,0.66,0.66,0.64,0.46,0.47,0.28,0.71,"",1,2.5,-40,-22.0,-40,-21.9,-39,-21.9,-10419397,-54.5,-588584,-36.9,-25203,-41.9,-3389,-41.7
"06081","5","52232","77","0","2025","1","",21,1836,1801,1791,333608873,13632447,642280,14183,"",0.82,5.39,5.25,5.27,6.62,3.94,4.82,1.25,"",-5,-19.2,-81,-4.2,-72,-3.8,-74,-4.0,1192345,0.4,-176386,-1.3,87298,15.7,618,4.6
"06081","5","522320","78","0","2025","1","",21,1836,1801,1791,333608873,13632447,642280,14183,"",0.82,5.39,5.25,5.27,6.62,3.94,4.82,1.25,"",-5,-19.2,-81,-4.2,-72,-3.8,-74,-4.0,1192345,0.4,-176386,-1.3,87298,15.7,618,4.6
"06081","5","52239","77","0","2025","1","",17,214,214,226,8917015,1622545,73893,3146,"",0.87,1.15,1.14,1.22,0.39,1.03,1.14,0.33,"",1,6.2,40,23.0,33,18.2,52,29.9,2246738,33.7,284802,21.3,14573,24.6,236,8.1
"06081","5","522390","78","0","2025","1","",17,214,214,226,8917015,1622545,73893,3146,"",0.87,1.15,1.14,1.22,0.39,1.03,1.14,0.33,"",1,6.2,40,23.0,33,18.2,52,29.9,2246738,33.7,284802,21.3,14573,24.6,236,8.1
"06081","5","523","75","0","2025","1","",663,6539,6556,6516,1091333685,50431757,1572203,12842,"",1.61,2.26,2.26,2.25,1.14,1.43,1.27,0.51,"",34,5.4,-14,-0.2,-87,-1.3,-95,-1.4,195363654,21.8,-5099247,-9.2,123000,8.5,2403,23.0
"06081","5","5231","76","0","2025","1","",86,977,987,973,424464788,8608227,219772,33352,"",0.78,0.78,0.78,0.77,0.92,0.55,0.46,1.18,"",4,4.9,250,34.4,192,24.2,190,24.3,192246915,82.8,-359076,-4.0,30307,16.0,10103,43.5
"06081","5","52315","77","0","2025","1","",79,902,913,893,407650297,8027162,188754,34739,"",0.78,0.76,0.76,0.75,0.93,0.54,0.42,1.23,"",2,2.6,239,36.0,183,25.1,172,23.9,182639615,81.2,-467804,-5.5,18765,11.0,10176,41.4
"06081","5","523150","78","0","2025","1","",79,902,913,893,407650297,8027162,188754,34739,"",0.78,0.76,0.76,0.75,0.93,0.54,0.42,1.23,"",2,2.6,239,36.0,183,25.1,172,23.9,182639615,81.2,-467804,-5.5,18765,11.0,10176,41.4
"06081","5","52316","77","0","2025","1","",7,75,74,80,16814491,581065,31018,16944,"",0.74,1.11,1.09,1.18,0.66,0.72,0.89,0.59,"",2,40.0,11,17.2,9,13.8,18,29.0,9607300,133.3,108728,23.0,11542,59.3,8236,94.6
"06081","5","523160","78","0","2025","1","",7,75,74,80,16814491,581065,31018,16944,"",0.74,1.11,1.09,1.18,0.66,0.72,0.89,0.59,"",2,40.0,11,17.2,9,13.8,18,29.0,9607300,133.3,108728,23.0,11542,59.3,8236,94.6
"06081","5","5239","76","0","2025","1","",577,5562,5569,5543,666868897,41823530,1352431,9230,"",1.94,3.46,3.44,3.44,1.37,2.16,1.83,0.40,"",30,5.5,-264,-4.5,-279,-4.8,-285,-4.9,3116739,0.5,-4740171,-10.2,92693,7.4,478,5.5
"06081","5","52391","77","0","2025","1","",162,1898,1900,1893,250863726,14508277,486678,10172,"",6.20,21.35,21.34,21.28,10.57,14.78,11.09,0.50,"",19,13.3,115,6.4,111,6.2,114,6.4,35181365,16.3,757061,5.5,127865,35.6,870,9.4
"06081","5","523910","78","0","2025","1","",162,1898,1900,1893,250863726,14508277,486678,10172,"",6.20,21.35,21.34,21.28,10.57,14.78,11.09,0.50,"",19,13.3,115,6.4,111,6.2,114,6.4,35181365,16.3,757061,5.5,127865,35.6,870,9.4
"06081","5","52394","77","0","2025","1","",391,3552,3560,3542,396298010,26467806,837357,8584,"",1.62,2.61,2.60,2.60,0.92,1.60,1.33,0.35,"",9,2.4,-400,-10.1,-395,-10.0,-401,-10.2,-41525902,-9.5,-5597629,-17.5,-40025,-4.6,58,0.7
"06081","5","523940","78","0","2025","1","",391,3552,3560,3542,396298010,26467806,837357,8584,"",1.62,2.61,2.60,2.60,0.92,1.60,1.33,0.35,"",9,2.4,-400,-10.1,-395,-10.0,-401,-10.2,-41525902,-9.5,-5597629,-17.5,-40025,-4.6,58,0.7
"06081","5","52399","77","0","2025","1","",24,112,109,108,19707161,847447,28396,13823,"",0.79,0.71,0.68,0.68,0.62,0.47,0.43,0.90,"",2,9.1,21,23.1,5,4.8,2,1.9,9461276,92.3,100397,13.4,4853,20.6,5968,76.0
"06081","5","523991","78","0","2025","1","",14,51,49,49,6054647,408832,14286,9377,"",1.76,0.89,0.85,0.85,0.93,0.68,0.76,1.08,"",1,7.7,2,4.1,-2,-3.9,-1,-2.0,1465134,31.9,73782,22.0,4555,46.8,2316,32.8
"06081","5","523999","78","0","2025","1","",10,61,60,59,13652514,438615,14110,17503,"",0.45,0.60,0.59,0.58,0.54,0.36,0.30,0.92,"",1,11.1,19,45.2,7,13.2,3,5.4,7996142,141.4,26615,6.5,298,2.2,8859,102.5
"06081","5","524","75","0","2025","1","",325,2156,2155,2143,147332092,17182704,637589,5268,"",0.54,0.31,0.31,0.31,0.22,0.25,0.31,0.69,"",8,2.5,-58,-2.6,-59,-2.7,-28,-1.3,26374315,21.8,-756045,-4.2,35999,6.0,1038,24.5
"06081","5","5241","76","0","2025","1","",46,326,321,319,13557771,2651101,108646,3239,"",0.49,0.10,0.10,0.10,0.04,0.08,0.11,0.38,"",-3,-6.1,-14,-4.1,-7,-2.1,-7,-2.1,558843,4.3,95419,3.7,9082,9.1,221,7.3
"06081","5","52411","77","0","2025","1","",22,104,104,105,5304709,1054880,43426,3911,"",0.60,0.06,0.06,0.06,0.03,0.06,0.08,0.48,"",-2,-8.3,-21,-16.8,-15,-12.6,-9,-7.9,-524912,-9.0,1570,0.1,25,0.1,153,4.1
"06081","5","524113","78","0","2025","1","",15,20,19,19,552398,170282,4593,2198,"",1.07,0.04,0.03,0.03,0.01,0.02,0.03,0.20,"",1,7.1,-13,-39.4,-12,-38.7,-9,-32.1,-230240,-29.4,-1775,-1.0,-195,-4.1,235,12.0
"06081","5","524114","78","0","2025","1","",7,84,85,86,4752311,884598,38833,4301,"",0.31,0.07,0.07,0.07,0.04,0.07,0.11,0.62,"",-3,-30.0,-8,-8.7,-3,-3.4,0,0.0,-294672,-5.8,3345,0.4,220,0.6,-78,-1.8
"06081","5","52412","77","0","2025","1","",24,222,217,214,8253062,1596221,65220,2917,"",0.44,0.16,0.15,0.15,0.05,0.11,0.15,0.34,"",-1,-4.0,7,3.3,8,3.8,2,0.9,1083755,15.1,93849,6.2,9057,16.1,316,12.1
"06081","5","524126","78","0","2025","1","",13,152,148,148,4874082,1007508,28721,2511,"",0.38,0.13,0.12,0.12,0.03,0.08,0.08,0.28,"",0,0.0,9,6.3,8,5.7,10,7.2,199986,4.3,27588,2.8,4656,19.3,-51,-2.0
"06081","5","524127","78","0","2025","1","N",10,0,0,0,0,0,0,0,"N",0.67,0,0,0,0,0,0,0,"N",-1,-9.1,0,0,0,0,0,0,0,0,0,0,0,0,0,0
"06081","5","524128","78","0","2025","1","N",1,0,0,0,0,0,0,0,"N",0.17,0,0,0,0,0,0,0,"N",0,0.0,0,0,0,0,0,0,0,0,0,0,0,0,0,0
"06081","5","52413","77","0","2025","1","-",0,0,0,0,0,0,0,0,"N",0.00,0,0,0,0,0,0,0,"N",0,0,0,0,0,0,0,0,0,0,0,0,0,0,0,0
"06081","5","524130","78","0","2025","1","-",0,0,0,0,0,0,0,0,"N",0.00,0,0,0,0,0,0,0,"N",0,0,0,0,0,0,0,0,0,0,0,0,0,0,0,0
"06081","5","5242","76","0","2025","1","",279,1830,1834,1824,133774321,14531603,528943,5625,"",0.55,0.50,0.50,0.49,0.41,0.41,0.52,0.84,"",11,4.1,-44,-2.3,-52,-2.8,-21,-1.1,25815472,23.9,-851464,-5.5,26917,5.4,1180,26.5
"06081","5","52421","77","0","2025","1","",257,1481,1496,1484,61322754,10439387,361475,3172,"",0.60,0.56,0.56,0.56,0.26,0.41,0.52,0.46,"",11,4.5,-44,-2.9,-41,-2.7,-11,-0.7,-663152,-1.1,-523008,-4.8,26289,7.8,33,1.1
"06081","5","524210","78","0","2025","1","",257,1481,1496,1484,61322754,10439387,361475,3172,"",0.60,0.56,0.56,0.56,0.26,0.41,0.52,0.46,"",11,4.5,-44,-2.9,-41,-2.7,-11,-0.7,-663152,-1.1,-523008,-4.8,26289,7.8,33,1.1
"06081","5","52429","77","0","2025","1","",22,349,338,340,72451567,4092216,167468,16280,"",0.27,0.34,0.32,0.33,0.83,0.40,0.50,2.53,"",0,0.0,0,0.0,-11,-3.2,-10,-2.9,26478624,57.6,-328456,-7.4,628,0.4,6157,60.8
"06081","5","524291","78","0","2025","1","N",2,0,0,0,0,0,0,0,"N",0.09,0,0,0,0,0,0,0,"N",0,0.0,0,0,0,0,0,0,0,0,0,0,0,0,0,0
"06081","5","524292","78","0","2025","1","",11,220,206,207,66430660,3122364,134799,24218,"",0.42,0.36,0.34,0.34,1.41,0.52,0.71,4.04,"",0,0.0,-9,-3.9,-21,-9.3,-21,-9.2,26555410,66.6,-223519,-6.7,2866,2.2,10765,80.0
"06081","5","524298","78","0","2025","1","N",9,0,0,0,0,0,0,0,"N",0.29,0,0,0,0,0,0,0,"N",0,0.0,0,0,0,0,0,0,0,0,0,0,0,0,0,0
"06081","5","525","75","0","2025","1","",33,171,168,164,15446352,1197134,45318,7087,"",1.20,1.96,1.68,1.86,0.89,1.07,0.90,0.49,"",2,6.5,31,22.1,19,12.8,17,11.6,1129446,7.9,14073,1.2,3633,8.7,-491,-6.5
"06081","5","5251","76","0","2025","1","",4,20,20,20,824811,140000,3920,3172,"",0.70,0.56,0.46,0.57,0.23,0.43,0.34,0.44,"",0,0.0,5,33.3,0,0.0,1,5.3,10816,1.3,-5288,-3.6,-749,-16.0,-307,-8.8
"06081","5","52511","77","0","2025","1","N",2,0,0,0,0,0,0,0,"N",0.76,0,0,0,0,0,0,0,"N",0,0.0,0,0,0,0,0,0,0,0,0,0,0,0,0,0
"06081","5","525110","78","0","2025","1","N",2,0,0,0,0,0,0,0,"N",0.76,0,0,0,0,0,0,0,"N",0,0.0,0,0,0,0,0,0,0,0,0,0,0,0,0,0
"06081","5","52512","77","0","2025","1","N",2,0,0,0,0,0,0,0,"N",0.99,0,0,0,0,0,0,0,"N",0,0.0,0,0,0,0,0,0,0,0,0,0,0,0,0,0
"06081","5","525120","78","0","2025","1","N",2,0,0,0,0,0,0,0,"N",0.99,0,0,0,0,0,0,0,"N",0,0.0,0,0,0,0,0,0,0,0,0,0,0,0,0,0
"06081","5","5259","76","0","2025","1","",29,151,148,144,14621541,1057134,41398,7617,"",1.33,2.93,2.59,2.72,1.07,1.34,1.07,0.39,"",2,7.4,26,20.8,19,14.7,16,12.5,1118630,8.3,19361,1.9,4382,11.8,-540,-6.6
"06081","5","52591","77","0","2025","1","",7,44,44,41,4012756,317600,12723,7178,"",1.77,4.07,4.05,3.73,1.05,1.23,0.83,0.27,"",1,16.7,14,46.7,13,41.9,9,28.1,909463,29.3,109040,52.3,3105,32.3,-522,-6.8
"06081","5","525910","78","0","2025","1","",7,44,44,41,4012756,317600,12723,7178,"",1.77,4.07,4.05,3.73,1.05,1.23,0.83,0.27,"",1,16.7,14,46.7,13,41.9,9,28.1,909463,29.3,109040,52.3,3105,32.3,-522,-6.8
"06081","5","52592","77","0","2025","1","",7,14,13,14,469542,96250,3197,2643,"",0.81,1.41,0.86,1.36,0.31,0.51,0.40,0.27,"",1,16.7,4,40.0,3,30.0,4,40.0,168590,56.0,-122619,-56.0,-3179,-49.9,328,14.2
"06081","5","525920","78","0","2025","1","",7,14,13,14,469542,96250,3197,2643,"",0.81,1.41,0.86,1.36,0.31,0.51,0.40,0.27,"",1,16.7,4,40.0,3,30.0,4,40.0,168590,56.0,-122619,-56.0,-3179,-49.9,328,14.2
"06081","5","52599","77","0","2025","1","",15,93,91,89,10139243,643284,25478,8571,"",1.63,3.02,2.91,2.81,1.21,1.87,1.66,0.42,"",0,0.0,8,9.4,3,3.4,3,3.5,40577,0.4,32940,5.4,4456,21.2,-427,-4.7
"06081","5","525990","78","0","2025","1","",15,93,91,89,10139243,643284,25478,8571,"",1.63,3.02,2.91,2.81,1.21,1.87,1.66,0.42,"",0,0.0,8,9.4,3,3.4,3,3.5,40577,0.4,32940,5.4,4456,21.2,-427,-4.7
"06081","5","53","74","0","2025","1","",1445,6508,6591,6558,158033754,44221402,1461926,1855,"",1.10,1.04,1.04,1.04,0.42,0.86,0.78,0.41,"",65,4.7,-77,-1.2,132,2.0,89,1.4,164861,0.1,-1116474,-2.5,182027,14.2,-12,-0.6
"06081","5","531","75","0","2025","1","",1345,4593,4646,4595,125802056,30887707,1087087,2099,"",1.17,0.97,0.97,0.96,0.44,0.80,0.75,0.45,"",68,5.3,-11,-0.2,119,2.6,55,1.2,2524537,2.0,-348353,-1.1,134977,14.2,18,0.9
"06081","5","5311","76","0","2025","1","",352,1467,1500,1482,33781993,8936045,276376,1752,"",1.07,0.88,0.90,0.89,0.34,0.69,0.56,0.38,"",8,2.3,-124,-7.8,-57,-3.7,-65,-4.2,-2495303,-6.9,-1205638,-11.9,-21245,-7.1,-31,-1.7
"06081","5","53111","77","0","2025","1","",203,860,855,836,17173921,4914654,152020,1554,"",1.15,0.88,0.87,0.85,0.36,0.64,0.53,0.42,"",3,1.5,-90,-9.5,-92,-9.7,-90,-9.7,-2734337,-13.7,-878963,-15.2,-15653,-9.3,-73,-4.5
"06081","5","531110","78","0","2025","1","",203,860,855,836,17173921,4914654,152020,1554,"",1.15,0.88,0.87,0.85,0.36,0.64,0.53,0.42,"",3,1.5,-90,-9.5,-92,-9.7,-90,-9.7,-2734337,-13.7,-878963,-15.2,-15653,-9.3,-73,-4.5
"06081","5","53112","77","0","2025","1","",75,352,401,410,13397303,2433327,71685,2658,"",1.03,0.86,0.97,0.99,0.33,0.72,0.55,0.35,"",6,8.7,-49,-12.2,28,7.5,26,6.8,154353,1.2,-444130,-15.4,-11503,-13.8,19,0.7
"06081","5","531120","78","0","2025","1","",75,352,401,410,13397303,2433327,71685,2658,"",1.03,0.86,0.97,0.99,0.33,0.72,0.55,0.35,"",6,8.7,-49,-12.2,28,7.5,26,6.8,154353,1.2,-444130,-15.4,-11503,-13.8,19,0.7
"06081","5","53113","77","0","2025","1","",49,171,162,159,2050908,1057624,33429,962,"",0.99,1.07,1.01,0.99,0.34,0.97,0.83,0.33,"",1,2.1,19,12.5,12,8.0,7,4.6,205959,11.2,181587,20.7,7420,28.5,24,2.6
"06081","5","531130","78","0","2025","1","",49,171,162,159,2050908,1057624,33429,962,"",0.99,1.07,1.01,0.99,0.34,0.97,0.83,0.33,"",1,2.1,19,12.5,12,8.0,7,4.6,205959,11.2,181587,20.7,7420,28.5,24,2.6
"06081","5","53119","77","0","2025","1","",25,84,82,77,1159861,530440,19242,1101,"",0.89,0.76,0.74,0.70,0.17,0.65,0.62,0.23,"",-2,-7.4,-4,-4.5,-5,-5.7,-8,-9.4,-121278,-9.5,-64132,-10.8,-1509,-7.3,-36,-3.2
"06081","5","531190","78","0","2025","1","",25,84,82,77,1159861,530440,19242,1101,"",0.89,0.76,0.74,0.70,0.17,0.65,0.62,0.23,"",-2,-7.4,-4,-4.5,-5,-5.7,-8,-9.4,-121278,-9.5,-64132,-10.8,-1509,-7.3,-36,-3.2
"06081","5","5312","76","0","2025","1","",512,961,984,962,23511587,6315333,220867,1866,"",1.20,1.09,1.12,1.10,0.41,0.88,0.84,0.37,"",26,5.3,-78,-7.5,-41,-4.0,-23,-2.3,-4798325,-16.9,-670964,-9.6,12695,6.1,-277,-12.9
"06081","5","53121","77","0","2025","1","",512,961,984,962,23511587,6315333,220867,1866,"",1.20,1.09,1.12,1.10,0.41,0.88,0.84,0.37,"",26,5.3,-78,-7.5,-41,-4.0,-23,-2.3,-4798325,-16.9,-670964,-9.6,12695,6.1,-277,-12.9
"06081","5","531210","78","0","2025","1","",512,961,984,962,23511587,6315333,220867,1866,"",1.20,1.09,1.12,1.10,0.41,0.88,0.84,0.37,"",26,5.3,-78,-7.5,-41,-4.0,-23,-2.3,-4798325,-16.9,-670964,-9.6,12695,6.1,-277,-12.9
"06081","5","5313","76","0","2025","1","",481,2165,2162,2151,68508476,15636329,589844,2441,"",1.21,0.98,0.97,0.97,0.53,0.85,0.86,0.54,"",34,7.6,191,9.7,217,11.2,143,7.1,9818165,16.7,1528249,10.8,143527,32.2,156,6.8
"06081","5","53131","77","0","2025","1","",381,1751,1747,1747,52445927,12502991,479356,2308,"",1.39,0.93,0.92,0.92,0.51,0.80,0.84,0.56,"",23,6.4,35,2.0,54,3.2,60,3.6,3943875,8.1,443248,3.7,102969,27.4,112,5.1
"06081","5","531311","78","0","2025","1","",298,1292,1293,1306,27157622,8284508,328849,1611,"",1.42,0.90,0.90,0.91,0.41,0.73,0.78,0.46,"",24,8.8,53,4.3,81,6.7,100,8.3,3594818,15.3,501407,6.4,77024,30.6,124,8.3
"06081","5","531312","78","0","2025","1","",83,459,454,441,25288305,4218483,150507,4310,"",1.30,1.01,1.00,0.97,0.70,0.99,1.01,0.70,"",-1,-1.2,-18,-3.8,-27,-5.6,-40,-8.3,349057,1.4,-58159,-1.4,25945,20.8,311,7.8
"06081","5","53132","77","0","2025","1","",13,24,25,24,688006,164320,7237,2175,"",0.39,0.33,0.34,0.33,0.17,0.28,0.36,0.51,"",1,8.3,-5,-17.2,-4,-13.8,-3,-11.1,-103287,-13.1,-26797,-14.0,-782,-9.8,27,1.3
"06081","5","531320","78","0","2025","1","",13,24,25,24,688006,164320,7237,2175,"",0.39,0.33,0.34,0.33,0.17,0.28,0.36,0.51,"",1,8.3,-5,-17.2,-4,-13.8,-3,-11.1,-103287,-13.1,-26797,-14.0,-782,-9.8,27,1.3
"06081","5","53139","77","0","2025","1","",87,390,390,380,15374543,2969018,103251,3059,"",0.98,1.56,1.55,1.50,0.65,1.32,1.07,0.43,"",10,13.0,161,70.3,167,74.9,86,29.3,5977577,63.6,1111798,59.9,41340,66.8,152,5.2
"06081","5","531390","78","0","2025","1","",87,390,390,380,15374543,2969018,103251,3059,"",0.98,1.56,1.55,1.50,0.65,1.32,1.07,0.43,"",10,13.0,161,70.3,167,74.9,86,29.3,5977577,63.6,1111798,59.9,41340,66.8,152,5.2
"06081","5","532","75","0","2025","1","",97,1897,1927,1945,31082667,13200695,369183,1243,"",0.62,1.29,1.30,1.31,0.41,1.11,0.92,0.31,"",-1,-1.0,-58,-3.0,21,1.1,43,2.3,-684834,-2.2,-705121,-5.1,48954,15.3,-29,-2.3
"06081","5","5321","76","0","2025","1","",44,1126,1101,1118,17293507,7141254,197561,1193,"",0.90,2.02,1.97,1.99,0.70,1.68,1.66,0.35,"",-2,-4.3,-41,-3.5,-91,-7.6,5,0.4,-3216027,-15.7,-1563357,-18.0,-8406,-4.1,-170,-12.5
"06081","5","53211","77","0","2025","1","",37,1041,1019,1034,15959713,6637103,183331,1190,"",1.30,3.36,3.28,3.32,1.22,2.90,2.97,0.37,"",-2,-5.1,-24,-2.3,-73,-6.7,24,2.4,-3031364,-16.0,-1469009,-18.1,-7590,-4.0,-194,-14.0
"06081","5","532111","78","0","2025","1","",37,1041,1019,1034,15959713,6637103,183331,1190,"",1.41,3.75,3.66,3.69,1.55,3.39,3.46,0.42,"N",-1,-2.6,0,0,0,0,0,0,0,0,0,0,0,0,0,0
"06081","5","53212","77","0","2025","1","",7,85,82,84,1333794,504151,14230,1226,"",0.34,0.34,0.33,0.34,0.11,0.26,0.25,0.34,"",0,0.0,-17,-16.7,-18,-18.0,-19,-18.4,-184663,-12.2,-94348,-15.8,-816,-5.4,77,6.7
"06081","5","532120","78","0","2025","1","",7,85,82,84,1333794,504151,14230,1226,"",0.34,0.34,0.33,0.34,0.11,0.26,0.25,0.34,"",0,0.0,-17,-16.7,-18,-18.0,-19,-18.4,-184663,-12.2,-94348,-15.8,-816,-5.4,77,6.7
"06081","5","5322","76","0","2025","1","N",18,0,0,0,0,0,0,0,"N",0.39,0,0,0,0,0,0,0,"N",1,5.9,0,0,0,0,0,0,0,0,0,0,0,0,0,0
"06081","5","53228","77","0","2025","1","N",18,0,0,0,0,0,0,0,"N",0.42,0,0,0,0,0,0,0,"N",1,5.9,0,0,0,0,0,0,0,0,0,0,0,0,0,0
"06081","5","532283","78","0","2025","1","N",1,0,0,0,0,0,0,0,"N",0.14,0,0,0,0,0,0,0,"N",0,0.0,0,0,0,0,0,0,0,0,0,0,0,0,0,0
"06081","5","532284","78","0","2025","1","N",4,0,0,0,0,0,0,0,"N",0.46,0,0,0,0,0,0,0,"N",1,33.3,0,0,0,0,0,0,0,0,0,0,0,0,0,0
"06081","5","532289","78","0","2025","1","",13,257,248,258,2897578,1743393,34007,876,"",0.55,1.71,1.64,1.70,0.51,1.63,0.80,0.30,"",0,0.0,17,7.1,14,6.0,12,4.9,-71514,-2.4,48307,2.8,3461,11.3,-76,-8.0
"06081","5","5323","76","0","2025","1","N",1,0,0,0,0,0,0,0,"N",0.11,0,0,0,0,0,0,0,"N",0,0.0,0,0,0,0,0,0,0,0,0,0,0,0,0,0
"06081","5","53231","77","0","2025","1","N",1,0,0,0,0,0,0,0,"N",0.11,0,0,0,0,0,0,0,"N",0,0.0,0,0,0,0,0,0,0,0,0,0,0,0,0,0
"06081","5","532310","78","0","2025","1","N",1,0,0,0,0,0,0,0,"N",0.11,0,0,0,0,0,0,0,"N",0,0.0,0,0,0,0,0,0,0,0,0,0,0,0,0,0
"06081","5","5324","76","0","2025","1","",34,380,447,434,9069329,3396339,119245,1660,"",0.66,0.73,0.85,0.82,0.26,0.71,0.66,0.33,"",0,0.0,-25,-6.2,104,30.3,33,8.2,2449595,37.0,824366,32.1,52616,79.0,330,24.8
"06081","5","53241","77","0","2025","1","N",8,0,0,0,0,0,0,0,"N",0.35,0,0,0,0,0,0,0,"N",1,14.3,0,0,0,0,0,0,0,0,0,0,0,0,0,0
"06081","5","532412","78","0","2025","1","N",8,0,0,0,0,0,0,0,"N",0.39,0,0,0,0,0,0,0,"N",1,14.3,0,0,0,0,0,0,0,0,0,0,0,0,0,0
"06081","5","53242","77","0","2025","1","N",1,0,0,0,0,0,0,0,"N",0.33,0,0,0,0,0,0,0,"N",0,0.0,0,0,0,0,0,0,0,0,0,0,0,0,0,0
"06081","5","532420","78","0","2025","1","N",1,0,0,0,0,0,0,0,"N",0.33,0,0,0,0,0,0,0,"N",0,0.0,0,0,0,0,0,0,0,0,0,0,0,0,0,0
"06081","5","53249","77","0","2025","1","",25,257,324,308,6273476,2540525,86602,1628,"",0.98,1.16,1.44,1.36,0.48,1.29,0.99,0.36,"",-1,-3.8,-84,-24.6,47,17.0,-28,-8.3,1062455,20.4,410587,19.3,32759,60.8,367,29.1
"06081","5","532490","78","0","2025","1","",25,257,324,308,6273476,2540525,86602,1628,"",0.98,1.16,1.44,1.36,0.48,1.29,0.99,0.36,"",-1,-3.8,-84,-24.6,47,17.0,-28,-8.3,1062455,20.4,410587,19.3,32759,60.8,367,29.1
"06081","5","533","75","0","2025","1","",3,18,18,18,1149031,133000,5656,4910,"",0.29,0.32,0.32,0.32,0.11,0.22,0.23,0.35,"",-2,-40.0,-8,-30.8,-8,-30.8,-9,-33.3,-1674842,-59.3,-63000,-32.1,-1904,-25.2,-3339,-40.5
"06081","5","5331","76","0","2025","1","",3,18,18,18,1149031,133000,5656,4910,"",0.29,0.32,0.32,0.32,0.11,0.22,0.23,0.35,"",-2,-40.0,-8,-30.8,-8,-30.8,-9,-33.3,-1674842,-59.3,-63000,-32.1,-1904,-25.2,-3339,-40.5
"06081","5","53311","77","0","2025","1","",3,18,18,18,1149031,133000,5656,4910,"",0.29,0.32,0.32,0.32,0.11,0.22,0.23,0.35,"",-2,-40.0,-8,-30.8,-8,-30.8,-9,-33.3,-1674842,-59.3,-63000,-32.1,-1904,-25.2,-3339,-40.5
"06081","5","533110","78","0","2025","1","",3,18,18,18,1149031,133000,5656,4910,"",0.29,0.32,0.32,0.32,0.11,0.22,0.23,0.35,"",-2,-40.0,-8,-30.8,-8,-30.8,-9,-33.3,-1674842,-59.3,-63000,-32.1,-1904,-25.2,-3339,-40.5
"06081","5","54","74","0","2025","1","",4223,67424,67851,67851,5394437531,478224965,17944138,6129,"",0.91,2.37,2.37,2.38,1.97,1.71,1.71,0.83,"",245,6.2,-4235,-5.9,-3500,-4.9,-3428,-4.8,210766449,4.1,-47704919,-9.1,709012,4.1,547,9.8
"06081","5","541","75","0","2025","1","",4223,67424,67851,67851,5394437531,478224965,17944138,6129,"",0.91,2.37,2.37,2.38,1.97,1.71,1.71,0.83,"",245,6.2,-4235,-5.9,-3500,-4.9,-3428,-4.8,210766449,4.1,-47704919,-9.1,709012,4.1,547,9.8
"06081","5","5411","76","0","2025","1","",376,2594,2635,2601,124343043,18308829,553431,3665,"",0.67,0.81,0.82,0.81,0.46,0.63,0.61,0.56,"",0,0.0,-87,-3.2,-35,-1.3,-65,-2.4,2370440,1.9,-633989,-3.3,34387,6.6,154,4.4
"06081","5","54111","77","0","2025","1","",359,2539,2580,2544,122677400,17862089,532481,3694,"",0.71,0.87,0.88,0.87,0.48,0.67,0.67,0.55,"",0,0.0,-83,-3.2,-28,-1.1,-62,-2.4,2391134,2.0,-599383,-3.2,35527,7.1,152,4.3
"06081","5","541110","78","0","2025","1","",359,2539,2580,2544,122677400,17862089,532481,3694,"",0.71,0.87,0.88,0.87,0.48,0.67,0.67,0.55,"",0,0.0,-83,-3.2,-28,-1.1,-62,-2.4,2391134,2.0,-599383,-3.2,35527,7.1,152,4.3
"06081","5","54119","77","0","2025","1","",17,55,55,57,1665643,446740,20950,2302,"",0.30,0.21,0.21,0.22,0.10,0.20,0.21,0.49,"",0,0.0,-4,-6.8,-7,-11.3,-3,-5.0,-20694,-1.2,-34606,-7.2,-1140,-5.2,152,7.1
"06081","5","541191","78","0","2025","1","",6,23,23,24,1078875,191278,11264,3557,"",0.22,0.15,0.15,0.16,0.14,0.15,0.18,0.87,"",-1,-14.3,0,0.0,-2,-8.0,0,0.0,27422,2.6,-22271,-10.4,-401,-3.4,187,5.5
"06081","5","541199","78","0","2025","1","",11,32,32,33,586768,255462,9686,1396,"",0.36,0.28,0.28,0.29,0.07,0.26,0.25,0.25,"",1,10.0,-4,-11.1,-5,-13.5,-3,-8.3,-48116,-7.6,-12335,-4.6,-739,-7.1,52,3.9
"06081","5","5412","76","0","2025","1","",372,2347,2632,2425,103106836,17974250,695204,3214,"",0.74,0.77,0.83,0.76,0.50,0.65,0.69,0.64,"",6,1.6,-683,-22.5,-488,-15.6,-791,-24.6,17776613,20.8,-2305894,-11.4,-30046,-4.1,1112,52.9
"06081","5","54121","77","0","2025","1","",372,2347,2632,2425,103106836,17974250,695204,3214,"",0.74,0.77,0.83,0.76,0.50,0.65,0.69,0.64,"",6,1.6,-683,-22.5,-488,-15.6,-791,-24.6,17776613,20.8,-2305894,-11.4,-30046,-4.1,1112,52.9
"06081","5","541211","78","0","2025","1","",139,662,682,682,18615182,5071064,160596,2120,"",0.82,0.47,0.47,0.47,0.17,0.35,0.37,0.37,"",4,3.0,-70,-9.6,-61,-8.2,-55,-7.5,-2530920,-12.0,-403299,-7.4,15502,10.7,-86,-3.9
"06081","5","541213","78","0","2025","1","",93,347,396,397,8552603,2413242,100747,1731,"",0.91,0.98,1.01,1.03,0.73,1.09,0.61,0.72,"",5,5.7,-14,-3.9,7,1.8,-5,-1.2,333819,4.1,-51348,-2.1,5180,5.4,85,5.2
"06081","5","541214","78","0","2025","1","",13,903,1114,911,64146822,7363886,323465,5056,"",0.38,1.70,1.97,1.61,1.59,1.53,1.57,0.90,"",-6,-31.6,-517,-36.4,-353,-24.1,-645,-41.5,24534859,61.9,-1151923,-13.5,-37740,-10.4,2999,145.8
"06081","5","541219","78","0","2025","1","",127,435,440,435,11792229,3126058,110396,2077,"",0.65,0.57,0.57,0.56,0.26,0.49,0.54,0.46,"",3,2.4,-82,-15.9,-81,-15.5,-86,-16.5,-4561145,-27.9,-699324,-18.3,-12988,-10.5,-344,-14.2
"06081","5","5413","76","0","2025","1","",276,4018,4114,4106,228395212,30541527,1135081,4307,"",0.59,0.90,0.91,0.91,0.63,0.67,0.74,0.70,"",14,5.3,101,2.6,291,7.6,287,7.5,45614876,25.0,-3747661,-10.9,-74612,-6.2,658,18.0
"06081","5","54131","77","0","2025","1","",72,321,319,315,8318926,2282611,78518,2010,"",0.90,0.60,0.60,0.59,0.23,0.43,0.45,0.38,"",3,4.3,-72,-18.3,-43,-11.9,-39,-11.0,-1322154,-13.7,-416128,-15.4,6928,9.7,4,0.2
"06081","5","541310","78","0","2025","1","",72,321,319,315,8318926,2282611,78518,2010,"",0.90,0.60,0.60,0.59,0.23,0.43,0.45,0.38,"",3,4.3,-72,-18.3,-43,-11.9,-39,-11.0,-1322154,-13.7,-416128,-15.4,6928,9.7,4,0.2
"06081","5","54132","77","0","2025","1","",20,178,176,176,3609083,1301398,39808,1571,"",1.00,2.15,2.10,2.06,0.84,1.89,1.55,0.40,"",0,0.0,-9,-4.8,-2,-1.1,-4,-2.2,176070,5.1,25088,2.0,2701,7.3,117,8.0
"06081","5","541320","78","0","2025","1","",20,178,176,176,3609083,1301398,39808,1571,"",1.00,2.15,2.10,2.06,0.84,1.89,1.55,0.40,"",0,0.0,-9,-4.8,-2,-1.1,-4,-2.2,176070,5.1,25088,2.0,2701,7.3,117,8.0
"06081","5","54133","77","0","2025","1","",146,2818,2909,2912,179543408,21814920,730616,4796,"",0.54,0.90,0.93,0.93,0.66,0.66,0.68,0.72,"",11,8.1,410,17.0,535,22.5,532,22.4,51212039,39.9,-1764994,-7.5,-53436,-6.8,661,16.0
"06081","5","541330","78","0","2025","1","",146,2818,2909,2912,179543408,21814920,730616,4796,"",0.54,0.90,0.93,0.93,0.66,0.66,0.68,0.72,"",11,8.1,410,17.0,535,22.5,532,22.4,51212039,39.9,-1764994,-7.5,-53436,-6.8,661,16.0
"06081","5","54134","77","0","2025","1","N",2,0,0,0,0,0,0,0,"N",0.21,0,0,0,0,0,0,0,"N",-1,-33.3,0,0,0,0,0,0,0,0,0,0,0,0,0,0
"06081","5","541340","78","0","2025","1","N",2,0,0,0,0,0,0,0,"N",0.21,0,0,0,0,0,0,0,"N",-1,-33.3,0,0,0,0,0,0,0,0,0,0,0,0,0,0
"06081","5","54135","77","0","2025","1","",9,7,6,4,195980,49000,1330,2660,"",0.40,0.10,0.09,0.06,0.06,0.09,0.06,0.72,"",2,28.6,0,0.0,0,0.0,0,0.0,14715,8.1,-7000,-12.5,-532,-28.6,199,8.1
"06081","5","541350","78","0","2025","1","",9,7,6,4,195980,49000,1330,2660,"",0.40,0.10,0.09,0.06,0.06,0.09,0.06,0.72,"",2,28.6,0,0.0,0,0.0,0,0.0,14715,8.1,-7000,-12.5,-532,-28.6,199,8.1
"06081","5","54136","77","0","2025","1","N",2,0,0,0,0,0,0,0,"N",0.30,0,0,0,0,0,0,0,"N",0,0.0,0,0,0,0,0,0,0,0,0,0,0,0,0,0
"06081","5","541360","78","0","2025","1","N",2,0,0,0,0,0,0,0,"N",0.30,0,0,0,0,0,0,0,"N",0,0.0,0,0,0,0,0,0,0,0,0,0,0,0,0,0
"06081","5","54137","77","0","2025","1","",5,34,35,34,1351003,236583,12712,3027,"",0.22,0.23,0.24,0.23,0.18,0.19,0.33,0.77,"",0,0.0,-3,-8.1,-2,-5.4,-3,-8.1,-789678,-36.9,-27079,-10.3,2548,25.1,-1423,-32.0
"06081","5","541370","78","0","2025","1","",5,34,35,34,1351003,236583,12712,3027,"",0.22,0.23,0.24,0.23,0.18,0.19,0.33,0.77,"",0,0.0,-3,-8.1,-2,-5.4,-3,-8.1,-789678,-36.9,-27079,-10.3,2548,25.1,-1423,-32.0
"06081","5","54138","77","0","2025","1","",20,656,664,661,35269812,4828015,271106,4109,"",0.65,1.42,1.43,1.42,1.07,1.08,1.45,0.75,"",-1,-4.8,-223,-25.4,-196,-22.8,-197,-23.0,-3662425,-9.4,-1549548,-24.3,-32767,-10.8,649,18.8
"06081","5","541380","78","0","2025","1","",20,656,664,661,35269812,4828015,271106,4109,"",0.65,1.42,1.43,1.42,1.07,1.08,1.45,0.75,"",-1,-4.8,-223,-25.4,-196,-22.8,-197,-23.0,-3662425,-9.4,-1549548,-24.3,-32767,-10.8,649,18.8
"06081","5","5414","76","0","2025","1","",135,290,285,266,7825514,2047814,75007,2147,"",1.04,0.74,0.73,0.68,0.32,0.63,0.55,0.44,"",7,5.5,-31,-9.7,-32,-10.1,-44,-14.2,250934,3.3,-228069,-10.0,2712,3.8,303,16.4
"06081","5","54141","77","0","2025","1","",74,156,159,146,2911466,1078461,37060,1457,"",1.44,1.06,1.07,0.99,0.41,0.94,0.82,0.40,"",5,7.2,-3,-1.9,-1,-0.6,-5,-3.3,-26777,-0.9,-18885,-1.7,223,0.6,14,1.0
"06081","5","541410","78","0","2025","1","",74,156,159,146,2911466,1078461,37060,1457,"",1.44,1.06,1.07,0.99,0.41,0.94,0.82,0.40,"",5,7.2,-3,-1.9,-1,-0.6,-5,-3.3,-26777,-0.9,-18885,-1.7,223,0.6,14,1.0
"06081","5","54142","77","0","2025","1","",10,39,39,30,1063783,292407,11286,2273,"",1.33,0.76,0.75,0.58,0.20,0.60,0.48,0.29,"",0,0.0,-15,-27.8,-10,-20.4,-21,-41.2,-255663,-19.4,-66959,-18.6,746,7.1,296,15.0
"06081","5","541420","78","0","2025","1","",10,39,39,30,1063783,292407,11286,2273,"",1.33,0.76,0.75,0.58,0.20,0.60,0.48,0.29,"",0,0.0,-15,-27.8,-10,-20.4,-21,-41.2,-255663,-19.4,-66959,-18.6,746,7.1,296,15.0
"06081","5","54143","77","0","2025","1","",36,56,50,56,1489918,418242,15818,2122,"",0.68,0.40,0.36,0.41,0.17,0.36,0.34,0.43,"",0,0.0,-19,-25.3,-26,-34.2,-21,-27.3,-254771,-14.6,-173821,-29.4,-3829,-19.5,356,20.2
"06081","5","541430","78","0","2025","1","",36,56,50,56,1489918,418242,15818,2122,"",0.68,0.40,0.36,0.41,0.17,0.36,0.34,0.43,"",0,0.0,-19,-25.3,-26,-34.2,-21,-27.3,-254771,-14.6,-173821,-29.4,-3829,-19.5,356,20.2
"06081","5","54149","77","0","2025","1","",15,39,37,34,2360347,258704,10843,4952,"",0.85,0.75,0.70,0.65,0.65,0.59,0.53,0.93,"",2,15.4,6,18.2,5,15.6,3,9.7,788145,50.1,31596,13.9,5572,105.7,1173,31.0
"06081","5","541490","78","0","2025","1","",15,39,37,34,2360347,258704,10843,4952,"",0.85,0.75,0.70,0.65,0.65,0.59,0.53,0.93,"",2,15.4,6,18.2,5,15.6,3,9.7,788145,50.1,31596,13.9,5572,105.7,1173,31.0
"06081","5","5415","76","0","2025","1","",1134,21386,21341,21410,1401209198,158640446,5926329,5042,"",1.01,3.33,3.32,3.38,1.68,2.25,2.06,0.50,"",88,8.4,-1817,-7.8,-1724,-7.5,-1579,-6.9,-209596106,-13.0,-27320985,-14.7,-216926,-3.5,-325,-6.1
"06081","5","54151","77","0","2025","1","",1134,21386,21341,21410,1401209198,158640446,5926329,5042,"",1.01,3.33,3.32,3.38,1.68,2.25,2.06,0.50,"",88,8.4,-1817,-7.8,-1724,-7.5,-1579,-6.9,-209596106,-13.0,-27320985,-14.7,-216926,-3.5,-325,-6.1
"06081","5","541511","78","0","2025","1","",702,11013,10968,11069,768020778,82025730,3193521,5363,"",1.32,3.89,3.87,3.96,1.76,2.60,2.34,0.45,"",60,9.3,-1939,-15.0,-1911,-14.8,-1737,-13.6,-225416748,-22.7,-27933857,-25.4,-479239,-13.0,-571,-9.6
"06081","5","541512","78","0","2025","1","",355,9404,9414,9380,558890636,69171473,2458531,4574,"",0.75,3.12,3.12,3.16,1.68,2.10,1.93,0.54,"",24,7.3,65,0.7,143,1.5,126,1.4,11937762,2.2,300476,0.4,207724,9.2,44,1.0
"06081","5","541513","78","0","2025","1","N",13,0,0,0,0,0,0,0,"N",0.72,0,0,0,0,0,0,0,"N",1,8.3,0,0,0,0,0,0,0,0,0,0,0,0,0,0
"06081","5","541519","78","0","2025","1","N",64,0,0,0,0,0,0,0,"N",0.69,0,0,0,0,0,0,0,"N",3,4.9,0,0,0,0,0,0,0,0,0,0,0,0,0,0
"06081","5","5416","76","0","2025","1","",1023,4450,4478,4438,220516529,32101850,1197877,3807,"",0.90,0.91,0.91,0.91,0.50,0.67,0.64,0.55,"",62,6.5,-675,-13.2,-526,-10.5,-499,-10.1,-21398211,-8.8,-4895709,-13.2,44645,3.9,102,2.8
"06081","5","54161","77","0","2025","1","",804,3655,3673,3636,187282971,26297984,956751,3942,"",0.86,0.90,0.90,0.90,0.50,0.67,0.61,0.56,"",55,7.3,-394,-9.7,-305,-7.7,-312,-7.9,-11862239,-6.0,-3055026,-10.4,94923,11.0,104,2.7
"06081","5","541611","78","0","2025","1","",532,2048,2054,2041,103839876,14201710,498261,3901,"",1.11,0.92,0.92,0.92,0.46,0.64,0.58,0.50,"",41,8.4,-79,-3.7,-27,-1.3,-33,-1.6,-4292389,-4.0,-1377253,-8.8,66807,15.5,-71,-1.8
"06081","5","541612","78","0","2025","1","",19,58,58,58,1768577,418968,13253,2346,"",0.43,0.24,0.24,0.24,0.08,0.18,0.13,0.33,"",1,5.6,-77,-57.0,-71,-55.0,-63,-52.1,-3668233,-67.5,-631877,-60.1,-12032,-47.6,-913,-28.0
"06081","5","541613","78","0","2025","1","",183,1068,1063,1049,62968589,7965321,327791,4570,"",0.72,1.28,1.27,1.25,0.93,1.00,0.95,0.73,"",8,4.6,-221,-17.1,-189,-15.1,-184,-14.9,-6633542,-9.5,-1490621,-15.8,25127,8.3,314,7.4
"06081","5","541614","78","0","2025","1","",32,235,252,244,6490520,1702322,57481,2049,"",0.60,0.54,0.58,0.57,0.23,0.45,0.40,0.40,"",3,10.3,-51,-17.8,-51,-16.8,-61,-20.0,1756,0.0,70168,4.3,5892,11.4,374,22.3
"06081","5","541618","78","0","2025","1","",38,246,246,244,12215409,2009663,59965,3830,"",0.38,0.73,0.73,0.73,0.42,0.66,0.49,0.58,"",2,5.6,34,16.0,33,15.5,29,13.5,2730169,28.8,374557,22.9,9129,18.0,410,12.0
"06081","5","54162","77","0","2025","1","",15,104,102,108,2745017,731566,30879,2017,"",0.36,0.39,0.38,0.40,0.15,0.27,0.33,0.38,"",1,7.1,9,9.5,10,10.9,26,31.7,343528,14.3,79988,12.3,2994,10.7,-43,-2.1
"06081","5","541620","78","0","2025","1","",15,104,102,108,2745017,731566,30879,2017,"",0.36,0.39,0.38,0.40,0.15,0.27,0.33,0.38,"",1,7.1,9,9.5,10,10.9,26,31.7,343528,14.3,79988,12.3,2994,10.7,-43,-2.1
"06081","5","54169","77","0","2025","1","",204,691,703,694,30488541,5072300,210247,3370,"",1.32,1.22,1.24,1.23,0.60,0.89,0.94,0.48,"",6,3.0,-290,-29.6,-231,-24.7,-213,-23.5,-9879500,-24.5,-1920671,-27.5,-53272,-20.2,69,2.1
"06081","5","541690","78","0","2025","1","",204,691,703,694,30488541,5072300,210247,3370,"",1.32,1.22,1.24,1.23,0.60,0.89,0.94,0.48,"",6,3.0,-290,-29.6,-231,-24.7,-213,-23.5,-9879500,-24.5,-1920671,-27.5,-53272,-20.2,69,2.1
"06081","5","5417","76","0","2025","1","",608,29359,29359,29594,3188818340,197920561,7594717,8333,"",3.81,11.96,11.92,12.02,8.62,7.69,7.54,0.72,"",57,10.3,-1031,-3.4,-989,-3.3,-658,-2.2,374945302,13.3,-8594263,-4.2,906622,13.6,1196,16.8
"06081","5","54171","77","0","2025","1","",595,28923,28927,29165,3177055447,194877743,7525306,8426,"",4.15,12.69,12.65,12.76,8.89,7.92,7.79,0.70,"",56,10.4,-951,-3.2,-904,-3.0,-571,-1.9,378492959,13.5,-7895321,-3.9,910268,13.8,1205,16.7
"06081","5","541713","78","0","2025","1","",20,281,270,268,21577566,3128172,173086,6080,"",2.94,4.87,4.69,4.65,2.99,4.56,8.01,0.63,"",0,0.0,-64,-18.6,-72,-21.1,-63,-19.0,-3987065,-15.6,-1180850,-27.4,-7857,-4.3,285,4.9
"06081","5","541714","78","0","2025","1","",339,18898,18912,19102,2506129889,137149963,5075810,10162,"",5.52,24.74,24.72,24.96,15.65,14.79,11.77,0.63,"",30,9.7,53,0.3,77,0.4,397,2.1,454509611,22.2,-473790,-0.3,791157,18.5,1765,21.0
"06081","5","541715","78","0","2025","1","",236,9744,9745,9795,649347992,54599608,2276410,5117,"",3.15,6.68,6.66,6.70,3.41,3.73,4.43,0.51,"",26,12.4,-940,-8.8,-909,-8.5,-905,-8.5,-72029587,-10.0,-6240681,-10.3,126968,5.9,-79,-1.5
"06081","5","54172","77","0","2025","1","",13,436,432,429,11762893,3042818,69411,2093,"",0.79,2.50,2.46,2.43,0.94,2.73,1.71,0.38,"",1,8.3,-80,-15.5,-85,-16.4,-87,-16.9,-3547657,-23.2,-698942,-18.7,-3646,-5.0,-188,-8.2
"06081","5","541720","78","0","2025","1","",13,436,432,429,11762893,3042818,69411,2093,"",0.79,2.50,2.46,2.43,0.94,2.73,1.71,0.38,"",1,8.3,-80,-15.5,-85,-16.4,-87,-16.9,-3547657,-23.2,-698942,-18.7,-3646,-5.0,-188,-8.2
"06081","5","5418","76","0","2025","1","",87,812,820,809,43380604,5355372,209331,4101,"",0.41,0.64,0.64,0.64,0.43,0.46,0.39,0.67,"",4,4.8,4,0.5,24,3.0,11,1.4,2362229,5.8,2872,0.1,32055,18.1,160,4.1
"06081","5","54181","77","0","2025","1","",37,439,446,435,30019236,3164434,146169,5248,"",0.35,0.79,0.80,0.78,0.57,0.54,0.49,0.72,"",0,0.0,4,0.9,19,4.4,10,2.4,1572212,5.5,4492,0.1,26876,22.5,147,2.9
"06081","5","541810","78","0","2025","1","",37,439,446,435,30019236,3164434,146169,5248,"",0.35,0.79,0.80,0.78,0.57,0.54,0.49,0.72,"",0,0.0,4,0.9,19,4.4,10,2.4,1572212,5.5,4492,0.1,26876,22.5,147,2.9
"06081","5","54182","77","0","2025","1","",16,110,106,108,6287869,785973,26576,4479,"",0.39,0.66,0.63,0.64,0.36,0.49,0.36,0.56,"",2,14.3,-1,-0.9,0,0.0,2,1.9,622678,11.0,25234,3.3,1478,5.9,431,10.6
"06081","5","541820","78","0","2025","1","",16,110,106,108,6287869,785973,26576,4479,"",0.39,0.66,0.63,0.64,0.36,0.49,0.36,0.56,"",2,14.3,-1,-0.9,0,0.0,2,1.9,622678,11.0,25234,3.3,1478,5.9,431,10.6
"06081","5","54183","77","0","2025","1","N",1,0,0,0,0,0,0,0,"N",0.23,0,0,0,0,0,0,0,"N",0,0.0,0,0,0,0,0,0,0,0,0,0,0,0,0,0
"06081","5","541830","78","0","2025","1","N",1,0,0,0,0,0,0,0,"N",0.23,0,0,0,0,0,0,0,"N",0,0.0,0,0,0,0,0,0,0,0,0,0,0,0,0,0
"06081","5","54184","77","0","2025","1","",9,36,38,38,851029,230887,9728,1753,"",0.92,0.81,0.85,0.85,0.20,0.49,0.50,0.23,"",1,12.5,2,5.9,7,22.6,6,18.8,-587367,-40.8,33196,16.8,2403,32.8,-1669,-48.8
"06081","5","541840","78","0","2025","1","",9,36,38,38,851029,230887,9728,1753,"",0.92,0.81,0.85,0.85,0.20,0.49,0.50,0.23,"",1,12.5,2,5.9,7,22.6,6,18.8,-587367,-40.8,33196,16.8,2403,32.8,-1669,-48.8
"06081","5","54185","77","0","2025","1","N",4,0,0,0,0,0,0,0,"N",0.50,0,0,0,0,0,0,0,"N",0,0.0,0,0,0,0,0,0,0,0,0,0,0,0,0,0
"06081","5","541850","78","0","2025","1","N",4,0,0,0,0,0,0,0,"N",0.50,0,0,0,0,0,0,0,"N",0,0.0,0,0,0,0,0,0,0,0,0,0,0,0,0,0
"06081","5","54186","77","0","2025","1","",5,37,37,38,600936,242481,4650,1238,"",0.73,0.44,0.44,0.46,0.13,0.33,0.16,0.30,"",0,0.0,-3,-7.5,-3,-7.5,-1,-2.6,-22355,-3.6,-23461,-8.8,-396,-7.8,29,2.4
"06081","5","541860","78","0","2025","1","",5,37,37,38,600936,242481,4650,1238,"",0.73,0.44,0.44,0.46,0.13,0.33,0.16,0.30,"",0,0.0,-3,-7.5,-3,-7.5,-1,-2.6,-22355,-3.6,-23461,-8.8,-396,-7.8,29,2.4
"06081","5","54187","77","0","2025","1","",4,14,16,14,255666,89731,2112,1341,"",0.37,0.32,0.36,0.31,0.10,0.27,0.15,0.31,"N",1,33.3,0,0,0,0,0,0,0,0,0,0,0,0,0,0
"06081","5","541870","78","0","2025","1","",4,14,16,14,255666,89731,2112,1341,"",0.37,0.32,0.36,0.31,0.10,0.27,0.15,0.31,"N",1,33.3,0,0,0,0,0,0,0,0,0,0,0,0,0,0
"06081","5","54189","77","0","2025","1","",11,144,143,143,1436836,598630,11290,771,"",0.40,0.58,0.57,0.57,0.15,0.37,0.22,0.26,"",0,0.0,1,0.7,-2,-1.4,-6,-4.0,-137151,-8.7,-71149,-10.6,-892,-7.3,-60,-7.2
"06081","5","541890","78","0","2025","1","",11,144,143,143,1436836,598630,11290,771,"",0.40,0.58,0.57,0.57,0.15,0.37,0.22,0.26,"",0,0.0,1,0.7,-2,-1.4,-6,-4.0,-137151,-8.7,-71149,-10.6,-892,-7.3,-60,-7.2
"06081","5","5419","76","0","2025","1","",212,2168,2187,2202,76842255,15334316,557161,2704,"",0.55,0.94,0.94,0.95,0.59,0.82,0.90,0.63,"",7,3.4,-16,-0.7,-21,-1.0,-90,-3.9,-1559628,-2.0,18779,0.1,10175,1.9,-3,-0.1
"06081","5","54191","77","0","2025","1","",31,606,608,619,30050623,4372232,165520,3783,"",1.11,3.53,3.55,3.61,1.91,2.62,2.05,0.53,"",-2,-6.1,6,1.0,10,1.7,17,2.8,-4452397,-12.9,37229,0.9,31761,23.7,-640,-14.5
"06081","5","541910","78","0","2025","1","",31,606,608,619,30050623,4372232,165520,3783,"",1.11,3.53,3.55,3.61,1.91,2.62,2.05,0.53,"",-2,-6.1,6,1.0,10,1.7,17,2.8,-4452397,-12.9,37229,0.9,31761,23.7,-640,-14.5
"06081","5","54192","77","0","2025","1","",22,26,30,27,238326,121812,4138,663,"",0.48,0.23,0.26,0.22,0.07,0.18,0.13,0.30,"",2,10.0,-9,-25.7,0,0.0,-3,-10.0,-106945,-31.0,-43284,-26.2,-948,-18.6,-176,-21.0
"06081","5","541921","78","0","2025","1","",17,22,27,24,195104,103590,3375,617,"",0.52,0.27,0.31,0.26,0.09,0.22,0.15,0.33,"N",1,6.2,0,0,0,0,0,0,0,0,0,0,0,0,0,0
"06081","5","541922","78","0","2025","1","",5,4,3,3,43222,18222,763,997,"",0.38,0.14,0.10,0.10,0.04,0.09,0.09,0.31,"N",1,25.0,0,0,0,0,0,0,0,0,0,0,0,0,0,0
"06081","5","54193","77","0","2025","1","",13,50,65,69,1111711,405293,17421,1394,"",0.93,0.46,0.60,0.64,0.24,0.52,0.57,0.42,"",-1,-7.1,-122,-70.9,-143,-68.8,-198,-74.2,-1999075,-64.3,-894872,-68.8,-55260,-76.0,284,25.6
"06081","5","541930","78","0","2025","1","",13,50,65,69,1111711,405293,17421,1394,"",0.93,0.46,0.60,0.64,0.24,0.52,0.57,0.42,"",-1,-7.1,-122,-70.9,-143,-68.8,-198,-74.2,-1999075,-64.3,-894872,-68.8,-55260,-76.0,284,25.6
"06081","5","54194","77","0","2025","1","",76,991,981,1006,21458521,6845775,196547,1663,"",0.79,0.79,0.79,0.81,0.43,0.76,0.89,0.53,"",5,7.0,58,6.2,51,5.5,49,5.1,2249056,11.7,525863,8.3,18279,10.3,91,5.8
"06081","5","541940","78","0","2025","1","",76,991,981,1006,21458521,6845775,196547,1663,"",0.79,0.79,0.79,0.81,0.43,0.76,0.89,0.53,"",5,7.0,58,6.2,51,5.5,49,5.1,2249056,11.7,525863,8.3,18279,10.3,91,5.8
"06081","5","54199","77","0","2025","1","",70,495,503,481,23983074,3589204,173535,3742,"",0.35,0.73,0.74,0.70,0.43,0.54,0.67,0.59,"",3,4.5,51,11.5,61,13.8,45,10.3,2749733,13.0,393843,12.3,16343,10.4,35,0.9
"06081","5","541990","78","0","2025","1","",70,495,503,481,23983074,3589204,173535,3742,"",0.35,0.73,0.74,0.70,0.43,0.54,0.67,0.59,"",3,4.5,51,11.5,61,13.8,45,10.3,2749733,13.0,393843,12.3,16343,10.4,35,0.9
"06081","5","55","74","0","2025","1","",104,5254,5195,5252,445072224,117906420,3796307,6542,"",0.38,0.76,0.75,0.76,0.48,1.37,1.51,0.63,"",8,8.3,386,7.9,392,8.2,337,6.9,82714116,22.8,14868125,14.4,971459,34.4,809,14.1
"06081","5","551","75","0","2025","1","",104,5254,5195,5252,445072224,117906420,3796307,6542,"",0.38,0.76,0.75,0.76,0.48,1.37,1.51,0.63,"",8,8.3,386,7.9,392,8.2,337,6.9,82714116,22.8,14868125,14.4,971459,34.4,809,14.1
"06081","5","5511","76","0","2025","1","",104,5254,5195,5252,445072224,117906420,3796307,6542,"",0.38,0.76,0.75,0.76,0.48,1.37,1.51,0.63,"",8,8.3,386,7.9,392,8.2,337,6.9,82714116,22.8,14868125,14.4,971459,34.4,809,14.1
"06081","5","55111","77","0","2025","1","",104,5254,5195,5252,445072224,117906420,3796307,6542,"",0.38,0.76,0.75,0.76,0.48,1.37,1.51,0.63,"",8,8.3,386,7.9,392,8.2,337,6.9,82714116,22.8,14868125,14.4,971459,34.4,809,14.1
"06081","5","551111","78","0","2025","1","N",2,0,0,0,0,0,0,0,"N",0.76,0,0,0,0,0,0,0,"N",1,100.0,0,0,0,0,0,0,0,0,0,0,0,0,0,0
"06081","5","551112","78","0","2025","1","N",27,0,0,0,0,0,0,0,"N",0.64,0,0,0,0,0,0,0,"N",8,42.1,0,0,0,0,0,0,0,0,0,0,0,0,0,0
"06081","5","551114","78","0","2025","1","",75,5189,5105,5165,441624783,117336359,3779341,6592,"",0.33,0.78,0.77,0.78,0.49,1.40,1.56,0.64,"",-1,-1.3,380,7.9,360,7.6,307,6.3,82237178,22.9,14717487,14.3,967174,34.4,837,14.5
"06081","5","56","74","0","2025","1","",1270,20522,20864,21138,471292064,157623695,6420779,1739,"",0.69,0.89,0.89,0.90,0.48,0.93,0.93,0.54,"",34,2.8,-742,-3.5,-338,-1.6,-478,-2.2,3546767,0.8,-5657303,-3.5,38974,0.6,55,3.3
"06081","5","561","75","0","2025","1","",1217,19297,19609,19859,435682158,148670423,6163438,1711,"",0.70,0.89,0.89,0.90,0.48,0.95,0.96,0.54,"",28,2.4,-826,-4.1,-456,-2.3,-581,-2.8,954418,0.2,-6282618,-4.1,181,0.0,56,3.4
"06081","5","5611","76","0","2025","1","",126,1543,1553,1554,38149303,10874417,410418,1893,"",0.56,0.94,0.95,0.95,0.27,0.78,0.85,0.29,"",-6,-4.5,-129,-7.7,-125,-7.4,-98,-5.9,1672281,4.6,-1201217,-9.9,-6678,-1.6,210,12.5
"06081","5","56111","77","0","2025","1","",126,1543,1553,1554,38149303,10874417,410418,1893,"",0.56,0.94,0.95,0.95,0.27,0.78,0.85,0.29,"",-6,-4.5,-129,-7.7,-125,-7.4,-98,-5.9,1672281,4.6,-1201217,-9.9,-6678,-1.6,210,12.5
"06081","5","561110","78","0","2025","1","",126,1543,1553,1554,38149303,10874417,410418,1893,"",0.56,0.94,0.95,0.95,0.27,0.78,0.85,0.29,"",-6,-4.5,-129,-7.7,-125,-7.4,-98,-5.9,1672281,4.6,-1201217,-9.9,-6678,-1.6,210,12.5
"06081","5","5612","76","0","2025","1","",9,22,20,21,742270,252729,7946,2719,"",0.41,0.05,0.04,0.04,0.03,0.07,0.06,0.72,"",0,0.0,6,37.5,8,66.7,10,90.9,210872,39.7,131661,108.7,4096,106.4,-425,-13.5
"06081","5","56121","77","0","2025","1","",9,22,20,21,742270,252729,7946,2719,"",0.41,0.05,0.04,0.04,0.03,0.07,0.06,0.72,"",0,0.0,6,37.5,8,66.7,10,90.9,210872,39.7,131661,108.7,4096,106.4,-425,-13.5
"06081","5","561210","78","0","2025","1","",9,22,20,21,742270,252729,7946,2719,"",0.41,0.05,0.04,0.04,0.03,0.07,0.06,0.72,"",0,0.0,6,37.5,8,66.7,10,90.9,210872,39.7,131661,108.7,4096,106.4,-425,-13.5
"06081","5","5613","76","0","2025","1","",156,7087,7243,7371,231925011,62860373,3644306,2466,"",0.39,0.86,0.86,0.88,0.72,1.05,1.30,0.83,"",3,2.0,-372,-5.0,-186,-2.5,-312,-4.1,4339728,1.9,-1747699,-2.7,6427,0.2,139,6.0
"06081","5","56131","77","0","2025","1","",55,203,205,197,7593232,1613921,69999,2896,"",0.56,0.27,0.27,0.26,0.18,0.27,0.24,0.68,"",6,12.2,-2,-1.0,4,2.0,-3,-1.5,1365117,21.9,-159676,-9.0,4779,7.3,524,22.1
"06081","5","561311","78","0","2025","1","",33,160,164,158,5589339,1295805,58283,2676,"",0.45,0.25,0.25,0.24,0.19,0.26,0.24,0.78,"",4,13.8,62,63.3,71,76.3,65,69.9,3424977,158.2,500902,63.0,26635,84.2,917,52.1
"06081","5","561312","78","0","2025","1","",22,43,41,39,2003893,318116,11716,3760,"",0.93,0.44,0.42,0.40,0.16,0.32,0.23,0.39,"",2,10.0,-64,-59.8,-67,-62.0,-68,-63.6,-2059860,-50.7,-660578,-67.5,-21856,-65.1,848,29.1
"06081","5","56132","77","0","2025","1","",81,6698,6861,7001,218313657,60106366,3525401,2450,"",0.32,1.04,1.04,1.06,0.99,1.32,1.65,0.95,"",1,1.2,-442,-6.2,-256,-3.6,-374,-5.1,-411352,-0.2,-1920666,-3.1,-10936,-0.3,117,5.0
"06081","5","561320","78","0","2025","1","",81,6698,6861,7001,218313657,60106366,3525401,2450,"",0.32,1.04,1.04,1.06,0.99,1.32,1.65,0.95,"",1,1.2,-442,-6.2,-256,-3.6,-374,-5.1,-411352,-0.2,-1920666,-3.1,-10936,-0.3,117,5.0
"06081","5","56133","77","0","2025","1","",20,186,177,173,6018122,1140086,48906,2591,"",0.41,0.18,0.17,0.16,0.10,0.14,0.13,0.57,"",-4,-16.7,72,63.2,66,59.5,65,60.2,3385963,128.6,332643,41.2,12584,34.6,767,42.1
"06081","5","561330","78","0","2025","1","",20,186,177,173,6018122,1140086,48906,2591,"",0.41,0.18,0.17,0.16,0.10,0.14,0.13,0.57,"",-4,-16.7,72,63.2,66,59.5,65,60.2,3385963,128.6,332643,41.2,12584,34.6,767,42.1
"06081","5","5614","76","0","2025","1","",97,411,407,398,7148062,2694189,88119,1357,"",0.59,0.23,0.23,0.23,0.08,0.20,0.18,0.34,"",-2,-2.0,-80,-16.3,-84,-17.1,-76,-16.0,-857502,-10.7,-534071,-16.5,-16578,-15.8,88,6.9
"06081","5","56141","77","0","2025","1","N",5,0,0,0,0,0,0,0,"N",0.25,0,0,0,0,0,0,0,"N",0,0.0,0,0,0,0,0,0,0,0,0,0,0,0,0,0
"06081","5","561410","78","0","2025","1","N",5,0,0,0,0,0,0,0,"N",0.25,0,0,0,0,0,0,0,"N",0,0.0,0,0,0,0,0,0,0,0,0,0,0,0,0,0
"06081","5","56142","77","0","2025","1","",9,17,17,15,479551,72925,2144,2258,"",0.22,0.02,0.02,0.02,0.01,0.01,0.01,0.71,"",-1,-10.0,-26,-60.5,-25,-59.5,-32,-68.1,-231053,-32.5,-225388,-75.6,-10419,-82.9,1016,81.8
"06081","5","561421","78","0","2025","1","N",1,0,0,0,0,0,0,0,"N",0.11,0,0,0,0,0,0,0,"N",-1,-50.0,0,0,0,0,0,0,0,0,0,0,0,0,0,0
"06081","5","561422","78","0","2025","1","N",8,0,0,0,0,0,0,0,"N",0.25,0,0,0,0,0,0,0,"N",0,0.0,0,0,0,0,0,0,0,0,0,0,0,0,0,0
"06081","5","56143","77","0","2025","1","",50,243,239,237,3003787,1675940,54368,964,"",1.62,1.22,1.20,1.20,0.46,1.30,1.25,0.38,"",0,0.0,-50,-17.1,-53,-18.2,-39,-14.1,-670773,-18.3,-237760,-12.4,-8921,-14.1,-21,-2.1
"06081","5","561431","78","0","2025","1","",24,125,120,121,1053278,709583,17823,664,"",1.55,1.33,1.28,1.30,0.49,1.41,1.12,0.38,"",1,4.3,5,4.2,0,0.0,-3,-2.4,76869,7.9,38319,5.7,2050,13.0,45,7.3
"06081","5","561439","78","0","2025","1","",26,118,119,116,1950509,966357,36545,1275,"",1.69,1.12,1.13,1.10,0.45,1.23,1.32,0.40,"",-1,-3.7,-55,-31.8,-53,-30.8,-36,-23.7,-747642,-27.7,-276079,-22.2,-10971,-23.1,22,1.8
"06081","5","56144","77","0","2025","1","N",3,0,0,0,0,0,0,0,"N",0.18,0,0,0,0,0,0,0,"N",-1,-25.0,0,0,0,0,0,0,0,0,0,0,0,0,0,0
"06081","5","561440","78","0","2025","1","N",3,0,0,0,0,0,0,0,"N",0.18,0,0,0,0,0,0,0,"N",-1,-25.0,0,0,0,0,0,0,0,0,0,0,0,0,0,0
"06081","5","56145","77","0","2025","1","N",2,0,0,0,0,0,0,0,"N",0.58,0,0,0,0,0,0,0,"N",-1,-33.3,0,0,0,0,0,0,0,0,0,0,0,0,0,0
"06081","5","561450","78","0","2025","1","N",2,0,0,0,0,0,0,0,"N",0.58,0,0,0,0,0,0,0,"N",-1,-33.3,0,0,0,0,0,0,0,0,0,0,0,0,0,0
"06081","5","56149","77","0","2025","1","",28,118,117,113,3139225,724644,23778,2082,"",0.54,0.40,0.39,0.38,0.14,0.30,0.24,0.35,"",1,3.7,6,5.4,-2,-1.7,2,1.8,126166,4.2,-6403,-0.9,4679,24.5,49,2.4
"06081","5","561491","78","0","2025","1","N",1,0,0,0,0,0,0,0,"N",0.44,0,0,0,0,0,0,0,"N",0,0.0,0,0,0,0,0,0,0,0,0,0,0,0,0,0
"06081","5","561492","78","0","2025","1","N",11,0,0,0,0,0,0,0,"N",1.28,0,0,0,0,0,0,0,"N",0,0.0,0,0,0,0,0,0,0,0,0,0,0,0,0,0
"06081","5","561499","78","0","2025","1","",16,106,105,101,2929310,637302,21637,2167,"",0.39,0.44,0.43,0.41,0.14,0.31,0.25,0.34,"",1,6.7,8,8.2,0,0.0,2,2.0,93116,3.3,-5167,-0.8,4710,27.8,0,0.0
"06081","5","5615","76","0","2025","1","",60,230,233,233,4930807,1643096,61330,1635,"",0.97,0.47,0.48,0.47,0.13,0.36,0.40,0.27,"",7,13.2,-51,-18.1,-57,-19.7,-48,-17.1,-1207183,-19.7,-292867,-15.1,-13217,-17.7,-28,-1.7
"06081","5","56151","77","0","2025","1","",46,162,170,167,3658696,1157981,38990,1692,"",1.26,0.81,0.84,0.83,0.23,0.55,0.51,0.28,"",5,12.2,-38,-19.0,-34,-16.7,-33,-16.5,-939259,-20.4,-231956,-16.7,-10455,-21.1,-65,-3.7
"06081","5","561510","78","0","2025","1","",46,162,170,167,3658696,1157981,38990,1692,"",1.26,0.81,0.84,0.83,0.23,0.55,0.51,0.28,"",5,12.2,-38,-19.0,-34,-16.7,-33,-16.5,-939259,-20.4,-231956,-16.7,-10455,-21.1,-65,-3.7
"06081","5","56152","77","0","2025","1","",5,20,18,20,232298,120112,6697,924,"",0.53,0.34,0.30,0.32,0.08,0.23,0.32,0.24,"N",2,66.7,0,0,0,0,0,0,0,0,0,0,0,0,0,0
"06081","5","561520","78","0","2025","1","",5,20,18,20,232298,120112,6697,924,"",0.53,0.34,0.30,0.32,0.08,0.23,0.32,0.24,"N",2,66.7,0,0,0,0,0,0,0,0,0,0,0,0,0,0
"06081","5","56159","77","0","2025","1","",9,48,45,46,1039813,365003,15643,1726,"",0.57,0.21,0.20,0.20,0.05,0.19,0.28,0.26,"N",0,0.0,0,0,0,0,0,0,0,0,0,0,0,0,0,0
"06081","5","561591","78","0","2025","1","N",1,0,0,0,0,0,0,0,"N",0.37,0,0,0,0,0,0,0,"N",0,0.0,0,0,0,0,0,0,0,0,0,0,0,0,0,0
"06081","5","561599","78","0","2025","1","N",8,0,0,0,0,0,0,0,"N",0.61,0,0,0,0,0,0,0,"N",0,0.0,0,0,0,0,0,0,0,0,0,0,0,0,0,0
"06081","5","5616","76","0","2025","1","",71,2517,2577,2462,46843899,18071828,639128,1431,"",0.67,0.90,0.93,0.90,0.51,0.97,0.88,0.56,"",5,7.6,13,0.5,27,1.1,-86,-3.4,2433686,5.5,259162,1.5,64170,11.2,83,6.2
"06081","5","56161","77","0","2025","1","",39,2265,2323,2207,40915769,16297320,580021,1390,"",0.60,0.96,0.98,0.95,0.60,1.08,0.96,0.63,"",2,5.4,21,0.9,28,1.2,-79,-3.5,2673677,7.0,301025,1.9,57305,11.0,97,7.5
"06081","5","561611","78","0","2025","1","N",7,0,0,0,0,0,0,0,"N",0.45,0,0,0,0,0,0,0,"N",-1,-12.5,0,0,0,0,0,0,0,0,0,0,0,0,0,0
"06081","5","561612","78","0","2025","1","N",32,0,0,0,0,0,0,0,"N",0.68,0,0,0,0,0,0,0,"N",3,10.3,0,0,0,0,0,0,0,0,0,0,0,0,0,0
"06081","5","56162","77","0","2025","1","",32,252,254,255,5928130,1774508,59107,1798,"",0.77,0.61,0.61,0.61,0.25,0.49,0.50,0.41,"",3,10.3,-8,-3.1,-1,-0.4,-7,-2.7,-239991,-3.9,-41863,-2.3,6865,13.1,-34,-1.9
"06081","5","561621","78","0","2025","1","",21,167,173,173,4333090,1183540,44756,1949,"",0.70,0.45,0.47,0.47,0.20,0.36,0.41,0.43,"",1,5.0,-22,-11.6,-12,-6.5,-18,-9.4,-464640,-9.7,-133663,-10.1,2942,7.0,-11,-0.6
"06081","5","561622","78","0","2025","1","",11,85,81,82,1595040,590968,14351,1484,"",0.96,1.87,1.78,1.80,0.89,1.69,1.49,0.49,"",2,22.2,14,19.7,11,15.7,11,15.5,224649,16.4,91800,18.4,3923,37.6,-8,-0.5
"06081","5","5617","76","0","2025","1","",642,7027,7106,7117,93416066,48387322,1184437,1014,"",0.96,1.27,1.26,1.24,0.58,1.36,0.90,0.46,"",19,3.0,-185,-2.6,-13,-0.2,7,0.1,-2730713,-2.8,-1530842,-3.1,-1880,-0.2,-21,-2.0
"06081","5","56171","77","0","2025","1","",33,224,230,228,4138165,1638855,54419,1400,"",0.70,0.57,0.59,0.57,0.26,0.56,0.63,0.46,"",1,3.1,-39,-14.8,-32,-12.2,-26,-10.2,-823356,-16.6,-299481,-15.5,-2882,-5.0,-70,-4.8
"06081","5","561710","78","0","2025","1","",33,224,230,228,4138165,1638855,54419,1400,"",0.70,0.57,0.59,0.57,0.26,0.56,0.63,0.46,"",1,3.1,-39,-14.8,-32,-12.2,-26,-10.2,-823356,-16.6,-299481,-15.5,-2882,-5.0,-70,-4.8
"06081","5","56172","77","0","2025","1","",254,3318,3348,3348,36689158,21999100,506571,845,"",1.14,1.18,1.18,1.19,0.57,1.41,1.02,0.48,"",8,3.3,-80,-2.4,15,0.5,-11,-0.3,702594,2.0,-713752,-3.1,24251,5.0,22,2.7
"06081","5","561720","78","0","2025","1","",254,3318,3348,3348,36689158,21999100,506571,845,"",1.14,1.18,1.18,1.19,0.57,1.41,1.02,0.48,"",8,3.3,-80,-2.4,15,0.5,-11,-0.3,702594,2.0,-713752,-3.1,24251,5.0,22,2.7
"06081","5","56173","77","0","2025","1","",297,2769,2822,2849,41731596,19855927,478918,1141,"",0.91,1.40,1.38,1.32,0.62,1.37,0.75,0.45,"",10,3.5,-52,-1.8,33,1.2,77,2.8,-2200058,-5.0,-225524,-1.1,-20743,-4.2,-69,-5.7
"06081","5","561730","78","0","2025","1","",297,2769,2822,2849,41731596,19855927,478918,1141,"",0.91,1.40,1.38,1.32,0.62,1.37,0.75,0.45,"",10,3.5,-52,-1.8,33,1.2,77,2.8,-2200058,-5.0,-225524,-1.1,-20743,-4.2,-69,-5.7
"06081","5","56174","77","0","2025","1","",21,331,333,329,4603800,2310446,67843,1070,"",1.16,3.69,3.72,3.69,1.71,3.82,3.55,0.46,"",-3,-12.5,-31,-8.6,-25,-7.0,-21,-6.0,-503903,-9.9,-355902,-13.3,-5460,-7.4,-32,-2.9
"06081","5","561740","78","0","2025","1","",21,331,333,329,4603800,2310446,67843,1070,"",1.16,3.69,3.72,3.69,1.71,3.82,3.55,0.46,"",-3,-12.5,-31,-8.6,-25,-7.0,-21,-6.0,-503903,-9.9,-355902,-13.3,-5460,-7.4,-32,-2.9
"06081","5","56179","77","0","2025","1","",37,385,373,363,6253347,2582994,76686,1287,"",0.65,1.39,1.32,1.29,0.65,1.32,0.95,0.49,"",3,8.8,17,4.6,-4,-1.1,-12,-3.2,94010,1.5,63817,2.5,2954,4.0,18,1.4
"06081","5","561790","78","0","2025","1","",37,385,373,363,6253347,2582994,76686,1287,"",0.65,1.39,1.32,1.29,0.65,1.32,0.95,0.49,"",3,8.8,17,4.6,-4,-1.1,-12,-3.2,94010,1.5,63817,2.5,2954,4.0,18,1.4
"06081","5","5619","76","0","2025","1","",56,460,470,703,12526740,3886469,127754,1770,"",0.64,0.55,0.55,0.82,0.34,0.59,0.43,0.53,"",2,3.7,-28,-5.7,-26,-5.2,22,3.2,-2906751,-18.8,-1366745,-26.0,-36159,-22.1,-369,-17.3
"06081","5","56191","77","0","2025","1","",8,52,50,51,592385,332541,6917,893,"",0.99,0.32,0.31,0.31,0.09,0.26,0.14,0.28,"",0,0.0,3,6.1,-2,-3.8,-1,-1.9,-81384,-12.1,-4239,-1.3,-40,-0.6,-123,-12.1
"06081","5","561910","78","0","2025","1","",8,52,50,51,592385,332541,6917,893,"",0.99,0.32,0.31,0.31,0.09,0.26,0.14,0.28,"",0,0.0,3,6.1,-2,-3.8,-1,-1.9,-81384,-12.1,-4239,-1.3,-40,-0.6,-123,-12.1
"06081","5","56192","77","0","2025","1","",20,139,143,388,4685139,2022168,58691,1614,"",0.92,0.95,0.95,2.47,0.57,1.47,0.70,0.38,"",-1,-4.8,-21,-13.1,-15,-9.5,36,10.2,-885168,-15.9,-798808,-28.3,-26158,-30.8,-305,-15.9
"06081","5","561920","78","0","2025","1","",20,139,143,388,4685139,2022168,58691,1614,"",0.92,0.95,0.95,2.47,0.57,1.47,0.70,0.38,"",-1,-4.8,-21,-13.1,-15,-9.5,36,10.2,-885168,-15.9,-798808,-28.3,-26158,-30.8,-305,-15.9
"06081","5","56199","77","0","2025","1","",28,269,277,264,7249216,1531760,62146,2065,"",0.49,0.51,0.52,0.49,0.33,0.39,0.38,0.66,"",3,12.0,-10,-3.6,-9,-3.1,-13,-4.7,-1940199,-21.1,-563698,-26.9,-9961,-13.8,-454,-18.0
"06081","5","561990","78","0","2025","1","",28,269,277,264,7249216,1531760,62146,2065,"",0.49,0.51,0.52,0.49,0.33,0.39,0.38,0.66,"",3,12.0,-10,-3.6,-9,-3.1,-13,-4.7,-1940199,-21.1,-563698,-26.9,-9961,-13.8,-454,-18.0
"06081","5","562","75","0","2025","1","",53,1225,1255,1279,35609906,8953272,257341,2186,"",0.53,0.91,0.93,0.94,0.47,0.71,0.56,0.51,"",6,12.8,84,7.4,118,10.4,103,8.8,2592349,7.9,625315,7.5,38793,17.8,-20,-0.9
"06081","5","5621","76","0","2025","1","",27,761,768,764,21802383,5378966,114161,2194,"",0.70,1.31,1.32,1.32,0.73,1.06,0.69,0.56,"",6,28.6,35,4.8,48,6.7,16,2.1,1466464,7.2,86713,1.6,5936,5.5,55,2.6
"06081","5","56211","77","0","2025","1","",27,761,768,764,21802383,5378966,114161,2194,"",0.70,1.31,1.32,1.32,0.73,1.06,0.69,0.56,"",6,28.6,35,4.8,48,6.7,16,2.1,1466464,7.2,86713,1.6,5936,5.5,55,2.6
"06081","5","562111","78","0","2025","1","",21,706,706,711,21046420,5032487,104202,2288,"",0.71,1.42,1.42,1.42,0.82,1.14,0.75,0.58,"",3,16.7,13,1.9,28,4.1,14,2.0,1318449,6.7,26373,0.5,4792,4.8,87,4.0
"06081","5","562112","78","0","2025","1","N",1,0,0,0,0,0,0,0,"N",0.49,0,0,0,0,0,0,0,"N",0,0.0,0,0,0,0,0,0,0,0,0,0,0,0,0,0
"06081","5","562119","78","0","2025","1","N",5,0,0,0,0,0,0,0,"N",0.75,0,0,0,0,0,0,0,"N",3,150.0,0,0,0,0,0,0,0,0,0,0,0,0,0,0
"06081","5","5622","76","0","2025","1","",9,99,98,95,2836545,696891,18061,2242,"",0.71,0.34,0.34,0.33,0.14,0.23,0.20,0.41,"",-1,-10.0,-17,-14.7,-17,-14.8,-20,-17.4,-323185,-10.2,-145268,-17.2,-3630,-16.7,135,6.4
"06081","5","56221","77","0","2025","1","",9,99,98,95,2836545,696891,18061,2242,"",0.71,0.34,0.34,0.33,0.14,0.23,0.20,0.41,"",-1,-10.0,-17,-14.7,-17,-14.8,-20,-17.4,-323185,-10.2,-145268,-17.2,-3630,-16.7,135,6.4
"06081","5","562211","78","0","2025","1","",5,14,15,16,347297,103857,5973,1781,"",1.28,0.12,0.13,0.14,0.04,0.08,0.18,0.32,"",0,0.0,-15,-51.7,-15,-50.0,-15,-48.4,-439128,-55.8,-121519,-53.9,-2387,-28.6,-235,-11.7
"06081","5","562212","78","0","2025","1","N",2,0,0,0,0,0,0,0,"N",0.44,0,0,0,0,0,0,0,"N",-1,-33.3,0,0,0,0,0,0,0,0,0,0,0,0,0,0
"06081","5","562213","78","0","2025","1","N",1,0,0,0,0,0,0,0,"N",2.08,0,0,0,0,0,0,0,"N",0,0.0,0,0,0,0,0,0,0,0,0,0,0,0,0,0
"06081","5","562219","78","0","2025","1","N",1,0,0,0,0,0,0,0,"N",0.27,0,0,0,0,0,0,0,"N",0,0.0,0,0,0,0,0,0,0,0,0,0,0,0,0,0
"06081","5","5629","76","0","2025","1","",17,365,389,420,10970978,2877415,125119,2157,"",0.34,0.76,0.80,0.86,0.43,0.64,0.60,0.53,"",1,6.2,66,22.1,87,28.8,107,34.2,1449070,15.2,683870,31.2,36487,41.2,-247,-10.3
"06081","5","56291","77","0","2025","1","N",8,0,0,0,0,0,0,0,"N",0.33,0,0,0,0,0,0,0,"N",1,14.3,0,0,0,0,0,0,0,0,0,0,0,0,0,0
"06081","5","562910","78","0","2025","1","N",8,0,0,0,0,0,0,0,"N",0.33,0,0,0,0,0,0,0,"N",1,14.3,0,0,0,0,0,0,0,0,0,0,0,0,0,0
"06081","5","56292","77","0","2025","1","N",2,0,0,0,0,0,0,0,"N",0.41,0,0,0,0,0,0,0,"N",0,0.0,0,0,0,0,0,0,0,0,0,0,0,0,0,0
"06081","5","562920","78","0","2025","1","N",2,0,0,0,0,0,0,0,"N",0.41,0,0,0,0,0,0,0,"N",0,0.0,0,0,0,0,0,0,0,0,0,0,0,0,0,0
"06081","5","56299","77","0","2025","1","",7,191,190,184,5959941,1438577,70271,2434,"",0.35,1.25,1.24,1.19,0.84,1.10,1.35,0.68,"",0,0.0,36,23.2,35,22.6,23,14.3,965239,19.3,249174,20.9,22087,45.8,-13,-0.5
"06081","5","562991","78","0","2025","1","N",1,0,0,0,0,0,0,0,"N",0.08,0,0,0,0,0,0,0,"N",0,0.0,0,0,0,0,0,0,0,0,0,0,0,0,0,0
"06081","5","562998","78","0","2025","1","N",6,0,0,0,0,0,0,0,"N",0.80,0,0,0,0,0,0,0,"N",0,0.0,0,0,0,0,0,0,0,0,0,0,0,0,0,0
"06081","5","61","74","0","2025","1","",557,10942,11291,11319,226747079,35099382,960403,1560,"",1.23,1.28,1.27,1.28,0.60,1.30,1.07,0.47,"",38,7.3,-675,-5.8,-683,-5.7,-654,-5.5,-9066760,-3.8,1099570,3.2,76303,8.6,30,2.0
"06081","5","611","75","0","2025","1","",557,10942,11291,11319,226747079,35099382,960403,1560,"",1.23,1.28,1.27,1.28,0.60,1.30,1.07,0.47,"",38,7.3,-675,-5.8,-683,-5.7,-654,-5.5,-9066760,-3.8,1099570,3.2,76303,8.6,30,2.0
"06081","5","6111","76","0","2025","1","",85,3862,3957,3939,82340341,10814110,261230,1616,"",1.45,1.46,1.47,1.48,0.86,1.10,0.94,0.58,"",0,0.0,-591,-13.3,-564,-12.5,-565,-12.5,-7962757,-8.8,1060828,10.9,36326,16.2,70,4.5
"06081","5","61111","77","0","2025","1","",85,3862,3957,3939,82340341,10814110,261230,1616,"",1.45,1.46,1.47,1.48,0.86,1.10,0.94,0.58,"",0,0.0,-591,-13.3,-564,-12.5,-565,-12.5,-7962757,-8.8,1060828,10.9,36326,16.2,70,4.5
"06081","5","611110","78","0","2025","1","",85,3862,3957,3939,82340341,10814110,261230,1616,"",1.45,1.46,1.47,1.48,0.86,1.10,0.94,0.58,"",0,0.0,-591,-13.3,-564,-12.5,-565,-12.5,-7962757,-8.8,1060828,10.9,36326,16.2,70,4.5
"06081","5","6113","76","0","2025","1","",16,2783,2930,2957,87136952,4061828,116858,2319,"",0.42,0.84,0.82,0.83,0.43,1.17,1.29,0.52,"",1,6.7,-186,-6.3,-196,-6.3,-185,-5.9,-5257224,-5.7,436056,12.0,13551,13.1,11,0.5
"06081","5","61131","77","0","2025","1","",16,2783,2930,2957,87136952,4061828,116858,2319,"",0.42,0.84,0.82,0.83,0.43,1.17,1.29,0.52,"",1,6.7,-186,-6.3,-196,-6.3,-185,-5.9,-5257224,-5.7,436056,12.0,13551,13.1,11,0.5
"06081","5","611310","78","0","2025","1","",16,2783,2930,2957,87136952,4061828,116858,2319,"",0.42,0.84,0.82,0.83,0.43,1.17,1.29,0.52,"",1,6.7,-186,-6.3,-196,-6.3,-185,-5.9,-5257224,-5.7,436056,12.0,13551,13.1,11,0.5
"06081","5","6114","76","0","2025","1","",46,170,175,161,3931758,1051573,27835,1793,"",0.84,0.82,0.84,0.78,0.28,0.57,0.37,0.34,"",2,4.5,-27,-13.7,-31,-15.0,-21,-11.5,-355793,-8.3,-306681,-22.6,-9382,-25.2,102,6.0
"06081","5","61142","77","0","2025","1","",9,77,78,65,1712313,447742,9869,1796,"",0.79,1.64,1.66,1.41,0.52,1.07,0.51,0.33,"",-2,-18.2,-32,-29.4,-35,-31.0,-31,-32.3,-725800,-29.8,-184404,-29.2,-7344,-42.7,27,1.5
"06081","5","611420","78","0","2025","1","",9,77,78,65,1712313,447742,9869,1796,"",0.79,1.64,1.66,1.41,0.52,1.07,0.51,0.33,"",-2,-18.2,-32,-29.4,-35,-31.0,-31,-32.3,-725800,-29.8,-184404,-29.2,-7344,-42.7,27,1.5
"06081","5","61143","77","0","2025","1","",37,93,97,96,2219445,603831,17966,1791,"",0.88,0.62,0.64,0.64,0.21,0.44,0.33,0.34,"N",5,15.6,0,0,0,0,0,0,0,0,0,0,0,0,0,0
"06081","5","611430","78","0","2025","1","",37,93,97,96,2219445,603831,17966,1791,"",0.88,0.62,0.64,0.64,0.21,0.44,0.33,0.34,"N",5,15.6,0,0,0,0,0,0,0,0,0,0,0,0,0,0
"06081","5","6115","76","0","2025","1","",20,187,179,192,2622105,1291187,31954,1084,"",0.61,0.55,0.51,0.55,0.17,0.52,0.35,0.32,"",1,5.3,21,12.7,20,12.6,27,16.4,708405,37.0,272820,26.8,6953,27.8,183,20.3
"06081","5","61151","77","0","2025","1","",20,187,179,192,2622105,1291187,31954,1084,"",0.61,0.55,0.51,0.55,0.17,0.52,0.35,0.32,"",1,5.3,21,12.7,20,12.6,27,16.4,708405,37.0,272820,26.8,6953,27.8,183,20.3
"06081","5","611511","78","0","2025","1","N",2,0,0,0,0,0,0,0,"N",0.37,0,0,0,0,0,0,0,"N",0,0.0,0,0,0,0,0,0,0,0,0,0,0,0,0,0
"06081","5","611512","78","0","2025","1","",7,53,54,61,586135,328073,10629,805,"",1.44,0.71,0.72,0.81,0.14,0.52,0.75,0.18,"",0,0.0,-2,-3.6,-3,-5.3,8,15.1,-28925,-4.7,25618,8.5,1454,15.8,-55,-6.4
"06081","5","611513","78","0","2025","1","",3,60,61,62,1082706,391053,7092,1365,"",0.66,1.29,1.26,1.31,0.54,1.15,0.50,0.42,"N",0,0.0,0,0,0,0,0,0,0,0,0,0,0,0,0,0
"06081","5","611519","78","0","2025","1","N",8,0,0,0,0,0,0,0,"N",0.45,0,0,0,0,0,0,0,"N",1,14.3,0,0,0,0,0,0,0,0,0,0,0,0,0,0
"06081","5","6116","76","0","2025","1","",305,3287,3399,3443,25386393,14013621,357649,578,"",1.71,2.34,2.35,2.38,0.97,2.62,1.93,0.41,"",18,6.3,165,5.3,188,5.9,206,6.4,574069,2.3,455174,3.4,24272,7.3,-20,-3.3
"06081","5","61161","77","0","2025","1","",69,603,613,616,4260311,2545243,65997,537,"",1.59,1.76,1.72,1.75,0.81,2.26,1.67,0.46,"",3,4.5,75,14.2,57,10.3,45,7.9,138559,3.4,111251,4.6,5584,9.2,-38,-6.6
"06081","5","611610","78","0","2025","1","",69,603,613,616,4260311,2545243,65997,537,"",1.59,1.76,1.72,1.75,0.81,2.26,1.67,0.46,"",3,4.5,75,14.2,57,10.3,45,7.9,138559,3.4,111251,4.6,5584,9.2,-38,-6.6
"06081","5","61162","77","0","2025","1","",98,1199,1198,1192,8431881,4952045,131456,542,"",1.68,2.46,2.42,2.39,1.09,2.87,2.56,0.45,"",4,4.3,114,10.5,109,10.0,102,9.4,663546,8.5,355113,7.7,15703,13.6,-7,-1.3
"06081","5","611620","78","0","2025","1","",98,1199,1198,1192,8431881,4952045,131456,542,"",1.68,2.46,2.42,2.39,1.09,2.87,2.56,0.45,"",4,4.3,114,10.5,109,10.0,102,9.4,663546,8.5,355113,7.7,15703,13.6,-7,-1.3
"06081","5","61163","77","0","2025","1","",20,134,153,154,1470586,815722,22294,770,"",3.65,2.87,3.15,3.26,1.51,4.06,3.28,0.49,"",0,0.0,-13,-8.8,4,2.7,3,2.0,-206266,-12.3,-41849,-4.9,1596,7.7,-96,-11.1
"06081","5","611630","78","0","2025","1","",20,134,153,154,1470586,815722,22294,770,"",3.65,2.87,3.15,3.26,1.51,4.06,3.28,0.49,"",0,0.0,-13,-8.8,4,2.7,3,2.0,-206266,-12.3,-41849,-4.9,1596,7.7,-96,-11.1
"06081","5","61169","77","0","2025","1","",118,1351,1435,1481,11223615,5700611,137902,607,"",1.67,2.56,2.63,2.70,0.93,2.48,1.57,0.35,"",11,10.3,-11,-0.8,18,1.3,56,3.9,-21770,-0.2,30659,0.5,1389,1.0,-10,-1.6
"06081","5","611691","78","0","2025","1","",81,904,952,974,7950878,4070247,91840,648,"",2.65,3.33,3.38,3.47,1.40,3.91,2.15,0.41,"",7,9.5,-7,-0.8,6,0.6,33,3.5,790100,11.0,160132,4.1,3789,4.3,57,9.6
"06081","5","611692","78","0","2025","1","",5,13,14,16,105865,81148,1634,568,"",0.67,0.31,0.33,0.37,0.13,0.41,0.27,0.37,"",1,25.0,1,8.3,1,7.7,3,23.1,23906,29.2,4666,6.1,-112,-6.4,70,14.1
"06081","5","611699","78","0","2025","1","",32,434,469,491,3166872,1549216,44428,524,"",0.98,2.02,2.11,2.20,0.57,1.46,1.14,0.27,"",3,10.3,-5,-1.1,11,2.4,20,4.2,-835776,-20.9,-134139,-8.0,-2288,-4.9,-151,-22.4
"06081","5","6117","76","0","2025","1","",85,653,651,627,25329530,3867063,164877,3027,"",0.96,1.16,1.13,1.09,0.97,1.01,1.02,0.86,"",16,23.2,-57,-8.0,-100,-13.3,-116,-15.6,3226540,14.6,-818627,-17.5,4583,2.9,713,30.8
"06081","5","61171","77","0","2025","1","",85,653,651,627,25329530,3867063,164877,3027,"",0.96,1.16,1.13,1.09,0.97,1.01,1.02,0.86,"",16,23.2,-57,-8.0,-100,-13.3,-116,-15.6,3226540,14.6,-818627,-17.5,4583,2.9,713,30.8
"06081","5","611710","78","0","2025","1","",85,653,651,627,25329530,3867063,164877,3027,"",0.96,1.16,1.13,1.09,0.97,1.01,1.02,0.86,"",16,23.2,-57,-8.0,-100,-13.3,-116,-15.6,3226540,14.6,-818627,-17.5,4583,2.9,713,30.8
"06081","5","62","74","0","2025","1","",9855,48256,48638,48704,1179078191,255931943,7445940,1869,"",1.77,0.80,0.80,0.81,0.43,0.93,0.89,0.54,"",991,11.2,2022,4.4,2209,4.8,1901,4.1,75836477,6.9,8874912,3.6,755225,11.3,44,2.4
"06081","5","621","75","0","2025","1","",1800,21444,21692,21764,771481540,125008641,3621358,2743,"",0.89,0.90,0.91,0.91,0.61,0.83,0.83,0.68,"",92,5.4,992,4.9,1178,5.7,1143,5.5,60269401,8.5,-2513594,-2.0,185500,5.4,78,2.9
"06081","5","6211","76","0","2025","1","",549,4069,4077,4054,154335103,22546298,620788,2919,"",0.85,0.52,0.51,0.51,0.26,0.44,0.46,0.50,"",28,5.4,245,6.4,225,5.8,191,4.9,13879539,9.9,406187,1.8,66492,12.0,110,3.9
"06081","5","62111","77","0","2025","1","",549,4069,4077,4054,154335103,22546298,620788,2919,"",0.85,0.52,0.51,0.51,0.26,0.44,0.46,0.50,"",28,5.4,245,6.4,225,5.8,191,4.9,13879539,9.9,406187,1.8,66492,12.0,110,3.9
"06081","5","621111","78","0","2025","1","",510,3982,3989,3966,151969633,21962660,604451,2938,"",0.84,0.52,0.52,0.52,0.26,0.44,0.47,0.50,"",24,4.9,284,7.7,260,7.0,214,5.7,14710741,10.7,676931,3.2,75059,14.2,105,3.7
"06081","5","621112","78","0","2025","1","",39,87,88,88,2365470,583638,16337,2076,"",0.89,0.39,0.39,0.39,0.20,0.36,0.29,0.50,"",4,11.4,-39,-31.0,-35,-28.5,-23,-20.7,-831202,-26.0,-270744,-31.7,-8567,-34.4,27,1.3
"06081","5","6212","76","0","2025","1","",497,2899,2979,2985,49046188,19498928,477863,1277,"",1.36,1.05,1.07,1.08,0.41,0.93,0.87,0.38,"",7,1.4,-57,-1.9,36,1.2,34,1.2,212522,0.4,-209403,-1.1,28048,6.2,4,0.3
"06081","5","62121","77","0","2025","1","",497,2899,2979,2985,49046188,19498928,477863,1277,"",1.36,1.05,1.07,1.08,0.41,0.93,0.87,0.38,"",7,1.4,-57,-1.9,36,1.2,34,1.2,212522,0.4,-209403,-1.1,28048,6.2,4,0.3
"06081","5","621210","78","0","2025","1","",497,2899,2979,2985,49046188,19498928,477863,1277,"",1.36,1.05,1.07,1.08,0.41,0.93,0.87,0.38,"",7,1.4,-57,-1.9,36,1.2,34,1.2,212522,0.4,-209403,-1.1,28048,6.2,4,0.3
"06081","5","6213","76","0","2025","1","",456,1864,1889,1882,26029074,11007669,324140,1066,"",0.80,0.55,0.55,0.55,0.21,0.48,0.48,0.39,"",46,11.2,84,4.7,105,5.9,111,6.3,1078447,4.3,324087,3.0,38746,13.6,-13,-1.2
"06081","5","62131","77","0","2025","1","",77,212,222,213,2284892,1189025,28582,815,"",0.74,0.55,0.57,0.55,0.21,0.49,0.49,0.37,"",2,2.7,-15,-6.6,8,3.7,-13,-5.8,-179652,-7.3,-106934,-8.3,841,3.0,-38,-4.5
"06081","5","621310","78","0","2025","1","",77,212,222,213,2284892,1189025,28582,815,"",0.74,0.55,0.57,0.55,0.21,0.49,0.49,0.37,"",2,2.7,-15,-6.6,8,3.7,-13,-5.8,-179652,-7.3,-106934,-8.3,841,3.0,-38,-4.5
"06081","5","62132","77","0","2025","1","",54,327,328,327,4408558,2078732,54860,1036,"",0.95,0.80,0.80,0.80,0.29,0.70,0.78,0.36,"",4,8.0,-5,-1.5,-3,-0.9,0,0.0,-76425,-1.7,-58684,-2.7,4184,8.3,-9,-0.9
"06081","5","621320","78","0","2025","1","",54,327,328,327,4408558,2078732,54860,1036,"",0.95,0.80,0.80,0.80,0.29,0.70,0.78,0.36,"",4,8.0,-5,-1.5,-3,-0.9,0,0.0,-76425,-1.7,-58684,-2.7,4184,8.3,-9,-0.9
"06081","5","62133","77","0","2025","1","",129,398,402,400,5745473,2183064,71372,1105,"",0.93,0.54,0.54,0.53,0.23,0.44,0.39,0.43,"",24,22.9,86,27.6,88,28.0,98,32.5,801493,16.2,372033,20.5,19027,36.3,-124,-10.1
"06081","5","621330","78","0","2025","1","",129,398,402,400,5745473,2183064,71372,1105,"",0.93,0.54,0.54,0.53,0.23,0.44,0.39,0.43,"",24,22.9,86,27.6,88,28.0,98,32.5,801493,16.2,372033,20.5,19027,36.3,-124,-10.1
"06081","5","62134","77","0","2025","1","",91,703,707,712,9156232,4135359,129583,996,"",0.64,0.52,0.52,0.52,0.19,0.45,0.52,0.36,"",2,2.2,13,1.9,-1,-0.1,11,1.6,-258718,-2.7,18230,0.4,8511,7.0,-39,-3.8
"06081","5","621340","78","0","2025","1","",91,703,707,712,9156232,4135359,129583,996,"",0.64,0.52,0.52,0.52,0.19,0.45,0.52,0.36,"",2,2.2,13,1.9,-1,-0.1,11,1.6,-258718,-2.7,18230,0.4,8511,7.0,-39,-3.8
"06081","5","62139","77","0","2025","1","",105,224,230,230,4433919,1421489,39743,1496,"",0.81,0.42,0.43,0.43,0.20,0.39,0.35,0.46,"",14,15.4,5,2.3,13,6.0,15,7.0,791749,21.7,99442,7.5,6183,18.4,205,15.9
"06081","5","621391","78","0","2025","1","",20,52,47,48,1150203,353925,10586,1806,"",1.15,0.60,0.54,0.56,0.32,0.60,0.62,0.57,"",3,17.6,9,20.9,2,4.4,4,9.1,74524,6.9,13542,4.0,2537,31.5,-75,-4.0
"06081","5","621399","78","0","2025","1","",85,172,183,182,3283716,1067564,29157,1411,"",0.76,0.39,0.41,0.41,0.17,0.35,0.30,0.43,"",11,14.9,-4,-2.3,11,6.4,11,6.4,717225,27.9,85900,8.8,3646,14.3,270,23.7
"06081","5","6214","76","0","2025","1","",122,6479,6541,6483,267913120,28406938,530161,3170,"",0.85,2.10,2.11,2.09,1.46,1.73,1.04,0.70,"",-1,-0.8,1048,19.3,1108,20.4,1009,18.4,55875208,26.4,69726,0.2,52499,11.0,175,5.8
"06081","5","62141","77","0","2025","1","",14,117,122,96,2833153,566695,16832,1952,"",1.68,1.58,1.55,1.23,0.74,1.35,1.03,0.51,"",0,0.0,7,6.4,13,11.9,-10,-9.4,69049,2.5,72063,14.6,6709,66.3,-11,-0.6
"06081","5","621410","78","0","2025","1","",14,117,122,96,2833153,566695,16832,1952,"",1.68,1.58,1.55,1.23,0.74,1.35,1.03,0.51,"",0,0.0,7,6.4,13,11.9,-10,-9.4,69049,2.5,72063,14.6,6709,66.3,-11,-0.6
"06081","5","62142","77","0","2025","1","",17,300,316,309,5799922,1191120,42802,1447,"",0.34,0.35,0.37,0.36,0.17,0.29,0.30,0.47,"",3,21.4,104,53.1,111,54.1,103,50.0,1544792,36.3,412602,53.0,15491,56.7,-171,-10.6
"06081","5","621420","78","0","2025","1","",17,300,316,309,5799922,1191120,42802,1447,"",0.34,0.35,0.37,0.36,0.17,0.29,0.30,0.47,"",3,21.4,104,53.1,111,54.1,103,50.0,1544792,36.3,412602,53.0,15491,56.7,-171,-10.6
"06081","5","62149","77","0","2025","1","",91,6062,6103,6078,259280045,26649123,470527,3280,"",1.06,2.81,2.82,2.81,1.79,2.24,1.33,0.64,"",-4,-4.2,937,18.3,984,19.2,916,17.7,54261367,26.5,-414939,-1.5,30299,6.9,209,6.8
"06081","5","621491","78","0","2025","1","",39,4569,4597,4584,218277593,23059314,368950,3663,"",5.03,7.36,7.41,7.39,3.61,9.59,4.68,0.49,"N",-4,-9.3,0,0,0,0,0,0,0,0,0,0,0,0,0,0
"06081","5","621492","78","0","2025","1","",19,302,300,307,6241261,2033750,54443,1584,"",0.90,0.88,0.87,0.89,0.36,0.75,0.85,0.41,"N",2,11.8,0,0,0,0,0,0,0,0,0,0,0,0,0,0
"06081","5","621493","78","0","2025","1","",15,857,863,851,28299683,1149952,28597,2540,"",0.61,1.77,1.78,1.76,1.13,0.36,0.30,0.64,"",-2,-11.8,33,4.0,36,4.4,10,1.2,3342182,13.4,-216392,-15.8,-7514,-20.8,229,9.9
"06081","5","621498","78","0","2025","1","",18,334,343,336,6461508,406107,18537,1472,"",0.55,0.47,0.48,0.47,0.15,0.11,0.16,0.32,"",0,0.0,18,5.7,30,9.6,19,6.0,261606,4.2,-29331,-6.7,7262,64.4,-40,-2.6
"06081","5","6215","76","0","2025","1","",52,3166,3201,3197,215145990,25230825,1086273,5191,"",0.65,3.86,3.88,3.89,4.10,3.94,5.51,1.06,"",-1,-1.9,-580,-15.5,-548,-14.6,-521,-14.0,-16185926,-7.0,-5377409,-17.6,-132865,-10.9,430,9.0
"06081","5","62151","77","0","2025","1","",52,3166,3201,3197,215145990,25230825,1086273,5191,"",0.65,3.86,3.88,3.89,4.10,3.94,5.51,1.06,"",-1,-1.9,-580,-15.5,-548,-14.6,-521,-14.0,-16185926,-7.0,-5377409,-17.6,-132865,-10.9,430,9.0
"06081","5","621511","78","0","2025","1","",38,2705,2730,2723,197427410,21718961,968975,5585,"",0.64,4.60,4.60,4.62,5.13,4.65,6.66,1.11,"",-3,-7.3,-615,-18.5,-586,-17.7,-570,-17.3,-17082486,-8.0,-5718005,-20.8,-138234,-12.5,599,12.0
"06081","5","621512","78","0","2025","1","",14,461,471,474,17718580,3511864,117298,2908,"",0.68,1.99,2.02,2.04,1.27,2.02,2.27,0.63,"",2,16.7,35,8.2,38,8.8,49,11.5,896560,5.3,340596,10.7,5369,4.8,-115,-3.8
"06081","5","6216","76","0","2025","1","",91,2089,2099,2243,35348076,12178531,363391,1268,"",0.63,0.43,0.43,0.46,0.26,0.47,0.42,0.58,"",9,11.0,151,7.8,128,6.5,223,11.0,2721169,8.3,1898785,18.5,94046,34.9,-2,-0.2
"06081","5","62161","77","0","2025","1","",91,2089,2099,2243,35348076,12178531,363391,1268,"",0.63,0.43,0.43,0.46,0.26,0.47,0.42,0.58,"",9,11.0,151,7.8,128,6.5,223,11.0,2721169,8.3,1898785,18.5,94046,34.9,-2,-0.2
"06081","5","621610","78","0","2025","1","",91,2089,2099,2243,35348076,12178531,363391,1268,"",0.63,0.43,0.43,0.46,0.26,0.47,0.42,0.58,"",9,11.0,151,7.8,128,6.5,223,11.0,2721169,8.3,1898785,18.5,94046,34.9,-2,-0.2
"06081","5","6219","76","0","2025","1","",33,878,906,920,23663989,6139452,218742,2020,"",0.56,0.92,0.94,0.96,0.51,0.93,1.05,0.54,"",4,13.8,101,13.0,124,15.9,96,11.7,2688442,12.8,374433,6.5,38534,21.4,-11,-0.5
"06081","5","62191","77","0","2025","1","",6,384,406,420,7974568,2832808,55889,1521,"",0.38,0.84,0.88,0.90,0.41,0.86,0.64,0.47,"",1,20.0,35,10.0,63,18.4,31,8.0,827438,11.6,207490,7.9,4323,8.4,-5,-0.3
"06081","5","621910","78","0","2025","1","",6,384,406,420,7974568,2832808,55889,1521,"",0.38,0.84,0.88,0.90,0.41,0.86,0.64,0.47,"",1,20.0,35,10.0,63,18.4,31,8.0,827438,11.6,207490,7.9,4323,8.4,-5,-0.3
"06081","5","62199","77","0","2025","1","",27,494,500,500,15689421,3306644,162853,2423,"",0.63,0.99,1.00,1.01,0.58,0.99,1.35,0.58,"",3,12.5,66,15.4,61,13.9,65,14.9,1861004,13.5,166943,5.3,34211,26.6,-28,-1.1
"06081","5","621991","78","0","2025","1","N",3,0,0,0,0,0,0,0,"N",0.45,0,0,0,0,0,0,0,"N",-1,-25.0,0,0,0,0,0,0,0,0,0,0,0,0,0,0
"06081","5","621999","78","0","2025","1","N",24,0,0,0,0,0,0,0,"N",0.66,0,0,0,0,0,0,0,"N",4,20.0,0,0,0,0,0,0,0,0,0,0,0,0,0,0
"06081","5","622","75","0","2025","1","",12,4616,4585,4581,158443922,9272482,320423,2653,"",0.27,0.32,0.31,0.31,0.18,0.43,0.71,0.58,"",-6,-33.3,-847,-15.5,-907,-16.5,-1107,-19.5,-9706118,-5.8,-77051,-0.8,27197,9.3,321,13.8
"06081","5","6221","76","0","2025","1","",9,1977,1968,1979,69175256,2766655,46069,2695,"",0.27,0.15,0.14,0.15,0.09,0.16,0.13,0.59,"",-5,-35.7,-1039,-34.4,-1064,-35.1,-1195,-37.6,-21571435,-23.8,232264,9.2,4458,10.7,424,18.7
"06081","5","62211","77","0","2025","1","",9,1977,1968,1979,69175256,2766655,46069,2695,"",0.27,0.15,0.14,0.15,0.09,0.16,0.13,0.59,"",-5,-35.7,-1039,-34.4,-1064,-35.1,-1195,-37.6,-21571435,-23.8,232264,9.2,4458,10.7,424,18.7
"06081","5","622110","78","0","2025","1","",9,1977,1968,1979,69175256,2766655,46069,2695,"",0.27,0.15,0.14,0.15,0.09,0.16,0.13,0.59,"",-5,-35.7,-1039,-34.4,-1064,-35.1,-1195,-37.6,-21571435,-23.8,232264,9.2,4458,10.7,424,18.7
"06081","5","6222","76","0","2025","1","N",1,0,0,0,0,0,0,0,"N",0.24,0,0,0,0,0,0,0,"N",0,0.0,0,0,0,0,0,0,0,0,0,0,0,0,0,0
"06081","5","62221","77","0","2025","1","N",1,0,0,0,0,0,0,0,"N",0.24,0,0,0,0,0,0,0,"N",0,0.0,0,0,0,0,0,0,0,0,0,0,0,0,0,0
"06081","5","622210","78","0","2025","1","N",1,0,0,0,0,0,0,0,"N",0.24,0,0,0,0,0,0,0,"N",0,0.0,0,0,0,0,0,0,0,0,0,0,0,0,0,0
"06081","5","6223","76","0","2025","1","N",2,0,0,0,0,0,0,0,"N",0.28,0,0,0,0,0,0,0,"N",-1,-33.3,0,0,0,0,0,0,0,0,0,0,0,0,0,0
"06081","5","62231","77","0","2025","1","N",2,0,0,0,0,0,0,0,"N",0.28,0,0,0,0,0,0,0,"N",-1,-33.3,0,0,0,0,0,0,0,0,0,0,0,0,0,0
"06081","5","622310","78","0","2025","1","N",2,0,0,0,0,0,0,0,"N",0.28,0,0,0,0,0,0,0,"N",-1,-33.3,0,0,0,0,0,0,0,0,0,0,0,0,0,0
"06081","5","623","75","0","2025","1","",279,6288,6341,6368,89760655,39113320,1052041,1090,"",1.13,0.70,0.71,0.71,0.32,0.83,0.79,0.45,"",9,3.3,630,11.1,658,11.6,582,10.1,5963955,7.1,2323624,6.3,88904,9.2,-39,-3.5
"06081","5","6231","76","0","2025","1","",50,1848,1879,1876,29491115,11831303,350203,1215,"",0.93,0.46,0.46,0.46,0.22,0.48,0.52,0.47,"",4,8.7,174,10.4,179,10.5,166,9.7,2232910,8.2,874873,8.0,34062,10.8,-22,-1.8
"06081","5","62311","77","0","2025","1","",50,1848,1879,1876,29491115,11831303,350203,1215,"",0.93,0.46,0.46,0.46,0.22,0.48,0.52,0.47,"",4,8.7,174,10.4,179,10.5,166,9.7,2232910,8.2,874873,8.0,34062,10.8,-22,-1.8
"06081","5","623110","78","0","2025","1","",50,1848,1879,1876,29491115,11831303,350203,1215,"",0.93,0.46,0.46,0.46,0.22,0.48,0.52,0.47,"",4,8.7,174,10.4,179,10.5,166,9.7,2232910,8.2,874873,8.0,34062,10.8,-22,-1.8
"06081","5","6232","76","0","2025","1","",74,997,1010,1003,13598446,4730072,102650,1043,"",0.79,0.55,0.56,0.55,0.23,0.68,0.47,0.42,"",-3,-3.9,-52,-5.0,-34,-3.3,-66,-6.2,193547,1.4,174131,3.8,3531,3.6,65,6.6
"06081","5","62321","77","0","2025","1","",55,658,671,668,7784204,3484267,75088,900,"",0.82,0.60,0.61,0.60,0.23,0.93,0.78,0.39,"",-1,-1.8,-10,-1.5,15,2.3,-6,-0.9,669419,9.4,339560,10.8,7619,11.3,78,9.5
"06081","5","623210","78","0","2025","1","",55,658,671,668,7784204,3484267,75088,900,"",0.82,0.60,0.61,0.60,0.23,0.93,0.78,0.39,"",-1,-1.8,-10,-1.5,15,2.3,-6,-0.9,669419,9.4,339560,10.8,7619,11.3,78,9.5
"06081","5","62322","77","0","2025","1","",19,339,339,335,5814242,1245805,27562,1325,"",0.69,0.48,0.48,0.47,0.23,0.38,0.23,0.48,"",-2,-9.5,-42,-11.0,-49,-12.6,-60,-15.2,-475872,-7.6,-165429,-11.7,-4088,-12.9,78,6.3
"06081","5","623220","78","0","2025","1","",19,339,339,335,5814242,1245805,27562,1325,"",0.69,0.48,0.48,0.47,0.23,0.38,0.23,0.48,"",-2,-9.5,-42,-11.0,-49,-12.6,-60,-15.2,-475872,-7.6,-165429,-11.7,-4088,-12.9,78,6.3
"06081","5","6233","76","0","2025","1","",147,3377,3383,3423,46096646,22181868,588632,1045,"",1.87,1.26,1.26,1.28,0.62,1.66,1.50,0.49,"",7,5.0,514,18.0,515,18.0,489,16.7,3701068,8.7,1321086,6.3,49772,9.2,-84,-7.4
"06081","5","62331","77","0","2025","1","",147,3377,3383,3423,46096646,22181868,588632,1045,"",1.87,1.26,1.26,1.28,0.62,1.66,1.50,0.49,"",7,5.0,514,18.0,515,18.0,489,16.7,3701068,8.7,1321086,6.3,49772,9.2,-84,-7.4
"06081","5","623311","78","0","2025","1","",25,667,676,713,10388927,4271872,110997,1166,"",1.29,0.51,0.51,0.54,0.27,0.78,0.76,0.52,"",4,19.0,37,5.9,37,5.8,53,8.0,1023908,10.9,574214,15.5,24445,28.2,46,4.1
"06081","5","623312","78","0","2025","1","",122,2710,2707,2710,35707719,17909996,477635,1014,"",2.05,2.00,1.99,1.99,0.99,2.28,1.93,0.50,"",3,2.5,477,21.4,478,21.4,436,19.2,2677160,8.1,746872,4.4,25327,5.6,-118,-10.4
"06081","5","6239","76","0","2025","1","",8,66,69,66,574448,370077,10556,660,"",0.40,0.15,0.16,0.15,0.04,0.20,0.20,0.26,"",1,14.3,-6,-8.3,-2,-2.8,-7,-9.6,-163570,-22.2,-46466,-11.2,1539,17.1,-128,-16.2
"06081","5","62399","77","0","2025","1","",8,66,69,66,574448,370077,10556,660,"",0.40,0.15,0.16,0.15,0.04,0.20,0.20,0.26,"",1,14.3,-6,-8.3,-2,-2.8,-7,-9.6,-163570,-22.2,-46466,-11.2,1539,17.1,-128,-16.2
"06081","5","623990","78","0","2025","1","",8,66,69,66,574448,370077,10556,660,"",0.40,0.15,0.16,0.15,0.04,0.20,0.20,0.26,"",1,14.3,-6,-8.3,-2,-2.8,-7,-9.6,-163570,-22.2,-46466,-11.2,1539,17.1,-128,-16.2
"06081","5","624","75","0","2025","1","",7764,15908,16020,15991,159392074,82537500,2452118,768,"",2.38,1.24,1.25,1.24,0.53,1.44,1.10,0.42,"",896,13.0,1247,8.5,1280,8.7,1283,8.7,19309239,13.8,9141933,12.5,453624,22.7,35,4.8
"06081","5","6241","76","0","2025","1","",7391,12597,12686,12671,118297410,64893367,1953752,719,"",2.47,1.43,1.43,1.43,0.59,1.68,1.23,0.41,"",882,13.6,1110,9.7,1157,10.0,1179,10.3,17838647,17.8,8342466,14.8,382222,24.3,47,7.0
"06081","5","62411","77","0","2025","1","",36,328,325,324,4353393,1719835,47253,1028,"",0.94,0.53,0.52,0.52,0.22,0.73,0.57,0.43,"",7,24.1,45,15.9,39,13.6,43,15.3,-393583,-8.3,258581,17.7,14669,45.0,-261,-20.2
"06081","5","624110","78","0","2025","1","",36,328,325,324,4353393,1719835,47253,1028,"",0.94,0.53,0.52,0.52,0.22,0.73,0.57,0.43,"",7,24.1,45,15.9,39,13.6,43,15.3,-393583,-8.3,258581,17.7,14669,45.0,-261,-20.2
"06081","5","62412","77","0","2025","1","",7253,11051,11143,11123,90086811,55856749,1657703,624,"",2.56,1.63,1.63,1.63,0.68,1.90,1.35,0.42,"",874,13.7,987,9.8,1032,10.2,1049,10.4,13152295,17.1,7443164,15.4,326743,24.5,37,6.3
"06081","5","624120","78","0","2025","1","",7253,11051,11143,11123,90086811,55856749,1657703,624,"",2.56,1.63,1.63,1.63,0.68,1.90,1.35,0.42,"",874,13.7,987,9.8,1032,10.2,1049,10.4,13152295,17.1,7443164,15.4,326743,24.5,37,6.3
"06081","5","62419","77","0","2025","1","",102,1218,1218,1224,23857206,7316783,248796,1504,"",0.84,0.87,0.87,0.88,0.49,1.06,0.88,0.56,"",1,1.0,78,6.8,86,7.6,87,7.7,5079935,27.1,640721,9.6,40810,19.6,233,18.3
"06081","5","624190","78","0","2025","1","",102,1218,1218,1224,23857206,7316783,248796,1504,"",0.84,0.87,0.87,0.88,0.49,1.06,0.88,0.56,"",1,1.0,78,6.8,86,7.6,87,7.7,5079935,27.1,640721,9.6,40810,19.6,233,18.3
"06081","5","6242","76","0","2025","1","",34,337,333,336,5288072,1316744,46944,1213,"",0.85,0.54,0.53,0.54,0.22,0.44,0.37,0.42,"",1,3.0,2,0.6,-2,-0.6,12,3.7,101222,2.0,32146,2.5,6037,14.8,9,0.7
"06081","5","62421","77","0","2025","1","N",8,0,0,0,0,0,0,0,"N",0.72,0,0,0,0,0,0,0,"N",0,0.0,0,0,0,0,0,0,0,0,0,0,0,0,0,0
"06081","5","624210","78","0","2025","1","N",8,0,0,0,0,0,0,0,"N",0.72,0,0,0,0,0,0,0,"N",0,0.0,0,0,0,0,0,0,0,0,0,0,0,0,0,0
"06081","5","62422","77","0","2025","1","",24,243,240,238,3922830,952488,36065,1256,"",1.10,0.62,0.61,0.61,0.28,0.49,0.42,0.45,"",0,0.0,0,0.0,-2,-0.8,10,4.4,104174,2.7,21153,2.3,4824,15.4,20,1.6
"06081","5","624221","78","0","2025","1","",10,70,68,60,1119734,186865,5906,1305,"",0.86,0.27,0.26,0.23,0.13,0.16,0.12,0.52,"",0,0.0,-8,-10.3,-10,-12.8,-9,-13.0,-73348,-6.1,-2640,-1.4,210,3.7,81,6.6
"06081","5","624229","78","0","2025","1","",14,173,172,178,2803096,765623,30159,1237,"",1.37,1.29,1.28,1.32,0.49,0.99,0.84,0.38,"",0,0.0,8,4.8,8,4.9,19,11.9,177522,6.8,23793,3.2,4614,18.1,-5,-0.4
"06081","5","62423","77","0","2025","1","N",2,0,0,0,0,0,0,0,"N",0.28,0,0,0,0,0,0,0,"N",1,100.0,0,0,0,0,0,0,0,0,0,0,0,0,0,0
"06081","5","624230","78","0","2025","1","N",2,0,0,0,0,0,0,0,"N",0.28,0,0,0,0,0,0,0,"N",1,100.0,0,0,0,0,0,0,0,0,0,0,0,0,0,0
"06081","5","6243","76","0","2025","1","",9,183,186,198,1935653,507200,14737,788,"",0.35,0.25,0.25,0.26,0.10,0.24,0.23,0.38,"",2,28.6,-32,-14.9,-33,-15.1,-26,-11.6,-284994,-12.8,70048,16.0,5560,60.6,9,1.2
"06081","5","62431","77","0","2025","1","",9,183,186,198,1935653,507200,14737,788,"",0.35,0.25,0.25,0.26,0.10,0.24,0.23,0.38,"",2,28.6,-32,-14.9,-33,-15.1,-26,-11.6,-284994,-12.8,70048,16.0,5560,60.6,9,1.2
"06081","5","624310","78","0","2025","1","",9,183,186,198,1935653,507200,14737,788,"",0.35,0.25,0.25,0.26,0.10,0.24,0.23,0.38,"",2,28.6,-32,-14.9,-33,-15.1,-26,-11.6,-284994,-12.8,70048,16.0,5560,60.6,9,1.2
"06081","5","6244","76","0","2025","1","",330,2791,2815,2786,33870939,15820189,436685,931,"",1.56,1.06,1.06,1.05,0.58,1.17,0.99,0.55,"",11,3.4,167,6.4,158,5.9,118,4.4,1654364,5.1,697273,4.6,59805,15.9,-4,-0.4
"06081","5","62441","77","0","2025","1","",330,2791,2815,2786,33870939,15820189,436685,931,"",1.56,1.06,1.06,1.05,0.58,1.17,0.99,0.55,"",11,3.4,167,6.4,158,5.9,118,4.4,1654364,5.1,697273,4.6,59805,15.9,-4,-0.4
"06081","5","624410","78","0","2025","1","",330,2791,2815,2786,33870939,15820189,436685,931,"",1.56,1.06,1.06,1.05,0.58,1.17,0.99,0.55,"",11,3.4,167,6.4,158,5.9,118,4.4,1654364,5.1,697273,4.6,59805,15.9,-4,-0.4
"06081","5","71","74","0","2025","1","",371,6089,6073,6040,66164262,30460871,711718,839,"",0.74,0.97,0.95,0.91,0.29,0.98,0.62,0.31,"",23,6.6,137,2.3,161,2.7,115,1.9,1072333,1.6,314113,1.0,67219,10.4,-5,-0.6
"06081","5","711","75","0","2025","1","",114,406,424,438,4464063,2176723,76435,812,"",0.52,0.30,0.30,0.29,0.04,0.25,0.20,0.14,"",7,6.5,-61,-13.1,-28,-6.2,-22,-4.8,-1281269,-22.3,-365922,-14.4,2803,3.8,-149,-15.5
"06081","5","7111","76","0","2025","1","",25,172,195,204,1754750,1003714,34388,709,"",0.71,0.54,0.56,0.57,0.15,0.54,0.31,0.27,"",-1,-3.8,-21,-10.9,-1,-0.5,-1,-0.5,-152343,-8.0,-24575,-2.4,8050,30.6,-32,-4.3
"06081","5","71111","77","0","2025","1","",10,108,129,144,1288093,733542,27758,780,"",0.91,0.63,0.69,0.74,0.21,0.71,0.42,0.31,"",-1,-9.1,-13,-10.7,10,8.4,11,8.3,78554,6.5,45899,6.7,10264,58.7,32,4.3
"06081","5","711110","78","0","2025","1","",10,108,129,144,1288093,733542,27758,780,"",0.91,0.63,0.69,0.74,0.21,0.71,0.42,0.31,"",-1,-9.1,-13,-10.7,10,8.4,11,8.3,78554,6.5,45899,6.7,10264,58.7,32,4.3
"06081","5","71112","77","0","2025","1","N",4,0,0,0,0,0,0,0,"N",0.92,0,0,0,0,0,0,0,"N",0,0.0,0,0,0,0,0,0,0,0,0,0,0,0,0,0
"06081","5","711120","78","0","2025","1","N",4,0,0,0,0,0,0,0,"N",0.92,0,0,0,0,0,0,0,"N",0,0.0,0,0,0,0,0,0,0,0,0,0,0,0,0,0
"06081","5","71113","77","0","2025","1","N",11,0,0,0,0,0,0,0,"N",0.68,0,0,0,0,0,0,0,"N",0,0.0,0,0,0,0,0,0,0,0,0,0,0,0,0,0
"06081","5","711130","78","0","2025","1","N",11,0,0,0,0,0,0,0,"N",0.68,0,0,0,0,0,0,0,"N",0,0.0,0,0,0,0,0,0,0,0,0,0,0,0,0,0
"06081","5","7112","76","0","2025","1","",15,85,75,79,639411,363595,12696,617,"",0.64,0.23,0.19,0.18,0.01,0.13,0.15,0.05,"",3,25.0,-10,-10.5,-8,-9.6,-1,-1.2,-31883,-4.7,-34667,-8.7,258,2.1,17,2.8
"06081","5","71121","77","0","2025","1","",15,85,75,79,639411,363595,12696,617,"",0.64,0.23,0.19,0.18,0.01,0.13,0.15,0.05,"",3,25.0,-10,-10.5,-8,-9.6,-1,-1.2,-31883,-4.7,-34667,-8.7,258,2.1,17,2.8
"06081","5","711211","78","0","2025","1","",10,77,67,71,501940,328889,11281,539,"",0.95,0.29,0.24,0.22,0.01,0.16,0.18,0.04,"",3,42.9,-1,-1.3,-2,-2.9,4,6.0,7512,1.5,-5352,-1.6,1242,12.4,6,1.1
"06081","5","711212","78","0","2025","1","N",1,0,0,0,0,0,0,0,"N",0.51,0,0,0,0,0,0,0,"N",0,0.0,0,0,0,0,0,0,0,0,0,0,0,0,0,0
"06081","5","711219","78","0","2025","1","N",4,0,0,0,0,0,0,0,"N",0.36,0,0,0,0,0,0,0,"N",0,0.0,0,0,0,0,0,0,0,0,0,0,0,0,0,0
"06081","5","7113","76","0","2025","1","",13,58,64,68,774090,292341,13299,940,"",0.42,0.14,0.14,0.14,0.04,0.12,0.12,0.28,"",1,8.3,5,9.4,7,12.3,9,15.3,-10375,-1.3,3443,1.2,1793,15.6,-131,-12.2
"06081","5","71131","77","0","2025","1","",7,52,58,62,609431,255726,12120,818,"",0.53,0.16,0.17,0.17,0.04,0.15,0.15,0.27,"",0,0.0,6,13.0,8,16.0,10,19.2,16925,2.9,6443,2.6,1638,15.6,-106,-11.5
"06081","5","711310","78","0","2025","1","",7,52,58,62,609431,255726,12120,818,"",0.53,0.16,0.17,0.17,0.04,0.15,0.15,0.27,"",0,0.0,6,13.0,8,16.0,10,19.2,16925,2.9,6443,2.6,1638,15.6,-106,-11.5
"06081","5","71132","77","0","2025","1","",6,6,6,6,164659,36615,1179,2111,"",0.33,0.06,0.06,0.06,0.03,0.05,0.04,0.47,"",1,20.0,-1,-14.3,-1,-14.3,-1,-14.3,-27300,-14.2,-3000,-7.6,155,15.1,2,0.1
"06081","5","711320","78","0","2025","1","",6,6,6,6,164659,36615,1179,2111,"",0.33,0.06,0.06,0.06,0.03,0.05,0.04,0.47,"",1,20.0,-1,-14.3,-1,-14.3,-1,-14.3,-27300,-14.2,-3000,-7.6,155,15.1,2,0.1
"06081","5","7114","76","0","2025","1","",7,7,7,6,115403,41513,1210,1332,"",0.36,0.09,0.09,0.08,0.01,0.08,0.04,0.15,"",0,0.0,-1,-12.5,0,0.0,-1,-14.3,-11760,-9.2,-6763,-14.0,-118,-8.9,-2,-0.1
"06081","5","71141","77","0","2025","1","",7,7,7,6,115403,41513,1210,1332,"",0.36,0.09,0.09,0.08,0.01,0.08,0.04,0.15,"",0,0.0,-1,-12.5,0,0.0,-1,-14.3,-11760,-9.2,-6763,-14.0,-118,-8.9,-2,-0.1
"06081","5","711410","78","0","2025","1","",7,7,7,6,115403,41513,1210,1332,"",0.36,0.09,0.09,0.08,0.01,0.08,0.04,0.15,"",0,0.0,-1,-12.5,0,0.0,-1,-14.3,-11760,-9.2,-6763,-14.0,-118,-8.9,-2,-0.1
"06081","5","7115","76","0","2025","1","",54,84,83,81,1180409,475560,14842,1098,"",0.49,0.58,0.56,0.55,0.13,0.48,0.33,0.23,"",4,8.0,-34,-28.8,-26,-23.9,-28,-25.7,-1074908,-47.7,-303360,-38.9,-7180,-32.6,-451,-29.1
"06081","5","71151","77","0","2025","1","",54,84,83,81,1180409,475560,14842,1098,"",0.49,0.58,0.56,0.55,0.13,0.48,0.33,0.23,"",4,8.0,-34,-28.8,-26,-23.9,-28,-25.7,-1074908,-47.7,-303360,-38.9,-7180,-32.6,-451,-29.1
"06081","5","711510","78","0","2025","1","",54,84,83,81,1180409,475560,14842,1098,"",0.49,0.58,0.56,0.55,0.13,0.48,0.33,0.23,"",4,8.0,-34,-28.8,-26,-23.9,-28,-25.7,-1074908,-47.7,-303360,-38.9,-7180,-32.6,-451,-29.1
"06081","5","712","75","0","2025","1","",12,271,268,250,5131887,1579805,44737,1501,"",0.56,0.61,0.61,0.55,0.33,1.04,0.98,0.57,"",0,0.0,19,7.5,37,16.0,14,5.9,330571,6.9,139897,9.7,8483,23.4,-40,-2.6
"06081","5","7121","76","0","2025","1","",12,271,268,250,5131887,1579805,44737,1501,"",0.56,0.61,0.61,0.55,0.33,1.04,0.98,0.57,"",0,0.0,19,7.5,37,16.0,14,5.9,330571,6.9,139897,9.7,8483,23.4,-40,-2.6
"06081","5","71211","77","0","2025","1","",9,217,218,201,4060359,1231345,33714,1473,"",0.63,0.83,0.83,0.76,0.43,1.36,1.12,0.53,"",0,0.0,24,12.4,47,27.5,24,13.6,510694,14.4,190681,18.3,10187,43.3,-41,-2.7
"06081","5","712110","78","0","2025","1","",9,217,218,201,4060359,1231345,33714,1473,"",0.63,0.83,0.83,0.76,0.43,1.36,1.12,0.53,"",0,0.0,24,12.4,47,27.5,24,13.6,510694,14.4,190681,18.3,10187,43.3,-41,-2.7
"06081","5","71212","77","0","2025","1","N",1,0,0,0,0,0,0,0,"N",0.53,0,0,0,0,0,0,0,"N",0,0.0,0,0,0,0,0,0,0,0,0,0,0,0,0,0
"06081","5","712120","78","0","2025","1","N",1,0,0,0,0,0,0,0,"N",0.53,0,0,0,0,0,0,0,"N",0,0.0,0,0,0,0,0,0,0,0,0,0,0,0,0,0
"06081","5","71213","77","0","2025","1","N",1,0,0,0,0,0,0,0,"N",0.39,0,0,0,0,0,0,0,"N",0,0.0,0,0,0,0,0,0,0,0,0,0,0,0,0,0
"06081","5","712130","78","0","2025","1","N",1,0,0,0,0,0,0,0,"N",0.39,0,0,0,0,0,0,0,"N",0,0.0,0,0,0,0,0,0,0,0,0,0,0,0,0,0
"06081","5","71219","77","0","2025","1","N",1,0,0,0,0,0,0,0,"N",0.39,0,0,0,0,0,0,0,"N",0,0.0,0,0,0,0,0,0,0,0,0,0,0,0,0,0
"06081","5","712190","78","0","2025","1","N",1,0,0,0,0,0,0,0,"N",0.39,0,0,0,0,0,0,0,"N",0,0.0,0,0,0,0,0,0,0,0,0,0,0,0,0,0
"06081","5","713","75","0","2025","1","",245,5412,5381,5352,56568312,26704343,590546,809,"",0.93,1.20,1.18,1.14,0.55,1.27,0.82,0.47,"",16,7.0,179,3.4,152,2.9,123,2.4,2023031,3.7,540138,2.1,55933,10.5,7,0.9
"06081","5","7131","76","0","2025","1","",10,132,130,134,903975,580957,14748,527,"",0.89,0.25,0.24,0.23,0.06,0.23,0.26,0.25,"",0,0.0,16,13.8,10,8.3,18,15.5,-126125,-12.2,13569,2.4,1809,14.0,-148,-21.9
"06081","5","71311","77","0","2025","1","N",1,0,0,0,0,0,0,0,"N",0.28,0,0,0,0,0,0,0,"N",-1,-50.0,0,0,0,0,0,0,0,0,0,0,0,0,0,0
"06081","5","713110","78","0","2025","1","N",1,0,0,0,0,0,0,0,"N",0.28,0,0,0,0,0,0,0,"N",-1,-50.0,0,0,0,0,0,0,0,0,0,0,0,0,0,0
"06081","5","71312","77","0","2025","1","N",9,0,0,0,0,0,0,0,"N",1.19,0,0,0,0,0,0,0,"N",1,12.5,0,0,0,0,0,0,0,0,0,0,0,0,0,0
"06081","5","713120","78","0","2025","1","N",9,0,0,0,0,0,0,0,"N",1.19,0,0,0,0,0,0,0,"N",1,12.5,0,0,0,0,0,0,0,0,0,0,0,0,0,0
"06081","5","7132","76","0","2025","1","",5,1187,1202,1209,18199974,8503699,173589,1167,"",0.42,3.52,3.51,3.53,1.31,3.29,1.74,0.37,"",0,0.0,19,1.6,21,1.8,34,2.9,455824,2.6,150252,1.8,20136,13.1,5,0.4
"06081","5","71321","77","0","2025","1","N",2,0,0,0,0,0,0,0,"N",1.62,0,0,0,0,0,0,0,"N",0,0.0,0,0,0,0,0,0,0,0,0,0,0,0,0,0
"06081","5","713210","78","0","2025","1","N",2,0,0,0,0,0,0,0,"N",1.62,0,0,0,0,0,0,0,"N",0,0.0,0,0,0,0,0,0,0,0,0,0,0,0,0,0
"06081","5","71329","77","0","2025","1","N",3,0,0,0,0,0,0,0,"N",0.28,0,0,0,0,0,0,0,"N",0,0.0,0,0,0,0,0,0,0,0,0,0,0,0,0,0
"06081","5","713290","78","0","2025","1","N",3,0,0,0,0,0,0,0,"N",0.28,0,0,0,0,0,0,0,"N",0,0.0,0,0,0,0,0,0,0,0,0,0,0,0,0,0
"06081","5","7139","76","0","2025","1","",230,4093,4049,4009,37464363,17619687,402209,712,"",0.96,1.12,1.10,1.06,0.50,1.12,0.71,0.46,"",16,7.5,144,3.6,121,3.1,71,1.8,1693332,4.7,376317,2.2,33988,9.2,13,1.9
"06081","5","71391","77","0","2025","1","",11,944,924,939,13215633,5533533,110989,1086,"",0.37,1.09,1.06,0.97,0.53,1.13,0.57,0.51,"",0,0.0,38,4.2,41,4.6,39,4.3,636986,5.1,219965,4.1,18600,20.1,7,0.6
"06081","5","713910","78","0","2025","1","",11,944,924,939,13215633,5533533,110989,1086,"",0.37,1.09,1.06,0.97,0.53,1.13,0.57,0.51,"",0,0.0,38,4.2,41,4.6,39,4.3,636986,5.1,219965,4.1,18600,20.1,7,0.6
"06081","5","71393","77","0","2025","1","",3,10,10,10,185244,72071,1787,1425,"",0.28,0.12,0.12,0.11,0.06,0.12,0.08,0.53,"",0,0.0,1,11.1,0,0.0,0,0.0,1458,0.8,-2710,-3.6,-280,-13.5,-37,-2.5
"06081","5","713930","78","0","2025","1","",3,10,10,10,185244,72071,1787,1425,"",0.28,0.12,0.12,0.11,0.06,0.12,0.08,0.53,"",0,0.0,1,11.1,0,0.0,0,0.0,1458,0.8,-2710,-3.6,-280,-13.5,-37,-2.5
"06081","5","71394","77","0","2025","1","",157,2460,2389,2391,18417274,8815367,203686,587,"",1.29,1.44,1.39,1.39,0.69,1.56,1.13,0.49,"",13,9.0,69,2.9,-4,-0.2,2,0.1,1016990,5.8,248810,2.9,11896,6.2,27,4.8
"06081","5","713940","78","0","2025","1","",157,2460,2389,2391,18417274,8815367,203686,587,"",1.29,1.44,1.39,1.39,0.69,1.56,1.13,0.49,"",13,9.0,69,2.9,-4,-0.2,2,0.1,1016990,5.8,248810,2.9,11896,6.2,27,4.8
"06081","5","71395","77","0","2025","1","",4,93,97,93,814528,486974,10223,664,"",0.45,0.50,0.51,0.49,0.25,0.59,0.43,0.49,"",0,0.0,-1,-1.1,1,1.0,-6,-6.1,-25495,-3.0,-27107,-5.3,209,2.1,-7,-1.0
"06081","5","713950","78","0","2025","1","",4,93,97,93,814528,486974,10223,664,"",0.45,0.50,0.51,0.49,0.25,0.59,0.43,0.49,"",0,0.0,-1,-1.1,1,1.0,-6,-6.1,-25495,-3.0,-27107,-5.3,209,2.1,-7,-1.0
"06081","5","71399","77","0","2025","1","",55,586,629,576,4831684,2711742,75524,623,"",0.82,1.03,1.08,0.96,0.41,1.07,0.87,0.40,"",3,5.8,37,6.7,83,15.2,36,6.7,63393,1.3,-62641,-2.3,3563,5.0,-50,-7.4
"06081","5","713990","78","0","2025","1","",55,586,629,576,4831684,2711742,75524,623,"",0.82,1.03,1.08,0.96,0.41,1.07,0.87,0.40,"",3,5.8,37,6.7,83,15.2,36,6.7,63393,1.3,-62641,-2.3,3563,5.0,-50,-7.4
"06081","5","72","74","0","2025","1","",2125,36828,36883,36954,404249825,230614748,5762157,843,"",1.00,1.02,1.01,1.00,0.54,1.27,1.07,0.53,"",102,5.0,710,2.0,891,2.5,862,2.4,18825911,4.9,3092667,1.4,807695,16.3,21,2.6
"06081","5","721","75","0","2025","1","",167,5202,5230,5236,76237089,36009592,830959,1123,"",0.80,1.07,1.07,1.05,0.49,1.09,0.79,0.46,"",3,1.8,-123,-2.3,-90,-1.7,-144,-2.7,3087762,4.2,-1187472,-3.2,82683,11.0,70,6.6
"06081","5","7211","76","0","2025","1","",154,5074,5097,5103,74837568,35170064,789071,1131,"",0.86,1.08,1.07,1.06,0.49,1.09,0.78,0.46,"",2,1.3,-139,-2.7,-111,-2.1,-166,-3.2,2806035,3.9,-1331582,-3.6,75318,10.6,72,6.8
"06081","5","72111","77","0","2025","1","N",150,0,0,0,0,0,0,0,"N",0.91,0,0,0,0,0,0,0,"N",1,0.7,0,0,0,0,0,0,0,0,0,0,0,0,0,0
"06081","5","721110","78","0","2025","1","N",150,0,0,0,0,0,0,0,"N",0.91,0,0,0,0,0,0,0,"N",1,0.7,0,0,0,0,0,0,0,0,0,0,0,0,0,0
"06081","5","72119","77","0","2025","1","N",4,0,0,0,0,0,0,0,"N",0.27,0,0,0,0,0,0,0,"N",1,33.3,0,0,0,0,0,0,0,0,0,0,0,0,0,0
"06081","5","721191","78","0","2025","1","N",1,0,0,0,0,0,0,0,"N",0.16,0,0,0,0,0,0,0,"N",0,0.0,0,0,0,0,0,0,0,0,0,0,0,0,0,0
"06081","5","721199","78","0","2025","1","N",3,0,0,0,0,0,0,0,"N",0.35,0,0,0,0,0,0,0,"N",1,50.0,0,0,0,0,0,0,0,0,0,0,0,0,0,0
"06081","5","7212","76","0","2025","1","N",11,0,0,0,0,0,0,0,"N",0.46,0,0,0,0,0,0,0,"N",1,10.0,0,0,0,0,0,0,0,0,0,0,0,0,0,0
"06081","5","72121","77","0","2025","1","N",11,0,0,0,0,0,0,0,"N",0.46,0,0,0,0,0,0,0,"N",1,10.0,0,0,0,0,0,0,0,0,0,0,0,0,0,0
"06081","5","721211","78","0","2025","1","",4,27,31,31,241530,177989,7007,626,"",0.26,0.40,0.46,0.42,0.14,0.48,0.48,0.34,"N",1,33.3,0,0,0,0,0,0,0,0,0,0,0,0,0,0
"06081","5","721214","78","0","2025","1","N",7,0,0,0,0,0,0,0,"N",0.79,0,0,0,0,0,0,0,"N",0,0.0,0,0,0,0,0,0,0,0,0,0,0,0,0,0
"06081","5","7213","76","0","2025","1","N",2,0,0,0,0,0,0,0,"N",0.43,0,0,0,0,0,0,0,"N",0,0.0,0,0,0,0,0,0,0,0,0,0,0,0,0,0
"06081","5","72131","77","0","2025","1","N",2,0,0,0,0,0,0,0,"N",0.43,0,0,0,0,0,0,0,"N",0,0.0,0,0,0,0,0,0,0,0,0,0,0,0,0,0
"06081","5","721310","78","0","2025","1","N",2,0,0,0,0,0,0,0,"N",0.43,0,0,0,0,0,0,0,"N",0,0.0,0,0,0,0,0,0,0,0,0,0,0,0,0,0
"06081","5","722","75","0","2025","1","",1958,31626,31653,31718,328012736,194605156,4931198,797,"",1.02,1.01,1.00,0.99,0.55,1.31,1.14,0.55,"",99,5.3,833,2.7,981,3.2,1006,3.3,15738149,5.0,4280139,2.2,725012,17.2,15,1.9
"06081","5","7223","76","0","2025","1","",224,4828,4857,4899,71191574,34663982,1005366,1126,"",1.61,2.47,2.39,2.36,1.39,2.94,1.47,0.58,"",4,1.8,330,7.3,329,7.3,429,9.6,8131770,12.9,1913010,5.8,245169,32.3,48,4.5
"06081","5","72231","77","0","2025","1","",131,3876,3924,3951,62298479,29627300,876118,1223,"",1.89,2.63,2.56,2.55,1.55,3.20,1.52,0.60,"",1,0.8,508,15.1,606,18.3,645,19.5,10552912,20.4,3341069,12.7,273977,45.5,28,2.3
"06081","5","722310","78","0","2025","1","",131,3876,3924,3951,62298479,29627300,876118,1223,"",1.89,2.63,2.56,2.55,1.55,3.20,1.52,0.60,"",1,0.8,508,15.1,606,18.3,645,19.5,10552912,20.4,3341069,12.7,273977,45.5,28,2.3
"06081","5","72232","77","0","2025","1","",62,868,848,847,8062168,4508868,114505,726,"",1.68,2.23,2.12,2.04,0.87,2.18,1.27,0.41,"",1,1.6,-158,-15.4,-264,-23.7,-220,-20.6,-2316056,-22.3,-1364150,-23.2,-29200,-20.3,-21,-2.8
"06081","5","722320","78","0","2025","1","",62,868,848,847,8062168,4508868,114505,726,"",1.68,2.23,2.12,2.04,0.87,2.18,1.27,0.41,"",1,1.6,-158,-15.4,-264,-23.7,-220,-20.6,-2316056,-22.3,-1364150,-23.2,-29200,-20.3,-21,-2.8
"06081","5","72233","77","0","2025","1","",31,84,85,101,830927,527814,14743,710,"",0.95,0.89,0.88,0.95,0.46,1.18,0.89,0.51,"",2,6.9,-20,-19.2,-13,-13.3,4,4.1,-105086,-11.2,-63909,-10.8,392,2.7,-12,-1.7
"06081","5","722330","78","0","2025","1","",31,84,85,101,830927,527814,14743,710,"",0.95,0.89,0.88,0.95,0.46,1.18,0.89,0.51,"",2,6.9,-20,-19.2,-13,-13.3,4,4.1,-105086,-11.2,-63909,-10.8,392,2.7,-12,-1.7
"06081","5","7224","76","0","2025","1","",55,403,392,392,3186132,2121696,68207,619,"",0.49,0.38,0.37,0.36,0.17,0.44,0.44,0.44,"",3,5.8,-58,-12.6,-65,-14.2,-62,-13.7,-1082661,-25.4,-585741,-21.6,9268,15.7,-99,-13.8
"06081","5","72241","77","0","2025","1","",55,403,392,392,3186132,2121696,68207,619,"",0.49,0.38,0.37,0.36,0.17,0.44,0.44,0.44,"",3,5.8,-58,-12.6,-65,-14.2,-62,-13.7,-1082661,-25.4,-585741,-21.6,9268,15.7,-99,-13.8
"06081","5","722410","78","0","2025","1","",55,403,392,392,3186132,2121696,68207,619,"",0.49,0.38,0.37,0.36,0.17,0.44,0.44,0.44,"",3,5.8,-58,-12.6,-65,-14.2,-62,-13.7,-1082661,-25.4,-585741,-21.6,9268,15.7,-99,-13.8
"06081","5","7225","76","0","2025","1","",1679,26395,26404,26427,253635030,157819478,3857625,739,"",1.01,0.93,0.93,0.92,0.48,1.19,1.10,0.52,"",92,5.8,561,2.2,717,2.8,639,2.5,8689040,3.5,2952870,1.9,470575,13.9,8,1.1
"06081","5","72251","77","0","2025","1","",1679,26395,26404,26427,253635030,157819478,3857625,739,"",1.01,0.93,0.93,0.92,0.48,1.19,1.10,0.52,"",92,5.8,561,2.2,717,2.8,639,2.5,8689040,3.5,2952870,1.9,470575,13.9,8,1.1
"06081","5","722511","78","0","2025","1","",779,14152,14219,14230,147166311,87955677,2144082,797,"",1.10,1.03,1.02,1.02,0.51,1.23,1.09,0.50,"",36,4.8,298,2.2,489,3.6,410,3.0,2517464,1.7,1659580,1.9,270610,14.4,-9,-1.1
"06081","5","722513","78","0","2025","1","",614,9217,9201,9201,77792606,52428129,1269511,650,"",0.85,0.77,0.77,0.76,0.40,1.06,1.07,0.53,"",36,6.2,149,1.6,127,1.4,66,0.7,3526977,4.7,304481,0.6,135441,11.9,22,3.5
"06081","5","722514","78","0","2025","1","",18,343,282,277,8081765,3333347,59351,2068,"",1.31,1.77,1.44,1.40,2.26,3.80,2.72,1.47,"",2,12.5,35,11.4,-28,-9.0,-34,-10.9,373613,4.8,-55002,-1.6,162,0.3,153,8.0
"06081","5","722515","78","0","2025","1","",268,2683,2702,2719,20594348,14102325,384681,586,"",1.17,1.10,1.11,1.08,0.50,1.34,1.20,0.45,"",18,7.2,79,3.0,129,5.0,197,7.8,2270986,12.4,1043811,8.0,64362,20.1,37,6.7
"06081","5","81","74","0","2025","1","",3693,13766,13930,14027,259265963,80130567,2356585,1434,"",1.57,1.13,1.13,1.14,0.57,1.04,0.95,0.50,"",260,7.6,-215,-1.5,-47,-0.3,149,1.1,17563845,7.3,-15180,0.0,165824,7.6,101,7.6
"06081","5","811","75","0","2025","1","",541,3601,3651,3638,63342742,25008060,766831,1342,"",0.82,0.94,0.94,0.94,0.39,0.82,0.82,0.41,"",17,3.2,-110,-3.0,-87,-2.3,-96,-2.6,3268016,5.4,-205870,-0.8,53557,7.5,102,8.2
"06081","5","8111","76","0","2025","1","",458,3039,3083,3064,52224842,21009557,589966,1312,"",0.98,1.12,1.13,1.12,0.52,1.03,1.01,0.46,"",15,3.4,-72,-2.3,-48,-1.5,-65,-2.1,4416242,9.2,128396,0.6,58844,11.1,135,11.5
"06081","5","81111","77","0","2025","1","",259,1065,1085,1086,18480738,7670579,206734,1318,"",1.01,0.91,0.92,0.93,0.40,0.81,0.79,0.43,"",10,4.0,-18,-1.7,-8,-0.7,4,0.4,533182,3.0,153932,2.0,20083,10.8,47,3.7
"06081","5","811111","78","0","2025","1","",239,988,1007,1007,17218548,7200994,191887,1324,"",1.04,0.94,0.95,0.95,0.41,0.85,0.81,0.43,"",7,3.0,-33,-3.2,-22,-2.1,-9,-0.9,454588,2.7,127455,1.8,17743,10.2,62,4.9
"06081","5","811114","78","0","2025","1","",20,77,78,79,1262190,469585,14847,1245,"",0.74,0.66,0.67,0.67,0.28,0.51,0.60,0.42,"",3,17.6,15,24.2,14,21.9,13,19.7,78594,6.6,26477,6.0,2340,18.7,-178,-12.5
"06081","5","81112","77","0","2025","1","",137,1277,1307,1282,27221229,9333405,290203,1625,"",1.21,1.66,1.68,1.66,0.78,1.42,1.49,0.47,"",5,3.8,-44,-3.3,-5,-0.4,-29,-2.2,3643683,15.5,-57141,-0.6,36708,14.5,245,17.8
"06081","5","811121","78","0","2025","1","",122,1233,1268,1241,26571262,9042110,276276,1639,"",1.30,1.83,1.87,1.84,0.86,1.56,1.63,0.46,"",4,3.4,-32,-2.5,8,0.6,-22,-1.7,3712345,16.2,46296,0.5,36904,15.4,246,17.7
"06081","5","811122","78","0","2025","1","",15,44,39,41,649967,291295,13927,1210,"",0.78,0.45,0.39,0.41,0.17,0.37,0.54,0.40,"",1,7.1,-12,-21.4,-13,-25.0,-7,-14.6,-68662,-9.6,-103437,-26.2,-196,-1.4,147,13.8
"06081","5","81119","77","0","2025","1","",62,697,691,696,6522875,4005573,93029,722,"",0.65,0.89,0.88,0.87,0.33,0.90,0.72,0.38,"",0,0.0,-10,-1.4,-35,-4.8,-40,-5.4,239377,3.8,31605,0.8,2053,2.3,53,7.9
"06081","5","811191","78","0","2025","1","",13,107,107,104,1224935,654509,19726,889,"",0.57,0.53,0.53,0.51,0.23,0.52,0.59,0.43,"",0,0.0,-15,-12.3,-22,-17.1,-23,-18.1,-175114,-12.5,-125509,-16.1,322,1.7,34,4.0
"06081","5","811192","78","0","2025","1","",30,513,507,513,4107761,2816025,58739,618,"",0.57,1.04,1.02,1.00,0.37,1.09,0.78,0.36,"",0,0.0,-5,-1.0,-22,-4.2,-29,-5.4,251441,6.5,127681,4.7,1559,2.7,58,10.4
"06081","5","811198","78","0","2025","1","",19,77,77,79,1190179,535039,14564,1179,"",0.92,0.91,0.90,0.92,0.39,0.88,0.72,0.43,"",0,0.0,10,14.9,9,13.2,12,17.9,163050,15.9,29433,5.8,172,1.2,6,0.5
"06081","5","8112","76","0","2025","1","",20,314,323,316,5974665,2274145,118082,1447,"",0.47,1.16,1.19,1.17,0.37,0.96,1.45,0.31,"",1,5.3,-18,-5.4,-17,-5.0,-22,-6.5,-716365,-10.7,-157593,-6.5,-4603,-3.8,-82,-5.4
"06081","5","81121","77","0","2025","1","",20,314,323,316,5974665,2274145,118082,1447,"",0.47,1.16,1.19,1.17,0.37,0.96,1.45,0.31,"",1,5.3,-18,-5.4,-17,-5.0,-22,-6.5,-716365,-10.7,-157593,-6.5,-4603,-3.8,-82,-5.4
"06081","5","811210","78","0","2025","1","",20,314,323,316,5974665,2274145,118082,1447,"",0.47,1.16,1.19,1.17,0.37,0.96,1.45,0.31,"",1,5.3,-18,-5.4,-17,-5.0,-22,-6.5,-716365,-10.7,-157593,-6.5,-4603,-3.8,-82,-5.4
"06081","5","8113","76","0","2025","1","",23,147,142,148,3662034,1023058,38481,1934,"",0.27,0.23,0.22,0.23,0.10,0.17,0.18,0.42,"",0,0.0,-8,-5.2,-19,-11.8,-14,-8.6,-358762,-8.9,-128875,-11.2,1573,4.3,-7,-0.4
"06081","5","81131","77","0","2025","1","",23,147,142,148,3662034,1023058,38481,1934,"",0.27,0.23,0.22,0.23,0.10,0.17,0.18,0.42,"",0,0.0,-8,-5.2,-19,-11.8,-14,-8.6,-358762,-8.9,-128875,-11.2,1573,4.3,-7,-0.4
"06081","5","811310","78","0","2025","1","",23,147,142,148,3662034,1023058,38481,1934,"",0.27,0.23,0.22,0.23,0.10,0.17,0.18,0.42,"",0,0.0,-8,-5.2,-19,-11.8,-14,-8.6,-358762,-8.9,-128875,-11.2,1573,4.3,-7,-0.4
"06081","5","8114","76","0","2025","1","",40,101,103,110,1481201,701300,20302,1089,"",0.60,0.48,0.48,0.51,0.20,0.47,0.43,0.41,"",1,2.6,-12,-10.6,-3,-2.8,5,4.8,-73099,-4.7,-47798,-6.4,-2257,-10.0,-18,-1.6
"06081","5","81141","77","0","2025","1","",16,37,38,39,704817,267095,6294,1427,"",0.72,0.48,0.49,0.50,0.24,0.46,0.32,0.50,"",0,0.0,-12,-24.5,-8,-17.4,-5,-11.4,-104058,-12.9,-70823,-21.0,-2871,-31.3,84,6.3
"06081","5","811412","78","0","2025","1","",16,37,38,39,704817,267095,6294,1427,"",0.95,0.59,0.60,0.62,0.29,0.55,0.39,0.48,"",0,0.0,-12,-24.5,-8,-17.4,-5,-11.4,-104058,-12.9,-70823,-21.0,-2871,-31.3,84,6.3
"06081","5","81142","77","0","2025","1","",9,35,35,39,519581,249537,6535,1100,"",0.99,1.09,1.08,1.19,0.50,1.12,0.98,0.45,"",0,0.0,-4,-10.3,-2,-5.4,2,5.4,-18955,-3.5,-7746,-3.0,-1315,-16.8,0,0.0
"06081","5","811420","78","0","2025","1","",9,35,35,39,519581,249537,6535,1100,"",0.99,1.09,1.08,1.19,0.50,1.12,0.98,0.45,"",0,0.0,-4,-10.3,-2,-5.4,2,5.4,-18955,-3.5,-7746,-3.0,-1315,-16.8,0,0.0
"06081","5","81143","77","0","2025","1","N",2,0,0,0,0,0,0,0,"N",1.09,0,0,0,0,0,0,0,"N",0,0.0,0,0,0,0,0,0,0,0,0,0,0,0,0,0
"06081","5","811430","78","0","2025","1","N",2,0,0,0,0,0,0,0,"N",1.09,0,0,0,0,0,0,0,"N",0,0.0,0,0,0,0,0,0,0,0,0,0,0,0,0,0
"06081","5","81149","77","0","2025","1","N",13,0,0,0,0,0,0,0,"N",0.39,0,0,0,0,0,0,0,"N",1,8.3,0,0,0,0,0,0,0,0,0,0,0,0,0,0
"06081","5","811490","78","0","2025","1","N",13,0,0,0,0,0,0,0,"N",0.39,0,0,0,0,0,0,0,"N",1,8.3,0,0,0,0,0,0,0,0,0,0,0,0,0,0
"06081","5","812","75","0","2025","1","",715,4757,4792,4863,56626365,28539363,739356,907,"",1.00,1.16,1.16,1.17,0.53,1.22,1.04,0.46,"",62,9.5,-79,-1.6,12,0.3,114,2.4,2572637,4.8,632397,2.3,71102,10.6,39,4.5
"06081","5","8121","76","0","2025","1","",433,1877,1887,1927,15421327,10388954,286447,625,"",1.04,0.96,0.96,0.97,0.35,0.98,0.91,0.36,"",47,12.2,-16,-0.8,8,0.4,47,2.5,37444,0.2,109696,1.1,14603,5.4,-3,-0.5
"06081","5","81211","77","0","2025","1","",328,1390,1373,1403,10673110,7359086,192979,591,"",1.02,0.96,0.95,0.96,0.34,0.94,0.88,0.35,"",28,9.3,-1,-0.1,15,1.1,38,2.8,144025,1.4,143007,2.0,12301,6.8,0,0.0
"06081","5","812111","78","0","2025","1","",8,20,21,19,156082,118821,4077,600,"",0.35,0.21,0.22,0.20,0.06,0.20,0.26,0.30,"",5,166.7,3,17.6,4,23.5,4,26.7,16690,12.0,15309,14.8,338,9.0,-56,-8.5
"06081","5","812112","78","0","2025","1","",192,680,670,681,6375193,3946727,108162,724,"",0.93,0.71,0.70,0.71,0.29,0.74,0.78,0.40,"",19,11.0,33,5.1,15,2.3,30,4.6,101814,1.6,124331,3.3,9829,10.0,-17,-2.3
"06081","5","812113","78","0","2025","1","",128,690,682,703,4141835,3293538,80740,461,"",1.40,1.76,1.74,1.75,0.61,1.77,1.25,0.35,"",4,3.2,-37,-5.1,-4,-0.6,4,0.6,25521,0.6,3367,0.1,2134,2.7,11,2.4
"06081","5","81219","77","0","2025","1","",105,487,514,524,4748217,3029868,93468,719,"",1.11,0.95,0.99,1.00,0.38,1.08,0.96,0.39,"",19,22.1,-15,-3.0,-7,-1.3,9,1.7,-106581,-2.2,-33311,-1.1,2302,2.5,-9,-1.2
"06081","5","812191","78","0","2025","1","N",2,0,0,0,0,0,0,0,"N",0.31,0,0,0,0,0,0,0,"N",0,0.0,0,0,0,0,0,0,0,0,0,0,0,0,0,0
"06081","5","812199","78","0","2025","1","N",103,0,0,0,0,0,0,0,"N",1.17,0,0,0,0,0,0,0,"N",19,22.6,0,0,0,0,0,0,0,0,0,0,0,0,0,0
"06081","5","8122","76","0","2025","1","",27,510,509,509,10094672,3149105,85467,1525,"",0.55,1.46,1.45,1.45,0.81,1.40,1.42,0.56,"",2,8.0,-5,-1.0,-5,-1.0,0,0.0,279689,2.8,-52736,-1.6,11928,16.2,52,3.5
"06081","5","81221","77","0","2025","1","",13,193,193,192,2717167,1218424,31157,1085,"",0.35,0.71,0.71,0.70,0.29,0.71,0.84,0.41,"",2,18.2,-9,-4.5,-4,-2.0,-4,-2.0,-22415,-0.8,-10007,-0.8,3990,14.7,22,2.1
"06081","5","812210","78","0","2025","1","",13,193,193,192,2717167,1218424,31157,1085,"",0.35,0.71,0.71,0.70,0.29,0.71,0.84,0.41,"",2,18.2,-9,-4.5,-4,-2.0,-4,-2.0,-22415,-0.8,-10007,-0.8,3990,14.7,22,2.1
"06081","5","81222","77","0","2025","1","",14,317,316,317,7377505,1930681,54310,1792,"",1.18,4.05,4.04,3.99,2.35,3.59,2.33,0.58,"",0,0.0,4,1.3,-1,-0.3,4,1.3,302104,4.3,-42729,-2.2,7938,17.1,61,3.5
"06081","5","812220","78","0","2025","1","",14,317,316,317,7377505,1930681,54310,1792,"",1.18,4.05,4.04,3.99,2.35,3.59,2.33,0.58,"",0,0.0,4,1.3,-1,-0.3,4,1.3,302104,4.3,-42729,-2.2,7938,17.1,61,3.5
"06081","5","8123","76","0","2025","1","",84,827,833,832,12012637,6209343,125062,1112,"",1.15,1.22,1.22,1.22,0.58,1.39,1.03,0.48,"",-1,-1.2,1,0.1,10,1.2,10,1.2,1830397,18.0,626758,11.2,20241,19.3,161,16.9
"06081","5","81231","77","0","2025","1","",31,90,93,98,729911,493964,10392,599,"",1.15,0.86,0.88,0.92,0.36,0.98,0.63,0.40,"",2,6.9,-6,-6.2,-5,-5.1,5,5.4,52749,7.8,15203,3.2,518,5.2,55,10.1
"06081","5","812310","78","0","2025","1","",31,90,93,98,729911,493964,10392,599,"",1.15,0.86,0.88,0.92,0.36,0.98,0.63,0.40,"",2,6.9,-6,-6.2,-5,-5.1,5,5.4,52749,7.8,15203,3.2,518,5.2,55,10.1
"06081","5","81232","77","0","2025","1","",47,409,410,412,4654270,2731045,61496,873,"",1.21,1.75,1.75,1.76,0.91,2.18,1.85,0.52,"",-3,-6.0,-2,-0.5,1,0.2,1,0.2,47597,1.0,58551,2.2,6975,12.8,9,1.0
"06081","5","812320","78","0","2025","1","",47,409,410,412,4654270,2731045,61496,873,"",1.21,1.75,1.75,1.76,0.91,2.18,1.85,0.52,"",-3,-6.0,-2,-0.5,1,0.2,1,0.2,47597,1.0,58551,2.2,6975,12.8,9,1.0
"06081","5","81233","77","0","2025","1","",6,328,330,322,6628456,2984334,53174,1561,"",0.80,0.96,0.96,0.94,0.49,1.10,0.74,0.52,"",0,0.0,9,2.8,14,4.4,4,1.3,1730051,35.3,553004,22.7,12748,31.5,375,31.6
"06081","5","812331","78","0","2025","1","N",4,0,0,0,0,0,0,0,"N",1.05,0,0,0,0,0,0,0,"N",0,0.0,0,0,0,0,0,0,0,0,0,0,0,0,0,0
"06081","5","812332","78","0","2025","1","N",2,0,0,0,0,0,0,0,"N",0.54,0,0,0,0,0,0,0,"N",0,0.0,0,0,0,0,0,0,0,0,0,0,0,0,0,0
"06081","5","8129","76","0","2025","1","",171,1543,1563,1595,19097729,8791961,242380,937,"",0.95,1.38,1.39,1.40,0.65,1.42,1.12,0.47,"",14,8.9,-59,-3.7,-1,-0.1,57,3.7,425107,2.3,-51321,-0.6,24330,11.2,21,2.3
"06081","5","81291","77","0","2025","1","",66,631,610,615,7140443,2741224,71137,888,"",0.89,1.23,1.20,1.19,0.67,1.08,0.94,0.55,"",1,1.5,-29,-4.4,-33,-5.1,-35,-5.4,-91277,-1.3,-115997,-4.1,-1512,-2.1,33,3.9
"06081","5","812910","78","0","2025","1","",66,631,610,615,7140443,2741224,71137,888,"",0.89,1.23,1.20,1.19,0.67,1.08,0.94,0.55,"",1,1.5,-29,-4.4,-33,-5.1,-35,-5.4,-91277,-1.3,-115997,-4.1,-1512,-2.1,33,3.9
"06081","5","81292","77","0","2025","1","N",1,0,0,0,0,0,0,0,"N",0.61,0,0,0,0,0,0,0,"N",0,0.0,0,0,0,0,0,0,0,0,0,0,0,0,0,0
"06081","5","812921","78","0","2025","1","N",1,0,0,0,0,0,0,0,"N",0.76,0,0,0,0,0,0,0,"N",0,0.0,0,0,0,0,0,0,0,0,0,0,0,0,0,0
"06081","5","81293","77","0","2025","1","",41,761,790,822,10135240,5193928,138969,986,"",1.94,2.18,2.24,2.31,1.15,2.62,1.87,0.51,"",6,17.1,71,10.3,107,15.7,133,19.3,1354468,15.4,110775,2.2,24958,21.9,3,0.3
"06081","5","812930","78","0","2025","1","",41,761,790,822,10135240,5193928,138969,986,"",1.94,2.18,2.24,2.31,1.15,2.62,1.87,0.51,"",6,17.1,71,10.3,107,15.7,133,19.3,1354468,15.4,110775,2.2,24958,21.9,3,0.3
"06081","5","81299","77","0","2025","1","N",63,0,0,0,0,0,0,0,"N",0.77,0,0,0,0,0,0,0,"N",7,12.5,0,0,0,0,0,0,0,0,0,0,0,0,0,0
"06081","5","812990","78","0","2025","1","N",63,0,0,0,0,0,0,0,"N",0.77,0,0,0,0,0,0,0,"N",7,12.5,0,0,0,0,0,0,0,0,0,0,0,0,0,0
"06081","5","813","75","0","2025","1","",425,3247,3287,3307,107916812,13292488,442211,2531,"",0.88,0.87,0.88,0.88,0.64,0.67,0.63,0.73,"",15,3.7,91,2.9,46,1.4,78,2.4,10614586,10.9,-103009,-0.8,32278,7.9,198,8.5
"06081","5","8131","76","0","2025","1","",75,684,695,697,8056518,1025739,35377,896,"",1.07,1.25,1.27,1.28,0.55,0.69,0.64,0.44,"",0,0.0,-14,-2.0,-16,-2.3,-14,-2.0,310229,4.0,-63240,-5.8,4779,15.6,53,6.3
"06081","5","81311","77","0","2025","1","",75,684,695,697,8056518,1025739,35377,896,"",1.07,1.25,1.27,1.28,0.55,0.69,0.64,0.44,"",0,0.0,-14,-2.0,-16,-2.3,-14,-2.0,310229,4.0,-63240,-5.8,4779,15.6,53,6.3
"06081","5","813110","78","0","2025","1","",75,684,695,697,8056518,1025739,35377,896,"",1.07,1.25,1.27,1.28,0.55,0.69,0.64,0.44,"",0,0.0,-14,-2.0,-16,-2.3,-14,-2.0,310229,4.0,-63240,-5.8,4779,15.6,53,6.3
"06081","5","8132","76","0","2025","1","",122,534,530,543,23127720,3471193,120515,3321,"",1.94,1.22,1.20,1.23,0.80,1.22,1.08,0.66,"",6,5.2,-5,-0.9,-11,-2.0,9,1.7,1263127,5.8,-18234,-0.5,15124,14.4,195,6.2
"06081","5","81321","77","0","2025","1","",122,534,530,543,23127720,3471193,120515,3321,"",1.94,1.22,1.20,1.23,0.80,1.22,1.08,0.66,"",6,5.2,-5,-0.9,-11,-2.0,9,1.7,1263127,5.8,-18234,-0.5,15124,14.4,195,6.2
"06081","5","813211","78","0","2025","1","",74,414,413,421,19374439,2638710,91945,3583,"",2.33,2.00,1.95,1.99,1.25,1.73,1.70,0.63,"",1,1.4,-10,-2.4,-16,-3.7,-5,-1.2,1028318,5.6,-120195,-4.4,10801,13.3,273,8.2
"06081","5","813212","78","0","2025","1","",17,39,39,37,1720447,280442,11532,3452,"",1.20,0.37,0.36,0.35,0.25,0.43,0.39,0.68,"",2,13.3,-5,-11.4,-5,-11.4,-3,-7.5,-281524,-14.1,-11396,-3.9,47,0.4,-157,-4.4
"06081","5","813219","78","0","2025","1","",31,81,78,85,2032834,552041,17038,1923,"",1.84,0.66,0.63,0.68,0.31,0.82,0.62,0.48,"",3,10.7,10,14.1,10,14.7,17,25.0,516333,34.0,113357,25.8,4276,33.5,232,13.7
"06081","5","8133","76","0","2025","1","",69,729,747,747,58067747,4709305,170358,6028,"",0.69,1.05,1.07,1.07,1.69,1.04,0.95,1.59,"",5,7.8,10,1.4,15,2.0,6,0.8,8132438,16.3,153892,3.4,18725,12.3,771,14.7
"06081","5","81331","77","0","2025","1","",69,729,747,747,58067747,4709305,170358,6028,"",0.69,1.05,1.07,1.07,1.69,1.04,0.95,1.59,"",5,7.8,10,1.4,15,2.0,6,0.8,8132438,16.3,153892,3.4,18725,12.3,771,14.7
"06081","5","813311","78","0","2025","1","",20,475,488,493,51280166,3388236,122055,8128,"",1.06,3.20,3.26,3.32,6.82,3.54,3.15,2.09,"",2,11.1,-2,-0.4,0,0.0,3,0.6,7153386,16.2,119036,3.6,14728,13.7,1129,16.1
"06081","5","813312","78","0","2025","1","",17,64,64,61,1040159,400153,15325,1270,"",0.66,0.31,0.31,0.30,0.10,0.32,0.36,0.34,"",0,0.0,-5,-7.2,-5,-7.2,-11,-15.3,-171413,-14.1,-46404,-10.4,204,1.3,-61,-4.6
"06081","5","813319","78","0","2025","1","",32,190,195,193,5747422,920916,32978,2295,"",0.57,0.56,0.57,0.57,0.34,0.40,0.34,0.61,"",3,10.3,17,9.8,20,11.4,14,7.8,1150465,25.0,81260,9.7,3793,13.0,282,14.0
"06081","5","8134","76","0","2025","1","",72,746,773,757,7119617,850738,24095,722,"",0.94,0.81,0.83,0.80,0.36,0.38,0.31,0.44,"",6,9.1,52,7.5,53,7.4,55,7.8,649211,10.0,-52615,-5.8,273,1.1,16,2.3
"06081","5","81341","77","0","2025","1","",72,746,773,757,7119617,850738,24095,722,"",0.94,0.81,0.83,0.80,0.36,0.38,0.31,0.44,"",6,9.1,52,7.5,53,7.4,55,7.8,649211,10.0,-52615,-5.8,273,1.1,16,2.3
"06081","5","813410","78","0","2025","1","",72,746,773,757,7119617,850738,24095,722,"",0.94,0.81,0.83,0.80,0.36,0.38,0.31,0.44,"",6,9.1,52,7.5,53,7.4,55,7.8,649211,10.0,-52615,-5.8,273,1.1,16,2.3
"06081","5","8139","76","0","2025","1","",87,554,542,563,11545210,3235513,91866,1606,"",0.50,0.49,0.48,0.50,0.16,0.37,0.33,0.33,"",-2,-2.2,48,9.5,5,0.9,22,4.1,259581,2.3,-122812,-3.7,-6623,-6.7,-38,-2.3
"06081","5","81391","77","0","2025","1","N",22,0,0,0,0,0,0,0,"N",0.38,0,0,0,0,0,0,0,"N",-1,-4.3,0,0,0,0,0,0,0,0,0,0,0,0,0,0
"06081","5","813910","78","0","2025","1","N",22,0,0,0,0,0,0,0,"N",0.38,0,0,0,0,0,0,0,"N",-1,-4.3,0,0,0,0,0,0,0,0,0,0,0,0,0,0
"06081","5","81392","77","0","2025","1","",14,72,72,72,1915302,482122,25586,2046,"",0.42,0.30,0.30,0.30,0.10,0.24,0.38,0.32,"",0,0.0,-26,-26.5,-26,-26.5,-26,-26.5,-1152890,-37.6,-200555,-29.4,-8894,-25.8,-362,-15.0
"06081","5","813920","78","0","2025","1","",14,72,72,72,1915302,482122,25586,2046,"",0.42,0.30,0.30,0.30,0.10,0.24,0.38,0.32,"",0,0.0,-26,-26.5,-26,-26.5,-26,-26.5,-1152890,-37.6,-200555,-29.4,-8894,-25.8,-362,-15.0
"06081","5","81393","77","0","2025","1","",30,308,291,303,5028665,1459894,35199,1287,"",0.88,1.12,1.05,1.07,0.43,0.83,0.62,0.40,"",0,0.0,71,30.0,25,9.4,36,13.5,375130,8.1,58316,4.2,2488,7.6,-108,-7.7
"06081","5","813930","78","0","2025","1","",30,308,291,303,5028665,1459894,35199,1287,"",0.88,1.12,1.05,1.07,0.43,0.83,0.62,0.40,"",0,0.0,71,30.0,25,9.4,36,13.5,375130,8.1,58316,4.2,2488,7.6,-108,-7.7
"06081","5","81394","77","0","2025","1","N",2,0,0,0,0,0,0,0,"N",0.22,0,0,0,0,0,0,0,"N",-1,-33.3,0,0,0,0,0,0,0,0,0,0,0,0,0,0
"06081","5","813940","78","0","2025","1","N",2,0,0,0,0,0,0,0,"N",0.22,0,0,0,0,0,0,0,"N",-1,-33.3,0,0,0,0,0,0,0,0,0,0,0,0,0,0
"06081","5","81399","77","0","2025","1","",19,117,116,117,2346496,808269,18275,1547,"",0.47,0.42,0.41,0.42,0.19,0.42,0.30,0.46,"",0,0.0,2,1.7,-2,-1.7,-2,-1.7,154896,7.1,-4058,-0.5,-2949,-13.9,110,7.7
"06081","5","813990","78","0","2025","1","",19,117,116,117,2346496,808269,18275,1547,"",0.47,0.42,0.41,0.42,0.19,0.42,0.30,0.46,"",0,0.0,2,1.7,-2,-1.7,-2,-1.7,154896,7.1,-4058,-0.5,-2949,-13.9,110,7.7
"06081","5","814","75","0","2025","1","",2012,2161,2200,2219,31380044,13290656,408187,1101,"",4.06,4.01,4.05,4.08,1.96,4.12,3.32,0.49,"",166,9.0,-117,-5.1,-18,-0.8,53,2.4,1108606,3.7,-338698,-2.5,8887,2.2,52,5.0
"06081","5","8141","76","0","2025","1","",2012,2161,2200,2219,31380044,13290656,408187,1101,"",4.06,4.01,4.05,4.08,1.96,4.12,3.32,0.49,"",166,9.0,-117,-5.1,-18,-0.8,53,2.4,1108606,3.7,-338698,-2.5,8887,2.2,52,5.0
"06081","5","81411","77","0","2025","1","",2012,2161,2200,2219,31380044,13290656,408187,1101,"",4.06,4.01,4.05,4.08,1.96,4.12,3.32,0.49,"",166,9.0,-117,-5.1,-18,-0.8,53,2.4,1108606,3.7,-338698,-2.5,8887,2.2,52,5.0
"06081","5","814110","78","0","2025","1","",2012,2161,2200,2219,31380044,13290656,408187,1101,"",4.06,4.01,4.05,4.08,1.96,4.12,3.32,0.49,"",166,9.0,-117,-5.1,-18,-0.8,53,2.4,1108606,3.7,-338698,-2.5,8887,2.2,52,5.0
"06081","5","99","74","0","2025","1","",51,38,40,43,376914,242781,5544,719,"",0.08,0.07,0.07,0.08,0.01,0.05,0.02,0.17,"",32,168.4,37,3700.0,39,3900.0,42,4200.0,359635,2081.3,225502,1305.1,4957,844.5,-610,-45.9
"06081","5","999","75","0","2025","1","",51,38,40,43,376914,242781,5544,719,"",0.08,0.07,0.07,0.08,0.01,0.05,0.02,0.17,"",32,168.4,37,3700.0,39,3900.0,42,4200.0,359635,2081.3,225502,1305.1,4957,844.5,-610,-45.9
"06081","5","9999","76","0","2025","1","",51,38,40,43,376914,242781,5544,719,"",0.08,0.07,0.07,0.08,0.01,0.05,0.02,0.17,"",32,168.4,37,3700.0,39,3900.0,42,4200.0,359635,2081.3,225502,1305.1,4957,844.5,-610,-45.9
"06081","5","99999","77","0","2025","1","",51,38,40,43,376914,242781,5544,719,"",0.08,0.07,0.07,0.08,0.01,0.05,0.02,0.17,"",32,168.4,37,3700.0,39,3900.0,42,4200.0,359635,2081.3,225502,1305.1,4957,844.5,-610,-45.9
"06081","5","999999","78","0","2025","1","",51,38,40,43,376914,242781,5544,719,"",0.08,0.07,0.07,0.08,0.01,0.05,0.02,0.17,"",32,168.4,37,3700.0,39,3900.0,42,4200.0,359635,2081.3,225502,1305.1,4957,844.5,-610,-45.9
