"area_fips","own_code","industry_code","agglvl_code","size_code","year","qtr","disclosure_code","annual_avg_estabs","annual_avg_emplvl","total_annual_wages","taxable_annual_wages","annual_contributions","annual_avg_wkly_wage","avg_annual_pay","lq_disclosure_code","lq_annual_avg_estabs","lq_annual_avg_emplvl","lq_total_annual_wages","lq_taxable_annual_wages","lq_annual_contributions","lq_annual_avg_wkly_wage","lq_avg_annual_pay","oty_disclosure_code","oty_annual_avg_estabs_chg","oty_annual_avg_estabs_pct_chg","oty_annual_avg_emplvl_chg","oty_annual_avg_emplvl_pct_chg","oty_total_annual_wages_chg","oty_total_annual_wages_pct_chg","oty_taxable_annual_wages_chg","oty_taxable_annual_wages_pct_chg","oty_annual_contributions_chg","oty_annual_contributions_pct_chg","oty_annual_avg_wkly_wage_chg","oty_annual_avg_wkly_wage_pct_chg","oty_avg_annual_pay_chg","oty_avg_annual_pay_pct_chg"
"06085","0","10","70","0","2024","A","",83418,1116581,220014308093,8928588425,270340684,3789,197043,"",1.00,1.00,1.00,1.00,1.00,1.00,1.00,"",4046,5.1,-3129,-0.3,24408285358,12.5,-100997580,-1.1,10785646,4.2,430,12.8,22349,12.8
"06085","1","10","71","0","2024","A","",98,9988,1304355007,0,0,2511,130591,"",0.23,0.46,0.23,0.00,0.00,0.49,0.49,"",7,7.7,-42,-0.4,39610525,3.1,0,0.0,0,0.0,86,3.5,4500,3.6
"06085","1","102","72","0","2024","A","",98,9988,1304355007,0,0,2511,130591,"",0.23,0.47,0.23,0.00,0.00,0.49,0.49,"",7,7.7,-42,-0.4,39610525,3.1,0,0.0,0,0.0,86,3.5,4500,3.6
"06085","1","1021","73","0","2024","A","",48,2676,211879565,0,0,1523,79178,"",0.23,0.55,0.23,0.00,0.00,0.42,0.42,"",3,6.7,7,0.3,-3374284,-1.6,0,0.0,0,0.0,-28,-1.8,-1477,-1.8
"06085","1","1024","73","0","2024","A","",1,1,164997,0,0,3461,179997,"",0.09,0.00,0.00,0.00,0.00,0.68,0.68,"N",1,100.0,0,0,0,0,0,0,0,0,0,0,0,0
"06085","1","1025","73","0","2024","A","",1,3524,568082563,0,0,3100,161185,"",0.10,1.07,0.62,0.00,0.00,0.58,0.58,"",0,0.0,-56,-1.6,15704031,2.8,0,0.0,0,0.0,133,4.5,6900,4.5
"06085","1","1028","73","0","2024","A","",48,3787,524227882,0,0,2662,138437,"",0.28,0.31,0.15,0.00,0.00,0.47,0.47,"",3,6.7,6,0.2,27115781,5.5,0,0.0,0,0.0,134,5.3,6972,5.3
"06085","1","44-45","74","0","2024","A","",2,50,3048209,0,0,1168,60762,"",0.40,0.17,0.10,0.00,0.00,0.59,0.59,"",0,0.0,0,0.0,230340,8.2,0,0.0,0,0.0,73,6.7,3835,6.7
"06085","1","445","75","0","2024","A","",1,39,2561351,0,0,1266,65816,"",0.71,0.54,0.26,0.00,0.00,0.49,0.49,"",0,0.0,2,5.4,233510,10.0,0,0.0,0,0.0,70,5.9,3602,5.8
"06085","1","4451","76","0","2024","A","",1,39,2561351,0,0,1266,65816,"",0.71,0.54,0.26,0.00,0.00,0.49,0.49,"",0,0.0,2,5.4,233510,10.0,0,0.0,0,0.0,70,5.9,3602,5.8
"06085","1","44511","77","0","2024","A","",1,39,2561351,0,0,1266,65816,"",0.83,0.57,0.27,0.00,0.00,0.48,0.48,"",0,0.0,2,5.4,233510,10.0,0,0.0,0,0.0,70,5.9,3602,5.8
"06085","1","445110","78","0","2024","A","",1,39,2561351,0,0,1266,65816,"",0.83,0.57,0.27,0.00,0.00,0.48,0.48,"",0,0.0,2,5.4,233510,10.0,0,0.0,0,0.0,70,5.9,3602,5.8
"06085","1","455","75","0","2024","A","",1,11,486858,0,0,832,43276,"",0.50,0.06,0.03,0.00,0.00,0.45,0.45,"",0,0.0,-1,-8.3,-3170,-0.6,0,0.0,0,0.0,52,6.7,2722,6.7
"06085","1","4551","76","0","2024","A","",1,11,486858,0,0,832,43276,"",0.68,0.09,0.04,0.00,0.00,0.44,0.44,"",0,0.0,-1,-8.3,-3170,-0.6,0,0.0,0,0.0,52,6.7,2722,6.7
"06085","1","45511","77","0","2024","A","",1,11,486858,0,0,832,43276,"",0.68,0.09,0.04,0.00,0.00,0.44,0.44,"",0,0.0,-1,-8.3,-3170,-0.6,0,0.0,0,0.0,52,6.7,2722,6.7
"06085","1","455110","78","0","2024","A","",1,11,486858,0,0,832,43276,"",0.68,0.09,0.04,0.00,0.00,0.44,0.44,"",0,0.0,-1,-8.3,-3170,-0.6,0,0.0,0,0.0,52,6.7,2722,6.7
"06085","1","48-49","74","0","2024","A","",46,2626,208831356,0,0,1529,79530,"",0.22,0.59,0.25,0.00,0.00,0.42,0.42,"",3,7.0,7,0.3,-3604624,-1.7,0,0.0,0,0.0,-31,-2.0,-1573,-1.9
"06085","1","491","75","0","2024","A","",46,2626,208831356,0,0,1529,79530,"",0.22,0.60,0.26,0.00,0.00,0.43,0.43,"",3,7.0,7,0.3,-3604624,-1.7,0,0.0,0,0.0,-31,-2.0,-1573,-1.9
"06085","1","4911","76","0","2024","A","",46,2626,208831356,0,0,1529,79530,"",0.22,0.60,0.26,0.00,0.00,0.43,0.43,"",3,7.0,7,0.3,-3604624,-1.7,0,0.0,0,0.0,-31,-2.0,-1573,-1.9
"06085","1","49111","77","0","2024","A","",46,2626,208831356,0,0,1529,79530,"",0.22,0.60,0.26,0.00,0.00,0.43,0.43,"",3,7.0,7,0.3,-3604624,-1.7,0,0.0,0,0.0,-31,-2.0,-1573,-1.9
"06085","1","491110","78","0","2024","A","",46,2626,208831356,0,0,1529,79530,"",0.22,0.60,0.26,0.00,0.00,0.43,0.43,"",3,7.0,7,0.3,-3604624,-1.7,0,0.0,0,0.0,-31,-2.0,-1573,-1.9
"06085","1","54","74","0","2024","A","",1,1,164997,0,0,3461,179997,"",0.11,0.00,0.00,0.00,0.00,0.67,0.67,"N",1,100.0,0,0,0,0,0,0,0,0,0,0,0,0
"06085","1","541","75","0","2024","A","",1,1,164997,0,0,3461,179997,"",0.11,0.00,0.00,0.00,0.00,0.67,0.67,"N",1,100.0,0,0,0,0,0,0,0,0,0,0,0,0
"06085","1","5417","76","0","2024","A","",1,1,164997,0,0,3461,179997,"",1.34,0.02,0.01,0.00,0.00,0.51,0.51,"N",1,100.0,0,0,0,0,0,0,0,0,0,0,0,0
"06085","1","54171","77","0","2024","A","",1,1,164997,0,0,3461,179997,"",1.35,0.02,0.01,0.00,0.00,0.51,0.51,"N",1,100.0,0,0,0,0,0,0,0,0,0,0,0,0
"06085","1","541713","78","0","2024","A","",1,1,164997,0,0,3461,179997,"",5.35,0.06,0.03,0.00,0.00,0.60,0.60,"N",1,100.0,0,0,0,0,0,0,0,0,0,0,0,0
"06085","1","62","74","0","2024","A","",1,3524,568082563,0,0,3100,161185,"",0.11,1.10,0.64,0.00,0.00,0.58,0.58,"",0,0.0,-56,-1.6,15704031,2.8,0,0.0,0,0.0,133,4.5,6900,4.5
"06085","1","622","75","0","2024","A","",1,3524,568082563,0,0,3100,161185,"",0.32,1.27,0.72,0.00,0.00,0.57,0.57,"",0,0.0,-56,-1.6,15704031,2.8,0,0.0,0,0.0,133,4.5,6900,4.5
"06085","1","6221","76","0","2024","A","",1,3524,568082563,0,0,3100,161185,"",0.33,1.30,0.73,0.00,0.00,0.57,0.57,"",0,0.0,-56,-1.6,15704031,2.8,0,0.0,0,0.0,133,4.5,6900,4.5
"06085","1","62211","77","0","2024","A","",1,3524,568082563,0,0,3100,161185,"",0.33,1.30,0.73,0.00,0.00,0.57,0.57,"",0,0.0,-56,-1.6,15704031,2.8,0,0.0,0,0.0,133,4.5,6900,4.5
"06085","1","622110","78","0","2024","A","",1,3524,568082563,0,0,3100,161185,"",0.33,1.30,0.73,0.00,0.00,0.57,0.57,"",0,0.0,-56,-1.6,15704031,2.8,0,0.0,0,0.0,133,4.5,6900,4.5
"06085","1","92","74","0","2024","A","",48,3787,524227882,0,0,2662,138437,"",0.28,0.31,0.15,0.00,0.00,0.47,0.47,"",3,6.7,6,0.2,27115781,5.5,0,0.0,0,0.0,134,5.3,6972,5.3
"06085","1","921","75","0","2024","A","",4,346,49235041,0,0,2737,142332,"",0.33,0.29,0.15,0.00,0.00,0.52,0.52,"",0,0.0,41,13.4,7053994,16.7,0,0.0,0,0.0,77,2.9,3996,2.9
"06085","1","9211","76","0","2024","A","",4,346,49235041,0,0,2737,142332,"",0.33,0.29,0.15,0.00,0.00,0.52,0.52,"",0,0.0,41,13.4,7053994,16.7,0,0.0,0,0.0,77,2.9,3996,2.9
"06085","1","92113","77","0","2024","A","",2,319,45578078,0,0,2745,142729,"",0.50,0.40,0.21,0.00,0.00,0.53,0.53,"",0,0.0,34,11.9,6168942,15.7,0,0.0,0,0.0,84,3.2,4370,3.2
"06085","1","921130","78","0","2024","A","",2,319,45578078,0,0,2745,142729,"",0.50,0.40,0.21,0.00,0.00,0.53,0.53,"",0,0.0,34,11.9,6168942,15.7,0,0.0,0,0.0,84,3.2,4370,3.2
"06085","1","92119","77","0","2024","A","",2,27,3656963,0,0,2646,137566,"",0.25,0.11,0.05,0.00,0.00,0.46,0.46,"",0,0.0,7,35.0,885052,31.9,0,0.0,0,0.0,-8,-0.3,-454,-0.3
"06085","1","921190","78","0","2024","A","",2,27,3656963,0,0,2646,137566,"",0.25,0.11,0.05,0.00,0.00,0.46,0.46,"",0,0.0,7,35.0,885052,31.9,0,0.0,0,0.0,-8,-0.3,-454,-0.3
"06085","1","922","75","0","2024","A","",14,343,49618990,0,0,2783,144732,"",0.58,0.18,0.08,0.00,0.00,0.43,0.43,"",0,0.0,-3,-0.9,2484588,5.3,0,0.0,0,0.0,160,6.1,8341,6.1
"06085","1","9221","76","0","2024","A","",14,343,49618990,0,0,2783,144732,"",0.58,0.18,0.08,0.00,0.00,0.43,0.43,"",0,0.0,-3,-0.9,2484588,5.3,0,0.0,0,0.0,160,6.1,8341,6.1
"06085","1","92211","77","0","2024","A","",2,89,10643753,0,0,2291,119146,"",0.40,0.37,0.15,0.00,0.00,0.40,0.40,"",0,0.0,-3,-3.3,262846,2.5,0,0.0,0,0.0,127,5.9,6616,5.9
"06085","1","922110","78","0","2024","A","",2,89,10643753,0,0,2291,119146,"",0.40,0.37,0.15,0.00,0.00,0.40,0.40,"",0,0.0,-3,-3.3,262846,2.5,0,0.0,0,0.0,127,5.9,6616,5.9
"06085","1","92212","77","0","2024","A","",8,202,30845944,0,0,2937,152703,"",0.68,0.19,0.08,0.00,0.00,0.43,0.43,"",0,0.0,-3,-1.5,1311548,4.4,0,0.0,0,0.0,169,6.1,8750,6.1
"06085","1","922120","78","0","2024","A","",8,202,30845944,0,0,2937,152703,"",0.68,0.19,0.08,0.00,0.00,0.43,0.43,"",0,0.0,-3,-1.5,1311548,4.4,0,0.0,0,0.0,169,6.1,8750,6.1
"06085","1","92213","77","0","2024","A","",3,37,6141651,0,0,3157,164142,"",1.18,0.22,0.10,0.00,0.00,0.44,0.44,"",0,0.0,-1,-2.6,196968,3.3,0,0.0,0,0.0,108,3.5,5617,3.5
"06085","1","922130","78","0","2024","A","",3,37,6141651,0,0,3157,164142,"",1.18,0.22,0.10,0.00,0.00,0.44,0.44,"",0,0.0,-1,-2.6,196968,3.3,0,0.0,0,0.0,108,3.5,5617,3.5
"06085","1","92219","77","0","2024","A","",1,14,1987642,0,0,2714,141134,"",0.25,0.06,0.03,0.00,0.00,0.44,0.44,"",0,0.0,3,27.3,713226,56.0,0,0.0,0,0.0,416,18.1,21657,18.1
"06085","1","922190","78","0","2024","A","",1,14,1987642,0,0,2714,141134,"",0.25,0.06,0.03,0.00,0.00,0.44,0.44,"",0,0.0,3,27.3,713226,56.0,0,0.0,0,0.0,416,18.1,21657,18.1
"06085","1","923","75","0","2024","A","",6,458,59307835,0,0,2490,129493,"",0.32,0.26,0.11,0.00,0.00,0.43,0.43,"",0,0.0,6,1.3,5269418,9.8,0,0.0,0,0.0,193,8.4,10049,8.4
"06085","1","9231","76","0","2024","A","",6,458,59307835,0,0,2490,129493,"",0.32,0.26,0.11,0.00,0.00,0.43,0.43,"",0,0.0,6,1.3,5269418,9.8,0,0.0,0,0.0,193,8.4,10049,8.4
"06085","1","92312","77","0","2024","A","",2,64,8367392,0,0,2501,130063,"",0.36,0.14,0.05,0.00,0.00,0.35,0.35,"",0,0.0,16,33.3,2939151,54.1,0,0.0,0,0.0,341,15.8,17755,15.8
"06085","1","923120","78","0","2024","A","",2,64,8367392,0,0,2501,130063,"",0.36,0.14,0.05,0.00,0.00,0.35,0.35,"",0,0.0,16,33.3,2939151,54.1,0,0.0,0,0.0,341,15.8,17755,15.8
"06085","1","92313","77","0","2024","A","",2,135,14543602,0,0,2067,107465,"",0.20,0.27,0.11,0.00,0.00,0.39,0.39,"",0,0.0,-11,-7.5,66250,0.5,0,0.0,0,0.0,157,8.2,8135,8.2
"06085","1","923130","78","0","2024","A","",2,135,14543602,0,0,2067,107465,"",0.20,0.27,0.11,0.00,0.00,0.39,0.39,"",0,0.0,-11,-7.5,66250,0.5,0,0.0,0,0.0,157,8.2,8135,8.2
"06085","1","92314","77","0","2024","A","",2,258,36396841,0,0,2709,140891,"",0.81,0.34,0.17,0.00,0.00,0.50,0.50,"",0,0.0,0,0.0,2264017,6.6,0,0.0,0,0.0,168,6.6,8764,6.6
"06085","1","923140","78","0","2024","A","",2,258,36396841,0,0,2709,140891,"",0.81,0.34,0.17,0.00,0.00,0.50,0.50,"",0,0.0,0,0.0,2264017,6.6,0,0.0,0,0.0,168,6.6,8764,6.6
"06085","1","924","75","0","2024","A","",3,257,37245949,0,0,2783,144738,"",0.08,0.34,0.18,0.00,0.00,0.53,0.53,"",0,0.0,13,5.3,3625793,10.8,0,0.0,0,0.0,133,5.0,6950,5.0
"06085","1","9241","76","0","2024","A","",3,257,37245949,0,0,2783,144738,"",0.08,0.34,0.18,0.00,0.00,0.53,0.53,"",0,0.0,13,5.3,3625793,10.8,0,0.0,0,0.0,133,5.0,6950,5.0
"06085","1","92412","77","0","2024","A","",3,257,37245949,0,0,2783,144738,"",0.09,0.41,0.24,0.00,0.00,0.57,0.57,"",0,0.0,13,5.3,3625793,10.8,0,0.0,0,0.0,133,5.0,6950,5.0
"06085","1","924120","78","0","2024","A","",3,257,37245949,0,0,2783,144738,"",0.09,0.41,0.24,0.00,0.00,0.57,0.57,"",0,0.0,13,5.3,3625793,10.8,0,0.0,0,0.0,133,5.0,6950,5.0
"06085","1","926","75","0","2024","A","",14,598,63331331,0,0,2036,105876,"",0.23,0.32,0.11,0.00,0.00,0.34,0.34,"",2,16.7,-25,-4.0,4436979,7.5,0,0.0,0,0.0,218,12.0,11343,12.0
"06085","1","9261","76","0","2024","A","",14,598,63331331,0,0,2036,105876,"",0.23,0.32,0.11,0.00,0.00,0.34,0.34,"",2,16.7,-25,-4.0,4436979,7.5,0,0.0,0,0.0,218,12.0,11343,12.0
"06085","1","92611","77","0","2024","A","",7,42,3875002,0,0,1778,92445,"",0.29,0.12,0.03,0.00,0.00,0.29,0.29,"",2,40.0,-1,-2.3,749182,24.0,0,0.0,0,0.0,385,27.6,20032,27.7
"06085","1","926110","78","0","2024","A","",7,42,3875002,0,0,1778,92445,"",0.29,0.12,0.03,0.00,0.00,0.29,0.29,"",2,40.0,-1,-2.3,749182,24.0,0,0.0,0,0.0,385,27.6,20032,27.7
"06085","1","92612","77","0","2024","A","",5,531,56488052,0,0,2044,106314,"",0.73,0.65,0.24,0.00,0.00,0.36,0.36,"",0,0.0,-22,-4.0,3642262,6.9,0,0.0,0,0.0,207,11.3,10795,11.3
"06085","1","926120","78","0","2024","A","",5,531,56488052,0,0,2044,106314,"",0.73,0.65,0.24,0.00,0.00,0.36,0.36,"",0,0.0,-22,-4.0,3642262,6.9,0,0.0,0,0.0,207,11.3,10795,11.3
"06085","1","92614","77","0","2024","A","",1,10,1128730,0,0,2118,110120,"",0.05,0.03,0.01,0.00,0.00,0.42,0.42,"",0,0.0,-1,-9.1,-112287,-9.0,0,0.0,0,0.0,-52,-2.4,-2700,-2.4
"06085","1","926140","78","0","2024","A","",1,10,1128730,0,0,2118,110120,"",0.05,0.03,0.01,0.00,0.00,0.42,0.42,"",0,0.0,-1,-9.1,-112287,-9.0,0,0.0,0,0.0,-52,-2.4,-2700,-2.4
"06085","1","92615","77","0","2024","A","",1,15,1839547,0,0,2412,125424,"",0.15,0.06,0.02,0.00,0.00,0.30,0.30,"",0,0.0,-1,-6.2,157822,9.4,0,0.0,0,0.0,337,16.2,17506,16.2
"06085","1","926150","78","0","2024","A","",1,15,1839547,0,0,2412,125424,"",0.15,0.06,0.02,0.00,0.00,0.30,0.30,"",0,0.0,-1,-6.2,157822,9.4,0,0.0,0,0.0,337,16.2,17506,16.2
"06085","1","927","75","0","2024","A","",1,1077,182703555,0,0,3263,169681,"",1.33,8.26,3.57,0.00,0.00,0.43,0.43,"",0,0.0,-28,-2.5,4633710,2.6,0,0.0,0,0.0,164,5.3,8532,5.3
"06085","1","9271","76","0","2024","A","",1,1077,182703555,0,0,3263,169681,"",1.33,8.26,3.57,0.00,0.00,0.43,0.43,"",0,0.0,-28,-2.5,4633710,2.6,0,0.0,0,0.0,164,5.3,8532,5.3
"06085","1","92711","77","0","2024","A","",1,1077,182703555,0,0,3263,169681,"",1.33,8.26,3.57,0.00,0.00,0.43,0.43,"",0,0.0,-28,-2.5,4633710,2.6,0,0.0,0,0.0,164,5.3,8532,5.3
"06085","1","927110","78","0","2024","A","",1,1077,182703555,0,0,3263,169681,"",1.33,8.26,3.57,0.00,0.00,0.43,0.43,"",0,0.0,-28,-2.5,4633710,2.6,0,0.0,0,0.0,164,5.3,8532,5.3
"06085","1","928","75","0","2024","A","",6,708,82785181,0,0,2249,116970,"",0.34,0.16,0.07,0.00,0.00,0.43,0.43,"",0,0.0,2,0.3,-388701,-0.5,0,0.0,0,0.0,-15,-0.7,-771,-0.7
"06085","1","9281","76","0","2024","A","",6,708,82785181,0,0,2249,116970,"",0.34,0.16,0.07,0.00,0.00,0.43,0.43,"",0,0.0,2,0.3,-388701,-0.5,0,0.0,0,0.0,-15,-0.7,-771,-0.7
"06085","1","92811","77","0","2024","A","",4,567,65197638,0,0,2211,114987,"",0.30,0.14,0.06,0.00,0.00,0.43,0.43,"",0,0.0,-7,-1.2,-2765506,-4.1,0,0.0,0,0.0,-65,-2.9,-3347,-2.8
"06085","1","928110","78","0","2024","A","",4,567,65197638,0,0,2211,114987,"",0.30,0.14,0.06,0.00,0.00,0.43,0.43,"",0,0.0,-7,-1.2,-2765506,-4.1,0,0.0,0,0.0,-65,-2.9,-3347,-2.8
"06085","1","92812","77","0","2024","A","",2,141,17587543,0,0,2403,124956,"",0.47,0.44,0.16,0.00,0.00,0.37,0.37,"",0,0.0,9,6.8,2376805,15.6,0,0.0,0,0.0,188,8.5,9796,8.5
"06085","1","928120","78","0","2024","A","",2,141,17587543,0,0,2403,124956,"",0.47,0.44,0.16,0.00,0.00,0.37,0.37,"",0,0.0,9,6.8,2376805,15.6,0,0.0,0,0.0,188,8.5,9796,8.5
"06085","2","10","71","0","2024","A","",207,6511,552927990,0,0,1633,84917,"",0.41,0.19,0.08,0.00,0.00,0.40,0.40,"",5,2.5,-3,0.0,44995730,8.9,0,0.0,0,0.0,134,8.9,6945,8.9
"06085","2","102","72","0","2024","A","",207,6511,552927990,0,0,1633,84917,"",0.42,0.19,0.08,0.00,0.00,0.40,0.40,"",5,2.5,-3,0.0,44995730,8.9,0,0.0,0,0.0,134,8.9,6945,8.9
"06085","2","1024","73","0","2024","A","",2,176,12273995,0,0,1345,69937,"",0.23,0.64,0.20,0.00,0.00,0.31,0.31,"",0,0.0,36,25.7,2085339,20.5,0,0.0,0,0.0,-56,-4.0,-2926,-4.0
"06085","2","1025","73","0","2024","A","",156,5001,423421266,0,0,1628,84674,"",1.48,0.25,0.10,0.00,0.00,0.40,0.40,"",3,2.0,9,0.2,33135638,8.5,0,0.0,0,0.0,124,8.2,6488,8.3
"06085","2","1028","73","0","2024","A","",48,1335,117219709,0,0,1688,87789,"",0.13,0.10,0.04,0.00,0.00,0.41,0.41,"",1,2.1,-48,-3.5,9761733,9.1,0,0.0,0,0.0,193,12.9,10071,13.0
"06085","2","1029","73","0","2024","A","",1,0,13020,0,0,3005,156240,"N",1.43,0,0,0,0,0,0,"N",1,100.0,0,0,0,0,0,0,0,0,0,0,0,0
"06085","2","56","74","0","2024","A","",2,176,12273995,0,0,1345,69937,"",0.51,2.27,0.90,0.00,0.00,0.40,0.40,"",0,0.0,36,25.7,2085339,20.5,0,0.0,0,0.0,-56,-4.0,-2926,-4.0
"06085","2","561","75","0","2024","A","",2,176,12273995,0,0,1345,69937,"",0.51,2.36,0.94,0.00,0.00,0.40,0.40,"",0,0.0,36,25.7,2085339,20.5,0,0.0,0,0.0,-56,-4.0,-2926,-4.0
"06085","2","5613","76","0","2024","A","",2,176,12273995,0,0,1345,69937,"",0.69,6.17,2.70,0.00,0.00,0.44,0.44,"",0,0.0,36,25.7,2085339,20.5,0,0.0,0,0.0,-56,-4.0,-2926,-4.0
"06085","2","56131","77","0","2024","A","",2,176,12273995,0,0,1345,69937,"",0.69,6.21,2.72,0.00,0.00,0.44,0.44,"",0,0.0,36,25.7,2085339,20.5,0,0.0,0,0.0,-56,-4.0,-2926,-4.0
"06085","2","561311","78","0","2024","A","",2,176,12273995,0,0,1345,69937,"",0.69,6.21,2.72,0.00,0.00,0.44,0.44,"",0,0.0,36,25.7,2085339,20.5,0,0.0,0,0.0,-56,-4.0,-2926,-4.0
"06085","2","61","74","0","2024","A","",156,5001,423421266,0,0,1628,84674,"",2.66,0.34,0.14,0.00,0.00,0.41,0.41,"",3,2.0,9,0.2,33135638,8.5,0,0.0,0,0.0,124,8.2,6488,8.3
"06085","2","611","75","0","2024","A","",156,5001,423421266,0,0,1628,84674,"",2.66,0.34,0.14,0.00,0.00,0.41,0.41,"",3,2.0,9,0.2,33135638,8.5,0,0.0,0,0.0,124,8.2,6488,8.3
"06085","2","6113","76","0","2024","A","",156,5001,423421266,0,0,1628,84674,"",3.58,0.39,0.15,0.00,0.00,0.39,0.39,"",3,2.0,9,0.2,33135638,8.5,0,0.0,0,0.0,124,8.2,6488,8.3
"06085","2","61131","77","0","2024","A","",156,5001,423421266,0,0,1628,84674,"",3.58,0.39,0.15,0.00,0.00,0.39,0.39,"",3,2.0,9,0.2,33135638,8.5,0,0.0,0,0.0,124,8.2,6488,8.3
"06085","2","611310","78","0","2024","A","",156,5001,423421266,0,0,1628,84674,"",3.58,0.39,0.15,0.00,0.00,0.39,0.39,"",3,2.0,9,0.2,33135638,8.5,0,0.0,0,0.0,124,8.2,6488,8.3
"06085","2","92","74","0","2024","A","",48,1335,117219709,0,0,1688,87789,"",0.13,0.10,0.04,0.00,0.00,0.41,0.41,"",1,2.1,-48,-3.5,9761733,9.1,0,0.0,0,0.0,193,12.9,10071,13.0
"06085","2","921","75","0","2024","A","",6,232,28030985,0,0,2324,120867,"",0.13,0.13,0.07,0.00,0.00,0.52,0.52,"",0,0.0,-8,-3.3,38355,0.1,0,0.0,0,0.0,85,3.8,4433,3.8
"06085","2","9211","76","0","2024","A","",6,232,28030985,0,0,2324,120867,"",0.13,0.13,0.07,0.00,0.00,0.52,0.52,"",0,0.0,-8,-3.3,38355,0.1,0,0.0,0,0.0,85,3.8,4433,3.8
"06085","2","92113","77","0","2024","A","",4,231,27976366,0,0,2332,121285,"",0.23,0.31,0.16,0.00,0.00,0.52,0.52,"",0,0.0,-6,-2.5,168247,0.6,0,0.0,0,0.0,73,3.2,3827,3.3
"06085","2","921130","78","0","2024","A","",4,231,27976366,0,0,2332,121285,"",0.23,0.31,0.16,0.00,0.00,0.52,0.52,"",0,0.0,-6,-2.5,168247,0.6,0,0.0,0,0.0,73,3.2,3827,3.3
"06085","2","92119","77","0","2024","A","",2,1,54619,0,0,840,43695,"",0.10,0.00,0.00,0.00,0.00,0.18,0.18,"",0,0.0,-3,-75.0,-129892,-70.4,0,0.0,0,0.0,-128,-13.2,-6626,-13.2
"06085","2","921190","78","0","2024","A","",2,1,54619,0,0,840,43695,"",0.10,0.00,0.00,0.00,0.00,0.18,0.18,"",0,0.0,-3,-75.0,-129892,-70.4,0,0.0,0,0.0,-128,-13.2,-6626,-13.2
"06085","2","922","75","0","2024","A","",10,246,25827378,0,0,2015,104776,"",0.10,0.05,0.02,0.00,0.00,0.47,0.47,"",2,25.0,17,7.4,7280842,39.3,0,0.0,0,0.0,459,29.5,23875,29.5
"06085","2","9221","76","0","2024","A","",10,246,25827378,0,0,2015,104776,"",0.10,0.05,0.02,0.00,0.00,0.47,0.47,"",2,25.0,17,7.4,7280842,39.3,0,0.0,0,0.0,459,29.5,23875,29.5
"06085","2","92212","77","0","2024","A","",6,199,16387355,0,0,1580,82176,"",0.34,0.26,0.08,0.00,0.00,0.31,0.31,"",0,0.0,-8,-3.9,1125566,7.4,0,0.0,0,0.0,164,11.6,8566,11.6
"06085","2","922120","78","0","2024","A","",6,199,16387355,0,0,1580,82176,"",0.34,0.26,0.08,0.00,0.00,0.31,0.31,"",0,0.0,-8,-3.9,1125566,7.4,0,0.0,0,0.0,164,11.6,8566,11.6
"06085","2","92214","77","0","2024","A","",0,6,707774,0,0,2300,119624,"",0.00,0.00,0.00,0.00,0.00,0.58,0.58,"N",0,0,0,0,0,0,0,0,0,0,0,0,0,0
"06085","2","922140","78","0","2024","A","",0,6,707774,0,0,2300,119624,"",0.00,0.00,0.00,0.00,0.00,0.58,0.58,"N",0,0,0,0,0,0,0,0,0,0,0,0,0,0
"06085","2","92215","77","0","2024","A","",3,41,8732249,0,0,4079,212119,"",0.45,0.27,0.30,0.00,0.00,1.09,1.09,"",1,50.0,19,86.4,5447502,165.8,0,0.0,0,0.0,1197,41.5,62245,41.5
"06085","2","922150","78","0","2024","A","",3,41,8732249,0,0,4079,212119,"",0.45,0.27,0.30,0.00,0.00,1.09,1.09,"",1,50.0,19,86.4,5447502,165.8,0,0.0,0,0.0,1197,41.5,62245,41.5
"06085","2","923","75","0","2024","A","",7,190,15456734,0,0,1562,81209,"",0.09,0.06,0.02,0.00,0.00,0.41,0.41,"",0,0.0,7,3.8,149563,1.0,0,0.0,0,0.0,-47,-2.9,-2437,-2.9
"06085","2","9231","76","0","2024","A","",7,190,15456734,0,0,1562,81209,"",0.09,0.06,0.02,0.00,0.00,0.41,0.41,"",0,0.0,7,3.8,149563,1.0,0,0.0,0,0.0,-47,-2.9,-2437,-2.9
"06085","2","92313","77","0","2024","A","",7,190,15456734,0,0,1562,81209,"",0.18,0.11,0.05,0.00,0.00,0.42,0.42,"",0,0.0,7,3.8,149563,1.0,0,0.0,0,0.0,-47,-2.9,-2437,-2.9
"06085","2","923130","78","0","2024","A","",7,190,15456734,0,0,1562,81209,"",0.18,0.11,0.05,0.00,0.00,0.42,0.42,"",0,0.0,7,3.8,149563,1.0,0,0.0,0,0.0,-47,-2.9,-2437,-2.9
"06085","2","924","75","0","2024","A","",2,308,21069174,0,0,1316,68406,"",0.04,0.27,0.09,0.00,0.00,0.35,0.35,"",0,0.0,-23,-6.9,1364972,6.9,0,0.0,0,0.0,172,15.0,8922,15.0
"06085","2","9241","76","0","2024","A","",2,308,21069174,0,0,1316,68406,"",0.04,0.27,0.09,0.00,0.00,0.35,0.35,"",0,0.0,-23,-6.9,1364972,6.9,0,0.0,0,0.0,172,15.0,8922,15.0
"06085","2","92412","77","0","2024","A","",2,308,21069174,0,0,1316,68406,"",0.05,0.38,0.14,0.00,0.00,0.38,0.38,"",0,0.0,-23,-6.9,1364972,6.9,0,0.0,0,0.0,172,15.0,8922,15.0
"06085","2","924120","78","0","2024","A","",2,308,21069174,0,0,1316,68406,"",0.05,0.38,0.14,0.00,0.00,0.38,0.38,"",0,0.0,-23,-6.9,1364972,6.9,0,0.0,0,0.0,172,15.0,8922,15.0
"06085","2","926","75","0","2024","A","",24,358,26835438,0,0,1440,74855,"",0.31,0.16,0.06,0.00,0.00,0.36,0.36,"",0,0.0,-41,-10.3,928001,3.6,0,0.0,0,0.0,191,15.3,9883,15.2
"06085","2","9261","76","0","2024","A","",24,358,26835438,0,0,1440,74855,"",0.31,0.16,0.06,0.00,0.00,0.36,0.36,"",0,0.0,-41,-10.3,928001,3.6,0,0.0,0,0.0,191,15.3,9883,15.2
"06085","2","92612","77","0","2024","A","",11,247,14705815,0,0,1143,59437,"",0.40,0.19,0.05,0.00,0.00,0.27,0.27,"",0,0.0,-39,-13.6,265727,1.8,0,0.0,0,0.0,172,17.7,8932,17.7
"06085","2","926120","78","0","2024","A","",11,247,14705815,0,0,1143,59437,"",0.40,0.19,0.05,0.00,0.00,0.27,0.27,"",0,0.0,-39,-13.6,265727,1.8,0,0.0,0,0.0,172,17.7,8932,17.7
"06085","2","92614","77","0","2024","A","",2,25,1509444,0,0,1153,59978,"",0.09,0.10,0.04,0.00,0.00,0.37,0.37,"",0,0.0,-1,-3.8,-238475,-13.6,0,0.0,0,0.0,-123,-9.6,-6399,-9.6
"06085","2","926140","78","0","2024","A","",2,25,1509444,0,0,1153,59978,"",0.09,0.10,0.04,0.00,0.00,0.37,0.37,"",0,0.0,-1,-3.8,-238475,-13.6,0,0.0,0,0.0,-123,-9.6,-6399,-9.6
"06085","2","92615","77","0","2024","A","",11,86,10620179,0,0,2377,123610,"",0.59,0.22,0.13,0.00,0.00,0.60,0.60,"",0,0.0,-1,-1.1,900749,9.3,0,0.0,0,0.0,216,10.0,11247,10.0
"06085","2","926150","78","0","2024","A","",11,86,10620179,0,0,2377,123610,"",0.59,0.22,0.13,0.00,0.00,0.60,0.60,"",0,0.0,-1,-1.1,900749,9.3,0,0.0,0,0.0,216,10.0,11247,10.0
"06085","2","99","74","0","2024","A","",1,0,13020,0,0,3005,156240,"N",1.43,0,0,0,0,0,0,"N",1,100.0,0,0,0,0,0,0,0,0,0,0,0,0
"06085","2","999","75","0","2024","A","",1,0,13020,0,0,3005,156240,"N",1.43,0,0,0,0,0,0,"N",1,100.0,0,0,0,0,0,0,0,0,0,0,0,0
"06085","2","9999","76","0","2024","A","",1,0,13020,0,0,3005,156240,"N",1.43,0,0,0,0,0,0,"N",1,100.0,0,0,0,0,0,0,0,0,0,0,0,0
"06085","2","99999","77","0","2024","A","",1,0,13020,0,0,3005,156240,"N",1.43,0,0,0,0,0,0,"N",1,100.0,0,0,0,0,0,0,0,0,0,0,0,0
"06085","2","999999","78","0","2024","A","",1,0,13020,0,0,3005,156240,"N",1.43,0,0,0,0,0,0,"N",1,100.0,0,0,0,0,0,0,0,0,0,0,0,0
"06085","3","10","71","0","2024","A","",1122,80429,8520844512,8090603,187237,2037,105943,"",0.94,0.76,0.47,0.06,0.13,0.62,0.62,"",-3,-0.3,2518,3.2,538203919,6.7,-2459465,-23.3,-60393,-24.4,67,3.4,3485,3.4
"06085","3","101","72","0","2024","A","",8,880,98964436,0,0,2164,112502,"",0.26,1.09,0.71,0.00,0.00,0.65,0.65,"",0,0.0,17,2.0,7686961,8.4,0,0.0,0,0.0,131,6.4,6765,6.4
"06085","3","1012","73","0","2024","A","",3,857,96005718,0,0,2154,112025,"",0.10,1.09,0.71,0.00,0.00,0.65,0.65,"",0,0.0,20,2.4,7989284,9.1,0,0.0,0,0.0,132,6.5,6857,6.5
"06085","3","1013","73","0","2024","A","",5,23,2958718,0,0,2510,130532,"",14.75,2.36,1.63,0.00,0.00,0.70,0.70,"",0,0.0,-3,-11.5,-302323,-9.3,0,0.0,0,0.0,129,5.4,6695,5.4
"06085","3","102","72","0","2024","A","",1114,79549,8421880076,8090603,187237,2036,105870,"",0.96,0.76,0.47,0.06,0.13,0.62,0.61,"",-3,-0.3,2501,3.2,530516958,6.7,-2459465,-23.3,-60393,-24.4,66,3.4,3449,3.4
"06085","3","1021","73","0","2024","A","",29,4512,615202863,54118,836,2622,136341,"",0.35,1.09,0.67,0.01,0.01,0.62,0.61,"",0,0.0,139,3.2,47139247,8.3,8800,19.4,124,17.4,124,5.0,6429,4.9
"06085","3","1022","73","0","2024","A","",6,1224,77051385,0,0,1211,62959,"",0.17,1.35,0.75,0.00,0.00,0.56,0.56,"",-1,-14.3,12,1.0,7200682,10.3,0,0.0,0,0.0,103,9.3,5318,9.2
"06085","3","1023","73","0","2024","A","",2,6,768107,42000,2275,2462,128018,"",0.15,0.02,0.01,0.02,0.05,0.68,0.68,"",0,0.0,-1,-14.3,-81514,-9.6,-14000,-25.0,-868,-27.6,-52,-2.1,-2693,-2.1
"06085","3","1024","73","0","2024","A","",5,308,34467565,0,0,2151,111877,"",0.15,0.43,0.28,0.00,0.00,0.64,0.64,"",0,0.0,18,6.2,4799864,16.2,0,0.0,0,0.0,180,9.1,9398,9.2
"06085","3","1025","73","0","2024","A","",984,47475,4577888422,5041930,113003,1854,96428,"",1.93,0.74,0.44,0.10,0.30,0.59,0.59,"",-1,-0.1,1038,2.2,224918958,5.2,-2594824,-34.0,-55675,-33.0,51,2.8,2690,2.9
"06085","3","1026","73","0","2024","A","",21,2670,152502466,1053172,15795,1098,57119,"",0.65,0.90,0.46,0.11,0.07,0.52,0.52,"",0,0.0,247,10.2,15252344,11.1,187073,21.6,2805,21.6,9,0.8,470,0.8
"06085","3","1027","73","0","2024","A","",3,64,6675916,464772,11154,1996,103771,"",0.21,0.26,0.18,0.87,0.79,0.67,0.67,"",0,0.0,4,6.7,513471,8.3,-27765,-5.6,1304,13.2,26,1.3,1348,1.3
"06085","3","1028","73","0","2024","A","",65,23290,2957323352,1434611,44174,2442,126979,"",0.15,0.75,0.49,0.03,0.07,0.66,0.66,"",0,0.0,1043,4.7,230773906,8.5,-18749,-1.3,-8083,-15.5,85,3.6,4422,3.6
"06085","3","22","74","0","2024","A","",12,1818,302156833,54118,836,3195,166157,"",0.21,0.98,0.67,0.01,0.01,0.69,0.69,"",0,0.0,22,1.2,18457483,6.5,8800,19.4,124,17.4,157,5.2,8166,5.2
"06085","3","221","75","0","2024","A","",12,1818,302156833,54118,836,3195,166157,"",0.21,0.98,0.67,0.01,0.01,0.69,0.69,"",0,0.0,22,1.2,18457483,6.5,8800,19.4,124,17.4,157,5.2,8166,5.2
"06085","3","2211","76","0","2024","A","",2,419,87580174,0,0,4020,209063,"",0.31,0.71,0.48,0.00,0.00,0.68,0.68,"",0,0.0,24,6.1,10888395,14.2,0,0.0,0,0.0,282,7.5,14702,7.6
"06085","3","22111","77","0","2024","A","",1,194,47378968,0,0,4703,244537,"",0.59,1.22,0.95,0.00,0.00,0.79,0.79,"",0,0.0,8,4.3,3058146,6.9,0,0.0,0,0.0,110,2.4,5718,2.4
"06085","3","221111","78","0","2024","A","",1,194,47378968,0,0,4703,244537,"",2.41,6.56,5.13,0.00,0.00,0.78,0.78,"",0,0.0,8,4.3,3058146,6.9,0,0.0,0,0.0,110,2.4,5718,2.4
"06085","3","22112","77","0","2024","A","",1,225,40201206,0,0,3433,178540,"",0.21,0.53,0.31,0.00,0.00,0.58,0.58,"",0,0.0,16,7.7,7830249,24.2,0,0.0,0,0.0,454,15.2,23655,15.3
"06085","3","221122","78","0","2024","A","",1,225,40201206,0,0,3433,178540,"",0.23,0.60,0.35,0.00,0.00,0.58,0.58,"",0,0.0,16,7.7,7830249,24.2,0,0.0,0,0.0,454,15.2,23655,15.3
"06085","3","2213","76","0","2024","A","",10,1400,214576659,54118,836,2948,153315,"",0.20,1.15,0.83,0.02,0.02,0.72,0.72,"",0,0.0,-1,-0.1,7569088,3.7,8800,19.4,124,17.4,107,3.8,5567,3.8
"06085","3","22131","77","0","2024","A","",5,1120,178430013,0,0,3063,159265,"",0.15,1.34,1.02,0.00,0.00,0.76,0.76,"",0,0.0,-5,-0.4,5552116,3.2,0,0.0,0,0.0,108,3.7,5619,3.7
"06085","3","221310","78","0","2024","A","",5,1120,178430013,0,0,3063,159265,"",0.15,1.34,1.02,0.00,0.00,0.76,0.76,"",0,0.0,-5,-0.4,5552116,3.2,0,0.0,0,0.0,108,3.7,5619,3.7
"06085","3","22132","77","0","2024","A","",5,279,36146646,54118,836,2489,129442,"",0.31,0.73,0.43,0.07,0.08,0.59,0.59,"",0,0.0,3,1.1,2016972,5.9,8800,19.4,124,17.4,110,4.6,5746,4.6
"06085","3","221320","78","0","2024","A","",5,279,36146646,54118,836,2489,129442,"",0.31,0.73,0.43,0.07,0.08,0.59,0.59,"",0,0.0,3,1.1,2016972,5.9,8800,19.4,124,17.4,110,4.6,5746,4.6
"06085","3","23","74","0","2024","A","",3,857,96005718,0,0,2154,112025,"",0.10,1.09,0.71,0.00,0.00,0.65,0.65,"",0,0.0,20,2.4,7989284,9.1,0,0.0,0,0.0,132,6.5,6857,6.5
"06085","3","237","75","0","2024","A","",3,857,96005718,0,0,2154,112025,"",0.11,1.13,0.74,0.00,0.00,0.65,0.65,"",0,0.0,20,2.4,7989284,9.1,0,0.0,0,0.0,132,6.5,6857,6.5
"06085","3","2373","76","0","2024","A","",3,857,96005718,0,0,2154,112025,"",0.11,1.17,0.77,0.00,0.00,0.66,0.66,"",0,0.0,20,2.4,7989284,9.1,0,0.0,0,0.0,132,6.5,6857,6.5
"06085","3","23731","77","0","2024","A","",3,857,96005718,0,0,2154,112025,"",0.11,1.17,0.77,0.00,0.00,0.66,0.66,"",0,0.0,20,2.4,7989284,9.1,0,0.0,0,0.0,132,6.5,6857,6.5
"06085","3","237310","78","0","2024","A","",3,857,96005718,0,0,2154,112025,"",0.11,1.17,0.77,0.00,0.00,0.66,0.66,"",0,0.0,20,2.4,7989284,9.1,0,0.0,0,0.0,132,6.5,6857,6.5
"06085","3","31-33","74","0","2024","A","",5,23,2958718,0,0,2510,130532,"",14.75,2.36,1.63,0.00,0.00,0.70,0.70,"",0,0.0,-3,-11.5,-302323,-9.3,0,0.0,0,0.0,129,5.4,6695,5.4
"06085","3","332","75","0","2024","A","",5,23,2958718,0,0,2510,130532,"N",120.45,0,0,0,0,0,0,"",0,0.0,-3,-11.5,-302323,-9.3,0,0.0,0,0.0,129,5.4,6695,5.4
"06085","3","3324","76","0","2024","A","",5,23,2958718,0,0,2510,130532,"",144.54,138.81,53.25,0.00,0.00,0.38,0.38,"",0,0.0,-3,-11.5,-302323,-9.3,0,0.0,0,0.0,129,5.4,6695,5.4
"06085","3","33243","77","0","2024","A","",5,23,2958718,0,0,2510,130532,"",144.54,138.81,53.25,0.00,0.00,0.38,0.38,"",0,0.0,-3,-11.5,-302323,-9.3,0,0.0,0,0.0,129,5.4,6695,5.4
"06085","3","332431","78","0","2024","A","",5,23,2958718,0,0,2510,130532,"",144.54,138.81,53.25,0.00,0.00,0.38,0.38,"",0,0.0,-3,-11.5,-302323,-9.3,0,0.0,0,0.0,129,5.4,6695,5.4
"06085","3","48-49","74","0","2024","A","",17,2694,313046030,0,0,2235,116212,"",0.83,1.23,0.68,0.00,0.00,0.56,0.56,"",0,0.0,117,4.5,28681764,10.1,0,0.0,0,0.0,113,5.3,5865,5.3
"06085","3","485","75","0","2024","A","",9,2382,277974381,0,0,2244,116677,"",0.73,1.34,0.77,0.00,0.00,0.58,0.58,"",0,0.0,98,4.3,25696402,10.2,0,0.0,0,0.0,120,5.6,6239,5.6
"06085","3","4851","76","0","2024","A","",5,2306,272071408,0,0,2269,118001,"",1.40,1.79,0.90,0.00,0.00,0.50,0.50,"",0,0.0,101,4.6,25712861,10.4,0,0.0,0,0.0,120,5.6,6274,5.6
"06085","3","48511","77","0","2024","A","",5,2306,272071408,0,0,2269,118001,"",1.40,1.79,0.90,0.00,0.00,0.50,0.50,"",0,0.0,101,4.6,25712861,10.4,0,0.0,0,0.0,120,5.6,6274,5.6
"06085","3","485113","78","0","2024","A","",5,2306,272071408,0,0,2269,118001,"",1.92,4.80,2.68,0.00,0.00,0.56,0.56,"",0,0.0,101,4.6,25712861,10.4,0,0.0,0,0.0,120,5.6,6274,5.6
"06085","3","4854","76","0","2024","A","",4,77,5902973,0,0,1479,76912,"",0.52,0.18,0.13,0.00,0.00,0.70,0.70,"",0,0.0,-2,-2.5,-16459,-0.3,0,0.0,0,0.0,44,3.1,2297,3.1
"06085","3","48541","77","0","2024","A","",4,77,5902973,0,0,1479,76912,"",0.52,0.18,0.13,0.00,0.00,0.70,0.70,"",0,0.0,-2,-2.5,-16459,-0.3,0,0.0,0,0.0,44,3.1,2297,3.1
"06085","3","485410","78","0","2024","A","",4,77,5902973,0,0,1479,76912,"",0.52,0.18,0.13,0.00,0.00,0.70,0.70,"",0,0.0,-2,-2.5,-16459,-0.3,0,0.0,0,0.0,44,3.1,2297,3.1
"06085","3","488","75","0","2024","A","",2,228,27335967,0,0,2301,119632,"",0.33,0.64,0.32,0.00,0.00,0.49,0.49,"",0,0.0,10,4.6,2476217,10.0,0,0.0,0,0.0,112,5.1,5814,5.1
"06085","3","4881","76","0","2024","A","",2,228,27335967,0,0,2301,119632,"",0.49,0.89,0.46,0.00,0.00,0.51,0.51,"",0,0.0,10,4.6,2476217,10.0,0,0.0,0,0.0,112,5.1,5814,5.1
"06085","3","48811","77","0","2024","A","",2,228,27335967,0,0,2301,119632,"N",0.50,0,0,0,0,0,0,"",0,0.0,10,4.6,2476217,10.0,0,0.0,0,0.0,112,5.1,5814,5.1
"06085","3","488119","78","0","2024","A","",2,228,27335967,0,0,2301,119632,"",0.52,0.94,0.48,0.00,0.00,0.51,0.51,"",0,0.0,10,4.6,2476217,10.0,0,0.0,0,0.0,112,5.1,5814,5.1
"06085","3","493","75","0","2024","A","",6,83,7735682,0,0,1796,93389,"",3.47,1.39,0.72,0.00,0.00,0.52,0.52,"",0,0.0,9,12.2,509145,7.0,0,0.0,0,0.0,-76,-4.1,-3938,-4.0
"06085","3","4931","76","0","2024","A","",6,83,7735682,0,0,1796,93389,"",3.47,1.39,0.72,0.00,0.00,0.52,0.52,"",0,0.0,9,12.2,509145,7.0,0,0.0,0,0.0,-76,-4.1,-3938,-4.0
"06085","3","49311","77","0","2024","A","",6,83,7735682,0,0,1796,93389,"",3.74,1.43,0.74,0.00,0.00,0.52,0.52,"",0,0.0,9,12.2,509145,7.0,0,0.0,0,0.0,-76,-4.1,-3938,-4.0
"06085","3","493110","78","0","2024","A","",6,83,7735682,0,0,1796,93389,"",3.74,1.43,0.74,0.00,0.00,0.52,0.52,"",0,0.0,9,12.2,509145,7.0,0,0.0,0,0.0,-76,-4.1,-3938,-4.0
"06085","3","51","74","0","2024","A","",6,1224,77051385,0,0,1211,62959,"",0.17,1.35,0.75,0.00,0.00,0.56,0.56,"",-1,-14.3,12,1.0,7200682,10.3,0,0.0,0,0.0,103,9.3,5318,9.2
"06085","3","519","75","0","2024","A","",6,1224,77051385,0,0,1211,62959,"",0.17,1.39,0.80,0.00,0.00,0.57,0.57,"",-1,-14.3,12,1.0,7200682,10.3,0,0.0,0,0.0,103,9.3,5318,9.2
"06085","3","5192","76","0","2024","A","",6,1224,77051385,0,0,1211,62959,"",0.17,1.39,0.80,0.00,0.00,0.57,0.57,"",-1,-14.3,12,1.0,7200682,10.3,0,0.0,0,0.0,103,9.3,5318,9.2
"06085","3","51921","77","0","2024","A","",6,1224,77051385,0,0,1211,62959,"N",0.17,0,0,0,0,0,0,"",-1,-14.3,12,1.0,7200682,10.3,0,0.0,0,0.0,103,9.3,5318,9.2
"06085","3","519210","78","0","2024","A","",6,1224,77051385,0,0,1211,62959,"N",0.17,0,0,0,0,0,0,"",-1,-14.3,12,1.0,7200682,10.3,0,0.0,0,0.0,103,9.3,5318,9.2
"06085","3","52","74","0","2024","A","",2,6,768107,42000,2275,2462,128018,"",1.43,0.07,0.03,0.08,0.19,0.47,0.47,"",0,0.0,-1,-14.3,-81514,-9.6,-14000,-25.0,-868,-27.6,-52,-2.1,-2693,-2.1
"06085","3","524","75","0","2024","A","",2,6,768107,42000,2275,2462,128018,"",3.11,0.09,0.04,0.24,0.27,0.48,0.48,"",0,0.0,-1,-14.3,-81514,-9.6,-14000,-25.0,-868,-27.6,-52,-2.1,-2693,-2.1
"06085","3","5242","76","0","2024","A","",2,6,768107,42000,2275,2462,128018,"",6.02,0.43,0.20,1.75,2.87,0.47,0.47,"",0,0.0,-1,-14.3,-81514,-9.6,-14000,-25.0,-868,-27.6,-52,-2.1,-2693,-2.1
"06085","3","52429","77","0","2024","A","",2,6,768107,42000,2275,2462,128018,"N",8.26,0,0,0,0,0,0,"",0,0.0,-1,-14.3,-81514,-9.6,-14000,-25.0,-868,-27.6,-52,-2.1,-2693,-2.1
"06085","3","524291","78","0","2024","A","",1,5,724427,35000,2170,2786,144885,"",18.07,3.04,1.56,26.10,35.96,0.51,0.51,"",0,0.0,-1,-16.7,-81514,-10.1,-14000,-28.6,-868,-28.6,-32,-1.1,-1650,-1.1
"06085","3","524292","78","0","2024","A","",1,1,43680,7000,105,840,43680,"",8.03,0.12,0.02,0.53,0.16,0.15,0.15,"",0,0.0,0,0.0,0,0.0,0,0.0,0,0.0,0,0.0,0,0.0
"06085","3","54","74","0","2024","A","",2,75,10562975,0,0,2724,141626,"",0.23,0.48,0.30,0.00,0.00,0.62,0.62,"",0,0.0,2,2.7,1688584,19.0,0,0.0,0,0.0,394,16.9,20474,16.9
"06085","3","541","75","0","2024","A","",2,75,10562975,0,0,2724,141626,"",0.23,0.48,0.30,0.00,0.00,0.62,0.62,"",0,0.0,2,2.7,1688584,19.0,0,0.0,0,0.0,394,16.9,20474,16.9
"06085","3","5413","76","0","2024","A","",1,42,7230139,0,0,3291,171128,"",0.29,0.70,0.54,0.00,0.00,0.77,0.77,"",0,0.0,3,7.7,1766910,32.3,0,0.0,0,0.0,580,21.4,30141,21.4
"06085","3","54132","77","0","2024","A","",1,42,7230139,0,0,3291,171128,"",6.02,7.71,3.63,0.00,0.00,0.47,0.47,"",0,0.0,3,7.7,1766910,32.3,0,0.0,0,0.0,580,21.4,30141,21.4
"06085","3","541320","78","0","2024","A","",1,42,7230139,0,0,3291,171128,"",6.02,7.71,3.63,0.00,0.00,0.47,0.47,"",0,0.0,3,7.7,1766910,32.3,0,0.0,0,0.0,580,21.4,30141,21.4
"06085","3","5416","76","0","2024","A","",1,32,3332836,0,0,1982,103077,"",0.68,1.97,0.83,0.00,0.00,0.41,0.41,"",0,0.0,-2,-5.9,-9433,-0.3,0,0.0,0,0.0,105,5.6,5493,5.6
"06085","3","54169","77","0","2024","A","",1,32,3332836,0,0,1982,103077,"",1.51,6.07,2.60,0.00,0.00,0.42,0.42,"",0,0.0,-2,-5.9,-9433,-0.3,0,0.0,0,0.0,105,5.6,5493,5.6
"06085","3","541690","78","0","2024","A","",1,32,3332836,0,0,1982,103077,"",1.51,6.07,2.60,0.00,0.00,0.42,0.42,"",0,0.0,-2,-5.9,-9433,-0.3,0,0.0,0,0.0,105,5.6,5493,5.6
"06085","3","56","74","0","2024","A","",3,234,23904590,0,0,1969,102375,"",0.12,0.42,0.27,0.00,0.00,0.64,0.64,"",0,0.0,18,8.3,3111280,15.0,0,0.0,0,0.0,120,6.5,6221,6.5
"06085","3","561","75","0","2024","A","",3,234,23904590,0,0,1969,102375,"",0.18,0.62,0.40,0.00,0.00,0.64,0.64,"",0,0.0,18,8.3,3111280,15.0,0,0.0,0,0.0,120,6.5,6221,6.5
"06085","3","5611","76","0","2024","A","",1,1,42629,0,0,1405,73078,"",0.73,0.03,0.01,0.00,0.00,0.32,0.32,"",0,0.0,1,100.0,37129,675.1,0,0.0,0,0.0,136,10.7,7078,10.7
"06085","3","56111","77","0","2024","A","",1,1,42629,0,0,1405,73078,"",0.73,0.03,0.01,0.00,0.00,0.32,0.32,"",0,0.0,1,100.0,37129,675.1,0,0.0,0,0.0,136,10.7,7078,10.7
"06085","3","561110","78","0","2024","A","",1,1,42629,0,0,1405,73078,"",0.73,0.03,0.01,0.00,0.00,0.32,0.32,"",0,0.0,1,100.0,37129,675.1,0,0.0,0,0.0,136,10.7,7078,10.7
"06085","3","5617","76","0","2024","A","",2,233,23861961,0,0,1970,102448,"",0.19,1.26,0.93,0.00,0.00,0.74,0.74,"",0,0.0,17,7.9,3074151,14.8,0,0.0,0,0.0,121,6.5,6282,6.5
"06085","3","56173","77","0","2024","A","",2,233,23861961,0,0,1970,102448,"",1.21,7.20,5.62,0.00,0.00,0.78,0.78,"",0,0.0,17,7.9,3074151,14.8,0,0.0,0,0.0,121,6.5,6282,6.5
"06085","3","561730","78","0","2024","A","",2,233,23861961,0,0,1970,102448,"",1.21,7.20,5.62,0.00,0.00,0.78,0.78,"",0,0.0,17,7.9,3074151,14.8,0,0.0,0,0.0,121,6.5,6282,6.5
"06085","3","61","74","0","2024","A","",971,36827,3255958736,4677930,103539,1700,88411,"",2.12,0.64,0.36,0.12,0.37,0.56,0.56,"",-3,-0.3,966,2.7,204546361,6.7,-2554747,-35.3,-54633,-34.5,64,3.9,3320,3.9
"06085","3","611","75","0","2024","A","",971,36827,3255958736,4677930,103539,1700,88411,"",2.12,0.64,0.36,0.12,0.37,0.56,0.56,"",-3,-0.3,966,2.7,204546361,6.7,-2554747,-35.3,-54633,-34.5,64,3.9,3320,3.9
"06085","3","6111","76","0","2024","A","",746,32162,2792874330,4677930,103539,1670,86839,"",1.70,0.60,0.33,0.13,0.40,0.55,0.55,"",5,0.7,913,2.9,167332115,6.4,-2554747,-35.3,-54633,-34.5,54,3.3,2819,3.4
"06085","3","61111","77","0","2024","A","",746,32162,2792874330,4677930,103539,1670,86839,"",1.70,0.60,0.33,0.13,0.40,0.55,0.55,"",5,0.7,913,2.9,167332115,6.4,-2554747,-35.3,-54633,-34.5,54,3.3,2819,3.4
"06085","3","611110","78","0","2024","A","",746,32162,2792874330,4677930,103539,1670,86839,"",1.70,0.60,0.33,0.13,0.40,0.55,0.55,"",5,0.7,913,2.9,167332115,6.4,-2554747,-35.3,-54633,-34.5,54,3.3,2819,3.4
"06085","3","6112","76","0","2024","A","",222,4520,449721045,0,0,1913,99498,"",22.35,1.61,1.05,0.00,0.00,0.66,0.66,"",-8,-3.5,41,0.9,37143487,9.0,0,0.0,0,0.0,142,8.0,7388,8.0
"06085","3","61121","77","0","2024","A","",222,4520,449721045,0,0,1913,99498,"",22.35,1.61,1.05,0.00,0.00,0.66,0.66,"",-8,-3.5,41,0.9,37143487,9.0,0,0.0,0,0.0,142,8.0,7388,8.0
"06085","3","611210","78","0","2024","A","",222,4520,449721045,0,0,1913,99498,"",22.35,1.61,1.05,0.00,0.00,0.66,0.66,"",-8,-3.5,41,0.9,37143487,9.0,0,0.0,0,0.0,142,8.0,7388,8.0
"06085","3","6117","76","0","2024","A","",3,146,13363361,0,0,1761,91582,"",1.07,0.51,0.35,0.00,0.00,0.69,0.68,"",0,0.0,13,9.8,70759,0.5,0,0.0,0,0.0,-166,-8.6,-8613,-8.6
"06085","3","61171","77","0","2024","A","",3,146,13363361,0,0,1761,91582,"",1.07,0.51,0.35,0.00,0.00,0.69,0.68,"",0,0.0,13,9.8,70759,0.5,0,0.0,0,0.0,-166,-8.6,-8613,-8.6
"06085","3","611710","78","0","2024","A","",3,146,13363361,0,0,1761,91582,"",1.07,0.51,0.35,0.00,0.00,0.69,0.68,"",0,0.0,13,9.8,70759,0.5,0,0.0,0,0.0,-166,-8.6,-8613,-8.6
"06085","3","62","74","0","2024","A","",13,10647,1321929686,364000,9464,2388,124156,"",0.26,1.54,0.96,0.04,0.09,0.62,0.62,"",2,18.2,70,0.7,20372597,1.6,-40077,-9.9,-1042,-9.9,21,0.9,1098,0.9
"06085","3","622","75","0","2024","A","",1,10462,1304387844,0,0,2398,124675,"",0.10,2.08,1.21,0.00,0.00,0.58,0.58,"",0,0.0,48,0.5,17148447,1.3,0,0.0,0,0.0,21,0.9,1071,0.9
"06085","3","6221","76","0","2024","A","",1,10462,1304387844,0,0,2398,124675,"",0.10,2.09,1.22,0.00,0.00,0.58,0.58,"",0,0.0,48,0.5,17148447,1.3,0,0.0,0,0.0,21,0.9,1071,0.9
"06085","3","62211","77","0","2024","A","",1,10462,1304387844,0,0,2398,124675,"",0.10,2.09,1.22,0.00,0.00,0.58,0.58,"",0,0.0,48,0.5,17148447,1.3,0,0.0,0,0.0,21,0.9,1071,0.9
"06085","3","622110","78","0","2024","A","",1,10462,1304387844,0,0,2398,124675,"",0.10,2.09,1.22,0.00,0.00,0.58,0.58,"",0,0.0,48,0.5,17148447,1.3,0,0.0,0,0.0,21,0.9,1071,0.9
"06085","3","624","75","0","2024","A","",12,185,17541842,364000,9464,1823,94821,"",0.61,0.21,0.13,0.17,0.25,0.62,0.62,"",2,20.0,22,13.5,3224150,22.5,-40077,-9.9,-1042,-9.9,129,7.6,6712,7.6
"06085","3","6241","76","0","2024","A","",1,48,5844742,364000,9464,2334,121344,"",0.08,0.07,0.05,0.21,0.32,0.77,0.77,"",0,0.0,1,2.1,674651,13.0,-40077,-9.9,-1042,-9.9,219,10.4,11342,10.3
"06085","3","62411","77","0","2024","A","",1,48,5844742,364000,9464,2334,121344,"",0.56,0.39,0.31,2.63,5.58,0.81,0.81,"",0,0.0,1,2.1,674651,13.0,-40077,-9.9,-1042,-9.9,219,10.4,11342,10.3
"06085","3","624110","78","0","2024","A","",1,48,5844742,364000,9464,2334,121344,"",0.56,0.39,0.31,2.63,5.58,0.81,0.81,"",0,0.0,1,2.1,674651,13.0,-40077,-9.9,-1042,-9.9,219,10.4,11342,10.3
"06085","3","6243","76","0","2024","A","",9,125,10427609,0,0,1610,83700,"",6.78,3.31,2.10,0.00,0.00,0.64,0.64,"",0,0.0,9,7.8,1280008,14.0,0,0.0,0,0.0,87,5.7,4500,5.7
"06085","3","62431","77","0","2024","A","",9,125,10427609,0,0,1610,83700,"",6.78,3.31,2.10,0.00,0.00,0.64,0.64,"",0,0.0,9,7.8,1280008,14.0,0,0.0,0,0.0,87,5.7,4500,5.7
"06085","3","624310","78","0","2024","A","",9,125,10427609,0,0,1610,83700,"",6.78,3.31,2.10,0.00,0.00,0.64,0.64,"",0,0.0,9,7.8,1280008,14.0,0,0.0,0,0.0,87,5.7,4500,5.7
"06085","3","6244","76","0","2024","A","",2,12,1269491,0,0,1993,103632,"",0.46,0.15,0.13,0.00,0.00,0.85,0.85,"N",2,100.0,0,0,0,0,0,0,0,0,0,0,0,0
"06085","3","62441","77","0","2024","A","",2,12,1269491,0,0,1993,103632,"",0.46,0.15,0.13,0.00,0.00,0.85,0.85,"N",2,100.0,0,0,0,0,0,0,0,0,0,0,0,0
"06085","3","624410","78","0","2024","A","",2,12,1269491,0,0,1993,103632,"",0.46,0.15,0.13,0.00,0.00,0.85,0.85,"N",2,100.0,0,0,0,0,0,0,0,0,0,0,0,0
"06085","3","71","74","0","2024","A","",16,2605,147930963,1053172,15795,1092,56778,"",0.59,1.18,0.65,0.17,0.14,0.55,0.55,"",0,0.0,248,10.5,15194907,11.4,187073,21.6,2805,21.6,9,0.8,460,0.8
"06085","3","712","75","0","2024","A","",1,48,3892258,0,0,1554,80808,"",0.20,0.16,0.13,0.00,0.00,0.82,0.82,"",0,0.0,-2,-4.0,655342,20.2,0,0.0,0,0.0,301,24.0,15635,24.0
"06085","3","7121","76","0","2024","A","",1,48,3892258,0,0,1554,80808,"",0.20,0.16,0.13,0.00,0.00,0.82,0.82,"",0,0.0,-2,-4.0,655342,20.2,0,0.0,0,0.0,301,24.0,15635,24.0
"06085","3","71211","77","0","2024","A","",1,48,3892258,0,0,1554,80808,"",0.86,2.33,1.49,0.00,0.00,0.64,0.63,"",0,0.0,-2,-4.0,655342,20.2,0,0.0,0,0.0,301,24.0,15635,24.0
"06085","3","712110","78","0","2024","A","",1,48,3892258,0,0,1554,80808,"",0.86,2.33,1.49,0.00,0.00,0.64,0.63,"",0,0.0,-2,-4.0,655342,20.2,0,0.0,0,0.0,301,24.0,15635,24.0
"06085","3","713","75","0","2024","A","",15,2557,144038705,1053172,15795,1083,56326,"",0.71,1.39,0.75,0.18,0.14,0.54,0.54,"",0,0.0,250,10.8,14539565,11.2,187073,21.6,2805,21.6,4,0.4,199,0.4
"06085","3","7139","76","0","2024","A","",15,2557,144038705,1053172,15795,1083,56326,"",0.81,2.49,1.85,0.91,0.73,0.74,0.74,"",0,0.0,250,10.8,14539565,11.2,187073,21.6,2805,21.6,4,0.4,199,0.4
"06085","3","71394","77","0","2024","A","",2,381,23151647,0,0,1169,60805,"",0.25,0.92,0.86,0.00,0.00,0.93,0.94,"",0,0.0,44,13.1,1977354,9.3,0,0.0,0,0.0,-39,-3.2,-2011,-3.2
"06085","3","713940","78","0","2024","A","",2,381,23151647,0,0,1169,60805,"",0.25,0.92,0.86,0.00,0.00,0.93,0.94,"",0,0.0,44,13.1,1977354,9.3,0,0.0,0,0.0,-39,-3.2,-2011,-3.2
"06085","3","71399","77","0","2024","A","",13,2176,120887058,1053172,15795,1068,55542,"",1.52,3.95,2.61,1.93,1.74,0.66,0.66,"",0,0.0,206,10.5,12562211,11.6,187073,21.6,2805,21.6,11,1.0,559,1.0
"06085","3","713990","78","0","2024","A","",13,2176,120887058,1053172,15795,1068,55542,"",1.52,3.95,2.61,1.93,1.74,0.66,0.66,"",0,0.0,206,10.5,12562211,11.6,187073,21.6,2805,21.6,11,1.0,559,1.0
"06085","3","72","74","0","2024","A","",5,64,4571503,0,0,1363,70876,"",1.02,0.08,0.05,0.00,0.00,0.54,0.54,"",0,0.0,-2,-3.0,57437,1.3,0,0.0,0,0.0,46,3.5,2395,3.5
"06085","3","722","75","0","2024","A","",5,64,4571503,0,0,1363,70876,"",1.38,0.79,0.67,0.00,0.00,0.84,0.84,"",0,0.0,-2,-3.0,57437,1.3,0,0.0,0,0.0,46,3.5,2395,3.5
"06085","3","7223","76","0","2024","A","",3,46,2626905,0,0,1086,56493,"N",2.48,0,0,0,0,0,0,"",0,0.0,0,0.0,18246,0.7,0,0.0,0,0.0,-1,-0.1,-12,0.0
"06085","3","72231","77","0","2024","A","",3,46,2626905,0,0,1086,56493,"N",2.49,0,0,0,0,0,0,"",0,0.0,0,0.0,18246,0.7,0,0.0,0,0.0,-1,-0.1,-12,0.0
"06085","3","722310","78","0","2024","A","",3,46,2626905,0,0,1086,56493,"N",2.49,0,0,0,0,0,0,"",0,0.0,0,0.0,18246,0.7,0,0.0,0,0.0,-1,-0.1,-12,0.0
"06085","3","7225","76","0","2024","A","",2,18,1944598,0,0,2078,108033,"",0.88,0.38,0.51,0.00,0.00,1.34,1.34,"",0,0.0,-2,-10.0,39191,2.1,0,0.0,0,0.0,223,12.0,11557,12.0
"06085","3","72251","77","0","2024","A","",2,18,1944598,0,0,2078,108033,"",0.88,0.38,0.51,0.00,0.00,1.34,1.34,"",0,0.0,-2,-10.0,39191,2.1,0,0.0,0,0.0,223,12.0,11557,12.0
"06085","3","722513","78","0","2024","A","",2,18,1944598,0,0,2078,108033,"",24.09,11.25,14.91,0.00,0.00,1.33,1.33,"",0,0.0,-2,-10.0,39191,2.1,0,0.0,0,0.0,223,12.0,11557,12.0
"06085","3","81","74","0","2024","A","",3,64,6675916,464772,11154,1996,103771,"",0.21,0.26,0.18,0.87,0.79,0.67,0.67,"",0,0.0,4,6.7,513471,8.3,-27765,-5.6,1304,13.2,26,1.3,1348,1.3
"06085","3","812","75","0","2024","A","",1,3,252885,0,0,1621,84295,"",0.14,0.06,0.04,0.00,0.00,0.67,0.67,"",0,0.0,-1,-25.0,12816,5.3,0,0.0,0,0.0,467,40.5,24278,40.5
"06085","3","8122","76","0","2024","A","",1,3,252885,0,0,1621,84295,"",0.20,0.16,0.14,0.00,0.00,0.86,0.86,"",0,0.0,-1,-25.0,12816,5.3,0,0.0,0,0.0,467,40.5,24278,40.5
"06085","3","81222","77","0","2024","A","",1,3,252885,0,0,1621,84295,"",0.20,0.16,0.14,0.00,0.00,0.86,0.86,"",0,0.0,-1,-25.0,12816,5.3,0,0.0,0,0.0,467,40.5,24278,40.5
"06085","3","812220","78","0","2024","A","",1,3,252885,0,0,1621,84295,"",0.20,0.16,0.14,0.00,0.00,0.86,0.86,"",0,0.0,-1,-25.0,12816,5.3,0,0.0,0,0.0,467,40.5,24278,40.5
"06085","3","813","75","0","2024","A","",2,61,6423031,464772,11154,2014,104723,"",0.62,0.74,0.48,1.19,1.00,0.65,0.65,"",0,0.0,5,8.9,500655,8.5,-27765,-5.6,1304,13.2,-14,-0.7,-720,-0.7
"06085","3","8133","76","0","2024","A","",2,61,6423031,464772,11154,2014,104723,"",1.52,1.35,0.91,2.84,1.83,0.67,0.67,"",0,0.0,5,8.9,500655,8.5,-27765,-5.6,1304,13.2,-14,-0.7,-720,-0.7
"06085","3","81331","77","0","2024","A","",2,61,6423031,464772,11154,2014,104723,"",1.52,1.35,0.91,2.84,1.83,0.67,0.67,"",0,0.0,5,8.9,500655,8.5,-27765,-5.6,1304,13.2,-14,-0.7,-720,-0.7
"06085","3","813312","78","0","2024","A","",2,61,6423031,464772,11154,2014,104723,"",4.25,9.28,5.51,23.19,15.52,0.59,0.59,"",0,0.0,5,8.9,500655,8.5,-27765,-5.6,1304,13.2,-14,-0.7,-720,-0.7
"06085","3","92","74","0","2024","A","",65,23290,2957323352,1434611,44174,2442,126979,"",0.15,0.75,0.49,0.03,0.07,0.66,0.66,"",0,0.0,1043,4.7,230773906,8.5,-18749,-1.3,-8083,-15.5,85,3.6,4422,3.6
"06085","3","921","75","0","2024","A","",31,9000,967804325,0,0,2068,107528,"",0.12,0.44,0.27,0.00,0.00,0.62,0.62,"",0,0.0,834,10.2,88460255,10.1,0,0.0,0,0.0,-3,-0.1,-154,-0.1
"06085","3","9211","76","0","2024","A","",31,9000,967804325,0,0,2068,107528,"",0.12,0.44,0.27,0.00,0.00,0.62,0.62,"",0,0.0,834,10.2,88460255,10.1,0,0.0,0,0.0,-3,-0.1,-154,-0.1
"06085","3","92111","77","0","2024","A","",5,82,11991366,0,0,2809,146088,"",0.16,0.06,0.05,0.00,0.00,0.88,0.88,"",0,0.0,10,13.9,2189571,22.3,0,0.0,0,0.0,203,7.8,10579,7.8
"06085","3","921110","78","0","2024","A","",5,82,11991366,0,0,2809,146088,"",0.16,0.06,0.05,0.00,0.00,0.88,0.88,"",0,0.0,10,13.9,2189571,22.3,0,0.0,0,0.0,203,7.8,10579,7.8
"06085","3","92112","77","0","2024","A","",1,7,110152,0,0,303,15736,"",0.05,0.00,0.00,0.00,0.00,0.09,0.09,"",0,0.0,0,0.0,9999,10.0,0,0.0,0,0.0,25,9.0,1256,8.7
"06085","3","921120","78","0","2024","A","",1,7,110152,0,0,303,15736,"",0.05,0.00,0.00,0.00,0.00,0.09,0.09,"",0,0.0,0,0.0,9999,10.0,0,0.0,0,0.0,25,9.0,1256,8.7
"06085","3","92113","77","0","2024","A","",7,1032,111848477,0,0,2085,108398,"",0.39,1.93,1.07,0.00,0.00,0.55,0.55,"",0,0.0,20,2.0,10934261,10.8,0,0.0,0,0.0,167,8.7,8656,8.7
"06085","3","921130","78","0","2024","A","",7,1032,111848477,0,0,2085,108398,"",0.39,1.93,1.07,0.00,0.00,0.55,0.55,"",0,0.0,20,2.0,10934261,10.8,0,0.0,0,0.0,167,8.7,8656,8.7
"06085","3","92114","77","0","2024","A","",15,7561,819530753,0,0,2084,108388,"",0.10,0.57,0.36,0.00,0.00,0.63,0.63,"",0,0.0,787,11.6,73228302,9.8,0,0.0,0,0.0,-35,-1.7,-1789,-1.6
"06085","3","921140","78","0","2024","A","",15,7561,819530753,0,0,2084,108388,"",0.10,0.57,0.36,0.00,0.00,0.63,0.63,"",0,0.0,787,11.6,73228302,9.8,0,0.0,0,0.0,-35,-1.7,-1789,-1.6
"06085","3","92119","77","0","2024","A","",3,318,24323577,0,0,1469,76369,"",0.09,0.13,0.06,0.00,0.00,0.44,0.44,"",0,0.0,17,5.6,2098122,9.4,0,0.0,0,0.0,51,3.6,2632,3.6
"06085","3","921190","78","0","2024","A","",3,318,24323577,0,0,1469,76369,"",0.09,0.13,0.06,0.00,0.00,0.44,0.44,"",0,0.0,17,5.6,2098122,9.4,0,0.0,0,0.0,51,3.6,2632,3.6
"06085","3","922","75","0","2024","A","",14,7720,1263378964,117768,5090,3147,163648,"",0.15,1.11,0.72,0.02,0.06,0.65,0.65,"",0,0.0,51,0.7,72928090,6.1,13588,13.0,2458,93.4,162,5.4,8411,5.4
"06085","3","9221","76","0","2024","A","",14,7720,1263378964,117768,5090,3147,163648,"",0.15,1.11,0.72,0.02,0.06,0.65,0.65,"",0,0.0,51,0.7,72928090,6.1,13588,13.0,2458,93.4,162,5.4,8411,5.4
"06085","3","92211","77","0","2024","A","",1,517,53172730,0,0,1979,102915,"",0.08,0.92,0.53,0.00,0.00,0.58,0.58,"",0,0.0,15,3.0,2220786,4.4,0,0.0,0,0.0,28,1.4,1484,1.5
"06085","3","922110","78","0","2024","A","",1,517,53172730,0,0,1979,102915,"",0.08,0.92,0.53,0.00,0.00,0.58,0.58,"",0,0.0,15,3.0,2220786,4.4,0,0.0,0,0.0,28,1.4,1484,1.5
"06085","3","92212","77","0","2024","A","",3,569,114829980,0,0,3883,201928,"",0.12,0.19,0.15,0.00,0.00,0.82,0.82,"",0,0.0,-43,-7.0,9623348,9.1,0,0.0,0,0.0,576,17.4,29975,17.4
"06085","3","922120","78","0","2024","A","",3,569,114829980,0,0,3883,201928,"",0.12,0.19,0.15,0.00,0.00,0.82,0.82,"",0,0.0,-43,-7.0,9623348,9.1,0,0.0,0,0.0,576,17.4,29975,17.4
"06085","3","92213","77","0","2024","A","",2,22,5142370,0,0,4495,233744,"",0.28,0.08,0.08,0.00,0.00,0.99,0.99,"",0,0.0,0,0.0,1063075,26.1,0,0.0,0,0.0,956,27.0,49716,27.0
"06085","3","922130","78","0","2024","A","",2,22,5142370,0,0,4495,233744,"",0.28,0.08,0.08,0.00,0.00,0.99,0.99,"",0,0.0,0,0.0,1063075,26.1,0,0.0,0,0.0,956,27.0,49716,27.0
"06085","3","92216","77","0","2024","A","",5,533,112615908,117768,5090,4062,211221,"",0.13,0.33,0.27,0.03,0.11,0.81,0.81,"",0,0.0,23,4.5,10911657,10.7,13588,13.0,2458,93.4,223,5.8,11605,5.8
"06085","3","922160","78","0","2024","A","",5,533,112615908,117768,5090,4062,211221,"",0.13,0.33,0.27,0.03,0.11,0.81,0.81,"",0,0.0,23,4.5,10911657,10.7,13588,13.0,2458,93.4,223,5.8,11605,5.8
"06085","3","92219","77","0","2024","A","",3,6080,977617976,0,0,3092,160803,"",0.56,6.75,3.17,0.00,0.00,0.47,0.47,"",0,0.0,57,0.9,49109224,5.3,0,0.0,0,0.0,127,4.3,6636,4.3
"06085","3","922190","78","0","2024","A","",3,6080,977617976,0,0,3092,160803,"",0.56,6.75,3.17,0.00,0.00,0.47,0.47,"",0,0.0,57,0.9,49109224,5.3,0,0.0,0,0.0,127,4.3,6636,4.3
"06085","3","923","75","0","2024","A","",4,4953,528505551,0,0,2052,106704,"",0.26,3.04,1.63,0.00,0.00,0.54,0.54,"",0,0.0,71,1.5,45242597,9.4,0,0.0,0,0.0,148,7.8,7714,7.8
"06085","3","9231","76","0","2024","A","",4,4953,528505551,0,0,2052,106704,"",0.26,3.04,1.63,0.00,0.00,0.54,0.54,"",0,0.0,71,1.5,45242597,9.4,0,0.0,0,0.0,148,7.8,7714,7.8
"06085","3","92311","77","0","2024","A","",1,11,1688364,0,0,2952,153488,"",0.53,0.06,0.06,0.00,0.00,1.00,1.00,"",0,0.0,-2,-15.4,-169317,-9.1,0,0.0,0,0.0,94,3.3,4874,3.3
"06085","3","923110","78","0","2024","A","",1,11,1688364,0,0,2952,153488,"",0.53,0.06,0.06,0.00,0.00,1.00,1.00,"",0,0.0,-2,-15.4,-169317,-9.1,0,0.0,0,0.0,94,3.3,4874,3.3
"06085","3","92312","77","0","2024","A","",1,106,13166854,0,0,2387,124118,"",0.12,0.18,0.11,0.00,0.00,0.63,0.63,"",0,0.0,0,0.0,659852,5.3,0,0.0,0,0.0,123,5.4,6405,5.4
"06085","3","923120","78","0","2024","A","",1,106,13166854,0,0,2387,124118,"",0.12,0.18,0.11,0.00,0.00,0.63,0.63,"",0,0.0,0,0.0,659852,5.3,0,0.0,0,0.0,123,5.4,6405,5.4
"06085","3","92313","77","0","2024","A","",2,4836,513650333,0,0,2043,106216,"",0.53,5.85,2.90,0.00,0.00,0.50,0.50,"",0,0.0,73,1.5,44752062,9.5,0,0.0,0,0.0,150,7.9,7773,7.9
"06085","3","923130","78","0","2024","A","",2,4836,513650333,0,0,2043,106216,"",0.53,5.85,2.90,0.00,0.00,0.50,0.50,"",0,0.0,73,1.5,44752062,9.5,0,0.0,0,0.0,150,7.9,7773,7.9
"06085","3","924","75","0","2024","A","",6,1012,107159439,76445,2626,2036,105897,"",0.21,1.32,0.76,0.07,0.13,0.58,0.58,"",0,0.0,69,7.3,11682162,12.2,-8698,-10.2,-1108,-29.7,88,4.5,4604,4.5
"06085","3","9241","76","0","2024","A","",6,1012,107159439,76445,2626,2036,105897,"",0.21,1.32,0.76,0.07,0.13,0.58,0.58,"",0,0.0,69,7.3,11682162,12.2,-8698,-10.2,-1108,-29.7,88,4.5,4604,4.5
"06085","3","92411","77","0","2024","A","",4,864,96293887,54894,2195,2144,111484,"",0.34,1.96,0.95,0.13,0.32,0.48,0.48,"",0,0.0,44,5.4,8927334,10.2,139,0.3,-871,-28.4,94,4.6,4874,4.6
"06085","3","924110","78","0","2024","A","",4,864,96293887,54894,2195,2144,111484,"",0.34,1.96,0.95,0.13,0.32,0.48,0.48,"",0,0.0,44,5.4,8927334,10.2,139,0.3,-871,-28.4,94,4.6,4874,4.6
"06085","3","92412","77","0","2024","A","",2,148,10865552,21551,431,1410,73333,"",0.12,0.45,0.27,0.03,0.03,0.61,0.61,"",0,0.0,25,20.3,2754828,34.0,-8837,-29.1,-237,-35.5,143,11.3,7437,11.3
"06085","3","924120","78","0","2024","A","",2,148,10865552,21551,431,1410,73333,"",0.12,0.45,0.27,0.03,0.03,0.61,0.61,"",0,0.0,25,20.3,2754828,34.0,-8837,-29.1,-237,-35.5,143,11.3,7437,11.3
"06085","3","925","75","0","2024","A","",4,270,37816042,1107398,34330,2696,140189,"",0.16,0.44,0.34,0.37,0.79,0.76,0.76,"",0,0.0,4,1.5,2469014,7.0,-37639,-3.3,-9181,-21.1,137,5.4,7139,5.4
"06085","3","9251","76","0","2024","A","",4,270,37816042,1107398,34330,2696,140189,"",0.16,0.44,0.34,0.37,0.79,0.76,0.76,"",0,0.0,4,1.5,2469014,7.0,-37639,-3.3,-9181,-21.1,137,5.4,7139,5.4
"06085","3","92511","77","0","2024","A","",1,136,18434237,1107398,34330,2608,135629,"",0.06,0.37,0.26,0.48,1.11,0.71,0.71,"",0,0.0,-6,-4.2,262927,1.4,-37639,-3.3,-9181,-21.1,154,6.3,8036,6.3
"06085","3","925110","78","0","2024","A","",1,136,18434237,1107398,34330,2608,135629,"",0.06,0.37,0.26,0.48,1.11,0.71,0.71,"",0,0.0,-6,-4.2,262927,1.4,-37639,-3.3,-9181,-21.1,154,6.3,8036,6.3
"06085","3","92512","77","0","2024","A","",3,134,19381805,0,0,2785,144820,"",0.33,0.56,0.48,0.00,0.00,0.85,0.85,"",0,0.0,11,8.9,2206087,12.8,0,0.0,0,0.0,105,3.9,5463,3.9
"06085","3","925120","78","0","2024","A","",3,134,19381805,0,0,2785,144820,"",0.33,0.56,0.48,0.00,0.00,0.85,0.85,"",0,0.0,11,8.9,2206087,12.8,0,0.0,0,0.0,105,3.9,5463,3.9
"06085","3","926","75","0","2024","A","",6,335,52659031,133000,2128,3026,157348,"",0.30,0.65,0.46,0.13,0.10,0.71,0.71,"",0,0.0,13,4.0,9991788,23.4,14000,11.8,-252,-10.6,481,18.9,25012,18.9
"06085","3","9261","76","0","2024","A","",6,335,52659031,133000,2128,3026,157348,"",0.30,0.65,0.46,0.13,0.10,0.71,0.71,"",0,0.0,13,4.0,9991788,23.4,14000,11.8,-252,-10.6,481,18.9,25012,18.9
"06085","3","92611","77","0","2024","A","",1,65,8412956,0,0,2483,129099,"",0.23,0.67,0.41,0.00,0.00,0.61,0.61,"",0,0.0,-2,-3.0,302376,3.7,0,0.0,0,0.0,161,6.9,8346,6.9
"06085","3","926110","78","0","2024","A","",1,65,8412956,0,0,2483,129099,"",0.23,0.67,0.41,0.00,0.00,0.61,0.61,"",0,0.0,-2,-3.0,302376,3.7,0,0.0,0,0.0,161,6.9,8346,6.9
"06085","3","92612","77","0","2024","A","",1,9,1830408,0,0,3875,201513,"",0.35,0.05,0.04,0.00,0.00,0.78,0.78,"",0,0.0,3,50.0,849672,86.6,0,0.0,0,0.0,732,23.3,38057,23.3
"06085","3","926120","78","0","2024","A","",1,9,1830408,0,0,3875,201513,"",0.35,0.05,0.04,0.00,0.00,0.78,0.78,"",0,0.0,3,50.0,849672,86.6,0,0.0,0,0.0,732,23.3,38057,23.3
"06085","3","92613","77","0","2024","A","",3,247,40743303,0,0,3173,165008,"",0.97,2.66,2.01,0.00,0.00,0.76,0.76,"",0,0.0,12,5.1,8715644,27.2,0,0.0,0,0.0,548,20.9,28526,20.9
"06085","3","926130","78","0","2024","A","",3,247,40743303,0,0,3173,165008,"",0.97,2.66,2.01,0.00,0.00,0.76,0.76,"",0,0.0,12,5.1,8715644,27.2,0,0.0,0,0.0,548,20.9,28526,20.9
"06085","3","92614","77","0","2024","A","",1,14,1672364,133000,2128,2382,123879,"",0.28,0.74,0.71,2.04,1.04,1.00,1.00,"",0,0.0,-1,-6.7,124096,8.0,14000,11.8,-252,-10.6,340,16.7,17712,16.7
"06085","3","926140","78","0","2024","A","",1,14,1672364,133000,2128,2382,123879,"",0.28,0.74,0.71,2.04,1.04,1.00,1.00,"",0,0.0,-1,-6.7,124096,8.0,14000,11.8,-252,-10.6,340,16.7,17712,16.7
"06085","5","10","71","0","2024","A","",81990,1019653,209636180584,8920497822,270153447,3954,205596,"",1.01,1.07,1.11,1.02,1.01,1.04,1.04,"",4036,5.2,-5601,-0.5,23785475184,12.8,-98538115,-1.1,10846039,4.2,468,13.4,24323,13.4
"06085","5","101","72","0","2024","A","",7006,177150,45518385641,1638795404,58224253,4941,256948,"",0.68,1.08,1.29,0.92,0.86,1.19,1.19,"",-23,-0.3,-54341,-23.5,-13871145132,-23.4,-447797854,-21.5,-6728963,-10.4,7,0.1,396,0.2
"06085","5","1011","73","0","2024","A","",212,3190,174394114,24888636,879715,1051,54669,"",0.21,0.24,0.07,0.16,0.15,0.29,0.29,"",2,1.0,129,4.2,-6179336,-3.4,-3319781,-11.8,-81292,-8.5,-83,-7.3,-4324,-7.3
"06085","5","1012","73","0","2024","A","",4183,51277,6493518120,554355089,22939356,2435,126637,"",0.64,0.87,0.52,0.80,0.67,0.60,0.60,"",23,0.6,-658,-1.3,623741805,10.6,-9731828,-1.7,377843,1.7,262,12.1,13616,12.0
"06085","5","1013","73","0","2024","A","",2611,122683,38850473407,1059551679,34405182,6090,316673,"",0.95,1.34,1.90,1.12,1.27,1.42,1.42,"",-48,-1.8,-53812,-30.5,-14488707601,-27.2,-434746245,-29.1,-7025514,-17.0,278,4.8,14459,4.8
"06085","5","102","72","0","2024","A","",74984,842503,164117794943,7281702418,211929194,3746,194798,"",1.06,1.06,1.07,1.05,1.05,1.00,1.00,"",4059,5.7,48740,6.1,37656620316,29.8,349259739,5.0,17575002,9.0,682,22.3,35479,22.3
"06085","5","1021","73","0","2024","A","",7033,113932,10561344163,1002826003,26976278,1783,92699,"",0.50,0.55,0.31,0.52,0.53,0.57,0.57,"",-174,-2.4,-4125,-3.5,-1219768434,-10.4,-29801814,-2.9,690953,2.6,-136,-7.1,-7093,-7.1
"06085","5","1022","73","0","2024","A","",1773,92985,45436579104,915083814,29310442,9397,488642,"",0.87,4.44,4.77,3.76,3.50,1.07,1.07,"",-5,-0.3,-1939,-2.0,7636832897,20.2,-30871929,-3.3,1843557,6.7,1739,22.7,90432,22.7
"06085","5","1023","73","0","2024","A","",5435,36021,6215900748,318882250,10670733,3319,172565,"",0.73,0.57,0.30,0.50,0.60,0.53,0.53,"",-110,-2.0,-623,-1.7,-60706111,-1.0,-6142842,-1.9,179796,1.7,25,0.8,1280,0.7
"06085","5","1024","73","0","2024","A","",12754,277116,77910231977,2865934446,88924257,5407,281147,"",0.73,1.71,1.78,1.63,1.55,1.04,1.04,"",66,0.5,40827,17.3,29593205263,61.2,363920896,14.5,11491788,14.8,1475,37.5,76664,37.5
"06085","5","1025","73","0","2024","A","",36961,195270,17974155627,1054568462,27515973,1770,92048,"",2.44,1.07,0.58,0.96,0.92,0.55,0.55,"",4086,12.4,12640,6.9,1360622932,8.2,66148197,6.7,2584493,10.4,21,1.2,1080,1.2
"06085","5","1026","73","0","2024","A","",5700,101091,4480487110,917943935,22787079,852,44321,"",0.84,0.84,0.43,0.93,0.81,0.51,0.51,"",69,1.2,1116,1.1,247599963,5.8,-18301646,-2.0,512327,2.3,38,4.7,1982,4.7
"06085","5","1027","73","0","2024","A","",5239,26004,1530868502,205128032,5699116,1132,58871,"",0.86,0.77,0.33,0.72,0.70,0.43,0.43,"",145,2.8,926,3.7,106331986,7.5,6073737,3.1,332335,6.2,40,3.7,2067,3.6
"06085","5","1029","73","0","2024","A","N",90,0,0,0,0,0,0,"N",0.05,0,0,0,0,0,0,"N",-20,-18.2,0,0,0,0,0,0,0,0,0,0,0,0
"06085","5","11","74","0","2024","A","",197,3033,158106349,23184136,799859,1002,52122,"",0.25,0.34,0.14,0.23,0.18,0.43,0.43,"",2,1.0,118,4.0,-5950748,-3.6,-3572493,-13.4,-95285,-10.6,-80,-7.4,-4162,-7.4
"06085","5","111","75","0","2024","A","",130,1697,90944493,15309697,532247,1030,53581,"",0.36,0.43,0.20,0.36,0.29,0.46,0.46,"",-2,-1.5,13,0.8,1547234,1.7,-62471,-0.4,-6158,-1.1,9,0.9,492,0.9
"06085","5","1111","76","0","2024","A","N",3,0,0,0,0,0,0,"N",0.03,0,0,0,0,0,0,"N",0,0.0,0,0,0,0,0,0,0,0,0,0,0,0
"06085","5","11113","77","0","2024","A","N",1,0,0,0,0,0,0,"N",1.52,0,0,0,0,0,0,"N",1,100.0,0,0,0,0,0,0,0,0,0,0,0,0
"06085","5","111130","78","0","2024","A","N",1,0,0,0,0,0,0,"N",1.52,0,0,0,0,0,0,"N",1,100.0,0,0,0,0,0,0,0,0,0,0,0,0
"06085","5","11114","77","0","2024","A","N",1,0,0,0,0,0,0,"N",0.07,0,0,0,0,0,0,"N",0,0.0,0,0,0,0,0,0,0,0,0,0,0,0
"06085","5","111140","78","0","2024","A","N",1,0,0,0,0,0,0,"N",0.07,0,0,0,0,0,0,"N",0,0.0,0,0,0,0,0,0,0,0,0,0,0,0
"06085","5","11119","77","0","2024","A","N",1,0,0,0,0,0,0,"N",0.02,0,0,0,0,0,0,"N",0,0.0,0,0,0,0,0,0,0,0,0,0,0,0
"06085","5","111199","78","0","2024","A","N",1,0,0,0,0,0,0,"N",0.10,0,0,0,0,0,0,"N",0,0.0,0,0,0,0,0,0,0,0,0,0,0,0
"06085","5","1112","76","0","2024","A","",34,439,22351509,4369976,181753,979,50915,"",0.90,0.75,0.31,0.67,0.54,0.41,0.41,"",1,3.0,4,0.9,-117579,-0.5,37828,0.9,9174,5.3,-14,-1.4,-708,-1.4
"06085","5","11121","77","0","2024","A","",34,439,22351509,4369976,181753,979,50915,"",0.90,0.75,0.31,0.67,0.54,0.41,0.41,"",1,3.0,4,0.9,-117579,-0.5,37828,0.9,9174,5.3,-14,-1.4,-708,-1.4
"06085","5","111211","78","0","2024","A","N",1,0,0,0,0,0,0,"N",0.14,0,0,0,0,0,0,"N",0,0.0,0,0,0,0,0,0,0,0,0,0,0,0
"06085","5","111219","78","0","2024","A","N",32,0,0,0,0,0,0,"N",1.06,0,0,0,0,0,0,"N",0,0.0,0,0,0,0,0,0,0,0,0,0,0,0
"06085","5","1113","76","0","2024","A","",42,194,11289206,1915486,83478,1120,58217,"",0.61,0.17,0.10,0.15,0.13,0.57,0.57,"",0,0.0,2,1.0,861977,8.3,61532,3.3,2109,2.6,77,7.4,4003,7.4
"06085","5","11131","77","0","2024","A","N",3,0,0,0,0,0,0,"N",1.28,0,0,0,0,0,0,"N",0,0.0,0,0,0,0,0,0,0,0,0,0,0,0
"06085","5","111310","78","0","2024","A","N",3,0,0,0,0,0,0,"N",1.28,0,0,0,0,0,0,"N",0,0.0,0,0,0,0,0,0,0,0,0,0,0,0
"06085","5","11133","77","0","2024","A","N",39,0,0,0,0,0,0,"N",0.60,0,0,0,0,0,0,"N",0,0.0,0,0,0,0,0,0,0,0,0,0,0,0
"06085","5","111331","78","0","2024","A","N",1,0,0,0,0,0,0,"N",0.10,0,0,0,0,0,0,"N",0,0.0,0,0,0,0,0,0,0,0,0,0,0,0
"06085","5","111332","78","0","2024","A","",12,61,4116533,536234,24142,1300,67576,"",0.97,0.36,0.22,0.34,0.24,0.59,0.59,"",0,0.0,-6,-9.0,-65867,-1.6,-54980,-9.3,-3015,-11.1,95,7.9,4918,7.8
"06085","5","111335","78","0","2024","A","",11,21,826939,273771,14256,773,40175,"",0.75,0.15,0.05,0.24,0.17,0.31,0.31,"",0,0.0,-10,-32.3,-444205,-34.9,-80054,-22.6,-4853,-25.4,-18,-2.3,-940,-2.3
"06085","5","111336","78","0","2024","A","N",2,0,0,0,0,0,0,"N",0.64,0,0,0,0,0,0,"N",-1,-33.3,0,0,0,0,0,0,0,0,0,0,0,0
"06085","5","111339","78","0","2024","A","",13,84,4662797,784237,37193,1073,55786,"",0.90,0.48,0.29,0.36,0.38,0.61,0.61,"",1,8.3,13,18.3,843498,22.1,129407,19.8,8895,31.4,31,3.0,1612,3.0
"06085","5","1114","76","0","2024","A","",43,1036,56138806,8708381,254688,1042,54166,"",0.61,0.83,0.38,0.67,0.51,0.45,0.45,"",-2,-4.4,15,1.5,1337762,2.4,-111925,-1.3,-17619,-6.5,10,1.0,510,1.0
"06085","5","11141","77","0","2024","A","",15,633,31062908,5210324,80947,943,49047,"",0.77,1.83,0.72,1.29,0.46,0.39,0.39,"",-1,-6.2,33,5.5,1142677,3.8,127503,2.5,-7492,-8.5,-15,-1.6,-785,-1.6
"06085","5","111411","78","0","2024","A","",5,588,29603989,4831021,74587,968,50326,"",2.24,8.68,3.45,8.30,3.65,0.40,0.40,"",-1,-16.7,32,5.8,1360297,4.8,215548,4.7,-2118,-2.8,-9,-0.9,-502,-1.0
"06085","5","111419","78","0","2024","A","",10,45,1458919,379303,6360,622,32360,"",0.58,0.16,0.04,0.11,0.04,0.26,0.26,"",0,0.0,0,0.0,-217620,-13.0,-88045,-18.8,-5374,-45.8,-98,-13.6,-5105,-13.6
"06085","5","11142","77","0","2024","A","",28,403,25075898,3498057,173741,1196,62210,"",0.55,0.45,0.24,0.39,0.54,0.53,0.53,"",-1,-3.4,-18,-4.3,195085,0.8,-239428,-6.4,-10127,-5.5,59,5.2,3099,5.2
"06085","5","111421","78","0","2024","A","",12,123,7020117,1097814,37448,1096,56997,"",0.34,0.20,0.10,0.18,0.16,0.47,0.47,"",-1,-7.7,5,4.2,510299,7.8,8147,0.7,2460,7.0,38,3.6,1984,3.6
"06085","5","111422","78","0","2024","A","",16,280,18055781,2400243,136293,1240,64504,"",1.07,0.94,0.55,0.84,1.47,0.58,0.58,"",0,0.0,-23,-7.6,-315214,-1.7,-247575,-9.4,-12587,-8.5,72,6.2,3790,6.2
"06085","5","1119","76","0","2024","A","N",9,0,0,0,0,0,0,"N",0.11,0,0,0,0,0,0,"N",0,0.0,0,0,0,0,0,0,0,0,0,0,0,0
"06085","5","11199","77","0","2024","A","N",9,0,0,0,0,0,0,"N",0.20,0,0,0,0,0,0,"N",0,0.0,0,0,0,0,0,0,0,0,0,0,0,0
"06085","5","111998","78","0","2024","A","N",9,0,0,0,0,0,0,"N",0.22,0,0,0,0,0,0,"N",0,0.0,0,0,0,0,0,0,0,0,0,0,0,0
"06085","5","112","75","0","2024","A","N",17,0,0,0,0,0,0,"N",0.09,0,0,0,0,0,0,"N",-3,-15.0,0,0,0,0,0,0,0,0,0,0,0,0
"06085","5","1121","76","0","2024","A","",7,24,1344433,183650,5327,1070,55632,"",0.06,0.02,0.01,0.01,0.02,0.44,0.44,"",-2,-22.2,-4,-14.3,-108231,-7.5,-78514,-29.9,-972,-15.4,78,7.9,4058,7.9
"06085","5","11211","77","0","2024","A","N",6,0,0,0,0,0,0,"N",0.08,0,0,0,0,0,0,"N",-1,-14.3,0,0,0,0,0,0,0,0,0,0,0,0
"06085","5","112111","78","0","2024","A","N",6,0,0,0,0,0,0,"N",0.08,0,0,0,0,0,0,"N",-1,-14.3,0,0,0,0,0,0,0,0,0,0,0,0
"06085","5","11212","77","0","2024","A","N",1,0,0,0,0,0,0,"N",0.02,0,0,0,0,0,0,"N",-1,-50.0,0,0,0,0,0,0,0,0,0,0,0,0
"06085","5","112120","78","0","2024","A","N",1,0,0,0,0,0,0,"N",0.02,0,0,0,0,0,0,"N",-1,-50.0,0,0,0,0,0,0,0,0,0,0,0,0
"06085","5","1123","76","0","2024","A","N",1,0,0,0,0,0,0,"N",0.06,0,0,0,0,0,0,"N",-1,-50.0,0,0,0,0,0,0,0,0,0,0,0,0
"06085","5","11231","77","0","2024","A","N",1,0,0,0,0,0,0,"N",0.17,0,0,0,0,0,0,"N",-1,-50.0,0,0,0,0,0,0,0,0,0,0,0,0
"06085","5","112310","78","0","2024","A","N",1,0,0,0,0,0,0,"N",0.17,0,0,0,0,0,0,"N",-1,-50.0,0,0,0,0,0,0,0,0,0,0,0,0
"06085","5","1124","76","0","2024","A","N",1,0,0,0,0,0,0,"N",0.35,0,0,0,0,0,0,"N",0,0.0,0,0,0,0,0,0,0,0,0,0,0,0
"06085","5","11242","77","0","2024","A","N",1,0,0,0,0,0,0,"N",1.02,0,0,0,0,0,0,"N",0,0.0,0,0,0,0,0,0,0,0,0,0,0,0
"06085","5","112420","78","0","2024","A","N",1,0,0,0,0,0,0,"N",1.02,0,0,0,0,0,0,"N",0,0.0,0,0,0,0,0,0,0,0,0,0,0,0
"06085","5","1129","76","0","2024","A","",8,31,1204633,249359,5157,739,38446,"",0.27,0.20,0.06,0.17,0.14,0.28,0.28,"",0,0.0,3,10.7,289621,31.7,-49283,-16.5,-2997,-36.8,116,18.6,6056,18.7
"06085","5","11291","77","0","2024","A","N",2,0,0,0,0,0,0,"N",0.33,0,0,0,0,0,0,"N",0,0.0,0,0,0,0,0,0,0,0,0,0,0,0
"06085","5","112910","78","0","2024","A","N",2,0,0,0,0,0,0,"N",0.33,0,0,0,0,0,0,"N",0,0.0,0,0,0,0,0,0,0,0,0,0,0,0
"06085","5","11292","77","0","2024","A","N",2,0,0,0,0,0,0,"N",0.18,0,0,0,0,0,0,"N",0,0.0,0,0,0,0,0,0,0,0,0,0,0,0
"06085","5","112920","78","0","2024","A","N",2,0,0,0,0,0,0,"N",0.18,0,0,0,0,0,0,"N",0,0.0,0,0,0,0,0,0,0,0,0,0,0,0
"06085","5","11299","77","0","2024","A","N",4,0,0,0,0,0,0,"N",0.33,0,0,0,0,0,0,"N",0,0.0,0,0,0,0,0,0,0,0,0,0,0,0
"06085","5","112990","78","0","2024","A","N",4,0,0,0,0,0,0,"N",0.33,0,0,0,0,0,0,"N",0,0.0,0,0,0,0,0,0,0,0,0,0,0,0
"06085","5","114","75","0","2024","A","N",3,0,0,0,0,0,0,"N",0.15,0,0,0,0,0,0,"N",1,50.0,0,0,0,0,0,0,0,0,0,0,0,0
"06085","5","1141","76","0","2024","A","N",2,0,0,0,0,0,0,"N",0.13,0,0,0,0,0,0,"N",1,100.0,0,0,0,0,0,0,0,0,0,0,0,0
"06085","5","11411","77","0","2024","A","N",2,0,0,0,0,0,0,"N",0.13,0,0,0,0,0,0,"N",1,100.0,0,0,0,0,0,0,0,0,0,0,0,0
"06085","5","114111","78","0","2024","A","N",1,0,0,0,0,0,0,"N",0.15,0,0,0,0,0,0,"N",1,100.0,0,0,0,0,0,0,0,0,0,0,0,0
"06085","5","114112","78","0","2024","A","N",1,0,0,0,0,0,0,"N",0.14,0,0,0,0,0,0,"N",0,0.0,0,0,0,0,0,0,0,0,0,0,0,0
"06085","5","1142","76","0","2024","A","N",1,0,0,0,0,0,0,"N",0.23,0,0,0,0,0,0,"N",0,0.0,0,0,0,0,0,0,0,0,0,0,0,0
"06085","5","11421","77","0","2024","A","N",1,0,0,0,0,0,0,"N",0.23,0,0,0,0,0,0,"N",0,0.0,0,0,0,0,0,0,0,0,0,0,0,0
"06085","5","114210","78","0","2024","A","N",1,0,0,0,0,0,0,"N",0.23,0,0,0,0,0,0,"N",0,0.0,0,0,0,0,0,0,0,0,0,0,0,0
"06085","5","115","75","0","2024","A","",46,1252,62886048,7162371,249947,966,50218,"",0.30,0.45,0.19,0.23,0.12,0.43,0.43,"",4,9.5,113,9.9,-7268228,-10.4,-3210755,-31.0,-82255,-24.8,-218,-18.4,-11352,-18.4
"06085","5","1151","76","0","2024","A","",24,1095,55527121,5582739,209652,975,50717,"",0.27,0.45,0.20,0.21,0.11,0.45,0.45,"",3,14.3,124,12.8,-6091416,-9.9,-3091359,-35.6,-71315,-25.4,-246,-20.1,-12758,-20.1
"06085","5","11511","77","0","2024","A","",24,1095,55527121,5582739,209652,975,50717,"",0.27,0.45,0.20,0.21,0.11,0.45,0.45,"",3,14.3,124,12.8,-6091416,-9.9,-3091359,-35.6,-71315,-25.4,-246,-20.1,-12758,-20.1
"06085","5","115112","78","0","2024","A","",9,160,16576387,1461759,55240,1991,103548,"",0.33,0.80,0.56,0.72,0.57,0.71,0.71,"",1,12.5,12,8.1,-4111100,-19.9,-91553,-5.9,-8092,-12.8,-697,-25.9,-36232,-25.9
"06085","5","115113","78","0","2024","A","N",2,0,0,0,0,0,0,"N",0.25,0,0,0,0,0,0,"N",0,0.0,0,0,0,0,0,0,0,0,0,0,0,0
"06085","5","115114","78","0","2024","A","N",8,0,0,0,0,0,0,"N",0.53,0,0,0,0,0,0,"N",1,14.3,0,0,0,0,0,0,0,0,0,0,0,0
"06085","5","115115","78","0","2024","A","N",3,0,0,0,0,0,0,"N",0.14,0,0,0,0,0,0,"N",0,0.0,0,0,0,0,0,0,0,0,0,0,0,0
"06085","5","115116","78","0","2024","A","N",2,0,0,0,0,0,0,"N",0.16,0,0,0,0,0,0,"N",0,0.0,0,0,0,0,0,0,0,0,0,0,0,0
"06085","5","1152","76","0","2024","A","",18,115,4662490,1024851,25516,778,40455,"",0.41,0.51,0.16,0.49,0.63,0.32,0.32,"",1,5.9,0,0.0,328517,7.6,-23878,-2.3,-2504,-8.9,50,6.9,2604,6.9
"06085","5","11521","77","0","2024","A","",18,115,4662490,1024851,25516,778,40455,"",0.41,0.51,0.16,0.49,0.63,0.32,0.32,"",1,5.9,0,0.0,328517,7.6,-23878,-2.3,-2504,-8.9,50,6.9,2604,6.9
"06085","5","115210","78","0","2024","A","",18,115,4662490,1024851,25516,778,40455,"",0.41,0.51,0.16,0.49,0.63,0.32,0.32,"",1,5.9,0,0.0,328517,7.6,-23878,-2.3,-2504,-8.9,50,6.9,2604,6.9
"06085","5","1153","76","0","2024","A","",5,42,2696437,554781,14779,1230,63947,"",0.23,0.26,0.09,0.17,0.12,0.34,0.34,"",0,0.0,-12,-22.2,-1505329,-35.8,-95518,-14.7,-8436,-36.3,-262,-17.6,-13624,-17.6
"06085","5","11531","77","0","2024","A","",5,42,2696437,554781,14779,1230,63947,"",0.23,0.26,0.09,0.17,0.12,0.34,0.34,"",0,0.0,-12,-22.2,-1505329,-35.8,-95518,-14.7,-8436,-36.3,-262,-17.6,-13624,-17.6
"06085","5","115310","78","0","2024","A","",5,42,2696437,554781,14779,1230,63947,"",0.23,0.26,0.09,0.17,0.12,0.34,0.34,"",0,0.0,-12,-22.2,-1505329,-35.8,-95518,-14.7,-8436,-36.3,-262,-17.6,-13624,-17.6
"06085","5","21","74","0","2024","A","",15,157,16287765,1704500,79856,2000,104020,"",0.07,0.04,0.01,0.03,0.05,0.31,0.31,"",0,0.0,11,7.5,-228588,-1.4,252712,17.4,13993,21.2,-174,-8.0,-9041,-8.0
"06085","5","212","75","0","2024","A","N",7,0,0,0,0,0,0,"N",0.14,0,0,0,0,0,0,"N",2,40.0,0,0,0,0,0,0,0,0,0,0,0,0
"06085","5","2123","76","0","2024","A","N",7,0,0,0,0,0,0,"N",0.17,0,0,0,0,0,0,"N",2,40.0,0,0,0,0,0,0,0,0,0,0,0,0
"06085","5","21231","77","0","2024","A","N",5,0,0,0,0,0,0,"N",0.28,0,0,0,0,0,0,"N",2,66.7,0,0,0,0,0,0,0,0,0,0,0,0
"06085","5","212311","78","0","2024","A","N",1,0,0,0,0,0,0,"N",0.25,0,0,0,0,0,0,"N",0,0.0,0,0,0,0,0,0,0,0,0,0,0,0
"06085","5","212319","78","0","2024","A","N",4,0,0,0,0,0,0,"N",1.14,0,0,0,0,0,0,"N",2,100.0,0,0,0,0,0,0,0,0,0,0,0,0
"06085","5","21232","77","0","2024","A","N",2,0,0,0,0,0,0,"N",0.09,0,0,0,0,0,0,"N",0,0.0,0,0,0,0,0,0,0,0,0,0,0,0
"06085","5","212321","78","0","2024","A","N",1,0,0,0,0,0,0,"N",0.05,0,0,0,0,0,0,"N",0,0.0,0,0,0,0,0,0,0,0,0,0,0,0
"06085","5","212322","78","0","2024","A","N",1,0,0,0,0,0,0,"N",0.58,0,0,0,0,0,0,"N",0,0.0,0,0,0,0,0,0,0,0,0,0,0,0
"06085","5","213","75","0","2024","A","N",8,0,0,0,0,0,0,"N",0.07,0,0,0,0,0,0,"N",-1,-11.1,0,0,0,0,0,0,0,0,0,0,0,0
"06085","5","2131","76","0","2024","A","N",8,0,0,0,0,0,0,"N",0.07,0,0,0,0,0,0,"N",-1,-11.1,0,0,0,0,0,0,0,0,0,0,0,0
"06085","5","21311","77","0","2024","A","N",8,0,0,0,0,0,0,"N",0.07,0,0,0,0,0,0,"N",-1,-11.1,0,0,0,0,0,0,0,0,0,0,0,0
"06085","5","213111","78","0","2024","A","N",2,0,0,0,0,0,0,"N",0.14,0,0,0,0,0,0,"N",-1,-33.3,0,0,0,0,0,0,0,0,0,0,0,0
"06085","5","213112","78","0","2024","A","",5,19,2586734,300574,8562,2584,134376,"",0.05,0.01,0.01,0.02,0.02,0.46,0.46,"",-1,-16.7,0,0.0,-433477,-14.4,76065,33.9,233,2.8,-420,-14.0,-21842,-14.0
"06085","5","213113","78","0","2024","A","N",0,0,0,0,0,0,0,"N",0.00,0,0,0,0,0,0,"N",0,0,0,0,0,0,0,0,0,0,0,0,0,0
"06085","5","213114","78","0","2024","A","N",1,0,0,0,0,0,0,"N",0.34,0,0,0,0,0,0,"N",0,0.0,0,0,0,0,0,0,0,0,0,0,0,0
"06085","5","22","74","0","2024","A","",53,1777,329981276,13748525,347059,3570,185661,"",0.31,0.42,0.22,0.33,0.41,0.53,0.53,"",4,8.2,75,4.4,26867969,8.9,-126612,-0.9,43339,14.3,145,4.2,7560,4.2
"06085","5","221","75","0","2024","A","",53,1777,329981276,13748525,347059,3570,185661,"",0.31,0.42,0.22,0.33,0.41,0.53,0.53,"",4,8.2,75,4.4,26867969,8.9,-126612,-0.9,43339,14.3,145,4.2,7560,4.2
"06085","5","2211","76","0","2024","A","N",36,0,0,0,0,0,0,"N",0.36,0,0,0,0,0,0,"N",4,12.5,0,0,0,0,0,0,0,0,0,0,0,0
"06085","5","22111","77","0","2024","A","",31,139,20251138,1307193,35769,2793,145256,"",0.64,0.12,0.05,0.11,0.12,0.37,0.37,"",3,10.7,10,7.8,2975451,17.2,76987,6.3,1792,5.3,218,8.5,11336,8.5
"06085","5","221111","78","0","2024","A","N",1,0,0,0,0,0,0,"N",0.22,0,0,0,0,0,0,"N",0,0.0,0,0,0,0,0,0,0,0,0,0,0,0
"06085","5","221112","78","0","2024","A","N",6,0,0,0,0,0,0,"N",0.45,0,0,0,0,0,0,"N",-1,-14.3,0,0,0,0,0,0,0,0,0,0,0,0
"06085","5","221114","78","0","2024","A","",14,35,5060308,387545,15169,2787,144925,"",0.82,0.29,0.13,0.28,0.25,0.44,0.44,"",2,16.7,0,0.0,1763057,53.5,-25459,-6.2,-3351,-18.1,967,53.1,50267,53.1
"06085","5","221116","78","0","2024","A","N",1,0,0,0,0,0,0,"N",2.26,0,0,0,0,0,0,"N",0,0.0,0,0,0,0,0,0,0,0,0,0,0,0
"06085","5","221117","78","0","2024","A","N",1,0,0,0,0,0,0,"N",0.65,0,0,0,0,0,0,"N",0,0.0,0,0,0,0,0,0,0,0,0,0,0,0
"06085","5","221118","78","0","2024","A","",8,20,3127647,232055,7410,3007,156382,"",1.49,0.59,0.23,0.67,0.53,0.39,0.39,"",1,14.3,10,100.0,268734,9.4,102011,78.4,3076,71.0,-2314,-43.5,-120287,-43.5
"06085","5","22112","77","0","2024","A","N",5,0,0,0,0,0,0,"N",0.10,0,0,0,0,0,0,"N",1,25.0,0,0,0,0,0,0,0,0,0,0,0,0
"06085","5","221122","78","0","2024","A","N",5,0,0,0,0,0,0,"N",0.11,0,0,0,0,0,0,"N",1,25.0,0,0,0,0,0,0,0,0,0,0,0,0
"06085","5","2212","76","0","2024","A","N",2,0,0,0,0,0,0,"N",0.09,0,0,0,0,0,0,"N",0,0.0,0,0,0,0,0,0,0,0,0,0,0,0
"06085","5","22121","77","0","2024","A","N",2,0,0,0,0,0,0,"N",0.09,0,0,0,0,0,0,"N",0,0.0,0,0,0,0,0,0,0,0,0,0,0,0
"06085","5","221210","78","0","2024","A","N",2,0,0,0,0,0,0,"N",0.09,0,0,0,0,0,0,"N",0,0.0,0,0,0,0,0,0,0,0,0,0,0,0
"06085","5","2213","76","0","2024","A","",16,322,37223164,2284253,49609,2220,115421,"",0.34,0.73,0.41,0.54,0.50,0.56,0.56,"",1,6.7,-2,-0.6,2869293,8.4,134992,6.3,10869,28.1,179,8.8,9281,8.7
"06085","5","22131","77","0","2024","A","N",12,0,0,0,0,0,0,"N",0.29,0,0,0,0,0,0,"N",0,0.0,0,0,0,0,0,0,0,0,0,0,0,0
"06085","5","221310","78","0","2024","A","N",12,0,0,0,0,0,0,"N",0.29,0,0,0,0,0,0,"N",0,0.0,0,0,0,0,0,0,0,0,0,0,0,0
"06085","5","22132","77","0","2024","A","N",3,0,0,0,0,0,0,"N",0.57,0,0,0,0,0,0,"N",0,0.0,0,0,0,0,0,0,0,0,0,0,0,0
"06085","5","221320","78","0","2024","A","N",3,0,0,0,0,0,0,"N",0.57,0,0,0,0,0,0,"N",0,0.0,0,0,0,0,0,0,0,0,0,0,0,0
"06085","5","23","74","0","2024","A","",4183,51277,6493518120,554355089,22939356,2435,126637,"",0.64,0.87,0.52,0.80,0.67,0.60,0.60,"",23,0.6,-658,-1.3,623741805,10.6,-9731828,-1.7,377843,1.7,262,12.1,13616,12.0
"06085","5","236","75","0","2024","A","",1606,11314,1224589415,113684789,4100249,2082,108238,"",0.80,0.85,0.40,0.73,0.59,0.47,0.47,"",30,1.9,-192,-1.7,-7780234,-0.6,-184606,-0.2,68924,1.7,22,1.1,1132,1.1
"06085","5","2361","76","0","2024","A","",1368,6593,560760615,67317174,2043504,1636,85052,"",0.87,0.98,0.42,0.86,0.74,0.43,0.43,"",37,2.8,189,3.0,37021105,7.1,1974585,3.0,164483,8.8,63,4.0,3270,4.0
"06085","5","23611","77","0","2024","A","",1368,6593,560760615,67317174,2043504,1636,85052,"",0.87,0.98,0.42,0.86,0.74,0.43,0.43,"",37,2.8,189,3.0,37021105,7.1,1974585,3.0,164483,8.8,63,4.0,3270,4.0
"06085","5","236115","78","0","2024","A","",522,2317,198918880,23673129,717310,1651,85849,"",0.84,0.85,0.35,0.72,0.68,0.41,0.40,"",-18,-3.3,-77,-3.2,-1135879,-0.6,-396673,-1.6,40433,6.0,44,2.7,2298,2.8
"06085","5","236116","78","0","2024","A","N",14,0,0,0,0,0,0,"N",0.39,0,0,0,0,0,0,"N",1,7.7,0,0,0,0,0,0,0,0,0,0,0,0
"06085","5","236117","78","0","2024","A","N",7,0,0,0,0,0,0,"N",0.18,0,0,0,0,0,0,"N",3,75.0,0,0,0,0,0,0,0,0,0,0,0,0
"06085","5","236118","78","0","2024","A","",825,4025,324327309,41088508,1222273,1550,80575,"",0.94,1.23,0.61,1.14,0.88,0.50,0.50,"",51,6.6,202,5.3,24510403,8.2,1655186,4.2,84040,7.4,42,2.8,2140,2.7
"06085","5","2362","76","0","2024","A","",238,4721,663828800,46367615,2056745,2704,140622,"",0.54,0.72,0.39,0.60,0.49,0.53,0.53,"",-7,-2.9,-381,-7.5,-44801339,-6.3,-2159191,-4.4,-95559,-4.4,33,1.2,1729,1.2
"06085","5","23621","77","0","2024","A","",12,714,109676943,6254791,293118,2954,153591,"",0.25,0.61,0.36,0.43,0.30,0.59,0.59,"",0,0.0,-231,-24.4,-38158903,-25.8,-2199009,-26.0,-138123,-32.0,-54,-1.8,-2821,-1.8
"06085","5","236210","78","0","2024","A","",12,714,109676943,6254791,293118,2954,153591,"",0.25,0.61,0.36,0.43,0.30,0.59,0.59,"",0,0.0,-231,-24.4,-38158903,-25.8,-2199009,-26.0,-138123,-32.0,-54,-1.8,-2821,-1.8
"06085","5","23622","77","0","2024","A","",226,4007,554151857,40112824,1763627,2660,138310,"",0.57,0.75,0.39,0.63,0.56,0.52,0.52,"",-7,-3.0,-150,-3.6,-6642436,-1.2,39818,0.1,42564,2.5,66,2.5,3401,2.5
"06085","5","236220","78","0","2024","A","",226,4007,554151857,40112824,1763627,2660,138310,"",0.57,0.75,0.39,0.63,0.56,0.52,0.52,"",-7,-3.0,-150,-3.6,-6642436,-1.2,39818,0.1,42564,2.5,66,2.5,3401,2.5
"06085","5","237","75","0","2024","A","",105,2755,354073298,25786400,1418927,2472,128524,"",0.26,0.33,0.17,0.25,0.21,0.52,0.52,"",-11,-9.5,-54,-1.9,558783,0.2,326697,1.3,49383,3.6,52,2.1,2673,2.1
"06085","5","2371","76","0","2024","A","",44,1627,201998555,15181658,824170,2387,124129,"",0.21,0.38,0.19,0.28,0.27,0.50,0.50,"",-7,-13.7,-106,-6.1,-15803941,-7.3,-657895,-4.2,-7553,-0.9,-30,-1.2,-1563,-1.2
"06085","5","23711","77","0","2024","A","",22,1113,143774408,10024121,588235,2484,129187,"",0.25,0.73,0.42,0.58,0.64,0.58,0.58,"",-3,-12.0,-32,-2.8,7763626,5.7,-311371,-3.0,-4195,-0.7,200,8.8,10418,8.8
"06085","5","237110","78","0","2024","A","",22,1113,143774408,10024121,588235,2484,129187,"",0.25,0.73,0.42,0.58,0.64,0.58,0.58,"",-3,-12.0,-32,-2.8,7763626,5.7,-311371,-3.0,-4195,-0.7,200,8.8,10418,8.8
"06085","5","23712","77","0","2024","A","",6,57,5903237,545650,31878,1980,102963,"",0.20,0.06,0.02,0.04,0.03,0.39,0.39,"",0,0.0,-3,-5.0,256089,4.5,-19154,-3.4,-386,-1.2,160,8.8,8318,8.8
"06085","5","237120","78","0","2024","A","",6,57,5903237,545650,31878,1980,102963,"",0.20,0.06,0.02,0.04,0.03,0.39,0.39,"",0,0.0,-3,-5.0,256089,4.5,-19154,-3.4,-386,-1.2,160,8.8,8318,8.8
"06085","5","23713","77","0","2024","A","",16,457,52320910,4611887,204057,2201,114467,"",0.18,0.26,0.12,0.21,0.18,0.44,0.44,"",-5,-23.8,-71,-13.4,-23823656,-31.3,-327370,-6.6,-2972,-1.4,-572,-20.6,-29746,-20.6
"06085","5","237130","78","0","2024","A","",16,457,52320910,4611887,204057,2201,114467,"",0.18,0.26,0.12,0.21,0.18,0.44,0.44,"",-5,-23.8,-71,-13.4,-23823656,-31.3,-327370,-6.6,-2972,-1.4,-572,-20.6,-29746,-20.6
"06085","5","2372","76","0","2024","A","",33,139,17588936,1294212,36324,2436,126691,"",0.82,0.53,0.22,0.46,0.46,0.42,0.42,"",-2,-5.7,3,2.2,-1229201,-6.5,199685,18.2,6945,23.6,-233,-8.7,-12103,-8.7
"06085","5","23721","77","0","2024","A","",33,139,17588936,1294212,36324,2436,126691,"",0.82,0.53,0.22,0.46,0.46,0.42,0.42,"",-2,-5.7,3,2.2,-1229201,-6.5,199685,18.2,6945,23.6,-233,-8.7,-12103,-8.7
"06085","5","237210","78","0","2024","A","",33,139,17588936,1294212,36324,2436,126691,"",0.82,0.53,0.22,0.46,0.46,0.42,0.42,"",-2,-5.7,3,2.2,-1229201,-6.5,199685,18.2,6945,23.6,-233,-8.7,-12103,-8.7
"06085","5","2373","76","0","2024","A","",22,947,130388112,8813754,536238,2648,137698,"",0.26,0.35,0.20,0.26,0.19,0.57,0.57,"",-2,-8.3,44,4.9,16197943,14.2,715454,8.8,44681,9.1,217,8.9,11288,8.9
"06085","5","23731","77","0","2024","A","",22,947,130388112,8813754,536238,2648,137698,"",0.26,0.35,0.20,0.26,0.19,0.57,0.57,"",-2,-8.3,44,4.9,16197943,14.2,715454,8.8,44681,9.1,217,8.9,11288,8.9
"06085","5","237310","78","0","2024","A","",22,947,130388112,8813754,536238,2648,137698,"",0.26,0.35,0.20,0.26,0.19,0.57,0.57,"",-2,-8.3,44,4.9,16197943,14.2,715454,8.8,44681,9.1,217,8.9,11288,8.9
"06085","5","2379","76","0","2024","A","",6,42,4097695,496776,22195,1884,97953,"",0.09,0.04,0.02,0.04,0.03,0.39,0.39,"",0,0.0,5,13.5,1393982,51.6,69453,16.3,5310,31.4,488,35.0,25370,35.0
"06085","5","23799","77","0","2024","A","",6,42,4097695,496776,22195,1884,97953,"",0.09,0.04,0.02,0.04,0.03,0.39,0.39,"",0,0.0,5,13.5,1393982,51.6,69453,16.3,5310,31.4,488,35.0,25370,35.0
"06085","5","237990","78","0","2024","A","",6,42,4097695,496776,22195,1884,97953,"",0.09,0.04,0.02,0.04,0.03,0.39,0.39,"",0,0.0,5,13.5,1393982,51.6,69453,16.3,5310,31.4,488,35.0,25370,35.0
"06085","5","238","75","0","2024","A","",2472,37208,4914855407,414883900,17420180,2540,132092,"",0.61,1.00,0.67,0.96,0.84,0.67,0.67,"",3,0.1,-412,-1.1,630963256,14.7,-9873919,-2.3,259536,1.5,350,16.0,18220,16.0
"06085","5","2381","76","0","2024","A","",464,6836,640211949,69356780,2500486,1801,93648,"",0.57,0.96,0.50,0.83,0.62,0.52,0.52,"",7,1.5,337,5.2,44746514,7.5,715160,1.0,33711,1.4,39,2.2,2024,2.2
"06085","5","23811","77","0","2024","A","",114,2318,238347123,23253817,931004,1978,102843,"",0.67,1.26,0.71,1.08,0.89,0.56,0.56,"",3,2.7,-77,-3.2,-9839035,-4.0,-1865912,-7.4,-81312,-8.0,-15,-0.8,-784,-0.8
"06085","5","238111","78","0","2024","A","",83,957,67946888,9263196,267577,1365,71000,"",0.66,1.07,0.46,0.85,0.54,0.44,0.44,"",2,2.5,23,2.5,1264315,1.9,-343997,-3.6,5178,2.0,-8,-0.6,-382,-0.5
"06085","5","238112","78","0","2024","A","",31,1361,170400235,13990621,663427,2408,125241,"",0.68,1.44,0.90,1.30,1.21,0.62,0.62,"",1,3.3,-100,-6.8,-11103350,-6.1,-1521915,-9.8,-86490,-11.5,19,0.8,994,0.8
"06085","5","23812","77","0","2024","A","",13,160,16922880,1440414,40679,2034,105768,"",0.33,0.26,0.13,0.19,0.09,0.51,0.51,"",0,0.0,-7,-4.2,-393782,-2.3,-69566,-4.6,-9745,-19.3,42,2.1,2179,2.1
"06085","5","238121","78","0","2024","A","",6,25,2042945,250052,8532,1593,82822,"",0.56,0.24,0.11,0.21,0.15,0.45,0.45,"",-1,-14.3,0,0.0,451,0.0,-6779,-2.6,-995,-10.4,11,0.7,574,0.7
"06085","5","238122","78","0","2024","A","",7,135,14879935,1190362,32147,2114,109950,"",0.25,0.26,0.13,0.18,0.08,0.51,0.51,"",1,16.7,-7,-4.9,-394233,-2.6,-62787,-5.0,-8750,-21.4,50,2.4,2637,2.5
"06085","5","23813","77","0","2024","A","",38,315,23934209,3673101,122515,1460,75941,"",0.47,0.51,0.25,0.47,0.43,0.49,0.49,"",4,11.8,4,1.3,773252,3.3,200830,5.8,24585,25.1,29,2.0,1528,2.1
"06085","5","238131","78","0","2024","A","N",34,0,0,0,0,0,0,"N",0.48,0,0,0,0,0,0,"N",4,13.3,0,0,0,0,0,0,0,0,0,0,0,0
"06085","5","238132","78","0","2024","A","N",3,0,0,0,0,0,0,"N",0.27,0,0,0,0,0,0,"N",-1,-25.0,0,0,0,0,0,0,0,0,0,0,0,0
"06085","5","23814","77","0","2024","A","",56,640,42530269,7226860,176869,1277,66410,"",0.42,0.63,0.25,0.59,0.24,0.40,0.40,"",-1,-1.8,7,1.1,1802173,4.4,-262329,-3.5,-20279,-10.3,39,3.2,2018,3.1
"06085","5","238141","78","0","2024","A","",48,372,25541866,4174454,108007,1319,68584,"",0.47,0.72,0.34,0.68,0.38,0.47,0.47,"",-2,-4.0,-11,-2.9,847981,3.4,41159,1.0,4495,4.3,78,6.3,4067,6.3
"06085","5","238142","78","0","2024","A","",8,268,16988403,3052406,68862,1219,63390,"",0.25,0.54,0.18,0.50,0.15,0.34,0.34,"",0,0.0,18,7.2,954192,6.0,-303488,-9.0,-24774,-26.5,-16,-1.3,-811,-1.3
"06085","5","23815","77","0","2024","A","",37,420,43563381,4115063,160004,1995,103743,"",0.67,0.78,0.43,0.70,0.56,0.55,0.55,"",2,5.7,-27,-6.0,-2553322,-5.5,-2169,-0.1,107,0.1,11,0.6,574,0.6
"06085","5","238151","78","0","2024","A","",25,142,10772271,1295906,36265,1455,75683,"",0.77,0.69,0.32,0.60,0.46,0.46,0.46,"",3,13.6,24,20.3,2060093,23.6,198982,18.1,7422,25.7,31,2.2,1642,2.2
"06085","5","238152","78","0","2024","A","",12,278,32791110,2819157,123739,2272,118131,"",0.53,0.84,0.48,0.75,0.60,0.57,0.57,"",-1,-7.7,-51,-15.5,-4613415,-12.3,-201151,-6.7,-7315,-5.6,88,4.0,4555,4.0
"06085","5","23816","77","0","2024","A","",167,2609,240616150,25693895,903448,1774,92234,"",0.76,1.45,0.72,1.29,1.00,0.50,0.50,"",2,1.2,455,21.1,54792619,29.5,2877280,12.6,109116,13.7,115,6.9,5948,6.9
"06085","5","238161","78","0","2024","A","",144,1353,89539117,13827987,361919,1273,66195,"",0.82,1.39,0.55,1.27,0.91,0.39,0.39,"",1,0.7,198,17.1,11422706,14.6,807566,6.2,27326,8.2,-28,-2.2,-1463,-2.2
"06085","5","238162","78","0","2024","A","",22,1256,151077033,11865908,541529,2313,120276,"",0.51,1.51,0.88,1.31,1.07,0.58,0.58,"",0,0.0,257,25.7,43369913,40.3,2069714,21.1,81790,17.8,240,11.6,12461,11.6
"06085","5","23817","77","0","2024","A","",11,136,15068100,1612725,69190,2127,110592,"",0.18,0.44,0.30,0.40,0.45,0.68,0.68,"",0,0.0,-3,-2.2,1817285,13.7,-175231,-9.8,10136,17.2,292,15.9,15148,15.9
"06085","5","238171","78","0","2024","A","N",7,0,0,0,0,0,0,"N",0.12,0,0,0,0,0,0,"N",0,0.0,0,0,0,0,0,0,0,0,0,0,0,0
"06085","5","238172","78","0","2024","A","N",4,0,0,0,0,0,0,"N",0.99,0,0,0,0,0,0,"N",0,0.0,0,0,0,0,0,0,0,0,0,0,0,0
"06085","5","23819","77","0","2024","A","",28,238,19229837,2340905,96777,1552,80713,"",0.49,0.65,0.28,0.54,0.52,0.43,0.43,"",-3,-9.7,-16,-6.3,-1652676,-7.9,12257,0.5,1103,1.2,-31,-2.0,-1610,-2.0
"06085","5","238191","78","0","2024","A","",20,127,9013261,1217888,38601,1361,70785,"",0.59,0.80,0.34,0.66,0.57,0.42,0.42,"",-1,-4.8,5,4.1,569492,6.7,203250,20.0,9069,30.7,31,2.3,1621,2.3
"06085","5","238192","78","0","2024","A","",8,111,10216576,1123017,58176,1771,92110,"",0.34,0.54,0.24,0.46,0.49,0.45,0.45,"",-2,-20.0,-21,-15.9,-2222168,-17.9,-190993,-14.5,-7966,-12.0,-47,-2.6,-2421,-2.6
"06085","5","2382","76","0","2024","A","",1064,18705,3253784745,218118177,9909315,3345,173951,"",0.66,1.02,0.84,1.03,1.05,0.82,0.82,"",23,2.2,-647,-3.3,563547000,20.9,-5945971,-2.7,151373,1.6,672,25.1,34935,25.1
"06085","5","23821","77","0","2024","A","",491,10449,2318389270,136451435,6364946,4267,221880,"",0.71,1.33,1.36,1.48,1.47,1.02,1.02,"",-5,-1.0,-65,-0.6,604117129,35.2,851491,0.6,458637,7.8,1131,36.1,58831,36.1
"06085","5","238211","78","0","2024","A","",327,3573,888947036,60162194,2251221,4785,248802,"",0.78,1.38,1.92,1.97,2.19,1.39,1.39,"",-6,-1.8,-27,-0.8,108724334,13.9,-2339393,-3.7,235184,11.7,617,14.8,32048,14.8
"06085","5","238212","78","0","2024","A","",164,6876,1429442234,76289241,4113725,3998,207891,"",0.61,1.31,1.15,1.23,1.24,0.88,0.88,"",1,0.6,-38,-0.5,495392795,53.0,3190884,4.4,223453,5.7,1400,53.9,72801,53.9
"06085","5","23822","77","0","2024","A","",535,7820,893157663,77683837,3436776,2196,114210,"",0.63,0.84,0.47,0.74,0.78,0.56,0.56,"",24,4.7,-610,-7.2,-42153628,-4.5,-6976441,-8.2,-307074,-8.2,62,2.9,3257,2.9
"06085","5","238221","78","0","2024","A","",438,3254,266549590,33017219,1180020,1575,81925,"",0.68,0.67,0.32,0.61,0.68,0.47,0.47,"",30,7.4,204,6.7,27375854,11.4,1354418,4.3,119670,11.3,67,4.4,3499,4.5
"06085","5","238222","78","0","2024","A","",96,4567,626608073,44666618,2256756,2639,137211,"",0.47,1.03,0.60,0.86,0.83,0.58,0.58,"",-8,-7.7,-813,-15.1,-69529482,-10.0,-8330859,-15.7,-426744,-15.9,151,6.1,7821,6.0
"06085","5","23829","77","0","2024","A","",38,436,42237812,3982905,107593,1863,96876,"",0.44,0.38,0.15,0.29,0.17,0.38,0.38,"",4,11.8,28,6.9,1583499,3.9,178979,4.7,-190,-0.2,-52,-2.7,-2686,-2.7
"06085","5","238291","78","0","2024","A","",21,114,8674438,1038162,28184,1463,76092,"",0.95,0.99,0.42,0.81,0.55,0.43,0.43,"",3,16.7,24,26.7,2077721,31.5,72188,7.5,-2643,-8.6,57,4.1,2998,4.1
"06085","5","238292","78","0","2024","A","",18,322,33563374,2944743,79409,2005,104234,"",0.28,0.31,0.12,0.24,0.13,0.40,0.40,"",2,12.5,4,1.3,-494222,-1.5,106791,3.8,2453,3.2,-54,-2.6,-2837,-2.6
"06085","5","2383","76","0","2024","A","",710,8736,759816159,97728512,3904914,1673,86975,"",0.75,1.45,0.74,1.40,1.19,0.51,0.51,"",-17,-2.3,-153,-1.7,11663506,1.6,-4819552,-4.7,-13839,-0.4,54,3.3,2804,3.3
"06085","5","23831","77","0","2024","A","",109,3862,395993548,47344351,2097748,1972,102525,"",0.71,2.15,1.17,2.15,1.80,0.55,0.54,"",-3,-2.7,-38,-1.0,10177213,2.6,-2679400,-5.4,-47423,-2.2,70,3.7,3606,3.6
"06085","5","238311","78","0","2024","A","",78,1312,101213825,15650557,503224,1483,77135,"",0.70,1.53,0.74,1.51,1.38,0.49,0.49,"",-3,-3.7,-250,-16.0,-29228894,-22.4,-4971576,-24.1,-152020,-23.2,-123,-7.7,-6362,-7.6
"06085","5","238312","78","0","2024","A","",31,2550,294779723,31693794,1594524,2223,115589,"",0.73,2.73,1.46,2.72,1.99,0.54,0.54,"",-1,-3.1,212,9.1,39406107,15.4,2292176,7.8,104597,7.0,123,5.9,6366,5.8
"06085","5","23832","77","0","2024","A","",285,2268,147240490,24265846,793430,1248,64916,"",0.98,1.53,0.66,1.44,1.01,0.43,0.43,"",-1,-0.3,-14,-0.6,-1144007,-0.8,-1528499,-5.9,12925,1.7,-2,-0.2,-106,-0.2
"06085","5","238321","78","0","2024","A","",254,1497,86941125,16472326,501580,1117,58061,"",1.04,1.61,0.71,1.55,1.31,0.44,0.44,"",-1,-0.4,16,1.1,850749,1.0,-1411704,-7.9,35496,7.6,-1,-0.1,-75,-0.1
"06085","5","238322","78","0","2024","A","",32,771,60299365,7793520,291850,1505,78235,"",0.69,1.41,0.60,1.25,0.72,0.42,0.42,"",2,6.7,-30,-3.7,-1994756,-3.2,-116795,-1.5,-22571,-7.2,10,0.7,489,0.6
"06085","5","23833","77","0","2024","A","",94,935,82941154,9538303,442795,1706,88715,"",0.70,1.61,0.83,1.46,1.58,0.52,0.51,"",-10,-9.6,-43,-4.4,-12635,0.0,-223157,-2.3,11478,2.7,76,4.7,3931,4.6
"06085","5","238331","78","0","2024","A","",80,625,49377047,6418802,268039,1518,78951,"",0.72,1.64,0.85,1.52,1.90,0.52,0.52,"",-10,-11.1,0,0.0,2169354,4.6,147687,2.4,19559,7.9,66,4.5,3469,4.6
"06085","5","238332","78","0","2024","A","",13,310,33564107,3119501,174756,2086,108446,"",0.55,1.54,0.79,1.35,1.26,0.51,0.51,"",-1,-7.1,-43,-12.2,-2181989,-6.1,-370844,-10.6,-8081,-4.4,139,7.1,7182,7.1
"06085","5","23834","77","0","2024","A","",90,608,42715488,6316482,197117,1350,70217,"",1.25,1.55,0.69,1.40,1.05,0.44,0.44,"",3,3.4,-9,-1.5,831347,2.0,94314,1.5,8924,4.7,45,3.4,2361,3.5
"06085","5","238341","78","0","2024","A","",86,474,30158910,4926514,123612,1223,63582,"",1.35,1.58,0.68,1.46,1.10,0.43,0.43,"",3,3.6,-3,-0.6,905476,3.1,170024,3.6,10298,9.1,44,3.7,2297,3.7
"06085","5","238342","78","0","2024","A","",4,134,12556578,1389968,73505,1802,93706,"",0.47,1.46,0.71,1.22,0.98,0.49,0.49,"",0,0.0,-6,-4.3,-74129,-0.6,-75710,-5.2,-1374,-1.8,66,3.8,3433,3.8
"06085","5","23835","77","0","2024","A","",88,474,40173284,4517651,153638,1631,84828,"",0.39,0.41,0.21,0.34,0.31,0.50,0.50,"",-8,-8.3,-17,-3.5,2327944,6.2,-429833,-8.7,-10151,-6.2,148,10.0,7698,10.0
"06085","5","238351","78","0","2024","A","",77,340,24908415,3125678,86594,1410,73332,"",0.38,0.37,0.17,0.30,0.26,0.46,0.46,"",-7,-8.3,-27,-7.4,-722093,-2.8,-372973,-10.7,-10087,-10.4,67,5.0,3478,5.0
"06085","5","238352","78","0","2024","A","",11,134,15264869,1391973,67044,2192,113988,"",0.44,0.56,0.31,0.49,0.39,0.55,0.55,"",-1,-8.3,10,8.1,3050037,25.0,-56860,-3.9,-64,-0.1,294,15.5,15282,15.5
"06085","5","23839","77","0","2024","A","",43,589,50752195,5745879,220186,1658,86228,"",0.58,0.94,0.45,0.83,0.63,0.48,0.48,"",0,0.0,-31,-5.0,-516356,-1.0,-52977,-0.9,10408,5.0,67,4.2,3503,4.2
"06085","5","238391","78","0","2024","A","",22,124,7375285,1150753,42978,1146,59598,"",0.51,0.46,0.16,0.40,0.39,0.36,0.36,"",1,4.8,6,5.1,496692,7.2,17244,1.5,14501,50.9,24,2.1,1264,2.2
"06085","5","238392","78","0","2024","A","",21,465,43376910,4595126,177208,1795,93317,"",0.67,1.30,0.65,1.15,0.74,0.50,0.50,"",-1,-4.5,-37,-7.4,-1013048,-2.3,-70221,-1.5,-4093,-2.3,94,5.5,4861,5.5
"06085","5","2389","76","0","2024","A","",234,2930,261042554,29680431,1105465,1713,89083,"",0.34,0.51,0.24,0.44,0.29,0.47,0.47,"",-9,-3.7,49,1.7,11006236,4.4,176444,0.6,88291,8.7,44,2.6,2287,2.6
"06085","5","23891","77","0","2024","A","",75,929,101406311,10166925,441020,2099,109147,"",0.26,0.32,0.18,0.29,0.23,0.56,0.56,"",-7,-8.5,3,0.3,9872649,10.8,17066,0.2,49073,12.5,197,10.4,10263,10.4
"06085","5","238911","78","0","2024","A","",44,277,20250144,2838108,105899,1405,73061,"",0.26,0.26,0.11,0.21,0.17,0.43,0.43,"",-5,-10.2,-7,-2.5,1093318,5.7,-14789,-0.5,11663,12.4,108,8.3,5607,8.3
"06085","5","238912","78","0","2024","A","",32,652,81156167,7328817,335121,2394,124489,"",0.27,0.36,0.21,0.34,0.26,0.60,0.60,"",-1,-3.0,10,1.6,8779331,12.1,31855,0.4,37410,12.6,225,10.4,11694,10.4
"06085","5","23899","77","0","2024","A","",159,2001,159636243,19513506,664445,1534,79768,"",0.41,0.72,0.31,0.61,0.34,0.43,0.43,"",-2,-1.2,46,2.4,1133587,0.7,159378,0.8,39218,6.3,-25,-1.6,-1304,-1.6
"06085","5","238991","78","0","2024","A","",122,1288,95312229,12503757,428629,1424,74024,"",0.46,0.93,0.43,0.81,0.48,0.46,0.46,"",-1,-0.8,89,7.4,6159574,6.9,457144,3.8,51681,13.7,-6,-0.4,-316,-0.4
"06085","5","238992","78","0","2024","A","",37,714,64324014,7009749,235816,1733,90132,"",0.29,0.51,0.22,0.42,0.22,0.43,0.43,"",-2,-5.1,-42,-5.6,-5025987,-7.2,-297766,-4.1,-12463,-5.0,-31,-1.8,-1621,-1.8
"06085","5","31-33","74","0","2024","A","",2611,122683,38850473407,1059551679,34405182,6090,316673,"",0.95,1.34,1.90,1.12,1.27,1.42,1.42,"",-48,-1.8,-53812,-30.5,-14488707601,-27.2,-434746245,-29.1,-7025514,-17.0,278,4.8,14459,4.8
"06085","5","311","75","0","2024","A","",161,3203,169653356,28939360,885040,1018,52960,"",0.55,0.25,0.08,0.21,0.24,0.33,0.33,"",14,9.5,330,11.5,18483499,12.2,2627498,10.0,85684,10.7,6,0.6,343,0.7
"06085","5","3111","76","0","2024","A","N",1,0,0,0,0,0,0,"N",0.05,0,0,0,0,0,0,"N",0,0.0,0,0,0,0,0,0,0,0,0,0,0,0
"06085","5","31111","77","0","2024","A","N",1,0,0,0,0,0,0,"N",0.05,0,0,0,0,0,0,"N",0,0.0,0,0,0,0,0,0,0,0,0,0,0,0
"06085","5","311111","78","0","2024","A","N",1,0,0,0,0,0,0,"N",0.15,0,0,0,0,0,0,"N",0,0.0,0,0,0,0,0,0,0,0,0,0,0,0
"06085","5","3112","76","0","2024","A","N",2,0,0,0,0,0,0,"N",0.23,0,0,0,0,0,0,"N",0,0.0,0,0,0,0,0,0,0,0,0,0,0,0
"06085","5","31122","77","0","2024","A","N",2,0,0,0,0,0,0,"N",0.55,0,0,0,0,0,0,"N",0,0.0,0,0,0,0,0,0,0,0,0,0,0,0
"06085","5","311224","78","0","2024","A","N",1,0,0,0,0,0,0,"N",0.58,0,0,0,0,0,0,"N",0,0.0,0,0,0,0,0,0,0,0,0,0,0,0
"06085","5","311225","78","0","2024","A","N",1,0,0,0,0,0,0,"N",0.71,0,0,0,0,0,0,"N",0,0.0,0,0,0,0,0,0,0,0,0,0,0,0
"06085","5","3113","76","0","2024","A","",7,84,3818652,695261,17404,877,45596,"",0.43,0.14,0.04,0.12,0.07,0.26,0.26,"",2,40.0,10,13.5,226445,6.3,65663,10.4,-93,-0.5,-63,-6.7,-3278,-6.7
"06085","5","31134","77","0","2024","A","N",2,0,0,0,0,0,0,"N",0.40,0,0,0,0,0,0,"N",0,0.0,0,0,0,0,0,0,0,0,0,0,0,0
"06085","5","311340","78","0","2024","A","N",2,0,0,0,0,0,0,"N",0.40,0,0,0,0,0,0,"N",0,0.0,0,0,0,0,0,0,0,0,0,0,0,0
"06085","5","31135","77","0","2024","A","N",5,0,0,0,0,0,0,"N",0.47,0,0,0,0,0,0,"N",2,66.7,0,0,0,0,0,0,0,0,0,0,0,0
"06085","5","311351","78","0","2024","A","N",2,0,0,0,0,0,0,"N",0.83,0,0,0,0,0,0,"N",1,100.0,0,0,0,0,0,0,0,0,0,0,0,0
"06085","5","311352","78","0","2024","A","",3,12,322823,116989,3357,497,25826,"",0.37,0.05,0.01,0.06,0.04,0.19,0.19,"N",1,50.0,0,0,0,0,0,0,0,0,0,0,0,0
"06085","5","3114","76","0","2024","A","",6,163,15783582,1598323,89191,1857,96585,"",0.30,0.13,0.07,0.10,0.14,0.57,0.57,"",-1,-14.3,-15,-8.4,-171222,-1.1,19483,1.2,4269,5.0,129,7.5,6741,7.5
"06085","5","31141","77","0","2024","A","N",2,0,0,0,0,0,0,"N",0.24,0,0,0,0,0,0,"N",0,0.0,0,0,0,0,0,0,0,0,0,0,0,0
"06085","5","311412","78","0","2024","A","N",2,0,0,0,0,0,0,"N",0.33,0,0,0,0,0,0,"N",0,0.0,0,0,0,0,0,0,0,0,0,0,0,0
"06085","5","31142","77","0","2024","A","N",4,0,0,0,0,0,0,"N",0.35,0,0,0,0,0,0,"N",-1,-20.0,0,0,0,0,0,0,0,0,0,0,0,0
"06085","5","311421","78","0","2024","A","N",1,0,0,0,0,0,0,"N",0.13,0,0,0,0,0,0,"N",0,0.0,0,0,0,0,0,0,0,0,0,0,0,0
"06085","5","311422","78","0","2024","A","N",3,0,0,0,0,0,0,"N",2.71,0,0,0,0,0,0,"N",-1,-25.0,0,0,0,0,0,0,0,0,0,0,0,0
"06085","5","3115","76","0","2024","A","",11,238,13473564,2165961,52421,1088,56572,"",0.57,0.20,0.06,0.17,0.16,0.30,0.30,"",-1,-8.3,-20,-7.8,-2618842,-16.3,-149098,-6.4,-8190,-13.5,-113,-9.4,-5882,-9.4
"06085","5","31151","77","0","2024","A","N",3,0,0,0,0,0,0,"N",0.24,0,0,0,0,0,0,"N",0,0.0,0,0,0,0,0,0,0,0,0,0,0,0
"06085","5","311511","78","0","2024","A","N",2,0,0,0,0,0,0,"N",0.39,0,0,0,0,0,0,"N",0,0.0,0,0,0,0,0,0,0,0,0,0,0,0
"06085","5","311513","78","0","2024","A","N",1,0,0,0,0,0,0,"N",0.20,0,0,0,0,0,0,"N",0,0.0,0,0,0,0,0,0,0,0,0,0,0,0
"06085","5","31152","77","0","2024","A","N",8,0,0,0,0,0,0,"N",1.19,0,0,0,0,0,0,"N",-1,-11.1,0,0,0,0,0,0,0,0,0,0,0,0
"06085","5","311520","78","0","2024","A","N",8,0,0,0,0,0,0,"N",1.19,0,0,0,0,0,0,"N",-1,-11.1,0,0,0,0,0,0,0,0,0,0,0,0
"06085","5","3116","76","0","2024","A","",8,186,11508043,1711038,27239,1193,62010,"",0.25,0.05,0.02,0.04,0.04,0.44,0.44,"",0,0.0,7,3.9,989144,9.4,47272,2.8,1033,3.9,62,5.5,3218,5.5
"06085","5","31161","77","0","2024","A","",8,186,11508043,1711038,27239,1193,62010,"",0.25,0.05,0.02,0.04,0.04,0.44,0.44,"",0,0.0,7,3.9,989144,9.4,47272,2.8,1033,3.9,62,5.5,3218,5.5
"06085","5","311611","78","0","2024","A","N",2,0,0,0,0,0,0,"N",0.17,0,0,0,0,0,0,"N",0,0.0,0,0,0,0,0,0,0,0,0,0,0,0
"06085","5","311612","78","0","2024","A","N",6,0,0,0,0,0,0,"N",0.44,0,0,0,0,0,0,"N",0,0.0,0,0,0,0,0,0,0,0,0,0,0,0
"06085","5","3117","76","0","2024","A","N",1,0,0,0,0,0,0,"N",0.17,0,0,0,0,0,0,"N",1,100.0,0,0,0,0,0,0,0,0,0,0,0,0
"06085","5","31171","77","0","2024","A","N",1,0,0,0,0,0,0,"N",0.17,0,0,0,0,0,0,"N",1,100.0,0,0,0,0,0,0,0,0,0,0,0,0
"06085","5","311710","78","0","2024","A","N",1,0,0,0,0,0,0,"N",0.17,0,0,0,0,0,0,"N",1,100.0,0,0,0,0,0,0,0,0,0,0,0,0
"06085","5","3118","76","0","2024","A","",97,1422,52287389,12900514,292838,707,36783,"",0.89,0.57,0.16,0.53,0.43,0.28,0.28,"",10,11.5,73,5.4,5046360,10.7,231949,1.8,12253,4.4,34,5.1,1762,5.0
"06085","5","31181","77","0","2024","A","",90,1305,46633515,11948665,276880,687,35739,"",0.93,0.68,0.20,0.65,0.53,0.29,0.29,"",10,12.5,71,5.8,4489757,10.7,171459,1.5,11929,4.5,30,4.6,1589,4.7
"06085","5","311811","78","0","2024","A","",72,945,32424629,8570133,202846,660,34312,"",1.10,1.25,0.55,1.32,1.09,0.44,0.44,"",13,22.0,66,7.5,3210967,11.0,487910,6.0,16951,9.1,21,3.3,1071,3.2
"06085","5","311812","78","0","2024","A","N",16,0,0,0,0,0,0,"N",0.54,0,0,0,0,0,0,"N",-3,-15.8,0,0,0,0,0,0,0,0,0,0,0,0
"06085","5","311813","78","0","2024","A","N",2,0,0,0,0,0,0,"N",0.94,0,0,0,0,0,0,"N",0,0.0,0,0,0,0,0,0,0,0,0,0,0,0
"06085","5","31182","77","0","2024","A","N",6,0,0,0,0,0,0,"N",0.69,0,0,0,0,0,0,"N",0,0.0,0,0,0,0,0,0,0,0,0,0,0,0
"06085","5","311821","78","0","2024","A","N",4,0,0,0,0,0,0,"N",0.76,0,0,0,0,0,0,"N",1,33.3,0,0,0,0,0,0,0,0,0,0,0,0
"06085","5","311824","78","0","2024","A","N",2,0,0,0,0,0,0,"N",0.58,0,0,0,0,0,0,"N",-1,-33.3,0,0,0,0,0,0,0,0,0,0,0,0
"06085","5","31183","77","0","2024","A","N",1,0,0,0,0,0,0,"N",0.28,0,0,0,0,0,0,"N",0,0.0,0,0,0,0,0,0,0,0,0,0,0,0
"06085","5","311830","78","0","2024","A","N",1,0,0,0,0,0,0,"N",0.28,0,0,0,0,0,0,"N",0,0.0,0,0,0,0,0,0,0,0,0,0,0,0
"06085","5","3119","76","0","2024","A","",28,1105,71985804,9795062,403753,1253,65170,"",0.48,0.57,0.21,0.48,0.64,0.37,0.37,"",1,3.7,274,33.0,14835842,26.0,2409028,32.6,76696,23.5,-69,-5.2,-3568,-5.2
"06085","5","31191","77","0","2024","A","N",1,0,0,0,0,0,0,"N",0.13,0,0,0,0,0,0,"N",0,0.0,0,0,0,0,0,0,0,0,0,0,0,0
"06085","5","311911","78","0","2024","A","N",0,0,0,0,0,0,0,"N",0.00,0,0,0,0,0,0,"N",0,0,0,0,0,0,0,0,0,0,0,0,0,0
"06085","5","311919","78","0","2024","A","N",1,0,0,0,0,0,0,"N",0.18,0,0,0,0,0,0,"N",0,0.0,0,0,0,0,0,0,0,0,0,0,0,0
"06085","5","31192","77","0","2024","A","N",3,0,0,0,0,0,0,"N",0.25,0,0,0,0,0,0,"N",0,0.0,0,0,0,0,0,0,0,0,0,0,0,0
"06085","5","311920","78","0","2024","A","N",3,0,0,0,0,0,0,"N",0.25,0,0,0,0,0,0,"N",0,0.0,0,0,0,0,0,0,0,0,0,0,0,0
"06085","5","31194","77","0","2024","A","",5,541,47602517,5105670,276567,1691,87936,"",0.59,1.50,0.64,1.40,2.33,0.43,0.43,"",0,0.0,8,1.5,4435015,10.3,189302,3.9,16129,6.2,133,8.5,6934,8.6
"06085","5","311941","78","0","2024","A","N",4,0,0,0,0,0,0,"N",1.15,0,0,0,0,0,0,"N",0,0.0,0,0,0,0,0,0,0,0,0,0,0,0
"06085","5","311942","78","0","2024","A","N",1,0,0,0,0,0,0,"N",0.20,0,0,0,0,0,0,"N",0,0.0,0,0,0,0,0,0,0,0,0,0,0,0
"06085","5","31199","77","0","2024","A","",19,523,23224316,4291108,120634,854,44399,"",0.68,0.64,0.18,0.47,0.45,0.28,0.28,"",2,11.8,263,101.2,10280427,79.4,2201311,105.3,60559,100.8,-102,-10.7,-5337,-10.7
"06085","5","311991","78","0","2024","A","N",13,0,0,0,0,0,0,"N",1.00,0,0,0,0,0,0,"N",1,8.3,0,0,0,0,0,0,0,0,0,0,0,0
"06085","5","311999","78","0","2024","A","N",6,0,0,0,0,0,0,"N",0.40,0,0,0,0,0,0,"N",1,20.0,0,0,0,0,0,0,0,0,0,0,0,0
"06085","5","312","75","0","2024","A","",65,883,56556596,7702926,199341,1232,64063,"",0.56,0.37,0.15,0.34,0.27,0.40,0.40,"",-1,-1.5,-68,-7.2,-89724,-0.2,-504754,-6.1,-10786,-5.1,87,7.6,4508,7.6
"06085","5","3121","76","0","2024","A","N",64,0,0,0,0,0,0,"N",0.56,0,0,0,0,0,0,"N",-1,-1.5,0,0,0,0,0,0,0,0,0,0,0,0
"06085","5","31211","77","0","2024","A","",5,103,15702745,1053894,46264,2920,151840,"",0.27,0.13,0.10,0.13,0.19,0.81,0.81,"",-1,-16.7,-8,-7.2,1944754,14.1,55676,5.6,-269,-0.6,540,22.7,28080,22.7
"06085","5","312111","78","0","2024","A","N",1,0,0,0,0,0,0,"N",0.10,0,0,0,0,0,0,"N",0,0.0,0,0,0,0,0,0,0,0,0,0,0,0
"06085","5","312112","78","0","2024","A","N",3,0,0,0,0,0,0,"N",0.54,0,0,0,0,0,0,"N",0,0.0,0,0,0,0,0,0,0,0,0,0,0,0
"06085","5","312113","78","0","2024","A","N",1,0,0,0,0,0,0,"N",0.26,0,0,0,0,0,0,"N",-1,-50.0,0,0,0,0,0,0,0,0,0,0,0,0
"06085","5","31212","77","0","2024","A","",16,165,7749606,1472769,35994,903,46944,"",0.38,0.21,0.08,0.20,0.17,0.37,0.36,"",1,6.7,-21,-11.3,-602201,-7.2,-280818,-16.0,-9173,-20.3,39,4.5,2002,4.5
"06085","5","312120","78","0","2024","A","",16,165,7749606,1472769,35994,903,46944,"",0.38,0.21,0.08,0.20,0.17,0.37,0.36,"",1,6.7,-21,-11.3,-602201,-7.2,-280818,-16.0,-9173,-20.3,39,4.5,2002,4.5
"06085","5","31213","77","0","2024","A","",39,606,32189278,5085263,114402,1022,53125,"",0.97,1.09,0.40,1.13,0.57,0.37,0.37,"",-3,-7.1,-40,-6.2,-1386990,-4.1,-261184,-4.9,-1479,-1.3,22,2.2,1143,2.2
"06085","5","312130","78","0","2024","A","",39,606,32189278,5085263,114402,1022,53125,"",0.97,1.09,0.40,1.13,0.57,0.37,0.37,"",-3,-7.1,-40,-6.2,-1386990,-4.1,-261184,-4.9,-1479,-1.3,22,2.2,1143,2.2
"06085","5","31214","77","0","2024","A","N",3,0,0,0,0,0,0,"N",0.23,0,0,0,0,0,0,"N",0,0.0,0,0,0,0,0,0,0,0,0,0,0,0
"06085","5","312140","78","0","2024","A","N",3,0,0,0,0,0,0,"N",0.23,0,0,0,0,0,0,"N",0,0.0,0,0,0,0,0,0,0,0,0,0,0,0
"06085","5","3122","76","0","2024","A","N",1,0,0,0,0,0,0,"N",0.33,0,0,0,0,0,0,"N",0,0.0,0,0,0,0,0,0,0,0,0,0,0,0
"06085","5","31223","77","0","2024","A","N",1,0,0,0,0,0,0,"N",0.33,0,0,0,0,0,0,"N",0,0.0,0,0,0,0,0,0,0,0,0,0,0,0
"06085","5","312230","78","0","2024","A","N",1,0,0,0,0,0,0,"N",0.33,0,0,0,0,0,0,"N",0,0.0,0,0,0,0,0,0,0,0,0,0,0,0
"06085","5","313","75","0","2024","A","N",8,0,0,0,0,0,0,"N",0.43,0,0,0,0,0,0,"N",-1,-11.1,0,0,0,0,0,0,0,0,0,0,0,0
"06085","5","3131","76","0","2024","A","N",1,0,0,0,0,0,0,"N",0.38,0,0,0,0,0,0,"N",0,0.0,0,0,0,0,0,0,0,0,0,0,0,0
"06085","5","31311","77","0","2024","A","N",1,0,0,0,0,0,0,"N",0.38,0,0,0,0,0,0,"N",0,0.0,0,0,0,0,0,0,0,0,0,0,0,0
"06085","5","313110","78","0","2024","A","N",1,0,0,0,0,0,0,"N",0.38,0,0,0,0,0,0,"N",0,0.0,0,0,0,0,0,0,0,0,0,0,0,0
"06085","5","3132","76","0","2024","A","N",1,0,0,0,0,0,0,"N",0.14,0,0,0,0,0,0,"N",-2,-66.7,0,0,0,0,0,0,0,0,0,0,0,0
"06085","5","31322","77","0","2024","A","N",1,0,0,0,0,0,0,"N",0.60,0,0,0,0,0,0,"N",0,0.0,0,0,0,0,0,0,0,0,0,0,0,0
"06085","5","313220","78","0","2024","A","N",1,0,0,0,0,0,0,"N",0.60,0,0,0,0,0,0,"N",0,0.0,0,0,0,0,0,0,0,0,0,0,0,0
"06085","5","31323","77","0","2024","A","N",0,0,0,0,0,0,0,"N",0.00,0,0,0,0,0,0,"N",-2,-100.0,0,0,0,0,0,0,0,0,0,0,0,0
"06085","5","313230","78","0","2024","A","N",0,0,0,0,0,0,0,"N",0.00,0,0,0,0,0,0,"N",-2,-100.0,0,0,0,0,0,0,0,0,0,0,0,0
"06085","5","3133","76","0","2024","A","N",6,0,0,0,0,0,0,"N",0.69,0,0,0,0,0,0,"N",1,20.0,0,0,0,0,0,0,0,0,0,0,0,0
"06085","5","31331","77","0","2024","A","",4,22,819473,234645,7033,725,37677,"",0.55,0.19,0.05,0.19,0.23,0.25,0.25,"",0,0.0,2,10.0,137292,20.1,-97988,-29.5,-2914,-29.3,52,7.7,2693,7.7
"06085","5","313310","78","0","2024","A","",4,22,819473,234645,7033,725,37677,"",0.55,0.19,0.05,0.19,0.23,0.25,0.25,"",0,0.0,2,10.0,137292,20.1,-97988,-29.5,-2914,-29.3,52,7.7,2693,7.7
"06085","5","31332","77","0","2024","A","N",1,0,0,0,0,0,0,"N",0.72,0,0,0,0,0,0,"N",0,0.0,0,0,0,0,0,0,0,0,0,0,0,0
"06085","5","313320","78","0","2024","A","N",1,0,0,0,0,0,0,"N",0.72,0,0,0,0,0,0,"N",0,0.0,0,0,0,0,0,0,0,0,0,0,0,0
"06085","5","314","75","0","2024","A","",15,192,11614355,1531424,32748,1165,60597,"",0.35,0.27,0.12,0.24,0.21,0.43,0.43,"",2,15.4,-7,-3.5,-221019,-1.9,-39494,-2.5,-3911,-10.7,22,1.9,1148,1.9
"06085","5","3141","76","0","2024","A","N",1,0,0,0,0,0,0,"N",0.09,0,0,0,0,0,0,"N",0,0.0,0,0,0,0,0,0,0,0,0,0,0,0
"06085","5","31412","77","0","2024","A","N",1,0,0,0,0,0,0,"N",0.13,0,0,0,0,0,0,"N",0,0.0,0,0,0,0,0,0,0,0,0,0,0,0
"06085","5","314120","78","0","2024","A","N",1,0,0,0,0,0,0,"N",0.13,0,0,0,0,0,0,"N",0,0.0,0,0,0,0,0,0,0,0,0,0,0,0
"06085","5","3149","76","0","2024","A","N",14,0,0,0,0,0,0,"N",0.43,0,0,0,0,0,0,"N",2,16.7,0,0,0,0,0,0,0,0,0,0,0,0
"06085","5","31491","77","0","2024","A","",6,120,8488948,975699,21768,1356,70496,"",0.53,0.72,0.36,0.58,0.47,0.50,0.50,"",0,0.0,-6,-4.8,10087,0.1,-24010,-2.4,-2759,-11.2,63,4.9,3248,4.8
"06085","5","314910","78","0","2024","A","",6,120,8488948,975699,21768,1356,70496,"",0.53,0.72,0.36,0.58,0.47,0.50,0.50,"",0,0.0,-6,-4.8,10087,0.1,-24010,-2.4,-2759,-11.2,63,4.9,3248,4.8
"06085","5","31499","77","0","2024","A","N",8,0,0,0,0,0,0,"N",0.37,0,0,0,0,0,0,"N",2,33.3,0,0,0,0,0,0,0,0,0,0,0,0
"06085","5","314999","78","0","2024","A","N",8,0,0,0,0,0,0,"N",0.39,0,0,0,0,0,0,"N",2,33.3,0,0,0,0,0,0,0,0,0,0,0,0
"06085","5","315","75","0","2024","A","N",4,0,0,0,0,0,0,"N",0.09,0,0,0,0,0,0,"N",-2,-33.3,0,0,0,0,0,0,0,0,0,0,0,0
"06085","5","3152","76","0","2024","A","N",3,0,0,0,0,0,0,"N",0.09,0,0,0,0,0,0,"N",0,0.0,0,0,0,0,0,0,0,0,0,0,0,0
"06085","5","31525","77","0","2024","A","N",3,0,0,0,0,0,0,"N",0.17,0,0,0,0,0,0,"N",0,0.0,0,0,0,0,0,0,0,0,0,0,0,0
"06085","5","315250","78","0","2024","A","N",3,0,0,0,0,0,0,"N",0.17,0,0,0,0,0,0,"N",0,0.0,0,0,0,0,0,0,0,0,0,0,0,0
"06085","5","3159","76","0","2024","A","N",1,0,0,0,0,0,0,"N",0.10,0,0,0,0,0,0,"N",-2,-66.7,0,0,0,0,0,0,0,0,0,0,0,0
"06085","5","31599","77","0","2024","A","N",1,0,0,0,0,0,0,"N",0.10,0,0,0,0,0,0,"N",-2,-66.7,0,0,0,0,0,0,0,0,0,0,0,0
"06085","5","315990","78","0","2024","A","N",1,0,0,0,0,0,0,"N",0.10,0,0,0,0,0,0,"N",-2,-66.7,0,0,0,0,0,0,0,0,0,0,0,0
"06085","5","316","75","0","2024","A","",4,10,490609,111626,2634,906,47098,"",0.37,0.05,0.02,0.07,0.06,0.31,0.31,"N",-1,-20.0,0,0,0,0,0,0,0,0,0,0,0,0
"06085","5","3162","76","0","2024","A","N",1,0,0,0,0,0,0,"N",0.36,0,0,0,0,0,0,"N",0,0.0,0,0,0,0,0,0,0,0,0,0,0,0
"06085","5","31621","77","0","2024","A","N",1,0,0,0,0,0,0,"N",0.36,0,0,0,0,0,0,"N",0,0.0,0,0,0,0,0,0,0,0,0,0,0,0
"06085","5","316210","78","0","2024","A","N",1,0,0,0,0,0,0,"N",0.36,0,0,0,0,0,0,"N",0,0.0,0,0,0,0,0,0,0,0,0,0,0,0
"06085","5","3169","76","0","2024","A","N",2,0,0,0,0,0,0,"N",0.30,0,0,0,0,0,0,"N",-2,-50.0,0,0,0,0,0,0,0,0,0,0,0,0
"06085","5","31699","77","0","2024","A","N",2,0,0,0,0,0,0,"N",0.30,0,0,0,0,0,0,"N",-2,-50.0,0,0,0,0,0,0,0,0,0,0,0,0
"06085","5","316990","78","0","2024","A","N",2,0,0,0,0,0,0,"N",0.30,0,0,0,0,0,0,"N",-2,-50.0,0,0,0,0,0,0,0,0,0,0,0,0
"06085","5","321","75","0","2024","A","",33,447,27406982,3842589,104214,1180,61336,"",0.30,0.15,0.06,0.11,0.12,0.38,0.38,"",-1,-2.9,-6,-1.3,206888,0.8,-253257,-6.2,4066,4.1,25,2.2,1281,2.1
"06085","5","3211","76","0","2024","A","N",1,0,0,0,0,0,0,"N",0.04,0,0,0,0,0,0,"N",0,0.0,0,0,0,0,0,0,0,0,0,0,0,0
"06085","5","32111","77","0","2024","A","N",1,0,0,0,0,0,0,"N",0.04,0,0,0,0,0,0,"N",0,0.0,0,0,0,0,0,0,0,0,0,0,0,0
"06085","5","321113","78","0","2024","A","N",1,0,0,0,0,0,0,"N",0.05,0,0,0,0,0,0,"N",0,0.0,0,0,0,0,0,0,0,0,0,0,0,0
"06085","5","3212","76","0","2024","A","N",1,0,0,0,0,0,0,"N",0.08,0,0,0,0,0,0,"N",0,0.0,0,0,0,0,0,0,0,0,0,0,0,0
"06085","5","32121","77","0","2024","A","N",1,0,0,0,0,0,0,"N",0.08,0,0,0,0,0,0,"N",0,0.0,0,0,0,0,0,0,0,0,0,0,0,0
"06085","5","321219","78","0","2024","A","N",1,0,0,0,0,0,0,"N",0.66,0,0,0,0,0,0,"N",0,0.0,0,0,0,0,0,0,0,0,0,0,0,0
"06085","5","3219","76","0","2024","A","",31,443,27348119,3812015,102768,1188,61757,"",0.41,0.25,0.10,0.20,0.21,0.39,0.39,"",-1,-3.1,-8,-1.8,186903,0.7,-264437,-6.5,3706,3.7,31,2.7,1588,2.6
"06085","5","32191","77","0","2024","A","",10,100,6905078,901426,21303,1335,69398,"",0.42,0.14,0.06,0.09,0.10,0.42,0.42,"",-1,-9.1,-16,-13.8,-796015,-10.3,-452567,-33.4,-6170,-22.5,58,4.5,3009,4.5
"06085","5","321911","78","0","2024","A","N",4,0,0,0,0,0,0,"N",0.48,0,0,0,0,0,0,"N",0,0.0,0,0,0,0,0,0,0,0,0,0,0,0
"06085","5","321912","78","0","2024","A","N",1,0,0,0,0,0,0,"N",0.26,0,0,0,0,0,0,"N",0,0.0,0,0,0,0,0,0,0,0,0,0,0,0
"06085","5","321918","78","0","2024","A","",5,61,4516275,570192,12437,1428,74240,"",0.42,0.26,0.12,0.24,0.19,0.48,0.48,"",-1,-16.7,-14,-18.7,-668523,-12.9,-438297,-43.5,-6995,-36.0,93,7.0,4801,6.9
"06085","5","32192","77","0","2024","A","",11,262,14556338,2159005,59624,1070,55665,"",0.50,0.57,0.23,0.47,0.56,0.40,0.40,"",0,0.0,6,2.3,910976,6.7,181378,9.2,10340,21.0,45,4.4,2380,4.5
"06085","5","321920","78","0","2024","A","",11,262,14556338,2159005,59624,1070,55665,"",0.50,0.57,0.23,0.47,0.56,0.40,0.40,"",0,0.0,6,2.3,910976,6.7,181378,9.2,10340,21.0,45,4.4,2380,4.5
"06085","5","32199","77","0","2024","A","",10,82,5886703,751584,21841,1383,71935,"",0.34,0.15,0.07,0.14,0.12,0.44,0.44,"",0,0.0,3,3.8,71942,1.2,6752,0.9,-464,-2.1,-27,-1.9,-1360,-1.9
"06085","5","321992","78","0","2024","A","N",3,0,0,0,0,0,0,"N",0.44,0,0,0,0,0,0,"N",1,50.0,0,0,0,0,0,0,0,0,0,0,0,0
"06085","5","321999","78","0","2024","A","N",7,0,0,0,0,0,0,"N",0.36,0,0,0,0,0,0,"N",-1,-12.5,0,0,0,0,0,0,0,0,0,0,0,0
"06085","5","322","75","0","2024","A","",9,456,39650752,3931529,184616,1671,86874,"",0.23,0.18,0.07,0.15,0.29,0.41,0.41,"",-2,-18.2,-17,-3.6,107721,0.3,-7979,-0.2,-21418,-10.4,62,3.9,3215,3.8
"06085","5","3221","76","0","2024","A","N",2,0,0,0,0,0,0,"N",0.33,0,0,0,0,0,0,"N",0,0.0,0,0,0,0,0,0,0,0,0,0,0,0
"06085","5","32211","77","0","2024","A","N",1,0,0,0,0,0,0,"N",1.72,0,0,0,0,0,0,"N",0,0.0,0,0,0,0,0,0,0,0,0,0,0,0
"06085","5","322110","78","0","2024","A","N",1,0,0,0,0,0,0,"N",1.72,0,0,0,0,0,0,"N",0,0.0,0,0,0,0,0,0,0,0,0,0,0,0
"06085","5","32213","77","0","2024","A","N",1,0,0,0,0,0,0,"N",0.52,0,0,0,0,0,0,"N",0,0.0,0,0,0,0,0,0,0,0,0,0,0,0
"06085","5","322130","78","0","2024","A","N",1,0,0,0,0,0,0,"N",0.52,0,0,0,0,0,0,"N",0,0.0,0,0,0,0,0,0,0,0,0,0,0,0
"06085","5","3222","76","0","2024","A","N",7,0,0,0,0,0,0,"N",0.21,0,0,0,0,0,0,"N",-2,-22.2,0,0,0,0,0,0,0,0,0,0,0,0
"06085","5","32221","77","0","2024","A","",6,412,34086828,3412918,153660,1590,82668,"",0.35,0.36,0.15,0.31,0.52,0.41,0.41,"",-1,-14.3,3,0.7,2385021,7.5,154886,4.8,-13125,-7.9,100,6.7,5189,6.7
"06085","5","322211","78","0","2024","A","N",5,0,0,0,0,0,0,"N",0.43,0,0,0,0,0,0,"N",0,0.0,0,0,0,0,0,0,0,0,0,0,0,0
"06085","5","322219","78","0","2024","A","N",1,0,0,0,0,0,0,"N",0.37,0,0,0,0,0,0,"N",-1,-50.0,0,0,0,0,0,0,0,0,0,0,0,0
"06085","5","32229","77","0","2024","A","N",1,0,0,0,0,0,0,"N",0.17,0,0,0,0,0,0,"N",-1,-50.0,0,0,0,0,0,0,0,0,0,0,0,0
"06085","5","322299","78","0","2024","A","N",1,0,0,0,0,0,0,"N",0.25,0,0,0,0,0,0,"N",-1,-50.0,0,0,0,0,0,0,0,0,0,0,0,0
"06085","5","323","75","0","2024","A","",113,1335,80925062,12494346,397039,1166,60629,"",0.59,0.52,0.20,0.48,0.57,0.38,0.38,"",-3,-2.6,276,26.1,12056587,17.5,4079096,48.5,132554,50.1,-85,-6.8,-4433,-6.8
"06085","5","3231","76","0","2024","A","",113,1335,80925062,12494346,397039,1166,60629,"",0.59,0.52,0.20,0.48,0.57,0.38,0.38,"",-3,-2.6,276,26.1,12056587,17.5,4079096,48.5,132554,50.1,-85,-6.8,-4433,-6.8
"06085","5","32311","77","0","2024","A","",107,1312,79947975,12260400,393530,1172,60944,"",0.58,0.53,0.20,0.49,0.59,0.38,0.38,"",-3,-2.7,279,27.0,12102908,17.8,4027508,48.9,131779,50.3,-91,-7.2,-4707,-7.2
"06085","5","323111","78","0","2024","A","N",70,0,0,0,0,0,0,"N",0.55,0,0,0,0,0,0,"N",-4,-5.4,0,0,0,0,0,0,0,0,0,0,0,0
"06085","5","323113","78","0","2024","A","N",33,0,0,0,0,0,0,"N",0.62,0,0,0,0,0,0,"N",1,3.1,0,0,0,0,0,0,0,0,0,0,0,0
"06085","5","323117","78","0","2024","A","N",4,0,0,0,0,0,0,"N",1.09,0,0,0,0,0,0,"N",0,0.0,0,0,0,0,0,0,0,0,0,0,0,0
"06085","5","32312","77","0","2024","A","",6,23,977087,233946,3509,820,42637,"",0.70,0.21,0.06,0.20,0.12,0.27,0.27,"",0,0.0,-2,-8.0,-46321,-4.5,51588,28.3,775,28.3,35,4.5,1837,4.5
"06085","5","323120","78","0","2024","A","",6,23,977087,233946,3509,820,42637,"",0.70,0.21,0.06,0.20,0.12,0.27,0.27,"",0,0.0,-2,-8.0,-46321,-4.5,51588,28.3,775,28.3,35,4.5,1837,4.5
"06085","5","324","75","0","2024","A","N",1,0,0,0,0,0,0,"N",0.06,0,0,0,0,0,0,"N",-2,-66.7,0,0,0,0,0,0,0,0,0,0,0,0
"06085","5","3241","76","0","2024","A","N",1,0,0,0,0,0,0,"N",0.06,0,0,0,0,0,0,"N",-2,-66.7,0,0,0,0,0,0,0,0,0,0,0,0
"06085","5","32412","77","0","2024","A","N",1,0,0,0,0,0,0,"N",0.11,0,0,0,0,0,0,"N",-1,-50.0,0,0,0,0,0,0,0,0,0,0,0,0
"06085","5","324121","78","0","2024","A","N",1,0,0,0,0,0,0,"N",0.14,0,0,0,0,0,0,"N",0,0.0,0,0,0,0,0,0,0,0,0,0,0,0
"06085","5","325","75","0","2024","A","",96,2212,408742694,21742287,797922,3553,184763,"",0.55,0.34,0.21,0.33,0.47,0.60,0.60,"",1,1.1,179,8.8,57750433,16.5,2497294,13.0,144486,22.1,233,7.0,12116,7.0
"06085","5","3251","76","0","2024","A","",14,139,21558377,1360835,44137,2974,154633,"",0.50,0.12,0.06,0.14,0.19,0.47,0.47,"",1,7.7,33,31.1,4357476,25.3,411932,43.4,11199,34.0,-142,-4.6,-7385,-4.6
"06085","5","32512","77","0","2024","A","N",4,0,0,0,0,0,0,"N",0.63,0,0,0,0,0,0,"N",0,0.0,0,0,0,0,0,0,0,0,0,0,0,0
"06085","5","325120","78","0","2024","A","N",4,0,0,0,0,0,0,"N",0.63,0,0,0,0,0,0,"N",0,0.0,0,0,0,0,0,0,0,0,0,0,0,0
"06085","5","32518","77","0","2024","A","N",3,0,0,0,0,0,0,"N",0.42,0,0,0,0,0,0,"N",2,200.0,0,0,0,0,0,0,0,0,0,0,0,0
"06085","5","325180","78","0","2024","A","N",3,0,0,0,0,0,0,"N",0.42,0,0,0,0,0,0,"N",2,200.0,0,0,0,0,0,0,0,0,0,0,0,0
"06085","5","32519","77","0","2024","A","",7,77,10617567,708391,21880,2646,137593,"",0.65,0.19,0.09,0.18,0.23,0.47,0.47,"N",-1,-12.5,0,0,0,0,0,0,0,0,0,0,0,0
"06085","5","325199","78","0","2024","A","",7,77,10617567,708391,21880,2646,137593,"",0.83,0.26,0.12,0.25,0.32,0.46,0.45,"N",-1,-12.5,0,0,0,0,0,0,0,0,0,0,0,0
"06085","5","3252","76","0","2024","A","N",7,0,0,0,0,0,0,"N",0.50,0,0,0,0,0,0,"N",-2,-22.2,0,0,0,0,0,0,0,0,0,0,0,0
"06085","5","32521","77","0","2024","A","N",6,0,0,0,0,0,0,"N",0.48,0,0,0,0,0,0,"N",-1,-14.3,0,0,0,0,0,0,0,0,0,0,0,0
"06085","5","325211","78","0","2024","A","N",5,0,0,0,0,0,0,"N",0.46,0,0,0,0,0,0,"N",-1,-16.7,0,0,0,0,0,0,0,0,0,0,0,0
"06085","5","325212","78","0","2024","A","N",1,0,0,0,0,0,0,"N",0.65,0,0,0,0,0,0,"N",0,0.0,0,0,0,0,0,0,0,0,0,0,0,0
"06085","5","32522","77","0","2024","A","N",1,0,0,0,0,0,0,"N",0.62,0,0,0,0,0,0,"N",-1,-50.0,0,0,0,0,0,0,0,0,0,0,0,0
"06085","5","325220","78","0","2024","A","N",1,0,0,0,0,0,0,"N",0.62,0,0,0,0,0,0,"N",-1,-50.0,0,0,0,0,0,0,0,0,0,0,0,0
"06085","5","3253","76","0","2024","A","N",3,0,0,0,0,0,0,"N",0.28,0,0,0,0,0,0,"N",0,0.0,0,0,0,0,0,0,0,0,0,0,0,0
"06085","5","32531","77","0","2024","A","N",2,0,0,0,0,0,0,"N",0.27,0,0,0,0,0,0,"N",0,0.0,0,0,0,0,0,0,0,0,0,0,0,0
"06085","5","325311","78","0","2024","A","N",1,0,0,0,0,0,0,"N",0.41,0,0,0,0,0,0,"N",0,0.0,0,0,0,0,0,0,0,0,0,0,0,0
"06085","5","325314","78","0","2024","A","N",1,0,0,0,0,0,0,"N",0.27,0,0,0,0,0,0,"N",0,0.0,0,0,0,0,0,0,0,0,0,0,0,0
"06085","5","32532","77","0","2024","A","N",1,0,0,0,0,0,0,"N",0.29,0,0,0,0,0,0,"N",0,0.0,0,0,0,0,0,0,0,0,0,0,0,0
"06085","5","325320","78","0","2024","A","N",1,0,0,0,0,0,0,"N",0.29,0,0,0,0,0,0,"N",0,0.0,0,0,0,0,0,0,0,0,0,0,0,0
"06085","5","3254","76","0","2024","A","",44,1561,324372345,15905259,619916,3995,207742,"",0.83,0.62,0.35,0.55,0.81,0.57,0.57,"",0,0.0,117,8.1,46797928,16.9,1846773,13.1,121036,24.3,299,8.1,15538,8.1
"06085","5","32541","77","0","2024","A","",44,1561,324372345,15905259,619916,3995,207742,"",0.83,0.62,0.35,0.55,0.81,0.57,0.57,"",0,0.0,117,8.1,46797928,16.9,1846773,13.1,121036,24.3,299,8.1,15538,8.1
"06085","5","325412","78","0","2024","A","N",23,0,0,0,0,0,0,"N",0.68,0,0,0,0,0,0,"N",2,9.5,0,0,0,0,0,0,0,0,0,0,0,0
"06085","5","325413","78","0","2024","A","N",16,0,0,0,0,0,0,"N",4.64,0,0,0,0,0,0,"N",1,6.7,0,0,0,0,0,0,0,0,0,0,0,0
"06085","5","325414","78","0","2024","A","N",5,0,0,0,0,0,0,"N",0.91,0,0,0,0,0,0,"N",-3,-37.5,0,0,0,0,0,0,0,0,0,0,0,0
"06085","5","3255","76","0","2024","A","",10,96,9866207,846895,21265,1980,102952,"",0.57,0.20,0.09,0.19,0.18,0.44,0.44,"",1,11.1,16,20.0,1609221,19.5,171176,25.3,5606,35.8,-17,-0.9,-909,-0.9
"06085","5","32551","77","0","2024","A","",6,74,4363968,655911,14840,1137,59106,"",0.48,0.25,0.06,0.24,0.20,0.26,0.26,"",1,20.0,16,27.6,939413,27.4,143340,28.0,4823,48.1,8,0.7,399,0.7
"06085","5","325510","78","0","2024","A","",6,74,4363968,655911,14840,1137,59106,"",0.48,0.25,0.06,0.24,0.20,0.26,0.26,"",1,20.0,16,27.6,939413,27.4,143340,28.0,4823,48.1,8,0.7,399,0.7
"06085","5","32552","77","0","2024","A","",4,22,5502239,190984,6425,4810,250102,"",0.77,0.13,0.13,0.12,0.14,1.03,1.03,"",0,0.0,1,4.8,669808,13.9,27836,17.1,783,13.9,420,9.6,21798,9.5
"06085","5","325520","78","0","2024","A","",4,22,5502239,190984,6425,4810,250102,"",0.77,0.13,0.13,0.12,0.14,1.03,1.03,"",0,0.0,1,4.8,669808,13.9,27836,17.1,783,13.9,420,9.6,21798,9.5
"06085","5","3256","76","0","2024","A","",10,93,10231415,781582,29578,2116,110015,"",0.36,0.11,0.05,0.09,0.12,0.47,0.47,"",0,0.0,-14,-13.1,-136402,-1.3,-122909,-13.6,-5466,-15.6,256,13.8,13270,13.7
"06085","5","32561","77","0","2024","A","N",5,0,0,0,0,0,0,"N",0.33,0,0,0,0,0,0,"N",0,0.0,0,0,0,0,0,0,0,0,0,0,0,0
"06085","5","325611","78","0","2024","A","N",1,0,0,0,0,0,0,"N",0.12,0,0,0,0,0,0,"N",1,100.0,0,0,0,0,0,0,0,0,0,0,0,0
"06085","5","325612","78","0","2024","A","N",4,0,0,0,0,0,0,"N",0.68,0,0,0,0,0,0,"N",-1,-20.0,0,0,0,0,0,0,0,0,0,0,0,0
"06085","5","32562","77","0","2024","A","N",5,0,0,0,0,0,0,"N",0.40,0,0,0,0,0,0,"N",0,0.0,0,0,0,0,0,0,0,0,0,0,0,0
"06085","5","325620","78","0","2024","A","N",5,0,0,0,0,0,0,"N",0.40,0,0,0,0,0,0,"N",0,0.0,0,0,0,0,0,0,0,0,0,0,0,0
"06085","5","3259","76","0","2024","A","",9,198,28065337,1767326,39377,2726,141744,"",0.37,0.35,0.21,0.33,0.26,0.62,0.62,"",1,12.5,23,13.1,4309917,18.1,128633,7.8,3959,11.2,114,4.4,5934,4.4
"06085","5","32591","77","0","2024","A","N",1,0,0,0,0,0,0,"N",0.32,0,0,0,0,0,0,"N",0,0.0,0,0,0,0,0,0,0,0,0,0,0,0
"06085","5","325910","78","0","2024","A","N",1,0,0,0,0,0,0,"N",0.32,0,0,0,0,0,0,"N",0,0.0,0,0,0,0,0,0,0,0,0,0,0,0
"06085","5","32599","77","0","2024","A","N",8,0,0,0,0,0,0,"N",0.39,0,0,0,0,0,0,"N",1,14.3,0,0,0,0,0,0,0,0,0,0,0,0
"06085","5","325992","78","0","2024","A","N",1,0,0,0,0,0,0,"N",0.70,0,0,0,0,0,0,"N",0,0.0,0,0,0,0,0,0,0,0,0,0,0,0
"06085","5","325998","78","0","2024","A","N",7,0,0,0,0,0,0,"N",0.45,0,0,0,0,0,0,"N",1,16.7,0,0,0,0,0,0,0,0,0,0,0,0
"06085","5","326","75","0","2024","A","",13,178,11968087,1427479,63325,1295,67363,"",0.13,0.03,0.01,0.03,0.05,0.37,0.37,"",-1,-7.1,4,2.3,686589,6.1,47641,3.5,5268,9.1,51,4.1,2682,4.1
"06085","5","3261","76","0","2024","A","N",12,0,0,0,0,0,0,"N",0.14,0,0,0,0,0,0,"N",0,0.0,0,0,0,0,0,0,0,0,0,0,0,0
"06085","5","32611","77","0","2024","A","N",2,0,0,0,0,0,0,"N",0.17,0,0,0,0,0,0,"N",0,0.0,0,0,0,0,0,0,0,0,0,0,0,0
"06085","5","326112","78","0","2024","A","N",1,0,0,0,0,0,0,"N",0.23,0,0,0,0,0,0,"N",0,0.0,0,0,0,0,0,0,0,0,0,0,0,0
"06085","5","326113","78","0","2024","A","N",1,0,0,0,0,0,0,"N",0.26,0,0,0,0,0,0,"N",0,0.0,0,0,0,0,0,0,0,0,0,0,0,0
"06085","5","32612","77","0","2024","A","N",1,0,0,0,0,0,0,"N",0.13,0,0,0,0,0,0,"N",0,0.0,0,0,0,0,0,0,0,0,0,0,0,0
"06085","5","326121","78","0","2024","A","N",1,0,0,0,0,0,0,"N",0.32,0,0,0,0,0,0,"N",0,0.0,0,0,0,0,0,0,0,0,0,0,0,0
"06085","5","32613","77","0","2024","A","N",1,0,0,0,0,0,0,"N",0.33,0,0,0,0,0,0,"N",0,0.0,0,0,0,0,0,0,0,0,0,0,0,0
"06085","5","326130","78","0","2024","A","N",1,0,0,0,0,0,0,"N",0.33,0,0,0,0,0,0,"N",0,0.0,0,0,0,0,0,0,0,0,0,0,0,0
"06085","5","32614","77","0","2024","A","N",2,0,0,0,0,0,0,"N",0.49,0,0,0,0,0,0,"N",0,0.0,0,0,0,0,0,0,0,0,0,0,0,0
"06085","5","326140","78","0","2024","A","N",2,0,0,0,0,0,0,"N",0.49,0,0,0,0,0,0,"N",0,0.0,0,0,0,0,0,0,0,0,0,0,0,0
"06085","5","32615","77","0","2024","A","N",1,0,0,0,0,0,0,"N",0.16,0,0,0,0,0,0,"N",0,0.0,0,0,0,0,0,0,0,0,0,0,0,0
"06085","5","326150","78","0","2024","A","N",1,0,0,0,0,0,0,"N",0.16,0,0,0,0,0,0,"N",0,0.0,0,0,0,0,0,0,0,0,0,0,0,0
"06085","5","32619","77","0","2024","A","",5,30,2942273,242233,7402,1855,96468,"",0.11,0.01,0.01,0.01,0.01,0.56,0.56,"",0,0.0,-2,-6.2,30103,1.0,-34254,-12.4,-838,-10.2,96,5.5,4986,5.5
"06085","5","326199","78","0","2024","A","",5,30,2942273,242233,7402,1855,96468,"",0.11,0.01,0.01,0.01,0.01,0.56,0.56,"",0,0.0,-2,-6.2,30103,1.0,-34254,-12.4,-838,-10.2,96,5.5,4986,5.5
"06085","5","3262","76","0","2024","A","N",1,0,0,0,0,0,0,"N",0.07,0,0,0,0,0,0,"N",-1,-50.0,0,0,0,0,0,0,0,0,0,0,0,0
"06085","5","32629","77","0","2024","A","N",1,0,0,0,0,0,0,"N",0.12,0,0,0,0,0,0,"N",0,0.0,0,0,0,0,0,0,0,0,0,0,0,0
"06085","5","326291","78","0","2024","A","N",1,0,0,0,0,0,0,"N",0.30,0,0,0,0,0,0,"N",0,0.0,0,0,0,0,0,0,0,0,0,0,0,0
"06085","5","327","75","0","2024","A","",46,902,88159400,7809183,224013,1879,97684,"",0.38,0.30,0.15,0.25,0.18,0.50,0.50,"",1,2.2,-100,-10.0,-25654458,-22.5,-808932,-9.4,-32883,-12.8,-306,-14.0,-15959,-14.0
"06085","5","3271","76","0","2024","A","N",4,0,0,0,0,0,0,"N",0.39,0,0,0,0,0,0,"N",1,33.3,0,0,0,0,0,0,0,0,0,0,0,0
"06085","5","32711","77","0","2024","A","N",3,0,0,0,0,0,0,"N",0.54,0,0,0,0,0,0,"N",0,0.0,0,0,0,0,0,0,0,0,0,0,0,0
"06085","5","327110","78","0","2024","A","N",3,0,0,0,0,0,0,"N",0.54,0,0,0,0,0,0,"N",0,0.0,0,0,0,0,0,0,0,0,0,0,0,0
"06085","5","32712","77","0","2024","A","N",0,0,0,0,0,0,0,"N",0.00,0,0,0,0,0,0,"N",0,0,0,0,0,0,0,0,0,0,0,0,0,0
"06085","5","327120","78","0","2024","A","N",0,0,0,0,0,0,0,"N",0.00,0,0,0,0,0,0,"N",0,0,0,0,0,0,0,0,0,0,0,0,0,0
"06085","5","3272","76","0","2024","A","N",10,0,0,0,0,0,0,"N",0.73,0,0,0,0,0,0,"N",-2,-16.7,0,0,0,0,0,0,0,0,0,0,0,0
"06085","5","32721","77","0","2024","A","N",10,0,0,0,0,0,0,"N",0.73,0,0,0,0,0,0,"N",-2,-16.7,0,0,0,0,0,0,0,0,0,0,0,0
"06085","5","327212","78","0","2024","A","N",3,0,0,0,0,0,0,"N",1.02,0,0,0,0,0,0,"N",-1,-25.0,0,0,0,0,0,0,0,0,0,0,0,0
"06085","5","327215","78","0","2024","A","",7,72,5754483,608327,12373,1530,79555,"",0.83,0.23,0.11,0.17,0.12,0.46,0.46,"",-1,-12.5,-92,-56.1,-20640743,-78.2,-906901,-59.9,-36984,-74.9,-1557,-50.4,-80984,-50.4
"06085","5","3273","76","0","2024","A","",14,389,46409179,3266628,91352,2293,119227,"",0.22,0.26,0.15,0.20,0.12,0.59,0.59,"",-1,-6.7,-56,-12.6,-6890290,-12.9,-571795,-14.9,-17675,-16.2,-8,-0.3,-435,-0.4
"06085","5","32731","77","0","2024","A","N",1,0,0,0,0,0,0,"N",0.32,0,0,0,0,0,0,"N",-1,-50.0,0,0,0,0,0,0,0,0,0,0,0,0
"06085","5","327310","78","0","2024","A","N",1,0,0,0,0,0,0,"N",0.32,0,0,0,0,0,0,"N",-1,-50.0,0,0,0,0,0,0,0,0,0,0,0,0
"06085","5","32732","77","0","2024","A","",10,356,42236440,2996849,82591,2280,118558,"",0.25,0.46,0.27,0.35,0.17,0.58,0.58,"",0,0.0,-15,-4.0,-1965124,-4.4,-83738,-2.7,-6676,-7.5,-12,-0.5,-637,-0.5
"06085","5","327320","78","0","2024","A","",10,356,42236440,2996849,82591,2280,118558,"",0.25,0.46,0.27,0.35,0.17,0.58,0.58,"",0,0.0,-15,-4.0,-1965124,-4.4,-83738,-2.7,-6676,-7.5,-12,-0.5,-637,-0.5
"06085","5","32733","77","0","2024","A","N",2,0,0,0,0,0,0,"N",0.26,0,0,0,0,0,0,"N",1,100.0,0,0,0,0,0,0,0,0,0,0,0,0
"06085","5","327331","78","0","2024","A","N",2,0,0,0,0,0,0,"N",0.34,0,0,0,0,0,0,"N",1,100.0,0,0,0,0,0,0,0,0,0,0,0,0
"06085","5","32739","77","0","2024","A","N",2,0,0,0,0,0,0,"N",0.14,0,0,0,0,0,0,"N",0,0.0,0,0,0,0,0,0,0,0,0,0,0,0
"06085","5","327390","78","0","2024","A","N",2,0,0,0,0,0,0,"N",0.14,0,0,0,0,0,0,"N",0,0.0,0,0,0,0,0,0,0,0,0,0,0,0
"06085","5","3279","76","0","2024","A","",18,365,33152618,3439840,104014,1748,90912,"",0.59,0.63,0.30,0.57,0.59,0.48,0.48,"",2,12.5,36,10.9,1537154,4.9,644071,23.0,20631,24.7,-98,-5.3,-5062,-5.3
"06085","5","32791","77","0","2024","A","N",2,0,0,0,0,0,0,"N",0.73,0,0,0,0,0,0,"N",0,0.0,0,0,0,0,0,0,0,0,0,0,0,0
"06085","5","327910","78","0","2024","A","N",2,0,0,0,0,0,0,"N",0.73,0,0,0,0,0,0,"N",0,0.0,0,0,0,0,0,0,0,0,0,0,0,0
"06085","5","32799","77","0","2024","A","N",16,0,0,0,0,0,0,"N",0.58,0,0,0,0,0,0,"N",2,14.3,0,0,0,0,0,0,0,0,0,0,0,0
"06085","5","327991","78","0","2024","A","",7,177,13045740,1905704,32978,1415,73566,"",0.34,0.71,0.34,0.68,0.46,0.47,0.47,"",0,0.0,44,33.1,3891611,42.5,518823,37.4,2527,8.3,86,6.5,4478,6.5
"06085","5","327993","78","0","2024","A","N",2,0,0,0,0,0,0,"N",0.97,0,0,0,0,0,0,"N",1,100.0,0,0,0,0,0,0,0,0,0,0,0,0
"06085","5","327999","78","0","2024","A","",7,78,6149762,654653,20940,1523,79181,"",1.75,0.87,0.34,0.64,0.72,0.39,0.39,"",1,16.7,-6,-7.1,-1330649,-17.8,-80233,-10.9,-4467,-17.6,-200,-11.6,-10405,-11.6
"06085","5","331","75","0","2024","A","",9,103,8627414,858129,24464,1608,83626,"",0.22,0.04,0.01,0.03,0.03,0.36,0.36,"",1,12.5,46,80.7,4586503,113.5,284575,49.6,9080,59.0,255,18.8,13247,18.8
"06085","5","3311","76","0","2024","A","N",1,0,0,0,0,0,0,"N",0.14,0,0,0,0,0,0,"N",0,0.0,0,0,0,0,0,0,0,0,0,0,0,0
"06085","5","33111","77","0","2024","A","N",1,0,0,0,0,0,0,"N",0.14,0,0,0,0,0,0,"N",0,0.0,0,0,0,0,0,0,0,0,0,0,0,0
"06085","5","331110","78","0","2024","A","N",1,0,0,0,0,0,0,"N",0.14,0,0,0,0,0,0,"N",0,0.0,0,0,0,0,0,0,0,0,0,0,0,0
"06085","5","3312","76","0","2024","A","N",1,0,0,0,0,0,0,"N",0.11,0,0,0,0,0,0,"N",-2,-66.7,0,0,0,0,0,0,0,0,0,0,0,0
"06085","5","33122","77","0","2024","A","N",1,0,0,0,0,0,0,"N",0.19,0,0,0,0,0,0,"N",-2,-66.7,0,0,0,0,0,0,0,0,0,0,0,0
"06085","5","331221","78","0","2024","A","N",1,0,0,0,0,0,0,"N",0.28,0,0,0,0,0,0,"N",-1,-50.0,0,0,0,0,0,0,0,0,0,0,0,0
"06085","5","3314","76","0","2024","A","",5,94,7991186,780022,22207,1628,84637,"",0.64,0.21,0.08,0.17,0.16,0.36,0.36,"",1,25.0,46,95.8,4730616,145.1,297468,61.6,8832,66.0,310,23.5,16114,23.5
"06085","5","33141","77","0","2024","A","N",1,0,0,0,0,0,0,"N",0.83,0,0,0,0,0,0,"N",0,0.0,0,0,0,0,0,0,0,0,0,0,0,0
"06085","5","331410","78","0","2024","A","N",1,0,0,0,0,0,0,"N",0.83,0,0,0,0,0,0,"N",0,0.0,0,0,0,0,0,0,0,0,0,0,0,0
"06085","5","33149","77","0","2024","A","N",4,0,0,0,0,0,0,"N",0.95,0,0,0,0,0,0,"N",1,33.3,0,0,0,0,0,0,0,0,0,0,0,0
"06085","5","331491","78","0","2024","A","N",2,0,0,0,0,0,0,"N",0.85,0,0,0,0,0,0,"N",0,0.0,0,0,0,0,0,0,0,0,0,0,0,0
"06085","5","331492","78","0","2024","A","N",2,0,0,0,0,0,0,"N",1.09,0,0,0,0,0,0,"N",1,100.0,0,0,0,0,0,0,0,0,0,0,0,0
"06085","5","3315","76","0","2024","A","N",2,0,0,0,0,0,0,"N",0.17,0,0,0,0,0,0,"N",1,100.0,0,0,0,0,0,0,0,0,0,0,0,0
"06085","5","33152","77","0","2024","A","N",2,0,0,0,0,0,0,"N",0.31,0,0,0,0,0,0,"N",2,100.0,0,0,0,0,0,0,0,0,0,0,0,0
"06085","5","331524","78","0","2024","A","N",2,0,0,0,0,0,0,"N",0.83,0,0,0,0,0,0,"N",2,100.0,0,0,0,0,0,0,0,0,0,0,0,0
"06085","5","332","75","0","2024","A","",542,9132,683783427,79845016,2837350,1440,74881,"",1.29,0.88,0.35,0.77,0.95,0.39,0.39,"",-17,-3.0,-710,-7.2,-36043441,-5.0,-5805483,-6.8,-70010,-2.4,33,2.3,1742,2.4
"06085","5","3321","76","0","2024","A","N",4,0,0,0,0,0,0,"N",0.26,0,0,0,0,0,0,"N",0,0.0,0,0,0,0,0,0,0,0,0,0,0,0
"06085","5","33211","77","0","2024","A","N",4,0,0,0,0,0,0,"N",0.26,0,0,0,0,0,0,"N",0,0.0,0,0,0,0,0,0,0,0,0,0,0,0
"06085","5","332114","78","0","2024","A","N",1,0,0,0,0,0,0,"N",0.60,0,0,0,0,0,0,"N",0,0.0,0,0,0,0,0,0,0,0,0,0,0,0
"06085","5","332117","78","0","2024","A","N",0,0,0,0,0,0,0,"N",0.00,0,0,0,0,0,0,"N",0,0,0,0,0,0,0,0,0,0,0,0,0,0
"06085","5","332119","78","0","2024","A","N",3,0,0,0,0,0,0,"N",0.35,0,0,0,0,0,0,"N",0,0.0,0,0,0,0,0,0,0,0,0,0,0,0
"06085","5","3322","76","0","2024","A","",14,93,7146319,930621,33332,1474,76636,"",1.44,0.38,0.15,0.33,0.43,0.38,0.38,"",0,0.0,-12,-11.4,-328186,-4.4,-22553,-2.4,-1716,-4.9,98,7.1,5110,7.1
"06085","5","33221","77","0","2024","A","",14,93,7146319,930621,33332,1474,76636,"",1.44,0.38,0.15,0.33,0.43,0.38,0.38,"",0,0.0,-12,-11.4,-328186,-4.4,-22553,-2.4,-1716,-4.9,98,7.1,5110,7.1
"06085","5","332215","78","0","2024","A","",5,30,3261768,352665,9575,2126,110568,"",1.92,0.45,0.21,0.41,0.37,0.48,0.48,"",1,25.0,3,11.1,141651,4.5,130885,59.0,3437,56.0,-76,-3.5,-3932,-3.4
"06085","5","332216","78","0","2024","A","",9,64,3884551,577956,23757,1172,60934,"",1.26,0.36,0.12,0.30,0.47,0.32,0.32,"",-1,-10.0,-13,-16.9,-469837,-10.8,-153438,-21.0,-5153,-17.8,88,8.1,4567,8.1
"06085","5","3323","76","0","2024","A","N",83,0,0,0,0,0,0,"N",0.72,0,0,0,0,0,0,"N",0,0.0,0,0,0,0,0,0,0,0,0,0,0,0
"06085","5","33231","77","0","2024","A","",14,215,21047285,2182116,92311,1885,98008,"",0.28,0.16,0.08,0.16,0.24,0.49,0.49,"",1,7.7,17,8.6,2331415,12.5,182502,9.1,18998,25.9,71,3.9,3682,3.9
"06085","5","332311","78","0","2024","A","N",2,0,0,0,0,0,0,"N",0.19,0,0,0,0,0,0,"N",0,0.0,0,0,0,0,0,0,0,0,0,0,0,0
"06085","5","332312","78","0","2024","A","N",9,0,0,0,0,0,0,"N",0.33,0,0,0,0,0,0,"N",1,12.5,0,0,0,0,0,0,0,0,0,0,0,0
"06085","5","332313","78","0","2024","A","",3,90,7308479,869051,30666,1565,81356,"",0.23,0.26,0.11,0.25,0.31,0.42,0.42,"N",0,0.0,0,0,0,0,0,0,0,0,0,0,0,0
"06085","5","33232","77","0","2024","A","N",70,0,0,0,0,0,0,"N",1.08,0,0,0,0,0,0,"N",0,0.0,0,0,0,0,0,0,0,0,0,0,0,0
"06085","5","332321","78","0","2024","A","",8,107,7938897,1045934,24787,1424,74022,"",0.74,0.22,0.09,0.25,0.20,0.43,0.43,"",-1,-11.1,-5,-4.5,-292377,-3.6,-89106,-7.9,-8079,-24.6,11,0.8,528,0.7
"06085","5","332322","78","0","2024","A","N",47,0,0,0,0,0,0,"N",1.50,0,0,0,0,0,0,"N",-2,-4.1,0,0,0,0,0,0,0,0,0,0,0,0
"06085","5","332323","78","0","2024","A","",14,157,15171679,1405247,69209,1862,96841,"",0.61,0.49,0.26,0.39,0.61,0.53,0.53,"",2,16.7,-12,-7.1,-644916,-4.1,-242576,-14.7,-11234,-14.0,66,3.7,3436,3.7
"06085","5","3324","76","0","2024","A","N",1,0,0,0,0,0,0,"N",0.07,0,0,0,0,0,0,"N",0,0.0,0,0,0,0,0,0,0,0,0,0,0,0
"06085","5","33243","77","0","2024","A","N",1,0,0,0,0,0,0,"N",0.20,0,0,0,0,0,0,"N",0,0.0,0,0,0,0,0,0,0,0,0,0,0,0
"06085","5","332439","78","0","2024","A","N",1,0,0,0,0,0,0,"N",0.30,0,0,0,0,0,0,"N",0,0.0,0,0,0,0,0,0,0,0,0,0,0,0
"06085","5","3325","76","0","2024","A","N",2,0,0,0,0,0,0,"N",0.34,0,0,0,0,0,0,"N",-2,-50.0,0,0,0,0,0,0,0,0,0,0,0,0
"06085","5","33251","77","0","2024","A","N",2,0,0,0,0,0,0,"N",0.34,0,0,0,0,0,0,"N",-2,-50.0,0,0,0,0,0,0,0,0,0,0,0,0
"06085","5","332510","78","0","2024","A","N",2,0,0,0,0,0,0,"N",0.34,0,0,0,0,0,0,"N",-2,-50.0,0,0,0,0,0,0,0,0,0,0,0,0
"06085","5","3326","76","0","2024","A","",9,120,9322355,1049268,39547,1488,77364,"",1.01,0.43,0.19,0.38,0.51,0.44,0.44,"",0,0.0,-5,-4.0,-454839,-4.7,-72683,-6.5,-1308,-3.2,-17,-1.1,-906,-1.2
"06085","5","33261","77","0","2024","A","",9,120,9322355,1049268,39547,1488,77364,"",1.01,0.43,0.19,0.38,0.51,0.44,0.44,"",0,0.0,-5,-4.0,-454839,-4.7,-72683,-6.5,-1308,-3.2,-17,-1.1,-906,-1.2
"06085","5","332613","78","0","2024","A","",3,40,2863225,320406,14905,1377,71581,"",1.08,0.36,0.15,0.33,0.49,0.40,0.40,"",0,0.0,-7,-14.9,-806871,-22.0,-76271,-19.2,-3591,-19.4,-122,-8.1,-6368,-8.2
"06085","5","332618","78","0","2024","A","",6,80,6459130,728862,24642,1543,80238,"",0.98,0.47,0.22,0.41,0.52,0.46,0.46,"",0,0.0,2,2.6,352032,5.8,3588,0.5,2283,10.2,34,2.3,1774,2.3
"06085","5","3327","76","0","2024","A","",343,4391,335283419,39042215,1431831,1468,76350,"",2.36,1.83,0.77,1.64,2.13,0.42,0.42,"",-12,-3.4,-315,-6.7,-17978932,-5.1,-531508,-1.3,5515,0.4,24,1.7,1276,1.7
"06085","5","33271","77","0","2024","A","",326,4203,322015449,37630464,1389731,1473,76610,"",2.52,2.25,0.97,1.98,2.68,0.43,0.43,"",-14,-4.1,-294,-6.5,-16926444,-5.0,-391528,-1.0,14990,1.1,24,1.7,1242,1.6
"06085","5","332710","78","0","2024","A","",326,4203,322015449,37630464,1389731,1473,76610,"",2.52,2.25,0.97,1.98,2.68,0.43,0.43,"",-14,-4.1,-294,-6.5,-16926444,-5.0,-391528,-1.0,14990,1.1,24,1.7,1242,1.6
"06085","5","33272","77","0","2024","A","",18,188,13267970,1411751,42100,1357,70543,"",1.13,0.35,0.13,0.29,0.27,0.37,0.37,"",2,12.5,-20,-9.6,-1052488,-7.3,-139980,-9.0,-9475,-18.4,35,2.6,1805,2.6
"06085","5","332721","78","0","2024","A","N",15,0,0,0,0,0,0,"N",1.42,0,0,0,0,0,0,"N",2,15.4,0,0,0,0,0,0,0,0,0,0,0,0
"06085","5","332722","78","0","2024","A","N",3,0,0,0,0,0,0,"N",0.56,0,0,0,0,0,0,"N",0,0.0,0,0,0,0,0,0,0,0,0,0,0,0
"06085","5","3328","76","0","2024","A","",60,1242,82535433,10529713,276940,1278,66480,"",1.41,1.33,0.53,1.20,1.04,0.39,0.39,"",-4,-6.2,-121,-8.9,-6720623,-7.5,-938603,-8.2,-32925,-10.6,19,1.5,995,1.5
"06085","5","33281","77","0","2024","A","",60,1242,82535433,10529713,276940,1278,66480,"",1.41,1.33,0.53,1.20,1.04,0.39,0.39,"",-4,-6.2,-121,-8.9,-6720623,-7.5,-938603,-8.2,-32925,-10.6,19,1.5,995,1.5
"06085","5","332811","78","0","2024","A","",4,38,3008729,294001,12985,1509,78489,"",0.84,0.29,0.12,0.26,0.33,0.39,0.39,"",0,0.0,-3,-7.3,-257798,-7.9,-36244,-11.0,-359,-2.7,-42,-2.7,-2166,-2.7
"06085","5","332812","78","0","2024","A","",24,416,26033297,3589507,112457,1202,62530,"",1.12,0.98,0.37,0.87,0.93,0.38,0.38,"",-2,-7.7,-59,-12.4,-4112319,-13.6,-395818,-9.9,-16059,-12.5,-20,-1.6,-990,-1.6
"06085","5","332813","78","0","2024","A","",31,787,53493407,6646205,151498,1307,67986,"",1.88,2.08,0.88,1.90,1.44,0.42,0.42,"",-3,-8.8,-61,-7.2,-2350506,-4.2,-506541,-7.1,-16507,-9.8,40,3.2,2126,3.2
"06085","5","3329","76","0","2024","A","",26,298,30005990,2606081,97540,1936,100691,"",0.42,0.15,0.07,0.13,0.18,0.47,0.47,"",1,4.0,44,17.3,5069348,20.3,-349534,-11.8,-2768,-2.8,49,2.6,2547,2.6
"06085","5","33291","77","0","2024","A","",6,27,2773252,187980,3851,1994,103673,"",0.44,0.04,0.02,0.03,0.02,0.46,0.46,"",1,20.0,-2,-6.9,-82283,-2.9,-36673,-16.3,-220,-5.4,78,4.1,4061,4.1
"06085","5","332912","78","0","2024","A","N",2,0,0,0,0,0,0,"N",0.50,0,0,0,0,0,0,"N",0,0.0,0,0,0,0,0,0,0,0,0,0,0,0
"06085","5","332913","78","0","2024","A","N",2,0,0,0,0,0,0,"N",1.03,0,0,0,0,0,0,"N",1,100.0,0,0,0,0,0,0,0,0,0,0,0,0
"06085","5","332919","78","0","2024","A","N",2,0,0,0,0,0,0,"N",0.85,0,0,0,0,0,0,"N",0,0.0,0,0,0,0,0,0,0,0,0,0,0,0
"06085","5","33299","77","0","2024","A","",20,271,27232738,2418101,93689,1931,100397,"",0.41,0.20,0.10,0.18,0.25,0.49,0.49,"",0,0.0,46,20.4,5151631,23.3,-312861,-11.5,-2548,-2.6,47,2.5,2440,2.5
"06085","5","332991","78","0","2024","A","N",1,0,0,0,0,0,0,"N",0.56,0,0,0,0,0,0,"N",0,0.0,0,0,0,0,0,0,0,0,0,0,0,0
"06085","5","332994","78","0","2024","A","N",2,0,0,0,0,0,0,"N",0.34,0,0,0,0,0,0,"N",0,0.0,0,0,0,0,0,0,0,0,0,0,0,0
"06085","5","332996","78","0","2024","A","N",1,0,0,0,0,0,0,"N",0.15,0,0,0,0,0,0,"N",0,0.0,0,0,0,0,0,0,0,0,0,0,0,0
"06085","5","332999","78","0","2024","A","",16,262,26256203,2332588,91117,1930,100374,"",0.49,0.43,0.23,0.39,0.54,0.54,0.54,"",1,6.7,47,21.9,5052238,23.8,-313344,-11.8,-2685,-2.9,37,2.0,1942,2.0
"06085","5","333","75","0","2024","A","",188,9948,2421606611,79585085,2306618,4681,243426,"",0.79,1.25,1.33,0.96,1.00,1.06,1.06,"",1,0.5,-588,-5.6,158628894,7.0,-6803234,-7.9,-314541,-12.0,550,13.3,28636,13.3
"06085","5","3331","76","0","2024","A","N",6,0,0,0,0,0,0,"N",0.18,0,0,0,0,0,0,"N",1,20.0,0,0,0,0,0,0,0,0,0,0,0,0
"06085","5","33311","77","0","2024","A","N",2,0,0,0,0,0,0,"N",0.15,0,0,0,0,0,0,"N",1,100.0,0,0,0,0,0,0,0,0,0,0,0,0
"06085","5","333111","78","0","2024","A","N",2,0,0,0,0,0,0,"N",0.17,0,0,0,0,0,0,"N",1,100.0,0,0,0,0,0,0,0,0,0,0,0,0
"06085","5","33312","77","0","2024","A","N",3,0,0,0,0,0,0,"N",0.38,0,0,0,0,0,0,"N",0,0.0,0,0,0,0,0,0,0,0,0,0,0,0
"06085","5","333120","78","0","2024","A","N",3,0,0,0,0,0,0,"N",0.38,0,0,0,0,0,0,"N",0,0.0,0,0,0,0,0,0,0,0,0,0,0,0
"06085","5","33313","77","0","2024","A","N",2,0,0,0,0,0,0,"N",0.17,0,0,0,0,0,0,"N",1,100.0,0,0,0,0,0,0,0,0,0,0,0,0
"06085","5","333131","78","0","2024","A","N",1,0,0,0,0,0,0,"N",0.41,0,0,0,0,0,0,"N",0,0.0,0,0,0,0,0,0,0,0,0,0,0,0
"06085","5","333132","78","0","2024","A","N",0,0,0,0,0,0,0,"N",0.00,0,0,0,0,0,0,"N",0,0,0,0,0,0,0,0,0,0,0,0,0,0
"06085","5","3332","76","0","2024","A","",73,8017,2137546984,62345546,1662422,5127,266627,"",1.93,8.53,7.87,6.14,5.39,0.92,0.92,"",1,1.4,-508,-6.0,168357108,8.5,-5856484,-8.6,-306113,-15.6,685,15.4,35632,15.4
"06085","5","33324","77","0","2024","A","",73,8017,2137546984,62345546,1662422,5127,266627,"",1.93,8.53,7.87,6.14,5.39,0.92,0.92,"",1,1.4,-508,-6.0,168357108,8.5,-5856484,-8.6,-306113,-15.6,685,15.4,35632,15.4
"06085","5","333241","78","0","2024","A","N",4,0,0,0,0,0,0,"N",0.62,0,0,0,0,0,0,"N",0,0.0,0,0,0,0,0,0,0,0,0,0,0,0
"06085","5","333242","78","0","2024","A","",52,7752,2113908175,60156232,1598535,5244,272689,"",18.02,37.02,19.70,26.71,19.72,0.53,0.53,"",2,4.0,-228,-2.9,180797760,9.4,-2319576,-3.7,-206723,-11.5,586,12.6,30452,12.6
"06085","5","333243","78","0","2024","A","N",1,0,0,0,0,0,0,"N",0.26,0,0,0,0,0,0,"N",0,0.0,0,0,0,0,0,0,0,0,0,0,0,0
"06085","5","333248","78","0","2024","A","",16,220,21147291,1831190,57365,1847,96051,"",0.65,0.45,0.19,0.36,0.37,0.42,0.42,"",-1,-5.9,-280,-56.0,-12602220,-37.3,-3552032,-66.0,-100381,-63.6,549,42.3,28574,42.3
"06085","5","3333","76","0","2024","A","",34,919,182820367,7926422,331755,3827,199024,"",1.57,1.45,1.19,1.18,1.76,0.82,0.82,"",-2,-5.6,-118,-11.4,-14802374,-7.5,-1299263,-14.1,-58451,-15.0,162,4.4,8452,4.4
"06085","5","33331","77","0","2024","A","",34,919,182820367,7926422,331755,3827,199024,"",1.57,1.45,1.19,1.18,1.76,0.82,0.82,"",-2,-5.6,-118,-11.4,-14802374,-7.5,-1299263,-14.1,-58451,-15.0,162,4.4,8452,4.4
"06085","5","333310","78","0","2024","A","",34,919,182820367,7926422,331755,3827,199024,"",1.57,1.45,1.19,1.18,1.76,0.82,0.82,"",-2,-5.6,-118,-11.4,-14802374,-7.5,-1299263,-14.1,-58451,-15.0,162,4.4,8452,4.4
"06085","5","3334","76","0","2024","A","",8,115,13732269,1130011,46538,2296,119411,"",0.38,0.11,0.07,0.11,0.17,0.63,0.63,"",1,14.3,54,88.5,5876566,74.8,505154,80.8,26971,137.8,-194,-7.8,-10079,-7.8
"06085","5","33341","77","0","2024","A","",8,115,13732269,1130011,46538,2296,119411,"",0.38,0.11,0.07,0.11,0.17,0.63,0.63,"",1,14.3,54,88.5,5876566,74.8,505154,80.8,26971,137.8,-194,-7.8,-10079,-7.8
"06085","5","333413","78","0","2024","A","N",3,0,0,0,0,0,0,"N",0.48,0,0,0,0,0,0,"N",1,50.0,0,0,0,0,0,0,0,0,0,0,0,0
"06085","5","333414","78","0","2024","A","N",2,0,0,0,0,0,0,"N",0.53,0,0,0,0,0,0,"N",0,0.0,0,0,0,0,0,0,0,0,0,0,0,0
"06085","5","333415","78","0","2024","A","N",3,0,0,0,0,0,0,"N",0.28,0,0,0,0,0,0,"N",0,0.0,0,0,0,0,0,0,0,0,0,0,0,0
"06085","5","3335","76","0","2024","A","",31,311,26466460,2847377,92883,1636,85056,"",0.60,0.28,0.12,0.27,0.31,0.44,0.44,"",-1,-3.1,-24,-7.2,-952065,-3.5,-167642,-5.6,-2944,-3.1,60,3.8,3087,3.8
"06085","5","33351","77","0","2024","A","",31,311,26466460,2847377,92883,1636,85056,"",0.60,0.28,0.12,0.27,0.31,0.44,0.44,"",-1,-3.1,-24,-7.2,-952065,-3.5,-167642,-5.6,-2944,-3.1,60,3.8,3087,3.8
"06085","5","333511","78","0","2024","A","N",3,0,0,0,0,0,0,"N",0.30,0,0,0,0,0,0,"N",0,0.0,0,0,0,0,0,0,0,0,0,0,0,0
"06085","5","333514","78","0","2024","A","",5,58,4348920,469057,23168,1438,74767,"",0.29,0.16,0.06,0.14,0.24,0.39,0.39,"",-3,-37.5,-9,-13.4,-752820,-14.8,-94584,-16.8,-4381,-15.9,-30,-2.0,-1568,-2.1
"06085","5","333515","78","0","2024","A","",6,40,5369980,340279,10315,2576,133970,"",0.79,0.27,0.18,0.23,0.25,0.69,0.69,"",1,20.0,-12,-23.1,-314099,-5.5,-70720,-17.2,-3856,-27.2,477,22.7,24836,22.8
"06085","5","333517","78","0","2024","A","",16,173,14321254,1645119,46349,1594,82902,"",1.12,0.57,0.24,0.58,0.59,0.42,0.42,"",1,6.7,0,0.0,17492,0.1,30699,1.9,5677,14.0,0,0.0,22,0.0
"06085","5","333519","78","0","2024","A","N",1,0,0,0,0,0,0,"N",0.37,0,0,0,0,0,0,"N",0,0.0,0,0,0,0,0,0,0,0,0,0,0,0
"06085","5","3336","76","0","2024","A","N",3,0,0,0,0,0,0,"N",0.30,0,0,0,0,0,0,"N",1,50.0,0,0,0,0,0,0,0,0,0,0,0,0
"06085","5","33361","77","0","2024","A","N",3,0,0,0,0,0,0,"N",0.30,0,0,0,0,0,0,"N",1,50.0,0,0,0,0,0,0,0,0,0,0,0,0
"06085","5","333611","78","0","2024","A","N",2,0,0,0,0,0,0,"N",0.67,0,0,0,0,0,0,"N",1,100.0,0,0,0,0,0,0,0,0,0,0,0,0
"06085","5","333612","78","0","2024","A","N",1,0,0,0,0,0,0,"N",0.51,0,0,0,0,0,0,"N",0,0.0,0,0,0,0,0,0,0,0,0,0,0,0
"06085","5","3339","76","0","2024","A","",33,567,58996905,5139051,166584,2000,103975,"",0.53,0.28,0.13,0.24,0.29,0.46,0.46,"",0,0.0,7,1.2,131893,0.2,17217,0.3,27186,19.5,-21,-1.0,-1094,-1.0
"06085","5","33391","77","0","2024","A","",3,22,2593289,211638,6865,2275,118325,"",0.31,0.07,0.03,0.06,0.08,0.48,0.48,"",0,0.0,-1,-4.3,-3588,-0.1,8637,4.3,-778,-10.2,127,5.9,6631,5.9
"06085","5","333912","78","0","2024","A","N",1,0,0,0,0,0,0,"N",0.30,0,0,0,0,0,0,"N",0,0.0,0,0,0,0,0,0,0,0,0,0,0,0
"06085","5","333914","78","0","2024","A","N",2,0,0,0,0,0,0,"N",0.31,0,0,0,0,0,0,"N",0,0.0,0,0,0,0,0,0,0,0,0,0,0,0
"06085","5","33392","77","0","2024","A","",6,43,4358191,357164,17737,1964,102145,"",0.36,0.06,0.03,0.05,0.09,0.47,0.47,"",0,0.0,1,2.4,581626,15.4,-915,-0.3,-584,-3.2,235,13.6,12227,13.6
"06085","5","333922","78","0","2024","A","N",2,0,0,0,0,0,0,"N",0.25,0,0,0,0,0,0,"N",0,0.0,0,0,0,0,0,0,0,0,0,0,0,0
"06085","5","333923","78","0","2024","A","N",1,0,0,0,0,0,0,"N",0.29,0,0,0,0,0,0,"N",0,0.0,0,0,0,0,0,0,0,0,0,0,0,0
"06085","5","333924","78","0","2024","A","N",3,0,0,0,0,0,0,"N",0.91,0,0,0,0,0,0,"N",0,0.0,0,0,0,0,0,0,0,0,0,0,0,0
"06085","5","33399","77","0","2024","A","",24,503,52045425,4570249,141982,1990,103504,"",0.67,0.50,0.23,0.44,0.52,0.46,0.46,"",0,0.0,8,1.6,-446145,-0.8,9495,0.2,28548,25.2,-49,-2.4,-2540,-2.4
"06085","5","333991","78","0","2024","A","N",1,0,0,0,0,0,0,"N",0.58,0,0,0,0,0,0,"N",0,0.0,0,0,0,0,0,0,0,0,0,0,0,0
"06085","5","333992","78","0","2024","A","",4,26,1535705,223974,5193,1136,59066,"",0.70,0.23,0.06,0.24,0.20,0.26,0.26,"",0,0.0,-3,-10.3,-361462,-19.1,-24803,-10.0,-1646,-24.1,-129,-10.2,-6732,-10.2
"06085","5","333993","78","0","2024","A","N",1,0,0,0,0,0,0,"N",0.15,0,0,0,0,0,0,"N",-1,-50.0,0,0,0,0,0,0,0,0,0,0,0,0
"06085","5","333994","78","0","2024","A","N",0,0,0,0,0,0,0,"N",0.00,0,0,0,0,0,0,"N",0,0,0,0,0,0,0,0,0,0,0,0,0,0
"06085","5","333996","78","0","2024","A","N",2,0,0,0,0,0,0,"N",0.94,0,0,0,0,0,0,"N",0,0.0,0,0,0,0,0,0,0,0,0,0,0,0
"06085","5","333998","78","0","2024","A","",16,416,43424715,3748189,121253,2007,104345,"",1.11,1.23,0.60,1.13,1.33,0.49,0.49,"",1,6.7,0,0.0,-1803798,-4.0,-63828,-1.7,26146,27.5,-82,-3.9,-4290,-3.9
"06085","5","334","75","0","2024","A","",858,76461,31922510772,660145903,22083203,8029,417500,"",4.78,10.41,10.87,8.20,9.85,1.04,1.04,"",-28,-3.2,-52628,-40.8,-14753557011,-31.6,-421094465,-38.9,-6908307,-23.8,1076,15.5,55918,15.5
"06085","5","3341","76","0","2024","A","",81,11230,3550370229,103117560,2648049,6080,316136,"",4.83,14.75,8.68,13.30,11.40,0.59,0.59,"",-16,-16.5,-50701,-81.9,-22415076567,-86.3,-413361841,-80.0,-7406242,-73.7,-1983,-24.6,-103127,-24.6
"06085","5","33411","77","0","2024","A","",81,11230,3550370229,103117560,2648049,6080,316136,"",4.83,14.75,8.68,13.30,11.40,0.59,0.59,"",-16,-16.5,-50701,-81.9,-22415076567,-86.3,-413361841,-80.0,-7406242,-73.7,-1983,-24.6,-103127,-24.6
"06085","5","334111","78","0","2024","A","",37,8923,2973900150,82319549,1891382,6410,333300,"",5.11,20.10,10.88,23.22,14.87,0.54,0.54,"",-14,-27.5,-50549,-85.0,-22392927560,-88.3,-410877707,-83.3,-7207110,-79.2,-1793,-21.9,-93235,-21.9
"06085","5","334112","78","0","2024","A","",13,858,187234141,6839067,192600,4198,218306,"",6.96,8.63,3.77,6.78,4.70,0.44,0.44,"",-1,-7.1,-55,-6.0,4728907,2.6,-509506,-6.9,-28808,-13.0,354,9.2,18428,9.2
"06085","5","334118","78","0","2024","A","",31,1450,389235938,13958944,564067,5161,268392,"",4.05,6.66,4.53,4.36,8.80,0.68,0.68,"",-1,-3.1,-96,-6.2,-26877914,-6.5,-1974628,-12.4,-170324,-23.2,-14,-0.3,-720,-0.3
"06085","5","3342","76","0","2024","A","",42,2608,483235523,21943546,1052521,3563,185266,"",2.06,4.41,2.47,4.08,6.25,0.56,0.56,"",-2,-4.5,-227,-8.0,-51669219,-9.7,-1151775,-5.0,-57487,-5.2,-66,-1.8,-3430,-1.8
"06085","5","33421","77","0","2024","A","",5,258,70055693,2314162,64337,5230,271973,"",1.58,2.65,1.74,2.49,1.99,0.66,0.66,"",-1,-16.7,0,0.0,713060,1.0,82106,3.7,4192,7.0,65,1.3,3377,1.3
"06085","5","334210","78","0","2024","A","",5,258,70055693,2314162,64337,5230,271973,"",1.58,2.65,1.74,2.49,1.99,0.66,0.66,"",-1,-16.7,0,0.0,713060,1.0,82106,3.7,4192,7.0,65,1.3,3377,1.3
"06085","5","33422","77","0","2024","A","",29,2257,397608561,18920448,963803,3388,176180,"",2.55,6.21,3.30,5.88,9.67,0.53,0.53,"",-1,-3.3,-226,-9.1,-52798944,-11.7,-1131056,-5.6,-58871,-5.8,-100,-2.9,-5198,-2.9
"06085","5","334220","78","0","2024","A","",29,2257,397608561,18920448,963803,3388,176180,"",2.55,6.21,3.30,5.88,9.67,0.53,0.53,"",-1,-3.3,-226,-9.1,-52798944,-11.7,-1131056,-5.6,-58871,-5.8,-100,-2.9,-5198,-2.9
"06085","5","33429","77","0","2024","A","",8,94,15571269,708936,24381,3188,165799,"",1.37,0.72,0.45,0.58,0.67,0.62,0.62,"",0,0.0,1,1.1,416665,2.7,-102825,-12.7,-2808,-10.3,65,2.1,3428,2.1
"06085","5","334290","78","0","2024","A","",8,94,15571269,708936,24381,3188,165799,"",1.37,0.72,0.45,0.58,0.67,0.62,0.62,"",0,0.0,1,1.1,416665,2.7,-102825,-12.7,-2808,-10.3,65,2.1,3428,2.1
"06085","5","3343","76","0","2024","A","N",11,0,0,0,0,0,0,"N",1.44,0,0,0,0,0,0,"N",2,22.2,0,0,0,0,0,0,0,0,0,0,0,0
"06085","5","33431","77","0","2024","A","N",11,0,0,0,0,0,0,"N",1.44,0,0,0,0,0,0,"N",2,22.2,0,0,0,0,0,0,0,0,0,0,0,0
"06085","5","334310","78","0","2024","A","N",11,0,0,0,0,0,0,"N",1.44,0,0,0,0,0,0,"N",2,22.2,0,0,0,0,0,0,0,0,0,0,0,0
"06085","5","3344","76","0","2024","A","",466,41045,22494513816,339133400,11231407,10539,548040,"",9.56,14.50,17.62,10.48,11.89,1.22,1.22,"",-4,-0.9,-104,-0.3,7701067053,52.1,9078406,2.8,145265,1.3,3625,52.4,188531,52.4
"06085","5","33441","77","0","2024","A","",466,41045,22494513816,339133400,11231407,10539,548040,"",9.56,14.50,17.62,10.48,11.89,1.22,1.22,"",-4,-0.9,-104,-0.3,7701067053,52.1,9078406,2.8,145265,1.3,3625,52.4,188531,52.4
"06085","5","334412","78","0","2024","A","",44,3347,270815384,23344742,833242,1556,80907,"",12.25,17.42,6.49,13.05,17.38,0.37,0.37,"",-3,-6.4,-112,-3.2,6589448,2.5,-328638,-1.4,-82546,-9.0,87,5.9,4525,5.9
"06085","5","334413","78","0","2024","A","",297,30718,21396134101,255163319,8025065,13395,696527,"",17.26,20.92,21.85,13.13,14.64,1.04,1.04,"",4,1.4,878,2.9,7867198325,58.2,13030185,5.4,358557,4.7,4676,53.6,243146,53.6
"06085","5","334416","78","0","2024","A","",7,202,18798893,1655206,48577,1792,93179,"",2.34,1.68,0.83,1.35,1.50,0.49,0.49,"",1,16.7,6,3.1,2410561,14.7,22931,1.4,-8392,-14.7,181,11.2,9387,11.2
"06085","5","334417","78","0","2024","A","",6,229,20433308,1956763,68073,1717,89293,"",2.03,1.38,0.47,1.47,1.69,0.34,0.34,"",0,0.0,-24,-9.5,-4796952,-19.0,-263918,-11.9,-15814,-18.9,-203,-10.6,-10563,-10.6
"06085","5","334418","78","0","2024","A","",44,2408,241251370,20079505,717456,1927,100205,"",5.14,5.63,2.86,4.88,5.53,0.51,0.51,"",-1,-2.2,-306,-11.3,-2002057,-0.8,-1173113,-5.5,-20490,-2.8,203,11.8,10562,11.8
"06085","5","334419","78","0","2024","A","",68,4142,547080760,36933865,1538994,2540,132092,"",5.07,9.07,5.22,8.28,10.56,0.58,0.58,"",-6,-8.1,-546,-11.6,-168332272,-23.5,-2209041,-5.6,-86050,-5.3,-395,-13.5,-20519,-13.4
"06085","5","3345","76","0","2024","A","",234,18111,4346044761,164182119,5634094,4615,239968,"",3.09,6.13,4.44,4.97,6.92,0.72,0.72,"",-4,-1.7,-1298,-6.7,40751998,0.9,-12390370,-7.0,273580,5.1,349,8.2,18147,8.2
"06085","5","33451","77","0","2024","A","",234,18111,4346044761,164182119,5634094,4615,239968,"",3.09,6.13,4.44,4.97,6.92,0.72,0.72,"",-4,-1.7,-1298,-6.7,40751998,0.9,-12390370,-7.0,273580,5.1,349,8.2,18147,8.2
"06085","5","334510","78","0","2024","A","",60,3601,574451085,29896450,831992,3068,159537,"",3.92,6.74,3.09,4.13,4.91,0.46,0.46,"",0,0.0,178,5.2,58141187,11.3,1478314,5.2,97687,13.3,167,5.8,8709,5.8
"06085","5","334511","78","0","2024","A","",18,791,99082227,6628244,234461,2409,125249,"",1.81,0.90,0.33,0.72,1.25,0.37,0.37,"",-2,-10.0,-89,-10.1,-2887869,-2.8,-685789,-9.4,-27503,-10.5,181,8.1,9396,8.1
"06085","5","334512","78","0","2024","A","N",4,0,0,0,0,0,0,"N",1.05,0,0,0,0,0,0,"N",0,0.0,0,0,0,0,0,0,0,0,0,0,0,0
"06085","5","334513","78","0","2024","A","",26,760,104109581,6194825,199411,2633,136911,"",1.72,1.86,1.06,1.33,1.73,0.57,0.57,"",0,0.0,-14,-1.8,-7640115,-6.8,-949497,-13.3,-32440,-14.0,-143,-5.2,-7422,-5.1
"06085","5","334514","78","0","2024","A","N",1,0,0,0,0,0,0,"N",0.59,0,0,0,0,0,0,"N",0,0.0,0,0,0,0,0,0,0,0,0,0,0,0
"06085","5","334515","78","0","2024","A","",56,4575,1117058504,46557752,1673328,4695,244161,"",6.27,17.55,11.77,13.59,18.71,0.67,0.67,"",-2,-3.4,23,0.5,2487502,0.2,-413517,-0.9,-141146,-7.8,-14,-0.3,-719,-0.3
"06085","5","334516","78","0","2024","A","",34,3653,618298225,36125769,1620364,3255,169269,"",3.85,11.35,6.32,11.40,14.83,0.56,0.56,"",0,0.0,-1168,-24.2,-150064036,-19.5,-10520296,-22.6,412951,34.2,190,6.2,9891,6.2
"06085","5","334517","78","0","2024","A","",5,292,42407149,2418134,121802,2788,144982,"",2.53,3.04,1.38,2.28,4.64,0.45,0.45,"",0,0.0,-21,-6.7,-5622265,-11.7,-232018,-8.8,16924,16.1,-162,-5.5,-8426,-5.5
"06085","5","334519","78","0","2024","A","",29,4336,1773672025,35337853,900308,7866,409041,"",2.89,14.75,13.47,12.69,12.03,0.91,0.91,"",-2,-6.5,-166,-3.7,152540209,9.4,-680373,-1.9,-50421,-5.3,941,13.6,48936,13.6
"06085","5","3346","76","0","2024","A","N",24,0,0,0,0,0,0,"N",2.29,0,0,0,0,0,0,"N",-5,-17.2,0,0,0,0,0,0,0,0,0,0,0,0
"06085","5","33461","77","0","2024","A","N",24,0,0,0,0,0,0,"N",2.29,0,0,0,0,0,0,"N",-5,-17.2,0,0,0,0,0,0,0,0,0,0,0,0
"06085","5","334610","78","0","2024","A","N",24,0,0,0,0,0,0,"N",2.29,0,0,0,0,0,0,"N",-5,-17.2,0,0,0,0,0,0,0,0,0,0,0,0
"06085","5","335","75","0","2024","A","",110,5011,839308448,41974912,1419272,3221,167482,"",1.50,1.66,1.24,1.34,1.58,0.75,0.75,"",2,1.9,-547,-9.8,-111096006,-11.7,-5257554,-11.1,73425,5.5,-67,-2.0,-3513,-2.1
"06085","5","3351","76","0","2024","A","",12,61,5278907,538766,21663,1666,86658,"",0.89,0.24,0.10,0.23,0.27,0.41,0.41,"",-1,-7.7,-7,-10.3,-1153623,-17.9,-84415,-13.5,485,2.3,-158,-8.7,-8170,-8.6
"06085","5","33513","77","0","2024","A","",12,61,5278907,538766,21663,1666,86658,"",0.89,0.24,0.10,0.23,0.27,0.41,0.41,"",-1,-7.7,-7,-10.3,-1153623,-17.9,-84415,-13.5,485,2.3,-158,-8.7,-8170,-8.6
"06085","5","335132","78","0","2024","A","N",5,0,0,0,0,0,0,"N",0.83,0,0,0,0,0,0,"N",0,0.0,0,0,0,0,0,0,0,0,0,0,0,0
"06085","5","335139","78","0","2024","A","N",7,0,0,0,0,0,0,"N",1.70,0,0,0,0,0,0,"N",-1,-12.5,0,0,0,0,0,0,0,0,0,0,0,0
"06085","5","3352","76","0","2024","A","",5,93,8723417,980029,50452,1801,93632,"",0.99,0.22,0.11,0.26,0.37,0.50,0.50,"",0,0.0,19,25.7,1924553,28.3,267627,37.6,32420,179.8,28,1.6,1444,1.6
"06085","5","33521","77","0","2024","A","N",4,0,0,0,0,0,0,"N",1.40,0,0,0,0,0,0,"N",0,0.0,0,0,0,0,0,0,0,0,0,0,0,0
"06085","5","335210","78","0","2024","A","N",4,0,0,0,0,0,0,"N",1.40,0,0,0,0,0,0,"N",0,0.0,0,0,0,0,0,0,0,0,0,0,0,0
"06085","5","33522","77","0","2024","A","N",1,0,0,0,0,0,0,"N",0.46,0,0,0,0,0,0,"N",0,0.0,0,0,0,0,0,0,0,0,0,0,0,0
"06085","5","335220","78","0","2024","A","N",1,0,0,0,0,0,0,"N",0.46,0,0,0,0,0,0,"N",0,0.0,0,0,0,0,0,0,0,0,0,0,0,0
"06085","5","3353","76","0","2024","A","",28,508,62296923,3985932,131814,2357,122571,"",1.28,0.45,0.24,0.35,0.52,0.54,0.54,"",1,3.7,-133,-20.7,-18535371,-22.9,-1743093,-30.4,-67433,-33.8,-69,-2.8,-3565,-2.8
"06085","5","33531","77","0","2024","A","",28,508,62296923,3985932,131814,2357,122571,"",1.28,0.45,0.24,0.35,0.52,0.54,0.54,"",1,3.7,-133,-20.7,-18535371,-22.9,-1743093,-30.4,-67433,-33.8,-69,-2.8,-3565,-2.8
"06085","5","335311","78","0","2024","A","",10,227,31578266,1882828,71014,2670,138856,"",2.27,0.94,0.63,0.80,1.43,0.66,0.66,"",0,0.0,-111,-32.8,-17335440,-35.4,-1535741,-44.9,-55884,-44.0,-116,-4.2,-6002,-4.1
"06085","5","335312","78","0","2024","A","N",3,0,0,0,0,0,0,"N",0.54,0,0,0,0,0,0,"N",0,0.0,0,0,0,0,0,0,0,0,0,0,0,0
"06085","5","335313","78","0","2024","A","N",4,0,0,0,0,0,0,"N",0.72,0,0,0,0,0,0,"N",1,33.3,0,0,0,0,0,0,0,0,0,0,0,0
"06085","5","335314","78","0","2024","A","",11,165,20784134,1225104,37409,2425,126092,"",1.72,0.54,0.27,0.34,0.51,0.51,0.51,"",0,0.0,-10,-5.7,-689697,-3.2,-98888,-7.5,-4191,-10.1,71,3.0,3676,3.0
"06085","5","3359","76","0","2024","A","",65,4349,763009201,36470185,1215343,3374,175445,"",1.98,3.58,2.68,2.67,2.84,0.75,0.75,"",2,3.2,-427,-8.9,-93331565,-10.9,-3697673,-9.2,107953,9.7,-74,-2.1,-3868,-2.2
"06085","5","33591","77","0","2024","A","",15,1091,252401586,8843228,309885,4450,231384,"",2.41,2.72,2.60,1.71,1.69,0.96,0.96,"",2,15.4,-23,-2.1,8266719,3.4,-617679,-6.5,78871,34.1,235,5.6,12183,5.6
"06085","5","335910","78","0","2024","A","",15,1091,252401586,8843228,309885,4450,231384,"",2.41,2.72,2.60,1.71,1.69,0.96,0.96,"",2,15.4,-23,-2.1,8266719,3.4,-617679,-6.5,78871,34.1,235,5.6,12183,5.6
"06085","5","33592","77","0","2024","A","N",12,0,0,0,0,0,0,"N",2.91,0,0,0,0,0,0,"N",1,9.1,0,0,0,0,0,0,0,0,0,0,0,0
"06085","5","335921","78","0","2024","A","N",10,0,0,0,0,0,0,"N",5.02,0,0,0,0,0,0,"N",1,11.1,0,0,0,0,0,0,0,0,0,0,0,0
"06085","5","335929","78","0","2024","A","N",2,0,0,0,0,0,0,"N",0.94,0,0,0,0,0,0,"N",0,0.0,0,0,0,0,0,0,0,0,0,0,0,0
"06085","5","33593","77","0","2024","A","N",3,0,0,0,0,0,0,"N",0.56,0,0,0,0,0,0,"N",0,0.0,0,0,0,0,0,0,0,0,0,0,0,0
"06085","5","335931","78","0","2024","A","N",3,0,0,0,0,0,0,"N",0.76,0,0,0,0,0,0,"N",1,50.0,0,0,0,0,0,0,0,0,0,0,0,0
"06085","5","33599","77","0","2024","A","",35,3013,480057899,25237190,812652,3064,159307,"",2.04,8.83,5.74,6.95,7.31,0.65,0.65,"",-1,-2.8,-435,-12.6,-107032277,-18.2,-3589055,-12.5,12524,1.6,-211,-6.4,-10975,-6.4
"06085","5","335991","78","0","2024","A","N",1,0,0,0,0,0,0,"N",0.53,0,0,0,0,0,0,"N",0,0.0,0,0,0,0,0,0,0,0,0,0,0,0
"06085","5","335999","78","0","2024","A","N",34,0,0,0,0,0,0,"N",2.23,0,0,0,0,0,0,"N",-1,-2.9,0,0,0,0,0,0,0,0,0,0,0,0
"06085","5","336","75","0","2024","A","",56,6736,1300300916,60080727,1185713,3712,193047,"",0.43,0.53,0.42,0.48,0.28,0.79,0.79,"",3,5.7,433,6.9,181510301,16.2,1019391,1.7,-17844,-1.5,298,8.7,15536,8.8
"06085","5","3361","76","0","2024","A","",4,153,33555133,976094,34793,4227,219793,"",0.63,0.07,0.06,0.07,0.04,0.84,0.84,"",0,0.0,75,96.2,18885936,128.7,-91983,-8.6,182,0.5,603,16.6,31324,16.6
"06085","5","33611","77","0","2024","A","",4,153,33555133,976094,34793,4227,219793,"",0.93,0.08,0.07,0.09,0.05,0.81,0.81,"",0,0.0,75,96.2,18885936,128.7,-91983,-8.6,182,0.5,603,16.6,31324,16.6
"06085","5","336110","78","0","2024","A","",4,153,33555133,976094,34793,4227,219793,"",0.93,0.08,0.07,0.09,0.05,0.81,0.81,"",0,0.0,75,96.2,18885936,128.7,-91983,-8.6,182,0.5,603,16.6,31324,16.6
"06085","5","3362","76","0","2024","A","N",1,0,0,0,0,0,0,"N",0.05,0,0,0,0,0,0,"N",0,0.0,0,0,0,0,0,0,0,0,0,0,0,0
"06085","5","33621","77","0","2024","A","N",1,0,0,0,0,0,0,"N",0.05,0,0,0,0,0,0,"N",0,0.0,0,0,0,0,0,0,0,0,0,0,0,0
"06085","5","336214","78","0","2024","A","N",1,0,0,0,0,0,0,"N",0.16,0,0,0,0,0,0,"N",0,0.0,0,0,0,0,0,0,0,0,0,0,0,0
"06085","5","3363","76","0","2024","A","",20,190,23866179,1719486,61074,2412,125446,"",0.45,0.05,0.03,0.05,0.05,0.66,0.66,"",0,0.0,98,106.5,15897473,199.5,919587,115.0,42384,226.8,752,45.3,39142,45.4
"06085","5","33632","77","0","2024","A","",8,114,16974059,992045,42744,2859,148678,"",1.11,0.27,0.21,0.30,0.32,0.77,0.77,"",0,0.0,91,395.7,14871823,707.4,768266,343.3,35496,489.7,1095,62.1,56944,62.1
"06085","5","336320","78","0","2024","A","",8,114,16974059,992045,42744,2859,148678,"",1.11,0.27,0.21,0.30,0.32,0.77,0.77,"",0,0.0,91,395.7,14871823,707.4,768266,343.3,35496,489.7,1095,62.1,56944,62.1
"06085","5","33633","77","0","2024","A","N",1,0,0,0,0,0,0,"N",0.43,0,0,0,0,0,0,"N",0,0.0,0,0,0,0,0,0,0,0,0,0,0,0
"06085","5","336330","78","0","2024","A","N",1,0,0,0,0,0,0,"N",0.43,0,0,0,0,0,0,"N",0,0.0,0,0,0,0,0,0,0,0,0,0,0,0
"06085","5","33634","77","0","2024","A","N",1,0,0,0,0,0,0,"N",0.63,0,0,0,0,0,0,"N",0,0.0,0,0,0,0,0,0,0,0,0,0,0,0
"06085","5","336340","78","0","2024","A","N",1,0,0,0,0,0,0,"N",0.63,0,0,0,0,0,0,"N",0,0.0,0,0,0,0,0,0,0,0,0,0,0,0
"06085","5","33635","77","0","2024","A","N",1,0,0,0,0,0,0,"N",0.23,0,0,0,0,0,0,"N",0,0.0,0,0,0,0,0,0,0,0,0,0,0,0
"06085","5","336350","78","0","2024","A","N",1,0,0,0,0,0,0,"N",0.23,0,0,0,0,0,0,"N",0,0.0,0,0,0,0,0,0,0,0,0,0,0,0
"06085","5","33636","77","0","2024","A","N",1,0,0,0,0,0,0,"N",0.23,0,0,0,0,0,0,"N",0,0.0,0,0,0,0,0,0,0,0,0,0,0,0
"06085","5","336360","78","0","2024","A","N",1,0,0,0,0,0,0,"N",0.23,0,0,0,0,0,0,"N",0,0.0,0,0,0,0,0,0,0,0,0,0,0,0
"06085","5","33639","77","0","2024","A","",7,36,3553431,430426,12641,1898,98706,"",0.50,0.03,0.02,0.04,0.03,0.56,0.56,"",-1,-12.5,7,24.1,1053421,42.1,160384,59.4,6122,93.9,221,13.2,11496,13.2
"06085","5","336390","78","0","2024","A","",7,36,3553431,430426,12641,1898,98706,"",0.50,0.03,0.02,0.04,0.03,0.56,0.56,"",-1,-12.5,7,24.1,1053421,42.1,160384,59.4,6122,93.9,221,13.2,11496,13.2
"06085","5","3364","76","0","2024","A","",22,5906,1173883846,53484828,940946,3822,198761,"",0.69,1.46,0.91,0.99,0.75,0.62,0.62,"",2,10.0,278,4.9,145410691,14.1,206062,0.4,-33651,-3.5,308,8.8,16032,8.8
"06085","5","33641","77","0","2024","A","",22,5906,1173883846,53484828,940946,3822,198761,"",0.69,1.46,0.91,0.99,0.75,0.62,0.62,"",2,10.0,278,4.9,145410691,14.1,206062,0.4,-33651,-3.5,308,8.8,16032,8.8
"06085","5","336411","78","0","2024","A","N",7,0,0,0,0,0,0,"N",0.78,0,0,0,0,0,0,"N",1,16.7,0,0,0,0,0,0,0,0,0,0,0,0
"06085","5","336412","78","0","2024","A","N",2,0,0,0,0,0,0,"N",0.30,0,0,0,0,0,0,"N",0,0.0,0,0,0,0,0,0,0,0,0,0,0,0
"06085","5","336413","78","0","2024","A","",6,9,892352,108444,4426,1872,97347,"",0.46,0.01,0.00,0.01,0.02,0.40,0.40,"N",1,20.0,0,0,0,0,0,0,0,0,0,0,0,0
"06085","5","336414","78","0","2024","A","N",6,0,0,0,0,0,0,"N",3.22,0,0,0,0,0,0,"N",0,0.0,0,0,0,0,0,0,0,0,0,0,0,0
"06085","5","336415","78","0","2024","A","N",1,0,0,0,0,0,0,"N",1.55,0,0,0,0,0,0,"N",1,100.0,0,0,0,0,0,0,0,0,0,0,0,0
"06085","5","3366","76","0","2024","A","N",2,0,0,0,0,0,0,"N",0.13,0,0,0,0,0,0,"N",0,0.0,0,0,0,0,0,0,0,0,0,0,0,0
"06085","5","33661","77","0","2024","A","N",2,0,0,0,0,0,0,"N",0.13,0,0,0,0,0,0,"N",0,0.0,0,0,0,0,0,0,0,0,0,0,0,0
"06085","5","336612","78","0","2024","A","N",2,0,0,0,0,0,0,"N",0.25,0,0,0,0,0,0,"N",0,0.0,0,0,0,0,0,0,0,0,0,0,0,0
"06085","5","3369","76","0","2024","A","N",7,0,0,0,0,0,0,"N",0.69,0,0,0,0,0,0,"N",1,16.7,0,0,0,0,0,0,0,0,0,0,0,0
"06085","5","33699","77","0","2024","A","N",7,0,0,0,0,0,0,"N",0.69,0,0,0,0,0,0,"N",1,16.7,0,0,0,0,0,0,0,0,0,0,0,0
"06085","5","336991","78","0","2024","A","",5,80,4276497,670263,21090,1022,53124,"",1.24,1.13,0.34,1.00,0.64,0.30,0.29,"N",0,0.0,0,0,0,0,0,0,0,0,0,0,0,0
"06085","5","336992","78","0","2024","A","N",1,0,0,0,0,0,0,"N",1.34,0,0,0,0,0,0,"N",0,0.0,0,0,0,0,0,0,0,0,0,0,0,0
"06085","5","336999","78","0","2024","A","N",1,0,0,0,0,0,0,"N",0.19,0,0,0,0,0,0,"N",1,100.0,0,0,0,0,0,0,0,0,0,0,0,0
"06085","5","337","75","0","2024","A","",74,878,72594257,7904900,251982,1590,82681,"",0.59,0.35,0.19,0.30,0.37,0.53,0.53,"",-1,-1.3,-29,-3.2,1099855,1.5,-100920,-1.3,17874,7.6,74,4.9,3856,4.9
"06085","5","3371","76","0","2024","A","",55,551,39586904,4919629,139742,1382,71846,"",0.63,0.35,0.18,0.29,0.36,0.50,0.50,"",0,0.0,3,0.5,1366341,3.6,16747,0.3,2310,1.7,41,3.1,2111,3.0
"06085","5","33711","77","0","2024","A","",44,462,33528456,4215668,118978,1396,72586,"",0.80,0.56,0.28,0.46,0.54,0.50,0.50,"",1,2.3,4,0.9,671596,2.0,229197,5.7,12222,11.4,15,1.1,781,1.1
"06085","5","337110","78","0","2024","A","",44,462,33528456,4215668,118978,1396,72586,"",0.80,0.56,0.28,0.46,0.54,0.50,0.50,"",1,2.3,4,0.9,671596,2.0,229197,5.7,12222,11.4,15,1.1,781,1.1
"06085","5","33712","77","0","2024","A","",11,89,6058448,703961,20764,1308,68009,"",0.34,0.12,0.06,0.09,0.13,0.48,0.48,"",-1,-8.3,-2,-2.2,694745,13.0,-212450,-23.2,-9912,-32.3,168,14.7,8742,14.8
"06085","5","337121","78","0","2024","A","N",2,0,0,0,0,0,0,"N",0.34,0,0,0,0,0,0,"N",0,0.0,0,0,0,0,0,0,0,0,0,0,0,0
"06085","5","337122","78","0","2024","A","N",1,0,0,0,0,0,0,"N",0.06,0,0,0,0,0,0,"N",-1,-50.0,0,0,0,0,0,0,0,0,0,0,0,0
"06085","5","337126","78","0","2024","A","N",2,0,0,0,0,0,0,"N",0.47,0,0,0,0,0,0,"N",0,0.0,0,0,0,0,0,0,0,0,0,0,0,0
"06085","5","337127","78","0","2024","A","",6,58,4779264,429256,15916,1591,82758,"",1.17,0.35,0.17,0.26,0.36,0.49,0.49,"",0,0.0,0,0.0,662132,16.1,-219333,-33.8,-8077,-33.7,236,17.4,12279,17.4
"06085","5","3372","76","0","2024","A","N",16,0,0,0,0,0,0,"N",0.52,0,0,0,0,0,0,"N",-2,-11.1,0,0,0,0,0,0,0,0,0,0,0,0
"06085","5","33721","77","0","2024","A","N",16,0,0,0,0,0,0,"N",0.52,0,0,0,0,0,0,"N",-2,-11.1,0,0,0,0,0,0,0,0,0,0,0,0
"06085","5","337211","78","0","2024","A","",5,54,5800746,551659,11736,2059,107091,"",1.30,0.51,0.32,0.51,0.36,0.63,0.63,"",0,0.0,20,58.8,2643912,83.8,211585,62.2,2058,21.3,286,16.1,14921,16.2
"06085","5","337212","78","0","2024","A","N",7,0,0,0,0,0,0,"N",0.48,0,0,0,0,0,0,"N",-2,-22.2,0,0,0,0,0,0,0,0,0,0,0,0
"06085","5","337214","78","0","2024","A","N",1,0,0,0,0,0,0,"N",0.31,0,0,0,0,0,0,"N",0,0.0,0,0,0,0,0,0,0,0,0,0,0,0
"06085","5","337215","78","0","2024","A","N",3,0,0,0,0,0,0,"N",0.33,0,0,0,0,0,0,"N",0,0.0,0,0,0,0,0,0,0,0,0,0,0,0
"06085","5","3379","76","0","2024","A","N",3,0,0,0,0,0,0,"N",0.40,0,0,0,0,0,0,"N",1,50.0,0,0,0,0,0,0,0,0,0,0,0,0
"06085","5","33791","77","0","2024","A","N",1,0,0,0,0,0,0,"N",0.24,0,0,0,0,0,0,"N",1,100.0,0,0,0,0,0,0,0,0,0,0,0,0
"06085","5","337910","78","0","2024","A","N",1,0,0,0,0,0,0,"N",0.24,0,0,0,0,0,0,"N",1,100.0,0,0,0,0,0,0,0,0,0,0,0,0
"06085","5","33792","77","0","2024","A","N",2,0,0,0,0,0,0,"N",0.59,0,0,0,0,0,0,"N",0,0.0,0,0,0,0,0,0,0,0,0,0,0,0
"06085","5","337920","78","0","2024","A","N",2,0,0,0,0,0,0,"N",0.59,0,0,0,0,0,0,"N",0,0.0,0,0,0,0,0,0,0,0,0,0,0,0
"06085","5","339","75","0","2024","A","",209,4299,675851808,37179858,1341166,3023,157196,"",0.81,0.97,0.71,0.80,1.03,0.73,0.73,"",-13,-5.9,-268,-5.9,24277627,3.7,-3338587,-8.2,-71758,-5.1,280,10.2,14539,10.2
"06085","5","3391","76","0","2024","A","",132,3758,618932697,32427940,1183028,3167,164694,"",1.34,1.61,1.09,1.34,1.83,0.68,0.68,"",-10,-7.0,9,0.2,47077298,8.2,-692245,-2.1,-1195,-0.1,234,8.0,12165,8.0
"06085","5","33911","77","0","2024","A","",132,3758,618932697,32427940,1183028,3167,164694,"",1.34,1.61,1.09,1.34,1.83,0.68,0.68,"",-10,-7.0,9,0.2,47077298,8.2,-692245,-2.1,-1195,-0.1,234,8.0,12165,8.0
"06085","5","339112","78","0","2024","A","",57,2615,513501431,23621070,932738,3777,196380,"",1.95,2.58,1.85,2.12,3.37,0.72,0.72,"",-5,-8.1,-27,-1.0,37389938,7.9,-1108269,-4.5,-26156,-2.7,312,9.0,16177,9.0
"06085","5","339113","78","0","2024","A","",20,732,75280040,5336123,153132,1978,102842,"",0.82,1.01,0.42,0.72,0.74,0.42,0.42,"",1,5.3,45,6.6,8901014,13.4,439035,9.0,19156,14.3,119,6.4,6150,6.4
"06085","5","339114","78","0","2024","A","",5,30,2599893,339652,9109,1644,85476,"",0.81,0.26,0.10,0.23,0.19,0.40,0.40,"",-2,-28.6,-9,-23.1,258005,11.0,11947,3.6,-1222,-11.8,479,41.1,24910,41.1
"06085","5","339115","78","0","2024","A","",5,50,6079305,432549,13321,2323,120781,"",1.12,0.29,0.17,0.31,0.34,0.56,0.56,"",0,0.0,7,16.3,1097820,22.0,53939,14.2,3689,38.3,73,3.2,3799,3.2
"06085","5","339116","78","0","2024","A","",45,330,21472028,2698546,74728,1249,64968,"",1.32,1.08,0.47,0.96,0.98,0.43,0.43,"",-5,-10.0,-9,-2.7,-569479,-2.6,-88897,-3.2,3338,4.7,0,0.0,13,0.0
"06085","5","3399","76","0","2024","A","",77,541,56919111,4751918,158138,2022,105146,"",0.48,0.26,0.15,0.22,0.24,0.57,0.57,"",-3,-3.8,-277,-33.9,-22799671,-28.6,-2646342,-35.8,-70563,-30.9,148,7.9,7720,7.9
"06085","5","33991","77","0","2024","A","",8,20,2275314,152250,7958,2188,113766,"",0.52,0.13,0.09,0.09,0.14,0.69,0.69,"",0,0.0,-8,-28.6,-166970,-6.8,-121156,-44.3,-3290,-29.2,530,32.0,27568,32.0
"06085","5","339910","78","0","2024","A","",8,20,2275314,152250,7958,2188,113766,"",0.52,0.13,0.09,0.09,0.14,0.69,0.69,"",0,0.0,-8,-28.6,-166970,-6.8,-121156,-44.3,-3290,-29.2,530,32.0,27568,32.0
"06085","5","33992","77","0","2024","A","",5,34,1976564,286989,9928,1129,58710,"",0.32,0.11,0.03,0.08,0.09,0.31,0.31,"",0,0.0,-3,-8.1,-463122,-19.0,-21431,-6.9,-908,-8.4,-131,-10.4,-6785,-10.4
"06085","5","339920","78","0","2024","A","",5,34,1976564,286989,9928,1129,58710,"",0.32,0.11,0.03,0.08,0.09,0.31,0.31,"",0,0.0,-3,-8.1,-463122,-19.0,-21431,-6.9,-908,-8.4,-131,-10.4,-6785,-10.4
"06085","5","33993","77","0","2024","A","",7,9,993828,130216,5799,2048,106482,"",1.10,0.11,0.04,0.11,0.18,0.37,0.37,"",-1,-12.5,-18,-66.7,-2658006,-72.8,-265641,-67.1,-4576,-44.1,-529,-20.5,-27530,-20.5
"06085","5","339930","78","0","2024","A","",7,9,993828,130216,5799,2048,106482,"",1.10,0.11,0.04,0.11,0.18,0.37,0.37,"",-1,-12.5,-18,-66.7,-2658006,-72.8,-265641,-67.1,-4576,-44.1,-529,-20.5,-27530,-20.5
"06085","5","33994","77","0","2024","A","",3,36,2780508,296117,11062,1472,76528,"",0.88,0.52,0.24,0.56,0.71,0.45,0.45,"",0,0.0,-3,-7.7,199949,7.7,-30630,-9.4,-958,-8.0,194,15.2,10076,15.2
"06085","5","339940","78","0","2024","A","",3,36,2780508,296117,11062,1472,76528,"",0.88,0.52,0.24,0.56,0.71,0.45,0.45,"",0,0.0,-3,-7.7,199949,7.7,-30630,-9.4,-958,-8.0,194,15.2,10076,15.2
"06085","5","33995","77","0","2024","A","",20,129,9506314,1137132,41017,1413,73455,"",0.38,0.23,0.10,0.20,0.27,0.44,0.44,"",-1,-4.8,-9,-6.5,-262849,-2.7,-35622,-3.0,-1462,-3.4,48,3.5,2493,3.5
"06085","5","339950","78","0","2024","A","",20,129,9506314,1137132,41017,1413,73455,"",0.38,0.23,0.10,0.20,0.27,0.44,0.44,"",-1,-4.8,-9,-6.5,-262849,-2.7,-35622,-3.0,-1462,-3.4,48,3.5,2493,3.5
"06085","5","33999","77","0","2024","A","",34,313,39386583,2749214,82374,2423,126003,"",0.51,0.34,0.23,0.29,0.28,0.68,0.68,"",-1,-2.9,-236,-43.0,-19448673,-33.1,-2171862,-44.1,-59369,-41.9,362,17.6,18819,17.6
"06085","5","339991","78","0","2024","A","N",4,0,0,0,0,0,0,"N",0.73,0,0,0,0,0,0,"N",-1,-20.0,0,0,0,0,0,0,0,0,0,0,0,0
"06085","5","339992","78","0","2024","A","N",1,0,0,0,0,0,0,"N",0.20,0,0,0,0,0,0,"N",0,0.0,0,0,0,0,0,0,0,0,0,0,0,0
"06085","5","339999","78","0","2024","A","",29,241,32528292,2195259,72261,2599,135159,"",0.55,0.46,0.33,0.37,0.39,0.71,0.71,"N",0,0.0,0,0,0,0,0,0,0,0,0,0,0,0
"06085","5","42","74","0","2024","A","",2088,27154,4916488615,246006798,7811988,3482,181061,"",0.47,0.62,0.42,0.53,0.61,0.68,0.68,"",-21,-1.0,-943,-3.4,139925216,2.9,-100682,0.0,242430,3.2,213,6.5,11055,6.5
"06085","5","423","75","0","2024","A","",1357,20302,4153411836,183248073,6097955,3934,204584,"",0.58,0.83,0.63,0.71,0.86,0.76,0.76,"",-9,-0.7,-596,-2.9,151142636,3.8,1693314,0.9,261241,4.5,251,6.8,13071,6.8
"06085","5","4231","76","0","2024","A","",84,1180,170563002,11143002,292250,2780,144535,"",0.45,0.44,0.31,0.41,0.40,0.71,0.71,"",-2,-2.3,170,16.8,49141351,40.5,1695609,17.9,27216,10.3,467,20.2,24276,20.2
"06085","5","42311","77","0","2024","A","",20,311,46417216,2771475,80232,2872,149332,"",0.38,0.31,0.20,0.27,0.33,0.66,0.66,"",2,11.1,78,33.5,16525578,55.3,703060,34.0,7376,10.1,409,16.6,21271,16.6
"06085","5","423110","78","0","2024","A","",20,311,46417216,2771475,80232,2872,149332,"",0.38,0.31,0.20,0.27,0.33,0.66,0.66,"",2,11.1,78,33.5,16525578,55.3,703060,34.0,7376,10.1,409,16.6,21271,16.6
"06085","5","42312","77","0","2024","A","",58,517,57549005,5232807,145980,2140,111295,"",0.57,0.40,0.23,0.42,0.39,0.57,0.57,"",-4,-6.5,-145,-21.9,-26362410,-31.4,-990046,-15.9,-8097,-5.3,-298,-12.2,-15475,-12.2
"06085","5","423120","78","0","2024","A","",58,517,57549005,5232807,145980,2140,111295,"",0.57,0.40,0.23,0.42,0.39,0.57,0.57,"",-4,-6.5,-145,-21.9,-26362410,-31.4,-990046,-15.9,-8097,-5.3,-298,-12.2,-15475,-12.2
"06085","5","42313","77","0","2024","A","N",3,0,0,0,0,0,0,"N",0.17,0,0,0,0,0,0,"N",0,0.0,0,0,0,0,0,0,0,0,0,0,0,0
"06085","5","423130","78","0","2024","A","N",3,0,0,0,0,0,0,"N",0.17,0,0,0,0,0,0,"N",0,0.0,0,0,0,0,0,0,0,0,0,0,0,0
"06085","5","42314","77","0","2024","A","N",3,0,0,0,0,0,0,"N",0.21,0,0,0,0,0,0,"N",0,0.0,0,0,0,0,0,0,0,0,0,0,0,0
"06085","5","423140","78","0","2024","A","N",3,0,0,0,0,0,0,"N",0.21,0,0,0,0,0,0,"N",0,0.0,0,0,0,0,0,0,0,0,0,0,0,0
"06085","5","4232","76","0","2024","A","",34,414,41654715,3503274,108766,1935,100615,"",0.37,0.52,0.24,0.42,0.42,0.46,0.46,"",-3,-8.1,-54,-11.5,-4406716,-9.6,-416745,-10.6,-23613,-17.8,41,2.2,2123,2.2
"06085","5","42321","77","0","2024","A","",24,265,27470643,2280175,53768,1994,103695,"",0.56,0.74,0.34,0.61,0.47,0.46,0.46,"",-2,-7.7,-43,-14.0,-3890916,-12.4,-287100,-11.2,-18478,-25.6,34,1.7,1761,1.7
"06085","5","423210","78","0","2024","A","",24,265,27470643,2280175,53768,1994,103695,"",0.56,0.74,0.34,0.61,0.47,0.46,0.46,"",-2,-7.7,-43,-14.0,-3890916,-12.4,-287100,-11.2,-18478,-25.6,34,1.7,1761,1.7
"06085","5","42322","77","0","2024","A","",9,149,14184072,1223099,54998,1830,95142,"",0.18,0.34,0.15,0.27,0.37,0.45,0.45,"",-2,-18.2,-11,-6.9,-515800,-3.5,-129645,-9.6,-5135,-8.5,63,3.6,3268,3.6
"06085","5","423220","78","0","2024","A","",9,149,14184072,1223099,54998,1830,95142,"",0.18,0.34,0.15,0.27,0.37,0.45,0.45,"",-2,-18.2,-11,-6.9,-515800,-3.5,-129645,-9.6,-5135,-8.5,63,3.6,3268,3.6
"06085","5","4233","76","0","2024","A","",67,856,90252405,7516069,264778,2027,105404,"",0.38,0.45,0.21,0.35,0.42,0.46,0.46,"",4,6.3,29,3.5,17869873,24.7,208706,2.9,24674,10.3,344,20.4,17880,20.4
"06085","5","42331","77","0","2024","A","",22,300,23119239,2550521,71538,1484,77150,"",0.33,0.36,0.13,0.27,0.30,0.34,0.34,"",2,10.0,-6,-2.0,137109,0.6,-12335,-0.5,1832,2.6,40,2.8,2086,2.8
"06085","5","423310","78","0","2024","A","",22,300,23119239,2550521,71538,1484,77150,"",0.33,0.36,0.13,0.27,0.30,0.34,0.34,"",2,10.0,-6,-2.0,137109,0.6,-12335,-0.5,1832,2.6,40,2.8,2086,2.8
"06085","5","42332","77","0","2024","A","",18,248,19129408,2140411,73869,1485,77213,"",0.40,0.51,0.19,0.43,0.41,0.36,0.36,"",0,0.0,5,2.1,-471499,-2.4,2688,0.1,3070,4.3,-66,-4.3,-3422,-4.2
"06085","5","423320","78","0","2024","A","",18,248,19129408,2140411,73869,1485,77213,"",0.40,0.51,0.19,0.43,0.41,0.36,0.36,"",0,0.0,5,2.1,-471499,-2.4,2688,0.1,3070,4.3,-66,-4.3,-3422,-4.2
"06085","5","42333","77","0","2024","A","",9,104,19923069,1011677,35868,3666,190651,"",0.31,0.31,0.23,0.29,0.30,0.75,0.75,"",1,12.5,5,5.1,7618686,61.9,92356,10.0,2492,7.5,1266,52.8,65839,52.8
"06085","5","423330","78","0","2024","A","",9,104,19923069,1011677,35868,3666,190651,"",0.31,0.31,0.23,0.29,0.30,0.75,0.75,"",1,12.5,5,5.1,7618686,61.9,92356,10.0,2492,7.5,1266,52.8,65839,52.8
"06085","5","42339","77","0","2024","A","",18,204,28080689,1813460,83503,2643,137426,"",0.50,0.77,0.47,0.56,0.93,0.60,0.60,"",2,12.5,25,14.0,10585577,60.5,125997,7.5,17280,26.1,765,40.7,39779,40.7
"06085","5","423390","78","0","2024","A","",18,204,28080689,1813460,83503,2643,137426,"",0.50,0.77,0.47,0.56,0.93,0.60,0.60,"",2,12.5,25,14.0,10585577,60.5,125997,7.5,17280,26.1,765,40.7,39779,40.7
"06085","5","4234","76","0","2024","A","",352,8534,2314699856,78625527,2776205,5216,271243,"",0.70,1.60,1.17,1.37,1.66,0.73,0.73,"",-16,-4.3,-443,-4.9,85601175,3.8,1140541,1.5,210113,8.2,440,9.2,22917,9.2
"06085","5","42341","77","0","2024","A","",7,85,14975120,701285,19322,3398,176698,"",0.80,1.02,0.54,0.69,0.60,0.53,0.53,"",1,16.7,5,6.2,355469,2.4,-5239,-0.7,-2681,-12.2,-98,-2.8,-5101,-2.8
"06085","5","423410","78","0","2024","A","",7,85,14975120,701285,19322,3398,176698,"",0.80,1.02,0.54,0.69,0.60,0.53,0.53,"",1,16.7,5,6.2,355469,2.4,-5239,-0.7,-2681,-12.2,-98,-2.8,-5101,-2.8
"06085","5","42342","77","0","2024","A","",40,161,12057021,1718239,95553,1437,74734,"",0.98,0.33,0.11,0.32,0.63,0.33,0.33,"",-2,-4.8,-71,-30.6,-7451371,-38.2,-399562,-18.9,-21159,-18.1,-179,-11.1,-9294,-11.1
"06085","5","423420","78","0","2024","A","",40,161,12057021,1718239,95553,1437,74734,"",0.98,0.33,0.11,0.32,0.63,0.33,0.33,"",-2,-4.8,-71,-30.6,-7451371,-38.2,-399562,-18.9,-21159,-18.1,-179,-11.1,-9294,-11.1
"06085","5","42343","77","0","2024","A","",158,6542,2008665555,60131711,2116459,5905,307065,"",1.32,4.00,2.40,3.47,3.85,0.60,0.60,"",-11,-6.5,-245,-3.6,148242447,8.0,3396304,6.0,292619,16.0,633,12.0,32946,12.0
"06085","5","423430","78","0","2024","A","",158,6542,2008665555,60131711,2116459,5905,307065,"",1.32,4.00,2.40,3.47,3.85,0.60,0.60,"",-11,-6.5,-245,-3.6,148242447,8.0,3396304,6.0,292619,16.0,633,12.0,32946,12.0
"06085","5","42344","77","0","2024","A","",22,107,10324670,900334,22724,1863,96869,"",0.48,0.25,0.11,0.21,0.18,0.44,0.44,"",2,10.0,-16,-13.0,-1890694,-15.5,-134627,-13.0,-6283,-21.7,-51,-2.7,-2645,-2.7
"06085","5","423440","78","0","2024","A","",22,107,10324670,900334,22724,1863,96869,"",0.48,0.25,0.11,0.21,0.18,0.44,0.44,"",2,10.0,-16,-13.0,-1890694,-15.5,-134627,-13.0,-6283,-21.7,-51,-2.7,-2645,-2.7
"06085","5","42345","77","0","2024","A","",87,1151,196826972,11206496,402834,3288,170956,"",0.36,0.50,0.25,0.45,0.59,0.49,0.49,"",-7,-7.4,-88,-7.1,-46114197,-19.0,-1359925,-10.8,-51219,-11.3,-482,-12.8,-25109,-12.8
"06085","5","423450","78","0","2024","A","",87,1151,196826972,11206496,402834,3288,170956,"",0.36,0.50,0.25,0.45,0.59,0.49,0.49,"",-7,-7.4,-88,-7.1,-46114197,-19.0,-1359925,-10.8,-51219,-11.3,-482,-12.8,-25109,-12.8
"06085","5","42346","77","0","2024","A","",14,89,13232852,723850,27123,2862,148823,"",0.87,0.55,0.34,0.46,0.57,0.61,0.61,"",-1,-6.7,-22,-19.8,-3377891,-20.3,-120958,-14.3,-8156,-23.1,-14,-0.5,-711,-0.5
"06085","5","423460","78","0","2024","A","",14,89,13232852,723850,27123,2862,148823,"",0.87,0.55,0.34,0.46,0.57,0.61,0.61,"",-1,-6.7,-22,-19.8,-3377891,-20.3,-120958,-14.3,-8156,-23.1,-14,-0.5,-711,-0.5
"06085","5","42349","77","0","2024","A","",24,399,58617666,3243612,92190,2823,146819,"",0.72,1.46,0.77,1.08,1.16,0.53,0.52,"",2,9.1,-5,-1.2,-4162588,-6.6,-235452,-6.8,6992,8.2,-165,-5.5,-8546,-5.5
"06085","5","423490","78","0","2024","A","",24,399,58617666,3243612,92190,2823,146819,"",0.72,1.46,0.77,1.08,1.16,0.53,0.52,"",2,9.1,-5,-1.2,-4162588,-6.6,-235452,-6.8,6992,8.2,-165,-5.5,-8546,-5.5
"06085","5","4235","76","0","2024","A","",29,212,20789111,1627221,40927,1886,98062,"",0.37,0.22,0.09,0.17,0.16,0.40,0.40,"",3,11.5,1,0.5,799534,4.0,2824,0.2,-504,-1.2,60,3.3,3100,3.3
"06085","5","42351","77","0","2024","A","",29,212,20789111,1627221,40927,1886,98062,"",0.38,0.22,0.09,0.17,0.16,0.41,0.40,"N",3,11.5,0,0,0,0,0,0,0,0,0,0,0,0
"06085","5","423510","78","0","2024","A","",29,212,20789111,1627221,40927,1886,98062,"",0.38,0.22,0.09,0.17,0.16,0.41,0.40,"N",3,11.5,0,0,0,0,0,0,0,0,0,0,0,0
"06085","5","4236","76","0","2024","A","",418,5624,1097996563,50338043,1711186,3755,195240,"",1.53,2.07,1.32,1.76,2.14,0.64,0.64,"",-4,-0.9,-205,-3.5,-10554901,-1.0,-490054,-1.0,25373,1.5,98,2.7,5069,2.7
"06085","5","42361","77","0","2024","A","N",76,0,0,0,0,0,0,"N",0.57,0,0,0,0,0,0,"N",3,4.1,0,0,0,0,0,0,0,0,0,0,0,0
"06085","5","423610","78","0","2024","A","N",76,0,0,0,0,0,0,"N",0.57,0,0,0,0,0,0,"N",3,4.1,0,0,0,0,0,0,0,0,0,0,0,0
"06085","5","42362","77","0","2024","A","N",38,0,0,0,0,0,0,"N",1.15,0,0,0,0,0,0,"N",-2,-5.0,0,0,0,0,0,0,0,0,0,0,0,0
"06085","5","423620","78","0","2024","A","N",38,0,0,0,0,0,0,"N",1.15,0,0,0,0,0,0,"N",-2,-5.0,0,0,0,0,0,0,0,0,0,0,0,0
"06085","5","42369","77","0","2024","A","",305,4115,846233748,36510398,1285796,3955,205638,"",2.86,4.03,2.45,3.37,4.07,0.61,0.61,"",-4,-1.3,-339,-7.6,-45270937,-5.1,-2748464,-7.0,-36976,-2.8,106,2.8,5484,2.7
"06085","5","423690","78","0","2024","A","",305,4115,846233748,36510398,1285796,3955,205638,"",2.86,4.03,2.45,3.37,4.07,0.61,0.61,"",-4,-1.3,-339,-7.6,-45270937,-5.1,-2748464,-7.0,-36976,-2.8,106,2.8,5484,2.7
"06085","5","4237","76","0","2024","A","",82,1357,188013282,12159614,340501,2665,138568,"",0.43,0.60,0.34,0.51,0.56,0.56,0.56,"",-2,-2.4,-17,-1.2,17251883,10.1,214894,1.8,13560,4.1,274,11.5,14242,11.5
"06085","5","42371","77","0","2024","A","N",24,0,0,0,0,0,0,"N",0.42,0,0,0,0,0,0,"N",1,4.3,0,0,0,0,0,0,0,0,0,0,0,0
"06085","5","423710","78","0","2024","A","N",24,0,0,0,0,0,0,"N",0.42,0,0,0,0,0,0,"N",1,4.3,0,0,0,0,0,0,0,0,0,0,0,0
"06085","5","42372","77","0","2024","A","",32,604,76345768,5506428,150005,2430,126348,"",0.44,0.69,0.36,0.57,0.63,0.52,0.52,"",-3,-8.6,6,1.0,3794490,5.2,217206,4.1,19019,14.5,96,4.1,4957,4.1
"06085","5","423720","78","0","2024","A","",32,604,76345768,5506428,150005,2430,126348,"",0.44,0.69,0.36,0.57,0.63,0.52,0.52,"",-3,-8.6,6,1.0,3794490,5.2,217206,4.1,19019,14.5,96,4.1,4957,4.1
"06085","5","42373","77","0","2024","A","N",24,0,0,0,0,0,0,"N",0.48,0,0,0,0,0,0,"N",0,0.0,0,0,0,0,0,0,0,0,0,0,0,0
"06085","5","423730","78","0","2024","A","N",24,0,0,0,0,0,0,"N",0.48,0,0,0,0,0,0,"N",0,0.0,0,0,0,0,0,0,0,0,0,0,0,0
"06085","5","42374","77","0","2024","A","N",2,0,0,0,0,0,0,"N",0.17,0,0,0,0,0,0,"N",0,0.0,0,0,0,0,0,0,0,0,0,0,0,0
"06085","5","423740","78","0","2024","A","N",2,0,0,0,0,0,0,"N",0.17,0,0,0,0,0,0,"N",0,0.0,0,0,0,0,0,0,0,0,0,0,0,0
"06085","5","4238","76","0","2024","A","",155,1413,171017047,12323756,358200,2327,121003,"",0.29,0.25,0.12,0.21,0.25,0.48,0.48,"",-1,-0.6,-55,-3.7,-4533663,-2.6,-830617,-6.3,-32291,-8.3,27,1.2,1377,1.2
"06085","5","42381","77","0","2024","A","",5,46,4177829,342797,10939,1763,91653,"",0.12,0.06,0.02,0.04,0.06,0.35,0.35,"",0,0.0,13,39.4,1301777,45.3,35936,11.7,1945,21.6,108,6.5,5587,6.5
"06085","5","423810","78","0","2024","A","",5,46,4177829,342797,10939,1763,91653,"",0.12,0.06,0.02,0.04,0.06,0.35,0.35,"",0,0.0,13,39.4,1301777,45.3,35936,11.7,1945,21.6,108,6.5,5587,6.5
"06085","5","42382","77","0","2024","A","",9,45,4312427,406482,10974,1860,96727,"",0.14,0.05,0.02,0.04,0.06,0.44,0.44,"",2,28.6,-6,-11.8,-995850,-18.8,7440,1.9,-3992,-26.7,-138,-6.9,-7187,-6.9
"06085","5","423820","78","0","2024","A","",9,45,4312427,406482,10974,1860,96727,"",0.14,0.05,0.02,0.04,0.06,0.44,0.44,"",2,28.6,-6,-11.8,-995850,-18.8,7440,1.9,-3992,-26.7,-138,-6.9,-7187,-6.9
"06085","5","42383","77","0","2024","A","",88,897,122445607,7882407,241373,2624,136455,"",0.34,0.36,0.19,0.30,0.37,0.51,0.51,"",-2,-2.2,5,0.6,-3467681,-2.8,-409087,-4.9,-13909,-5.4,-91,-3.4,-4730,-3.4
"06085","5","423830","78","0","2024","A","",88,897,122445607,7882407,241373,2624,136455,"",0.34,0.36,0.19,0.30,0.37,0.51,0.51,"",-2,-2.2,5,0.6,-3467681,-2.8,-409087,-4.9,-13909,-5.4,-91,-3.4,-4730,-3.4
"06085","5","42384","77","0","2024","A","",27,210,24120431,1795762,45103,2208,114814,"",0.29,0.27,0.13,0.22,0.21,0.47,0.47,"",-2,-6.9,-53,-20.2,-1611796,-6.3,-462908,-20.5,-16307,-26.6,325,17.3,16880,17.2
"06085","5","423840","78","0","2024","A","",27,210,24120431,1795762,45103,2208,114814,"",0.29,0.27,0.13,0.22,0.21,0.47,0.47,"",-2,-6.9,-53,-20.2,-1611796,-6.3,-462908,-20.5,-16307,-26.6,325,17.3,16880,17.2
"06085","5","42385","77","0","2024","A","",18,190,12410685,1636676,43886,1259,65463,"",0.39,0.46,0.16,0.39,0.41,0.34,0.34,"",1,5.9,-8,-4.0,99441,0.8,-15705,-1.0,-33,-0.1,60,5.0,3128,5.0
"06085","5","423850","78","0","2024","A","",18,190,12410685,1636676,43886,1259,65463,"",0.39,0.46,0.16,0.39,0.41,0.34,0.34,"",1,5.9,-8,-4.0,99441,0.8,-15705,-1.0,-33,-0.1,60,5.0,3128,5.0
"06085","5","42386","77","0","2024","A","",8,26,3550068,259632,5925,2609,135671,"",0.24,0.09,0.04,0.09,0.08,0.45,0.45,"",0,0.0,-5,-16.1,140446,4.1,13707,5.6,5,0.1,488,23.0,25387,23.0
"06085","5","423860","78","0","2024","A","",8,26,3550068,259632,5925,2609,135671,"",0.24,0.09,0.04,0.09,0.08,0.45,0.45,"",0,0.0,-5,-16.1,140446,4.1,13707,5.6,5,0.1,488,23.0,25387,23.0
"06085","5","4239","76","0","2024","A","",136,712,58425855,6011567,205142,1579,82088,"",0.45,0.31,0.12,0.26,0.30,0.40,0.40,"",10,7.9,-25,-3.4,-25900,0.0,168156,2.9,16713,8.9,53,3.5,2733,3.4
"06085","5","42391","77","0","2024","A","",22,71,6032376,526868,14951,1624,84467,"",0.35,0.15,0.06,0.11,0.11,0.41,0.41,"",0,0.0,-4,-5.3,-157375,-2.5,-57067,-9.8,-2001,-11.8,46,2.9,2393,2.9
"06085","5","423910","78","0","2024","A","",22,71,6032376,526868,14951,1624,84467,"",0.35,0.15,0.06,0.11,0.11,0.41,0.41,"",0,0.0,-4,-5.3,-157375,-2.5,-57067,-9.8,-2001,-11.8,46,2.9,2393,2.9
"06085","5","42392","77","0","2024","A","",12,38,2563563,444246,12393,1295,67315,"",0.55,0.22,0.06,0.23,0.20,0.26,0.26,"",1,9.1,-18,-32.1,486799,23.4,-93971,-17.5,-113,-0.9,583,81.9,30285,81.8
"06085","5","423920","78","0","2024","A","",12,38,2563563,444246,12393,1295,67315,"",0.55,0.22,0.06,0.23,0.20,0.26,0.26,"",1,9.1,-18,-32.1,486799,23.4,-93971,-17.5,-113,-0.9,583,81.9,30285,81.8
"06085","5","42393","77","0","2024","A","",30,332,24036474,2641562,89555,1393,72435,"",0.54,0.46,0.18,0.36,0.48,0.40,0.40,"",-1,-3.2,-16,-4.6,-1213471,-4.8,29096,1.1,1555,1.8,-3,-0.2,-157,-0.2
"06085","5","423930","78","0","2024","A","",30,332,24036474,2641562,89555,1393,72435,"",0.54,0.46,0.18,0.36,0.48,0.40,0.40,"",-1,-3.2,-16,-4.6,-1213471,-4.8,29096,1.1,1555,1.8,-3,-0.2,-157,-0.2
"06085","5","42394","77","0","2024","A","",18,48,4214815,423837,11773,1686,87656,"",0.35,0.18,0.08,0.17,0.13,0.43,0.43,"",0,0.0,9,23.1,519530,14.1,98214,30.2,1880,19.0,-121,-6.7,-6292,-6.7
"06085","5","423940","78","0","2024","A","",18,48,4214815,423837,11773,1686,87656,"",0.35,0.18,0.08,0.17,0.13,0.43,0.43,"",0,0.0,9,23.1,519530,14.1,98214,30.2,1880,19.0,-121,-6.7,-6292,-6.7
"06085","5","42399","77","0","2024","A","",55,222,21578627,1975054,76470,1866,97055,"",0.50,0.33,0.15,0.29,0.37,0.44,0.44,"",10,22.2,4,1.8,338617,1.6,191884,10.8,15392,25.2,-8,-0.4,-413,-0.4
"06085","5","423990","78","0","2024","A","",55,222,21578627,1975054,76470,1866,97055,"",0.50,0.33,0.15,0.29,0.37,0.44,0.44,"",10,22.2,4,1.8,338617,1.6,191884,10.8,15392,25.2,-8,-0.4,-413,-0.4
"06085","5","424","75","0","2024","A","",446,5526,574436570,50453877,1385313,1999,103948,"",0.35,0.35,0.15,0.30,0.29,0.43,0.43,"",-6,-1.3,-373,-6.3,-8709693,-1.5,-2704796,-5.1,-36875,-2.6,98,5.2,5090,5.1
"06085","5","4241","76","0","2024","A","N",21,0,0,0,0,0,0,"N",0.32,0,0,0,0,0,0,"N",3,16.7,0,0,0,0,0,0,0,0,0,0,0,0
"06085","5","42411","77","0","2024","A","N",2,0,0,0,0,0,0,"N",0.22,0,0,0,0,0,0,"N",0,0.0,0,0,0,0,0,0,0,0,0,0,0,0
"06085","5","424110","78","0","2024","A","N",2,0,0,0,0,0,0,"N",0.22,0,0,0,0,0,0,"N",0,0.0,0,0,0,0,0,0,0,0,0,0,0,0
"06085","5","42412","77","0","2024","A","N",4,0,0,0,0,0,0,"N",0.18,0,0,0,0,0,0,"N",1,33.3,0,0,0,0,0,0,0,0,0,0,0,0
"06085","5","424120","78","0","2024","A","N",4,0,0,0,0,0,0,"N",0.18,0,0,0,0,0,0,"N",1,33.3,0,0,0,0,0,0,0,0,0,0,0,0
"06085","5","42413","77","0","2024","A","",15,107,11650061,934885,30568,2102,109305,"",0.43,0.23,0.10,0.19,0.21,0.43,0.43,"",2,15.4,-8,-7.0,-1077069,-8.5,-14999,-1.6,-3643,-10.6,-34,-1.6,-1768,-1.6
"06085","5","424130","78","0","2024","A","",15,107,11650061,934885,30568,2102,109305,"",0.43,0.23,0.10,0.19,0.21,0.43,0.43,"",2,15.4,-8,-7.0,-1077069,-8.5,-14999,-1.6,-3643,-10.6,-34,-1.6,-1768,-1.6
"06085","5","4242","76","0","2024","A","",54,759,201536396,6905704,267271,5105,265471,"",0.34,0.41,0.25,0.34,0.42,0.61,0.61,"",-1,-1.8,-35,-4.4,708663,0.4,-531051,-7.1,33324,14.2,242,5.0,12592,5.0
"06085","5","42421","77","0","2024","A","",54,759,201536396,6905704,267271,5105,265471,"",0.34,0.41,0.25,0.34,0.42,0.61,0.61,"",-1,-1.8,-35,-4.4,708663,0.4,-531051,-7.1,33324,14.2,242,5.0,12592,5.0
"06085","5","424210","78","0","2024","A","",54,759,201536396,6905704,267271,5105,265471,"",0.34,0.41,0.25,0.34,0.42,0.61,0.61,"",-1,-1.8,-35,-4.4,708663,0.4,-531051,-7.1,33324,14.2,242,5.0,12592,5.0
"06085","5","4243","76","0","2024","A","",32,140,6965150,1131176,26863,960,49929,"",0.28,0.14,0.03,0.11,0.07,0.22,0.22,"",-7,-17.9,-20,-12.5,-173978,-2.4,-320614,-22.1,-7465,-21.7,101,11.8,5286,11.8
"06085","5","42431","77","0","2024","A","N",3,0,0,0,0,0,0,"N",0.11,0,0,0,0,0,0,"N",-2,-40.0,0,0,0,0,0,0,0,0,0,0,0,0
"06085","5","424310","78","0","2024","A","N",3,0,0,0,0,0,0,"N",0.11,0,0,0,0,0,0,"N",-2,-40.0,0,0,0,0,0,0,0,0,0,0,0,0
"06085","5","42434","77","0","2024","A","N",3,0,0,0,0,0,0,"N",0.23,0,0,0,0,0,0,"N",-2,-40.0,0,0,0,0,0,0,0,0,0,0,0,0
"06085","5","424340","78","0","2024","A","N",3,0,0,0,0,0,0,"N",0.23,0,0,0,0,0,0,"N",-2,-40.0,0,0,0,0,0,0,0,0,0,0,0,0
"06085","5","42435","77","0","2024","A","",26,103,5479040,937588,20589,1019,52980,"",0.34,0.15,0.03,0.14,0.08,0.23,0.23,"",-3,-10.3,-8,-7.2,309996,6.0,-231103,-19.8,-4613,-18.3,121,13.5,6272,13.4
"06085","5","424350","78","0","2024","A","",26,103,5479040,937588,20589,1019,52980,"",0.34,0.15,0.03,0.14,0.08,0.23,0.23,"",-3,-10.3,-8,-7.2,309996,6.0,-231103,-19.8,-4613,-18.3,121,13.5,6272,13.4
"06085","5","4244","76","0","2024","A","",170,2771,190773384,24761020,629695,1324,68853,"",0.49,0.47,0.16,0.38,0.35,0.34,0.34,"",0,0.0,69,2.6,10563805,5.9,288196,1.2,2828,0.5,42,3.3,2168,3.3
"06085","5","42441","77","0","2024","A","",39,893,62273648,8563188,229722,1341,69742,"",0.63,0.48,0.16,0.41,0.42,0.34,0.34,"",0,0.0,-13,-1.4,1990387,3.3,98893,1.2,1319,0.6,61,4.8,3198,4.8
"06085","5","424410","78","0","2024","A","",39,893,62273648,8563188,229722,1341,69742,"",0.63,0.48,0.16,0.41,0.42,0.34,0.34,"",0,0.0,-13,-1.4,1990387,3.3,98893,1.2,1319,0.6,61,4.8,3198,4.8
"06085","5","42442","77","0","2024","A","N",6,0,0,0,0,0,0,"N",0.31,0,0,0,0,0,0,"N",-1,-14.3,0,0,0,0,0,0,0,0,0,0,0,0
"06085","5","424420","78","0","2024","A","N",6,0,0,0,0,0,0,"N",0.31,0,0,0,0,0,0,"N",-1,-14.3,0,0,0,0,0,0,0,0,0,0,0,0
"06085","5","42443","77","0","2024","A","",4,22,2842392,181675,6394,2485,129200,"",0.22,0.09,0.06,0.07,0.08,0.62,0.62,"",-1,-20.0,2,10.0,1019193,55.9,1146,0.6,-183,-2.8,732,41.8,38040,41.7
"06085","5","424430","78","0","2024","A","",4,22,2842392,181675,6394,2485,129200,"",0.22,0.09,0.06,0.07,0.08,0.62,0.62,"",-1,-20.0,2,10.0,1019193,55.9,1146,0.6,-183,-2.8,732,41.8,38040,41.7
"06085","5","42444","77","0","2024","A","N",1,0,0,0,0,0,0,"N",0.19,0,0,0,0,0,0,"N",0,0.0,0,0,0,0,0,0,0,0,0,0,0,0
"06085","5","424440","78","0","2024","A","N",1,0,0,0,0,0,0,"N",0.19,0,0,0,0,0,0,"N",0,0.0,0,0,0,0,0,0,0,0,0,0,0,0
"06085","5","42445","77","0","2024","A","N",7,0,0,0,0,0,0,"N",0.26,0,0,0,0,0,0,"N",2,40.0,0,0,0,0,0,0,0,0,0,0,0,0
"06085","5","424450","78","0","2024","A","N",7,0,0,0,0,0,0,"N",0.26,0,0,0,0,0,0,"N",2,40.0,0,0,0,0,0,0,0,0,0,0,0,0
"06085","5","42446","77","0","2024","A","",13,368,21446551,3028271,63572,1120,58226,"",0.68,1.84,0.60,1.42,0.97,0.33,0.33,"",0,0.0,0,0.0,537973,2.6,-346667,-10.3,-5186,-7.5,26,2.4,1345,2.4
"06085","5","424460","78","0","2024","A","",13,368,21446551,3028271,63572,1120,58226,"",0.68,1.84,0.60,1.42,0.97,0.33,0.33,"",0,0.0,0,0.0,537973,2.6,-346667,-10.3,-5186,-7.5,26,2.4,1345,2.4
"06085","5","42447","77","0","2024","A","",9,154,12242757,1248993,24196,1526,79370,"",0.42,0.44,0.18,0.34,0.24,0.39,0.39,"",-1,-10.0,12,8.5,233472,1.9,55157,4.6,338,1.4,-104,-6.4,-5401,-6.4
"06085","5","424470","78","0","2024","A","",9,154,12242757,1248993,24196,1526,79370,"",0.42,0.44,0.18,0.34,0.24,0.39,0.39,"",-1,-10.0,12,8.5,233472,1.9,55157,4.6,338,1.4,-104,-6.4,-5401,-6.4
"06085","5","42448","77","0","2024","A","",33,274,16806316,2418275,58836,1178,61244,"",0.89,0.39,0.13,0.33,0.27,0.34,0.34,"",2,6.5,9,3.4,1365275,8.8,226357,10.3,5243,9.8,56,5.0,2921,5.0
"06085","5","424480","78","0","2024","A","",33,274,16806316,2418275,58836,1178,61244,"",0.89,0.39,0.13,0.33,0.27,0.34,0.34,"",2,6.5,9,3.4,1365275,8.8,226357,10.3,5243,9.8,56,5.0,2921,5.0
"06085","5","42449","77","0","2024","A","",58,851,58549477,7453854,199368,1323,68808,"",0.43,0.48,0.16,0.38,0.37,0.33,0.33,"",-2,-3.3,51,6.4,3612708,6.6,291262,4.1,868,0.4,2,0.2,108,0.2
"06085","5","424490","78","0","2024","A","",58,851,58549477,7453854,199368,1323,68808,"",0.43,0.48,0.16,0.38,0.37,0.33,0.33,"",-2,-3.3,51,6.4,3612708,6.6,291262,4.1,868,0.4,2,0.2,108,0.2
"06085","5","4245","76","0","2024","A","N",5,0,0,0,0,0,0,"N",0.10,0,0,0,0,0,0,"N",1,25.0,0,0,0,0,0,0,0,0,0,0,0,0
"06085","5","42451","77","0","2024","A","N",1,0,0,0,0,0,0,"N",0.04,0,0,0,0,0,0,"N",0,0.0,0,0,0,0,0,0,0,0,0,0,0,0
"06085","5","424510","78","0","2024","A","N",1,0,0,0,0,0,0,"N",0.04,0,0,0,0,0,0,"N",0,0.0,0,0,0,0,0,0,0,0,0,0,0,0
"06085","5","42459","77","0","2024","A","N",4,0,0,0,0,0,0,"N",0.29,0,0,0,0,0,0,"N",1,33.3,0,0,0,0,0,0,0,0,0,0,0,0
"06085","5","424590","78","0","2024","A","N",4,0,0,0,0,0,0,"N",0.29,0,0,0,0,0,0,"N",1,33.3,0,0,0,0,0,0,0,0,0,0,0,0
"06085","5","4246","76","0","2024","A","",37,254,32340089,2008020,50906,2452,127490,"",0.29,0.23,0.10,0.18,0.17,0.44,0.44,"",0,0.0,-16,-5.9,-1384729,-4.1,-64359,-3.1,-3996,-7.3,48,2.0,2468,2.0
"06085","5","42461","77","0","2024","A","",12,70,9117424,596335,16602,2502,130094,"",0.39,0.32,0.15,0.27,0.25,0.47,0.47,"",-1,-7.7,-16,-18.6,-802196,-8.1,-38220,-6.0,-4762,-22.3,277,12.4,14413,12.5
"06085","5","424610","78","0","2024","A","",12,70,9117424,596335,16602,2502,130094,"",0.39,0.32,0.15,0.27,0.25,0.47,0.47,"",-1,-7.7,-16,-18.6,-802196,-8.1,-38220,-6.0,-4762,-22.3,277,12.4,14413,12.5
"06085","5","42469","77","0","2024","A","",25,184,23222665,1411685,34304,2433,126497,"",0.25,0.21,0.09,0.15,0.14,0.44,0.44,"",0,0.0,0,0.0,-582533,-2.4,-26139,-1.8,766,2.3,-55,-2.2,-2879,-2.2
"06085","5","424690","78","0","2024","A","",25,184,23222665,1411685,34304,2433,126497,"",0.25,0.21,0.09,0.15,0.14,0.44,0.44,"",0,0.0,0,0.0,-582533,-2.4,-26139,-1.8,766,2.3,-55,-2.2,-2879,-2.2
"06085","5","4247","76","0","2024","A","",14,213,23696109,1765226,41491,2136,111076,"",0.24,0.29,0.11,0.22,0.21,0.37,0.37,"",-1,-6.7,-110,-34.1,-9091687,-27.7,-1107832,-38.6,-27467,-39.8,181,9.3,9435,9.3
"06085","5","42471","77","0","2024","A","",5,158,17374993,1312509,30236,2121,110317,"",0.27,0.65,0.27,0.47,0.49,0.42,0.42,"",0,0.0,-1,-0.6,152004,0.9,-38840,-2.9,-1267,-4.0,34,1.6,1769,1.6
"06085","5","424710","78","0","2024","A","",5,158,17374993,1312509,30236,2121,110317,"",0.27,0.65,0.27,0.47,0.49,0.42,0.42,"",0,0.0,-1,-0.6,152004,0.9,-38840,-2.9,-1267,-4.0,34,1.6,1769,1.6
"06085","5","42472","77","0","2024","A","",9,56,6321116,452717,11255,2177,113214,"",0.22,0.12,0.04,0.09,0.08,0.36,0.36,"",-1,-10.0,-108,-65.9,-9243691,-59.4,-1068992,-70.2,-26200,-70.0,351,19.2,18258,19.2
"06085","5","424720","78","0","2024","A","",9,56,6321116,452717,11255,2177,113214,"",0.22,0.12,0.04,0.09,0.08,0.36,0.36,"",-1,-10.0,-108,-65.9,-9243691,-59.4,-1068992,-70.2,-26200,-70.0,351,19.2,18258,19.2
"06085","5","4248","76","0","2024","A","",17,308,31295628,3086680,91698,1951,101444,"",0.26,0.20,0.09,0.19,0.25,0.46,0.46,"",4,30.8,-50,-14.0,-1302720,-4.0,-146949,-4.5,4444,5.1,198,11.3,10302,11.3
"06085","5","42481","77","0","2024","A","N",2,0,0,0,0,0,0,"N",0.10,0,0,0,0,0,0,"N",0,0.0,0,0,0,0,0,0,0,0,0,0,0,0
"06085","5","424810","78","0","2024","A","N",2,0,0,0,0,0,0,"N",0.10,0,0,0,0,0,0,"N",0,0.0,0,0,0,0,0,0,0,0,0,0,0,0
"06085","5","42482","77","0","2024","A","N",15,0,0,0,0,0,0,"N",0.33,0,0,0,0,0,0,"N",4,36.4,0,0,0,0,0,0,0,0,0,0,0,0
"06085","5","424820","78","0","2024","A","N",15,0,0,0,0,0,0,"N",0.33,0,0,0,0,0,0,"N",4,36.4,0,0,0,0,0,0,0,0,0,0,0,0
"06085","5","4249","76","0","2024","A","",98,934,67561364,9530515,237190,1390,72297,"",0.36,0.40,0.15,0.38,0.34,0.37,0.37,"",-2,-2.0,-209,-18.3,-5993970,-8.1,-846084,-8.2,-35272,-12.9,152,12.3,7925,12.3
"06085","5","42491","77","0","2024","A","",6,167,22097923,1917514,63275,2545,132323,"",0.07,0.19,0.12,0.18,0.26,0.62,0.62,"",-2,-25.0,-16,-8.7,2748139,14.2,321788,20.2,15771,33.2,514,25.3,26731,25.3
"06085","5","424910","78","0","2024","A","",6,167,22097923,1917514,63275,2545,132323,"",0.07,0.19,0.12,0.18,0.26,0.62,0.62,"",-2,-25.0,-16,-8.7,2748139,14.2,321788,20.2,15771,33.2,514,25.3,26731,25.3
"06085","5","42492","77","0","2024","A","N",4,0,0,0,0,0,0,"N",0.30,0,0,0,0,0,0,"N",1,33.3,0,0,0,0,0,0,0,0,0,0,0,0
"06085","5","424920","78","0","2024","A","N",4,0,0,0,0,0,0,"N",0.30,0,0,0,0,0,0,"N",1,33.3,0,0,0,0,0,0,0,0,0,0,0,0
"06085","5","42493","77","0","2024","A","",15,551,28791131,5553757,119070,1004,52213,"",0.57,1.57,0.61,1.75,1.12,0.39,0.39,"",1,7.1,18,3.4,1838729,6.8,243140,4.6,6688,6.0,32,3.3,1646,3.3
"06085","5","424930","78","0","2024","A","",15,551,28791131,5553757,119070,1004,52213,"",0.57,1.57,0.61,1.75,1.12,0.39,0.39,"",1,7.1,18,3.4,1838729,6.8,243140,4.6,6688,6.0,32,3.3,1646,3.3
"06085","5","42494","77","0","2024","A","N",5,0,0,0,0,0,0,"N",0.30,0,0,0,0,0,0,"N",-1,-16.7,0,0,0,0,0,0,0,0,0,0,0,0
"06085","5","424940","78","0","2024","A","N",5,0,0,0,0,0,0,"N",0.30,0,0,0,0,0,0,"N",-1,-16.7,0,0,0,0,0,0,0,0,0,0,0,0
"06085","5","42495","77","0","2024","A","",10,42,2915584,454806,12144,1340,69695,"",0.51,0.25,0.08,0.26,0.28,0.32,0.32,"",-1,-9.1,1,2.4,-149987,-4.9,60705,15.4,2135,21.3,-101,-7.0,-5227,-7.0
"06085","5","424950","78","0","2024","A","",10,42,2915584,454806,12144,1340,69695,"",0.51,0.25,0.08,0.26,0.28,0.32,0.32,"",-1,-9.1,1,2.4,-149987,-4.9,60705,15.4,2135,21.3,-101,-7.0,-5227,-7.0
"06085","5","42499","77","0","2024","A","",58,124,9111878,1199672,30964,1418,73731,"",0.56,0.21,0.08,0.21,0.16,0.37,0.37,"",0,0.0,-217,-63.6,-11261905,-55.3,-1548163,-56.3,-62145,-66.7,269,23.4,13984,23.4
"06085","5","424990","78","0","2024","A","",58,124,9111878,1199672,30964,1418,73731,"",0.56,0.21,0.08,0.21,0.16,0.37,0.37,"",0,0.0,-217,-63.6,-11261905,-55.3,-1548163,-56.3,-62145,-66.7,269,23.4,13984,23.4
"06085","5","425","75","0","2024","A","",284,1326,188640209,12304848,328720,2736,142280,"",0.35,0.37,0.16,0.33,0.31,0.42,0.42,"",-7,-2.4,26,2.0,-2507727,-1.3,910800,8.0,18064,5.8,-93,-3.3,-4813,-3.3
"06085","5","4251","76","0","2024","A","",284,1326,188640209,12304848,328720,2736,142280,"",0.35,0.37,0.16,0.33,0.31,0.42,0.42,"",-7,-2.4,26,2.0,-2507727,-1.3,910800,8.0,18064,5.8,-93,-3.3,-4813,-3.3
"06085","5","42512","77","0","2024","A","",284,1326,188640209,12304848,328720,2736,142280,"",0.35,0.37,0.16,0.33,0.31,0.42,0.42,"",-7,-2.4,26,2.0,-2507727,-1.3,910800,8.0,18064,5.8,-93,-3.3,-4813,-3.3
"06085","5","425120","78","0","2024","A","",284,1326,188640209,12304848,328720,2736,142280,"",0.35,0.37,0.16,0.33,0.31,0.42,0.42,"",-7,-2.4,26,2.0,-2507727,-1.3,910800,8.0,18064,5.8,-93,-3.3,-4813,-3.3
"06085","5","44-45","74","0","2024","A","",4060,70920,4280029851,605875496,14107970,1161,60350,"",0.55,0.64,0.35,0.65,0.65,0.55,0.55,"",-126,-3.0,-1465,-2.0,16248068,0.4,-14848246,-2.4,199588,1.4,28,2.5,1446,2.5
"06085","5","441","75","0","2024","A","",361,7380,657570604,70112240,2142202,1714,89106,"",0.42,0.50,0.25,0.47,0.58,0.50,0.50,"",-4,-1.1,-61,-0.8,1895436,0.3,-443941,-0.6,142674,7.1,20,1.2,994,1.1
"06085","5","4411","76","0","2024","A","",134,5351,544379740,51290801,1667644,1956,101734,"",0.41,0.58,0.28,0.53,0.66,0.49,0.49,"",-2,-1.5,-66,-1.2,6099486,1.1,797069,1.6,145884,9.6,45,2.4,2362,2.4
"06085","5","44111","77","0","2024","A","",86,5129,531149524,49340925,1616196,1992,103565,"",0.59,0.64,0.31,0.58,0.75,0.49,0.48,"",-2,-2.3,-64,-1.2,5264064,1.0,745776,1.5,143732,9.8,45,2.3,2298,2.3
"06085","5","441110","78","0","2024","A","",86,5129,531149524,49340925,1616196,1992,103565,"",0.59,0.64,0.31,0.58,0.75,0.49,0.48,"",-2,-2.3,-64,-1.2,5264064,1.0,745776,1.5,143732,9.8,45,2.3,2298,2.3
"06085","5","44112","77","0","2024","A","",48,222,13230216,1949876,51448,1144,59506,"",0.27,0.19,0.07,0.16,0.15,0.36,0.36,"",1,2.1,-2,-0.9,835422,6.7,51293,2.7,2152,4.4,79,7.4,4110,7.4
"06085","5","441120","78","0","2024","A","",48,222,13230216,1949876,51448,1144,59506,"",0.27,0.19,0.07,0.16,0.15,0.36,0.36,"",1,2.1,-2,-0.9,835422,6.7,51293,2.7,2152,4.4,79,7.4,4110,7.4
"06085","5","4412","76","0","2024","A","",37,340,22376134,3135201,122981,1265,65780,"",0.35,0.28,0.11,0.24,0.31,0.40,0.40,"",1,2.8,-34,-9.1,-2740769,-10.9,-630949,-16.8,-6320,-4.9,-28,-2.2,-1437,-2.1
"06085","5","44121","77","0","2024","A","",12,144,10277654,1275298,46662,1373,71414,"",0.56,0.38,0.15,0.29,0.33,0.40,0.40,"",0,0.0,-37,-20.4,-2725991,-21.0,-616092,-32.6,-18735,-28.6,-7,-0.5,-330,-0.5
"06085","5","441210","78","0","2024","A","",12,144,10277654,1275298,46662,1373,71414,"",0.56,0.38,0.15,0.29,0.33,0.40,0.40,"",0,0.0,-37,-20.4,-2725991,-21.0,-616092,-32.6,-18735,-28.6,-7,-0.5,-330,-0.5
"06085","5","44122","77","0","2024","A","",24,196,12098480,1859903,76319,1186,61648,"",0.28,0.23,0.09,0.21,0.30,0.39,0.39,"",0,0.0,4,2.1,-14778,-0.1,-14857,-0.8,12415,19.4,-25,-2.1,-1305,-2.1
"06085","5","441222","78","0","2024","A","N",3,0,0,0,0,0,0,"N",0.10,0,0,0,0,0,0,"N",-1,-25.0,0,0,0,0,0,0,0,0,0,0,0,0
"06085","5","441227","78","0","2024","A","N",21,0,0,0,0,0,0,"N",0.39,0,0,0,0,0,0,"N",1,5.0,0,0,0,0,0,0,0,0,0,0,0,0
"06085","5","4413","76","0","2024","A","",191,1688,90814730,15686238,351577,1034,53784,"",0.45,0.40,0.18,0.40,0.44,0.46,0.46,"",-3,-1.5,37,2.2,-1463281,-1.6,-610061,-3.7,3110,0.9,-41,-3.8,-2111,-3.8
"06085","5","44133","77","0","2024","A","",116,1025,53292386,9402228,211302,1000,51984,"",0.41,0.36,0.18,0.38,0.43,0.49,0.49,"",1,0.9,-35,-3.3,-5945487,-10.0,-737106,-7.3,-2260,-1.1,-74,-6.9,-3888,-7.0
"06085","5","441330","78","0","2024","A","",116,1025,53292386,9402228,211302,1000,51984,"",0.41,0.36,0.18,0.38,0.43,0.49,0.49,"",1,0.9,-35,-3.3,-5945487,-10.0,-737106,-7.3,-2260,-1.1,-74,-6.9,-3888,-7.0
"06085","5","44134","77","0","2024","A","",76,663,37522344,6284010,140275,1088,56566,"",0.53,0.48,0.19,0.43,0.44,0.40,0.40,"",-3,-3.8,72,12.2,4482206,13.6,127045,2.1,5370,4.0,12,1.1,629,1.1
"06085","5","441340","78","0","2024","A","",76,663,37522344,6284010,140275,1088,56566,"",0.53,0.48,0.19,0.43,0.44,0.40,0.40,"",-3,-3.8,72,12.2,4482206,13.6,127045,2.1,5370,4.0,12,1.1,629,1.1
"06085","5","444","75","0","2024","A","",246,5352,281238330,44598747,1082235,1011,52547,"",0.49,0.54,0.24,0.50,0.53,0.45,0.45,"",-20,-7.5,-227,-4.1,-5186649,-1.8,-1840500,-4.0,37493,3.6,24,2.4,1203,2.3
"06085","5","4441","76","0","2024","A","N",209,0,0,0,0,0,0,"N",0.55,0,0,0,0,0,0,"N",-16,-7.1,0,0,0,0,0,0,0,0,0,0,0,0
"06085","5","44411","77","0","2024","A","",26,2923,123886237,23621932,534419,815,42386,"",0.40,0.55,0.24,0.52,0.59,0.44,0.44,"",-2,-7.1,-82,-2.7,3544546,2.9,-818260,-3.3,10791,2.1,45,5.8,2340,5.8
"06085","5","444110","78","0","2024","A","",26,2923,123886237,23621932,534419,815,42386,"",0.40,0.55,0.24,0.52,0.59,0.44,0.44,"",-2,-7.1,-82,-2.7,3544546,2.9,-818260,-3.3,10791,2.1,45,5.8,2340,5.8
"06085","5","44412","77","0","2024","A","N",29,0,0,0,0,0,0,"N",0.62,0,0,0,0,0,0,"N",-11,-27.5,0,0,0,0,0,0,0,0,0,0,0,0
"06085","5","444120","78","0","2024","A","N",29,0,0,0,0,0,0,"N",0.62,0,0,0,0,0,0,"N",-11,-27.5,0,0,0,0,0,0,0,0,0,0,0,0
"06085","5","44414","77","0","2024","A","",33,662,30661996,5634170,129315,890,46288,"",0.31,0.53,0.24,0.51,0.59,0.45,0.45,"",-2,-5.7,8,1.2,691641,2.3,-156748,-2.7,97,0.1,8,0.9,444,1.0
"06085","5","444140","78","0","2024","A","",33,662,30661996,5634170,129315,890,46288,"",0.31,0.53,0.24,0.51,0.59,0.45,0.45,"",-2,-5.7,8,1.2,691641,2.3,-156748,-2.7,97,0.1,8,0.9,444,1.0
"06085","5","44418","77","0","2024","A","",121,1173,97383203,10194038,290784,1596,83009,"",0.75,0.65,0.29,0.55,0.61,0.45,0.44,"",-2,-1.6,-73,-5.9,-7726829,-7.4,-594213,-5.5,22842,8.5,-26,-1.6,-1332,-1.6
"06085","5","444180","78","0","2024","A","",121,1173,97383203,10194038,290784,1596,83009,"",0.75,0.65,0.29,0.55,0.61,0.45,0.44,"",-2,-1.6,-73,-5.9,-7726829,-7.4,-594213,-5.5,22842,8.5,-26,-1.6,-1332,-1.6
"06085","5","4442","76","0","2024","A","N",36,0,0,0,0,0,0,"N",0.29,0,0,0,0,0,0,"N",-5,-12.2,0,0,0,0,0,0,0,0,0,0,0,0
"06085","5","44423","77","0","2024","A","N",2,0,0,0,0,0,0,"N",0.08,0,0,0,0,0,0,"N",-1,-33.3,0,0,0,0,0,0,0,0,0,0,0,0
"06085","5","444230","78","0","2024","A","N",2,0,0,0,0,0,0,"N",0.08,0,0,0,0,0,0,"N",-1,-33.3,0,0,0,0,0,0,0,0,0,0,0,0
"06085","5","44424","77","0","2024","A","N",34,0,0,0,0,0,0,"N",0.35,0,0,0,0,0,0,"N",-4,-10.5,0,0,0,0,0,0,0,0,0,0,0,0
"06085","5","444240","78","0","2024","A","N",34,0,0,0,0,0,0,"N",0.35,0,0,0,0,0,0,"N",-4,-10.5,0,0,0,0,0,0,0,0,0,0,0,0
"06085","5","445","75","0","2024","A","",740,16760,724847916,140978694,2722234,832,43248,"",0.67,0.72,0.36,0.76,0.73,0.50,0.50,"",-9,-1.2,-265,-1.6,19771846,2.8,-2597463,-1.8,-19078,-0.7,36,4.5,1835,4.4
"06085","5","4451","76","0","2024","A","",458,14946,656735774,124764732,2308618,845,43940,"",0.68,0.74,0.37,0.77,0.76,0.51,0.51,"",-6,-1.3,-200,-1.3,20275560,3.2,-1467393,-1.2,-10995,-0.5,37,4.6,1918,4.6
"06085","5","44511","77","0","2024","A","",319,14221,627776604,117558769,2143383,849,44145,"",0.79,0.76,0.38,0.79,0.80,0.51,0.51,"",-5,-1.5,-217,-1.5,19640522,3.2,-1635209,-1.4,-11748,-0.5,39,4.8,2025,4.8
"06085","5","445110","78","0","2024","A","",319,14221,627776604,117558769,2143383,849,44145,"",0.79,0.76,0.38,0.79,0.80,0.51,0.51,"",-5,-1.5,-217,-1.5,19640522,3.2,-1635209,-1.4,-11748,-0.5,39,4.8,2025,4.8
"06085","5","44513","77","0","2024","A","",139,725,28959170,7205963,165235,768,39930,"",0.52,0.50,0.23,0.58,0.46,0.46,0.46,"",-1,-0.7,17,2.4,635038,2.2,167816,2.4,753,0.5,-2,-0.3,-90,-0.2
"06085","5","445131","78","0","2024","A","",129,666,25616075,6717637,149658,739,38443,"",0.53,0.56,0.28,0.68,0.54,0.50,0.50,"",-1,-0.8,17,2.6,392685,1.6,197905,3.0,4695,3.2,-9,-1.2,-437,-1.1
"06085","5","445132","78","0","2024","A","",10,59,3343095,488326,15577,1091,56743,"",0.42,0.22,0.10,0.20,0.18,0.45,0.45,"",1,11.1,0,0.0,242353,7.8,-30089,-5.8,-3942,-20.2,80,7.9,4188,8.0
"06085","5","4452","76","0","2024","A","",126,1186,45043727,10406721,256300,730,37964,"",0.63,0.69,0.28,0.72,0.60,0.41,0.41,"",-1,-0.8,-6,-0.5,2507825,5.9,242883,2.4,19357,8.2,44,6.4,2272,6.4
"06085","5","44523","77","0","2024","A","N",15,0,0,0,0,0,0,"N",0.64,0,0,0,0,0,0,"N",-1,-6.2,0,0,0,0,0,0,0,0,0,0,0,0
"06085","5","445230","78","0","2024","A","N",15,0,0,0,0,0,0,"N",0.64,0,0,0,0,0,0,"N",-1,-6.2,0,0,0,0,0,0,0,0,0,0,0,0
"06085","5","44524","77","0","2024","A","",20,204,8144114,1905150,38892,768,39955,"",0.42,0.44,0.18,0.49,0.40,0.41,0.41,"",-2,-9.1,2,1.0,595661,7.9,5716,0.3,-2964,-7.1,51,7.1,2648,7.1
"06085","5","445240","78","0","2024","A","",20,204,8144114,1905150,38892,768,39955,"",0.42,0.44,0.18,0.49,0.40,0.41,0.41,"",-2,-9.1,2,1.0,595661,7.9,5716,0.3,-2964,-7.1,51,7.1,2648,7.1
"06085","5","44525","77","0","2024","A","N",4,0,0,0,0,0,0,"N",0.26,0,0,0,0,0,0,"N",1,33.3,0,0,0,0,0,0,0,0,0,0,0,0
"06085","5","445250","78","0","2024","A","N",4,0,0,0,0,0,0,"N",0.26,0,0,0,0,0,0,"N",1,33.3,0,0,0,0,0,0,0,0,0,0,0,0
"06085","5","44529","77","0","2024","A","",87,837,31890534,7244271,186610,732,38086,"",0.77,0.94,0.40,0.96,0.81,0.43,0.43,"",1,1.2,-9,-1.1,1637687,5.4,199813,2.8,17200,10.2,44,6.4,2309,6.5
"06085","5","445291","78","0","2024","A","",9,84,2750120,634054,12847,629,32707,"",0.50,0.55,0.21,0.51,0.36,0.38,0.38,"",1,12.5,17,25.4,607916,28.4,35501,5.9,1862,17.0,14,2.3,734,2.3
"06085","5","445292","78","0","2024","A","",25,178,5120687,1174953,53539,554,28822,"",1.15,1.17,0.45,1.03,1.25,0.39,0.39,"",0,0.0,-3,-1.7,26564,0.5,226852,23.9,9242,20.9,14,2.6,716,2.5
"06085","5","445298","78","0","2024","A","",52,576,24019727,5435264,120224,803,41731,"",0.71,0.98,0.43,1.05,0.79,0.44,0.44,"",-1,-1.9,-21,-3.5,1003207,4.4,-62540,-1.1,6096,5.3,62,8.4,3199,8.3
"06085","5","4453","76","0","2024","A","",156,628,23068415,5807241,157316,707,36762,"",0.66,0.51,0.23,0.58,0.60,0.45,0.45,"",-2,-1.3,-60,-8.7,-3011539,-11.5,-1372953,-19.1,-27440,-14.9,-22,-3.0,-1163,-3.1
"06085","5","44532","77","0","2024","A","",156,628,23068415,5807241,157316,707,36762,"",0.66,0.51,0.23,0.58,0.60,0.45,0.45,"",-2,-1.3,-60,-8.7,-3011539,-11.5,-1372953,-19.1,-27440,-14.9,-22,-3.0,-1163,-3.1
"06085","5","445320","78","0","2024","A","",156,628,23068415,5807241,157316,707,36762,"",0.66,0.51,0.23,0.58,0.60,0.45,0.45,"",-2,-1.3,-60,-8.7,-3011539,-11.5,-1372953,-19.1,-27440,-14.9,-22,-3.0,-1163,-3.1
"06085","5","449","75","0","2024","A","",444,4390,315078113,33793993,1053177,1380,71769,"",0.73,0.76,0.35,0.64,0.72,0.46,0.46,"",-35,-7.3,-203,-4.4,-38062313,-10.8,-3183235,-8.6,-39573,-3.6,-99,-6.7,-5115,-6.7
"06085","5","4491","76","0","2024","A","",197,1916,105886300,16675944,502333,1063,55276,"",0.61,0.65,0.26,0.61,0.69,0.39,0.39,"",-13,-6.2,-9,-0.5,-13454656,-11.3,-508447,-3.0,18745,3.9,-129,-10.8,-6730,-10.9
"06085","5","44911","77","0","2024","A","",84,503,31015485,4325298,145266,1186,61692,"",0.53,0.35,0.14,0.30,0.39,0.41,0.41,"",-9,-9.7,-102,-16.9,-4868619,-13.6,-932661,-17.7,-21940,-13.1,46,4.0,2396,4.0
"06085","5","449110","78","0","2024","A","",84,503,31015485,4325298,145266,1186,61692,"",0.53,0.35,0.14,0.30,0.39,0.41,0.41,"",-9,-9.7,-102,-16.9,-4868619,-13.6,-932661,-17.7,-21940,-13.1,46,4.0,2396,4.0
"06085","5","44912","77","0","2024","A","",112,1413,74870815,12350646,357067,1019,52993,"",0.68,0.95,0.38,0.95,1.02,0.40,0.40,"",-5,-4.3,93,7.0,-8586037,-10.3,424214,3.6,40685,12.9,-197,-16.2,-10256,-16.2
"06085","5","449121","78","0","2024","A","",37,355,25014486,3721086,110852,1355,70480,"",0.59,0.72,0.28,0.71,0.80,0.40,0.40,"",0,0.0,22,6.6,1100774,4.6,321354,9.5,14997,15.6,-28,-2.0,-1441,-2.0
"06085","5","449122","78","0","2024","A","",14,81,6303073,801016,31298,1489,77417,"",0.70,0.85,0.40,0.84,1.06,0.47,0.47,"",-1,-6.7,0,0.0,273949,4.5,105274,15.1,9258,42.0,65,4.6,3364,4.5
"06085","5","449129","78","0","2024","A","",62,976,43553256,7828544,214917,858,44601,"",0.76,1.08,0.46,1.14,1.19,0.43,0.43,"",-4,-6.1,70,7.7,-9960760,-18.6,-2414,0.0,16430,8.3,-278,-24.5,-14492,-24.5
"06085","5","4492","76","0","2024","A","",248,2475,209191813,17118049,550844,1626,84536,"",0.85,0.88,0.43,0.66,0.75,0.49,0.48,"",-21,-7.8,-194,-7.3,-24607657,-10.5,-2674788,-13.5,-58318,-9.6,-59,-3.5,-3079,-3.5
"06085","5","44921","77","0","2024","A","",248,2475,209191813,17118049,550844,1626,84536,"",0.85,0.88,0.43,0.66,0.75,0.49,0.48,"",-21,-7.8,-194,-7.3,-24607657,-10.5,-2674788,-13.5,-58318,-9.6,-59,-3.5,-3079,-3.5
"06085","5","449210","78","0","2024","A","",248,2475,209191813,17118049,550844,1626,84536,"",0.85,0.88,0.43,0.66,0.75,0.49,0.48,"",-21,-7.8,-194,-7.3,-24607657,-10.5,-2674788,-13.5,-58318,-9.6,-59,-3.5,-3079,-3.5
"06085","5","455","75","0","2024","A","",192,15944,1411771963,139527924,2906382,1703,88544,"",0.33,0.68,0.69,0.76,0.79,1.02,1.02,"",-1,-0.5,-46,-0.3,59570407,4.4,4004596,3.0,182535,6.7,77,4.7,3977,4.7
"06085","5","4551","76","0","2024","A","",71,7591,283512875,64696031,1291418,718,37351,"",0.83,1.03,0.50,1.20,1.04,0.49,0.49,"",18,34.0,2790,58.1,104081741,58.0,24052629,59.2,529533,69.5,-1,-0.1,-19,-0.1
"06085","5","45511","77","0","2024","A","",71,7591,283512875,64696031,1291418,718,37351,"",0.83,1.03,0.50,1.20,1.04,0.49,0.49,"",18,34.0,2790,58.1,104081741,58.0,24052629,59.2,529533,69.5,-1,-0.1,-19,-0.1
"06085","5","455110","78","0","2024","A","",71,7591,283512875,64696031,1291418,718,37351,"",0.83,1.03,0.50,1.20,1.04,0.49,0.49,"",18,34.0,2790,58.1,104081741,58.0,24052629,59.2,529533,69.5,-1,-0.1,-19,-0.1
"06085","5","4552","76","0","2024","A","",122,8354,1128259088,74831893,1614964,2597,135060,"",0.25,0.52,0.77,0.58,0.67,1.49,1.48,"",-18,-12.9,-2834,-25.3,-44511334,-3.8,-20048033,-21.1,-346998,-17.7,581,28.8,30238,28.8
"06085","5","45521","77","0","2024","A","",122,8354,1128259088,74831893,1614964,2597,135060,"",0.25,0.52,0.77,0.58,0.67,1.49,1.48,"",-18,-12.9,-2834,-25.3,-44511334,-3.8,-20048033,-21.1,-346998,-17.7,581,28.8,30238,28.8
"06085","5","455211","78","0","2024","A","",19,4861,262037499,37656245,717303,1037,53903,"",0.43,0.41,0.23,0.39,0.44,0.57,0.57,"",-1,-5.0,69,1.4,11820695,4.7,-120969,-0.3,35304,5.2,33,3.3,1685,3.2
"06085","5","455219","78","0","2024","A","",103,3492,866221589,37175648,897661,4770,248023,"",0.23,0.84,2.55,1.17,1.14,3.05,3.04,"",-17,-14.2,-2905,-45.4,-56332029,-6.1,-19927064,-34.9,-382302,-29.9,1996,72.0,103795,72.0
"06085","5","456","75","0","2024","A","",461,4498,226160355,38460429,936261,967,50276,"",0.58,0.58,0.22,0.59,0.61,0.38,0.38,"",-22,-4.6,-200,-4.3,-3483069,-1.5,-2774591,-6.7,-37718,-3.9,27,2.9,1399,2.9
"06085","5","4561","76","0","2024","A","",461,4498,226160355,38460429,936261,967,50276,"",0.58,0.58,0.22,0.59,0.61,0.38,0.38,"",-22,-4.6,-200,-4.3,-3483069,-1.5,-2774591,-6.7,-37718,-3.9,27,2.9,1399,2.9
"06085","5","45611","77","0","2024","A","",228,2389,128791084,21120712,405439,1037,53919,"",0.53,0.47,0.19,0.49,0.43,0.39,0.39,"",-17,-6.9,-145,-5.7,-6653998,-4.9,-907289,-4.1,3662,0.9,9,0.9,459,0.9
"06085","5","456110","78","0","2024","A","",228,2389,128791084,21120712,405439,1037,53919,"",0.53,0.47,0.19,0.49,0.43,0.39,0.39,"",-17,-6.9,-145,-5.7,-6653998,-4.9,-907289,-4.1,3662,0.9,9,0.9,459,0.9
"06085","5","45612","77","0","2024","A","",102,1450,53335014,10954653,321183,707,36781,"",0.73,1.07,0.43,1.15,1.25,0.40,0.40,"",2,2.0,-43,-2.9,-1563665,-2.8,-2214988,-16.8,-66776,-17.2,0,0.0,10,0.0
"06085","5","456120","78","0","2024","A","",102,1450,53335014,10954653,321183,707,36781,"",0.73,1.07,0.43,1.15,1.25,0.40,0.40,"",2,2.0,-43,-2.9,-1563665,-2.8,-2214988,-16.8,-66776,-17.2,0,0.0,10,0.0
"06085","5","45613","77","0","2024","A","",58,277,12636573,2222733,54746,878,45661,"",0.79,0.53,0.19,0.48,0.47,0.35,0.35,"",-4,-6.5,-23,-7.7,-363449,-2.8,-196684,-8.1,5284,10.7,44,5.3,2267,5.2
"06085","5","456130","78","0","2024","A","",58,277,12636573,2222733,54746,878,45661,"",0.79,0.53,0.19,0.48,0.47,0.35,0.35,"",-4,-6.5,-23,-7.7,-363449,-2.8,-196684,-8.1,5284,10.7,44,5.3,2267,5.2
"06085","5","45619","77","0","2024","A","",73,383,31397684,4162331,154893,1577,81978,"",0.48,0.45,0.24,0.52,0.68,0.53,0.53,"",-4,-5.2,11,3.0,5098043,19.4,544370,15.0,20112,14.9,218,16.0,11328,16.0
"06085","5","456191","78","0","2024","A","",36,236,14929474,2878296,110690,1214,63127,"",0.50,0.69,0.34,1.01,1.40,0.49,0.49,"",-3,-7.7,-1,-0.4,3988593,36.5,587800,25.7,23248,26.6,326,36.7,16947,36.7
"06085","5","456199","78","0","2024","A","",37,146,16468210,1284035,44203,2162,112411,"",0.46,0.28,0.19,0.25,0.30,0.65,0.65,"",-1,-2.6,11,8.1,1109450,7.2,-43430,-3.3,-3136,-6.6,-20,-0.9,-1077,-0.9
"06085","5","457","75","0","2024","A","",326,2402,98536164,22686007,523414,789,41015,"",0.40,0.32,0.15,0.35,0.36,0.46,0.46,"",4,1.2,5,0.2,3571973,3.8,8639,0.0,29496,6.0,27,3.5,1392,3.5
"06085","5","4571","76","0","2024","A","",321,2364,94313112,22337189,506611,767,39893,"",0.42,0.34,0.16,0.37,0.41,0.48,0.48,"",4,1.3,5,0.2,3548743,3.9,33381,0.1,32095,6.8,27,3.6,1417,3.7
"06085","5","45711","77","0","2024","A","",286,2084,81563545,19413854,426118,753,39141,"",0.41,0.33,0.16,0.36,0.38,0.49,0.49,"",4,1.4,-30,-1.4,287112,0.4,-480278,-2.4,4603,1.1,14,1.9,697,1.8
"06085","5","457110","78","0","2024","A","",286,2084,81563545,19413854,426118,753,39141,"",0.41,0.33,0.16,0.36,0.38,0.49,0.49,"",4,1.4,-30,-1.4,287112,0.4,-480278,-2.4,4603,1.1,14,1.9,697,1.8
"06085","5","45712","77","0","2024","A","",34,280,12749567,2923335,80493,875,45480,"",0.53,0.42,0.19,0.48,0.58,0.45,0.45,"",-1,-2.9,35,14.3,3261631,34.4,513659,21.3,27492,51.9,130,17.4,6727,17.4
"06085","5","457120","78","0","2024","A","",34,280,12749567,2923335,80493,875,45480,"",0.53,0.42,0.19,0.48,0.58,0.45,0.45,"",-1,-2.9,35,14.3,3261631,34.4,513659,21.3,27492,51.9,130,17.4,6727,17.4
"06085","5","4572","76","0","2024","A","",5,38,4223052,348818,16803,2123,110407,"",0.10,0.08,0.04,0.06,0.09,0.58,0.58,"",0,0.0,0,0.0,23230,0.6,-24742,-6.6,-2599,-13.4,-21,-1.0,-1093,-1.0
"06085","5","45721","77","0","2024","A","",5,38,4223052,348818,16803,2123,110407,"",0.10,0.08,0.04,0.06,0.09,0.58,0.58,"",0,0.0,0,0.0,23230,0.6,-24742,-6.6,-2599,-13.4,-21,-1.0,-1093,-1.0
"06085","5","457210","78","0","2024","A","",5,38,4223052,348818,16803,2123,110407,"",0.10,0.08,0.04,0.06,0.09,0.58,0.58,"",0,0.0,0,0.0,23230,0.6,-24742,-6.6,-2599,-13.4,-21,-1.0,-1093,-1.0
"06085","5","458","75","0","2024","A","",628,7996,294368856,68051959,1527985,708,36815,"",0.76,0.97,0.40,1.13,0.94,0.41,0.41,"",-22,-3.4,-210,-2.6,-2612164,-0.9,-4317897,-6.0,-98084,-6.0,12,1.7,622,1.7
"06085","5","4581","76","0","2024","A","",402,5605,174765234,44475902,962947,600,31178,"",0.70,0.92,0.34,1.03,0.81,0.37,0.37,"",-19,-4.5,-259,-4.4,-7765310,-4.3,-3769516,-7.8,-70476,-6.8,1,0.2,52,0.2
"06085","5","45811","77","0","2024","A","",402,5605,174765234,44475902,962947,600,31178,"",0.70,0.92,0.34,1.03,0.81,0.37,0.37,"",-19,-4.5,-259,-4.4,-7765310,-4.3,-3769516,-7.8,-70476,-6.8,1,0.2,52,0.2
"06085","5","458110","78","0","2024","A","",402,5605,174765234,44475902,962947,600,31178,"",0.70,0.92,0.34,1.03,0.81,0.37,0.37,"",-19,-4.5,-259,-4.4,-7765310,-4.3,-3769516,-7.8,-70476,-6.8,1,0.2,52,0.2
"06085","5","4582","76","0","2024","A","",97,1474,54991375,15319215,317910,718,37318,"",0.91,1.19,0.56,1.76,1.50,0.47,0.47,"",0,0.0,20,1.4,659829,1.2,-471342,-3.0,-29747,-8.6,0,0.0,-43,-0.1
"06085","5","45821","77","0","2024","A","",97,1474,54991375,15319215,317910,718,37318,"",0.91,1.19,0.56,1.76,1.50,0.47,0.47,"",0,0.0,20,1.4,659829,1.2,-471342,-3.0,-29747,-8.6,0,0.0,-43,-0.1
"06085","5","458210","78","0","2024","A","",97,1474,54991375,15319215,317910,718,37318,"",0.91,1.19,0.56,1.76,1.50,0.47,0.47,"",0,0.0,20,1.4,659829,1.2,-471342,-3.0,-29747,-8.6,0,0.0,-43,-0.1
"06085","5","4583","76","0","2024","A","",128,917,64612247,8256842,247128,1355,70473,"",0.87,1.02,0.49,1.03,1.09,0.48,0.48,"",-5,-3.8,30,3.4,4493317,7.5,-77039,-0.9,2139,0.9,51,3.9,2689,4.0
"06085","5","45831","77","0","2024","A","",109,748,58270210,6822809,216300,1498,77884,"",0.78,0.91,0.49,0.94,1.09,0.54,0.54,"",-4,-3.5,20,2.7,4686052,8.7,-132364,-1.9,6004,2.9,82,5.8,4263,5.8
"06085","5","458310","78","0","2024","A","",109,748,58270210,6822809,216300,1498,77884,"",0.78,0.91,0.49,0.94,1.09,0.54,0.54,"",-4,-3.5,20,2.7,4686052,8.7,-132364,-1.9,6004,2.9,82,5.8,4263,5.8
"06085","5","45832","77","0","2024","A","",19,169,6342037,1434033,30828,723,37601,"",2.27,2.07,0.46,1.83,1.11,0.22,0.22,"",-1,-5.0,10,6.3,-192735,-2.9,55325,4.0,-3865,-11.1,-67,-8.5,-3477,-8.5
"06085","5","458320","78","0","2024","A","",19,169,6342037,1434033,30828,723,37601,"",2.27,2.07,0.46,1.83,1.11,0.22,0.22,"",-1,-5.0,10,6.3,-192735,-2.9,55325,4.0,-3865,-11.1,-67,-8.5,-3477,-8.5
"06085","5","459","75","0","2024","A","",662,6197,270457550,47665503,1214080,839,43644,"",0.51,0.57,0.26,0.55,0.52,0.45,0.45,"",-18,-2.6,-259,-4.0,-19217399,-6.6,-3703854,-7.2,1843,0.2,-24,-2.8,-1223,-2.7
"06085","5","4591","76","0","2024","A","",198,2484,74979555,19720524,429547,581,30190,"",0.63,0.71,0.26,0.72,0.72,0.37,0.37,"",0,0.0,42,1.7,3778464,5.3,498010,2.6,37656,9.6,20,3.6,1030,3.5
"06085","5","45911","77","0","2024","A","",94,1529,49084236,12038992,266809,617,32106,"",0.54,0.72,0.26,0.69,0.70,0.37,0.37,"",-5,-5.1,14,0.9,2478943,5.3,509637,4.4,27777,11.6,25,4.2,1340,4.4
"06085","5","459110","78","0","2024","A","",94,1529,49084236,12038992,266809,617,32106,"",0.54,0.72,0.26,0.69,0.70,0.37,0.37,"",-5,-5.1,14,0.9,2478943,5.3,509637,4.4,27777,11.6,25,4.2,1340,4.4
"06085","5","45912","77","0","2024","A","",66,638,16237185,5295491,113203,489,25447,"",0.75,0.71,0.25,0.79,0.78,0.35,0.36,"",5,8.2,24,3.9,1184384,7.9,22231,0.4,10722,10.5,17,3.6,921,3.8
"06085","5","459120","78","0","2024","A","",66,638,16237185,5295491,113203,489,25447,"",0.75,0.71,0.25,0.79,0.78,0.35,0.36,"",5,8.2,24,3.9,1184384,7.9,22231,0.4,10722,10.5,17,3.6,921,3.8
"06085","5","45913","77","0","2024","A","",17,111,2353380,797532,16142,407,21186,"",0.60,0.50,0.18,0.54,0.57,0.35,0.35,"",0,0.0,-3,-2.6,-4625,-0.2,-44478,-5.3,-1450,-8.2,10,2.5,532,2.6
"06085","5","459130","78","0","2024","A","",17,111,2353380,797532,16142,407,21186,"",0.60,0.50,0.18,0.54,0.57,0.35,0.35,"",0,0.0,-3,-2.6,-4625,-0.2,-44478,-5.3,-1450,-8.2,10,2.5,532,2.6
"06085","5","45914","77","0","2024","A","",21,206,7304754,1588509,33393,683,35532,"",0.82,0.85,0.31,0.87,0.88,0.36,0.36,"",0,0.0,7,3.5,119762,1.7,10620,0.7,607,1.9,-11,-1.6,-573,-1.6
"06085","5","459140","78","0","2024","A","",21,206,7304754,1588509,33393,683,35532,"",0.82,0.85,0.31,0.87,0.88,0.36,0.36,"",0,0.0,7,3.5,119762,1.7,10620,0.7,607,1.9,-11,-1.6,-573,-1.6
"06085","5","4592","76","0","2024","A","",43,352,8998576,2621820,45099,492,25570,"",0.79,0.74,0.23,0.72,0.47,0.31,0.31,"",-3,-6.5,-33,-8.6,-406922,-4.3,-255981,-8.9,-4169,-8.5,22,4.7,1114,4.6
"06085","5","45921","77","0","2024","A","",43,352,8998576,2621820,45099,492,25570,"",0.79,0.74,0.23,0.72,0.47,0.31,0.31,"",-3,-6.5,-33,-8.6,-406922,-4.3,-255981,-8.9,-4169,-8.5,22,4.7,1114,4.6
"06085","5","459210","78","0","2024","A","",43,352,8998576,2621820,45099,492,25570,"",0.79,0.74,0.23,0.72,0.47,0.31,0.31,"",-3,-6.5,-33,-8.6,-406922,-4.3,-255981,-8.9,-4169,-8.5,22,4.7,1114,4.6
"06085","5","4593","76","0","2024","A","",48,261,9617873,2532138,67665,709,36874,"",0.57,0.62,0.30,0.76,0.71,0.48,0.48,"",4,9.1,31,13.5,646704,7.2,354278,16.3,17614,35.2,-40,-5.3,-2061,-5.3
"06085","5","45931","77","0","2024","A","",48,261,9617873,2532138,67665,709,36874,"",0.57,0.62,0.30,0.76,0.71,0.48,0.48,"",4,9.1,31,13.5,646704,7.2,354278,16.3,17614,35.2,-40,-5.3,-2061,-5.3
"06085","5","459310","78","0","2024","A","",48,261,9617873,2532138,67665,709,36874,"",0.57,0.62,0.30,0.76,0.71,0.48,0.48,"",4,9.1,31,13.5,646704,7.2,354278,16.3,17614,35.2,-40,-5.3,-2061,-5.3
"06085","5","4594","76","0","2024","A","",105,865,43388144,6587548,147248,965,50179,"",0.60,0.61,0.33,0.59,0.52,0.54,0.54,"",-11,-9.5,-115,-11.7,-3430362,-7.3,-1258489,-16.0,-31033,-17.4,46,5.0,2381,5.0
"06085","5","45941","77","0","2024","A","",38,444,28321156,3016711,75155,1226,63774,"",0.89,0.95,0.46,0.73,0.78,0.49,0.48,"",-4,-9.5,-45,-9.2,-494400,-1.7,-730036,-19.5,-24887,-24.9,92,8.1,4816,8.2
"06085","5","459410","78","0","2024","A","",38,444,28321156,3016711,75155,1226,63774,"",0.89,0.95,0.46,0.73,0.78,0.49,0.48,"",-4,-9.5,-45,-9.2,-494400,-1.7,-730036,-19.5,-24887,-24.9,92,8.1,4816,8.2
"06085","5","45942","77","0","2024","A","",68,421,15066988,3570837,72093,689,35824,"",0.51,0.44,0.21,0.51,0.39,0.48,0.48,"",-6,-8.1,-70,-14.3,-2935962,-16.3,-528453,-12.9,-6146,-7.9,-16,-2.3,-861,-2.3
"06085","5","459420","78","0","2024","A","",68,421,15066988,3570837,72093,689,35824,"",0.51,0.44,0.21,0.51,0.39,0.48,0.48,"",-6,-8.1,-70,-14.3,-2935962,-16.3,-528453,-12.9,-6146,-7.9,-16,-2.3,-861,-2.3
"06085","5","4595","76","0","2024","A","",55,831,53764762,3921220,148966,1244,64699,"",0.42,0.55,0.45,0.51,0.73,0.83,0.83,"",-5,-8.3,-70,-7.8,-11312945,-17.4,-387418,-9.0,28873,24.0,-144,-10.4,-7496,-10.4
"06085","5","45951","77","0","2024","A","",55,831,53764762,3921220,148966,1244,64699,"",0.42,0.55,0.45,0.51,0.73,0.83,0.83,"",-5,-8.3,-70,-7.8,-11312945,-17.4,-387418,-9.0,28873,24.0,-144,-10.4,-7496,-10.4
"06085","5","459510","78","0","2024","A","",55,831,53764762,3921220,148966,1244,64699,"",0.42,0.55,0.45,0.51,0.73,0.83,0.83,"",-5,-8.3,-70,-7.8,-11312945,-17.4,-387418,-9.0,28873,24.0,-144,-10.4,-7496,-10.4
"06085","5","4599","76","0","2024","A","",214,1405,79708640,12282253,375555,1091,56739,"",0.39,0.40,0.18,0.37,0.36,0.44,0.44,"",-3,-1.4,-114,-7.5,-8492338,-9.6,-2654254,-17.8,-47098,-11.1,-26,-2.3,-1342,-2.3
"06085","5","45991","77","0","2024","A","",42,658,24188617,5230975,103832,706,36738,"",0.54,0.67,0.24,0.62,0.59,0.36,0.36,"",-3,-6.7,-10,-1.5,127855,0.5,-64743,-1.2,8190,8.6,13,1.9,719,2.0
"06085","5","459910","78","0","2024","A","",42,658,24188617,5230975,103832,706,36738,"",0.54,0.67,0.24,0.62,0.59,0.36,0.36,"",-3,-6.7,-10,-1.5,127855,0.5,-64743,-1.2,8190,8.6,13,1.9,719,2.0
"06085","5","45992","77","0","2024","A","",12,23,935873,195025,5141,780,40543,"",0.33,0.18,0.04,0.17,0.14,0.22,0.22,"",-2,-14.3,-1,-4.2,-114980,-10.9,-13005,-6.3,-480,-8.5,-62,-7.4,-3243,-7.4
"06085","5","459920","78","0","2024","A","",12,23,935873,195025,5141,780,40543,"",0.33,0.18,0.04,0.17,0.14,0.22,0.22,"",-2,-14.3,-1,-4.2,-114980,-10.9,-13005,-6.3,-480,-8.5,-62,-7.4,-3243,-7.4
"06085","5","45993","77","0","2024","A","",6,38,2949969,317715,7607,1503,78145,"",0.42,0.39,0.13,0.32,0.32,0.34,0.34,"",1,20.0,5,15.2,465695,18.7,30125,10.5,-649,-7.9,55,3.8,2864,3.8
"06085","5","459930","78","0","2024","A","",6,38,2949969,317715,7607,1503,78145,"",0.42,0.39,0.13,0.32,0.32,0.34,0.34,"",1,20.0,5,15.2,465695,18.7,30125,10.5,-649,-7.9,55,3.8,2864,3.8
"06085","5","45999","77","0","2024","A","",152,686,51634181,6538538,258975,1448,75314,"",0.37,0.30,0.17,0.29,0.32,0.57,0.57,"",-1,-0.7,-108,-13.6,-8970908,-14.8,-2606631,-28.5,-54159,-17.3,-21,-1.4,-1055,-1.4
"06085","5","459991","78","0","2024","A","",54,163,5585135,1565078,53615,659,34282,"",0.29,0.16,0.06,0.16,0.15,0.38,0.38,"",0,0.0,-98,-37.5,-9173795,-62.2,-2257479,-59.1,-89953,-62.7,-429,-39.4,-22302,-39.4
"06085","5","459999","78","0","2024","A","",98,523,46049046,4973460,205360,1694,88104,"",0.43,0.40,0.22,0.39,0.45,0.54,0.54,"",-1,-1.0,-10,-1.9,202887,0.4,-349152,-6.6,35794,21.1,39,2.4,2048,2.4
"06085","5","48-49","74","0","2024","A","",832,14081,1034844421,137195184,4709261,1413,73494,"",0.38,0.30,0.12,0.28,0.31,0.42,0.42,"",-31,-3.6,-1792,-11.3,-1402809687,-57.5,-14726274,-9.7,205596,4.6,-1540,-52.2,-80077,-52.1
"06085","5","481","75","0","2024","A","",15,1087,74535188,4273114,73919,1319,68564,"",0.28,0.27,0.06,0.10,0.08,0.22,0.22,"",-1,-6.2,-49,-4.3,7645656,11.4,-952503,-18.2,-22463,-23.3,186,16.4,9665,16.4
"06085","5","4811","76","0","2024","A","N",8,0,0,0,0,0,0,"N",0.41,0,0,0,0,0,0,"N",-1,-11.1,0,0,0,0,0,0,0,0,0,0,0,0
"06085","5","48111","77","0","2024","A","N",8,0,0,0,0,0,0,"N",0.41,0,0,0,0,0,0,"N",-1,-11.1,0,0,0,0,0,0,0,0,0,0,0,0
"06085","5","481111","78","0","2024","A","N",8,0,0,0,0,0,0,"N",0.56,0,0,0,0,0,0,"N",-1,-11.1,0,0,0,0,0,0,0,0,0,0,0,0
"06085","5","4812","76","0","2024","A","N",7,0,0,0,0,0,0,"N",0.21,0,0,0,0,0,0,"N",0,0.0,0,0,0,0,0,0,0,0,0,0,0,0
"06085","5","48121","77","0","2024","A","N",7,0,0,0,0,0,0,"N",0.21,0,0,0,0,0,0,"N",0,0.0,0,0,0,0,0,0,0,0,0,0,0,0
"06085","5","481211","78","0","2024","A","N",4,0,0,0,0,0,0,"N",0.18,0,0,0,0,0,0,"N",0,0.0,0,0,0,0,0,0,0,0,0,0,0,0
"06085","5","481212","78","0","2024","A","N",1,0,0,0,0,0,0,"N",0.24,0,0,0,0,0,0,"N",0,0.0,0,0,0,0,0,0,0,0,0,0,0,0
"06085","5","481219","78","0","2024","A","N",2,0,0,0,0,0,0,"N",0.27,0,0,0,0,0,0,"N",0,0.0,0,0,0,0,0,0,0,0,0,0,0,0
"06085","5","483","75","0","2024","A","N",3,0,0,0,0,0,0,"N",0.17,0,0,0,0,0,0,"N",0,0.0,0,0,0,0,0,0,0,0,0,0,0,0
"06085","5","4831","76","0","2024","A","N",2,0,0,0,0,0,0,"N",0.18,0,0,0,0,0,0,"N",0,0.0,0,0,0,0,0,0,0,0,0,0,0,0
"06085","5","48311","77","0","2024","A","N",2,0,0,0,0,0,0,"N",0.18,0,0,0,0,0,0,"N",0,0.0,0,0,0,0,0,0,0,0,0,0,0,0
"06085","5","483111","78","0","2024","A","N",1,0,0,0,0,0,0,"N",0.24,0,0,0,0,0,0,"N",0,0.0,0,0,0,0,0,0,0,0,0,0,0,0
"06085","5","483113","78","0","2024","A","N",1,0,0,0,0,0,0,"N",0.26,0,0,0,0,0,0,"N",0,0.0,0,0,0,0,0,0,0,0,0,0,0,0
"06085","5","4832","76","0","2024","A","N",1,0,0,0,0,0,0,"N",0.15,0,0,0,0,0,0,"N",0,0.0,0,0,0,0,0,0,0,0,0,0,0,0
"06085","5","48321","77","0","2024","A","N",1,0,0,0,0,0,0,"N",0.15,0,0,0,0,0,0,"N",0,0.0,0,0,0,0,0,0,0,0,0,0,0,0
"06085","5","483212","78","0","2024","A","N",1,0,0,0,0,0,0,"N",0.51,0,0,0,0,0,0,"N",0,0.0,0,0,0,0,0,0,0,0,0,0,0,0
"06085","5","484","75","0","2024","A","",405,2850,192187700,28013016,1014251,1297,67422,"",0.33,0.26,0.10,0.24,0.30,0.38,0.38,"",-18,-4.3,-377,-11.7,-19621917,-9.3,-6614479,-19.1,-66379,-6.1,35,2.8,1789,2.7
"06085","5","4841","76","0","2024","A","",261,1887,119699920,18842465,674257,1220,63448,"",0.31,0.25,0.09,0.23,0.31,0.36,0.36,"",-13,-4.7,-172,-8.4,-7504505,-5.9,-3551763,-15.9,13409,2.0,32,2.7,1653,2.7
"06085","5","48411","77","0","2024","A","",156,955,55923186,9685688,354470,1126,58543,"",0.47,0.46,0.17,0.43,0.45,0.36,0.36,"",-4,-2.5,-66,-6.5,-2361123,-4.1,-719441,-6.9,64542,22.3,28,2.6,1462,2.6
"06085","5","484110","78","0","2024","A","",156,955,55923186,9685688,354470,1126,58543,"",0.47,0.46,0.17,0.43,0.45,0.36,0.36,"",-4,-2.5,-66,-6.5,-2361123,-4.1,-719441,-6.9,64542,22.3,28,2.6,1462,2.6
"06085","5","48412","77","0","2024","A","",104,931,63776734,9156777,319787,1317,68479,"",0.20,0.17,0.06,0.15,0.23,0.38,0.38,"",-10,-8.8,-106,-10.2,-5143382,-7.5,-2832322,-23.6,-51133,-13.8,39,3.1,2045,3.1
"06085","5","484121","78","0","2024","A","",83,246,16818957,2420589,69508,1312,68231,"",0.19,0.07,0.03,0.06,0.08,0.40,0.40,"",-9,-9.8,7,2.9,-96981,-0.6,-86922,-3.5,-1461,-2.1,-47,-3.5,-2424,-3.4
"06085","5","484122","78","0","2024","A","",22,685,46957777,6736188,250279,1319,68568,"",0.25,0.38,0.13,0.37,0.52,0.35,0.34,"",0,0.0,-113,-14.2,-5046401,-9.7,-2745400,-29.0,-49672,-16.6,66,5.3,3400,5.2
"06085","5","4842","76","0","2024","A","",144,964,72487780,9170551,339994,1446,75201,"",0.39,0.30,0.13,0.25,0.29,0.42,0.42,"",-6,-4.0,-205,-17.5,-12117412,-14.3,-3062716,-25.0,-79788,-19.0,54,3.9,2806,3.9
"06085","5","48421","77","0","2024","A","",59,515,34035231,4753570,146847,1271,66109,"",0.86,0.76,0.39,0.70,0.71,0.51,0.51,"",0,0.0,-88,-14.6,-3050120,-8.2,-873899,-15.5,-34731,-19.1,89,7.5,4625,7.5
"06085","5","484210","78","0","2024","A","",59,515,34035231,4753570,146847,1271,66109,"",0.86,0.76,0.39,0.70,0.71,0.51,0.51,"",0,0.0,-88,-14.6,-3050120,-8.2,-873899,-15.5,-34731,-19.1,89,7.5,4625,7.5
"06085","5","48422","77","0","2024","A","",72,424,36484456,4155877,181969,1656,86116,"",0.34,0.26,0.13,0.22,0.26,0.48,0.48,"",-4,-5.3,-110,-20.6,-8234759,-18.4,-2108034,-33.7,-43966,-19.5,46,2.9,2372,2.8
"06085","5","484220","78","0","2024","A","",72,424,36484456,4155877,181969,1656,86116,"",0.34,0.26,0.13,0.22,0.26,0.48,0.48,"",-4,-5.3,-110,-20.6,-8234759,-18.4,-2108034,-33.7,-43966,-19.5,46,2.9,2372,2.8
"06085","5","48423","77","0","2024","A","",13,25,1968093,261104,11178,1489,77433,"",0.15,0.03,0.01,0.02,0.05,0.37,0.37,"",-2,-13.3,-7,-21.9,-832533,-29.7,-80783,-23.6,-1091,-8.9,-221,-12.9,-11476,-12.9
"06085","5","484230","78","0","2024","A","",13,25,1968093,261104,11178,1489,77433,"",0.15,0.03,0.01,0.02,0.05,0.37,0.37,"",-2,-13.3,-7,-21.9,-832533,-29.7,-80783,-23.6,-1091,-8.9,-221,-12.9,-11476,-12.9
"06085","5","485","75","0","2024","A","",84,2256,142302810,21242811,885436,1213,63087,"",0.55,0.58,0.27,0.48,0.34,0.47,0.47,"",0,0.0,56,2.5,-89638556,-38.6,1674293,8.6,224971,34.1,-814,-40.2,-42337,-40.2
"06085","5","4851","76","0","2024","A","N",3,0,0,0,0,0,0,"N",0.52,0,0,0,0,0,0,"N",0,0.0,0,0,0,0,0,0,0,0,0,0,0,0
"06085","5","48511","77","0","2024","A","N",3,0,0,0,0,0,0,"N",0.52,0,0,0,0,0,0,"N",0,0.0,0,0,0,0,0,0,0,0,0,0,0,0
"06085","5","485111","78","0","2024","A","N",1,0,0,0,0,0,0,"N",1.51,0,0,0,0,0,0,"N",0,0.0,0,0,0,0,0,0,0,0,0,0,0,0
"06085","5","485113","78","0","2024","A","N",2,0,0,0,0,0,0,"N",0.45,0,0,0,0,0,0,"N",0,0.0,0,0,0,0,0,0,0,0,0,0,0,0
"06085","5","4852","76","0","2024","A","N",1,0,0,0,0,0,0,"N",0.30,0,0,0,0,0,0,"N",0,0.0,0,0,0,0,0,0,0,0,0,0,0,0
"06085","5","48521","77","0","2024","A","N",1,0,0,0,0,0,0,"N",0.30,0,0,0,0,0,0,"N",0,0.0,0,0,0,0,0,0,0,0,0,0,0,0
"06085","5","485210","78","0","2024","A","N",1,0,0,0,0,0,0,"N",0.30,0,0,0,0,0,0,"N",0,0.0,0,0,0,0,0,0,0,0,0,0,0,0
"06085","5","4853","76","0","2024","A","",46,387,22826377,3608297,123799,1134,58957,"",0.88,0.35,0.11,0.23,0.21,0.33,0.33,"",1,2.2,-337,-46.5,-119000546,-83.9,-2668945,-42.5,-75400,-37.9,-2633,-69.9,-136937,-69.9
"06085","5","48531","77","0","2024","A","",12,27,1590142,184883,7630,1136,59076,"",0.53,0.03,0.01,0.01,0.01,0.30,0.30,"N",0,0.0,0,0,0,0,0,0,0,0,0,0,0,0
"06085","5","485310","78","0","2024","A","",12,27,1590142,184883,7630,1136,59076,"",0.53,0.03,0.01,0.01,0.01,0.30,0.30,"N",0,0.0,0,0,0,0,0,0,0,0,0,0,0,0
"06085","5","48532","77","0","2024","A","",34,360,21236235,3423414,116169,1134,58949,"",1.15,1.73,0.92,1.74,1.61,0.53,0.53,"N",1,3.0,0,0,0,0,0,0,0,0,0,0,0,0
"06085","5","485320","78","0","2024","A","",34,360,21236235,3423414,116169,1134,58949,"",1.15,1.73,0.92,1.74,1.61,0.53,0.53,"N",1,3.0,0,0,0,0,0,0,0,0,0,0,0,0
"06085","5","4854","76","0","2024","A","",8,488,24690078,4140192,219533,973,50620,"",0.27,0.35,0.18,0.29,0.15,0.52,0.52,"",0,0.0,-77,-13.6,-6666241,-21.3,-568967,-12.1,-9905,-4.3,-95,-8.9,-4919,-8.9
"06085","5","48541","77","0","2024","A","",8,488,24690078,4140192,219533,973,50620,"",0.27,0.35,0.18,0.29,0.15,0.52,0.52,"",0,0.0,-77,-13.6,-6666241,-21.3,-568967,-12.1,-9905,-4.3,-95,-8.9,-4919,-8.9
"06085","5","485410","78","0","2024","A","",8,488,24690078,4140192,219533,973,50620,"",0.27,0.35,0.18,0.29,0.15,0.52,0.52,"",0,0.0,-77,-13.6,-6666241,-21.3,-568967,-12.1,-9905,-4.3,-95,-8.9,-4919,-8.9
"06085","5","4855","76","0","2024","A","N",5,0,0,0,0,0,0,"N",0.52,0,0,0,0,0,0,"N",1,25.0,0,0,0,0,0,0,0,0,0,0,0,0
"06085","5","48551","77","0","2024","A","N",5,0,0,0,0,0,0,"N",0.52,0,0,0,0,0,0,"N",1,25.0,0,0,0,0,0,0,0,0,0,0,0,0
"06085","5","485510","78","0","2024","A","N",5,0,0,0,0,0,0,"N",0.52,0,0,0,0,0,0,"N",1,25.0,0,0,0,0,0,0,0,0,0,0,0,0
"06085","5","4859","76","0","2024","A","",21,1180,80194622,11658329,501273,1307,67986,"",0.40,1.48,0.81,1.55,1.68,0.55,0.55,"",-2,-8.7,469,66.0,35355300,78.8,4878577,72.0,311172,163.7,94,7.7,4906,7.8
"06085","5","48599","77","0","2024","A","",21,1180,80194622,11658329,501273,1307,67986,"",0.40,1.48,0.81,1.55,1.68,0.55,0.55,"",-2,-8.7,469,66.0,35355300,78.8,4878577,72.0,311172,163.7,94,7.7,4906,7.8
"06085","5","485991","78","0","2024","A","N",14,0,0,0,0,0,0,"N",0.47,0,0,0,0,0,0,"N",-1,-6.7,0,0,0,0,0,0,0,0,0,0,0,0
"06085","5","485999","78","0","2024","A","N",8,0,0,0,0,0,0,"N",0.35,0,0,0,0,0,0,"N",0,0.0,0,0,0,0,0,0,0,0,0,0,0,0
"06085","5","486","75","0","2024","A","",3,22,2757400,171461,3597,2366,123007,"",0.12,0.06,0.02,0.04,0.05,0.29,0.29,"N",0,0.0,0,0,0,0,0,0,0,0,0,0,0,0
"06085","5","4869","76","0","2024","A","",3,22,2757400,171461,3597,2366,123007,"",0.69,0.42,0.15,0.30,0.36,0.35,0.35,"N",0,0.0,0,0,0,0,0,0,0,0,0,0,0,0
"06085","5","48691","77","0","2024","A","",3,22,2757400,171461,3597,2366,123007,"",0.79,0.51,0.18,0.35,0.44,0.35,0.35,"N",0,0.0,0,0,0,0,0,0,0,0,0,0,0,0
"06085","5","486910","78","0","2024","A","",3,22,2757400,171461,3597,2366,123007,"",0.79,0.51,0.18,0.35,0.44,0.35,0.35,"N",0,0.0,0,0,0,0,0,0,0,0,0,0,0,0
"06085","5","487","75","0","2024","A","N",2,0,0,0,0,0,0,"N",0.08,0,0,0,0,0,0,"N",1,100.0,0,0,0,0,0,0,0,0,0,0,0,0
"06085","5","4871","76","0","2024","A","N",2,0,0,0,0,0,0,"N",0.34,0,0,0,0,0,0,"N",1,100.0,0,0,0,0,0,0,0,0,0,0,0,0
"06085","5","48711","77","0","2024","A","N",2,0,0,0,0,0,0,"N",0.34,0,0,0,0,0,0,"N",1,100.0,0,0,0,0,0,0,0,0,0,0,0,0
"06085","5","487110","78","0","2024","A","N",2,0,0,0,0,0,0,"N",0.34,0,0,0,0,0,0,"N",1,100.0,0,0,0,0,0,0,0,0,0,0,0,0
"06085","5","488","75","0","2024","A","",155,1943,153138503,18026686,526996,1516,78826,"",0.39,0.33,0.14,0.30,0.29,0.41,0.41,"",-13,-7.7,-159,-7.6,-7767045,-4.8,-2431092,-11.9,-58182,-9.9,44,3.0,2265,3.0
"06085","5","4881","76","0","2024","A","",32,687,54803306,6017206,138779,1533,79724,"",0.50,0.36,0.17,0.31,0.25,0.49,0.49,"",-1,-3.0,-13,-1.9,-358968,-0.7,-354268,-5.6,-17563,-11.2,18,1.2,968,1.2
"06085","5","48811","77","0","2024","A","",12,496,28095027,4385828,108765,1089,56643,"",0.73,0.54,0.27,0.48,0.38,0.50,0.50,"",0,0.0,6,1.2,1018860,3.8,-64260,-1.4,-9591,-8.1,27,2.5,1432,2.6
"06085","5","488119","78","0","2024","A","",12,496,28095027,4385828,108765,1089,56643,"",0.81,0.55,0.28,0.49,0.39,0.51,0.51,"",0,0.0,6,1.2,1018860,3.8,-64260,-1.4,-9591,-8.1,27,2.5,1432,2.6
"06085","5","48819","77","0","2024","A","",20,191,26708279,1631378,30014,2683,139530,"",0.42,0.19,0.13,0.16,0.12,0.67,0.67,"",-2,-9.1,-19,-9.0,-1377828,-4.9,-290008,-15.1,-7972,-21.0,111,4.3,5787,4.3
"06085","5","488190","78","0","2024","A","",20,191,26708279,1631378,30014,2683,139530,"",0.42,0.19,0.13,0.16,0.12,0.67,0.67,"",-2,-9.1,-19,-9.0,-1377828,-4.9,-290008,-15.1,-7972,-21.0,111,4.3,5787,4.3
"06085","5","4882","76","0","2024","A","N",1,0,0,0,0,0,0,"N",0.07,0,0,0,0,0,0,"N",0,0.0,0,0,0,0,0,0,0,0,0,0,0,0
"06085","5","48821","77","0","2024","A","N",1,0,0,0,0,0,0,"N",0.07,0,0,0,0,0,0,"N",0,0.0,0,0,0,0,0,0,0,0,0,0,0,0
"06085","5","488210","78","0","2024","A","N",1,0,0,0,0,0,0,"N",0.07,0,0,0,0,0,0,"N",0,0.0,0,0,0,0,0,0,0,0,0,0,0,0
"06085","5","4883","76","0","2024","A","N",1,0,0,0,0,0,0,"N",0.05,0,0,0,0,0,0,"N",0,0.0,0,0,0,0,0,0,0,0,0,0,0,0
"06085","5","48833","77","0","2024","A","N",1,0,0,0,0,0,0,"N",0.15,0,0,0,0,0,0,"N",0,0.0,0,0,0,0,0,0,0,0,0,0,0,0
"06085","5","488330","78","0","2024","A","N",1,0,0,0,0,0,0,"N",0.15,0,0,0,0,0,0,"N",0,0.0,0,0,0,0,0,0,0,0,0,0,0,0
"06085","5","4884","76","0","2024","A","",72,550,37364714,5449947,163421,1306,67895,"",0.70,0.67,0.30,0.63,0.62,0.45,0.45,"",-4,-5.3,-70,-11.3,-3406879,-8.4,-636882,-10.5,-30241,-15.6,42,3.3,2179,3.3
"06085","5","48841","77","0","2024","A","",49,462,29962598,4554779,136492,1249,64924,"",0.66,0.88,0.39,0.84,0.91,0.44,0.44,"",2,4.3,-40,-8.0,-1803806,-5.7,-325050,-6.7,-17578,-11.4,32,2.6,1623,2.6
"06085","5","488410","78","0","2024","A","",49,462,29962598,4554779,136492,1249,64924,"",0.66,0.88,0.39,0.84,0.91,0.44,0.44,"",2,4.3,-40,-8.0,-1803806,-5.7,-325050,-6.7,-17578,-11.4,32,2.6,1623,2.6
"06085","5","48849","77","0","2024","A","",23,89,7402116,895168,26929,1602,83326,"",0.78,0.30,0.16,0.28,0.23,0.54,0.54,"",-6,-20.7,-30,-25.2,-1603073,-17.8,-311832,-25.8,-12663,-32.0,142,9.7,7386,9.7
"06085","5","488490","78","0","2024","A","",23,89,7402116,895168,26929,1602,83326,"",0.78,0.30,0.16,0.28,0.23,0.54,0.54,"",-6,-20.7,-30,-25.2,-1603073,-17.8,-311832,-25.8,-12663,-32.0,142,9.7,7386,9.7
"06085","5","4885","76","0","2024","A","",34,154,11853387,1233358,39829,1483,77137,"",0.20,0.08,0.03,0.06,0.07,0.36,0.36,"",-7,-17.1,-76,-33.0,-6019673,-33.7,-1007174,-45.0,-25205,-38.8,-15,-1.0,-741,-1.0
"06085","5","48851","77","0","2024","A","",34,154,11853387,1233358,39829,1483,77137,"",0.20,0.08,0.03,0.06,0.07,0.36,0.36,"",-7,-17.1,-76,-33.0,-6019673,-33.7,-1007174,-45.0,-25205,-38.8,-15,-1.0,-741,-1.0
"06085","5","488510","78","0","2024","A","",34,154,11853387,1233358,39829,1483,77137,"",0.20,0.08,0.03,0.06,0.07,0.36,0.36,"",-7,-17.1,-76,-33.0,-6019673,-33.7,-1007174,-45.0,-25205,-38.8,-15,-1.0,-741,-1.0
"06085","5","4889","76","0","2024","A","",16,466,42621763,4333460,149229,1759,91447,"",0.64,1.75,0.97,1.73,1.80,0.55,0.55,"",0,0.0,13,2.9,3014430,7.6,-82140,-1.9,21292,16.6,77,4.6,3981,4.6
"06085","5","48899","77","0","2024","A","",16,466,42621763,4333460,149229,1759,91447,"",0.64,1.75,0.97,1.73,1.80,0.55,0.55,"",0,0.0,13,2.9,3014430,7.6,-82140,-1.9,21292,16.6,77,4.6,3981,4.6
"06085","5","488991","78","0","2024","A","",11,394,38186300,3712252,129078,1866,97043,"",1.13,2.60,1.76,2.60,2.73,0.68,0.68,"",-1,-8.3,10,2.6,2506147,7.0,-79564,-2.1,15243,13.4,81,4.5,4207,4.5
"06085","5","488999","78","0","2024","A","",5,73,4435463,621208,20151,1175,61109,"",0.33,0.64,0.20,0.57,0.56,0.31,0.31,"",1,25.0,4,5.8,508283,12.9,-2576,-0.4,6049,42.9,72,6.5,3778,6.6
"06085","5","491","75","0","2024","A","",7,21,817619,184359,7048,740,38476,"",0.99,0.39,0.14,0.34,0.45,0.34,0.34,"",0,0.0,-7,-25.0,-500548,-38.0,-118962,-39.2,-2902,-29.2,-168,-18.5,-8742,-18.5
"06085","5","4911","76","0","2024","A","",7,21,817619,184359,7048,740,38476,"",0.99,0.39,0.14,0.34,0.45,0.34,0.34,"",0,0.0,-7,-25.0,-500548,-38.0,-118962,-39.2,-2902,-29.2,-168,-18.5,-8742,-18.5
"06085","5","49111","77","0","2024","A","",7,21,817619,184359,7048,740,38476,"",0.99,0.39,0.14,0.34,0.45,0.34,0.34,"",0,0.0,-7,-25.0,-500548,-38.0,-118962,-39.2,-2902,-29.2,-168,-18.5,-8742,-18.5
"06085","5","491110","78","0","2024","A","",7,21,817619,184359,7048,740,38476,"",0.99,0.39,0.14,0.34,0.45,0.34,0.34,"",0,0.0,-7,-25.0,-500548,-38.0,-118962,-39.2,-2902,-29.2,-168,-18.5,-8742,-18.5
"06085","5","492","75","0","2024","A","",119,4396,294527605,46443005,1477850,1289,67007,"",0.76,0.57,0.26,0.63,0.73,0.46,0.46,"",-3,-2.5,-1884,-30.0,-1355818677,-82.2,-15324626,-24.8,-280612,-16.0,-3764,-74.5,-195770,-74.5
"06085","5","4921","76","0","2024","A","",54,2910,204569620,26805478,760079,1352,70297,"",0.55,0.45,0.22,0.46,0.53,0.49,0.49,"",-3,-5.3,-72,-2.4,-15339012,-7.0,-619361,-2.3,31765,4.4,-66,-4.7,-3448,-4.7
"06085","5","49211","77","0","2024","A","",54,2910,204569620,26805478,760079,1352,70297,"",0.55,0.45,0.22,0.46,0.53,0.49,0.49,"",-3,-5.3,-72,-2.4,-15339012,-7.0,-619361,-2.3,31765,4.4,-66,-4.7,-3448,-4.7
"06085","5","492110","78","0","2024","A","",54,2910,204569620,26805478,760079,1352,70297,"",0.55,0.45,0.22,0.46,0.53,0.49,0.49,"",-3,-5.3,-72,-2.4,-15339012,-7.0,-619361,-2.3,31765,4.4,-66,-4.7,-3448,-4.7
"06085","5","4922","76","0","2024","A","",65,1485,89957985,19637527,717771,1165,60561,"",1.08,1.15,0.43,1.27,1.20,0.37,0.37,"",1,1.6,-1813,-55.0,-1340479665,-93.7,-14705265,-42.8,-312377,-30.3,-7175,-86.0,-373113,-86.0
"06085","5","49221","77","0","2024","A","",65,1485,89957985,19637527,717771,1165,60561,"",1.08,1.15,0.43,1.27,1.20,0.37,0.37,"",1,1.6,-1813,-55.0,-1340479665,-93.7,-14705265,-42.8,-312377,-30.3,-7175,-86.0,-373113,-86.0
"06085","5","492210","78","0","2024","A","",65,1485,89957985,19637527,717771,1165,60561,"",1.08,1.15,0.43,1.27,1.20,0.37,0.37,"",1,1.6,-1813,-55.0,-1340479665,-93.7,-14705265,-42.8,-312377,-30.3,-7175,-86.0,-373113,-86.0
"06085","5","493","75","0","2024","A","",38,1462,172171283,18453847,708386,2264,117751,"",0.24,0.11,0.09,0.14,0.18,0.81,0.81,"",1,2.7,623,74.3,62240775,56.6,8985695,94.9,409099,136.7,-256,-10.2,-13314,-10.2
"06085","5","4931","76","0","2024","A","",38,1462,172171283,18453847,708386,2264,117751,"",0.24,0.11,0.09,0.14,0.18,0.81,0.81,"",1,2.7,623,74.3,62240775,56.6,8985695,94.9,409099,136.7,-256,-10.2,-13314,-10.2
"06085","5","49311","77","0","2024","A","",26,1414,169293159,17881697,694180,2302,119691,"",0.22,0.11,0.09,0.15,0.19,0.83,0.83,"",4,18.2,670,90.1,64954291,62.3,9190229,105.7,417789,151.2,-395,-14.6,-20565,-14.7
"06085","5","493110","78","0","2024","A","",26,1414,169293159,17881697,694180,2302,119691,"",0.22,0.11,0.09,0.15,0.19,0.83,0.83,"",4,18.2,670,90.1,64954291,62.3,9190229,105.7,417789,151.2,-395,-14.6,-20565,-14.7
"06085","5","49312","77","0","2024","A","",4,20,1106401,274100,6875,1073,55785,"",0.32,0.04,0.01,0.05,0.03,0.33,0.33,"",-2,-33.3,-31,-60.8,-2018513,-64.6,-120379,-30.5,-3526,-33.9,-111,-9.4,-5790,-9.4
"06085","5","493120","78","0","2024","A","",4,20,1106401,274100,6875,1073,55785,"",0.32,0.04,0.01,0.05,0.03,0.33,0.33,"",-2,-33.3,-31,-60.8,-2018513,-64.6,-120379,-30.5,-3526,-33.9,-111,-9.4,-5790,-9.4
"06085","5","49319","77","0","2024","A","",8,28,1771723,298050,7331,1220,63465,"",0.43,0.07,0.03,0.08,0.06,0.35,0.35,"",-2,-20.0,-16,-36.4,-695003,-28.2,-84155,-22.0,-5164,-41.3,144,13.4,7509,13.4
"06085","5","493190","78","0","2024","A","",8,28,1771723,298050,7331,1220,63465,"",0.43,0.07,0.03,0.08,0.06,0.35,0.35,"",-2,-20.0,-16,-36.4,-695003,-28.2,-84155,-22.0,-5164,-41.3,144,13.4,7509,13.4
"06085","5","51","74","0","2024","A","",1773,92985,45436579104,915083814,29310442,9397,488642,"",0.87,4.44,4.77,3.76,3.50,1.07,1.07,"",-5,-0.3,-1939,-2.0,7636832897,20.2,-30871929,-3.3,1843557,6.7,1739,22.7,90432,22.7
"06085","5","512","75","0","2024","A","N",72,0,0,0,0,0,0,"N",0.26,0,0,0,0,0,0,"N",-4,-5.3,0,0,0,0,0,0,0,0,0,0,0,0
"06085","5","5121","76","0","2024","A","",64,1128,119845961,9359282,269470,2043,106223,"",0.26,0.44,0.20,0.38,0.16,0.46,0.46,"",-1,-1.5,-97,-7.9,10833539,9.9,-905966,-8.8,-1461,-0.5,332,19.4,17257,19.4
"06085","5","51211","77","0","2024","A","N",34,0,0,0,0,0,0,"N",0.19,0,0,0,0,0,0,"N",-1,-2.9,0,0,0,0,0,0,0,0,0,0,0,0
"06085","5","512110","78","0","2024","A","N",34,0,0,0,0,0,0,"N",0.19,0,0,0,0,0,0,"N",-1,-2.9,0,0,0,0,0,0,0,0,0,0,0,0
"06085","5","51212","77","0","2024","A","N",1,0,0,0,0,0,0,"N",0.17,0,0,0,0,0,0,"N",0,0.0,0,0,0,0,0,0,0,0,0,0,0,0
"06085","5","512120","78","0","2024","A","N",1,0,0,0,0,0,0,"N",0.17,0,0,0,0,0,0,"N",0,0.0,0,0,0,0,0,0,0,0,0,0,0,0
"06085","5","51213","77","0","2024","A","",21,722,18826562,5809347,88023,502,26094,"",0.72,0.86,0.41,1.10,0.79,0.48,0.48,"",-1,-4.5,-40,-5.2,-606592,-3.1,-583293,-9.1,-20065,-18.6,11,2.2,577,2.3
"06085","5","512131","78","0","2024","A","N",20,0,0,0,0,0,0,"N",0.72,0,0,0,0,0,0,"N",0,0.0,0,0,0,0,0,0,0,0,0,0,0,0
"06085","5","512132","78","0","2024","A","N",1,0,0,0,0,0,0,"N",0.70,0,0,0,0,0,0,"N",-1,-50.0,0,0,0,0,0,0,0,0,0,0,0,0
"06085","5","51219","77","0","2024","A","N",8,0,0,0,0,0,0,"N",0.24,0,0,0,0,0,0,"N",1,14.3,0,0,0,0,0,0,0,0,0,0,0,0
"06085","5","512191","78","0","2024","A","N",8,0,0,0,0,0,0,"N",0.29,0,0,0,0,0,0,"N",1,14.3,0,0,0,0,0,0,0,0,0,0,0,0
"06085","5","5122","76","0","2024","A","N",8,0,0,0,0,0,0,"N",0.21,0,0,0,0,0,0,"N",-3,-27.3,0,0,0,0,0,0,0,0,0,0,0,0
"06085","5","51223","77","0","2024","A","N",1,0,0,0,0,0,0,"N",0.12,0,0,0,0,0,0,"N",-1,-50.0,0,0,0,0,0,0,0,0,0,0,0,0
"06085","5","512230","78","0","2024","A","N",1,0,0,0,0,0,0,"N",0.12,0,0,0,0,0,0,"N",-1,-50.0,0,0,0,0,0,0,0,0,0,0,0,0
"06085","5","51224","77","0","2024","A","",5,18,2240276,148054,5035,2462,128016,"",0.37,0.53,0.32,0.49,0.47,0.63,0.63,"",-1,-16.7,-9,-33.3,-1224163,-35.3,-120714,-44.9,-3439,-40.6,17,0.7,881,0.7
"06085","5","512240","78","0","2024","A","",5,18,2240276,148054,5035,2462,128016,"",0.37,0.53,0.32,0.49,0.47,0.63,0.63,"",-1,-16.7,-9,-33.3,-1224163,-35.3,-120714,-44.9,-3439,-40.6,17,0.7,881,0.7
"06085","5","51225","77","0","2024","A","N",1,0,0,0,0,0,0,"N",0.11,0,0,0,0,0,0,"N",-1,-50.0,0,0,0,0,0,0,0,0,0,0,0,0
"06085","5","512250","78","0","2024","A","N",1,0,0,0,0,0,0,"N",0.11,0,0,0,0,0,0,"N",-1,-50.0,0,0,0,0,0,0,0,0,0,0,0,0
"06085","5","51229","77","0","2024","A","N",1,0,0,0,0,0,0,"N",0.17,0,0,0,0,0,0,"N",0,0.0,0,0,0,0,0,0,0,0,0,0,0,0
"06085","5","512290","78","0","2024","A","N",1,0,0,0,0,0,0,"N",0.17,0,0,0,0,0,0,"N",0,0.0,0,0,0,0,0,0,0,0,0,0,0,0
"06085","5","513","75","0","2024","A","",812,32404,13574640530,327891827,10933031,8056,418917,"",0.93,4.99,4.29,3.63,4.11,0.86,0.86,"",11,1.4,-1740,-5.1,1281740207,10.4,31425895,10.6,1603033,17.2,1132,16.3,58886,16.4
"06085","5","5131","76","0","2024","A","",106,1458,256096025,12804749,475027,3378,175649,"",0.54,0.77,0.47,0.67,0.70,0.62,0.62,"",-6,-5.4,-462,-24.1,-73739340,-22.4,-3702687,-22.4,-73818,-13.4,75,2.3,3867,2.3
"06085","5","51311","77","0","2024","A","",26,340,23688611,3148406,148470,1338,69570,"",0.52,0.53,0.18,0.51,0.74,0.33,0.33,"",2,8.3,32,10.4,2348793,11.0,240861,8.3,7260,5.1,6,0.5,322,0.5
"06085","5","513110","78","0","2024","A","",26,340,23688611,3148406,148470,1338,69570,"",0.52,0.53,0.18,0.51,0.74,0.33,0.33,"",2,8.3,32,10.4,2348793,11.0,240861,8.3,7260,5.1,6,0.5,322,0.5
"06085","5","51312","77","0","2024","A","",19,472,68407338,3867308,102477,2786,144880,"",0.34,1.02,0.47,0.88,0.63,0.46,0.46,"",0,0.0,-89,-15.9,-10404476,-13.2,-795506,-17.1,-29197,-22.2,86,3.2,4458,3.2
"06085","5","513120","78","0","2024","A","",19,472,68407338,3867308,102477,2786,144880,"",0.34,1.02,0.47,0.88,0.63,0.46,0.46,"",0,0.0,-89,-15.9,-10404476,-13.2,-795506,-17.1,-29197,-22.2,86,3.2,4458,3.2
"06085","5","51313","77","0","2024","A","N",20,0,0,0,0,0,0,"N",0.53,0,0,0,0,0,0,"N",2,11.1,0,0,0,0,0,0,0,0,0,0,0,0
"06085","5","513130","78","0","2024","A","N",20,0,0,0,0,0,0,"N",0.53,0,0,0,0,0,0,"N",2,11.1,0,0,0,0,0,0,0,0,0,0,0,0
"06085","5","51314","77","0","2024","A","N",4,0,0,0,0,0,0,"N",0.42,0,0,0,0,0,0,"N",0,0.0,0,0,0,0,0,0,0,0,0,0,0,0
"06085","5","513140","78","0","2024","A","N",4,0,0,0,0,0,0,"N",0.42,0,0,0,0,0,0,"N",0,0.0,0,0,0,0,0,0,0,0,0,0,0,0
"06085","5","51319","77","0","2024","A","",38,484,137526277,4382875,160645,5467,284292,"",0.84,1.58,1.16,1.40,1.22,0.74,0.74,"",-9,-19.1,-405,-45.6,-61675665,-31.0,-3428420,-43.9,-58089,-26.6,1160,26.9,60323,26.9
"06085","5","513199","78","0","2024","A","",38,484,137526277,4382875,160645,5467,284292,"",0.85,1.68,1.19,1.48,1.24,0.71,0.71,"",-9,-19.1,-405,-45.6,-61675665,-31.0,-3428420,-43.9,-58089,-26.6,1160,26.9,60323,26.9
"06085","5","5132","76","0","2024","A","",706,30946,13318544505,315087078,10458004,8276,430378,"",1.05,6.75,5.08,4.44,5.27,0.75,0.75,"",17,2.5,-1278,-4.0,1355479547,11.3,35128582,12.5,1676851,19.1,1137,15.9,59130,15.9
"06085","5","51321","77","0","2024","A","",706,30946,13318544505,315087078,10458004,8276,430378,"",1.05,6.75,5.08,4.44,5.27,0.75,0.75,"",17,2.5,-1278,-4.0,1355479547,11.3,35128582,12.5,1676851,19.1,1137,15.9,59130,15.9
"06085","5","513210","78","0","2024","A","",706,30946,13318544505,315087078,10458004,8276,430378,"",1.05,6.75,5.08,4.44,5.27,0.75,0.75,"",17,2.5,-1278,-4.0,1355479547,11.3,35128582,12.5,1676851,19.1,1137,15.9,59130,15.9
"06085","5","516","75","0","2024","A","",110,3312,1697081017,21060717,963462,9852,512326,"",0.76,1.34,1.08,0.83,1.14,0.81,0.81,"",-2,-1.8,1429,75.9,1262932297,290.9,3553625,20.3,175725,22.3,5418,122.2,281764,122.2
"06085","5","5161","76","0","2024","A","",18,104,9166017,859741,37167,1694,88064,"",0.43,0.12,0.04,0.12,0.18,0.37,0.37,"",-1,-5.3,-17,-14.0,-542675,-5.6,-9352,-1.1,-1192,-3.1,149,9.6,7716,9.6
"06085","5","51611","77","0","2024","A","",13,63,4229448,487746,19361,1289,67045,"",0.44,0.17,0.06,0.15,0.22,0.34,0.34,"",-1,-7.1,-15,-19.2,-685859,-14.0,-27284,-5.3,-1321,-6.4,81,6.7,4230,6.7
"06085","5","516110","78","0","2024","A","",13,63,4229448,487746,19361,1289,67045,"",0.44,0.17,0.06,0.15,0.22,0.34,0.34,"",-1,-7.1,-15,-19.2,-685859,-14.0,-27284,-5.3,-1321,-6.4,81,6.7,4230,6.7
"06085","5","51612","77","0","2024","A","",5,41,4936569,371995,17806,2315,120404,"",0.42,0.09,0.04,0.09,0.15,0.44,0.44,"",0,0.0,-2,-4.7,143184,3.0,17932,5.1,129,0.7,150,6.9,7839,7.0
"06085","5","516120","78","0","2024","A","",5,41,4936569,371995,17806,2315,120404,"",0.42,0.09,0.04,0.09,0.15,0.44,0.44,"",0,0.0,-2,-4.7,143184,3.0,17932,5.1,129,0.7,150,6.9,7839,7.0
"06085","5","5162","76","0","2024","A","",92,3208,1687915000,20200976,926295,10117,526090,"",0.90,1.98,1.24,1.13,1.45,0.62,0.62,"",-1,-1.1,1446,82.1,1263474972,297.7,3562977,21.4,176917,23.6,5485,118.4,285227,118.4
"06085","5","51621","77","0","2024","A","",92,3208,1687915000,20200976,926295,10117,526090,"",0.90,1.98,1.24,1.13,1.45,0.62,0.62,"",-1,-1.1,1446,82.1,1263474972,297.7,3562977,21.4,176917,23.6,5485,118.4,285227,118.4
"06085","5","516210","78","0","2024","A","",92,3208,1687915000,20200976,926295,10117,526090,"",0.90,1.98,1.24,1.13,1.45,0.62,0.62,"",-1,-1.1,1446,82.1,1263474972,297.7,3562977,21.4,176917,23.6,5485,118.4,285227,118.4
"06085","5","517","75","0","2024","A","",178,4807,1214157422,40360169,1729145,4858,252599,"",0.72,1.08,0.91,0.85,1.22,0.84,0.84,"",-11,-5.8,-215,-4.3,8237210,0.7,-2025490,-4.8,288627,20.0,240,5.2,12487,5.2
"06085","5","5171","76","0","2024","A","",134,3793,953773048,31512736,1459612,4835,251434,"",0.66,0.93,0.80,0.72,1.13,0.86,0.86,"",-8,-5.6,-160,-4.0,6806079,0.7,-1820785,-5.5,323999,28.5,229,5.0,11903,5.0
"06085","5","51711","77","0","2024","A","",121,3732,931472302,30214724,1390840,4800,249619,"",0.70,0.98,0.84,0.74,1.16,0.85,0.85,"",-8,-6.2,-161,-4.1,-6980339,-0.7,-2565142,-7.8,277520,24.9,164,3.5,8568,3.6
"06085","5","517111","78","0","2024","A","",80,3035,798995103,24544704,1177677,5063,263268,"",0.63,0.94,0.85,0.73,1.18,0.91,0.91,"",-4,-4.8,-183,-5.7,-22702358,-2.8,-2483172,-9.2,245484,26.3,153,3.1,7944,3.1
"06085","5","517112","78","0","2024","A","",41,697,132477199,5670020,213163,3657,190159,"",0.90,1.21,0.76,0.78,1.02,0.63,0.63,"",-4,-8.9,22,3.3,15722019,13.5,-81970,-1.4,32036,17.7,330,9.9,17167,9.9
"06085","5","51712","77","0","2024","A","",13,62,22300746,1298012,68772,6945,361146,"",0.42,0.23,0.29,0.44,0.74,1.28,1.28,"",-1,-7.1,2,3.3,13786418,161.9,744357,134.4,46479,208.5,4227,155.5,219829,155.6
"06085","5","517121","78","0","2024","A","",13,62,22300746,1298012,68772,6945,361146,"",0.42,0.23,0.29,0.44,0.74,1.28,1.28,"",-1,-7.1,2,3.3,13786418,161.9,744357,134.4,46479,208.5,4227,155.5,219829,155.6
"06085","5","5174","76","0","2024","A","",8,31,4437557,327829,9246,2738,142382,"",1.12,0.49,0.20,0.55,0.50,0.40,0.40,"",0,0.0,4,14.8,555628,14.3,52933,19.3,242,2.7,-44,-1.6,-2286,-1.6
"06085","5","51741","77","0","2024","A","",8,31,4437557,327829,9246,2738,142382,"",1.12,0.49,0.20,0.55,0.50,0.40,0.40,"",0,0.0,4,14.8,555628,14.3,52933,19.3,242,2.7,-44,-1.6,-2286,-1.6
"06085","5","517410","78","0","2024","A","",8,31,4437557,327829,9246,2738,142382,"",1.12,0.49,0.20,0.55,0.50,0.40,0.40,"",0,0.0,4,14.8,555628,14.3,52933,19.3,242,2.7,-44,-1.6,-2286,-1.6
"06085","5","5178","76","0","2024","A","",36,982,255946817,8519604,260287,5011,260594,"",1.00,3.03,1.93,2.62,2.56,0.64,0.64,"",-3,-7.7,-60,-5.8,875503,0.3,-257638,-2.9,-35614,-12.0,304,6.5,15823,6.5
"06085","5","51781","77","0","2024","A","",36,982,255946817,8519604,260287,5011,260594,"",1.00,3.03,1.93,2.62,2.56,0.64,0.64,"",-3,-7.7,-60,-5.8,875503,0.3,-257638,-2.9,-35614,-12.0,304,6.5,15823,6.5
"06085","5","517810","78","0","2024","A","",36,982,255946817,8519604,260287,5011,260594,"",1.00,3.03,1.93,2.62,2.56,0.64,0.64,"",-3,-7.7,-60,-5.8,875503,0.3,-257638,-2.9,-35614,-12.0,304,6.5,15823,6.5
"06085","5","518","75","0","2024","A","",446,13092,8349270205,112911855,4090739,12265,637763,"",1.17,3.76,4.72,2.77,3.07,1.26,1.26,"",6,1.4,-136,-1.0,2889874654,52.9,374350,0.3,702441,20.7,4328,54.5,225048,54.5
"06085","5","5182","76","0","2024","A","",446,13092,8349270205,112911855,4090739,12265,637763,"",1.17,3.76,4.72,2.77,3.07,1.26,1.26,"",6,1.4,-136,-1.0,2889874654,52.9,374350,0.3,702441,20.7,4328,54.5,225048,54.5
"06085","5","51821","77","0","2024","A","",446,13092,8349270205,112911855,4090739,12265,637763,"",1.17,3.76,4.72,2.77,3.07,1.26,1.26,"",6,1.4,-136,-1.0,2889874654,52.9,374350,0.3,702441,20.7,4328,54.5,225048,54.5
"06085","5","518210","78","0","2024","A","",446,13092,8349270205,112911855,4090739,12265,637763,"",1.17,3.76,4.72,2.77,3.07,1.26,1.26,"",6,1.4,-136,-1.0,2889874654,52.9,374350,0.3,702441,20.7,4328,54.5,225048,54.5
"06085","5","519","75","0","2024","A","N",156,0,0,0,0,0,0,"N",1.33,0,0,0,0,0,0,"N",-6,-3.7,0,0,0,0,0,0,0,0,0,0,0,0
"06085","5","5192","76","0","2024","A","N",156,0,0,0,0,0,0,"N",1.33,0,0,0,0,0,0,"N",-6,-3.7,0,0,0,0,0,0,0,0,0,0,0,0
"06085","5","51921","77","0","2024","A","N",3,0,0,0,0,0,0,"N",0.18,0,0,0,0,0,0,"N",1,50.0,0,0,0,0,0,0,0,0,0,0,0,0
"06085","5","519210","78","0","2024","A","N",3,0,0,0,0,0,0,"N",0.18,0,0,0,0,0,0,"N",1,50.0,0,0,0,0,0,0,0,0,0,0,0,0
"06085","5","51929","77","0","2024","A","N",152,0,0,0,0,0,0,"N",1.51,0,0,0,0,0,0,"N",-8,-5.0,0,0,0,0,0,0,0,0,0,0,0,0
"06085","5","519290","78","0","2024","A","N",152,0,0,0,0,0,0,"N",1.51,0,0,0,0,0,0,"N",-8,-5.0,0,0,0,0,0,0,0,0,0,0,0,0
"06085","5","52","74","0","2024","A","",2273,20630,4472797164,185899525,6439593,4170,216816,"",0.56,0.46,0.26,0.40,0.51,0.58,0.58,"",-97,-4.1,-395,-1.9,-54148998,-1.2,-8854824,-4.5,235152,3.8,29,0.7,1498,0.7
"06085","5","522","75","0","2024","A","",702,11473,2403527865,100468431,3698221,4029,209500,"",0.52,0.62,0.44,0.53,0.75,0.70,0.70,"",-65,-8.5,-311,-2.6,-31875536,-1.3,-11875148,-10.6,-28832,-0.8,55,1.4,2827,1.4
"06085","5","5221","76","0","2024","A","",420,6074,1060428922,54727053,2313360,3357,174587,"",0.57,0.47,0.29,0.42,0.80,0.61,0.61,"",-41,-8.9,-168,-2.7,-10132826,-0.9,-11989458,-18.0,-276411,-10.7,59,1.8,3066,1.8
"06085","5","52211","77","0","2024","A","",329,4999,938982816,46685695,2070736,3612,187847,"",0.60,0.51,0.31,0.47,0.94,0.61,0.61,"",-42,-11.3,-139,-2.7,-6145207,-0.7,-12118885,-20.6,-289691,-12.3,75,2.1,3910,2.1
"06085","5","522110","78","0","2024","A","",329,4999,938982816,46685695,2070736,3612,187847,"",0.60,0.51,0.31,0.47,0.94,0.61,0.61,"",-42,-11.3,-139,-2.7,-6145207,-0.7,-12118885,-20.6,-289691,-12.3,75,2.1,3910,2.1
"06085","5","52213","77","0","2024","A","",81,1043,115973897,7717344,229239,2139,111228,"",0.58,0.47,0.27,0.33,0.50,0.58,0.58,"",-1,-1.2,-31,-2.9,-5816943,-4.8,3289,0.0,7863,3.6,-42,-1.9,-2180,-1.9
"06085","5","522130","78","0","2024","A","",81,1043,115973897,7717344,229239,2139,111228,"",0.58,0.47,0.27,0.33,0.50,0.58,0.58,"",-1,-1.2,-31,-2.9,-5816943,-4.8,3289,0.0,7863,3.6,-42,-1.9,-2180,-1.9
"06085","5","52218","77","0","2024","A","",10,33,5472209,324014,13385,3230,167945,"",0.19,0.05,0.03,0.04,0.06,0.68,0.68,"",2,25.0,4,13.8,1829324,50.2,126138,63.7,5417,68.0,842,35.3,43756,35.2
"06085","5","522180","78","0","2024","A","",10,33,5472209,324014,13385,3230,167945,"",0.19,0.05,0.03,0.04,0.06,0.68,0.68,"",2,25.0,4,13.8,1829324,50.2,126138,63.7,5417,68.0,842,35.3,43756,35.2
"06085","5","5222","76","0","2024","A","",131,1384,202751040,10278253,378058,2817,146470,"",0.36,0.38,0.17,0.28,0.30,0.46,0.46,"",-15,-10.3,322,30.3,63089336,45.2,3467211,50.9,157278,71.2,287,11.3,14900,11.3
"06085","5","52221","77","0","2024","A","N",3,0,0,0,0,0,0,"N",0.42,0,0,0,0,0,0,"N",-1,-25.0,0,0,0,0,0,0,0,0,0,0,0,0
"06085","5","522210","78","0","2024","A","N",3,0,0,0,0,0,0,"N",0.42,0,0,0,0,0,0,"N",-1,-25.0,0,0,0,0,0,0,0,0,0,0,0,0
"06085","5","52222","77","0","2024","A","N",16,0,0,0,0,0,0,"N",0.36,0,0,0,0,0,0,"N",0,0.0,0,0,0,0,0,0,0,0,0,0,0,0
"06085","5","522220","78","0","2024","A","N",16,0,0,0,0,0,0,"N",0.36,0,0,0,0,0,0,"N",0,0.0,0,0,0,0,0,0,0,0,0,0,0,0
"06085","5","52229","77","0","2024","A","",112,1296,185415214,9400195,343045,2750,143021,"",0.36,0.51,0.23,0.35,0.34,0.46,0.46,"",-14,-11.1,332,34.4,63136856,51.6,3552450,60.7,151627,79.2,312,12.8,16231,12.8
"06085","5","522291","78","0","2024","A","",27,188,39185826,1001155,43286,4005,208251,"",0.25,0.29,0.22,0.15,0.22,0.75,0.75,"",-2,-6.9,18,10.6,13046019,49.9,-217039,-17.8,-6954,-13.8,1042,35.2,54185,35.2
"06085","5","522292","78","0","2024","A","",67,1014,134745992,7563812,269413,2555,132875,"",0.52,0.79,0.33,0.53,0.41,0.41,0.41,"",-9,-11.8,318,45.7,50296656,59.6,3896883,106.3,160978,148.5,221,9.5,11482,9.5
"06085","5","522299","78","0","2024","A","",18,94,11483396,835228,30346,2345,121948,"",0.25,0.15,0.06,0.14,0.22,0.38,0.38,"",-3,-14.3,-5,-5.1,-205819,-1.8,-127394,-13.2,-2397,-7.3,76,3.3,3974,3.4
"06085","5","5223","76","0","2024","A","",151,4014,1140347903,35463125,1006803,5463,284057,"",0.63,1.98,1.61,1.77,1.29,0.81,0.81,"",-10,-6.2,-467,-10.4,-84832046,-6.9,-3352901,-8.6,90301,9.9,205,3.9,10625,3.9
"06085","5","52231","77","0","2024","A","",84,447,55437928,4700173,256022,2385,123999,"",0.70,0.74,0.31,0.70,0.75,0.41,0.41,"",-7,-7.7,-40,-8.2,398369,0.7,13516,0.3,74584,41.1,211,9.7,10962,9.7
"06085","5","522310","78","0","2024","A","",84,447,55437928,4700173,256022,2385,123999,"",0.70,0.74,0.31,0.70,0.75,0.41,0.41,"",-7,-7.7,-40,-8.2,398369,0.7,13516,0.3,74584,41.1,211,9.7,10962,9.7
"06085","5","52232","77","0","2024","A","",38,3252,1020778761,27901870,664444,6037,313917,"",0.57,3.52,2.67,3.08,2.35,0.76,0.76,"",-3,-7.3,-440,-11.9,-93438017,-8.4,-3566472,-11.3,20856,3.2,233,4.0,12111,4.0
"06085","5","522320","78","0","2024","A","",38,3252,1020778761,27901870,664444,6037,313917,"",0.57,3.52,2.67,3.08,2.35,0.76,0.76,"",-3,-7.3,-440,-11.9,-93438017,-8.4,-3566472,-11.3,20856,3.2,233,4.0,12111,4.0
"06085","5","52239","77","0","2024","A","",28,316,64131214,2861082,86337,3907,203161,"",0.54,0.63,0.43,0.67,0.56,0.69,0.69,"",-1,-3.4,14,4.6,8207602,14.7,200055,7.5,-5139,-5.6,346,9.7,17983,9.7
"06085","5","522390","78","0","2024","A","",28,316,64131214,2861082,86337,3907,203161,"",0.54,0.63,0.43,0.67,0.56,0.69,0.69,"",-1,-3.4,14,4.6,8207602,14.7,200055,7.5,-5139,-5.6,346,9.7,17983,9.7
"06085","5","523","75","0","2024","A","",858,4994,1582712295,47624999,1439768,6095,316949,"",0.82,0.64,0.27,0.55,0.56,0.42,0.42,"",0,0.0,-27,-0.5,-51553482,-3.2,2187776,4.8,159283,12.4,-165,-2.6,-8553,-2.6
"06085","5","5231","76","0","2024","A","N",168,0,0,0,0,0,0,"N",0.57,0,0,0,0,0,0,"N",-11,-6.1,0,0,0,0,0,0,0,0,0,0,0,0
"06085","5","52315","77","0","2024","A","",158,1420,518834851,13100004,339841,7027,365420,"",0.59,0.44,0.21,0.36,0.37,0.47,0.47,"",-9,-5.4,-1,-0.1,39206111,8.2,-7110,-0.1,9163,2.8,535,8.2,27832,8.2
"06085","5","523150","78","0","2024","A","",158,1420,518834851,13100004,339841,7027,365420,"",0.59,0.44,0.21,0.36,0.37,0.47,0.47,"",-9,-5.4,-1,-0.1,39206111,8.2,-7110,-0.1,9163,2.8,535,8.2,27832,8.2
"06085","5","52316","77","0","2024","A","N",10,0,0,0,0,0,0,"N",0.40,0,0,0,0,0,0,"N",-2,-16.7,0,0,0,0,0,0,0,0,0,0,0,0
"06085","5","523160","78","0","2024","A","N",10,0,0,0,0,0,0,"N",0.40,0,0,0,0,0,0,"N",-2,-16.7,0,0,0,0,0,0,0,0,0,0,0,0
"06085","5","5232","76","0","2024","A","N",4,0,0,0,0,0,0,"N",0.61,0,0,0,0,0,0,"N",-2,-33.3,0,0,0,0,0,0,0,0,0,0,0,0
"06085","5","52321","77","0","2024","A","N",4,0,0,0,0,0,0,"N",0.61,0,0,0,0,0,0,"N",-2,-33.3,0,0,0,0,0,0,0,0,0,0,0,0
"06085","5","523210","78","0","2024","A","N",4,0,0,0,0,0,0,"N",0.61,0,0,0,0,0,0,"N",-2,-33.3,0,0,0,0,0,0,0,0,0,0,0,0
"06085","5","5239","76","0","2024","A","",686,3546,1057065532,34132054,1080468,5733,298136,"",0.91,0.82,0.34,0.71,0.69,0.41,0.41,"",12,1.8,-23,-0.6,-90840667,-7.9,2187803,6.8,147392,15.8,-453,-7.3,-23511,-7.3
"06085","5","52391","77","0","2024","A","",148,1088,427057629,10510597,297191,7545,392366,"",2.18,4.44,2.39,4.11,3.05,0.54,0.54,"",-10,-6.3,-90,-7.6,-116302010,-21.4,290681,2.8,37534,14.5,-1326,-14.9,-68923,-14.9
"06085","5","523910","78","0","2024","A","",148,1088,427057629,10510597,297191,7545,392366,"",2.18,4.44,2.39,4.11,3.05,0.54,0.54,"",-10,-6.3,-90,-7.6,-116302010,-21.4,290681,2.8,37534,14.5,-1326,-14.9,-68923,-14.9
"06085","5","52394","77","0","2024","A","",515,2336,609185874,22531352,745632,5015,260791,"",0.85,0.64,0.22,0.55,0.57,0.35,0.35,"",22,4.5,26,1.1,17966344,3.0,1500831,7.1,93870,14.4,93,1.9,4843,1.9
"06085","5","523940","78","0","2024","A","",515,2336,609185874,22531352,745632,5015,260791,"",0.85,0.64,0.22,0.55,0.57,0.35,0.35,"",22,4.5,26,1.1,17966344,3.0,1500831,7.1,93870,14.4,93,1.9,4843,1.9
"06085","5","52399","77","0","2024","A","",23,121,20822029,1090105,37645,3302,171728,"",0.31,0.29,0.10,0.23,0.24,0.36,0.36,"",0,0.0,40,49.4,7494999,56.2,396291,57.1,15988,73.8,138,4.4,7197,4.4
"06085","5","523991","78","0","2024","A","",12,42,5249359,389247,11494,2404,124985,"",0.58,0.27,0.10,0.23,0.24,0.36,0.36,"",-2,-14.3,-6,-12.5,17239,0.3,-7397,-1.9,-1213,-9.5,326,15.7,16921,15.7
"06085","5","523999","78","0","2024","A","",11,79,15572670,700858,26151,3779,196501,"",0.20,0.30,0.11,0.23,0.25,0.36,0.36,"",1,10.0,46,139.4,7477760,92.4,403688,135.8,17201,192.2,-999,-20.9,-51936,-20.9
"06085","5","524","75","0","2024","A","",673,4066,475460970,36755220,1263126,2249,116950,"",0.43,0.22,0.09,0.19,0.26,0.41,0.41,"",-25,-3.6,-46,-1.1,31110539,7.0,881520,2.5,105015,9.1,171,8.2,8879,8.2
"06085","5","5241","76","0","2024","A","",87,1305,172738990,11579984,460450,2546,132375,"",0.36,0.15,0.06,0.13,0.21,0.43,0.43,"",-7,-7.4,72,5.8,19187991,12.5,666791,6.1,59820,14.9,150,6.3,7807,6.3
"06085","5","52411","77","0","2024","A","",40,712,87119527,6432685,207431,2354,122402,"",0.42,0.15,0.06,0.13,0.17,0.41,0.41,"",1,2.6,42,6.3,8654507,11.0,492450,8.3,33409,19.2,103,4.6,5363,4.6
"06085","5","524113","78","0","2024","A","",20,152,14323539,1430390,43080,1813,94286,"",0.55,0.10,0.03,0.08,0.11,0.27,0.27,"",2,11.1,-17,-10.1,1124373,8.5,-92903,-6.1,826,2.0,313,20.9,16261,20.8
"06085","5","524114","78","0","2024","A","",19,560,72795988,5002295,164351,2501,130032,"",0.32,0.17,0.08,0.16,0.21,0.47,0.47,"",-2,-9.5,59,11.8,7530134,11.5,585353,13.3,32583,24.7,-3,-0.1,-174,-0.1
"06085","5","52412","77","0","2024","A","",47,593,85619463,5147299,253019,2776,144343,"",0.33,0.16,0.07,0.14,0.26,0.47,0.47,"",-8,-14.5,31,5.5,10533484,14.0,174341,3.5,26411,11.7,208,8.1,10797,8.1
"06085","5","524126","78","0","2024","A","N",18,0,0,0,0,0,0,"N",0.21,0,0,0,0,0,0,"N",-3,-14.3,0,0,0,0,0,0,0,0,0,0,0,0
"06085","5","524127","78","0","2024","A","",27,408,58822676,3403634,206146,2773,144173,"",0.68,1.04,0.50,0.80,1.17,0.48,0.48,"",-5,-15.6,32,8.5,6525194,12.5,220618,6.9,25947,14.4,101,3.8,5207,3.7
"06085","5","524128","78","0","2024","A","N",2,0,0,0,0,0,0,"N",0.13,0,0,0,0,0,0,"N",0,0.0,0,0,0,0,0,0,0,0,0,0,0,0
"06085","5","5242","76","0","2024","A","",586,2761,302721980,25175236,802676,2109,109659,"",0.45,0.28,0.11,0.25,0.31,0.41,0.41,"",-18,-3.0,-118,-4.1,11922548,4.1,214729,0.9,45195,6.0,167,8.6,8652,8.6
"06085","5","52421","77","0","2024","A","",556,2580,285867388,23155906,722726,2131,110819,"",0.50,0.36,0.15,0.32,0.41,0.41,0.41,"",-17,-3.0,-6,-0.2,11673436,4.3,315034,1.4,56418,8.5,92,4.5,4806,4.5
"06085","5","524210","78","0","2024","A","",556,2580,285867388,23155906,722726,2131,110819,"",0.50,0.36,0.15,0.32,0.41,0.41,0.41,"",-17,-3.0,-6,-0.2,11673436,4.3,315034,1.4,56418,8.5,92,4.5,4806,4.5
"06085","5","52429","77","0","2024","A","",30,181,16854592,2019330,79950,1791,93119,"",0.15,0.07,0.02,0.07,0.10,0.36,0.36,"",-1,-3.2,-112,-38.2,249112,1.5,-100305,-4.7,-11223,-12.3,700,64.2,36364,64.1
"06085","5","524291","78","0","2024","A","",7,20,3851676,275893,10936,3719,193390,"",0.12,0.04,0.03,0.06,0.07,0.75,0.75,"",-1,-12.5,2,11.1,171919,4.7,22027,8.7,306,2.9,-159,-4.1,-8241,-4.1
"06085","5","524292","78","0","2024","A","",12,124,8084032,1404199,59573,1251,65063,"",0.18,0.08,0.02,0.09,0.13,0.26,0.26,"",1,9.1,-111,-47.2,391815,5.1,-104910,-7.0,-9466,-13.7,622,98.9,32377,99.1
"06085","5","524298","78","0","2024","A","",12,37,4918884,339238,9441,2568,133544,"",0.15,0.05,0.02,0.05,0.04,0.45,0.45,"",1,9.1,-2,-5.1,-314622,-6.0,-17422,-4.9,-2063,-17.9,-13,-0.5,-648,-0.5
"06085","5","525","75","0","2024","A","",40,98,11096034,1050875,38478,2183,113514,"",0.57,0.43,0.10,0.27,0.24,0.23,0.23,"",-8,-16.7,-10,-9.3,-1830519,-14.2,-48972,-4.5,-314,-0.8,-113,-4.9,-5900,-4.9
"06085","5","5251","76","0","2024","A","",7,6,514029,65612,1929,1625,84498,"",0.49,0.07,0.02,0.06,0.05,0.30,0.30,"",-1,-12.5,2,50.0,110752,27.5,18476,39.2,417,27.6,-200,-11.0,-10391,-11.0
"06085","5","52511","77","0","2024","A","N",3,0,0,0,0,0,0,"N",0.47,0,0,0,0,0,0,"N",0,0.0,0,0,0,0,0,0,0,0,0,0,0,0
"06085","5","525110","78","0","2024","A","N",3,0,0,0,0,0,0,"N",0.47,0,0,0,0,0,0,"N",0,0.0,0,0,0,0,0,0,0,0,0,0,0,0
"06085","5","52512","77","0","2024","A","N",2,0,0,0,0,0,0,"N",0.39,0,0,0,0,0,0,"N",-1,-33.3,0,0,0,0,0,0,0,0,0,0,0,0
"06085","5","525120","78","0","2024","A","N",2,0,0,0,0,0,0,"N",0.39,0,0,0,0,0,0,"N",-1,-33.3,0,0,0,0,0,0,0,0,0,0,0,0
"06085","5","52519","77","0","2024","A","N",2,0,0,0,0,0,0,"N",0.74,0,0,0,0,0,0,"N",0,0.0,0,0,0,0,0,0,0,0,0,0,0,0
"06085","5","525190","78","0","2024","A","N",2,0,0,0,0,0,0,"N",0.74,0,0,0,0,0,0,"N",0,0.0,0,0,0,0,0,0,0,0,0,0,0,0
"06085","5","5259","76","0","2024","A","",33,92,10582005,985263,36549,2220,115440,"",0.59,0.67,0.12,0.35,0.31,0.18,0.18,"",-7,-17.5,-12,-11.5,-1941271,-15.5,-67448,-6.4,-731,-2.0,-96,-4.1,-4976,-4.1
"06085","5","52591","77","0","2024","A","N",5,0,0,0,0,0,0,"N",0.52,0,0,0,0,0,0,"N",0,0.0,0,0,0,0,0,0,0,0,0,0,0,0
"06085","5","525910","78","0","2024","A","N",5,0,0,0,0,0,0,"N",0.52,0,0,0,0,0,0,"N",0,0.0,0,0,0,0,0,0,0,0,0,0,0,0
"06085","5","52592","77","0","2024","A","N",13,0,0,0,0,0,0,"N",0.58,0,0,0,0,0,0,"N",-4,-23.5,0,0,0,0,0,0,0,0,0,0,0,0
"06085","5","525920","78","0","2024","A","N",13,0,0,0,0,0,0,"N",0.58,0,0,0,0,0,0,"N",-4,-23.5,0,0,0,0,0,0,0,0,0,0,0,0
"06085","5","52599","77","0","2024","A","",15,48,5636685,494985,20149,2278,118459,"",0.63,0.58,0.11,0.54,0.54,0.20,0.20,"",-3,-16.7,-2,-4.0,-1307539,-18.8,36629,8.0,3035,17.7,-415,-15.4,-21593,-15.4
"06085","5","525990","78","0","2024","A","",15,48,5636685,494985,20149,2278,118459,"",0.63,0.58,0.11,0.54,0.54,0.20,0.20,"",-3,-16.7,-2,-4.0,-1307539,-18.8,36629,8.0,3035,17.7,-415,-15.4,-21593,-15.4
"06085","5","53","74","0","2024","A","",3162,15391,1743103584,132982725,4231140,2178,113254,"",0.93,0.89,0.50,0.78,0.79,0.56,0.56,"",-13,-0.4,-229,-1.5,-6557113,-0.4,2711982,2.1,-55356,-1.3,24,1.1,1237,1.1
"06085","5","531","75","0","2024","A","",2960,13126,1461424489,112847124,3656497,2141,111337,"",1.00,1.01,0.55,0.87,0.89,0.55,0.55,"",-15,-0.5,-136,-1.0,-6788738,-0.5,3370525,3.1,-10030,-0.3,12,0.6,627,0.6
"06085","5","5311","76","0","2024","A","",700,3904,531069636,32968383,1148544,2616,136018,"",0.82,0.85,0.61,0.77,0.83,0.71,0.71,"",-1,-0.1,-104,-2.6,-16692261,-3.0,-809974,-2.4,-108645,-8.6,-12,-0.5,-643,-0.5
"06085","5","53111","77","0","2024","A","",353,1314,95709628,10541915,281875,1401,72852,"",0.77,0.49,0.21,0.42,0.34,0.44,0.44,"",1,0.3,-48,-3.5,-5010708,-5.0,-1184070,-10.1,-28151,-9.1,-21,-1.5,-1094,-1.5
"06085","5","531110","78","0","2024","A","",353,1314,95709628,10541915,281875,1401,72852,"",0.77,0.49,0.21,0.42,0.34,0.44,0.44,"",1,0.3,-48,-3.5,-5010708,-5.0,-1184070,-10.1,-28151,-9.1,-21,-1.5,-1094,-1.5
"06085","5","53112","77","0","2024","A","",159,1120,170737398,10243096,270338,2931,152433,"",0.84,0.98,0.54,0.98,0.78,0.56,0.56,"",-2,-1.2,-29,-2.5,17434865,11.4,1025168,11.1,-23258,-7.9,365,14.2,19020,14.3
"06085","5","531120","78","0","2024","A","",159,1120,170737398,10243096,270338,2931,152433,"",0.84,0.98,0.54,0.98,0.78,0.56,0.56,"",-2,-1.2,-29,-2.5,17434865,11.4,1025168,11.1,-23258,-7.9,365,14.2,19020,14.3
"06085","5","53113","77","0","2024","A","",113,1121,241310179,9132825,495514,4138,215183,"",0.87,2.58,3.93,2.31,4.10,1.53,1.52,"",1,0.9,-22,-1.9,-27367769,-10.2,-1114665,-10.9,-74793,-13.1,-384,-8.5,-19967,-8.5
"06085","5","531130","78","0","2024","A","",113,1121,241310179,9132825,495514,4138,215183,"",0.87,2.58,3.93,2.31,4.10,1.53,1.52,"",1,0.9,-22,-1.9,-27367769,-10.2,-1114665,-10.9,-74793,-13.1,-384,-8.5,-19967,-8.5
"06085","5","53119","77","0","2024","A","",74,349,23312431,3050547,100817,1284,66766,"",1.02,1.14,0.43,1.09,1.11,0.38,0.38,"",-2,-2.6,-5,-1.4,-1748649,-7.0,463593,17.9,17557,21.1,-76,-5.6,-3945,-5.6
"06085","5","531190","78","0","2024","A","",74,349,23312431,3050547,100817,1284,66766,"",1.02,1.14,0.43,1.09,1.11,0.38,0.38,"",-2,-2.6,-5,-1.4,-1748649,-7.0,463593,17.9,17557,21.1,-76,-5.6,-3945,-5.6
"06085","5","5312","76","0","2024","A","",1207,3675,410654296,34087889,1128874,2149,111730,"",1.08,1.47,0.71,1.33,1.46,0.48,0.48,"",-11,-0.9,52,1.4,16162129,4.1,4557724,15.4,173978,18.2,55,2.6,2839,2.6
"06085","5","53121","77","0","2024","A","",1207,3675,410654296,34087889,1128874,2149,111730,"",1.08,1.47,0.71,1.33,1.46,0.48,0.48,"",-11,-0.9,52,1.4,16162129,4.1,4557724,15.4,173978,18.2,55,2.6,2839,2.6
"06085","5","531210","78","0","2024","A","",1207,3675,410654296,34087889,1128874,2149,111730,"",1.08,1.47,0.71,1.33,1.46,0.48,0.48,"",-11,-0.9,52,1.4,16162129,4.1,4557724,15.4,173978,18.2,55,2.6,2839,2.6
"06085","5","5313","76","0","2024","A","",1054,5546,519700557,45790852,1379079,1802,93702,"",1.05,0.93,0.43,0.75,0.71,0.47,0.47,"",-1,-0.1,-85,-1.5,-6258606,-1.2,-377225,-0.8,-75363,-5.2,6,0.3,295,0.3
"06085","5","53131","77","0","2024","A","",875,5215,479618273,42086707,1250476,1769,91975,"",1.26,1.02,0.50,0.81,0.76,0.49,0.49,"",-8,-0.9,35,0.7,28109788,6.2,585571,1.4,-11982,-0.9,93,5.5,4807,5.5
"06085","5","531311","78","0","2024","A","",689,4132,338603458,33709781,1025506,1576,81952,"",1.29,1.07,0.52,0.85,0.81,0.49,0.49,"",-17,-2.4,2,0.0,18800856,5.9,847381,2.6,-8327,-0.8,87,5.8,4512,5.8
"06085","5","531312","78","0","2024","A","",186,1083,141014815,8376926,224970,2504,130218,"",1.15,0.87,0.44,0.66,0.59,0.51,0.51,"",9,5.1,33,3.1,9308932,7.1,-261810,-3.0,-3655,-1.6,92,3.8,4794,3.8
"06085","5","53132","77","0","2024","A","",30,70,8521163,607255,18283,2344,121876,"",0.33,0.35,0.21,0.30,0.33,0.62,0.62,"",-4,-11.8,-1,-1.4,608611,7.7,-5082,-0.8,-1151,-5.9,188,8.7,9774,8.7
"06085","5","531320","78","0","2024","A","",30,70,8521163,607255,18283,2344,121876,"",0.33,0.35,0.21,0.30,0.33,0.62,0.62,"",-4,-11.8,-1,-1.4,608611,7.7,-5082,-0.8,-1151,-5.9,188,8.7,9774,8.7
"06085","5","53139","77","0","2024","A","",148,262,31561121,3096890,110320,2319,120577,"",0.67,0.40,0.16,0.47,0.45,0.40,0.40,"",10,7.2,-119,-31.2,-34977005,-52.6,-957714,-23.6,-62230,-36.1,-1044,-31.0,-54293,-31.0
"06085","5","531390","78","0","2024","A","",148,262,31561121,3096890,110320,2319,120577,"",0.67,0.40,0.16,0.47,0.45,0.40,0.40,"",10,7.2,-119,-31.2,-34977005,-52.6,-957714,-23.6,-62230,-36.1,-1044,-31.0,-54293,-31.0
"06085","5","532","75","0","2024","A","",182,1982,152674772,17590998,440272,1481,77037,"",0.45,0.48,0.20,0.43,0.36,0.42,0.42,"",1,0.6,-115,-5.5,-4785372,-3.0,-1033654,-5.5,-58275,-11.7,37,2.6,1943,2.6
"06085","5","5321","76","0","2024","A","",74,900,56361578,7448475,166605,1204,62612,"",0.58,0.58,0.23,0.51,0.46,0.39,0.39,"",-1,-1.3,-33,-3.5,-297595,-0.5,-245035,-3.2,-15876,-8.7,36,3.1,1857,3.1
"06085","5","53211","77","0","2024","A","",57,649,37996191,5321557,113764,1126,58576,"",0.76,0.75,0.29,0.65,0.56,0.39,0.39,"",0,0.0,-22,-3.3,477113,1.3,-108703,-2.0,-8552,-7.0,50,4.6,2647,4.7
"06085","5","532111","78","0","2024","A","N",56,0,0,0,0,0,0,"N",0.82,0,0,0,0,0,0,"N",1,1.8,0,0,0,0,0,0,0,0,0,0,0,0
"06085","5","532112","78","0","2024","A","N",1,0,0,0,0,0,0,"N",0.17,0,0,0,0,0,0,"N",-1,-50.0,0,0,0,0,0,0,0,0,0,0,0,0
"06085","5","53212","77","0","2024","A","",17,252,18365387,2126918,52841,1404,73023,"",0.32,0.37,0.16,0.33,0.32,0.43,0.43,"",-1,-5.6,-10,-3.8,-774708,-4.0,-136332,-6.0,-7324,-12.2,-2,-0.1,-101,-0.1
"06085","5","532120","78","0","2024","A","",17,252,18365387,2126918,52841,1404,73023,"",0.32,0.37,0.16,0.33,0.32,0.43,0.43,"",-1,-5.6,-10,-3.8,-774708,-4.0,-136332,-6.0,-7324,-12.2,-2,-0.1,-101,-0.1
"06085","5","5322","76","0","2024","A","N",42,0,0,0,0,0,0,"N",0.34,0,0,0,0,0,0,"N",-3,-6.7,0,0,0,0,0,0,0,0,0,0,0,0
"06085","5","53221","77","0","2024","A","N",4,0,0,0,0,0,0,"N",0.40,0,0,0,0,0,0,"N",0,0.0,0,0,0,0,0,0,0,0,0,0,0,0
"06085","5","532210","78","0","2024","A","N",4,0,0,0,0,0,0,"N",0.40,0,0,0,0,0,0,"N",0,0.0,0,0,0,0,0,0,0,0,0,0,0,0
"06085","5","53228","77","0","2024","A","N",38,0,0,0,0,0,0,"N",0.33,0,0,0,0,0,0,"N",-3,-7.3,0,0,0,0,0,0,0,0,0,0,0,0
"06085","5","532281","78","0","2024","A","",5,62,8807459,530471,13707,2739,142439,"",1.00,1.65,1.86,1.59,0.76,1.13,1.13,"",1,25.0,32,106.7,7560015,606.0,275982,108.4,9890,259.1,1937,241.5,100742,241.6
"06085","5","532282","78","0","2024","A","N",2,0,0,0,0,0,0,"N",0.60,0,0,0,0,0,0,"N",1,100.0,0,0,0,0,0,0,0,0,0,0,0,0
"06085","5","532283","78","0","2024","A","",7,59,3654493,456549,14545,1200,62381,"",0.37,0.25,0.10,0.19,0.25,0.41,0.41,"",0,0.0,0,0.0,228157,6.7,-53284,-10.5,-6229,-30.0,75,6.7,3894,6.7
"06085","5","532284","78","0","2024","A","N",2,0,0,0,0,0,0,"N",0.09,0,0,0,0,0,0,"N",-1,-33.3,0,0,0,0,0,0,0,0,0,0,0,0
"06085","5","532289","78","0","2024","A","",22,285,17185794,2537462,63926,1159,60266,"",0.35,0.64,0.28,0.59,0.38,0.44,0.44,"",-4,-15.4,-60,-17.4,-10120327,-37.1,-571422,-18.4,-31766,-33.2,-363,-23.9,-18863,-23.8
"06085","5","5323","76","0","2024","A","N",5,0,0,0,0,0,0,"N",0.21,0,0,0,0,0,0,"N",-1,-16.7,0,0,0,0,0,0,0,0,0,0,0,0
"06085","5","53231","77","0","2024","A","N",5,0,0,0,0,0,0,"N",0.21,0,0,0,0,0,0,"N",-1,-16.7,0,0,0,0,0,0,0,0,0,0,0,0
"06085","5","532310","78","0","2024","A","N",5,0,0,0,0,0,0,"N",0.21,0,0,0,0,0,0,"N",-1,-16.7,0,0,0,0,0,0,0,0,0,0,0,0
"06085","5","5324","76","0","2024","A","",61,563,55580122,5368187,152093,1897,98648,"",0.46,0.40,0.16,0.37,0.32,0.41,0.41,"",5,8.9,-56,-9.0,-2628936,-4.5,-282571,-5.0,-3013,-1.9,88,4.9,4573,4.9
"06085","5","53241","77","0","2024","A","",21,311,30921857,2754679,72219,1915,99561,"",0.36,0.42,0.16,0.36,0.33,0.39,0.39,"",4,23.5,-2,-0.6,1352239,4.6,250879,10.0,2484,3.6,99,5.5,5115,5.4
"06085","5","532411","78","0","2024","A","N",2,0,0,0,0,0,0,"N",0.34,0,0,0,0,0,0,"N",1,100.0,0,0,0,0,0,0,0,0,0,0,0,0
"06085","5","532412","78","0","2024","A","N",19,0,0,0,0,0,0,"N",0.36,0,0,0,0,0,0,"N",3,18.8,0,0,0,0,0,0,0,0,0,0,0,0
"06085","5","53242","77","0","2024","A","N",1,0,0,0,0,0,0,"N",0.12,0,0,0,0,0,0,"N",0,0.0,0,0,0,0,0,0,0,0,0,0,0,0
"06085","5","532420","78","0","2024","A","N",1,0,0,0,0,0,0,"N",0.12,0,0,0,0,0,0,"N",0,0.0,0,0,0,0,0,0,0,0,0,0,0,0
"06085","5","53249","77","0","2024","A","N",39,0,0,0,0,0,0,"N",0.60,0,0,0,0,0,0,"N",0,0.0,0,0,0,0,0,0,0,0,0,0,0,0
"06085","5","532490","78","0","2024","A","N",39,0,0,0,0,0,0,"N",0.60,0,0,0,0,0,0,"N",0,0.0,0,0,0,0,0,0,0,0,0,0,0,0
"06085","5","533","75","0","2024","A","",20,283,129004323,2544603,134371,8761,455577,"",0.77,1.77,2.11,1.45,2.32,1.19,1.19,"",1,5.3,22,8.4,5016997,4.0,375111,17.3,12949,10.7,-375,-4.1,-19470,-4.1
"06085","5","5331","76","0","2024","A","",20,283,129004323,2544603,134371,8761,455577,"",0.77,1.77,2.11,1.45,2.32,1.19,1.19,"",1,5.3,22,8.4,5016997,4.0,375111,17.3,12949,10.7,-375,-4.1,-19470,-4.1
"06085","5","53311","77","0","2024","A","",20,283,129004323,2544603,134371,8761,455577,"",0.77,1.77,2.11,1.45,2.32,1.19,1.19,"",1,5.3,22,8.4,5016997,4.0,375111,17.3,12949,10.7,-375,-4.1,-19470,-4.1
"06085","5","533110","78","0","2024","A","",20,283,129004323,2544603,134371,8761,455577,"",0.77,1.77,2.11,1.45,2.32,1.19,1.19,"",1,5.3,22,8.4,5016997,4.0,375111,17.3,12949,10.7,-375,-4.1,-19470,-4.1
"06085","5","54","74","0","2024","A","",10012,160179,46625225292,1659502464,51690016,5598,291081,"",0.84,2.06,1.80,2.05,2.03,0.87,0.87,"",89,0.9,-791,-0.5,7449529704,19.0,5884597,0.4,4373382,9.2,918,19.6,47708,19.6
"06085","5","541","75","0","2024","A","",10012,160179,46625225292,1659502464,51690016,5598,291081,"",0.84,2.06,1.80,2.05,2.03,0.87,0.87,"",89,0.9,-791,-0.5,7449529704,19.0,5884597,0.4,4373382,9.2,918,19.6,47708,19.6
"06085","5","5411","76","0","2024","A","",924,6909,1431062834,62357720,1646875,3983,207118,"",0.64,0.80,0.48,0.74,0.72,0.60,0.60,"",18,2.0,-56,-0.8,8218008,0.6,-929425,-1.5,97922,6.3,54,1.4,2823,1.4
"06085","5","54111","77","0","2024","A","",865,6737,1412432629,60693227,1573718,4032,209663,"",0.66,0.85,0.50,0.78,0.77,0.59,0.59,"",12,1.4,-67,-1.0,7035563,0.5,-1059630,-1.7,72718,4.8,60,1.5,3098,1.5
"06085","5","541110","78","0","2024","A","",865,6737,1412432629,60693227,1573718,4032,209663,"",0.66,0.85,0.50,0.78,0.77,0.59,0.59,"",12,1.4,-67,-1.0,7035563,0.5,-1059630,-1.7,72718,4.8,60,1.5,3098,1.5
"06085","5","54119","77","0","2024","A","",59,173,18630205,1664493,73157,2074,107845,"",0.41,0.25,0.12,0.24,0.29,0.50,0.50,"",6,11.3,12,7.5,1182445,6.8,130205,8.5,25204,52.6,-10,-0.5,-526,-0.5
"06085","5","541191","78","0","2024","A","N",12,0,0,0,0,0,0,"N",0.17,0,0,0,0,0,0,"N",0,0.0,0,0,0,0,0,0,0,0,0,0,0,0
"06085","5","541199","78","0","2024","A","N",47,0,0,0,0,0,0,"N",0.62,0,0,0,0,0,0,"N",6,14.6,0,0,0,0,0,0,0,0,0,0,0,0
"06085","5","5412","76","0","2024","A","",902,8449,1088863662,80002192,2034693,2478,128881,"",0.70,1.01,0.51,0.94,0.74,0.50,0.50,"",4,0.4,-996,-10.5,-61582222,-5.4,-15138750,-15.9,-273327,-11.8,136,5.8,7081,5.8
"06085","5","54121","77","0","2024","A","",902,8449,1088863662,80002192,2034693,2478,128881,"",0.70,1.01,0.51,0.94,0.74,0.50,0.50,"",4,0.4,-996,-10.5,-61582222,-5.4,-15138750,-15.9,-273327,-11.8,136,5.8,7081,5.8
"06085","5","541211","78","0","2024","A","",334,5659,809348727,52571007,1124664,2750,143011,"",0.76,1.45,0.68,1.28,1.11,0.47,0.47,"",-4,-1.2,-628,-10.0,-68977169,-7.9,-10610347,-16.8,-178946,-13.7,63,2.3,3310,2.4
"06085","5","541213","78","0","2024","A","",263,794,58344085,8093741,333614,1413,73458,"",1.01,1.11,0.57,1.19,0.77,0.51,0.51,"",-1,-0.4,-491,-38.2,-10951704,-15.8,-6276708,-43.7,-166709,-33.3,376,36.3,19524,36.2
"06085","5","541214","78","0","2024","A","",28,536,47059159,5177077,187621,1687,87715,"",0.31,0.32,0.11,0.30,0.26,0.35,0.35,"",-2,-6.7,-6,-1.1,1128122,2.5,458226,9.7,16497,9.6,58,3.6,3023,3.6
"06085","5","541219","78","0","2024","A","",278,1458,174111691,14160367,388794,2296,119377,"",0.56,0.70,0.41,0.70,0.68,0.58,0.58,"",11,4.1,127,9.5,17218529,11.0,1290079,10.0,55831,16.8,29,1.3,1501,1.3
"06085","5","5413","76","0","2024","A","",916,16152,4603850210,273833179,9976719,5481,285024,"",0.77,1.33,1.26,2.10,2.56,0.95,0.95,"",6,0.7,-1882,-10.4,571096596,14.2,-15090658,-5.2,-63350,-0.6,1181,27.5,61399,27.5
"06085","5","54131","77","0","2024","A","",156,1158,142434774,9995360,263947,2365,122992,"",0.76,0.79,0.35,0.64,0.62,0.44,0.44,"",0,0.0,-61,-5.0,-4479753,-3.0,-227139,-2.2,-7812,-2.9,47,2.0,2463,2.0
"06085","5","541310","78","0","2024","A","",156,1158,142434774,9995360,263947,2365,122992,"",0.76,0.79,0.35,0.64,0.62,0.44,0.44,"",0,0.0,-61,-5.0,-4479753,-3.0,-227139,-2.2,-7812,-2.9,47,2.0,2463,2.0
"06085","5","54132","77","0","2024","A","",34,198,20762230,1988196,56195,2016,104816,"",0.65,0.79,0.42,0.80,0.59,0.52,0.52,"",-1,-2.9,-13,-6.2,245878,1.2,154005,8.4,5508,10.9,142,7.6,7390,7.6
"06085","5","541320","78","0","2024","A","",34,198,20762230,1988196,56195,2016,104816,"",0.65,0.79,0.42,0.80,0.59,0.52,0.52,"",-1,-2.9,-13,-6.2,245878,1.2,154005,8.4,5508,10.9,142,7.6,7390,7.6
"06085","5","54133","77","0","2024","A","",584,12275,4112544849,237739139,8817468,6443,335034,"",0.85,1.46,1.52,2.60,3.30,1.04,1.04,"",5,0.9,-1586,-11.4,601694482,17.1,-15412349,-6.1,-59358,-0.7,1572,32.3,81735,32.3
"06085","5","541330","78","0","2024","A","",584,12275,4112544849,237739139,8817468,6443,335034,"",0.85,1.46,1.52,2.60,3.30,1.04,1.04,"",5,0.9,-1586,-11.4,601694482,17.1,-15412349,-6.1,-59358,-0.7,1572,32.3,81735,32.3
"06085","5","54134","77","0","2024","A","",14,32,4275721,332575,10736,2550,132580,"",0.57,0.47,0.33,0.48,0.56,0.70,0.70,"",1,7.7,-9,-22.0,-1447426,-25.3,8014,2.5,-511,-4.5,-118,-4.4,-6163,-4.4
"06085","5","541340","78","0","2024","A","",14,32,4275721,332575,10736,2550,132580,"",0.57,0.47,0.33,0.48,0.56,0.70,0.70,"",1,7.7,-9,-22.0,-1447426,-25.3,8014,2.5,-511,-4.5,-118,-4.4,-6163,-4.4
"06085","5","54135","77","0","2024","A","",22,58,7161741,542042,15719,2364,122948,"",0.37,0.30,0.20,0.29,0.23,0.68,0.68,"",0,0.0,-1,-1.7,-22710,-0.3,26632,5.2,685,4.6,12,0.5,659,0.5
"06085","5","541350","78","0","2024","A","",22,58,7161741,542042,15719,2364,122948,"",0.37,0.30,0.20,0.29,0.23,0.68,0.68,"",0,0.0,-1,-1.7,-22710,-0.3,26632,5.2,685,4.6,12,0.5,659,0.5
"06085","5","54136","77","0","2024","A","N",9,0,0,0,0,0,0,"N",0.52,0,0,0,0,0,0,"N",1,12.5,0,0,0,0,0,0,0,0,0,0,0,0
"06085","5","541360","78","0","2024","A","N",9,0,0,0,0,0,0,"N",0.52,0,0,0,0,0,0,"N",1,12.5,0,0,0,0,0,0,0,0,0,0,0,0
"06085","5","54137","77","0","2024","A","N",15,0,0,0,0,0,0,"N",0.25,0,0,0,0,0,0,"N",0,0.0,0,0,0,0,0,0,0,0,0,0,0,0
"06085","5","541370","78","0","2024","A","N",15,0,0,0,0,0,0,"N",0.25,0,0,0,0,0,0,"N",0,0.0,0,0,0,0,0,0,0,0,0,0,0,0
"06085","5","54138","77","0","2024","A","",80,1980,231563353,19360379,595806,2249,116951,"",1.00,1.56,0.72,1.47,1.30,0.46,0.46,"",-2,-2.4,-172,-8.0,-19132516,-7.6,397406,2.1,3681,0.6,8,0.4,430,0.4
"06085","5","541380","78","0","2024","A","",80,1980,231563353,19360379,595806,2249,116951,"",1.00,1.56,0.72,1.47,1.30,0.46,0.46,"",-2,-2.4,-172,-8.0,-19132516,-7.6,397406,2.1,3681,0.6,8,0.4,430,0.4
"06085","5","5414","76","0","2024","A","",274,1734,265003388,15667108,467400,2939,152850,"",0.82,1.59,1.03,1.50,1.27,0.65,0.64,"",15,5.8,482,38.5,94208702,55.2,6157780,64.8,179769,62.5,315,12.0,16405,12.0
"06085","5","54141","77","0","2024","A","",114,289,17267718,2738861,74900,1148,59715,"",0.86,0.72,0.23,0.72,0.60,0.31,0.31,"",12,11.8,33,12.9,2345854,15.7,241065,9.7,6283,9.2,29,2.6,1502,2.6
"06085","5","541410","78","0","2024","A","",114,289,17267718,2738861,74900,1148,59715,"",0.86,0.72,0.23,0.72,0.60,0.31,0.31,"",12,11.8,33,12.9,2345854,15.7,241065,9.7,6283,9.2,29,2.6,1502,2.6
"06085","5","54142","77","0","2024","A","",35,357,81252367,2980443,103539,4373,227385,"",1.76,2.52,1.73,2.35,2.00,0.69,0.69,"",-1,-2.8,17,5.0,11324024,16.2,86862,3.0,-4263,-4.0,420,10.6,21814,10.6
"06085","5","541420","78","0","2024","A","",35,357,81252367,2980443,103539,4373,227385,"",1.76,2.52,1.73,2.35,2.00,0.69,0.69,"",-1,-2.8,17,5.0,11324024,16.2,86862,3.0,-4263,-4.0,420,10.6,21814,10.6
"06085","5","54143","77","0","2024","A","",90,990,158616483,8849225,256444,3083,160300,"",0.65,2.48,1.64,2.24,1.96,0.66,0.66,"",-1,-1.1,413,71.6,79211097,99.8,5570652,169.9,168738,192.4,435,16.4,22623,16.4
"06085","5","541430","78","0","2024","A","",90,990,158616483,8849225,256444,3083,160300,"",0.65,2.48,1.64,2.24,1.96,0.66,0.66,"",-1,-1.1,413,71.6,79211097,99.8,5570652,169.9,168738,192.4,435,16.4,22623,16.4
"06085","5","54149","77","0","2024","A","",35,98,7866820,1098579,32517,1548,80479,"",0.77,0.67,0.21,0.78,0.56,0.31,0.31,"",5,16.7,19,24.1,1327727,20.3,259201,30.9,9011,38.3,-54,-3.4,-2822,-3.4
"06085","5","541490","78","0","2024","A","",35,98,7866820,1098579,32517,1548,80479,"",0.77,0.67,0.21,0.78,0.56,0.31,0.31,"",5,16.7,19,24.1,1327727,20.3,259201,30.9,9011,38.3,-54,-3.4,-2822,-3.4
"06085","5","5415","76","0","2024","A","",3679,85230,28652226946,850466328,25317074,6465,336177,"",1.27,4.86,3.89,4.41,4.03,0.80,0.80,"",49,1.3,1533,1.8,5520231859,23.9,28505844,3.5,3314073,15.1,1150,21.6,59800,21.6
"06085","5","54151","77","0","2024","A","",3679,85230,28652226946,850466328,25317074,6465,336177,"",1.27,4.86,3.89,4.41,4.03,0.80,0.80,"",49,1.3,1533,1.8,5520231859,23.9,28505844,3.5,3314073,15.1,1150,21.6,59800,21.6
"06085","5","541511","78","0","2024","A","",2132,45744,16595377777,482878998,14594729,6977,362791,"",1.55,5.88,4.58,5.66,4.98,0.78,0.78,"",16,0.8,-2074,-4.3,2202758955,15.3,-12826161,-2.6,1232483,9.2,1189,20.5,61801,20.5
"06085","5","541512","78","0","2024","A","",1319,31677,9107036339,285773204,8292142,5529,287494,"",1.07,3.86,2.88,3.14,2.96,0.75,0.75,"",14,1.1,1791,6.0,2303946690,33.9,19744611,7.4,1298998,18.6,1151,26.3,59860,26.3
"06085","5","541513","78","0","2024","A","",37,4903,2097176108,56167255,1579902,8225,427726,"",0.80,8.62,9.68,9.90,8.61,1.12,1.12,"",-8,-17.8,149,3.1,431554545,25.9,7777726,16.1,335715,27.0,1487,22.1,77345,22.1
"06085","5","541519","78","0","2024","A","",191,2906,852636722,25646871,850301,5643,293456,"",0.81,2.99,2.32,2.32,2.36,0.78,0.78,"",27,16.5,1666,134.4,581971669,215.0,13809668,116.7,446877,110.8,1444,34.4,75134,34.4
"06085","5","5416","76","0","2024","A","",2026,9867,1603502686,96229595,3229378,3125,162508,"",0.70,0.74,0.38,0.67,0.68,0.52,0.52,"",19,0.9,-388,-3.8,-16965191,-1.0,154871,0.2,330860,11.4,86,2.8,4484,2.8
"06085","5","54161","77","0","2024","A","",1527,6956,1134496871,68296419,2285327,3136,163090,"",0.64,0.63,0.32,0.58,0.58,0.51,0.51,"",40,2.7,-228,-3.2,-32707154,-2.8,-3292282,-4.6,99833,4.6,12,0.4,623,0.4
"06085","5","541611","78","0","2024","A","",931,3838,685451609,37650806,1128902,3434,178592,"",0.77,0.63,0.32,0.58,0.54,0.50,0.50,"",33,3.7,-316,-7.6,-47009466,-6.4,-4961202,-11.6,-56625,-4.8,43,1.3,2283,1.3
"06085","5","541612","78","0","2024","A","",59,390,59158900,4095233,129341,2920,151819,"",0.51,0.58,0.29,0.58,0.52,0.51,0.51,"",7,13.5,94,31.8,4275567,7.8,848373,26.1,2214,1.7,-649,-18.2,-33754,-18.2
"06085","5","541613","78","0","2024","A","",408,2071,304343933,20519389,816702,2826,146967,"",0.63,0.90,0.48,0.82,0.91,0.53,0.53,"",7,1.7,-42,-2.0,1889586,0.6,486446,2.4,111920,15.9,74,2.7,3850,2.7
"06085","5","541614","78","0","2024","A","",52,424,51308243,3543207,137436,2325,120891,"",0.38,0.36,0.19,0.31,0.37,0.51,0.51,"",-2,-3.7,30,7.6,4827613,10.4,219112,6.6,39136,39.8,56,2.5,2895,2.5
"06085","5","541618","78","0","2024","A","",78,233,34234186,2487784,72946,2823,146770,"",0.31,0.25,0.12,0.28,0.24,0.48,0.48,"",-4,-4.9,6,2.6,3309546,10.7,114989,4.8,3188,4.6,201,7.7,10438,7.7
"06085","5","54162","77","0","2024","A","",42,180,21540095,1453930,40822,2307,119945,"",0.39,0.25,0.12,0.17,0.17,0.48,0.48,"",1,2.4,-1,-0.6,345976,1.6,59427,4.3,2897,7.6,60,2.7,3119,2.7
"06085","5","541620","78","0","2024","A","",42,180,21540095,1453930,40822,2307,119945,"",0.39,0.25,0.12,0.17,0.17,0.48,0.48,"",1,2.4,-1,-0.6,345976,1.6,59427,4.3,2897,7.6,60,2.7,3119,2.7
"06085","5","54169","77","0","2024","A","",457,2731,447465720,26479246,903229,3150,163822,"",1.15,1.76,0.91,1.53,1.52,0.52,0.52,"",-22,-4.6,-158,-5.5,15395987,3.6,3387726,14.7,228130,33.8,274,9.5,14261,9.5
"06085","5","541690","78","0","2024","A","",457,2731,447465720,26479246,903229,3150,163822,"",1.15,1.76,0.91,1.53,1.52,0.52,0.52,"",-22,-4.6,-158,-5.5,15395987,3.6,3387726,14.7,228130,33.8,274,9.5,14261,9.5
"06085","5","5417","76","0","2024","A","",706,26737,8207776642,234743039,7485209,5903,306981,"",1.75,4.00,2.64,3.58,3.75,0.66,0.66,"",-12,-1.7,410,1.6,1185432947,16.9,2099979,0.9,654831,9.6,774,15.1,40248,15.1
"06085","5","54171","77","0","2024","A","",681,26331,8167505939,231884743,7399611,5965,310191,"",1.89,4.26,2.74,3.73,3.90,0.64,0.64,"",-11,-1.6,359,1.4,1184715866,17.0,1907089,0.8,655454,9.7,795,15.4,41331,15.4
"06085","5","541713","78","0","2024","A","",26,241,42298126,2503721,96195,3372,175329,"",1.43,1.40,0.62,1.09,1.72,0.44,0.44,"",-4,-13.3,-98,-28.9,-28595380,-40.3,-1459882,-36.8,-50316,-34.3,-652,-16.2,-33899,-16.2
"06085","5","541714","78","0","2024","A","",217,3430,706350284,32130783,1040962,3961,205953,"",1.40,1.66,0.57,1.36,1.32,0.35,0.34,"",-4,-1.8,-387,-10.1,-56413474,-7.4,-3097018,-8.8,984,0.1,118,3.1,6120,3.1
"06085","5","541715","78","0","2024","A","",438,22660,7418857529,197250239,6262454,6296,327404,"",2.32,5.75,4.41,5.43,5.96,0.77,0.77,"",-3,-0.7,844,3.9,1269724720,20.6,6463989,3.4,704786,12.7,876,16.2,45541,16.2
"06085","5","54172","77","0","2024","A","",25,406,40270703,2858296,85598,1905,99067,"",0.58,0.82,0.33,0.86,0.83,0.40,0.40,"",-1,-3.8,51,14.4,717081,1.8,192890,7.2,-623,-0.7,-235,-11.0,-12221,-11.0
"06085","5","541720","78","0","2024","A","",25,406,40270703,2858296,85598,1905,99067,"",0.58,0.82,0.33,0.86,0.83,0.40,0.40,"",-1,-3.8,51,14.4,717081,1.8,192890,7.2,-623,-0.7,-235,-11.0,-12221,-11.0
"06085","5","5418","76","0","2024","A","",174,1854,292907975,16199564,613313,3038,157966,"",0.31,0.53,0.30,0.46,0.48,0.57,0.56,"",-3,-1.7,109,6.2,53690549,22.4,1270582,8.5,113519,22.7,402,15.3,20885,15.2
"06085","5","54181","77","0","2024","A","",74,512,106159571,4635937,183965,3990,207478,"",0.27,0.33,0.20,0.28,0.28,0.62,0.62,"",3,4.2,16,3.2,13770777,14.9,303305,7.0,19216,11.7,410,11.5,21304,11.4
"06085","5","541810","78","0","2024","A","",74,512,106159571,4635937,183965,3990,207478,"",0.27,0.33,0.20,0.28,0.28,0.62,0.62,"",3,4.2,16,3.2,13770777,14.9,303305,7.0,19216,11.7,410,11.5,21304,11.4
"06085","5","54182","77","0","2024","A","",32,154,20633152,1297329,47509,2574,133837,"",0.30,0.32,0.12,0.28,0.27,0.38,0.38,"",-3,-8.6,-23,-13.0,-3001899,-12.7,-470003,-26.6,-19277,-28.9,0,0.0,-9,0.0
"06085","5","541820","78","0","2024","A","",32,154,20633152,1297329,47509,2574,133837,"",0.30,0.32,0.12,0.28,0.27,0.38,0.38,"",-3,-8.6,-23,-13.0,-3001899,-12.7,-470003,-26.6,-19277,-28.9,0,0.0,-9,0.0
"06085","5","54183","77","0","2024","A","N",2,0,0,0,0,0,0,"N",0.18,0,0,0,0,0,0,"N",0,0.0,0,0,0,0,0,0,0,0,0,0,0,0
"06085","5","541830","78","0","2024","A","N",2,0,0,0,0,0,0,"N",0.18,0,0,0,0,0,0,"N",0,0.0,0,0,0,0,0,0,0,0,0,0,0,0
"06085","5","54184","77","0","2024","A","",17,190,68898211,2058194,122860,6986,363259,"",0.63,1.48,1.66,1.46,2.46,1.12,1.12,"",-1,-5.6,7,3.8,22289273,47.8,420942,25.7,27823,29.3,2081,42.4,108217,42.4
"06085","5","541840","78","0","2024","A","",17,190,68898211,2058194,122860,6986,363259,"",0.63,1.48,1.66,1.46,2.46,1.12,1.12,"",-1,-5.6,7,3.8,22289273,47.8,420942,25.7,27823,29.3,2081,42.4,108217,42.4
"06085","5","54185","77","0","2024","A","",7,31,5299215,210000,6958,3314,172332,"",0.34,0.14,0.11,0.10,0.11,0.80,0.80,"",-1,-12.5,2,6.9,820384,18.3,-118579,-36.1,-7209,-50.9,292,9.7,15180,9.7
"06085","5","541850","78","0","2024","A","",7,31,5299215,210000,6958,3314,172332,"",0.34,0.14,0.11,0.10,0.11,0.80,0.80,"",-1,-12.5,2,6.9,820384,18.3,-118579,-36.1,-7209,-50.9,292,9.7,15180,9.7
"06085","5","54186","77","0","2024","A","",7,47,2845222,409340,8667,1172,60969,"",0.39,0.20,0.06,0.17,0.11,0.30,0.30,"",-2,-22.2,-4,-7.8,91645,3.3,18426,4.7,938,12.1,127,12.2,6622,12.2
"06085","5","541860","78","0","2024","A","",7,47,2845222,409340,8667,1172,60969,"",0.39,0.20,0.06,0.17,0.11,0.30,0.30,"",-2,-22.2,-4,-7.8,91645,3.3,18426,4.7,938,12.1,127,12.2,6622,12.2
"06085","5","54187","77","0","2024","A","N",10,0,0,0,0,0,0,"N",0.34,0,0,0,0,0,0,"N",-4,-28.6,0,0,0,0,0,0,0,0,0,0,0,0
"06085","5","541870","78","0","2024","A","N",10,0,0,0,0,0,0,"N",0.34,0,0,0,0,0,0,"N",-4,-28.6,0,0,0,0,0,0,0,0,0,0,0,0
"06085","5","54189","77","0","2024","A","",24,843,73954221,6930806,227619,1686,87693,"",0.33,1.26,0.79,1.17,1.38,0.63,0.63,"",3,14.3,47,5.9,5964736,8.8,593619,9.4,80181,54.4,43,2.6,2234,2.6
"06085","5","541890","78","0","2024","A","",24,843,73954221,6930806,227619,1686,87693,"",0.33,1.26,0.79,1.17,1.38,0.63,0.63,"",3,14.3,47,5.9,5964736,8.8,593619,9.4,80181,54.4,43,2.6,2234,2.6
"06085","5","5419","76","0","2024","A","",411,3247,480030949,30003739,919355,2843,147838,"",0.42,0.51,0.38,0.48,0.50,0.75,0.75,"",-8,-1.9,-3,-0.1,95198456,24.7,-1145626,-3.7,19085,2.1,566,24.9,29440,24.9
"06085","5","54191","77","0","2024","A","",48,143,21713388,1235099,55253,2915,151577,"",0.65,0.28,0.14,0.25,0.29,0.51,0.51,"",-2,-4.0,-52,-26.7,-7493639,-25.7,-685932,-35.7,-28500,-34.0,28,1.0,1477,1.0
"06085","5","541910","78","0","2024","A","",48,143,21713388,1235099,55253,2915,151577,"",0.65,0.28,0.14,0.25,0.29,0.51,0.51,"",-2,-4.0,-52,-26.7,-7493639,-25.7,-685932,-35.7,-28500,-34.0,28,1.0,1477,1.0
"06085","5","54192","77","0","2024","A","",51,132,11698512,1211801,47317,1710,88906,"",0.44,0.38,0.31,0.39,0.36,0.80,0.80,"",-1,-1.9,3,2.3,-800753,-6.4,24963,2.1,-434,-0.9,-147,-7.9,-7676,-7.9
"06085","5","541921","78","0","2024","A","",32,88,7790586,814176,34685,1698,88279,"",0.38,0.34,0.31,0.35,0.33,0.93,0.93,"",-2,-5.9,-2,-2.2,-1477950,-15.9,-12778,-1.5,-906,-2.5,-292,-14.7,-15184,-14.7
"06085","5","541922","78","0","2024","A","",19,43,3907926,397625,12632,1734,90183,"",0.57,0.51,0.29,0.51,0.45,0.56,0.56,"",1,5.6,3,7.5,677197,21.0,37741,10.5,472,3.9,174,11.2,9077,11.2
"06085","5","54193","77","0","2024","A","",36,131,11033984,1234424,41721,1624,84444,"",1.01,0.46,0.24,0.48,0.46,0.53,0.53,"",0,0.0,0,0.0,-2734312,-19.9,-34396,-2.7,-1102,-2.6,-404,-19.9,-20993,-19.9
"06085","5","541930","78","0","2024","A","",36,131,11033984,1234424,41721,1624,84444,"",1.01,0.46,0.24,0.48,0.46,0.53,0.53,"",0,0.0,0,0.0,-2734312,-19.9,-34396,-2.7,-1102,-2.6,-404,-19.9,-20993,-19.9
"06085","5","54194","77","0","2024","A","",120,1895,151816053,16471038,420057,1541,80118,"",0.49,0.56,0.30,0.51,0.57,0.53,0.53,"",4,3.4,-20,-1.0,3777190,2.6,-1373256,-7.7,-18848,-4.3,54,3.6,2803,3.6
"06085","5","541940","78","0","2024","A","",120,1895,151816053,16471038,420057,1541,80118,"",0.49,0.56,0.30,0.51,0.57,0.53,0.53,"",4,3.4,-20,-1.0,3777190,2.6,-1373256,-7.7,-18848,-4.3,54,3.6,2803,3.6
"06085","5","54199","77","0","2024","A","",156,947,283769012,9851377,355007,5765,299782,"",0.31,0.52,0.56,0.50,0.52,1.06,1.06,"",-9,-5.5,66,7.5,102449970,56.5,922995,10.3,67969,23.7,1807,45.7,93972,45.7
"06085","5","541990","78","0","2024","A","",156,947,283769012,9851377,355007,5765,299782,"",0.31,0.52,0.56,0.50,0.52,1.06,1.06,"",-9,-5.5,66,7.5,102449970,56.5,922995,10.3,67969,23.7,1807,45.7,93972,45.7
"06085","5","55","74","0","2024","A","",193,60198,27214382165,573888343,13804295,8694,452085,"",0.28,3.20,3.44,2.25,2.15,1.08,1.08,"",-3,-1.5,45724,315.9,22752509669,509.9,413297563,257.4,8631898,166.9,2766,46.7,143819,46.7
"06085","5","551","75","0","2024","A","",193,60198,27214382165,573888343,13804295,8694,452085,"",0.28,3.20,3.44,2.25,2.15,1.08,1.08,"",-3,-1.5,45724,315.9,22752509669,509.9,413297563,257.4,8631898,166.9,2766,46.7,143819,46.7
"06085","5","5511","76","0","2024","A","",193,60198,27214382165,573888343,13804295,8694,452085,"",0.28,3.20,3.44,2.25,2.15,1.08,1.08,"",-3,-1.5,45724,315.9,22752509669,509.9,413297563,257.4,8631898,166.9,2766,46.7,143819,46.7
"06085","5","55111","77","0","2024","A","",193,60198,27214382165,573888343,13804295,8694,452085,"",0.28,3.20,3.44,2.25,2.15,1.08,1.08,"",-3,-1.5,45724,315.9,22752509669,509.9,413297563,257.4,8631898,166.9,2766,46.7,143819,46.7
"06085","5","551111","78","0","2024","A","N",1,0,0,0,0,0,0,"N",0.15,0,0,0,0,0,0,"N",-1,-50.0,0,0,0,0,0,0,0,0,0,0,0,0
"06085","5","551112","78","0","2024","A","N",28,0,0,0,0,0,0,"N",0.27,0,0,0,0,0,0,"N",2,7.7,0,0,0,0,0,0,0,0,0,0,0,0
"06085","5","551114","78","0","2024","A","",164,60074,27196144589,572773387,13765173,8706,452711,"",0.28,3.31,3.58,2.31,2.22,1.08,1.08,"",-4,-2.4,45754,319.5,22758356817,512.8,413765122,260.2,8630578,168.1,2746,46.1,142799,46.1
"06085","5","56","74","0","2024","A","",2549,56739,4070624520,632543639,23429946,1380,71743,"",0.53,0.86,0.41,0.91,0.92,0.47,0.47,"",-20,-0.8,-4106,-6.7,-608834110,-13.0,-55261264,-8.0,-1513492,-6.1,-99,-6.7,-5165,-6.7
"06085","5","561","75","0","2024","A","",2428,53085,3690019477,594954230,22274069,1337,69512,"",0.54,0.86,0.40,0.91,0.93,0.47,0.47,"",-28,-1.1,-4157,-7.3,-651726093,-15.0,-58500700,-9.0,-1723778,-7.2,-122,-8.4,-6337,-8.4
"06085","5","5611","76","0","2024","A","",200,1389,264276144,11351343,311749,3659,190264,"",0.34,0.31,0.21,0.27,0.24,0.68,0.68,"",-13,-6.1,-315,-18.5,-19036042,-6.7,-3505063,-23.6,-158893,-33.8,462,14.5,24042,14.5
"06085","5","56111","77","0","2024","A","",200,1389,264276144,11351343,311749,3659,190264,"",0.34,0.31,0.21,0.27,0.24,0.68,0.68,"",-13,-6.1,-315,-18.5,-19036042,-6.7,-3505063,-23.6,-158893,-33.8,462,14.5,24042,14.5
"06085","5","561110","78","0","2024","A","",200,1389,264276144,11351343,311749,3659,190264,"",0.34,0.31,0.21,0.27,0.24,0.68,0.68,"",-13,-6.1,-315,-18.5,-19036042,-6.7,-3505063,-23.6,-158893,-33.8,462,14.5,24042,14.5
"06085","5","5612","76","0","2024","A","",36,2599,158569038,22676155,638837,1173,61019,"",0.65,2.04,0.75,1.92,1.65,0.37,0.37,"",3,9.1,1103,73.7,80950852,104.3,9898398,77.5,282439,79.2,175,17.5,9124,17.6
"06085","5","56121","77","0","2024","A","",36,2599,158569038,22676155,638837,1173,61019,"",0.65,2.04,0.75,1.92,1.65,0.37,0.37,"",3,9.1,1103,73.7,80950852,104.3,9898398,77.5,282439,79.2,175,17.5,9124,17.6
"06085","5","561210","78","0","2024","A","",36,2599,158569038,22676155,638837,1173,61019,"",0.65,2.04,0.75,1.92,1.65,0.37,0.37,"",3,9.1,1103,73.7,80950852,104.3,9898398,77.5,282439,79.2,175,17.5,9124,17.6
"06085","5","5613","76","0","2024","A","",400,18335,1400977424,251256751,12834242,1469,76410,"",0.38,0.77,0.41,0.89,1.17,0.53,0.53,"",-18,-4.3,-1735,-8.6,-128535064,-8.4,-31041263,-11.0,-1104542,-7.9,3,0.2,202,0.3
"06085","5","56131","77","0","2024","A","",96,1247,141425606,18298021,764534,2181,113405,"",0.38,0.60,0.35,0.76,0.76,0.58,0.58,"",-1,-1.0,108,9.5,-10894883,-7.2,2841253,18.4,156213,25.7,-391,-15.2,-20317,-15.2
"06085","5","561311","78","0","2024","A","",69,1091,98235902,16744874,716123,1731,90008,"",0.37,0.61,0.33,0.81,0.82,0.54,0.54,"",0,0.0,130,13.5,-3667231,-3.6,2865644,20.6,149071,26.3,-309,-15.1,-16067,-15.1
"06085","5","561312","78","0","2024","A","",27,156,43189704,1553147,48411,5336,277450,"",0.43,0.56,0.41,0.48,0.35,0.73,0.73,"",-1,-3.6,-22,-12.4,-7227652,-14.3,-24391,-1.5,7142,17.3,-98,-1.8,-5132,-1.8
"06085","5","56132","77","0","2024","A","",255,15920,1157824689,220175586,11476660,1399,72728,"",0.38,0.85,0.49,0.97,1.31,0.57,0.57,"",-15,-5.6,-2060,-11.5,-123174681,-9.6,-36181379,-14.1,-1382316,-10.7,29,2.1,1483,2.1
"06085","5","561320","78","0","2024","A","",255,15920,1157824689,220175586,11476660,1399,72728,"",0.38,0.85,0.49,0.97,1.31,0.57,0.57,"",-15,-5.6,-2060,-11.5,-123174681,-9.6,-36181379,-14.1,-1382316,-10.7,29,2.1,1483,2.1
"06085","5","56133","77","0","2024","A","",49,1168,101727129,12783144,593048,1675,87095,"",0.37,0.38,0.17,0.40,0.50,0.43,0.43,"",-2,-3.9,217,22.8,5534500,5.8,2298863,21.9,121561,25.8,-270,-13.9,-14045,-13.9
"06085","5","561330","78","0","2024","A","",49,1168,101727129,12783144,593048,1675,87095,"",0.37,0.38,0.17,0.40,0.50,0.43,0.43,"",-2,-3.9,217,22.8,5534500,5.8,2298863,21.9,121561,25.8,-270,-13.9,-14045,-13.9
"06085","5","5614","76","0","2024","A","",189,939,76302208,8332817,255116,1562,81230,"",0.44,0.19,0.09,0.18,0.17,0.47,0.47,"",-2,-1.0,-176,-15.8,-30422144,-28.5,-1861716,-18.3,-46967,-15.5,-280,-15.2,-14530,-15.2
"06085","5","56141","77","0","2024","A","",12,52,2030431,510147,12843,753,39172,"",0.22,0.19,0.05,0.21,0.20,0.28,0.28,"",1,9.1,2,4.0,158826,8.5,59813,13.3,-640,-4.7,38,5.3,1988,5.3
"06085","5","561410","78","0","2024","A","",12,52,2030431,510147,12843,753,39172,"",0.22,0.19,0.05,0.21,0.20,0.28,0.28,"",1,9.1,2,4.0,158826,8.5,59813,13.3,-640,-4.7,38,5.3,1988,5.3
"06085","5","56142","77","0","2024","A","",16,155,23012943,1312655,67770,2851,148232,"",0.15,0.06,0.06,0.05,0.09,1.02,1.02,"",0,0.0,-16,-9.4,-1414036,-5.8,-209841,-13.8,36701,118.1,111,4.1,5731,4.0
"06085","5","561421","78","0","2024","A","",4,23,957909,198162,6285,804,41800,"",0.18,0.09,0.03,0.08,0.09,0.30,0.30,"",-2,-33.3,-10,-30.3,-244496,-20.3,-98468,-33.2,-3074,-32.8,110,15.9,5728,15.9
"06085","5","561422","78","0","2024","A","",12,132,22055034,1114493,61485,3205,166663,"",0.14,0.06,0.07,0.05,0.09,1.14,1.14,"",2,20.0,-6,-4.3,-1169540,-5.0,-111373,-9.1,39775,183.2,-29,-0.9,-1529,-0.9
"06085","5","56143","77","0","2024","A","",108,462,21691425,4037077,107675,903,46960,"",1.35,0.83,0.32,0.83,0.78,0.39,0.39,"",1,0.9,-50,-9.8,-1235420,-5.4,-528941,-11.6,-19707,-15.5,41,4.8,2137,4.8
"06085","5","561431","78","0","2024","A","",46,207,7647313,1934900,50699,712,37018,"",1.17,0.80,0.33,0.89,0.84,0.41,0.41,"",1,2.2,-12,-5.5,157487,2.1,-66536,-3.3,1962,4.0,53,8.0,2766,8.1
"06085","5","561439","78","0","2024","A","",62,255,14044112,2102177,56976,1058,55003,"",1.52,0.85,0.32,0.79,0.73,0.38,0.38,"",-1,-1.6,-38,-13.0,-1392907,-9.0,-462405,-18.0,-21669,-27.6,44,4.3,2287,4.3
"06085","5","56144","77","0","2024","A","",10,20,3548733,186338,7747,3370,175246,"",0.23,0.03,0.03,0.03,0.04,0.99,0.99,"",0,0.0,-7,-25.9,1212924,51.9,-57038,-23.4,-2850,-26.9,1727,105.1,89790,105.1
"06085","5","561440","78","0","2024","A","",10,20,3548733,186338,7747,3370,175246,"",0.23,0.03,0.03,0.03,0.04,0.99,0.99,"",0,0.0,-7,-25.9,1212924,51.9,-57038,-23.4,-2850,-26.9,1727,105.1,89790,105.1
"06085","5","56145","77","0","2024","A","",4,46,9621573,373068,12013,4044,210308,"",0.45,0.29,0.12,0.26,0.24,0.44,0.44,"",-1,-20.0,-43,-48.3,-10317564,-51.7,-430836,-53.6,-16783,-58.3,-268,-6.2,-13937,-6.2
"06085","5","561450","78","0","2024","A","",4,46,9621573,373068,12013,4044,210308,"",0.45,0.29,0.12,0.26,0.24,0.44,0.44,"",-1,-20.0,-43,-48.3,-10317564,-51.7,-430836,-53.6,-16783,-58.3,-268,-6.2,-13937,-6.2
"06085","5","56149","77","0","2024","A","",40,204,16397103,1913532,47068,1543,80247,"",0.30,0.26,0.09,0.26,0.17,0.34,0.34,"",-2,-4.8,-61,-23.0,-18826874,-53.4,-694873,-26.6,-43688,-48.1,-1013,-39.6,-52674,-39.6
"06085","5","561492","78","0","2024","A","",11,32,2391388,313379,7634,1456,75717,"",0.49,0.39,0.16,0.46,0.35,0.41,0.41,"",-1,-8.3,1,3.2,93323,4.1,73817,30.8,2335,44.1,19,1.3,983,1.3
"06085","5","561499","78","0","2024","A","",29,173,14005715,1600153,39434,1559,81075,"",0.28,0.27,0.09,0.26,0.17,0.33,0.33,"",-1,-3.3,-61,-26.1,-18920197,-57.5,-768690,-32.5,-46023,-53.9,-1144,-42.3,-59484,-42.3
"06085","5","5615","76","0","2024","A","",104,855,187853715,7082043,193055,4225,219712,"",0.66,0.63,0.54,0.50,0.44,0.86,0.86,"",0,0.0,25,3.0,44884130,31.4,212431,3.1,7639,4.1,912,27.5,47442,27.5
"06085","5","56151","77","0","2024","A","",84,783,179233347,6481767,178150,4403,228979,"",0.90,1.41,1.21,1.00,0.87,0.86,0.86,"",-1,-1.2,30,4.0,45504666,34.0,248273,4.0,12059,7.3,989,29.0,51443,29.0
"06085","5","561510","78","0","2024","A","",84,783,179233347,6481767,178150,4403,228979,"",0.90,1.41,1.21,1.00,0.87,0.86,0.86,"",-1,-1.2,30,4.0,45504666,34.0,248273,4.0,12059,7.3,989,29.0,51443,29.0
"06085","5","56152","77","0","2024","A","",3,16,681833,103702,1876,837,43521,"",0.12,0.09,0.02,0.05,0.03,0.25,0.25,"",-1,-25.0,-1,-5.9,-7078,-1.0,-19578,-15.9,-1059,-36.1,38,4.8,1979,4.8
"06085","5","561520","78","0","2024","A","",3,16,681833,103702,1876,837,43521,"",0.12,0.09,0.02,0.05,0.03,0.25,0.25,"",-1,-25.0,-1,-5.9,-7078,-1.0,-19578,-15.9,-1059,-36.1,38,4.8,1979,4.8
"06085","5","56159","77","0","2024","A","",17,57,7938535,496574,13029,2698,140298,"",0.42,0.09,0.05,0.09,0.08,0.52,0.52,"",2,13.3,-3,-5.0,-613458,-7.2,-16264,-3.2,-3361,-20.5,-39,-1.4,-2038,-1.4
"06085","5","561591","78","0","2024","A","N",2,0,0,0,0,0,0,"N",0.28,0,0,0,0,0,0,"N",0,0.0,0,0,0,0,0,0,0,0,0,0,0,0
"06085","5","561599","78","0","2024","A","N",15,0,0,0,0,0,0,"N",0.45,0,0,0,0,0,0,"N",2,15.4,0,0,0,0,0,0,0,0,0,0,0,0
"06085","5","5616","76","0","2024","A","",184,9514,558927315,108799771,3433561,1130,58748,"",0.68,1.27,0.62,1.54,1.46,0.49,0.49,"",-3,-1.6,-1685,-15.0,-523658408,-48.4,-18068672,-14.2,-469561,-12.0,-729,-39.2,-37924,-39.2
"06085","5","56161","77","0","2024","A","",115,8881,492824681,103165626,3236663,1067,55492,"",0.69,1.40,0.73,1.75,1.61,0.52,0.52,"",6,5.5,191,2.2,29775247,6.4,-3643464,-3.4,-91453,-2.7,42,4.1,2208,4.1
"06085","5","561611","78","0","2024","A","",20,204,7061718,1844723,39372,666,34630,"",0.50,0.70,0.15,0.67,0.37,0.21,0.21,"",-3,-13.0,13,6.8,512707,7.8,-75653,-3.9,-6613,-14.4,7,1.1,372,1.1
"06085","5","561612","78","0","2024","A","",92,8604,480881565,100590034,3175101,1075,55892,"",0.77,1.47,0.81,1.85,1.71,0.55,0.55,"",9,10.8,179,2.1,29192439,6.5,-3601509,-3.5,-84748,-2.6,44,4.3,2281,4.3
"06085","5","561613","78","0","2024","A","",3,73,4881398,730869,22190,1282,66640,"",0.47,0.39,0.16,0.37,0.40,0.41,0.41,"",0,0.0,-1,-1.4,70101,1.5,33698,4.8,-92,-0.4,26,2.1,1328,2.0
"06085","5","56162","77","0","2024","A","",69,633,66102634,5634145,196898,2008,104428,"",0.65,0.56,0.29,0.49,0.59,0.52,0.52,"",-10,-12.7,-1875,-74.8,-553433655,-89.3,-14425208,-71.9,-378108,-65.8,-2742,-57.7,-142555,-57.7
"06085","5","561621","78","0","2024","A","",46,549,59870558,4952038,174274,2096,108988,"",0.60,0.54,0.28,0.48,0.57,0.52,0.52,"",-3,-6.1,-1870,-77.3,-553047127,-90.2,-14359579,-74.4,-380276,-68.6,-2778,-57.0,-144441,-57.0
"06085","5","561622","78","0","2024","A","",23,84,6232076,682107,22624,1432,74487,"",0.78,0.68,0.33,0.57,0.80,0.50,0.50,"",-7,-23.3,-6,-6.7,-386528,-5.8,-65629,-8.8,2168,10.6,16,1.1,879,1.2
"06085","5","5617","76","0","2024","A","",1212,18653,976247373,178733615,4321629,1006,52338,"",0.70,1.14,0.54,1.13,0.72,0.47,0.47,"",21,1.8,-1339,-6.7,-72723031,-6.9,-13234878,-6.9,-197703,-4.4,-3,-0.3,-132,-0.3
"06085","5","56171","77","0","2024","A","",64,817,61006437,7857697,291469,1436,74648,"",0.53,0.75,0.37,0.74,0.98,0.50,0.50,"",2,3.2,0,0.0,2247599,3.8,262678,3.5,45992,18.7,53,3.8,2742,3.8
"06085","5","561710","78","0","2024","A","",64,817,61006437,7857697,291469,1436,74648,"",0.53,0.75,0.37,0.74,0.98,0.50,0.50,"",2,3.2,0,0.0,2247599,3.8,262678,3.5,45992,18.7,53,3.8,2742,3.8
"06085","5","56172","77","0","2024","A","",504,10393,480392642,100528830,2227848,889,46222,"",0.88,1.35,0.72,1.50,1.18,0.53,0.53,"",8,1.6,-1357,-11.5,-86983916,-15.3,-11191727,-10.0,-266909,-10.7,-40,-4.3,-2065,-4.3
"06085","5","561720","78","0","2024","A","",504,10393,480392642,100528830,2227848,889,46222,"",0.88,1.35,0.72,1.50,1.18,0.53,0.53,"",8,1.6,-1357,-11.5,-86983916,-15.3,-11191727,-10.0,-266909,-10.7,-40,-4.3,-2065,-4.3
"06085","5","56173","77","0","2024","A","",510,6375,381381518,60957571,1580386,1150,59821,"",0.60,0.98,0.45,0.87,0.47,0.46,0.46,"",15,3.0,205,3.3,21916736,6.1,23640,0.0,87618,5.9,30,2.7,1559,2.7
"06085","5","561730","78","0","2024","A","",510,6375,381381518,60957571,1580386,1150,59821,"",0.60,0.98,0.45,0.87,0.47,0.46,0.46,"",15,3.0,205,3.3,21916736,6.1,23640,0.0,87618,5.9,30,2.7,1559,2.7
"06085","5","56174","77","0","2024","A","",28,115,4529255,1063424,25162,760,39499,"",0.58,0.44,0.15,0.40,0.33,0.33,0.33,"",-2,-6.7,2,1.8,67601,1.5,-161668,-13.2,-3707,-12.8,-1,-0.1,-72,-0.2
"06085","5","561740","78","0","2024","A","",28,115,4529255,1063424,25162,760,39499,"",0.58,0.44,0.15,0.40,0.33,0.33,0.33,"",-2,-6.7,2,1.8,67601,1.5,-161668,-13.2,-3707,-12.8,-1,-0.1,-72,-0.2
"06085","5","56179","77","0","2024","A","",105,952,48937521,8326093,196764,988,51387,"",0.72,1.15,0.45,1.03,0.58,0.39,0.39,"",-5,-4.5,-190,-16.6,-9971051,-16.9,-2167801,-20.7,-60697,-23.6,-4,-0.4,-185,-0.4
"06085","5","561790","78","0","2024","A","",105,952,48937521,8326093,196764,988,51387,"",0.72,1.15,0.45,1.03,0.58,0.39,0.39,"",-5,-4.5,-190,-16.6,-9971051,-16.9,-2167801,-20.7,-60697,-23.6,-4,-0.4,-185,-0.4
"06085","5","5619","76","0","2024","A","",103,801,66866260,6721735,285880,1606,83505,"",0.45,0.34,0.17,0.26,0.27,0.52,0.52,"",-17,-14.2,-36,-4.3,-3186386,-4.5,-899937,-11.8,-36190,-11.2,-3,-0.2,-182,-0.2
"06085","5","56191","77","0","2024","A","N",14,0,0,0,0,0,0,"N",0.67,0,0,0,0,0,0,"N",-4,-22.2,0,0,0,0,0,0,0,0,0,0,0,0
"06085","5","561910","78","0","2024","A","N",14,0,0,0,0,0,0,"N",0.67,0,0,0,0,0,0,"N",-4,-22.2,0,0,0,0,0,0,0,0,0,0,0,0
"06085","5","56192","77","0","2024","A","N",25,0,0,0,0,0,0,"N",0.45,0,0,0,0,0,0,"N",-4,-13.8,0,0,0,0,0,0,0,0,0,0,0,0
"06085","5","561920","78","0","2024","A","N",25,0,0,0,0,0,0,"N",0.45,0,0,0,0,0,0,"N",-4,-13.8,0,0,0,0,0,0,0,0,0,0,0,0
"06085","5","56199","77","0","2024","A","",64,669,57525672,5490877,232038,1653,85945,"",0.42,0.44,0.25,0.33,0.37,0.56,0.56,"",-10,-13.5,-11,-1.6,-3683685,-6.0,-643466,-10.5,-29569,-11.3,-78,-4.5,-4058,-4.5
"06085","5","561990","78","0","2024","A","",64,669,57525672,5490877,232038,1653,85945,"",0.42,0.44,0.25,0.33,0.37,0.56,0.56,"",-10,-13.5,-11,-1.6,-3683685,-6.0,-643466,-10.5,-29569,-11.3,-78,-4.5,-4058,-4.5
"06085","5","562","75","0","2024","A","",120,3655,380605043,37589409,1155877,2003,104142,"",0.47,1.00,0.51,0.91,0.84,0.51,0.51,"",7,6.2,52,1.4,42891983,12.7,3239436,9.4,210286,22.2,200,11.1,10409,11.1
"06085","5","5621","76","0","2024","A","",60,1860,202001373,17551539,382376,2088,108588,"",0.61,1.19,0.67,1.05,0.79,0.56,0.56,"",7,13.2,23,1.3,11608315,6.1,1439771,8.9,32073,9.2,95,4.8,4945,4.8
"06085","5","56211","77","0","2024","A","",60,1860,202001373,17551539,382376,2088,108588,"",0.61,1.19,0.67,1.05,0.79,0.56,0.56,"",7,13.2,23,1.3,11608315,6.1,1439771,8.9,32073,9.2,95,4.8,4945,4.8
"06085","5","562111","78","0","2024","A","",44,1722,191026836,16212394,341524,2134,110949,"",0.58,1.28,0.77,1.13,0.84,0.60,0.60,"",8,22.2,25,1.5,12770343,7.2,1494057,10.2,31089,10.0,114,5.6,5891,5.6
"06085","5","562112","78","0","2024","A","",5,73,6916366,639399,16192,1830,95179,"",0.93,0.79,0.21,0.76,0.52,0.27,0.27,"",0,0.0,-5,-6.4,-1056249,-13.2,-56576,-8.1,-1474,-8.3,-148,-7.5,-7693,-7.5
"06085","5","562119","78","0","2024","A","",11,66,4058171,699746,24660,1185,61643,"",0.65,0.51,0.20,0.50,0.51,0.39,0.39,"",-1,-8.3,3,4.8,-105779,-2.5,2290,0.3,2458,11.1,-91,-7.1,-4715,-7.1
"06085","5","5622","76","0","2024","A","",20,782,80294875,7041273,170767,1975,102712,"",0.61,1.01,0.42,0.81,0.76,0.42,0.42,"",-2,-9.1,17,2.2,7850574,10.8,-283947,-3.9,-14007,-7.6,154,8.5,8045,8.5
"06085","5","56221","77","0","2024","A","",20,782,80294875,7041273,170767,1975,102712,"",0.61,1.01,0.42,0.81,0.76,0.42,0.42,"",-2,-9.1,17,2.2,7850574,10.8,-283947,-3.9,-14007,-7.6,154,8.5,8045,8.5
"06085","5","562211","78","0","2024","A","N",5,0,0,0,0,0,0,"N",0.51,0,0,0,0,0,0,"N",-1,-16.7,0,0,0,0,0,0,0,0,0,0,0,0
"06085","5","562212","78","0","2024","A","",10,274,34120240,2538058,72567,2394,124489,"",0.85,0.98,0.51,0.92,0.97,0.52,0.52,"N",0,0.0,0,0,0,0,0,0,0,0,0,0,0,0
"06085","5","562219","78","0","2024","A","N",5,0,0,0,0,0,0,"N",0.52,0,0,0,0,0,0,"N",-1,-16.7,0,0,0,0,0,0,0,0,0,0,0,0
"06085","5","5629","76","0","2024","A","",40,1013,98308795,12996597,602734,1867,97079,"",0.32,0.77,0.37,0.81,0.90,0.49,0.49,"",2,5.3,12,1.2,23433094,31.3,2083612,19.1,192220,46.8,428,29.7,22253,29.7
"06085","5","56291","77","0","2024","A","",20,223,14589125,2397137,78555,1258,65398,"",0.32,0.31,0.09,0.26,0.18,0.30,0.30,"",2,11.1,-18,-7.5,-1908468,-11.6,-108383,-4.3,513,0.7,-60,-4.6,-3128,-4.6
"06085","5","562910","78","0","2024","A","",20,223,14589125,2397137,78555,1258,65398,"",0.32,0.31,0.09,0.26,0.18,0.30,0.30,"",2,11.1,-18,-7.5,-1908468,-11.6,-108383,-4.3,513,0.7,-60,-4.6,-3128,-4.6
"06085","5","56292","77","0","2024","A","",6,478,26339509,4685683,229173,1060,55142,"",0.49,2.61,0.80,2.36,3.46,0.30,0.30,"",0,0.0,16,3.5,711924,2.8,279515,6.3,78808,52.4,-8,-0.7,-389,-0.7
"06085","5","562920","78","0","2024","A","",6,478,26339509,4685683,229173,1060,55142,"",0.49,2.61,0.80,2.36,3.46,0.30,0.30,"",0,0.0,16,3.5,711924,2.8,279515,6.3,78808,52.4,-8,-0.7,-389,-0.7
"06085","5","56299","77","0","2024","A","",14,312,57380161,5913777,295006,3538,183960,"",0.28,0.74,0.76,1.24,1.73,1.04,1.04,"",0,0.0,14,4.7,24629638,75.2,1912480,47.8,112899,62.0,1427,67.6,74212,67.6
"06085","5","562991","78","0","2024","A","N",11,0,0,0,0,0,0,"N",0.35,0,0,0,0,0,0,"N",0,0.0,0,0,0,0,0,0,0,0,0,0,0,0
"06085","5","562998","78","0","2024","A","N",4,0,0,0,0,0,0,"N",0.21,0,0,0,0,0,0,"N",1,33.3,0,0,0,0,0,0,0,0,0,0,0,0
"06085","5","61","74","0","2024","A","",1259,43856,4831580906,121264833,3153959,2119,110169,"",1.09,1.90,1.25,1.23,1.12,0.66,0.66,"",28,2.3,2860,7.0,309769651,6.9,5625885,4.9,255945,8.8,-2,-0.1,-131,-0.1
"06085","5","611","75","0","2024","A","",1259,43856,4831580906,121264833,3153959,2119,110169,"",1.09,1.90,1.25,1.23,1.12,0.66,0.66,"",28,2.3,2860,7.0,309769651,6.9,5625885,4.9,255945,8.8,-2,-0.1,-131,-0.1
"06085","5","6111","76","0","2024","A","",179,8692,646357580,34192854,878327,1430,74362,"",1.18,1.25,0.67,0.99,1.05,0.53,0.53,"",-6,-3.2,215,2.5,38212629,6.3,411234,1.2,49806,6.0,50,3.6,2624,3.7
"06085","5","61111","77","0","2024","A","",179,8692,646357580,34192854,878327,1430,74362,"",1.18,1.25,0.67,0.99,1.05,0.53,0.53,"",-6,-3.2,215,2.5,38212629,6.3,411234,1.2,49806,6.0,50,3.6,2624,3.7
"06085","5","611110","78","0","2024","A","",179,8692,646357580,34192854,878327,1430,74362,"",1.18,1.25,0.67,0.99,1.05,0.53,0.53,"",-6,-3.2,215,2.5,38212629,6.3,411234,1.2,49806,6.0,50,3.6,2624,3.7
"06085","5","6112","76","0","2024","A","N",3,0,0,0,0,0,0,"N",0.39,0,0,0,0,0,0,"N",-1,-25.0,0,0,0,0,0,0,0,0,0,0,0,0
"06085","5","61121","77","0","2024","A","N",3,0,0,0,0,0,0,"N",0.39,0,0,0,0,0,0,"N",-1,-25.0,0,0,0,0,0,0,0,0,0,0,0,0
"06085","5","611210","78","0","2024","A","N",3,0,0,0,0,0,0,"N",0.39,0,0,0,0,0,0,"N",-1,-25.0,0,0,0,0,0,0,0,0,0,0,0,0
"06085","5","6113","76","0","2024","A","N",32,0,0,0,0,0,0,"N",0.33,0,0,0,0,0,0,"N",0,0.0,0,0,0,0,0,0,0,0,0,0,0,0
"06085","5","61131","77","0","2024","A","N",32,0,0,0,0,0,0,"N",0.33,0,0,0,0,0,0,"N",0,0.0,0,0,0,0,0,0,0,0,0,0,0,0
"06085","5","611310","78","0","2024","A","N",32,0,0,0,0,0,0,"N",0.33,0,0,0,0,0,0,"N",0,0.0,0,0,0,0,0,0,0,0,0,0,0,0
"06085","5","6114","76","0","2024","A","",96,332,26536056,2662088,86691,1537,79908,"",0.69,0.59,0.18,0.46,0.44,0.31,0.31,"",3,3.2,-87,-20.8,-7567833,-22.2,-1104198,-29.3,-42094,-32.7,-28,-1.8,-1486,-1.8
"06085","5","61142","77","0","2024","A","",25,120,5135011,665268,21513,820,42614,"",0.84,0.85,0.13,0.43,0.38,0.15,0.15,"N",-1,-3.8,0,0,0,0,0,0,0,0,0,0,0,0
"06085","5","611420","78","0","2024","A","",25,120,5135011,665268,21513,820,42614,"",0.84,0.85,0.13,0.43,0.38,0.15,0.15,"N",-1,-3.8,0,0,0,0,0,0,0,0,0,0,0,0
"06085","5","61143","77","0","2024","A","",71,212,21401045,1996820,65178,1945,101147,"",0.67,0.53,0.21,0.49,0.49,0.39,0.39,"",4,6.0,-30,-12.4,-2960317,-12.2,-267337,-11.8,-17954,-21.6,10,0.5,515,0.5
"06085","5","611430","78","0","2024","A","",71,212,21401045,1996820,65178,1945,101147,"",0.67,0.53,0.21,0.49,0.49,0.39,0.39,"",4,6.0,-30,-12.4,-2960317,-12.2,-267337,-11.8,-17954,-21.6,10,0.5,515,0.5
"06085","5","6115","76","0","2024","A","",57,667,40838323,6056301,195686,1177,61196,"",0.67,0.73,0.28,0.72,0.72,0.38,0.38,"",0,0.0,13,2.0,4062519,11.0,527419,9.5,38417,24.4,96,8.9,4993,8.9
"06085","5","61151","77","0","2024","A","",57,667,40838323,6056301,195686,1177,61196,"",0.67,0.73,0.28,0.72,0.72,0.38,0.38,"",0,0.0,13,2.0,4062519,11.0,527419,9.5,38417,24.4,96,8.9,4993,8.9
"06085","5","611511","78","0","2024","A","",10,49,2245377,448978,11842,889,46217,"",0.72,0.36,0.15,0.36,0.27,0.41,0.41,"",1,11.1,3,6.5,237877,11.8,53288,13.5,2192,22.7,57,6.9,2967,6.9
"06085","5","611512","78","0","2024","A","",7,52,2121809,448743,9821,792,41200,"",0.57,0.26,0.05,0.23,0.23,0.20,0.20,"",0,0.0,-16,-23.5,-887789,-29.5,-208163,-31.7,-6686,-40.5,-56,-6.6,-2897,-6.6
"06085","5","611513","78","0","2024","A","",8,117,10091438,1252866,19525,1660,86313,"",0.69,0.99,0.53,1.05,0.48,0.54,0.54,"",0,0.0,15,14.7,1655620,19.6,112452,9.9,2032,11.6,72,4.5,3744,4.5
"06085","5","611519","78","0","2024","A","",32,450,26379699,3905714,154498,1127,58578,"",0.68,0.98,0.37,0.97,1.05,0.38,0.38,"",-2,-5.9,12,2.7,3056811,13.1,569842,17.1,40879,36.0,102,10.0,5269,9.9
"06085","5","6116","76","0","2024","A","",702,7184,231586821,52041813,1214579,620,32239,"",1.54,1.88,0.84,2.16,1.66,0.45,0.45,"",19,2.8,675,10.4,24241061,11.7,6464572,14.2,166649,15.9,7,1.1,383,1.2
"06085","5","61161","77","0","2024","A","",164,1628,48596513,11189471,271134,574,29852,"",1.47,1.82,0.89,2.23,1.79,0.49,0.49,"",10,6.5,153,10.4,6219384,14.7,1302085,13.2,30593,12.7,21,3.8,1115,3.9
"06085","5","611610","78","0","2024","A","",164,1628,48596513,11189471,271134,574,29852,"",1.47,1.82,0.89,2.23,1.79,0.49,0.49,"",10,6.5,153,10.4,6219384,14.7,1302085,13.2,30593,12.7,21,3.8,1115,3.9
"06085","5","61162","77","0","2024","A","",199,1995,58574948,14756695,347212,565,29367,"",1.34,1.51,0.72,1.81,1.57,0.48,0.48,"",9,4.7,157,8.5,5250646,9.8,1016998,7.4,57023,19.7,7,1.3,357,1.2
"06085","5","611620","78","0","2024","A","",199,1995,58574948,14756695,347212,565,29367,"",1.34,1.51,0.72,1.81,1.57,0.48,0.48,"",9,4.7,157,8.5,5250646,9.8,1016998,7.4,57023,19.7,7,1.3,357,1.2
"06085","5","61163","77","0","2024","A","",53,572,14624287,3763529,75872,492,25559,"",3.69,4.53,1.39,4.27,2.90,0.31,0.31,"",3,6.0,50,9.6,3150225,27.5,310013,9.0,-2157,-2.8,70,16.6,3592,16.4
"06085","5","611630","78","0","2024","A","",53,572,14624287,3763529,75872,492,25559,"",3.69,4.53,1.39,4.27,2.90,0.31,0.31,"",3,6.0,50,9.6,3150225,27.5,310013,9.0,-2157,-2.8,70,16.6,3592,16.4
"06085","5","61169","77","0","2024","A","",286,2989,109791073,22332118,520361,706,36734,"",1.56,2.02,0.85,2.21,1.57,0.42,0.42,"",-4,-1.4,315,11.8,9620806,9.6,3835476,20.7,81190,18.5,-14,-1.9,-730,-1.9
"06085","5","611691","78","0","2024","A","",196,2120,83049603,17396496,398202,754,39184,"",2.47,2.78,1.36,3.75,2.45,0.49,0.49,"",-6,-3.0,177,9.1,7929619,10.6,3393668,24.2,64914,19.5,11,1.5,530,1.4
"06085","5","611692","78","0","2024","A","",20,118,3781581,1015520,28229,615,31980,"",1.04,1.00,0.41,1.05,1.08,0.41,0.41,"",-1,-4.8,11,10.3,103773,2.8,-6760,-0.7,-1516,-5.1,-49,-7.4,-2526,-7.3
"06085","5","611699","78","0","2024","A","",70,751,22959889,3920102,93930,588,30569,"",0.83,1.26,0.39,0.87,0.66,0.31,0.31,"",4,6.1,127,20.4,1587414,7.4,448568,12.9,17792,23.4,-71,-10.8,-3695,-10.8
"06085","5","6117","76","0","2024","A","",189,1825,192862809,16479714,503550,2033,105693,"",0.85,1.21,0.74,1.25,1.09,0.61,0.61,"",12,6.8,76,4.3,-3231639,-1.6,23774,0.1,31215,6.6,-124,-5.7,-6457,-5.8
"06085","5","61171","77","0","2024","A","",189,1825,192862809,16479714,503550,2033,105693,"",0.85,1.21,0.74,1.25,1.09,0.61,0.61,"",12,6.8,76,4.3,-3231639,-1.6,23774,0.1,31215,6.6,-124,-5.7,-6457,-5.8
"06085","5","611710","78","0","2024","A","",189,1825,192862809,16479714,503550,2033,105693,"",0.85,1.21,0.74,1.25,1.09,0.61,0.61,"",12,6.8,76,4.3,-3231639,-1.6,23774,0.1,31215,6.6,-124,-5.7,-6457,-5.8
"06085","5","62","74","0","2024","A","",35702,151414,13142574721,933303629,24362014,1669,86799,"",2.55,0.95,0.49,0.94,0.90,0.52,0.52,"",4058,12.8,9779,6.9,1050853281,8.7,60522312,6.9,2328548,10.6,27,1.6,1427,1.7
"06085","5","621","75","0","2024","A","",4678,51275,5328864947,427960175,10997411,1999,103927,"",0.92,0.81,0.42,0.84,0.81,0.52,0.52,"",137,3.0,2584,5.3,380287540,7.7,24626480,6.1,1195108,12.2,45,2.3,2294,2.3
"06085","5","6211","76","0","2024","A","",1440,10552,1571479903,80760221,2117440,2864,148924,"",0.87,0.50,0.26,0.50,0.55,0.52,0.52,"",35,2.5,375,3.7,142819130,10.0,3457777,4.5,114970,5.7,164,6.1,8546,6.1
"06085","5","62111","77","0","2024","A","",1440,10552,1571479903,80760221,2117440,2864,148924,"",0.87,0.50,0.26,0.50,0.55,0.52,0.52,"",35,2.5,375,3.7,142819130,10.0,3457777,4.5,114970,5.7,164,6.1,8546,6.1
"06085","5","621111","78","0","2024","A","",1357,10064,1527148252,75372550,1939976,2918,151742,"",0.88,0.49,0.25,0.49,0.52,0.52,0.52,"",33,2.5,381,3.9,144188962,10.4,3131385,4.3,95616,5.2,171,6.2,8920,6.2
"06085","5","621112","78","0","2024","A","",83,488,44331651,5387671,177464,1746,90813,"",0.76,0.82,0.36,1.01,1.09,0.45,0.45,"",3,3.8,-6,-1.2,-1369832,-3.0,326392,6.4,19354,12.2,-32,-1.8,-1669,-1.8
"06085","5","6212","76","0","2024","A","",1477,9734,783426703,90603411,2201463,1548,80481,"",1.57,1.30,0.61,1.21,1.25,0.47,0.47,"",-2,-0.1,15,0.2,34176618,4.6,2044934,2.3,89912,4.3,66,4.5,3393,4.4
"06085","5","62121","77","0","2024","A","",1477,9734,783426703,90603411,2201463,1548,80481,"",1.57,1.30,0.61,1.21,1.25,0.47,0.47,"",-2,-0.1,15,0.2,34176618,4.6,2044934,2.3,89912,4.3,66,4.5,3393,4.4
"06085","5","621210","78","0","2024","A","",1477,9734,783426703,90603411,2201463,1548,80481,"",1.57,1.30,0.61,1.21,1.25,0.47,0.47,"",-2,-0.1,15,0.2,34176618,4.6,2044934,2.3,89912,4.3,66,4.5,3393,4.4
"06085","5","6213","76","0","2024","A","",1192,6292,403962415,56815594,1455397,1235,64205,"",0.84,0.71,0.33,0.68,0.65,0.47,0.47,"",101,9.3,499,8.6,38970939,10.7,3419030,6.4,108519,8.1,23,1.9,1202,1.9
"06085","5","62131","77","0","2024","A","",229,715,34610164,6194171,161899,931,48417,"",0.84,0.68,0.29,0.62,0.73,0.43,0.43,"",0,0.0,46,6.9,2327586,7.2,175050,2.9,10640,7.0,3,0.3,156,0.3
"06085","5","621310","78","0","2024","A","",229,715,34610164,6194171,161899,931,48417,"",0.84,0.68,0.29,0.62,0.73,0.43,0.43,"",0,0.0,46,6.9,2327586,7.2,175050,2.9,10640,7.0,3,0.3,156,0.3
"06085","5","62132","77","0","2024","A","",185,1109,60691038,9487248,217246,1052,54726,"",1.25,1.00,0.39,0.89,0.94,0.39,0.39,"",2,1.1,32,3.0,3112557,5.4,-106286,-1.1,8365,4.0,24,2.3,1281,2.4
"06085","5","621320","78","0","2024","A","",185,1109,60691038,9487248,217246,1052,54726,"",1.25,1.00,0.39,0.89,0.94,0.39,0.39,"",2,1.1,32,3.0,3112557,5.4,-106286,-1.1,8365,4.0,24,2.3,1281,2.4
"06085","5","62133","77","0","2024","A","",227,1265,71672712,11253802,316404,1089,56643,"",0.71,0.70,0.31,0.65,0.55,0.44,0.44,"",43,23.4,171,15.6,11097370,18.3,1505784,15.4,55369,21.2,24,2.3,1285,2.3
"06085","5","621330","78","0","2024","A","",227,1265,71672712,11253802,316404,1089,56643,"",0.71,0.70,0.31,0.65,0.55,0.44,0.44,"",43,23.4,171,15.6,11097370,18.3,1505784,15.4,55369,21.2,24,2.3,1285,2.3
"06085","5","62134","77","0","2024","A","",257,2124,131355779,19598651,474803,1190,61856,"",0.72,0.60,0.27,0.61,0.58,0.46,0.46,"",19,8.0,140,7.1,12807491,10.8,881510,4.7,6642,1.4,41,3.6,2096,3.5
"06085","5","621340","78","0","2024","A","",257,2124,131355779,19598651,474803,1190,61856,"",0.72,0.60,0.27,0.61,0.58,0.46,0.46,"",19,8.0,140,7.1,12807491,10.8,881510,4.7,6642,1.4,41,3.6,2096,3.5
"06085","5","62139","77","0","2024","A","",294,1079,105632722,10281722,285045,1883,97899,"",0.93,0.79,0.48,0.77,0.73,0.61,0.61,"",36,14.0,110,11.4,9625935,10.0,962972,10.3,27503,10.7,-22,-1.2,-1179,-1.2
"06085","5","621391","78","0","2024","A","",30,93,6834438,725970,14107,1407,73161,"",0.66,0.39,0.18,0.34,0.25,0.46,0.46,"",-1,-3.2,14,17.7,2172196,46.6,-85104,-10.5,-6906,-32.9,268,23.5,13958,23.6
"06085","5","621399","78","0","2024","A","",263,986,98798284,9555752,270938,1928,100243,"",0.97,0.87,0.54,0.85,0.81,0.63,0.63,"",36,15.9,96,10.8,7453739,8.2,1048076,12.3,34409,14.5,-45,-2.3,-2362,-2.3
"06085","5","6214","76","0","2024","A","",235,13327,1921340182,76618377,1445102,2772,144168,"",0.65,1.66,1.11,1.49,1.03,0.67,0.67,"",11,4.9,416,3.2,131861484,7.4,2259598,3.0,107725,8.1,106,4.0,5562,4.0
"06085","5","62141","77","0","2024","A","",19,173,18320230,583033,18724,2034,105744,"",0.90,0.81,0.48,0.41,0.41,0.59,0.59,"",5,35.7,-79,-31.3,-7525785,-29.1,44302,8.2,2685,16.7,59,3.0,3045,3.0
"06085","5","621410","78","0","2024","A","",19,173,18320230,583033,18724,2034,105744,"",0.90,0.81,0.48,0.41,0.41,0.59,0.59,"",5,35.7,-79,-31.3,-7525785,-29.1,44302,8.2,2685,16.7,59,3.0,3045,3.0
"06085","5","62142","77","0","2024","A","",52,1749,152907442,8527077,312166,1681,87426,"",0.43,0.78,0.45,0.61,0.72,0.58,0.58,"",6,13.0,117,7.2,23848021,18.5,2193318,34.6,94968,43.7,160,10.5,8321,10.5
"06085","5","621420","78","0","2024","A","",52,1749,152907442,8527077,312166,1681,87426,"",0.43,0.78,0.45,0.61,0.72,0.58,0.58,"",6,13.0,117,7.2,23848021,18.5,2193318,34.6,94968,43.7,160,10.5,8321,10.5
"06085","5","62149","77","0","2024","A","",164,11405,1750112510,67508267,1114212,2951,153454,"",0.74,2.04,1.30,1.88,1.19,0.64,0.64,"",0,0.0,378,3.4,115539248,7.1,21978,0.0,10072,0.9,100,3.5,5225,3.5
"06085","5","621491","78","0","2024","A","",60,8661,1494440975,57591243,872008,3318,172540,"",2.93,5.51,2.77,10.09,5.54,0.50,0.50,"",2,3.4,193,2.3,87974507,6.3,971011,1.7,16296,1.9,124,3.9,6456,3.9
"06085","5","621492","78","0","2024","A","",31,570,46713132,3938269,90137,1577,81989,"",0.56,0.61,0.26,0.46,0.51,0.43,0.43,"",-3,-8.8,-13,-2.2,4160776,9.8,-433939,-9.9,-1910,-2.1,174,12.4,9053,12.4
"06085","5","621493","78","0","2024","A","",34,1719,169848183,4248247,106397,1900,98821,"",0.54,1.34,0.68,0.39,0.36,0.51,0.51,"",8,30.8,220,14.7,25748301,17.9,150300,3.7,16180,17.9,51,2.8,2696,2.8
"06085","5","621498","78","0","2024","A","",39,455,39110220,1730508,45670,1653,85972,"",0.48,0.25,0.10,0.16,0.15,0.40,0.40,"",-7,-15.2,-21,-4.4,-2344336,-5.7,-665394,-27.8,-20494,-31.0,-20,-1.2,-1041,-1.2
"06085","5","6215","76","0","2024","A","",119,1375,196267492,11919115,340601,2744,142705,"",0.59,0.62,0.41,0.55,0.60,0.66,0.66,"",-5,-4.0,-80,-5.5,-31788937,-13.9,-313716,-2.6,11986,3.6,-271,-9.0,-14062,-9.0
"06085","5","62151","77","0","2024","A","",119,1375,196267492,11919115,340601,2744,142705,"",0.59,0.62,0.41,0.55,0.60,0.66,0.66,"",-5,-4.0,-80,-5.5,-31788937,-13.9,-313716,-2.6,11986,3.6,-271,-9.0,-14062,-9.0
"06085","5","621511","78","0","2024","A","",81,1149,175624303,9904977,283786,2940,152872,"",0.54,0.71,0.50,0.62,0.68,0.71,0.71,"",-2,-2.4,-44,-3.7,-24273402,-12.1,125117,1.3,28629,11.2,-283,-8.8,-14745,-8.8
"06085","5","621512","78","0","2024","A","",38,226,20643189,2014138,56815,1753,91140,"",0.73,0.37,0.15,0.36,0.38,0.41,0.41,"",-4,-9.5,-36,-13.7,-7515535,-26.7,-438833,-17.9,-16643,-22.7,-313,-15.2,-16268,-15.1
"06085","5","6216","76","0","2024","A","",164,9113,363012945,103202593,3222561,766,39833,"",0.46,0.72,0.27,1.05,1.04,0.38,0.38,"",-6,-3.5,1290,16.5,49605477,15.8,13070765,14.5,740099,29.8,-4,-0.5,-228,-0.6
"06085","5","62161","77","0","2024","A","",164,9113,363012945,103202593,3222561,766,39833,"",0.46,0.72,0.27,1.05,1.04,0.38,0.38,"",-6,-3.5,1290,16.5,49605477,15.8,13070765,14.5,740099,29.8,-4,-0.5,-228,-0.6
"06085","5","621610","78","0","2024","A","",164,9113,363012945,103202593,3222561,766,39833,"",0.46,0.72,0.27,1.05,1.04,0.38,0.38,"",-6,-3.5,1290,16.5,49605477,15.8,13070765,14.5,740099,29.8,-4,-0.5,-228,-0.6
"06085","5","6219","76","0","2024","A","",51,881,89375307,8040864,214847,1951,101476,"",0.35,0.34,0.20,0.37,0.36,0.58,0.58,"",2,4.1,69,8.5,14642829,19.6,688092,9.4,21897,11.3,181,10.2,9460,10.3
"06085","5","62191","77","0","2024","A","",11,636,60221311,5991726,132022,1822,94737,"",0.27,0.52,0.31,0.54,0.50,0.61,0.61,"",-1,-8.3,60,10.4,9622674,19.0,590800,10.9,5941,4.7,132,7.8,6879,7.8
"06085","5","621910","78","0","2024","A","",11,636,60221311,5991726,132022,1822,94737,"",0.27,0.52,0.31,0.54,0.50,0.61,0.61,"",-1,-8.3,60,10.4,9622674,19.0,590800,10.9,5941,4.7,132,7.8,6879,7.8
"06085","5","62199","77","0","2024","A","",40,245,29153996,2049138,82825,2288,118955,"",0.37,0.18,0.11,0.19,0.25,0.62,0.62,"",3,8.1,9,3.8,5020155,20.8,97292,5.0,15956,23.9,324,16.5,16801,16.4
"06085","5","621991","78","0","2024","A","N",2,0,0,0,0,0,0,"N",0.12,0,0,0,0,0,0,"N",0,0.0,0,0,0,0,0,0,0,0,0,0,0,0
"06085","5","621999","78","0","2024","A","N",38,0,0,0,0,0,0,"N",0.42,0,0,0,0,0,0,"N",3,8.6,0,0,0,0,0,0,0,0,0,0,0,0
"06085","5","622","75","0","2024","A","",19,36408,5316876793,29748582,504199,2808,146037,"",0.17,0.93,0.62,0.43,0.41,0.67,0.67,"",-2,-9.5,1617,4.6,409505783,8.3,-2081830,-6.5,-55191,-9.9,95,3.5,4985,3.5
"06085","5","6221","76","0","2024","A","",13,35086,5183505659,25290342,388349,2841,147739,"",0.16,0.96,0.65,0.46,0.43,0.68,0.68,"",-2,-13.3,1628,4.9,399964311,8.4,-2151778,-7.8,-43844,-10.1,92,3.3,4768,3.3
"06085","5","62211","77","0","2024","A","",13,35086,5183505659,25290342,388349,2841,147739,"",0.16,0.96,0.65,0.46,0.43,0.68,0.68,"",-2,-13.3,1628,4.9,399964311,8.4,-2151778,-7.8,-43844,-10.1,92,3.3,4768,3.3
"06085","5","622110","78","0","2024","A","",13,35086,5183505659,25290342,388349,2841,147739,"",0.16,0.96,0.65,0.46,0.43,0.68,0.68,"",-2,-13.3,1628,4.9,399964311,8.4,-2151778,-7.8,-43844,-10.1,92,3.3,4768,3.3
"06085","5","6222","76","0","2024","A","N",2,0,0,0,0,0,0,"N",0.18,0,0,0,0,0,0,"N",0,0.0,0,0,0,0,0,0,0,0,0,0,0,0
"06085","5","62221","77","0","2024","A","N",2,0,0,0,0,0,0,"N",0.18,0,0,0,0,0,0,"N",0,0.0,0,0,0,0,0,0,0,0,0,0,0,0
"06085","5","622210","78","0","2024","A","N",2,0,0,0,0,0,0,"N",0.18,0,0,0,0,0,0,"N",0,0.0,0,0,0,0,0,0,0,0,0,0,0,0
"06085","5","6223","76","0","2024","A","N",4,0,0,0,0,0,0,"N",0.22,0,0,0,0,0,0,"N",0,0.0,0,0,0,0,0,0,0,0,0,0,0,0
"06085","5","62231","77","0","2024","A","N",4,0,0,0,0,0,0,"N",0.22,0,0,0,0,0,0,"N",0,0.0,0,0,0,0,0,0,0,0,0,0,0,0
"06085","5","622310","78","0","2024","A","N",4,0,0,0,0,0,0,"N",0.22,0,0,0,0,0,0,"N",0,0.0,0,0,0,0,0,0,0,0,0,0,0,0
"06085","5","623","75","0","2024","A","",391,13794,797120509,110168234,2596527,1111,57786,"",0.62,0.58,0.28,0.60,0.55,0.49,0.49,"",2,0.5,409,3.1,15097404,1.9,3958393,3.7,46051,1.8,-13,-1.2,-639,-1.1
"06085","5","6231","76","0","2024","A","",61,5650,355534735,54368719,1147914,1210,62928,"",0.44,0.52,0.26,0.59,0.50,0.50,0.50,"",-4,-6.2,486,9.4,34672979,10.8,5268563,10.7,129645,12.7,15,1.3,796,1.3
"06085","5","62311","77","0","2024","A","",61,5650,355534735,54368719,1147914,1210,62928,"",0.44,0.52,0.26,0.59,0.50,0.50,0.50,"",-4,-6.2,486,9.4,34672979,10.8,5268563,10.7,129645,12.7,15,1.3,796,1.3
"06085","5","623110","78","0","2024","A","",61,5650,355534735,54368719,1147914,1210,62928,"",0.44,0.52,0.26,0.59,0.50,0.50,0.50,"",-4,-6.2,486,9.4,34672979,10.8,5268563,10.7,129645,12.7,15,1.3,796,1.3
"06085","5","6232","76","0","2024","A","",98,2087,123784762,13934801,396102,1141,59312,"",0.41,0.43,0.21,0.51,0.56,0.49,0.49,"",-4,-3.9,-557,-21.1,-48280965,-28.1,-4131519,-22.9,-171385,-30.2,-110,-8.8,-5762,-8.9
"06085","5","62321","77","0","2024","A","",64,1126,61516779,6934917,149790,1051,54641,"",0.38,0.39,0.19,0.46,0.45,0.48,0.48,"",-4,-5.9,-486,-30.1,-35016206,-36.3,-3523320,-33.7,-156512,-51.1,-100,-8.7,-5234,-8.7
"06085","5","623210","78","0","2024","A","",64,1126,61516779,6934917,149790,1051,54641,"",0.38,0.39,0.19,0.46,0.45,0.48,0.48,"",-4,-5.9,-486,-30.1,-35016206,-36.3,-3523320,-33.7,-156512,-51.1,-100,-8.7,-5234,-8.7
"06085","5","62322","77","0","2024","A","",34,961,62267983,6999884,246312,1246,64784,"",0.48,0.51,0.25,0.57,0.64,0.48,0.48,"",0,0.0,-71,-6.9,-13264759,-17.6,-608199,-8.0,-14873,-5.7,-162,-11.5,-8413,-11.5
"06085","5","623220","78","0","2024","A","",34,961,62267983,6999884,246312,1246,64784,"",0.48,0.51,0.25,0.57,0.64,0.48,0.48,"",0,0.0,-71,-6.9,-13264759,-17.6,-608199,-8.0,-14873,-5.7,-162,-11.5,-8413,-11.5
"06085","5","6233","76","0","2024","A","",203,5822,306020085,40139133,1006279,1011,52561,"",1.01,0.82,0.42,0.71,0.67,0.51,0.51,"",9,4.6,475,8.9,27640332,9.9,2608425,7.0,83743,9.1,10,1.0,497,1.0
"06085","5","62331","77","0","2024","A","",203,5822,306020085,40139133,1006279,1011,52561,"",1.01,0.82,0.42,0.71,0.67,0.51,0.51,"",9,4.6,475,8.9,27640332,9.9,2608425,7.0,83743,9.1,10,1.0,497,1.0
"06085","5","623311","78","0","2024","A","",28,2817,170202956,11044440,237706,1162,60422,"",0.56,0.81,0.45,0.49,0.43,0.56,0.56,"",0,0.0,78,2.8,6123618,3.7,-583197,-5.0,-4958,-2.0,10,0.9,512,0.9
"06085","5","623312","78","0","2024","A","",174,3005,135817129,29094693,768573,869,45193,"",1.15,0.84,0.38,0.87,0.81,0.46,0.46,"",8,4.8,397,15.2,21516714,18.8,3191622,12.3,88701,13.0,26,3.1,1369,3.1
"06085","5","6239","76","0","2024","A","",29,235,11780927,1725581,46232,963,50078,"",0.56,0.20,0.08,0.24,0.25,0.41,0.41,"",0,0.0,5,2.2,1065058,9.9,212924,14.1,4048,9.6,66,7.4,3437,7.4
"06085","5","62399","77","0","2024","A","",29,235,11780927,1725581,46232,963,50078,"",0.56,0.20,0.08,0.24,0.25,0.41,0.41,"",0,0.0,5,2.2,1065058,9.9,212924,14.1,4048,9.6,66,7.4,3437,7.4
"06085","5","623990","78","0","2024","A","",29,235,11780927,1725581,46232,963,50078,"",0.56,0.20,0.08,0.24,0.25,0.41,0.41,"",0,0.0,5,2.2,1065058,9.9,212924,14.1,4048,9.6,66,7.4,3437,7.4
"06085","5","624","75","0","2024","A","",30613,49937,1699712472,365426638,10263877,655,34037,"",3.74,1.48,0.56,1.57,1.33,0.38,0.38,"",3919,14.7,5169,11.5,245962554,16.9,34019269,10.3,1142580,12.5,31,5.0,1564,4.8
"06085","5","6241","76","0","2024","A","",29758,41187,1226051309,298256180,8475787,572,29768,"",3.99,1.80,0.62,1.93,1.55,0.35,0.35,"",3908,15.1,4767,13.1,211818777,20.9,30966047,11.6,1045648,14.1,36,6.7,1920,6.9
"06085","5","62411","77","0","2024","A","",68,1887,120069310,8988199,239897,1224,63633,"",0.69,1.12,0.60,1.01,0.87,0.53,0.53,"",0,0.0,343,22.2,27523157,29.7,287361,3.3,12112,5.3,71,6.2,3687,6.2
"06085","5","624110","78","0","2024","A","",68,1887,120069310,8988199,239897,1224,63633,"",0.69,1.12,0.60,1.01,0.87,0.53,0.53,"",0,0.0,343,22.2,27523157,29.7,287361,3.3,12112,5.3,71,6.2,3687,6.2
"06085","5","62412","77","0","2024","A","",29530,36893,952708451,276979635,7871297,497,25824,"",4.19,2.11,0.75,2.32,1.84,0.35,0.35,"",3913,15.3,4104,12.5,152097081,19.0,30885372,12.6,1034012,15.1,27,5.7,1407,5.8
"06085","5","624120","78","0","2024","A","",29530,36893,952708451,276979635,7871297,497,25824,"",4.19,2.11,0.75,2.32,1.84,0.35,0.35,"",3913,15.3,4104,12.5,152097081,19.0,30885372,12.6,1034012,15.1,27,5.7,1407,5.8
"06085","5","62419","77","0","2024","A","",159,2407,153273548,12288346,364593,1224,63669,"",0.51,0.64,0.31,0.48,0.40,0.49,0.49,"",-6,-3.6,319,15.3,32198539,26.6,-206686,-1.7,-476,-0.1,109,9.8,5674,9.8
"06085","5","624190","78","0","2024","A","",159,2407,153273548,12288346,364593,1224,63669,"",0.51,0.64,0.31,0.48,0.40,0.49,0.49,"",-6,-3.6,319,15.3,32198539,26.6,-206686,-1.7,-476,-0.1,109,9.8,5674,9.8
"06085","5","6242","76","0","2024","A","",78,1420,103012541,8473818,322943,1396,72570,"",0.77,0.86,0.44,0.80,0.89,0.51,0.51,"",5,6.8,54,4.0,6771692,7.0,616408,7.8,5823,1.8,41,3.0,2094,3.0
"06085","5","62421","77","0","2024","A","",19,424,35188527,1696349,58000,1596,82992,"",0.67,1.17,0.75,0.71,0.79,0.64,0.64,"",2,11.8,-2,-0.5,426157,1.2,315015,22.8,16927,41.2,27,1.7,1406,1.7
"06085","5","624210","78","0","2024","A","",19,424,35188527,1696349,58000,1596,82992,"",0.67,1.17,0.75,0.71,0.79,0.64,0.64,"",2,11.8,-2,-0.5,426157,1.2,315015,22.8,16927,41.2,27,1.7,1406,1.7
"06085","5","62422","77","0","2024","A","",50,947,64848094,6541841,256101,1317,68508,"",0.91,0.92,0.47,0.97,1.06,0.51,0.51,"",2,4.2,51,5.7,6076265,10.3,254408,4.0,-12706,-4.7,55,4.4,2878,4.4
"06085","5","624221","78","0","2024","A","",21,530,34875692,3255533,139618,1265,65762,"",0.71,0.78,0.42,0.79,0.98,0.53,0.53,"",1,5.0,18,3.5,2760542,8.6,-12552,-0.4,-20178,-12.6,59,4.9,3037,4.8
"06085","5","624229","78","0","2024","A","",29,416,29972402,3286308,116483,1385,72006,"",1.14,1.18,0.54,1.25,1.18,0.46,0.46,"",1,3.6,32,8.3,3315723,12.4,266960,8.8,7472,6.9,48,3.6,2497,3.6
"06085","5","62423","77","0","2024","A","",9,49,2975920,235628,8842,1170,60837,"",0.49,0.18,0.06,0.16,0.18,0.33,0.33,"",1,12.5,5,11.4,269270,9.9,46985,24.9,1602,22.1,-13,-1.1,-678,-1.1
"06085","5","624230","78","0","2024","A","",9,49,2975920,235628,8842,1170,60837,"",0.49,0.18,0.06,0.16,0.18,0.33,0.33,"",1,12.5,5,11.4,269270,9.9,46985,24.9,1602,22.1,-13,-1.1,-678,-1.1
"06085","5","6243","76","0","2024","A","",27,1112,54051962,1324297,49593,935,48608,"",0.40,0.54,0.26,0.16,0.22,0.48,0.48,"",-2,-6.9,54,5.1,1806578,3.5,100144,8.2,-1287,-2.5,-15,-1.6,-777,-1.6
"06085","5","62431","77","0","2024","A","",27,1112,54051962,1324297,49593,935,48608,"",0.40,0.54,0.26,0.16,0.22,0.48,0.48,"",-2,-6.9,54,5.1,1806578,3.5,100144,8.2,-1287,-2.5,-15,-1.6,-777,-1.6
"06085","5","624310","78","0","2024","A","",27,1112,54051962,1324297,49593,935,48608,"",0.40,0.54,0.26,0.16,0.22,0.48,0.48,"",-2,-6.9,54,5.1,1806578,3.5,100144,8.2,-1287,-2.5,-15,-1.6,-777,-1.6
"06085","5","6244","76","0","2024","A","",751,6219,316596660,57372343,1415554,979,50911,"",1.38,0.88,0.53,0.96,0.84,0.60,0.60,"",9,1.2,294,5.0,25565507,8.8,2336670,4.2,92396,7.0,34,3.6,1789,3.6
"06085","5","62441","77","0","2024","A","",751,6219,316596660,57372343,1415554,979,50911,"",1.38,0.88,0.53,0.96,0.84,0.60,0.60,"",9,1.2,294,5.0,25565507,8.8,2336670,4.2,92396,7.0,34,3.6,1789,3.6
"06085","5","624410","78","0","2024","A","",751,6219,316596660,57372343,1415554,979,50911,"",1.38,0.88,0.53,0.96,0.84,0.60,0.60,"",9,1.2,294,5.0,25565507,8.8,2336670,4.2,92396,7.0,34,3.6,1789,3.6
"06085","5","71","74","0","2024","A","",715,18007,1222024033,147836724,3458917,1305,67864,"",0.55,0.96,0.49,1.08,0.70,0.52,0.52,"",15,2.1,268,1.5,99138738,8.8,-1594916,-1.1,79331,2.3,88,7.2,4562,7.2
"06085","5","711","75","0","2024","A","",196,4538,752181019,37513111,1010833,3188,165758,"",0.35,1.10,0.61,1.07,0.71,0.55,0.55,"",4,2.1,815,21.9,115751941,18.2,1185637,3.3,9832,1.0,-100,-3.0,-5195,-3.0
"06085","5","7111","76","0","2024","A","",56,580,22028161,5486382,169275,730,37980,"",0.62,0.60,0.14,0.68,0.40,0.24,0.24,"",0,0.0,26,4.7,-25793,-0.1,39463,0.7,-1237,-0.7,-35,-4.6,-1811,-4.6
"06085","5","71111","77","0","2024","A","",20,397,9415329,3663383,99041,456,23731,"",0.70,0.77,0.15,0.83,0.40,0.20,0.20,"",0,0.0,18,4.7,-66301,-0.7,21615,0.6,9662,10.8,-25,-5.2,-1259,-5.0
"06085","5","711110","78","0","2024","A","",20,397,9415329,3663383,99041,456,23731,"",0.70,0.77,0.15,0.83,0.40,0.20,0.20,"",0,0.0,18,4.7,-66301,-0.7,21615,0.6,9662,10.8,-25,-5.2,-1259,-5.0
"06085","5","71112","77","0","2024","A","N",5,0,0,0,0,0,0,"N",0.46,0,0,0,0,0,0,"N",0,0.0,0,0,0,0,0,0,0,0,0,0,0,0
"06085","5","711120","78","0","2024","A","N",5,0,0,0,0,0,0,"N",0.46,0,0,0,0,0,0,"N",0,0.0,0,0,0,0,0,0,0,0,0,0,0,0
"06085","5","71113","77","0","2024","A","",27,138,8484776,1685776,65829,1185,61595,"",0.64,0.50,0.12,0.87,0.75,0.25,0.25,"",1,3.8,2,1.5,269676,3.3,450,0.0,-11937,-15.3,25,2.2,1301,2.2
"06085","5","711130","78","0","2024","A","",27,138,8484776,1685776,65829,1185,61595,"",0.64,0.50,0.12,0.87,0.75,0.25,0.25,"",1,3.8,2,1.5,269676,3.3,450,0.0,-11937,-15.3,25,2.2,1301,2.2
"06085","5","71119","77","0","2024","A","N",4,0,0,0,0,0,0,"N",0.42,0,0,0,0,0,0,"N",0,0.0,0,0,0,0,0,0,0,0,0,0,0,0
"06085","5","711190","78","0","2024","A","N",4,0,0,0,0,0,0,"N",0.42,0,0,0,0,0,0,"N",0,0.0,0,0,0,0,0,0,0,0,0,0,0,0
"06085","5","7112","76","0","2024","A","",30,917,508195380,8219622,186372,10660,554294,"",0.50,0.77,0.80,0.76,0.57,1.04,1.04,"",1,3.4,214,30.4,105648954,26.2,991033,13.7,41491,28.6,-357,-3.2,-18590,-3.2
"06085","5","71121","77","0","2024","A","",30,917,508195380,8219622,186372,10660,554294,"",0.50,0.77,0.80,0.76,0.57,1.04,1.04,"",1,3.4,214,30.4,105648954,26.2,991033,13.7,41491,28.6,-357,-3.2,-18590,-3.2
"06085","5","711211","78","0","2024","A","",16,834,503547679,7522239,171797,11608,603593,"",0.61,0.98,0.87,0.98,0.74,0.88,0.88,"",2,14.3,206,32.8,105203879,26.4,945074,14.4,40862,31.2,-589,-4.8,-30628,-4.8
"06085","5","711212","78","0","2024","A","N",1,0,0,0,0,0,0,"N",0.19,0,0,0,0,0,0,"N",0,0.0,0,0,0,0,0,0,0,0,0,0,0,0
"06085","5","711219","78","0","2024","A","N",13,0,0,0,0,0,0,"N",0.45,0,0,0,0,0,0,"N",-1,-7.1,0,0,0,0,0,0,0,0,0,0,0,0
"06085","5","7113","76","0","2024","A","",22,2860,203346827,21852624,590113,1368,71113,"",0.28,2.18,1.11,2.17,1.44,0.51,0.51,"",-1,-4.3,694,32.0,22477734,12.4,1312066,6.4,3721,0.6,-238,-14.8,-12410,-14.9
"06085","5","71131","77","0","2024","A","",12,2795,199726044,20796616,533047,1374,71465,"",0.36,2.78,1.54,2.88,1.76,0.56,0.56,"",-1,-7.7,679,32.1,21278500,11.9,1123292,5.7,-6320,-1.2,-248,-15.3,-12867,-15.3
"06085","5","711310","78","0","2024","A","",12,2795,199726044,20796616,533047,1374,71465,"",0.36,2.78,1.54,2.88,1.76,0.56,0.56,"",-1,-7.7,679,32.1,21278500,11.9,1123292,5.7,-6320,-1.2,-248,-15.3,-12867,-15.3
"06085","5","71132","77","0","2024","A","",10,65,3620783,1056008,57066,1075,55919,"",0.22,0.21,0.07,0.37,0.54,0.32,0.32,"",0,0.0,15,30.0,1199234,49.5,188774,21.8,10041,21.4,134,14.2,6999,14.3
"06085","5","711320","78","0","2024","A","",10,65,3620783,1056008,57066,1075,55919,"",0.22,0.21,0.07,0.37,0.54,0.32,0.32,"",0,0.0,15,30.0,1199234,49.5,188774,21.8,10041,21.4,134,14.2,6999,14.3
"06085","5","7114","76","0","2024","A","",13,37,6373101,467295,17556,3298,171474,"",0.27,0.17,0.08,0.27,0.21,0.47,0.47,"",-3,-18.8,-99,-72.8,-11356978,-64.1,-1009183,-68.4,-27693,-61.2,782,31.1,40625,31.0
"06085","5","71141","77","0","2024","A","",13,37,6373101,467295,17556,3298,171474,"",0.27,0.17,0.08,0.27,0.21,0.47,0.47,"",-3,-18.8,-99,-72.8,-11356978,-64.1,-1009183,-68.4,-27693,-61.2,782,31.1,40625,31.0
"06085","5","711410","78","0","2024","A","",13,37,6373101,467295,17556,3298,171474,"",0.27,0.17,0.08,0.27,0.21,0.47,0.47,"",-3,-18.8,-99,-72.8,-11356978,-64.1,-1009183,-68.4,-27693,-61.2,782,31.1,40625,31.0
"06085","5","7115","76","0","2024","A","",74,144,12237550,1487188,47517,1631,84787,"",0.26,0.33,0.07,0.33,0.26,0.20,0.20,"",5,7.2,-21,-12.7,-991976,-7.5,-147742,-9.0,-6450,-12.0,88,5.7,4568,5.7
"06085","5","71151","77","0","2024","A","",74,144,12237550,1487188,47517,1631,84787,"",0.26,0.33,0.07,0.33,0.26,0.20,0.20,"",5,7.2,-21,-12.7,-991976,-7.5,-147742,-9.0,-6450,-12.0,88,5.7,4568,5.7
"06085","5","711510","78","0","2024","A","",74,144,12237550,1487188,47517,1631,84787,"",0.26,0.33,0.07,0.33,0.26,0.20,0.20,"",5,7.2,-21,-12.7,-991976,-7.5,-147742,-9.0,-6450,-12.0,88,5.7,4568,5.7
"06085","5","712","75","0","2024","A","",24,496,32663849,2415866,54200,1265,65799,"",0.44,0.39,0.21,0.39,0.33,0.53,0.53,"",-1,-4.0,-9,-1.8,1571405,5.1,-255440,-9.6,-14645,-21.3,81,6.8,4220,6.9
"06085","5","7121","76","0","2024","A","",24,496,32663849,2415866,54200,1265,65799,"",0.44,0.39,0.21,0.39,0.33,0.53,0.53,"",-1,-4.0,-9,-1.8,1571405,5.1,-255440,-9.6,-14645,-21.3,81,6.8,4220,6.9
"06085","5","71211","77","0","2024","A","",18,379,28167978,1435777,30991,1429,74289,"",0.49,0.52,0.29,0.42,0.31,0.56,0.56,"",-2,-10.0,2,0.5,1890587,7.2,-29659,-2.0,-6389,-17.1,89,6.6,4618,6.6
"06085","5","712110","78","0","2024","A","",18,379,28167978,1435777,30991,1429,74289,"",0.49,0.52,0.29,0.42,0.31,0.56,0.56,"",-2,-10.0,2,0.5,1890587,7.2,-29659,-2.0,-6389,-17.1,89,6.6,4618,6.6
"06085","5","71212","77","0","2024","A","N",2,0,0,0,0,0,0,"N",0.42,0,0,0,0,0,0,"N",0,0.0,0,0,0,0,0,0,0,0,0,0,0,0
"06085","5","712120","78","0","2024","A","N",2,0,0,0,0,0,0,"N",0.42,0,0,0,0,0,0,"N",0,0.0,0,0,0,0,0,0,0,0,0,0,0,0
"06085","5","71213","77","0","2024","A","N",2,0,0,0,0,0,0,"N",0.31,0,0,0,0,0,0,"N",0,0.0,0,0,0,0,0,0,0,0,0,0,0,0
"06085","5","712130","78","0","2024","A","N",2,0,0,0,0,0,0,"N",0.31,0,0,0,0,0,0,"N",0,0.0,0,0,0,0,0,0,0,0,0,0,0,0
"06085","5","71219","77","0","2024","A","N",1,0,0,0,0,0,0,"N",0.15,0,0,0,0,0,0,"N",0,0.0,0,0,0,0,0,0,0,0,0,0,0,0
"06085","5","712190","78","0","2024","A","N",1,0,0,0,0,0,0,"N",0.15,0,0,0,0,0,0,"N",0,0.0,0,0,0,0,0,0,0,0,0,0,0,0
"06085","5","713","75","0","2024","A","",496,12973,437179165,107907747,2393884,648,33700,"",0.74,0.97,0.41,1.13,0.72,0.42,0.42,"",13,2.7,-538,-4.0,-18184608,-4.0,-2525113,-2.3,84144,3.6,0,0.0,-4,0.0
"06085","5","7131","76","0","2024","A","",20,2487,64271037,25609382,496803,497,25839,"",0.71,1.43,0.39,2.37,1.79,0.28,0.28,"",-1,-4.8,-1135,-31.3,-34940706,-35.2,-7765200,-23.3,-119366,-19.4,-30,-5.7,-1555,-5.7
"06085","5","71311","77","0","2024","A","N",6,0,0,0,0,0,0,"N",0.65,0,0,0,0,0,0,"N",0,0.0,0,0,0,0,0,0,0,0,0,0,0,0
"06085","5","713110","78","0","2024","A","N",6,0,0,0,0,0,0,"N",0.65,0,0,0,0,0,0,"N",0,0.0,0,0,0,0,0,0,0,0,0,0,0,0
"06085","5","71312","77","0","2024","A","N",14,0,0,0,0,0,0,"N",0.73,0,0,0,0,0,0,"N",-1,-6.7,0,0,0,0,0,0,0,0,0,0,0,0
"06085","5","713120","78","0","2024","A","N",14,0,0,0,0,0,0,"N",0.73,0,0,0,0,0,0,"N",-1,-6.7,0,0,0,0,0,0,0,0,0,0,0,0
"06085","5","7132","76","0","2024","A","",10,1476,93452411,12381386,276685,1217,63297,"",0.33,1.67,0.77,1.37,0.89,0.46,0.46,"",0,0.0,62,4.4,1779583,1.9,91357,0.7,-6132,-2.2,-30,-2.4,-1535,-2.4
"06085","5","71321","77","0","2024","A","N",1,0,0,0,0,0,0,"N",0.32,0,0,0,0,0,0,"N",0,0.0,0,0,0,0,0,0,0,0,0,0,0,0
"06085","5","713210","78","0","2024","A","N",1,0,0,0,0,0,0,"N",0.32,0,0,0,0,0,0,"N",0,0.0,0,0,0,0,0,0,0,0,0,0,0,0
"06085","5","71329","77","0","2024","A","N",9,0,0,0,0,0,0,"N",0.33,0,0,0,0,0,0,"N",0,0.0,0,0,0,0,0,0,0,0,0,0,0,0
"06085","5","713290","78","0","2024","A","N",9,0,0,0,0,0,0,"N",0.33,0,0,0,0,0,0,"N",0,0.0,0,0,0,0,0,0,0,0,0,0,0,0
"06085","5","7139","76","0","2024","A","",466,9009,279455717,69916979,1620396,597,31019,"",0.76,0.84,0.35,0.92,0.60,0.42,0.42,"",14,3.1,534,6.3,14976515,5.7,5148730,7.9,209642,14.9,-3,-0.5,-187,-0.6
"06085","5","71391","77","0","2024","A","",24,1582,75376423,13522775,305630,916,47631,"",0.31,0.51,0.26,0.53,0.27,0.51,0.51,"",0,0.0,54,3.5,4451454,6.3,106455,0.8,71689,30.6,23,2.6,1204,2.6
"06085","5","713910","78","0","2024","A","",24,1582,75376423,13522775,305630,916,47631,"",0.31,0.51,0.26,0.53,0.27,0.51,0.51,"",0,0.0,54,3.5,4451454,6.3,106455,0.8,71689,30.6,23,2.6,1204,2.6
"06085","5","71393","77","0","2024","A","N",2,0,0,0,0,0,0,"N",0.07,0,0,0,0,0,0,"N",1,100.0,0,0,0,0,0,0,0,0,0,0,0,0
"06085","5","713930","78","0","2024","A","N",2,0,0,0,0,0,0,"N",0.07,0,0,0,0,0,0,"N",1,100.0,0,0,0,0,0,0,0,0,0,0,0,0
"06085","5","71394","77","0","2024","A","",344,5612,149525598,41286196,944352,512,26645,"",1.11,1.19,0.55,1.54,1.19,0.47,0.47,"",9,2.7,317,6.0,6484807,4.5,4029562,10.8,92376,10.8,-7,-1.3,-367,-1.4
"06085","5","713940","78","0","2024","A","",344,5612,149525598,41286196,944352,512,26645,"",1.11,1.19,0.55,1.54,1.19,0.47,0.47,"",9,2.7,317,6.0,6484807,4.5,4029562,10.8,92376,10.8,-7,-1.3,-367,-1.4
"06085","5","71395","77","0","2024","A","N",8,0,0,0,0,0,0,"N",0.34,0,0,0,0,0,0,"N",1,14.3,0,0,0,0,0,0,0,0,0,0,0,0
"06085","5","713950","78","0","2024","A","N",8,0,0,0,0,0,0,"N",0.34,0,0,0,0,0,0,"N",1,14.3,0,0,0,0,0,0,0,0,0,0,0,0
"06085","5","71399","77","0","2024","A","",88,1475,42742890,12324839,306798,557,28977,"",0.51,0.83,0.32,0.90,0.70,0.39,0.39,"",2,2.3,103,7.5,2152076,5.3,860433,7.5,33246,12.2,-12,-2.1,-605,-2.0
"06085","5","713990","78","0","2024","A","",88,1475,42742890,12324839,306798,557,28977,"",0.51,0.83,0.32,0.90,0.70,0.39,0.39,"",2,2.3,103,7.5,2152076,5.3,860433,7.5,33246,12.2,-12,-2.1,-605,-2.0
"06085","5","72","74","0","2024","A","",4984,83084,3258463077,770107211,19328162,754,39219,"",0.91,0.82,0.41,0.91,0.83,0.50,0.50,"",52,1.1,847,1.0,148461225,4.8,-16706730,-2.1,432996,2.3,27,3.7,1401,3.7
"06085","5","721","75","0","2024","A","",314,7870,392239747,72271618,1743978,958,49841,"",0.58,0.57,0.25,0.49,0.42,0.44,0.44,"",12,4.0,430,5.8,26096433,7.1,1453470,2.1,107031,6.5,12,1.3,627,1.3
"06085","5","7211","76","0","2024","A","",290,7645,381196313,69594606,1657930,959,49863,"",0.62,0.58,0.25,0.49,0.42,0.44,0.44,"",13,4.7,385,5.3,23648478,6.6,564300,0.8,84926,5.4,12,1.3,616,1.3
"06085","5","72111","77","0","2024","A","N",285,0,0,0,0,0,0,"N",0.67,0,0,0,0,0,0,"N",14,5.2,0,0,0,0,0,0,0,0,0,0,0,0
"06085","5","721110","78","0","2024","A","N",285,0,0,0,0,0,0,"N",0.67,0,0,0,0,0,0,"N",14,5.2,0,0,0,0,0,0,0,0,0,0,0,0
"06085","5","72119","77","0","2024","A","N",6,0,0,0,0,0,0,"N",0.16,0,0,0,0,0,0,"N",0,0.0,0,0,0,0,0,0,0,0,0,0,0,0
"06085","5","721191","78","0","2024","A","N",3,0,0,0,0,0,0,"N",0.19,0,0,0,0,0,0,"N",-1,-25.0,0,0,0,0,0,0,0,0,0,0,0,0
"06085","5","721199","78","0","2024","A","N",3,0,0,0,0,0,0,"N",0.14,0,0,0,0,0,0,"N",1,50.0,0,0,0,0,0,0,0,0,0,0,0,0
"06085","5","7212","76","0","2024","A","",18,219,10790213,2609042,83270,948,49308,"",0.29,0.39,0.22,0.55,0.50,0.57,0.57,"",-1,-5.3,46,26.6,2470751,29.7,914532,54.0,22643,37.3,21,2.3,1079,2.2
"06085","5","72121","77","0","2024","A","",18,219,10790213,2609042,83270,948,49308,"",0.29,0.39,0.22,0.55,0.50,0.57,0.57,"",-1,-5.3,46,26.6,2470751,29.7,914532,54.0,22643,37.3,21,2.3,1079,2.2
"06085","5","721211","78","0","2024","A","",8,38,3469682,368022,15230,1733,90122,"",0.21,0.14,0.16,0.16,0.16,1.11,1.11,"",0,0.0,-3,-7.3,412800,13.5,-26470,-6.7,-574,-3.6,287,19.8,14953,19.9
"06085","5","721214","78","0","2024","A","",10,180,7320531,2241020,68040,781,40594,"",0.44,0.63,0.28,0.94,0.99,0.44,0.44,"",-1,-9.1,48,36.4,2057951,39.1,941002,72.4,23217,51.8,13,1.7,676,1.7
"06085","5","7213","76","0","2024","A","",6,6,253221,67970,2778,790,41063,"",0.49,0.08,0.03,0.10,0.11,0.40,0.40,"",-1,-14.3,-1,-14.3,-22796,-8.3,-25362,-27.2,-538,-16.2,41,5.5,2096,5.4
"06085","5","72131","77","0","2024","A","",6,6,253221,67970,2778,790,41063,"",0.49,0.08,0.03,0.10,0.11,0.40,0.40,"",-1,-14.3,-1,-14.3,-22796,-8.3,-25362,-27.2,-538,-16.2,41,5.5,2096,5.4
"06085","5","721310","78","0","2024","A","",6,6,253221,67970,2778,790,41063,"",0.49,0.08,0.03,0.10,0.11,0.40,0.40,"",-1,-14.3,-1,-14.3,-22796,-8.3,-25362,-27.2,-538,-16.2,41,5.5,2096,5.4
"06085","5","722","75","0","2024","A","",4670,75214,2866223330,697835593,17584184,733,38108,"",0.95,0.86,0.45,0.99,0.92,0.53,0.53,"",41,0.9,417,0.6,122364792,4.5,-18160200,-2.5,325965,1.9,28,4.0,1424,3.9
"06085","5","7223","76","0","2024","A","",577,9407,511023301,92851051,3287019,1045,54325,"",1.62,1.69,0.95,1.85,1.23,0.56,0.56,"",-13,-2.2,481,5.4,28426727,5.9,331824,0.4,224747,7.3,5,0.5,257,0.5
"06085","5","72231","77","0","2024","A","",412,7988,455638864,79281798,2924934,1097,57037,"",2.32,1.99,1.11,2.12,1.34,0.56,0.56,"",-31,-7.0,302,3.9,23853254,5.5,-884004,-1.1,179212,6.5,17,1.6,857,1.5
"06085","5","722310","78","0","2024","A","",412,7988,455638864,79281798,2924934,1097,57037,"",2.32,1.99,1.11,2.12,1.34,0.56,0.56,"",-31,-7.0,302,3.9,23853254,5.5,-884004,-1.1,179212,6.5,17,1.6,857,1.5
"06085","5","72232","77","0","2024","A","",104,1123,43835583,10513221,278539,750,39023,"",1.09,0.92,0.41,1.05,0.71,0.44,0.44,"",4,4.0,108,10.6,1640459,3.9,568829,5.7,37088,15.4,-49,-6.1,-2542,-6.1
"06085","5","722320","78","0","2024","A","",104,1123,43835583,10513221,278539,750,39023,"",1.09,0.92,0.41,1.05,0.71,0.44,0.44,"",4,4.0,108,10.6,1640459,3.9,568829,5.7,37088,15.4,-49,-6.1,-2542,-6.1
"06085","5","72233","77","0","2024","A","",61,295,11548854,3056032,83546,753,39149,"",0.73,0.93,0.53,1.13,0.86,0.57,0.57,"",13,27.1,70,31.1,2933014,34.0,646999,26.9,8447,11.2,16,2.2,814,2.1
"06085","5","722330","78","0","2024","A","",61,295,11548854,3056032,83546,753,39149,"",0.73,0.93,0.53,1.13,0.86,0.57,0.57,"",13,27.1,70,31.1,2933014,34.0,646999,26.9,8447,11.2,16,2.2,814,2.1
"06085","5","7224","76","0","2024","A","",121,1487,43320181,12875474,309408,560,29133,"",0.41,0.50,0.21,0.53,0.42,0.42,0.42,"",2,1.7,-9,-0.6,102157,0.2,-363017,-2.7,12612,4.2,5,0.9,247,0.9
"06085","5","72241","77","0","2024","A","",121,1487,43320181,12875474,309408,560,29133,"",0.41,0.50,0.21,0.53,0.42,0.42,0.42,"",2,1.7,-9,-0.6,102157,0.2,-363017,-2.7,12612,4.2,5,0.9,247,0.9
"06085","5","722410","78","0","2024","A","",121,1487,43320181,12875474,309408,560,29133,"",0.41,0.50,0.21,0.53,0.42,0.42,0.42,"",2,1.7,-9,-0.6,102157,0.2,-363017,-2.7,12612,4.2,5,0.9,247,0.9
"06085","5","7225","76","0","2024","A","",3973,64320,2311879848,592109068,13987757,691,35943,"",0.93,0.81,0.41,0.94,0.89,0.51,0.51,"",52,1.3,-55,-0.1,93835908,4.2,-18129007,-3.0,88606,0.6,28,4.2,1488,4.3
"06085","5","72251","77","0","2024","A","",3973,64320,2311879848,592109068,13987757,691,35943,"",0.93,0.81,0.41,0.94,0.89,0.51,0.51,"",52,1.3,-55,-0.1,93835908,4.2,-18129007,-3.0,88606,0.6,28,4.2,1488,4.3
"06085","5","722511","78","0","2024","A","",1673,31608,1268421277,299778906,7251837,772,40130,"",0.92,0.82,0.41,0.92,0.84,0.50,0.50,"",13,0.8,182,0.6,33732687,2.7,-5600335,-1.8,120903,1.7,16,2.1,841,2.1
"06085","5","722513","78","0","2024","A","",1540,24077,792506565,215379183,4784817,633,32916,"",0.83,0.72,0.39,0.87,0.87,0.53,0.53,"",16,1.0,-38,-0.2,45673836,6.1,-8311988,-3.7,-51901,-1.1,37,6.2,1946,6.3
"06085","5","722514","78","0","2024","A","",38,330,14909433,2627282,67703,869,45203,"",1.06,0.60,0.39,0.66,0.71,0.64,0.64,"",1,2.7,-3,-0.9,279442,1.9,-484810,-15.6,-19708,-22.5,25,3.0,1291,2.9
"06085","5","722515","78","0","2024","A","",722,8306,236042573,74323697,1883400,546,28417,"",1.25,1.22,0.55,1.46,1.33,0.45,0.45,"",22,3.1,-195,-2.3,14149943,6.4,-3731874,-4.8,39312,2.1,44,8.8,2316,8.9
"06085","5","81","74","0","2024","A","",5239,26004,1530868502,205128032,5699116,1132,58871,"",0.86,0.77,0.33,0.72,0.70,0.43,0.43,"",145,2.8,926,3.7,106331986,7.5,6073737,3.1,332335,6.2,40,3.7,2067,3.6
"06085","5","811","75","0","2024","A","",1094,6633,455527832,60943150,1641578,1321,68672,"",0.64,0.63,0.27,0.57,0.56,0.43,0.43,"",-9,-0.8,50,0.8,22895087,5.3,-403982,-0.7,-2305,-0.1,57,4.5,2949,4.5
"06085","5","8111","76","0","2024","A","",880,5493,357136959,50865324,1291726,1250,65014,"",0.73,0.74,0.34,0.68,0.67,0.46,0.46,"",-7,-0.8,125,2.3,22589128,6.8,-94947,-0.2,541,0.0,51,4.3,2687,4.3
"06085","5","81111","77","0","2024","A","",514,1901,123764512,18183896,508550,1252,65102,"",0.77,0.60,0.26,0.55,0.61,0.43,0.43,"",-8,-1.5,92,5.1,12526995,11.3,1600317,9.7,58232,12.9,69,5.8,3597,5.8
"06085","5","811111","78","0","2024","A","",478,1801,117876412,17162299,481764,1259,65463,"",0.80,0.63,0.27,0.57,0.63,0.43,0.43,"",-6,-1.2,102,6.0,12820332,12.2,1584029,10.2,57377,13.5,70,5.9,3635,5.9
"06085","5","811114","78","0","2024","A","",35,100,5888100,1021597,26786,1128,58637,"",0.49,0.31,0.12,0.32,0.34,0.40,0.40,"",-2,-5.4,-9,-8.3,-293337,-4.7,16288,1.6,855,3.3,42,3.9,2143,3.8
"06085","5","81112","77","0","2024","A","",194,1689,141009427,15793369,398030,1605,83479,"",0.66,0.79,0.38,0.70,0.67,0.48,0.48,"",-8,-4.0,-11,-0.6,2473735,1.8,-1050686,-6.2,-51158,-11.4,37,2.4,1967,2.4
"06085","5","811121","78","0","2024","A","",163,1566,133607338,14645320,358837,1641,85313,"",0.67,0.85,0.41,0.74,0.70,0.48,0.48,"",-11,-6.3,-14,-0.9,1911813,1.5,-1086820,-6.9,-52537,-12.8,38,2.4,1979,2.4
"06085","5","811122","78","0","2024","A","",31,123,7402089,1148049,39193,1157,60139,"",0.63,0.44,0.18,0.40,0.49,0.41,0.41,"",3,10.7,4,3.4,561922,8.2,36134,3.2,1379,3.6,54,4.9,2779,4.8
"06085","5","81119","77","0","2024","A","",172,1903,92363020,16888059,385146,933,48535,"",0.70,0.90,0.46,0.90,0.79,0.51,0.51,"",8,4.9,44,2.4,7588398,9.0,-644578,-3.7,-6533,-1.7,56,6.4,2943,6.5
"06085","5","811191","78","0","2024","A","",35,293,11770249,2513143,59570,773,40217,"",0.60,0.54,0.21,0.47,0.45,0.38,0.38,"",1,2.9,-2,-0.7,705142,6.4,-9256,-0.4,-3511,-5.6,51,7.1,2698,7.2
"06085","5","811192","78","0","2024","A","",76,1106,51245066,9983807,197925,891,46313,"",0.56,0.82,0.45,0.89,0.68,0.55,0.55,"",3,4.1,41,3.8,5526760,12.1,-859548,-7.9,-13755,-6.5,66,8.0,3402,7.9
"06085","5","811198","78","0","2024","A","",62,504,29347705,4391109,127651,1120,58249,"",1.18,2.21,0.94,2.06,2.04,0.43,0.43,"",4,6.9,5,1.0,1356496,4.8,224226,5.4,10733,9.2,41,3.8,2164,3.9
"06085","5","8112","76","0","2024","A","",70,400,41175558,3445256,133951,1982,103068,"",0.63,0.54,0.26,0.47,0.61,0.49,0.49,"",-6,-7.9,-105,-20.8,-2716794,-6.2,-637285,-15.6,-21905,-14.1,311,18.6,16195,18.6
"06085","5","81121","77","0","2024","A","",70,400,41175558,3445256,133951,1982,103068,"",0.63,0.54,0.26,0.47,0.61,0.49,0.49,"",-6,-7.9,-105,-20.8,-2716794,-6.2,-637285,-15.6,-21905,-14.1,311,18.6,16195,18.6
"06085","5","811210","78","0","2024","A","",70,400,41175558,3445256,133951,1982,103068,"",0.63,0.54,0.26,0.47,0.61,0.49,0.49,"",-6,-7.9,-105,-20.8,-2716794,-6.2,-637285,-15.6,-21905,-14.1,311,18.6,16195,18.6
"06085","5","8113","76","0","2024","A","",58,469,44029192,4218970,145550,1806,93929,"",0.27,0.27,0.12,0.22,0.23,0.43,0.43,"",3,5.5,15,3.3,2720582,6.6,415505,10.9,14362,10.9,55,3.1,2874,3.2
"06085","5","81131","77","0","2024","A","",58,469,44029192,4218970,145550,1806,93929,"",0.27,0.27,0.12,0.22,0.23,0.43,0.43,"",3,5.5,15,3.3,2720582,6.6,415505,10.9,14362,10.9,55,3.1,2874,3.2
"06085","5","811310","78","0","2024","A","",58,469,44029192,4218970,145550,1806,93929,"",0.27,0.27,0.12,0.22,0.23,0.43,0.43,"",3,5.5,15,3.3,2720582,6.6,415505,10.9,14362,10.9,55,3.1,2874,3.2
"06085","5","8114","76","0","2024","A","",84,272,13186123,2413600,70351,933,48493,"",0.48,0.45,0.16,0.42,0.42,0.37,0.37,"",-2,-2.3,16,6.2,302171,2.3,-87255,-3.5,4697,7.2,-34,-3.5,-1802,-3.6
"06085","5","81141","77","0","2024","A","",40,135,6940818,1235877,40451,991,51541,"",0.70,0.62,0.23,0.58,0.66,0.37,0.37,"",2,5.3,7,5.5,10765,0.2,-57026,-4.4,4216,11.6,-49,-4.7,-2565,-4.7
"06085","5","811411","78","0","2024","A","",4,21,792531,201052,7475,729,37890,"",0.29,0.50,0.16,0.52,0.55,0.32,0.32,"",0,0.0,5,31.2,219108,38.2,41725,26.2,3654,95.6,25,3.6,1289,3.5
"06085","5","811412","78","0","2024","A","",36,114,6148287,1034825,32976,1039,54051,"",0.83,0.65,0.24,0.59,0.69,0.37,0.37,"",2,5.9,2,1.8,-208343,-3.3,-98751,-8.7,562,1.7,-48,-4.4,-2494,-4.4
"06085","5","81142","77","0","2024","A","N",13,0,0,0,0,0,0,"N",0.54,0,0,0,0,0,0,"N",0,0.0,0,0,0,0,0,0,0,0,0,0,0,0
"06085","5","811420","78","0","2024","A","N",13,0,0,0,0,0,0,"N",0.54,0,0,0,0,0,0,"N",0,0.0,0,0,0,0,0,0,0,0,0,0,0,0
"06085","5","81143","77","0","2024","A","N",2,0,0,0,0,0,0,"N",0.41,0,0,0,0,0,0,"N",0,0.0,0,0,0,0,0,0,0,0,0,0,0,0
"06085","5","811430","78","0","2024","A","N",2,0,0,0,0,0,0,"N",0.41,0,0,0,0,0,0,"N",0,0.0,0,0,0,0,0,0,0,0,0,0,0,0
"06085","5","81149","77","0","2024","A","",30,82,3450671,674675,18461,813,42253,"",0.34,0.29,0.09,0.25,0.23,0.33,0.33,"",-3,-9.1,10,13.9,419871,13.9,-15674,-2.3,713,4.0,1,0.1,12,0.0
"06085","5","811490","78","0","2024","A","",30,82,3450671,674675,18461,813,42253,"",0.34,0.29,0.09,0.25,0.23,0.33,0.33,"",-3,-9.1,10,13.9,419871,13.9,-15674,-2.3,713,4.0,1,0.1,12,0.0
"06085","5","812","75","0","2024","A","",1644,9410,398203410,85038469,2312193,814,42315,"",0.89,0.84,0.36,0.89,0.86,0.43,0.43,"",94,6.1,409,4.5,27382140,7.4,4439273,5.5,201417,9.5,22,2.8,1118,2.7
"06085","5","8121","76","0","2024","A","",1172,5920,180651204,53073265,1418273,587,30515,"",1.10,1.10,0.39,1.16,1.09,0.35,0.35,"",62,5.6,245,4.3,10628485,6.3,2596245,5.1,123143,9.5,11,1.9,556,1.9
"06085","5","81211","77","0","2024","A","",960,4635,136989774,40284032,1038439,568,29557,"",1.16,1.17,0.40,1.18,1.11,0.34,0.34,"",44,4.8,209,4.7,9658539,7.6,1837331,4.8,97676,10.4,15,2.7,785,2.7
"06085","5","812111","78","0","2024","A","",30,102,3828539,979245,26487,719,37412,"",0.53,0.41,0.15,0.41,0.42,0.37,0.37,"",4,15.4,2,2.0,379142,11.0,-12927,-1.3,-1774,-6.3,58,8.8,3061,8.9
"06085","5","812112","78","0","2024","A","",593,2490,85895343,21856236,531801,663,34489,"",1.10,0.94,0.36,0.97,0.94,0.38,0.38,"",27,4.8,103,4.3,5056035,6.3,1204140,5.8,41437,8.5,12,1.8,620,1.8
"06085","5","812113","78","0","2024","A","",336,2042,47265892,17448551,480151,445,23148,"",1.44,1.88,0.62,1.91,1.57,0.33,0.33,"",12,3.7,104,5.4,4223362,9.8,646118,3.8,58013,13.7,18,4.2,941,4.2
"06085","5","81219","77","0","2024","A","",212,1285,43661430,12789233,379834,653,33971,"",0.89,0.93,0.35,1.10,1.03,0.37,0.37,"",18,9.3,35,2.8,969946,2.3,758914,6.3,25467,7.2,-4,-0.6,-189,-0.6
"06085","5","812191","78","0","2024","A","",4,27,1379131,282000,11887,979,50922,"",0.24,0.35,0.14,0.50,0.65,0.39,0.39,"",-3,-42.9,-2,-6.9,-622587,-31.1,62637,28.6,3603,43.5,-372,-27.5,-19314,-27.5
"06085","5","812199","78","0","2024","A","",208,1258,42282299,12507233,367947,646,33606,"",0.94,0.96,0.36,1.13,1.05,0.38,0.38,"",21,11.2,37,3.0,1592533,3.9,696277,5.9,21864,6.3,5,0.8,288,0.9
"06085","5","8122","76","0","2024","A","",34,543,42512272,4915377,131692,1505,78267,"",0.27,0.56,0.34,0.63,0.70,0.61,0.60,"",-1,-2.9,15,2.8,3260116,8.3,143719,3.0,3325,2.6,75,5.2,3926,5.3
"06085","5","81221","77","0","2024","A","",26,198,12804381,1605891,49042,1246,64778,"",0.27,0.27,0.14,0.27,0.43,0.52,0.52,"",-1,-3.7,2,1.0,444855,3.6,-42053,-2.6,-2463,-4.8,34,2.8,1746,2.8
"06085","5","812210","78","0","2024","A","",26,198,12804381,1605891,49042,1246,64778,"",0.27,0.27,0.14,0.27,0.43,0.52,0.52,"",-1,-3.7,2,1.0,444855,3.6,-42053,-2.6,-2463,-4.8,34,2.8,1746,2.8
"06085","5","81222","77","0","2024","A","",8,346,29707891,3309486,82650,1654,85985,"",0.26,1.53,0.93,1.76,1.10,0.61,0.61,"",0,0.0,14,4.2,2815261,10.5,185772,5.9,5788,7.5,96,6.2,4963,6.1
"06085","5","812220","78","0","2024","A","",8,346,29707891,3309486,82650,1654,85985,"",0.26,1.53,0.93,1.76,1.10,0.61,0.61,"",0,0.0,14,4.2,2815261,10.5,185772,5.9,5788,7.5,96,6.2,4963,6.1
"06085","5","8123","76","0","2024","A","",155,1118,60028374,9497675,243610,1033,53697,"",0.81,0.60,0.28,0.55,0.58,0.47,0.47,"",6,4.0,62,5.9,6398200,11.9,106093,1.1,235,0.1,56,5.7,2891,5.7
"06085","5","81231","77","0","2024","A","",58,210,6299379,1829508,45638,575,29926,"",0.84,0.74,0.30,0.84,0.69,0.40,0.40,"",9,18.4,20,10.5,881180,16.3,149031,8.9,8261,22.1,26,4.7,1397,4.9
"06085","5","812310","78","0","2024","A","",58,210,6299379,1829508,45638,575,29926,"",0.84,0.74,0.30,0.84,0.69,0.40,0.40,"",9,18.4,20,10.5,881180,16.3,149031,8.9,8261,22.1,26,4.7,1397,4.9
"06085","5","81232","77","0","2024","A","",84,286,10542091,2170380,51428,708,36839,"",0.82,0.44,0.19,0.41,0.40,0.44,0.44,"",-4,-4.5,28,10.9,1931573,22.4,-121081,-5.3,-823,-1.6,66,10.3,3476,10.4
"06085","5","812320","78","0","2024","A","",84,286,10542091,2170380,51428,708,36839,"",0.82,0.44,0.19,0.41,0.40,0.44,0.44,"",-4,-4.5,28,10.9,1931573,22.4,-121081,-5.3,-823,-1.6,66,10.3,3476,10.4
"06085","5","81233","77","0","2024","A","",13,621,43186904,5497787,146544,1337,69516,"",0.67,0.66,0.31,0.57,0.64,0.47,0.47,"",0,0.0,13,2.1,3585447,9.1,78143,1.4,-7203,-4.7,84,6.7,4337,6.7
"06085","5","812331","78","0","2024","A","",6,152,10442021,1340196,27449,1325,68886,"",0.61,0.33,0.17,0.26,0.22,0.52,0.52,"",0,0.0,-4,-2.6,790959,8.2,-52475,-3.8,-2645,-8.8,131,11.0,6821,11.0
"06085","5","812332","78","0","2024","A","",7,470,32744883,4157591,119095,1341,69719,"",0.73,0.99,0.42,0.94,1.16,0.42,0.42,"",0,0.0,18,4.0,2794488,9.3,130618,3.2,-4558,-3.7,67,5.3,3469,5.2
"06085","5","8129","76","0","2024","A","",283,1829,115011560,17552152,518618,1209,62868,"",0.62,0.60,0.38,0.69,0.68,0.64,0.64,"",27,10.5,87,5.0,7095339,6.6,1593216,10.0,74714,16.8,18,1.5,933,1.5
"06085","5","81291","77","0","2024","A","",98,819,38245083,6214084,172338,898,46683,"",0.52,0.59,0.35,0.55,0.57,0.58,0.58,"",8,8.9,47,6.1,2133400,5.9,63373,1.0,14958,9.5,-1,-0.1,-84,-0.2
"06085","5","812910","78","0","2024","A","",98,819,38245083,6214084,172338,898,46683,"",0.52,0.59,0.35,0.55,0.57,0.58,0.58,"",8,8.9,47,6.1,2133400,5.9,63373,1.0,14958,9.5,-1,-0.1,-84,-0.2
"06085","5","81292","77","0","2024","A","N",4,0,0,0,0,0,0,"N",0.93,0,0,0,0,0,0,"N",1,33.3,0,0,0,0,0,0,0,0,0,0,0,0
"06085","5","812921","78","0","2024","A","N",3,0,0,0,0,0,0,"N",0.88,0,0,0,0,0,0,"N",1,50.0,0,0,0,0,0,0,0,0,0,0,0,0
"06085","5","812922","78","0","2024","A","N",1,0,0,0,0,0,0,"N",1.15,0,0,0,0,0,0,"N",0,0.0,0,0,0,0,0,0,0,0,0,0,0,0
"06085","5","81293","77","0","2024","A","",72,576,29645611,6574766,159057,990,51498,"",1.33,0.60,0.33,0.87,0.67,0.55,0.55,"",12,20.0,39,7.3,3074258,11.6,822813,14.3,22061,16.1,38,4.0,2009,4.1
"06085","5","812930","78","0","2024","A","",72,576,29645611,6574766,159057,990,51498,"",1.33,0.60,0.33,0.87,0.67,0.55,0.55,"",12,20.0,39,7.3,3074258,11.6,822813,14.3,22061,16.1,38,4.0,2009,4.1
"06085","5","81299","77","0","2024","A","N",109,0,0,0,0,0,0,"N",0.52,0,0,0,0,0,0,"N",5,4.8,0,0,0,0,0,0,0,0,0,0,0,0
"06085","5","812990","78","0","2024","A","N",109,0,0,0,0,0,0,"N",0.52,0,0,0,0,0,0,"N",5,4.8,0,0,0,0,0,0,0,0,0,0,0,0
"06085","5","813","75","0","2024","A","",724,7756,508430023,38608966,1122780,1261,65550,"",0.58,0.75,0.30,0.57,0.54,0.40,0.40,"",-10,-1.4,231,3.1,10266093,2.1,32648,0.1,57672,5.4,-12,-0.9,-648,-1.0
"06085","5","8131","76","0","2024","A","",139,978,46010816,4920537,107068,905,47066,"",0.77,0.67,0.31,0.83,0.56,0.46,0.46,"",6,4.5,11,1.1,2158560,4.9,226925,4.8,16393,18.1,33,3.8,1698,3.7
"06085","5","81311","77","0","2024","A","",139,978,46010816,4920537,107068,905,47066,"",0.77,0.67,0.31,0.83,0.56,0.46,0.46,"",6,4.5,11,1.1,2158560,4.9,226925,4.8,16393,18.1,33,3.8,1698,3.7
"06085","5","813110","78","0","2024","A","",139,978,46010816,4920537,107068,905,47066,"",0.77,0.67,0.31,0.83,0.56,0.46,0.46,"",6,4.5,11,1.1,2158560,4.9,226925,4.8,16393,18.1,33,3.8,1698,3.7
"06085","5","8132","76","0","2024","A","",179,2044,220638673,12201563,358788,2076,107962,"",1.11,1.73,0.77,1.44,1.30,0.44,0.44,"",-14,-7.3,-113,-5.2,-5295044,-2.3,-627044,-4.9,883,0.2,62,3.1,3226,3.1
"06085","5","81321","77","0","2024","A","",179,2044,220638673,12201563,358788,2076,107962,"",1.11,1.73,0.77,1.44,1.30,0.44,0.44,"",-14,-7.3,-113,-5.2,-5295044,-2.3,-627044,-4.9,883,0.2,62,3.1,3226,3.1
"06085","5","813211","78","0","2024","A","",92,1507,160904105,9022228,230260,2053,106742,"",1.12,2.68,1.06,2.02,1.72,0.40,0.39,"",-6,-6.1,-74,-4.7,-5916653,-3.5,-67632,-0.7,6123,2.7,24,1.2,1237,1.2
"06085","5","813212","78","0","2024","A","",44,294,41360718,1364024,46120,2708,140802,"",1.21,1.02,0.59,0.71,0.63,0.58,0.58,"",-8,-15.4,-60,-16.9,-1370952,-3.2,-682442,-33.3,-19134,-29.3,388,16.7,20176,16.7
"06085","5","813219","78","0","2024","A","",43,242,18373850,1815311,82408,1457,75768,"",1.00,0.74,0.28,0.88,1.18,0.38,0.38,"",0,0.0,20,9.0,1992561,12.2,123030,7.3,13894,20.3,36,2.5,1895,2.6
"06085","5","8133","76","0","2024","A","",130,960,65326207,7674495,265274,1308,68025,"",0.51,0.49,0.19,0.49,0.50,0.38,0.38,"",2,1.6,-74,-7.2,-5839272,-8.2,-712833,-8.5,11180,4.4,-16,-1.2,-823,-1.2
"06085","5","81331","77","0","2024","A","",130,960,65326207,7674495,265274,1308,68025,"",0.51,0.49,0.19,0.49,0.50,0.38,0.38,"",2,1.6,-74,-7.2,-5839272,-8.2,-712833,-8.5,11180,4.4,-16,-1.2,-823,-1.2
"06085","5","813311","78","0","2024","A","",35,145,10043153,1250290,39084,1330,69184,"",0.72,0.34,0.13,0.39,0.34,0.39,0.39,"",5,16.7,-94,-39.3,-3602017,-26.4,-814575,-39.4,-14902,-27.6,232,21.1,12091,21.2
"06085","5","813312","78","0","2024","A","",28,316,22346975,1982070,60212,1361,70756,"",0.42,0.54,0.22,0.43,0.46,0.40,0.40,"",-1,-3.4,59,23.0,2603962,13.2,591927,42.6,25997,76.0,-115,-7.8,-6015,-7.8
"06085","5","813319","78","0","2024","A","",66,499,32936079,4442135,165978,1268,65960,"",0.47,0.53,0.20,0.55,0.57,0.37,0.37,"",-4,-5.7,-39,-7.2,-4841217,-12.8,-490185,-9.9,85,0.1,-84,-6.2,-4323,-6.2
"06085","5","8134","76","0","2024","A","",106,2608,83423076,4187297,109992,615,31982,"",0.54,1.00,0.41,0.45,0.39,0.40,0.40,"",-3,-2.8,293,12.7,10456674,14.3,513315,14.0,7636,7.5,9,1.5,466,1.5
"06085","5","81341","77","0","2024","A","",106,2608,83423076,4187297,109992,615,31982,"",0.54,1.00,0.41,0.45,0.39,0.40,0.40,"",-3,-2.8,293,12.7,10456674,14.3,513315,14.0,7636,7.5,9,1.5,466,1.5
"06085","5","813410","78","0","2024","A","",106,2608,83423076,4187297,109992,615,31982,"",0.54,1.00,0.41,0.45,0.39,0.40,0.40,"",-3,-2.8,293,12.7,10456674,14.3,513315,14.0,7636,7.5,9,1.5,466,1.5
"06085","5","8139","76","0","2024","A","",171,1166,93031251,9625074,281658,1534,79758,"",0.38,0.37,0.13,0.35,0.35,0.37,0.37,"",-1,-0.6,113,10.7,8785175,10.4,632285,7.0,21580,8.3,-5,-0.3,-267,-0.3
"06085","5","81391","77","0","2024","A","",49,219,31420371,1714548,67142,2757,143363,"",0.33,0.26,0.13,0.21,0.31,0.51,0.51,"",-3,-5.8,6,2.8,3699913,13.3,-165526,-8.8,-9645,-12.6,251,10.0,13067,10.0
"06085","5","813910","78","0","2024","A","",49,219,31420371,1714548,67142,2757,143363,"",0.33,0.26,0.13,0.21,0.31,0.51,0.51,"",-3,-5.8,6,2.8,3699913,13.3,-165526,-8.8,-9645,-12.6,251,10.0,13067,10.0
"06085","5","81392","77","0","2024","A","",23,89,11965304,742608,25223,2573,133815,"",0.27,0.14,0.06,0.14,0.17,0.46,0.46,"",0,0.0,-4,-4.3,-128380,-1.1,-71719,-8.8,832,3.4,72,2.9,3775,2.9
"06085","5","813920","78","0","2024","A","",23,89,11965304,742608,25223,2573,133815,"",0.27,0.14,0.06,0.14,0.17,0.46,0.46,"",0,0.0,-4,-4.3,-128380,-1.1,-71719,-8.8,832,3.4,72,2.9,3775,2.9
"06085","5","81393","77","0","2024","A","",47,602,36959038,5273747,147997,1180,61351,"",0.53,0.78,0.31,0.88,0.87,0.40,0.40,"",1,2.2,89,17.3,4887197,15.2,852735,19.3,29797,25.2,-22,-1.8,-1167,-1.9
"06085","5","813930","78","0","2024","A","",47,602,36959038,5273747,147997,1180,61351,"",0.53,0.78,0.31,0.88,0.87,0.40,0.40,"",1,2.2,89,17.3,4887197,15.2,852735,19.3,29797,25.2,-22,-1.8,-1167,-1.9
"06085","5","81394","77","0","2024","A","",7,29,2108743,146456,5531,1382,71889,"",0.27,0.26,0.10,0.11,0.08,0.39,0.39,"",2,40.0,18,163.6,680723,47.7,77927,113.7,2981,116.9,-1134,-45.1,-58922,-45.0
"06085","5","813940","78","0","2024","A","",7,29,2108743,146456,5531,1382,71889,"",0.27,0.26,0.10,0.11,0.08,0.39,0.39,"",2,40.0,18,163.6,680723,47.7,77927,113.7,2981,116.9,-1134,-45.1,-58922,-45.0
"06085","5","81399","77","0","2024","A","",45,226,10577795,1747715,35765,900,46787,"",0.42,0.29,0.09,0.26,0.18,0.30,0.30,"",-2,-4.3,3,1.3,-354278,-3.2,-61132,-3.4,-2385,-6.3,-42,-4.5,-2217,-4.5
"06085","5","813990","78","0","2024","A","",45,226,10577795,1747715,35765,900,46787,"",0.42,0.29,0.09,0.26,0.18,0.30,0.30,"",-2,-4.3,3,1.3,-354278,-3.2,-61132,-3.4,-2385,-6.3,-42,-4.5,-2217,-4.5
"06085","5","814","75","0","2024","A","",1778,2203,168707237,20537447,622565,1473,76572,"",1.35,1.47,1.01,1.55,1.38,0.69,0.69,"",71,4.2,234,11.9,45788666,37.3,2005798,10.8,75551,13.8,272,22.6,14137,22.6
"06085","5","8141","76","0","2024","A","",1778,2203,168707237,20537447,622565,1473,76572,"",1.35,1.47,1.01,1.55,1.38,0.69,0.69,"",71,4.2,234,11.9,45788666,37.3,2005798,10.8,75551,13.8,272,22.6,14137,22.6
"06085","5","81411","77","0","2024","A","",1778,2203,168707237,20537447,622565,1473,76572,"",1.35,1.47,1.01,1.55,1.38,0.69,0.69,"",71,4.2,234,11.9,45788666,37.3,2005798,10.8,75551,13.8,272,22.6,14137,22.6
"06085","5","814110","78","0","2024","A","",1778,2203,168707237,20537447,622565,1473,76572,"",1.35,1.47,1.01,1.55,1.38,0.69,0.69,"",71,4.2,234,11.9,45788666,37.3,2005798,10.8,75551,13.8,272,22.6,14137,22.6
"06085","5","99","74","0","2024","A","N",90,0,0,0,0,0,0,"N",0.05,0,0,0,0,0,0,"N",-20,-18.2,0,0,0,0,0,0,0,0,0,0,0,0
"06085","5","999","75","0","2024","A","N",90,0,0,0,0,0,0,"N",0.05,0,0,0,0,0,0,"N",-20,-18.2,0,0,0,0,0,0,0,0,0,0,0,0
"06085","5","9999","76","0","2024","A","N",90,0,0,0,0,0,0,"N",0.05,0,0,0,0,0,0,"N",-20,-18.2,0,0,0,0,0,0,0,0,0,0,0,0
"06085","5","99999","77","0","2024","A","N",90,0,0,0,0,0,0,"N",0.05,0,0,0,0,0,0,"N",-20,-18.2,0,0,0,0,0,0,0,0,0,0,0,0
"06085","5","999999","78","0","2024","A","N",90,0,0,0,0,0,0,"N",0.05,0,0,0,0,0,0,"N",-20,-18.2,0,0,0,0,0,0,0,0,0,0,0,0
