"area_fips","own_code","industry_code","agglvl_code","size_code","year","qtr","disclosure_code","qtrly_estabs","month1_emplvl","month2_emplvl","month3_emplvl","total_qtrly_wages","taxable_qtrly_wages","qtrly_contributions","avg_wkly_wage","lq_disclosure_code","lq_qtrly_estabs","lq_month1_emplvl","lq_month2_emplvl","lq_month3_emplvl","lq_total_qtrly_wages","lq_taxable_qtrly_wages","lq_qtrly_contributions","lq_avg_wkly_wage","oty_disclosure_code","oty_qtrly_estabs_chg","oty_qtrly_estabs_pct_chg","oty_month1_emplvl_chg","oty_month1_emplvl_pct_chg","oty_month2_emplvl_chg","oty_month2_emplvl_pct_chg","oty_month3_emplvl_chg","oty_month3_emplvl_pct_chg","oty_total_qtrly_wages_chg","oty_total_qtrly_wages_pct_chg","oty_taxable_qtrly_wages_chg","oty_taxable_qtrly_wages_pct_chg","oty_qtrly_contributions_chg","oty_qtrly_contributions_pct_chg","oty_avg_wkly_wage_chg","oty_avg_wkly_wage_pct_chg"
"06085","0","10","70","0","2024","4","",86206,1122791,1125594,1124075,61711273660,622722354,19782144,4223,"",1.00,1.00,1.00,1.00,1.00,1.00,1.00,1.00,"",5017,6.2,-2968,-0.3,196,0.0,-2384,-0.2,7616823783,14.1,-2301050,-0.4,798816,4.2,527,14.3
"06085","1","10","71","0","2024","4","",99,9963,10003,10032,317655606,0,0,2444,"",0.23,0.46,0.46,0.46,0.21,0.00,0.00,0.46,"",3,3.1,-119,-1.2,-54,-0.5,-10,-0.1,3366119,1.1,0,0.0,0,0.0,41,1.7
"06085","1","102","72","0","2024","4","",99,9963,10003,10032,317655606,0,0,2444,"",0.23,0.47,0.47,0.47,0.21,0.00,0.00,0.46,"",3,3.1,-119,-1.2,-54,-0.5,-10,-0.1,3366119,1.1,0,0.0,0,0.0,41,1.7
"06085","1","1021","73","0","2024","4","",49,2656,2726,2737,50122683,0,0,1425,"",0.23,0.55,0.57,0.57,0.21,0.00,0.00,0.38,"",1,2.1,-4,-0.2,71,2.7,81,3.0,343283,0.7,0,0.0,0,0.0,-16,-1.1
"06085","1","1024","73","0","2024","4","",1,1,1,1,37512,0,0,2886,"",0.09,0.00,0.00,0.00,0.00,0.00,0.00,0.54,"N",1,100.0,0,0,0,0,0,0,0,0,0,0,0,0,0,0
"06085","1","1025","73","0","2024","4","",1,3469,3462,3473,134178997,0,0,2976,"",0.10,1.07,1.07,1.07,0.57,0.00,0.00,0.53,"",0,0.0,-162,-4.5,-158,-4.4,-135,-3.7,2005043,1.5,0,0.0,0,0.0,167,5.9
"06085","1","1028","73","0","2024","4","",48,3837,3814,3821,133316414,0,0,2682,"",0.28,0.32,0.31,0.31,0.14,0.00,0.00,0.45,"",1,2.1,46,1.2,32,0.8,43,1.1,980281,0.7,0,0.0,0,0.0,-8,-0.3
"06085","1","44-45","74","0","2024","4","",2,48,48,49,699109,0,0,1113,"",0.40,0.17,0.17,0.17,0.09,0.00,0.00,0.53,"",0,0.0,-3,-5.9,-3,-5.9,-2,-3.9,19548,2.9,0,0.0,0,0.0,88,8.6
"06085","1","445","75","0","2024","4","",1,39,39,39,582318,0,0,1149,"",0.69,0.54,0.54,0.54,0.24,0.00,0.00,0.44,"",0,0.0,0,0.0,0,0.0,0,0.0,34717,6.3,0,0.0,0,0.0,69,6.4
"06085","1","4451","76","0","2024","4","",1,39,39,39,582318,0,0,1149,"",0.69,0.54,0.54,0.54,0.24,0.00,0.00,0.44,"",0,0.0,0,0.0,0,0.0,0,0.0,34717,6.3,0,0.0,0,0.0,69,6.4
"06085","1","44511","77","0","2024","4","",1,39,39,39,582318,0,0,1149,"",0.81,0.57,0.58,0.57,0.25,0.00,0.00,0.43,"",0,0.0,0,0.0,0,0.0,0,0.0,34717,6.3,0,0.0,0,0.0,69,6.4
"06085","1","445110","78","0","2024","4","",1,39,39,39,582318,0,0,1149,"",0.81,0.57,0.58,0.57,0.25,0.00,0.00,0.43,"",0,0.0,0,0.0,0,0.0,0,0.0,34717,6.3,0,0.0,0,0.0,69,6.4
"06085","1","455","75","0","2024","4","",1,9,9,10,116791,0,0,963,"",0.49,0.05,0.05,0.05,0.02,0.00,0.00,0.47,"",0,0.0,-3,-25.0,-3,-25.0,-2,-16.7,-15169,-11.5,0,0.0,0,0.0,117,13.8
"06085","1","4551","76","0","2024","4","",1,9,9,10,116791,0,0,963,"",0.66,0.07,0.07,0.08,0.04,0.00,0.00,0.48,"",0,0.0,-3,-25.0,-3,-25.0,-2,-16.7,-15169,-11.5,0,0.0,0,0.0,117,13.8
"06085","1","45511","77","0","2024","4","",1,9,9,10,116791,0,0,963,"",0.66,0.07,0.07,0.08,0.04,0.00,0.00,0.48,"",0,0.0,-3,-25.0,-3,-25.0,-2,-16.7,-15169,-11.5,0,0.0,0,0.0,117,13.8
"06085","1","455110","78","0","2024","4","",1,9,9,10,116791,0,0,963,"",0.66,0.07,0.07,0.08,0.04,0.00,0.00,0.48,"",0,0.0,-3,-25.0,-3,-25.0,-2,-16.7,-15169,-11.5,0,0.0,0,0.0,117,13.8
"06085","1","48-49","74","0","2024","4","",47,2608,2678,2688,49423574,0,0,1430,"",0.22,0.59,0.60,0.60,0.23,0.00,0.00,0.38,"",1,2.2,-1,0.0,74,2.8,83,3.2,323735,0.7,0,0.0,0,0.0,-19,-1.3
"06085","1","491","75","0","2024","4","",47,2608,2678,2688,49423574,0,0,1430,"",0.22,0.60,0.62,0.62,0.24,0.00,0.00,0.39,"",1,2.2,-1,0.0,74,2.8,83,3.2,323735,0.7,0,0.0,0,0.0,-19,-1.3
"06085","1","4911","76","0","2024","4","",47,2608,2678,2688,49423574,0,0,1430,"",0.22,0.60,0.62,0.62,0.24,0.00,0.00,0.39,"",1,2.2,-1,0.0,74,2.8,83,3.2,323735,0.7,0,0.0,0,0.0,-19,-1.3
"06085","1","49111","77","0","2024","4","",47,2608,2678,2688,49423574,0,0,1430,"",0.22,0.60,0.62,0.62,0.24,0.00,0.00,0.39,"",1,2.2,-1,0.0,74,2.8,83,3.2,323735,0.7,0,0.0,0,0.0,-19,-1.3
"06085","1","491110","78","0","2024","4","",47,2608,2678,2688,49423574,0,0,1430,"",0.22,0.60,0.62,0.62,0.24,0.00,0.00,0.39,"",1,2.2,-1,0.0,74,2.8,83,3.2,323735,0.7,0,0.0,0,0.0,-19,-1.3
"06085","1","54","74","0","2024","4","",1,1,1,1,37512,0,0,2886,"",0.10,0.00,0.00,0.00,0.00,0.00,0.00,0.53,"N",1,100.0,0,0,0,0,0,0,0,0,0,0,0,0,0,0
"06085","1","541","75","0","2024","4","",1,1,1,1,37512,0,0,2886,"",0.10,0.00,0.00,0.00,0.00,0.00,0.00,0.53,"N",1,100.0,0,0,0,0,0,0,0,0,0,0,0,0,0,0
"06085","1","5417","76","0","2024","4","",1,1,1,1,37512,0,0,2886,"",1.31,0.02,0.02,0.02,0.01,0.00,0.00,0.41,"N",1,100.0,0,0,0,0,0,0,0,0,0,0,0,0,0,0
"06085","1","54171","77","0","2024","4","",1,1,1,1,37512,0,0,2886,"",1.32,0.02,0.02,0.02,0.01,0.00,0.00,0.41,"N",1,100.0,0,0,0,0,0,0,0,0,0,0,0,0,0,0
"06085","1","541713","78","0","2024","4","",1,1,1,1,37512,0,0,2886,"",5.24,0.06,0.07,0.07,0.03,0.00,0.00,0.49,"N",1,100.0,0,0,0,0,0,0,0,0,0,0,0,0,0,0
"06085","1","62","74","0","2024","4","",1,3469,3462,3473,134178997,0,0,2976,"",0.11,1.10,1.10,1.10,0.59,0.00,0.00,0.53,"",0,0.0,-162,-4.5,-158,-4.4,-135,-3.7,2005043,1.5,0,0.0,0,0.0,167,5.9
"06085","1","622","75","0","2024","4","",1,3469,3462,3473,134178997,0,0,2976,"",0.32,1.27,1.27,1.27,0.66,0.00,0.00,0.52,"",0,0.0,-162,-4.5,-158,-4.4,-135,-3.7,2005043,1.5,0,0.0,0,0.0,167,5.9
"06085","1","6221","76","0","2024","4","",1,3469,3462,3473,134178997,0,0,2976,"",0.32,1.29,1.29,1.30,0.67,0.00,0.00,0.52,"",0,0.0,-162,-4.5,-158,-4.4,-135,-3.7,2005043,1.5,0,0.0,0,0.0,167,5.9
"06085","1","62211","77","0","2024","4","",1,3469,3462,3473,134178997,0,0,2976,"",0.32,1.29,1.29,1.30,0.67,0.00,0.00,0.52,"",0,0.0,-162,-4.5,-158,-4.4,-135,-3.7,2005043,1.5,0,0.0,0,0.0,167,5.9
"06085","1","622110","78","0","2024","4","",1,3469,3462,3473,134178997,0,0,2976,"",0.32,1.29,1.29,1.30,0.67,0.00,0.00,0.52,"",0,0.0,-162,-4.5,-158,-4.4,-135,-3.7,2005043,1.5,0,0.0,0,0.0,167,5.9
"06085","1","92","74","0","2024","4","",48,3837,3814,3821,133316414,0,0,2682,"",0.28,0.32,0.31,0.31,0.14,0.00,0.00,0.45,"",1,2.1,46,1.2,32,0.8,43,1.1,980281,0.7,0,0.0,0,0.0,-8,-0.3
"06085","1","921","75","0","2024","4","",4,370,372,375,12652202,0,0,2614,"",0.32,0.31,0.31,0.31,0.15,0.00,0.00,0.48,"",0,0.0,60,19.4,60,19.2,67,21.8,755594,6.4,0,0.0,0,0.0,-338,-11.4
"06085","1","9211","76","0","2024","4","",4,370,372,375,12652202,0,0,2614,"",0.32,0.31,0.31,0.31,0.15,0.00,0.00,0.48,"",0,0.0,60,19.4,60,19.2,67,21.8,755594,6.4,0,0.0,0,0.0,-338,-11.4
"06085","1","92113","77","0","2024","4","",2,342,343,346,11711524,0,0,2621,"",0.49,0.42,0.42,0.42,0.21,0.00,0.00,0.49,"",0,0.0,55,19.2,55,19.1,63,22.3,583384,5.2,0,0.0,0,0.0,-372,-12.4
"06085","1","921130","78","0","2024","4","",2,342,343,346,11711524,0,0,2621,"",0.49,0.42,0.42,0.42,0.21,0.00,0.00,0.49,"",0,0.0,55,19.2,55,19.1,63,22.3,583384,5.2,0,0.0,0,0.0,-372,-12.4
"06085","1","92119","77","0","2024","4","",2,28,29,29,940678,0,0,2524,"",0.24,0.12,0.12,0.12,0.05,0.00,0.00,0.41,"",0,0.0,5,21.7,5,20.8,4,16.0,172210,22.4,0,0.0,0,0.0,61,2.5
"06085","1","921190","78","0","2024","4","",2,28,29,29,940678,0,0,2524,"",0.24,0.12,0.12,0.12,0.05,0.00,0.00,0.41,"",0,0.0,5,21.7,5,20.8,4,16.0,172210,22.4,0,0.0,0,0.0,61,2.5
"06085","1","922","75","0","2024","4","",14,347,352,352,11807245,0,0,2593,"",0.57,0.18,0.18,0.18,0.07,0.00,0.00,0.39,"",0,0.0,7,2.1,8,2.3,13,3.8,-666532,-5.3,0,0.0,0,0.0,-221,-7.9
"06085","1","9221","76","0","2024","4","",14,347,352,352,11807245,0,0,2593,"",0.57,0.18,0.18,0.18,0.07,0.00,0.00,0.39,"",0,0.0,7,2.1,8,2.3,13,3.8,-666532,-5.3,0,0.0,0,0.0,-221,-7.9
"06085","1","92211","77","0","2024","4","",2,91,92,91,2456838,0,0,2069,"",0.40,0.38,0.39,0.38,0.14,0.00,0.00,0.36,"",0,0.0,-3,-3.2,-3,-3.2,-1,-1.1,14978,0.6,0,0.0,0,0.0,64,3.2
"06085","1","922110","78","0","2024","4","",2,91,92,91,2456838,0,0,2069,"",0.40,0.38,0.39,0.38,0.14,0.00,0.00,0.36,"",0,0.0,-3,-3.2,-3,-3.2,-1,-1.1,14978,0.6,0,0.0,0,0.0,64,3.2
"06085","1","92212","77","0","2024","4","",8,199,202,205,7204979,0,0,2744,"",0.67,0.19,0.19,0.19,0.07,0.00,0.00,0.39,"",0,0.0,0,0.0,-1,-0.5,6,3.0,-888606,-11.0,0,0.0,0,0.0,-364,-11.7
"06085","1","922120","78","0","2024","4","",8,199,202,205,7204979,0,0,2744,"",0.67,0.19,0.19,0.19,0.07,0.00,0.00,0.39,"",0,0.0,0,0.0,-1,-0.5,6,3.0,-888606,-11.0,0,0.0,0,0.0,-364,-11.7
"06085","1","92213","77","0","2024","4","",3,41,40,39,1529586,0,0,2942,"",1.16,0.25,0.24,0.24,0.10,0.00,0.00,0.41,"",0,0.0,4,10.8,3,8.1,3,8.3,-16355,-1.1,0,0.0,0,0.0,-301,-9.3
"06085","1","922130","78","0","2024","4","",3,41,40,39,1529586,0,0,2942,"",1.16,0.25,0.24,0.24,0.10,0.00,0.00,0.41,"",0,0.0,4,10.8,3,8.1,3,8.3,-16355,-1.1,0,0.0,0,0.0,-301,-9.3
"06085","1","92219","77","0","2024","4","",1,16,18,17,615842,0,0,2787,"",0.25,0.06,0.07,0.07,0.03,0.00,0.00,0.42,"",0,0.0,6,60.0,9,100.0,5,41.7,223451,56.9,0,0.0,0,0.0,-134,-4.6
"06085","1","922190","78","0","2024","4","",1,16,18,17,615842,0,0,2787,"",0.25,0.06,0.07,0.07,0.03,0.00,0.00,0.42,"",0,0.0,6,60.0,9,100.0,5,41.7,223451,56.9,0,0.0,0,0.0,-134,-4.6
"06085","1","923","75","0","2024","4","",6,464,438,438,14334271,0,0,2469,"",0.31,0.26,0.25,0.25,0.10,0.00,0.00,0.40,"",0,0.0,-2,-0.4,-25,-5.4,-30,-6.4,620623,4.5,0,0.0,0,0.0,204,9.0
"06085","1","9231","76","0","2024","4","",6,464,438,438,14334271,0,0,2469,"",0.31,0.26,0.25,0.25,0.10,0.00,0.00,0.40,"",0,0.0,-2,-0.4,-25,-5.4,-30,-6.4,620623,4.5,0,0.0,0,0.0,204,9.0
"06085","1","92312","77","0","2024","4","",2,68,65,66,2053758,0,0,2382,"",0.35,0.14,0.14,0.14,0.05,0.00,0.00,0.34,"",0,0.0,10,17.2,5,8.3,5,8.2,501755,32.3,0,0.0,0,0.0,381,19.0
"06085","1","923120","78","0","2024","4","",2,68,65,66,2053758,0,0,2382,"",0.35,0.14,0.14,0.14,0.05,0.00,0.00,0.34,"",0,0.0,10,17.2,5,8.3,5,8.2,501755,32.3,0,0.0,0,0.0,381,19.0
"06085","1","92313","77","0","2024","4","",2,132,133,133,3842625,0,0,2228,"",0.20,0.27,0.27,0.27,0.10,0.00,0.00,0.37,"",0,0.0,-11,-7.7,-9,-6.3,-9,-6.3,42182,1.1,0,0.0,0,0.0,174,8.5
"06085","1","923130","78","0","2024","4","",2,132,133,133,3842625,0,0,2228,"",0.20,0.27,0.27,0.27,0.10,0.00,0.00,0.37,"",0,0.0,-11,-7.7,-9,-6.3,-9,-6.3,42182,1.1,0,0.0,0,0.0,174,8.5
"06085","1","92314","77","0","2024","4","",2,264,240,239,8437888,0,0,2621,"",0.79,0.34,0.31,0.30,0.15,0.00,0.00,0.47,"",0,0.0,-1,-0.4,-21,-8.0,-26,-9.8,76686,0.9,0,0.0,0,0.0,182,7.5
"06085","1","923140","78","0","2024","4","",2,264,240,239,8437888,0,0,2621,"",0.79,0.34,0.31,0.30,0.15,0.00,0.00,0.47,"",0,0.0,-1,-0.4,-21,-8.0,-26,-9.8,76686,0.9,0,0.0,0,0.0,182,7.5
"06085","1","924","75","0","2024","4","",3,262,266,265,10158354,0,0,2956,"",0.08,0.34,0.35,0.35,0.18,0.00,0.00,0.52,"",0,0.0,21,8.7,23,9.5,27,11.3,754648,8.0,0,0.0,0,0.0,-50,-1.7
"06085","1","9241","76","0","2024","4","",3,262,266,265,10158354,0,0,2956,"",0.08,0.34,0.35,0.35,0.18,0.00,0.00,0.52,"",0,0.0,21,8.7,23,9.5,27,11.3,754648,8.0,0,0.0,0,0.0,-50,-1.7
"06085","1","92412","77","0","2024","4","",3,262,266,265,10158354,0,0,2956,"",0.09,0.42,0.44,0.44,0.24,0.00,0.00,0.56,"",0,0.0,21,8.7,23,9.5,27,11.3,754648,8.0,0,0.0,0,0.0,-50,-1.7
"06085","1","924120","78","0","2024","4","",3,262,266,265,10158354,0,0,2956,"",0.09,0.42,0.44,0.44,0.24,0.00,0.00,0.56,"",0,0.0,21,8.7,23,9.5,27,11.3,754648,8.0,0,0.0,0,0.0,-50,-1.7
"06085","1","926","75","0","2024","4","",14,606,602,608,16268192,0,0,2067,"",0.23,0.32,0.32,0.32,0.10,0.00,0.00,0.31,"",1,7.7,-13,-2.1,-10,-1.6,0,0.0,-263430,-1.6,0,0.0,0,0.0,-7,-0.3
"06085","1","9261","76","0","2024","4","",14,606,602,608,16268192,0,0,2067,"",0.23,0.32,0.32,0.32,0.10,0.00,0.00,0.31,"",1,7.7,-13,-2.1,-10,-1.6,0,0.0,-263430,-1.6,0,0.0,0,0.0,-7,-0.3
"06085","1","92611","77","0","2024","4","",7,41,40,44,991351,0,0,1830,"",0.29,0.12,0.11,0.12,0.03,0.00,0.00,0.28,"",1,16.7,0,0.0,0,0.0,4,10.0,127259,14.7,0,0.0,0,0.0,182,11.0
"06085","1","926110","78","0","2024","4","",7,41,40,44,991351,0,0,1830,"",0.29,0.12,0.11,0.12,0.03,0.00,0.00,0.28,"",1,16.7,0,0.0,0,0.0,4,10.0,127259,14.7,0,0.0,0,0.0,182,11.0
"06085","1","92612","77","0","2024","4","",5,540,536,538,14525010,0,0,2077,"",0.72,0.66,0.65,0.65,0.22,0.00,0.00,0.34,"",0,0.0,-13,-2.4,-10,-1.8,-5,-0.9,-327058,-2.2,0,0.0,0,0.0,-10,-0.5
"06085","1","926120","78","0","2024","4","",5,540,536,538,14525010,0,0,2077,"",0.72,0.66,0.65,0.65,0.22,0.00,0.00,0.34,"",0,0.0,-13,-2.4,-10,-1.8,-5,-0.9,-327058,-2.2,0,0.0,0,0.0,-10,-0.5
"06085","1","92614","77","0","2024","4","",1,10,11,11,268008,0,0,1933,"",0.05,0.03,0.03,0.03,0.01,0.00,0.00,0.39,"",0,0.0,0,0.0,0,0.0,1,10.0,-69534,-20.6,0,0.0,0,0.0,-580,-23.1
"06085","1","926140","78","0","2024","4","",1,10,11,11,268008,0,0,1933,"",0.05,0.03,0.03,0.03,0.01,0.00,0.00,0.39,"",0,0.0,0,0.0,0,0.0,1,10.0,-69534,-20.6,0,0.0,0,0.0,-580,-23.1
"06085","1","92615","77","0","2024","4","",1,15,15,15,483823,0,0,2481,"",0.15,0.06,0.06,0.06,0.02,0.00,0.00,0.28,"",0,0.0,0,0.0,0,0.0,0,0.0,5903,1.2,0,0.0,0,0.0,30,1.2
"06085","1","926150","78","0","2024","4","",1,15,15,15,483823,0,0,2481,"",0.15,0.06,0.06,0.06,0.02,0.00,0.00,0.28,"",0,0.0,0,0.0,0,0.0,0,0.0,5903,1.2,0,0.0,0,0.0,30,1.2
"06085","1","927","75","0","2024","4","",1,1074,1069,1071,48788342,0,0,3503,"",1.29,8.23,8.19,8.19,3.34,0.00,0.00,0.41,"",0,0.0,-22,-2.0,-21,-1.9,-24,-2.2,1691055,3.6,0,0.0,0,0.0,190,5.7
"06085","1","9271","76","0","2024","4","",1,1074,1069,1071,48788342,0,0,3503,"",1.29,8.23,8.19,8.19,3.34,0.00,0.00,0.41,"",0,0.0,-22,-2.0,-21,-1.9,-24,-2.2,1691055,3.6,0,0.0,0,0.0,190,5.7
"06085","1","92711","77","0","2024","4","",1,1074,1069,1071,48788342,0,0,3503,"",1.29,8.23,8.19,8.19,3.34,0.00,0.00,0.41,"",0,0.0,-22,-2.0,-21,-1.9,-24,-2.2,1691055,3.6,0,0.0,0,0.0,190,5.7
"06085","1","927110","78","0","2024","4","",1,1074,1069,1071,48788342,0,0,3503,"",1.29,8.23,8.19,8.19,3.34,0.00,0.00,0.41,"",0,0.0,-22,-2.0,-21,-1.9,-24,-2.2,1691055,3.6,0,0.0,0,0.0,190,5.7
"06085","1","928","75","0","2024","4","",6,714,715,712,19307808,0,0,2081,"",0.34,0.16,0.16,0.16,0.06,0.00,0.00,0.39,"",0,0.0,-5,-0.7,-3,-0.4,-10,-1.4,-1911677,-9.0,0,0.0,0,0.0,-187,-8.2
"06085","1","9281","76","0","2024","4","",6,714,715,712,19307808,0,0,2081,"",0.34,0.16,0.16,0.16,0.06,0.00,0.00,0.39,"",0,0.0,-5,-0.7,-3,-0.4,-10,-1.4,-1911677,-9.0,0,0.0,0,0.0,-187,-8.2
"06085","1","92811","77","0","2024","4","",4,566,565,564,14822554,0,0,2018,"",0.29,0.14,0.14,0.14,0.05,0.00,0.00,0.39,"",0,0.0,-22,-3.7,-24,-4.1,-28,-4.7,-2020010,-12.0,0,0.0,0,0.0,-179,-8.1
"06085","1","928110","78","0","2024","4","",4,566,565,564,14822554,0,0,2018,"",0.29,0.14,0.14,0.14,0.05,0.00,0.00,0.39,"",0,0.0,-22,-3.7,-24,-4.1,-28,-4.7,-2020010,-12.0,0,0.0,0,0.0,-179,-8.1
"06085","1","92812","77","0","2024","4","",2,148,150,148,4485254,0,0,2321,"",0.49,0.46,0.47,0.46,0.15,0.00,0.00,0.33,"",0,0.0,17,13.0,21,16.3,18,13.8,108333,2.5,0,0.0,0,0.0,-269,-10.4
"06085","1","928120","78","0","2024","4","",2,148,150,148,4485254,0,0,2321,"",0.49,0.46,0.47,0.46,0.15,0.00,0.00,0.33,"",0,0.0,17,13.0,21,16.3,18,13.8,108333,2.5,0,0.0,0,0.0,-269,-10.4
"06085","2","10","71","0","2024","4","",207,6676,6594,6677,141783547,0,0,1640,"",0.40,0.19,0.19,0.19,0.07,0.00,0.00,0.37,"",6,3.0,91,1.4,-21,-0.3,5,0.1,13492234,10.5,0,0.0,0,0.0,150,10.1
"06085","2","102","72","0","2024","4","",207,6676,6594,6677,141783547,0,0,1640,"",0.41,0.19,0.19,0.19,0.07,0.00,0.00,0.37,"",6,3.0,91,1.4,-21,-0.3,5,0.1,13492234,10.5,0,0.0,0,0.0,150,10.1
"06085","2","1024","73","0","2024","4","",2,227,224,223,3325688,0,0,1139,"",0.23,0.82,0.81,0.80,0.20,0.00,0.00,0.25,"",0,0.0,98,76.0,95,73.6,93,71.5,701998,26.8,0,0.0,0,0.0,-421,-27.0
"06085","2","1025","73","0","2024","4","",156,5066,4974,5082,108028168,0,0,1649,"",1.42,0.25,0.25,0.25,0.09,0.00,0.00,0.37,"",4,2.6,-29,-0.6,-132,-2.6,-8,-0.2,9853232,10.0,0,0.0,0,0.0,167,11.3
"06085","2","1028","73","0","2024","4","",49,1383,1396,1372,30429691,0,0,1692,"",0.13,0.10,0.10,0.10,0.04,0.00,0.00,0.37,"",2,4.3,22,1.6,16,1.2,-80,-5.5,2937004,10.7,0,0.0,0,0.0,179,11.8
"06085","2","1029","73","0","2024","4","-",0,0,0,0,0,0,0,0,"N",0.00,0,0,0,0,0,0,0,"N",0,0,0,0,0,0,0,0,0,0,0,0,0,0,0,0
"06085","2","56","74","0","2024","4","",2,227,224,223,3325688,0,0,1139,"",0.50,2.94,2.91,2.88,0.88,0.00,0.00,0.30,"",0,0.0,98,76.0,95,73.6,93,71.5,701998,26.8,0,0.0,0,0.0,-421,-27.0
"06085","2","561","75","0","2024","4","",2,227,224,223,3325688,0,0,1139,"",0.50,3.05,3.02,2.99,0.91,0.00,0.00,0.30,"",0,0.0,98,76.0,95,73.6,93,71.5,701998,26.8,0,0.0,0,0.0,-421,-27.0
"06085","2","5613","76","0","2024","4","",2,227,224,223,3325688,0,0,1139,"",0.68,8.04,8.12,7.87,2.60,0.00,0.00,0.32,"",0,0.0,98,76.0,95,73.6,93,71.5,701998,26.8,0,0.0,0,0.0,-421,-27.0
"06085","2","56131","77","0","2024","4","",2,227,224,223,3325688,0,0,1139,"",0.68,8.11,8.24,8.11,2.63,0.00,0.00,0.32,"",0,0.0,98,76.0,95,73.6,93,71.5,701998,26.8,0,0.0,0,0.0,-421,-27.0
"06085","2","561311","78","0","2024","4","",2,227,224,223,3325688,0,0,1139,"",0.68,8.11,8.24,8.11,2.63,0.00,0.00,0.32,"",0,0.0,98,76.0,95,73.6,93,71.5,701998,26.8,0,0.0,0,0.0,-421,-27.0
"06085","2","61","74","0","2024","4","",156,5066,4974,5082,108028168,0,0,1649,"",2.59,0.34,0.33,0.34,0.13,0.00,0.00,0.38,"",4,2.6,-29,-0.6,-132,-2.6,-8,-0.2,9853232,10.0,0,0.0,0,0.0,167,11.3
"06085","2","611","75","0","2024","4","",156,5066,4974,5082,108028168,0,0,1649,"",2.59,0.34,0.33,0.34,0.13,0.00,0.00,0.38,"",4,2.6,-29,-0.6,-132,-2.6,-8,-0.2,9853232,10.0,0,0.0,0,0.0,167,11.3
"06085","2","6113","76","0","2024","4","",156,5066,4974,5082,108028168,0,0,1649,"",3.49,0.39,0.38,0.39,0.14,0.00,0.00,0.36,"",4,2.6,-29,-0.6,-132,-2.6,-8,-0.2,9853232,10.0,0,0.0,0,0.0,167,11.3
"06085","2","61131","77","0","2024","4","",156,5066,4974,5082,108028168,0,0,1649,"",3.49,0.39,0.38,0.39,0.14,0.00,0.00,0.36,"",4,2.6,-29,-0.6,-132,-2.6,-8,-0.2,9853232,10.0,0,0.0,0,0.0,167,11.3
"06085","2","611310","78","0","2024","4","",156,5066,4974,5082,108028168,0,0,1649,"",3.49,0.39,0.38,0.39,0.14,0.00,0.00,0.36,"",4,2.6,-29,-0.6,-132,-2.6,-8,-0.2,9853232,10.0,0,0.0,0,0.0,167,11.3
"06085","2","92","74","0","2024","4","",49,1383,1396,1372,30429691,0,0,1692,"",0.13,0.10,0.10,0.10,0.04,0.00,0.00,0.37,"",2,4.3,22,1.6,16,1.2,-80,-5.5,2937004,10.7,0,0.0,0,0.0,179,11.8
"06085","2","921","75","0","2024","4","",6,233,231,226,6766215,0,0,2263,"",0.13,0.13,0.13,0.13,0.06,0.00,0.00,0.46,"",0,0.0,-5,-2.1,-6,-2.5,-10,-4.2,-342766,-4.8,0,0.0,0,0.0,-44,-1.9
"06085","2","9211","76","0","2024","4","",6,233,231,226,6766215,0,0,2263,"",0.13,0.13,0.13,0.13,0.06,0.00,0.00,0.46,"",0,0.0,-5,-2.1,-6,-2.5,-10,-4.2,-342766,-4.8,0,0.0,0,0.0,-44,-1.9
"06085","2","92113","77","0","2024","4","",4,232,230,226,6761198,0,0,2268,"",0.23,0.31,0.31,0.30,0.14,0.00,0.00,0.46,"",0,0.0,-3,-1.3,-5,-2.1,-8,-3.4,-314523,-4.4,0,0.0,0,0.0,-51,-2.2
"06085","2","921130","78","0","2024","4","",4,232,230,226,6761198,0,0,2268,"",0.23,0.31,0.31,0.30,0.14,0.00,0.00,0.46,"",0,0.0,-3,-1.3,-5,-2.1,-8,-3.4,-314523,-4.4,0,0.0,0,0.0,-51,-2.2
"06085","2","92119","77","0","2024","4","",2,1,1,0,5017,0,0,579,"",0.10,0.00,0.00,0.00,0.00,0.00,0.00,0.11,"",0,0.0,-2,-66.7,-1,-50.0,-2,-100.0,-28243,-84.9,0,0.0,0,0.0,-517,-47.2
"06085","2","921190","78","0","2024","4","",2,1,1,0,5017,0,0,579,"",0.10,0.00,0.00,0.00,0.00,0.00,0.00,0.11,"",0,0.0,-2,-66.7,-1,-50.0,-2,-100.0,-28243,-84.9,0,0.0,0,0.0,-517,-47.2
"06085","2","922","75","0","2024","4","",10,259,275,265,6642220,0,0,1918,"",0.10,0.05,0.05,0.05,0.02,0.00,0.00,0.41,"",2,25.0,44,20.5,50,22.2,-59,-18.2,1281423,23.9,0,0.0,0,0.0,299,18.5
"06085","2","9221","76","0","2024","4","",10,259,275,265,6642220,0,0,1918,"",0.10,0.05,0.05,0.05,0.02,0.00,0.00,0.41,"",2,25.0,44,20.5,50,22.2,-59,-18.2,1281423,23.9,0,0.0,0,0.0,299,18.5
"06085","2","92212","77","0","2024","4","",6,206,219,211,4929713,0,0,1789,"",0.33,0.27,0.29,0.28,0.09,0.00,0.00,0.31,"",0,0.0,13,6.7,17,8.4,-90,-29.9,187289,3.9,0,0.0,0,0.0,217,13.8
"06085","2","922120","78","0","2024","4","",6,206,219,211,4929713,0,0,1789,"",0.33,0.27,0.29,0.28,0.09,0.00,0.00,0.31,"",0,0.0,13,6.7,17,8.4,-90,-29.9,187289,3.9,0,0.0,0,0.0,217,13.8
"06085","2","92214","77","0","2024","4","",2,23,24,24,707774,0,0,2300,"",0.07,0.01,0.01,0.01,0.00,0.00,0.00,0.53,"N",2,100.0,0,0,0,0,0,0,0,0,0,0,0,0,0,0
"06085","2","922140","78","0","2024","4","",2,23,24,24,707774,0,0,2300,"",0.07,0.01,0.01,0.01,0.00,0.00,0.00,0.53,"N",2,100.0,0,0,0,0,0,0,0,0,0,0,0,0,0,0
"06085","2","92215","77","0","2024","4","",2,30,32,30,1004733,0,0,2520,"",0.30,0.20,0.22,0.20,0.13,0.00,0.00,0.62,"",0,0.0,8,36.4,9,39.1,7,30.4,386360,62.5,0,0.0,0,0.0,421,20.1
"06085","2","922150","78","0","2024","4","",2,30,32,30,1004733,0,0,2520,"",0.30,0.20,0.22,0.20,0.13,0.00,0.00,0.62,"",0,0.0,8,36.4,9,39.1,7,30.4,386360,62.5,0,0.0,0,0.0,421,20.1
"06085","2","923","75","0","2024","4","",7,206,207,205,3968996,0,0,1482,"",0.09,0.07,0.07,0.06,0.02,0.00,0.00,0.35,"",0,0.0,32,18.4,27,15.0,30,17.1,305183,8.3,0,0.0,0,0.0,-116,-7.3
"06085","2","9231","76","0","2024","4","",7,206,207,205,3968996,0,0,1482,"",0.09,0.07,0.07,0.06,0.02,0.00,0.00,0.35,"",0,0.0,32,18.4,27,15.0,30,17.1,305183,8.3,0,0.0,0,0.0,-116,-7.3
"06085","2","92313","77","0","2024","4","",7,206,207,205,3968996,0,0,1482,"",0.18,0.12,0.12,0.12,0.04,0.00,0.00,0.37,"",0,0.0,32,18.4,27,15.0,30,17.1,305183,8.3,0,0.0,0,0.0,-116,-7.3
"06085","2","923130","78","0","2024","4","",7,206,207,205,3968996,0,0,1482,"",0.18,0.12,0.12,0.12,0.04,0.00,0.00,0.37,"",0,0.0,32,18.4,27,15.0,30,17.1,305183,8.3,0,0.0,0,0.0,-116,-7.3
"06085","2","924","75","0","2024","4","",2,330,326,322,6098597,0,0,1439,"",0.04,0.28,0.29,0.29,0.10,0.00,0.00,0.34,"",0,0.0,-27,-7.6,-36,-9.9,-19,-5.6,1251361,25.8,0,0.0,0,0.0,384,36.4
"06085","2","9241","76","0","2024","4","",2,330,326,322,6098597,0,0,1439,"",0.04,0.28,0.29,0.29,0.10,0.00,0.00,0.34,"",0,0.0,-27,-7.6,-36,-9.9,-19,-5.6,1251361,25.8,0,0.0,0,0.0,384,36.4
"06085","2","92412","77","0","2024","4","",2,330,326,322,6098597,0,0,1439,"",0.05,0.40,0.41,0.41,0.15,0.00,0.00,0.37,"",0,0.0,-27,-7.6,-36,-9.9,-19,-5.6,1251361,25.8,0,0.0,0,0.0,384,36.4
"06085","2","924120","78","0","2024","4","",2,330,326,322,6098597,0,0,1439,"",0.05,0.40,0.41,0.41,0.15,0.00,0.00,0.37,"",0,0.0,-27,-7.6,-36,-9.9,-19,-5.6,1251361,25.8,0,0.0,0,0.0,384,36.4
"06085","2","926","75","0","2024","4","",24,355,357,354,6953663,0,0,1505,"",0.30,0.16,0.16,0.16,0.05,0.00,0.00,0.34,"",0,0.0,-22,-5.8,-19,-5.1,-22,-5.9,441803,6.8,0,0.0,0,0.0,174,13.1
"06085","2","9261","76","0","2024","4","",24,355,357,354,6953663,0,0,1505,"",0.30,0.16,0.16,0.16,0.05,0.00,0.00,0.34,"",0,0.0,-22,-5.8,-19,-5.1,-22,-5.9,441803,6.8,0,0.0,0,0.0,174,13.1
"06085","2","92612","77","0","2024","4","",11,244,244,238,3820346,0,0,1214,"",0.39,0.18,0.18,0.18,0.05,0.00,0.00,0.26,"",0,0.0,-23,-8.6,-20,-7.6,-27,-10.2,179558,4.9,0,0.0,0,0.0,158,15.0
"06085","2","926120","78","0","2024","4","",11,244,244,238,3820346,0,0,1214,"",0.39,0.18,0.18,0.18,0.05,0.00,0.00,0.26,"",0,0.0,-23,-8.6,-20,-7.6,-27,-10.2,179558,4.9,0,0.0,0,0.0,158,15.0
"06085","2","92614","77","0","2024","4","",2,23,23,23,345788,0,0,1156,"",0.09,0.09,0.09,0.09,0.03,0.00,0.00,0.33,"",0,0.0,-3,-11.5,-4,-14.8,-4,-14.8,-88331,-20.3,0,0.0,0,0.0,-96,-7.7
"06085","2","926140","78","0","2024","4","",2,23,23,23,345788,0,0,1156,"",0.09,0.09,0.09,0.09,0.03,0.00,0.00,0.33,"",0,0.0,-3,-11.5,-4,-14.8,-4,-14.8,-88331,-20.3,0,0.0,0,0.0,-96,-7.7
"06085","2","92615","77","0","2024","4","",11,88,90,93,2787529,0,0,2374,"",0.58,0.22,0.23,0.23,0.12,0.00,0.00,0.54,"",0,0.0,4,4.8,5,5.9,9,10.7,350576,14.4,0,0.0,0,0.0,151,6.8
"06085","2","926150","78","0","2024","4","",11,88,90,93,2787529,0,0,2374,"",0.58,0.22,0.23,0.23,0.12,0.00,0.00,0.54,"",0,0.0,4,4.8,5,5.9,9,10.7,350576,14.4,0,0.0,0,0.0,151,6.8
"06085","2","99","74","0","2024","4","-",0,0,0,0,0,0,0,0,"N",0.00,0,0,0,0,0,0,0,"N",0,0,0,0,0,0,0,0,0,0,0,0,0,0,0,0
"06085","2","999","75","0","2024","4","-",0,0,0,0,0,0,0,0,"N",0.00,0,0,0,0,0,0,0,"N",0,0,0,0,0,0,0,0,0,0,0,0,0,0,0,0
"06085","2","9999","76","0","2024","4","-",0,0,0,0,0,0,0,0,"N",0.00,0,0,0,0,0,0,0,"N",0,0,0,0,0,0,0,0,0,0,0,0,0,0,0,0
"06085","2","99999","77","0","2024","4","-",0,0,0,0,0,0,0,0,"N",0.00,0,0,0,0,0,0,0,"N",0,0,0,0,0,0,0,0,0,0,0,0,0,0,0,0
"06085","2","999999","78","0","2024","4","-",0,0,0,0,0,0,0,0,"N",0.00,0,0,0,0,0,0,0,"N",0,0,0,0,0,0,0,0,0,0,0,0,0,0,0,0
"06085","3","10","71","0","2024","4","",1128,83045,83916,82351,2404444681,586350,13600,2226,"",0.93,0.77,0.77,0.77,0.48,0.04,0.12,0.62,"",3,0.3,2125,2.6,2670,3.3,899,1.1,143185469,6.3,-340298,-36.7,-6852,-33.5,84,3.9
"06085","3","101","72","0","2024","4","",8,898,904,899,27997428,0,0,2392,"",0.26,1.11,1.12,1.11,0.72,0.00,0.00,0.65,"",0,0.0,7,0.8,15,1.7,11,1.2,1538460,5.8,0,0.0,0,0.0,103,4.5
"06085","3","1012","73","0","2024","4","",3,876,881,876,27284541,0,0,2391,"",0.10,1.12,1.12,1.11,0.73,0.00,0.00,0.65,"",0,0.0,10,1.2,18,2.1,14,1.6,1662778,6.5,0,0.0,0,0.0,109,4.8
"06085","3","1013","73","0","2024","4","",5,22,23,23,712887,0,0,2419,"",14.44,2.24,2.34,2.33,1.30,0.00,0.00,0.56,"",0,0.0,-3,-12.0,-3,-11.5,-3,-11.5,-124318,-14.8,0,0.0,0,0.0,-90,-3.6
"06085","3","102","72","0","2024","4","",1120,82147,83012,81452,2376447253,586350,13600,2224,"",0.94,0.77,0.77,0.76,0.47,0.04,0.12,0.62,"",3,0.3,2118,2.6,2655,3.3,888,1.1,141647009,6.3,-340298,-36.7,-6852,-33.5,84,3.9
"06085","3","1021","73","0","2024","4","",29,4506,4503,4516,171095012,10600,163,2919,"",0.34,1.08,1.08,1.08,0.66,0.02,0.03,0.61,"",0,0.0,32,0.7,-20,-0.4,-8,-0.2,14585436,9.3,-991,-8.5,-20,-10.9,248,9.3
"06085","3","1022","73","0","2024","4","",6,1245,1238,1234,22057789,0,0,1369,"",0.16,1.38,1.37,1.36,0.78,0.00,0.00,0.57,"",-1,-14.3,27,2.2,13,1.1,0,0.0,1996335,10.0,0,0.0,0,0.0,110,8.7
"06085","3","1023","73","0","2024","4","",2,6,6,6,197560,0,0,2533,"",0.15,0.02,0.02,0.02,0.01,0.00,0.00,0.64,"",0,0.0,0,0.0,0,0.0,0,0.0,10216,5.5,0,0.0,0,0.0,131,5.5
"06085","3","1024","73","0","2024","4","",5,320,317,316,10159980,0,0,2460,"",0.15,0.44,0.44,0.44,0.29,0.00,0.00,0.67,"",0,0.0,24,8.1,29,10.1,29,10.1,2097284,26.0,0,0.0,0,0.0,324,15.2
"06085","3","1025","73","0","2024","4","",989,49513,50069,49771,1288592141,306943,7366,1991,"",1.90,0.74,0.74,0.75,0.44,0.05,0.21,0.59,"",4,0.4,525,1.1,792,1.6,494,1.0,49431521,4.0,-376425,-55.1,-8446,-53.4,53,2.7
"06085","3","1026","73","0","2024","4","",21,2586,2539,2457,41372592,141358,2120,1259,"",0.64,0.90,0.90,0.87,0.46,0.21,0.13,0.51,"",0,0.0,-3,-0.1,129,5.4,31,1.3,3010868,7.8,11250,8.6,169,8.7,67,5.6
"06085","3","1027","73","0","2024","4","",3,69,63,73,1582597,16982,408,1782,"",0.20,0.28,0.26,0.30,0.15,0.47,0.38,0.53,"",0,0.0,6,9.5,0,0.0,11,17.7,51903,3.4,-35679,-67.8,-645,-61.3,-97,-5.2
"06085","3","1028","73","0","2024","4","",65,23902,24277,23079,841389582,110467,3543,2725,"",0.14,0.77,0.78,0.75,0.51,0.02,0.07,0.66,"",0,0.0,1507,6.7,1712,7.6,331,1.5,70463446,9.1,61547,125.8,2090,143.8,97,3.7
"06085","3","22","74","0","2024","4","",12,1809,1815,1820,83873351,10600,163,3555,"",0.20,0.98,0.98,0.98,0.66,0.03,0.07,0.68,"",0,0.0,-28,-1.5,-47,-2.5,-31,-1.7,6268687,8.1,-991,-8.5,-20,-10.9,328,10.2
"06085","3","221","75","0","2024","4","",12,1809,1815,1820,83873351,10600,163,3555,"",0.20,0.98,0.98,0.98,0.66,0.03,0.07,0.68,"",0,0.0,-28,-1.5,-47,-2.5,-31,-1.7,6268687,8.1,-991,-8.5,-20,-10.9,328,10.2
"06085","3","2211","76","0","2024","4","",2,425,430,426,24839495,0,0,4475,"",0.30,0.72,0.73,0.72,0.48,0.00,0.00,0.67,"",0,0.0,19,4.7,19,4.6,17,4.2,4883841,24.5,0,0.0,0,0.0,719,19.1
"06085","3","22111","77","0","2024","4","",1,200,202,197,12969579,0,0,4997,"",0.58,1.25,1.25,1.22,0.91,0.00,0.00,0.74,"",0,0.0,14,7.5,13,6.9,7,3.7,997135,8.3,0,0.0,0,0.0,107,2.2
"06085","3","221111","78","0","2024","4","",1,200,202,197,12969579,0,0,4997,"",2.36,6.63,6.70,6.59,4.85,0.00,0.00,0.73,"",0,0.0,14,7.5,13,6.9,7,3.7,997135,8.3,0,0.0,0,0.0,107,2.2
"06085","3","22112","77","0","2024","4","",1,225,228,229,11869916,0,0,4016,"",0.21,0.53,0.53,0.53,0.32,0.00,0.00,0.60,"",0,0.0,5,2.3,6,2.7,10,4.6,3886706,48.7,0,0.0,0,0.0,1229,44.1
"06085","3","221122","78","0","2024","4","",1,225,228,229,11869916,0,0,4016,"",0.23,0.60,0.60,0.60,0.36,0.00,0.00,0.60,"",0,0.0,5,2.3,6,2.7,10,4.6,3886706,48.7,0,0.0,0,0.0,1229,44.1
"06085","3","2213","76","0","2024","4","",10,1384,1385,1394,59033856,10600,163,3272,"",0.20,1.14,1.14,1.14,0.82,0.04,0.08,0.72,"",0,0.0,-47,-3.3,-66,-4.5,-48,-3.3,1384846,2.4,-991,-8.5,-20,-10.9,195,6.3
"06085","3","22131","77","0","2024","4","",5,1108,1109,1114,48930141,0,0,3390,"",0.15,1.33,1.33,1.33,1.00,0.00,0.00,0.75,"",0,0.0,-42,-3.7,-65,-5.5,-49,-4.2,1000560,2.1,0,0.0,0,0.0,218,6.9
"06085","3","221310","78","0","2024","4","",5,1108,1109,1114,48930141,0,0,3390,"",0.15,1.33,1.33,1.33,1.00,0.00,0.00,0.75,"",0,0.0,-42,-3.7,-65,-5.5,-49,-4.2,1000560,2.1,0,0.0,0,0.0,218,6.9
"06085","3","22132","77","0","2024","4","",5,276,276,280,10103715,10600,163,2802,"",0.31,0.72,0.72,0.73,0.44,0.19,0.32,0.60,"",0,0.0,-5,-1.8,-1,-0.4,1,0.4,384286,4.0,-991,-8.5,-20,-10.9,122,4.6
"06085","3","221320","78","0","2024","4","",5,276,276,280,10103715,10600,163,2802,"",0.31,0.72,0.72,0.73,0.44,0.19,0.32,0.60,"",0,0.0,-5,-1.8,-1,-0.4,1,0.4,384286,4.0,-991,-8.5,-20,-10.9,122,4.6
"06085","3","23","74","0","2024","4","",3,876,881,876,27284541,0,0,2391,"",0.10,1.12,1.12,1.11,0.73,0.00,0.00,0.65,"",0,0.0,10,1.2,18,2.1,14,1.6,1662778,6.5,0,0.0,0,0.0,109,4.8
"06085","3","237","75","0","2024","4","",3,876,881,876,27284541,0,0,2391,"",0.10,1.16,1.16,1.16,0.76,0.00,0.00,0.65,"",0,0.0,10,1.2,18,2.1,14,1.6,1662778,6.5,0,0.0,0,0.0,109,4.8
"06085","3","2373","76","0","2024","4","",3,876,881,876,27284541,0,0,2391,"",0.11,1.20,1.20,1.19,0.79,0.00,0.00,0.66,"",0,0.0,10,1.2,18,2.1,14,1.6,1662778,6.5,0,0.0,0,0.0,109,4.8
"06085","3","23731","77","0","2024","4","",3,876,881,876,27284541,0,0,2391,"",0.11,1.20,1.20,1.19,0.79,0.00,0.00,0.66,"",0,0.0,10,1.2,18,2.1,14,1.6,1662778,6.5,0,0.0,0,0.0,109,4.8
"06085","3","237310","78","0","2024","4","",3,876,881,876,27284541,0,0,2391,"",0.11,1.20,1.20,1.19,0.79,0.00,0.00,0.66,"",0,0.0,10,1.2,18,2.1,14,1.6,1662778,6.5,0,0.0,0,0.0,109,4.8
"06085","3","31-33","74","0","2024","4","",5,22,23,23,712887,0,0,2419,"",14.44,2.24,2.34,2.33,1.30,0.00,0.00,0.56,"",0,0.0,-3,-12.0,-3,-11.5,-3,-11.5,-124318,-14.8,0,0.0,0,0.0,-90,-3.6
"06085","3","332","75","0","2024","4","",5,22,23,23,712887,0,0,2419,"N",117.91,0,0,0,0,0,0,0,"",0,0.0,-3,-12.0,-3,-11.5,-3,-11.5,-124318,-14.8,0,0.0,0,0.0,-90,-3.6
"06085","3","3324","76","0","2024","4","",5,22,23,23,712887,0,0,2419,"",141.49,139.15,139.28,139.14,49.66,0.00,0.00,0.36,"",0,0.0,-3,-12.0,-3,-11.5,-3,-11.5,-124318,-14.8,0,0.0,0,0.0,-90,-3.6
"06085","3","33243","77","0","2024","4","",5,22,23,23,712887,0,0,2419,"",141.49,139.15,139.28,139.14,49.66,0.00,0.00,0.36,"",0,0.0,-3,-12.0,-3,-11.5,-3,-11.5,-124318,-14.8,0,0.0,0,0.0,-90,-3.6
"06085","3","332431","78","0","2024","4","",5,22,23,23,712887,0,0,2419,"",141.49,139.15,139.28,139.14,49.66,0.00,0.00,0.36,"",0,0.0,-3,-12.0,-3,-11.5,-3,-11.5,-124318,-14.8,0,0.0,0,0.0,-90,-3.6
"06085","3","48-49","74","0","2024","4","",17,2697,2688,2696,87221661,0,0,2491,"",0.82,1.21,1.20,1.20,0.67,0.00,0.00,0.56,"",0,0.0,60,2.3,27,1.0,23,0.9,8316749,10.5,0,0.0,0,0.0,207,9.1
"06085","3","485","75","0","2024","4","",9,2378,2371,2382,77463387,0,0,2507,"",0.72,1.32,1.31,1.31,0.76,0.00,0.00,0.58,"",0,0.0,42,1.8,10,0.4,7,0.3,7764896,11.1,0,0.0,0,0.0,233,10.2
"06085","3","4851","76","0","2024","4","",5,2301,2296,2306,76011997,0,0,2541,"",1.37,1.77,1.76,1.76,0.90,0.00,0.00,0.51,"",0,0.0,45,2.0,17,0.7,13,0.6,7826565,11.5,0,0.0,0,0.0,237,10.3
"06085","3","48511","77","0","2024","4","",5,2301,2296,2306,76011997,0,0,2541,"",1.37,1.77,1.76,1.76,0.90,0.00,0.00,0.51,"",0,0.0,45,2.0,17,0.7,13,0.6,7826565,11.5,0,0.0,0,0.0,237,10.3
"06085","3","485113","78","0","2024","4","",5,2301,2296,2306,76011997,0,0,2541,"",1.88,4.75,4.71,4.70,2.64,0.00,0.00,0.56,"",0,0.0,45,2.0,17,0.7,13,0.6,7826565,11.5,0,0.0,0,0.0,237,10.3
"06085","3","4854","76","0","2024","4","",4,77,75,76,1451390,0,0,1469,"",0.51,0.17,0.17,0.17,0.11,0.00,0.00,0.62,"",0,0.0,-3,-3.8,-7,-8.5,-6,-7.3,-61669,-4.1,0,0.0,0,0.0,38,2.7
"06085","3","48541","77","0","2024","4","",4,77,75,76,1451390,0,0,1469,"",0.51,0.17,0.17,0.17,0.11,0.00,0.00,0.62,"",0,0.0,-3,-3.8,-7,-8.5,-6,-7.3,-61669,-4.1,0,0.0,0,0.0,38,2.7
"06085","3","485410","78","0","2024","4","",4,77,75,76,1451390,0,0,1469,"",0.51,0.17,0.17,0.17,0.11,0.00,0.00,0.62,"",0,0.0,-3,-3.8,-7,-8.5,-6,-7.3,-61669,-4.1,0,0.0,0,0.0,38,2.7
"06085","3","488","75","0","2024","4","",2,235,233,231,7808302,0,0,2578,"",0.33,0.65,0.65,0.64,0.31,0.00,0.00,0.49,"",0,0.0,9,4.0,8,3.6,8,3.6,415977,5.6,0,0.0,0,0.0,47,1.9
"06085","3","4881","76","0","2024","4","",2,235,233,231,7808302,0,0,2578,"",0.48,0.91,0.90,0.89,0.46,0.00,0.00,0.51,"",0,0.0,9,4.0,8,3.6,8,3.6,415977,5.6,0,0.0,0,0.0,47,1.9
"06085","3","48811","77","0","2024","4","",2,235,233,231,7808302,0,0,2578,"N",0.48,0,0,0,0,0,0,0,"",0,0.0,9,4.0,8,3.6,8,3.6,415977,5.6,0,0.0,0,0.0,47,1.9
"06085","3","488119","78","0","2024","4","",2,235,233,231,7808302,0,0,2578,"",0.51,0.95,0.94,0.93,0.48,0.00,0.00,0.51,"",0,0.0,9,4.0,8,3.6,8,3.6,415977,5.6,0,0.0,0,0.0,47,1.9
"06085","3","493","75","0","2024","4","",6,84,84,83,1949972,0,0,1793,"",3.38,1.40,1.40,1.38,0.65,0.00,0.00,0.47,"",0,0.0,9,12.0,9,12.0,8,10.7,135876,7.5,0,0.0,0,0.0,-68,-3.7
"06085","3","4931","76","0","2024","4","",6,84,84,83,1949972,0,0,1793,"",3.38,1.40,1.40,1.38,0.65,0.00,0.00,0.47,"",0,0.0,9,12.0,9,12.0,8,10.7,135876,7.5,0,0.0,0,0.0,-68,-3.7
"06085","3","49311","77","0","2024","4","",6,84,84,83,1949972,0,0,1793,"",3.64,1.44,1.44,1.42,0.66,0.00,0.00,0.46,"",0,0.0,9,12.0,9,12.0,8,10.7,135876,7.5,0,0.0,0,0.0,-68,-3.7
"06085","3","493110","78","0","2024","4","",6,84,84,83,1949972,0,0,1793,"",3.64,1.44,1.44,1.42,0.66,0.00,0.00,0.46,"",0,0.0,9,12.0,9,12.0,8,10.7,135876,7.5,0,0.0,0,0.0,-68,-3.7
"06085","3","51","74","0","2024","4","",6,1245,1238,1234,22057789,0,0,1369,"",0.16,1.38,1.37,1.36,0.78,0.00,0.00,0.57,"",-1,-14.3,27,2.2,13,1.1,0,0.0,1996335,10.0,0,0.0,0,0.0,110,8.7
"06085","3","519","75","0","2024","4","",6,1245,1238,1234,22057789,0,0,1369,"",0.17,1.42,1.41,1.40,0.82,0.00,0.00,0.58,"",-1,-14.3,27,2.2,13,1.1,0,0.0,1996335,10.0,0,0.0,0,0.0,110,8.7
"06085","3","5192","76","0","2024","4","",6,1245,1238,1234,22057789,0,0,1369,"",0.17,1.42,1.41,1.40,0.82,0.00,0.00,0.58,"",-1,-14.3,27,2.2,13,1.1,0,0.0,1996335,10.0,0,0.0,0,0.0,110,8.7
"06085","3","51921","77","0","2024","4","",6,1245,1238,1234,22057789,0,0,1369,"N",0.17,0,0,0,0,0,0,0,"",-1,-14.3,27,2.2,13,1.1,0,0.0,1996335,10.0,0,0.0,0,0.0,110,8.7
"06085","3","519210","78","0","2024","4","",6,1245,1238,1234,22057789,0,0,1369,"N",0.17,0,0,0,0,0,0,0,"",-1,-14.3,27,2.2,13,1.1,0,0.0,1996335,10.0,0,0.0,0,0.0,110,8.7
"06085","3","52","74","0","2024","4","",2,6,6,6,197560,0,0,2533,"",1.40,0.07,0.07,0.07,0.03,0.00,0.00,0.47,"",0,0.0,0,0.0,0,0.0,0,0.0,10216,5.5,0,0.0,0,0.0,131,5.5
"06085","3","524","75","0","2024","4","",2,6,6,6,197560,0,0,2533,"",3.04,0.08,0.08,0.08,0.04,0.00,0.00,0.47,"",0,0.0,0,0.0,0,0.0,0,0.0,10216,5.5,0,0.0,0,0.0,131,5.5
"06085","3","5242","76","0","2024","4","",2,6,6,6,197560,0,0,2533,"",5.90,0.43,0.43,0.43,0.19,0.00,0.00,0.45,"",0,0.0,0,0.0,0,0.0,0,0.0,10216,5.5,0,0.0,0,0.0,131,5.5
"06085","3","52429","77","0","2024","4","",2,6,6,6,197560,0,0,2533,"N",8.09,0,0,0,0,0,0,0,"",0,0.0,0,0.0,0,0.0,0,0.0,10216,5.5,0,0.0,0,0.0,131,5.5
"06085","3","524291","78","0","2024","4","",1,5,5,5,186640,0,0,2871,"",17.69,3.24,3.11,3.11,1.65,0.00,0.00,0.52,"",0,0.0,0,0.0,0,0.0,0,0.0,10216,5.8,0,0.0,0,0.0,157,5.8
"06085","3","524292","78","0","2024","4","",1,1,1,1,10920,0,0,840,"",7.86,0.12,0.12,0.11,0.02,0.00,0.00,0.14,"",0,0.0,0,0.0,0,0.0,0,0.0,0,0.0,0,0.0,0,0.0,0,0.0
"06085","3","54","74","0","2024","4","",2,74,75,75,3348510,0,0,3450,"",0.22,0.47,0.48,0.48,0.34,0.00,0.00,0.71,"",0,0.0,1,1.4,2,2.7,1,1.4,1117436,50.1,0,0.0,0,0.0,1110,47.4
"06085","3","541","75","0","2024","4","",2,74,75,75,3348510,0,0,3450,"",0.22,0.47,0.48,0.48,0.34,0.00,0.00,0.71,"",0,0.0,1,1.4,2,2.7,1,1.4,1117436,50.1,0,0.0,0,0.0,1110,47.4
"06085","3","5413","76","0","2024","4","",1,42,42,41,2373371,0,0,4382,"",0.28,0.71,0.71,0.69,0.65,0.00,0.00,0.93,"",0,0.0,3,7.7,2,5.0,0,0.0,1063143,81.1,0,0.0,0,0.0,1862,73.9
"06085","3","54132","77","0","2024","4","",1,42,42,41,2373371,0,0,4382,"",6.15,8.24,8.61,8.48,4.56,0.00,0.00,0.54,"",0,0.0,3,7.7,2,5.0,0,0.0,1063143,81.1,0,0.0,0,0.0,1862,73.9
"06085","3","541320","78","0","2024","4","",1,42,42,41,2373371,0,0,4382,"",6.15,8.24,8.61,8.48,4.56,0.00,0.00,0.54,"",0,0.0,3,7.7,2,5.0,0,0.0,1063143,81.1,0,0.0,0,0.0,1862,73.9
"06085","3","5416","76","0","2024","4","",1,32,33,34,975139,0,0,2273,"",0.64,1.87,1.91,1.96,0.81,0.00,0.00,0.42,"",0,0.0,-2,-5.9,0,0.0,1,3.0,54293,5.9,0,0.0,0,0.0,148,7.0
"06085","3","54169","77","0","2024","4","",1,32,33,34,975139,0,0,2273,"",1.37,5.68,5.83,5.98,2.64,0.00,0.00,0.45,"",0,0.0,-2,-5.9,0,0.0,1,3.0,54293,5.9,0,0.0,0,0.0,148,7.0
"06085","3","541690","78","0","2024","4","",1,32,33,34,975139,0,0,2273,"",1.37,5.68,5.83,5.98,2.64,0.00,0.00,0.45,"",0,0.0,-2,-5.9,0,0.0,1,3.0,54293,5.9,0,0.0,0,0.0,148,7.0
"06085","3","56","74","0","2024","4","",3,246,242,241,6811470,0,0,2156,"",0.12,0.43,0.43,0.43,0.28,0.00,0.00,0.64,"",0,0.0,23,10.3,27,12.6,28,13.1,979848,16.8,0,0.0,0,0.0,89,4.3
"06085","3","561","75","0","2024","4","",3,246,242,241,6811470,0,0,2156,"",0.18,0.64,0.63,0.64,0.42,0.00,0.00,0.65,"",0,0.0,23,10.3,27,12.6,28,13.1,979848,16.8,0,0.0,0,0.0,89,4.3
"06085","3","5611","76","0","2024","4","",1,1,1,1,18315,0,0,1409,"",0.70,0.03,0.03,0.03,0.01,0.00,0.00,0.29,"",0,0.0,1,100.0,1,100.0,1,100.0,18315,100.0,0,0.0,0,0.0,1409,100.0
"06085","3","56111","77","0","2024","4","",1,1,1,1,18315,0,0,1409,"",0.70,0.03,0.03,0.03,0.01,0.00,0.00,0.29,"",0,0.0,1,100.0,1,100.0,1,100.0,18315,100.0,0,0.0,0,0.0,1409,100.0
"06085","3","561110","78","0","2024","4","",1,1,1,1,18315,0,0,1409,"",0.70,0.03,0.03,0.03,0.01,0.00,0.00,0.29,"",0,0.0,1,100.0,1,100.0,1,100.0,18315,100.0,0,0.0,0,0.0,1409,100.0
"06085","3","5617","76","0","2024","4","",2,245,241,240,6793155,0,0,2159,"",0.19,1.31,1.30,1.30,0.97,0.00,0.00,0.74,"",0,0.0,22,9.9,26,12.1,27,12.7,961533,16.5,0,0.0,0,0.0,92,4.5
"06085","3","56173","77","0","2024","4","",2,245,241,240,6793155,0,0,2159,"",1.17,7.62,7.65,7.76,5.97,0.00,0.00,0.78,"",0,0.0,22,9.9,26,12.1,27,12.7,961533,16.5,0,0.0,0,0.0,92,4.5
"06085","3","561730","78","0","2024","4","",2,245,241,240,6793155,0,0,2159,"",1.17,7.62,7.65,7.76,5.97,0.00,0.00,0.78,"",0,0.0,22,9.9,26,12.1,27,12.7,961533,16.5,0,0.0,0,0.0,92,4.5
"06085","3","61","74","0","2024","4","",976,38954,39316,39071,899522703,306943,7366,1769,"",2.08,0.65,0.65,0.65,0.35,0.06,0.27,0.54,"",2,0.2,672,1.8,846,2.2,740,1.9,33736974,3.9,-351623,-53.4,-7801,-51.4,33,1.9
"06085","3","611","75","0","2024","4","",976,38954,39316,39071,899522703,306943,7366,1769,"",2.08,0.65,0.65,0.65,0.35,0.06,0.27,0.54,"",2,0.2,672,1.8,846,2.2,740,1.9,33736974,3.9,-351623,-53.4,-7801,-51.4,33,1.9
"06085","3","6111","76","0","2024","4","",747,33755,34132,33877,772106470,306943,7366,1751,"",1.66,0.61,0.61,0.61,0.33,0.06,0.30,0.54,"",5,0.7,474,1.4,729,2.2,559,1.7,27873303,3.7,-351623,-53.4,-7801,-51.4,34,2.0
"06085","3","61111","77","0","2024","4","",747,33755,34132,33877,772106470,306943,7366,1751,"",1.66,0.61,0.61,0.61,0.33,0.06,0.30,0.54,"",5,0.7,474,1.4,729,2.2,559,1.7,27873303,3.7,-351623,-53.4,-7801,-51.4,34,2.0
"06085","3","611110","78","0","2024","4","",747,33755,34132,33877,772106470,306943,7366,1751,"",1.66,0.61,0.61,0.61,0.33,0.06,0.30,0.54,"",5,0.7,474,1.4,729,2.2,559,1.7,27873303,3.7,-351623,-53.4,-7801,-51.4,34,2.0
"06085","3","6112","76","0","2024","4","",226,5042,5035,5050,123739807,0,0,1888,"",22.15,1.66,1.64,1.70,1.02,0.00,0.00,0.61,"",-3,-1.3,178,3.7,111,2.3,178,3.7,5998057,5.1,0,0.0,0,0.0,35,1.9
"06085","3","61121","77","0","2024","4","",226,5042,5035,5050,123739807,0,0,1888,"",22.15,1.66,1.64,1.70,1.02,0.00,0.00,0.61,"",-3,-1.3,178,3.7,111,2.3,178,3.7,5998057,5.1,0,0.0,0,0.0,35,1.9
"06085","3","611210","78","0","2024","4","",226,5042,5035,5050,123739807,0,0,1888,"",22.15,1.66,1.64,1.70,1.02,0.00,0.00,0.61,"",-3,-1.3,178,3.7,111,2.3,178,3.7,5998057,5.1,0,0.0,0,0.0,35,1.9
"06085","3","6117","76","0","2024","4","",3,157,149,144,3676426,0,0,1885,"",1.05,0.53,0.49,0.50,0.35,0.00,0.00,0.69,"",0,0.0,20,14.6,6,4.2,3,2.1,-134386,-3.5,0,0.0,0,0.0,-204,-9.8
"06085","3","61171","77","0","2024","4","",3,157,149,144,3676426,0,0,1885,"",1.05,0.53,0.49,0.50,0.35,0.00,0.00,0.69,"",0,0.0,20,14.6,6,4.2,3,2.1,-134386,-3.5,0,0.0,0,0.0,-204,-9.8
"06085","3","611710","78","0","2024","4","",3,157,149,144,3676426,0,0,1885,"",1.05,0.53,0.49,0.50,0.35,0.00,0.00,0.69,"",0,0.0,20,14.6,6,4.2,3,2.1,-134386,-3.5,0,0.0,0,0.0,-204,-9.8
"06085","3","62","74","0","2024","4","",13,10559,10753,10700,389069438,0,0,2805,"",0.25,1.52,1.56,1.55,1.03,0.00,0.00,0.67,"",2,18.2,-147,-1.4,-54,-0.5,-246,-2.2,15694547,4.2,-24802,-100.0,-645,-100.0,150,5.6
"06085","3","622","75","0","2024","4","",1,10365,10561,10516,384445194,0,0,2822,"",0.10,2.04,2.12,2.11,1.32,0.00,0.00,0.63,"",0,0.0,-156,-1.5,-70,-0.7,-257,-2.4,15029654,4.1,0,0.0,0,0.0,152,5.7
"06085","3","6221","76","0","2024","4","",1,10365,10561,10516,384445194,0,0,2822,"",0.10,2.05,2.13,2.12,1.33,0.00,0.00,0.63,"",0,0.0,-156,-1.5,-70,-0.7,-257,-2.4,15029654,4.1,0,0.0,0,0.0,152,5.7
"06085","3","62211","77","0","2024","4","",1,10365,10561,10516,384445194,0,0,2822,"",0.10,2.05,2.13,2.12,1.33,0.00,0.00,0.63,"",0,0.0,-156,-1.5,-70,-0.7,-257,-2.4,15029654,4.1,0,0.0,0,0.0,152,5.7
"06085","3","622110","78","0","2024","4","",1,10365,10561,10516,384445194,0,0,2822,"",0.10,2.05,2.13,2.12,1.33,0.00,0.00,0.63,"",0,0.0,-156,-1.5,-70,-0.7,-257,-2.4,15029654,4.1,0,0.0,0,0.0,152,5.7
"06085","3","624","75","0","2024","4","",12,194,192,184,4624244,0,0,1872,"",0.59,0.22,0.22,0.21,0.13,0.00,0.00,0.57,"",2,20.0,9,4.9,16,9.1,11,6.4,664893,16.8,-24802,-100.0,-645,-100.0,161,9.4
"06085","3","6241","76","0","2024","4","",1,48,47,45,1576247,0,0,2598,"",0.08,0.07,0.07,0.06,0.05,0.00,0.00,0.76,"",0,0.0,-1,-2.0,-4,-7.8,-4,-8.2,59978,4.0,-24802,-100.0,-645,-100.0,250,10.6
"06085","3","62411","77","0","2024","4","",1,48,47,45,1576247,0,0,2598,"",0.55,0.39,0.38,0.37,0.31,0.00,0.00,0.81,"",0,0.0,-1,-2.0,-4,-7.8,-4,-8.2,59978,4.0,-24802,-100.0,-645,-100.0,250,10.6
"06085","3","624110","78","0","2024","4","",1,48,47,45,1576247,0,0,2598,"",0.55,0.39,0.38,0.37,0.31,0.00,0.00,0.81,"",0,0.0,-1,-2.0,-4,-7.8,-4,-8.2,59978,4.0,-24802,-100.0,-645,-100.0,250,10.6
"06085","3","6243","76","0","2024","4","",9,134,133,127,2711862,0,0,1588,"",6.74,3.67,3.63,3.45,2.07,0.00,0.00,0.58,"",0,0.0,-2,-1.5,8,6.4,3,2.4,268780,11.0,0,0.0,0,0.0,124,8.5
"06085","3","62431","77","0","2024","4","",9,134,133,127,2711862,0,0,1588,"",6.74,3.67,3.63,3.45,2.07,0.00,0.00,0.58,"",0,0.0,-2,-1.5,8,6.4,3,2.4,268780,11.0,0,0.0,0,0.0,124,8.5
"06085","3","624310","78","0","2024","4","",9,134,133,127,2711862,0,0,1588,"",6.74,3.67,3.63,3.45,2.07,0.00,0.00,0.58,"",0,0.0,-2,-1.5,8,6.4,3,2.4,268780,11.0,0,0.0,0,0.0,124,8.5
"06085","3","6244","76","0","2024","4","",2,12,12,12,336135,0,0,2155,"",0.44,0.14,0.14,0.14,0.12,0.00,0.00,0.86,"N",2,100.0,0,0,0,0,0,0,0,0,0,0,0,0,0,0
"06085","3","62441","77","0","2024","4","",2,12,12,12,336135,0,0,2155,"",0.44,0.14,0.14,0.14,0.12,0.00,0.00,0.86,"N",2,100.0,0,0,0,0,0,0,0,0,0,0,0,0,0,0
"06085","3","624410","78","0","2024","4","",2,12,12,12,336135,0,0,2155,"",0.44,0.14,0.14,0.14,0.12,0.00,0.00,0.86,"N",2,100.0,0,0,0,0,0,0,0,0,0,0,0,0,0,0
"06085","3","71","74","0","2024","4","",16,2519,2472,2390,40163028,141358,2120,1256,"",0.57,1.19,1.19,1.16,0.64,0.32,0.24,0.54,"",0,0.0,-6,-0.2,128,5.5,31,1.3,3010963,8.1,11250,8.6,169,8.7,70,5.9
"06085","3","712","75","0","2024","4","",1,46,49,48,1303445,0,0,2103,"",0.19,0.16,0.17,0.17,0.16,0.00,0.00,0.98,"",0,0.0,-3,-6.1,1,2.1,-2,-4.0,507049,63.7,0,0.0,0,0.0,853,68.2
"06085","3","7121","76","0","2024","4","",1,46,49,48,1303445,0,0,2103,"",0.19,0.16,0.17,0.17,0.16,0.00,0.00,0.98,"",0,0.0,-3,-6.1,1,2.1,-2,-4.0,507049,63.7,0,0.0,0,0.0,853,68.2
"06085","3","71211","77","0","2024","4","",1,46,49,48,1303445,0,0,2103,"",0.84,2.20,2.37,2.35,1.81,0.00,0.00,0.79,"",0,0.0,-3,-6.1,1,2.1,-2,-4.0,507049,63.7,0,0.0,0,0.0,853,68.2
"06085","3","712110","78","0","2024","4","",1,46,49,48,1303445,0,0,2103,"",0.84,2.20,2.37,2.35,1.81,0.00,0.00,0.79,"",0,0.0,-3,-6.1,1,2.1,-2,-4.0,507049,63.7,0,0.0,0,0.0,853,68.2
"06085","3","713","75","0","2024","4","",15,2473,2423,2342,38859583,141358,2120,1239,"",0.70,1.41,1.40,1.36,0.73,0.34,0.25,0.52,"",0,0.0,-3,-0.1,127,5.5,33,1.4,2503914,6.9,11250,8.6,169,8.7,54,4.6
"06085","3","7139","76","0","2024","4","",15,2473,2423,2342,38859583,141358,2120,1239,"",0.79,2.62,2.64,2.58,1.91,1.07,1.05,0.73,"",0,0.0,-3,-0.1,127,5.5,33,1.4,2503914,6.9,11250,8.6,169,8.7,54,4.6
"06085","3","71394","77","0","2024","4","",2,360,351,330,6076681,0,0,1347,"",0.25,0.98,0.98,0.93,0.89,0.00,0.00,0.92,"",0,0.0,18,5.3,14,4.2,-6,-1.8,91345,1.5,0,0.0,0,0.0,-14,-1.0
"06085","3","713940","78","0","2024","4","",2,360,351,330,6076681,0,0,1347,"",0.25,0.98,0.98,0.93,0.89,0.00,0.00,0.92,"",0,0.0,18,5.3,14,4.2,-6,-1.8,91345,1.5,0,0.0,0,0.0,-14,-1.0
"06085","3","71399","77","0","2024","4","",13,2113,2072,2012,32782902,141358,2120,1221,"",1.48,4.15,4.16,4.06,2.67,2.10,2.30,0.65,"",0,0.0,-21,-1.0,113,5.8,39,2.0,2412569,7.9,11250,8.6,169,8.7,66,5.7
"06085","3","713990","78","0","2024","4","",13,2113,2072,2012,32782902,141358,2120,1221,"",1.48,4.15,4.16,4.06,2.67,2.10,2.30,0.65,"",0,0.0,-21,-1.0,113,5.8,39,2.0,2412569,7.9,11250,8.6,169,8.7,66,5.7
"06085","3","72","74","0","2024","4","",5,67,67,67,1209564,0,0,1389,"",0.99,0.09,0.09,0.09,0.04,0.00,0.00,0.49,"",0,0.0,3,4.7,1,1.5,0,0.0,-95,0.0,0,0.0,0,0.0,-28,-2.0
"06085","3","722","75","0","2024","4","",5,67,67,67,1209564,0,0,1389,"",1.35,0.78,0.78,0.78,0.62,0.00,0.00,0.80,"",0,0.0,3,4.7,1,1.5,0,0.0,-95,0.0,0,0.0,0,0.0,-28,-2.0
"06085","3","7223","76","0","2024","4","",3,47,47,47,662068,0,0,1084,"N",2.40,0,0,0,0,0,0,0,"",0,0.0,1,2.2,0,0.0,-1,-2.1,-60908,-8.4,0,0.0,0,0.0,-99,-8.4
"06085","3","72231","77","0","2024","4","",3,47,47,47,662068,0,0,1084,"N",2.41,0,0,0,0,0,0,0,"",0,0.0,1,2.2,0,0.0,-1,-2.1,-60908,-8.4,0,0.0,0,0.0,-99,-8.4
"06085","3","722310","78","0","2024","4","",3,47,47,47,662068,0,0,1084,"N",2.41,0,0,0,0,0,0,0,"",0,0.0,1,2.2,0,0.0,-1,-2.1,-60908,-8.4,0,0.0,0,0.0,-99,-8.4
"06085","3","7225","76","0","2024","4","",2,20,20,20,547496,0,0,2106,"",0.86,0.40,0.40,0.40,0.51,0.00,0.00,1.28,"",0,0.0,2,11.1,1,5.3,1,5.3,60813,12.5,0,0.0,0,0.0,100,5.0
"06085","3","72251","77","0","2024","4","",2,20,20,20,547496,0,0,2106,"",0.86,0.40,0.40,0.40,0.51,0.00,0.00,1.28,"",0,0.0,2,11.1,1,5.3,1,5.3,60813,12.5,0,0.0,0,0.0,100,5.0
"06085","3","722513","78","0","2024","4","",2,20,20,20,547496,0,0,2106,"",23.58,12.59,12.78,12.88,13.52,0.00,0.00,1.06,"",0,0.0,2,11.1,1,5.3,1,5.3,60813,12.5,0,0.0,0,0.0,100,5.0
"06085","3","81","74","0","2024","4","",3,69,63,73,1582597,16982,408,1782,"",0.20,0.28,0.26,0.30,0.15,0.47,0.38,0.53,"",0,0.0,6,9.5,0,0.0,11,17.7,51903,3.4,-35679,-67.8,-645,-61.3,-97,-5.2
"06085","3","812","75","0","2024","4","",1,3,3,3,64229,0,0,1647,"",0.14,0.06,0.06,0.06,0.03,0.00,0.00,0.61,"",0,0.0,0,0.0,0,0.0,0,0.0,3913,6.5,0,0.0,0,0.0,100,6.5
"06085","3","8122","76","0","2024","4","",1,3,3,3,64229,0,0,1647,"",0.20,0.16,0.17,0.17,0.13,0.00,0.00,0.77,"",0,0.0,0,0.0,0,0.0,0,0.0,3913,6.5,0,0.0,0,0.0,100,6.5
"06085","3","81222","77","0","2024","4","",1,3,3,3,64229,0,0,1647,"",0.20,0.16,0.17,0.17,0.13,0.00,0.00,0.77,"",0,0.0,0,0.0,0,0.0,0,0.0,3913,6.5,0,0.0,0,0.0,100,6.5
"06085","3","812220","78","0","2024","4","",1,3,3,3,64229,0,0,1647,"",0.20,0.16,0.17,0.17,0.13,0.00,0.00,0.77,"",0,0.0,0,0.0,0,0.0,0,0.0,3913,6.5,0,0.0,0,0.0,100,6.5
"06085","3","813","75","0","2024","4","",2,66,60,70,1518368,16982,408,1788,"",0.61,0.80,0.73,0.85,0.41,0.64,0.44,0.52,"",0,0.0,6,10.0,0,0.0,11,18.6,47990,3.3,-35679,-67.8,-645,-61.3,-108,-5.7
"06085","3","8133","76","0","2024","4","",2,66,60,70,1518368,16982,408,1788,"",1.49,1.46,1.33,1.55,0.77,2.24,1.44,0.54,"",0,0.0,6,10.0,0,0.0,11,18.6,47990,3.3,-35679,-67.8,-645,-61.3,-108,-5.7
"06085","3","81331","77","0","2024","4","",2,66,60,70,1518368,16982,408,1788,"",1.49,1.46,1.33,1.55,0.77,2.24,1.44,0.54,"",0,0.0,6,10.0,0,0.0,11,18.6,47990,3.3,-35679,-67.8,-645,-61.3,-108,-5.7
"06085","3","813312","78","0","2024","4","",2,66,60,70,1518368,16982,408,1788,"",4.22,9.93,9.22,10.66,4.70,16.08,12.57,0.47,"",0,0.0,6,10.0,0,0.0,11,18.6,47990,3.3,-35679,-67.8,-645,-61.3,-108,-5.7
"06085","3","92","74","0","2024","4","",65,23902,24277,23079,841389582,110467,3543,2725,"",0.14,0.77,0.78,0.75,0.51,0.02,0.07,0.66,"",0,0.0,1507,6.7,1712,7.6,331,1.5,70463446,9.1,61547,125.8,2090,143.8,97,3.7
"06085","3","921","75","0","2024","4","",31,9522,9839,8636,274281737,0,0,2261,"",0.12,0.47,0.48,0.43,0.28,0.00,0.00,0.61,"",0,0.0,1416,17.5,1656,20.2,321,3.9,28378909,11.5,0,0.0,0,0.0,-45,-2.0
"06085","3","9211","76","0","2024","4","",31,9522,9839,8636,274281737,0,0,2261,"",0.12,0.47,0.48,0.43,0.28,0.00,0.00,0.61,"",0,0.0,1416,17.5,1656,20.2,321,3.9,28378909,11.5,0,0.0,0,0.0,-45,-2.0
"06085","3","92111","77","0","2024","4","",5,86,88,88,3719818,0,0,3276,"",0.15,0.06,0.06,0.06,0.06,0.00,0.00,0.93,"",0,0.0,11,14.7,15,20.5,13,17.3,1024035,38.0,0,0.0,0,0.0,486,17.4
"06085","3","921110","78","0","2024","4","",5,86,88,88,3719818,0,0,3276,"",0.15,0.06,0.06,0.06,0.06,0.00,0.00,0.93,"",0,0.0,11,14.7,15,20.5,13,17.3,1024035,38.0,0,0.0,0,0.0,486,17.4
"06085","3","92112","77","0","2024","4","",1,7,7,7,33286,0,0,366,"",0.05,0.00,0.00,0.00,0.00,0.00,0.00,0.09,"",0,0.0,0,0.0,0,0.0,0,0.0,5241,18.7,0,0.0,0,0.0,58,18.8
"06085","3","921120","78","0","2024","4","",1,7,7,7,33286,0,0,366,"",0.05,0.00,0.00,0.00,0.00,0.00,0.00,0.09,"",0,0.0,0,0.0,0,0.0,0,0.0,5241,18.7,0,0.0,0,0.0,58,18.8
"06085","3","92113","77","0","2024","4","",7,1042,1048,1048,33602299,0,0,2471,"",0.38,1.95,1.95,1.96,1.17,0.00,0.00,0.60,"",0,0.0,41,4.1,40,4.0,36,3.6,5181653,18.2,0,0.0,0,0.0,300,13.8
"06085","3","921130","78","0","2024","4","",7,1042,1048,1048,33602299,0,0,2471,"",0.38,1.95,1.95,1.96,1.17,0.00,0.00,0.60,"",0,0.0,41,4.1,40,4.0,36,3.6,5181653,18.2,0,0.0,0,0.0,300,13.8
"06085","3","92114","77","0","2024","4","",15,8082,8393,7166,230168565,0,0,2247,"",0.10,0.61,0.63,0.54,0.36,0.00,0.00,0.61,"",0,0.0,1350,20.1,1588,23.3,246,3.6,21692962,10.4,0,0.0,0,0.0,-105,-4.5
"06085","3","921140","78","0","2024","4","",15,8082,8393,7166,230168565,0,0,2247,"",0.10,0.61,0.63,0.54,0.36,0.00,0.00,0.61,"",0,0.0,1350,20.1,1588,23.3,246,3.6,21692962,10.4,0,0.0,0,0.0,-105,-4.5
"06085","3","92119","77","0","2024","4","",3,305,303,327,6757769,0,0,1668,"",0.09,0.13,0.12,0.14,0.06,0.00,0.00,0.45,"",0,0.0,14,4.8,13,4.5,26,8.6,475018,7.6,0,0.0,0,0.0,24,1.5
"06085","3","921190","78","0","2024","4","",3,305,303,327,6757769,0,0,1668,"",0.09,0.13,0.12,0.14,0.06,0.00,0.00,0.45,"",0,0.0,14,4.8,13,4.5,26,8.6,475018,7.6,0,0.0,0,0.0,24,1.5
"06085","3","922","75","0","2024","4","",14,7766,7807,7833,356537639,13260,597,3515,"",0.15,1.11,1.12,1.12,0.74,0.02,0.11,0.66,"",0,0.0,-28,-0.4,-72,-0.9,-48,-0.6,21971043,6.6,-740,-5.3,233,64.0,237,7.2
"06085","3","9221","76","0","2024","4","",14,7766,7807,7833,356537639,13260,597,3515,"",0.15,1.11,1.12,1.12,0.74,0.02,0.11,0.66,"",0,0.0,-28,-0.4,-72,-0.9,-48,-0.6,21971043,6.6,-740,-5.3,233,64.0,237,7.2
"06085","3","92211","77","0","2024","4","",1,517,515,515,14578962,0,0,2175,"",0.07,0.93,0.92,0.92,0.54,0.00,0.00,0.58,"",0,0.0,8,1.6,6,1.2,-1,-0.2,51422,0.4,0,0.0,0,0.0,-10,-0.5
"06085","3","922110","78","0","2024","4","",1,517,515,515,14578962,0,0,2175,"",0.07,0.93,0.92,0.92,0.54,0.00,0.00,0.58,"",0,0.0,8,1.6,6,1.2,-1,-0.2,51422,0.4,0,0.0,0,0.0,-10,-0.5
"06085","3","92212","77","0","2024","4","",3,563,549,572,33190021,0,0,4548,"",0.12,0.18,0.18,0.19,0.16,0.00,0.00,0.87,"",0,0.0,-70,-11.1,-133,-19.5,-107,-15.8,3883978,13.3,0,0.0,0,0.0,1156,34.1
"06085","3","922120","78","0","2024","4","",3,563,549,572,33190021,0,0,4548,"",0.12,0.18,0.18,0.19,0.16,0.00,0.00,0.87,"",0,0.0,-70,-11.1,-133,-19.5,-107,-15.8,3883978,13.3,0,0.0,0,0.0,1156,34.1
"06085","3","92213","77","0","2024","4","",2,24,24,25,2047527,0,0,6473,"",0.27,0.09,0.09,0.09,0.12,0.00,0.00,1.32,"",0,0.0,1,4.3,2,9.1,3,13.6,980544,91.9,0,0.0,0,0.0,2798,76.1
"06085","3","922130","78","0","2024","4","",2,24,24,25,2047527,0,0,6473,"",0.27,0.09,0.09,0.09,0.12,0.00,0.00,1.32,"",0,0.0,1,4.3,2,9.1,3,13.6,980544,91.9,0,0.0,0,0.0,2798,76.1
"06085","3","92216","77","0","2024","4","",5,540,537,536,32058065,13260,597,4586,"",0.13,0.33,0.33,0.33,0.28,0.03,0.16,0.85,"",0,0.0,18,3.4,-2,-0.4,4,0.8,5134052,19.1,-740,-5.3,233,64.0,686,17.6
"06085","3","922160","78","0","2024","4","",5,540,537,536,32058065,13260,597,4586,"",0.13,0.33,0.33,0.33,0.28,0.03,0.16,0.85,"",0,0.0,18,3.4,-2,-0.4,4,0.8,5134052,19.1,-740,-5.3,233,64.0,686,17.6
"06085","3","92219","77","0","2024","4","",3,6122,6182,6185,274663064,0,0,3428,"",0.55,6.75,6.85,6.83,3.17,0.00,0.00,0.47,"",0,0.0,15,0.2,55,0.9,53,0.9,11921047,4.5,0,0.0,0,0.0,127,3.8
"06085","3","922190","78","0","2024","4","",3,6122,6182,6185,274663064,0,0,3428,"",0.55,6.75,6.85,6.83,3.17,0.00,0.00,0.47,"",0,0.0,15,0.2,55,0.9,53,0.9,11921047,4.5,0,0.0,0,0.0,127,3.8
"06085","3","923","75","0","2024","4","",4,4955,4969,4935,150335771,0,0,2335,"",0.25,3.04,3.02,3.00,1.69,0.00,0.00,0.56,"",0,0.0,-3,-0.1,-1,0.0,-60,-1.2,6970476,4.9,0,0.0,0,0.0,118,5.3
"06085","3","9231","76","0","2024","4","",4,4955,4969,4935,150335771,0,0,2335,"",0.25,3.04,3.02,3.00,1.69,0.00,0.00,0.56,"",0,0.0,-3,-0.1,-1,0.0,-60,-1.2,6970476,4.9,0,0.0,0,0.0,118,5.3
"06085","3","92311","77","0","2024","4","",1,11,11,11,421047,0,0,2944,"",0.52,0.06,0.05,0.05,0.05,0.00,0.00,0.90,"",0,0.0,1,10.0,0,0.0,0,0.0,19410,4.8,0,0.0,0,0.0,48,1.7
"06085","3","923110","78","0","2024","4","",1,11,11,11,421047,0,0,2944,"",0.52,0.06,0.05,0.05,0.05,0.00,0.00,0.90,"",0,0.0,1,10.0,0,0.0,0,0.0,19410,4.8,0,0.0,0,0.0,48,1.7
"06085","3","92312","77","0","2024","4","",1,97,100,99,3621515,0,0,2823,"",0.12,0.16,0.17,0.17,0.11,0.00,0.00,0.69,"",0,0.0,-15,-13.4,-13,-11.5,-13,-11.6,-249545,-6.4,0,0.0,0,0.0,172,6.5
"06085","3","923120","78","0","2024","4","",1,97,100,99,3621515,0,0,2823,"",0.12,0.16,0.17,0.17,0.11,0.00,0.00,0.69,"",0,0.0,-15,-13.4,-13,-11.5,-13,-11.6,-249545,-6.4,0,0.0,0,0.0,172,6.5
"06085","3","92313","77","0","2024","4","",2,4847,4858,4825,146293209,0,0,2323,"",0.52,5.89,5.88,5.83,3.05,0.00,0.00,0.52,"",0,0.0,11,0.2,12,0.2,-47,-1.0,7200611,5.2,0,0.0,0,0.0,118,5.4
"06085","3","923130","78","0","2024","4","",2,4847,4858,4825,146293209,0,0,2323,"",0.52,5.89,5.88,5.83,3.05,0.00,0.00,0.52,"",0,0.0,11,0.2,12,0.2,-47,-1.0,7200611,5.2,0,0.0,0,0.0,118,5.4
"06085","3","924","75","0","2024","4","",6,1034,1033,1041,31100195,1707,68,2309,"",0.20,1.38,1.39,1.41,0.82,0.02,0.05,0.59,"",0,0.0,79,8.3,80,8.4,59,6.0,3645245,13.3,-14897,-89.7,-361,-84.1,117,5.3
"06085","3","9241","76","0","2024","4","",6,1034,1033,1041,31100195,1707,68,2309,"",0.20,1.38,1.39,1.41,0.82,0.02,0.05,0.59,"",0,0.0,79,8.3,80,8.4,59,6.0,3645245,13.3,-14897,-89.7,-361,-84.1,117,5.3
"06085","3","92411","77","0","2024","4","",4,879,883,885,27576819,1707,68,2404,"",0.34,2.01,2.02,2.02,1.01,0.05,0.19,0.50,"",0,0.0,51,6.2,56,6.8,41,4.9,2050812,8.0,-172,-9.2,-37,-35.2,47,2.0
"06085","3","924110","78","0","2024","4","",4,879,883,885,27576819,1707,68,2404,"",0.34,2.01,2.02,2.02,1.01,0.05,0.19,0.50,"",0,0.0,51,6.2,56,6.8,41,4.9,2050812,8.0,-172,-9.2,-37,-35.2,47,2.0
"06085","3","92412","77","0","2024","4","",2,155,150,156,3523376,0,0,1764,"",0.11,0.50,0.49,0.52,0.34,0.00,0.00,0.67,"",0,0.0,28,22.0,24,19.0,18,13.0,1594433,82.7,-14725,-100.0,-324,-100.0,626,55.0
"06085","3","924120","78","0","2024","4","",2,155,150,156,3523376,0,0,1764,"",0.11,0.50,0.49,0.52,0.34,0.00,0.00,0.67,"",0,0.0,28,22.0,24,19.0,18,13.0,1594433,82.7,-14725,-100.0,-324,-100.0,626,55.0
"06085","3","925","75","0","2024","4","",4,279,285,290,11269383,89987,2790,3045,"",0.15,0.46,0.46,0.47,0.36,0.28,0.73,0.78,"",0,0.0,26,10.3,29,11.3,34,13.3,2183273,24.0,73633,450.2,2169,349.3,304,11.1
"06085","3","9251","76","0","2024","4","",4,279,285,290,11269383,89987,2790,3045,"",0.15,0.46,0.46,0.47,0.36,0.28,0.73,0.78,"",0,0.0,26,10.3,29,11.3,34,13.3,2183273,24.0,73633,450.2,2169,349.3,304,11.1
"06085","3","92511","77","0","2024","4","",1,142,144,148,5490946,89987,2790,2920,"",0.06,0.38,0.39,0.40,0.28,0.35,0.98,0.72,"",0,0.0,13,10.1,14,10.8,20,15.6,1209425,28.2,73633,450.2,2169,349.3,367,14.4
"06085","3","925110","78","0","2024","4","",1,142,144,148,5490946,89987,2790,2920,"",0.06,0.38,0.39,0.40,0.28,0.35,0.98,0.72,"",0,0.0,13,10.1,14,10.8,20,15.6,1209425,28.2,73633,450.2,2169,349.3,367,14.4
"06085","3","92512","77","0","2024","4","",3,137,141,142,5778437,0,0,3175,"",0.32,0.57,0.58,0.59,0.51,0.00,0.00,0.88,"",0,0.0,13,10.5,15,11.9,14,10.9,973848,20.3,0,0.0,0,0.0,242,8.3
"06085","3","925120","78","0","2024","4","",3,137,141,142,5778437,0,0,3175,"",0.32,0.57,0.58,0.59,0.51,0.00,0.00,0.88,"",0,0.0,13,10.5,15,11.9,14,10.9,973848,20.3,0,0.0,0,0.0,242,8.3
"06085","3","926","75","0","2024","4","",6,346,344,344,17864857,5513,88,3987,"",0.30,0.67,0.67,0.67,0.56,0.08,0.08,0.83,"",0,0.0,17,5.2,20,6.2,25,7.8,7314500,69.3,3551,181.0,49,125.6,1482,59.2
"06085","3","9261","76","0","2024","4","",6,346,344,344,17864857,5513,88,3987,"",0.30,0.67,0.67,0.67,0.56,0.08,0.08,0.83,"",0,0.0,17,5.2,20,6.2,25,7.8,7314500,69.3,3551,181.0,49,125.6,1482,59.2
"06085","3","92611","77","0","2024","4","",1,65,64,65,2325099,0,0,2766,"",0.22,0.66,0.65,0.67,0.36,0.00,0.00,0.55,"",0,0.0,-4,-5.8,-2,-3.0,0,0.0,959,0.0,0,0.0,0,0.0,84,3.1
"06085","3","926110","78","0","2024","4","",1,65,64,65,2325099,0,0,2766,"",0.22,0.66,0.65,0.67,0.36,0.00,0.00,0.55,"",0,0.0,-4,-5.8,-2,-3.0,0,0.0,959,0.0,0,0.0,0,0.0,84,3.1
"06085","3","92612","77","0","2024","4","",1,10,10,10,835594,0,0,6428,"",0.34,0.05,0.05,0.05,0.06,0.00,0.00,1.20,"",0,0.0,4,66.7,4,66.7,4,66.7,596224,249.1,0,0.0,0,0.0,3359,109.4
"06085","3","926120","78","0","2024","4","",1,10,10,10,835594,0,0,6428,"",0.34,0.05,0.05,0.05,0.06,0.00,0.00,1.20,"",0,0.0,4,66.7,4,66.7,4,66.7,596224,249.1,0,0.0,0,0.0,3359,109.4
"06085","3","92613","77","0","2024","4","",3,256,255,254,14291438,0,0,4311,"",0.94,2.75,2.81,2.79,2.54,0.00,0.00,0.91,"",0,0.0,16,6.7,17,7.1,20,8.5,6673172,87.6,0,0.0,0,0.0,1842,74.6
"06085","3","926130","78","0","2024","4","",3,256,255,254,14291438,0,0,4311,"",0.94,2.75,2.81,2.79,2.54,0.00,0.00,0.91,"",0,0.0,16,6.7,17,7.1,20,8.5,6673172,87.6,0,0.0,0,0.0,1842,74.6
"06085","3","92614","77","0","2024","4","",1,15,15,15,412726,5513,88,2117,"",0.28,0.81,0.81,0.81,0.64,0.92,0.89,0.78,"",0,0.0,1,7.1,1,7.1,1,7.1,44145,12.0,3551,181.0,49,125.6,92,4.5
"06085","3","926140","78","0","2024","4","",1,15,15,15,412726,5513,88,2117,"",0.28,0.81,0.81,0.81,0.64,0.92,0.89,0.78,"",0,0.0,1,7.1,1,7.1,1,7.1,44145,12.0,3551,181.0,49,125.6,92,4.5
"06085","5","10","71","0","2024","4","",84772,1023107,1025081,1025015,58847389826,622136004,19768544,4419,"",1.01,1.07,1.07,1.07,1.11,1.03,1.01,1.04,"",5005,6.3,-5065,-0.5,-2399,-0.2,-3278,-0.3,7456779961,14.5,-1960752,-0.3,805668,4.2,573,14.9
"06085","5","101","72","0","2024","4","",7132,177471,177410,175907,12378506561,82757397,2988565,5382,"",0.68,1.08,1.09,1.09,1.24,0.80,0.71,1.14,"",-5,-0.1,-55043,-23.7,-53197,-23.1,-53841,-23.4,-6215938360,-33.4,-5293036,-6.0,2262,0.1,-811,-13.1
"06085","5","1011","73","0","2024","4","",216,3717,3639,3181,51038197,2588304,87071,1118,"",0.21,0.27,0.28,0.26,0.07,0.22,0.17,0.27,"",-2,-0.9,305,8.9,303,9.1,18,0.6,-4727297,-8.5,129889,5.3,765,0.9,-180,-13.9
"06085","5","1012","73","0","2024","4","",4287,51477,50627,49762,1765923499,37601286,1575968,2683,"",0.64,0.86,0.86,0.85,0.48,0.81,0.65,0.55,"",49,1.2,-1720,-3.2,-1771,-3.4,-2268,-4.4,161208586,10.0,-5790621,-13.3,-120004,-7.1,334,14.2
"06085","5","1013","73","0","2024","4","",2629,122277,123144,122964,10561544865,42567807,1325526,6616,"",0.93,1.35,1.35,1.35,1.88,0.95,1.01,1.39,"",-52,-1.9,-53628,-30.5,-51729,-29.6,-51591,-29.6,-6372419649,-37.6,367696,0.9,121501,10.1,-823,-11.1
"06085","5","102","72","0","2024","4","",77640,845636,847671,849108,46468883265,539378607,16779979,4218,"",1.06,1.07,1.06,1.06,1.08,1.08,1.09,1.01,"",5010,6.9,49978,6.3,50798,6.4,50563,6.3,13672718321,41.7,3332284,0.6,803406,5.0,1053,33.3
"06085","5","1021","73","0","2024","4","",7107,112916,115566,116893,2659028788,86998550,2321348,1777,"",0.49,0.55,0.55,0.55,0.28,0.62,0.61,0.52,"",-178,-2.4,-4447,-3.8,-3726,-3.1,-3726,-3.1,-363530976,-12.0,1749755,2.1,194674,9.2,-175,-9.0
"06085","5","1022","73","0","2024","4","",1813,93493,93762,95808,12607701093,46297083,1673339,10279,"",0.86,4.54,4.51,4.62,4.87,4.53,3.92,1.07,"",-6,-0.3,-66,-0.1,-263,-0.3,1356,1.4,2823316106,28.9,5272883,12.9,256991,18.1,2273,28.4
"06085","5","1023","73","0","2024","4","",5503,36446,36457,36404,1639912984,19256396,632025,3462,"",0.72,0.58,0.58,0.58,0.30,0.63,0.69,0.52,"",-122,-2.2,-418,-1.1,-160,-0.4,-291,-0.8,12590689,0.8,1465518,8.2,63489,11.2,53,1.6
"06085","5","1024","73","0","2024","4","",13045,274779,274833,273273,23026098554,184580956,6562607,6457,"",0.72,1.68,1.69,1.69,1.84,1.60,1.60,1.09,"",46,0.4,41206,17.6,40994,17.5,40286,17.3,10724971471,87.2,7008140,3.9,356225,5.7,2404,59.3
"06085","5","1025","73","0","2024","4","",38714,198814,199369,198891,4945124483,92421411,2614178,1911,"",2.42,1.07,1.07,1.07,0.57,1.06,1.03,0.53,"",4939,14.6,12200,6.5,12336,6.6,11045,5.9,397097658,8.7,-375670,-0.4,108195,4.3,42,2.2
"06085","5","1026","73","0","2024","4","",5840,102590,101134,101633,1183756425,91977811,2458518,895,"",0.84,0.86,0.85,0.86,0.40,1.00,0.88,0.47,"",118,2.1,707,0.7,991,1.0,1565,1.6,48174470,4.2,-10722602,-10.4,-148146,-5.7,28,3.2
"06085","5","1027","73","0","2024","4","",5443,26556,26508,26146,405254447,17475221,505418,1181,"",0.87,0.79,0.79,0.78,0.31,0.83,0.78,0.40,"",274,5.3,1137,4.5,1016,4.0,796,3.1,39785114,10.9,573610,3.4,27781,5.8,75,6.8
"06085","5","1029","73","0","2024","4","",175,42,42,60,2006491,371179,12546,3216,"",0.09,0.03,0.03,0.04,0.02,0.16,0.09,0.65,"",-61,-25.8,-341,-89.0,-390,-90.3,-468,-88.6,-9686211,-82.8,-1639350,-81.5,-55803,-81.6,1207,60.1
"06085","5","11","74","0","2024","4","",200,3544,3462,3015,46508785,2264500,75720,1071,"",0.25,0.36,0.39,0.37,0.15,0.24,0.18,0.39,"",0,0.0,286,8.8,282,8.9,3,0.1,-4554126,-8.9,-61302,-2.6,-5624,-6.9,-176,-14.1
"06085","5","111","75","0","2024","4","",132,2095,1985,1624,24380564,1516313,50736,986,"",0.36,0.48,0.52,0.47,0.18,0.36,0.30,0.37,"",-1,-0.8,127,6.5,79,4.1,-18,-1.1,-7155,0.0,-32143,-2.1,-3134,-5.8,-34,-3.3
"06085","5","1111","76","0","2024","4","N",3,0,0,0,0,0,0,0,"N",0.03,0,0,0,0,0,0,0,"N",-1,-25.0,0,0,0,0,0,0,0,0,0,0,0,0,0,0
"06085","5","11113","77","0","2024","4","N",1,0,0,0,0,0,0,0,"N",1.51,0,0,0,0,0,0,0,"N",1,100.0,0,0,0,0,0,0,0,0,0,0,0,0,0,0
"06085","5","111130","78","0","2024","4","N",1,0,0,0,0,0,0,0,"N",1.51,0,0,0,0,0,0,0,"N",1,100.0,0,0,0,0,0,0,0,0,0,0,0,0,0,0
"06085","5","11114","77","0","2024","4","N",1,0,0,0,0,0,0,0,"N",0.07,0,0,0,0,0,0,0,"N",0,0.0,0,0,0,0,0,0,0,0,0,0,0,0,0,0
"06085","5","111140","78","0","2024","4","N",1,0,0,0,0,0,0,0,"N",0.07,0,0,0,0,0,0,0,"N",0,0.0,0,0,0,0,0,0,0,0,0,0,0,0,0,0
"06085","5","11119","77","0","2024","4","N",1,0,0,0,0,0,0,0,"N",0.02,0,0,0,0,0,0,0,"N",0,0.0,0,0,0,0,0,0,0,0,0,0,0,0,0,0
"06085","5","111199","78","0","2024","4","N",1,0,0,0,0,0,0,0,"N",0.09,0,0,0,0,0,0,0,"N",0,0.0,0,0,0,0,0,0,0,0,0,0,0,0,0,0
"06085","5","1112","76","0","2024","4","",35,789,728,363,6689444,828009,29307,821,"",0.91,1.05,1.25,0.71,0.30,1.18,0.88,0.30,"",2,6.1,115,17.1,105,16.9,5,1.4,-223031,-3.2,189257,29.6,2164,8.0,-143,-14.8
"06085","5","11121","77","0","2024","4","",35,789,728,363,6689444,828009,29307,821,"",0.91,1.05,1.25,0.71,0.30,1.18,0.88,0.30,"",2,6.1,115,17.1,105,16.9,5,1.4,-223031,-3.2,189257,29.6,2164,8.0,-143,-14.8
"06085","5","111211","78","0","2024","4","N",1,0,0,0,0,0,0,0,"N",0.13,0,0,0,0,0,0,0,"N",0,0.0,0,0,0,0,0,0,0,0,0,0,0,0,0,0
"06085","5","111219","78","0","2024","4","N",34,0,0,0,0,0,0,0,"N",1.09,0,0,0,0,0,0,0,"N",2,6.2,0,0,0,0,0,0,0,0,0,0,0,0,0,0
"06085","5","1113","76","0","2024","4","",42,202,193,173,3082775,136963,5126,1252,"",0.59,0.15,0.18,0.18,0.09,0.10,0.09,0.56,"",0,0.0,-16,-7.3,-21,-9.8,-20,-10.4,70713,2.3,-41650,-23.3,-2541,-33.1,140,12.6
"06085","5","11131","77","0","2024","4","N",3,0,0,0,0,0,0,0,"N",1.27,0,0,0,0,0,0,0,"N",0,0.0,0,0,0,0,0,0,0,0,0,0,0,0,0,0
"06085","5","111310","78","0","2024","4","N",3,0,0,0,0,0,0,0,"N",1.27,0,0,0,0,0,0,0,"N",0,0.0,0,0,0,0,0,0,0,0,0,0,0,0,0,0
"06085","5","11133","77","0","2024","4","N",39,0,0,0,0,0,0,0,"N",0.59,0,0,0,0,0,0,0,"N",0,0.0,0,0,0,0,0,0,0,0,0,0,0,0,0,0
"06085","5","111331","78","0","2024","4","N",1,0,0,0,0,0,0,0,"N",0.10,0,0,0,0,0,0,0,"N",0,0.0,0,0,0,0,0,0,0,0,0,0,0,0,0,0
"06085","5","111332","78","0","2024","4","",12,60,57,57,1103429,29081,793,1463,"",0.95,0.33,0.40,0.40,0.21,0.23,0.11,0.57,"",0,0.0,-5,-7.7,-6,-9.5,-7,-10.9,-60743,-5.2,-3256,-10.1,-48,-5.7,64,4.6
"06085","5","111335","78","0","2024","4","",11,28,22,15,212674,31311,1941,755,"",0.73,0.18,0.15,0.11,0.04,0.30,0.24,0.26,"",0,0.0,-20,-41.7,-26,-54.2,-13,-46.4,-202434,-48.8,-40195,-56.2,-2474,-56.0,-18,-2.3
"06085","5","111336","78","0","2024","4","N",2,0,0,0,0,0,0,0,"N",0.63,0,0,0,0,0,0,0,"N",-1,-33.3,0,0,0,0,0,0,0,0,0,0,0,0,0,0
"06085","5","111339","78","0","2024","4","",13,89,83,81,1335525,43234,1490,1218,"",0.89,0.51,0.57,0.61,0.32,0.18,0.16,0.58,"",1,8.3,12,15.6,6,7.8,4,5.2,235267,21.4,-4168,-8.8,-220,-12.9,119,10.8
"06085","5","1114","76","0","2024","4","",43,1070,1033,1064,14326571,509026,14666,1044,"",0.60,0.85,0.85,0.91,0.34,0.46,0.34,0.40,"",-2,-4.4,29,2.8,-2,-0.2,8,0.8,290282,2.1,-195638,-27.8,-3457,-19.1,10,1.0
"06085","5","11141","77","0","2024","4","",15,681,670,685,7912290,267220,4143,897,"",0.75,1.96,1.94,2.04,0.67,0.71,0.26,0.34,"",-1,-6.2,41,6.4,26,4.0,38,5.9,-126344,-1.6,-173320,-39.3,-3069,-42.6,-64,-6.7
"06085","5","111411","78","0","2024","4","",5,639,630,646,7578675,264320,4099,913,"",2.18,9.40,9.21,10.00,3.22,6.08,2.19,0.34,"",-1,-16.7,45,7.6,22,3.6,36,5.9,-76220,-1.0,-137689,-34.3,-2427,-37.2,-62,-6.4
"06085","5","111419","78","0","2024","4","",10,42,40,39,333615,2900,44,636,"",0.56,0.15,0.14,0.14,0.04,0.01,0.00,0.24,"",0,0.0,-4,-8.7,4,11.1,2,5.4,-50124,-13.1,-35631,-92.5,-642,-93.6,-108,-14.5
"06085","5","11142","77","0","2024","4","",28,389,363,379,6414281,241806,10523,1309,"",0.54,0.43,0.42,0.45,0.22,0.33,0.40,0.50,"",-1,-3.4,-12,-3.0,-28,-7.2,-30,-7.3,416626,6.9,-22318,-8.4,-388,-3.6,157,13.6
"06085","5","111421","78","0","2024","4","",12,124,124,146,2032751,170161,6350,1191,"",0.33,0.20,0.21,0.25,0.10,0.31,0.31,0.44,"",-1,-7.7,0,0.0,-2,-1.6,1,0.7,72591,3.7,-12587,-6.9,-240,-3.6,46,4.0
"06085","5","111422","78","0","2024","4","",16,265,239,233,4381530,71645,4173,1372,"",1.05,0.95,0.89,0.89,0.50,0.39,0.69,0.54,"",0,0.0,-12,-4.3,-26,-9.8,-31,-11.7,344035,8.5,-9731,-12.0,-148,-3.4,216,18.7
"06085","5","1119","76","0","2024","4","N",9,0,0,0,0,0,0,0,"N",0.11,0,0,0,0,0,0,0,"N",0,0.0,0,0,0,0,0,0,0,0,0,0,0,0,0,0
"06085","5","11199","77","0","2024","4","N",9,0,0,0,0,0,0,0,"N",0.19,0,0,0,0,0,0,0,"N",0,0.0,0,0,0,0,0,0,0,0,0,0,0,0,0,0
"06085","5","111998","78","0","2024","4","N",9,0,0,0,0,0,0,0,"N",0.21,0,0,0,0,0,0,0,"N",0,0.0,0,0,0,0,0,0,0,0,0,0,0,0,0,0
"06085","5","112","75","0","2024","4","N",18,0,0,0,0,0,0,0,"N",0.09,0,0,0,0,0,0,0,"N",-2,-10.0,0,0,0,0,0,0,0,0,0,0,0,0,0,0
"06085","5","1121","76","0","2024","4","",7,23,23,23,364918,8649,358,1220,"",0.05,0.02,0.02,0.02,0.01,0.01,0.02,0.43,"",-2,-22.2,-4,-14.8,-4,-14.8,-3,-11.5,-35730,-8.9,-3462,-28.6,-42,-10.5,64,5.5
"06085","5","11211","77","0","2024","4","N",6,0,0,0,0,0,0,0,"N",0.07,0,0,0,0,0,0,0,"N",-1,-14.3,0,0,0,0,0,0,0,0,0,0,0,0,0,0
"06085","5","112111","78","0","2024","4","N",6,0,0,0,0,0,0,0,"N",0.08,0,0,0,0,0,0,0,"N",-1,-14.3,0,0,0,0,0,0,0,0,0,0,0,0,0,0
"06085","5","11212","77","0","2024","4","N",1,0,0,0,0,0,0,0,"N",0.02,0,0,0,0,0,0,0,"N",-1,-50.0,0,0,0,0,0,0,0,0,0,0,0,0,0,0
"06085","5","112120","78","0","2024","4","N",1,0,0,0,0,0,0,0,"N",0.02,0,0,0,0,0,0,0,"N",-1,-50.0,0,0,0,0,0,0,0,0,0,0,0,0,0,0
"06085","5","1123","76","0","2024","4","N",1,0,0,0,0,0,0,0,"N",0.05,0,0,0,0,0,0,0,"N",-1,-50.0,0,0,0,0,0,0,0,0,0,0,0,0,0,0
"06085","5","11231","77","0","2024","4","N",1,0,0,0,0,0,0,0,"N",0.17,0,0,0,0,0,0,0,"N",-1,-50.0,0,0,0,0,0,0,0,0,0,0,0,0,0,0
"06085","5","112310","78","0","2024","4","N",1,0,0,0,0,0,0,0,"N",0.17,0,0,0,0,0,0,0,"N",-1,-50.0,0,0,0,0,0,0,0,0,0,0,0,0,0,0
"06085","5","1124","76","0","2024","4","N",1,0,0,0,0,0,0,0,"N",0.35,0,0,0,0,0,0,0,"N",0,0.0,0,0,0,0,0,0,0,0,0,0,0,0,0,0
"06085","5","11242","77","0","2024","4","N",1,0,0,0,0,0,0,0,"N",1.00,0,0,0,0,0,0,0,"N",0,0.0,0,0,0,0,0,0,0,0,0,0,0,0,0,0
"06085","5","112420","78","0","2024","4","N",1,0,0,0,0,0,0,0,"N",1.00,0,0,0,0,0,0,0,"N",0,0.0,0,0,0,0,0,0,0,0,0,0,0,0,0,0
"06085","5","1129","76","0","2024","4","",9,31,35,21,414255,13635,365,1099,"",0.29,0.20,0.23,0.14,0.07,0.13,0.14,0.36,"",1,12.5,2,6.9,3,9.4,-10,-32.3,185024,80.7,-15240,-52.8,-407,-52.7,524,91.1
"06085","5","11291","77","0","2024","4","N",2,0,0,0,0,0,0,0,"N",0.31,0,0,0,0,0,0,0,"N",0,0.0,0,0,0,0,0,0,0,0,0,0,0,0,0,0
"06085","5","112910","78","0","2024","4","N",2,0,0,0,0,0,0,0,"N",0.31,0,0,0,0,0,0,0,"N",0,0.0,0,0,0,0,0,0,0,0,0,0,0,0,0,0
"06085","5","11292","77","0","2024","4","",3,4,4,4,37674,7000,238,725,"",0.25,0.09,0.09,0.09,0.02,0.28,0.34,0.25,"N",1,50.0,0,0,0,0,0,0,0,0,0,0,0,0,0,0
"06085","5","112920","78","0","2024","4","",3,4,4,4,37674,7000,238,725,"",0.25,0.09,0.09,0.09,0.02,0.28,0.34,0.25,"N",1,50.0,0,0,0,0,0,0,0,0,0,0,0,0,0,0
"06085","5","11299","77","0","2024","4","N",4,0,0,0,0,0,0,0,"N",0.32,0,0,0,0,0,0,0,"N",0,0.0,0,0,0,0,0,0,0,0,0,0,0,0,0,0
"06085","5","112990","78","0","2024","4","N",4,0,0,0,0,0,0,0,"N",0.32,0,0,0,0,0,0,0,"N",0,0.0,0,0,0,0,0,0,0,0,0,0,0,0,0,0
"06085","5","114","75","0","2024","4","N",3,0,0,0,0,0,0,0,"N",0.15,0,0,0,0,0,0,0,"N",0,0.0,0,0,0,0,0,0,0,0,0,0,0,0,0,0
"06085","5","1141","76","0","2024","4","N",2,0,0,0,0,0,0,0,"N",0.13,0,0,0,0,0,0,0,"N",0,0.0,0,0,0,0,0,0,0,0,0,0,0,0,0,0
"06085","5","11411","77","0","2024","4","N",2,0,0,0,0,0,0,0,"N",0.13,0,0,0,0,0,0,0,"N",0,0.0,0,0,0,0,0,0,0,0,0,0,0,0,0,0
"06085","5","114111","78","0","2024","4","N",1,0,0,0,0,0,0,0,"N",0.14,0,0,0,0,0,0,0,"N",0,0.0,0,0,0,0,0,0,0,0,0,0,0,0,0,0
"06085","5","114112","78","0","2024","4","N",1,0,0,0,0,0,0,0,"N",0.14,0,0,0,0,0,0,0,"N",0,0.0,0,0,0,0,0,0,0,0,0,0,0,0,0,0
"06085","5","1142","76","0","2024","4","N",1,0,0,0,0,0,0,0,"N",0.22,0,0,0,0,0,0,0,"N",0,0.0,0,0,0,0,0,0,0,0,0,0,0,0,0,0
"06085","5","11421","77","0","2024","4","N",1,0,0,0,0,0,0,0,"N",0.22,0,0,0,0,0,0,0,"N",0,0.0,0,0,0,0,0,0,0,0,0,0,0,0,0,0
"06085","5","114210","78","0","2024","4","N",1,0,0,0,0,0,0,0,"N",0.22,0,0,0,0,0,0,0,"N",0,0.0,0,0,0,0,0,0,0,0,0,0,0,0,0,0
"06085","5","115","75","0","2024","4","",47,1375,1400,1329,21032034,716496,23913,1183,"",0.30,0.45,0.52,0.55,0.23,0.23,0.12,0.45,"",3,6.8,171,14.2,218,18.4,48,3.7,-4510943,-17.7,26142,3.8,-1173,-4.7,-424,-26.4
"06085","5","1151","76","0","2024","4","",24,1225,1260,1187,19136689,527380,19710,1203,"",0.26,0.46,0.55,0.58,0.25,0.20,0.11,0.48,"",2,9.1,192,18.6,241,23.7,63,5.6,-4336821,-18.5,10220,2.0,-323,-1.6,-503,-29.5
"06085","5","11511","77","0","2024","4","",24,1225,1260,1187,19136689,527380,19710,1203,"",0.26,0.46,0.55,0.58,0.25,0.20,0.11,0.48,"",2,9.1,192,18.6,241,23.7,63,5.6,-4336821,-18.5,10220,2.0,-323,-1.6,-503,-29.5
"06085","5","115112","78","0","2024","4","",9,152,146,147,4326993,41438,1142,2244,"",0.32,0.73,0.78,0.79,0.50,0.25,0.13,0.65,"",1,12.5,1,0.7,-7,-4.6,-8,-5.2,-5646917,-56.6,-110700,-72.8,-3704,-76.4,-2771,-55.3
"06085","5","115113","78","0","2024","4","N",2,0,0,0,0,0,0,0,"N",0.25,0,0,0,0,0,0,0,"N",0,0.0,0,0,0,0,0,0,0,0,0,0,0,0,0,0
"06085","5","115114","78","0","2024","4","N",8,0,0,0,0,0,0,0,"N",0.52,0,0,0,0,0,0,0,"N",1,14.3,0,0,0,0,0,0,0,0,0,0,0,0,0,0
"06085","5","115115","78","0","2024","4","N",3,0,0,0,0,0,0,0,"N",0.13,0,0,0,0,0,0,0,"N",0,0.0,0,0,0,0,0,0,0,0,0,0,0,0,0,0
"06085","5","115116","78","0","2024","4","N",2,0,0,0,0,0,0,0,"N",0.15,0,0,0,0,0,0,0,"N",0,0.0,0,0,0,0,0,0,0,0,0,0,0,0,0,0
"06085","5","1152","76","0","2024","4","",18,111,109,112,1295412,73083,1525,900,"",0.40,0.49,0.48,0.50,0.16,0.47,0.47,0.32,"",1,5.9,-7,-5.9,-6,-5.2,-2,-1.8,68043,5.5,-34082,-31.8,-1043,-40.6,84,10.3
"06085","5","11521","77","0","2024","4","",18,111,109,112,1295412,73083,1525,900,"",0.40,0.49,0.48,0.50,0.16,0.47,0.47,0.32,"",1,5.9,-7,-5.9,-6,-5.2,-2,-1.8,68043,5.5,-34082,-31.8,-1043,-40.6,84,10.3
"06085","5","115210","78","0","2024","4","",18,111,109,112,1295412,73083,1525,900,"",0.40,0.49,0.48,0.50,0.16,0.47,0.47,0.32,"",1,5.9,-7,-5.9,-6,-5.2,-2,-1.8,68043,5.5,-34082,-31.8,-1043,-40.6,84,10.3
"06085","5","1153","76","0","2024","4","",5,39,31,30,599933,116033,2678,1384,"",0.22,0.21,0.21,0.22,0.07,0.30,0.15,0.32,"",0,0.0,-14,-26.4,-17,-35.4,-13,-30.2,-242165,-28.8,50004,75.7,193,7.8,34,2.5
"06085","5","11531","77","0","2024","4","",5,39,31,30,599933,116033,2678,1384,"",0.22,0.21,0.21,0.22,0.07,0.30,0.15,0.32,"",0,0.0,-14,-26.4,-17,-35.4,-13,-30.2,-242165,-28.8,50004,75.7,193,7.8,34,2.5
"06085","5","115310","78","0","2024","4","",5,39,31,30,599933,116033,2678,1384,"",0.22,0.21,0.21,0.22,0.07,0.30,0.15,0.32,"",0,0.0,-14,-26.4,-17,-35.4,-13,-30.2,-242165,-28.8,50004,75.7,193,7.8,34,2.5
"06085","5","21","74","0","2024","4","",16,173,177,166,4529412,323804,11351,2026,"",0.07,0.04,0.04,0.04,0.01,0.14,0.14,0.29,"",-2,-11.1,19,12.3,21,13.5,15,9.9,-173171,-3.7,191191,144.2,6389,128.8,-328,-13.9
"06085","5","212","75","0","2024","4","N",7,0,0,0,0,0,0,0,"N",0.14,0,0,0,0,0,0,0,"N",-2,-22.2,0,0,0,0,0,0,0,0,0,0,0,0,0,0
"06085","5","2123","76","0","2024","4","N",7,0,0,0,0,0,0,0,"N",0.16,0,0,0,0,0,0,0,"N",-2,-22.2,0,0,0,0,0,0,0,0,0,0,0,0,0,0
"06085","5","21231","77","0","2024","4","N",5,0,0,0,0,0,0,0,"N",0.28,0,0,0,0,0,0,0,"N",-2,-28.6,0,0,0,0,0,0,0,0,0,0,0,0,0,0
"06085","5","212311","78","0","2024","4","N",1,0,0,0,0,0,0,0,"N",0.24,0,0,0,0,0,0,0,"N",0,0.0,0,0,0,0,0,0,0,0,0,0,0,0,0,0
"06085","5","212319","78","0","2024","4","N",4,0,0,0,0,0,0,0,"N",1.11,0,0,0,0,0,0,0,"N",-2,-33.3,0,0,0,0,0,0,0,0,0,0,0,0,0,0
"06085","5","21232","77","0","2024","4","N",2,0,0,0,0,0,0,0,"N",0.09,0,0,0,0,0,0,0,"N",0,0.0,0,0,0,0,0,0,0,0,0,0,0,0,0,0
"06085","5","212321","78","0","2024","4","N",1,0,0,0,0,0,0,0,"N",0.05,0,0,0,0,0,0,0,"N",0,0.0,0,0,0,0,0,0,0,0,0,0,0,0,0,0
"06085","5","212322","78","0","2024","4","N",1,0,0,0,0,0,0,0,"N",0.56,0,0,0,0,0,0,0,"N",0,0.0,0,0,0,0,0,0,0,0,0,0,0,0,0,0
"06085","5","213","75","0","2024","4","N",9,0,0,0,0,0,0,0,"N",0.07,0,0,0,0,0,0,0,"N",0,0.0,0,0,0,0,0,0,0,0,0,0,0,0,0,0
"06085","5","2131","76","0","2024","4","N",9,0,0,0,0,0,0,0,"N",0.07,0,0,0,0,0,0,0,"N",0,0.0,0,0,0,0,0,0,0,0,0,0,0,0,0,0
"06085","5","21311","77","0","2024","4","N",9,0,0,0,0,0,0,0,"N",0.07,0,0,0,0,0,0,0,"N",0,0.0,0,0,0,0,0,0,0,0,0,0,0,0,0,0
"06085","5","213111","78","0","2024","4","N",2,0,0,0,0,0,0,0,"N",0.14,0,0,0,0,0,0,0,"N",-1,-33.3,0,0,0,0,0,0,0,0,0,0,0,0,0,0
"06085","5","213112","78","0","2024","4","",5,21,19,17,864888,108913,2713,3502,"",0.05,0.01,0.01,0.01,0.01,0.10,0.08,0.57,"",0,0.0,2,10.5,1,5.6,-1,-5.6,-16925,-1.9,82603,314.0,1713,171.3,-198,-5.4
"06085","5","213113","78","0","2024","4","N",1,0,0,0,0,0,0,0,"N",0.36,0,0,0,0,0,0,0,"N",1,100.0,0,0,0,0,0,0,0,0,0,0,0,0,0,0
"06085","5","213114","78","0","2024","4","N",1,0,0,0,0,0,0,0,"N",0.33,0,0,0,0,0,0,0,"N",0,0.0,0,0,0,0,0,0,0,0,0,0,0,0,0,0
"06085","5","22","74","0","2024","4","",54,1765,1787,1794,79613791,498470,12029,3437,"",0.31,0.42,0.42,0.42,0.20,0.45,0.42,0.49,"",5,10.2,60,3.5,73,4.3,54,3.1,10350456,14.9,-87396,-14.9,-1010,-7.7,339,10.9
"06085","5","221","75","0","2024","4","",54,1765,1787,1794,79613791,498470,12029,3437,"",0.31,0.42,0.42,0.42,0.20,0.45,0.42,0.49,"",5,10.2,60,3.5,73,4.3,54,3.1,10350456,14.9,-87396,-14.9,-1010,-7.7,339,10.9
"06085","5","2211","76","0","2024","4","N",36,0,0,0,0,0,0,0,"N",0.35,0,0,0,0,0,0,0,"N",4,12.5,0,0,0,0,0,0,0,0,0,0,0,0,0,0
"06085","5","22111","77","0","2024","4","",30,142,141,140,5097742,89385,2116,2781,"",0.59,0.13,0.13,0.13,0.05,0.29,0.19,0.36,"",2,7.1,9,6.8,9,6.8,16,12.9,177670,3.6,23641,36.0,268,14.5,-138,-4.7
"06085","5","221111","78","0","2024","4","N",1,0,0,0,0,0,0,0,"N",0.21,0,0,0,0,0,0,0,"N",0,0.0,0,0,0,0,0,0,0,0,0,0,0,0,0,0
"06085","5","221112","78","0","2024","4","N",5,0,0,0,0,0,0,0,"N",0.37,0,0,0,0,0,0,0,"N",-1,-16.7,0,0,0,0,0,0,0,0,0,0,0,0,0,0
"06085","5","221114","78","0","2024","4","",15,36,35,34,1206847,12973,480,2652,"",0.83,0.30,0.30,0.29,0.12,0.16,0.15,0.39,"",3,25.0,-1,-2.7,0,0.0,5,17.2,358767,42.3,-2801,-17.8,-279,-36.8,714,36.8
"06085","5","221116","78","0","2024","4","N",1,0,0,0,0,0,0,0,"N",2.25,0,0,0,0,0,0,0,"N",0,0.0,0,0,0,0,0,0,0,0,0,0,0,0,0,0
"06085","5","221117","78","0","2024","4","N",1,0,0,0,0,0,0,0,"N",0.63,0,0,0,0,0,0,0,"N",0,0.0,0,0,0,0,0,0,0,0,0,0,0,0,0,0
"06085","5","221118","78","0","2024","4","",7,21,22,25,857383,37702,973,2910,"",1.18,0.60,0.62,0.69,0.23,2.59,1.80,0.36,"",0,0.0,10,90.9,10,83.3,12,92.3,-534783,-38.4,20851,123.7,382,64.6,-6014,-67.4
"06085","5","22112","77","0","2024","4","N",6,0,0,0,0,0,0,0,"N",0.12,0,0,0,0,0,0,0,"N",2,50.0,0,0,0,0,0,0,0,0,0,0,0,0,0,0
"06085","5","221122","78","0","2024","4","N",6,0,0,0,0,0,0,0,"N",0.13,0,0,0,0,0,0,0,"N",2,50.0,0,0,0,0,0,0,0,0,0,0,0,0,0,0
"06085","5","2212","76","0","2024","4","N",2,0,0,0,0,0,0,0,"N",0.09,0,0,0,0,0,0,0,"N",0,0.0,0,0,0,0,0,0,0,0,0,0,0,0,0,0
"06085","5","22121","77","0","2024","4","N",2,0,0,0,0,0,0,0,"N",0.09,0,0,0,0,0,0,0,"N",0,0.0,0,0,0,0,0,0,0,0,0,0,0,0,0,0
"06085","5","221210","78","0","2024","4","N",2,0,0,0,0,0,0,0,"N",0.09,0,0,0,0,0,0,0,"N",0,0.0,0,0,0,0,0,0,0,0,0,0,0,0,0,0
"06085","5","2213","76","0","2024","4","",16,290,298,298,9928055,162220,3562,2586,"",0.33,0.66,0.67,0.68,0.39,0.83,0.70,0.58,"",1,6.7,-37,-11.3,-29,-8.9,-33,-10.0,1236309,14.2,43586,36.7,1410,65.5,550,27.0
"06085","5","22131","77","0","2024","4","N",13,0,0,0,0,0,0,0,"N",0.31,0,0,0,0,0,0,0,"N",1,8.3,0,0,0,0,0,0,0,0,0,0,0,0,0,0
"06085","5","221310","78","0","2024","4","N",13,0,0,0,0,0,0,0,"N",0.31,0,0,0,0,0,0,0,"N",1,8.3,0,0,0,0,0,0,0,0,0,0,0,0,0,0
"06085","5","22132","77","0","2024","4","N",3,0,0,0,0,0,0,0,"N",0.54,0,0,0,0,0,0,0,"N",0,0.0,0,0,0,0,0,0,0,0,0,0,0,0,0,0
"06085","5","221320","78","0","2024","4","N",3,0,0,0,0,0,0,0,"N",0.54,0,0,0,0,0,0,0,"N",0,0.0,0,0,0,0,0,0,0,0,0,0,0,0,0,0
"06085","5","23","74","0","2024","4","",4287,51477,50627,49762,1765923499,37601286,1575968,2683,"",0.64,0.86,0.86,0.85,0.48,0.81,0.65,0.55,"",49,1.2,-1720,-3.2,-1771,-3.4,-2268,-4.4,161208586,10.0,-5790621,-13.3,-120004,-7.1,334,14.2
"06085","5","236","75","0","2024","4","",1671,11353,11267,11137,353907382,7990674,283143,2419,"",0.80,0.85,0.85,0.84,0.38,0.76,0.56,0.45,"",57,3.5,-64,-0.6,-91,-0.8,-194,-1.7,333086,0.1,96509,1.2,22251,8.5,27,1.1
"06085","5","2361","76","0","2024","4","",1423,6743,6693,6565,163535356,5627374,177532,1887,"",0.88,0.99,0.99,0.97,0.41,0.96,0.80,0.42,"",57,4.2,266,4.1,265,4.1,156,2.4,10802199,7.1,308710,5.8,22127,14.2,62,3.4
"06085","5","23611","77","0","2024","4","",1423,6743,6693,6565,163535356,5627374,177532,1887,"",0.88,0.99,0.99,0.97,0.41,0.96,0.80,0.42,"",57,4.2,266,4.1,265,4.1,156,2.4,10802199,7.1,308710,5.8,22127,14.2,62,3.4
"06085","5","236115","78","0","2024","4","",538,2426,2381,2334,56616589,2026351,66727,1830,"",0.84,0.89,0.87,0.86,0.33,0.79,0.75,0.38,"",-11,-2.0,9,0.4,9,0.4,-49,-2.1,-159419,-0.3,-3235,-0.2,7691,13.0,3,0.2
"06085","5","236116","78","0","2024","4","N",14,0,0,0,0,0,0,0,"N",0.38,0,0,0,0,0,0,0,"N",1,7.7,0,0,0,0,0,0,0,0,0,0,0,0,0,0
"06085","5","236117","78","0","2024","4","N",7,0,0,0,0,0,0,0,"N",0.18,0,0,0,0,0,0,0,"N",2,40.0,0,0,0,0,0,0,0,0,0,0,0,0,0,0
"06085","5","236118","78","0","2024","4","",864,4073,4081,3993,96486389,3485005,106298,1833,"",0.95,1.23,1.23,1.22,0.61,1.23,0.92,0.50,"",65,8.1,195,5.0,194,5.0,140,3.6,6823270,7.6,277631,8.7,12072,12.8,52,2.9
"06085","5","2362","76","0","2024","4","",248,4610,4574,4572,190372026,2363300,105611,3194,"",0.54,0.70,0.70,0.70,0.36,0.52,0.38,0.51,"",0,0.0,-330,-6.7,-356,-7.2,-350,-7.1,-10469113,-5.2,-212201,-8.2,124,0.1,61,1.9
"06085","5","23621","77","0","2024","4","",12,694,691,704,35484008,151482,7040,3920,"",0.24,0.57,0.58,0.60,0.39,0.15,0.09,0.67,"",0,0.0,-196,-22.0,-159,-18.7,-130,-15.6,-11270094,-24.1,22555,17.5,1089,18.3,-272,-6.5
"06085","5","236210","78","0","2024","4","",12,694,691,704,35484008,151482,7040,3920,"",0.24,0.57,0.58,0.60,0.39,0.15,0.09,0.67,"",0,0.0,-196,-22.0,-159,-18.7,-130,-15.6,-11270094,-24.1,22555,17.5,1089,18.3,-272,-6.5
"06085","5","23622","77","0","2024","4","",236,3916,3883,3868,154888018,2211818,98571,3064,"",0.58,0.73,0.72,0.72,0.35,0.61,0.49,0.49,"",0,0.0,-134,-3.3,-197,-4.8,-220,-5.4,800981,0.5,-234756,-9.6,-965,-1.0,154,5.3
"06085","5","236220","78","0","2024","4","",236,3916,3883,3868,154888018,2211818,98571,3064,"",0.58,0.73,0.72,0.72,0.35,0.61,0.49,0.49,"",0,0.0,-134,-3.3,-197,-4.8,-220,-5.4,800981,0.5,-234756,-9.6,-965,-1.0,154,5.3
"06085","5","237","75","0","2024","4","",105,2885,2876,2693,100483146,1388216,78632,2743,"",0.25,0.33,0.34,0.33,0.16,0.21,0.18,0.48,"",-13,-11.0,-205,-6.6,-42,-1.4,-142,-5.0,1012925,1.0,192359,16.1,11400,17.0,147,5.7
"06085","5","2371","76","0","2024","4","",43,1669,1681,1597,56419164,771473,43956,2632,"",0.20,0.38,0.39,0.37,0.18,0.20,0.18,0.47,"",-8,-15.7,-171,-9.3,-54,-3.1,-114,-6.7,-590220,-1.0,131471,20.5,8829,25.1,143,5.7
"06085","5","23711","77","0","2024","4","",21,1160,1173,1105,42490669,536340,31005,2852,"",0.23,0.74,0.75,0.72,0.40,0.51,0.57,0.54,"",-3,-12.5,-87,-7.0,-15,-1.3,-38,-3.3,2653673,6.7,128150,31.4,7494,31.9,283,11.0
"06085","5","237110","78","0","2024","4","",21,1160,1173,1105,42490669,536340,31005,2852,"",0.23,0.74,0.75,0.72,0.40,0.51,0.57,0.54,"",-3,-12.5,-87,-7.0,-15,-1.3,-38,-3.3,2653673,6.7,128150,31.4,7494,31.9,283,11.0
"06085","5","23712","77","0","2024","4","",6,61,61,60,1614370,35979,2231,2047,"",0.19,0.06,0.06,0.06,0.02,0.03,0.03,0.36,"",0,0.0,1,1.7,1,1.7,1,1.7,123659,8.3,-3784,-9.5,-187,-7.7,125,6.5
"06085","5","237120","78","0","2024","4","",6,61,61,60,1614370,35979,2231,2047,"",0.19,0.06,0.06,0.06,0.02,0.03,0.03,0.36,"",0,0.0,1,1.7,1,1.7,1,1.7,123659,8.3,-3784,-9.5,-187,-7.7,125,6.5
"06085","5","23713","77","0","2024","4","",16,448,447,432,12314125,199154,10720,2141,"",0.17,0.25,0.25,0.25,0.09,0.11,0.10,0.37,"",-5,-23.8,-85,-15.9,-40,-8.2,-77,-15.1,-3367552,-21.5,7105,3.7,1522,16.5,-226,-9.5
"06085","5","237130","78","0","2024","4","",16,448,447,432,12314125,199154,10720,2141,"",0.17,0.25,0.25,0.25,0.09,0.11,0.10,0.37,"",-5,-23.8,-85,-15.9,-40,-8.2,-77,-15.1,-3367552,-21.5,7105,3.7,1522,16.5,-226,-9.5
"06085","5","2372","76","0","2024","4","",33,141,139,137,3771570,54062,1452,2087,"",0.80,0.53,0.53,0.52,0.16,0.30,0.27,0.31,"",-2,-5.7,5,3.7,1,0.7,0,0.0,-514685,-12.0,7068,15.0,134,10.2,-320,-13.3
"06085","5","23721","77","0","2024","4","",33,141,139,137,3771570,54062,1452,2087,"",0.80,0.53,0.53,0.52,0.16,0.30,0.27,0.31,"",-2,-5.7,5,3.7,1,0.7,0,0.0,-514685,-12.0,7068,15.0,134,10.2,-320,-13.3
"06085","5","237210","78","0","2024","4","",33,141,139,137,3771570,54062,1452,2087,"",0.80,0.53,0.53,0.52,0.16,0.30,0.27,0.31,"",-2,-5.7,5,3.7,1,0.7,0,0.0,-514685,-12.0,7068,15.0,134,10.2,-320,-13.3
"06085","5","2373","76","0","2024","4","",23,1022,994,902,38423876,405113,24686,3039,"",0.26,0.35,0.36,0.35,0.19,0.23,0.17,0.54,"",-3,-11.5,-43,-4.0,-13,-1.3,-48,-5.1,1233713,3.3,-67895,-14.4,-4414,-15.2,199,7.0
"06085","5","23731","77","0","2024","4","",23,1022,994,902,38423876,405113,24686,3039,"",0.26,0.35,0.36,0.35,0.19,0.23,0.17,0.54,"",-3,-11.5,-43,-4.0,-13,-1.3,-48,-5.1,1233713,3.3,-67895,-14.4,-4414,-15.2,199,7.0
"06085","5","237310","78","0","2024","4","",23,1022,994,902,38423876,405113,24686,3039,"",0.26,0.35,0.36,0.35,0.19,0.23,0.17,0.54,"",-3,-11.5,-43,-4.0,-13,-1.3,-48,-5.1,1233713,3.3,-67895,-14.4,-4414,-15.2,199,7.0
"06085","5","2379","76","0","2024","4","",6,53,62,57,1868536,157568,8538,2507,"",0.08,0.05,0.06,0.06,0.02,0.19,0.15,0.44,"",0,0.0,4,8.2,24,63.2,20,54.1,884117,89.8,121715,339.5,6851,406.1,675,36.8
"06085","5","23799","77","0","2024","4","",6,53,62,57,1868536,157568,8538,2507,"",0.08,0.05,0.06,0.06,0.02,0.19,0.15,0.44,"",0,0.0,4,8.2,24,63.2,20,54.1,884117,89.8,121715,339.5,6851,406.1,675,36.8
"06085","5","237990","78","0","2024","4","",6,53,62,57,1868536,157568,8538,2507,"",0.08,0.05,0.06,0.06,0.02,0.19,0.15,0.44,"",0,0.0,4,8.2,24,63.2,20,54.1,884117,89.8,121715,339.5,6851,406.1,675,36.8
"06085","5","238","75","0","2024","4","",2511,37239,36484,35932,1311532971,28222396,1214193,2760,"",0.60,0.99,0.98,0.97,0.60,0.96,0.83,0.62,"",5,0.2,-1451,-3.8,-1638,-4.3,-1932,-5.1,159862575,13.9,-6079489,-17.7,-153655,-11.2,442,19.1
"06085","5","2381","76","0","2024","4","",475,6996,6888,6672,180616716,4711163,168610,2028,"",0.57,0.97,0.96,0.95,0.47,0.76,0.55,0.49,"",9,1.9,209,3.1,240,3.6,-16,-0.2,10350182,6.1,-795977,-14.5,-4390,-2.5,75,3.8
"06085","5","23811","77","0","2024","4","",116,2329,2251,2149,62424508,893733,35019,2141,"",0.66,1.24,1.21,1.20,0.62,0.57,0.44,0.51,"",2,1.8,-101,-4.2,-145,-6.1,-202,-8.6,-5111793,-7.6,-463632,-34.2,-9917,-22.1,-31,-1.4
"06085","5","238111","78","0","2024","4","",84,967,948,905,17888310,447405,14637,1464,"",0.65,1.05,1.03,1.03,0.41,0.52,0.35,0.39,"",0,0.0,28,3.0,6,0.6,-24,-2.6,-346774,-1.9,-324898,-42.1,-3895,-21.0,-34,-2.3
"06085","5","238112","78","0","2024","4","",32,1362,1303,1244,44536198,446328,20382,2629,"",0.69,1.42,1.38,1.35,0.77,0.62,0.52,0.56,"",2,6.7,-129,-8.7,-151,-10.4,-178,-12.5,-4765019,-9.7,-138734,-23.7,-6022,-22.8,24,0.9
"06085","5","23812","77","0","2024","4","",14,155,154,148,5034398,42809,1172,2542,"",0.35,0.25,0.25,0.24,0.13,0.07,0.03,0.54,"",2,16.7,-4,-2.5,0,0.0,-10,-6.3,-245812,-4.7,-14549,-25.4,-193,-14.1,-45,-1.7
"06085","5","238121","78","0","2024","4","",6,25,22,19,521741,14646,596,1824,"",0.55,0.24,0.21,0.18,0.09,0.14,0.11,0.43,"",0,0.0,1,4.2,-1,-4.3,-7,-26.9,-78487,-13.1,-3076,-17.4,-53,-8.2,-73,-3.8
"06085","5","238122","78","0","2024","4","",8,130,132,129,4512657,28163,576,2663,"",0.27,0.25,0.25,0.25,0.14,0.06,0.02,0.55,"",2,33.3,-5,-3.7,1,0.8,-3,-2.3,-167325,-3.6,-11473,-28.9,-140,-19.6,-51,-1.9
"06085","5","23813","77","0","2024","4","",39,330,341,341,7091872,543420,17459,1617,"",0.47,0.55,0.57,0.57,0.26,0.81,0.73,0.46,"",4,11.4,-3,-0.9,12,3.6,31,10.0,603550,9.3,216950,66.5,7862,81.9,77,5.0
"06085","5","238131","78","0","2024","4","N",36,0,0,0,0,0,0,0,"N",0.50,0,0,0,0,0,0,0,"N",5,16.1,0,0,0,0,0,0,0,0,0,0,0,0,0,0
"06085","5","238132","78","0","2024","4","N",3,0,0,0,0,0,0,0,"N",0.26,0,0,0,0,0,0,0,"N",-1,-25.0,0,0,0,0,0,0,0,0,0,0,0,0,0,0
"06085","5","23814","77","0","2024","4","",57,620,615,592,10424540,551644,14506,1317,"",0.42,0.60,0.60,0.60,0.21,0.63,0.27,0.35,"",-3,-5.0,-93,-13.0,-68,-10.0,-116,-16.4,-1159910,-10.0,-535571,-49.3,-15178,-51.1,46,3.6
"06085","5","238141","78","0","2024","4","",49,393,399,375,6768815,466750,11956,1339,"",0.47,0.74,0.76,0.75,0.31,0.97,0.53,0.41,"",-3,-5.8,-2,-0.5,0,0.0,-26,-6.5,-121218,-1.8,-40323,-8.0,-1660,-12.2,8,0.6
"06085","5","238142","78","0","2024","4","",8,227,216,217,3655725,84894,2550,1278,"",0.24,0.45,0.44,0.45,0.13,0.21,0.08,0.30,"",0,0.0,-91,-28.6,-68,-23.9,-90,-29.3,-1038692,-22.1,-495248,-85.4,-13518,-84.1,86,7.2
"06085","5","23815","77","0","2024","4","",39,443,448,455,13914271,474621,19649,2386,"",0.69,0.83,0.84,0.86,0.46,1.36,1.13,0.54,"",3,8.3,29,7.0,40,9.8,51,12.6,1977164,16.6,298667,169.7,13846,238.6,139,6.2
"06085","5","238151","78","0","2024","4","",26,154,150,141,2965839,76162,1971,1538,"",0.78,0.75,0.73,0.69,0.31,0.52,0.36,0.42,"",3,13.0,34,28.3,27,22.0,18,14.6,599293,25.3,-8989,-10.6,-435,-18.1,46,3.1
"06085","5","238152","78","0","2024","4","",13,289,298,314,10948432,398459,17678,2804,"",0.57,0.88,0.92,0.96,0.53,1.95,1.49,0.58,"",0,0.0,-5,-1.7,13,4.6,33,11.7,1377871,14.4,307656,338.8,14281,420.4,236,9.2
"06085","5","23816","77","0","2024","4","",169,2768,2731,2624,72561687,1730965,58589,2061,"",0.75,1.51,1.49,1.46,0.71,1.20,0.90,0.48,"",1,0.6,449,19.4,481,21.4,302,13.0,15144833,26.4,-489929,-22.1,-13513,-18.7,138,7.2
"06085","5","238161","78","0","2024","4","",147,1427,1409,1385,25952754,1069576,29725,1419,"",0.81,1.44,1.41,1.41,0.52,1.16,0.84,0.36,"",1,0.7,164,13.0,207,17.2,93,7.2,2013687,8.4,-426124,-28.5,-10448,-26.0,-51,-3.5
"06085","5","238162","78","0","2024","4","",22,1341,1322,1239,46608933,661389,28864,2757,"",0.49,1.59,1.58,1.51,0.90,1.26,0.98,0.57,"",0,0.0,285,27.0,274,26.1,209,20.3,13131146,39.2,-63805,-8.8,-3065,-9.6,292,11.8
"06085","5","23817","77","0","2024","4","",12,152,150,152,4638403,226306,9564,2358,"",0.19,0.48,0.48,0.49,0.31,0.66,0.74,0.63,"",1,9.1,38,33.3,32,27.1,30,24.6,1278303,38.0,139135,159.6,6806,246.8,168,7.7
"06085","5","238171","78","0","2024","4","N",8,0,0,0,0,0,0,0,"N",0.14,0,0,0,0,0,0,0,"N",1,14.3,0,0,0,0,0,0,0,0,0,0,0,0,0,0
"06085","5","238172","78","0","2024","4","N",4,0,0,0,0,0,0,0,"N",0.97,0,0,0,0,0,0,0,"N",0,0.0,0,0,0,0,0,0,0,0,0,0,0,0,0,0
"06085","5","23819","77","0","2024","4","",29,199,198,211,4527037,247665,12652,1718,"",0.49,0.54,0.55,0.59,0.23,0.76,0.87,0.40,"",-1,-3.3,-106,-34.8,-112,-36.1,-102,-32.6,-2136153,-32.1,52952,27.2,5897,87.3,61,3.7
"06085","5","238191","78","0","2024","4","",21,89,88,96,1682475,96945,3891,1422,"",0.59,0.54,0.54,0.60,0.21,0.60,0.60,0.37,"",0,0.0,-96,-51.9,-96,-52.2,-92,-48.9,-1943172,-53.6,-51921,-34.9,-882,-18.5,-80,-5.3
"06085","5","238192","78","0","2024","4","",8,110,110,115,2844562,150720,8761,1960,"",0.33,0.54,0.55,0.58,0.24,0.92,1.08,0.43,"",-1,-11.1,-10,-8.3,-16,-12.7,-10,-8.0,-192981,-6.4,104873,228.7,6779,342.0,71,3.8
"06085","5","2382","76","0","2024","4","",1078,18506,18289,18260,859920880,15208896,726471,3604,"",0.65,1.00,0.99,0.99,0.75,1.15,1.12,0.75,"",18,1.7,-1025,-5.2,-913,-4.8,-893,-4.7,158086076,22.5,-774465,-4.8,17801,2.5,806,28.8
"06085","5","23821","77","0","2024","4","",494,10030,9968,10030,606633001,9553097,479318,4662,"",0.70,1.26,1.25,1.26,1.19,1.57,1.54,0.95,"",-6,-1.2,-686,-6.4,-572,-5.4,-520,-4.9,154850617,34.3,-910927,-8.7,3769,0.8,1384,42.2
"06085","5","238211","78","0","2024","4","",329,3236,3303,3264,340606975,2857054,109194,8018,"",0.76,1.24,1.27,1.25,2.48,1.27,1.33,1.97,"",-9,-2.7,-729,-18.4,-661,-16.7,-720,-18.1,122633142,56.3,-1518662,-34.7,-30610,-21.9,3796,89.9
"06085","5","238212","78","0","2024","4","",165,6794,6665,6766,266026026,6696043,370124,3035,"",0.60,1.27,1.25,1.26,0.72,1.74,1.61,0.57,"",3,1.9,43,0.6,89,1.4,200,3.0,32217475,13.8,607735,10.0,34379,10.2,323,11.9
"06085","5","23822","77","0","2024","4","",544,8029,7871,7782,241944829,5385943,239799,2358,"",0.63,0.86,0.84,0.84,0.43,0.85,0.84,0.51,"",20,3.8,-357,-4.3,-354,-4.3,-388,-4.7,3228894,1.4,166112,3.2,16051,7.2,135,6.1
"06085","5","238221","78","0","2024","4","",447,3414,3363,3298,72826656,2824559,102060,1668,"",0.68,0.70,0.69,0.68,0.30,0.79,0.82,0.43,"",27,6.4,244,7.7,224,7.1,145,4.6,9779078,15.5,244299,9.5,16200,18.9,130,8.5
"06085","5","238222","78","0","2024","4","",97,4615,4508,4484,169118173,2561384,137739,2868,"",0.46,1.04,1.01,1.01,0.54,0.91,0.85,0.53,"",-7,-6.7,-601,-11.5,-578,-11.4,-533,-10.6,-6550184,-3.7,-78187,-3.0,-149,-0.1,222,8.4
"06085","5","23829","77","0","2024","4","",40,447,450,448,11343050,269856,7354,1946,"",0.45,0.38,0.39,0.39,0.13,0.33,0.15,0.34,"",4,11.1,18,4.2,13,3.0,15,3.5,6565,0.1,-29650,-9.9,-2019,-21.5,-68,-3.4
"06085","5","238291","78","0","2024","4","",22,114,121,119,2356590,105247,3096,1536,"",0.96,0.97,1.03,1.02,0.39,1.14,0.75,0.39,"",2,10.0,8,7.5,17,16.3,14,13.3,420473,21.7,-33985,-24.4,-2074,-40.1,118,8.3
"06085","5","238292","78","0","2024","4","",18,333,329,329,8986460,164609,4258,2093,"",0.27,0.32,0.31,0.32,0.11,0.23,0.10,0.36,"",2,12.5,10,3.1,-4,-1.2,1,0.3,-413908,-4.4,4335,2.7,55,1.3,-112,-5.1
"06085","5","2383","76","0","2024","4","",722,8647,8318,8050,195933719,6496978,253290,1808,"",0.74,1.43,1.38,1.36,0.64,1.25,1.02,0.46,"",-12,-1.6,-746,-7.9,-1010,-10.8,-1133,-12.3,-12776361,-6.1,-4168815,-39.1,-162484,-39.1,82,4.8
"06085","5","23831","77","0","2024","4","",111,3690,3425,3318,96591294,2674766,110348,2137,"",0.71,2.06,1.92,1.87,0.92,1.64,1.25,0.47,"",-2,-1.8,-620,-14.4,-880,-20.4,-873,-20.8,-14384869,-13.0,-3663354,-57.8,-156792,-58.7,137,6.8
"06085","5","238311","78","0","2024","4","",80,1338,1267,1196,26456105,1057134,31525,1606,"",0.70,1.56,1.49,1.43,0.68,1.24,1.03,0.45,"",-2,-2.4,-334,-20.0,-388,-23.4,-485,-28.9,-11160149,-29.7,-1649393,-60.9,-63716,-66.9,-127,-7.3
"06085","5","238312","78","0","2024","4","",31,2352,2158,2122,70135189,1617632,78823,2440,"",0.72,2.52,2.31,2.28,1.07,2.08,1.36,0.45,"",0,0.0,-286,-10.8,-492,-18.6,-388,-15.5,-3224720,-4.4,-2013961,-55.5,-93076,-54.1,269,12.4
"06085","5","23832","77","0","2024","4","",294,2349,2301,2182,41025002,2123639,74020,1386,"",0.99,1.56,1.56,1.53,0.62,1.53,1.17,0.40,"",5,1.7,-90,-3.7,-61,-2.6,-147,-6.3,-339678,-0.8,-420036,-16.5,-4235,-5.4,47,3.5
"06085","5","238321","78","0","2024","4","",262,1557,1523,1422,23633073,1424833,45695,1211,"",1.05,1.64,1.63,1.58,0.66,1.51,1.35,0.41,"",3,1.2,-44,-2.7,-46,-2.9,-126,-8.1,-778536,-3.2,-622720,-30.4,-10805,-19.1,17,1.4
"06085","5","238322","78","0","2024","4","",32,792,778,760,17391929,698806,28325,1723,"",0.68,1.43,1.43,1.43,0.58,1.57,0.97,0.40,"",2,6.7,-46,-5.5,-15,-1.9,-21,-2.7,438858,2.6,202684,40.9,6570,30.2,101,6.2
"06085","5","23833","77","0","2024","4","",94,961,926,913,23324454,693658,33264,1922,"",0.68,1.66,1.61,1.60,0.79,1.56,1.78,0.49,"",-10,-9.6,28,3.0,-9,-1.0,-13,-1.4,1814751,8.4,-5576,-0.8,1705,5.4,145,8.2
"06085","5","238331","78","0","2024","4","",81,657,630,618,13986716,508140,22653,1694,"",0.72,1.73,1.66,1.65,0.84,1.62,2.10,0.50,"",-10,-11.0,51,8.4,8,1.3,11,1.8,1775931,14.5,-64604,-11.3,-2538,-10.1,158,10.3
"06085","5","238332","78","0","2024","4","",13,304,296,295,9337738,185518,10611,2408,"",0.54,1.52,1.51,1.51,0.73,1.43,1.34,0.48,"",0,0.0,-23,-7.0,-17,-5.4,-24,-7.5,38820,0.4,59028,46.7,4243,66.6,170,7.6
"06085","5","23834","77","0","2024","4","",91,620,639,622,11856511,501936,17155,1455,"",1.24,1.60,1.65,1.62,0.66,1.56,1.23,0.41,"",3,3.4,23,3.9,14,2.2,-5,-0.8,605215,5.4,-7322,-1.4,-1624,-8.6,51,3.6
"06085","5","238341","78","0","2024","4","",87,492,500,485,8313217,403788,12471,1299,"",1.34,1.66,1.68,1.65,0.65,1.61,1.37,0.39,"",3,3.6,26,5.6,31,6.6,23,5.0,763713,10.1,115723,40.2,4363,53.8,52,4.2
"06085","5","238342","78","0","2024","4","",4,128,139,137,3543294,98148,4684,2024,"",0.47,1.42,1.55,1.55,0.69,1.38,0.97,0.46,"",0,0.0,-3,-2.3,-17,-10.9,-28,-17.0,-158498,-4.3,-123045,-55.6,-5987,-56.1,134,7.1
"06085","5","23835","77","0","2024","4","",89,441,434,428,9422795,186392,6961,1669,"",0.38,0.38,0.38,0.37,0.17,0.20,0.19,0.44,"",-7,-7.3,-31,-6.6,-33,-7.1,-54,-11.2,-286613,-3.0,-111241,-37.4,-4042,-36.7,92,5.8
"06085","5","238351","78","0","2024","4","",78,336,336,334,6590314,159236,5470,1512,"",0.38,0.36,0.37,0.37,0.16,0.21,0.22,0.42,"",-6,-7.1,-13,-3.7,-9,-2.6,-19,-5.4,304460,4.8,-5237,-3.2,1334,32.3,127,9.2
"06085","5","238352","78","0","2024","4","",11,105,98,94,2832481,27156,1491,2201,"",0.43,0.45,0.42,0.40,0.19,0.16,0.13,0.46,"",-1,-8.3,-18,-14.6,-24,-19.7,-35,-27.1,-591073,-17.3,-106004,-79.6,-5376,-78.3,89,4.2
"06085","5","23839","77","0","2024","4","",43,586,593,587,13713663,316587,11542,1792,"",0.56,0.91,0.93,0.95,0.41,0.65,0.44,0.44,"",-1,-2.3,-56,-8.7,-41,-6.5,-41,-6.5,-185167,-1.3,38714,13.9,2504,27.7,107,6.4
"06085","5","238391","78","0","2024","4","",22,122,121,127,1889467,74357,3060,1178,"",0.50,0.44,0.44,0.47,0.14,0.36,0.37,0.32,"",0,0.0,2,1.7,3,2.5,9,7.6,126572,7.2,-1324,-1.7,1208,65.2,35,3.1
"06085","5","238392","78","0","2024","4","",21,464,472,460,11824196,242230,8482,1955,"",0.65,1.26,1.31,1.32,0.59,0.87,0.47,0.46,"",-1,-4.5,-58,-11.1,-44,-8.5,-50,-9.8,-311739,-2.6,40038,19.8,1296,18.0,146,8.1
"06085","5","2389","76","0","2024","4","",236,3090,2989,2950,75061656,1805359,65822,1918,"",0.34,0.52,0.51,0.53,0.23,0.38,0.24,0.44,"",-10,-4.1,111,3.7,45,1.5,110,3.9,4202678,5.9,-340232,-15.9,-4582,-6.5,52,2.8
"06085","5","23891","77","0","2024","4","",77,1015,970,942,29985236,731274,30037,2364,"",0.26,0.34,0.33,0.32,0.18,0.30,0.23,0.53,"",-5,-6.1,91,9.8,69,7.7,67,7.7,3720242,14.2,-3530,-0.5,1479,5.2,119,5.3
"06085","5","238911","78","0","2024","4","",45,293,293,273,5843088,219629,8367,1570,"",0.26,0.26,0.27,0.25,0.11,0.20,0.17,0.41,"",-4,-8.2,-7,-2.3,-4,-1.3,-15,-5.2,334157,6.1,-53068,-19.5,-708,-7.8,134,9.3
"06085","5","238912","78","0","2024","4","",32,722,677,669,24142148,511645,21670,2694,"",0.26,0.38,0.36,0.36,0.21,0.37,0.27,0.56,"",-1,-3.0,98,15.7,73,12.1,82,14.0,3386085,16.3,49538,10.7,2187,11.2,55,2.1
"06085","5","23899","77","0","2024","4","",159,2075,2019,2008,45076420,1074085,35785,1705,"",0.39,0.71,0.71,0.74,0.29,0.47,0.25,0.40,"",-5,-3.0,20,1.0,-24,-1.2,43,2.2,482436,1.1,-336702,-23.9,-6061,-14.5,8,0.5
"06085","5","238991","78","0","2024","4","",122,1304,1302,1300,26485776,671085,23633,1565,"",0.45,0.90,0.93,0.99,0.40,0.60,0.38,0.43,"",-3,-2.4,72,5.8,62,5.0,111,9.3,1476738,5.9,-142583,-17.5,249,1.1,-11,-0.7
"06085","5","238992","78","0","2024","4","",37,771,717,708,18590644,403000,12152,1954,"",0.28,0.52,0.49,0.51,0.21,0.35,0.15,0.40,"",-2,-5.1,-52,-6.3,-86,-10.7,-68,-8.8,-994302,-5.1,-194119,-32.5,-6310,-34.2,72,3.8
"06085","5","31-33","74","0","2024","4","",2629,122277,123144,122964,10561544865,42567807,1325526,6616,"",0.93,1.35,1.35,1.35,1.88,0.95,1.01,1.39,"",-52,-1.9,-53628,-30.5,-51729,-29.6,-51591,-29.6,-6372419649,-37.6,367696,0.9,121501,10.1,-823,-11.1
"06085","5","311","75","0","2024","4","",167,3236,3267,3229,43502790,1995760,57792,1032,"",0.56,0.25,0.26,0.25,0.08,0.22,0.23,0.30,"",16,10.6,307,10.5,377,13.0,345,12.0,3676313,9.2,-408226,-17.0,-15100,-20.7,-24,-2.3
"06085","5","3111","76","0","2024","4","N",1,0,0,0,0,0,0,0,"N",0.05,0,0,0,0,0,0,0,"N",0,0.0,0,0,0,0,0,0,0,0,0,0,0,0,0,0
"06085","5","31111","77","0","2024","4","N",1,0,0,0,0,0,0,0,"N",0.05,0,0,0,0,0,0,0,"N",0,0.0,0,0,0,0,0,0,0,0,0,0,0,0,0,0
"06085","5","311111","78","0","2024","4","N",1,0,0,0,0,0,0,0,"N",0.15,0,0,0,0,0,0,0,"N",0,0.0,0,0,0,0,0,0,0,0,0,0,0,0,0,0
"06085","5","3112","76","0","2024","4","N",2,0,0,0,0,0,0,0,"N",0.23,0,0,0,0,0,0,0,"N",0,0.0,0,0,0,0,0,0,0,0,0,0,0,0,0,0
"06085","5","31122","77","0","2024","4","N",2,0,0,0,0,0,0,0,"N",0.53,0,0,0,0,0,0,0,"N",0,0.0,0,0,0,0,0,0,0,0,0,0,0,0,0,0
"06085","5","311224","78","0","2024","4","N",1,0,0,0,0,0,0,0,"N",0.58,0,0,0,0,0,0,0,"N",0,0.0,0,0,0,0,0,0,0,0,0,0,0,0,0,0
"06085","5","311225","78","0","2024","4","N",1,0,0,0,0,0,0,0,"N",0.66,0,0,0,0,0,0,0,"N",0,0.0,0,0,0,0,0,0,0,0,0,0,0,0,0,0
"06085","5","3113","76","0","2024","4","",7,83,82,83,926664,51684,1256,862,"",0.42,0.14,0.13,0.13,0.03,0.12,0.07,0.23,"",2,40.0,6,7.8,5,6.5,5,6.4,5789,0.6,-4672,-8.3,-134,-9.6,-54,-5.9
"06085","5","31134","77","0","2024","4","N",2,0,0,0,0,0,0,0,"N",0.38,0,0,0,0,0,0,0,"N",0,0.0,0,0,0,0,0,0,0,0,0,0,0,0,0,0
"06085","5","311340","78","0","2024","4","N",2,0,0,0,0,0,0,0,"N",0.38,0,0,0,0,0,0,0,"N",0,0.0,0,0,0,0,0,0,0,0,0,0,0,0,0,0
"06085","5","31135","77","0","2024","4","N",5,0,0,0,0,0,0,0,"N",0.46,0,0,0,0,0,0,0,"N",2,66.7,0,0,0,0,0,0,0,0,0,0,0,0,0,0
"06085","5","311351","78","0","2024","4","N",2,0,0,0,0,0,0,0,"N",0.80,0,0,0,0,0,0,0,"N",1,100.0,0,0,0,0,0,0,0,0,0,0,0,0,0,0
"06085","5","311352","78","0","2024","4","",3,15,14,15,103286,19951,468,542,"",0.36,0.06,0.06,0.06,0.01,0.12,0.07,0.19,"N",1,50.0,0,0,0,0,0,0,0,0,0,0,0,0,0,0
"06085","5","3114","76","0","2024","4","",6,175,176,175,4314287,81455,4116,1893,"",0.29,0.13,0.14,0.14,0.07,0.07,0.08,0.52,"",-1,-14.3,0,0.0,-5,-2.8,-3,-1.7,424146,10.9,-14800,-15.4,-648,-13.6,212,12.6
"06085","5","31141","77","0","2024","4","N",2,0,0,0,0,0,0,0,"N",0.23,0,0,0,0,0,0,0,"N",0,0.0,0,0,0,0,0,0,0,0,0,0,0,0,0,0
"06085","5","311412","78","0","2024","4","N",2,0,0,0,0,0,0,0,"N",0.32,0,0,0,0,0,0,0,"N",0,0.0,0,0,0,0,0,0,0,0,0,0,0,0,0,0
"06085","5","31142","77","0","2024","4","N",4,0,0,0,0,0,0,0,"N",0.34,0,0,0,0,0,0,0,"N",-1,-20.0,0,0,0,0,0,0,0,0,0,0,0,0,0,0
"06085","5","311421","78","0","2024","4","N",1,0,0,0,0,0,0,0,"N",0.12,0,0,0,0,0,0,0,"N",0,0.0,0,0,0,0,0,0,0,0,0,0,0,0,0,0
"06085","5","311422","78","0","2024","4","",3,13,17,18,222232,16890,330,1068,"",2.64,0.15,0.20,0.21,0.05,0.38,0.19,0.26,"",-1,-25.0,-7,-35.0,-5,-22.7,-2,-10.0,-42964,-16.2,1464,9.5,23,7.5,81,8.2
"06085","5","3115","76","0","2024","4","",11,238,232,220,3298786,99302,2623,1103,"",0.54,0.20,0.19,0.18,0.05,0.15,0.15,0.27,"",-1,-8.3,-24,-9.2,-31,-11.8,-33,-13.0,-106317,-3.1,-82706,-45.4,-2132,-44.8,93,9.2
"06085","5","31151","77","0","2024","4","N",3,0,0,0,0,0,0,0,"N",0.23,0,0,0,0,0,0,0,"N",0,0.0,0,0,0,0,0,0,0,0,0,0,0,0,0,0
"06085","5","311511","78","0","2024","4","N",2,0,0,0,0,0,0,0,"N",0.38,0,0,0,0,0,0,0,"N",0,0.0,0,0,0,0,0,0,0,0,0,0,0,0,0,0
"06085","5","311513","78","0","2024","4","N",1,0,0,0,0,0,0,0,"N",0.19,0,0,0,0,0,0,0,"N",0,0.0,0,0,0,0,0,0,0,0,0,0,0,0,0,0
"06085","5","31152","77","0","2024","4","N",8,0,0,0,0,0,0,0,"N",1.09,0,0,0,0,0,0,0,"N",-1,-11.1,0,0,0,0,0,0,0,0,0,0,0,0,0,0
"06085","5","311520","78","0","2024","4","N",8,0,0,0,0,0,0,0,"N",1.09,0,0,0,0,0,0,0,"N",-1,-11.1,0,0,0,0,0,0,0,0,0,0,0,0,0,0
"06085","5","3116","76","0","2024","4","",8,185,190,182,3650035,86307,1383,1512,"",0.24,0.05,0.05,0.05,0.02,0.03,0.03,0.49,"",0,0.0,2,1.1,10,5.6,-3,-1.6,290648,8.7,5549,6.9,139,11.2,97,6.9
"06085","5","31161","77","0","2024","4","",8,185,190,182,3650035,86307,1383,1512,"",0.24,0.05,0.05,0.05,0.02,0.03,0.03,0.49,"",0,0.0,2,1.1,10,5.6,-3,-1.6,290648,8.7,5549,6.9,139,11.2,97,6.9
"06085","5","311611","78","0","2024","4","N",2,0,0,0,0,0,0,0,"N",0.17,0,0,0,0,0,0,0,"N",0,0.0,0,0,0,0,0,0,0,0,0,0,0,0,0,0
"06085","5","311612","78","0","2024","4","N",6,0,0,0,0,0,0,0,"N",0.43,0,0,0,0,0,0,0,"N",0,0.0,0,0,0,0,0,0,0,0,0,0,0,0,0,0
"06085","5","3117","76","0","2024","4","N",1,0,0,0,0,0,0,0,"N",0.17,0,0,0,0,0,0,0,"N",1,100.0,0,0,0,0,0,0,0,0,0,0,0,0,0,0
"06085","5","31171","77","0","2024","4","N",1,0,0,0,0,0,0,0,"N",0.17,0,0,0,0,0,0,0,"N",1,100.0,0,0,0,0,0,0,0,0,0,0,0,0,0,0
"06085","5","311710","78","0","2024","4","N",1,0,0,0,0,0,0,0,"N",0.17,0,0,0,0,0,0,0,"N",1,100.0,0,0,0,0,0,0,0,0,0,0,0,0,0,0
"06085","5","3118","76","0","2024","4","",102,1442,1477,1465,13641455,1278670,33932,718,"",0.91,0.57,0.58,0.57,0.15,0.67,0.60,0.25,"",14,15.9,81,6.0,117,8.6,85,6.2,1156969,9.3,-134566,-9.5,1673,5.2,15,2.1
"06085","5","31181","77","0","2024","4","",95,1324,1357,1344,12262899,1222322,32957,703,"",0.95,0.68,0.70,0.69,0.18,0.80,0.72,0.27,"",14,17.3,74,5.9,109,8.7,79,6.2,1110480,10.0,-151598,-11.0,1437,4.6,19,2.8
"06085","5","311811","78","0","2024","4","",76,961,986,979,8581346,956805,26676,677,"",1.12,1.27,1.28,1.26,0.51,1.42,1.28,0.40,"",15,24.6,69,7.7,105,11.9,93,10.5,788566,10.1,-5943,-0.6,3792,16.6,1,0.1
"06085","5","311812","78","0","2024","4","N",17,0,0,0,0,0,0,0,"N",0.56,0,0,0,0,0,0,0,"N",-1,-5.6,0,0,0,0,0,0,0,0,0,0,0,0,0,0
"06085","5","311813","78","0","2024","4","N",2,0,0,0,0,0,0,0,"N",0.93,0,0,0,0,0,0,0,"N",0,0.0,0,0,0,0,0,0,0,0,0,0,0,0,0,0
"06085","5","31182","77","0","2024","4","N",6,0,0,0,0,0,0,0,"N",0.67,0,0,0,0,0,0,0,"N",0,0.0,0,0,0,0,0,0,0,0,0,0,0,0,0,0
"06085","5","311821","78","0","2024","4","N",4,0,0,0,0,0,0,0,"N",0.74,0,0,0,0,0,0,0,"N",1,33.3,0,0,0,0,0,0,0,0,0,0,0,0,0,0
"06085","5","311824","78","0","2024","4","N",2,0,0,0,0,0,0,0,"N",0.56,0,0,0,0,0,0,0,"N",-1,-33.3,0,0,0,0,0,0,0,0,0,0,0,0,0,0
"06085","5","31183","77","0","2024","4","N",1,0,0,0,0,0,0,0,"N",0.27,0,0,0,0,0,0,0,"N",0,0.0,0,0,0,0,0,0,0,0,0,0,0,0,0,0
"06085","5","311830","78","0","2024","4","N",1,0,0,0,0,0,0,0,"N",0.27,0,0,0,0,0,0,0,"N",0,0.0,0,0,0,0,0,0,0,0,0,0,0,0,0,0
"06085","5","3119","76","0","2024","4","",29,1107,1103,1096,17546549,390242,14207,1225,"",0.47,0.57,0.57,0.56,0.19,0.28,0.32,0.33,"",1,3.6,241,27.8,281,34.2,293,36.5,1905542,12.2,-171131,-30.5,-13797,-49.3,-224,-15.5
"06085","5","31191","77","0","2024","4","N",1,0,0,0,0,0,0,0,"N",0.12,0,0,0,0,0,0,0,"N",0,0.0,0,0,0,0,0,0,0,0,0,0,0,0,0,0
"06085","5","311911","78","0","2024","4","-",0,0,0,0,0,0,0,0,"N",0.00,0,0,0,0,0,0,0,"N",0,0,0,0,0,0,0,0,0,0,0,0,0,0,0,0
"06085","5","311919","78","0","2024","4","N",1,0,0,0,0,0,0,0,"N",0.17,0,0,0,0,0,0,0,"N",0,0.0,0,0,0,0,0,0,0,0,0,0,0,0,0,0
"06085","5","31192","77","0","2024","4","N",3,0,0,0,0,0,0,0,"N",0.24,0,0,0,0,0,0,0,"N",0,0.0,0,0,0,0,0,0,0,0,0,0,0,0,0,0
"06085","5","311920","78","0","2024","4","N",3,0,0,0,0,0,0,0,"N",0.24,0,0,0,0,0,0,0,"N",0,0.0,0,0,0,0,0,0,0,0,0,0,0,0,0,0
"06085","5","31194","77","0","2024","4","",5,559,554,551,11733154,111126,5852,1627,"",0.58,1.53,1.52,1.51,0.55,0.57,0.89,0.36,"",0,0.0,-11,-1.9,31,5.9,49,9.8,-379355,-3.1,-258198,-69.9,-16546,-73.9,-125,-7.1
"06085","5","311941","78","0","2024","4","N",4,0,0,0,0,0,0,0,"N",1.13,0,0,0,0,0,0,0,"N",0,0.0,0,0,0,0,0,0,0,0,0,0,0,0,0,0
"06085","5","311942","78","0","2024","4","N",1,0,0,0,0,0,0,0,"N",0.19,0,0,0,0,0,0,0,"N",0,0.0,0,0,0,0,0,0,0,0,0,0,0,0,0,0
"06085","5","31199","77","0","2024","4","",20,505,507,505,5499318,228872,7397,837,"",0.69,0.62,0.62,0.62,0.15,0.35,0.37,0.25,"",1,5.3,245,94.2,243,92.0,240,90.6,2209164,67.1,64384,39.1,2276,44.4,-125,-13.0
"06085","5","311991","78","0","2024","4","N",14,0,0,0,0,0,0,0,"N",1.04,0,0,0,0,0,0,0,"N",0,0.0,0,0,0,0,0,0,0,0,0,0,0,0,0,0
"06085","5","311999","78","0","2024","4","N",6,0,0,0,0,0,0,0,"N",0.38,0,0,0,0,0,0,0,"N",1,20.0,0,0,0,0,0,0,0,0,0,0,0,0,0,0
"06085","5","312","75","0","2024","4","",64,876,813,798,12428449,548324,13961,1153,"",0.53,0.36,0.34,0.34,0.12,0.37,0.27,0.35,"",-3,-4.5,-145,-14.2,-122,-13.0,-118,-12.9,-193856,-1.5,-185288,-25.3,-5980,-30.0,139,13.7
"06085","5","3121","76","0","2024","4","N",63,0,0,0,0,0,0,0,"N",0.54,0,0,0,0,0,0,0,"N",-3,-4.5,0,0,0,0,0,0,0,0,0,0,0,0,0,0
"06085","5","31211","77","0","2024","4","",5,93,91,91,2863741,27372,1388,2403,"",0.26,0.12,0.12,0.12,0.07,0.07,0.12,0.63,"",0,0.0,-29,-23.8,-33,-26.6,-34,-27.2,741907,35.0,-5731,-17.3,-101,-6.8,1083,82.0
"06085","5","312111","78","0","2024","4","N",1,0,0,0,0,0,0,0,"N",0.10,0,0,0,0,0,0,0,"N",0,0.0,0,0,0,0,0,0,0,0,0,0,0,0,0,0
"06085","5","312112","78","0","2024","4","N",3,0,0,0,0,0,0,0,"N",0.53,0,0,0,0,0,0,0,"N",0,0.0,0,0,0,0,0,0,0,0,0,0,0,0,0,0
"06085","5","312113","78","0","2024","4","N",1,0,0,0,0,0,0,0,"N",0.26,0,0,0,0,0,0,0,"N",0,0.0,0,0,0,0,0,0,0,0,0,0,0,0,0,0
"06085","5","31212","77","0","2024","4","",16,158,155,158,1959468,135588,3520,960,"",0.38,0.20,0.20,0.21,0.07,0.24,0.20,0.37,"",0,0.0,-47,-22.9,-17,-9.9,-6,-3.7,-148781,-7.1,-99217,-42.3,-3746,-51.6,61,6.8
"06085","5","312120","78","0","2024","4","",16,158,155,158,1959468,135588,3520,960,"",0.38,0.20,0.20,0.21,0.07,0.24,0.20,0.37,"",0,0.0,-47,-22.9,-17,-9.9,-6,-3.7,-148781,-7.1,-99217,-42.3,-3746,-51.6,61,6.8
"06085","5","31213","77","0","2024","4","",39,617,560,542,7430784,381464,8811,998,"",0.94,1.05,1.03,1.05,0.34,0.96,0.54,0.32,"",-3,-7.1,-66,-9.7,-68,-10.8,-74,-12.0,-639116,-7.9,-56183,-12.8,-1772,-16.7,32,3.3
"06085","5","312130","78","0","2024","4","",39,617,560,542,7430784,381464,8811,998,"",0.94,1.05,1.03,1.05,0.34,0.96,0.54,0.32,"",-3,-7.1,-66,-9.7,-68,-10.8,-74,-12.0,-639116,-7.9,-56183,-12.8,-1772,-16.7,32,3.3
"06085","5","31214","77","0","2024","4","N",3,0,0,0,0,0,0,0,"N",0.22,0,0,0,0,0,0,0,"N",0,0.0,0,0,0,0,0,0,0,0,0,0,0,0,0,0
"06085","5","312140","78","0","2024","4","N",3,0,0,0,0,0,0,0,"N",0.22,0,0,0,0,0,0,0,"N",0,0.0,0,0,0,0,0,0,0,0,0,0,0,0,0,0
"06085","5","3122","76","0","2024","4","N",1,0,0,0,0,0,0,0,"N",0.32,0,0,0,0,0,0,0,"N",0,0.0,0,0,0,0,0,0,0,0,0,0,0,0,0,0
"06085","5","31223","77","0","2024","4","N",1,0,0,0,0,0,0,0,"N",0.32,0,0,0,0,0,0,0,"N",0,0.0,0,0,0,0,0,0,0,0,0,0,0,0,0,0
"06085","5","312230","78","0","2024","4","N",1,0,0,0,0,0,0,0,"N",0.32,0,0,0,0,0,0,0,"N",0,0.0,0,0,0,0,0,0,0,0,0,0,0,0,0,0
"06085","5","313","75","0","2024","4","N",8,0,0,0,0,0,0,0,"N",0.42,0,0,0,0,0,0,0,"N",-1,-11.1,0,0,0,0,0,0,0,0,0,0,0,0,0,0
"06085","5","3131","76","0","2024","4","N",1,0,0,0,0,0,0,0,"N",0.36,0,0,0,0,0,0,0,"N",0,0.0,0,0,0,0,0,0,0,0,0,0,0,0,0,0
"06085","5","31311","77","0","2024","4","N",1,0,0,0,0,0,0,0,"N",0.36,0,0,0,0,0,0,0,"N",0,0.0,0,0,0,0,0,0,0,0,0,0,0,0,0,0
"06085","5","313110","78","0","2024","4","N",1,0,0,0,0,0,0,0,"N",0.36,0,0,0,0,0,0,0,"N",0,0.0,0,0,0,0,0,0,0,0,0,0,0,0,0,0
"06085","5","3132","76","0","2024","4","N",1,0,0,0,0,0,0,0,"N",0.13,0,0,0,0,0,0,0,"N",-2,-66.7,0,0,0,0,0,0,0,0,0,0,0,0,0,0
"06085","5","31322","77","0","2024","4","N",1,0,0,0,0,0,0,0,"N",0.59,0,0,0,0,0,0,0,"N",0,0.0,0,0,0,0,0,0,0,0,0,0,0,0,0,0
"06085","5","313220","78","0","2024","4","N",1,0,0,0,0,0,0,0,"N",0.59,0,0,0,0,0,0,0,"N",0,0.0,0,0,0,0,0,0,0,0,0,0,0,0,0,0
"06085","5","31323","77","0","2024","4","-",0,0,0,0,0,0,0,0,"N",0.00,0,0,0,0,0,0,0,"N",-2,-100.0,0,0,0,0,0,0,0,0,0,0,0,0,0,0
"06085","5","313230","78","0","2024","4","-",0,0,0,0,0,0,0,0,"N",0.00,0,0,0,0,0,0,0,"N",-2,-100.0,0,0,0,0,0,0,0,0,0,0,0,0,0,0
"06085","5","3133","76","0","2024","4","N",6,0,0,0,0,0,0,0,"N",0.67,0,0,0,0,0,0,0,"N",1,20.0,0,0,0,0,0,0,0,0,0,0,0,0,0,0
"06085","5","31331","77","0","2024","4","",5,18,17,17,179652,18965,645,797,"",0.67,0.16,0.15,0.15,0.04,0.28,0.40,0.23,"",1,25.0,-6,-25.0,-5,-22.7,-11,-39.3,-38936,-17.8,-76826,-80.2,-2451,-79.2,115,16.9
"06085","5","313310","78","0","2024","4","",5,18,17,17,179652,18965,645,797,"",0.67,0.16,0.15,0.15,0.04,0.28,0.40,0.23,"",1,25.0,-6,-25.0,-5,-22.7,-11,-39.3,-38936,-17.8,-76826,-80.2,-2451,-79.2,115,16.9
"06085","5","31332","77","0","2024","4","N",1,0,0,0,0,0,0,0,"N",0.68,0,0,0,0,0,0,0,"N",0,0.0,0,0,0,0,0,0,0,0,0,0,0,0,0,0
"06085","5","313320","78","0","2024","4","N",1,0,0,0,0,0,0,0,"N",0.68,0,0,0,0,0,0,0,"N",0,0.0,0,0,0,0,0,0,0,0,0,0,0,0,0,0
"06085","5","314","75","0","2024","4","",15,187,191,191,3156600,49731,1050,1280,"",0.34,0.27,0.28,0.28,0.11,0.13,0.11,0.41,"",2,15.4,-4,-2.1,0,0.0,-2,-1.0,7554,0.2,17988,56.7,303,40.6,16,1.3
"06085","5","3141","76","0","2024","4","N",1,0,0,0,0,0,0,0,"N",0.09,0,0,0,0,0,0,0,"N",0,0.0,0,0,0,0,0,0,0,0,0,0,0,0,0,0
"06085","5","31412","77","0","2024","4","N",1,0,0,0,0,0,0,0,"N",0.13,0,0,0,0,0,0,0,"N",0,0.0,0,0,0,0,0,0,0,0,0,0,0,0,0,0
"06085","5","314120","78","0","2024","4","N",1,0,0,0,0,0,0,0,"N",0.13,0,0,0,0,0,0,0,"N",0,0.0,0,0,0,0,0,0,0,0,0,0,0,0,0,0
"06085","5","3149","76","0","2024","4","N",14,0,0,0,0,0,0,0,"N",0.42,0,0,0,0,0,0,0,"N",2,16.7,0,0,0,0,0,0,0,0,0,0,0,0,0,0
"06085","5","31491","77","0","2024","4","",6,119,123,120,2378876,42731,945,1516,"",0.53,0.73,0.75,0.74,0.35,0.39,0.31,0.47,"",0,0.0,-5,-4.0,0,0.0,-4,-3.2,39821,1.7,15930,59.4,272,40.4,61,4.2
"06085","5","314910","78","0","2024","4","",6,119,123,120,2378876,42731,945,1516,"",0.53,0.73,0.75,0.74,0.35,0.39,0.31,0.47,"",0,0.0,-5,-4.0,0,0.0,-4,-3.2,39821,1.7,15930,59.4,272,40.4,61,4.2
"06085","5","31499","77","0","2024","4","N",8,0,0,0,0,0,0,0,"N",0.36,0,0,0,0,0,0,0,"N",2,33.3,0,0,0,0,0,0,0,0,0,0,0,0,0,0
"06085","5","314999","78","0","2024","4","N",8,0,0,0,0,0,0,0,"N",0.38,0,0,0,0,0,0,0,"N",2,33.3,0,0,0,0,0,0,0,0,0,0,0,0,0,0
"06085","5","315","75","0","2024","4","N",5,0,0,0,0,0,0,0,"N",0.11,0,0,0,0,0,0,0,"N",-1,-16.7,0,0,0,0,0,0,0,0,0,0,0,0,0,0
"06085","5","3152","76","0","2024","4","N",4,0,0,0,0,0,0,0,"N",0.12,0,0,0,0,0,0,0,"N",1,33.3,0,0,0,0,0,0,0,0,0,0,0,0,0,0
"06085","5","31525","77","0","2024","4","N",4,0,0,0,0,0,0,0,"N",0.23,0,0,0,0,0,0,0,"N",1,33.3,0,0,0,0,0,0,0,0,0,0,0,0,0,0
"06085","5","315250","78","0","2024","4","N",4,0,0,0,0,0,0,0,"N",0.23,0,0,0,0,0,0,0,"N",1,33.3,0,0,0,0,0,0,0,0,0,0,0,0,0,0
"06085","5","3159","76","0","2024","4","N",1,0,0,0,0,0,0,0,"N",0.10,0,0,0,0,0,0,0,"N",-2,-66.7,0,0,0,0,0,0,0,0,0,0,0,0,0,0
"06085","5","31599","77","0","2024","4","N",1,0,0,0,0,0,0,0,"N",0.10,0,0,0,0,0,0,0,"N",-2,-66.7,0,0,0,0,0,0,0,0,0,0,0,0,0,0
"06085","5","315990","78","0","2024","4","N",1,0,0,0,0,0,0,0,"N",0.10,0,0,0,0,0,0,0,"N",-2,-66.7,0,0,0,0,0,0,0,0,0,0,0,0,0,0
"06085","5","316","75","0","2024","4","",4,11,11,11,143779,10347,288,1005,"",0.36,0.06,0.06,0.06,0.02,0.11,0.12,0.30,"N",0,0.0,0,0,0,0,0,0,0,0,0,0,0,0,0,0
"06085","5","3162","76","0","2024","4","N",1,0,0,0,0,0,0,0,"N",0.35,0,0,0,0,0,0,0,"N",0,0.0,0,0,0,0,0,0,0,0,0,0,0,0,0,0
"06085","5","31621","77","0","2024","4","N",1,0,0,0,0,0,0,0,"N",0.35,0,0,0,0,0,0,0,"N",0,0.0,0,0,0,0,0,0,0,0,0,0,0,0,0,0
"06085","5","316210","78","0","2024","4","N",1,0,0,0,0,0,0,0,"N",0.35,0,0,0,0,0,0,0,"N",0,0.0,0,0,0,0,0,0,0,0,0,0,0,0,0,0
"06085","5","3169","76","0","2024","4","N",3,0,0,0,0,0,0,0,"N",0.44,0,0,0,0,0,0,0,"N",0,0.0,0,0,0,0,0,0,0,0,0,0,0,0,0,0
"06085","5","31699","77","0","2024","4","N",3,0,0,0,0,0,0,0,"N",0.44,0,0,0,0,0,0,0,"N",0,0.0,0,0,0,0,0,0,0,0,0,0,0,0,0,0
"06085","5","316990","78","0","2024","4","N",3,0,0,0,0,0,0,0,"N",0.44,0,0,0,0,0,0,0,"N",0,0.0,0,0,0,0,0,0,0,0,0,0,0,0,0,0
"06085","5","321","75","0","2024","4","",33,445,453,446,7562959,287735,8748,1299,"",0.29,0.15,0.15,0.15,0.06,0.13,0.15,0.37,"",-1,-2.9,-34,-7.1,-13,-2.8,-6,-1.3,303072,4.2,23433,8.9,2997,52.1,100,8.3
"06085","5","3211","76","0","2024","4","N",1,0,0,0,0,0,0,0,"N",0.04,0,0,0,0,0,0,0,"N",0,0.0,0,0,0,0,0,0,0,0,0,0,0,0,0,0
"06085","5","32111","77","0","2024","4","N",1,0,0,0,0,0,0,0,"N",0.04,0,0,0,0,0,0,0,"N",0,0.0,0,0,0,0,0,0,0,0,0,0,0,0,0,0
"06085","5","321113","78","0","2024","4","N",1,0,0,0,0,0,0,0,"N",0.05,0,0,0,0,0,0,0,"N",0,0.0,0,0,0,0,0,0,0,0,0,0,0,0,0,0
"06085","5","3212","76","0","2024","4","N",1,0,0,0,0,0,0,0,"N",0.08,0,0,0,0,0,0,0,"N",0,0.0,0,0,0,0,0,0,0,0,0,0,0,0,0,0
"06085","5","32121","77","0","2024","4","N",1,0,0,0,0,0,0,0,"N",0.08,0,0,0,0,0,0,0,"N",0,0.0,0,0,0,0,0,0,0,0,0,0,0,0,0,0
"06085","5","321219","78","0","2024","4","N",1,0,0,0,0,0,0,0,"N",0.66,0,0,0,0,0,0,0,"N",0,0.0,0,0,0,0,0,0,0,0,0,0,0,0,0,0
"06085","5","3219","76","0","2024","4","",31,441,449,445,7554421,287529,8736,1306,"",0.40,0.25,0.26,0.26,0.10,0.23,0.25,0.38,"",-1,-3.1,-37,-7.7,-14,-3.0,-6,-1.3,301674,4.2,25483,9.7,3111,55.3,104,8.7
"06085","5","32191","77","0","2024","4","",10,93,96,92,1653213,29909,697,1358,"",0.40,0.13,0.13,0.13,0.05,0.05,0.05,0.39,"",-1,-9.1,-30,-24.4,-21,-17.9,-20,-17.9,-373501,-18.4,-105434,-77.9,-1744,-71.4,29,2.2
"06085","5","321911","78","0","2024","4","N",4,0,0,0,0,0,0,0,"N",0.46,0,0,0,0,0,0,0,"N",0,0.0,0,0,0,0,0,0,0,0,0,0,0,0,0,0
"06085","5","321912","78","0","2024","4","N",1,0,0,0,0,0,0,0,"N",0.25,0,0,0,0,0,0,0,"N",0,0.0,0,0,0,0,0,0,0,0,0,0,0,0,0,0
"06085","5","321918","78","0","2024","4","",5,54,57,53,1049118,11945,296,1476,"",0.41,0.24,0.25,0.23,0.11,0.09,0.08,0.44,"",-1,-16.7,-31,-36.5,-21,-26.9,-19,-26.4,-282645,-21.2,-107058,-90.0,-1877,-86.4,168,12.8
"06085","5","32192","77","0","2024","4","",11,261,267,266,4321604,176105,5143,1256,"",0.49,0.57,0.58,0.58,0.24,0.57,0.69,0.41,"",0,0.0,-11,-4.0,3,1.1,7,2.7,560229,14.9,88185,100.3,3365,189.3,164,15.0
"06085","5","321920","78","0","2024","4","",11,261,267,266,4321604,176105,5143,1256,"",0.49,0.57,0.58,0.58,0.24,0.57,0.69,0.41,"",0,0.0,-11,-4.0,3,1.1,7,2.7,560229,14.9,88185,100.3,3365,189.3,164,15.0
"06085","5","32199","77","0","2024","4","",10,87,86,87,1579604,81515,2896,1402,"",0.33,0.16,0.16,0.16,0.06,0.23,0.24,0.40,"",0,0.0,4,4.8,4,4.9,7,8.8,114946,7.8,42732,110.2,1490,106.0,22,1.6
"06085","5","321992","78","0","2024","4","N",3,0,0,0,0,0,0,0,"N",0.42,0,0,0,0,0,0,0,"N",1,50.0,0,0,0,0,0,0,0,0,0,0,0,0,0,0
"06085","5","321999","78","0","2024","4","N",7,0,0,0,0,0,0,0,"N",0.35,0,0,0,0,0,0,0,"N",-1,-12.5,0,0,0,0,0,0,0,0,0,0,0,0,0,0
"06085","5","322","75","0","2024","4","",9,451,452,445,10616105,118147,5790,1817,"",0.22,0.18,0.18,0.17,0.07,0.11,0.20,0.40,"",-1,-10.0,-10,-2.2,-11,-2.4,-20,-4.3,-183033,-1.7,-46160,-28.1,-3133,-35.1,23,1.3
"06085","5","3221","76","0","2024","4","N",2,0,0,0,0,0,0,0,"N",0.31,0,0,0,0,0,0,0,"N",0,0.0,0,0,0,0,0,0,0,0,0,0,0,0,0,0
"06085","5","32211","77","0","2024","4","N",1,0,0,0,0,0,0,0,"N",1.65,0,0,0,0,0,0,0,"N",0,0.0,0,0,0,0,0,0,0,0,0,0,0,0,0,0
"06085","5","322110","78","0","2024","4","N",1,0,0,0,0,0,0,0,"N",1.65,0,0,0,0,0,0,0,"N",0,0.0,0,0,0,0,0,0,0,0,0,0,0,0,0,0
"06085","5","32213","77","0","2024","4","N",1,0,0,0,0,0,0,0,"N",0.50,0,0,0,0,0,0,0,"N",0,0.0,0,0,0,0,0,0,0,0,0,0,0,0,0,0
"06085","5","322130","78","0","2024","4","N",1,0,0,0,0,0,0,0,"N",0.50,0,0,0,0,0,0,0,"N",0,0.0,0,0,0,0,0,0,0,0,0,0,0,0,0,0
"06085","5","3222","76","0","2024","4","N",7,0,0,0,0,0,0,0,"N",0.21,0,0,0,0,0,0,0,"N",-1,-12.5,0,0,0,0,0,0,0,0,0,0,0,0,0,0
"06085","5","32221","77","0","2024","4","",6,412,412,405,9183973,99191,4694,1724,"",0.34,0.36,0.36,0.35,0.14,0.20,0.35,0.40,"",-1,-14.3,11,2.7,7,1.7,-7,-1.7,422401,4.8,-49853,-33.4,-3394,-42.0,64,3.9
"06085","5","322211","78","0","2024","4","N",5,0,0,0,0,0,0,0,"N",0.42,0,0,0,0,0,0,0,"N",0,0.0,0,0,0,0,0,0,0,0,0,0,0,0,0,0
"06085","5","322219","78","0","2024","4","N",1,0,0,0,0,0,0,0,"N",0.36,0,0,0,0,0,0,0,"N",-1,-50.0,0,0,0,0,0,0,0,0,0,0,0,0,0,0
"06085","5","32229","77","0","2024","4","N",1,0,0,0,0,0,0,0,"N",0.17,0,0,0,0,0,0,0,"N",0,0.0,0,0,0,0,0,0,0,0,0,0,0,0,0,0
"06085","5","322299","78","0","2024","4","N",1,0,0,0,0,0,0,0,"N",0.25,0,0,0,0,0,0,0,"N",0,0.0,0,0,0,0,0,0,0,0,0,0,0,0,0,0
"06085","5","323","75","0","2024","4","",114,1384,1436,1424,23751967,1279997,39223,1292,"",0.58,0.54,0.56,0.56,0.20,0.86,1.01,0.37,"",-3,-2.6,290,26.5,356,33.0,363,34.2,3295458,16.1,893799,231.4,26516,208.7,-167,-11.4
"06085","5","3231","76","0","2024","4","",114,1384,1436,1424,23751967,1279997,39223,1292,"",0.58,0.54,0.56,0.56,0.20,0.86,1.01,0.37,"",-3,-2.6,290,26.5,356,33.0,363,34.2,3295458,16.1,893799,231.4,26516,208.7,-167,-11.4
"06085","5","32311","77","0","2024","4","",108,1366,1417,1403,23586115,1273053,39119,1300,"",0.58,0.56,0.58,0.58,0.21,0.90,1.05,0.37,"",-3,-2.7,297,27.8,362,34.3,365,35.2,3363672,16.6,887733,230.4,26425,208.2,-176,-11.9
"06085","5","323111","78","0","2024","4","N",71,0,0,0,0,0,0,0,"N",0.55,0,0,0,0,0,0,0,"N",-3,-4.1,0,0,0,0,0,0,0,0,0,0,0,0,0,0
"06085","5","323113","78","0","2024","4","",33,613,666,654,8859940,958423,28658,1058,"",0.61,1.12,1.22,1.20,0.47,2.59,2.81,0.40,"N",0,0.0,0,0,0,0,0,0,0,0,0,0,0,0,0,0
"06085","5","323117","78","0","2024","4","N",4,0,0,0,0,0,0,0,"N",1.07,0,0,0,0,0,0,0,"N",0,0.0,0,0,0,0,0,0,0,0,0,0,0,0,0,0
"06085","5","32312","77","0","2024","4","",6,18,19,21,165852,6944,104,660,"",0.68,0.16,0.17,0.19,0.03,0.10,0.06,0.19,"",0,0.0,-7,-28.0,-6,-24.0,-2,-8.7,-68214,-29.1,6066,690.9,91,700.0,-80,-10.8
"06085","5","323120","78","0","2024","4","",6,18,19,21,165852,6944,104,660,"",0.68,0.16,0.17,0.19,0.03,0.10,0.06,0.19,"",0,0.0,-7,-28.0,-6,-24.0,-2,-8.7,-68214,-29.1,6066,690.9,91,700.0,-80,-10.8
"06085","5","324","75","0","2024","4","N",1,0,0,0,0,0,0,0,"N",0.05,0,0,0,0,0,0,0,"N",-2,-66.7,0,0,0,0,0,0,0,0,0,0,0,0,0,0
"06085","5","3241","76","0","2024","4","N",1,0,0,0,0,0,0,0,"N",0.05,0,0,0,0,0,0,0,"N",-2,-66.7,0,0,0,0,0,0,0,0,0,0,0,0,0,0
"06085","5","32412","77","0","2024","4","N",1,0,0,0,0,0,0,0,"N",0.10,0,0,0,0,0,0,0,"N",-1,-50.0,0,0,0,0,0,0,0,0,0,0,0,0,0,0
"06085","5","324121","78","0","2024","4","N",1,0,0,0,0,0,0,0,"N",0.13,0,0,0,0,0,0,0,"N",0,0.0,0,0,0,0,0,0,0,0,0,0,0,0,0,0
"06085","5","325","75","0","2024","4","",96,2133,2122,2050,94599644,547947,20922,3462,"",0.53,0.33,0.33,0.32,0.19,0.23,0.30,0.57,"",1,1.1,94,4.6,74,3.6,-17,-0.8,11964765,14.5,-156819,-22.3,-3479,-14.3,363,11.7
"06085","5","3251","76","0","2024","4","",14,147,145,145,6590661,104715,3380,3480,"",0.49,0.13,0.13,0.13,0.07,0.36,0.44,0.53,"",-1,-6.7,-7,-4.5,-8,-5.2,-11,-7.1,58801,0.9,1298,1.3,-467,-12.1,224,6.9
"06085","5","32512","77","0","2024","4","",4,63,59,58,2555919,38094,1418,3277,"",0.60,0.40,0.37,0.36,0.18,0.84,1.23,0.47,"N",0,0.0,0,0,0,0,0,0,0,0,0,0,0,0,0,0
"06085","5","325120","78","0","2024","4","",4,63,59,58,2555919,38094,1418,3277,"",0.60,0.40,0.37,0.36,0.18,0.84,1.23,0.47,"N",0,0.0,0,0,0,0,0,0,0,0,0,0,0,0,0,0
"06085","5","32518","77","0","2024","4","",3,4,4,4,111051,3938,134,2136,"",0.41,0.01,0.01,0.01,0.00,0.05,0.07,0.34,"N",2,200.0,0,0,0,0,0,0,0,0,0,0,0,0,0,0
"06085","5","325180","78","0","2024","4","",3,4,4,4,111051,3938,134,2136,"",0.41,0.01,0.01,0.01,0.00,0.05,0.07,0.34,"N",2,200.0,0,0,0,0,0,0,0,0,0,0,0,0,0,0
"06085","5","32519","77","0","2024","4","",7,80,82,83,3923691,62683,1828,3696,"",0.63,0.20,0.21,0.21,0.12,0.49,0.52,0.60,"N",-3,-30.0,0,0,0,0,0,0,0,0,0,0,0,0,0,0
"06085","5","325199","78","0","2024","4","",7,80,82,83,3923691,62683,1828,3696,"",0.80,0.27,0.28,0.28,0.16,0.71,0.73,0.59,"N",-3,-30.0,0,0,0,0,0,0,0,0,0,0,0,0,0,0
"06085","5","3252","76","0","2024","4","N",7,0,0,0,0,0,0,0,"N",0.48,0,0,0,0,0,0,0,"N",-1,-12.5,0,0,0,0,0,0,0,0,0,0,0,0,0,0
"06085","5","32521","77","0","2024","4","N",6,0,0,0,0,0,0,0,"N",0.47,0,0,0,0,0,0,0,"N",-1,-14.3,0,0,0,0,0,0,0,0,0,0,0,0,0,0
"06085","5","325211","78","0","2024","4","N",5,0,0,0,0,0,0,0,"N",0.44,0,0,0,0,0,0,0,"N",-1,-16.7,0,0,0,0,0,0,0,0,0,0,0,0,0,0
"06085","5","325212","78","0","2024","4","N",1,0,0,0,0,0,0,0,"N",0.64,0,0,0,0,0,0,0,"N",0,0.0,0,0,0,0,0,0,0,0,0,0,0,0,0,0
"06085","5","32522","77","0","2024","4","N",1,0,0,0,0,0,0,0,"N",0.61,0,0,0,0,0,0,0,"N",0,0.0,0,0,0,0,0,0,0,0,0,0,0,0,0,0
"06085","5","325220","78","0","2024","4","N",1,0,0,0,0,0,0,0,"N",0.61,0,0,0,0,0,0,0,"N",0,0.0,0,0,0,0,0,0,0,0,0,0,0,0,0,0
"06085","5","3253","76","0","2024","4","N",3,0,0,0,0,0,0,0,"N",0.27,0,0,0,0,0,0,0,"N",0,0.0,0,0,0,0,0,0,0,0,0,0,0,0,0,0
"06085","5","32531","77","0","2024","4","N",2,0,0,0,0,0,0,0,"N",0.27,0,0,0,0,0,0,0,"N",0,0.0,0,0,0,0,0,0,0,0,0,0,0,0,0,0
"06085","5","325311","78","0","2024","4","N",1,0,0,0,0,0,0,0,"N",0.40,0,0,0,0,0,0,0,"N",0,0.0,0,0,0,0,0,0,0,0,0,0,0,0,0,0
"06085","5","325314","78","0","2024","4","N",1,0,0,0,0,0,0,0,"N",0.27,0,0,0,0,0,0,0,"N",0,0.0,0,0,0,0,0,0,0,0,0,0,0,0,0,0
"06085","5","32532","77","0","2024","4","N",1,0,0,0,0,0,0,0,"N",0.28,0,0,0,0,0,0,0,"N",0,0.0,0,0,0,0,0,0,0,0,0,0,0,0,0,0
"06085","5","325320","78","0","2024","4","N",1,0,0,0,0,0,0,0,"N",0.28,0,0,0,0,0,0,0,"N",0,0.0,0,0,0,0,0,0,0,0,0,0,0,0,0,0
"06085","5","3254","76","0","2024","4","",43,1461,1464,1404,70339118,291530,12613,3750,"",0.79,0.59,0.59,0.56,0.32,0.27,0.39,0.55,"",0,0.0,55,3.9,54,3.8,-18,-1.3,8679907,14.1,-143494,-33.0,-2875,-18.6,393,11.7
"06085","5","32541","77","0","2024","4","",43,1461,1464,1404,70339118,291530,12613,3750,"",0.79,0.59,0.59,0.56,0.32,0.27,0.39,0.55,"",0,0.0,55,3.9,54,3.8,-18,-1.3,8679907,14.1,-143494,-33.0,-2875,-18.6,393,11.7
"06085","5","325412","78","0","2024","4","",23,616,628,609,27145610,78840,2753,3381,"",0.66,0.38,0.38,0.37,0.18,0.12,0.13,0.48,"",2,9.5,-48,-7.2,-35,-5.3,-64,-9.5,-4310139,-13.7,-117697,-59.9,-3335,-54.8,-249,-6.9
"06085","5","325413","78","0","2024","4","N",15,0,0,0,0,0,0,0,"N",4.25,0,0,0,0,0,0,0,"N",0,0.0,0,0,0,0,0,0,0,0,0,0,0,0,0,0
"06085","5","325414","78","0","2024","4","N",5,0,0,0,0,0,0,0,"N",0.88,0,0,0,0,0,0,0,"N",-2,-28.6,0,0,0,0,0,0,0,0,0,0,0,0,0,0
"06085","5","3255","76","0","2024","4","",10,107,97,84,3389313,23268,484,2716,"",0.55,0.23,0.21,0.18,0.11,0.15,0.10,0.56,"N",2,25.0,0,0,0,0,0,0,0,0,0,0,0,0,0,0
"06085","5","32551","77","0","2024","4","",6,85,74,62,1226737,23268,484,1281,"",0.47,0.28,0.25,0.21,0.07,0.24,0.16,0.27,"",2,50.0,33,63.5,16,27.6,8,14.8,365134,42.4,-13922,-37.4,-128,-20.9,69,5.7
"06085","5","325510","78","0","2024","4","",6,85,74,62,1226737,23268,484,1281,"",0.47,0.28,0.25,0.21,0.07,0.24,0.16,0.27,"",2,50.0,33,63.5,16,27.6,8,14.8,365134,42.4,-13922,-37.4,-128,-20.9,69,5.7
"06085","5","32552","77","0","2024","4","",4,22,23,22,2162576,0,0,7449,"",0.75,0.13,0.13,0.13,0.19,0.00,0.00,1.47,"N",0,0.0,0,0,0,0,0,0,0,0,0,0,0,0,0,0
"06085","5","325520","78","0","2024","4","",4,22,23,22,2162576,0,0,7449,"",0.75,0.13,0.13,0.13,0.19,0.00,0.00,1.47,"N",0,0.0,0,0,0,0,0,0,0,0,0,0,0,0,0,0
"06085","5","3256","76","0","2024","4","",10,90,91,92,2621128,23563,683,2216,"",0.35,0.11,0.11,0.11,0.05,0.06,0.06,0.44,"",0,0.0,-14,-13.5,-14,-13.3,-13,-12.4,-749,0.0,-15375,-39.5,-734,-51.8,289,15.0
"06085","5","32561","77","0","2024","4","N",5,0,0,0,0,0,0,0,"N",0.32,0,0,0,0,0,0,0,"N",0,0.0,0,0,0,0,0,0,0,0,0,0,0,0,0,0
"06085","5","325611","78","0","2024","4","N",1,0,0,0,0,0,0,0,"N",0.12,0,0,0,0,0,0,0,"N",1,100.0,0,0,0,0,0,0,0,0,0,0,0,0,0,0
"06085","5","325612","78","0","2024","4","N",4,0,0,0,0,0,0,0,"N",0.66,0,0,0,0,0,0,0,"N",-1,-20.0,0,0,0,0,0,0,0,0,0,0,0,0,0,0
"06085","5","32562","77","0","2024","4","N",5,0,0,0,0,0,0,0,"N",0.39,0,0,0,0,0,0,0,"N",0,0.0,0,0,0,0,0,0,0,0,0,0,0,0,0,0
"06085","5","325620","78","0","2024","4","N",5,0,0,0,0,0,0,0,"N",0.39,0,0,0,0,0,0,0,"N",0,0.0,0,0,0,0,0,0,0,0,0,0,0,0,0,0
"06085","5","3259","76","0","2024","4","",9,201,200,200,7280799,65018,1911,2796,"",0.36,0.35,0.35,0.35,0.19,0.29,0.27,0.56,"",1,12.5,22,12.3,24,13.6,19,10.5,1330646,22.4,19922,44.2,773,67.9,234,9.1
"06085","5","32591","77","0","2024","4","N",1,0,0,0,0,0,0,0,"N",0.32,0,0,0,0,0,0,0,"N",0,0.0,0,0,0,0,0,0,0,0,0,0,0,0,0,0
"06085","5","325910","78","0","2024","4","N",1,0,0,0,0,0,0,0,"N",0.32,0,0,0,0,0,0,0,"N",0,0.0,0,0,0,0,0,0,0,0,0,0,0,0,0,0
"06085","5","32599","77","0","2024","4","N",8,0,0,0,0,0,0,0,"N",0.38,0,0,0,0,0,0,0,"N",1,14.3,0,0,0,0,0,0,0,0,0,0,0,0,0,0
"06085","5","325992","78","0","2024","4","N",1,0,0,0,0,0,0,0,"N",0.70,0,0,0,0,0,0,0,"N",0,0.0,0,0,0,0,0,0,0,0,0,0,0,0,0,0
"06085","5","325998","78","0","2024","4","N",7,0,0,0,0,0,0,0,"N",0.43,0,0,0,0,0,0,0,"N",1,16.7,0,0,0,0,0,0,0,0,0,0,0,0,0,0
"06085","5","326","75","0","2024","4","",13,164,164,163,2855593,23071,1058,1342,"",0.13,0.03,0.03,0.03,0.01,0.01,0.02,0.35,"",-1,-7.1,-9,-5.2,-10,-5.7,-8,-4.7,-177845,-5.9,-9453,-29.1,-578,-35.3,-9,-0.7
"06085","5","3261","76","0","2024","4","N",12,0,0,0,0,0,0,0,"N",0.14,0,0,0,0,0,0,0,"N",0,0.0,0,0,0,0,0,0,0,0,0,0,0,0,0,0
"06085","5","32611","77","0","2024","4","N",2,0,0,0,0,0,0,0,"N",0.16,0,0,0,0,0,0,0,"N",0,0.0,0,0,0,0,0,0,0,0,0,0,0,0,0,0
"06085","5","326112","78","0","2024","4","N",1,0,0,0,0,0,0,0,"N",0.22,0,0,0,0,0,0,0,"N",0,0.0,0,0,0,0,0,0,0,0,0,0,0,0,0,0
"06085","5","326113","78","0","2024","4","N",1,0,0,0,0,0,0,0,"N",0.26,0,0,0,0,0,0,0,"N",0,0.0,0,0,0,0,0,0,0,0,0,0,0,0,0,0
"06085","5","32612","77","0","2024","4","N",1,0,0,0,0,0,0,0,"N",0.13,0,0,0,0,0,0,0,"N",0,0.0,0,0,0,0,0,0,0,0,0,0,0,0,0,0
"06085","5","326121","78","0","2024","4","N",1,0,0,0,0,0,0,0,"N",0.32,0,0,0,0,0,0,0,"N",0,0.0,0,0,0,0,0,0,0,0,0,0,0,0,0,0
"06085","5","32613","77","0","2024","4","N",1,0,0,0,0,0,0,0,"N",0.33,0,0,0,0,0,0,0,"N",0,0.0,0,0,0,0,0,0,0,0,0,0,0,0,0,0
"06085","5","326130","78","0","2024","4","N",1,0,0,0,0,0,0,0,"N",0.33,0,0,0,0,0,0,0,"N",0,0.0,0,0,0,0,0,0,0,0,0,0,0,0,0,0
"06085","5","32614","77","0","2024","4","N",2,0,0,0,0,0,0,0,"N",0.48,0,0,0,0,0,0,0,"N",0,0.0,0,0,0,0,0,0,0,0,0,0,0,0,0,0
"06085","5","326140","78","0","2024","4","N",2,0,0,0,0,0,0,0,"N",0.48,0,0,0,0,0,0,0,"N",0,0.0,0,0,0,0,0,0,0,0,0,0,0,0,0,0
"06085","5","32615","77","0","2024","4","N",1,0,0,0,0,0,0,0,"N",0.16,0,0,0,0,0,0,0,"N",0,0.0,0,0,0,0,0,0,0,0,0,0,0,0,0,0
"06085","5","326150","78","0","2024","4","N",1,0,0,0,0,0,0,0,"N",0.16,0,0,0,0,0,0,0,"N",0,0.0,0,0,0,0,0,0,0,0,0,0,0,0,0,0
"06085","5","32619","77","0","2024","4","",5,25,24,24,612662,11461,393,1937,"",0.10,0.01,0.01,0.01,0.01,0.01,0.01,0.52,"",0,0.0,-5,-16.7,-6,-20.0,-5,-17.2,-74987,-10.9,3266,39.9,80,25.6,154,8.6
"06085","5","326199","78","0","2024","4","",5,25,24,24,612662,11461,393,1937,"",0.11,0.01,0.01,0.01,0.01,0.01,0.01,0.52,"",0,0.0,-5,-16.7,-6,-20.0,-5,-17.2,-74987,-10.9,3266,39.9,80,25.6,154,8.6
"06085","5","3262","76","0","2024","4","N",1,0,0,0,0,0,0,0,"N",0.07,0,0,0,0,0,0,0,"N",-1,-50.0,0,0,0,0,0,0,0,0,0,0,0,0,0,0
"06085","5","32629","77","0","2024","4","N",1,0,0,0,0,0,0,0,"N",0.12,0,0,0,0,0,0,0,"N",0,0.0,0,0,0,0,0,0,0,0,0,0,0,0,0,0
"06085","5","326291","78","0","2024","4","N",1,0,0,0,0,0,0,0,"N",0.29,0,0,0,0,0,0,0,"N",0,0.0,0,0,0,0,0,0,0,0,0,0,0,0,0,0
"06085","5","327","75","0","2024","4","",46,956,934,889,23717895,359922,10081,1970,"",0.37,0.32,0.31,0.30,0.14,0.23,0.17,0.46,"",0,0.0,12,1.3,13,1.4,-39,-4.2,-2568491,-9.8,4558,1.3,513,5.4,-202,-9.3
"06085","5","3271","76","0","2024","4","",4,58,64,59,393317,51659,1654,501,"",0.38,0.24,0.26,0.24,0.03,0.48,0.45,0.13,"N",1,33.3,0,0,0,0,0,0,0,0,0,0,0,0,0,0
"06085","5","32711","77","0","2024","4","N",3,0,0,0,0,0,0,0,"N",0.53,0,0,0,0,0,0,0,"N",0,0.0,0,0,0,0,0,0,0,0,0,0,0,0,0,0
"06085","5","327110","78","0","2024","4","N",3,0,0,0,0,0,0,0,"N",0.53,0,0,0,0,0,0,0,"N",0,0.0,0,0,0,0,0,0,0,0,0,0,0,0,0,0
"06085","5","32712","77","0","2024","4","N",1,0,0,0,0,0,0,0,"N",0.21,0,0,0,0,0,0,0,"N",1,100.0,0,0,0,0,0,0,0,0,0,0,0,0,0,0
"06085","5","327120","78","0","2024","4","N",1,0,0,0,0,0,0,0,"N",0.21,0,0,0,0,0,0,0,"N",1,100.0,0,0,0,0,0,0,0,0,0,0,0,0,0,0
"06085","5","3272","76","0","2024","4","",10,95,96,97,1900719,39513,991,1523,"",0.71,0.17,0.17,0.17,0.07,0.13,0.11,0.39,"N",-2,-16.7,0,0,0,0,0,0,0,0,0,0,0,0,0,0
"06085","5","32721","77","0","2024","4","",10,95,96,97,1900719,39513,991,1523,"",0.71,0.17,0.17,0.17,0.07,0.13,0.11,0.39,"N",-2,-16.7,0,0,0,0,0,0,0,0,0,0,0,0,0,0
"06085","5","327212","78","0","2024","4","",3,23,24,24,581123,17108,496,1889,"",1.00,0.30,0.31,0.31,0.14,0.42,0.33,0.46,"N",-1,-25.0,0,0,0,0,0,0,0,0,0,0,0,0,0,0
"06085","5","327215","78","0","2024","4","",7,72,72,73,1319596,22405,495,1403,"",0.81,0.23,0.23,0.23,0.09,0.12,0.09,0.38,"",-1,-12.5,-73,-50.3,-61,-45.9,-55,-43.0,-4135649,-75.8,-5819,-20.6,-268,-35.1,-1698,-54.8
"06085","5","3273","76","0","2024","4","",14,393,394,388,13082850,113704,3132,2569,"",0.21,0.26,0.26,0.26,0.15,0.14,0.09,0.57,"",-1,-6.7,-8,-2.0,-4,-1.0,-10,-2.5,120345,0.9,31491,38.3,817,35.3,70,2.8
"06085","5","32731","77","0","2024","4","N",1,0,0,0,0,0,0,0,"N",0.31,0,0,0,0,0,0,0,"N",0,0.0,0,0,0,0,0,0,0,0,0,0,0,0,0,0
"06085","5","327310","78","0","2024","4","N",1,0,0,0,0,0,0,0,"N",0.31,0,0,0,0,0,0,0,"N",0,0.0,0,0,0,0,0,0,0,0,0,0,0,0,0,0
"06085","5","32732","77","0","2024","4","",10,359,361,354,11997647,105245,2794,2578,"",0.25,0.46,0.47,0.47,0.26,0.27,0.12,0.57,"",0,0.0,-10,-2.7,-5,-1.4,-12,-3.3,92803,0.8,34354,48.5,864,44.8,83,3.3
"06085","5","327320","78","0","2024","4","",10,359,361,354,11997647,105245,2794,2578,"",0.25,0.46,0.47,0.47,0.26,0.27,0.12,0.57,"",0,0.0,-10,-2.7,-5,-1.4,-12,-3.3,92803,0.8,34354,48.5,864,44.8,83,3.3
"06085","5","32733","77","0","2024","4","N",2,0,0,0,0,0,0,0,"N",0.26,0,0,0,0,0,0,0,"N",0,0.0,0,0,0,0,0,0,0,0,0,0,0,0,0,0
"06085","5","327331","78","0","2024","4","N",2,0,0,0,0,0,0,0,"N",0.33,0,0,0,0,0,0,0,"N",0,0.0,0,0,0,0,0,0,0,0,0,0,0,0,0,0
"06085","5","32739","77","0","2024","4","N",1,0,0,0,0,0,0,0,"N",0.07,0,0,0,0,0,0,0,"N",-1,-50.0,0,0,0,0,0,0,0,0,0,0,0,0,0,0
"06085","5","327390","78","0","2024","4","N",1,0,0,0,0,0,0,0,"N",0.07,0,0,0,0,0,0,0,"N",-1,-50.0,0,0,0,0,0,0,0,0,0,0,0,0,0,0
"06085","5","3279","76","0","2024","4","",18,410,380,345,8341009,155046,4304,1696,"",0.58,0.71,0.66,0.60,0.28,0.52,0.49,0.42,"",2,12.5,83,25.4,59,18.4,16,4.9,1299600,18.5,-13001,-7.7,195,4.7,33,2.0
"06085","5","32791","77","0","2024","4","N",2,0,0,0,0,0,0,0,"N",0.72,0,0,0,0,0,0,0,"N",0,0.0,0,0,0,0,0,0,0,0,0,0,0,0,0,0
"06085","5","327910","78","0","2024","4","N",2,0,0,0,0,0,0,0,"N",0.72,0,0,0,0,0,0,0,"N",0,0.0,0,0,0,0,0,0,0,0,0,0,0,0,0,0
"06085","5","32799","77","0","2024","4","N",16,0,0,0,0,0,0,0,"N",0.57,0,0,0,0,0,0,0,"N",2,14.3,0,0,0,0,0,0,0,0,0,0,0,0,0,0
"06085","5","327991","78","0","2024","4","",7,216,190,156,3684739,89336,1496,1513,"",0.34,0.88,0.77,0.64,0.33,0.53,0.33,0.44,"",0,0.0,76,54.3,51,36.7,11,7.6,1257128,51.8,-51093,-36.4,-1731,-53.6,192,14.5
"06085","5","327993","78","0","2024","4","N",2,0,0,0,0,0,0,0,"N",0.96,0,0,0,0,0,0,0,"N",1,100.0,0,0,0,0,0,0,0,0,0,0,0,0,0,0
"06085","5","327999","78","0","2024","4","",7,79,78,74,1479134,31907,910,1478,"",1.71,0.89,0.88,0.82,0.29,0.68,0.69,0.34,"",1,16.7,-3,-3.7,-3,-3.7,-6,-7.5,-309911,-17.3,17817,126.5,569,166.9,-221,-13.0
"06085","5","331","75","0","2024","4","",9,103,103,101,2348136,48764,1182,1765,"",0.21,0.04,0.04,0.04,0.01,0.05,0.04,0.36,"",-1,-10.0,32,45.1,30,41.1,28,38.4,1077628,84.8,20571,73.0,356,43.1,414,30.6
"06085","5","3311","76","0","2024","4","N",1,0,0,0,0,0,0,0,"N",0.13,0,0,0,0,0,0,0,"N",0,0.0,0,0,0,0,0,0,0,0,0,0,0,0,0,0
"06085","5","33111","77","0","2024","4","N",1,0,0,0,0,0,0,0,"N",0.13,0,0,0,0,0,0,0,"N",0,0.0,0,0,0,0,0,0,0,0,0,0,0,0,0,0
"06085","5","331110","78","0","2024","4","N",1,0,0,0,0,0,0,0,"N",0.13,0,0,0,0,0,0,0,"N",0,0.0,0,0,0,0,0,0,0,0,0,0,0,0,0,0
"06085","5","3312","76","0","2024","4","N",1,0,0,0,0,0,0,0,"N",0.10,0,0,0,0,0,0,0,"N",-2,-66.7,0,0,0,0,0,0,0,0,0,0,0,0,0,0
"06085","5","33122","77","0","2024","4","N",1,0,0,0,0,0,0,0,"N",0.18,0,0,0,0,0,0,0,"N",-2,-66.7,0,0,0,0,0,0,0,0,0,0,0,0,0,0
"06085","5","331221","78","0","2024","4","N",1,0,0,0,0,0,0,0,"N",0.27,0,0,0,0,0,0,0,"N",-1,-50.0,0,0,0,0,0,0,0,0,0,0,0,0,0,0
"06085","5","3314","76","0","2024","4","",5,94,95,93,2196720,47179,1128,1798,"",0.63,0.21,0.21,0.21,0.08,0.26,0.20,0.37,"",1,25.0,34,56.7,34,55.7,33,55.0,1187254,117.6,32986,232.4,645,133.5,511,39.7
"06085","5","33141","77","0","2024","4","N",1,0,0,0,0,0,0,0,"N",0.80,0,0,0,0,0,0,0,"N",0,0.0,0,0,0,0,0,0,0,0,0,0,0,0,0,0
"06085","5","331410","78","0","2024","4","N",1,0,0,0,0,0,0,0,"N",0.80,0,0,0,0,0,0,0,"N",0,0.0,0,0,0,0,0,0,0,0,0,0,0,0,0,0
"06085","5","33149","77","0","2024","4","N",4,0,0,0,0,0,0,0,"N",0.93,0,0,0,0,0,0,0,"N",1,33.3,0,0,0,0,0,0,0,0,0,0,0,0,0,0
"06085","5","331491","78","0","2024","4","N",2,0,0,0,0,0,0,0,"N",0.82,0,0,0,0,0,0,0,"N",0,0.0,0,0,0,0,0,0,0,0,0,0,0,0,0,0
"06085","5","331492","78","0","2024","4","N",2,0,0,0,0,0,0,0,"N",1.07,0,0,0,0,0,0,0,"N",1,100.0,0,0,0,0,0,0,0,0,0,0,0,0,0,0
"06085","5","3315","76","0","2024","4","N",2,0,0,0,0,0,0,0,"N",0.17,0,0,0,0,0,0,0,"N",0,0.0,0,0,0,0,0,0,0,0,0,0,0,0,0,0
"06085","5","33152","77","0","2024","4","N",2,0,0,0,0,0,0,0,"N",0.30,0,0,0,0,0,0,0,"N",1,100.0,0,0,0,0,0,0,0,0,0,0,0,0,0,0
"06085","5","331524","78","0","2024","4","N",2,0,0,0,0,0,0,0,"N",0.81,0,0,0,0,0,0,0,"N",1,100.0,0,0,0,0,0,0,0,0,0,0,0,0,0,0
"06085","5","332","75","0","2024","4","",547,9107,9090,9043,184894335,4614711,166976,1566,"",1.27,0.89,0.89,0.88,0.33,0.93,1.10,0.37,"",-13,-2.3,-337,-3.6,-246,-2.6,-237,-2.6,-5744678,-3.0,1043007,29.2,48640,41.1,-2,-0.1
"06085","5","3321","76","0","2024","4","N",5,0,0,0,0,0,0,0,"N",0.31,0,0,0,0,0,0,0,"N",1,25.0,0,0,0,0,0,0,0,0,0,0,0,0,0,0
"06085","5","33211","77","0","2024","4","N",5,0,0,0,0,0,0,0,"N",0.31,0,0,0,0,0,0,0,"N",1,25.0,0,0,0,0,0,0,0,0,0,0,0,0,0,0
"06085","5","332114","78","0","2024","4","N",1,0,0,0,0,0,0,0,"N",0.58,0,0,0,0,0,0,0,"N",0,0.0,0,0,0,0,0,0,0,0,0,0,0,0,0,0
"06085","5","332117","78","0","2024","4","N",1,0,0,0,0,0,0,0,"N",0.79,0,0,0,0,0,0,0,"N",1,100.0,0,0,0,0,0,0,0,0,0,0,0,0,0,0
"06085","5","332119","78","0","2024","4","N",3,0,0,0,0,0,0,0,"N",0.34,0,0,0,0,0,0,0,"N",0,0.0,0,0,0,0,0,0,0,0,0,0,0,0,0,0
"06085","5","3322","76","0","2024","4","",15,98,97,95,2143734,159991,5507,1706,"",1.51,0.41,0.41,0.40,0.16,1.18,1.38,0.39,"",1,7.1,-10,-9.3,-9,-8.5,-20,-17.4,-143159,-6.3,51138,47.0,2089,61.1,102,6.4
"06085","5","33221","77","0","2024","4","",15,98,97,95,2143734,159991,5507,1706,"",1.51,0.41,0.41,0.40,0.16,1.18,1.38,0.39,"",1,7.1,-10,-9.3,-9,-8.5,-20,-17.4,-143159,-6.3,51138,47.0,2089,61.1,102,6.4
"06085","5","332215","78","0","2024","4","",6,31,29,29,1114235,110051,3719,2889,"",2.23,0.47,0.44,0.43,0.27,2.05,2.22,0.60,"",2,50.0,2,6.9,0,0.0,0,0.0,92821,9.1,91260,485.7,3106,506.7,180,6.6
"06085","5","332216","78","0","2024","4","",9,67,68,66,1029499,49940,1788,1182,"",1.24,0.39,0.40,0.39,0.11,0.61,0.77,0.28,"",-1,-10.0,-12,-15.2,-9,-11.7,-20,-23.3,-235980,-18.6,-40122,-44.5,-1017,-36.3,-25,-2.1
"06085","5","3323","76","0","2024","4","",85,2631,2628,2621,51095891,1146925,43143,1496,"",0.72,0.89,0.89,0.88,0.31,0.70,0.86,0.35,"",3,3.7,-106,-3.9,-74,-2.7,-96,-3.5,-6539162,-11.3,62132,5.7,9416,27.9,-135,-8.3
"06085","5","33231","77","0","2024","4","",14,222,216,215,5842307,153403,5645,2065,"",0.27,0.17,0.16,0.16,0.07,0.21,0.26,0.44,"",2,16.7,21,10.4,13,6.4,12,5.9,367272,6.7,-42512,-21.7,-1156,-17.0,-16,-0.8
"06085","5","332311","78","0","2024","4","N",2,0,0,0,0,0,0,0,"N",0.19,0,0,0,0,0,0,0,"N",0,0.0,0,0,0,0,0,0,0,0,0,0,0,0,0,0
"06085","5","332312","78","0","2024","4","N",9,0,0,0,0,0,0,0,"N",0.32,0,0,0,0,0,0,0,"N",2,28.6,0,0,0,0,0,0,0,0,0,0,0,0,0,0
"06085","5","332313","78","0","2024","4","",3,101,97,101,2125666,81279,2714,1641,"",0.22,0.29,0.28,0.29,0.11,0.47,0.51,0.37,"",0,0.0,24,31.2,20,26.0,18,21.7,446024,26.6,7502,10.2,425,18.6,6,0.4
"06085","5","33232","77","0","2024","4","",71,2409,2412,2406,45253584,993522,37498,1445,"",1.07,1.48,1.48,1.48,0.54,1.11,1.33,0.36,"",1,1.4,-127,-5.0,-87,-3.5,-108,-4.3,-6906434,-13.2,104644,11.8,10572,39.3,-150,-9.4
"06085","5","332321","78","0","2024","4","",9,121,112,115,2316688,77331,2124,1536,"",0.82,0.25,0.23,0.24,0.10,0.38,0.37,0.41,"",0,0.0,21,21.0,13,13.1,14,13.9,408548,21.4,11773,18.0,640,43.1,68,4.6
"06085","5","332322","78","0","2024","4","",47,2137,2150,2141,39120298,880557,34022,1404,"",1.47,2.59,2.61,2.59,0.90,1.85,2.20,0.35,"",-2,-4.1,-134,-5.9,-84,-3.8,-105,-4.7,-6983230,-15.1,161891,22.5,12410,57.4,-172,-10.9
"06085","5","332323","78","0","2024","4","",15,151,150,150,3816598,35634,1352,1953,"",0.64,0.47,0.47,0.47,0.23,0.17,0.19,0.48,"",3,25.0,-14,-8.5,-16,-9.6,-17,-10.2,-331752,-8.0,-69020,-66.0,-2478,-64.7,31,1.6
"06085","5","3324","76","0","2024","4","N",1,0,0,0,0,0,0,0,"N",0.07,0,0,0,0,0,0,0,"N",0,0.0,0,0,0,0,0,0,0,0,0,0,0,0,0,0
"06085","5","33243","77","0","2024","4","N",1,0,0,0,0,0,0,0,"N",0.19,0,0,0,0,0,0,0,"N",0,0.0,0,0,0,0,0,0,0,0,0,0,0,0,0,0
"06085","5","332439","78","0","2024","4","N",1,0,0,0,0,0,0,0,"N",0.29,0,0,0,0,0,0,0,"N",0,0.0,0,0,0,0,0,0,0,0,0,0,0,0,0,0
"06085","5","3325","76","0","2024","4","N",2,0,0,0,0,0,0,0,"N",0.32,0,0,0,0,0,0,0,"N",-2,-50.0,0,0,0,0,0,0,0,0,0,0,0,0,0,0
"06085","5","33251","77","0","2024","4","N",2,0,0,0,0,0,0,0,"N",0.32,0,0,0,0,0,0,0,"N",-2,-50.0,0,0,0,0,0,0,0,0,0,0,0,0,0,0
"06085","5","332510","78","0","2024","4","N",2,0,0,0,0,0,0,0,"N",0.32,0,0,0,0,0,0,0,"N",-2,-50.0,0,0,0,0,0,0,0,0,0,0,0,0,0,0
"06085","5","3326","76","0","2024","4","",9,111,113,109,2195227,28383,676,1521,"",0.99,0.40,0.41,0.40,0.16,0.23,0.19,0.38,"",0,0.0,-16,-12.6,-16,-12.4,-12,-9.9,-452806,-17.1,-24353,-46.2,-1053,-60.9,-100,-6.2
"06085","5","33261","77","0","2024","4","",9,111,113,109,2195227,28383,676,1521,"",0.99,0.40,0.41,0.40,0.16,0.23,0.19,0.38,"",0,0.0,-16,-12.6,-16,-12.4,-12,-9.9,-452806,-17.1,-24353,-46.2,-1053,-60.9,-100,-6.2
"06085","5","332613","78","0","2024","4","",3,37,38,38,756508,6964,104,1545,"",1.05,0.34,0.35,0.35,0.13,0.20,0.09,0.38,"",0,0.0,-12,-24.5,-9,-19.1,-6,-13.6,-177733,-19.0,-2214,-24.1,-385,-78.7,5,0.3
"06085","5","332618","78","0","2024","4","",6,74,75,71,1438719,21419,572,1509,"",0.95,0.45,0.45,0.43,0.17,0.24,0.24,0.39,"",0,0.0,-4,-5.1,-7,-8.5,-6,-7.8,-275073,-16.1,-22139,-50.8,-668,-53.9,-160,-9.6
"06085","5","3327","76","0","2024","4","",344,4377,4358,4312,94337161,2644828,100331,1669,"",2.32,1.85,1.84,1.82,0.76,2.43,3.05,0.41,"",-14,-3.9,-150,-3.3,-131,-2.9,-126,-2.8,1333305,1.4,948951,56.0,40891,68.8,74,4.6
"06085","5","33271","77","0","2024","4","",326,4199,4180,4133,90748996,2580002,98535,1674,"",2.47,2.28,2.27,2.24,0.94,2.83,3.67,0.42,"",-15,-4.4,-125,-2.9,-101,-2.4,-102,-2.4,1965821,2.2,964976,59.7,42252,75.1,78,4.9
"06085","5","332710","78","0","2024","4","",326,4199,4180,4133,90748996,2580002,98535,1674,"",2.47,2.28,2.27,2.24,0.94,2.83,3.67,0.42,"",-15,-4.4,-125,-2.9,-101,-2.4,-102,-2.4,1965821,2.2,964976,59.7,42252,75.1,78,4.9
"06085","5","33272","77","0","2024","4","",18,178,178,179,3588165,64826,1796,1548,"",1.09,0.34,0.34,0.34,0.13,0.36,0.30,0.38,"",1,5.9,-25,-12.3,-30,-14.4,-24,-11.8,-632516,-15.0,-16025,-19.8,-1361,-43.1,-38,-2.4
"06085","5","332721","78","0","2024","4","N",16,0,0,0,0,0,0,0,"N",1.47,0,0,0,0,0,0,0,"N",2,14.3,0,0,0,0,0,0,0,0,0,0,0,0,0,0
"06085","5","332722","78","0","2024","4","N",2,0,0,0,0,0,0,0,"N",0.36,0,0,0,0,0,0,0,"N",-1,-33.3,0,0,0,0,0,0,0,0,0,0,0,0,0,0
"06085","5","3328","76","0","2024","4","",60,1247,1242,1245,21642076,455746,11333,1338,"",1.38,1.35,1.35,1.35,0.49,1.00,0.77,0.36,"",-4,-6.2,-69,-5.2,-56,-4.3,-31,-2.4,-580491,-2.6,25350,5.9,-685,-5.7,20,1.5
"06085","5","33281","77","0","2024","4","",60,1247,1242,1245,21642076,455746,11333,1338,"",1.38,1.35,1.35,1.35,0.49,1.00,0.77,0.36,"",-4,-6.2,-69,-5.2,-56,-4.3,-31,-2.4,-580491,-2.6,25350,5.9,-685,-5.7,20,1.5
"06085","5","332811","78","0","2024","4","",4,38,38,38,745627,20548,742,1509,"",0.82,0.29,0.30,0.30,0.10,0.40,0.34,0.34,"",0,0.0,-1,-2.6,0,0.0,1,2.7,-29622,-3.8,17817,652.4,600,422.5,-60,-3.8
"06085","5","332812","78","0","2024","4","",25,415,422,424,6640102,156718,4488,1215,"",1.15,0.99,1.00,1.01,0.34,0.68,0.63,0.34,"",-1,-3.8,-51,-10.9,-44,-9.4,-23,-5.1,-737732,-10.0,21191,15.6,-121,-2.6,-20,-1.6
"06085","5","332813","78","0","2024","4","",31,794,782,783,14256347,278480,6103,1395,"",1.85,2.12,2.09,2.10,0.81,1.63,1.12,0.38,"",-3,-8.8,-17,-2.1,-12,-1.5,-9,-1.1,186863,1.3,-13658,-4.7,-1164,-16.0,40,3.0
"06085","5","3329","76","0","2024","4","",26,279,283,280,6123335,80415,2786,1678,"",0.40,0.14,0.14,0.14,0.05,0.09,0.11,0.36,"",2,8.3,27,10.7,43,17.9,45,19.1,-63728,-1.0,-67569,-45.7,-3822,-57.8,-286,-14.6
"06085","5","33291","77","0","2024","4","",6,29,30,32,687672,13698,501,1744,"",0.43,0.05,0.05,0.05,0.02,0.06,0.09,0.35,"",1,20.0,5,20.8,7,30.4,8,33.3,-32062,-4.5,12042,727.2,476,1904.0,-595,-25.4
"06085","5","332912","78","0","2024","4","N",2,0,0,0,0,0,0,0,"N",0.49,0,0,0,0,0,0,0,"N",0,0.0,0,0,0,0,0,0,0,0,0,0,0,0,0,0
"06085","5","332913","78","0","2024","4","N",2,0,0,0,0,0,0,0,"N",1.00,0,0,0,0,0,0,0,"N",1,100.0,0,0,0,0,0,0,0,0,0,0,0,0,0,0
"06085","5","332919","78","0","2024","4","N",2,0,0,0,0,0,0,0,"N",0.83,0,0,0,0,0,0,0,"N",0,0.0,0,0,0,0,0,0,0,0,0,0,0,0,0,0
"06085","5","33299","77","0","2024","4","",20,250,253,248,5435663,66717,2285,1670,"",0.40,0.18,0.19,0.18,0.07,0.10,0.11,0.37,"",1,5.3,22,9.6,36,16.6,37,17.5,-31666,-0.6,-79611,-54.4,-4298,-65.3,-253,-13.2
"06085","5","332991","78","0","2024","4","N",1,0,0,0,0,0,0,0,"N",0.54,0,0,0,0,0,0,0,"N",0,0.0,0,0,0,0,0,0,0,0,0,0,0,0,0,0
"06085","5","332994","78","0","2024","4","N",2,0,0,0,0,0,0,0,"N",0.33,0,0,0,0,0,0,0,"N",0,0.0,0,0,0,0,0,0,0,0,0,0,0,0,0,0
"06085","5","332996","78","0","2024","4","N",1,0,0,0,0,0,0,0,"N",0.15,0,0,0,0,0,0,0,"N",0,0.0,0,0,0,0,0,0,0,0,0,0,0,0,0,0
"06085","5","332999","78","0","2024","4","",16,241,244,239,5238030,66005,2273,1670,"",0.48,0.40,0.41,0.40,0.16,0.21,0.24,0.41,"",1,6.7,23,10.6,36,17.3,38,18.9,58062,1.1,-72435,-52.3,-4054,-64.1,-237,-12.4
"06085","5","333","75","0","2024","4","",191,9891,9933,9941,795429363,1969341,59586,6167,"",0.78,1.26,1.26,1.26,1.57,0.61,0.64,1.24,"",4,2.1,-636,-6.0,-567,-5.4,-594,-5.6,39329671,5.2,-1090262,-35.6,-36244,-37.8,639,11.6
"06085","5","3331","76","0","2024","4","N",7,0,0,0,0,0,0,0,"N",0.21,0,0,0,0,0,0,0,"N",2,40.0,0,0,0,0,0,0,0,0,0,0,0,0,0,0
"06085","5","33311","77","0","2024","4","N",2,0,0,0,0,0,0,0,"N",0.14,0,0,0,0,0,0,0,"N",1,100.0,0,0,0,0,0,0,0,0,0,0,0,0,0,0
"06085","5","333111","78","0","2024","4","N",2,0,0,0,0,0,0,0,"N",0.17,0,0,0,0,0,0,0,"N",1,100.0,0,0,0,0,0,0,0,0,0,0,0,0,0,0
"06085","5","33312","77","0","2024","4","N",3,0,0,0,0,0,0,0,"N",0.37,0,0,0,0,0,0,0,"N",0,0.0,0,0,0,0,0,0,0,0,0,0,0,0,0,0
"06085","5","333120","78","0","2024","4","N",3,0,0,0,0,0,0,0,"N",0.37,0,0,0,0,0,0,0,"N",0,0.0,0,0,0,0,0,0,0,0,0,0,0,0,0,0
"06085","5","33313","77","0","2024","4","N",2,0,0,0,0,0,0,0,"N",0.17,0,0,0,0,0,0,0,"N",1,100.0,0,0,0,0,0,0,0,0,0,0,0,0,0,0
"06085","5","333131","78","0","2024","4","N",1,0,0,0,0,0,0,0,"N",0.40,0,0,0,0,0,0,0,"N",0,0.0,0,0,0,0,0,0,0,0,0,0,0,0,0,0
"06085","5","333132","78","0","2024","4","N",1,0,0,0,0,0,0,0,"N",0.11,0,0,0,0,0,0,0,"N",1,100.0,0,0,0,0,0,0,0,0,0,0,0,0,0,0
"06085","5","3332","76","0","2024","4","",74,8021,8056,8066,724208518,1209527,33489,6922,"",1.89,8.62,8.66,8.65,9.24,2.83,2.53,1.07,"",3,4.2,-549,-6.4,-484,-5.7,-511,-6.0,32708800,4.7,-1010294,-45.5,-35156,-51.2,710,11.4
"06085","5","33324","77","0","2024","4","",74,8021,8056,8066,724208518,1209527,33489,6922,"",1.89,8.62,8.66,8.65,9.24,2.83,2.53,1.07,"",3,4.2,-549,-6.4,-484,-5.7,-511,-6.0,32708800,4.7,-1010294,-45.5,-35156,-51.2,710,11.4
"06085","5","333241","78","0","2024","4","N",5,0,0,0,0,0,0,0,"N",0.74,0,0,0,0,0,0,0,"N",1,25.0,0,0,0,0,0,0,0,0,0,0,0,0,0,0
"06085","5","333242","78","0","2024","4","",52,7755,7798,7812,717937298,1130229,30939,7091,"",17.39,37.07,37.14,36.97,22.91,14.59,10.97,0.62,"",3,6.1,-155,-2.0,-94,-1.2,-88,-1.1,37082328,5.4,116174,11.5,815,2.7,462,7.0
"06085","5","333243","78","0","2024","4","N",1,0,0,0,0,0,0,0,"N",0.26,0,0,0,0,0,0,0,"N",0,0.0,0,0,0,0,0,0,0,0,0,0,0,0,0,0
"06085","5","333248","78","0","2024","4","",16,220,211,208,5444520,72250,2311,1966,"",0.63,0.45,0.43,0.43,0.17,0.34,0.35,0.39,"",-1,-5.9,-396,-64.3,-393,-65.1,-425,-67.1,-4525340,-45.4,-1131667,-94.0,-36182,-94.0,724,58.3
"06085","5","3333","76","0","2024","4","",34,871,865,858,42570819,125539,4539,3787,"",1.53,1.39,1.38,1.36,1.02,0.49,0.58,0.74,"",-2,-5.6,-126,-12.6,-130,-13.1,-119,-12.2,4004206,10.4,-34817,-21.7,-1125,-19.9,789,26.3
"06085","5","33331","77","0","2024","4","",34,871,865,858,42570819,125539,4539,3787,"",1.53,1.39,1.38,1.36,1.02,0.49,0.58,0.74,"",-2,-5.6,-126,-12.6,-130,-13.1,-119,-12.2,4004206,10.4,-34817,-21.7,-1125,-19.9,789,26.3
"06085","5","333310","78","0","2024","4","",34,871,865,858,42570819,125539,4539,3787,"",1.53,1.39,1.38,1.36,1.02,0.49,0.58,0.74,"",-2,-5.6,-126,-12.6,-130,-13.1,-119,-12.2,4004206,10.4,-34817,-21.7,-1125,-19.9,789,26.3
"06085","5","3334","76","0","2024","4","",8,136,137,137,4033457,126345,5677,2270,"",0.37,0.13,0.13,0.13,0.07,0.25,0.37,0.55,"",0,0.0,55,67.9,53,63.1,52,61.2,1316880,48.5,-65912,-34.3,-966,-14.5,-238,-9.5
"06085","5","33341","77","0","2024","4","",8,136,137,137,4033457,126345,5677,2270,"",0.37,0.13,0.13,0.13,0.07,0.25,0.37,0.55,"",0,0.0,55,67.9,53,63.1,52,61.2,1316880,48.5,-65912,-34.3,-966,-14.5,-238,-9.5
"06085","5","333413","78","0","2024","4","N",3,0,0,0,0,0,0,0,"N",0.46,0,0,0,0,0,0,0,"N",0,0.0,0,0,0,0,0,0,0,0,0,0,0,0,0,0
"06085","5","333414","78","0","2024","4","N",2,0,0,0,0,0,0,0,"N",0.51,0,0,0,0,0,0,0,"N",0,0.0,0,0,0,0,0,0,0,0,0,0,0,0,0,0
"06085","5","333415","78","0","2024","4","N",3,0,0,0,0,0,0,0,"N",0.27,0,0,0,0,0,0,0,"N",0,0.0,0,0,0,0,0,0,0,0,0,0,0,0,0,0
"06085","5","3335","76","0","2024","4","",31,297,298,298,8194112,152373,4517,2118,"",0.58,0.27,0.27,0.27,0.13,0.36,0.37,0.49,"",-1,-3.1,-20,-6.3,-24,-7.5,-28,-8.6,734428,9.8,-16851,-10.0,-833,-15.6,334,18.7
"06085","5","33351","77","0","2024","4","",31,297,298,298,8194112,152373,4517,2118,"",0.58,0.27,0.27,0.27,0.13,0.36,0.37,0.49,"",-1,-3.1,-20,-6.3,-24,-7.5,-28,-8.6,734428,9.8,-16851,-10.0,-833,-15.6,334,18.7
"06085","5","333511","78","0","2024","4","N",3,0,0,0,0,0,0,0,"N",0.29,0,0,0,0,0,0,0,"N",0,0.0,0,0,0,0,0,0,0,0,0,0,0,0,0,0
"06085","5","333514","78","0","2024","4","",5,53,53,55,1132297,14664,305,1623,"",0.29,0.15,0.15,0.15,0.06,0.11,0.08,0.37,"",-3,-37.5,-15,-22.1,-12,-18.5,-10,-15.4,-46078,-3.9,-11532,-44.0,-1087,-78.1,250,18.2
"06085","5","333515","78","0","2024","4","",6,39,42,43,1469492,15857,595,2735,"",0.77,0.26,0.28,0.29,0.19,0.28,0.38,0.67,"",1,20.0,-8,-17.0,-4,-8.7,-1,-2.3,82267,5.9,9350,143.7,443,291.4,398,17.0
"06085","5","333517","78","0","2024","4","",16,166,165,161,4964839,83415,2326,2329,"",1.10,0.56,0.55,0.54,0.29,0.74,0.65,0.53,"",1,6.7,0,0.0,-10,-5.7,-19,-10.6,629094,14.5,-45001,-35.0,-1218,-34.4,409,21.3
"06085","5","333519","78","0","2024","4","N",1,0,0,0,0,0,0,0,"N",0.37,0,0,0,0,0,0,0,"N",0,0.0,0,0,0,0,0,0,0,0,0,0,0,0,0,0
"06085","5","3336","76","0","2024","4","N",3,0,0,0,0,0,0,0,"N",0.29,0,0,0,0,0,0,0,"N",1,50.0,0,0,0,0,0,0,0,0,0,0,0,0,0,0
"06085","5","33361","77","0","2024","4","N",3,0,0,0,0,0,0,0,"N",0.29,0,0,0,0,0,0,0,"N",1,50.0,0,0,0,0,0,0,0,0,0,0,0,0,0,0
"06085","5","333611","78","0","2024","4","N",2,0,0,0,0,0,0,0,"N",0.68,0,0,0,0,0,0,0,"N",1,100.0,0,0,0,0,0,0,0,0,0,0,0,0,0,0
"06085","5","333612","78","0","2024","4","N",1,0,0,0,0,0,0,0,"N",0.50,0,0,0,0,0,0,0,"N",0,0.0,0,0,0,0,0,0,0,0,0,0,0,0,0,0
"06085","5","3339","76","0","2024","4","",34,550,561,566,15989743,329074,10411,2200,"",0.53,0.27,0.28,0.28,0.13,0.40,0.43,0.45,"",1,3.0,4,0.7,18,3.3,14,2.5,585045,3.8,51962,18.8,2608,33.4,34,1.6
"06085","5","33391","77","0","2024","4","",3,21,21,21,1257712,8901,284,4607,"",0.30,0.06,0.06,0.06,0.05,0.08,0.09,0.86,"",0,0.0,0,0.0,1,5.0,1,5.0,-18071,-1.4,803,9.9,-15,-5.0,-219,-4.5
"06085","5","333912","78","0","2024","4","N",1,0,0,0,0,0,0,0,"N",0.30,0,0,0,0,0,0,0,"N",0,0.0,0,0,0,0,0,0,0,0,0,0,0,0,0,0
"06085","5","333914","78","0","2024","4","N",2,0,0,0,0,0,0,0,"N",0.30,0,0,0,0,0,0,0,"N",0,0.0,0,0,0,0,0,0,0,0,0,0,0,0,0,0
"06085","5","33392","77","0","2024","4","",6,45,45,46,1383048,12733,476,2347,"",0.35,0.07,0.07,0.07,0.03,0.04,0.05,0.50,"",0,0.0,1,2.3,3,7.1,3,7.0,418610,43.4,-7857,-38.2,-717,-60.1,622,36.1
"06085","5","333922","78","0","2024","4","N",2,0,0,0,0,0,0,0,"N",0.25,0,0,0,0,0,0,0,"N",0,0.0,0,0,0,0,0,0,0,0,0,0,0,0,0,0
"06085","5","333923","78","0","2024","4","N",1,0,0,0,0,0,0,0,"N",0.29,0,0,0,0,0,0,0,"N",0,0.0,0,0,0,0,0,0,0,0,0,0,0,0,0,0
"06085","5","333924","78","0","2024","4","N",3,0,0,0,0,0,0,0,"N",0.89,0,0,0,0,0,0,0,"N",0,0.0,0,0,0,0,0,0,0,0,0,0,0,0,0,0
"06085","5","33399","77","0","2024","4","",25,484,495,499,13348983,307440,9651,2084,"",0.67,0.49,0.50,0.50,0.22,0.81,0.88,0.43,"",1,4.2,3,0.6,14,2.9,10,2.0,184506,1.4,59016,23.8,3340,52.9,-10,-0.5
"06085","5","333991","78","0","2024","4","N",1,0,0,0,0,0,0,0,"N",0.56,0,0,0,0,0,0,0,"N",0,0.0,0,0,0,0,0,0,0,0,0,0,0,0,0,0
"06085","5","333992","78","0","2024","4","",4,25,26,25,393559,15510,400,1195,"",0.68,0.23,0.23,0.22,0.05,0.41,0.37,0.21,"",0,0.0,-2,-7.4,-3,-10.3,-5,-16.7,-146277,-27.1,-12408,-44.4,-548,-57.8,-254,-17.5
"06085","5","333993","78","0","2024","4","N",1,0,0,0,0,0,0,0,"N",0.14,0,0,0,0,0,0,0,"N",0,0.0,0,0,0,0,0,0,0,0,0,0,0,0,0,0
"06085","5","333994","78","0","2024","4","N",1,0,0,0,0,0,0,0,"N",0.38,0,0,0,0,0,0,0,"N",1,100.0,0,0,0,0,0,0,0,0,0,0,0,0,0,0
"06085","5","333996","78","0","2024","4","N",2,0,0,0,0,0,0,0,"N",0.91,0,0,0,0,0,0,0,"N",0,0.0,0,0,0,0,0,0,0,0,0,0,0,0,0,0
"06085","5","333998","78","0","2024","4","",16,404,414,421,11354002,256275,8203,2115,"",1.08,1.21,1.25,1.27,0.57,2.01,2.17,0.46,"",0,0.0,-9,-2.2,6,1.5,9,2.2,-12610,-0.1,60532,30.9,3369,69.7,-12,-0.6
"06085","5","334","75","0","2024","4","",857,76050,76450,76563,8618160850,26665501,806307,8682,"",4.63,10.44,10.55,10.54,10.44,9.78,10.30,0.99,"",-33,-3.7,-52789,-41.0,-51706,-40.3,-51373,-40.2,-6498780018,-43.0,1497553,6.0,129400,19.1,-381,-4.2
"06085","5","3341","76","0","2024","4","",81,10401,10415,10186,957346715,7347047,170493,7126,"",4.67,13.96,14.04,13.77,8.39,32.54,22.36,0.60,"",-14,-14.7,-52290,-83.4,-51698,-83.2,-51744,-83.6,-8648678852,-90.0,-2406713,-24.7,-17267,-9.2,-4745,-40.0
"06085","5","33411","77","0","2024","4","",81,10401,10415,10186,957346715,7347047,170493,7126,"",4.67,13.96,14.04,13.77,8.39,32.54,22.36,0.60,"",-14,-14.7,-52290,-83.4,-51698,-83.2,-51744,-83.6,-8648678852,-90.0,-2406713,-24.7,-17267,-9.2,-4745,-40.0
"06085","5","334111","78","0","2024","4","",37,8157,8179,7956,786139554,6040217,133892,7468,"",4.91,18.79,18.96,18.51,9.88,53.51,30.15,0.53,"",-12,-24.5,-52153,-86.5,-51589,-86.3,-51612,-86.6,-8677904769,-91.7,-3313203,-35.4,-39346,-22.7,-4689,-38.6
"06085","5","334112","78","0","2024","4","",13,815,807,801,42073930,98834,3001,4007,"",6.48,8.45,8.42,8.36,3.71,4.17,3.31,0.44,"",-1,-7.1,-83,-9.2,-88,-9.8,-102,-11.3,-3863121,-8.4,-24179,-19.7,-522,-14.8,75,1.9
"06085","5","334118","78","0","2024","4","",31,1429,1429,1429,129133231,1207996,33600,6951,"",3.97,6.66,6.67,6.68,5.58,13.55,14.76,0.84,"",-1,-3.1,-54,-3.6,-21,-1.4,-30,-2.1,33089038,34.5,930669,335.6,22601,205.5,1905,37.8
"06085","5","3342","76","0","2024","4","",42,2566,2508,2502,116054290,316974,13151,3535,"",1.99,4.42,4.32,4.32,2.14,1.95,2.66,0.49,"",-2,-4.5,-209,-7.5,-272,-9.8,-447,-15.2,-6586753,-5.4,-355763,-52.9,-14123,-51.8,207,6.2
"06085","5","33421","77","0","2024","4","",5,256,253,252,16817744,27931,726,5100,"",1.55,2.67,2.65,2.67,1.49,1.00,0.89,0.56,"",-1,-16.7,-6,-2.3,-5,-1.9,-8,-3.1,1300730,8.4,-36908,-56.9,-1381,-65.5,509,11.1
"06085","5","334210","78","0","2024","4","",5,256,253,252,16817744,27931,726,5100,"",1.55,2.67,2.65,2.67,1.49,1.00,0.89,0.56,"",-1,-16.7,-6,-2.3,-5,-1.9,-8,-3.1,1300730,8.4,-36908,-56.9,-1381,-65.5,509,11.1
"06085","5","33422","77","0","2024","4","",29,2217,2162,2158,94635022,280635,11957,3341,"",2.46,6.21,6.06,6.05,2.86,3.08,4.16,0.47,"",-1,-3.3,-207,-8.5,-270,-11.1,-442,-17.0,-7821146,-7.6,-294449,-51.2,-12011,-50.1,170,5.4
"06085","5","334220","78","0","2024","4","",29,2217,2162,2158,94635022,280635,11957,3341,"",2.46,6.21,6.06,6.05,2.86,3.08,4.16,0.47,"",-1,-3.3,-207,-8.5,-270,-11.1,-442,-17.0,-7821146,-7.6,-294449,-51.2,-12011,-50.1,170,5.4
"06085","5","33429","77","0","2024","4","",8,93,93,92,4601524,8408,468,3820,"",1.31,0.73,0.73,0.72,0.46,0.19,0.37,0.64,"",0,0.0,4,4.5,3,3.3,3,3.4,-66337,-1.4,-24406,-74.4,-731,-61.0,-199,-5.0
"06085","5","334290","78","0","2024","4","",8,93,93,92,4601524,8408,468,3820,"",1.31,0.73,0.73,0.72,0.46,0.19,0.37,0.64,"",0,0.0,4,4.5,3,3.3,3,3.4,-66337,-1.4,-24406,-74.4,-731,-61.0,-199,-5.0
"06085","5","3343","76","0","2024","4","N",10,0,0,0,0,0,0,0,"N",1.27,0,0,0,0,0,0,0,"N",0,0.0,0,0,0,0,0,0,0,0,0,0,0,0,0,0
"06085","5","33431","77","0","2024","4","N",10,0,0,0,0,0,0,0,"N",1.27,0,0,0,0,0,0,0,"N",0,0.0,0,0,0,0,0,0,0,0,0,0,0,0,0,0
"06085","5","334310","78","0","2024","4","N",10,0,0,0,0,0,0,0,"N",1.27,0,0,0,0,0,0,0,"N",0,0.0,0,0,0,0,0,0,0,0,0,0,0,0,0,0
"06085","5","3344","76","0","2024","4","",467,41804,41967,42162,6238932694,13141055,407361,11433,"",9.31,14.85,15.05,15.03,16.54,11.08,11.70,1.10,"",-6,-1.3,689,1.7,825,2.0,1039,2.5,2178440965,53.6,2334621,21.6,76947,23.3,3838,50.5
"06085","5","33441","77","0","2024","4","",467,41804,41967,42162,6238932694,13141055,407361,11433,"",9.31,14.85,15.05,15.03,16.54,11.08,11.70,1.10,"",-6,-1.3,689,1.7,825,2.0,1039,2.5,2178440965,53.6,2334621,21.6,76947,23.3,3838,50.5
"06085","5","334412","78","0","2024","4","",43,3363,3358,3352,69786461,987798,35469,1599,"",11.68,17.63,17.65,17.58,6.13,11.61,15.65,0.35,"",-4,-8.5,-74,-2.2,-31,-0.9,11,0.3,6465973,10.2,266311,36.9,4599,14.9,162,11.3
"06085","5","334413","78","0","2024","4","",299,31629,31828,32034,5963694605,8341355,235535,14412,"",16.84,21.51,21.98,21.96,20.25,14.21,14.00,0.93,"",3,1.0,1691,5.6,1783,5.9,1874,6.2,2231751231,59.8,480528,6.1,14799,6.7,4858,50.8
"06085","5","334416","78","0","2024","4","",7,197,197,196,6169127,20783,665,2413,"",2.27,1.68,1.69,1.68,0.94,0.44,0.47,0.56,"",1,16.7,-6,-3.0,-5,-2.5,-2,-1.0,1032458,20.1,-63557,-75.4,-2270,-77.3,447,22.7
"06085","5","334417","78","0","2024","4","",5,211,214,209,5061987,42027,1369,1843,"",1.64,1.28,1.29,1.26,0.40,0.90,1.08,0.31,"",-1,-16.7,-32,-13.2,-31,-12.7,-29,-12.2,-632794,-11.1,-43480,-50.8,-1691,-55.3,33,1.8
"06085","5","334418","78","0","2024","4","",44,2394,2375,2378,59781709,1064377,37151,1930,"",5.03,5.68,5.67,5.67,2.56,4.76,5.63,0.45,"",0,0.0,-258,-9.7,-244,-9.3,-190,-7.4,1038938,1.8,254012,31.3,9027,32.1,201,11.6
"06085","5","334419","78","0","2024","4","",69,4010,3995,3993,134438805,2684715,97172,2586,"",4.99,8.89,8.87,8.82,4.69,13.66,15.08,0.53,"",-5,-6.8,-632,-13.6,-647,-13.9,-625,-13.5,-61214841,-31.3,1440807,115.8,52483,117.4,-662,-20.4
"06085","5","3345","76","0","2024","4","",233,17684,17964,18101,1030054507,5236827,186155,4422,"",2.99,6.03,6.13,6.17,3.98,4.94,6.91,0.65,"",-7,-2.9,-887,-4.8,-510,-2.8,-358,-1.9,-15669987,-1.5,1762847,50.7,74095,66.1,74,1.7
"06085","5","33451","77","0","2024","4","",233,17684,17964,18101,1030054507,5236827,186155,4422,"",2.99,6.03,6.13,6.17,3.98,4.94,6.91,0.65,"",-7,-2.9,-887,-4.8,-510,-2.8,-358,-1.9,-15669987,-1.5,1762847,50.7,74095,66.1,74,1.7
"06085","5","334510","78","0","2024","4","",60,3591,3630,3613,168319467,1223740,38573,3585,"",3.83,6.84,6.94,6.90,3.72,4.93,6.70,0.54,"",-1,-1.6,209,6.2,254,7.5,244,7.2,33235882,24.6,299858,32.5,13886,56.2,507,16.5
"06085","5","334511","78","0","2024","4","",18,789,787,792,24840967,447120,15855,2421,"",1.74,0.90,0.90,0.90,0.31,2.04,2.90,0.35,"",-1,-5.3,-34,-4.1,-27,-3.3,34,4.5,-305111,-1.2,322082,257.6,11571,270.1,-2,-0.1
"06085","5","334512","78","0","2024","4","N",4,0,0,0,0,0,0,0,"N",1.02,0,0,0,0,0,0,0,"N",0,0.0,0,0,0,0,0,0,0,0,0,0,0,0,0,0
"06085","5","334513","78","0","2024","4","",26,776,770,748,31022565,162562,5200,3121,"",1.68,1.92,1.91,1.85,1.14,0.94,1.26,0.60,"",0,0.0,23,3.1,13,1.7,-9,-1.2,332071,1.1,-44758,-21.6,-601,-10.4,-3,-0.1
"06085","5","334514","78","0","2024","4","N",1,0,0,0,0,0,0,0,"N",0.57,0,0,0,0,0,0,0,"N",0,0.0,0,0,0,0,0,0,0,0,0,0,0,0,0,0
"06085","5","334515","78","0","2024","4","",56,4639,4564,4558,338780740,1229456,43867,5681,"",6.05,17.97,17.85,17.79,12.62,10.42,14.67,0.71,"",-3,-5.1,49,1.1,-6,-0.1,-31,-0.7,-37795226,-10.0,76321,6.6,-3413,-7.2,-640,-10.1
"06085","5","334516","78","0","2024","4","",34,3461,3428,3440,135945341,1040135,49865,3037,"",3.70,10.91,10.82,10.81,5.35,10.97,15.17,0.49,"",0,0.0,-769,-18.2,-766,-18.3,-746,-17.8,-17808608,-11.6,525334,102.0,35083,237.3,223,7.9
"06085","5","334517","78","0","2024","4","",5,303,307,305,11144588,143369,5809,2811,"",2.47,3.22,3.29,3.26,1.36,4.20,8.05,0.42,"",0,0.0,5,1.7,16,5.5,14,4.8,95072,0.9,115052,406.3,4857,510.2,-87,-3.0
"06085","5","334519","78","0","2024","4","",29,4037,4391,4557,315805565,949921,24681,5612,"",2.81,13.54,14.64,15.09,8.56,9.02,9.18,0.59,"",-2,-6.5,-323,-7.4,40,0.9,172,3.9,9098072,3.0,462508,94.9,11719,90.4,207,3.8
"06085","5","3346","76","0","2024","4","N",24,0,0,0,0,0,0,0,"N",2.28,0,0,0,0,0,0,0,"N",-4,-14.3,0,0,0,0,0,0,0,0,0,0,0,0,0,0
"06085","5","33461","77","0","2024","4","N",24,0,0,0,0,0,0,0,"N",2.28,0,0,0,0,0,0,0,"N",-4,-14.3,0,0,0,0,0,0,0,0,0,0,0,0,0,0
"06085","5","334610","78","0","2024","4","N",24,0,0,0,0,0,0,0,"N",2.28,0,0,0,0,0,0,0,"N",-4,-14.3,0,0,0,0,0,0,0,0,0,0,0,0,0,0
"06085","5","335","75","0","2024","4","",110,4873,4837,4769,197199773,874541,32070,3143,"",1.44,1.61,1.59,1.56,1.04,0.59,0.75,0.66,"",-1,-0.9,-659,-11.9,-614,-11.3,-624,-11.6,-6758414,-3.3,-637822,-42.2,-15455,-32.5,269,9.4
"06085","5","3351","76","0","2024","4","",11,58,58,57,1348089,17793,604,1798,"",0.78,0.23,0.23,0.22,0.08,0.19,0.18,0.37,"",-2,-15.4,-9,-13.4,-5,-7.9,-11,-16.2,-190144,-12.4,-13197,-42.6,-358,-37.2,5,0.3
"06085","5","33513","77","0","2024","4","",11,58,58,57,1348089,17793,604,1798,"",0.78,0.23,0.23,0.22,0.08,0.19,0.18,0.37,"",-2,-15.4,-9,-13.4,-5,-7.9,-11,-16.2,-190144,-12.4,-13197,-42.6,-358,-37.2,5,0.3
"06085","5","335132","78","0","2024","4","N",4,0,0,0,0,0,0,0,"N",0.64,0,0,0,0,0,0,0,"N",-1,-20.0,0,0,0,0,0,0,0,0,0,0,0,0,0,0
"06085","5","335139","78","0","2024","4","N",7,0,0,0,0,0,0,0,"N",1.66,0,0,0,0,0,0,0,"N",-1,-12.5,0,0,0,0,0,0,0,0,0,0,0,0,0,0
"06085","5","3352","76","0","2024","4","",5,98,108,110,2544823,134773,6494,1858,"",0.95,0.23,0.26,0.26,0.12,0.93,1.28,0.50,"",0,0.0,18,22.5,27,33.3,29,35.8,680476,36.5,67798,101.2,4761,274.7,80,4.5
"06085","5","33521","77","0","2024","4","N",4,0,0,0,0,0,0,0,"N",1.33,0,0,0,0,0,0,0,"N",0,0.0,0,0,0,0,0,0,0,0,0,0,0,0,0,0
"06085","5","335210","78","0","2024","4","N",4,0,0,0,0,0,0,0,"N",1.33,0,0,0,0,0,0,0,"N",0,0.0,0,0,0,0,0,0,0,0,0,0,0,0,0,0
"06085","5","33522","77","0","2024","4","N",1,0,0,0,0,0,0,0,"N",0.44,0,0,0,0,0,0,0,"N",0,0.0,0,0,0,0,0,0,0,0,0,0,0,0,0,0
"06085","5","335220","78","0","2024","4","N",1,0,0,0,0,0,0,0,"N",0.44,0,0,0,0,0,0,0,"N",0,0.0,0,0,0,0,0,0,0,0,0,0,0,0,0,0
"06085","5","3353","76","0","2024","4","",28,495,494,498,15823124,89860,3000,2456,"",1.24,0.44,0.44,0.44,0.22,0.17,0.25,0.50,"",0,0.0,-140,-22.0,-135,-21.5,-124,-19.9,-3397359,-17.7,-48640,-35.1,-2274,-43.1,104,4.4
"06085","5","33531","77","0","2024","4","",28,495,494,498,15823124,89860,3000,2456,"",1.24,0.44,0.44,0.44,0.22,0.17,0.25,0.50,"",0,0.0,-140,-22.0,-135,-21.5,-124,-19.9,-3397359,-17.7,-48640,-35.1,-2274,-43.1,104,4.4
"06085","5","335311","78","0","2024","4","",10,220,217,218,7888512,52085,1878,2779,"",2.16,0.89,0.88,0.87,0.55,0.35,0.59,0.63,"",0,0.0,-116,-34.5,-123,-36.2,-114,-34.3,-2907249,-26.9,-62503,-54.5,-2620,-58.2,307,12.4
"06085","5","335312","78","0","2024","4","N",3,0,0,0,0,0,0,0,"N",0.53,0,0,0,0,0,0,0,"N",0,0.0,0,0,0,0,0,0,0,0,0,0,0,0,0,0
"06085","5","335313","78","0","2024","4","N",4,0,0,0,0,0,0,0,"N",0.69,0,0,0,0,0,0,0,"N",0,0.0,0,0,0,0,0,0,0,0,0,0,0,0,0,0
"06085","5","335314","78","0","2024","4","",11,158,160,164,5208721,30775,884,2494,"",1.70,0.53,0.53,0.55,0.25,0.20,0.33,0.46,"",0,0.0,-14,-8.1,-12,-7.0,-10,-5.7,-777877,-13.0,17393,130.0,525,146.2,-173,-6.5
"06085","5","3359","76","0","2024","4","",66,4222,4177,4104,177483737,632115,21972,3276,"",1.91,3.45,3.39,3.31,2.21,0.90,0.98,0.65,"",1,1.5,-528,-11.1,-501,-10.7,-518,-11.2,-3851387,-2.1,-643783,-50.5,-17584,-44.5,298,10.0
"06085","5","33591","77","0","2024","4","",16,1057,1057,1044,53863625,110429,3539,3936,"",2.39,2.60,2.57,2.49,1.92,0.35,0.31,0.75,"",2,14.3,-32,-2.9,-47,-4.3,-61,-5.5,3829893,7.7,-244659,-68.9,-5040,-58.7,435,12.4
"06085","5","335910","78","0","2024","4","",16,1057,1057,1044,53863625,110429,3539,3936,"",2.39,2.60,2.57,2.49,1.92,0.35,0.31,0.75,"",2,14.3,-32,-2.9,-47,-4.3,-61,-5.5,3829893,7.7,-244659,-68.9,-5040,-58.7,435,12.4
"06085","5","33592","77","0","2024","4","N",12,0,0,0,0,0,0,0,"N",2.77,0,0,0,0,0,0,0,"N",0,0.0,0,0,0,0,0,0,0,0,0,0,0,0,0,0
"06085","5","335921","78","0","2024","4","",10,81,80,81,4060571,42315,1609,3872,"",4.73,0.93,0.91,0.91,0.75,0.70,1.33,0.82,"",0,0.0,-8,-9.0,-4,-4.8,-6,-6.9,812013,25.0,24881,142.7,851,112.3,989,34.3
"06085","5","335929","78","0","2024","4","N",2,0,0,0,0,0,0,0,"N",0.90,0,0,0,0,0,0,0,"N",0,0.0,0,0,0,0,0,0,0,0,0,0,0,0,0,0
"06085","5","33593","77","0","2024","4","N",3,0,0,0,0,0,0,0,"N",0.55,0,0,0,0,0,0,0,"N",0,0.0,0,0,0,0,0,0,0,0,0,0,0,0,0,0
"06085","5","335931","78","0","2024","4","N",3,0,0,0,0,0,0,0,"N",0.75,0,0,0,0,0,0,0,"N",1,50.0,0,0,0,0,0,0,0,0,0,0,0,0,0,0
"06085","5","33599","77","0","2024","4","",35,2951,2909,2847,115944943,427682,13987,3073,"",1.93,8.54,8.41,8.20,4.98,2.52,2.69,0.59,"",-1,-2.8,-490,-14.2,-453,-13.5,-452,-13.7,-8518202,-6.8,-412241,-49.1,-13684,-49.5,230,8.1
"06085","5","335991","78","0","2024","4","N",1,0,0,0,0,0,0,0,"N",0.50,0,0,0,0,0,0,0,"N",0,0.0,0,0,0,0,0,0,0,0,0,0,0,0,0,0
"06085","5","335999","78","0","2024","4","N",34,0,0,0,0,0,0,0,"N",2.11,0,0,0,0,0,0,0,"N",-1,-2.9,0,0,0,0,0,0,0,0,0,0,0,0,0,0
"06085","5","336","75","0","2024","4","",58,6857,7298,7313,348283041,1040261,25242,3744,"",0.44,0.56,0.58,0.58,0.43,0.24,0.18,0.74,"",6,11.5,419,6.5,824,12.7,849,13.1,83261229,31.4,-438959,-29.7,-4789,-15.9,588,18.6
"06085","5","3361","76","0","2024","4","",5,73,503,525,23357433,38775,1217,4896,"",0.77,0.04,0.25,0.26,0.16,0.15,0.10,0.89,"",1,25.0,-15,-17.0,415,471.6,441,525.0,19838445,563.8,-18603,-32.4,-651,-34.9,1773,56.8
"06085","5","33611","77","0","2024","4","",5,73,503,525,23357433,38775,1217,4896,"",1.14,0.04,0.29,0.30,0.18,0.25,0.15,0.86,"",1,25.0,-15,-17.0,415,471.6,441,525.0,19838445,563.8,-18603,-32.4,-651,-34.9,1773,56.8
"06085","5","336110","78","0","2024","4","",5,73,503,525,23357433,38775,1217,4896,"",1.14,0.04,0.29,0.30,0.18,0.25,0.15,0.86,"",1,25.0,-15,-17.0,415,471.6,441,525.0,19838445,563.8,-18603,-32.4,-651,-34.9,1773,56.8
"06085","5","3362","76","0","2024","4","N",1,0,0,0,0,0,0,0,"N",0.05,0,0,0,0,0,0,0,"N",0,0.0,0,0,0,0,0,0,0,0,0,0,0,0,0,0
"06085","5","33621","77","0","2024","4","N",1,0,0,0,0,0,0,0,"N",0.05,0,0,0,0,0,0,0,"N",0,0.0,0,0,0,0,0,0,0,0,0,0,0,0,0,0
"06085","5","336214","78","0","2024","4","N",1,0,0,0,0,0,0,0,"N",0.15,0,0,0,0,0,0,0,"N",0,0.0,0,0,0,0,0,0,0,0,0,0,0,0,0,0
"06085","5","3363","76","0","2024","4","",20,176,173,171,6402714,41568,1511,2841,"",0.44,0.05,0.04,0.04,0.03,0.04,0.03,0.72,"",0,0.0,85,93.4,80,86.0,85,98.8,4406862,220.8,-2640,-6.0,433,40.2,1135,66.5
"06085","5","33632","77","0","2024","4","",9,113,110,108,5052156,19976,813,3522,"",1.21,0.27,0.26,0.26,0.23,0.16,0.15,0.86,"",1,12.5,89,370.8,86,358.3,84,350.0,4502553,819.2,765,4.0,286,54.3,1760,99.9
"06085","5","336320","78","0","2024","4","",9,113,110,108,5052156,19976,813,3522,"",1.21,0.27,0.26,0.26,0.23,0.16,0.15,0.86,"",1,12.5,89,370.8,86,358.3,84,350.0,4502553,819.2,765,4.0,286,54.3,1760,99.9
"06085","5","33633","77","0","2024","4","N",1,0,0,0,0,0,0,0,"N",0.42,0,0,0,0,0,0,0,"N",0,0.0,0,0,0,0,0,0,0,0,0,0,0,0,0,0
"06085","5","336330","78","0","2024","4","N",1,0,0,0,0,0,0,0,"N",0.42,0,0,0,0,0,0,0,"N",0,0.0,0,0,0,0,0,0,0,0,0,0,0,0,0,0
"06085","5","33634","77","0","2024","4","N",1,0,0,0,0,0,0,0,"N",0.61,0,0,0,0,0,0,0,"N",0,0.0,0,0,0,0,0,0,0,0,0,0,0,0,0,0
"06085","5","336340","78","0","2024","4","N",1,0,0,0,0,0,0,0,"N",0.61,0,0,0,0,0,0,0,"N",0,0.0,0,0,0,0,0,0,0,0,0,0,0,0,0,0
"06085","5","33635","77","0","2024","4","N",1,0,0,0,0,0,0,0,"N",0.22,0,0,0,0,0,0,0,"N",0,0.0,0,0,0,0,0,0,0,0,0,0,0,0,0,0
"06085","5","336350","78","0","2024","4","N",1,0,0,0,0,0,0,0,"N",0.22,0,0,0,0,0,0,0,"N",0,0.0,0,0,0,0,0,0,0,0,0,0,0,0,0,0
"06085","5","33636","77","0","2024","4","N",1,0,0,0,0,0,0,0,"N",0.22,0,0,0,0,0,0,0,"N",0,0.0,0,0,0,0,0,0,0,0,0,0,0,0,0,0
"06085","5","336360","78","0","2024","4","N",1,0,0,0,0,0,0,0,"N",0.22,0,0,0,0,0,0,0,"N",0,0.0,0,0,0,0,0,0,0,0,0,0,0,0,0,0
"06085","5","33639","77","0","2024","4","",7,26,26,26,603444,15268,580,1785,"",0.49,0.02,0.02,0.02,0.01,0.04,0.04,0.48,"",-1,-12.5,-1,-3.7,-2,-7.1,5,23.8,59291,10.9,6896,82.4,300,107.1,133,8.1
"06085","5","336390","78","0","2024","4","",7,26,26,26,603444,15268,580,1785,"",0.49,0.02,0.02,0.02,0.01,0.04,0.04,0.48,"",-1,-12.5,-1,-3.7,-2,-7.1,5,23.8,59291,10.9,6896,82.4,300,107.1,133,8.1
"06085","5","3364","76","0","2024","4","",23,6133,6152,6153,301216354,894608,20748,3770,"",0.70,1.62,1.52,1.51,0.89,0.52,0.44,0.58,"",4,21.1,380,6.6,367,6.3,368,6.4,59269140,24.5,-412835,-31.6,-4025,-16.2,547,17.0
"06085","5","33641","77","0","2024","4","",23,6133,6152,6153,301216354,894608,20748,3770,"",0.70,1.62,1.52,1.51,0.89,0.52,0.44,0.58,"",4,21.1,380,6.6,367,6.3,368,6.4,59269140,24.5,-412835,-31.6,-4025,-16.2,547,17.0
"06085","5","336411","78","0","2024","4","",9,906,903,904,79167625,347554,11529,6734,"",0.96,0.56,0.49,0.49,0.51,0.37,0.47,1.01,"N",4,80.0,0,0,0,0,0,0,0,0,0,0,0,0,0,0
"06085","5","336412","78","0","2024","4","N",2,0,0,0,0,0,0,0,"N",0.30,0,0,0,0,0,0,0,"N",0,0.0,0,0,0,0,0,0,0,0,0,0,0,0,0,0
"06085","5","336413","78","0","2024","4","",6,10,10,11,229065,9578,471,1705,"",0.45,0.01,0.01,0.01,0.00,0.02,0.03,0.34,"N",1,20.0,0,0,0,0,0,0,0,0,0,0,0,0,0,0
"06085","5","336414","78","0","2024","4","N",5,0,0,0,0,0,0,0,"N",2.52,0,0,0,0,0,0,0,"N",-1,-16.7,0,0,0,0,0,0,0,0,0,0,0,0,0,0
"06085","5","336415","78","0","2024","4","N",1,0,0,0,0,0,0,0,"N",1.47,0,0,0,0,0,0,0,"N",1,100.0,0,0,0,0,0,0,0,0,0,0,0,0,0,0
"06085","5","3366","76","0","2024","4","N",2,0,0,0,0,0,0,0,"N",0.12,0,0,0,0,0,0,0,"N",0,0.0,0,0,0,0,0,0,0,0,0,0,0,0,0,0
"06085","5","33661","77","0","2024","4","N",2,0,0,0,0,0,0,0,"N",0.12,0,0,0,0,0,0,0,"N",0,0.0,0,0,0,0,0,0,0,0,0,0,0,0,0,0
"06085","5","336612","78","0","2024","4","N",2,0,0,0,0,0,0,0,"N",0.24,0,0,0,0,0,0,0,"N",0,0.0,0,0,0,0,0,0,0,0,0,0,0,0,0,0
"06085","5","3369","76","0","2024","4","N",7,0,0,0,0,0,0,0,"N",0.68,0,0,0,0,0,0,0,"N",1,16.7,0,0,0,0,0,0,0,0,0,0,0,0,0,0
"06085","5","33699","77","0","2024","4","N",7,0,0,0,0,0,0,0,"N",0.68,0,0,0,0,0,0,0,"N",1,16.7,0,0,0,0,0,0,0,0,0,0,0,0,0,0
"06085","5","336991","78","0","2024","4","",5,81,82,83,1332373,39398,736,1250,"",1.25,1.22,1.23,1.25,0.42,1.31,0.73,0.34,"",0,0.0,1,1.2,-1,-1.2,0,0.0,186788,16.3,10626,36.9,158,27.3,175,16.3
"06085","5","336992","78","0","2024","4","N",1,0,0,0,0,0,0,0,"N",1.30,0,0,0,0,0,0,0,"N",0,0.0,0,0,0,0,0,0,0,0,0,0,0,0,0,0
"06085","5","336999","78","0","2024","4","N",1,0,0,0,0,0,0,0,"N",0.18,0,0,0,0,0,0,0,"N",1,100.0,0,0,0,0,0,0,0,0,0,0,0,0,0,0
"06085","5","337","75","0","2024","4","",75,887,902,922,19856252,676330,24429,1690,"",0.58,0.36,0.37,0.38,0.18,0.44,0.63,0.50,"",0,0.0,24,2.8,38,4.4,69,8.1,1892873,10.5,386610,133.4,16642,213.7,83,5.2
"06085","5","3371","76","0","2024","4","",56,557,559,565,10168799,398894,13819,1396,"",0.63,0.36,0.36,0.37,0.16,0.38,0.57,0.45,"",1,1.8,11,2.0,9,1.6,27,5.0,-441703,-4.2,180794,82.9,7896,133.3,-103,-6.9
"06085","5","33711","77","0","2024","4","",45,469,471,477,8792082,381789,13428,1432,"",0.80,0.57,0.58,0.59,0.26,0.63,0.91,0.45,"",2,4.7,11,2.4,10,2.2,31,7.0,-443546,-4.8,184188,93.2,7937,144.5,-129,-8.3
"06085","5","337110","78","0","2024","4","",45,469,471,477,8792082,381789,13428,1432,"",0.80,0.57,0.58,0.59,0.26,0.63,0.91,0.45,"",2,4.7,11,2.4,10,2.2,31,7.0,-443546,-4.8,184188,93.2,7937,144.5,-129,-8.3
"06085","5","33712","77","0","2024","4","",11,88,88,88,1376717,17105,391,1203,"",0.33,0.12,0.12,0.12,0.05,0.04,0.04,0.39,"",-1,-8.3,0,0.0,-1,-1.1,-4,-4.3,1843,0.1,-3394,-16.6,-41,-9.5,24,2.0
"06085","5","337121","78","0","2024","4","N",2,0,0,0,0,0,0,0,"N",0.33,0,0,0,0,0,0,0,"N",0,0.0,0,0,0,0,0,0,0,0,0,0,0,0,0,0
"06085","5","337122","78","0","2024","4","N",1,0,0,0,0,0,0,0,"N",0.06,0,0,0,0,0,0,0,"N",-1,-50.0,0,0,0,0,0,0,0,0,0,0,0,0,0,0
"06085","5","337126","78","0","2024","4","N",2,0,0,0,0,0,0,0,"N",0.46,0,0,0,0,0,0,0,"N",0,0.0,0,0,0,0,0,0,0,0,0,0,0,0,0,0
"06085","5","337127","78","0","2024","4","",6,56,56,58,1024697,0,0,1391,"",1.14,0.34,0.34,0.35,0.13,0.00,0.00,0.38,"",0,0.0,-3,-5.1,-4,-6.7,0,0.0,-25783,-2.5,-9621,-100.0,-268,-100.0,21,1.5
"06085","5","3372","76","0","2024","4","N",16,0,0,0,0,0,0,0,"N",0.51,0,0,0,0,0,0,0,"N",-2,-11.1,0,0,0,0,0,0,0,0,0,0,0,0,0,0
"06085","5","33721","77","0","2024","4","N",16,0,0,0,0,0,0,0,"N",0.51,0,0,0,0,0,0,0,"N",-2,-11.1,0,0,0,0,0,0,0,0,0,0,0,0,0,0
"06085","5","337211","78","0","2024","4","",5,62,64,67,1944038,86589,1777,2324,"",1.27,0.60,0.62,0.64,0.38,1.54,1.07,0.62,"",0,0.0,27,77.1,27,73.0,27,67.5,889297,84.3,54661,171.2,947,114.1,151,6.9
"06085","5","337212","78","0","2024","4","N",7,0,0,0,0,0,0,0,"N",0.46,0,0,0,0,0,0,0,"N",-2,-22.2,0,0,0,0,0,0,0,0,0,0,0,0,0,0
"06085","5","337214","78","0","2024","4","N",1,0,0,0,0,0,0,0,"N",0.30,0,0,0,0,0,0,0,"N",0,0.0,0,0,0,0,0,0,0,0,0,0,0,0,0,0
"06085","5","337215","78","0","2024","4","",3,53,52,56,1079444,9778,348,1547,"",0.32,0.20,0.20,0.21,0.08,0.07,0.09,0.41,"N",0,0.0,0,0,0,0,0,0,0,0,0,0,0,0,0,0
"06085","5","3379","76","0","2024","4","N",3,0,0,0,0,0,0,0,"N",0.39,0,0,0,0,0,0,0,"N",1,50.0,0,0,0,0,0,0,0,0,0,0,0,0,0,0
"06085","5","33791","77","0","2024","4","N",1,0,0,0,0,0,0,0,"N",0.24,0,0,0,0,0,0,0,"N",1,100.0,0,0,0,0,0,0,0,0,0,0,0,0,0,0
"06085","5","337910","78","0","2024","4","N",1,0,0,0,0,0,0,0,"N",0.24,0,0,0,0,0,0,0,"N",1,100.0,0,0,0,0,0,0,0,0,0,0,0,0,0,0
"06085","5","33792","77","0","2024","4","N",2,0,0,0,0,0,0,0,"N",0.58,0,0,0,0,0,0,0,"N",0,0.0,0,0,0,0,0,0,0,0,0,0,0,0,0,0
"06085","5","337920","78","0","2024","4","N",2,0,0,0,0,0,0,0,"N",0.58,0,0,0,0,0,0,0,"N",0,0.0,0,0,0,0,0,0,0,0,0,0,0,0,0,0
"06085","5","339","75","0","2024","4","",207,4372,4394,4369,165395607,1366005,48526,2906,"",0.78,1.00,1.00,1.00,0.65,0.58,0.74,0.65,"",-20,-8.8,-74,-1.7,-44,-1.0,-92,-2.1,2272910,1.4,-419775,-23.5,-14501,-23.0,85,3.0
"06085","5","3391","76","0","2024","4","",130,3829,3843,3834,148945627,1117008,39629,2987,"",1.28,1.66,1.67,1.66,1.01,1.02,1.43,0.61,"",-15,-10.3,161,4.4,174,4.7,151,4.1,6641974,4.7,-335241,-23.1,-12956,-24.6,7,0.2
"06085","5","33911","77","0","2024","4","",130,3829,3843,3834,148945627,1117008,39629,2987,"",1.28,1.66,1.67,1.66,1.01,1.02,1.43,0.61,"",-15,-10.3,161,4.4,174,4.7,151,4.1,6641974,4.7,-335241,-23.1,-12956,-24.6,7,0.2
"06085","5","339112","78","0","2024","4","",56,2678,2685,2694,121995385,824144,30510,3494,"",1.84,2.68,2.69,2.68,1.73,1.86,3.16,0.64,"",-6,-9.7,124,4.9,135,5.3,123,4.8,5832259,5.0,-248808,-23.2,-11452,-27.3,1,0.0
"06085","5","339113","78","0","2024","4","",19,729,734,730,18898643,135577,4301,1989,"",0.76,1.02,1.02,1.02,0.40,0.42,0.52,0.39,"",-1,-5.0,35,5.0,44,6.4,38,5.5,539176,2.9,1256,0.9,441,11.4,-52,-2.5
"06085","5","339114","78","0","2024","4","",5,43,42,40,730357,42917,1043,1348,"",0.79,0.37,0.36,0.34,0.11,0.46,0.32,0.30,"",-2,-28.6,2,4.9,3,7.7,3,8.1,154806,26.9,13746,47.1,265,34.1,213,18.8
"06085","5","339115","78","0","2024","4","",4,53,52,52,1826889,2500,65,2685,"",0.88,0.32,0.31,0.31,0.19,0.04,0.03,0.61,"",-2,-33.3,9,20.5,6,13.0,7,15.6,298898,19.6,-41524,-94.3,-1186,-94.8,73,2.8
"06085","5","339116","78","0","2024","4","",46,326,330,318,5494353,111870,3710,1302,"",1.32,1.08,1.10,1.07,0.44,0.67,0.81,0.40,"",-4,-8.0,-9,-2.7,-14,-4.1,-20,-5.9,-183165,-3.2,-59911,-34.9,-1024,-21.6,14,1.1
"06085","5","3399","76","0","2024","4","",77,543,551,535,16449980,248997,8897,2330,"",0.47,0.26,0.27,0.26,0.15,0.19,0.24,0.59,"",-5,-6.1,-235,-30.2,-218,-28.3,-243,-31.2,-4369064,-21.0,-84534,-25.3,-1545,-14.8,264,12.8
"06085","5","33991","77","0","2024","4","",8,19,15,15,448602,0,0,2113,"",0.51,0.13,0.10,0.10,0.06,0.00,0.00,0.59,"N",0,0.0,0,0,0,0,0,0,0,0,0,0,0,0,0,0
"06085","5","339910","78","0","2024","4","",8,19,15,15,448602,0,0,2113,"",0.51,0.13,0.10,0.10,0.06,0.00,0.00,0.59,"N",0,0.0,0,0,0,0,0,0,0,0,0,0,0,0,0,0
"06085","5","33992","77","0","2024","4","",5,33,33,33,462993,10962,235,1079,"",0.31,0.11,0.11,0.11,0.03,0.05,0.04,0.27,"",0,0.0,-3,-8.3,-4,-10.8,-3,-8.3,-161548,-25.9,-2019,-15.6,-89,-27.5,-243,-18.4
"06085","5","339920","78","0","2024","4","",5,33,33,33,462993,10962,235,1079,"",0.31,0.11,0.11,0.11,0.03,0.05,0.04,0.27,"",0,0.0,-3,-8.3,-4,-10.8,-3,-8.3,-161548,-25.9,-2019,-15.6,-89,-27.5,-243,-18.4
"06085","5","33993","77","0","2024","4","",7,7,8,7,247119,0,0,2592,"",1.06,0.09,0.10,0.09,0.04,0.00,0.00,0.43,"N",-1,-12.5,0,0,0,0,0,0,0,0,0,0,0,0,0,0
"06085","5","339930","78","0","2024","4","",7,7,8,7,247119,0,0,2592,"",1.06,0.09,0.10,0.09,0.04,0.00,0.00,0.43,"N",-1,-12.5,0,0,0,0,0,0,0,0,0,0,0,0,0,0
"06085","5","33994","77","0","2024","4","",3,38,35,35,538575,10025,311,1151,"",0.87,0.56,0.52,0.51,0.17,0.41,0.44,0.32,"",0,0.0,-2,-5.0,-4,-10.3,-3,-7.9,8235,1.6,-4461,-30.8,-153,-33.0,105,10.0
"06085","5","339940","78","0","2024","4","",3,38,35,35,538575,10025,311,1151,"",0.87,0.56,0.52,0.51,0.17,0.41,0.44,0.32,"",0,0.0,-2,-5.0,-4,-10.3,-3,-7.9,8235,1.6,-4461,-30.8,-153,-33.0,105,10.0
"06085","5","33995","77","0","2024","4","",21,126,128,125,2954535,47400,1604,1799,"",0.39,0.23,0.23,0.23,0.11,0.15,0.17,0.48,"",0,0.0,-15,-10.6,-14,-9.9,-19,-13.2,-102496,-3.4,-31603,-40.0,-1185,-42.5,147,8.9
"06085","5","339950","78","0","2024","4","",21,126,128,125,2954535,47400,1604,1799,"",0.39,0.23,0.23,0.23,0.11,0.15,0.17,0.48,"",0,0.0,-15,-10.6,-14,-9.9,-19,-13.2,-102496,-3.4,-31603,-40.0,-1185,-42.5,147,8.9
"06085","5","33999","77","0","2024","4","",33,320,332,320,11798156,180610,6747,2801,"",0.48,0.35,0.36,0.35,0.24,0.34,0.40,0.69,"",-4,-10.8,-200,-38.5,-181,-35.3,-206,-39.2,-3741329,-24.1,-37749,-17.3,173,2.6,501,21.8
"06085","5","339991","78","0","2024","4","N",4,0,0,0,0,0,0,0,"N",0.71,0,0,0,0,0,0,0,"N",-1,-20.0,0,0,0,0,0,0,0,0,0,0,0,0,0,0
"06085","5","339992","78","0","2024","4","N",1,0,0,0,0,0,0,0,"N",0.19,0,0,0,0,0,0,0,"N",0,0.0,0,0,0,0,0,0,0,0,0,0,0,0,0,0
"06085","5","339999","78","0","2024","4","",28,246,258,249,9793665,154075,6264,3001,"",0.51,0.47,0.49,0.47,0.34,0.39,0.47,0.72,"N",-3,-9.7,0,0,0,0,0,0,0,0,0,0,0,0,0,0
"06085","5","42","74","0","2024","4","",2123,26819,26658,26656,1236698076,13829702,435125,3561,"",0.47,0.61,0.61,0.61,0.38,0.60,0.66,0.63,"",-20,-0.9,-1022,-3.7,-1241,-4.4,-1382,-4.9,53888863,4.6,1833594,15.3,68942,18.8,303,9.3
"06085","5","423","75","0","2024","4","",1378,20146,20060,20020,1047469396,10158035,332186,4014,"",0.57,0.82,0.82,0.82,0.57,0.84,0.96,0.69,"",-4,-0.3,-522,-2.5,-623,-3.0,-816,-3.9,60905704,6.2,2078105,25.7,74279,28.8,353,9.6
"06085","5","4231","76","0","2024","4","",84,1107,1107,1079,35543877,429746,12110,2491,"",0.44,0.41,0.41,0.40,0.23,0.30,0.30,0.57,"",-3,-3.4,115,11.6,127,13.0,110,11.4,6709926,23.3,-116480,-21.3,-2962,-19.7,229,10.1
"06085","5","42311","77","0","2024","4","",21,325,323,319,12801002,122448,3848,3055,"",0.38,0.33,0.32,0.32,0.20,0.24,0.29,0.63,"",2,10.5,83,34.3,74,29.7,70,28.1,4971432,63.5,386,0.3,-72,-1.8,613,25.1
"06085","5","423110","78","0","2024","4","",21,325,323,319,12801002,122448,3848,3055,"",0.38,0.33,0.32,0.32,0.20,0.24,0.29,0.63,"",2,10.5,83,34.3,74,29.7,70,28.1,4971432,63.5,386,0.3,-72,-1.8,613,25.1
"06085","5","42312","77","0","2024","4","",57,438,442,433,8768253,212310,5853,1541,"",0.54,0.34,0.35,0.34,0.13,0.32,0.28,0.37,"",-5,-8.1,-192,-30.5,-170,-27.8,-176,-28.9,-10150963,-53.7,-103990,-32.9,-1788,-23.4,-818,-34.7
"06085","5","423120","78","0","2024","4","",57,438,442,433,8768253,212310,5853,1541,"",0.54,0.34,0.35,0.34,0.13,0.32,0.28,0.37,"",-5,-8.1,-192,-30.5,-170,-27.8,-176,-28.9,-10150963,-53.7,-103990,-32.9,-1788,-23.4,-818,-34.7
"06085","5","42313","77","0","2024","4","N",3,0,0,0,0,0,0,0,"N",0.17,0,0,0,0,0,0,0,"N",0,0.0,0,0,0,0,0,0,0,0,0,0,0,0,0,0
"06085","5","423130","78","0","2024","4","N",3,0,0,0,0,0,0,0,"N",0.17,0,0,0,0,0,0,0,"N",0,0.0,0,0,0,0,0,0,0,0,0,0,0,0,0,0
"06085","5","42314","77","0","2024","4","N",3,0,0,0,0,0,0,0,"N",0.20,0,0,0,0,0,0,0,"N",0,0.0,0,0,0,0,0,0,0,0,0,0,0,0,0,0
"06085","5","423140","78","0","2024","4","N",3,0,0,0,0,0,0,0,"N",0.20,0,0,0,0,0,0,0,"N",0,0.0,0,0,0,0,0,0,0,0,0,0,0,0,0,0
"06085","5","4232","76","0","2024","4","",34,404,409,411,10999161,136402,3421,2074,"",0.36,0.51,0.52,0.52,0.23,0.30,0.23,0.44,"",-3,-8.1,-42,-9.4,-32,-7.3,-34,-7.6,-238270,-2.1,26719,24.4,612,21.8,127,6.5
"06085","5","42321","77","0","2024","4","",25,259,262,264,7452387,95282,2079,2191,"",0.57,0.73,0.75,0.75,0.33,0.47,0.32,0.45,"",-1,-3.8,-30,-10.4,-24,-8.4,-27,-9.3,-224428,-2.9,22361,30.7,84,4.2,145,7.1
"06085","5","423210","78","0","2024","4","",25,259,262,264,7452387,95282,2079,2191,"",0.57,0.73,0.75,0.75,0.33,0.47,0.32,0.45,"",-1,-3.8,-30,-10.4,-24,-8.4,-27,-9.3,-224428,-2.9,22361,30.7,84,4.2,145,7.1
"06085","5","42322","77","0","2024","4","",9,145,147,147,3546774,41120,1342,1864,"",0.18,0.33,0.34,0.34,0.14,0.16,0.16,0.40,"",-2,-18.2,-12,-7.6,-8,-5.2,-7,-4.5,-13842,-0.4,4358,11.9,528,64.9,101,5.7
"06085","5","423220","78","0","2024","4","",9,145,147,147,3546774,41120,1342,1864,"",0.18,0.33,0.34,0.34,0.14,0.16,0.16,0.40,"",-2,-18.2,-12,-7.6,-8,-5.2,-7,-4.5,-13842,-0.4,4358,11.9,528,64.9,101,5.7
"06085","5","4233","76","0","2024","4","",70,849,847,829,21441542,369647,13209,1960,"",0.38,0.45,0.45,0.44,0.18,0.33,0.39,0.41,"",6,9.4,-4,-0.5,-13,-1.5,-21,-2.5,972259,4.7,-109134,-22.8,-3627,-21.5,117,6.3
"06085","5","42331","77","0","2024","4","",24,295,294,281,5562776,127313,3768,1476,"",0.35,0.36,0.36,0.34,0.11,0.24,0.27,0.31,"",4,20.0,-22,-6.9,-25,-7.8,-35,-11.1,-426011,-7.1,-33518,-20.8,-1152,-23.4,24,1.7
"06085","5","423310","78","0","2024","4","",24,295,294,281,5562776,127313,3768,1476,"",0.35,0.36,0.36,0.34,0.11,0.24,0.27,0.31,"",4,20.0,-22,-6.9,-25,-7.8,-35,-11.1,-426011,-7.1,-33518,-20.8,-1152,-23.4,24,1.7
"06085","5","42332","77","0","2024","4","",18,250,254,254,4942142,128832,4472,1505,"",0.39,0.52,0.53,0.53,0.17,0.52,0.49,0.33,"",0,0.0,3,1.2,0,0.0,3,1.2,-267738,-5.1,-14682,-10.2,-707,-13.7,-94,-5.9
"06085","5","423320","78","0","2024","4","",18,250,254,254,4942142,128832,4472,1505,"",0.39,0.52,0.53,0.53,0.17,0.52,0.49,0.33,"",0,0.0,3,1.2,0,0.0,3,1.2,-267738,-5.1,-14682,-10.2,-707,-13.7,-94,-5.9
"06085","5","42333","77","0","2024","4","",9,106,103,100,2692343,27961,1001,2011,"",0.30,0.32,0.31,0.30,0.12,0.18,0.19,0.40,"",0,0.0,-6,-5.4,-12,-10.4,-12,-10.7,-1136955,-29.7,-43524,-60.9,-1542,-60.6,-596,-22.9
"06085","5","423330","78","0","2024","4","",9,106,103,100,2692343,27961,1001,2011,"",0.30,0.32,0.31,0.30,0.12,0.18,0.19,0.40,"",0,0.0,-6,-5.4,-12,-10.4,-12,-10.7,-1136955,-29.7,-43524,-60.9,-1542,-60.6,-596,-22.9
"06085","5","42339","77","0","2024","4","",19,198,196,194,8244281,85541,3968,3236,"",0.50,0.75,0.74,0.73,0.48,0.45,0.73,0.65,"",2,11.8,21,11.9,24,14.0,23,13.5,2802963,51.5,-17410,-16.9,-226,-5.4,821,34.0
"06085","5","423390","78","0","2024","4","",19,198,196,194,8244281,85541,3968,3236,"",0.50,0.75,0.74,0.73,0.48,0.45,0.73,0.65,"",2,11.8,21,11.9,24,14.0,23,13.5,2802963,51.5,-17410,-16.9,-226,-5.4,821,34.0
"06085","5","4234","76","0","2024","4","",356,8463,8358,8350,550495681,5384235,177483,5047,"",0.69,1.59,1.57,1.57,1.04,2.34,2.50,0.66,"",-14,-3.8,-430,-4.8,-500,-5.6,-650,-7.2,13775949,2.6,2354828,77.7,74155,71.8,417,9.0
"06085","5","42341","77","0","2024","4","",7,86,85,84,3717923,13211,356,3365,"",0.79,1.04,1.04,1.03,0.50,0.41,0.29,0.48,"",0,0.0,4,4.9,1,1.2,2,2.4,-287147,-7.2,-18255,-58.0,-556,-61.0,-362,-9.7
"06085","5","423410","78","0","2024","4","",7,86,85,84,3717923,13211,356,3365,"",0.79,1.04,1.04,1.03,0.50,0.41,0.29,0.48,"",0,0.0,4,4.9,1,1.2,2,2.4,-287147,-7.2,-18255,-58.0,-556,-61.0,-362,-9.7
"06085","5","42342","77","0","2024","4","",40,143,149,144,2636281,40498,1713,1395,"",0.97,0.30,0.31,0.30,0.09,0.17,0.25,0.28,"",0,0.0,-76,-34.7,-67,-31.0,-74,-33.9,-1785699,-40.4,-17941,-30.7,-1700,-49.8,-168,-10.7
"06085","5","423420","78","0","2024","4","",40,143,149,144,2636281,40498,1713,1395,"",0.97,0.30,0.31,0.30,0.09,0.17,0.25,0.28,"",0,0.0,-76,-34.7,-67,-31.0,-74,-33.9,-1785699,-40.4,-17941,-30.7,-1700,-49.8,-168,-10.7
"06085","5","42343","77","0","2024","4","",159,6499,6440,6434,472738257,4743242,154706,5631,"",1.31,4.01,3.98,3.97,2.15,7.73,7.91,0.54,"",-10,-5.9,-219,-3.3,-226,-3.4,-325,-4.8,53534191,12.8,2736678,136.4,87160,129.0,828,17.2
"06085","5","423430","78","0","2024","4","",159,6499,6440,6434,472738257,4743242,154706,5631,"",1.31,4.01,3.98,3.97,2.15,7.73,7.91,0.54,"",-10,-5.9,-219,-3.3,-226,-3.4,-325,-4.8,53534191,12.8,2736678,136.4,87160,129.0,828,17.2
"06085","5","42344","77","0","2024","4","",22,111,111,106,2628252,51852,1459,1849,"",0.46,0.26,0.26,0.25,0.10,0.25,0.23,0.39,"",2,10.0,6,5.7,5,4.7,-16,-13.1,-298906,-10.2,18315,54.6,482,49.3,-180,-8.9
"06085","5","423440","78","0","2024","4","",22,111,111,106,2628252,51852,1459,1849,"",0.46,0.26,0.26,0.25,0.10,0.25,0.23,0.39,"",2,10.0,6,5.7,5,4.7,-16,-13.1,-298906,-10.2,18315,54.6,482,49.3,-180,-8.9
"06085","5","42345","77","0","2024","4","",89,1135,1084,1087,50273178,450257,16554,3509,"",0.36,0.50,0.47,0.48,0.24,0.45,0.55,0.49,"",-6,-6.3,-123,-9.8,-199,-15.5,-228,-17.3,-37787681,-42.9,-309014,-40.7,-9764,-37.1,-1761,-33.4
"06085","5","423450","78","0","2024","4","",89,1135,1084,1087,50273178,450257,16554,3509,"",0.36,0.50,0.47,0.48,0.24,0.45,0.55,0.49,"",-6,-6.3,-123,-9.8,-199,-15.5,-228,-17.3,-37787681,-42.9,-309014,-40.7,-9764,-37.1,-1761,-33.4
"06085","5","42346","77","0","2024","4","",14,83,85,87,3075928,24952,1059,2784,"",0.86,0.53,0.54,0.55,0.28,0.33,0.46,0.52,"",-1,-6.7,-23,-21.7,-21,-19.8,-20,-18.7,-191527,-5.9,19184,332.6,787,289.3,420,17.8
"06085","5","423460","78","0","2024","4","",14,83,85,87,3075928,24952,1059,2784,"",0.86,0.53,0.54,0.55,0.28,0.33,0.46,0.52,"",-1,-6.7,-23,-21.7,-21,-19.8,-20,-18.7,-191527,-5.9,19184,332.6,787,289.3,420,17.8
"06085","5","42349","77","0","2024","4","",25,406,404,408,15425862,60223,1636,2923,"",0.73,1.49,1.49,1.50,0.74,0.45,0.38,0.49,"",1,4.2,1,0.2,7,1.8,11,2.8,592718,4.0,-74139,-55.2,-2254,-57.9,68,2.4
"06085","5","423490","78","0","2024","4","",25,406,404,408,15425862,60223,1636,2923,"",0.73,1.49,1.49,1.50,0.74,0.45,0.38,0.49,"",1,4.2,1,0.2,7,1.8,11,2.8,592718,4.0,-74139,-55.2,-2254,-57.9,68,2.4
"06085","5","4235","76","0","2024","4","",29,211,207,206,6080657,54641,1395,2249,"",0.36,0.22,0.21,0.21,0.09,0.12,0.10,0.41,"",2,7.4,5,2.4,5,2.5,2,1.0,372847,6.5,-12336,-18.4,-178,-11.3,97,4.5
"06085","5","42351","77","0","2024","4","",29,211,207,206,6080657,54641,1395,2249,"",0.37,0.22,0.22,0.22,0.09,0.12,0.11,0.42,"",2,7.4,5,2.4,5,2.5,2,1.0,372847,6.5,-12336,-18.4,-178,-11.3,97,4.5
"06085","5","423510","78","0","2024","4","",29,211,207,206,6080657,54641,1395,2249,"",0.37,0.22,0.22,0.22,0.09,0.12,0.11,0.42,"",2,7.4,5,2.4,5,2.5,2,1.0,372847,6.5,-12336,-18.4,-178,-11.3,97,4.5
"06085","5","4236","76","0","2024","4","",426,5676,5686,5676,306160671,2040397,72511,4147,"",1.52,2.10,2.10,2.10,1.36,1.69,2.11,0.65,"",2,0.5,-37,-0.6,-73,-1.3,-105,-1.8,29933970,10.8,-138063,-6.3,2215,3.2,452,12.2
"06085","5","42361","77","0","2024","4","",77,1016,1006,1009,33943788,301017,8451,2584,"",0.56,0.71,0.70,0.70,0.31,0.45,0.47,0.45,"",5,6.9,72,7.6,52,5.5,55,5.8,2690149,8.6,-67600,-18.3,-612,-6.8,55,2.2
"06085","5","423610","78","0","2024","4","",77,1016,1006,1009,33943788,301017,8451,2584,"",0.56,0.71,0.70,0.70,0.31,0.45,0.47,0.45,"",5,6.9,72,7.6,52,5.5,55,5.8,2690149,8.6,-67600,-18.3,-612,-6.8,55,2.2
"06085","5","42362","77","0","2024","4","",39,473,513,513,32412641,324985,11835,4990,"",1.14,1.85,2.01,2.01,1.51,2.55,2.60,0.77,"",-1,-2.5,35,8.0,66,14.8,66,14.8,12490066,62.7,166459,105.0,6327,114.9,1538,44.6
"06085","5","423620","78","0","2024","4","",39,473,513,513,32412641,324985,11835,4990,"",1.14,1.85,2.01,2.01,1.51,2.55,2.60,0.77,"",-1,-2.5,35,8.0,66,14.8,66,14.8,12490066,62.7,166459,105.0,6327,114.9,1538,44.6
"06085","5","42369","77","0","2024","4","",310,4187,4167,4154,239804242,1414395,52225,4424,"",2.84,4.16,4.15,4.15,2.51,3.52,4.50,0.60,"",-2,-0.6,-144,-3.3,-191,-4.4,-226,-5.2,14753755,6.6,-236922,-14.3,-3500,-6.3,450,11.3
"06085","5","423690","78","0","2024","4","",310,4187,4167,4154,239804242,1414395,52225,4424,"",2.84,4.16,4.15,4.15,2.51,3.52,4.50,0.60,"",-2,-0.6,-144,-3.3,-191,-4.4,-226,-5.2,14753755,6.6,-236922,-14.3,-3500,-6.3,450,11.3
"06085","5","4237","76","0","2024","4","",82,1361,1359,1360,55843406,676651,18462,3159,"",0.41,0.60,0.60,0.60,0.35,0.56,0.61,0.58,"",-5,-5.7,-25,-1.8,-33,-2.4,-37,-2.6,9311083,20.0,85291,14.4,1379,8.1,587,22.8
"06085","5","42371","77","0","2024","4","N",24,0,0,0,0,0,0,0,"N",0.41,0,0,0,0,0,0,0,"N",-1,-4.0,0,0,0,0,0,0,0,0,0,0,0,0,0,0
"06085","5","423710","78","0","2024","4","N",24,0,0,0,0,0,0,0,"N",0.41,0,0,0,0,0,0,0,"N",-1,-4.0,0,0,0,0,0,0,0,0,0,0,0,0,0,0
"06085","5","42372","77","0","2024","4","",32,617,614,615,20423485,421333,11366,2553,"",0.43,0.70,0.70,0.70,0.33,0.84,0.94,0.47,"",-4,-11.1,6,1.0,-8,-1.3,-4,-0.6,1171098,6.1,155918,58.7,4736,71.4,154,6.4
"06085","5","423720","78","0","2024","4","",32,617,614,615,20423485,421333,11366,2553,"",0.43,0.70,0.70,0.70,0.33,0.84,0.94,0.47,"",-4,-11.1,6,1.0,-8,-1.3,-4,-0.6,1171098,6.1,155918,58.7,4736,71.4,154,6.4
"06085","5","42373","77","0","2024","4","",24,379,379,381,24850138,136899,3292,5035,"",0.46,0.62,0.62,0.62,0.50,0.46,0.43,0.80,"N",0,0.0,0,0,0,0,0,0,0,0,0,0,0,0,0,0
"06085","5","423730","78","0","2024","4","",24,379,379,381,24850138,136899,3292,5035,"",0.46,0.62,0.62,0.62,0.50,0.46,0.43,0.80,"N",0,0.0,0,0,0,0,0,0,0,0,0,0,0,0,0,0
"06085","5","42374","77","0","2024","4","N",2,0,0,0,0,0,0,0,"N",0.16,0,0,0,0,0,0,0,"N",0,0.0,0,0,0,0,0,0,0,0,0,0,0,0,0,0
"06085","5","423740","78","0","2024","4","N",2,0,0,0,0,0,0,0,"N",0.16,0,0,0,0,0,0,0,"N",0,0.0,0,0,0,0,0,0,0,0,0,0,0,0,0,0
"06085","5","4238","76","0","2024","4","",155,1390,1400,1400,45944836,678623,20872,2530,"",0.28,0.25,0.25,0.25,0.11,0.26,0.31,0.45,"",-2,-1.3,-65,-4.5,-56,-3.8,-58,-4.0,231281,0.5,-21046,-3.0,1054,5.3,115,4.8
"06085","5","42381","77","0","2024","4","",5,48,47,45,1275108,23710,732,2102,"",0.12,0.06,0.06,0.06,0.02,0.06,0.08,0.37,"",-1,-16.7,16,50.0,14,42.4,13,40.6,490518,62.5,7692,48.0,225,44.4,235,12.6
"06085","5","423810","78","0","2024","4","",5,48,47,45,1275108,23710,732,2102,"",0.12,0.06,0.06,0.06,0.02,0.06,0.08,0.37,"",-1,-16.7,16,50.0,14,42.4,13,40.6,490518,62.5,7692,48.0,225,44.4,235,12.6
"06085","5","42382","77","0","2024","4","",9,39,44,42,1271153,12407,301,2347,"",0.13,0.05,0.05,0.05,0.02,0.03,0.04,0.43,"",2,28.6,-13,-25.0,-10,-18.5,7,20.0,-556493,-30.4,-5146,-29.3,-255,-45.9,-644,-21.5
"06085","5","423820","78","0","2024","4","",9,39,44,42,1271153,12407,301,2347,"",0.13,0.05,0.05,0.05,0.02,0.03,0.04,0.43,"",2,28.6,-13,-25.0,-10,-18.5,7,20.0,-556493,-30.4,-5146,-29.3,-255,-45.9,-644,-21.5
"06085","5","42383","77","0","2024","4","",89,887,893,897,32433828,458795,15090,2796,"",0.34,0.36,0.36,0.36,0.18,0.43,0.52,0.49,"",0,0.0,-9,-1.0,-11,-1.2,-25,-2.7,507805,1.6,-39422,-7.9,589,4.1,89,3.3
"06085","5","423830","78","0","2024","4","",89,887,893,897,32433828,458795,15090,2796,"",0.34,0.36,0.36,0.36,0.18,0.43,0.52,0.49,"",0,0.0,-9,-1.0,-11,-1.2,-25,-2.7,507805,1.6,-39422,-7.9,589,4.1,89,3.3
"06085","5","42384","77","0","2024","4","",27,209,208,209,6411910,62114,1851,2364,"",0.28,0.27,0.27,0.27,0.11,0.16,0.17,0.41,"",-2,-6.9,-48,-18.7,-44,-17.5,-39,-15.7,-530808,-7.6,-20278,-24.6,-341,-15.6,248,11.7
"06085","5","423840","78","0","2024","4","",27,209,208,209,6411910,62114,1851,2364,"",0.28,0.27,0.27,0.27,0.11,0.16,0.17,0.41,"",-2,-6.9,-48,-18.7,-44,-17.5,-39,-15.7,-530808,-7.6,-20278,-24.6,-341,-15.6,248,11.7
"06085","5","42385","77","0","2024","4","",17,183,183,183,3196090,103205,2516,1343,"",0.36,0.44,0.44,0.44,0.14,0.44,0.41,0.32,"",-1,-5.6,-2,-1.1,1,0.5,-11,-5.7,90863,2.9,22432,27.8,548,27.8,66,5.2
"06085","5","423850","78","0","2024","4","",17,183,183,183,3196090,103205,2516,1343,"",0.36,0.44,0.44,0.44,0.14,0.44,0.41,0.32,"",-1,-5.6,-2,-1.1,1,0.5,-11,-5.7,90863,2.9,22432,27.8,548,27.8,66,5.2
"06085","5","42386","77","0","2024","4","",8,24,25,24,1356747,18392,382,4289,"",0.23,0.08,0.08,0.08,0.06,0.14,0.10,0.67,"",0,0.0,-9,-27.3,-6,-19.4,-3,-11.1,229396,20.3,13676,290.0,288,306.4,1430,50.0
"06085","5","423860","78","0","2024","4","",8,24,25,24,1356747,18392,382,4289,"",0.23,0.08,0.08,0.08,0.06,0.14,0.10,0.67,"",0,0.0,-9,-27.3,-6,-19.4,-3,-11.1,229396,20.3,13676,290.0,288,306.4,1430,50.0
"06085","5","4239","76","0","2024","4","",142,685,687,709,14959565,387693,12723,1659,"",0.46,0.30,0.30,0.31,0.11,0.29,0.32,0.36,"",13,10.1,-39,-5.4,-48,-6.5,-23,-3.1,-163341,-1.1,8326,2.2,1631,14.7,66,4.1
"06085","5","42391","77","0","2024","4","",23,75,73,70,1604420,24735,954,1698,"",0.36,0.16,0.16,0.15,0.06,0.09,0.12,0.38,"",2,9.5,5,7.1,5,7.4,4,6.1,232985,17.0,7236,41.4,447,88.2,147,9.5
"06085","5","423910","78","0","2024","4","",23,75,73,70,1604420,24735,954,1698,"",0.36,0.16,0.16,0.15,0.06,0.09,0.12,0.38,"",2,9.5,5,7.1,5,7.4,4,6.1,232985,17.0,7236,41.4,447,88.2,147,9.5
"06085","5","42392","77","0","2024","4","",13,32,32,45,580556,39291,1208,1229,"",0.57,0.18,0.18,0.25,0.04,0.39,0.36,0.22,"",2,18.2,-23,-41.8,-25,-43.9,-10,-18.2,12417,2.2,-11671,-22.9,45,3.9,444,56.6
"06085","5","423920","78","0","2024","4","",13,32,32,45,580556,39291,1208,1229,"",0.57,0.18,0.18,0.25,0.04,0.39,0.36,0.22,"",2,18.2,-23,-41.8,-25,-43.9,-10,-18.2,12417,2.2,-11671,-22.9,45,3.9,444,56.6
"06085","5","42393","77","0","2024","4","",30,322,322,332,6199535,153987,5280,1466,"",0.53,0.44,0.44,0.46,0.16,0.38,0.48,0.36,"",-1,-3.2,-17,-5.0,-21,-6.1,-7,-2.1,3767,0.1,-24149,-13.6,-428,-7.5,66,4.7
"06085","5","423930","78","0","2024","4","",30,322,322,332,6199535,153987,5280,1466,"",0.53,0.44,0.44,0.46,0.16,0.38,0.48,0.36,"",-1,-3.2,-17,-5.0,-21,-6.1,-7,-2.1,3767,0.1,-24149,-13.6,-428,-7.5,66,4.7
"06085","5","42394","77","0","2024","4","",18,48,45,43,1179868,36754,779,2002,"",0.34,0.18,0.17,0.16,0.07,0.25,0.14,0.42,"",-1,-5.3,4,9.1,-1,-2.2,-1,-2.3,107249,10.0,-7897,-17.7,-565,-42.0,155,8.4
"06085","5","423940","78","0","2024","4","",18,48,45,43,1179868,36754,779,2002,"",0.34,0.18,0.17,0.16,0.07,0.25,0.14,0.42,"",-1,-5.3,4,9.1,-1,-2.2,-1,-2.3,107249,10.0,-7897,-17.7,-565,-42.0,155,8.4
"06085","5","42399","77","0","2024","4","",58,208,215,219,5395186,132926,4502,1939,"",0.51,0.31,0.32,0.33,0.12,0.33,0.36,0.39,"",11,23.4,-8,-3.7,-6,-2.7,-9,-3.9,-519759,-8.8,44807,50.8,2132,90.0,-114,-5.6
"06085","5","423990","78","0","2024","4","",58,208,215,219,5395186,132926,4502,1939,"",0.51,0.31,0.32,0.33,0.12,0.33,0.36,0.39,"",11,23.4,-8,-3.7,-6,-2.7,-9,-3.9,-519759,-8.8,44807,50.8,2132,90.0,-114,-5.6
"06085","5","424","75","0","2024","4","",456,5339,5284,5338,133689818,2960458,83623,1933,"",0.35,0.34,0.33,0.34,0.13,0.32,0.32,0.38,"",-5,-1.1,-534,-9.1,-621,-10.5,-565,-9.6,-6517461,-4.6,-237292,-7.4,-4040,-4.6,103,5.6
"06085","5","4241","76","0","2024","4","N",21,0,0,0,0,0,0,0,"N",0.31,0,0,0,0,0,0,0,"N",2,10.5,0,0,0,0,0,0,0,0,0,0,0,0,0,0
"06085","5","42411","77","0","2024","4","N",2,0,0,0,0,0,0,0,"N",0.21,0,0,0,0,0,0,0,"N",0,0.0,0,0,0,0,0,0,0,0,0,0,0,0,0,0
"06085","5","424110","78","0","2024","4","N",2,0,0,0,0,0,0,0,"N",0.21,0,0,0,0,0,0,0,"N",0,0.0,0,0,0,0,0,0,0,0,0,0,0,0,0,0
"06085","5","42412","77","0","2024","4","N",4,0,0,0,0,0,0,0,"N",0.17,0,0,0,0,0,0,0,"N",1,33.3,0,0,0,0,0,0,0,0,0,0,0,0,0,0
"06085","5","424120","78","0","2024","4","N",4,0,0,0,0,0,0,0,"N",0.17,0,0,0,0,0,0,0,"N",1,33.3,0,0,0,0,0,0,0,0,0,0,0,0,0,0
"06085","5","42413","77","0","2024","4","",15,106,109,109,2814473,84482,2574,2005,"",0.42,0.23,0.23,0.23,0.09,0.35,0.37,0.37,"",1,7.1,-7,-6.2,-4,-3.5,-2,-1.8,-198218,-6.6,26736,46.3,609,31.0,-58,-2.8
"06085","5","424130","78","0","2024","4","",15,106,109,109,2814473,84482,2574,2005,"",0.42,0.23,0.23,0.23,0.09,0.35,0.37,0.37,"",1,7.1,-7,-6.2,-4,-3.5,-2,-1.8,-198218,-6.6,26736,46.3,609,31.0,-58,-2.8
"06085","5","4242","76","0","2024","4","",54,733,726,721,39632954,130890,5059,4195,"",0.33,0.40,0.39,0.38,0.20,0.16,0.19,0.51,"",-1,-1.8,-62,-7.8,-78,-9.7,-95,-11.6,1961085,5.2,-168079,-56.2,-4638,-47.8,595,16.5
"06085","5","42421","77","0","2024","4","",54,733,726,721,39632954,130890,5059,4195,"",0.33,0.40,0.39,0.38,0.20,0.16,0.19,0.51,"",-1,-1.8,-62,-7.8,-78,-9.7,-95,-11.6,1961085,5.2,-168079,-56.2,-4638,-47.8,595,16.5
"06085","5","424210","78","0","2024","4","",54,733,726,721,39632954,130890,5059,4195,"",0.33,0.40,0.39,0.38,0.20,0.16,0.19,0.51,"",-1,-1.8,-62,-7.8,-78,-9.7,-95,-11.6,1961085,5.2,-168079,-56.2,-4638,-47.8,595,16.5
"06085","5","4243","76","0","2024","4","",33,132,144,142,2008979,104572,2577,1109,"",0.28,0.13,0.14,0.14,0.03,0.18,0.12,0.22,"",-6,-15.4,-28,-17.5,-22,-13.3,-8,-5.3,32799,1.7,-49727,-32.2,-847,-24.7,151,15.8
"06085","5","42431","77","0","2024","4","N",3,0,0,0,0,0,0,0,"N",0.11,0,0,0,0,0,0,0,"N",-2,-40.0,0,0,0,0,0,0,0,0,0,0,0,0,0,0
"06085","5","424310","78","0","2024","4","N",3,0,0,0,0,0,0,0,"N",0.11,0,0,0,0,0,0,0,"N",-2,-40.0,0,0,0,0,0,0,0,0,0,0,0,0,0,0
"06085","5","42434","77","0","2024","4","N",3,0,0,0,0,0,0,0,"N",0.22,0,0,0,0,0,0,0,"N",-1,-25.0,0,0,0,0,0,0,0,0,0,0,0,0,0,0
"06085","5","424340","78","0","2024","4","N",3,0,0,0,0,0,0,0,"N",0.22,0,0,0,0,0,0,0,"N",-1,-25.0,0,0,0,0,0,0,0,0,0,0,0,0,0,0
"06085","5","42435","77","0","2024","4","",27,100,104,103,1618043,98615,2469,1216,"",0.35,0.15,0.15,0.15,0.04,0.23,0.16,0.24,"",-3,-10.0,-15,-13.0,-12,-10.3,-2,-1.9,163404,11.2,-45947,-31.8,-707,-22.3,217,21.7
"06085","5","424350","78","0","2024","4","",27,100,104,103,1618043,98615,2469,1216,"",0.35,0.15,0.15,0.15,0.04,0.23,0.16,0.24,"",-3,-10.0,-15,-13.0,-12,-10.3,-2,-1.9,163404,11.2,-45947,-31.8,-707,-22.3,217,21.7
"06085","5","4244","76","0","2024","4","",175,2768,2729,2765,48387502,1817414,49831,1352,"",0.49,0.46,0.46,0.46,0.14,0.48,0.46,0.31,"",0,0.0,43,1.6,-41,-1.5,7,0.3,910211,1.9,42151,2.4,2969,6.3,24,1.8
"06085","5","42441","77","0","2024","4","",40,871,831,882,15467791,790979,23081,1381,"",0.63,0.47,0.45,0.47,0.15,0.66,0.68,0.32,"",-1,-2.4,-17,-1.9,-58,-6.5,11,1.3,-53806,-0.3,181609,29.8,5894,34.3,28,2.1
"06085","5","424410","78","0","2024","4","",40,871,831,882,15467791,790979,23081,1381,"",0.63,0.47,0.45,0.47,0.15,0.66,0.68,0.32,"",-1,-2.4,-17,-1.9,-58,-6.5,11,1.3,-53806,-0.3,181609,29.8,5894,34.3,28,2.1
"06085","5","42442","77","0","2024","4","N",6,0,0,0,0,0,0,0,"N",0.30,0,0,0,0,0,0,0,"N",-1,-14.3,0,0,0,0,0,0,0,0,0,0,0,0,0,0
"06085","5","424420","78","0","2024","4","N",6,0,0,0,0,0,0,0,"N",0.30,0,0,0,0,0,0,0,"N",-1,-14.3,0,0,0,0,0,0,0,0,0,0,0,0,0,0
"06085","5","42443","77","0","2024","4","",4,17,17,19,439701,1422,21,1915,"",0.22,0.07,0.07,0.08,0.03,0.01,0.00,0.42,"",-1,-20.0,-5,-22.7,-4,-19.0,-3,-13.6,-142943,-24.5,-25107,-94.6,-1113,-98.1,-154,-7.4
"06085","5","424430","78","0","2024","4","",4,17,17,19,439701,1422,21,1915,"",0.22,0.07,0.07,0.08,0.03,0.01,0.00,0.42,"",-1,-20.0,-5,-22.7,-4,-19.0,-3,-13.6,-142943,-24.5,-25107,-94.6,-1113,-98.1,-154,-7.4
"06085","5","42444","77","0","2024","4","N",1,0,0,0,0,0,0,0,"N",0.19,0,0,0,0,0,0,0,"N",0,0.0,0,0,0,0,0,0,0,0,0,0,0,0,0,0
"06085","5","424440","78","0","2024","4","N",1,0,0,0,0,0,0,0,"N",0.19,0,0,0,0,0,0,0,"N",0,0.0,0,0,0,0,0,0,0,0,0,0,0,0,0,0
"06085","5","42445","77","0","2024","4","N",8,0,0,0,0,0,0,0,"N",0.29,0,0,0,0,0,0,0,"N",3,60.0,0,0,0,0,0,0,0,0,0,0,0,0,0,0
"06085","5","424450","78","0","2024","4","N",8,0,0,0,0,0,0,0,"N",0.29,0,0,0,0,0,0,0,"N",3,60.0,0,0,0,0,0,0,0,0,0,0,0,0,0,0
"06085","5","42446","77","0","2024","4","",14,372,364,361,5864242,197574,5699,1234,"",0.71,1.85,1.82,1.81,0.56,1.43,1.35,0.30,"",1,7.7,3,0.8,-13,-3.4,-13,-3.5,223662,4.0,-34337,-14.8,1034,22.2,72,6.2
"06085","5","424460","78","0","2024","4","",14,372,364,361,5864242,197574,5699,1234,"",0.71,1.85,1.82,1.81,0.56,1.43,1.35,0.30,"",1,7.7,3,0.8,-13,-3.4,-13,-3.5,223662,4.0,-34337,-14.8,1034,22.2,72,6.2
"06085","5","42447","77","0","2024","4","",9,159,157,153,2796037,76569,1939,1376,"",0.41,0.46,0.46,0.44,0.13,0.36,0.30,0.29,"",0,0.0,12,8.2,5,3.3,3,2.0,139696,5.3,17948,30.6,323,20.0,11,0.8
"06085","5","424470","78","0","2024","4","",9,159,157,153,2796037,76569,1939,1376,"",0.41,0.46,0.46,0.44,0.13,0.36,0.30,0.29,"",0,0.0,12,8.2,5,3.3,3,2.0,139696,5.3,17948,30.6,323,20.0,11,0.8
"06085","5","42448","77","0","2024","4","",33,288,287,282,4610167,125483,3096,1241,"",0.88,0.41,0.41,0.40,0.12,0.24,0.19,0.31,"",1,3.1,17,6.3,13,4.7,13,4.8,523846,12.8,48290,62.6,968,45.5,83,7.2
"06085","5","424480","78","0","2024","4","",33,288,287,282,4610167,125483,3096,1241,"",0.88,0.41,0.41,0.40,0.12,0.24,0.19,0.31,"",1,3.1,17,6.3,13,4.7,13,4.8,523846,12.8,48290,62.6,968,45.5,83,7.2
"06085","5","42449","77","0","2024","4","",60,856,866,865,15071044,509562,13057,1344,"",0.43,0.48,0.49,0.49,0.15,0.46,0.43,0.31,"",-2,-3.2,43,5.3,25,3.0,14,1.6,75709,0.5,-67302,-11.7,-1456,-10.0,-37,-2.7
"06085","5","424490","78","0","2024","4","",60,856,866,865,15071044,509562,13057,1344,"",0.43,0.48,0.49,0.49,0.15,0.46,0.43,0.31,"",-2,-3.2,43,5.3,25,3.0,14,1.6,75709,0.5,-67302,-11.7,-1456,-10.0,-37,-2.7
"06085","5","4245","76","0","2024","4","N",5,0,0,0,0,0,0,0,"N",0.10,0,0,0,0,0,0,0,"N",1,25.0,0,0,0,0,0,0,0,0,0,0,0,0,0,0
"06085","5","42451","77","0","2024","4","N",1,0,0,0,0,0,0,0,"N",0.04,0,0,0,0,0,0,0,"N",0,0.0,0,0,0,0,0,0,0,0,0,0,0,0,0,0
"06085","5","424510","78","0","2024","4","N",1,0,0,0,0,0,0,0,"N",0.04,0,0,0,0,0,0,0,"N",0,0.0,0,0,0,0,0,0,0,0,0,0,0,0,0,0
"06085","5","42459","77","0","2024","4","N",4,0,0,0,0,0,0,0,"N",0.28,0,0,0,0,0,0,0,"N",1,33.3,0,0,0,0,0,0,0,0,0,0,0,0,0,0
"06085","5","424590","78","0","2024","4","N",4,0,0,0,0,0,0,0,"N",0.28,0,0,0,0,0,0,0,"N",1,33.3,0,0,0,0,0,0,0,0,0,0,0,0,0,0
"06085","5","4246","76","0","2024","4","",38,263,262,263,8255634,75872,2274,2418,"",0.29,0.24,0.24,0.24,0.10,0.17,0.18,0.40,"",0,0.0,-9,-3.3,-10,-3.7,-8,-3.0,110845,1.4,25399,50.3,889,64.2,112,4.9
"06085","5","42461","77","0","2024","4","",13,77,78,78,2363739,15065,482,2341,"",0.41,0.35,0.35,0.35,0.14,0.17,0.18,0.39,"",0,0.0,-6,-7.2,-7,-8.2,-7,-8.2,62688,2.7,10396,222.7,273,130.6,242,11.5
"06085","5","424610","78","0","2024","4","",13,77,78,78,2363739,15065,482,2341,"",0.41,0.35,0.35,0.35,0.14,0.17,0.18,0.39,"",0,0.0,-6,-7.2,-7,-8.2,-7,-8.2,62688,2.7,10396,222.7,273,130.6,242,11.5
"06085","5","42469","77","0","2024","4","",25,186,184,185,5891895,60807,1792,2450,"",0.25,0.21,0.21,0.21,0.09,0.17,0.19,0.40,"",0,0.0,-3,-1.6,-3,-1.6,-1,-0.5,48157,0.8,15003,32.8,616,52.4,50,2.1
"06085","5","424690","78","0","2024","4","",25,186,184,185,5891895,60807,1792,2450,"",0.25,0.21,0.21,0.21,0.09,0.17,0.19,0.40,"",0,0.0,-3,-1.6,-3,-1.6,-1,-0.5,48157,0.8,15003,32.8,616,52.4,50,2.1
"06085","5","4247","76","0","2024","4","",14,211,210,202,5893630,46257,1068,2183,"",0.23,0.29,0.29,0.28,0.10,0.11,0.11,0.36,"",-2,-12.5,-113,-34.9,-119,-36.2,-130,-39.2,-3331161,-36.1,-129386,-73.7,-3327,-75.7,22,1.0
"06085","5","42471","77","0","2024","4","",5,154,155,148,4121947,37165,836,2081,"",0.26,0.64,0.64,0.61,0.23,0.25,0.25,0.37,"",0,0.0,-13,-7.8,-14,-8.3,-19,-11.4,-1033196,-20.0,-18314,-33.0,-484,-36.7,-284,-12.0
"06085","5","424710","78","0","2024","4","",5,154,155,148,4121947,37165,836,2081,"",0.26,0.64,0.64,0.61,0.23,0.25,0.25,0.37,"",0,0.0,-13,-7.8,-14,-8.3,-19,-11.4,-1033196,-20.0,-18314,-33.0,-484,-36.7,-284,-12.0
"06085","5","42472","77","0","2024","4","",9,57,55,54,1771683,9092,232,2463,"",0.22,0.12,0.11,0.11,0.04,0.03,0.04,0.39,"",-2,-18.2,-100,-63.7,-105,-65.6,-111,-67.3,-2297965,-56.5,-111072,-92.4,-2843,-92.5,515,26.4
"06085","5","424720","78","0","2024","4","",9,57,55,54,1771683,9092,232,2463,"",0.22,0.12,0.11,0.11,0.04,0.03,0.04,0.39,"",-2,-18.2,-100,-63.7,-105,-65.6,-111,-67.3,-2297965,-56.5,-111072,-92.4,-2843,-92.5,515,26.4
"06085","5","4248","76","0","2024","4","",18,295,293,294,7380627,165747,5623,1931,"",0.26,0.19,0.19,0.19,0.08,0.21,0.30,0.42,"",4,28.6,-58,-16.4,-62,-17.5,-82,-21.8,-1222498,-14.2,-34192,-17.1,-565,-9.1,100,5.5
"06085","5","42481","77","0","2024","4","N",2,0,0,0,0,0,0,0,"N",0.09,0,0,0,0,0,0,0,"N",0,0.0,0,0,0,0,0,0,0,0,0,0,0,0,0,0
"06085","5","424810","78","0","2024","4","N",2,0,0,0,0,0,0,0,"N",0.09,0,0,0,0,0,0,0,"N",0,0.0,0,0,0,0,0,0,0,0,0,0,0,0,0,0
"06085","5","42482","77","0","2024","4","N",16,0,0,0,0,0,0,0,"N",0.34,0,0,0,0,0,0,0,"N",4,33.3,0,0,0,0,0,0,0,0,0,0,0,0,0,0
"06085","5","424820","78","0","2024","4","N",16,0,0,0,0,0,0,0,"N",0.34,0,0,0,0,0,0,0,"N",4,33.3,0,0,0,0,0,0,0,0,0,0,0,0,0,0
"06085","5","4249","76","0","2024","4","",98,795,774,792,14828877,503131,13888,1449,"",0.35,0.34,0.33,0.34,0.11,0.34,0.33,0.33,"",-3,-3.0,-300,-27.4,-288,-27.1,-253,-24.2,-3418300,-18.7,45578,10.0,774,5.9,134,10.2
"06085","5","42491","77","0","2024","4","",5,91,89,86,3198237,33856,1551,2775,"",0.05,0.11,0.11,0.10,0.06,0.06,0.12,0.56,"",-3,-37.5,-94,-50.8,-95,-51.6,-94,-52.2,-2005821,-38.5,-55890,-62.3,-1324,-46.1,588,26.9
"06085","5","424910","78","0","2024","4","",5,91,89,86,3198237,33856,1551,2775,"",0.05,0.11,0.11,0.10,0.06,0.06,0.12,0.56,"",-3,-37.5,-94,-50.8,-95,-51.6,-94,-52.2,-2005821,-38.5,-55890,-62.3,-1324,-46.1,588,26.9
"06085","5","42492","77","0","2024","4","N",4,0,0,0,0,0,0,0,"N",0.30,0,0,0,0,0,0,0,"N",1,33.3,0,0,0,0,0,0,0,0,0,0,0,0,0,0
"06085","5","424920","78","0","2024","4","N",4,0,0,0,0,0,0,0,"N",0.30,0,0,0,0,0,0,0,"N",1,33.3,0,0,0,0,0,0,0,0,0,0,0,0,0,0
"06085","5","42493","77","0","2024","4","",16,484,466,470,7359281,192541,4421,1196,"",0.59,1.39,1.35,1.40,0.55,0.85,0.62,0.40,"",2,14.3,2,0.4,10,2.2,22,4.9,930168,14.5,51226,36.2,1656,59.9,126,11.8
"06085","5","424930","78","0","2024","4","",16,484,466,470,7359281,192541,4421,1196,"",0.59,1.39,1.35,1.40,0.55,0.85,0.62,0.40,"",2,14.3,2,0.4,10,2.2,22,4.9,930168,14.5,51226,36.2,1656,59.9,126,11.8
"06085","5","42494","77","0","2024","4","N",5,0,0,0,0,0,0,0,"N",0.29,0,0,0,0,0,0,0,"N",-1,-16.7,0,0,0,0,0,0,0,0,0,0,0,0,0,0
"06085","5","424940","78","0","2024","4","N",5,0,0,0,0,0,0,0,"N",0.29,0,0,0,0,0,0,0,"N",-1,-16.7,0,0,0,0,0,0,0,0,0,0,0,0,0,0
"06085","5","42495","77","0","2024","4","",10,47,39,48,820769,108409,3129,1413,"",0.50,0.28,0.23,0.29,0.09,1.28,1.38,0.32,"",-1,-9.1,11,30.6,0,0.0,8,20.0,62635,8.3,92269,571.7,2721,666.9,-108,-7.1
"06085","5","424950","78","0","2024","4","",10,47,39,48,820769,108409,3129,1413,"",0.50,0.28,0.23,0.29,0.09,1.28,1.38,0.32,"",-1,-9.1,11,30.6,0,0.0,8,20.0,62635,8.3,92269,571.7,2721,666.9,-108,-7.1
"06085","5","42499","77","0","2024","4","",58,123,128,136,2388835,150542,4309,1424,"",0.54,0.21,0.21,0.23,0.07,0.41,0.34,0.31,"",-1,-1.7,-223,-64.5,-210,-62.1,-199,-59.4,-2568660,-51.8,-58355,-27.9,-2715,-38.7,301,26.8
"06085","5","424990","78","0","2024","4","",58,123,128,136,2388835,150542,4309,1424,"",0.54,0.21,0.21,0.23,0.07,0.41,0.34,0.31,"",-1,-1.7,-223,-64.5,-210,-62.1,-199,-59.4,-2568660,-51.8,-58355,-27.9,-2715,-38.7,301,26.8
"06085","5","425","75","0","2024","4","",289,1334,1314,1298,55538862,711209,19316,3248,"",0.35,0.38,0.37,0.36,0.16,0.41,0.35,0.44,"",-11,-3.7,34,2.6,3,0.2,-1,-0.1,-499380,-0.9,-7219,-1.0,-1297,-6.3,-59,-1.8
"06085","5","4251","76","0","2024","4","",289,1334,1314,1298,55538862,711209,19316,3248,"",0.35,0.38,0.37,0.36,0.16,0.41,0.35,0.44,"",-11,-3.7,34,2.6,3,0.2,-1,-0.1,-499380,-0.9,-7219,-1.0,-1297,-6.3,-59,-1.8
"06085","5","42512","77","0","2024","4","",289,1334,1314,1298,55538862,711209,19316,3248,"",0.35,0.38,0.37,0.36,0.16,0.41,0.35,0.44,"",-11,-3.7,34,2.6,3,0.2,-1,-0.1,-499380,-0.9,-7219,-1.0,-1297,-6.3,-59,-1.8
"06085","5","425120","78","0","2024","4","",289,1334,1314,1298,55538862,711209,19316,3248,"",0.35,0.38,0.37,0.36,0.16,0.41,0.35,0.44,"",-11,-3.7,34,2.6,3,0.2,-1,-0.1,-499380,-0.9,-7219,-1.0,-1297,-6.3,-59,-1.8
"06085","5","44-45","74","0","2024","4","",4087,70477,72564,73143,1066374652,56417470,1291447,1138,"",0.54,0.63,0.64,0.64,0.31,0.73,0.70,0.49,"",-130,-3.1,-1542,-2.1,-936,-1.3,-1139,-1.5,-10431913,-1.0,-1982148,-3.4,-3012,-0.2,7,0.6
"06085","5","441","75","0","2024","4","",367,7395,7392,7286,172341970,4869693,156302,1802,"",0.42,0.50,0.50,0.50,0.23,0.48,0.60,0.47,"",3,0.8,-173,-2.3,-139,-1.8,-219,-2.9,3358697,2.0,-366251,-7.0,1796,1.2,77,4.5
"06085","5","4411","76","0","2024","4","",138,5399,5420,5375,143847288,3539336,123844,2050,"",0.41,0.58,0.59,0.58,0.27,0.58,0.72,0.46,"",3,2.2,-126,-2.3,-68,-1.2,-88,-1.6,6340582,4.6,-103734,-2.8,9390,8.2,124,6.4
"06085","5","44111","77","0","2024","4","",88,5180,5203,5162,140444078,3414382,120186,2085,"",0.58,0.64,0.65,0.64,0.29,0.65,0.83,0.45,"",0,0.0,-113,-2.1,-75,-1.4,-91,-1.7,6176567,4.6,-120431,-3.4,8577,7.7,127,6.5
"06085","5","441110","78","0","2024","4","",88,5180,5203,5162,140444078,3414382,120186,2085,"",0.58,0.64,0.65,0.64,0.29,0.65,0.83,0.45,"",0,0.0,-113,-2.1,-75,-1.4,-91,-1.7,6176567,4.6,-120431,-3.4,8577,7.7,127,6.5
"06085","5","44112","77","0","2024","4","",50,219,217,213,3403210,124954,3658,1210,"",0.27,0.18,0.18,0.18,0.06,0.15,0.13,0.32,"",3,6.4,-13,-5.6,7,3.3,3,1.4,164015,5.1,16697,15.4,813,28.6,64,5.6
"06085","5","441120","78","0","2024","4","",50,219,217,213,3403210,124954,3658,1210,"",0.27,0.18,0.18,0.18,0.06,0.15,0.13,0.32,"",3,6.4,-13,-5.6,7,3.3,3,1.4,164015,5.1,16697,15.4,813,28.6,64,5.6
"06085","5","4412","76","0","2024","4","",37,318,293,256,4987848,123164,5119,1328,"",0.34,0.27,0.25,0.22,0.09,0.15,0.21,0.37,"",0,0.0,-29,-8.4,-60,-17.0,-101,-28.3,-730998,-12.8,-112078,-47.6,-4014,-44.0,79,6.3
"06085","5","44121","77","0","2024","4","",13,132,116,106,2277964,41877,1575,1485,"",0.59,0.35,0.32,0.29,0.12,0.15,0.17,0.39,"",1,8.3,-32,-19.5,-48,-29.3,-57,-35.0,-426601,-15.8,-21392,-33.8,-853,-35.1,214,16.8
"06085","5","441210","78","0","2024","4","",13,132,116,106,2277964,41877,1575,1485,"",0.59,0.35,0.32,0.29,0.12,0.15,0.17,0.39,"",1,8.3,-32,-19.5,-48,-29.3,-57,-35.0,-426601,-15.8,-21392,-33.8,-853,-35.1,214,16.8
"06085","5","44122","77","0","2024","4","",24,186,177,150,2709884,81287,3544,1219,"",0.28,0.22,0.22,0.19,0.07,0.15,0.23,0.35,"",-1,-4.0,3,1.6,-12,-6.3,-44,-22.7,-304397,-10.1,-90686,-52.7,-3161,-47.1,-10,-0.8
"06085","5","441222","78","0","2024","4","N",3,0,0,0,0,0,0,0,"N",0.09,0,0,0,0,0,0,0,"N",-1,-25.0,0,0,0,0,0,0,0,0,0,0,0,0,0,0
"06085","5","441227","78","0","2024","4","N",21,0,0,0,0,0,0,0,"N",0.38,0,0,0,0,0,0,0,"N",0,0.0,0,0,0,0,0,0,0,0,0,0,0,0,0,0
"06085","5","4413","76","0","2024","4","",192,1678,1679,1655,23506834,1207193,27339,1082,"",0.44,0.39,0.39,0.39,0.17,0.39,0.41,0.42,"",0,0.0,-18,-1.1,-11,-0.7,-30,-1.8,-2250887,-8.7,-150439,-11.1,-3580,-11.6,-90,-7.7
"06085","5","44133","77","0","2024","4","",115,1023,1022,1003,13964001,757789,16904,1057,"",0.39,0.36,0.36,0.35,0.16,0.38,0.42,0.46,"",0,0.0,-86,-7.8,-80,-7.3,-96,-8.7,-3511345,-20.1,-62407,-7.6,-1880,-10.0,-161,-13.2
"06085","5","441330","78","0","2024","4","",115,1023,1022,1003,13964001,757789,16904,1057,"",0.39,0.36,0.36,0.35,0.16,0.38,0.42,0.46,"",0,0.0,-86,-7.8,-80,-7.3,-96,-8.7,-3511345,-20.1,-62407,-7.6,-1880,-10.0,-161,-13.2
"06085","5","44134","77","0","2024","4","",77,655,657,652,9542833,449404,10435,1121,"",0.53,0.47,0.47,0.47,0.17,0.39,0.41,0.36,"",0,0.0,68,11.6,69,11.7,66,11.3,1260458,15.2,-88032,-16.4,-1700,-14.0,36,3.3
"06085","5","441340","78","0","2024","4","",77,655,657,652,9542833,449404,10435,1121,"",0.53,0.47,0.47,0.47,0.17,0.39,0.41,0.36,"",0,0.0,68,11.6,69,11.7,66,11.3,1260458,15.2,-88032,-16.4,-1700,-14.0,36,3.3
"06085","5","444","75","0","2024","4","",244,5334,5253,5192,73560246,2347570,58278,1076,"",0.47,0.55,0.54,0.54,0.23,0.38,0.41,0.43,"",-24,-9.0,-213,-3.8,-281,-5.1,-329,-6.0,-5533690,-7.0,-562001,-19.3,-9102,-13.5,-23,-2.1
"06085","5","4441","76","0","2024","4","",207,4930,4840,4789,68937090,2169655,53477,1093,"",0.53,0.58,0.58,0.57,0.25,0.41,0.47,0.43,"",-21,-9.2,-182,-3.6,-257,-5.0,-307,-6.0,-5133840,-6.9,-488355,-18.4,-7516,-12.3,-24,-2.1
"06085","5","44411","77","0","2024","4","",26,2881,2852,2814,32521856,1255468,28800,878,"",0.39,0.56,0.56,0.55,0.24,0.39,0.45,0.44,"",-1,-3.7,-107,-3.6,-116,-3.9,-131,-4.4,833892,2.6,-184260,-12.8,-2309,-7.4,56,6.8
"06085","5","444110","78","0","2024","4","",26,2881,2852,2814,32521856,1255468,28800,878,"",0.39,0.56,0.56,0.55,0.24,0.39,0.45,0.44,"",-1,-3.7,-107,-3.6,-116,-3.9,-131,-4.4,833892,2.6,-184260,-12.8,-2309,-7.4,56,6.8
"06085","5","44412","77","0","2024","4","",26,167,165,168,2601244,69064,1522,1201,"",0.54,0.57,0.56,0.57,0.22,0.45,0.46,0.39,"",-13,-33.3,-46,-21.6,-49,-22.9,-51,-23.3,-214852,-7.6,-9548,-12.1,-435,-22.2,195,19.4
"06085","5","444120","78","0","2024","4","",26,167,165,168,2601244,69064,1522,1201,"",0.54,0.57,0.56,0.57,0.22,0.45,0.46,0.39,"",-13,-33.3,-46,-21.6,-49,-22.9,-51,-23.3,-214852,-7.6,-9548,-12.1,-435,-22.2,195,19.4
"06085","5","44414","77","0","2024","4","",33,657,651,649,7604422,360034,8872,897,"",0.30,0.53,0.53,0.52,0.21,0.41,0.50,0.40,"",-2,-5.7,4,0.6,-7,-1.1,-16,-2.4,-83431,-1.1,-118286,-24.7,-1949,-18.0,-1,-0.1
"06085","5","444140","78","0","2024","4","",33,657,651,649,7604422,360034,8872,897,"",0.30,0.53,0.53,0.52,0.21,0.41,0.50,0.40,"",-2,-5.7,4,0.6,-7,-1.1,-16,-2.4,-83431,-1.1,-118286,-24.7,-1949,-18.0,-1,-0.1
"06085","5","44418","77","0","2024","4","",122,1225,1172,1158,26209568,485089,14283,1701,"",0.74,0.68,0.65,0.65,0.27,0.45,0.50,0.41,"",-5,-3.9,-33,-2.6,-85,-6.8,-109,-8.6,-5669449,-17.8,-176261,-26.7,-2823,-16.5,-244,-12.5
"06085","5","444180","78","0","2024","4","",122,1225,1172,1158,26209568,485089,14283,1701,"",0.74,0.68,0.65,0.65,0.27,0.45,0.50,0.41,"",-5,-3.9,-33,-2.6,-85,-6.8,-109,-8.6,-5669449,-17.8,-176261,-26.7,-2823,-16.5,-244,-12.5
"06085","5","4442","76","0","2024","4","",37,404,413,403,4623156,177915,4801,874,"",0.30,0.30,0.32,0.31,0.12,0.20,0.16,0.37,"",-3,-7.5,-31,-7.1,-24,-5.5,-22,-5.2,-399850,-8.0,-73646,-29.3,-1586,-24.8,-20,-2.2
"06085","5","44423","77","0","2024","4","N",2,0,0,0,0,0,0,0,"N",0.08,0,0,0,0,0,0,0,"N",0,0.0,0,0,0,0,0,0,0,0,0,0,0,0,0,0
"06085","5","444230","78","0","2024","4","N",2,0,0,0,0,0,0,0,"N",0.08,0,0,0,0,0,0,0,"N",0,0.0,0,0,0,0,0,0,0,0,0,0,0,0,0,0
"06085","5","44424","77","0","2024","4","N",35,0,0,0,0,0,0,0,"N",0.36,0,0,0,0,0,0,0,"N",-3,-7.9,0,0,0,0,0,0,0,0,0,0,0,0,0,0
"06085","5","444240","78","0","2024","4","N",35,0,0,0,0,0,0,0,"N",0.36,0,0,0,0,0,0,0,"N",-3,-7.9,0,0,0,0,0,0,0,0,0,0,0,0,0,0
"06085","5","445","75","0","2024","4","",750,16794,16986,17023,185661496,11726413,244548,843,"",0.66,0.73,0.73,0.73,0.33,0.74,0.74,0.45,"",-4,-0.5,-131,-0.8,123,0.7,173,1.0,9451805,5.4,322534,2.8,8773,3.7,40,5.0
"06085","5","4451","76","0","2024","4","",464,15004,15122,15155,167703359,9985264,193742,855,"",0.67,0.75,0.74,0.74,0.34,0.74,0.73,0.46,"",0,0.0,-53,-0.4,187,1.3,257,1.7,8931584,5.6,465957,4.9,10125,5.5,39,4.8
"06085","5","44511","77","0","2024","4","",323,14264,14370,14404,160046565,9255176,175306,858,"",0.78,0.76,0.76,0.76,0.35,0.75,0.77,0.46,"",-1,-0.3,-84,-0.6,134,0.9,199,1.4,8604160,5.7,430438,4.9,8660,5.2,41,5.0
"06085","5","445110","78","0","2024","4","",323,14264,14370,14404,160046565,9255176,175306,858,"",0.78,0.76,0.76,0.76,0.35,0.75,0.77,0.46,"",-1,-0.3,-84,-0.6,134,0.9,199,1.4,8604160,5.7,430438,4.9,8660,5.2,41,5.0
"06085","5","44513","77","0","2024","4","",141,740,752,751,7656794,730088,18436,788,"",0.51,0.51,0.52,0.52,0.22,0.66,0.53,0.43,"",1,0.7,31,4.4,53,7.6,58,8.4,327424,4.5,35519,5.1,1465,8.6,-17,-2.1
"06085","5","445131","78","0","2024","4","",131,679,689,685,6716339,691557,17265,755,"",0.52,0.57,0.58,0.58,0.27,0.76,0.62,0.46,"",2,1.6,30,4.6,50,7.8,52,8.2,208067,3.2,28671,4.3,1368,8.6,-27,-3.5
"06085","5","445132","78","0","2024","4","",10,61,63,66,940455,38531,1171,1142,"",0.41,0.22,0.23,0.24,0.09,0.20,0.16,0.41,"",-1,-9.1,1,1.7,3,5.0,6,10.0,119357,14.5,6848,21.6,97,9.0,89,8.5
"06085","5","4452","76","0","2024","4","",128,1154,1216,1227,12012719,1195700,35144,771,"",0.63,0.66,0.69,0.69,0.26,0.88,0.83,0.38,"",-1,-0.8,2,0.2,15,1.2,-5,-0.4,1169367,10.8,148550,14.2,5907,20.2,73,10.5
"06085","5","44523","77","0","2024","4","N",16,0,0,0,0,0,0,0,"N",0.66,0,0,0,0,0,0,0,"N",1,6.7,0,0,0,0,0,0,0,0,0,0,0,0,0,0
"06085","5","445230","78","0","2024","4","N",16,0,0,0,0,0,0,0,"N",0.66,0,0,0,0,0,0,0,"N",1,6.7,0,0,0,0,0,0,0,0,0,0,0,0,0,0
"06085","5","44524","77","0","2024","4","",19,198,227,219,2569827,196369,4297,921,"",0.39,0.43,0.46,0.45,0.19,0.56,0.48,0.43,"",-3,-13.6,2,1.0,-7,-3.0,-6,-2.7,543617,26.8,34151,21.1,716,20.0,207,29.0
"06085","5","445240","78","0","2024","4","",19,198,227,219,2569827,196369,4297,921,"",0.39,0.43,0.46,0.45,0.19,0.56,0.48,0.43,"",-3,-13.6,2,1.0,-7,-3.0,-6,-2.7,543617,26.8,34151,21.1,716,20.0,207,29.0
"06085","5","44525","77","0","2024","4","N",4,0,0,0,0,0,0,0,"N",0.25,0,0,0,0,0,0,0,"N",1,33.3,0,0,0,0,0,0,0,0,0,0,0,0,0,0
"06085","5","445250","78","0","2024","4","N",4,0,0,0,0,0,0,0,"N",0.25,0,0,0,0,0,0,0,"N",1,33.3,0,0,0,0,0,0,0,0,0,0,0,0,0,0
"06085","5","44529","77","0","2024","4","",89,805,838,854,8117305,908725,28575,750,"",0.76,0.91,0.92,0.92,0.36,1.22,1.20,0.39,"",0,0.0,-9,-1.1,8,1.0,-16,-1.8,486747,6.4,117628,14.9,4841,20.4,50,7.1
"06085","5","445291","78","0","2024","4","",9,78,79,86,652238,22420,454,619,"",0.48,0.50,0.50,0.54,0.17,0.19,0.12,0.34,"",0,0.0,19,32.2,-6,-7.1,-3,-3.4,57314,9.6,-101208,-81.9,-3125,-87.3,30,5.1
"06085","5","445292","78","0","2024","4","",26,152,188,213,1273638,201533,9956,531,"",1.17,1.03,1.15,1.22,0.39,1.57,1.98,0.34,"",0,0.0,-8,-5.0,-20,-9.6,-24,-10.1,-88712,-6.5,-11161,-5.2,-669,-6.3,11,2.1
"06085","5","445298","78","0","2024","4","",54,575,571,555,6191429,684772,18165,840,"",0.72,0.99,0.97,0.94,0.40,1.37,1.20,0.41,"",0,0.0,-20,-3.4,34,6.3,11,2.0,518145,9.1,229997,50.6,8635,90.6,59,7.6
"06085","5","4453","76","0","2024","4","",158,636,648,641,5945418,545449,15662,713,"",0.65,0.52,0.52,0.51,0.21,0.62,0.63,0.41,"",-3,-1.9,-80,-11.2,-79,-10.9,-79,-11.0,-649146,-9.8,-291973,-34.9,-7259,-31.7,9,1.3
"06085","5","44532","77","0","2024","4","",158,636,648,641,5945418,545449,15662,713,"",0.65,0.52,0.52,0.51,0.21,0.62,0.63,0.41,"",-3,-1.9,-80,-11.2,-79,-10.9,-79,-11.0,-649146,-9.8,-291973,-34.9,-7259,-31.7,9,1.3
"06085","5","445320","78","0","2024","4","",158,636,648,641,5945418,545449,15662,713,"",0.65,0.52,0.52,0.51,0.21,0.62,0.63,0.41,"",-3,-1.9,-80,-11.2,-79,-10.9,-79,-11.0,-649146,-9.8,-291973,-34.9,-7259,-31.7,9,1.3
"06085","5","449","75","0","2024","4","",443,4337,4472,4493,75844888,3138301,89368,1316,"",0.71,0.76,0.77,0.77,0.30,0.84,0.84,0.39,"",-38,-7.9,-157,-3.5,-84,-1.8,-130,-2.8,-5289155,-6.5,24346,0.8,7711,9.4,-53,-3.9
"06085","5","4491","76","0","2024","4","",196,1856,1951,1985,24738812,1843173,49746,986,"",0.60,0.64,0.65,0.66,0.21,0.93,0.92,0.33,"",-16,-7.5,-49,-2.6,-9,-0.5,-5,-0.3,-3816539,-13.4,24957,1.4,4524,10.0,-139,-12.4
"06085","5","44911","77","0","2024","4","",84,485,480,480,7619269,280979,9019,1217,"",0.52,0.34,0.34,0.34,0.13,0.31,0.37,0.37,"N",-8,-8.7,0,0,0,0,0,0,0,0,0,0,0,0,0,0
"06085","5","449110","78","0","2024","4","",84,485,480,480,7619269,280979,9019,1217,"",0.52,0.34,0.34,0.34,0.13,0.31,0.37,0.37,"N",-8,-8.7,0,0,0,0,0,0,0,0,0,0,0,0,0,0
"06085","5","44912","77","0","2024","4","",112,1371,1471,1505,17119543,1562194,40727,909,"",0.67,0.91,0.94,0.94,0.31,1.44,1.38,0.33,"N",-8,-6.7,0,0,0,0,0,0,0,0,0,0,0,0,0,0
"06085","5","449121","78","0","2024","4","",38,363,330,327,6085584,216408,6402,1377,"",0.59,0.74,0.67,0.67,0.24,0.69,0.74,0.35,"N",0,0.0,0,0,0,0,0,0,0,0,0,0,0,0,0,0
"06085","5","449122","78","0","2024","4","",14,71,69,69,1744979,38971,1828,1927,"",0.68,0.75,0.72,0.73,0.39,0.62,0.95,0.52,"",-1,-6.7,-15,-17.4,-17,-19.8,-15,-17.9,173437,11.0,-10948,-21.9,400,28.0,510,36.0
"06085","5","449129","78","0","2024","4","",60,937,1072,1109,9288980,1306815,32497,687,"",0.73,1.03,1.09,1.09,0.35,1.84,1.71,0.33,"",-7,-10.4,35,3.9,99,10.2,101,10.0,-2147301,-18.8,63908,5.1,4762,17.2,-228,-24.9
"06085","5","4492","76","0","2024","4","",247,2481,2521,2508,51106076,1295128,39622,1570,"",0.84,0.88,0.88,0.88,0.37,0.73,0.76,0.42,"",-22,-8.2,-108,-4.2,-75,-2.9,-125,-4.7,-1472616,-2.8,-611,0.0,3187,8.7,18,1.2
"06085","5","44921","77","0","2024","4","",247,2481,2521,2508,51106076,1295128,39622,1570,"",0.84,0.88,0.88,0.88,0.37,0.73,0.76,0.42,"",-22,-8.2,-108,-4.2,-75,-2.9,-125,-4.7,-1472616,-2.8,-611,0.0,3187,8.7,18,1.2
"06085","5","449210","78","0","2024","4","",247,2481,2521,2508,51106076,1295128,39622,1570,"",0.84,0.88,0.88,0.88,0.37,0.73,0.76,0.42,"",-22,-8.2,-108,-4.2,-75,-2.9,-125,-4.7,-1472616,-2.8,-611,0.0,3187,8.7,18,1.2
"06085","5","455","75","0","2024","4","",192,15750,16680,16886,325381008,14074874,278685,1523,"",0.33,0.67,0.68,0.68,0.58,0.85,0.81,0.86,"",-2,-1.0,-259,-1.6,-157,-0.9,-237,-1.4,-11418176,-3.4,-433647,-3.0,-1688,-0.6,-32,-2.1
"06085","5","4551","76","0","2024","4","",70,7546,8203,8471,76031147,9329875,182128,724,"",0.79,1.02,1.03,1.04,0.49,1.69,1.42,0.47,"",17,32.1,2755,57.5,3066,59.7,3222,61.4,29178185,62.3,3761697,67.6,81253,80.5,12,1.7
"06085","5","45511","77","0","2024","4","",70,7546,8203,8471,76031147,9329875,182128,724,"",0.79,1.02,1.03,1.04,0.49,1.69,1.42,0.47,"",17,32.1,2755,57.5,3066,59.7,3222,61.4,29178185,62.3,3761697,67.6,81253,80.5,12,1.7
"06085","5","455110","78","0","2024","4","",70,7546,8203,8471,76031147,9329875,182128,724,"",0.79,1.02,1.03,1.04,0.49,1.69,1.42,0.47,"",17,32.1,2755,57.5,3066,59.7,3222,61.4,29178185,62.3,3761697,67.6,81253,80.5,12,1.7
"06085","5","4552","76","0","2024","4","",122,8204,8477,8415,249349861,4744999,96557,2293,"",0.24,0.51,0.51,0.51,0.62,0.43,0.45,1.22,"",-19,-13.5,-3014,-26.9,-3223,-27.5,-3459,-29.1,-40596361,-14.0,-4195344,-46.9,-82941,-46.2,370,19.2
"06085","5","45521","77","0","2024","4","",122,8204,8477,8415,249349861,4744999,96557,2293,"",0.24,0.51,0.51,0.51,0.62,0.43,0.45,1.22,"",-19,-13.5,-3014,-26.9,-3223,-27.5,-3459,-29.1,-40596361,-14.0,-4195344,-46.9,-82941,-46.2,370,19.2
"06085","5","455211","78","0","2024","4","",19,4863,5110,5036,77396243,3255459,62660,1190,"",0.42,0.40,0.42,0.41,0.25,0.42,0.46,0.62,"",0,0.0,72,1.5,146,2.9,10,0.2,6131444,8.6,-257469,-7.3,-1494,-2.3,77,6.9
"06085","5","455219","78","0","2024","4","",103,3341,3367,3379,171953618,1489540,33897,3934,"",0.23,0.80,0.79,0.78,1.79,0.45,0.42,2.27,"",-19,-15.6,-3086,-48.0,-3369,-50.0,-3469,-50.7,-46727805,-21.4,-3937875,-72.6,-81447,-70.6,1412,56.0
"06085","5","456","75","0","2024","4","",459,4491,4592,4606,60423888,3698743,91352,1019,"",0.57,0.58,0.58,0.58,0.21,0.73,0.75,0.36,"",-27,-5.6,-147,-3.2,-87,-1.9,-88,-1.9,2856847,5.0,-80653,-2.1,259,0.3,71,7.5
"06085","5","4561","76","0","2024","4","",459,4491,4592,4606,60423888,3698743,91352,1019,"",0.57,0.58,0.58,0.58,0.21,0.73,0.75,0.36,"",-27,-5.6,-147,-3.2,-87,-1.9,-88,-1.9,2856847,5.0,-80653,-2.1,259,0.3,71,7.5
"06085","5","45611","77","0","2024","4","",227,2351,2357,2355,34381912,1606987,29146,1123,"",0.52,0.47,0.47,0.47,0.18,0.51,0.42,0.37,"",-16,-6.6,-104,-4.2,-86,-3.5,-86,-3.5,598093,1.8,17953,1.1,826,2.9,61,5.7
"06085","5","456110","78","0","2024","4","",227,2351,2357,2355,34381912,1606987,29146,1123,"",0.52,0.47,0.47,0.47,0.18,0.51,0.42,0.37,"",-16,-6.6,-104,-4.2,-86,-3.5,-86,-3.5,598093,1.8,17953,1.1,826,2.9,61,5.7
"06085","5","45612","77","0","2024","4","",102,1493,1577,1593,13539463,1447179,40340,670,"",0.72,1.02,1.02,1.02,0.38,1.42,1.43,0.37,"",1,1.0,-1,-0.1,31,2.0,28,1.8,635397,4.9,-82308,-5.4,-1383,-3.3,23,3.6
"06085","5","456120","78","0","2024","4","",102,1493,1577,1593,13539463,1447179,40340,670,"",0.72,1.02,1.02,1.02,0.38,1.42,1.43,0.37,"",1,1.0,-1,-0.1,31,2.0,28,1.8,635397,4.9,-82308,-5.4,-1383,-3.3,23,3.6
"06085","5","45613","77","0","2024","4","",57,269,269,269,3421699,196525,4924,978,"",0.76,0.52,0.52,0.52,0.18,0.58,0.60,0.34,"",-5,-8.1,-35,-11.5,-35,-11.5,-34,-11.2,-173677,-4.8,-18386,-8.6,799,19.4,67,7.4
"06085","5","456130","78","0","2024","4","",57,269,269,269,3421699,196525,4924,978,"",0.76,0.52,0.52,0.52,0.18,0.58,0.60,0.34,"",-5,-8.1,-35,-11.5,-35,-11.5,-34,-11.2,-173677,-4.8,-18386,-8.6,799,19.4,67,7.4
"06085","5","45619","77","0","2024","4","",73,378,389,389,9080814,448052,16942,1813,"",0.47,0.44,0.45,0.45,0.24,0.76,0.99,0.53,"",-7,-8.8,-7,-1.8,3,0.8,4,1.0,1797034,24.7,2088,0.5,17,0.1,359,24.7
"06085","5","456191","78","0","2024","4","",35,233,240,235,5057159,357735,13356,1648,"",0.48,0.69,0.71,0.69,0.39,1.50,1.98,0.56,"",-6,-14.6,-12,-4.9,1,0.4,-8,-3.3,1956399,63.1,120344,50.7,6211,86.9,664,67.5
"06085","5","456199","78","0","2024","4","",38,145,149,154,4023655,90317,3586,2073,"",0.46,0.28,0.29,0.30,0.16,0.26,0.35,0.55,"",-1,-2.6,5,3.6,2,1.4,12,8.5,-159365,-3.8,-118256,-56.7,-6194,-63.3,-177,-7.9
"06085","5","457","75","0","2024","4","",326,2417,2416,2393,26085113,2145263,52753,833,"",0.39,0.32,0.32,0.32,0.14,0.36,0.39,0.43,"",-5,-1.5,40,1.7,84,3.6,2,0.1,617026,2.4,-6454,-0.3,4724,9.8,5,0.6
"06085","5","4571","76","0","2024","4","",321,2380,2382,2358,24959778,2134205,52105,809,"",0.41,0.34,0.34,0.34,0.16,0.38,0.42,0.46,"",-5,-1.5,24,1.0,71,3.1,-10,-0.4,291439,1.2,-14199,-0.7,4281,9.0,0,0.0
"06085","5","45711","77","0","2024","4","",287,2110,2120,2101,21848726,1884734,44048,796,"",0.40,0.33,0.34,0.33,0.16,0.37,0.39,0.47,"",-4,-1.4,6,0.3,59,2.9,-16,-0.8,-121506,-0.6,-60544,-3.1,991,2.3,-11,-1.4
"06085","5","457110","78","0","2024","4","",287,2110,2120,2101,21848726,1884734,44048,796,"",0.40,0.33,0.34,0.33,0.16,0.37,0.39,0.47,"",-4,-1.4,6,0.3,59,2.9,-16,-0.8,-121506,-0.6,-60544,-3.1,991,2.3,-11,-1.4
"06085","5","45712","77","0","2024","4","",34,270,262,257,3111052,249471,8057,910,"",0.52,0.41,0.39,0.38,0.17,0.47,0.63,0.42,"",-1,-2.9,18,7.1,12,4.8,6,2.4,412945,15.3,46345,22.8,3290,69.0,83,10.0
"06085","5","457120","78","0","2024","4","",34,270,262,257,3111052,249471,8057,910,"",0.52,0.41,0.39,0.38,0.17,0.47,0.63,0.42,"",-1,-2.9,18,7.1,12,4.8,6,2.4,412945,15.3,46345,22.8,3290,69.0,83,10.0
"06085","5","4572","76","0","2024","4","",5,37,34,35,1125335,11058,648,2450,"",0.09,0.07,0.07,0.07,0.04,0.04,0.06,0.58,"",0,0.0,16,76.2,13,61.9,12,52.2,325587,40.7,7745,233.8,443,216.1,-389,-13.7
"06085","5","45721","77","0","2024","4","",5,37,34,35,1125335,11058,648,2450,"",0.09,0.07,0.07,0.07,0.04,0.04,0.06,0.58,"",0,0.0,16,76.2,13,61.9,12,52.2,325587,40.7,7745,233.8,443,216.1,-389,-13.7
"06085","5","457210","78","0","2024","4","",5,37,34,35,1125335,11058,648,2450,"",0.09,0.07,0.07,0.07,0.04,0.04,0.06,0.58,"",0,0.0,16,76.2,13,61.9,12,52.2,325587,40.7,7745,233.8,443,216.1,-389,-13.7
"06085","5","458","75","0","2024","4","",631,7793,8489,8930,79840634,9670543,208106,731,"",0.75,0.95,0.97,0.99,0.38,1.61,1.21,0.39,"",-21,-3.2,-237,-3.0,-184,-2.1,-84,-0.9,-382927,-0.5,-564203,-5.5,-18089,-8.0,11,1.5
"06085","5","4581","76","0","2024","4","",403,5495,6054,6342,45937938,6618335,138035,593,"",0.69,0.90,0.93,0.95,0.31,1.45,1.05,0.34,"",-17,-4.0,-81,-1.5,-55,-0.9,-14,-0.2,-993845,-2.1,-306058,-4.4,-9594,-6.5,-7,-1.2
"06085","5","45811","77","0","2024","4","",403,5495,6054,6342,45937938,6618335,138035,593,"",0.69,0.90,0.93,0.95,0.31,1.45,1.05,0.34,"",-17,-4.0,-81,-1.5,-55,-0.9,-14,-0.2,-993845,-2.1,-306058,-4.4,-9594,-6.5,-7,-1.2
"06085","5","458110","78","0","2024","4","",403,5495,6054,6342,45937938,6618335,138035,593,"",0.69,0.90,0.93,0.95,0.31,1.45,1.05,0.34,"",-17,-4.0,-81,-1.5,-55,-0.9,-14,-0.2,-993845,-2.1,-306058,-4.4,-9594,-6.5,-7,-1.2
"06085","5","4582","76","0","2024","4","",99,1399,1480,1605,16029654,2238144,46525,825,"",0.91,1.16,1.16,1.21,0.59,2.69,2.19,0.50,"",1,1.0,-145,-9.4,-136,-8.4,-75,-4.5,438449,2.8,-155761,-6.5,-6239,-11.8,82,11.0
"06085","5","45821","77","0","2024","4","",99,1399,1480,1605,16029654,2238144,46525,825,"",0.91,1.16,1.16,1.21,0.59,2.69,2.19,0.50,"",1,1.0,-145,-9.4,-136,-8.4,-75,-4.5,438449,2.8,-155761,-6.5,-6239,-11.8,82,11.0
"06085","5","458210","78","0","2024","4","",99,1399,1480,1605,16029654,2238144,46525,825,"",0.91,1.16,1.16,1.21,0.59,2.69,2.19,0.50,"",1,1.0,-145,-9.4,-136,-8.4,-75,-4.5,438449,2.8,-155761,-6.5,-6239,-11.8,82,11.0
"06085","5","4583","76","0","2024","4","",129,899,955,983,17873042,814064,23546,1454,"",0.85,1.00,1.02,1.02,0.46,1.33,1.30,0.45,"",-5,-3.7,-11,-1.2,7,0.7,5,0.5,172469,1.0,-102384,-11.2,-2256,-8.7,14,1.0
"06085","5","45831","77","0","2024","4","",110,746,776,796,16185641,610136,19439,1611,"",0.77,0.91,0.91,0.91,0.46,1.10,1.21,0.50,"",-4,-3.5,-6,-0.8,8,1.0,21,2.7,492273,3.1,-79838,-11.6,-1054,-5.1,33,2.1
"06085","5","458310","78","0","2024","4","",110,746,776,796,16185641,610136,19439,1611,"",0.77,0.91,0.91,0.91,0.46,1.10,1.21,0.50,"",-4,-3.5,-6,-0.8,8,1.0,21,2.7,492273,3.1,-79838,-11.6,-1054,-5.1,33,2.1
"06085","5","45832","77","0","2024","4","",19,153,179,187,1687401,203928,4107,750,"",2.21,1.95,2.11,2.11,0.44,3.48,2.00,0.21,"",-1,-5.0,-5,-3.2,-1,-0.6,-16,-7.9,-319804,-15.9,-22546,-10.0,-1202,-22.6,-106,-12.4
"06085","5","458320","78","0","2024","4","",19,153,179,187,1687401,203928,4107,750,"",2.21,1.95,2.11,2.11,0.44,3.48,2.00,0.21,"",-1,-5.0,-5,-3.2,-1,-0.6,-16,-7.9,-319804,-15.9,-22546,-10.0,-1202,-22.6,-106,-12.4
"06085","5","459","75","0","2024","4","",675,6166,6284,6334,67235409,4746070,112055,826,"",0.51,0.57,0.57,0.57,0.23,0.60,0.51,0.40,"",-12,-1.7,-265,-4.1,-211,-3.2,-227,-3.5,-4092340,-5.7,-315819,-6.2,2604,2.4,-19,-2.2
"06085","5","4591","76","0","2024","4","",204,2404,2528,2661,19505188,2192019,46722,593,"",0.64,0.69,0.69,0.72,0.24,0.83,0.79,0.34,"",4,2.0,-104,-4.1,-45,-1.7,26,1.0,564896,3.0,-127397,-5.5,1077,2.4,27,4.8
"06085","5","45911","77","0","2024","4","",95,1494,1556,1614,12490684,1310860,28534,618,"",0.54,0.71,0.71,0.72,0.24,0.83,0.80,0.34,"",-5,-5.0,-83,-5.3,-35,-2.2,-27,-1.6,230851,1.9,-2053,-0.2,1871,7.0,30,5.1
"06085","5","459110","78","0","2024","4","",95,1494,1556,1614,12490684,1310860,28534,618,"",0.54,0.71,0.71,0.72,0.24,0.83,0.80,0.34,"",-5,-5.0,-83,-5.3,-35,-2.2,-27,-1.6,230851,1.9,-2053,-0.2,1871,7.0,30,5.1
"06085","5","45912","77","0","2024","4","",71,594,655,723,4560629,691528,14336,534,"",0.79,0.64,0.65,0.72,0.23,0.88,0.81,0.34,"",9,14.5,-14,-2.3,-12,-1.8,48,7.1,349555,8.3,-101619,-12.8,-372,-2.5,36,7.2
"06085","5","459120","78","0","2024","4","",71,594,655,723,4560629,691528,14336,534,"",0.79,0.64,0.65,0.72,0.23,0.88,0.81,0.34,"",9,14.5,-14,-2.3,-12,-1.8,48,7.1,349555,8.3,-101619,-12.8,-372,-2.5,36,7.2
"06085","5","45913","77","0","2024","4","",17,116,118,113,595322,88172,1734,396,"",0.59,0.53,0.52,0.50,0.16,0.59,0.58,0.31,"",0,0.0,-6,-4.9,4,3.5,5,4.6,26539,4.7,-4549,-4.9,-262,-13.1,14,3.7
"06085","5","459130","78","0","2024","4","",17,116,118,113,595322,88172,1734,396,"",0.59,0.53,0.52,0.50,0.16,0.59,0.58,0.31,"",0,0.0,-6,-4.9,4,3.5,5,4.6,26539,4.7,-4549,-4.9,-262,-13.1,14,3.7
"06085","5","45914","77","0","2024","4","",21,200,199,211,1858553,101459,2118,703,"",0.81,0.84,0.84,0.89,0.28,0.78,0.73,0.33,"",0,0.0,-1,-0.5,-2,-1.0,0,0.0,-42049,-2.2,-19176,-15.9,-160,-7.0,-12,-1.7
"06085","5","459140","78","0","2024","4","",21,200,199,211,1858553,101459,2118,703,"",0.81,0.84,0.84,0.89,0.28,0.78,0.73,0.33,"",0,0.0,-1,-0.5,-2,-1.0,0,0.0,-42049,-2.2,-19176,-15.9,-160,-7.0,-12,-1.7
"06085","5","4592","76","0","2024","4","",43,388,379,406,2538823,286600,4820,499,"",0.77,0.82,0.77,0.79,0.23,0.83,0.51,0.29,"",-4,-8.5,20,5.4,11,3.0,26,6.8,243977,10.6,-29494,-9.3,-998,-17.2,24,5.1
"06085","5","45921","77","0","2024","4","",43,388,379,406,2538823,286600,4820,499,"",0.77,0.82,0.77,0.79,0.23,0.83,0.51,0.29,"",-4,-8.5,20,5.4,11,3.0,26,6.8,243977,10.6,-29494,-9.3,-998,-17.2,24,5.1
"06085","5","459210","78","0","2024","4","",43,388,379,406,2538823,286600,4820,499,"",0.77,0.82,0.77,0.79,0.23,0.83,0.51,0.29,"",-4,-8.5,20,5.4,11,3.0,26,6.8,243977,10.6,-29494,-9.3,-998,-17.2,24,5.1
"06085","5","4593","76","0","2024","4","",49,279,260,252,2611357,296315,8500,762,"",0.57,0.67,0.62,0.60,0.28,0.92,0.83,0.45,"",3,6.5,59,26.8,26,11.1,8,3.3,191473,7.9,49060,19.8,2460,40.7,-38,-4.8
"06085","5","45931","77","0","2024","4","",49,279,260,252,2611357,296315,8500,762,"",0.57,0.67,0.62,0.60,0.28,0.92,0.83,0.45,"",3,6.5,59,26.8,26,11.1,8,3.3,191473,7.9,49060,19.8,2460,40.7,-38,-4.8
"06085","5","459310","78","0","2024","4","",49,279,260,252,2611357,296315,8500,762,"",0.57,0.67,0.62,0.60,0.28,0.92,0.83,0.45,"",3,6.5,59,26.8,26,11.1,8,3.3,191473,7.9,49060,19.8,2460,40.7,-38,-4.8
"06085","5","4594","76","0","2024","4","",102,853,842,826,10954061,593516,12112,1003,"",0.57,0.57,0.58,0.58,0.29,0.58,0.42,0.51,"",-15,-12.8,-168,-16.5,-141,-14.3,-153,-15.6,-826449,-7.0,-136993,-18.8,-3237,-21.1,92,10.1
"06085","5","45941","77","0","2024","4","",35,413,410,408,7039512,218281,4477,1320,"",0.82,0.90,0.90,0.90,0.43,0.82,0.73,0.48,"",-8,-18.6,-55,-11.8,-48,-10.5,-54,-11.7,27418,0.4,-51189,-19.0,-2980,-40.0,154,13.2
"06085","5","459410","78","0","2024","4","",35,413,410,408,7039512,218281,4477,1320,"",0.82,0.90,0.90,0.90,0.43,0.82,0.73,0.48,"",-8,-18.6,-55,-11.8,-48,-10.5,-54,-11.7,27418,0.4,-51189,-19.0,-2980,-40.0,154,13.2
"06085","5","45942","77","0","2024","4","",67,440,432,418,3914549,375235,7635,700,"",0.49,0.42,0.44,0.43,0.19,0.49,0.33,0.44,"",-7,-9.5,-113,-20.4,-93,-17.7,-99,-19.1,-853867,-17.9,-85804,-18.6,-257,-3.3,10,1.4
"06085","5","459420","78","0","2024","4","",67,440,432,418,3914549,375235,7635,700,"",0.49,0.42,0.44,0.43,0.19,0.49,0.33,0.44,"",-7,-9.5,-113,-20.4,-93,-17.7,-99,-19.1,-853867,-17.9,-85804,-18.6,-257,-3.3,10,1.4
"06085","5","4595","76","0","2024","4","",54,791,830,781,11082824,278962,6585,1065,"",0.40,0.52,0.55,0.51,0.34,0.37,0.33,0.64,"",-6,-10.0,-78,-9.0,-58,-6.5,-95,-10.8,-3674091,-24.9,-2249,-0.8,-29,-0.4,-228,-17.6
"06085","5","45951","77","0","2024","4","",54,791,830,781,11082824,278962,6585,1065,"",0.40,0.52,0.55,0.51,0.34,0.37,0.33,0.64,"",-6,-10.0,-78,-9.0,-58,-6.5,-95,-10.8,-3674091,-24.9,-2249,-0.8,-29,-0.4,-228,-17.6
"06085","5","459510","78","0","2024","4","",54,791,830,781,11082824,278962,6585,1065,"",0.40,0.52,0.55,0.51,0.34,0.37,0.33,0.64,"",-6,-10.0,-78,-9.0,-58,-6.5,-95,-10.8,-3674091,-24.9,-2249,-0.8,-29,-0.4,-228,-17.6
"06085","5","4599","76","0","2024","4","",223,1451,1445,1408,20543156,1098658,33316,1101,"",0.40,0.41,0.41,0.40,0.16,0.38,0.35,0.40,"",6,2.8,6,0.4,-4,-0.3,-39,-2.7,-592146,-2.8,-68746,-5.9,3331,11.1,-23,-2.0
"06085","5","45991","77","0","2024","4","",42,652,646,648,6235636,434173,8911,739,"",0.53,0.67,0.66,0.66,0.23,0.61,0.56,0.35,"",-4,-8.7,-7,-1.1,-16,-2.4,-29,-4.3,5627,0.1,-90286,-17.2,-1502,-14.4,19,2.6
"06085","5","459910","78","0","2024","4","",42,652,646,648,6235636,434173,8911,739,"",0.53,0.67,0.66,0.66,0.23,0.61,0.56,0.35,"",-4,-8.7,-7,-1.1,-16,-2.4,-29,-4.3,5627,0.1,-90286,-17.2,-1502,-14.4,19,2.6
"06085","5","45992","77","0","2024","4","",13,21,23,23,221151,3657,111,762,"",0.35,0.17,0.18,0.18,0.03,0.04,0.04,0.17,"",-1,-7.1,-5,-19.2,0,0.0,-2,-8.0,-37610,-14.5,-22556,-86.0,-724,-86.7,-45,-5.6
"06085","5","459920","78","0","2024","4","",13,21,23,23,221151,3657,111,762,"",0.35,0.17,0.18,0.18,0.03,0.04,0.04,0.17,"",-1,-7.1,-5,-19.2,0,0.0,-2,-8.0,-37610,-14.5,-22556,-86.0,-724,-86.7,-45,-5.6
"06085","5","45993","77","0","2024","4","",6,38,37,35,741814,12410,374,1556,"",0.41,0.38,0.37,0.35,0.11,0.20,0.25,0.31,"",1,20.0,3,8.6,1,2.8,0,0.0,34939,4.9,-7009,-36.1,-325,-46.5,17,1.1
"06085","5","459930","78","0","2024","4","",6,38,37,35,741814,12410,374,1556,"",0.41,0.38,0.37,0.35,0.11,0.20,0.25,0.31,"",1,20.0,3,8.6,1,2.8,0,0.0,34939,4.9,-7009,-36.1,-325,-46.5,17,1.1
"06085","5","45999","77","0","2024","4","",162,740,739,702,13344555,648418,23920,1412,"",0.38,0.32,0.32,0.30,0.16,0.32,0.32,0.50,"",10,6.6,15,2.1,11,1.5,-8,-1.1,-595102,-4.3,51105,8.6,5882,32.6,-75,-5.0
"06085","5","459991","78","0","2024","4","",60,185,185,165,1536525,226791,7898,663,"",0.31,0.18,0.18,0.16,0.06,0.22,0.20,0.34,"",7,13.2,-24,-11.5,-26,-12.3,-17,-9.3,-762261,-33.2,109647,93.6,4084,107.1,-218,-24.7
"06085","5","459999","78","0","2024","4","",102,555,554,537,11808030,421627,16022,1655,"",0.43,0.43,0.43,0.41,0.20,0.43,0.46,0.47,"",3,3.0,39,7.6,37,7.2,9,1.7,167159,1.4,-58542,-12.2,1798,12.6,-66,-3.8
"06085","5","48-49","74","0","2024","4","",843,13855,14557,15300,276342269,16252908,582747,1459,"",0.37,0.29,0.30,0.31,0.12,0.43,0.45,0.39,"",-33,-3.8,-1943,-12.3,-1622,-10.0,-1259,-7.6,-417338382,-60.2,1985705,13.9,129754,28.6,-1839,-55.8
"06085","5","481","75","0","2024","4","",15,1049,1042,1030,17855384,64332,1154,1320,"",0.27,0.26,0.26,0.25,0.05,0.03,0.03,0.21,"",-1,-6.2,-150,-12.5,-151,-12.7,-147,-12.5,696217,4.1,-137068,-68.1,-2516,-68.6,210,18.9
"06085","5","4811","76","0","2024","4","",8,1000,994,982,15163438,64332,1154,1176,"",0.40,0.28,0.27,0.27,0.05,0.04,0.03,0.19,"",-1,-11.1,-175,-14.9,-175,-15.0,-175,-15.1,-580823,-3.7,-137068,-68.1,-2516,-68.6,138,13.3
"06085","5","48111","77","0","2024","4","",8,1000,994,982,15163438,64332,1154,1176,"",0.40,0.28,0.27,0.27,0.05,0.04,0.03,0.19,"",-1,-11.1,-175,-14.9,-175,-15.0,-175,-15.1,-580823,-3.7,-137068,-68.1,-2516,-68.6,138,13.3
"06085","5","481111","78","0","2024","4","",8,1000,994,982,15163438,64332,1154,1176,"",0.54,0.28,0.28,0.28,0.05,0.04,0.03,0.19,"",-1,-11.1,-175,-14.9,-175,-15.0,-175,-15.1,-580823,-3.7,-137068,-68.1,-2516,-68.6,138,13.3
"06085","5","4812","76","0","2024","4","",7,49,48,48,2691946,0,0,4284,"",0.20,0.12,0.11,0.11,0.06,0.00,0.00,0.56,"",0,0.0,25,104.2,24,100.0,28,140.0,1277040,90.3,0,0.0,0,0.0,-518,-10.8
"06085","5","48121","77","0","2024","4","",7,49,48,48,2691946,0,0,4284,"",0.20,0.12,0.11,0.11,0.06,0.00,0.00,0.56,"",0,0.0,25,104.2,24,100.0,28,140.0,1277040,90.3,0,0.0,0,0.0,-518,-10.8
"06085","5","481211","78","0","2024","4","",4,46,45,45,2607613,0,0,4425,"",0.17,0.16,0.16,0.16,0.09,0.00,0.00,0.56,"N",0,0.0,0,0,0,0,0,0,0,0,0,0,0,0,0,0
"06085","5","481212","78","0","2024","4","N",1,0,0,0,0,0,0,0,"N",0.23,0,0,0,0,0,0,0,"N",0,0.0,0,0,0,0,0,0,0,0,0,0,0,0,0,0
"06085","5","481219","78","0","2024","4","N",2,0,0,0,0,0,0,0,"N",0.26,0,0,0,0,0,0,0,"N",0,0.0,0,0,0,0,0,0,0,0,0,0,0,0,0,0
"06085","5","483","75","0","2024","4","N",3,0,0,0,0,0,0,0,"N",0.17,0,0,0,0,0,0,0,"N",0,0.0,0,0,0,0,0,0,0,0,0,0,0,0,0,0
"06085","5","4831","76","0","2024","4","N",2,0,0,0,0,0,0,0,"N",0.18,0,0,0,0,0,0,0,"N",0,0.0,0,0,0,0,0,0,0,0,0,0,0,0,0,0
"06085","5","48311","77","0","2024","4","N",2,0,0,0,0,0,0,0,"N",0.18,0,0,0,0,0,0,0,"N",0,0.0,0,0,0,0,0,0,0,0,0,0,0,0,0,0
"06085","5","483111","78","0","2024","4","N",1,0,0,0,0,0,0,0,"N",0.23,0,0,0,0,0,0,0,"N",0,0.0,0,0,0,0,0,0,0,0,0,0,0,0,0,0
"06085","5","483113","78","0","2024","4","N",1,0,0,0,0,0,0,0,"N",0.25,0,0,0,0,0,0,0,"N",0,0.0,0,0,0,0,0,0,0,0,0,0,0,0,0,0
"06085","5","4832","76","0","2024","4","N",1,0,0,0,0,0,0,0,"N",0.15,0,0,0,0,0,0,0,"N",0,0.0,0,0,0,0,0,0,0,0,0,0,0,0,0,0
"06085","5","48321","77","0","2024","4","N",1,0,0,0,0,0,0,0,"N",0.15,0,0,0,0,0,0,0,"N",0,0.0,0,0,0,0,0,0,0,0,0,0,0,0,0,0
"06085","5","483212","78","0","2024","4","N",1,0,0,0,0,0,0,0,"N",0.49,0,0,0,0,0,0,0,"N",0,0.0,0,0,0,0,0,0,0,0,0,0,0,0,0,0
"06085","5","484","75","0","2024","4","",412,2884,2856,2855,50438840,2358571,85406,1354,"",0.33,0.27,0.26,0.26,0.09,0.31,0.36,0.36,"",-22,-5.1,-384,-11.8,-386,-11.9,-312,-9.9,-3291893,-6.1,-522488,-18.1,-8749,-9.3,73,5.7
"06085","5","4841","76","0","2024","4","",266,1920,1922,1920,30947787,1810227,62380,1239,"",0.31,0.25,0.25,0.25,0.08,0.34,0.40,0.33,"",-19,-6.7,-134,-6.5,-162,-7.8,-146,-7.1,-1118224,-3.5,-351872,-16.3,-5763,-8.5,46,3.9
"06085","5","48411","77","0","2024","4","",160,979,964,953,14442016,936407,33910,1151,"",0.47,0.47,0.46,0.45,0.15,0.57,0.55,0.33,"",-6,-3.6,-32,-3.2,-39,-3.9,-20,-2.1,-134519,-0.9,111218,13.5,11270,49.8,25,2.2
"06085","5","484110","78","0","2024","4","",160,979,964,953,14442016,936407,33910,1151,"",0.47,0.47,0.46,0.45,0.15,0.57,0.55,0.33,"",-6,-3.6,-32,-3.2,-39,-3.9,-20,-2.1,-134519,-0.9,111218,13.5,11270,49.8,25,2.2
"06085","5","48412","77","0","2024","4","",106,941,958,967,16505771,873820,28470,1329,"",0.20,0.17,0.17,0.18,0.06,0.24,0.30,0.34,"",-13,-10.9,-102,-9.8,-123,-11.4,-126,-11.5,-983705,-5.6,-463090,-34.6,-17033,-37.4,74,5.9
"06085","5","484121","78","0","2024","4","",85,264,270,261,4785111,292343,8710,1389,"",0.19,0.07,0.07,0.07,0.03,0.10,0.12,0.38,"",-13,-13.3,9,3.5,19,7.6,15,6.1,407604,9.3,118499,68.2,3905,81.3,46,3.4
"06085","5","484122","78","0","2024","4","",21,677,688,706,11720660,581477,19760,1306,"",0.23,0.38,0.38,0.39,0.12,0.71,0.79,0.30,"",0,0.0,-111,-14.1,-142,-17.1,-141,-16.6,-1391309,-10.6,-581589,-50.0,-20938,-51.4,78,6.4
"06085","5","4842","76","0","2024","4","",146,964,934,935,19491053,548344,23026,1588,"",0.39,0.30,0.29,0.29,0.12,0.23,0.29,0.41,"",-3,-2.0,-250,-20.6,-224,-19.3,-166,-15.1,-2173669,-10.0,-170616,-23.7,-2986,-11.5,148,10.3
"06085","5","48421","77","0","2024","4","",59,497,477,483,9080650,223059,6841,1438,"",0.85,0.76,0.73,0.75,0.38,0.45,0.43,0.50,"",0,0.0,-99,-16.6,-100,-17.3,-107,-18.1,-437454,-4.6,-191686,-46.2,-5898,-46.3,192,15.4
"06085","5","484210","78","0","2024","4","",59,497,477,483,9080650,223059,6841,1438,"",0.85,0.76,0.73,0.75,0.38,0.45,0.43,0.50,"",0,0.0,-99,-16.6,-100,-17.3,-107,-18.1,-437454,-4.6,-191686,-46.2,-5898,-46.3,192,15.4
"06085","5","48422","77","0","2024","4","",74,440,430,429,9843970,305605,15274,1749,"",0.34,0.27,0.26,0.27,0.12,0.25,0.32,0.44,"",-1,-1.3,-145,-24.8,-115,-21.1,-58,-11.9,-1673353,-14.5,28919,10.5,3314,27.7,105,6.4
"06085","5","484220","78","0","2024","4","",74,440,430,429,9843970,305605,15274,1749,"",0.34,0.27,0.26,0.27,0.12,0.25,0.32,0.44,"",-1,-1.3,-145,-24.8,-115,-21.1,-58,-11.9,-1673353,-14.5,28919,10.5,3314,27.7,105,6.4
"06085","5","48423","77","0","2024","4","",13,27,27,23,566433,19680,911,1698,"",0.14,0.03,0.03,0.02,0.01,0.03,0.06,0.38,"",-2,-13.3,-6,-18.2,-9,-25.0,-1,-4.2,-62862,-10.0,-7849,-28.5,-402,-30.6,136,8.7
"06085","5","484230","78","0","2024","4","",13,27,27,23,566433,19680,911,1698,"",0.14,0.03,0.03,0.02,0.01,0.03,0.06,0.38,"",-2,-13.3,-6,-18.2,-9,-25.0,-1,-4.2,-62862,-10.0,-7849,-28.5,-402,-30.6,136,8.7
"06085","5","485","75","0","2024","4","",85,2242,2275,2256,36176389,2021221,99407,1233,"",0.54,0.54,0.55,0.55,0.24,0.45,0.38,0.43,"",-1,-1.2,35,1.6,75,3.4,103,4.8,-15388725,-29.8,644318,46.8,53738,117.7,-581,-32.0
"06085","5","4851","76","0","2024","4","N",3,0,0,0,0,0,0,0,"N",0.50,0,0,0,0,0,0,0,"N",0,0.0,0,0,0,0,0,0,0,0,0,0,0,0,0,0
"06085","5","48511","77","0","2024","4","N",3,0,0,0,0,0,0,0,"N",0.50,0,0,0,0,0,0,0,"N",0,0.0,0,0,0,0,0,0,0,0,0,0,0,0,0,0
"06085","5","485111","78","0","2024","4","N",1,0,0,0,0,0,0,0,"N",1.46,0,0,0,0,0,0,0,"N",0,0.0,0,0,0,0,0,0,0,0,0,0,0,0,0,0
"06085","5","485113","78","0","2024","4","N",2,0,0,0,0,0,0,0,"N",0.44,0,0,0,0,0,0,0,"N",0,0.0,0,0,0,0,0,0,0,0,0,0,0,0,0,0
"06085","5","4852","76","0","2024","4","-",0,0,0,0,0,0,0,0,"N",0.00,0,0,0,0,0,0,0,"N",-1,-100.0,0,0,0,0,0,0,0,0,0,0,0,0,0,0
"06085","5","48521","77","0","2024","4","-",0,0,0,0,0,0,0,0,"N",0.00,0,0,0,0,0,0,0,"N",-1,-100.0,0,0,0,0,0,0,0,0,0,0,0,0,0,0
"06085","5","485210","78","0","2024","4","-",0,0,0,0,0,0,0,0,"N",0.00,0,0,0,0,0,0,0,"N",-1,-100.0,0,0,0,0,0,0,0,0,0,0,0,0,0,0
"06085","5","4853","76","0","2024","4","",47,384,375,356,5629846,235349,7205,1165,"",0.88,0.33,0.33,0.31,0.10,0.12,0.10,0.32,"",0,0.0,-355,-48.0,-351,-48.3,-355,-49.9,-22526025,-80.0,-92114,-28.1,-2907,-28.7,-1821,-61.0
"06085","5","48531","77","0","2024","4","",13,29,29,16,450492,17546,628,1405,"",0.56,0.03,0.03,0.02,0.01,0.01,0.01,0.36,"N",1,8.3,0,0,0,0,0,0,0,0,0,0,0,0,0,0
"06085","5","485310","78","0","2024","4","",13,29,29,16,450492,17546,628,1405,"",0.56,0.03,0.03,0.02,0.01,0.01,0.01,0.36,"N",1,8.3,0,0,0,0,0,0,0,0,0,0,0,0,0,0
"06085","5","48532","77","0","2024","4","",34,355,346,340,5179354,217803,6577,1148,"",1.12,1.66,1.64,1.61,0.77,1.29,0.98,0.47,"N",-1,-2.9,0,0,0,0,0,0,0,0,0,0,0,0,0,0
"06085","5","485320","78","0","2024","4","",34,355,346,340,5179354,217803,6577,1148,"",1.12,1.66,1.64,1.61,0.77,1.29,0.98,0.47,"N",-1,-2.9,0,0,0,0,0,0,0,0,0,0,0,0,0,0
"06085","5","4854","76","0","2024","4","",8,491,504,497,7173660,271164,13817,1110,"",0.27,0.32,0.32,0.32,0.16,0.18,0.09,0.50,"",0,0.0,-54,-9.9,-53,-9.5,-28,-5.3,-1297550,-15.3,-14008,-4.9,-573,-4.0,-92,-7.7
"06085","5","48541","77","0","2024","4","",8,491,504,497,7173660,271164,13817,1110,"",0.27,0.32,0.32,0.32,0.16,0.18,0.09,0.50,"",0,0.0,-54,-9.9,-53,-9.5,-28,-5.3,-1297550,-15.3,-14008,-4.9,-573,-4.0,-92,-7.7
"06085","5","485410","78","0","2024","4","",8,491,504,497,7173660,271164,13817,1110,"",0.27,0.32,0.32,0.32,0.16,0.18,0.09,0.50,"",0,0.0,-54,-9.9,-53,-9.5,-28,-5.3,-1297550,-15.3,-14008,-4.9,-573,-4.0,-92,-7.7
"06085","5","4855","76","0","2024","4","N",5,0,0,0,0,0,0,0,"N",0.50,0,0,0,0,0,0,0,"N",1,25.0,0,0,0,0,0,0,0,0,0,0,0,0,0,0
"06085","5","48551","77","0","2024","4","N",5,0,0,0,0,0,0,0,"N",0.50,0,0,0,0,0,0,0,"N",1,25.0,0,0,0,0,0,0,0,0,0,0,0,0,0,0
"06085","5","485510","78","0","2024","4","N",5,0,0,0,0,0,0,0,"N",0.50,0,0,0,0,0,0,0,"N",1,25.0,0,0,0,0,0,0,0,0,0,0,0,0,0,0
"06085","5","4859","76","0","2024","4","",22,1167,1197,1213,19255885,1394424,75532,1242,"",0.40,1.44,1.48,1.50,0.68,2.12,2.83,0.46,"",-1,-4.3,446,61.9,478,66.5,491,68.0,8039380,71.7,781839,127.6,57931,329.1,45,3.8
"06085","5","48599","77","0","2024","4","",22,1167,1197,1213,19255885,1394424,75532,1242,"",0.40,1.44,1.48,1.50,0.68,2.12,2.83,0.46,"",-1,-4.3,446,61.9,478,66.5,491,68.0,8039380,71.7,781839,127.6,57931,329.1,45,3.8
"06085","5","485991","78","0","2024","4","N",14,0,0,0,0,0,0,0,"N",0.45,0,0,0,0,0,0,0,"N",-1,-6.7,0,0,0,0,0,0,0,0,0,0,0,0,0,0
"06085","5","485999","78","0","2024","4","N",8,0,0,0,0,0,0,0,"N",0.34,0,0,0,0,0,0,0,"N",0,0.0,0,0,0,0,0,0,0,0,0,0,0,0,0,0
"06085","5","486","75","0","2024","4","",3,22,22,22,709529,3048,61,2481,"",0.12,0.06,0.06,0.06,0.02,0.03,0.03,0.31,"",0,0.0,0,0.0,0,0.0,-1,-4.3,-52401,-6.9,-14557,-82.7,-390,-86.5,-143,-5.4
"06085","5","4869","76","0","2024","4","",3,22,22,22,709529,3048,61,2481,"",0.69,0.42,0.42,0.42,0.15,0.14,0.18,0.35,"",0,0.0,0,0.0,0,0.0,-1,-4.3,-52401,-6.9,-14557,-82.7,-390,-86.5,-143,-5.4
"06085","5","48691","77","0","2024","4","",3,22,22,22,709529,3048,61,2481,"",0.79,0.51,0.51,0.51,0.18,0.18,0.26,0.34,"",0,0.0,0,0.0,0,0.0,-1,-4.3,-52401,-6.9,-14557,-82.7,-390,-86.5,-143,-5.4
"06085","5","486910","78","0","2024","4","",3,22,22,22,709529,3048,61,2481,"",0.79,0.51,0.51,0.51,0.18,0.18,0.26,0.34,"",0,0.0,0,0.0,0,0.0,-1,-4.3,-52401,-6.9,-14557,-82.7,-390,-86.5,-143,-5.4
"06085","5","487","75","0","2024","4","N",2,0,0,0,0,0,0,0,"N",0.08,0,0,0,0,0,0,0,"N",1,100.0,0,0,0,0,0,0,0,0,0,0,0,0,0,0
"06085","5","4871","76","0","2024","4","N",2,0,0,0,0,0,0,0,"N",0.34,0,0,0,0,0,0,0,"N",1,100.0,0,0,0,0,0,0,0,0,0,0,0,0,0,0
"06085","5","48711","77","0","2024","4","N",2,0,0,0,0,0,0,0,"N",0.34,0,0,0,0,0,0,0,"N",1,100.0,0,0,0,0,0,0,0,0,0,0,0,0,0,0
"06085","5","487110","78","0","2024","4","N",2,0,0,0,0,0,0,0,"N",0.34,0,0,0,0,0,0,0,"N",1,100.0,0,0,0,0,0,0,0,0,0,0,0,0,0,0
"06085","5","488","75","0","2024","4","",158,1957,1949,1947,41070490,1141422,34600,1619,"",0.39,0.33,0.33,0.33,0.13,0.28,0.26,0.39,"",-9,-5.4,-130,-6.2,-112,-5.4,-97,-4.7,-1159954,-2.7,-178651,-13.5,-6237,-15.3,45,2.9
"06085","5","4881","76","0","2024","4","",32,694,698,712,14309016,362582,8860,1569,"",0.48,0.36,0.35,0.36,0.17,0.25,0.19,0.46,"",-1,-3.0,-1,-0.1,8,1.2,32,4.7,795605,5.9,-13458,-3.6,-691,-7.2,59,3.9
"06085","5","48811","77","0","2024","4","",12,506,511,528,7385840,320356,7984,1103,"",0.71,0.54,0.54,0.56,0.25,0.37,0.27,0.46,"",0,0.0,18,3.7,23,4.7,53,11.2,774727,11.7,36353,12.8,342,4.5,52,4.9
"06085","5","488119","78","0","2024","4","",12,506,511,528,7385840,320356,7984,1103,"",0.79,0.55,0.55,0.57,0.26,0.38,0.28,0.47,"",0,0.0,18,3.7,23,4.7,53,11.2,774727,11.7,36353,12.8,342,4.5,52,4.9
"06085","5","48819","77","0","2024","4","",20,188,187,184,6923176,42226,876,2858,"",0.41,0.18,0.18,0.18,0.12,0.07,0.05,0.66,"",-1,-4.8,-19,-9.2,-15,-7.4,-21,-10.2,20878,0.3,-49811,-54.1,-1033,-54.1,264,10.2
"06085","5","488190","78","0","2024","4","",20,188,187,184,6923176,42226,876,2858,"",0.41,0.18,0.18,0.18,0.12,0.07,0.05,0.66,"",-1,-4.8,-19,-9.2,-15,-7.4,-21,-10.2,20878,0.3,-49811,-54.1,-1033,-54.1,264,10.2
"06085","5","4882","76","0","2024","4","N",1,0,0,0,0,0,0,0,"N",0.07,0,0,0,0,0,0,0,"N",0,0.0,0,0,0,0,0,0,0,0,0,0,0,0,0,0
"06085","5","48821","77","0","2024","4","N",1,0,0,0,0,0,0,0,"N",0.07,0,0,0,0,0,0,0,"N",0,0.0,0,0,0,0,0,0,0,0,0,0,0,0,0,0
"06085","5","488210","78","0","2024","4","N",1,0,0,0,0,0,0,0,"N",0.07,0,0,0,0,0,0,0,"N",0,0.0,0,0,0,0,0,0,0,0,0,0,0,0,0,0
"06085","5","4883","76","0","2024","4","N",1,0,0,0,0,0,0,0,"N",0.05,0,0,0,0,0,0,0,"N",0,0.0,0,0,0,0,0,0,0,0,0,0,0,0,0,0
"06085","5","48833","77","0","2024","4","N",1,0,0,0,0,0,0,0,"N",0.15,0,0,0,0,0,0,0,"N",0,0.0,0,0,0,0,0,0,0,0,0,0,0,0,0,0
"06085","5","488330","78","0","2024","4","N",1,0,0,0,0,0,0,0,"N",0.15,0,0,0,0,0,0,0,"N",0,0.0,0,0,0,0,0,0,0,0,0,0,0,0,0,0
"06085","5","4884","76","0","2024","4","",72,563,558,540,9476173,436649,13214,1317,"",0.68,0.68,0.67,0.65,0.27,0.67,0.62,0.41,"",-4,-5.3,-40,-6.6,-38,-6.4,-63,-10.4,-663784,-6.5,-42119,-8.8,-3667,-21.7,18,1.4
"06085","5","48841","77","0","2024","4","",49,475,469,464,7647183,406851,12428,1253,"",0.65,0.91,0.89,0.89,0.35,1.04,1.06,0.39,"",2,4.3,-6,-1.2,-7,-1.5,-23,-4.7,-205932,-2.6,23805,6.2,-676,-5.2,-2,-0.2
"06085","5","488410","78","0","2024","4","",49,475,469,464,7647183,406851,12428,1253,"",0.65,0.91,0.89,0.89,0.35,1.04,1.06,0.39,"",2,4.3,-6,-1.2,-7,-1.5,-23,-4.7,-205932,-2.6,23805,6.2,-676,-5.2,-2,-0.2
"06085","5","48849","77","0","2024","4","",23,88,89,76,1828990,29798,786,1668,"",0.76,0.29,0.29,0.25,0.14,0.12,0.08,0.50,"",-6,-20.7,-34,-27.9,-31,-25.8,-40,-34.5,-457852,-20.0,-65924,-68.9,-2991,-79.2,194,13.2
"06085","5","488490","78","0","2024","4","",23,88,89,76,1828990,29798,786,1668,"",0.76,0.29,0.29,0.25,0.14,0.12,0.08,0.50,"",-6,-20.7,-34,-27.9,-31,-25.8,-40,-34.5,-457852,-20.0,-65924,-68.9,-2991,-79.2,194,13.2
"06085","5","4885","76","0","2024","4","",36,161,162,163,3026649,84246,3272,1437,"",0.20,0.09,0.09,0.09,0.03,0.08,0.09,0.31,"",-4,-10.0,-37,-18.7,-35,-17.8,-27,-14.2,-582699,-16.1,-46476,-35.6,-1120,-25.5,13,0.9
"06085","5","48851","77","0","2024","4","",36,161,162,163,3026649,84246,3272,1437,"",0.20,0.09,0.09,0.09,0.03,0.08,0.09,0.31,"",-4,-10.0,-37,-18.7,-35,-17.8,-27,-14.2,-582699,-16.1,-46476,-35.6,-1120,-25.5,13,0.9
"06085","5","488510","78","0","2024","4","",36,161,162,163,3026649,84246,3272,1437,"",0.20,0.09,0.09,0.09,0.03,0.08,0.09,0.31,"",-4,-10.0,-37,-18.7,-35,-17.8,-27,-14.2,-582699,-16.1,-46476,-35.6,-1120,-25.5,13,0.9
"06085","5","4889","76","0","2024","4","",16,462,455,448,12603454,150753,5395,2131,"",0.61,1.68,1.66,1.63,1.01,0.74,0.77,0.61,"",0,0.0,-21,-4.3,-29,-6.0,-30,-6.3,-525629,-4.0,-81445,-35.1,-1333,-19.8,34,1.6
"06085","5","48899","77","0","2024","4","",16,462,455,448,12603454,150753,5395,2131,"",0.61,1.68,1.66,1.63,1.01,0.74,0.77,0.61,"",0,0.0,-21,-4.3,-29,-6.0,-30,-6.3,-525629,-4.0,-81445,-35.1,-1333,-19.8,34,1.6
"06085","5","488991","78","0","2024","4","",11,384,380,379,11408717,144208,5153,2303,"",1.11,2.50,2.47,2.47,1.77,1.35,1.42,0.71,"",-1,-8.3,-29,-7.0,-36,-8.7,-30,-7.3,-644188,-5.3,-61671,-30.0,-954,-15.6,56,2.5
"06085","5","488999","78","0","2024","4","",5,78,75,69,1194737,6545,242,1242,"",0.31,0.65,0.63,0.57,0.20,0.07,0.07,0.33,"",1,25.0,8,11.4,7,10.3,0,0.0,118559,11.0,-19774,-75.1,-379,-61.0,42,3.5
"06085","5","491","75","0","2024","4","",6,11,11,10,145480,12779,697,1049,"",0.83,0.21,0.19,0.17,0.08,0.21,0.36,0.43,"",-1,-14.3,-10,-47.6,-12,-52.2,-13,-56.5,-107789,-42.6,-12609,-49.7,-194,-21.8,177,20.3
"06085","5","4911","76","0","2024","4","",6,11,11,10,145480,12779,697,1049,"",0.83,0.21,0.19,0.17,0.08,0.21,0.36,0.43,"",-1,-14.3,-10,-47.6,-12,-52.2,-13,-56.5,-107789,-42.6,-12609,-49.7,-194,-21.8,177,20.3
"06085","5","49111","77","0","2024","4","",6,11,11,10,145480,12779,697,1049,"",0.83,0.21,0.19,0.17,0.08,0.21,0.36,0.43,"",-1,-14.3,-10,-47.6,-12,-52.2,-13,-56.5,-107789,-42.6,-12609,-49.7,-194,-21.8,177,20.3
"06085","5","491110","78","0","2024","4","",6,11,11,10,145480,12779,697,1049,"",0.83,0.21,0.19,0.17,0.08,0.21,0.36,0.43,"",-1,-14.3,-10,-47.6,-12,-52.2,-13,-56.5,-107789,-42.6,-12609,-49.7,-194,-21.8,177,20.3
"06085","5","492","75","0","2024","4","",121,4151,4791,5567,80011154,8022214,255412,1273,"",0.76,0.54,0.56,0.59,0.24,1.00,1.10,0.42,"",0,0.0,-1976,-32.3,-1780,-27.1,-1551,-21.8,-420909768,-84.0,483465,6.4,19400,8.2,-4561,-78.2
"06085","5","4921","76","0","2024","4","",56,2748,3129,3755,53967846,4073850,112564,1293,"",0.56,0.43,0.44,0.48,0.20,0.67,0.71,0.44,"",-1,-1.8,-133,-4.6,-94,-2.9,45,1.2,-19861256,-26.9,422889,11.6,12281,12.2,-443,-25.5
"06085","5","49211","77","0","2024","4","",56,2748,3129,3755,53967846,4073850,112564,1293,"",0.56,0.43,0.44,0.48,0.20,0.67,0.71,0.44,"",-1,-1.8,-133,-4.6,-94,-2.9,45,1.2,-19861256,-26.9,422889,11.6,12281,12.2,-443,-25.5
"06085","5","492110","78","0","2024","4","",56,2748,3129,3755,53967846,4073850,112564,1293,"",0.56,0.43,0.44,0.48,0.20,0.67,0.71,0.44,"",-1,-1.8,-133,-4.6,-94,-2.9,45,1.2,-19861256,-26.9,422889,11.6,12281,12.2,-443,-25.5
"06085","5","4922","76","0","2024","4","",65,1403,1662,1812,26043308,3948364,142848,1232,"",1.07,1.08,1.19,1.23,0.42,2.06,1.94,0.36,"",1,1.6,-1843,-56.8,-1686,-50.4,-1596,-46.8,-401048512,-93.9,60576,1.6,7119,5.2,-8622,-87.5
"06085","5","49221","77","0","2024","4","",65,1403,1662,1812,26043308,3948364,142848,1232,"",1.07,1.08,1.19,1.23,0.42,2.06,1.94,0.36,"",1,1.6,-1843,-56.8,-1686,-50.4,-1596,-46.8,-401048512,-93.9,60576,1.6,7119,5.2,-8622,-87.5
"06085","5","492210","78","0","2024","4","",65,1403,1662,1812,26043308,3948364,142848,1232,"",1.07,1.08,1.19,1.23,0.42,2.06,1.94,0.36,"",1,1.6,-1843,-56.8,-1686,-50.4,-1596,-46.8,-401048512,-93.9,60576,1.6,7119,5.2,-8622,-87.5
"06085","5","493","75","0","2024","4","",38,1495,1560,1560,49154717,2551997,103507,2458,"",0.23,0.11,0.11,0.11,0.08,0.22,0.28,0.77,"",0,0.0,669,81.0,732,88.4,743,90.9,22552562,84.8,1676659,191.5,72955,238.8,-26,-1.0
"06085","5","4931","76","0","2024","4","",38,1495,1560,1560,49154717,2551997,103507,2458,"",0.23,0.11,0.11,0.11,0.08,0.22,0.28,0.77,"",0,0.0,669,81.0,732,88.4,743,90.9,22552562,84.8,1676659,191.5,72955,238.8,-26,-1.0
"06085","5","49311","77","0","2024","4","",25,1453,1517,1518,48526019,2511956,102176,2495,"",0.20,0.11,0.11,0.11,0.09,0.23,0.30,0.79,"",3,13.6,731,101.2,792,109.2,797,110.5,23335395,92.6,1676764,200.8,72808,247.9,-186,-6.9
"06085","5","493110","78","0","2024","4","",25,1453,1517,1518,48526019,2511956,102176,2495,"",0.20,0.11,0.11,0.11,0.09,0.23,0.30,0.79,"",3,13.6,731,101.2,792,109.2,797,110.5,23335395,92.6,1676764,200.8,72808,247.9,-186,-6.9
"06085","5","49312","77","0","2024","4","",4,16,16,16,213899,7334,439,1028,"",0.31,0.03,0.03,0.03,0.01,0.02,0.03,0.28,"",-2,-33.3,-39,-70.9,-39,-70.9,-37,-69.8,-619338,-74.3,-7862,-51.7,61,16.1,-152,-12.9
"06085","5","493120","78","0","2024","4","",4,16,16,16,213899,7334,439,1028,"",0.31,0.03,0.03,0.03,0.01,0.02,0.03,0.28,"",-2,-33.3,-39,-70.9,-39,-70.9,-37,-69.8,-619338,-74.3,-7862,-51.7,61,16.1,-152,-12.9
"06085","5","49319","77","0","2024","4","",9,26,27,26,414799,32707,892,1212,"",0.47,0.07,0.07,0.07,0.02,0.13,0.09,0.32,"",-1,-10.0,-23,-46.9,-21,-43.8,-17,-39.5,-163495,-28.3,7757,31.1,86,10.7,259,27.2
"06085","5","493190","78","0","2024","4","",9,26,27,26,414799,32707,892,1212,"",0.47,0.07,0.07,0.07,0.02,0.13,0.09,0.32,"",-1,-10.0,-23,-46.9,-21,-43.8,-17,-39.5,-163495,-28.3,7757,31.1,86,10.7,259,27.2
"06085","5","51","74","0","2024","4","",1813,93493,93762,95808,12607701093,46297083,1673339,10279,"",0.86,4.54,4.51,4.62,4.87,4.53,3.92,1.07,"",-6,-0.3,-66,-0.1,-263,-0.3,1356,1.4,2823316106,28.9,5272883,12.9,256991,18.1,2273,28.4
"06085","5","512","75","0","2024","4","N",74,0,0,0,0,0,0,0,"N",0.26,0,0,0,0,0,0,0,"N",-3,-3.9,0,0,0,0,0,0,0,0,0,0,0,0,0,0
"06085","5","5121","76","0","2024","4","",65,1100,1135,1133,27552205,715046,14909,1888,"",0.26,0.45,0.43,0.44,0.15,0.33,0.10,0.33,"",-2,-3.0,-142,-11.4,-97,-7.9,-70,-5.8,-1578398,-5.4,-76418,-9.7,-4086,-21.5,60,3.3
"06085","5","51211","77","0","2024","4","N",34,0,0,0,0,0,0,0,"N",0.19,0,0,0,0,0,0,0,"N",-3,-8.1,0,0,0,0,0,0,0,0,0,0,0,0,0,0
"06085","5","512110","78","0","2024","4","N",34,0,0,0,0,0,0,0,"N",0.19,0,0,0,0,0,0,0,"N",-3,-8.1,0,0,0,0,0,0,0,0,0,0,0,0,0,0
"06085","5","51212","77","0","2024","4","N",1,0,0,0,0,0,0,0,"N",0.17,0,0,0,0,0,0,0,"N",0,0.0,0,0,0,0,0,0,0,0,0,0,0,0,0,0
"06085","5","512120","78","0","2024","4","N",1,0,0,0,0,0,0,0,"N",0.17,0,0,0,0,0,0,0,"N",0,0.0,0,0,0,0,0,0,0,0,0,0,0,0,0,0
"06085","5","51213","77","0","2024","4","",21,711,737,744,4609641,546028,8246,485,"",0.71,0.87,0.89,0.85,0.39,1.08,0.73,0.45,"",-1,-4.5,-41,-5.5,1,0.1,1,0.1,265248,6.1,14553,2.7,-763,-8.5,36,8.0
"06085","5","512131","78","0","2024","4","N",20,0,0,0,0,0,0,0,"N",0.71,0,0,0,0,0,0,0,"N",0,0.0,0,0,0,0,0,0,0,0,0,0,0,0,0,0
"06085","5","512132","78","0","2024","4","N",1,0,0,0,0,0,0,0,"N",0.69,0,0,0,0,0,0,0,"N",-1,-50.0,0,0,0,0,0,0,0,0,0,0,0,0,0,0
"06085","5","51219","77","0","2024","4","N",9,0,0,0,0,0,0,0,"N",0.26,0,0,0,0,0,0,0,"N",2,28.6,0,0,0,0,0,0,0,0,0,0,0,0,0,0
"06085","5","512191","78","0","2024","4","N",9,0,0,0,0,0,0,0,"N",0.31,0,0,0,0,0,0,0,"N",2,28.6,0,0,0,0,0,0,0,0,0,0,0,0,0,0
"06085","5","5122","76","0","2024","4","N",9,0,0,0,0,0,0,0,"N",0.23,0,0,0,0,0,0,0,"N",-1,-10.0,0,0,0,0,0,0,0,0,0,0,0,0,0,0
"06085","5","51223","77","0","2024","4","N",1,0,0,0,0,0,0,0,"N",0.12,0,0,0,0,0,0,0,"N",0,0.0,0,0,0,0,0,0,0,0,0,0,0,0,0,0
"06085","5","512230","78","0","2024","4","N",1,0,0,0,0,0,0,0,"N",0.12,0,0,0,0,0,0,0,"N",0,0.0,0,0,0,0,0,0,0,0,0,0,0,0,0,0
"06085","5","51224","77","0","2024","4","",5,18,17,14,1102710,6994,142,5193,"",0.36,0.52,0.49,0.41,0.49,0.36,0.18,1.03,"",-1,-16.7,-8,-30.8,-10,-37.0,-12,-46.2,203274,22.6,-6966,-49.9,-339,-70.5,2566,97.7
"06085","5","512240","78","0","2024","4","",5,18,17,14,1102710,6994,142,5193,"",0.36,0.52,0.49,0.41,0.49,0.36,0.18,1.03,"",-1,-16.7,-8,-30.8,-10,-37.0,-12,-46.2,203274,22.6,-6966,-49.9,-339,-70.5,2566,97.7
"06085","5","51225","77","0","2024","4","N",2,0,0,0,0,0,0,0,"N",0.21,0,0,0,0,0,0,0,"N",0,0.0,0,0,0,0,0,0,0,0,0,0,0,0,0,0
"06085","5","512250","78","0","2024","4","N",2,0,0,0,0,0,0,0,"N",0.21,0,0,0,0,0,0,0,"N",0,0.0,0,0,0,0,0,0,0,0,0,0,0,0,0,0
"06085","5","51229","77","0","2024","4","N",1,0,0,0,0,0,0,0,"N",0.17,0,0,0,0,0,0,0,"N",0,0.0,0,0,0,0,0,0,0,0,0,0,0,0,0,0
"06085","5","512290","78","0","2024","4","N",1,0,0,0,0,0,0,0,"N",0.17,0,0,0,0,0,0,0,"N",0,0.0,0,0,0,0,0,0,0,0,0,0,0,0,0,0
"06085","5","513","75","0","2024","4","",833,31598,31475,32884,3542511481,13046936,490874,8519,"",0.92,4.93,4.93,5.13,4.14,4.11,4.44,0.83,"",19,2.3,-1782,-5.3,-1749,-5.3,-346,-1.0,342349959,10.7,6067890,86.9,256202,109.2,1122,15.2
"06085","5","5131","76","0","2024","4","",107,1413,1399,1373,60244710,332919,13566,3322,"",0.53,0.76,0.75,0.74,0.43,0.43,0.52,0.57,"",-6,-5.3,-457,-24.4,-454,-24.5,-426,-23.7,-21283277,-26.1,-135671,-29.0,-3453,-20.3,-85,-2.5
"06085","5","51311","77","0","2024","4","",26,346,343,321,5461021,109899,4447,1248,"",0.51,0.55,0.55,0.52,0.16,0.36,0.50,0.30,"",2,8.3,32,10.2,35,11.4,30,10.3,643826,13.4,-26490,-19.4,-747,-14.4,30,2.5
"06085","5","513110","78","0","2024","4","",26,346,343,321,5461021,109899,4447,1248,"",0.51,0.55,0.55,0.52,0.16,0.36,0.50,0.30,"",2,8.3,32,10.2,35,11.4,30,10.3,643826,13.4,-26490,-19.4,-747,-14.4,30,2.5
"06085","5","51312","77","0","2024","4","",19,443,439,436,15745981,40564,1057,2757,"",0.34,0.98,0.97,0.97,0.41,0.27,0.19,0.42,"",0,0.0,-78,-15.0,-79,-15.3,-65,-13.0,-2615554,-14.2,-36628,-47.5,-2234,-67.9,6,0.2
"06085","5","513120","78","0","2024","4","",19,443,439,436,15745981,40564,1057,2757,"",0.34,0.98,0.97,0.97,0.41,0.27,0.19,0.42,"",0,0.0,-78,-15.0,-79,-15.3,-65,-13.0,-2615554,-14.2,-36628,-47.5,-2234,-67.9,6,0.2
"06085","5","51313","77","0","2024","4","N",20,0,0,0,0,0,0,0,"N",0.52,0,0,0,0,0,0,0,"N",2,11.1,0,0,0,0,0,0,0,0,0,0,0,0,0,0
"06085","5","513130","78","0","2024","4","N",20,0,0,0,0,0,0,0,"N",0.52,0,0,0,0,0,0,0,"N",2,11.1,0,0,0,0,0,0,0,0,0,0,0,0,0,0
"06085","5","51314","77","0","2024","4","N",4,0,0,0,0,0,0,0,"N",0.41,0,0,0,0,0,0,0,"N",0,0.0,0,0,0,0,0,0,0,0,0,0,0,0,0,0
"06085","5","513140","78","0","2024","4","N",4,0,0,0,0,0,0,0,"N",0.41,0,0,0,0,0,0,0,"N",0,0.0,0,0,0,0,0,0,0,0,0,0,0,0,0,0
"06085","5","51319","77","0","2024","4","",38,467,463,463,30650431,134149,5822,5078,"",0.84,1.55,1.55,1.55,0.95,1.03,1.11,0.61,"",-10,-20.8,-400,-46.1,-393,-45.9,-379,-45.0,-16492509,-35.0,-71848,-34.9,-763,-11.6,837,19.7
"06085","5","513199","78","0","2024","4","",38,467,463,463,30650431,134149,5822,5078,"",0.86,1.65,1.65,1.65,0.97,1.12,1.14,0.59,"",-10,-20.8,-400,-46.1,-393,-45.9,-379,-45.0,-16492509,-35.0,-71848,-34.9,-763,-11.6,837,19.7
"06085","5","5132","76","0","2024","4","",726,30185,30076,31511,3482266771,12714017,477308,8756,"",1.03,6.65,6.65,6.92,4.88,5.30,5.66,0.72,"",25,3.6,-1325,-4.2,-1295,-4.1,80,0.3,363633236,11.7,6203561,95.3,259655,119.3,1125,14.7
"06085","5","51321","77","0","2024","4","",726,30185,30076,31511,3482266771,12714017,477308,8756,"",1.03,6.65,6.65,6.92,4.88,5.30,5.66,0.72,"",25,3.6,-1325,-4.2,-1295,-4.1,80,0.3,363633236,11.7,6203561,95.3,259655,119.3,1125,14.7
"06085","5","513210","78","0","2024","4","",726,30185,30076,31511,3482266771,12714017,477308,8756,"",1.03,6.65,6.65,6.92,4.88,5.30,5.66,0.72,"",25,3.6,-1325,-4.2,-1295,-4.1,80,0.3,363633236,11.7,6203561,95.3,259655,119.3,1125,14.7
"06085","5","516","75","0","2024","4","",111,4809,4877,4953,731085988,2267472,86065,11525,"",0.75,1.94,1.97,2.01,1.72,2.30,2.71,0.87,"",-3,-2.6,2975,162.2,3033,164.5,3113,169.2,633202974,646.9,1620753,250.6,60183,232.5,7431,181.5
"06085","5","5161","76","0","2024","4","",18,97,104,101,1928688,37803,1453,1474,"",0.42,0.11,0.12,0.12,0.03,0.11,0.16,0.28,"",-1,-5.3,-17,-14.9,-10,-8.8,-9,-8.2,-525913,-21.4,-6977,-15.6,-527,-26.6,-202,-12.1
"06085","5","51611","77","0","2024","4","",13,58,63,60,970270,27199,920,1237,"",0.43,0.16,0.17,0.16,0.05,0.16,0.22,0.31,"",-1,-7.1,-14,-19.4,-10,-13.7,-10,-14.3,-350250,-26.5,-679,-2.4,-342,-27.1,-180,-12.7
"06085","5","516110","78","0","2024","4","",13,58,63,60,970270,27199,920,1237,"",0.43,0.16,0.17,0.16,0.05,0.16,0.22,0.31,"",-1,-7.1,-14,-19.4,-10,-13.7,-10,-14.3,-350250,-26.5,-679,-2.4,-342,-27.1,-180,-12.7
"06085","5","51612","77","0","2024","4","",5,39,41,41,958418,10604,533,1828,"",0.40,0.08,0.09,0.09,0.03,0.06,0.11,0.30,"",0,0.0,-3,-7.1,0,0.0,1,2.5,-175663,-15.5,-6298,-37.3,-185,-25.8,-300,-14.1
"06085","5","516120","78","0","2024","4","",5,39,41,41,958418,10604,533,1828,"",0.40,0.08,0.09,0.09,0.03,0.06,0.11,0.30,"",0,0.0,-3,-7.1,0,0.0,1,2.5,-175663,-15.5,-6298,-37.3,-185,-25.8,-300,-14.1
"06085","5","5162","76","0","2024","4","",93,4712,4773,4852,729157300,2229669,84612,11737,"",0.88,2.89,2.93,2.98,1.98,3.41,3.69,0.67,"",-2,-2.1,2992,174.0,3043,175.9,3122,180.5,633728887,664.1,1627730,270.4,60710,254.0,7486,176.1
"06085","5","51621","77","0","2024","4","",93,4712,4773,4852,729157300,2229669,84612,11737,"",0.88,2.89,2.93,2.98,1.98,3.41,3.69,0.67,"",-2,-2.1,2992,174.0,3043,175.9,3122,180.5,633728887,664.1,1627730,270.4,60710,254.0,7486,176.1
"06085","5","516210","78","0","2024","4","",93,4712,4773,4852,729157300,2229669,84612,11737,"",0.88,2.89,2.93,2.98,1.98,3.41,3.69,0.67,"",-2,-2.1,2992,174.0,3043,175.9,3122,180.5,633728887,664.1,1627730,270.4,60710,254.0,7486,176.1
"06085","5","517","75","0","2024","4","",173,4720,4665,4645,289117023,1200308,51074,4755,"",0.69,1.08,1.07,1.07,0.84,0.73,1.06,0.79,"",-15,-8.0,-201,-4.1,-232,-4.7,-223,-4.6,4346006,1.5,26899,2.3,8047,18.7,280,6.3
"06085","5","5171","76","0","2024","4","",129,3717,3662,3642,231340437,904515,40291,4844,"",0.63,0.94,0.92,0.92,0.77,0.60,0.93,0.83,"",-13,-9.2,-128,-3.3,-170,-4.4,-189,-4.9,-619304,-0.3,-53634,-5.6,4709,13.2,193,4.1
"06085","5","51711","77","0","2024","4","",117,3679,3625,3606,229795434,897181,39943,4861,"",0.67,0.99,0.98,0.98,0.81,0.65,1.02,0.83,"",-12,-9.3,-107,-2.8,-153,-4.0,-174,-4.6,-458383,-0.2,-49012,-5.2,4939,14.1,177,3.8
"06085","5","517111","78","0","2024","4","",76,2994,2947,2931,194779635,694741,32154,5066,"",0.60,0.95,0.93,0.93,0.81,0.65,1.08,0.86,"",-8,-9.5,-118,-3.8,-165,-5.3,-180,-5.8,-4425847,-2.2,-81087,-10.5,3299,11.4,141,2.9
"06085","5","517112","78","0","2024","4","",41,685,678,675,35015799,202440,7789,3965,"",0.89,1.23,1.22,1.21,0.84,0.66,0.84,0.68,"",-4,-8.9,11,1.6,12,1.8,6,0.9,3967464,12.8,32075,18.8,1640,26.7,399,11.2
"06085","5","51712","77","0","2024","4","",12,38,37,36,1545003,7334,348,3212,"",0.38,0.14,0.14,0.14,0.08,0.06,0.09,0.56,"",-1,-7.7,-21,-35.6,-17,-31.5,-15,-29.4,-160921,-9.4,-4622,-38.7,-230,-39.8,812,33.8
"06085","5","517121","78","0","2024","4","",12,38,37,36,1545003,7334,348,3212,"",0.38,0.14,0.14,0.14,0.08,0.06,0.09,0.56,"",-1,-7.7,-21,-35.6,-17,-31.5,-15,-29.4,-160921,-9.4,-4622,-38.7,-230,-39.8,812,33.8
"06085","5","5174","76","0","2024","4","",8,36,35,37,1208828,17154,490,2583,"",1.09,0.54,0.53,0.56,0.19,0.65,0.57,0.35,"",0,0.0,5,16.1,5,16.7,8,27.6,287339,31.2,2227,14.9,91,22.8,220,9.3
"06085","5","51741","77","0","2024","4","",8,36,35,37,1208828,17154,490,2583,"",1.09,0.54,0.53,0.56,0.19,0.65,0.57,0.35,"",0,0.0,5,16.1,5,16.7,8,27.6,287339,31.2,2227,14.9,91,22.8,220,9.3
"06085","5","517410","78","0","2024","4","",8,36,35,37,1208828,17154,490,2583,"",1.09,0.54,0.53,0.56,0.19,0.65,0.57,0.35,"",0,0.0,5,16.1,5,16.7,8,27.6,287339,31.2,2227,14.9,91,22.8,220,9.3
"06085","5","5178","76","0","2024","4","",36,967,968,966,56567758,278639,10293,4500,"",0.97,2.98,3.01,3.02,1.65,2.43,2.58,0.55,"",-2,-5.3,-78,-7.5,-67,-6.5,-42,-4.2,4677971,9.0,78306,39.1,3247,46.1,622,16.0
"06085","5","51781","77","0","2024","4","",36,967,968,966,56567758,278639,10293,4500,"",0.97,2.98,3.01,3.02,1.65,2.43,2.58,0.55,"",-2,-5.3,-78,-7.5,-67,-6.5,-42,-4.2,4677971,9.0,78306,39.1,3247,46.1,622,16.0
"06085","5","517810","78","0","2024","4","",36,967,968,966,56567758,278639,10293,4500,"",0.97,2.98,3.01,3.02,1.65,2.43,2.58,0.55,"",-2,-5.3,-78,-7.5,-67,-6.5,-42,-4.2,4677971,9.0,78306,39.1,3247,46.1,622,16.0
"06085","5","518","75","0","2024","4","",467,13049,13101,13039,3217225804,4849815,171683,18945,"",1.18,3.76,3.77,3.76,6.32,2.83,2.86,1.68,"",12,2.6,-44,-0.3,45,0.3,4,0.0,1393594892,76.4,825710,20.5,51190,42.5,8205,76.4
"06085","5","5182","76","0","2024","4","",467,13049,13101,13039,3217225804,4849815,171683,18945,"",1.18,3.76,3.77,3.76,6.32,2.83,2.86,1.68,"",12,2.6,-44,-0.3,45,0.3,4,0.0,1393594892,76.4,825710,20.5,51190,42.5,8205,76.4
"06085","5","51821","77","0","2024","4","",467,13049,13101,13039,3217225804,4849815,171683,18945,"",1.18,3.76,3.77,3.76,6.32,2.83,2.86,1.68,"",12,2.6,-44,-0.3,45,0.3,4,0.0,1393594892,76.4,825710,20.5,51190,42.5,8205,76.4
"06085","5","518210","78","0","2024","4","",467,13049,13101,13039,3217225804,4849815,171683,18945,"",1.18,3.76,3.77,3.76,6.32,2.83,2.86,1.68,"",12,2.6,-44,-0.3,45,0.3,4,0.0,1393594892,76.4,825710,20.5,51190,42.5,8205,76.4
"06085","5","519","75","0","2024","4","N",155,0,0,0,0,0,0,0,"N",1.29,0,0,0,0,0,0,0,"N",-16,-9.4,0,0,0,0,0,0,0,0,0,0,0,0,0,0
"06085","5","5192","76","0","2024","4","N",155,0,0,0,0,0,0,0,"N",1.29,0,0,0,0,0,0,0,"N",-16,-9.4,0,0,0,0,0,0,0,0,0,0,0,0,0,0
"06085","5","51921","77","0","2024","4","N",3,0,0,0,0,0,0,0,"N",0.18,0,0,0,0,0,0,0,"N",1,50.0,0,0,0,0,0,0,0,0,0,0,0,0,0,0
"06085","5","519210","78","0","2024","4","N",3,0,0,0,0,0,0,0,"N",0.18,0,0,0,0,0,0,0,"N",1,50.0,0,0,0,0,0,0,0,0,0,0,0,0,0,0
"06085","5","51929","77","0","2024","4","N",152,0,0,0,0,0,0,0,"N",1.47,0,0,0,0,0,0,0,"N",-17,-10.1,0,0,0,0,0,0,0,0,0,0,0,0,0,0
"06085","5","519290","78","0","2024","4","N",152,0,0,0,0,0,0,0,"N",1.47,0,0,0,0,0,0,0,"N",-17,-10.1,0,0,0,0,0,0,0,0,0,0,0,0,0,0
"06085","5","52","74","0","2024","4","",2289,20621,20690,20722,1143855059,9762720,334355,4255,"",0.55,0.46,0.46,0.46,0.26,0.51,0.61,0.56,"",-83,-3.5,-348,-1.7,-331,-1.6,-253,-1.2,16877453,1.5,1719729,21.4,69390,26.2,125,3.0
"06085","5","522","75","0","2024","4","",702,11327,11381,11370,573494995,4862133,175475,3884,"",0.52,0.62,0.62,0.62,0.41,0.66,0.85,0.66,"",-47,-6.3,-549,-4.6,-445,-3.8,-363,-3.1,40868252,7.7,1440144,42.1,53569,43.9,415,12.0
"06085","5","5221","76","0","2024","4","",416,6007,5986,5987,229388211,1879912,80037,2944,"",0.55,0.47,0.47,0.47,0.25,0.39,0.77,0.54,"",-25,-5.7,-164,-2.7,-186,-3.0,-155,-2.5,5789505,2.6,8304,0.4,3700,4.8,153,5.5
"06085","5","52211","77","0","2024","4","",326,4961,4944,4931,201589445,1620535,72080,3136,"",0.58,0.51,0.50,0.50,0.27,0.50,1.00,0.54,"",-25,-7.1,-91,-1.8,-108,-2.1,-95,-1.9,6505788,3.3,82107,5.3,7305,11.3,161,5.4
"06085","5","522110","78","0","2024","4","",326,4961,4944,4931,201589445,1620535,72080,3136,"",0.58,0.51,0.50,0.50,0.27,0.50,1.00,0.54,"",-25,-7.1,-91,-1.8,-108,-2.1,-95,-1.9,6505788,3.3,82107,5.3,7305,11.3,161,5.4
"06085","5","52213","77","0","2024","4","",81,1010,1008,1019,26606833,247096,7454,2022,"",0.57,0.45,0.45,0.45,0.23,0.20,0.32,0.50,"",-1,-1.2,-80,-7.3,-84,-7.7,-69,-6.3,-1077220,-3.9,-77313,-23.8,-3768,-33.6,68,3.5
"06085","5","522130","78","0","2024","4","",81,1010,1008,1019,26606833,247096,7454,2022,"",0.57,0.45,0.45,0.45,0.23,0.20,0.32,0.50,"",-1,-1.2,-80,-7.3,-84,-7.7,-69,-6.3,-1077220,-3.9,-77313,-23.8,-3768,-33.6,68,3.5
"06085","5","52218","77","0","2024","4","",9,36,34,37,1191933,12281,503,2571,"",0.17,0.05,0.05,0.05,0.03,0.04,0.06,0.52,"",1,12.5,7,24.1,6,21.4,9,32.1,360937,43.4,3510,40.0,163,47.9,315,14.0
"06085","5","522180","78","0","2024","4","",9,36,34,37,1191933,12281,503,2571,"",0.17,0.05,0.05,0.05,0.03,0.04,0.06,0.52,"",1,12.5,7,24.1,6,21.4,9,32.1,360937,43.4,3510,40.0,163,47.9,315,14.0
"06085","5","5222","76","0","2024","4","",131,1426,1441,1437,56937598,676906,24475,3053,"",0.36,0.40,0.40,0.40,0.18,0.41,0.39,0.46,"",-16,-10.9,26,1.9,70,5.1,12,0.8,14020056,32.7,-69770,-9.3,1066,4.6,693,29.4
"06085","5","52221","77","0","2024","4","N",3,0,0,0,0,0,0,0,"N",0.41,0,0,0,0,0,0,0,"N",0,0.0,0,0,0,0,0,0,0,0,0,0,0,0,0,0
"06085","5","522210","78","0","2024","4","N",3,0,0,0,0,0,0,0,"N",0.41,0,0,0,0,0,0,0,"N",0,0.0,0,0,0,0,0,0,0,0,0,0,0,0,0,0
"06085","5","52222","77","0","2024","4","N",16,0,0,0,0,0,0,0,"N",0.35,0,0,0,0,0,0,0,"N",-1,-5.9,0,0,0,0,0,0,0,0,0,0,0,0,0,0
"06085","5","522220","78","0","2024","4","N",16,0,0,0,0,0,0,0,"N",0.35,0,0,0,0,0,0,0,"N",-1,-5.9,0,0,0,0,0,0,0,0,0,0,0,0,0,0
"06085","5","52229","77","0","2024","4","",112,1337,1355,1355,52100394,575487,20977,2971,"",0.36,0.53,0.53,0.53,0.25,0.43,0.40,0.47,"",-15,-11.8,37,2.8,80,6.3,29,2.2,14148513,37.3,-36718,-6.0,2417,13.0,726,32.3
"06085","5","522291","78","0","2024","4","",28,225,223,218,14303883,86969,3590,4956,"",0.26,0.35,0.35,0.34,0.28,0.24,0.35,0.82,"",-2,-6.7,52,30.1,58,35.2,49,29.0,8243933,136.0,48338,125.1,2142,147.9,2198,79.7
"06085","5","522292","78","0","2024","4","",66,1021,1039,1044,35257966,475778,16803,2621,"",0.51,0.80,0.81,0.81,0.31,0.68,0.47,0.39,"",-10,-13.2,-8,-0.8,24,2.4,-19,-1.8,6319176,21.8,-85071,-15.2,226,1.4,472,22.0
"06085","5","522299","78","0","2024","4","",18,91,93,93,2538545,12740,584,2115,"",0.25,0.15,0.15,0.15,0.05,0.05,0.09,0.35,"",-3,-14.3,-7,-7.1,-2,-2.1,-1,-1.1,-414596,-14.0,15,0.1,49,9.2,-260,-10.9
"06085","5","5223","76","0","2024","4","",155,3894,3954,3946,287169186,2305315,70963,5619,"",0.64,1.92,1.95,1.96,1.53,2.47,1.77,0.78,"",-6,-3.7,-411,-9.5,-329,-7.7,-220,-5.3,21058691,7.9,1501610,186.8,48803,220.2,804,16.7
"06085","5","52231","77","0","2024","4","",87,496,490,472,16558364,526201,27489,2621,"",0.71,0.81,0.80,0.77,0.32,1.29,1.32,0.40,"",-4,-4.4,66,15.3,71,16.9,49,11.6,3321316,25.1,314843,149.0,20659,302.5,220,9.2
"06085","5","522310","78","0","2024","4","",87,496,490,472,16558364,526201,27489,2621,"",0.71,0.81,0.80,0.77,0.32,1.29,1.32,0.40,"",-4,-4.4,66,15.3,71,16.9,49,11.6,3321316,25.1,314843,149.0,20659,302.5,220,9.2
"06085","5","52232","77","0","2024","4","",40,3084,3155,3161,252940416,1629976,39087,6210,"",0.59,3.37,3.44,3.47,2.56,5.17,3.43,0.75,"",-1,-2.4,-477,-13.4,-394,-11.1,-263,-7.7,15992765,6.7,1216893,294.6,29717,317.2,1019,19.6
"06085","5","522320","78","0","2024","4","",40,3084,3155,3161,252940416,1629976,39087,6210,"",0.59,3.37,3.44,3.47,2.56,5.17,3.43,0.75,"",-1,-2.4,-477,-13.4,-394,-11.1,-263,-7.7,15992765,6.7,1216893,294.6,29717,317.2,1019,19.6
"06085","5","52239","77","0","2024","4","",28,314,309,313,17670406,149138,4387,4357,"",0.53,0.63,0.62,0.63,0.48,0.71,0.55,0.76,"",-1,-3.4,0,0.0,-6,-1.9,-6,-1.9,1744610,11.0,-30126,-16.8,-1573,-26.4,480,12.4
"06085","5","522390","78","0","2024","4","",28,314,309,313,17670406,149138,4387,4357,"",0.53,0.63,0.62,0.63,0.48,0.71,0.55,0.76,"",-1,-3.4,0,0.0,-6,-1.9,-6,-1.9,1744610,11.0,-30126,-16.8,-1573,-26.4,480,12.4
"06085","5","523","75","0","2024","4","",877,5144,5133,5120,445085529,2503521,80707,6671,"",0.81,0.66,0.66,0.65,0.27,0.80,0.81,0.41,"",-2,-0.2,106,2.1,64,1.3,38,0.7,-31266571,-6.6,148312,6.3,10162,14.4,-566,-7.8
"06085","5","5231","76","0","2024","4","",170,1472,1483,1485,118854050,522962,14900,6177,"",0.56,0.43,0.43,0.43,0.18,0.48,0.51,0.41,"N",-9,-5.0,0,0,0,0,0,0,0,0,0,0,0,0,0,0
"06085","5","52315","77","0","2024","4","",160,1450,1462,1464,117571432,499100,13905,6200,"",0.58,0.45,0.45,0.45,0.19,0.49,0.54,0.42,"",-9,-5.3,46,3.3,62,4.4,58,4.1,22659985,23.9,41476,9.1,554,4.1,997,19.2
"06085","5","523150","78","0","2024","4","",160,1450,1462,1464,117571432,499100,13905,6200,"",0.58,0.45,0.45,0.45,0.19,0.49,0.54,0.42,"",-9,-5.3,46,3.3,62,4.4,58,4.1,22659985,23.9,41476,9.1,554,4.1,997,19.2
"06085","5","52316","77","0","2024","4","",10,22,21,21,1282618,23862,995,4625,"",0.40,0.12,0.11,0.11,0.03,0.31,0.32,0.24,"N",0,0.0,0,0,0,0,0,0,0,0,0,0,0,0,0,0
"06085","5","523160","78","0","2024","4","",10,22,21,21,1282618,23862,995,4625,"",0.40,0.12,0.11,0.11,0.03,0.31,0.32,0.24,"N",0,0.0,0,0,0,0,0,0,0,0,0,0,0,0,0,0
"06085","5","5232","76","0","2024","4","",4,6,5,4,230063,11886,406,3539,"",0.57,0.11,0.09,0.08,0.03,0.67,0.46,0.36,"N",-2,-33.3,0,0,0,0,0,0,0,0,0,0,0,0,0,0
"06085","5","52321","77","0","2024","4","",4,6,5,4,230063,11886,406,3539,"",0.57,0.11,0.09,0.08,0.03,0.67,0.46,0.36,"N",-2,-33.3,0,0,0,0,0,0,0,0,0,0,0,0,0,0
"06085","5","523210","78","0","2024","4","",4,6,5,4,230063,11886,406,3539,"",0.57,0.11,0.09,0.08,0.03,0.67,0.46,0.36,"N",-2,-33.3,0,0,0,0,0,0,0,0,0,0,0,0,0,0
"06085","5","5239","76","0","2024","4","",703,3666,3645,3631,326001416,1968673,65401,6875,"",0.90,0.84,0.84,0.83,0.34,0.97,0.93,0.40,"",9,1.3,64,1.8,6,0.2,-13,-0.4,-53840463,-14.2,121347,6.6,10435,19.0,-1178,-14.6
"06085","5","52391","77","0","2024","4","",151,1116,1112,1106,148292778,412630,13228,10264,"",2.18,4.48,4.48,4.45,2.70,3.27,2.56,0.60,"",-8,-5.0,-85,-7.1,-103,-8.5,-107,-8.8,-58322955,-28.2,-63578,-13.4,804,6.5,-2875,-21.9
"06085","5","523910","78","0","2024","4","",151,1116,1112,1106,148292778,412630,13228,10264,"",2.18,4.48,4.48,4.45,2.70,3.27,2.56,0.60,"",-8,-5.0,-85,-7.1,-103,-8.5,-107,-8.8,-58322955,-28.2,-63578,-13.4,804,6.5,-2875,-21.9
"06085","5","52394","77","0","2024","4","",529,2398,2383,2381,170824008,1405431,46722,5504,"",0.84,0.65,0.65,0.65,0.20,0.84,0.82,0.31,"",19,3.7,95,4.1,55,2.4,42,1.8,1492297,0.9,119921,9.3,6635,16.6,-102,-1.8
"06085","5","523940","78","0","2024","4","",529,2398,2383,2381,170824008,1405431,46722,5504,"",0.84,0.65,0.65,0.65,0.20,0.84,0.82,0.31,"",19,3.7,95,4.1,55,2.4,42,1.8,1492297,0.9,119921,9.3,6635,16.6,-102,-1.8
"06085","5","52399","77","0","2024","4","",23,152,150,144,6884630,150612,5451,3562,"",0.29,0.35,0.35,0.34,0.12,0.68,0.68,0.35,"",-2,-8.0,54,55.1,54,56.2,52,56.5,2990195,76.8,65004,75.9,2996,122.0,420,13.4
"06085","5","523991","78","0","2024","4","",11,39,38,36,1231705,23481,533,2515,"",0.52,0.25,0.24,0.23,0.08,0.29,0.23,0.32,"",-3,-21.4,-16,-29.1,-12,-24.0,-16,-30.8,-307682,-20.0,-19334,-45.2,-690,-56.4,252,11.1
"06085","5","523999","78","0","2024","4","",12,113,112,108,5652925,127131,4918,3917,"",0.21,0.42,0.41,0.40,0.14,0.89,0.85,0.34,"",1,9.1,70,162.8,66,143.5,68,170.0,3297877,140.0,84338,197.1,3686,299.2,-296,-7.0
"06085","5","524","75","0","2024","4","",670,4047,4073,4137,122573161,2307649,75185,2308,"",0.42,0.22,0.22,0.22,0.09,0.29,0.35,0.41,"",-26,-3.7,99,2.5,59,1.5,93,2.3,7735475,6.7,141551,6.5,6480,9.4,101,4.6
"06085","5","5241","76","0","2024","4","",85,1311,1327,1395,44737604,681607,25829,2560,"",0.34,0.15,0.15,0.16,0.07,0.23,0.34,0.45,"",-8,-8.6,24,1.9,20,1.5,45,3.3,4530389,11.3,-42176,-5.8,2196,9.3,207,8.8
"06085","5","52411","77","0","2024","4","",40,721,735,772,21771029,431718,13321,2255,"",0.41,0.15,0.16,0.16,0.07,0.24,0.31,0.42,"",-1,-2.4,36,5.3,32,4.6,18,2.4,154239,0.7,-101344,-19.0,-948,-6.6,-74,-3.2
"06085","5","524113","78","0","2024","4","",22,147,157,199,3882578,221182,6366,1781,"",0.59,0.10,0.10,0.13,0.03,0.25,0.33,0.29,"",4,22.2,-24,-14.0,-11,-6.5,-15,-7.0,86284,2.3,-33860,-13.3,-383,-5.7,197,12.4
"06085","5","524114","78","0","2024","4","",18,574,578,573,17888451,210536,6955,2393,"",0.30,0.18,0.18,0.18,0.08,0.22,0.29,0.47,"",-5,-21.7,60,11.7,43,8.0,33,6.1,67955,0.4,-67484,-24.3,-565,-7.5,-195,-7.5
"06085","5","52412","77","0","2024","4","",45,590,592,623,22966575,249889,12508,2936,"",0.31,0.16,0.16,0.17,0.08,0.22,0.39,0.49,"",-7,-13.5,-12,-2.0,-12,-2.0,27,4.5,4376150,23.5,59168,31.0,3144,33.6,555,23.3
"06085","5","524126","78","0","2024","4","N",18,0,0,0,0,0,0,0,"N",0.20,0,0,0,0,0,0,0,"N",0,0.0,0,0,0,0,0,0,0,0,0,0,0,0,0,0
"06085","5","524127","78","0","2024","4","",25,395,394,421,15780445,172758,10561,3010,"",0.63,1.00,1.00,1.07,0.49,0.87,1.35,0.48,"",-7,-21.9,-39,-9.0,-42,-9.6,-2,-0.5,2091205,15.3,45059,35.3,2913,38.1,567,23.2
"06085","5","524128","78","0","2024","4","N",2,0,0,0,0,0,0,0,"N",0.13,0,0,0,0,0,0,0,"N",0,0.0,0,0,0,0,0,0,0,0,0,0,0,0,0,0
"06085","5","5242","76","0","2024","4","",585,2736,2746,2742,77835557,1626042,49356,2184,"",0.43,0.27,0.27,0.27,0.11,0.33,0.36,0.40,"",-18,-3.0,75,2.8,39,1.4,48,1.8,3205086,4.3,183727,12.7,4284,9.5,48,2.2
"06085","5","52421","77","0","2024","4","",555,2595,2588,2578,73497596,1459419,42612,2185,"",0.49,0.36,0.36,0.36,0.14,0.40,0.45,0.39,"",-17,-3.0,66,2.6,59,2.3,75,3.0,3057434,4.3,295716,25.4,9446,28.5,35,1.6
"06085","5","524210","78","0","2024","4","",555,2595,2588,2578,73497596,1459419,42612,2185,"",0.49,0.36,0.36,0.36,0.14,0.40,0.45,0.39,"",-17,-3.0,66,2.6,59,2.3,75,3.0,3057434,4.3,295716,25.4,9446,28.5,35,1.6
"06085","5","52429","77","0","2024","4","",30,141,158,164,4337961,166623,6744,2162,"",0.14,0.05,0.06,0.06,0.02,0.12,0.15,0.41,"",-1,-3.2,9,6.8,-20,-11.2,-27,-14.1,147652,3.5,-111989,-40.2,-5162,-43.4,232,12.0
"06085","5","524291","78","0","2024","4","",7,20,20,20,1084460,15235,655,4171,"",0.12,0.04,0.04,0.05,0.03,0.05,0.05,0.73,"",-2,-22.2,1,5.3,1,5.3,1,5.3,12281,1.1,-8282,-35.2,-343,-34.4,-170,-3.9
"06085","5","524292","78","0","2024","4","",12,86,103,106,2037503,121999,4985,1594,"",0.17,0.05,0.06,0.07,0.02,0.17,0.24,0.32,"",1,9.1,7,8.9,-20,-16.3,-30,-22.1,147486,7.8,-89497,-42.3,-4428,-47.0,304,23.6
"06085","5","524298","78","0","2024","4","",11,35,35,38,1215998,29389,1104,2598,"",0.13,0.05,0.05,0.05,0.02,0.09,0.11,0.44,"",0,0.0,1,2.9,-1,-2.8,2,5.6,-12115,-1.0,-14210,-32.6,-391,-26.2,-76,-2.8
"06085","5","525","75","0","2024","4","",40,103,103,95,2701374,89417,2988,2071,"",0.54,0.44,0.44,0.40,0.08,0.20,0.14,0.20,"",-8,-16.7,-4,-3.7,-9,-8.0,-21,-18.1,-459703,-14.5,-10278,-10.3,-821,-21.6,-107,-4.9
"06085","5","5251","76","0","2024","4","",7,7,8,5,190091,17795,434,2193,"",0.47,0.08,0.09,0.05,0.03,0.19,0.08,0.38,"",-1,-12.5,2,40.0,3,60.0,-1,-16.7,-7435,-3.8,7463,72.2,216,99.1,-656,-23.0
"06085","5","52511","77","0","2024","4","N",3,0,0,0,0,0,0,0,"N",0.45,0,0,0,0,0,0,0,"N",0,0.0,0,0,0,0,0,0,0,0,0,0,0,0,0,0
"06085","5","525110","78","0","2024","4","N",3,0,0,0,0,0,0,0,"N",0.45,0,0,0,0,0,0,0,"N",0,0.0,0,0,0,0,0,0,0,0,0,0,0,0,0,0
"06085","5","52512","77","0","2024","4","N",2,0,0,0,0,0,0,0,"N",0.38,0,0,0,0,0,0,0,"N",-1,-33.3,0,0,0,0,0,0,0,0,0,0,0,0,0,0
"06085","5","525120","78","0","2024","4","N",2,0,0,0,0,0,0,0,"N",0.38,0,0,0,0,0,0,0,"N",-1,-33.3,0,0,0,0,0,0,0,0,0,0,0,0,0,0
"06085","5","52519","77","0","2024","4","N",2,0,0,0,0,0,0,0,"N",0.70,0,0,0,0,0,0,0,"N",0,0.0,0,0,0,0,0,0,0,0,0,0,0,0,0,0
"06085","5","525190","78","0","2024","4","N",2,0,0,0,0,0,0,0,"N",0.70,0,0,0,0,0,0,0,"N",0,0.0,0,0,0,0,0,0,0,0,0,0,0,0,0,0
"06085","5","5259","76","0","2024","4","",33,96,95,90,2511283,71622,2554,2062,"",0.56,0.68,0.68,0.63,0.10,0.20,0.15,0.15,"",-7,-17.5,-6,-5.9,-12,-11.2,-20,-18.2,-452268,-15.3,-17741,-19.9,-1037,-28.9,-82,-3.8
"06085","5","52591","77","0","2024","4","",5,15,14,13,838161,21447,779,4605,"",0.48,0.52,0.48,0.44,0.14,0.78,0.64,0.29,"",0,0.0,2,15.4,1,7.7,-1,-7.1,-411961,-33.0,-18547,-46.4,-601,-43.6,-2607,-36.1
"06085","5","525910","78","0","2024","4","",5,15,14,13,838161,21447,779,4605,"",0.48,0.52,0.48,0.44,0.14,0.78,0.64,0.29,"",0,0.0,2,15.4,1,7.7,-1,-7.1,-411961,-33.0,-18547,-46.4,-601,-43.6,-2607,-36.1
"06085","5","52592","77","0","2024","4","",13,31,30,30,626382,13034,196,1588,"",0.54,1.16,1.18,1.13,0.13,0.05,0.01,0.11,"",-4,-23.5,-5,-13.9,-12,-28.6,-13,-30.2,43093,7.4,-5247,-28.7,-813,-80.6,476,42.8
"06085","5","525920","78","0","2024","4","",13,31,30,30,626382,13034,196,1588,"",0.54,1.16,1.18,1.13,0.13,0.05,0.01,0.11,"",-4,-23.5,-5,-13.9,-12,-28.6,-13,-30.2,43093,7.4,-5247,-28.7,-813,-80.6,476,42.8
"06085","5","52599","77","0","2024","4","",15,50,51,47,1046740,37141,1579,1632,"",0.60,0.59,0.59,0.54,0.07,0.68,0.72,0.13,"",-3,-16.7,-3,-5.7,-1,-1.9,-6,-11.3,-83400,-7.4,6053,19.5,377,31.4,-19,-1.2
"06085","5","525990","78","0","2024","4","",15,50,51,47,1046740,37141,1579,1632,"",0.60,0.59,0.59,0.54,0.07,0.68,0.72,0.13,"",-3,-16.7,-3,-5.7,-1,-1.9,-6,-11.3,-83400,-7.4,6053,19.5,377,31.4,-19,-1.2
"06085","5","53","74","0","2024","4","",3214,15825,15767,15682,496057925,9493676,297670,2422,"",0.92,0.91,0.91,0.90,0.49,0.82,0.80,0.54,"",-39,-1.2,-70,-0.4,171,1.1,-38,-0.2,-4286764,-0.9,-254211,-2.6,-5901,-1.9,-24,-1.0
"06085","5","531","75","0","2024","4","",3009,13497,13460,13374,438536248,8302385,261239,2509,"",0.98,1.03,1.02,1.01,0.56,0.93,0.91,0.55,"",-40,-1.3,65,0.5,173,1.3,-63,-0.5,-6785319,-1.5,-161805,-1.9,-4957,-1.9,-50,-2.0
"06085","5","5311","76","0","2024","4","",706,4034,4013,3980,172157333,1984327,60031,3303,"",0.81,0.88,0.88,0.87,0.70,0.71,0.66,0.80,"",-4,-0.6,23,0.6,82,2.1,80,2.1,-12363044,-6.7,59483,3.1,-5780,-8.8,-293,-8.1
"06085","5","53111","77","0","2024","4","",362,1333,1333,1319,26105309,653501,18407,1512,"",0.77,0.50,0.50,0.49,0.20,0.39,0.34,0.41,"",6,1.7,-34,-2.5,19,1.4,-11,-0.8,536695,2.1,3989,0.6,-410,-2.2,41,2.8
"06085","5","531110","78","0","2024","4","",362,1333,1333,1319,26105309,653501,18407,1512,"",0.77,0.50,0.50,0.49,0.20,0.39,0.34,0.41,"",6,1.7,-34,-2.5,19,1.4,-11,-0.8,536695,2.1,3989,0.6,-410,-2.2,41,2.8
"06085","5","53112","77","0","2024","4","",159,1235,1233,1194,43202712,819392,21544,2723,"",0.83,1.06,1.07,1.03,0.51,1.33,1.02,0.49,"",-5,-3.0,87,7.6,85,7.4,124,11.6,7646490,21.5,-15293,-1.8,-7024,-24.6,285,11.7
"06085","5","531120","78","0","2024","4","",159,1235,1233,1194,43202712,819392,21544,2723,"",0.83,1.06,1.07,1.03,0.51,1.33,1.02,0.49,"",-5,-3.0,87,7.6,85,7.4,124,11.6,7646490,21.5,-15293,-1.8,-7024,-24.6,285,11.7
"06085","5","53113","77","0","2024","4","",110,1106,1092,1100,95835309,248259,9196,6706,"",0.83,2.55,2.52,2.52,5.13,0.81,1.01,2.03,"",-4,-3.5,-54,-4.7,-34,-3.0,-38,-3.3,-19077771,-16.6,-34010,-12.0,-3254,-26.1,-1039,-13.4
"06085","5","531130","78","0","2024","4","",110,1106,1092,1100,95835309,248259,9196,6706,"",0.83,2.55,2.52,2.52,5.13,0.81,1.01,2.03,"",-4,-3.5,-54,-4.7,-34,-3.0,-38,-3.3,-19077771,-16.6,-34010,-12.0,-3254,-26.1,-1039,-13.4
"06085","5","53119","77","0","2024","4","",75,360,355,367,7014003,263175,10884,1496,"",1.00,1.17,1.16,1.20,0.49,1.31,1.66,0.41,"",-1,-1.3,24,7.1,12,3.5,5,1.4,-1468458,-17.3,104797,66.2,4908,82.1,-384,-20.4
"06085","5","531190","78","0","2024","4","",75,360,355,367,7014003,263175,10884,1496,"",1.00,1.17,1.16,1.20,0.49,1.31,1.66,0.41,"",-1,-1.3,24,7.1,12,3.5,5,1.4,-1468458,-17.3,104797,66.2,4908,82.1,-384,-20.4
"06085","5","5312","76","0","2024","4","",1230,3872,3845,3792,115649060,3370466,109633,2319,"",1.07,1.50,1.50,1.46,0.62,1.59,1.67,0.42,"",-24,-1.9,185,5.0,196,5.4,48,1.3,7519277,7.0,106765,3.3,10722,10.8,67,3.0
"06085","5","53121","77","0","2024","4","",1230,3872,3845,3792,115649060,3370466,109633,2319,"",1.07,1.50,1.50,1.46,0.62,1.59,1.67,0.42,"",-24,-1.9,185,5.0,196,5.4,48,1.3,7519277,7.0,106765,3.3,10722,10.8,67,3.0
"06085","5","531210","78","0","2024","4","",1230,3872,3845,3792,115649060,3370466,109633,2319,"",1.07,1.50,1.50,1.46,0.62,1.59,1.67,0.42,"",-24,-1.9,185,5.0,196,5.4,48,1.3,7519277,7.0,106765,3.3,10722,10.8,67,3.0
"06085","5","5313","76","0","2024","4","",1073,5591,5602,5602,150729855,2947592,91575,2071,"",1.03,0.93,0.93,0.93,0.43,0.73,0.70,0.46,"",-12,-1.1,-143,-2.5,-105,-1.8,-191,-3.3,-1941552,-1.3,-328053,-10.0,-9899,-9.8,27,1.3
"06085","5","53131","77","0","2024","4","",883,5237,5246,5246,138538526,2521956,78590,2033,"",1.23,1.02,1.02,1.02,0.50,0.73,0.71,0.49,"",-22,-2.4,-97,-1.8,-63,-1.2,-133,-2.5,1568762,1.1,-330000,-11.6,-9633,-10.9,60,3.0
"06085","5","531311","78","0","2024","4","",688,4127,4141,4136,92843161,2085597,67158,1727,"",1.25,1.06,1.07,1.06,0.50,0.74,0.74,0.47,"",-35,-4.8,-118,-2.8,-99,-2.3,-128,-3.0,-197396,-0.2,-208058,-9.1,-7498,-10.0,43,2.6
"06085","5","531312","78","0","2024","4","",195,1110,1105,1110,45695365,436359,11432,3171,"",1.17,0.89,0.89,0.89,0.50,0.66,0.56,0.57,"",13,7.1,21,1.9,36,3.4,-5,-0.4,1766158,4.0,-121942,-21.8,-2135,-15.7,74,2.4
"06085","5","53132","77","0","2024","4","",31,71,75,71,2331538,35591,1563,2479,"",0.34,0.35,0.37,0.35,0.20,0.27,0.46,0.56,"",-3,-8.8,-5,-6.6,0,0.0,-5,-6.6,166719,7.7,-19412,-35.3,-296,-15.9,278,12.6
"06085","5","531320","78","0","2024","4","",31,71,75,71,2331538,35591,1563,2479,"",0.34,0.35,0.37,0.35,0.20,0.27,0.46,0.56,"",-3,-8.8,-5,-6.6,0,0.0,-5,-6.6,166719,7.7,-19412,-35.3,-296,-15.9,278,12.6
"06085","5","53139","77","0","2024","4","",159,283,281,285,9859791,390045,11422,2680,"",0.68,0.42,0.41,0.42,0.16,0.84,0.66,0.38,"",13,8.9,-41,-12.7,-42,-13.0,-53,-15.7,-3677033,-27.2,21359,5.8,30,0.3,-491,-15.5
"06085","5","531390","78","0","2024","4","",159,283,281,285,9859791,390045,11422,2680,"",0.68,0.42,0.41,0.42,0.16,0.84,0.66,0.38,"",13,8.9,-41,-12.7,-42,-13.0,-53,-15.7,-3677033,-27.2,21359,5.8,30,0.3,-491,-15.5
"06085","5","532","75","0","2024","4","",185,2037,2004,1999,39828651,986074,25196,1522,"",0.44,0.49,0.49,0.49,0.19,0.40,0.31,0.38,"",0,0.0,-167,-7.6,-42,-2.1,-24,-1.2,784537,2.0,-208040,-17.4,-6936,-21.6,86,6.0
"06085","5","5321","76","0","2024","4","",76,946,934,943,15723149,451776,9416,1285,"",0.58,0.62,0.61,0.62,0.24,0.51,0.40,0.38,"",2,2.7,-14,-1.5,0,0.0,13,1.4,1497315,10.5,-19507,-4.1,-2093,-18.2,123,10.6
"06085","5","53211","77","0","2024","4","",59,698,688,695,11225189,336490,6570,1245,"",0.78,0.82,0.81,0.82,0.33,0.66,0.49,0.41,"",3,5.4,9,1.3,22,3.3,27,4.0,1719849,18.1,-35245,-9.5,-2399,-26.7,161,14.9
"06085","5","532111","78","0","2024","4","N",58,0,0,0,0,0,0,0,"N",0.83,0,0,0,0,0,0,0,"N",4,7.4,0,0,0,0,0,0,0,0,0,0,0,0,0,0
"06085","5","532112","78","0","2024","4","N",1,0,0,0,0,0,0,0,"N",0.16,0,0,0,0,0,0,0,"N",-1,-50.0,0,0,0,0,0,0,0,0,0,0,0,0,0,0
"06085","5","53212","77","0","2024","4","",17,248,246,248,4497960,115286,2846,1399,"",0.32,0.36,0.36,0.37,0.14,0.30,0.28,0.38,"",-1,-5.6,-23,-8.5,-22,-8.2,-14,-5.3,-222534,-4.7,15738,15.8,306,12.0,39,2.9
"06085","5","532120","78","0","2024","4","",17,248,246,248,4497960,115286,2846,1399,"",0.32,0.36,0.36,0.37,0.14,0.30,0.28,0.38,"",-1,-5.6,-23,-8.5,-22,-8.2,-14,-5.3,-222534,-4.7,15738,15.8,306,12.0,39,2.9
"06085","5","5322","76","0","2024","4","N",43,0,0,0,0,0,0,0,"N",0.34,0,0,0,0,0,0,0,"N",-4,-8.5,0,0,0,0,0,0,0,0,0,0,0,0,0,0
"06085","5","53221","77","0","2024","4","N",4,0,0,0,0,0,0,0,"N",0.39,0,0,0,0,0,0,0,"N",0,0.0,0,0,0,0,0,0,0,0,0,0,0,0,0,0
"06085","5","532210","78","0","2024","4","N",4,0,0,0,0,0,0,0,"N",0.39,0,0,0,0,0,0,0,"N",0,0.0,0,0,0,0,0,0,0,0,0,0,0,0,0,0
"06085","5","53228","77","0","2024","4","",39,434,410,401,8365872,188302,6050,1551,"",0.34,0.49,0.49,0.48,0.24,0.31,0.25,0.49,"N",-4,-9.3,0,0,0,0,0,0,0,0,0,0,0,0,0,0
"06085","5","532281","78","0","2024","4","",5,62,62,62,2212266,32535,656,2745,"",0.97,1.36,1.62,1.85,1.69,0.96,0.25,1.06,"",1,25.0,30,93.8,31,100.0,35,129.6,1894636,596.5,12216,60.1,351,115.1,1931,237.2
"06085","5","532282","78","0","2024","4","N",2,0,0,0,0,0,0,0,"N",0.61,0,0,0,0,0,0,0,"N",0,0.0,0,0,0,0,0,0,0,0,0,0,0,0,0,0
"06085","5","532283","78","0","2024","4","",8,63,63,64,1131514,34433,1270,1374,"",0.41,0.27,0.27,0.27,0.11,0.25,0.37,0.43,"",1,14.3,5,8.6,5,8.6,5,8.5,227457,25.2,-18381,-34.8,-285,-18.3,182,15.3
"06085","5","532284","78","0","2024","4","N",2,0,0,0,0,0,0,0,"N",0.08,0,0,0,0,0,0,0,"N",-1,-33.3,0,0,0,0,0,0,0,0,0,0,0,0,0,0
"06085","5","532289","78","0","2024","4","",22,305,277,270,4973592,117525,4057,1347,"",0.34,0.66,0.63,0.62,0.29,0.35,0.29,0.45,"",-5,-18.5,-83,-21.4,-9,-3.1,-4,-1.5,-978826,-16.4,-57504,-32.9,-1051,-20.6,-102,-7.0
"06085","5","5323","76","0","2024","4","N",5,0,0,0,0,0,0,0,"N",0.20,0,0,0,0,0,0,0,"N",0,0.0,0,0,0,0,0,0,0,0,0,0,0,0,0,0
"06085","5","53231","77","0","2024","4","N",5,0,0,0,0,0,0,0,"N",0.20,0,0,0,0,0,0,0,"N",0,0.0,0,0,0,0,0,0,0,0,0,0,0,0,0,0
"06085","5","532310","78","0","2024","4","N",5,0,0,0,0,0,0,0,"N",0.20,0,0,0,0,0,0,0,"N",0,0.0,0,0,0,0,0,0,0,0,0,0,0,0,0,0
"06085","5","5324","76","0","2024","4","",61,520,524,526,12591235,259895,7423,1851,"",0.45,0.36,0.37,0.37,0.13,0.33,0.25,0.36,"",2,3.4,-160,-23.5,-131,-20.0,-120,-18.6,-3105975,-19.8,-165460,-38.9,-4568,-38.1,22,1.2
"06085","5","53241","77","0","2024","4","",21,280,284,281,7015504,102874,2652,1916,"",0.35,0.37,0.38,0.37,0.13,0.27,0.23,0.35,"",3,16.7,-78,-21.8,-77,-21.3,-76,-21.3,-1329875,-15.9,-85153,-45.3,-3045,-53.4,126,7.0
"06085","5","532411","78","0","2024","4","N",2,0,0,0,0,0,0,0,"N",0.34,0,0,0,0,0,0,0,"N",0,0.0,0,0,0,0,0,0,0,0,0,0,0,0,0,0
"06085","5","532412","78","0","2024","4","N",19,0,0,0,0,0,0,0,"N",0.35,0,0,0,0,0,0,0,"N",3,18.8,0,0,0,0,0,0,0,0,0,0,0,0,0,0
"06085","5","53242","77","0","2024","4","N",1,0,0,0,0,0,0,0,"N",0.12,0,0,0,0,0,0,0,"N",0,0.0,0,0,0,0,0,0,0,0,0,0,0,0,0,0
"06085","5","532420","78","0","2024","4","N",1,0,0,0,0,0,0,0,"N",0.12,0,0,0,0,0,0,0,"N",0,0.0,0,0,0,0,0,0,0,0,0,0,0,0,0,0
"06085","5","53249","77","0","2024","4","N",39,0,0,0,0,0,0,0,"N",0.58,0,0,0,0,0,0,0,"N",-1,-2.5,0,0,0,0,0,0,0,0,0,0,0,0,0,0
"06085","5","532490","78","0","2024","4","N",39,0,0,0,0,0,0,0,"N",0.58,0,0,0,0,0,0,0,"N",-1,-2.5,0,0,0,0,0,0,0,0,0,0,0,0,0,0
"06085","5","533","75","0","2024","4","",20,291,303,309,17693026,205217,11235,4522,"",0.74,1.82,1.90,1.93,1.02,2.35,3.80,0.54,"",1,5.3,32,12.4,40,15.2,49,18.8,1714018,10.7,115634,129.1,5992,114.3,-193,-4.1
"06085","5","5331","76","0","2024","4","",20,291,303,309,17693026,205217,11235,4522,"",0.74,1.82,1.90,1.93,1.02,2.35,3.80,0.54,"",1,5.3,32,12.4,40,15.2,49,18.8,1714018,10.7,115634,129.1,5992,114.3,-193,-4.1
"06085","5","53311","77","0","2024","4","",20,291,303,309,17693026,205217,11235,4522,"",0.74,1.82,1.90,1.93,1.02,2.35,3.80,0.54,"",1,5.3,32,12.4,40,15.2,49,18.8,1714018,10.7,115634,129.1,5992,114.3,-193,-4.1
"06085","5","533110","78","0","2024","4","",20,291,303,309,17693026,205217,11235,4522,"",0.74,1.82,1.90,1.93,1.02,2.35,3.80,0.54,"",1,5.3,32,12.4,40,15.2,49,18.8,1714018,10.7,115634,129.1,5992,114.3,-193,-4.1
"06085","5","54","74","0","2024","4","",10284,159099,159094,158325,11669340908,101255772,3365784,5651,"",0.83,2.05,2.04,2.04,1.54,2.47,2.38,0.75,"",103,1.0,1044,0.7,673,0.4,460,0.3,1643240479,16.4,5360339,5.6,342578,11.3,773,15.8
"06085","5","541","75","0","2024","4","",10284,159099,159094,158325,11669340908,101255772,3365784,5651,"",0.83,2.05,2.04,2.04,1.54,2.47,2.38,0.75,"",103,1.0,1044,0.7,673,0.4,460,0.3,1643240479,16.4,5360339,5.6,342578,11.3,773,15.8
"06085","5","5411","76","0","2024","4","",935,6828,6899,6828,485076988,3439386,98858,5446,"",0.63,0.79,0.79,0.78,0.45,0.77,0.74,0.57,"",13,1.4,126,1.9,30,0.4,50,0.7,-4914215,-1.0,267437,8.4,14635,17.4,-111,-2.0
"06085","5","54111","77","0","2024","4","",876,6650,6722,6654,479601915,3344533,94936,5527,"",0.65,0.84,0.84,0.83,0.46,0.82,0.81,0.56,"",8,0.9,110,1.7,12,0.2,36,0.5,-5467755,-1.1,259721,8.4,13693,16.9,-107,-1.9
"06085","5","541110","78","0","2024","4","",876,6650,6722,6654,479601915,3344533,94936,5527,"",0.65,0.84,0.84,0.83,0.46,0.82,0.81,0.56,"",8,0.9,110,1.7,12,0.2,36,0.5,-5467755,-1.1,259721,8.4,13693,16.9,-107,-1.9
"06085","5","54119","77","0","2024","4","",59,178,177,174,5475073,94853,3922,2388,"",0.39,0.25,0.25,0.24,0.12,0.23,0.25,0.49,"",5,9.3,16,9.9,18,11.3,14,8.8,553540,11.2,7716,8.9,942,31.6,27,1.1
"06085","5","541191","78","0","2024","4","N",11,0,0,0,0,0,0,0,"N",0.15,0,0,0,0,0,0,0,"N",0,0.0,0,0,0,0,0,0,0,0,0,0,0,0,0,0
"06085","5","541199","78","0","2024","4","N",48,0,0,0,0,0,0,0,"N",0.60,0,0,0,0,0,0,0,"N",5,11.6,0,0,0,0,0,0,0,0,0,0,0,0,0,0
"06085","5","5412","76","0","2024","4","",909,8114,8153,8125,291535283,4693279,120753,2758,"",0.69,1.01,1.00,0.98,0.46,0.99,0.71,0.46,"",-1,-0.1,-776,-8.7,-711,-8.0,-748,-8.4,1883013,0.7,-787698,-14.4,-18985,-13.6,248,9.9
"06085","5","54121","77","0","2024","4","",909,8114,8153,8125,291535283,4693279,120753,2758,"",0.69,1.01,1.00,0.98,0.46,0.99,0.71,0.46,"",-1,-0.1,-776,-8.7,-711,-8.0,-748,-8.4,1883013,0.7,-787698,-14.4,-18985,-13.6,248,9.9
"06085","5","541211","78","0","2024","4","",335,5555,5551,5493,218905810,2756413,58031,3043,"",0.75,1.46,1.46,1.44,0.62,1.55,1.27,0.42,"",-6,-1.8,-329,-5.6,-275,-4.7,-297,-5.1,2502462,1.2,-157075,-5.4,-3039,-5.0,189,6.6
"06085","5","541213","78","0","2024","4","",264,677,734,759,17110124,472334,17489,1820,"",0.99,1.31,1.16,1.00,0.68,1.49,1.07,0.60,"",-1,-0.4,-419,-38.2,-376,-33.9,-372,-32.9,-1218274,-6.6,-578602,-55.1,-14750,-45.8,553,43.6
"06085","5","541214","78","0","2024","4","",22,409,409,414,9994269,230519,9232,1872,"",0.23,0.24,0.24,0.25,0.08,0.17,0.13,0.32,"",-8,-26.7,-161,-28.2,-180,-30.6,-197,-32.2,-3012973,-23.2,-272345,-54.2,-9667,-51.2,176,10.4
"06085","5","541219","78","0","2024","4","",288,1473,1459,1459,45525080,1234013,36001,2393,"",0.56,0.72,0.71,0.71,0.36,0.94,0.92,0.50,"",14,5.1,133,9.9,120,9.0,118,8.8,3611798,8.6,220324,21.7,8471,30.8,-13,-0.5
"06085","5","5413","76","0","2024","4","",936,16403,16701,16780,1341710350,27795186,1070792,6207,"",0.76,1.34,1.36,1.37,1.21,4.82,5.65,0.89,"",10,1.1,-1379,-7.8,-1812,-9.8,-1603,-8.7,274449570,25.7,-2782185,-9.1,-61817,-5.5,1703,37.8
"06085","5","54131","77","0","2024","4","",158,1158,1161,1158,43314011,485182,13594,2875,"",0.74,0.79,0.80,0.79,0.32,0.73,0.71,0.40,"",-2,-1.2,-64,-5.2,-57,-4.7,-54,-4.5,477880,1.1,24177,5.2,220,1.6,168,6.2
"06085","5","541310","78","0","2024","4","",158,1158,1161,1158,43314011,485182,13594,2875,"",0.74,0.79,0.80,0.79,0.32,0.73,0.71,0.40,"",-2,-1.2,-64,-5.2,-57,-4.7,-54,-4.5,477880,1.1,24177,5.2,220,1.6,168,6.2
"06085","5","54132","77","0","2024","4","",35,199,195,200,7603321,156231,5199,2954,"",0.65,0.78,0.77,0.83,0.48,1.04,0.87,0.60,"",0,0.0,-7,-3.4,-14,-6.7,-12,-5.7,372514,5.2,56423,56.5,1911,58.1,293,11.0
"06085","5","541320","78","0","2024","4","",35,199,195,200,7603321,156231,5199,2954,"",0.65,0.78,0.77,0.83,0.48,1.04,0.87,0.60,"",0,0.0,-7,-3.4,-14,-6.7,-12,-5.7,372514,5.2,56423,56.5,1911,58.1,293,11.0
"06085","5","54133","77","0","2024","4","",599,12645,12935,12990,1214945216,25888160,1010650,7269,"",0.84,1.49,1.52,1.53,1.47,6.66,7.87,0.97,"",9,1.5,-970,-7.1,-1371,-9.6,-1242,-8.7,284734628,30.6,-2747721,-9.6,-58352,-5.5,2177,42.8
"06085","5","541330","78","0","2024","4","",599,12645,12935,12990,1214945216,25888160,1010650,7269,"",0.84,1.49,1.52,1.53,1.47,6.66,7.87,0.97,"",9,1.5,-970,-7.1,-1371,-9.6,-1242,-8.7,284734628,30.6,-2747721,-9.6,-58352,-5.5,2177,42.8
"06085","5","54134","77","0","2024","4","",15,23,21,22,572615,15644,494,2002,"",0.59,0.34,0.31,0.33,0.15,0.39,0.43,0.46,"N",2,15.4,0,0,0,0,0,0,0,0,0,0,0,0,0,0
"06085","5","541340","78","0","2024","4","",15,23,21,22,572615,15644,494,2002,"",0.59,0.34,0.31,0.33,0.15,0.39,0.43,0.46,"N",2,15.4,0,0,0,0,0,0,0,0,0,0,0,0,0,0
"06085","5","54135","77","0","2024","4","",24,59,57,60,1892263,77485,2389,2481,"",0.40,0.29,0.29,0.31,0.18,0.59,0.45,0.61,"",2,9.1,1,1.7,3,5.6,13,27.7,215001,12.8,64163,481.6,2004,520.5,47,1.9
"06085","5","541350","78","0","2024","4","",24,59,57,60,1892263,77485,2389,2481,"",0.40,0.29,0.29,0.31,0.18,0.59,0.45,0.61,"",2,9.1,1,1.7,3,5.6,13,27.7,215001,12.8,64163,481.6,2004,520.5,47,1.9
"06085","5","54136","77","0","2024","4","N",9,0,0,0,0,0,0,0,"N",0.50,0,0,0,0,0,0,0,"N",1,12.5,0,0,0,0,0,0,0,0,0,0,0,0,0,0
"06085","5","541360","78","0","2024","4","N",9,0,0,0,0,0,0,0,"N",0.50,0,0,0,0,0,0,0,"N",1,12.5,0,0,0,0,0,0,0,0,0,0,0,0,0,0
"06085","5","54137","77","0","2024","4","N",15,0,0,0,0,0,0,0,"N",0.25,0,0,0,0,0,0,0,"N",0,0.0,0,0,0,0,0,0,0,0,0,0,0,0,0,0
"06085","5","541370","78","0","2024","4","N",15,0,0,0,0,0,0,0,"N",0.25,0,0,0,0,0,0,0,"N",0,0.0,0,0,0,0,0,0,0,0,0,0,0,0,0,0
"06085","5","54138","77","0","2024","4","",81,1870,1895,1898,55982819,1014965,31542,2281,"",0.99,1.49,1.51,1.51,0.64,1.64,1.53,0.42,"",-2,-2.4,-278,-12.9,-301,-13.7,-271,-12.5,-7465248,-11.8,-213617,-17.4,-8627,-21.5,33,1.5
"06085","5","541380","78","0","2024","4","",81,1870,1895,1898,55982819,1014965,31542,2281,"",0.99,1.49,1.51,1.51,0.64,1.64,1.53,0.42,"",-2,-2.4,-278,-12.9,-301,-13.7,-271,-12.5,-7465248,-11.8,-213617,-17.4,-8627,-21.5,33,1.5
"06085","5","5414","76","0","2024","4","",283,1656,1672,1640,64106073,1048051,31799,2978,"",0.82,1.51,1.52,1.50,0.84,1.65,1.39,0.56,"",19,7.2,8,0.5,-16,-0.9,-39,-2.3,3425688,5.6,190174,22.2,7193,29.2,186,6.7
"06085","5","54141","77","0","2024","4","",118,309,313,301,4930288,253006,7831,1233,"",0.86,0.77,0.77,0.74,0.21,0.96,0.85,0.27,"",15,14.6,57,22.6,62,24.7,50,19.9,785001,18.9,-5440,-2.1,130,1.7,-36,-2.8
"06085","5","541410","78","0","2024","4","",118,309,313,301,4930288,253006,7831,1233,"",0.86,0.77,0.77,0.74,0.21,0.96,0.85,0.27,"",15,14.6,57,22.6,62,24.7,50,19.9,785001,18.9,-5440,-2.1,130,1.7,-36,-2.8
"06085","5","54142","77","0","2024","4","",36,355,358,349,21158499,101946,3732,4598,"",1.76,2.47,2.49,2.44,1.64,2.03,2.06,0.66,"",0,0.0,16,4.7,-2,-0.6,-1,-0.3,4798860,29.3,-26695,-20.8,-848,-18.5,999,27.8
"06085","5","541420","78","0","2024","4","",36,355,358,349,21158499,101946,3732,4598,"",1.76,2.47,2.49,2.44,1.64,2.03,2.06,0.66,"",0,0.0,16,4.7,-2,-0.6,-1,-0.3,4798860,29.3,-26695,-20.8,-848,-18.5,999,27.8
"06085","5","54143","77","0","2024","4","",92,879,879,860,35528335,473658,13150,3132,"",0.65,2.21,2.22,2.18,1.26,2.11,1.73,0.57,"",-1,-1.1,-100,-10.2,-98,-10.0,-117,-12.0,-2638791,-6.9,174812,58.5,5831,79.7,129,4.3
"06085","5","541430","78","0","2024","4","",92,879,879,860,35528335,473658,13150,3132,"",0.65,2.21,2.22,2.18,1.26,2.11,1.73,0.57,"",-1,-1.1,-100,-10.2,-98,-10.0,-117,-12.0,-2638791,-6.9,174812,58.5,5831,79.7,129,4.3
"06085","5","54149","77","0","2024","4","",37,113,122,130,2488951,219441,7086,1574,"",0.79,0.75,0.81,0.86,0.23,2.30,1.70,0.28,"",5,15.6,35,44.9,22,22.0,29,28.7,480618,23.9,47497,27.6,2080,41.6,-87,-5.2
"06085","5","541490","78","0","2024","4","",37,113,122,130,2488951,219441,7086,1574,"",0.79,0.75,0.81,0.86,0.23,2.30,1.70,0.28,"",5,15.6,35,44.9,22,22.0,29,28.7,480618,23.9,47497,27.6,2080,41.6,-87,-5.2
"06085","5","5415","76","0","2024","4","",3798,84642,84396,83975,7187112282,44363938,1389265,6555,"",1.27,4.82,4.82,4.84,3.55,5.29,4.54,0.74,"",43,1.1,2498,3.0,2633,3.2,2637,3.2,1296826505,22.0,8088805,22.3,358822,34.8,1012,18.3
"06085","5","54151","77","0","2024","4","",3798,84642,84396,83975,7187112282,44363938,1389265,6555,"",1.27,4.82,4.82,4.84,3.55,5.29,4.54,0.74,"",43,1.1,2498,3.0,2633,3.2,2637,3.2,1296826505,22.0,8088805,22.3,358822,34.8,1012,18.3
"06085","5","541511","78","0","2024","4","",2207,45907,45730,45373,4501332468,27519613,861031,7582,"",1.55,5.90,5.89,5.90,4.49,7.80,6.41,0.76,"",23,1.1,-958,-2.0,-880,-1.9,-929,-2.0,672981769,17.6,5153677,23.0,233256,37.2,1261,19.9
"06085","5","541512","78","0","2024","4","",1348,31164,31035,31024,2048580509,13193515,418268,5071,"",1.06,3.79,3.78,3.82,2.37,3.25,2.93,0.62,"",-3,-0.2,1760,6.0,1754,6.0,1898,6.5,412270982,25.2,1921154,17.0,86089,25.9,771,17.9
"06085","5","541513","78","0","2024","4","",38,4629,4682,4626,433211439,2196000,55569,7173,"",0.79,8.31,8.42,8.34,7.83,9.76,7.22,0.94,"",-5,-11.6,7,0.2,70,1.5,-32,-0.7,77049533,21.6,371510,20.4,14771,36.2,1257,21.2
"06085","5","541519","78","0","2024","4","",205,2942,2949,2952,203987866,1454810,54397,5323,"",0.83,2.99,3.00,3.02,2.00,2.55,2.59,0.67,"",28,15.8,1689,134.8,1689,134.0,1700,135.8,134524221,193.7,642464,79.1,24706,83.2,1065,25.0
"06085","5","5416","76","0","2024","4","",2096,9977,9995,9884,446539156,7677600,254124,3451,"",0.70,0.74,0.74,0.73,0.36,0.90,0.81,0.49,"",26,1.3,69,0.7,255,2.6,178,1.8,30161332,7.2,745919,10.8,33953,15.4,178,5.4
"06085","5","54161","77","0","2024","4","",1590,7148,7174,7077,326814492,5758309,195456,3524,"",0.64,0.64,0.64,0.63,0.32,0.82,0.75,0.50,"",44,2.8,430,6.4,561,8.5,463,7.0,35677910,12.3,476233,9.0,23763,13.8,155,4.6
"06085","5","541611","78","0","2024","4","",978,3973,3992,3902,204995760,3207037,103516,3986,"",0.77,0.65,0.65,0.63,0.32,0.86,0.77,0.50,"",40,4.3,331,9.1,413,11.5,305,8.5,23774571,13.1,120541,3.9,9431,10.0,120,3.1
"06085","5","541612","78","0","2024","4","",61,399,415,420,16630813,488094,14705,3110,"",0.51,0.59,0.61,0.63,0.29,1.17,0.90,0.47,"",4,7.0,74,22.8,97,30.5,83,24.6,3834326,30.0,87719,21.9,-4757,-24.4,97,3.2
"06085","5","541613","78","0","2024","4","",419,2099,2091,2069,79895656,1649228,62667,2946,"",0.62,0.90,0.91,0.90,0.44,1.05,1.02,0.49,"",4,1.0,-28,-1.3,-11,-0.5,17,0.8,3747673,4.9,201628,13.9,14867,31.1,148,5.3
"06085","5","541614","78","0","2024","4","",54,426,422,419,15869669,137344,5225,2890,"",0.38,0.36,0.36,0.35,0.21,0.20,0.21,0.58,"",0,0.0,29,7.3,25,6.3,17,4.2,2920966,22.6,-22983,-14.3,713,15.8,392,15.7
"06085","5","541618","78","0","2024","4","",78,251,254,267,9422594,276606,9343,2817,"",0.29,0.27,0.27,0.28,0.11,0.48,0.43,0.42,"",-4,-4.9,24,10.6,37,17.1,41,18.1,1400374,17.5,89328,47.7,3509,60.1,54,2.0
"06085","5","54162","77","0","2024","4","",46,188,186,181,7046369,85227,2735,2930,"",0.41,0.25,0.25,0.24,0.13,0.19,0.19,0.53,"",4,9.5,4,2.2,5,2.8,1,0.6,152766,2.2,18538,27.8,1120,69.3,11,0.4
"06085","5","541620","78","0","2024","4","",46,188,186,181,7046369,85227,2735,2930,"",0.41,0.25,0.25,0.24,0.13,0.19,0.19,0.53,"",4,9.5,4,2.2,5,2.8,1,0.6,152766,2.2,18538,27.8,1120,69.3,11,0.4
"06085","5","54169","77","0","2024","4","",460,2641,2635,2626,112678295,1834064,55933,3291,"",1.11,1.68,1.67,1.67,0.78,1.76,1.39,0.47,"",-22,-4.6,-365,-12.1,-311,-10.6,-286,-9.8,-5669344,-4.8,251148,15.9,9070,19.4,210,6.8
"06085","5","541690","78","0","2024","4","",460,2641,2635,2626,112678295,1834064,55933,3291,"",1.11,1.68,1.67,1.67,0.78,1.76,1.39,0.47,"",-22,-4.6,-365,-12.1,-311,-10.6,-286,-9.8,-5669344,-4.8,251148,15.9,9070,19.4,210,6.8
"06085","5","5417","76","0","2024","4","",733,26315,26139,25979,1647033731,9119379,298108,4846,"",1.75,3.97,3.95,3.92,2.12,4.06,4.02,0.54,"",1,0.1,340,1.3,155,0.6,-97,-0.4,-1353438,-0.1,-393570,-4.1,-2668,-0.9,-29,-0.6
"06085","5","54171","77","0","2024","4","",708,25898,25711,25567,1637547994,8796138,287842,4897,"",1.89,4.22,4.19,4.17,2.20,4.22,4.18,0.52,"",2,0.3,309,1.2,113,0.4,-124,-0.5,-1299954,-0.1,-380856,-4.2,-1740,-0.6,-22,-0.4
"06085","5","541713","78","0","2024","4","",26,219,218,208,9667879,91205,3675,3459,"",1.40,1.28,1.28,1.22,0.56,0.87,1.45,0.44,"",-3,-10.3,-92,-29.6,-77,-26.1,-90,-30.2,-2792573,-22.4,-162196,-64.0,-4974,-57.5,278,8.7
"06085","5","541714","78","0","2024","4","",226,3414,3389,3357,156167957,1718912,56020,3547,"",1.41,1.67,1.66,1.64,0.56,2.19,2.00,0.34,"",-3,-1.3,-485,-12.4,-489,-12.6,-501,-13.0,-23198657,-12.9,-251245,-12.8,-8337,-13.0,-11,-0.3
"06085","5","541715","78","0","2024","4","",456,22265,22104,22002,1471712158,6986021,228147,5117,"",2.32,5.67,5.63,5.61,3.28,5.86,5.95,0.58,"",8,1.8,886,4.1,679,3.2,467,2.2,24691276,1.7,32585,0.5,11571,5.3,-73,-1.4
"06085","5","54172","77","0","2024","4","",25,417,428,412,9485737,323241,10266,1741,"",0.56,0.86,0.88,0.85,0.28,2.00,1.98,0.33,"",-1,-3.8,31,8.0,42,10.9,27,7.0,-53484,-0.6,-12714,-3.8,-928,-8.3,-162,-8.5
"06085","5","541720","78","0","2024","4","",25,417,428,412,9485737,323241,10266,1741,"",0.56,0.86,0.88,0.85,0.28,2.00,1.98,0.33,"",-1,-3.8,31,8.0,42,10.9,27,7.0,-53484,-0.6,-12714,-3.8,-928,-8.3,-162,-8.5
"06085","5","5418","76","0","2024","4","",175,1859,1859,1858,72104157,931058,33249,2984,"",0.31,0.53,0.53,0.54,0.26,0.50,0.48,0.49,"",-3,-1.7,99,5.6,100,5.7,90,5.1,13348078,22.7,160338,20.8,11553,53.2,419,16.3
"06085","5","54181","77","0","2024","4","",76,515,516,520,28312210,330457,12887,4212,"",0.27,0.34,0.34,0.35,0.20,0.46,0.43,0.58,"",5,7.0,-1,-0.2,8,1.6,17,3.4,5152003,22.2,185281,127.6,8212,175.7,712,20.3
"06085","5","541810","78","0","2024","4","",76,515,516,520,28312210,330457,12887,4212,"",0.27,0.34,0.34,0.35,0.20,0.46,0.43,0.58,"",5,7.0,-1,-0.2,8,1.6,17,3.4,5152003,22.2,185281,127.6,8212,175.7,712,20.3
"06085","5","54182","77","0","2024","4","",32,154,150,134,5441826,29295,1209,2867,"",0.29,0.31,0.32,0.29,0.11,0.12,0.10,0.34,"",-4,-11.1,-6,-3.8,-8,-5.1,-25,-15.7,-1060844,-16.3,-40951,-58.3,-848,-41.2,-279,-8.9
"06085","5","541820","78","0","2024","4","",32,154,150,134,5441826,29295,1209,2867,"",0.29,0.31,0.32,0.29,0.11,0.12,0.10,0.34,"",-4,-11.1,-6,-3.8,-8,-5.1,-25,-15.7,-1060844,-16.3,-40951,-58.3,-848,-41.2,-279,-8.9
"06085","5","54183","77","0","2024","4","N",2,0,0,0,0,0,0,0,"N",0.18,0,0,0,0,0,0,0,"N",0,0.0,0,0,0,0,0,0,0,0,0,0,0,0,0,0
"06085","5","541830","78","0","2024","4","N",2,0,0,0,0,0,0,0,"N",0.18,0,0,0,0,0,0,0,"N",0,0.0,0,0,0,0,0,0,0,0,0,0,0,0,0,0
"06085","5","54184","77","0","2024","4","",16,188,193,198,14167289,151036,8949,5647,"",0.58,1.47,1.52,1.58,1.25,2.52,4.08,0.82,"",-2,-11.1,7,3.9,12,6.6,15,8.2,4700854,49.7,101372,204.1,6334,242.2,1639,40.9
"06085","5","541840","78","0","2024","4","",16,188,193,198,14167289,151036,8949,5647,"",0.58,1.47,1.52,1.58,1.25,2.52,4.08,0.82,"",-2,-11.1,7,3.9,12,6.6,15,8.2,4700854,49.7,101372,204.1,6334,242.2,1639,40.9
"06085","5","54185","77","0","2024","4","",7,33,35,35,1446982,21000,511,3242,"",0.33,0.15,0.16,0.16,0.12,0.16,0.13,0.73,"",0,0.0,8,32.0,13,59.1,12,52.2,461421,46.8,11092,111.9,138,37.0,-7,-0.2
"06085","5","541850","78","0","2024","4","",7,33,35,35,1446982,21000,511,3242,"",0.33,0.15,0.16,0.16,0.12,0.16,0.13,0.73,"",0,0.0,8,32.0,13,59.1,12,52.2,461421,46.8,11092,111.9,138,37.0,-7,-0.2
"06085","5","54186","77","0","2024","4","",7,55,49,52,942927,55135,868,1395,"",0.38,0.24,0.21,0.23,0.07,0.45,0.21,0.31,"",-2,-22.2,2,3.8,-4,-7.5,-2,-3.7,171130,22.2,39474,252.1,611,237.7,282,25.3
"06085","5","541860","78","0","2024","4","",7,55,49,52,942927,55135,868,1395,"",0.38,0.24,0.21,0.23,0.07,0.45,0.21,0.31,"",-2,-22.2,2,3.8,-4,-7.5,-2,-3.7,171130,22.2,39474,252.1,611,237.7,282,25.3
"06085","5","54187","77","0","2024","4","N",11,0,0,0,0,0,0,0,"N",0.36,0,0,0,0,0,0,0,"N",-3,-21.4,0,0,0,0,0,0,0,0,0,0,0,0,0,0
"06085","5","541870","78","0","2024","4","N",11,0,0,0,0,0,0,0,"N",0.36,0,0,0,0,0,0,0,"N",-3,-21.4,0,0,0,0,0,0,0,0,0,0,0,0,0,0
"06085","5","54189","77","0","2024","4","",24,840,843,848,18872106,327305,8296,1721,"",0.32,1.26,1.25,1.26,0.70,0.73,0.64,0.56,"",3,14.3,32,4.0,24,2.9,20,2.4,1401577,8.0,-132989,-28.9,-2671,-24.4,79,4.8
"06085","5","541890","78","0","2024","4","",24,840,843,848,18872106,327305,8296,1721,"",0.32,1.26,1.25,1.26,0.70,0.73,0.64,0.56,"",3,14.3,32,4.0,24,2.9,20,2.4,1401577,8.0,-132989,-28.9,-2671,-24.4,79,4.8
"06085","5","5419","76","0","2024","4","",419,3305,3280,3256,134122888,2187895,68836,3145,"",0.41,0.52,0.51,0.51,0.38,0.49,0.50,0.73,"",-5,-1.2,59,1.8,39,1.2,-8,-0.2,29413946,28.1,-128881,-5.6,-108,-0.2,667,26.9
"06085","5","54191","77","0","2024","4","",49,146,139,136,6101347,37446,1695,3344,"",0.65,0.29,0.28,0.28,0.15,0.17,0.20,0.53,"",-2,-3.9,-29,-16.6,-34,-19.7,-28,-17.1,-567300,-8.5,-48106,-56.2,-1733,-50.6,338,11.2
"06085","5","541910","78","0","2024","4","",49,146,139,136,6101347,37446,1695,3344,"",0.65,0.29,0.28,0.28,0.15,0.17,0.20,0.53,"",-2,-3.9,-29,-16.6,-34,-19.7,-28,-17.1,-567300,-8.5,-48106,-56.2,-1733,-50.6,338,11.2
"06085","5","54192","77","0","2024","4","",52,130,132,121,2968866,105347,4248,1789,"",0.43,0.35,0.35,0.31,0.24,0.30,0.25,0.71,"",-2,-3.7,-4,-3.0,-7,-5.0,-18,-12.9,-209821,-6.6,22646,27.4,862,25.5,9,0.5
"06085","5","541921","78","0","2024","4","",32,87,91,84,1885712,76041,3392,1661,"",0.37,0.30,0.31,0.28,0.23,0.27,0.23,0.78,"",-3,-8.6,-5,-5.4,-2,-2.2,-14,-14.3,-427370,-18.5,18038,31.1,833,32.6,-225,-11.9
"06085","5","541922","78","0","2024","4","",20,43,41,37,1083154,29306,856,2066,"",0.58,0.50,0.47,0.42,0.25,0.46,0.35,0.54,"",1,5.3,1,2.4,-5,-10.9,-4,-9.8,217549,25.1,4608,18.7,29,3.5,518,33.5
"06085","5","54193","77","0","2024","4","",37,145,134,144,2637719,92880,3474,1439,"",1.00,0.49,0.46,0.50,0.21,0.53,0.51,0.43,"",1,2.8,18,14.2,8,6.3,32,28.6,-760005,-22.4,48941,111.4,2191,170.8,-709,-33.0
"06085","5","541930","78","0","2024","4","",37,145,134,144,2637719,92880,3474,1439,"",1.00,0.49,0.46,0.50,0.21,0.53,0.51,0.43,"",1,2.8,18,14.2,8,6.3,32,28.6,-760005,-22.4,48941,111.4,2191,170.8,-709,-33.0
"06085","5","54194","77","0","2024","4","",124,1915,1937,1935,40482417,1190582,32288,1614,"",0.49,0.57,0.58,0.57,0.29,0.51,0.59,0.50,"",6,5.1,-2,-0.1,42,2.2,3,0.2,2322321,6.1,-60498,-4.8,1357,4.4,81,5.3
"06085","5","541940","78","0","2024","4","",124,1915,1937,1935,40482417,1190582,32288,1614,"",0.49,0.57,0.58,0.57,0.29,0.51,0.59,0.50,"",6,5.1,-2,-0.1,42,2.2,3,0.2,2322321,6.1,-60498,-4.8,1357,4.4,81,5.3
"06085","5","54199","77","0","2024","4","",157,969,938,920,81932539,761640,27131,6688,"",0.30,0.52,0.51,0.50,0.55,0.57,0.54,1.08,"",-8,-4.8,76,8.5,30,3.3,3,0.3,28628751,53.7,-91864,-10.8,-2785,-9.3,2162,47.8
"06085","5","541990","78","0","2024","4","",157,969,938,920,81932539,761640,27131,6688,"",0.30,0.52,0.51,0.50,0.55,0.57,0.54,1.08,"",-8,-4.8,76,8.5,30,3.3,3,0.3,28628751,53.7,-91864,-10.8,-2785,-9.3,2162,47.8
"06085","5","55","74","0","2024","4","",189,58482,58275,58402,10288176894,16950000,427245,13555,"",0.26,3.12,3.10,3.10,4.74,1.31,1.28,1.53,"",-12,-6.0,44097,306.5,43882,304.9,43930,303.6,9192683955,839.1,9212497,119.1,186580,77.5,7710,131.9
"06085","5","551","75","0","2024","4","",189,58482,58275,58402,10288176894,16950000,427245,13555,"",0.26,3.12,3.10,3.10,4.74,1.31,1.28,1.53,"",-12,-6.0,44097,306.5,43882,304.9,43930,303.6,9192683955,839.1,9212497,119.1,186580,77.5,7710,131.9
"06085","5","5511","76","0","2024","4","",189,58482,58275,58402,10288176894,16950000,427245,13555,"",0.26,3.12,3.10,3.10,4.74,1.31,1.28,1.53,"",-12,-6.0,44097,306.5,43882,304.9,43930,303.6,9192683955,839.1,9212497,119.1,186580,77.5,7710,131.9
"06085","5","55111","77","0","2024","4","",189,58482,58275,58402,10288176894,16950000,427245,13555,"",0.26,3.12,3.10,3.10,4.74,1.31,1.28,1.53,"",-12,-6.0,44097,306.5,43882,304.9,43930,303.6,9192683955,839.1,9212497,119.1,186580,77.5,7710,131.9
"06085","5","551111","78","0","2024","4","N",1,0,0,0,0,0,0,0,"N",0.14,0,0,0,0,0,0,0,"N",-1,-50.0,0,0,0,0,0,0,0,0,0,0,0,0,0,0
"06085","5","551112","78","0","2024","4","N",29,0,0,0,0,0,0,0,"N",0.26,0,0,0,0,0,0,0,"N",0,0.0,0,0,0,0,0,0,0,0,0,0,0,0,0,0
"06085","5","551114","78","0","2024","4","",159,58362,58156,58282,10283299620,16879252,424966,13576,"",0.27,3.23,3.22,3.22,4.94,1.35,1.33,1.53,"",-11,-6.5,44109,309.5,43897,307.9,43952,306.7,9192905435,843.1,9247407,121.2,187305,78.8,7703,131.2
"06085","5","56","74","0","2024","4","",2572,57198,57464,56546,1068580752,66375184,2769578,1440,"",0.52,0.86,0.87,0.87,0.38,1.08,1.17,0.44,"",-45,-1.7,-3935,-6.4,-3561,-5.8,-4104,-6.8,-110952963,-9.4,-7564696,-10.2,-172933,-5.9,-49,-3.3
"06085","5","561","75","0","2024","4","",2450,53498,53771,52855,969062552,64701238,2712684,1397,"",0.53,0.85,0.86,0.86,0.38,1.10,1.19,0.44,"",-50,-2.0,-3942,-6.9,-3602,-6.3,-4154,-7.3,-120834540,-11.1,-7095382,-9.9,-168219,-5.8,-67,-4.6
"06085","5","5611","76","0","2024","4","",205,1404,1424,1414,72088855,700177,19646,3922,"",0.34,0.31,0.32,0.31,0.20,0.29,0.25,0.65,"",-7,-3.3,-253,-15.3,-240,-14.4,-207,-12.8,6398130,9.7,-476369,-40.5,-18004,-47.8,855,27.9
"06085","5","56111","77","0","2024","4","",205,1404,1424,1414,72088855,700177,19646,3922,"",0.34,0.31,0.32,0.31,0.20,0.29,0.25,0.65,"",-7,-3.3,-253,-15.3,-240,-14.4,-207,-12.8,6398130,9.7,-476369,-40.5,-18004,-47.8,855,27.9
"06085","5","561110","78","0","2024","4","",205,1404,1424,1414,72088855,700177,19646,3922,"",0.34,0.31,0.32,0.31,0.20,0.29,0.25,0.65,"",-7,-3.3,-253,-15.3,-240,-14.4,-207,-12.8,6398130,9.7,-476369,-40.5,-18004,-47.8,855,27.9
"06085","5","5612","76","0","2024","4","",36,2652,2637,2639,43151899,1815349,50440,1256,"",0.63,2.08,2.08,2.08,0.75,2.26,1.92,0.36,"",3,9.1,1100,70.9,1087,70.1,1084,69.7,22200029,106.0,695631,62.1,18268,56.8,218,21.0
"06085","5","56121","77","0","2024","4","",36,2652,2637,2639,43151899,1815349,50440,1256,"",0.63,2.08,2.08,2.08,0.75,2.26,1.92,0.36,"",3,9.1,1100,70.9,1087,70.1,1084,69.7,22200029,106.0,695631,62.1,18268,56.8,218,21.0
"06085","5","561210","78","0","2024","4","",36,2652,2637,2639,43151899,1815349,50440,1256,"",0.63,2.08,2.08,2.08,0.75,2.26,1.92,0.36,"",3,9.1,1100,70.9,1087,70.1,1084,69.7,22200029,106.0,695631,62.1,18268,56.8,218,21.0
"06085","5","5613","76","0","2024","4","",403,18606,19062,18583,370347627,38327483,1960362,1519,"",0.37,0.77,0.79,0.77,0.39,1.25,1.55,0.50,"",-36,-8.2,-1354,-6.8,-1143,-5.7,-1470,-7.3,-9923307,-2.6,-2538883,-6.2,-60350,-3.0,62,4.3
"06085","5","56131","77","0","2024","4","",100,1159,1265,1191,36728699,2790581,114489,2345,"",0.39,0.55,0.60,0.57,0.32,1.22,1.11,0.55,"",-3,-2.9,12,1.0,-33,-2.5,-55,-4.4,-840746,-2.2,-197323,-6.6,3136,2.8,-4,-0.2
"06085","5","561311","78","0","2024","4","",73,1012,1119,1041,26070319,2699322,110484,1897,"",0.37,0.56,0.61,0.57,0.31,1.31,1.19,0.53,"",-1,-1.4,36,3.7,-11,-1.0,-30,-2.8,436572,1.7,-162077,-5.7,2889,2.7,35,1.9
"06085","5","561312","78","0","2024","4","",27,147,146,150,10658380,91259,4005,5552,"",0.42,0.53,0.52,0.54,0.34,0.41,0.37,0.65,"",-2,-6.9,-24,-14.0,-22,-13.1,-25,-14.3,-1277318,-10.7,-35246,-27.9,247,6.6,193,3.6
"06085","5","56132","77","0","2024","4","",254,16231,16538,16152,305337354,33852608,1768508,1440,"",0.37,0.86,0.87,0.86,0.46,1.31,1.68,0.54,"",-25,-9.0,-1545,-8.7,-1307,-7.3,-1614,-9.1,-10947317,-3.5,-2905571,-7.9,-87249,-4.7,73,5.3
"06085","5","561320","78","0","2024","4","",254,16231,16538,16152,305337354,33852608,1768508,1440,"",0.37,0.86,0.87,0.86,0.46,1.31,1.68,0.54,"",-25,-9.0,-1545,-8.7,-1307,-7.3,-1614,-9.1,-10947317,-3.5,-2905571,-7.9,-87249,-4.7,73,5.3
"06085","5","56133","77","0","2024","4","",49,1216,1259,1240,28281574,1684294,77365,1757,"",0.35,0.40,0.41,0.40,0.16,0.63,0.72,0.40,"",-8,-14.0,179,17.3,197,18.5,199,19.1,1864756,7.1,564011,50.3,23763,44.3,-184,-9.5
"06085","5","561330","78","0","2024","4","",49,1216,1259,1240,28281574,1684294,77365,1757,"",0.35,0.40,0.41,0.40,0.16,0.63,0.72,0.40,"",-8,-14.0,179,17.3,197,18.5,199,19.1,1864756,7.1,564011,50.3,23763,44.3,-184,-9.5
"06085","5","5614","76","0","2024","4","",189,917,924,912,19535723,512799,13671,1638,"",0.43,0.19,0.19,0.18,0.09,0.15,0.12,0.46,"",-1,-0.5,-193,-17.4,-172,-15.7,-167,-15.5,-7312588,-27.2,-112575,-18.0,-2139,-13.5,-248,-13.1
"06085","5","56141","77","0","2024","4","",12,46,45,45,473413,39158,734,803,"",0.22,0.17,0.17,0.17,0.04,0.23,0.16,0.26,"",1,9.1,-5,-9.8,-8,-15.1,-10,-18.2,-28939,-5.8,-29239,-42.7,-1332,-64.5,74,10.2
"06085","5","561410","78","0","2024","4","",12,46,45,45,473413,39158,734,803,"",0.22,0.17,0.17,0.17,0.04,0.23,0.16,0.26,"",1,9.1,-5,-9.8,-8,-15.1,-10,-18.2,-28939,-5.8,-29239,-42.7,-1332,-64.5,74,10.2
"06085","5","56142","77","0","2024","4","",14,140,141,143,5985565,16849,718,3258,"",0.13,0.06,0.05,0.06,0.06,0.01,0.01,1.07,"",-2,-12.5,-34,-19.5,-32,-18.5,-31,-17.8,-1394007,-18.9,-47168,-73.7,-534,-42.7,-11,-0.3
"06085","5","561421","78","0","2024","4","",4,21,22,22,237092,4646,152,842,"",0.17,0.08,0.09,0.09,0.02,0.02,0.03,0.27,"",-1,-20.0,-13,-38.2,-12,-35.3,-11,-33.3,-73627,-23.7,-4723,-50.4,-94,-38.2,132,18.6
"06085","5","561422","78","0","2024","4","",10,119,119,121,5748473,12203,566,3695,"",0.11,0.05,0.05,0.05,0.06,0.01,0.01,1.22,"",-1,-9.1,-21,-15.0,-20,-14.4,-20,-14.2,-1320380,-18.7,-42445,-77.7,-440,-43.7,-189,-4.9
"06085","5","56143","77","0","2024","4","",108,460,468,472,5808912,319672,9228,958,"",1.33,0.84,0.85,0.85,0.31,0.85,0.84,0.37,"",1,0.9,-49,-9.6,-37,-7.3,-20,-4.1,-356705,-5.8,-65351,-17.0,-633,-6.4,13,1.4
"06085","5","561431","78","0","2024","4","",46,209,214,217,2137238,215116,6333,771,"",1.15,0.82,0.83,0.83,0.33,1.05,1.06,0.40,"",1,2.2,-11,-5.0,-4,-1.8,0,0.0,42647,2.0,-18844,-8.1,287,4.7,33,4.5
"06085","5","561439","78","0","2024","4","",62,251,254,255,3671674,104556,2895,1115,"",1.50,0.85,0.87,0.87,0.30,0.62,0.58,0.35,"",0,0.0,-38,-13.1,-33,-11.5,-20,-7.3,-399352,-9.8,-46507,-30.8,-920,-24.1,11,1.0
"06085","5","56144","77","0","2024","4","",10,18,17,12,1225217,0,0,6016,"",0.23,0.03,0.03,0.02,0.04,0.00,0.00,1.56,"",0,0.0,-10,-35.7,-11,-39.3,-15,-55.6,595688,94.6,-14614,-100.0,-497,-100.0,4266,243.8
"06085","5","561440","78","0","2024","4","",10,18,17,12,1225217,0,0,6016,"",0.23,0.03,0.03,0.02,0.04,0.00,0.00,1.56,"",0,0.0,-10,-35.7,-11,-39.3,-15,-55.6,595688,94.6,-14614,-100.0,-497,-100.0,4266,243.8
"06085","5","56145","77","0","2024","4","",4,46,44,44,1934130,4827,196,3331,"",0.43,0.30,0.28,0.28,0.11,0.10,0.12,0.37,"",-1,-20.0,-39,-45.9,-39,-47.0,-38,-46.3,-2183207,-53.0,-12633,-72.4,-254,-56.4,-470,-12.4
"06085","5","561450","78","0","2024","4","",4,46,44,44,1934130,4827,196,3331,"",0.43,0.30,0.28,0.28,0.11,0.10,0.12,0.37,"",-1,-20.0,-39,-45.9,-39,-47.0,-38,-46.3,-2183207,-53.0,-12633,-72.4,-254,-56.4,-470,-12.4
"06085","5","56149","77","0","2024","4","",41,207,209,196,4108486,132293,2795,1549,"",0.30,0.25,0.27,0.25,0.08,0.25,0.13,0.32,"",0,0.0,-56,-21.3,-45,-17.7,-53,-21.3,-3945418,-49.0,56430,74.4,1111,66.0,-877,-36.2
"06085","5","561492","78","0","2024","4","",11,33,33,32,651008,20193,456,1533,"",0.48,0.40,0.40,0.39,0.15,0.56,0.39,0.39,"",0,0.0,3,10.0,4,13.8,2,6.7,44192,7.3,16073,390.1,368,418.2,-40,-2.5
"06085","5","561499","78","0","2024","4","",30,174,176,164,3457478,112100,2339,1552,"",0.27,0.26,0.27,0.25,0.08,0.24,0.12,0.31,"",0,0.0,-59,-25.3,-49,-21.8,-55,-25.1,-3989610,-53.6,40357,56.3,743,46.6,-986,-38.8
"06085","5","5615","76","0","2024","4","",107,813,821,815,50160853,260152,6938,4727,"",0.66,0.60,0.61,0.61,0.52,0.35,0.29,0.86,"",0,0.0,-30,-3.6,-25,-3.0,-13,-1.6,12156724,32.0,-56247,-17.8,-2361,-25.4,1243,35.7
"06085","5","56151","77","0","2024","4","",86,741,749,748,47779551,216942,5858,4927,"",0.89,1.35,1.37,1.37,1.18,0.75,0.64,0.87,"",0,0.0,-22,-2.9,-17,-2.2,-6,-0.8,13097573,37.8,-50046,-18.7,-2037,-25.8,1421,40.5
"06085","5","561510","78","0","2024","4","",86,741,749,748,47779551,216942,5858,4927,"",0.89,1.35,1.37,1.37,1.18,0.75,0.64,0.87,"",0,0.0,-22,-2.9,-17,-2.2,-6,-0.8,13097573,37.8,-50046,-18.7,-2037,-25.8,1421,40.5
"06085","5","56152","77","0","2024","4","",3,15,14,14,204237,4916,86,1096,"",0.12,0.08,0.08,0.09,0.02,0.03,0.02,0.28,"",-1,-25.0,-4,-21.1,-3,-17.6,-2,-12.5,-83975,-29.1,-10924,-69.0,-319,-78.8,-183,-14.3
"06085","5","561520","78","0","2024","4","",3,15,14,14,204237,4916,86,1096,"",0.12,0.08,0.08,0.09,0.02,0.03,0.02,0.28,"",-1,-25.0,-4,-21.1,-3,-17.6,-2,-12.5,-83975,-29.1,-10924,-69.0,-319,-78.8,-183,-14.3
"06085","5","56159","77","0","2024","4","",18,57,58,53,2177065,38294,994,2990,"",0.43,0.09,0.09,0.09,0.05,0.12,0.10,0.52,"",1,5.9,-4,-6.6,-5,-7.9,-5,-8.6,-856874,-28.2,4723,14.1,-5,-0.5,-857,-22.3
"06085","5","561591","78","0","2024","4","N",2,0,0,0,0,0,0,0,"N",0.28,0,0,0,0,0,0,0,"N",0,0.0,0,0,0,0,0,0,0,0,0,0,0,0,0,0
"06085","5","561599","78","0","2024","4","N",16,0,0,0,0,0,0,0,"N",0.47,0,0,0,0,0,0,0,"N",1,6.7,0,0,0,0,0,0,0,0,0,0,0,0,0,0
"06085","5","5616","76","0","2024","4","",187,9393,9424,9304,141718762,9644705,301069,1163,"",0.67,1.23,1.24,1.25,0.56,1.61,1.45,0.45,"",-1,-0.5,-2018,-17.7,-1787,-15.9,-1813,-16.3,-121207964,-46.1,-1815974,-15.8,-59027,-16.4,-635,-35.3
"06085","5","56161","77","0","2024","4","",118,8772,8808,8667,125262626,9388417,292602,1101,"",0.69,1.35,1.37,1.37,0.66,1.76,1.55,0.49,"",9,8.3,-145,-1.6,75,0.9,35,0.4,7858742,6.7,-1502515,-13.8,-48654,-14.3,70,6.8
"06085","5","561611","78","0","2024","4","",21,206,201,199,1747154,125553,2485,665,"",0.51,0.69,0.67,0.68,0.12,0.63,0.32,0.18,"",-1,-4.5,6,3.0,11,5.8,2,1.0,92338,5.6,-85951,-40.6,-2728,-52.3,14,2.2
"06085","5","561612","78","0","2024","4","",94,8499,8540,8397,122264302,9222922,288993,1109,"",0.77,1.42,1.43,1.44,0.74,1.85,1.64,0.52,"",10,11.9,-139,-1.6,74,0.9,39,0.5,7916481,6.9,-1392068,-13.1,-45008,-13.5,73,7.0
"06085","5","561613","78","0","2024","4","",3,67,67,71,1251170,39942,1124,1408,"",0.47,0.36,0.36,0.38,0.15,0.28,0.28,0.42,"",0,0.0,-12,-15.2,-10,-13.0,-6,-7.8,-150077,-10.7,-24496,-38.0,-918,-45.0,20,1.4
"06085","5","56162","77","0","2024","4","",69,621,616,637,16456136,256288,8467,2026,"",0.63,0.55,0.54,0.56,0.25,0.39,0.43,0.46,"",-10,-12.7,-1873,-75.1,-1862,-75.1,-1848,-74.4,-129066706,-88.7,-313459,-55.0,-10373,-55.1,-2477,-55.0
"06085","5","561621","78","0","2024","4","",46,537,531,552,14712608,234385,7561,2096,"",0.58,0.53,0.52,0.54,0.24,0.40,0.43,0.46,"",-4,-8.0,-1863,-77.6,-1853,-77.7,-1842,-76.9,-128846070,-89.8,-270129,-53.5,-8844,-53.9,-2519,-54.6
"06085","5","561622","78","0","2024","4","",23,84,85,85,1743528,21903,906,1584,"",0.76,0.68,0.69,0.69,0.32,0.30,0.50,0.46,"",-6,-20.7,-10,-10.6,-9,-9.6,-6,-6.6,-220636,-11.2,-43330,-66.4,-1529,-62.8,-41,-2.5
"06085","5","5617","76","0","2024","4","",1222,18908,18718,18387,255445308,12957927,339026,1052,"",0.68,1.13,1.14,1.17,0.49,1.00,0.72,0.43,"",9,0.7,-1147,-5.7,-1277,-6.4,-1557,-7.8,-21906644,-7.9,-2651753,-17.0,-37545,-10.0,-15,-1.4
"06085","5","56171","77","0","2024","4","",66,844,841,826,15921178,526833,19897,1463,"",0.53,0.76,0.78,0.77,0.35,0.82,1.07,0.45,"",3,4.8,42,5.2,34,4.2,39,5.0,1482340,10.3,79968,17.9,5098,34.4,72,5.2
"06085","5","561710","78","0","2024","4","",66,844,841,826,15921178,526833,19897,1463,"",0.53,0.76,0.78,0.77,0.35,0.82,1.07,0.45,"",3,4.8,42,5.2,34,4.2,39,5.0,1482340,10.3,79968,17.9,5098,34.4,72,5.2
"06085","5","56172","77","0","2024","4","",508,10526,10467,10267,122583681,7954650,189997,905,"",0.86,1.37,1.36,1.35,0.66,1.29,1.07,0.49,"",2,0.4,-1025,-8.9,-1153,-9.9,-1378,-11.8,-22156653,-15.3,-1600245,-16.7,-30755,-13.9,-54,-5.6
"06085","5","561720","78","0","2024","4","",508,10526,10467,10267,122583681,7954650,189997,905,"",0.86,1.37,1.36,1.35,0.66,1.29,1.07,0.49,"",2,0.4,-1025,-8.9,-1153,-9.9,-1378,-11.8,-22156653,-15.3,-1600245,-16.7,-30755,-13.9,-54,-5.6
"06085","5","56173","77","0","2024","4","",512,6455,6350,6237,102913855,3825033,112640,1247,"",0.59,0.95,0.97,1.04,0.42,0.72,0.47,0.42,"",9,1.8,23,0.4,24,0.4,-29,-0.5,1135923,1.1,-916652,-19.3,-6984,-5.8,12,1.0
"06085","5","561730","78","0","2024","4","",512,6455,6350,6237,102913855,3825033,112640,1247,"",0.59,0.95,0.97,1.04,0.42,0.72,0.47,0.42,"",9,1.8,23,0.4,24,0.4,-29,-0.5,1135923,1.1,-916652,-19.3,-6984,-5.8,12,1.0
"06085","5","56174","77","0","2024","4","",29,120,116,115,1136872,101317,2731,747,"",0.59,0.46,0.45,0.45,0.13,0.48,0.43,0.28,"",0,0.0,12,11.1,19,19.6,18,18.6,93975,9.0,33655,49.7,1044,61.9,-50,-6.3
"06085","5","561740","78","0","2024","4","",29,120,116,115,1136872,101317,2731,747,"",0.59,0.46,0.45,0.45,0.13,0.48,0.43,0.28,"",0,0.0,12,11.1,19,19.6,18,18.6,93975,9.0,33655,49.7,1044,61.9,-50,-6.3
"06085","5","56179","77","0","2024","4","",107,963,944,942,12889722,550094,13761,1044,"",0.71,1.19,1.20,1.22,0.42,0.93,0.54,0.35,"",-5,-4.5,-199,-17.1,-201,-17.6,-207,-18.0,-2462229,-16.0,-248479,-31.1,-5948,-30.2,19,1.9
"06085","5","561790","78","0","2024","4","",107,963,944,942,12889722,550094,13761,1044,"",0.71,1.19,1.20,1.22,0.42,0.93,0.54,0.35,"",-5,-4.5,-199,-17.1,-201,-17.6,-207,-18.0,-2462229,-16.0,-248479,-31.1,-5948,-30.2,19,1.9
"06085","5","5619","76","0","2024","4","",101,805,761,801,16613525,482646,21532,1620,"",0.43,0.33,0.32,0.34,0.15,0.25,0.26,0.46,"",-17,-14.4,-47,-5.5,-45,-5.6,-11,-1.4,-1238920,-6.9,-139212,-22.4,-7061,-24.7,-48,-2.9
"06085","5","56191","77","0","2024","4","",13,39,39,37,1002483,22133,1045,2012,"",0.60,0.09,0.09,0.08,0.05,0.07,0.11,0.59,"",-4,-23.5,-20,-33.9,-19,-32.8,-20,-35.1,1085,0.1,-8520,-27.8,-443,-29.8,684,51.5
"06085","5","561910","78","0","2024","4","",13,39,39,37,1002483,22133,1045,2012,"",0.60,0.09,0.09,0.08,0.05,0.07,0.11,0.59,"",-4,-23.5,-20,-33.9,-19,-32.8,-20,-35.1,1085,0.1,-8520,-27.8,-443,-29.8,684,51.5
"06085","5","56192","77","0","2024","4","",26,103,90,127,1929618,105345,5334,1392,"",0.45,0.23,0.22,0.32,0.08,0.28,0.23,0.32,"",-4,-13.3,4,4.0,-10,-10.0,20,18.7,496236,34.6,-50433,-32.4,-1965,-26.9,311,28.8
"06085","5","561920","78","0","2024","4","",26,103,90,127,1929618,105345,5334,1392,"",0.45,0.23,0.22,0.32,0.08,0.28,0.23,0.32,"",-4,-13.3,4,4.0,-10,-10.0,20,18.7,496236,34.6,-50433,-32.4,-1965,-26.9,311,28.8
"06085","5","56199","77","0","2024","4","",62,663,632,637,13681424,355168,15153,1634,"",0.40,0.43,0.42,0.42,0.21,0.28,0.30,0.50,"",-9,-12.7,-31,-4.5,-16,-2.5,-11,-1.7,-1736241,-11.3,-80259,-18.4,-4653,-23.5,-154,-8.6
"06085","5","561990","78","0","2024","4","",62,663,632,637,13681424,355168,15153,1634,"",0.40,0.43,0.42,0.42,0.21,0.28,0.30,0.50,"",-9,-12.7,-31,-4.5,-16,-2.5,-11,-1.7,-1736241,-11.3,-80259,-18.4,-4653,-23.5,-154,-8.6
"06085","5","562","75","0","2024","4","",122,3700,3693,3691,99518200,1673946,56894,2072,"",0.46,1.00,1.00,1.00,0.45,0.68,0.65,0.45,"",5,4.3,7,0.2,41,1.1,50,1.4,9881577,11.0,-469314,-21.9,-4714,-7.7,189,10.0
"06085","5","5621","76","0","2024","4","",61,1847,1854,1842,52930777,547655,13471,2204,"",0.61,1.17,1.17,1.17,0.56,0.53,0.43,0.48,"",5,8.9,-38,-2.0,-15,-0.8,-22,-1.2,1975470,3.9,-238366,-30.3,-4984,-27.0,111,5.3
"06085","5","56211","77","0","2024","4","",61,1847,1854,1842,52930777,547655,13471,2204,"",0.61,1.17,1.17,1.17,0.56,0.53,0.43,0.48,"",5,8.9,-38,-2.0,-15,-0.8,-22,-1.2,1975470,3.9,-238366,-30.3,-4984,-27.0,111,5.3
"06085","5","562111","78","0","2024","4","",44,1713,1727,1712,50252114,510535,12054,2251,"",0.57,1.27,1.28,1.27,0.73,0.59,0.46,0.57,"",5,12.8,-34,-1.9,-17,-1.0,-13,-0.8,2735623,5.8,-184291,-26.5,-3738,-23.7,149,7.1
"06085","5","562112","78","0","2024","4","",6,69,67,73,1745065,7938,271,1927,"",1.08,0.74,0.72,0.77,0.09,0.19,0.17,0.13,"",1,20.0,-4,-5.5,-9,-11.8,-5,-6.4,-629385,-26.5,-27201,-77.4,-603,-69.0,-487,-20.2
"06085","5","562119","78","0","2024","4","",11,65,60,57,933598,29182,1146,1184,"",0.63,0.47,0.43,0.42,0.15,0.23,0.32,0.35,"",-1,-8.3,0,0.0,11,22.4,-4,-6.6,-130768,-12.3,-26874,-47.9,-643,-35.9,-220,-15.7
"06085","5","5622","76","0","2024","4","",19,795,803,815,21511017,377791,9553,2057,"",0.57,1.02,1.03,1.04,0.42,0.98,0.89,0.40,"",-3,-13.6,3,0.4,23,2.9,37,4.8,2891891,15.5,27376,7.8,247,2.7,229,12.5
"06085","5","56221","77","0","2024","4","",19,795,803,815,21511017,377791,9553,2057,"",0.57,1.02,1.03,1.04,0.42,0.98,0.89,0.40,"",-3,-13.6,3,0.4,23,2.9,37,4.8,2891891,15.5,27376,7.8,247,2.7,229,12.5
"06085","5","562211","78","0","2024","4","N",5,0,0,0,0,0,0,0,"N",0.49,0,0,0,0,0,0,0,"N",-1,-16.7,0,0,0,0,0,0,0,0,0,0,0,0,0,0
"06085","5","562212","78","0","2024","4","",10,289,301,309,9335867,161247,4729,2396,"",0.84,1.02,1.07,1.09,0.52,1.20,1.34,0.49,"N",0,0.0,0,0,0,0,0,0,0,0,0,0,0,0,0,0
"06085","5","562219","78","0","2024","4","N",4,0,0,0,0,0,0,0,"N",0.40,0,0,0,0,0,0,0,"N",-2,-33.3,0,0,0,0,0,0,0,0,0,0,0,0,0,0
"06085","5","5629","76","0","2024","4","",42,1058,1036,1034,25076406,748500,33870,1850,"",0.33,0.80,0.78,0.79,0.33,0.72,0.75,0.42,"",3,7.7,42,4.1,33,3.3,35,3.5,5014216,25.0,-258324,-25.7,23,0.1,316,20.6
"06085","5","56291","77","0","2024","4","",21,220,214,217,3368577,222471,7775,1194,"",0.33,0.31,0.30,0.31,0.08,0.38,0.27,0.25,"",2,10.5,-35,-13.7,-42,-16.4,-32,-12.9,-1424739,-29.7,-324129,-59.3,-8811,-53.1,-261,-17.9
"06085","5","562910","78","0","2024","4","",21,220,214,217,3368577,222471,7775,1194,"",0.33,0.31,0.30,0.31,0.08,0.38,0.27,0.25,"",2,10.5,-35,-13.7,-42,-16.4,-32,-12.9,-1424739,-29.7,-324129,-59.3,-8811,-53.1,-261,-17.9
"06085","5","56292","77","0","2024","4","",6,479,474,479,7290450,413072,21345,1175,"",0.47,2.59,2.58,2.59,0.77,3.35,5.21,0.30,"",0,0.0,19,4.1,22,4.9,29,6.4,569645,8.5,207197,100.6,14239,200.4,36,3.2
"06085","5","562920","78","0","2024","4","",6,479,474,479,7290450,413072,21345,1175,"",0.47,2.59,2.58,2.59,0.77,3.35,5.21,0.30,"",0,0.0,19,4.1,22,4.9,29,6.4,569645,8.5,207197,100.6,14239,200.4,36,3.2
"06085","5","56299","77","0","2024","4","",15,359,348,338,14417379,112957,4750,3184,"",0.29,0.84,0.82,0.80,0.65,0.34,0.40,0.80,"",1,7.1,58,19.3,53,18.0,38,12.7,5869310,68.7,-141392,-55.6,-5405,-53.2,982,44.6
"06085","5","562991","78","0","2024","4","N",10,0,0,0,0,0,0,0,"N",0.31,0,0,0,0,0,0,0,"N",-1,-9.1,0,0,0,0,0,0,0,0,0,0,0,0,0,0
"06085","5","562998","78","0","2024","4","N",5,0,0,0,0,0,0,0,"N",0.26,0,0,0,0,0,0,0,"N",2,66.7,0,0,0,0,0,0,0,0,0,0,0,0,0,0
"06085","5","61","74","0","2024","4","",1285,44928,45180,44621,1378789364,11606042,305513,2362,"",1.07,1.89,1.88,1.89,1.27,1.49,1.32,0.67,"",26,2.1,2545,6.0,2566,6.0,2308,5.5,103597394,8.1,-712903,-5.8,-6300,-2.0,51,2.2
"06085","5","611","75","0","2024","4","",1285,44928,45180,44621,1378789364,11606042,305513,2362,"",1.07,1.89,1.88,1.89,1.27,1.49,1.32,0.67,"",26,2.1,2545,6.0,2566,6.0,2308,5.5,103597394,8.1,-712903,-5.8,-6300,-2.0,51,2.2
"06085","5","6111","76","0","2024","4","",178,8911,8997,8981,168019375,2125051,54459,1442,"",1.14,1.24,1.24,1.25,0.61,0.80,0.81,0.49,"",-7,-3.8,212,2.4,198,2.3,183,2.1,5920388,3.7,-243674,-10.3,-4629,-7.8,19,1.3
"06085","5","61111","77","0","2024","4","",178,8911,8997,8981,168019375,2125051,54459,1442,"",1.14,1.24,1.24,1.25,0.61,0.80,0.81,0.49,"",-7,-3.8,212,2.4,198,2.3,183,2.1,5920388,3.7,-243674,-10.3,-4629,-7.8,19,1.3
"06085","5","611110","78","0","2024","4","",178,8911,8997,8981,168019375,2125051,54459,1442,"",1.14,1.24,1.24,1.25,0.61,0.80,0.81,0.49,"",-7,-3.8,212,2.4,198,2.3,183,2.1,5920388,3.7,-243674,-10.3,-4629,-7.8,19,1.3
"06085","5","6112","76","0","2024","4","N",3,0,0,0,0,0,0,0,"N",0.38,0,0,0,0,0,0,0,"N",-1,-25.0,0,0,0,0,0,0,0,0,0,0,0,0,0,0
"06085","5","61121","77","0","2024","4","N",3,0,0,0,0,0,0,0,"N",0.38,0,0,0,0,0,0,0,"N",-1,-25.0,0,0,0,0,0,0,0,0,0,0,0,0,0,0
"06085","5","611210","78","0","2024","4","N",3,0,0,0,0,0,0,0,"N",0.38,0,0,0,0,0,0,0,"N",-1,-25.0,0,0,0,0,0,0,0,0,0,0,0,0,0,0
"06085","5","6113","76","0","2024","4","N",33,0,0,0,0,0,0,0,"N",0.33,0,0,0,0,0,0,0,"N",2,6.5,0,0,0,0,0,0,0,0,0,0,0,0,0,0
"06085","5","61131","77","0","2024","4","N",33,0,0,0,0,0,0,0,"N",0.33,0,0,0,0,0,0,0,"N",2,6.5,0,0,0,0,0,0,0,0,0,0,0,0,0,0
"06085","5","611310","78","0","2024","4","N",33,0,0,0,0,0,0,0,"N",0.33,0,0,0,0,0,0,0,"N",2,6.5,0,0,0,0,0,0,0,0,0,0,0,0,0,0
"06085","5","6114","76","0","2024","4","",99,294,311,305,6902322,295251,9181,1750,"",0.69,0.52,0.55,0.54,0.16,0.96,0.81,0.31,"",4,4.2,-95,-24.4,-86,-21.7,-76,-19.9,-1852268,-21.2,38718,15.1,1327,16.9,19,1.1
"06085","5","61142","77","0","2024","4","",25,90,90,87,1011374,53083,1505,874,"",0.81,0.65,0.66,0.64,0.09,0.69,0.49,0.14,"N",-1,-3.8,0,0,0,0,0,0,0,0,0,0,0,0,0,0
"06085","5","611420","78","0","2024","4","",25,90,90,87,1011374,53083,1505,874,"",0.81,0.65,0.66,0.64,0.09,0.69,0.49,0.14,"N",-1,-3.8,0,0,0,0,0,0,0,0,0,0,0,0,0,0
"06085","5","61143","77","0","2024","4","",74,204,221,218,5890948,242168,7676,2114,"",0.67,0.51,0.55,0.55,0.20,1.12,0.99,0.37,"",6,8.8,-24,-10.5,-17,-7.1,-12,-5.2,-535433,-8.3,73508,43.6,2177,39.6,-17,-0.8
"06085","5","611430","78","0","2024","4","",74,204,221,218,5890948,242168,7676,2114,"",0.67,0.51,0.55,0.55,0.20,1.12,0.99,0.37,"",6,8.8,-24,-10.5,-17,-7.1,-12,-5.2,-535433,-8.3,73508,43.6,2177,39.6,-17,-0.8
"06085","5","6115","76","0","2024","4","",59,694,674,682,10837739,629642,21931,1220,"",0.68,0.74,0.72,0.74,0.26,1.03,1.04,0.35,"",3,5.4,41,6.3,34,5.3,80,13.3,855099,8.6,85237,15.7,6517,42.3,4,0.3
"06085","5","61151","77","0","2024","4","",59,694,674,682,10837739,629642,21931,1220,"",0.68,0.74,0.72,0.74,0.26,1.03,1.04,0.35,"",3,5.4,41,6.3,34,5.3,80,13.3,855099,8.6,85237,15.7,6517,42.3,4,0.3
"06085","5","611511","78","0","2024","4","",10,52,50,51,587195,35577,965,886,"",0.70,0.39,0.37,0.38,0.13,0.35,0.27,0.36,"",1,11.1,6,13.0,5,11.1,9,21.4,49701,9.2,8905,33.4,416,75.8,-47,-5.0
"06085","5","611512","78","0","2024","4","",8,57,49,52,584344,40805,840,853,"",0.62,0.28,0.24,0.25,0.05,0.32,0.23,0.20,"",2,33.3,10,21.3,2,4.3,3,6.1,56159,10.6,-27349,-40.1,-826,-49.6,1,0.1
"06085","5","611513","78","0","2024","4","",8,131,116,113,2379065,76485,1147,1525,"",0.67,1.03,0.91,0.91,0.43,0.78,0.36,0.45,"",0,0.0,6,4.8,-2,-1.7,25,28.4,-78696,-3.2,-26601,-25.8,-483,-29.6,-189,-11.0
"06085","5","611519","78","0","2024","4","",33,454,459,466,7287135,476775,18979,1219,"",0.69,0.97,0.99,1.01,0.36,1.66,1.77,0.37,"",0,0.0,19,4.4,29,6.7,43,10.2,827935,12.8,130282,37.6,7410,64.1,62,5.4
"06085","5","6116","76","0","2024","4","",714,7471,7474,7227,62529966,6333293,151484,651,"",1.51,1.93,1.92,1.88,0.80,2.67,2.00,0.42,"",10,1.4,485,6.9,448,6.4,372,5.4,5700495,10.0,-74231,-1.2,2152,1.4,23,3.7
"06085","5","61161","77","0","2024","4","",169,1737,1747,1713,13757751,1370391,34226,611,"",1.48,1.86,1.85,1.85,0.86,2.57,2.09,0.47,"",10,6.3,172,11.0,192,12.3,120,7.5,1600393,13.2,98086,7.7,2209,6.9,16,2.7
"06085","5","611610","78","0","2024","4","",169,1737,1747,1713,13757751,1370391,34226,611,"",1.48,1.86,1.85,1.85,0.86,2.57,2.09,0.47,"",10,6.3,172,11.0,192,12.3,120,7.5,1600393,13.2,98086,7.7,2209,6.9,16,2.7
"06085","5","61162","77","0","2024","4","",203,1988,1951,1914,15662574,1590321,38576,618,"",1.32,1.53,1.49,1.47,0.68,2.01,1.63,0.46,"",6,3.0,163,8.9,131,7.2,137,7.7,1613521,11.5,-51687,-3.1,3585,10.2,20,3.3
"06085","5","611620","78","0","2024","4","",203,1988,1951,1914,15662574,1590321,38576,618,"",1.32,1.53,1.49,1.47,0.68,2.01,1.63,0.46,"",6,3.0,163,8.9,131,7.2,137,7.7,1613521,11.5,-51687,-3.1,3585,10.2,20,3.3
"06085","5","61163","77","0","2024","4","",54,672,658,528,4418839,403455,7641,549,"",3.70,5.07,4.93,4.09,1.46,4.74,3.05,0.31,"",3,5.9,34,5.3,26,4.1,13,2.5,985134,28.7,-129636,-24.3,-4047,-34.6,105,23.6
"06085","5","611630","78","0","2024","4","",54,672,658,528,4418839,403455,7641,549,"",3.70,5.07,4.93,4.09,1.46,4.74,3.05,0.31,"",3,5.9,34,5.3,26,4.1,13,2.5,985134,28.7,-129636,-24.3,-4047,-34.6,105,23.6
"06085","5","61169","77","0","2024","4","",288,3074,3118,3072,28690802,2969126,71041,715,"",1.52,2.06,2.06,2.06,0.78,3.08,2.14,0.38,"",-9,-3.0,116,3.9,99,3.3,102,3.4,1501447,5.5,9006,0.3,405,0.6,14,2.0
"06085","5","611691","78","0","2024","4","",195,2186,2225,2201,21328616,2332216,56160,744,"",2.39,2.85,2.84,2.84,1.23,5.11,3.30,0.43,"",-11,-5.3,-3,-0.1,-24,-1.1,-13,-0.6,761232,3.7,-59416,-2.5,-1928,-3.3,30,4.2
"06085","5","611692","78","0","2024","4","",20,129,122,102,927548,54244,1628,606,"",1.01,1.09,1.03,0.88,0.37,0.62,0.67,0.37,"",-2,-9.1,1,0.8,2,1.7,-2,-1.9,-81654,-8.1,-83314,-60.6,-2067,-55.9,-56,-8.5
"06085","5","611699","78","0","2024","4","",73,759,771,769,6434638,582666,13253,646,"",0.83,1.25,1.26,1.28,0.38,1.39,0.96,0.30,"",4,5.8,118,18.4,121,18.6,117,17.9,821869,14.6,151736,35.2,4400,49.7,-21,-3.1
"06085","5","6117","76","0","2024","4","",199,1832,1846,1747,49343167,1580321,49934,2099,"",0.86,1.23,1.22,1.16,0.67,1.65,1.47,0.56,"",15,8.2,104,6.0,76,4.3,-4,-0.2,682626,1.4,-217383,-12.1,-5470,-9.9,-40,-1.9
"06085","5","61171","77","0","2024","4","",199,1832,1846,1747,49343167,1580321,49934,2099,"",0.86,1.23,1.22,1.16,0.67,1.65,1.47,0.56,"",15,8.2,104,6.0,76,4.3,-4,-0.2,682626,1.4,-217383,-12.1,-5470,-9.9,-40,-1.9
"06085","5","611710","78","0","2024","4","",199,1832,1846,1747,49343167,1580321,49934,2099,"",0.86,1.23,1.22,1.16,0.67,1.65,1.47,0.56,"",15,8.2,104,6.0,76,4.3,-4,-0.2,682626,1.4,-217383,-12.1,-5470,-9.9,-40,-1.9
"06085","5","62","74","0","2024","4","",37429,153886,154189,154270,3566335119,80815369,2308665,1780,"",2.53,0.95,0.95,0.95,0.47,1.02,1.00,0.49,"",4913,15.1,9655,6.7,9770,6.8,8737,6.0,293500264,9.0,337233,0.4,114495,5.2,40,2.3
"06085","5","621","75","0","2024","4","",4760,52269,52444,52417,1421265287,38843512,1104313,2087,"",0.90,0.82,0.82,0.81,0.39,1.05,1.04,0.47,"",147,3.2,2565,5.2,3012,6.1,2449,4.9,119217564,9.2,1044799,2.8,108427,10.9,72,3.6
"06085","5","6211","76","0","2024","4","",1459,10909,10773,10685,442959289,6377572,170507,3158,"",0.85,0.51,0.50,0.50,0.24,0.64,0.64,0.48,"",31,2.2,682,6.7,507,4.9,372,3.6,57838733,15.0,697571,12.3,17208,11.2,273,9.5
"06085","5","62111","77","0","2024","4","",1459,10909,10773,10685,442959289,6377572,170507,3158,"",0.85,0.51,0.50,0.50,0.24,0.64,0.64,0.48,"",31,2.2,682,6.7,507,4.9,372,3.6,57838733,15.0,697571,12.3,17208,11.2,273,9.5
"06085","5","621111","78","0","2024","4","",1373,10368,10428,10350,432799821,6008180,158816,3207,"",0.86,0.50,0.50,0.49,0.24,0.63,0.63,0.48,"",27,2.0,654,6.7,673,6.9,566,5.8,59995985,16.1,818211,15.8,21113,15.3,266,9.0
"06085","5","621112","78","0","2024","4","",86,541,345,335,10159468,369392,11691,1920,"",0.74,0.89,0.56,0.55,0.28,0.93,0.87,0.42,"",4,4.9,28,5.5,-166,-32.5,-194,-36.7,-2157252,-17.5,-120640,-24.6,-3905,-25.0,90,4.9
"06085","5","6212","76","0","2024","4","",1488,9806,9816,9884,207910111,7498291,186719,1626,"",1.54,1.31,1.30,1.31,0.55,1.35,1.33,0.42,"",1,0.1,13,0.1,-6,-0.1,32,0.3,7120411,3.5,-329739,-4.2,-6578,-3.4,54,3.4
"06085","5","62121","77","0","2024","4","",1488,9806,9816,9884,207910111,7498291,186719,1626,"",1.54,1.31,1.30,1.31,0.55,1.35,1.33,0.42,"",1,0.1,13,0.1,-6,-0.1,32,0.3,7120411,3.5,-329739,-4.2,-6578,-3.4,54,3.4
"06085","5","621210","78","0","2024","4","",1488,9806,9816,9884,207910111,7498291,186719,1626,"",1.54,1.31,1.30,1.31,0.55,1.35,1.33,0.42,"",1,0.1,13,0.1,-6,-0.1,32,0.3,7120411,3.5,-329739,-4.2,-6578,-3.4,54,3.4
"06085","5","6213","76","0","2024","4","",1249,6491,6552,6458,115579515,5718610,154711,1368,"",0.84,0.72,0.72,0.71,0.33,0.82,0.75,0.46,"",129,11.5,544,9.1,544,9.1,447,7.4,11906902,11.5,-86204,-1.5,2725,1.8,36,2.7
"06085","5","62131","77","0","2024","4","",232,727,736,718,9665140,707851,20124,1023,"",0.83,0.69,0.70,0.68,0.28,0.84,1.01,0.41,"",4,1.8,42,6.1,57,8.4,42,6.2,681868,7.6,64297,10.0,4436,28.3,7,0.7
"06085","5","621310","78","0","2024","4","",232,727,736,718,9665140,707851,20124,1023,"",0.83,0.69,0.70,0.68,0.28,0.84,1.01,0.41,"",4,1.8,42,6.1,57,8.4,42,6.2,681868,7.6,64297,10.0,4436,28.3,7,0.7
"06085","5","62132","77","0","2024","4","",191,1138,1152,1154,16704177,790637,19838,1119,"",1.26,1.03,1.04,1.04,0.37,0.98,1.09,0.36,"",7,3.8,79,7.5,54,4.9,50,4.5,1025271,6.5,-173090,-18.0,-1623,-7.6,9,0.8
"06085","5","621320","78","0","2024","4","",191,1138,1152,1154,16704177,790637,19838,1119,"",1.26,1.03,1.04,1.04,0.37,0.98,1.09,0.36,"",7,3.8,79,7.5,54,4.9,50,4.5,1025271,6.5,-173090,-18.0,-1623,-7.6,9,0.8
"06085","5","62133","77","0","2024","4","",246,1321,1370,1361,20400819,1378757,39254,1162,"",0.71,0.70,0.72,0.71,0.29,0.84,0.65,0.41,"",50,25.5,202,18.1,192,16.3,180,15.2,3047546,17.6,90637,7.0,3455,9.7,11,1.0
"06085","5","621330","78","0","2024","4","",246,1321,1370,1361,20400819,1378757,39254,1162,"",0.71,0.70,0.72,0.71,0.29,0.84,0.65,0.41,"",50,25.5,202,18.1,192,16.3,180,15.2,3047546,17.6,90637,7.0,3455,9.7,11,1.0
"06085","5","62134","77","0","2024","4","",265,2170,2178,2131,35177538,1857599,45651,1253,"",0.71,0.61,0.60,0.59,0.26,0.76,0.67,0.43,"",21,8.6,73,3.5,108,5.2,82,4.0,2615436,8.0,-200582,-9.7,-6892,-13.1,44,3.6
"06085","5","621340","78","0","2024","4","",265,2170,2178,2131,35177538,1857599,45651,1253,"",0.71,0.61,0.60,0.59,0.26,0.76,0.67,0.43,"",21,8.6,73,3.5,108,5.2,82,4.0,2615436,8.0,-200582,-9.7,-6892,-13.1,44,3.6
"06085","5","62139","77","0","2024","4","",315,1135,1116,1094,33631841,983766,29844,2320,"",0.94,0.81,0.80,0.78,0.52,0.83,0.76,0.65,"",47,17.5,148,15.0,133,13.5,93,9.3,4536781,15.6,132534,15.6,3349,12.6,60,2.7
"06085","5","621391","78","0","2024","4","",33,99,94,100,2092910,59841,1111,1648,"",0.70,0.42,0.40,0.42,0.18,0.36,0.24,0.44,"",3,10.0,23,30.3,21,28.8,22,28.2,978948,87.9,5129,9.4,-196,-15.0,516,45.6
"06085","5","621399","78","0","2024","4","",282,1036,1022,994,31538931,923925,28733,2385,"",0.98,0.89,0.88,0.85,0.59,0.90,0.84,0.68,"",44,18.5,125,13.7,112,12.3,71,7.7,3557833,12.7,127405,16.0,3545,14.1,32,1.4
"06085","5","6214","76","0","2024","4","",232,13184,13258,13302,486765130,2836620,72969,2826,"",0.62,1.60,1.60,1.60,0.98,0.87,0.76,0.61,"",3,1.3,130,1.0,175,1.3,168,1.3,28150876,6.1,-491442,-14.8,-1719,-2.3,131,4.9
"06085","5","62141","77","0","2024","4","",20,154,155,152,4042177,32647,1110,2023,"",0.91,0.71,0.71,0.70,0.38,0.35,0.37,0.54,"",4,25.0,-11,-6.7,-8,-4.9,-25,-14.1,-581823,-12.6,-152386,-82.4,-4944,-81.7,-90,-4.3
"06085","5","621410","78","0","2024","4","",20,154,155,152,4042177,32647,1110,2023,"",0.91,0.71,0.71,0.70,0.38,0.35,0.37,0.54,"",4,25.0,-11,-6.7,-8,-4.9,-25,-14.1,-581823,-12.6,-152386,-82.4,-4944,-81.7,-90,-4.3
"06085","5","62142","77","0","2024","4","",50,1672,1671,1690,39198594,838389,34587,1797,"",0.39,0.74,0.73,0.74,0.42,0.77,0.96,0.57,"",3,6.4,-12,-0.7,-26,-1.5,18,1.1,3450648,9.7,137259,19.6,9536,38.1,164,10.0
"06085","5","621420","78","0","2024","4","",50,1672,1671,1690,39198594,838389,34587,1797,"",0.39,0.74,0.73,0.74,0.42,0.77,0.96,0.57,"",3,6.4,-12,-0.7,-26,-1.5,18,1.1,3450648,9.7,137259,19.6,9536,38.1,164,10.0
"06085","5","62149","77","0","2024","4","",162,11358,11432,11460,443524359,1965584,37272,2988,"",0.72,1.98,1.98,1.98,1.13,0.94,0.65,0.57,"",-4,-2.4,153,1.4,209,1.9,175,1.6,25282051,6.0,-476315,-19.5,-6311,-14.5,125,4.4
"06085","5","621491","78","0","2024","4","",62,8637,8662,8686,378360000,1339472,20423,3360,"",3.04,5.11,5.12,5.12,2.41,10.36,5.19,0.47,"",2,3.3,75,0.9,87,1.0,89,1.0,18879338,5.3,-351955,-20.8,-5377,-20.8,136,4.2
"06085","5","621492","78","0","2024","4","",29,535,538,547,12365280,248071,5366,1761,"",0.51,0.58,0.58,0.59,0.25,0.53,0.54,0.42,"",-5,-14.7,-37,-6.5,-22,-3.9,-22,-3.9,1607874,14.9,28365,12.9,1046,24.2,302,20.7
"06085","5","621493","78","0","2024","4","",33,1759,1791,1787,42636499,255775,8053,1844,"",0.51,1.36,1.38,1.37,0.60,0.34,0.36,0.44,"",6,22.2,173,10.9,179,11.1,141,8.6,5953734,16.2,-126831,-33.1,-1276,-13.7,96,5.5
"06085","5","621498","78","0","2024","4","",38,427,441,440,10162580,122266,3430,1793,"",0.45,0.23,0.24,0.24,0.09,0.17,0.16,0.38,"",-7,-15.6,-58,-12.0,-35,-7.4,-33,-7.0,-1158895,-10.2,-25894,-17.5,-704,-17.0,-29,-1.6
"06085","5","6215","76","0","2024","4","",113,1287,1286,1262,42244663,430434,11794,2542,"",0.54,0.58,0.58,0.57,0.33,0.34,0.35,0.57,"",-12,-9.6,-92,-6.7,-80,-5.9,-86,-6.4,-6551906,-13.4,-96239,-18.3,-3169,-21.2,-209,-7.6
"06085","5","62151","77","0","2024","4","",113,1287,1286,1262,42244663,430434,11794,2542,"",0.54,0.58,0.58,0.57,0.33,0.34,0.35,0.57,"",-12,-9.6,-92,-6.7,-80,-5.9,-86,-6.4,-6551906,-13.4,-96239,-18.3,-3169,-21.2,-209,-7.6
"06085","5","621511","78","0","2024","4","",74,1050,1050,1031,36894103,281051,7354,2719,"",0.48,0.65,0.65,0.64,0.41,0.31,0.31,0.63,"",-9,-10.8,-68,-6.1,-61,-5.5,-88,-7.9,-4913359,-11.8,-62828,-18.3,-2287,-23.7,-163,-5.7
"06085","5","621512","78","0","2024","4","",39,237,236,231,5350560,149383,4440,1754,"",0.73,0.38,0.38,0.37,0.14,0.43,0.45,0.37,"",-3,-7.1,-24,-9.2,-19,-7.5,2,0.9,-1638547,-23.4,-33411,-18.3,-882,-16.6,-411,-19.0
"06085","5","6216","76","0","2024","4","",170,9699,9845,9896,101123016,15195274,488892,793,"",0.46,0.75,0.75,0.75,0.27,1.83,1.77,0.36,"",-5,-2.9,1196,14.1,1796,22.3,1435,17.0,16283361,19.2,1342263,9.7,102509,26.5,10,1.3
"06085","5","62161","77","0","2024","4","",170,9699,9845,9896,101123016,15195274,488892,793,"",0.46,0.75,0.75,0.75,0.27,1.83,1.77,0.36,"",-5,-2.9,1196,14.1,1796,22.3,1435,17.0,16283361,19.2,1342263,9.7,102509,26.5,10,1.3
"06085","5","621610","78","0","2024","4","",170,9699,9845,9896,101123016,15195274,488892,793,"",0.46,0.75,0.75,0.75,0.27,1.83,1.77,0.36,"",-5,-2.9,1196,14.1,1796,22.3,1435,17.0,16283361,19.2,1342263,9.7,102509,26.5,10,1.3
"06085","5","6219","76","0","2024","4","",49,893,914,930,24683563,786711,18721,2081,"",0.32,0.34,0.35,0.36,0.20,0.52,0.42,0.57,"",0,0.0,92,11.5,76,9.1,81,9.5,4469187,22.1,8589,1.1,-2549,-12.0,206,11.0
"06085","5","62191","77","0","2024","4","",11,658,678,695,17395055,675926,14899,1976,"",0.27,0.53,0.54,0.56,0.32,0.85,0.72,0.60,"",-1,-8.3,89,15.6,79,13.2,82,13.4,3087814,21.6,88920,15.1,1012,7.3,122,6.6
"06085","5","621910","78","0","2024","4","",11,658,678,695,17395055,675926,14899,1976,"",0.27,0.53,0.54,0.56,0.32,0.85,0.72,0.60,"",-1,-8.3,89,15.6,79,13.2,82,13.4,3087814,21.6,88920,15.1,1012,7.3,122,6.6
"06085","5","62199","77","0","2024","4","",38,235,236,235,7288508,110785,3822,2382,"",0.34,0.17,0.17,0.17,0.10,0.15,0.16,0.60,"",1,2.7,3,1.3,-3,-1.3,-1,-0.4,1381373,23.4,-80331,-42.0,-3561,-48.2,454,23.5
"06085","5","621991","78","0","2024","4","N",2,0,0,0,0,0,0,0,"N",0.11,0,0,0,0,0,0,0,"N",0,0.0,0,0,0,0,0,0,0,0,0,0,0,0,0,0
"06085","5","621999","78","0","2024","4","N",36,0,0,0,0,0,0,0,"N",0.38,0,0,0,0,0,0,0,"N",1,2.9,0,0,0,0,0,0,0,0,0,0,0,0,0,0
"06085","5","622","75","0","2024","4","",20,36856,36876,37009,1495655625,1035544,21057,3117,"",0.17,0.93,0.93,0.93,0.64,0.23,0.24,0.68,"",0,0.0,1548,4.4,1448,4.1,1157,3.2,109631619,7.9,-488935,-32.1,-9478,-31.0,116,3.9
"06085","5","6221","76","0","2024","4","",14,35524,35554,35697,1464989170,604002,9837,3166,"",0.16,0.97,0.97,0.97,0.67,0.17,0.15,0.69,"",0,0.0,1541,4.5,1437,4.2,1153,3.3,107669463,7.9,-467363,-43.6,-7558,-43.4,114,3.7
"06085","5","62211","77","0","2024","4","",14,35524,35554,35697,1464989170,604002,9837,3166,"",0.16,0.97,0.97,0.97,0.67,0.17,0.15,0.69,"",0,0.0,1541,4.5,1437,4.2,1153,3.3,107669463,7.9,-467363,-43.6,-7558,-43.4,114,3.7
"06085","5","622110","78","0","2024","4","",14,35524,35554,35697,1464989170,604002,9837,3166,"",0.16,0.97,0.97,0.97,0.67,0.17,0.15,0.69,"",0,0.0,1541,4.5,1437,4.2,1153,3.3,107669463,7.9,-467363,-43.6,-7558,-43.4,114,3.7
"06085","5","6222","76","0","2024","4","N",2,0,0,0,0,0,0,0,"N",0.18,0,0,0,0,0,0,0,"N",0,0.0,0,0,0,0,0,0,0,0,0,0,0,0,0,0
"06085","5","62221","77","0","2024","4","N",2,0,0,0,0,0,0,0,"N",0.18,0,0,0,0,0,0,0,"N",0,0.0,0,0,0,0,0,0,0,0,0,0,0,0,0,0
"06085","5","622210","78","0","2024","4","N",2,0,0,0,0,0,0,0,"N",0.18,0,0,0,0,0,0,0,"N",0,0.0,0,0,0,0,0,0,0,0,0,0,0,0,0,0
"06085","5","6223","76","0","2024","4","N",4,0,0,0,0,0,0,0,"N",0.21,0,0,0,0,0,0,0,"N",0,0.0,0,0,0,0,0,0,0,0,0,0,0,0,0,0
"06085","5","62231","77","0","2024","4","N",4,0,0,0,0,0,0,0,"N",0.21,0,0,0,0,0,0,0,"N",0,0.0,0,0,0,0,0,0,0,0,0,0,0,0,0,0
"06085","5","622310","78","0","2024","4","N",4,0,0,0,0,0,0,0,"N",0.21,0,0,0,0,0,0,0,"N",0,0.0,0,0,0,0,0,0,0,0,0,0,0,0,0,0
"06085","5","623","75","0","2024","4","",399,14201,14206,14328,214215183,10190096,250368,1157,"",0.61,0.59,0.59,0.59,0.27,0.62,0.56,0.46,"",-3,-0.7,525,3.8,437,3.2,489,3.5,9638685,4.7,-283476,-2.7,-4364,-1.7,13,1.1
"06085","5","6231","76","0","2024","4","",60,5712,5709,5780,92459541,5183390,115007,1240,"",0.42,0.52,0.52,0.53,0.25,0.65,0.53,0.47,"",-11,-15.5,442,8.4,383,7.2,369,6.8,10013401,12.1,338244,7.0,16758,17.1,51,4.3
"06085","5","62311","77","0","2024","4","",60,5712,5709,5780,92459541,5183390,115007,1240,"",0.42,0.52,0.52,0.53,0.25,0.65,0.53,0.47,"",-11,-15.5,442,8.4,383,7.2,369,6.8,10013401,12.1,338244,7.0,16758,17.1,51,4.3
"06085","5","623110","78","0","2024","4","",60,5712,5709,5780,92459541,5183390,115007,1240,"",0.42,0.52,0.52,0.53,0.25,0.65,0.53,0.47,"",-11,-15.5,442,8.4,383,7.2,369,6.8,10013401,12.1,338244,7.0,16758,17.1,51,4.3
"06085","5","6232","76","0","2024","4","",100,2284,2285,2292,36901441,1062760,32132,1241,"",0.40,0.47,0.47,0.47,0.23,0.45,0.52,0.48,"",-5,-4.8,-362,-13.7,-394,-14.7,-370,-13.9,-8091047,-18.0,-653320,-38.1,-23144,-41.9,-59,-4.5
"06085","5","62321","77","0","2024","4","",65,1295,1295,1285,19988468,433726,9500,1190,"",0.37,0.44,0.44,0.43,0.22,0.33,0.32,0.49,"",-4,-5.8,-342,-20.9,-355,-21.5,-345,-21.2,-5469777,-21.5,-642918,-59.7,-24659,-72.2,-5,-0.4
"06085","5","623210","78","0","2024","4","",65,1295,1295,1285,19988468,433726,9500,1190,"",0.37,0.44,0.44,0.43,0.22,0.33,0.32,0.49,"",-4,-5.8,-342,-20.9,-355,-21.5,-345,-21.2,-5469777,-21.5,-642918,-59.7,-24659,-72.2,-5,-0.4
"06085","5","62322","77","0","2024","4","",35,989,990,1007,16912973,629034,22632,1307,"",0.48,0.52,0.52,0.53,0.24,0.61,0.70,0.46,"",-1,-2.8,-20,-2.0,-39,-3.8,-25,-2.4,-2621270,-13.4,-10402,-1.6,1515,7.2,-161,-11.0
"06085","5","623220","78","0","2024","4","",35,989,990,1007,16912973,629034,22632,1307,"",0.48,0.52,0.52,0.53,0.24,0.61,0.70,0.46,"",-1,-2.8,-20,-2.0,-39,-3.8,-25,-2.4,-2621270,-13.4,-10402,-1.6,1515,7.2,-161,-11.0
"06085","5","6233","76","0","2024","4","",210,5971,5986,6019,81770677,3802128,99125,1050,"",1.01,0.84,0.84,0.84,0.40,0.69,0.64,0.48,"",14,7.1,440,8.0,449,8.1,481,8.7,7573027,10.2,3675,0.1,1244,1.3,19,1.8
"06085","5","62331","77","0","2024","4","",210,5971,5986,6019,81770677,3802128,99125,1050,"",1.01,0.84,0.84,0.84,0.40,0.69,0.64,0.48,"",14,7.1,440,8.0,449,8.1,481,8.7,7573027,10.2,3675,0.1,1244,1.3,19,1.8
"06085","5","623311","78","0","2024","4","",30,2856,2876,2932,45339855,939262,20881,1208,"",0.58,0.82,0.82,0.83,0.43,0.44,0.38,0.53,"",2,7.1,82,3.0,96,3.5,128,4.6,1820239,4.2,-50069,-5.1,-661,-3.1,6,0.5
"06085","5","623312","78","0","2024","4","",180,3115,3110,3087,36430822,2862866,78244,903,"",1.16,0.87,0.86,0.85,0.37,0.84,0.77,0.43,"",12,7.1,358,13.0,353,12.8,353,12.9,5752788,18.8,53744,1.9,1905,2.5,45,5.2
"06085","5","6239","76","0","2024","4","",29,234,226,237,3083524,141818,4104,1021,"",0.54,0.20,0.19,0.20,0.08,0.21,0.25,0.39,"",-1,-3.3,5,2.2,-1,-0.4,9,3.9,143304,4.9,27925,24.5,778,23.4,29,2.9
"06085","5","62399","77","0","2024","4","",29,234,226,237,3083524,141818,4104,1021,"",0.54,0.20,0.19,0.20,0.08,0.21,0.25,0.39,"",-1,-3.3,5,2.2,-1,-0.4,9,3.9,143304,4.9,27925,24.5,778,23.4,29,2.9
"06085","5","623990","78","0","2024","4","",29,234,226,237,3083524,141818,4104,1021,"",0.54,0.20,0.19,0.20,0.08,0.21,0.25,0.39,"",-1,-3.3,5,2.2,-1,-0.4,9,3.9,143304,4.9,27925,24.5,778,23.4,29,2.9
"06085","5","624","75","0","2024","4","",32250,50560,50663,50516,435199024,30746217,932927,662,"",3.69,1.48,1.48,1.47,0.51,1.44,1.32,0.35,"",4769,17.4,5017,11.0,4873,10.6,4642,10.1,55012396,14.5,64845,0.2,19910,2.2,23,3.6
"06085","5","6241","76","0","2024","4","",31383,41785,41913,41822,313854829,24961059,771615,577,"",3.92,1.79,1.79,1.78,0.57,1.76,1.56,0.32,"",4766,17.9,4839,13.1,4718,12.7,4589,12.3,48700251,18.4,317807,1.3,26530,3.6,28,5.1
"06085","5","62411","77","0","2024","4","",69,1800,1803,1839,28670061,720025,19129,1216,"",0.68,1.08,1.07,1.09,0.52,1.04,0.85,0.48,"",1,1.5,244,15.7,239,15.3,227,14.1,4561160,18.9,-113849,-13.7,-3176,-14.2,40,3.4
"06085","5","624110","78","0","2024","4","",69,1800,1803,1839,28670061,720025,19129,1216,"",0.68,1.08,1.07,1.09,0.52,1.04,0.85,0.48,"",1,1.5,244,15.7,239,15.3,227,14.1,4561160,18.9,-113849,-13.7,-3176,-14.2,40,3.4
"06085","5","62412","77","0","2024","4","",31149,37604,37654,37572,245425204,23042820,717070,502,"",4.11,2.10,2.10,2.09,0.68,2.02,1.80,0.33,"",4764,18.1,4223,12.7,4231,12.7,4137,12.4,36431404,17.4,581372,2.6,33362,4.9,21,4.4
"06085","5","624120","78","0","2024","4","",31149,37604,37654,37572,245425204,23042820,717070,502,"",4.11,2.10,2.10,2.09,0.68,2.02,1.80,0.33,"",4764,18.1,4223,12.7,4231,12.7,4137,12.4,36431404,17.4,581372,2.6,33362,4.9,21,4.4
"06085","5","62419","77","0","2024","4","",165,2381,2456,2411,39759564,1198214,35416,1266,"",0.51,0.63,0.64,0.63,0.29,0.57,0.48,0.45,"",1,0.6,372,18.5,248,11.2,225,10.3,7707687,24.0,-149716,-11.1,-3656,-9.4,111,9.6
"06085","5","624190","78","0","2024","4","",165,2381,2456,2411,39759564,1198214,35416,1266,"",0.51,0.63,0.64,0.63,0.29,0.57,0.48,0.45,"",1,0.6,372,18.5,248,11.2,225,10.3,7707687,24.0,-149716,-11.1,-3656,-9.4,111,9.6
"06085","5","6242","76","0","2024","4","",77,1431,1435,1433,27343046,740306,28287,1468,"",0.73,0.86,0.86,0.85,0.41,0.89,0.99,0.48,"",4,5.5,68,5.0,38,2.7,4,0.3,2174476,8.6,23180,3.2,-2043,-6.7,81,5.8
"06085","5","62421","77","0","2024","4","",18,438,428,428,9344489,231866,8642,1666,"",0.62,1.20,1.17,1.16,0.70,1.23,1.53,0.60,"",1,5.9,24,5.8,-7,-1.6,-7,-1.6,851386,10.0,96922,71.8,4022,87.1,140,9.2
"06085","5","624210","78","0","2024","4","",18,438,428,428,9344489,231866,8642,1666,"",0.62,1.20,1.17,1.16,0.70,1.23,1.53,0.60,"",1,5.9,24,5.8,-7,-1.6,-7,-1.6,851386,10.0,96922,71.8,4022,87.1,140,9.2
"06085","5","62422","77","0","2024","4","",50,943,956,956,17217783,489339,18944,1392,"",0.88,0.91,0.92,0.91,0.44,0.91,0.96,0.48,"",2,4.2,42,4.7,40,4.4,12,1.3,1278207,8.0,-81081,-14.2,-6278,-24.9,60,4.5
"06085","5","624221","78","0","2024","4","",21,526,534,541,9470264,249261,10377,1365,"",0.69,0.78,0.78,0.78,0.41,0.72,0.85,0.52,"",1,5.0,13,2.5,16,3.1,8,1.5,432535,4.8,-62029,-19.9,-5218,-33.5,31,2.3
"06085","5","624229","78","0","2024","4","",29,417,422,415,7747519,240078,8567,1426,"",1.10,1.17,1.18,1.16,0.50,1.24,1.14,0.43,"",1,3.6,29,7.5,24,6.0,4,1.0,845672,12.3,-19052,-7.4,-1060,-11.0,95,7.1
"06085","5","62423","77","0","2024","4","",9,50,51,49,780774,19101,701,1201,"",0.47,0.18,0.19,0.18,0.05,0.19,0.22,0.30,"",1,12.5,2,4.2,5,10.9,-1,-2.0,44883,6.1,7339,62.4,213,43.6,22,1.9
"06085","5","624230","78","0","2024","4","",9,50,51,49,780774,19101,701,1201,"",0.47,0.18,0.19,0.18,0.05,0.19,0.22,0.30,"",1,12.5,2,4.2,5,10.9,-1,-2.0,44883,6.1,7339,62.4,213,43.6,22,1.9
"06085","5","6243","76","0","2024","4","",28,1148,1117,1111,14163416,102558,3754,968,"",0.41,0.56,0.54,0.54,0.25,0.15,0.20,0.45,"",-1,-3.4,30,2.7,8,0.7,-42,-3.6,189986,1.4,-4577,-4.3,-333,-8.1,14,1.5
"06085","5","62431","77","0","2024","4","",28,1148,1117,1111,14163416,102558,3754,968,"",0.41,0.56,0.54,0.54,0.25,0.15,0.20,0.45,"",-1,-3.4,30,2.7,8,0.7,-42,-3.6,189986,1.4,-4577,-4.3,-333,-8.1,14,1.5
"06085","5","624310","78","0","2024","4","",28,1148,1117,1111,14163416,102558,3754,968,"",0.41,0.56,0.54,0.54,0.25,0.15,0.20,0.45,"",-1,-3.4,30,2.7,8,0.7,-42,-3.6,189986,1.4,-4577,-4.3,-333,-8.1,14,1.5
"06085","5","6244","76","0","2024","4","",762,6196,6198,6150,79837733,4942294,129271,994,"",1.36,0.88,0.87,0.87,0.48,0.88,0.78,0.55,"",0,0.0,80,1.3,109,1.8,91,1.5,3947683,5.2,-271565,-5.2,-4244,-3.2,35,3.6
"06085","5","62441","77","0","2024","4","",762,6196,6198,6150,79837733,4942294,129271,994,"",1.36,0.88,0.87,0.87,0.48,0.88,0.78,0.55,"",0,0.0,80,1.3,109,1.8,91,1.5,3947683,5.2,-271565,-5.2,-4244,-3.2,35,3.6
"06085","5","624410","78","0","2024","4","",762,6196,6198,6150,79837733,4942294,129271,994,"",1.36,0.88,0.87,0.87,0.48,0.88,0.78,0.55,"",0,0.0,80,1.3,109,1.8,91,1.5,3947683,5.2,-271565,-5.2,-4244,-3.2,35,3.6
"06085","5","71","74","0","2024","4","",734,18139,16870,17294,331276604,16157776,418794,1462,"",0.55,0.97,0.94,0.97,0.43,1.38,0.95,0.45,"",26,3.7,-361,-2.0,-437,-2.5,-141,-0.8,3715724,1.1,-2735264,-14.5,-36735,-8.1,42,3.0
"06085","5","711","75","0","2024","4","",204,5361,5049,5028,217065060,5721075,169065,3245,"",0.35,1.24,1.22,1.25,0.50,1.83,1.20,0.40,"",7,3.6,1186,28.4,1330,35.8,1225,32.2,12120996,5.9,-622995,-9.8,-15372,-8.3,-798,-19.7
"06085","5","7111","76","0","2024","4","",56,581,646,776,5799057,1063306,36492,668,"",0.59,0.56,0.63,0.75,0.09,1.30,0.77,0.14,"",-1,-1.8,48,9.0,-21,-3.1,248,47.0,-1124162,-16.2,133370,14.3,4488,14.0,-257,-27.8
"06085","5","71111","77","0","2024","4","",20,408,472,484,2470607,677094,18938,418,"",0.68,0.76,0.88,0.91,0.14,1.50,0.67,0.16,"",0,0.0,54,15.3,-54,-10.3,175,56.6,86072,3.6,68168,11.2,3420,22.0,-45,-9.7
"06085","5","711110","78","0","2024","4","",20,408,472,484,2470607,677094,18938,418,"",0.68,0.76,0.88,0.91,0.14,1.50,0.67,0.16,"",0,0.0,54,15.3,-54,-10.3,175,56.6,86072,3.6,68168,11.2,3420,22.0,-45,-9.7
"06085","5","71112","77","0","2024","4","N",5,0,0,0,0,0,0,0,"N",0.44,0,0,0,0,0,0,0,"N",0,0.0,0,0,0,0,0,0,0,0,0,0,0,0,0,0
"06085","5","711120","78","0","2024","4","N",5,0,0,0,0,0,0,0,"N",0.44,0,0,0,0,0,0,0,"N",0,0.0,0,0,0,0,0,0,0,0,0,0,0,0,0,0
"06085","5","71113","77","0","2024","4","",27,125,130,250,2426390,363446,16791,1109,"",0.62,0.42,0.44,0.81,0.06,1.69,1.60,0.11,"",-1,-3.6,-10,-7.4,27,26.2,72,40.4,-255,0.0,69453,23.6,1110,7.1,-237,-17.6
"06085","5","711130","78","0","2024","4","",27,125,130,250,2426390,363446,16791,1109,"",0.62,0.42,0.44,0.81,0.06,1.69,1.60,0.11,"",-1,-3.6,-10,-7.4,27,26.2,72,40.4,-255,0.0,69453,23.6,1110,7.1,-237,-17.6
"06085","5","71119","77","0","2024","4","N",4,0,0,0,0,0,0,0,"N",0.39,0,0,0,0,0,0,0,"N",0,0.0,0,0,0,0,0,0,0,0,0,0,0,0,0,0
"06085","5","711190","78","0","2024","4","N",4,0,0,0,0,0,0,0,"N",0.39,0,0,0,0,0,0,0,"N",0,0.0,0,0,0,0,0,0,0,0,0,0,0,0,0,0
"06085","5","7112","76","0","2024","4","",30,1109,1028,1051,145435150,924973,19784,10528,"",0.48,0.98,0.95,1.05,0.82,1.33,0.90,0.83,"",1,3.4,296,36.4,302,41.6,347,49.3,16408269,12.7,-40932,-4.2,1208,6.5,-2747,-20.7
"06085","5","71121","77","0","2024","4","",30,1109,1028,1051,145435150,924973,19784,10528,"",0.48,0.98,0.95,1.05,0.82,1.33,0.90,0.83,"",1,3.4,296,36.4,302,41.6,347,49.3,16408269,12.7,-40932,-4.2,1208,6.5,-2747,-20.7
"06085","5","711211","78","0","2024","4","",16,1019,940,964,144189268,856073,18429,11384,"",0.58,1.29,1.23,1.38,0.91,1.80,1.26,0.70,"",2,14.3,288,39.4,299,46.6,345,55.7,16298597,12.7,-8269,-1.0,1748,10.5,-3439,-23.2
"06085","5","711212","78","0","2024","4","N",1,0,0,0,0,0,0,0,"N",0.19,0,0,0,0,0,0,0,"N",0,0.0,0,0,0,0,0,0,0,0,0,0,0,0,0,0
"06085","5","711219","78","0","2024","4","N",13,0,0,0,0,0,0,0,"N",0.44,0,0,0,0,0,0,0,"N",-1,-7.1,0,0,0,0,0,0,0,0,0,0,0,0,0,0
"06085","5","7113","76","0","2024","4","",23,3476,3189,3039,60915790,3396150,101492,1449,"",0.28,2.44,2.39,2.32,1.14,3.65,2.64,0.48,"",-1,-4.2,904,35.1,1089,51.9,705,30.2,-1943045,-3.1,-839220,-19.8,-25675,-20.2,-621,-30.0
"06085","5","71131","77","0","2024","4","",13,3309,3109,2922,59203965,2880341,71995,1463,"",0.37,3.04,3.02,2.86,1.59,4.17,2.53,0.54,"",0,0.0,906,37.7,1054,51.3,679,30.3,-2558590,-4.1,-899600,-23.8,-28675,-28.5,-664,-31.2
"06085","5","711310","78","0","2024","4","",13,3309,3109,2922,59203965,2880341,71995,1463,"",0.37,3.04,3.02,2.86,1.59,4.17,2.53,0.54,"",0,0.0,906,37.7,1054,51.3,679,30.3,-2558590,-4.1,-899600,-23.8,-28675,-28.5,-664,-31.2
"06085","5","71132","77","0","2024","4","",10,167,80,117,1711825,515809,29497,1085,"",0.21,0.50,0.27,0.41,0.11,2.15,2.95,0.27,"",-1,-9.1,-2,-1.2,35,77.8,26,28.6,615545,56.1,60380,13.3,3000,11.3,256,30.9
"06085","5","711320","78","0","2024","4","",10,167,80,117,1711825,515809,29497,1085,"",0.21,0.50,0.27,0.41,0.11,2.15,2.95,0.27,"",-1,-9.1,-2,-1.2,35,77.8,26,28.6,615545,56.1,60380,13.3,3000,11.3,256,30.9
"06085","5","7114","76","0","2024","4","",14,40,33,21,1233430,65626,2524,3028,"",0.27,0.18,0.15,0.10,0.04,0.53,0.36,0.27,"",-2,-12.5,-28,-41.2,-35,-51.5,-48,-69.6,-1113952,-47.5,14072,27.3,648,34.5,386,14.6
"06085","5","71141","77","0","2024","4","",14,40,33,21,1233430,65626,2524,3028,"",0.27,0.18,0.15,0.10,0.04,0.53,0.36,0.27,"",-2,-12.5,-28,-41.2,-35,-51.5,-48,-69.6,-1113952,-47.5,14072,27.3,648,34.5,386,14.6
"06085","5","711410","78","0","2024","4","",14,40,33,21,1233430,65626,2524,3028,"",0.27,0.18,0.15,0.10,0.04,0.53,0.36,0.27,"",-2,-12.5,-28,-41.2,-35,-51.5,-48,-69.6,-1113952,-47.5,14072,27.3,648,34.5,386,14.6
"06085","5","7115","76","0","2024","4","",81,155,153,141,3681633,271020,8773,1892,"",0.27,0.31,0.32,0.31,0.03,0.49,0.34,0.11,"",10,14.1,-34,-18.0,-5,-3.2,-27,-16.1,-106114,-2.8,109715,68.0,3959,82.2,195,11.5
"06085","5","71151","77","0","2024","4","",81,155,153,141,3681633,271020,8773,1892,"",0.27,0.31,0.32,0.31,0.03,0.49,0.34,0.11,"",10,14.1,-34,-18.0,-5,-3.2,-27,-16.1,-106114,-2.8,109715,68.0,3959,82.2,195,11.5
"06085","5","711510","78","0","2024","4","",81,155,153,141,3681633,271020,8773,1892,"",0.27,0.31,0.32,0.31,0.03,0.49,0.34,0.11,"",10,14.1,-34,-18.0,-5,-3.2,-27,-16.1,-106114,-2.8,109715,68.0,3959,82.2,195,11.5
"06085","5","712","75","0","2024","4","",24,533,475,477,8487452,285288,6429,1319,"",0.43,0.41,0.38,0.38,0.19,0.63,0.49,0.50,"",0,0.0,-68,-11.3,-45,-8.7,-39,-7.6,-60250,-0.7,-200449,-41.3,-6317,-49.6,114,9.5
"06085","5","7121","76","0","2024","4","",24,533,475,477,8487452,285288,6429,1319,"",0.43,0.41,0.38,0.38,0.19,0.63,0.49,0.50,"",0,0.0,-68,-11.3,-45,-8.7,-39,-7.6,-60250,-0.7,-200449,-41.3,-6317,-49.6,114,9.5
"06085","5","71211","77","0","2024","4","",19,366,371,374,7186055,81855,1661,1493,"",0.50,0.50,0.51,0.52,0.27,0.32,0.21,0.53,"",0,0.0,-28,-7.1,-25,-6.3,-14,-3.6,289378,4.2,-44687,-35.3,-1746,-51.2,142,10.5
"06085","5","712110","78","0","2024","4","",19,366,371,374,7186055,81855,1661,1493,"",0.50,0.50,0.51,0.52,0.27,0.32,0.21,0.53,"",0,0.0,-28,-7.1,-25,-6.3,-14,-3.6,289378,4.2,-44687,-35.3,-1746,-51.2,142,10.5
"06085","5","71212","77","0","2024","4","N",2,0,0,0,0,0,0,0,"N",0.40,0,0,0,0,0,0,0,"N",0,0.0,0,0,0,0,0,0,0,0,0,0,0,0,0,0
"06085","5","712120","78","0","2024","4","N",2,0,0,0,0,0,0,0,"N",0.40,0,0,0,0,0,0,0,"N",0,0.0,0,0,0,0,0,0,0,0,0,0,0,0,0,0
"06085","5","71213","77","0","2024","4","N",2,0,0,0,0,0,0,0,"N",0.30,0,0,0,0,0,0,0,"N",0,0.0,0,0,0,0,0,0,0,0,0,0,0,0,0,0
"06085","5","712130","78","0","2024","4","N",2,0,0,0,0,0,0,0,"N",0.30,0,0,0,0,0,0,0,"N",0,0.0,0,0,0,0,0,0,0,0,0,0,0,0,0,0
"06085","5","71219","77","0","2024","4","N",1,0,0,0,0,0,0,0,"N",0.15,0,0,0,0,0,0,0,"N",0,0.0,0,0,0,0,0,0,0,0,0,0,0,0,0,0
"06085","5","712190","78","0","2024","4","N",1,0,0,0,0,0,0,0,"N",0.15,0,0,0,0,0,0,0,"N",0,0.0,0,0,0,0,0,0,0,0,0,0,0,0,0,0
"06085","5","713","75","0","2024","4","",506,12245,11346,11789,105724092,10151413,243300,690,"",0.73,0.93,0.91,0.94,0.36,1.25,0.85,0.39,"",19,3.9,-1479,-10.8,-1722,-13.2,-1327,-10.1,-8345022,-7.3,-1911820,-15.8,-15046,-5.8,30,4.5
"06085","5","7131","76","0","2024","4","",22,2009,1215,1673,9794160,1702309,36909,462,"",0.75,1.15,0.79,1.09,0.21,2.42,1.81,0.21,"",2,10.0,-1795,-47.2,-2016,-62.4,-1540,-47.9,-12444096,-56.0,-1875342,-52.4,-29448,-44.4,-39,-7.8
"06085","5","71311","77","0","2024","4","",6,1769,963,1432,7636509,1507430,30514,423,"",0.63,1.17,0.74,1.11,0.18,2.82,2.08,0.18,"N",0,0.0,0,0,0,0,0,0,0,0,0,0,0,0,0,0
"06085","5","713110","78","0","2024","4","",6,1769,963,1432,7636509,1507430,30514,423,"",0.63,1.17,0.74,1.11,0.18,2.82,2.08,0.18,"N",0,0.0,0,0,0,0,0,0,0,0,0,0,0,0,0,0
"06085","5","71312","77","0","2024","4","",16,240,252,241,2157651,194879,6395,679,"",0.80,1.01,1.08,1.02,0.51,1.15,1.12,0.49,"N",2,14.3,0,0,0,0,0,0,0,0,0,0,0,0,0,0
"06085","5","713120","78","0","2024","4","",16,240,252,241,2157651,194879,6395,679,"",0.80,1.01,1.08,1.02,0.51,1.15,1.12,0.49,"N",2,14.3,0,0,0,0,0,0,0,0,0,0,0,0,0,0
"06085","5","7132","76","0","2024","4","",10,1477,1481,1476,24681725,565056,13209,1285,"",0.32,1.65,1.65,1.64,0.74,0.76,0.52,0.45,"",0,0.0,27,1.9,31,2.1,7,0.5,1149398,4.9,-213929,-27.5,-4367,-24.8,42,3.4
"06085","5","71321","77","0","2024","4","N",1,0,0,0,0,0,0,0,"N",0.31,0,0,0,0,0,0,0,"N",0,0.0,0,0,0,0,0,0,0,0,0,0,0,0,0,0
"06085","5","713210","78","0","2024","4","N",1,0,0,0,0,0,0,0,"N",0.31,0,0,0,0,0,0,0,"N",0,0.0,0,0,0,0,0,0,0,0,0,0,0,0,0,0
"06085","5","71329","77","0","2024","4","N",9,0,0,0,0,0,0,0,"N",0.32,0,0,0,0,0,0,0,"N",0,0.0,0,0,0,0,0,0,0,0,0,0,0,0,0,0
"06085","5","713290","78","0","2024","4","N",9,0,0,0,0,0,0,0,"N",0.32,0,0,0,0,0,0,0,"N",0,0.0,0,0,0,0,0,0,0,0,0,0,0,0,0,0
"06085","5","7139","76","0","2024","4","",474,8759,8650,8640,71248207,7884048,193182,631,"",0.75,0.84,0.86,0.85,0.33,1.19,0.81,0.39,"",17,3.7,289,3.4,263,3.1,206,2.4,2949676,4.3,177451,2.3,18769,10.8,8,1.3
"06085","5","71391","77","0","2024","4","",24,1560,1551,1567,19634164,1135182,26167,969,"",0.31,0.49,0.54,0.58,0.24,0.59,0.30,0.45,"",1,4.3,43,2.8,46,3.1,10,0.6,1218116,6.6,12316,1.1,6153,30.7,41,4.4
"06085","5","713910","78","0","2024","4","",24,1560,1551,1567,19634164,1135182,26167,969,"",0.31,0.49,0.54,0.58,0.24,0.59,0.30,0.45,"",1,4.3,43,2.8,46,3.1,10,0.6,1218116,6.6,12316,1.1,6153,30.7,41,4.4
"06085","5","71393","77","0","2024","4","N",2,0,0,0,0,0,0,0,"N",0.07,0,0,0,0,0,0,0,"N",1,100.0,0,0,0,0,0,0,0,0,0,0,0,0,0,0
"06085","5","713930","78","0","2024","4","N",2,0,0,0,0,0,0,0,"N",0.07,0,0,0,0,0,0,0,"N",1,100.0,0,0,0,0,0,0,0,0,0,0,0,0,0,0
"06085","5","71394","77","0","2024","4","",350,5538,5425,5405,37551659,5220956,126128,529,"",1.09,1.22,1.19,1.18,0.51,2.01,1.54,0.43,"",11,3.2,240,4.5,173,3.3,195,3.7,1287506,3.6,416693,8.7,14340,12.8,-2,-0.4
"06085","5","713940","78","0","2024","4","",350,5538,5425,5405,37551659,5220956,126128,529,"",1.09,1.22,1.19,1.18,0.51,2.01,1.54,0.43,"",11,3.2,240,4.5,173,3.3,195,3.7,1287506,3.6,416693,8.7,14340,12.8,-2,-0.4
"06085","5","71395","77","0","2024","4","N",8,0,0,0,0,0,0,0,"N",0.34,0,0,0,0,0,0,0,"N",1,14.3,0,0,0,0,0,0,0,0,0,0,0,0,0,0
"06085","5","713950","78","0","2024","4","N",8,0,0,0,0,0,0,0,"N",0.34,0,0,0,0,0,0,0,"N",1,14.3,0,0,0,0,0,0,0,0,0,0,0,0,0,0
"06085","5","71399","77","0","2024","4","",90,1338,1352,1345,10914700,1182150,32313,624,"",0.51,0.73,0.82,0.84,0.30,0.91,0.75,0.38,"",3,3.4,10,0.8,33,2.5,-8,-0.6,410672,3.9,-159067,-11.9,-1870,-5.5,18,3.0
"06085","5","713990","78","0","2024","4","",90,1338,1352,1345,10914700,1182150,32313,624,"",0.51,0.73,0.82,0.84,0.30,0.91,0.75,0.38,"",3,3.4,10,0.8,33,2.5,-8,-0.6,410672,3.9,-159067,-11.9,-1870,-5.5,18,3.0
"06085","5","72","74","0","2024","4","",5106,84451,84264,84339,852479821,75820035,2039724,777,"",0.91,0.84,0.84,0.84,0.39,0.94,0.87,0.47,"",92,1.8,1068,1.3,1428,1.7,1706,2.1,44458746,5.5,-7987338,-9.5,-111411,-5.2,28,3.7
"06085","5","721","75","0","2024","4","",320,7951,7800,7788,100014940,5324925,138521,981,"",0.58,0.58,0.58,0.58,0.24,0.44,0.40,0.41,"",10,3.2,319,4.2,227,3.0,205,2.7,4705245,4.9,-1035619,-16.3,-29965,-17.8,16,1.7
"06085","5","7211","76","0","2024","4","",296,7764,7605,7605,97819938,5166792,132811,983,"",0.62,0.59,0.59,0.59,0.24,0.44,0.39,0.41,"",12,4.2,332,4.5,238,3.2,231,3.1,4706071,5.1,-881029,-14.6,-18350,-12.1,14,1.4
"06085","5","72111","77","0","2024","4","N",290,0,0,0,0,0,0,0,"N",0.66,0,0,0,0,0,0,0,"N",12,4.3,0,0,0,0,0,0,0,0,0,0,0,0,0,0
"06085","5","721110","78","0","2024","4","N",290,0,0,0,0,0,0,0,"N",0.66,0,0,0,0,0,0,0,"N",12,4.3,0,0,0,0,0,0,0,0,0,0,0,0,0,0
"06085","5","72119","77","0","2024","4","N",6,0,0,0,0,0,0,0,"N",0.15,0,0,0,0,0,0,0,"N",0,0.0,0,0,0,0,0,0,0,0,0,0,0,0,0,0
"06085","5","721191","78","0","2024","4","N",3,0,0,0,0,0,0,0,"N",0.18,0,0,0,0,0,0,0,"N",-1,-25.0,0,0,0,0,0,0,0,0,0,0,0,0,0,0
"06085","5","721199","78","0","2024","4","N",3,0,0,0,0,0,0,0,"N",0.13,0,0,0,0,0,0,0,"N",1,50.0,0,0,0,0,0,0,0,0,0,0,0,0,0,0
"06085","5","7212","76","0","2024","4","",18,180,191,179,2161449,155380,5636,907,"",0.28,0.36,0.47,0.47,0.19,0.51,0.53,0.43,"",-1,-5.3,-13,-6.7,-9,-4.5,-23,-11.4,39469,1.9,-148741,-48.9,-11261,-66.6,84,10.2
"06085","5","72121","77","0","2024","4","",18,180,191,179,2161449,155380,5636,907,"",0.28,0.36,0.47,0.47,0.19,0.51,0.53,0.43,"",-1,-5.3,-13,-6.7,-9,-4.5,-23,-11.4,39469,1.9,-148741,-48.9,-11261,-66.6,84,10.2
"06085","5","721211","78","0","2024","4","",8,39,39,38,617148,10636,643,1228,"",0.20,0.14,0.18,0.19,0.11,0.06,0.10,0.66,"",0,0.0,-1,-2.5,0,0.0,-1,-2.6,49325,8.7,-838,-7.3,21,3.4,118,10.6
"06085","5","721214","78","0","2024","4","",10,141,152,141,1544301,144744,4993,821,"",0.43,0.64,0.78,0.77,0.25,1.04,1.24,0.35,"",-1,-9.1,-12,-7.8,-9,-5.6,-22,-13.5,-9856,-0.6,-147903,-50.5,-11282,-69.3,69,9.2
"06085","5","7213","76","0","2024","4","",6,7,4,4,33553,2753,74,516,"",0.48,0.09,0.05,0.05,0.01,0.04,0.03,0.22,"",-1,-14.3,0,0.0,-2,-33.3,-3,-42.9,-40295,-54.6,-5849,-68.0,-354,-82.7,-336,-39.4
"06085","5","72131","77","0","2024","4","",6,7,4,4,33553,2753,74,516,"",0.48,0.09,0.05,0.05,0.01,0.04,0.03,0.22,"",-1,-14.3,0,0.0,-2,-33.3,-3,-42.9,-40295,-54.6,-5849,-68.0,-354,-82.7,-336,-39.4
"06085","5","721310","78","0","2024","4","",6,7,4,4,33553,2753,74,516,"",0.48,0.09,0.05,0.05,0.01,0.04,0.03,0.22,"",-1,-14.3,0,0.0,-2,-33.3,-3,-42.9,-40295,-54.6,-5849,-68.0,-354,-82.7,-336,-39.4
"06085","5","722","75","0","2024","4","",4786,76500,76464,76551,752464881,70495110,1901203,757,"",0.94,0.88,0.88,0.88,0.43,1.03,0.95,0.49,"",82,1.7,749,1.0,1201,1.6,1501,2.0,39753501,5.6,-6951719,-9.0,-81446,-4.1,29,4.0
"06085","5","7223","76","0","2024","4","",594,10050,9958,10367,140665816,9132366,320633,1069,"",1.61,1.68,1.71,1.81,0.87,1.83,1.09,0.50,"",4,0.7,333,3.4,671,7.2,750,7.8,9376573,7.1,475444,5.5,31320,10.8,10,0.9
"06085","5","72231","77","0","2024","4","",417,8477,8508,8862,124378394,7377390,274361,1110,"",2.28,1.96,1.99,2.14,1.01,2.03,1.14,0.50,"",-15,-3.5,94,1.1,496,6.2,550,6.6,7330596,6.3,157388,2.2,22197,8.8,17,1.6
"06085","5","722310","78","0","2024","4","",417,8477,8508,8862,124378394,7377390,274361,1110,"",2.28,1.96,1.99,2.14,1.01,2.03,1.14,0.50,"",-15,-3.5,94,1.1,496,6.2,550,6.6,7330596,6.3,157388,2.2,22197,8.8,17,1.6
"06085","5","72232","77","0","2024","4","",108,1256,1158,1212,12787592,1400750,36129,814,"",1.10,0.96,0.92,0.93,0.39,1.32,0.82,0.41,"",3,2.9,173,16.0,122,11.8,150,14.1,1109304,9.5,232847,19.9,7561,26.5,-33,-3.9
"06085","5","722320","78","0","2024","4","",108,1256,1158,1212,12787592,1400750,36129,814,"",1.10,0.96,0.92,0.93,0.39,1.32,0.82,0.41,"",3,2.9,173,16.0,122,11.8,150,14.1,1109304,9.5,232847,19.9,7561,26.5,-33,-3.9
"06085","5","72233","77","0","2024","4","",69,317,292,293,3499830,354226,10143,895,"",0.79,0.95,0.96,1.02,0.58,1.19,0.91,0.59,"",16,30.2,66,26.3,53,22.2,50,20.6,936673,36.5,85209,31.7,1562,18.2,88,10.9
"06085","5","722330","78","0","2024","4","",69,317,292,293,3499830,354226,10143,895,"",0.79,0.95,0.96,1.02,0.58,1.19,0.91,0.59,"",16,30.2,66,26.3,53,22.2,50,20.6,936673,36.5,85209,31.7,1562,18.2,88,10.9
"06085","5","7224","76","0","2024","4","",123,1473,1471,1401,10859711,1178950,28964,577,"",0.41,0.49,0.49,0.48,0.19,0.48,0.37,0.39,"",2,1.7,-42,-2.8,-16,-1.1,-93,-6.2,-276265,-2.5,-334077,-22.1,-7738,-21.1,5,0.9
"06085","5","72241","77","0","2024","4","",123,1473,1471,1401,10859711,1178950,28964,577,"",0.41,0.49,0.49,0.48,0.19,0.48,0.37,0.39,"",2,1.7,-42,-2.8,-16,-1.1,-93,-6.2,-276265,-2.5,-334077,-22.1,-7738,-21.1,5,0.9
"06085","5","722410","78","0","2024","4","",123,1473,1471,1401,10859711,1178950,28964,577,"",0.41,0.49,0.49,0.48,0.19,0.48,0.37,0.39,"",2,1.7,-42,-2.8,-16,-1.1,-93,-6.2,-276265,-2.5,-334077,-22.1,-7738,-21.1,5,0.9
"06085","5","7225","76","0","2024","4","",4069,64977,65035,64783,600939354,60183794,1551606,712,"",0.92,0.83,0.83,0.82,0.39,0.99,0.95,0.47,"",76,1.9,458,0.7,546,0.8,844,1.3,30653193,5.4,-7093086,-10.5,-105028,-6.3,30,4.4
"06085","5","72251","77","0","2024","4","",4069,64977,65035,64783,600939354,60183794,1551606,712,"",0.92,0.83,0.83,0.82,0.39,0.99,0.95,0.47,"",76,1.9,458,0.7,546,0.8,844,1.3,30653193,5.4,-7093086,-10.5,-105028,-6.3,30,4.4
"06085","5","722511","78","0","2024","4","",1715,32057,32131,32058,331129760,30136658,789121,794,"",0.91,0.84,0.85,0.84,0.40,1.00,0.91,0.47,"",25,1.5,493,1.6,433,1.4,720,2.3,13510899,4.3,-2609346,-8.0,-37426,-4.5,19,2.5
"06085","5","722513","78","0","2024","4","",1570,24159,24083,24005,203155014,20690792,501577,649,"",0.83,0.73,0.73,0.72,0.36,0.82,0.84,0.49,"",22,1.4,5,0.0,-12,0.0,31,0.1,10778921,5.6,-3851838,-15.7,-69162,-12.1,34,5.5
"06085","5","722514","78","0","2024","4","",38,336,328,324,3903779,237209,7015,912,"",1.03,0.62,0.60,0.59,0.36,0.65,0.68,0.60,"",0,0.0,-7,-2.0,-17,-4.9,-24,-6.9,102680,2.7,-167296,-41.4,-5231,-42.7,65,7.7
"06085","5","722515","78","0","2024","4","",746,8425,8493,8396,62750801,9119135,253893,572,"",1.24,1.24,1.27,1.25,0.52,1.73,1.62,0.42,"",29,4.0,-33,-0.4,142,1.7,117,1.4,6260693,11.1,-464606,-4.8,6791,2.7,52,10.0
"06085","5","81","74","0","2024","4","",5443,26556,26508,26146,405254447,17475221,505418,1181,"",0.87,0.79,0.79,0.78,0.31,0.83,0.78,0.40,"",274,5.3,1137,4.5,1016,4.0,796,3.1,39785114,10.9,573610,3.4,27781,5.8,75,6.8
"06085","5","811","75","0","2024","4","",1109,6738,6723,6570,119418538,4094457,115038,1376,"",0.63,0.64,0.64,0.63,0.25,0.56,0.52,0.40,"",-11,-1.0,39,0.6,142,2.2,6,0.1,6490508,5.7,-459066,-10.1,-13300,-10.4,63,4.8
"06085","5","8111","76","0","2024","4","",890,5602,5569,5432,93304266,3420163,92704,1297,"",0.72,0.76,0.75,0.73,0.32,0.64,0.63,0.43,"",-12,-1.3,111,2.0,179,3.3,54,1.0,5832893,6.7,-286682,-7.7,-6482,-6.5,55,4.4
"06085","5","81111","77","0","2024","4","",518,1934,1940,1906,33099765,1312711,39404,1322,"",0.76,0.61,0.61,0.60,0.24,0.59,0.63,0.40,"",-11,-2.1,93,5.1,111,6.1,84,4.6,3829988,13.1,-2047,-0.2,496,1.3,92,7.5
"06085","5","811111","78","0","2024","4","",483,1835,1840,1810,31615296,1275302,38283,1330,"",0.79,0.64,0.64,0.63,0.26,0.63,0.67,0.41,"",-8,-1.6,106,6.1,119,6.9,93,5.4,3884137,14.0,24271,1.9,1111,3.0,91,7.3
"06085","5","811114","78","0","2024","4","",35,99,100,96,1484469,37409,1121,1161,"",0.48,0.31,0.31,0.30,0.11,0.18,0.20,0.36,"",-3,-7.9,-13,-11.6,-8,-7.4,-9,-8.6,-54149,-3.5,-26318,-41.3,-615,-35.4,68,6.2
"06085","5","81112","77","0","2024","4","",197,1684,1683,1660,35642245,874096,23397,1636,"",0.65,0.80,0.80,0.79,0.35,0.65,0.63,0.44,"",-7,-3.4,-58,-3.3,-34,-2.0,-51,-3.0,-1270946,-3.4,-357084,-29.0,-9250,-28.3,-12,-0.7
"06085","5","811121","78","0","2024","4","",165,1568,1572,1546,33891846,816473,21421,1669,"",0.66,0.86,0.86,0.84,0.38,0.70,0.67,0.44,"N",-10,-5.7,0,0,0,0,0,0,0,0,0,0,0,0,0,0
"06085","5","811122","78","0","2024","4","",32,116,111,114,1750399,57623,1976,1185,"",0.63,0.43,0.41,0.43,0.16,0.32,0.39,0.38,"N",3,10.3,0,0,0,0,0,0,0,0,0,0,0,0,0,0
"06085","5","81119","77","0","2024","4","",175,1984,1946,1866,24562256,1233356,29903,978,"",0.69,0.93,0.91,0.88,0.43,0.71,0.62,0.47,"",6,3.6,76,4.0,102,5.5,21,1.1,3273851,15.4,72449,6.2,2272,8.2,100,11.4
"06085","5","811191","78","0","2024","4","",35,296,292,292,2971285,250349,6517,779,"",0.58,0.54,0.54,0.54,0.19,0.48,0.47,0.34,"",-1,-2.8,-34,-10.3,-35,-10.7,-32,-9.9,84976,2.9,-45510,-15.4,-1236,-15.9,100,14.7
"06085","5","811192","78","0","2024","4","",78,1164,1130,1069,13561911,689327,14267,931,"",0.56,0.86,0.83,0.80,0.42,0.65,0.48,0.51,"",3,4.0,90,8.4,102,9.9,62,6.2,2493800,22.5,44914,7.0,-45,-0.3,109,13.3
"06085","5","811198","78","0","2024","4","",62,524,524,505,8029060,293680,9119,1193,"",1.13,2.27,2.26,2.18,0.90,1.87,1.86,0.40,"",4,6.9,20,4.0,35,7.2,-9,-1.8,695075,9.5,73045,33.1,3553,63.8,70,6.2
"06085","5","8112","76","0","2024","4","",74,407,399,395,11020196,208862,7288,2118,"",0.65,0.55,0.54,0.53,0.26,0.55,0.59,0.47,"",-2,-2.6,-69,-14.5,-63,-13.6,-62,-13.6,328514,3.1,-79417,-27.5,-3366,-31.6,349,19.7
"06085","5","81121","77","0","2024","4","",74,407,399,395,11020196,208862,7288,2118,"",0.65,0.55,0.54,0.53,0.26,0.55,0.59,0.47,"",-2,-2.6,-69,-14.5,-63,-13.6,-62,-13.6,328514,3.1,-79417,-27.5,-3366,-31.6,349,19.7
"06085","5","811210","78","0","2024","4","",74,407,399,395,11020196,208862,7288,2118,"",0.65,0.55,0.54,0.53,0.26,0.55,0.59,0.47,"",-2,-2.6,-69,-14.5,-63,-13.6,-62,-13.6,328514,3.1,-79417,-27.5,-3366,-31.6,349,19.7
"06085","5","8113","76","0","2024","4","",59,451,467,468,11601546,234218,7432,1932,"",0.26,0.26,0.27,0.27,0.11,0.20,0.16,0.40,"",3,5.4,-14,-3.0,-2,-0.4,0,0.0,343286,3.0,4301,1.9,-1472,-16.5,79,4.3
"06085","5","81131","77","0","2024","4","",59,451,467,468,11601546,234218,7432,1932,"",0.26,0.26,0.27,0.27,0.11,0.20,0.16,0.40,"",3,5.4,-14,-3.0,-2,-0.4,0,0.0,343286,3.0,4301,1.9,-1472,-16.5,79,4.3
"06085","5","811310","78","0","2024","4","",59,451,467,468,11601546,234218,7432,1932,"",0.26,0.26,0.27,0.27,0.11,0.20,0.16,0.40,"",3,5.4,-14,-3.0,-2,-0.4,0,0.0,343286,3.0,4301,1.9,-1472,-16.5,79,4.3
"06085","5","8114","76","0","2024","4","",86,278,288,275,3492530,231214,7614,958,"",0.48,0.46,0.47,0.46,0.15,0.54,0.60,0.33,"",0,0.0,11,4.1,28,10.8,14,5.4,-14185,-0.4,-97268,-29.6,-1980,-20.6,-69,-6.7
"06085","5","81141","77","0","2024","4","",42,135,142,137,1852594,104819,3607,1033,"",0.71,0.62,0.65,0.64,0.22,0.68,0.80,0.34,"",4,10.5,8,6.3,11,8.4,7,5.4,-59149,-3.1,-10287,-8.9,665,22.6,-104,-9.1
"06085","5","811411","78","0","2024","4","",4,23,22,22,229491,30697,1177,790,"",0.28,0.54,0.52,0.53,0.16,1.08,1.19,0.31,"",0,0.0,5,27.8,3,15.8,2,10.0,53702,30.5,16548,117.0,847,256.7,78,11.0
"06085","5","811412","78","0","2024","4","",38,112,120,115,1623103,74122,2430,1079,"",0.85,0.64,0.68,0.66,0.23,0.59,0.69,0.34,"",4,11.8,3,2.8,8,7.1,5,4.5,-112851,-6.5,-26835,-26.6,-182,-7.0,-131,-10.8
"06085","5","81142","77","0","2024","4","N",13,0,0,0,0,0,0,0,"N",0.53,0,0,0,0,0,0,0,"N",0,0.0,0,0,0,0,0,0,0,0,0,0,0,0,0,0
"06085","5","811420","78","0","2024","4","N",13,0,0,0,0,0,0,0,"N",0.53,0,0,0,0,0,0,0,"N",0,0.0,0,0,0,0,0,0,0,0,0,0,0,0,0,0
"06085","5","81143","77","0","2024","4","N",2,0,0,0,0,0,0,0,"N",0.41,0,0,0,0,0,0,0,"N",0,0.0,0,0,0,0,0,0,0,0,0,0,0,0,0,0
"06085","5","811430","78","0","2024","4","N",2,0,0,0,0,0,0,0,"N",0.41,0,0,0,0,0,0,0,"N",0,0.0,0,0,0,0,0,0,0,0,0,0,0,0,0,0
"06085","5","81149","77","0","2024","4","",29,88,87,84,949779,95947,3032,846,"",0.32,0.30,0.30,0.30,0.09,0.46,0.47,0.30,"",-4,-12.1,5,6.0,11,14.5,4,5.0,58847,6.6,-90969,-48.7,-2994,-49.7,-14,-1.6
"06085","5","811490","78","0","2024","4","",29,88,87,84,949779,95947,3032,846,"",0.32,0.30,0.30,0.30,0.09,0.46,0.47,0.30,"",-4,-12.1,5,6.0,11,14.5,4,5.0,58847,6.6,-90969,-48.7,-2994,-49.7,-14,-1.6
"06085","5","812","75","0","2024","4","",1701,9685,9677,9630,104784885,8153307,234918,834,"",0.90,0.86,0.86,0.85,0.34,1.01,0.98,0.39,"",114,7.2,518,5.7,469,5.1,446,4.9,10270815,10.9,633652,8.4,24333,11.6,43,5.4
"06085","5","8121","76","0","2024","4","",1208,6050,5998,5947,47395602,4752511,137249,608,"",1.10,1.13,1.12,1.11,0.36,1.21,1.12,0.33,"",78,6.9,251,4.3,186,3.2,157,2.7,3467287,7.9,-302793,-6.0,-5379,-3.8,25,4.3
"06085","5","81211","77","0","2024","4","",983,4755,4716,4666,35573737,3259147,92211,581,"",1.15,1.20,1.18,1.17,0.37,1.13,1.07,0.32,"",50,5.4,205,4.5,136,3.0,101,2.2,2592550,7.9,-390476,-10.7,-6022,-6.1,25,4.5
"06085","5","812111","78","0","2024","4","",32,111,114,111,1043609,118654,3192,717,"",0.54,0.44,0.45,0.44,0.15,0.56,0.54,0.33,"",5,18.5,7,6.7,14,14.0,6,5.7,121804,13.2,13395,12.7,16,0.5,29,4.2
"06085","5","812112","78","0","2024","4","",606,2543,2529,2519,22358404,1834181,49056,680,"",1.09,0.97,0.96,0.95,0.33,1.00,0.98,0.35,"",34,5.9,114,4.7,80,3.3,66,2.7,1384144,6.6,-172059,-8.6,-3217,-6.2,20,3.0
"06085","5","812113","78","0","2024","4","",345,2101,2073,2036,12171724,1306312,39963,452,"",1.44,1.92,1.91,1.89,0.59,1.57,1.31,0.31,"",11,3.3,84,4.2,42,2.1,29,1.4,1086602,9.8,-231812,-15.1,-2821,-6.6,30,7.1
"06085","5","81219","77","0","2024","4","",225,1295,1282,1281,11821865,1493364,45038,707,"",0.91,0.94,0.93,0.93,0.34,1.42,1.26,0.36,"",28,14.2,46,3.7,50,4.1,56,4.6,874737,8.0,87683,6.2,643,1.4,25,3.7
"06085","5","812191","78","0","2024","4","",4,30,24,25,347378,15087,459,1015,"",0.23,0.40,0.32,0.34,0.13,0.35,0.35,0.38,"",0,0.0,9,42.9,4,20.0,4,19.0,-57732,-14.3,-7771,-34.0,-710,-60.7,-493,-32.7
"06085","5","812199","78","0","2024","4","",221,1265,1258,1256,11474487,1478277,44579,701,"",0.96,0.97,0.96,0.96,0.35,1.47,1.29,0.37,"",28,14.5,37,3.0,46,3.8,52,4.3,932469,8.8,95454,6.9,1353,3.1,33,4.9
"06085","5","8122","76","0","2024","4","",35,531,542,543,11174801,331734,9238,1596,"",0.27,0.55,0.56,0.56,0.32,0.68,0.82,0.57,"",0,0.0,-10,-1.8,-5,-0.9,15,2.8,1795847,19.1,61451,22.7,1858,25.2,257,19.2
"06085","5","81221","77","0","2024","4","",25,197,198,201,3293877,95937,3072,1275,"",0.26,0.27,0.27,0.27,0.12,0.25,0.42,0.47,"",-2,-7.4,3,1.5,0,0.0,9,4.7,328287,11.1,20428,27.1,833,37.2,103,8.8
"06085","5","812210","78","0","2024","4","",25,197,198,201,3293877,95937,3072,1275,"",0.26,0.27,0.27,0.27,0.12,0.25,0.42,0.47,"",-2,-7.4,3,1.5,0,0.0,9,4.7,328287,11.1,20428,27.1,833,37.2,103,8.8
"06085","5","81222","77","0","2024","4","",10,334,344,342,7880924,235797,6166,1783,"",0.32,1.46,1.55,1.57,0.90,2.07,1.55,0.59,"",2,25.0,-13,-3.7,-5,-1.4,6,1.8,1467560,22.9,41023,21.1,1025,19.9,349,24.3
"06085","5","812220","78","0","2024","4","",10,334,344,342,7880924,235797,6166,1783,"",0.32,1.46,1.55,1.57,0.90,2.07,1.55,0.59,"",2,25.0,-13,-3.7,-5,-1.4,6,1.8,1467560,22.9,41023,21.1,1025,19.9,349,24.3
"06085","5","8123","76","0","2024","4","",158,1132,1126,1115,15269411,705448,19140,1045,"",0.81,0.61,0.61,0.60,0.26,0.54,0.57,0.43,"",7,4.6,44,4.0,43,4.0,32,3.0,1077582,7.6,-83665,-10.6,-2277,-10.6,39,3.9
"06085","5","81231","77","0","2024","4","",60,212,210,213,1672135,175966,4861,608,"",0.85,0.75,0.74,0.75,0.28,0.91,0.77,0.38,"",9,17.6,9,4.4,9,4.5,14,7.0,156386,10.3,4066,2.4,503,11.5,28,4.8
"06085","5","812310","78","0","2024","4","",60,212,210,213,1672135,175966,4861,608,"",0.85,0.75,0.74,0.75,0.28,0.91,0.77,0.38,"",9,17.6,9,4.4,9,4.5,14,7.0,156386,10.3,4066,2.4,503,11.5,28,4.8
"06085","5","81232","77","0","2024","4","",85,300,293,285,2805368,190892,4957,737,"",0.82,0.47,0.46,0.45,0.19,0.43,0.45,0.41,"",-2,-2.3,36,13.6,33,12.7,25,9.6,438704,18.5,-20127,-9.5,60,1.2,40,5.7
"06085","5","812320","78","0","2024","4","",85,300,293,285,2805368,190892,4957,737,"",0.82,0.47,0.46,0.45,0.19,0.43,0.45,0.41,"",-2,-2.3,36,13.6,33,12.7,25,9.6,438704,18.5,-20127,-9.5,60,1.2,40,5.7
"06085","5","81233","77","0","2024","4","",13,620,623,617,10791908,338590,9322,1339,"",0.66,0.66,0.67,0.66,0.28,0.51,0.57,0.43,"",0,0.0,-1,-0.2,1,0.2,-7,-1.1,482492,4.7,-67604,-16.6,-2840,-23.4,65,5.1
"06085","5","812331","78","0","2024","4","",6,149,145,146,2576508,68543,1527,1351,"",0.60,0.32,0.31,0.31,0.15,0.17,0.15,0.48,"",0,0.0,-8,-5.1,-16,-9.9,-12,-7.6,169862,7.1,-44376,-39.3,-1165,-43.3,184,15.8
"06085","5","812332","78","0","2024","4","",7,471,478,471,8215400,270047,7795,1335,"",0.72,1.00,1.01,1.00,0.39,1.04,1.25,0.39,"",0,0.0,7,1.5,17,3.7,5,1.1,312630,4.0,-23228,-7.9,-1675,-17.7,24,1.8
"06085","5","8129","76","0","2024","4","",300,1972,2011,2025,30945071,2363614,69291,1189,"",0.63,0.64,0.65,0.65,0.35,1.02,0.95,0.55,"",29,10.7,233,13.4,245,13.9,242,13.6,3930099,14.5,958659,68.2,30131,76.9,10,0.8
"06085","5","81291","77","0","2024","4","",100,840,861,849,10171657,763412,21580,921,"",0.51,0.61,0.62,0.61,0.33,0.69,0.69,0.53,"",2,2.0,39,4.9,40,4.9,27,3.3,472988,4.9,112563,17.3,4284,24.8,5,0.5
"06085","5","812910","78","0","2024","4","",100,840,861,849,10171657,763412,21580,921,"",0.51,0.61,0.62,0.61,0.33,0.69,0.69,0.53,"",2,2.0,39,4.9,40,4.9,27,3.3,472988,4.9,112563,17.3,4284,24.8,5,0.5
"06085","5","81292","77","0","2024","4","N",4,0,0,0,0,0,0,0,"N",0.91,0,0,0,0,0,0,0,"N",1,33.3,0,0,0,0,0,0,0,0,0,0,0,0,0,0
"06085","5","812921","78","0","2024","4","N",3,0,0,0,0,0,0,0,"N",0.85,0,0,0,0,0,0,0,"N",1,50.0,0,0,0,0,0,0,0,0,0,0,0,0,0,0
"06085","5","812922","78","0","2024","4","N",1,0,0,0,0,0,0,0,"N",1.15,0,0,0,0,0,0,0,"N",0,0.0,0,0,0,0,0,0,0,0,0,0,0,0,0,0
"06085","5","81293","77","0","2024","4","",80,680,692,717,9192673,1188423,32834,1016,"",1.43,0.70,0.71,0.74,0.36,1.83,1.58,0.50,"",17,27.0,179,35.7,175,33.8,187,35.3,3010482,48.7,736701,163.1,21374,186.5,94,10.2
"06085","5","812930","78","0","2024","4","",80,680,692,717,9192673,1188423,32834,1016,"",1.43,0.70,0.71,0.74,0.36,1.83,1.58,0.50,"",17,27.0,179,35.7,175,33.8,187,35.3,3010482,48.7,736701,163.1,21374,186.5,94,10.2
"06085","5","81299","77","0","2024","4","N",116,0,0,0,0,0,0,0,"N",0.53,0,0,0,0,0,0,0,"N",9,8.4,0,0,0,0,0,0,0,0,0,0,0,0,0,0
"06085","5","812990","78","0","2024","4","N",116,0,0,0,0,0,0,0,"N",0.53,0,0,0,0,0,0,0,"N",9,8.4,0,0,0,0,0,0,0,0,0,0,0,0,0,0
"06085","5","813","75","0","2024","4","",738,7879,7890,7824,132513824,3276579,95516,1296,"",0.57,0.76,0.76,0.76,0.28,0.73,0.64,0.37,"",-5,-0.7,301,4.0,141,1.8,179,2.3,7787637,6.2,83065,2.6,6701,7.5,43,3.4
"06085","5","8131","76","0","2024","4","",143,1000,996,972,12068735,392340,8496,938,"",0.77,0.68,0.68,0.66,0.29,0.77,0.51,0.43,"",10,7.5,20,2.0,1,0.1,-5,-0.5,772409,6.8,72714,22.7,2714,46.9,55,6.2
"06085","5","81311","77","0","2024","4","",143,1000,996,972,12068735,392340,8496,938,"",0.77,0.68,0.68,0.66,0.29,0.77,0.51,0.43,"",10,7.5,20,2.0,1,0.1,-5,-0.5,772409,6.8,72714,22.7,2714,46.9,55,6.2
"06085","5","813110","78","0","2024","4","",143,1000,996,972,12068735,392340,8496,938,"",0.77,0.68,0.68,0.66,0.29,0.77,0.51,0.43,"",10,7.5,20,2.0,1,0.1,-5,-0.5,772409,6.8,72714,22.7,2714,46.9,55,6.2
"06085","5","8132","76","0","2024","4","",181,1997,2024,1972,56634934,875614,25068,2181,"",1.09,1.68,1.70,1.66,0.70,2.02,1.68,0.42,"",-14,-7.2,-61,-3.0,-94,-4.4,-120,-5.7,3429804,6.4,79365,10.0,4290,20.6,222,11.3
"06085","5","81321","77","0","2024","4","",181,1997,2024,1972,56634934,875614,25068,2181,"",1.09,1.68,1.70,1.66,0.70,2.02,1.68,0.42,"",-14,-7.2,-61,-3.0,-94,-4.4,-120,-5.7,3429804,6.4,79365,10.0,4290,20.6,222,11.3
"06085","5","813211","78","0","2024","4","",93,1458,1479,1438,39810138,617416,13614,2100,"",1.10,2.57,2.59,2.54,0.93,3.07,2.08,0.36,"",-4,-4.1,-29,-2.0,-46,-3.0,-55,-3.7,2888922,7.8,78255,14.5,1589,13.2,209,11.1
"06085","5","813212","78","0","2024","4","",45,295,301,299,12075761,65181,2124,3114,"",1.22,1.04,1.05,1.04,0.61,0.62,0.53,0.59,"",-9,-16.7,-37,-11.1,-49,-14.0,-55,-15.5,110426,0.9,-67659,-50.9,-1750,-45.2,449,16.8
"06085","5","813219","78","0","2024","4","",43,244,244,235,4749035,193017,9330,1516,"",0.96,0.73,0.73,0.70,0.26,1.51,2.15,0.37,"",-1,-2.3,5,2.1,1,0.4,-10,-4.1,430456,10.0,68769,55.3,4451,91.2,145,10.6
"06085","5","8133","76","0","2024","4","",135,979,993,966,17234284,778941,27574,1354,"",0.51,0.49,0.51,0.50,0.18,0.73,0.71,0.35,"",3,2.3,-89,-8.3,-82,-7.6,-102,-9.6,-1130048,-6.2,-118696,-13.2,-1588,-5.4,34,2.6
"06085","5","81331","77","0","2024","4","",135,979,993,966,17234284,778941,27574,1354,"",0.51,0.49,0.51,0.50,0.18,0.73,0.71,0.35,"",3,2.3,-89,-8.3,-82,-7.6,-102,-9.6,-1130048,-6.2,-118696,-13.2,-1588,-5.4,34,2.6
"06085","5","813311","78","0","2024","4","",36,150,148,144,2975082,66418,1886,1553,"",0.72,0.34,0.35,0.35,0.14,0.32,0.22,0.41,"",4,12.5,-98,-39.5,-106,-41.7,-109,-43.1,-724038,-19.6,-95372,-58.9,-2067,-52.3,422,37.3
"06085","5","813312","78","0","2024","4","",29,402,422,399,6217715,517284,18443,1173,"",0.42,0.68,0.73,0.70,0.22,1.70,2.12,0.31,"",1,3.6,156,63.4,168,66.1,159,66.2,1060789,20.6,401474,346.7,15577,543.5,-435,-27.1
"06085","5","813319","78","0","2024","4","",70,427,423,423,8041487,195239,7245,1458,"",0.48,0.44,0.45,0.45,0.17,0.35,0.34,0.38,"",-2,-2.8,-147,-25.6,-144,-25.4,-152,-26.4,-1466799,-15.4,-424798,-68.5,-15098,-67.6,179,14.0
"06085","5","8134","76","0","2024","4","",107,2742,2761,2773,22209148,395635,8741,619,"",0.53,1.08,1.08,1.08,0.39,0.49,0.34,0.36,"",-2,-1.8,311,12.8,239,9.5,262,10.4,2144220,10.7,46344,13.3,-1076,-11.0,-1,-0.2
"06085","5","81341","77","0","2024","4","",107,2742,2761,2773,22209148,395635,8741,619,"",0.53,1.08,1.08,1.08,0.39,0.49,0.34,0.36,"",-2,-1.8,311,12.8,239,9.5,262,10.4,2144220,10.7,46344,13.3,-1076,-11.0,-1,-0.2
"06085","5","813410","78","0","2024","4","",107,2742,2761,2773,22209148,395635,8741,619,"",0.53,1.08,1.08,1.08,0.39,0.49,0.34,0.36,"",-2,-1.8,311,12.8,239,9.5,262,10.4,2144220,10.7,46344,13.3,-1076,-11.0,-1,-0.2
"06085","5","8139","76","0","2024","4","",172,1161,1116,1141,24366723,834049,25637,1645,"",0.37,0.36,0.35,0.36,0.13,0.51,0.48,0.35,"",-2,-1.1,120,11.5,77,7.4,144,14.4,2571252,11.8,3338,0.4,2361,10.1,10,0.6
"06085","5","81391","77","0","2024","4","",49,220,218,217,7602373,67321,2795,2678,"",0.32,0.26,0.26,0.25,0.11,0.18,0.27,0.44,"",-1,-2.0,16,7.8,12,5.8,5,2.4,692166,10.0,-70270,-51.1,-2775,-49.8,114,4.4
"06085","5","813910","78","0","2024","4","",49,220,218,217,7602373,67321,2795,2678,"",0.32,0.26,0.26,0.25,0.11,0.18,0.27,0.44,"",-1,-2.0,16,7.8,12,5.8,5,2.4,692166,10.0,-70270,-51.1,-2775,-49.8,114,4.4
"06085","5","81392","77","0","2024","4","",24,88,84,85,3151276,25305,711,2830,"",0.27,0.14,0.13,0.13,0.06,0.12,0.12,0.47,"N",0,0.0,0,0,0,0,0,0,0,0,0,0,0,0,0,0
"06085","5","813920","78","0","2024","4","",24,88,84,85,3151276,25305,711,2830,"",0.27,0.14,0.13,0.13,0.06,0.12,0.12,0.47,"N",0,0.0,0,0,0,0,0,0,0,0,0,0,0,0,0,0
"06085","5","81393","77","0","2024","4","",47,602,578,642,10059716,611450,18778,1274,"",0.52,0.76,0.75,0.81,0.30,1.55,1.62,0.39,"",1,2.2,80,15.3,52,9.9,119,22.8,1442862,16.7,130443,27.1,6481,52.7,8,0.6
"06085","5","813930","78","0","2024","4","",47,602,578,642,10059716,611450,18778,1274,"",0.52,0.76,0.75,0.81,0.30,1.55,1.62,0.39,"",1,2.2,80,15.3,52,9.9,119,22.8,1442862,16.7,130443,27.1,6481,52.7,8,0.6
"06085","5","81394","77","0","2024","4","",7,43,40,33,674020,13665,561,1341,"",0.26,0.22,0.27,0.40,0.09,0.07,0.05,0.34,"N",-1,-12.5,0,0,0,0,0,0,0,0,0,0,0,0,0,0
"06085","5","813940","78","0","2024","4","",7,43,40,33,674020,13665,561,1341,"",0.26,0.22,0.27,0.40,0.09,0.07,0.05,0.34,"N",-1,-12.5,0,0,0,0,0,0,0,0,0,0,0,0,0,0
"06085","5","81399","77","0","2024","4","",45,208,196,164,2879338,116308,2792,1170,"",0.42,0.27,0.26,0.22,0.08,0.25,0.21,0.32,"",-1,-2.2,13,6.7,-4,-2.0,10,6.5,56855,2.0,-25536,-18.0,-464,-14.3,-16,-1.3
"06085","5","813990","78","0","2024","4","",45,208,196,164,2879338,116308,2792,1170,"",0.42,0.27,0.26,0.22,0.08,0.25,0.21,0.32,"",-1,-2.2,13,6.7,-4,-2.0,10,6.5,56855,2.0,-25536,-18.0,-464,-14.3,-16,-1.3
"06085","5","814","75","0","2024","4","",1895,2254,2218,2122,48537200,1950878,59946,1699,"",1.40,1.48,1.46,1.40,1.00,1.69,1.41,0.69,"",176,10.2,279,14.1,264,13.5,165,8.4,15236154,45.8,315959,19.3,10047,20.1,393,30.1
"06085","5","8141","76","0","2024","4","",1895,2254,2218,2122,48537200,1950878,59946,1699,"",1.40,1.48,1.46,1.40,1.00,1.69,1.41,0.69,"",176,10.2,279,14.1,264,13.5,165,8.4,15236154,45.8,315959,19.3,10047,20.1,393,30.1
"06085","5","81411","77","0","2024","4","",1895,2254,2218,2122,48537200,1950878,59946,1699,"",1.40,1.48,1.46,1.40,1.00,1.69,1.41,0.69,"",176,10.2,279,14.1,264,13.5,165,8.4,15236154,45.8,315959,19.3,10047,20.1,393,30.1
"06085","5","814110","78","0","2024","4","",1895,2254,2218,2122,48537200,1950878,59946,1699,"",1.40,1.48,1.46,1.40,1.00,1.69,1.41,0.69,"",176,10.2,279,14.1,264,13.5,165,8.4,15236154,45.8,315959,19.3,10047,20.1,393,30.1
"06085","5","99","74","0","2024","4","",175,42,42,60,2006491,371179,12546,3216,"",0.09,0.03,0.03,0.04,0.02,0.16,0.09,0.65,"",-61,-25.8,-341,-89.0,-390,-90.3,-468,-88.6,-9686211,-82.8,-1639350,-81.5,-55803,-81.6,1207,60.1
"06085","5","999","75","0","2024","4","",175,42,42,60,2006491,371179,12546,3216,"",0.09,0.03,0.03,0.04,0.02,0.16,0.09,0.65,"",-61,-25.8,-341,-89.0,-390,-90.3,-468,-88.6,-9686211,-82.8,-1639350,-81.5,-55803,-81.6,1207,60.1
"06085","5","9999","76","0","2024","4","",175,42,42,60,2006491,371179,12546,3216,"",0.09,0.03,0.03,0.04,0.02,0.16,0.09,0.65,"",-61,-25.8,-341,-89.0,-390,-90.3,-468,-88.6,-9686211,-82.8,-1639350,-81.5,-55803,-81.6,1207,60.1
"06085","5","99999","77","0","2024","4","",175,42,42,60,2006491,371179,12546,3216,"",0.09,0.03,0.03,0.04,0.02,0.16,0.09,0.65,"",-61,-25.8,-341,-89.0,-390,-90.3,-468,-88.6,-9686211,-82.8,-1639350,-81.5,-55803,-81.6,1207,60.1
"06085","5","999999","78","0","2024","4","",175,42,42,60,2006491,371179,12546,3216,"",0.09,0.03,0.03,0.04,0.02,0.16,0.09,0.65,"",-61,-25.8,-341,-89.0,-390,-90.3,-468,-88.6,-9686211,-82.8,-1639350,-81.5,-55803,-81.6,1207,60.1
