"area_fips","own_code","industry_code","agglvl_code","size_code","year","qtr","disclosure_code","qtrly_estabs","month1_emplvl","month2_emplvl","month3_emplvl","total_qtrly_wages","taxable_qtrly_wages","qtrly_contributions","avg_wkly_wage","lq_disclosure_code","lq_qtrly_estabs","lq_month1_emplvl","lq_month2_emplvl","lq_month3_emplvl","lq_total_qtrly_wages","lq_taxable_qtrly_wages","lq_qtrly_contributions","lq_avg_wkly_wage","oty_disclosure_code","oty_qtrly_estabs_chg","oty_qtrly_estabs_pct_chg","oty_month1_emplvl_chg","oty_month1_emplvl_pct_chg","oty_month2_emplvl_chg","oty_month2_emplvl_pct_chg","oty_month3_emplvl_chg","oty_month3_emplvl_pct_chg","oty_total_qtrly_wages_chg","oty_total_qtrly_wages_pct_chg","oty_taxable_qtrly_wages_chg","oty_taxable_qtrly_wages_pct_chg","oty_qtrly_contributions_chg","oty_qtrly_contributions_pct_chg","oty_avg_wkly_wage_chg","oty_avg_wkly_wage_pct_chg"
"06085","0","10","70","0","2025","1","",86136,1106633,1110800,1112491,59131781385,6685761154,227312239,4098,"",1.00,1.00,1.00,1.00,1.00,1.00,1.00,1.00,"",5407,6.7,-5388,-0.5,-1484,-0.1,-799,-0.1,4184443846,7.6,-92416452,-1.4,23709427,11.6,299,7.9
"06085","1","10","71","0","2025","1","",99,9973,9968,9970,344153803,0,0,2655,"",0.23,0.46,0.46,0.46,0.23,0.00,0.00,0.49,"",2,2.1,-14,-0.1,-49,-0.5,-36,-0.4,12637191,3.8,0,0.0,0,0.0,106,4.2
"06085","1","102","72","0","2025","1","",99,9973,9968,9970,344153803,0,0,2655,"",0.23,0.47,0.47,0.47,0.23,0.00,0.00,0.49,"",2,2.1,-14,-0.1,-49,-0.5,-36,-0.4,12637191,3.8,0,0.0,0,0.0,106,4.2
"06085","1","1021","73","0","2025","1","",49,2720,2728,2732,55695384,0,0,1571,"",0.22,0.57,0.57,0.57,0.23,0.00,0.00,0.40,"",1,2.1,78,3.0,69,2.6,59,2.2,-1622280,-2.8,0,0.0,0,0.0,-88,-5.3
"06085","1","1024","73","0","2025","1","",1,1,1,1,44560,0,0,3428,"",0.09,0.00,0.00,0.00,0.00,0.00,0.00,0.66,"",0,0.0,1,100.0,0,0.0,0,0.0,-105,-0.2,0,0.0,0,0.0,-1726,-33.5
"06085","1","1025","73","0","2025","1","",1,3435,3429,3406,153911484,0,0,3458,"",0.10,1.06,1.06,1.06,0.63,0.00,0.00,0.59,"",0,0.0,-160,-4.5,-160,-4.5,-180,-5.0,1294083,0.8,0,0.0,0,0.0,188,5.7
"06085","1","1028","73","0","2025","1","",48,3817,3810,3831,134502375,0,0,2709,"",0.27,0.31,0.31,0.32,0.14,0.00,0.00,0.46,"",1,2.1,67,1.8,42,1.1,85,2.3,12965493,10.7,0,0.0,0,0.0,219,8.8
"06085","1","44-45","74","0","2025","1","",2,49,47,46,797790,0,0,1297,"",0.39,0.17,0.17,0.16,0.11,0.00,0.00,0.64,"",0,0.0,-2,-3.9,-3,-6.0,-5,-9.8,-13383,-1.6,0,0.0,0,0.0,65,5.3
"06085","1","445","75","0","2025","1","",1,39,39,38,691740,0,0,1376,"",0.69,0.53,0.53,0.52,0.26,0.00,0.00,0.50,"",0,0.0,0,0.0,1,2.6,-1,-2.6,-1619,-0.2,0,0.0,0,0.0,-3,-0.2
"06085","1","4451","76","0","2025","1","",1,39,39,38,691740,0,0,1376,"",0.69,0.53,0.53,0.52,0.26,0.00,0.00,0.50,"",0,0.0,0,0.0,1,2.6,-1,-2.6,-1619,-0.2,0,0.0,0,0.0,-3,-0.2
"06085","1","44511","77","0","2025","1","",1,39,39,38,691740,0,0,1376,"",0.81,0.56,0.56,0.55,0.27,0.00,0.00,0.49,"",0,0.0,0,0.0,1,2.6,-1,-2.6,-1619,-0.2,0,0.0,0,0.0,-3,-0.2
"06085","1","445110","78","0","2025","1","",1,39,39,38,691740,0,0,1376,"",0.81,0.56,0.56,0.55,0.27,0.00,0.00,0.49,"",0,0.0,0,0.0,1,2.6,-1,-2.6,-1619,-0.2,0,0.0,0,0.0,-3,-0.2
"06085","1","455","75","0","2025","1","",1,10,8,8,106050,0,0,941,"",0.49,0.06,0.04,0.05,0.02,0.00,0.00,0.50,"",0,0.0,-2,-16.7,-4,-33.3,-4,-33.3,-11764,-10.0,0,0.0,0,0.0,186,24.6
"06085","1","4551","76","0","2025","1","",1,10,8,8,106050,0,0,941,"",0.65,0.09,0.07,0.07,0.04,0.00,0.00,0.50,"",0,0.0,-2,-16.7,-4,-33.3,-4,-33.3,-11764,-10.0,0,0.0,0,0.0,186,24.6
"06085","1","45511","77","0","2025","1","",1,10,8,8,106050,0,0,941,"",0.65,0.09,0.07,0.07,0.04,0.00,0.00,0.50,"",0,0.0,-2,-16.7,-4,-33.3,-4,-33.3,-11764,-10.0,0,0.0,0,0.0,186,24.6
"06085","1","455110","78","0","2025","1","",1,10,8,8,106050,0,0,941,"",0.65,0.09,0.07,0.07,0.04,0.00,0.00,0.50,"",0,0.0,-2,-16.7,-4,-33.3,-4,-33.3,-11764,-10.0,0,0.0,0,0.0,186,24.6
"06085","1","48-49","74","0","2025","1","",47,2671,2681,2686,54897594,0,0,1576,"",0.22,0.60,0.61,0.61,0.24,0.00,0.00,0.40,"",1,2.2,80,3.1,72,2.8,64,2.4,-1608897,-2.8,0,0.0,0,0.0,-91,-5.5
"06085","1","491","75","0","2025","1","",47,2671,2681,2686,54897594,0,0,1576,"",0.22,0.62,0.62,0.62,0.25,0.00,0.00,0.41,"",1,2.2,80,3.1,72,2.8,64,2.4,-1608897,-2.8,0,0.0,0,0.0,-91,-5.5
"06085","1","4911","76","0","2025","1","",47,2671,2681,2686,54897594,0,0,1576,"",0.22,0.62,0.62,0.62,0.25,0.00,0.00,0.41,"",1,2.2,80,3.1,72,2.8,64,2.4,-1608897,-2.8,0,0.0,0,0.0,-91,-5.5
"06085","1","49111","77","0","2025","1","",47,2671,2681,2686,54897594,0,0,1576,"",0.22,0.62,0.62,0.62,0.25,0.00,0.00,0.41,"",1,2.2,80,3.1,72,2.8,64,2.4,-1608897,-2.8,0,0.0,0,0.0,-91,-5.5
"06085","1","491110","78","0","2025","1","",47,2671,2681,2686,54897594,0,0,1576,"",0.22,0.62,0.62,0.62,0.25,0.00,0.00,0.41,"",1,2.2,80,3.1,72,2.8,64,2.4,-1608897,-2.8,0,0.0,0,0.0,-91,-5.5
"06085","1","54","74","0","2025","1","",1,1,1,1,44560,0,0,3428,"",0.10,0.00,0.00,0.00,0.00,0.00,0.00,0.65,"",0,0.0,1,100.0,0,0.0,0,0.0,-105,-0.2,0,0.0,0,0.0,-1726,-33.5
"06085","1","541","75","0","2025","1","",1,1,1,1,44560,0,0,3428,"",0.10,0.00,0.00,0.00,0.00,0.00,0.00,0.65,"",0,0.0,1,100.0,0,0.0,0,0.0,-105,-0.2,0,0.0,0,0.0,-1726,-33.5
"06085","1","5417","76","0","2025","1","",1,1,1,1,44560,0,0,3428,"",1.30,0.02,0.02,0.02,0.01,0.00,0.00,0.47,"",0,0.0,1,100.0,0,0.0,0,0.0,-105,-0.2,0,0.0,0,0.0,-1726,-33.5
"06085","1","54171","77","0","2025","1","",1,1,1,1,44560,0,0,3428,"",1.32,0.02,0.02,0.02,0.01,0.00,0.00,0.47,"",0,0.0,1,100.0,0,0.0,0,0.0,-105,-0.2,0,0.0,0,0.0,-1726,-33.5
"06085","1","541713","78","0","2025","1","",1,1,1,1,44560,0,0,3428,"",5.21,0.06,0.06,0.06,0.04,0.00,0.00,0.58,"",0,0.0,1,100.0,0,0.0,0,0.0,-105,-0.2,0,0.0,0,0.0,-1726,-33.5
"06085","1","62","74","0","2025","1","",1,3435,3429,3406,153911484,0,0,3458,"",0.11,1.09,1.09,1.10,0.65,0.00,0.00,0.59,"",0,0.0,-160,-4.5,-160,-4.5,-180,-5.0,1294083,0.8,0,0.0,0,0.0,188,5.7
"06085","1","622","75","0","2025","1","",1,3435,3429,3406,153911484,0,0,3458,"",0.32,1.27,1.27,1.27,0.73,0.00,0.00,0.57,"",0,0.0,-160,-4.5,-160,-4.5,-180,-5.0,1294083,0.8,0,0.0,0,0.0,188,5.7
"06085","1","6221","76","0","2025","1","",1,3435,3429,3406,153911484,0,0,3458,"",0.32,1.29,1.29,1.29,0.74,0.00,0.00,0.57,"",0,0.0,-160,-4.5,-160,-4.5,-180,-5.0,1294083,0.8,0,0.0,0,0.0,188,5.7
"06085","1","62211","77","0","2025","1","",1,3435,3429,3406,153911484,0,0,3458,"",0.32,1.29,1.29,1.29,0.74,0.00,0.00,0.57,"",0,0.0,-160,-4.5,-160,-4.5,-180,-5.0,1294083,0.8,0,0.0,0,0.0,188,5.7
"06085","1","622110","78","0","2025","1","",1,3435,3429,3406,153911484,0,0,3458,"",0.32,1.29,1.29,1.29,0.74,0.00,0.00,0.57,"",0,0.0,-160,-4.5,-160,-4.5,-180,-5.0,1294083,0.8,0,0.0,0,0.0,188,5.7
"06085","1","92","74","0","2025","1","",48,3817,3810,3831,134502375,0,0,2709,"",0.27,0.31,0.31,0.32,0.14,0.00,0.00,0.46,"",1,2.1,67,1.8,42,1.1,85,2.3,12965493,10.7,0,0.0,0,0.0,219,8.8
"06085","1","921","75","0","2025","1","",4,373,381,380,14223903,0,0,2895,"",0.31,0.31,0.31,0.31,0.16,0.00,0.00,0.53,"",0,0.0,54,16.9,53,16.2,53,16.2,3670775,34.8,0,0.0,0,0.0,395,15.8
"06085","1","9211","76","0","2025","1","",4,373,381,380,14223903,0,0,2895,"",0.31,0.31,0.31,0.31,0.16,0.00,0.00,0.53,"",0,0.0,54,16.9,53,16.2,53,16.2,3670775,34.8,0,0.0,0,0.0,395,15.8
"06085","1","92113","77","0","2025","1","",2,344,352,351,13284293,0,0,2928,"",0.49,0.42,0.42,0.42,0.22,0.00,0.00,0.52,"",0,0.0,51,17.4,48,15.8,49,16.2,3635315,37.7,0,0.0,0,0.0,451,18.2
"06085","1","921130","78","0","2025","1","",2,344,352,351,13284293,0,0,2928,"",0.49,0.42,0.42,0.42,0.22,0.00,0.00,0.52,"",0,0.0,51,17.4,48,15.8,49,16.2,3635315,37.7,0,0.0,0,0.0,451,18.2
"06085","1","92119","77","0","2025","1","",2,29,29,29,939610,0,0,2492,"",0.23,0.12,0.12,0.12,0.05,0.00,0.00,0.45,"",0,0.0,3,11.5,5,20.8,4,16.0,35460,3.9,0,0.0,0,0.0,-290,-10.4
"06085","1","921190","78","0","2025","1","",2,29,29,29,939610,0,0,2492,"",0.23,0.12,0.12,0.12,0.05,0.00,0.00,0.45,"",0,0.0,3,11.5,5,20.8,4,16.0,35460,3.9,0,0.0,0,0.0,-290,-10.4
"06085","1","922","75","0","2025","1","",13,357,356,366,13992773,0,0,2993,"",0.51,0.18,0.18,0.18,0.08,0.00,0.00,0.43,"",-1,-7.1,23,6.9,18,5.3,33,9.9,2560739,22.4,0,0.0,0,0.0,368,14.0
"06085","1","9221","76","0","2025","1","",13,357,356,366,13992773,0,0,2993,"",0.51,0.18,0.18,0.18,0.08,0.00,0.00,0.43,"",-1,-7.1,23,6.9,18,5.3,33,9.9,2560739,22.4,0,0.0,0,0.0,368,14.0
"06085","1","92211","77","0","2025","1","",1,91,94,99,2986860,0,0,2427,"",0.17,0.38,0.40,0.42,0.16,0.00,0.00,0.40,"",-1,-50.0,0,0.0,5,5.6,11,12.5,94680,3.3,0,0.0,0,0.0,-63,-2.5
"06085","1","922110","78","0","2025","1","",1,91,94,99,2986860,0,0,2427,"",0.17,0.38,0.40,0.42,0.16,0.00,0.00,0.40,"",-1,-50.0,0,0.0,5,5.6,11,12.5,94680,3.3,0,0.0,0,0.0,-63,-2.5
"06085","1","92212","77","0","2025","1","",8,206,201,204,8478781,0,0,3202,"",0.66,0.19,0.19,0.19,0.08,0.00,0.00,0.43,"",0,0.0,8,4.0,-1,-0.5,2,1.0,1608623,23.4,0,0.0,0,0.0,568,21.6
"06085","1","922120","78","0","2025","1","",8,206,201,204,8478781,0,0,3202,"",0.66,0.19,0.19,0.19,0.08,0.00,0.00,0.43,"",0,0.0,8,4.0,-1,-0.5,2,1.0,1608623,23.4,0,0.0,0,0.0,568,21.6
"06085","1","92213","77","0","2025","1","",3,42,44,43,1829302,0,0,3272,"",1.16,0.26,0.27,0.27,0.11,0.00,0.00,0.42,"",0,0.0,6,16.7,8,22.2,9,26.5,450431,32.7,0,0.0,0,0.0,270,9.0
"06085","1","922130","78","0","2025","1","",3,42,44,43,1829302,0,0,3272,"",1.16,0.26,0.27,0.27,0.11,0.00,0.00,0.42,"",0,0.0,6,16.7,8,22.2,9,26.5,450431,32.7,0,0.0,0,0.0,270,9.0
"06085","1","92219","77","0","2025","1","",1,18,17,20,697830,0,0,2928,"",0.25,0.07,0.07,0.08,0.03,0.00,0.00,0.44,"",0,0.0,9,100.0,6,54.5,11,122.2,407005,139.9,0,0.0,0,0.0,614,26.5
"06085","1","922190","78","0","2025","1","",1,18,17,20,697830,0,0,2928,"",0.25,0.07,0.07,0.08,0.03,0.00,0.00,0.44,"",0,0.0,9,100.0,6,54.5,11,122.2,407005,139.9,0,0.0,0,0.0,614,26.5
"06085","1","923","75","0","2025","1","",6,427,425,422,15162815,0,0,2747,"",0.31,0.24,0.24,0.24,0.11,0.00,0.00,0.45,"",0,0.0,-32,-7.0,-31,-6.8,-32,-7.0,287817,1.9,0,0.0,0,0.0,240,9.6
"06085","1","9231","76","0","2025","1","",6,427,425,422,15162815,0,0,2747,"",0.31,0.24,0.24,0.24,0.11,0.00,0.00,0.45,"",0,0.0,-32,-7.0,-31,-6.8,-32,-7.0,287817,1.9,0,0.0,0,0.0,240,9.6
"06085","1","92312","77","0","2025","1","",2,55,55,55,2139625,0,0,2992,"",0.35,0.12,0.12,0.12,0.05,0.00,0.00,0.39,"",0,0.0,-4,-6.8,-3,-5.2,-6,-9.8,167047,8.5,0,0.0,0,0.0,435,17.0
"06085","1","923120","78","0","2025","1","",2,55,55,55,2139625,0,0,2992,"",0.35,0.12,0.12,0.12,0.05,0.00,0.00,0.39,"",0,0.0,-4,-6.8,-3,-5.2,-6,-9.8,167047,8.5,0,0.0,0,0.0,435,17.0
"06085","1","92313","77","0","2025","1","",2,132,131,133,3344418,0,0,1949,"",0.20,0.27,0.27,0.28,0.11,0.00,0.00,0.39,"",0,0.0,-7,-5.0,-7,-5.1,-4,-2.9,17632,0.5,0,0.0,0,0.0,95,5.1
"06085","1","923130","78","0","2025","1","",2,132,131,133,3344418,0,0,1949,"",0.20,0.27,0.27,0.28,0.11,0.00,0.00,0.39,"",0,0.0,-7,-5.0,-7,-5.1,-4,-2.9,17632,0.5,0,0.0,0,0.0,95,5.1
"06085","1","92314","77","0","2025","1","",2,240,239,234,9678772,0,0,3133,"",0.79,0.30,0.30,0.30,0.16,0.00,0.00,0.55,"",0,0.0,-21,-8.0,-21,-8.1,-22,-8.6,103138,1.1,0,0.0,0,0.0,289,10.2
"06085","1","923140","78","0","2025","1","",2,240,239,234,9678772,0,0,3133,"",0.79,0.30,0.30,0.30,0.16,0.00,0.00,0.55,"",0,0.0,-21,-8.0,-21,-8.1,-22,-8.6,103138,1.1,0,0.0,0,0.0,289,10.2
"06085","1","924","75","0","2025","1","",3,271,270,278,9950713,0,0,2804,"",0.08,0.38,0.38,0.38,0.21,0.00,0.00,0.56,"",0,0.0,25,10.2,16,6.3,24,9.4,1850152,22.8,0,0.0,0,0.0,325,13.1
"06085","1","9241","76","0","2025","1","",3,271,270,278,9950713,0,0,2804,"",0.08,0.38,0.38,0.38,0.21,0.00,0.00,0.56,"",0,0.0,25,10.2,16,6.3,24,9.4,1850152,22.8,0,0.0,0,0.0,325,13.1
"06085","1","92412","77","0","2025","1","",3,271,270,278,9950713,0,0,2804,"",0.09,0.47,0.47,0.48,0.28,0.00,0.00,0.59,"",0,0.0,25,10.2,16,6.3,24,9.4,1850152,22.8,0,0.0,0,0.0,325,13.1
"06085","1","924120","78","0","2025","1","",3,271,270,278,9950713,0,0,2804,"",0.09,0.47,0.47,0.48,0.28,0.00,0.00,0.59,"",0,0.0,25,10.2,16,6.3,24,9.4,1850152,22.8,0,0.0,0,0.0,325,13.1
"06085","1","926","75","0","2025","1","",15,607,603,602,17156835,0,0,2185,"",0.24,0.32,0.32,0.32,0.11,0.00,0.00,0.35,"",2,15.4,12,2.0,3,0.5,6,1.0,2841739,19.9,0,0.0,0,0.0,341,18.5
"06085","1","9261","76","0","2025","1","",15,607,603,602,17156835,0,0,2185,"",0.24,0.32,0.32,0.32,0.11,0.00,0.00,0.35,"",2,15.4,12,2.0,3,0.5,6,1.0,2841739,19.9,0,0.0,0,0.0,341,18.5
"06085","1","92611","77","0","2025","1","",8,43,42,41,1108929,0,0,2031,"",0.34,0.12,0.12,0.12,0.04,0.00,0.00,0.32,"",2,33.3,3,7.5,-3,-6.7,-4,-8.9,264382,31.3,0,0.0,0,0.0,532,35.5
"06085","1","926110","78","0","2025","1","",8,43,42,41,1108929,0,0,2031,"",0.34,0.12,0.12,0.12,0.04,0.00,0.00,0.32,"",2,33.3,3,7.5,-3,-6.7,-4,-8.9,264382,31.3,0,0.0,0,0.0,532,35.5
"06085","1","92612","77","0","2025","1","",5,539,537,537,15247880,0,0,2181,"",0.71,0.65,0.65,0.65,0.25,0.00,0.00,0.38,"",0,0.0,9,1.7,5,0.9,8,1.5,2396796,18.7,0,0.0,0,0.0,317,17.0
"06085","1","926120","78","0","2025","1","",5,539,537,537,15247880,0,0,2181,"",0.71,0.65,0.65,0.65,0.25,0.00,0.00,0.38,"",0,0.0,9,1.7,5,0.9,8,1.5,2396796,18.7,0,0.0,0,0.0,317,17.0
"06085","1","92614","77","0","2025","1","",1,10,10,10,316699,0,0,2436,"",0.04,0.03,0.03,0.03,0.01,0.00,0.00,0.44,"",0,0.0,0,0.0,1,11.1,1,11.1,80358,34.0,0,0.0,0,0.0,488,25.1
"06085","1","926140","78","0","2025","1","",1,10,10,10,316699,0,0,2436,"",0.04,0.03,0.03,0.03,0.01,0.00,0.00,0.44,"",0,0.0,0,0.0,1,11.1,1,11.1,80358,34.0,0,0.0,0,0.0,488,25.1
"06085","1","92615","77","0","2025","1","",1,15,14,14,483327,0,0,2594,"",0.15,0.06,0.06,0.06,0.02,0.00,0.00,0.32,"",0,0.0,0,0.0,0,0.0,1,7.7,100203,26.2,0,0.0,0,0.0,489,23.2
"06085","1","926150","78","0","2025","1","",1,15,14,14,483327,0,0,2594,"",0.15,0.06,0.06,0.06,0.02,0.00,0.00,0.32,"",0,0.0,0,0.0,0,0.0,1,7.7,100203,26.2,0,0.0,0,0.0,489,23.2
"06085","1","927","75","0","2025","1","",1,1067,1066,1077,41595630,0,0,2990,"",1.30,8.21,8.23,8.36,3.60,0.00,0.00,0.44,"",0,0.0,-13,-1.2,-18,-1.7,-7,-0.6,791257,1.9,0,0.0,0,0.0,91,3.1
"06085","1","9271","76","0","2025","1","",1,1067,1066,1077,41595630,0,0,2990,"",1.30,8.21,8.23,8.36,3.60,0.00,0.00,0.44,"",0,0.0,-13,-1.2,-18,-1.7,-7,-0.6,791257,1.9,0,0.0,0,0.0,91,3.1
"06085","1","92711","77","0","2025","1","",1,1067,1066,1077,41595630,0,0,2990,"",1.30,8.21,8.23,8.36,3.60,0.00,0.00,0.44,"",0,0.0,-13,-1.2,-18,-1.7,-7,-0.6,791257,1.9,0,0.0,0,0.0,91,3.1
"06085","1","927110","78","0","2025","1","",1,1067,1066,1077,41595630,0,0,2990,"",1.30,8.21,8.23,8.36,3.60,0.00,0.00,0.44,"",0,0.0,-13,-1.2,-18,-1.7,-7,-0.6,791257,1.9,0,0.0,0,0.0,91,3.1
"06085","1","928","75","0","2025","1","",6,715,709,706,22419706,0,0,2429,"",0.34,0.16,0.16,0.16,0.07,0.00,0.00,0.44,"",0,0.0,-2,-0.3,1,0.1,8,1.1,963014,4.5,0,0.0,0,0.0,97,4.2
"06085","1","9281","76","0","2025","1","",6,715,709,706,22419706,0,0,2429,"",0.34,0.16,0.16,0.16,0.07,0.00,0.00,0.44,"",0,0.0,-2,-0.3,1,0.1,8,1.1,963014,4.5,0,0.0,0,0.0,97,4.2
"06085","1","92811","77","0","2025","1","",4,567,564,564,17607802,0,0,2397,"",0.29,0.14,0.14,0.14,0.06,0.00,0.00,0.45,"",0,0.0,-16,-2.7,-10,-1.7,-1,-0.2,-41230,-0.2,0,0.0,0,0.0,32,1.4
"06085","1","928110","78","0","2025","1","",4,567,564,564,17607802,0,0,2397,"",0.29,0.14,0.14,0.14,0.06,0.00,0.00,0.45,"",0,0.0,-16,-2.7,-10,-1.7,-1,-0.2,-41230,-0.2,0,0.0,0,0.0,32,1.4
"06085","1","92812","77","0","2025","1","",2,148,145,142,4811904,0,0,2553,"",0.50,0.46,0.44,0.44,0.17,0.00,0.00,0.38,"",0,0.0,14,10.4,11,8.2,9,6.8,1004244,26.4,0,0.0,0,0.0,362,16.5
"06085","1","928120","78","0","2025","1","",2,148,145,142,4811904,0,0,2553,"",0.50,0.46,0.44,0.44,0.17,0.00,0.00,0.38,"",0,0.0,14,10.4,11,8.2,9,6.8,1004244,26.4,0,0.0,0,0.0,362,16.5
"06085","2","10","71","0","2025","1","",200,6236,6471,6701,138077671,0,0,1642,"",0.39,0.18,0.18,0.19,0.07,0.00,0.00,0.41,"",-4,-2.0,183,3.0,173,2.7,260,4.0,6218862,4.7,0,0.0,0,0.0,23,1.4
"06085","2","102","72","0","2025","1","",200,6236,6471,6701,138077671,0,0,1642,"",0.40,0.18,0.19,0.19,0.08,0.00,0.00,0.40,"",-4,-2.0,183,3.0,173,2.7,260,4.0,6218862,4.7,0,0.0,0,0.0,23,1.4
"06085","2","1024","73","0","2025","1","",2,164,168,172,3197291,0,0,1464,"",0.22,0.55,0.56,0.58,0.19,0.00,0.00,0.34,"",0,0.0,48,41.4,54,47.4,58,50.9,683699,27.2,0,0.0,0,0.0,-222,-13.2
"06085","2","1025","73","0","2025","1","",153,4788,5006,5142,104559979,0,0,1616,"",1.42,0.24,0.25,0.25,0.10,0.00,0.00,0.40,"",-1,-0.6,67,1.4,53,1.1,74,1.5,1119906,1.1,0,0.0,0,0.0,-3,-0.2
"06085","2","1028","73","0","2025","1","",45,1284,1297,1387,30320401,0,0,1763,"",0.12,0.09,0.10,0.10,0.04,0.00,0.00,0.43,"",-2,-4.3,69,5.7,66,5.4,128,10.2,4419597,17.1,0,0.0,0,0.0,150,9.3
"06085","2","56","74","0","2025","1","",2,164,168,172,3197291,0,0,1464,"",0.49,1.69,1.67,1.76,0.73,0.00,0.00,0.43,"",0,0.0,48,41.4,54,47.4,58,50.9,683699,27.2,0,0.0,0,0.0,-222,-13.2
"06085","2","561","75","0","2025","1","",2,164,168,172,3197291,0,0,1464,"",0.50,1.74,1.72,1.81,0.75,0.00,0.00,0.43,"",0,0.0,48,41.4,54,47.4,58,50.9,683699,27.2,0,0.0,0,0.0,-222,-13.2
"06085","2","5613","76","0","2025","1","",2,164,168,172,3197291,0,0,1464,"",0.69,6.07,6.31,6.44,2.87,0.00,0.00,0.46,"",0,0.0,48,41.4,54,47.4,58,50.9,683699,27.2,0,0.0,0,0.0,-222,-13.2
"06085","2","56131","77","0","2025","1","",2,164,168,172,3197291,0,0,1464,"",0.69,6.15,6.33,6.46,2.88,0.00,0.00,0.46,"",0,0.0,48,41.4,54,47.4,58,50.9,683699,27.2,0,0.0,0,0.0,-222,-13.2
"06085","2","561311","78","0","2025","1","",2,164,168,172,3197291,0,0,1464,"",0.69,6.15,6.33,6.46,2.88,0.00,0.00,0.46,"",0,0.0,48,41.4,54,47.4,58,50.9,683699,27.2,0,0.0,0,0.0,-222,-13.2
"06085","2","61","74","0","2025","1","",153,4788,5006,5142,104559979,0,0,1616,"",2.58,0.33,0.33,0.34,0.14,0.00,0.00,0.41,"",-1,-0.6,67,1.4,53,1.1,74,1.5,1119906,1.1,0,0.0,0,0.0,-3,-0.2
"06085","2","611","75","0","2025","1","",153,4788,5006,5142,104559979,0,0,1616,"",2.58,0.33,0.33,0.34,0.14,0.00,0.00,0.41,"",-1,-0.6,67,1.4,53,1.1,74,1.5,1119906,1.1,0,0.0,0,0.0,-3,-0.2
"06085","2","6113","76","0","2025","1","",153,4788,5006,5142,104559979,0,0,1616,"",3.50,0.38,0.39,0.40,0.15,0.00,0.00,0.39,"",-1,-0.6,67,1.4,53,1.1,74,1.5,1119906,1.1,0,0.0,0,0.0,-3,-0.2
"06085","2","61131","77","0","2025","1","",153,4788,5006,5142,104559979,0,0,1616,"",3.50,0.38,0.39,0.40,0.15,0.00,0.00,0.39,"",-1,-0.6,67,1.4,53,1.1,74,1.5,1119906,1.1,0,0.0,0,0.0,-3,-0.2
"06085","2","611310","78","0","2025","1","",153,4788,5006,5142,104559979,0,0,1616,"",3.50,0.38,0.39,0.40,0.15,0.00,0.00,0.39,"",-1,-0.6,67,1.4,53,1.1,74,1.5,1119906,1.1,0,0.0,0,0.0,-3,-0.2
"06085","2","92","74","0","2025","1","",45,1284,1297,1387,30320401,0,0,1763,"",0.12,0.09,0.10,0.10,0.04,0.00,0.00,0.43,"",-2,-4.3,69,5.7,66,5.4,128,10.2,4419597,17.1,0,0.0,0,0.0,150,9.3
"06085","2","921","75","0","2025","1","",4,215,223,226,6800450,0,0,2363,"",0.08,0.12,0.13,0.13,0.07,0.00,0.00,0.54,"",-2,-33.3,-18,-7.7,-13,-5.5,-8,-3.4,-182161,-2.6,0,0.0,0,0.0,71,3.1
"06085","2","9211","76","0","2025","1","",4,215,223,226,6800450,0,0,2363,"",0.08,0.12,0.13,0.13,0.07,0.00,0.00,0.54,"",-2,-33.3,-18,-7.7,-13,-5.5,-8,-3.4,-182161,-2.6,0,0.0,0,0.0,71,3.1
"06085","2","92113","77","0","2025","1","",4,215,223,226,6800450,0,0,2363,"",0.23,0.29,0.30,0.30,0.16,0.00,0.00,0.53,"",0,0.0,-16,-6.9,-11,-4.7,-6,-2.6,-158116,-2.3,0,0.0,0,0.0,59,2.6
"06085","2","921130","78","0","2025","1","",4,215,223,226,6800450,0,0,2363,"",0.23,0.29,0.30,0.30,0.16,0.00,0.00,0.53,"",0,0.0,-16,-6.9,-11,-4.7,-6,-2.6,-158116,-2.3,0,0.0,0,0.0,59,2.6
"06085","2","922","75","0","2025","1","",10,258,263,274,5998168,0,0,1741,"",0.10,0.05,0.05,0.05,0.02,0.00,0.00,0.41,"",2,25.0,52,25.2,58,28.3,60,28.0,1558583,35.1,0,0.0,0,0.0,102,6.2
"06085","2","9221","76","0","2025","1","",10,258,263,274,5998168,0,0,1741,"",0.10,0.05,0.05,0.05,0.02,0.00,0.00,0.41,"",2,25.0,52,25.2,58,28.3,60,28.0,1558583,35.1,0,0.0,0,0.0,102,6.2
"06085","2","92212","77","0","2025","1","",6,207,207,215,4188089,0,0,1537,"",0.33,0.27,0.27,0.28,0.08,0.00,0.00,0.30,"",0,0.0,22,11.9,21,11.3,23,12.0,380469,10.0,0,0.0,0,0.0,-24,-1.5
"06085","2","922120","78","0","2025","1","",6,207,207,215,4188089,0,0,1537,"",0.33,0.27,0.27,0.28,0.08,0.00,0.00,0.30,"",0,0.0,22,11.9,21,11.3,23,12.0,380469,10.0,0,0.0,0,0.0,-24,-1.5
"06085","2","92214","77","0","2025","1","",2,24,28,29,799110,0,0,2277,"",0.07,0.01,0.01,0.01,0.01,0.00,0.00,0.57,"",2,100.0,24,100.0,28,100.0,29,100.0,799110,100.0,0,0.0,0,0.0,2277,100.0
"06085","2","922140","78","0","2025","1","",2,24,28,29,799110,0,0,2277,"",0.07,0.01,0.01,0.01,0.01,0.00,0.00,0.57,"",2,100.0,24,100.0,28,100.0,29,100.0,799110,100.0,0,0.0,0,0.0,2277,100.0
"06085","2","92215","77","0","2025","1","",2,27,28,30,1010969,0,0,2745,"",0.30,0.18,0.19,0.20,0.15,0.00,0.00,0.76,"",0,0.0,6,28.6,9,47.4,8,36.4,379004,60.0,0,0.0,0,0.0,393,16.7
"06085","2","922150","78","0","2025","1","",2,27,28,30,1010969,0,0,2745,"",0.30,0.18,0.19,0.20,0.15,0.00,0.00,0.76,"",0,0.0,6,28.6,9,47.4,8,36.4,379004,60.0,0,0.0,0,0.0,393,16.7
"06085","2","923","75","0","2025","1","",7,187,191,188,4292445,0,0,1750,"",0.09,0.06,0.06,0.06,0.03,0.00,0.00,0.45,"",0,0.0,11,6.2,14,7.9,12,6.8,553527,14.8,0,0.0,0,0.0,119,7.3
"06085","2","9231","76","0","2025","1","",7,187,191,188,4292445,0,0,1750,"",0.09,0.06,0.06,0.06,0.03,0.00,0.00,0.45,"",0,0.0,11,6.2,14,7.9,12,6.8,553527,14.8,0,0.0,0,0.0,119,7.3
"06085","2","92313","77","0","2025","1","",7,187,191,188,4292445,0,0,1750,"",0.18,0.11,0.11,0.11,0.05,0.00,0.00,0.47,"",0,0.0,11,6.2,14,7.9,12,6.8,553527,14.8,0,0.0,0,0.0,119,7.3
"06085","2","923130","78","0","2025","1","",7,187,191,188,4292445,0,0,1750,"",0.18,0.11,0.11,0.11,0.05,0.00,0.00,0.47,"",0,0.0,11,6.2,14,7.9,12,6.8,553527,14.8,0,0.0,0,0.0,119,7.3
"06085","2","924","75","0","2025","1","",2,273,269,353,6538629,0,0,1686,"",0.04,0.25,0.25,0.32,0.12,0.00,0.00,0.43,"",0,0.0,40,17.2,21,8.5,79,28.8,2432523,59.2,0,0.0,0,0.0,431,34.3
"06085","2","9241","76","0","2025","1","",2,273,269,353,6538629,0,0,1686,"",0.04,0.25,0.25,0.32,0.12,0.00,0.00,0.43,"",0,0.0,40,17.2,21,8.5,79,28.8,2432523,59.2,0,0.0,0,0.0,431,34.3
"06085","2","92412","77","0","2025","1","",2,273,269,353,6538629,0,0,1686,"",0.05,0.36,0.35,0.45,0.18,0.00,0.00,0.47,"",0,0.0,40,17.2,21,8.5,79,28.8,2432523,59.2,0,0.0,0,0.0,431,34.3
"06085","2","924120","78","0","2025","1","",2,273,269,353,6538629,0,0,1686,"",0.05,0.36,0.35,0.45,0.18,0.00,0.00,0.47,"",0,0.0,40,17.2,21,8.5,79,28.8,2432523,59.2,0,0.0,0,0.0,431,34.3
"06085","2","926","75","0","2025","1","",22,351,351,346,6690709,0,0,1473,"",0.28,0.15,0.15,0.15,0.05,0.00,0.00,0.36,"",-2,-8.3,-16,-4.4,-14,-3.8,-15,-4.2,57125,0.9,0,0.0,0,0.0,72,5.1
"06085","2","9261","76","0","2025","1","",22,351,351,346,6690709,0,0,1473,"",0.28,0.15,0.15,0.15,0.05,0.00,0.00,0.36,"",-2,-8.3,-16,-4.4,-14,-3.8,-15,-4.2,57125,0.9,0,0.0,0,0.0,72,5.1
"06085","2","92612","77","0","2025","1","",10,239,236,232,3572632,0,0,1166,"",0.35,0.18,0.18,0.17,0.05,0.00,0.00,0.27,"",-1,-9.1,-18,-7.0,-20,-7.8,-21,-8.3,-157871,-4.2,0,0.0,0,0.0,42,3.7
"06085","2","926120","78","0","2025","1","",10,239,236,232,3572632,0,0,1166,"",0.35,0.18,0.18,0.17,0.05,0.00,0.00,0.27,"",-1,-9.1,-18,-7.0,-20,-7.8,-21,-8.3,-157871,-4.2,0,0.0,0,0.0,42,3.7
"06085","2","92614","77","0","2025","1","",1,19,21,21,324934,0,0,1229,"",0.05,0.08,0.09,0.09,0.03,0.00,0.00,0.39,"",-1,-50.0,-8,-29.6,-5,-19.2,-4,-16.0,-88072,-21.3,0,0.0,0,0.0,7,0.6
"06085","2","926140","78","0","2025","1","",1,19,21,21,324934,0,0,1229,"",0.05,0.08,0.09,0.09,0.03,0.00,0.00,0.39,"",-1,-50.0,-8,-29.6,-5,-19.2,-4,-16.0,-88072,-21.3,0,0.0,0,0.0,7,0.6
"06085","2","92615","77","0","2025","1","",11,93,94,93,2793143,0,0,2302,"",0.58,0.23,0.23,0.23,0.13,0.00,0.00,0.58,"",0,0.0,10,12.0,11,13.3,10,12.0,303068,12.2,0,0.0,0,0.0,-6,-0.3
"06085","2","926150","78","0","2025","1","",11,93,94,93,2793143,0,0,2302,"",0.58,0.23,0.23,0.23,0.13,0.00,0.00,0.58,"",0,0.0,10,12.0,11,13.3,10,12.0,303068,12.2,0,0.0,0,0.0,-6,-0.3
"06085","3","10","71","0","2025","1","",1107,80577,81251,81960,2185454091,6400379,165051,2069,"",0.90,0.75,0.75,0.76,0.47,0.09,0.15,0.63,"",-11,-1.0,588,0.7,811,1.0,406,0.5,153810802,7.6,473539,8.0,24714,17.6,132,6.8
"06085","3","101","72","0","2025","1","",8,890,900,896,23551814,0,0,2023,"",0.26,1.10,1.11,1.11,0.65,0.00,0.00,0.59,"",0,0.0,21,2.4,30,3.4,21,2.4,1618455,7.4,0,0.0,0,0.0,87,4.5
"06085","3","1012","73","0","2025","1","",3,864,874,870,22652593,0,0,2004,"",0.10,1.10,1.11,1.11,0.65,0.00,0.00,0.58,"",0,0.0,16,1.9,25,2.9,16,1.9,1406688,6.6,0,0.0,0,0.0,82,4.3
"06085","3","1013","73","0","2025","1","",5,26,26,26,899221,0,0,2660,"",14.36,2.61,2.70,2.76,1.92,0.00,0.00,0.71,"",0,0.0,5,23.8,5,23.8,5,23.8,211767,30.8,0,0.0,0,0.0,142,5.6
"06085","3","102","72","0","2025","1","",1099,79687,80351,81064,2161902277,6400379,165051,2069,"",0.92,0.75,0.75,0.75,0.47,0.09,0.15,0.63,"",-11,-1.0,567,0.7,781,1.0,385,0.5,152192347,7.6,473539,8.0,24714,17.6,131,6.8
"06085","3","1021","73","0","2025","1","",29,4487,4479,4502,156070763,13356,206,2674,"",0.34,1.07,1.07,1.07,0.66,0.00,0.00,0.62,"",0,0.0,4,0.1,1,0.0,-36,-0.8,15886788,11.3,-774,-5.5,-13,-5.9,278,11.6
"06085","3","1022","73","0","2025","1","",6,1225,1240,1255,20214561,0,0,1254,"",0.16,1.35,1.36,1.38,0.78,0.00,0.00,0.58,"",0,0.0,16,1.3,34,2.8,43,3.5,3185881,18.7,0,0.0,0,0.0,171,15.8
"06085","3","1023","73","0","2025","1","",2,6,6,6,194711,42000,2275,2496,"",0.15,0.02,0.02,0.02,0.01,0.03,0.06,0.68,"",0,0.0,0,0.0,0,0.0,0,0.0,3673,1.9,0,0.0,0,0.0,47,1.9
"06085","3","1024","73","0","2025","1","",5,315,318,317,10068686,0,0,2446,"",0.15,0.43,0.43,0.43,0.31,0.00,0.00,0.71,"",0,0.0,29,10.1,27,9.3,23,7.8,2485161,32.8,0,0.0,0,0.0,437,21.8
"06085","3","1025","73","0","2025","1","",969,48485,49338,49896,1204749310,4145669,104666,1882,"",1.85,0.73,0.73,0.74,0.45,0.17,0.37,0.61,"",-10,-1.0,731,1.5,1453,3.0,1379,2.8,58377462,5.1,248377,6.4,18219,21.1,47,2.6
"06085","3","1026","73","0","2025","1","",20,2405,2451,2461,35166679,426265,6393,1109,"",0.61,0.86,0.87,0.87,0.44,0.07,0.04,0.51,"",-1,-4.8,-33,-1.4,21,0.9,-22,-0.9,2086927,6.3,26157,6.5,392,6.5,71,6.8
"06085","3","1027","73","0","2025","1","",3,68,62,62,2045398,418959,12150,2458,"",0.20,0.28,0.26,0.26,0.21,1.04,1.04,0.81,"",0,0.0,-2,-2.9,0,0.0,-1,-1.6,268150,15.1,14858,3.7,2452,25.3,355,16.9
"06085","3","1028","73","0","2025","1","",65,22696,22457,22565,733392169,1354130,39361,2499,"",0.14,0.74,0.73,0.74,0.48,0.04,0.09,0.65,"",0,0.0,-178,-0.8,-755,-3.3,-1001,-4.2,69898305,10.5,184921,15.8,3664,10.3,301,13.7
"06085","3","22","74","0","2025","1","",12,1802,1804,1812,83114816,13356,206,3540,"",0.20,0.97,0.97,0.98,0.72,0.00,0.01,0.74,"",0,0.0,-8,-0.4,-9,-0.5,-11,-0.6,13616042,19.6,-774,-5.5,-13,-5.9,595,20.2
"06085","3","221","75","0","2025","1","",12,1802,1804,1812,83114816,13356,206,3540,"",0.20,0.97,0.97,0.98,0.72,0.00,0.01,0.74,"",0,0.0,-8,-0.4,-9,-0.5,-11,-0.6,13616042,19.6,-774,-5.5,-13,-5.9,595,20.2
"06085","3","2211","76","0","2025","1","",2,416,423,427,32571561,0,0,5937,"",0.30,0.70,0.71,0.72,0.68,0.00,0.00,0.96,"",0,0.0,14,3.5,18,4.4,17,4.1,11884114,57.4,0,0.0,0,0.0,2014,51.3
"06085","3","22111","77","0","2025","1","",1,194,202,201,11395773,0,0,4405,"",0.58,1.19,1.24,1.24,0.91,0.00,0.00,0.75,"",0,0.0,11,6.0,19,10.4,14,7.5,439114,4.0,0,0.0,0,0.0,-167,-3.7
"06085","3","221111","78","0","2025","1","",1,194,202,201,11395773,0,0,4405,"",2.35,6.39,6.70,6.71,4.94,0.00,0.00,0.75,"",0,0.0,11,6.0,19,10.4,14,7.5,439114,4.0,0,0.0,0,0.0,-167,-3.7
"06085","3","22112","77","0","2025","1","",1,222,221,226,21175788,0,0,7305,"",0.21,0.51,0.51,0.52,0.60,0.00,0.00,1.16,"",0,0.0,3,1.4,-1,-0.5,3,1.3,11445000,117.6,0,0.0,0,0.0,3923,116.0
"06085","3","221122","78","0","2025","1","",1,222,221,226,21175788,0,0,7305,"",0.23,0.58,0.58,0.60,0.68,0.00,0.00,1.16,"",0,0.0,3,1.4,-1,-0.5,3,1.3,11445000,117.6,0,0.0,0,0.0,3923,116.0
"06085","3","2213","76","0","2025","1","",10,1386,1381,1385,50543255,13356,206,2809,"",0.20,1.14,1.14,1.14,0.78,0.01,0.01,0.68,"",0,0.0,-22,-1.6,-27,-1.9,-28,-2.0,1731928,3.5,-774,-5.5,-13,-5.9,145,5.4
"06085","3","22131","77","0","2025","1","",5,1105,1093,1097,41816615,0,0,2929,"",0.14,1.32,1.31,1.31,0.94,0.00,0.00,0.72,"",0,0.0,-28,-2.5,-37,-3.3,-40,-3.5,1145283,2.8,0,0.0,0,0.0,169,6.1
"06085","3","221310","78","0","2025","1","",5,1105,1093,1097,41816615,0,0,2929,"",0.14,1.32,1.31,1.31,0.94,0.00,0.00,0.72,"",0,0.0,-28,-2.5,-37,-3.3,-40,-3.5,1145283,2.8,0,0.0,0,0.0,169,6.1
"06085","3","22132","77","0","2025","1","",5,281,288,288,8726640,13356,206,2350,"",0.30,0.75,0.76,0.76,0.42,0.02,0.02,0.55,"",0,0.0,6,2.2,10,3.6,12,4.3,586645,7.2,-774,-5.5,-13,-5.9,84,3.7
"06085","3","221320","78","0","2025","1","",5,281,288,288,8726640,13356,206,2350,"",0.30,0.75,0.76,0.76,0.42,0.02,0.02,0.55,"",0,0.0,6,2.2,10,3.6,12,4.3,586645,7.2,-774,-5.5,-13,-5.9,84,3.7
"06085","3","23","74","0","2025","1","",3,864,874,870,22652593,0,0,2004,"",0.10,1.10,1.11,1.11,0.65,0.00,0.00,0.58,"",0,0.0,16,1.9,25,2.9,16,1.9,1406688,6.6,0,0.0,0,0.0,82,4.3
"06085","3","237","75","0","2025","1","",3,864,874,870,22652593,0,0,2004,"",0.10,1.14,1.16,1.15,0.68,0.00,0.00,0.59,"",0,0.0,16,1.9,25,2.9,16,1.9,1406688,6.6,0,0.0,0,0.0,82,4.3
"06085","3","2373","76","0","2025","1","",3,864,874,870,22652593,0,0,2004,"",0.11,1.18,1.19,1.19,0.70,0.00,0.00,0.59,"",0,0.0,16,1.9,25,2.9,16,1.9,1406688,6.6,0,0.0,0,0.0,82,4.3
"06085","3","23731","77","0","2025","1","",3,864,874,870,22652593,0,0,2004,"",0.11,1.18,1.19,1.19,0.70,0.00,0.00,0.59,"",0,0.0,16,1.9,25,2.9,16,1.9,1406688,6.6,0,0.0,0,0.0,82,4.3
"06085","3","237310","78","0","2025","1","",3,864,874,870,22652593,0,0,2004,"",0.11,1.18,1.19,1.19,0.70,0.00,0.00,0.59,"",0,0.0,16,1.9,25,2.9,16,1.9,1406688,6.6,0,0.0,0,0.0,82,4.3
"06085","3","31-33","74","0","2025","1","",5,26,26,26,899221,0,0,2660,"",14.36,2.61,2.70,2.76,1.92,0.00,0.00,0.71,"",0,0.0,5,23.8,5,23.8,5,23.8,211767,30.8,0,0.0,0,0.0,142,5.6
"06085","3","332","75","0","2025","1","",5,26,26,26,899221,0,0,2660,"N",117.26,0,0,0,0,0,0,0,"",0,0.0,5,23.8,5,23.8,5,23.8,211767,30.8,0,0.0,0,0.0,142,5.6
"06085","3","3324","76","0","2025","1","",5,26,26,26,899221,0,0,2660,"",140.71,138.80,138.81,139.00,53.95,0.00,0.00,0.39,"",0,0.0,5,23.8,5,23.8,5,23.8,211767,30.8,0,0.0,0,0.0,142,5.6
"06085","3","33243","77","0","2025","1","",5,26,26,26,899221,0,0,2660,"",140.71,138.80,138.81,139.00,53.95,0.00,0.00,0.39,"",0,0.0,5,23.8,5,23.8,5,23.8,211767,30.8,0,0.0,0,0.0,142,5.6
"06085","3","332431","78","0","2025","1","",5,26,26,26,899221,0,0,2660,"",140.71,138.80,138.81,139.00,53.95,0.00,0.00,0.39,"",0,0.0,5,23.8,5,23.8,5,23.8,211767,30.8,0,0.0,0,0.0,142,5.6
"06085","3","48-49","74","0","2025","1","",17,2685,2675,2690,72955947,0,0,2091,"",0.81,1.19,1.18,1.19,0.62,0.00,0.00,0.52,"",0,0.0,12,0.4,10,0.4,-25,-0.9,2270746,3.2,0,0.0,0,0.0,65,3.2
"06085","3","485","75","0","2025","1","",9,2377,2367,2381,64366988,0,0,2085,"",0.71,1.31,1.30,1.31,0.70,0.00,0.00,0.54,"",0,0.0,5,0.2,7,0.3,-31,-1.3,1480053,2.4,0,0.0,0,0.0,54,2.7
"06085","3","4851","76","0","2025","1","",5,2301,2293,2307,62935040,0,0,2105,"",1.36,1.75,1.74,1.75,0.83,0.00,0.00,0.47,"",0,0.0,10,0.4,11,0.5,-26,-1.1,1446209,2.4,0,0.0,0,0.0,50,2.4
"06085","3","48511","77","0","2025","1","",5,2301,2293,2307,62935040,0,0,2105,"",1.36,1.75,1.74,1.75,0.83,0.00,0.00,0.47,"",0,0.0,10,0.4,11,0.5,-26,-1.1,1446209,2.4,0,0.0,0,0.0,50,2.4
"06085","3","485113","78","0","2025","1","",5,2301,2293,2307,62935040,0,0,2105,"",1.87,4.68,4.63,4.69,2.43,0.00,0.00,0.52,"",0,0.0,10,0.4,11,0.5,-26,-1.1,1446209,2.4,0,0.0,0,0.0,50,2.4
"06085","3","4854","76","0","2025","1","",4,76,74,74,1431948,0,0,1475,"",0.50,0.17,0.16,0.16,0.12,0.00,0.00,0.71,"",0,0.0,-5,-6.2,-4,-5.1,-5,-6.3,33844,2.4,0,0.0,0,0.0,119,8.8
"06085","3","48541","77","0","2025","1","",4,76,74,74,1431948,0,0,1475,"",0.50,0.17,0.16,0.16,0.12,0.00,0.00,0.71,"",0,0.0,-5,-6.2,-4,-5.1,-5,-6.3,33844,2.4,0,0.0,0,0.0,119,8.8
"06085","3","485410","78","0","2025","1","",4,76,74,74,1431948,0,0,1475,"",0.50,0.17,0.16,0.16,0.12,0.00,0.00,0.71,"",0,0.0,-5,-6.2,-4,-5.1,-5,-6.3,33844,2.4,0,0.0,0,0.0,119,8.8
"06085","3","488","75","0","2025","1","",2,226,227,227,6651389,0,0,2257,"",0.32,0.62,0.62,0.62,0.29,0.00,0.00,0.47,"",0,0.0,5,2.3,4,1.8,5,2.3,644671,10.7,0,0.0,0,0.0,176,8.5
"06085","3","4881","76","0","2025","1","",2,226,227,227,6651389,0,0,2257,"",0.47,0.86,0.86,0.87,0.43,0.00,0.00,0.49,"",0,0.0,5,2.3,4,1.8,5,2.3,644671,10.7,0,0.0,0,0.0,176,8.5
"06085","3","48811","77","0","2025","1","",2,226,227,227,6651389,0,0,2257,"N",0.48,0,0,0,0,0,0,0,"",0,0.0,5,2.3,4,1.8,5,2.3,644671,10.7,0,0.0,0,0.0,176,8.5
"06085","3","488119","78","0","2025","1","",2,226,227,227,6651389,0,0,2257,"",0.51,0.90,0.90,0.91,0.45,0.00,0.00,0.49,"",0,0.0,5,2.3,4,1.8,5,2.3,644671,10.7,0,0.0,0,0.0,176,8.5
"06085","3","493","75","0","2025","1","",6,82,81,82,1937570,0,0,1825,"",3.39,1.31,1.29,1.30,0.69,0.00,0.00,0.53,"",0,0.0,2,2.5,-1,-1.2,1,1.2,146022,8.2,0,0.0,0,0.0,124,7.3
"06085","3","4931","76","0","2025","1","",6,82,81,82,1937570,0,0,1825,"",3.39,1.31,1.29,1.30,0.69,0.00,0.00,0.53,"",0,0.0,2,2.5,-1,-1.2,1,1.2,146022,8.2,0,0.0,0,0.0,124,7.3
"06085","3","49311","77","0","2025","1","",6,82,81,82,1937570,0,0,1825,"",3.62,1.35,1.33,1.33,0.71,0.00,0.00,0.53,"",0,0.0,2,2.5,-1,-1.2,1,1.2,146022,8.2,0,0.0,0,0.0,124,7.3
"06085","3","493110","78","0","2025","1","",6,82,81,82,1937570,0,0,1825,"",3.62,1.35,1.33,1.33,0.71,0.00,0.00,0.53,"",0,0.0,2,2.5,-1,-1.2,1,1.2,146022,8.2,0,0.0,0,0.0,124,7.3
"06085","3","51","74","0","2025","1","",6,1225,1240,1255,20214561,0,0,1254,"",0.16,1.35,1.36,1.38,0.78,0.00,0.00,0.58,"",0,0.0,16,1.3,34,2.8,43,3.5,3185881,18.7,0,0.0,0,0.0,171,15.8
"06085","3","519","75","0","2025","1","",6,1225,1240,1255,20214561,0,0,1254,"",0.17,1.38,1.40,1.42,0.82,0.00,0.00,0.59,"",0,0.0,16,1.3,34,2.8,43,3.5,3185881,18.7,0,0.0,0,0.0,171,15.8
"06085","3","5192","76","0","2025","1","",6,1225,1240,1255,20214561,0,0,1254,"",0.17,1.38,1.40,1.42,0.82,0.00,0.00,0.59,"",0,0.0,16,1.3,34,2.8,43,3.5,3185881,18.7,0,0.0,0,0.0,171,15.8
"06085","3","51921","77","0","2025","1","",6,1225,1240,1255,20214561,0,0,1254,"N",0.17,0,0,0,0,0,0,0,"",0,0.0,16,1.3,34,2.8,43,3.5,3185881,18.7,0,0.0,0,0.0,171,15.8
"06085","3","519210","78","0","2025","1","",6,1225,1240,1255,20214561,0,0,1254,"N",0.17,0,0,0,0,0,0,0,"",0,0.0,16,1.3,34,2.8,43,3.5,3185881,18.7,0,0.0,0,0.0,171,15.8
"06085","3","52","74","0","2025","1","",2,6,6,6,194711,42000,2275,2496,"",1.37,0.06,0.06,0.06,0.03,0.10,0.16,0.47,"",0,0.0,0,0.0,0,0.0,0,0.0,3673,1.9,0,0.0,0,0.0,47,1.9
"06085","3","524","75","0","2025","1","",2,6,6,6,194711,42000,2275,2496,"",2.99,0.08,0.08,0.08,0.04,0.19,0.19,0.49,"",0,0.0,0,0.0,0,0.0,0,0.0,3673,1.9,0,0.0,0,0.0,47,1.9
"06085","3","5242","76","0","2025","1","",2,6,6,6,194711,42000,2275,2496,"",5.86,0.42,0.42,0.42,0.20,1.84,2.19,0.47,"",0,0.0,0,0.0,0,0.0,0,0.0,3673,1.9,0,0.0,0,0.0,47,1.9
"06085","3","52429","77","0","2025","1","",2,6,6,6,194711,42000,2275,2496,"N",8.04,0,0,0,0,0,0,0,"",0,0.0,0,0.0,0,0.0,0,0.0,3673,1.9,0,0.0,0,0.0,47,1.9
"06085","3","524291","78","0","2025","1","",1,5,5,5,183791,35000,2170,2828,"",17.59,3.14,3.11,3.08,1.57,20.78,24.48,0.51,"",0,0.0,0,0.0,0,0.0,0,0.0,3673,2.0,0,0.0,0,0.0,57,2.1
"06085","3","524292","78","0","2025","1","",1,1,1,1,10920,7000,105,840,"",7.82,0.11,0.11,0.11,0.02,0.45,0.12,0.15,"",0,0.0,0,0.0,0,0.0,0,0.0,0,0.0,0,0.0,0,0.0,0,0.0
"06085","3","54","74","0","2025","1","",2,75,75,73,4332460,0,0,4483,"",0.22,0.47,0.48,0.46,0.47,0.00,0.00,1.00,"",0,0.0,1,1.4,2,2.7,2,2.8,1885000,77.0,0,0.0,0,0.0,1892,73.0
"06085","3","541","75","0","2025","1","",2,75,75,73,4332460,0,0,4483,"",0.22,0.47,0.48,0.46,0.47,0.00,0.00,1.00,"",0,0.0,1,1.4,2,2.7,2,2.8,1885000,77.0,0,0.0,0,0.0,1892,73.0
"06085","3","5413","76","0","2025","1","",1,40,40,39,3388481,0,0,6571,"",0.29,0.65,0.65,0.63,0.96,0.00,0.00,1.50,"",0,0.0,-1,-2.4,-1,-2.4,-2,-4.9,1721322,103.2,0,0.0,0,0.0,3443,110.1
"06085","3","54132","77","0","2025","1","",1,40,40,39,3388481,0,0,6571,"",6.70,6.57,6.80,6.19,6.20,0.00,0.00,0.95,"",0,0.0,-1,-2.4,-1,-2.4,-2,-4.9,1721322,103.2,0,0.0,0,0.0,3443,110.1
"06085","3","541320","78","0","2025","1","",1,40,40,39,3388481,0,0,6571,"",6.70,6.57,6.80,6.19,6.20,0.00,0.00,0.95,"",0,0.0,-1,-2.4,-1,-2.4,-2,-4.9,1721322,103.2,0,0.0,0,0.0,3443,110.1
"06085","3","5416","76","0","2025","1","",1,35,35,34,943979,0,0,2095,"",0.63,2.20,2.20,2.11,0.92,0.00,0.00,0.42,"",0,0.0,2,6.1,3,9.4,4,13.3,163678,21.0,0,0.0,0,0.0,200,10.6
"06085","3","54169","77","0","2025","1","",1,35,35,34,943979,0,0,2095,"",1.30,6.01,6.04,5.70,2.54,0.00,0.00,0.43,"",0,0.0,2,6.1,3,9.4,4,13.3,163678,21.0,0,0.0,0,0.0,200,10.6
"06085","3","541690","78","0","2025","1","",1,35,35,34,943979,0,0,2095,"",1.30,6.01,6.04,5.70,2.54,0.00,0.00,0.43,"",0,0.0,2,6.1,3,9.4,4,13.3,163678,21.0,0,0.0,0,0.0,200,10.6
"06085","3","56","74","0","2025","1","",3,240,243,244,5736226,0,0,1821,"",0.12,0.42,0.42,0.43,0.24,0.00,0.00,0.58,"",0,0.0,28,13.2,25,11.5,21,9.4,600161,11.7,0,0.0,0,0.0,6,0.3
"06085","3","561","75","0","2025","1","",3,240,243,244,5736226,0,0,1821,"",0.18,0.62,0.61,0.63,0.36,0.00,0.00,0.58,"",0,0.0,28,13.2,25,11.5,21,9.4,600161,11.7,0,0.0,0,0.0,6,0.3
"06085","3","5611","76","0","2025","1","",1,1,1,1,18314,0,0,1409,"",0.70,0.03,0.03,0.03,0.01,0.00,0.00,0.32,"",0,0.0,1,100.0,1,100.0,1,100.0,18314,100.0,0,0.0,0,0.0,1409,100.0
"06085","3","56111","77","0","2025","1","",1,1,1,1,18314,0,0,1409,"",0.70,0.03,0.03,0.03,0.01,0.00,0.00,0.32,"",0,0.0,1,100.0,1,100.0,1,100.0,18314,100.0,0,0.0,0,0.0,1409,100.0
"06085","3","561110","78","0","2025","1","",1,1,1,1,18314,0,0,1409,"",0.70,0.03,0.03,0.03,0.01,0.00,0.00,0.32,"",0,0.0,1,100.0,1,100.0,1,100.0,18314,100.0,0,0.0,0,0.0,1409,100.0
"06085","3","5617","76","0","2025","1","",2,239,242,243,5717912,0,0,1823,"",0.19,1.30,1.30,1.30,0.87,0.00,0.00,0.67,"",0,0.0,27,12.7,24,11.0,20,9.0,581847,11.3,0,0.0,0,0.0,8,0.4
"06085","3","56173","77","0","2025","1","",2,239,242,243,5717912,0,0,1823,"",1.16,7.60,7.61,7.55,5.27,0.00,0.00,0.70,"",0,0.0,27,12.7,24,11.0,20,9.0,581847,11.3,0,0.0,0,0.0,8,0.4
"06085","3","561730","78","0","2025","1","",2,239,242,243,5717912,0,0,1823,"",1.16,7.60,7.61,7.55,5.27,0.00,0.00,0.70,"",0,0.0,27,12.7,24,11.0,20,9.0,581847,11.3,0,0.0,0,0.0,8,0.4
"06085","3","61","74","0","2025","1","",956,38000,38701,39172,892239526,3816669,95125,1777,"",2.03,0.64,0.64,0.65,0.38,0.20,0.48,0.60,"",-11,-1.1,945,2.6,1560,4.2,1434,3.8,32713248,3.8,269377,7.6,17778,23.0,5,0.3
"06085","3","611","75","0","2025","1","",956,38000,38701,39172,892239526,3816669,95125,1777,"",2.03,0.64,0.64,0.65,0.38,0.20,0.48,0.60,"",-11,-1.1,945,2.6,1560,4.2,1434,3.8,32713248,3.8,269377,7.6,17778,23.0,5,0.3
"06085","3","6111","76","0","2025","1","",737,33342,33698,33928,768602795,3816669,95125,1757,"",1.63,0.60,0.60,0.60,0.35,0.22,0.52,0.59,"",-5,-0.7,774,2.4,738,2.2,713,2.1,27888198,3.8,269377,7.6,17778,23.0,26,1.5
"06085","3","61111","77","0","2025","1","",737,33342,33698,33928,768602795,3816669,95125,1757,"",1.63,0.60,0.60,0.60,0.35,0.22,0.52,0.59,"",-5,-0.7,774,2.4,738,2.2,713,2.1,27888198,3.8,269377,7.6,17778,23.0,26,1.5
"06085","3","611110","78","0","2025","1","",737,33342,33698,33928,768602795,3816669,95125,1757,"",1.63,0.60,0.60,0.60,0.35,0.22,0.52,0.59,"",-5,-0.7,774,2.4,738,2.2,713,2.1,27888198,3.8,269377,7.6,17778,23.0,26,1.5
"06085","3","6112","76","0","2025","1","",216,4513,4864,5089,120103165,0,0,1916,"",21.08,1.71,1.65,1.68,1.11,0.00,0.00,0.66,"",-6,-2.7,159,3.7,825,20.4,707,16.1,4685611,4.1,0,0.0,0,0.0,-169,-8.1
"06085","3","61121","77","0","2025","1","",216,4513,4864,5089,120103165,0,0,1916,"",21.08,1.71,1.65,1.68,1.11,0.00,0.00,0.66,"",-6,-2.7,159,3.7,825,20.4,707,16.1,4685611,4.1,0,0.0,0,0.0,-169,-8.1
"06085","3","611210","78","0","2025","1","",216,4513,4864,5089,120103165,0,0,1916,"",21.08,1.71,1.65,1.68,1.11,0.00,0.00,0.66,"",-6,-2.7,159,3.7,825,20.4,707,16.1,4685611,4.1,0,0.0,0,0.0,-169,-8.1
"06085","3","6117","76","0","2025","1","",3,145,139,155,3533566,0,0,1857,"",1.04,0.52,0.48,0.55,0.38,0.00,0.00,0.73,"",0,0.0,12,9.0,-3,-2.1,14,9.9,139439,4.1,0,0.0,0,0.0,-26,-1.4
"06085","3","61171","77","0","2025","1","",3,145,139,155,3533566,0,0,1857,"",1.04,0.52,0.48,0.55,0.38,0.00,0.00,0.73,"",0,0.0,12,9.0,-3,-2.1,14,9.9,139439,4.1,0,0.0,0,0.0,-26,-1.4
"06085","3","611710","78","0","2025","1","",3,145,139,155,3533566,0,0,1857,"",1.04,0.52,0.48,0.55,0.38,0.00,0.00,0.73,"",0,0.0,12,9.0,-3,-2.1,14,9.9,139439,4.1,0,0.0,0,0.0,-26,-1.4
"06085","3","62","74","0","2025","1","",13,10485,10637,10724,312509784,329000,9541,2265,"",0.25,1.52,1.54,1.54,0.88,0.05,0.12,0.58,"",1,8.3,-214,-2.0,-107,-1.0,-55,-0.5,25664214,8.9,-21000,-6.0,441,4.8,211,10.3
"06085","3","622","75","0","2025","1","",1,10296,10453,10531,308144630,0,0,2273,"",0.10,2.06,2.08,2.09,1.12,0.00,0.00,0.54,"",0,0.0,-216,-2.1,-110,-1.0,-66,-0.6,25236812,8.9,0,0.0,0,0.0,212,10.3
"06085","3","6221","76","0","2025","1","",1,10296,10453,10531,308144630,0,0,2273,"",0.10,2.07,2.10,2.11,1.13,0.00,0.00,0.54,"",0,0.0,-216,-2.1,-110,-1.0,-66,-0.6,25236812,8.9,0,0.0,0,0.0,212,10.3
"06085","3","62211","77","0","2025","1","",1,10296,10453,10531,308144630,0,0,2273,"",0.10,2.07,2.10,2.11,1.13,0.00,0.00,0.54,"",0,0.0,-216,-2.1,-110,-1.0,-66,-0.6,25236812,8.9,0,0.0,0,0.0,212,10.3
"06085","3","622110","78","0","2025","1","",1,10296,10453,10531,308144630,0,0,2273,"",0.10,2.07,2.10,2.11,1.13,0.00,0.00,0.54,"",0,0.0,-216,-2.1,-110,-1.0,-66,-0.6,25236812,8.9,0,0.0,0,0.0,212,10.3
"06085","3","624","75","0","2025","1","",12,189,184,193,4365154,329000,9541,1780,"",0.59,0.22,0.21,0.22,0.13,0.19,0.29,0.60,"",1,9.1,2,1.1,3,1.7,11,6.0,427402,10.9,-21000,-6.0,441,4.8,128,7.7
"06085","3","6241","76","0","2025","1","",1,46,46,47,1294390,329000,9541,2149,"",0.08,0.06,0.06,0.06,0.04,0.23,0.41,0.70,"",0,0.0,-2,-4.2,-3,-6.1,-2,-4.1,-25777,-2.0,-21000,-6.0,441,4.8,62,3.0
"06085","3","62411","77","0","2025","1","",1,46,46,47,1294390,329000,9541,2149,"",0.55,0.36,0.37,0.37,0.27,3.20,6.25,0.74,"",0,0.0,-2,-4.2,-3,-6.1,-2,-4.1,-25777,-2.0,-21000,-6.0,441,4.8,62,3.0
"06085","3","624110","78","0","2025","1","",1,46,46,47,1294390,329000,9541,2149,"",0.55,0.36,0.37,0.37,0.27,3.20,6.25,0.74,"",0,0.0,-2,-4.2,-3,-6.1,-2,-4.1,-25777,-2.0,-21000,-6.0,441,4.8,62,3.0
"06085","3","6243","76","0","2025","1","",9,131,126,134,2719735,0,0,1605,"",6.67,3.59,3.40,3.61,2.22,0.00,0.00,0.63,"",0,0.0,3,2.3,5,4.1,14,11.7,336826,14.1,0,0.0,0,0.0,115,7.7
"06085","3","62431","77","0","2025","1","",9,131,126,134,2719735,0,0,1605,"",6.67,3.59,3.40,3.61,2.22,0.00,0.00,0.63,"",0,0.0,3,2.3,5,4.1,14,11.7,336826,14.1,0,0.0,0,0.0,115,7.7
"06085","3","624310","78","0","2025","1","",9,131,126,134,2719735,0,0,1605,"",6.67,3.59,3.40,3.61,2.22,0.00,0.00,0.63,"",0,0.0,3,2.3,5,4.1,14,11.7,336826,14.1,0,0.0,0,0.0,115,7.7
"06085","3","6244","76","0","2025","1","",2,12,12,12,351029,0,0,2250,"",0.45,0.14,0.14,0.14,0.14,0.00,0.00,0.95,"",1,100.0,1,9.1,1,9.1,-1,-7.7,116353,49.6,0,0.0,0,0.0,703,45.4
"06085","3","62441","77","0","2025","1","",2,12,12,12,351029,0,0,2250,"",0.45,0.14,0.14,0.14,0.14,0.00,0.00,0.95,"",1,100.0,1,9.1,1,9.1,-1,-7.7,116353,49.6,0,0.0,0,0.0,703,45.4
"06085","3","624410","78","0","2025","1","",2,12,12,12,351029,0,0,2250,"",0.45,0.14,0.14,0.14,0.14,0.00,0.00,0.95,"",1,100.0,1,9.1,1,9.1,-1,-7.7,116353,49.6,0,0.0,0,0.0,703,45.4
"06085","3","71","74","0","2025","1","",15,2349,2395,2405,34126802,426265,6393,1102,"",0.54,1.15,1.16,1.16,0.61,0.11,0.06,0.53,"",-1,-6.2,-22,-0.9,34,1.4,-9,-0.4,2271416,7.1,26157,6.5,392,6.5,73,7.1
"06085","3","712","75","0","2025","1","",1,51,47,48,1845362,0,0,2917,"",0.19,0.18,0.17,0.17,0.25,0.00,0.00,1.42,"",0,0.0,2,4.1,0,0.0,0,0.0,945954,105.2,0,0.0,0,0.0,1476,102.4
"06085","3","7121","76","0","2025","1","",1,51,47,48,1845362,0,0,2917,"",0.19,0.18,0.17,0.17,0.25,0.00,0.00,1.42,"",0,0.0,2,4.1,0,0.0,0,0.0,945954,105.2,0,0.0,0,0.0,1476,102.4
"06085","3","71211","77","0","2025","1","",1,51,47,48,1845362,0,0,2917,"",0.84,2.48,2.29,2.32,2.69,0.00,0.00,1.14,"",0,0.0,2,4.1,0,0.0,0,0.0,945954,105.2,0,0.0,0,0.0,1476,102.4
"06085","3","712110","78","0","2025","1","",1,51,47,48,1845362,0,0,2917,"",0.84,2.48,2.29,2.32,2.69,0.00,0.00,1.14,"",0,0.0,2,4.1,0,0.0,0,0.0,945954,105.2,0,0.0,0,0.0,1476,102.4
"06085","3","713","75","0","2025","1","",14,2298,2348,2357,32281440,426265,6393,1064,"",0.65,1.34,1.36,1.37,0.69,0.12,0.07,0.51,"",-1,-6.7,-24,-1.0,34,1.5,-9,-0.4,1325462,4.3,26157,6.5,392,6.5,44,4.3
"06085","3","7139","76","0","2025","1","",14,2298,2348,2357,32281440,426265,6393,1064,"",0.74,2.56,2.57,2.60,1.81,0.92,0.63,0.70,"",-1,-6.7,-24,-1.0,34,1.5,-9,-0.4,1325462,4.3,26157,6.5,392,6.5,44,4.3
"06085","3","71394","77","0","2025","1","",2,337,335,334,5045622,0,0,1157,"",0.24,0.95,0.95,0.93,0.84,0.00,0.00,0.89,"",0,0.0,9,2.7,3,0.9,-9,-2.6,43768,0.9,0,0.0,0,0.0,6,0.5
"06085","3","713940","78","0","2025","1","",2,337,335,334,5045622,0,0,1157,"",0.24,0.95,0.95,0.93,0.84,0.00,0.00,0.89,"",0,0.0,9,2.7,3,0.9,-9,-2.6,43768,0.9,0,0.0,0,0.0,6,0.5
"06085","3","71399","77","0","2025","1","",12,1961,2013,2023,27235818,426265,6393,1048,"",1.36,4.00,3.97,4.12,2.53,1.92,1.31,0.63,"",-1,-7.7,-33,-1.7,31,1.6,0,0.0,1281694,4.9,26157,6.5,392,6.5,50,5.0
"06085","3","713990","78","0","2025","1","",12,1961,2013,2023,27235818,426265,6393,1048,"",1.36,4.00,3.97,4.12,2.53,1.92,1.31,0.63,"",-1,-7.7,-33,-1.7,31,1.6,0,0.0,1281694,4.9,26157,6.5,392,6.5,50,5.0
"06085","3","72","74","0","2025","1","",5,56,56,56,1039877,0,0,1428,"",0.99,0.07,0.07,0.07,0.04,0.00,0.00,0.58,"",0,0.0,-11,-16.4,-13,-18.8,-13,-18.8,-184489,-15.1,0,0.0,0,0.0,50,3.6
"06085","3","722","75","0","2025","1","",5,56,56,56,1039877,0,0,1428,"",1.34,0.65,0.65,0.65,0.57,0.00,0.00,0.87,"",0,0.0,-11,-16.4,-13,-18.8,-13,-18.8,-184489,-15.1,0,0.0,0,0.0,50,3.6
"06085","3","7223","76","0","2025","1","",3,36,36,36,462329,0,0,988,"",2.37,0.98,1.00,0.98,0.55,0.00,0.00,0.56,"",0,0.0,-11,-23.4,-13,-26.5,-13,-26.5,-210317,-31.3,0,0.0,0,0.0,-83,-7.7
"06085","3","72231","77","0","2025","1","",3,36,36,36,462329,0,0,988,"N",2.38,0,0,0,0,0,0,0,"",0,0.0,-11,-23.4,-13,-26.5,-13,-26.5,-210317,-31.3,0,0.0,0,0.0,-83,-7.7
"06085","3","722310","78","0","2025","1","",3,36,36,36,462329,0,0,988,"N",2.38,0,0,0,0,0,0,0,"",0,0.0,-11,-23.4,-13,-26.5,-13,-26.5,-210317,-31.3,0,0.0,0,0.0,-83,-7.7
"06085","3","7225","76","0","2025","1","",2,20,20,20,577548,0,0,2221,"",0.86,0.43,0.42,0.42,0.62,0.00,0.00,1.47,"",0,0.0,0,0.0,0,0.0,0,0.0,25828,4.7,0,0.0,0,0.0,99,4.7
"06085","3","72251","77","0","2025","1","",2,20,20,20,577548,0,0,2221,"",0.86,0.43,0.42,0.42,0.62,0.00,0.00,1.47,"",0,0.0,0,0.0,0,0.0,0,0.0,25828,4.7,0,0.0,0,0.0,99,4.7
"06085","3","722513","78","0","2025","1","",2,20,20,20,577548,0,0,2221,"",23.45,13.22,13.16,12.99,17.23,0.00,0.00,1.31,"",0,0.0,0,0.0,0,0.0,0,0.0,25828,4.7,0,0.0,0,0.0,99,4.7
"06085","3","81","74","0","2025","1","",3,68,62,62,2045398,418959,12150,2458,"",0.20,0.28,0.26,0.26,0.21,1.04,1.04,0.81,"",0,0.0,-2,-2.9,0,0.0,-1,-1.6,268150,15.1,14858,3.7,2452,25.3,355,16.9
"06085","3","812","75","0","2025","1","",1,3,3,3,62104,0,0,1592,"",0.14,0.06,0.06,0.06,0.04,0.00,0.00,0.62,"",0,0.0,0,0.0,0,0.0,0,0.0,662,1.1,0,0.0,0,0.0,17,1.1
"06085","3","8122","76","0","2025","1","",1,3,3,3,62104,0,0,1592,"",0.20,0.18,0.19,0.19,0.15,0.00,0.00,0.78,"",0,0.0,0,0.0,0,0.0,0,0.0,662,1.1,0,0.0,0,0.0,17,1.1
"06085","3","81222","77","0","2025","1","",1,3,3,3,62104,0,0,1592,"",0.20,0.19,0.19,0.19,0.15,0.00,0.00,0.78,"",0,0.0,0,0.0,0,0.0,0,0.0,662,1.1,0,0.0,0,0.0,17,1.1
"06085","3","812220","78","0","2025","1","",1,3,3,3,62104,0,0,1592,"",0.20,0.19,0.19,0.19,0.15,0.00,0.00,0.78,"",0,0.0,0,0.0,0,0.0,0,0.0,662,1.1,0,0.0,0,0.0,17,1.1
"06085","3","813","75","0","2025","1","",2,65,59,59,1983294,418959,12150,2501,"",0.62,0.80,0.72,0.71,0.59,1.38,1.35,0.80,"",0,0.0,-2,-3.0,0,0.0,-1,-1.7,267488,15.6,14858,3.7,2452,25.3,372,17.5
"06085","3","8133","76","0","2025","1","",2,65,59,59,1983294,418959,12150,2501,"",1.48,1.43,1.30,1.30,1.11,2.61,1.96,0.83,"",0,0.0,-2,-3.0,0,0.0,-1,-1.7,267488,15.6,14858,3.7,2452,25.3,372,17.5
"06085","3","81331","77","0","2025","1","",2,65,59,59,1983294,418959,12150,2501,"",1.48,1.43,1.30,1.30,1.11,2.61,1.96,0.83,"",0,0.0,-2,-3.0,0,0.0,-1,-1.7,267488,15.6,14858,3.7,2452,25.3,372,17.5
"06085","3","813312","78","0","2025","1","",2,65,59,59,1983294,418959,12150,2501,"",4.20,9.70,8.85,8.89,6.46,25.42,15.19,0.71,"",0,0.0,-2,-3.0,0,0.0,-1,-1.7,267488,15.6,14858,3.7,2452,25.3,372,17.5
"06085","3","92","74","0","2025","1","",65,22696,22457,22565,733392169,1354130,39361,2499,"",0.14,0.74,0.73,0.74,0.48,0.04,0.09,0.65,"",0,0.0,-178,-0.8,-755,-3.3,-1001,-4.2,69898305,10.5,184921,15.8,3664,10.3,301,13.7
"06085","3","921","75","0","2025","1","",31,8251,8184,8193,235390795,0,0,2206,"",0.12,0.41,0.41,0.41,0.26,0.00,0.00,0.64,"",0,0.0,-356,-4.1,-912,-10.0,-1245,-13.2,16104772,7.3,0,0.0,0,0.0,341,18.3
"06085","3","9211","76","0","2025","1","",31,8251,8184,8193,235390795,0,0,2206,"",0.12,0.41,0.41,0.41,0.26,0.00,0.00,0.64,"",0,0.0,-356,-4.1,-912,-10.0,-1245,-13.2,16104772,7.3,0,0.0,0,0.0,341,18.3
"06085","3","92111","77","0","2025","1","",5,83,83,84,4104244,0,0,3789,"",0.16,0.06,0.06,0.06,0.07,0.00,0.00,1.12,"",0,0.0,8,10.7,10,13.7,7,9.1,1484832,56.7,0,0.0,0,0.0,1102,41.0
"06085","3","921110","78","0","2025","1","",5,83,83,84,4104244,0,0,3789,"",0.16,0.06,0.06,0.06,0.07,0.00,0.00,1.12,"",0,0.0,8,10.7,10,13.7,7,9.1,1484832,56.7,0,0.0,0,0.0,1102,41.0
"06085","3","92112","77","0","2025","1","",1,9,7,7,24107,0,0,242,"",0.05,0.00,0.00,0.00,0.00,0.00,0.00,0.07,"",0,0.0,2,28.6,0,0.0,0,0.0,22,0.1,0,0.0,0,0.0,-23,-8.7
"06085","3","921120","78","0","2025","1","",1,9,7,7,24107,0,0,242,"",0.05,0.00,0.00,0.00,0.00,0.00,0.00,0.07,"",0,0.0,2,28.6,0,0.0,0,0.0,22,0.1,0,0.0,0,0.0,-23,-8.7
"06085","3","92113","77","0","2025","1","",7,1042,1037,1033,30566409,0,0,2267,"",0.38,1.95,1.94,1.93,1.14,0.00,0.00,0.59,"",0,0.0,32,3.2,29,2.9,21,2.1,6138002,25.1,0,0.0,0,0.0,406,21.8
"06085","3","921130","78","0","2025","1","",7,1042,1037,1033,30566409,0,0,2267,"",0.38,1.95,1.94,1.93,1.14,0.00,0.00,0.59,"",0,0.0,32,3.2,29,2.9,21,2.1,6138002,25.1,0,0.0,0,0.0,406,21.8
"06085","3","92114","77","0","2025","1","",15,6801,6752,6759,195197340,0,0,2218,"",0.10,0.52,0.52,0.52,0.34,0.00,0.00,0.65,"",0,0.0,-423,-5.9,-967,-12.5,-1290,-16.0,8120698,4.3,0,0.0,0,0.0,340,18.1
"06085","3","921140","78","0","2025","1","",15,6801,6752,6759,195197340,0,0,2218,"",0.10,0.52,0.52,0.52,0.34,0.00,0.00,0.65,"",0,0.0,-423,-5.9,-967,-12.5,-1290,-16.0,8120698,4.3,0,0.0,0,0.0,340,18.1
"06085","3","92119","77","0","2025","1","",3,316,305,310,5498695,0,0,1363,"",0.09,0.14,0.13,0.13,0.05,0.00,0.00,0.39,"",0,0.0,25,8.6,16,5.5,17,5.8,361218,7.0,0,0.0,0,0.0,5,0.4
"06085","3","921190","78","0","2025","1","",3,316,305,310,5498695,0,0,1363,"",0.09,0.14,0.13,0.13,0.05,0.00,0.00,0.39,"",0,0.0,25,8.6,16,5.5,17,5.8,361218,7.0,0,0.0,0,0.0,5,0.4
"06085","3","922","75","0","2025","1","",14,7827,7695,7775,312688968,109133,4497,3097,"",0.15,1.12,1.10,1.11,0.70,0.02,0.08,0.63,"",0,0.0,73,0.9,66,0.9,144,1.9,28745514,10.1,23820,27.9,868,23.9,250,8.8
"06085","3","9221","76","0","2025","1","",14,7827,7695,7775,312688968,109133,4497,3097,"",0.15,1.12,1.10,1.11,0.70,0.02,0.08,0.63,"",0,0.0,73,0.9,66,0.9,144,1.9,28745514,10.1,23820,27.9,868,23.9,250,8.8
"06085","3","92211","77","0","2025","1","",1,501,505,501,12495240,0,0,1913,"",0.07,0.90,0.91,0.90,0.50,0.00,0.00,0.55,"",0,0.0,-19,-3.7,-13,-2.5,-14,-2.7,190628,1.5,0,0.0,0,0.0,85,4.6
"06085","3","922110","78","0","2025","1","",1,501,505,501,12495240,0,0,1913,"",0.07,0.90,0.91,0.90,0.50,0.00,0.00,0.55,"",0,0.0,-19,-3.7,-13,-2.5,-14,-2.7,190628,1.5,0,0.0,0,0.0,85,4.6
"06085","3","92212","77","0","2025","1","",3,637,570,571,33636806,0,0,4366,"",0.12,0.21,0.18,0.19,0.17,0.00,0.00,0.91,"",0,0.0,68,12.0,-1,-0.2,2,0.4,8045710,31.4,0,0.0,0,0.0,910,26.3
"06085","3","922120","78","0","2025","1","",3,637,570,571,33636806,0,0,4366,"",0.12,0.21,0.18,0.19,0.17,0.00,0.00,0.91,"",0,0.0,68,12.0,-1,-0.2,2,0.4,8045710,31.4,0,0.0,0,0.0,910,26.3
"06085","3","92213","77","0","2025","1","",2,25,25,25,2099148,0,0,6459,"",0.27,0.10,0.10,0.10,0.13,0.00,0.00,1.40,"",0,0.0,3,13.6,5,25.0,7,38.9,1039647,98.1,0,0.0,0,0.0,2384,58.5
"06085","3","922130","78","0","2025","1","",2,25,25,25,2099148,0,0,6459,"",0.27,0.10,0.10,0.10,0.13,0.00,0.00,1.40,"",0,0.0,3,13.6,5,25.0,7,38.9,1039647,98.1,0,0.0,0,0.0,2384,58.5
"06085","3","92216","77","0","2025","1","",5,538,525,520,34718641,109133,4497,5061,"",0.13,0.33,0.32,0.32,0.32,0.05,0.14,1.01,"",0,0.0,3,0.6,-8,-1.5,-12,-2.3,10256981,41.9,23820,27.9,868,23.9,1533,43.5
"06085","3","922160","78","0","2025","1","",5,538,525,520,34718641,109133,4497,5061,"",0.13,0.33,0.32,0.32,0.32,0.05,0.14,1.01,"",0,0.0,3,0.6,-8,-1.5,-12,-2.3,10256981,41.9,23820,27.9,868,23.9,1533,43.5
"06085","3","92219","77","0","2025","1","",3,6126,6070,6158,229739133,0,0,2889,"",0.54,6.78,6.70,6.78,2.93,0.00,0.00,0.43,"",0,0.0,18,0.3,83,1.4,161,2.7,9212548,4.2,0,0.0,0,0.0,76,2.7
"06085","3","922190","78","0","2025","1","",3,6126,6070,6158,229739133,0,0,2889,"",0.54,6.78,6.70,6.78,2.93,0.00,0.00,0.43,"",0,0.0,18,0.3,83,1.4,161,2.7,9212548,4.2,0,0.0,0,0.0,76,2.7
"06085","3","923","75","0","2025","1","",4,4950,4910,4921,123000482,0,0,1920,"",0.25,3.00,2.96,2.95,1.46,0.00,0.00,0.49,"",0,0.0,-17,-0.3,-29,-0.6,-14,-0.3,5979277,5.1,0,0.0,0,0.0,100,5.5
"06085","3","9231","76","0","2025","1","",4,4950,4910,4921,123000482,0,0,1920,"",0.25,3.00,2.96,2.95,1.46,0.00,0.00,0.49,"",0,0.0,-17,-0.3,-29,-0.6,-14,-0.3,5979277,5.1,0,0.0,0,0.0,100,5.5
"06085","3","92311","77","0","2025","1","",1,11,11,11,433309,0,0,3030,"",0.50,0.05,0.05,0.05,0.05,0.00,0.00,1.03,"",0,0.0,0,0.0,0,0.0,0,0.0,-1418,-0.3,0,0.0,0,0.0,-10,-0.3
"06085","3","923110","78","0","2025","1","",1,11,11,11,433309,0,0,3030,"",0.50,0.05,0.05,0.05,0.05,0.00,0.00,1.03,"",0,0.0,0,0.0,0,0.0,0,0.0,-1418,-0.3,0,0.0,0,0.0,-10,-0.3
"06085","3","92312","77","0","2025","1","",1,95,97,98,2866202,0,0,2281,"",0.12,0.16,0.16,0.16,0.09,0.00,0.00,0.58,"",0,0.0,-18,-15.9,-18,-15.7,-12,-10.9,-175733,-5.8,0,0.0,0,0.0,204,9.8
"06085","3","923120","78","0","2025","1","",1,95,97,98,2866202,0,0,2281,"",0.12,0.16,0.16,0.16,0.09,0.00,0.00,0.58,"",0,0.0,-18,-15.9,-18,-15.7,-12,-10.9,-175733,-5.8,0,0.0,0,0.0,204,9.8
"06085","3","92313","77","0","2025","1","",2,4844,4802,4812,119700971,0,0,1911,"",0.51,5.83,5.78,5.77,2.66,0.00,0.00,0.46,"",0,0.0,1,0.0,-11,-0.2,-2,0.0,6156428,5.4,0,0.0,0,0.0,100,5.5
"06085","3","923130","78","0","2025","1","",2,4844,4802,4812,119700971,0,0,1911,"",0.51,5.83,5.78,5.77,2.66,0.00,0.00,0.46,"",0,0.0,1,0.0,-11,-0.2,-2,0.0,6156428,5.4,0,0.0,0,0.0,100,5.5
"06085","3","924","75","0","2025","1","",6,1030,1030,1035,28293967,56600,1868,2110,"",0.20,1.41,1.41,1.41,0.78,0.08,0.13,0.56,"",0,0.0,57,5.9,58,6.0,56,5.7,4965243,21.3,-2595,-4.4,-71,-3.7,269,14.6
"06085","3","9241","76","0","2025","1","",6,1030,1030,1035,28293967,56600,1868,2110,"",0.20,1.41,1.41,1.41,0.78,0.08,0.13,0.56,"",0,0.0,57,5.9,58,6.0,56,5.7,4965243,21.3,-2595,-4.4,-71,-3.7,269,14.6
"06085","3","92411","77","0","2025","1","",4,878,884,888,23147552,35600,1175,2016,"",0.33,2.00,2.02,2.03,0.87,0.12,0.19,0.43,"",0,0.0,41,4.9,45,5.4,46,5.5,2253391,10.8,-2175,-5.8,-336,-22.2,101,5.3
"06085","3","924110","78","0","2025","1","",4,878,884,888,23147552,35600,1175,2016,"",0.33,2.00,2.02,2.03,0.87,0.12,0.19,0.43,"",0,0.0,41,4.9,45,5.4,46,5.5,2253391,10.8,-2175,-5.8,-336,-22.2,101,5.3
"06085","3","92412","77","0","2025","1","",2,152,146,147,5146415,21000,693,2669,"",0.11,0.52,0.50,0.49,0.54,0.05,0.08,1.07,"",0,0.0,16,11.8,13,9.8,10,7.3,2711852,111.4,-420,-2.0,265,61.9,1285,92.8
"06085","3","924120","78","0","2025","1","",2,152,146,147,5146415,21000,693,2669,"",0.11,0.52,0.50,0.49,0.54,0.05,0.08,1.07,"",0,0.0,16,11.8,13,9.8,10,7.3,2711852,111.4,-420,-2.0,265,61.9,1285,92.8
"06085","3","925","75","0","2025","1","",4,294,290,295,10295598,1075554,31191,2703,"",0.15,0.48,0.47,0.49,0.36,0.62,0.97,0.75,"",0,0.0,38,14.8,31,12.0,36,13.9,2229336,27.6,160010,17.5,2809,9.9,298,12.4
"06085","3","9251","76","0","2025","1","",4,294,290,295,10295598,1075554,31191,2703,"",0.15,0.48,0.47,0.49,0.36,0.62,0.97,0.75,"",0,0.0,38,14.8,31,12.0,36,13.9,2229336,27.6,160010,17.5,2809,9.9,298,12.4
"06085","3","92511","77","0","2025","1","",1,152,151,153,4915706,1075554,31191,2488,"",0.06,0.41,0.41,0.41,0.28,0.85,1.31,0.68,"",0,0.0,22,16.9,21,16.2,23,17.7,1092528,28.6,160010,17.5,2809,9.9,226,10.0
"06085","3","925110","78","0","2025","1","",1,152,151,153,4915706,1075554,31191,2488,"",0.06,0.41,0.41,0.41,0.28,0.85,1.31,0.68,"",0,0.0,22,16.9,21,16.2,23,17.7,1092528,28.6,160010,17.5,2809,9.9,226,10.0
"06085","3","92512","77","0","2025","1","",3,142,139,142,5379892,0,0,2935,"",0.32,0.59,0.57,0.62,0.50,0.00,0.00,0.84,"",0,0.0,16,12.7,10,7.8,13,10.1,1136808,26.8,0,0.0,0,0.0,385,15.1
"06085","3","925120","78","0","2025","1","",3,142,139,142,5379892,0,0,2935,"",0.32,0.59,0.57,0.62,0.50,0.00,0.00,0.84,"",0,0.0,16,12.7,10,7.8,13,10.1,1136808,26.8,0,0.0,0,0.0,385,15.1
"06085","3","926","75","0","2025","1","",6,344,348,346,23722359,112843,1805,5274,"",0.30,0.67,0.69,0.67,0.81,0.15,0.10,1.20,"",0,0.0,27,8.5,31,9.8,22,6.8,11874163,100.2,3686,3.4,58,3.3,2420,84.8
"06085","3","9261","76","0","2025","1","",6,344,348,346,23722359,112843,1805,5274,"",0.30,0.67,0.69,0.67,0.81,0.15,0.10,1.20,"",0,0.0,27,8.5,31,9.8,22,6.8,11874163,100.2,3686,3.4,58,3.3,2420,84.8
"06085","3","92611","77","0","2025","1","",1,64,65,62,1891075,0,0,2285,"",0.22,0.67,0.67,0.64,0.38,0.00,0.00,0.57,"",0,0.0,1,1.6,-1,-1.5,-6,-8.8,-9052,-0.5,0,0.0,0,0.0,59,2.7
"06085","3","926110","78","0","2025","1","",1,64,65,62,1891075,0,0,2285,"",0.22,0.67,0.67,0.64,0.38,0.00,0.00,0.57,"",0,0.0,1,1.6,-1,-1.5,-6,-8.8,-9052,-0.5,0,0.0,0,0.0,59,2.7
"06085","3","92612","77","0","2025","1","",1,11,12,12,915517,0,0,6036,"",0.34,0.06,0.06,0.06,0.07,0.00,0.00,1.18,"",0,0.0,5,83.3,6,100.0,5,71.4,604821,194.7,0,0.0,0,0.0,2262,59.9
"06085","3","926120","78","0","2025","1","",1,11,12,12,915517,0,0,6036,"",0.34,0.06,0.06,0.06,0.07,0.00,0.00,1.18,"",0,0.0,5,83.3,6,100.0,5,71.4,604821,194.7,0,0.0,0,0.0,2262,59.9
"06085","3","92613","77","0","2025","1","",3,253,255,256,20479558,0,0,6186,"",0.94,2.80,2.84,2.83,3.81,0.00,0.00,1.35,"",0,0.0,20,8.6,25,10.9,22,9.4,11265732,122.3,0,0.0,0,0.0,3135,102.8
"06085","3","926130","78","0","2025","1","",3,253,255,256,20479558,0,0,6186,"",0.94,2.80,2.84,2.83,3.81,0.00,0.00,1.35,"",0,0.0,20,8.6,25,10.9,22,9.4,11265732,122.3,0,0.0,0,0.0,3135,102.8
"06085","3","92614","77","0","2025","1","",1,16,16,16,436209,112843,1805,2097,"",0.28,0.90,0.90,0.90,0.79,3.46,1.48,0.88,"",0,0.0,1,6.7,1,6.7,1,6.7,12662,3.0,3686,3.4,58,3.3,-75,-3.5
"06085","3","926140","78","0","2025","1","",1,16,16,16,436209,112843,1805,2097,"",0.28,0.90,0.90,0.90,0.79,3.46,1.48,0.88,"",0,0.0,1,6.7,1,6.7,1,6.7,12662,3.0,3686,3.4,58,3.3,-75,-3.5
"06085","5","10","71","0","2025","1","",84730,1009847,1013110,1013860,56464095820,6679360775,227147188,4291,"",1.01,1.07,1.07,1.07,1.10,1.01,1.00,1.03,"",5420,6.8,-6145,-0.6,-2419,-0.2,-1429,-0.1,4011776991,7.6,-92889991,-1.4,23684713,11.6,318,8.0
"06085","5","101","72","0","2025","1","",7219,175077,175506,175576,12183711210,1333738704,52271833,5344,"",0.68,1.10,1.10,1.09,1.33,0.95,0.94,1.21,"",332,4.8,-1472,-0.8,-1212,-0.7,-1103,-0.6,315352915,2.7,-2694576,-0.2,5127303,10.9,176,3.4
"06085","5","1011","73","0","2025","1","",215,2994,2961,2878,43530435,19749029,637717,1137,"",0.21,0.25,0.25,0.24,0.07,0.20,0.17,0.27,"",8,3.9,17,0.6,-62,-2.1,-229,-7.4,8945472,25.9,3692462,23.0,89036,16.2,261,29.8
"06085","5","1012","73","0","2025","1","",4381,48792,48897,48955,1404900439,387838911,17386640,2211,"",0.65,0.86,0.86,0.85,0.47,0.78,0.67,0.55,"",288,7.0,-2600,-5.1,-2075,-4.1,-2009,-3.9,-33353995,-2.3,-19808723,-4.9,552209,3.3,46,2.1
"06085","5","1013","73","0","2025","1","",2623,123291,123648,123743,10735280336,926150764,34247476,6683,"",0.92,1.36,1.36,1.36,1.96,1.16,1.32,1.44,"",36,1.4,1111,0.9,925,0.8,1135,0.9,339761438,3.3,13421685,1.5,4486058,15.1,155,2.4
"06085","5","102","72","0","2025","1","",77511,834770,837604,838284,44280384610,5345622071,174875355,4070,"",1.06,1.06,1.07,1.07,1.05,1.03,1.03,0.99,"",5088,7.0,-4673,-0.6,-1207,-0.1,-326,0.0,3696424076,9.1,-90195415,-1.7,18557410,11.9,349,9.4
"06085","5","1021","73","0","2025","1","",7190,113803,112808,112345,2724409688,720600519,21633390,1855,"",0.50,0.55,0.55,0.55,0.31,0.50,0.52,0.56,"",207,3.0,-1526,-1.3,-805,-0.7,-1026,-0.9,-44379215,-1.6,-9737132,-1.3,1790078,9.0,-12,-0.6
"06085","5","1022","73","0","2025","1","",1823,94376,94392,94374,13781378193,772752406,29249474,11232,"",0.87,4.60,4.56,4.60,5.03,3.35,3.14,1.10,"",102,5.9,635,0.7,1374,1.5,2731,3.0,2158933927,18.6,-5967506,-0.8,4697215,19.1,1598,16.6
"06085","5","1023","73","0","2025","1","",5517,35307,35174,35222,2083931783,250734300,9206352,4550,"",0.72,0.57,0.56,0.57,0.29,0.43,0.48,0.52,"",103,1.9,-979,-2.7,-957,-2.6,-741,-2.1,155955383,8.1,-7554688,-2.9,521822,6.0,445,10.8
"06085","5","1024","73","0","2025","1","",13086,267169,268383,267890,19508572263,2173777637,75342418,5603,"",0.73,1.68,1.68,1.68,1.65,1.56,1.45,0.98,"",594,4.8,-11867,-4.3,-11030,-3.9,-11583,-4.1,1000879780,5.4,-101197020,-4.4,7016216,10.3,506,9.9
"06085","5","1025","73","0","2025","1","",38289,200446,202189,202477,4647880035,717574321,19516142,1773,"",2.39,1.08,1.08,1.08,0.59,0.91,0.81,0.55,"",3123,8.9,9420,4.9,9451,4.9,9099,4.7,394390618,9.3,23601469,3.4,2060629,11.8,72,4.2
"06085","5","1026","73","0","2025","1","",5924,98030,98575,99699,1141323438,572508312,15752049,889,"",0.85,0.85,0.85,0.85,0.46,1.03,0.92,0.54,"",350,6.3,-932,-0.9,162,0.2,382,0.4,6971583,0.6,8675168,1.5,2051630,15.0,7,0.8
"06085","5","1027","73","0","2025","1","",5542,25602,26048,26235,392368892,137506959,4169369,1163,"",0.88,0.77,0.78,0.79,0.34,0.69,0.65,0.44,"",503,10.0,569,2.3,648,2.6,848,3.3,24663009,6.7,2347404,1.7,431704,11.6,44,3.9
"06085","5","1029","73","0","2025","1","",140,37,35,42,520318,167617,6161,1053,"",0.08,0.03,0.02,0.03,0.01,0.01,0.01,0.27,"",106,311.8,7,23.3,-50,-58.8,-36,-46.2,-991009,-65.6,-363110,-68.4,-11884,-65.9,-754,-41.7
"06085","5","11","74","0","2025","1","",199,2840,2814,2728,39542956,18514459,578901,1089,"",0.24,0.36,0.36,0.34,0.17,0.35,0.25,0.47,"",7,3.6,6,0.2,-70,-2.4,-230,-7.8,8796477,28.6,3520247,23.5,83721,16.9,271,33.1
"06085","5","111","75","0","2025","1","",129,1554,1564,1577,23109419,10493671,345680,1136,"",0.35,0.49,0.48,0.46,0.25,0.50,0.37,0.53,"",3,2.4,42,2.8,41,2.7,-4,-0.3,2325120,11.2,94263,0.9,778,0.2,97,9.3
"06085","5","1111","76","0","2025","1","N",3,0,0,0,0,0,0,0,"N",0.03,0,0,0,0,0,0,0,"N",1,50.0,0,0,0,0,0,0,0,0,0,0,0,0,0,0
"06085","5","11111","77","0","2025","1","-",0,0,0,0,0,0,0,0,"N",0.00,0,0,0,0,0,0,0,"N",0,0,0,0,0,0,0,0,0,0,0,0,0,0,0,0
"06085","5","111110","78","0","2025","1","-",0,0,0,0,0,0,0,0,"N",0.00,0,0,0,0,0,0,0,"N",0,0,0,0,0,0,0,0,0,0,0,0,0,0,0,0
"06085","5","11113","77","0","2025","1","N",1,0,0,0,0,0,0,0,"N",1.50,0,0,0,0,0,0,0,"N",1,100.0,0,0,0,0,0,0,0,0,0,0,0,0,0,0
"06085","5","111130","78","0","2025","1","N",1,0,0,0,0,0,0,0,"N",1.50,0,0,0,0,0,0,0,"N",1,100.0,0,0,0,0,0,0,0,0,0,0,0,0,0,0
"06085","5","11114","77","0","2025","1","N",1,0,0,0,0,0,0,0,"N",0.07,0,0,0,0,0,0,0,"N",0,0.0,0,0,0,0,0,0,0,0,0,0,0,0,0,0
"06085","5","111140","78","0","2025","1","N",1,0,0,0,0,0,0,0,"N",0.07,0,0,0,0,0,0,0,"N",0,0.0,0,0,0,0,0,0,0,0,0,0,0,0,0,0
"06085","5","11119","77","0","2025","1","N",1,0,0,0,0,0,0,0,"N",0.02,0,0,0,0,0,0,0,"N",0,0.0,0,0,0,0,0,0,0,0,0,0,0,0,0,0
"06085","5","111199","78","0","2025","1","N",1,0,0,0,0,0,0,0,"N",0.09,0,0,0,0,0,0,0,"N",0,0.0,0,0,0,0,0,0,0,0,0,0,0,0,0,0
"06085","5","1112","76","0","2025","1","",35,339,342,352,4839401,2249899,97310,1081,"",0.91,0.77,0.75,0.73,0.35,0.78,0.58,0.46,"",4,12.9,28,9.0,35,11.4,41,13.2,476377,10.9,130628,6.2,6690,7.4,-3,-0.3
"06085","5","11121","77","0","2025","1","",35,339,342,352,4839401,2249899,97310,1081,"",0.91,0.77,0.75,0.73,0.35,0.78,0.58,0.46,"",4,12.9,28,9.0,35,11.4,41,13.2,476377,10.9,130628,6.2,6690,7.4,-3,-0.3
"06085","5","111211","78","0","2025","1","N",1,0,0,0,0,0,0,0,"N",0.14,0,0,0,0,0,0,0,"N",0,0.0,0,0,0,0,0,0,0,0,0,0,0,0,0,0
"06085","5","111219","78","0","2025","1","N",34,0,0,0,0,0,0,0,"N",1.10,0,0,0,0,0,0,0,"N",4,13.3,0,0,0,0,0,0,0,0,0,0,0,0,0,0
"06085","5","1113","76","0","2025","1","",39,168,161,163,2557559,1103880,44957,1200,"",0.55,0.20,0.19,0.18,0.12,0.23,0.16,0.64,"",-2,-4.9,4,2.4,-9,-5.3,-26,-13.8,58089,2.3,-44275,-3.9,-2371,-5.0,97,8.8
"06085","5","11131","77","0","2025","1","",3,18,18,18,238196,128983,2320,1018,"",1.29,0.86,0.82,0.78,0.32,1.14,0.38,0.40,"N",0,0.0,0,0,0,0,0,0,0,0,0,0,0,0,0,0
"06085","5","111310","78","0","2025","1","",3,18,18,18,238196,128983,2320,1018,"",1.29,0.86,0.82,0.78,0.32,1.14,0.38,0.40,"N",0,0.0,0,0,0,0,0,0,0,0,0,0,0,0,0,0
"06085","5","11133","77","0","2025","1","",36,150,143,145,2319363,974897,42637,1222,"",0.54,0.19,0.18,0.17,0.12,0.21,0.16,0.66,"N",-2,-5.3,0,0,0,0,0,0,0,0,0,0,0,0,0,0
"06085","5","111331","78","0","2025","1","N",1,0,0,0,0,0,0,0,"N",0.10,0,0,0,0,0,0,0,"N",0,0.0,0,0,0,0,0,0,0,0,0,0,0,0,0,0
"06085","5","111332","78","0","2025","1","",11,60,58,60,1014875,393463,19413,1316,"",0.87,0.45,0.43,0.46,0.27,0.52,0.36,0.61,"",-1,-8.3,-5,-7.7,-8,-12.1,-6,-9.1,25495,2.6,-47908,-10.9,-1992,-9.3,157,13.5
"06085","5","111335","78","0","2025","1","",10,16,15,14,138696,108113,4995,711,"",0.66,0.13,0.12,0.12,0.04,0.15,0.09,0.29,"",0,0.0,6,60.0,4,36.4,-14,-50.0,7497,5.7,3988,3.8,398,8.7,93,15.0
"06085","5","111336","78","0","2025","1","N",2,0,0,0,0,0,0,0,"N",0.60,0,0,0,0,0,0,0,"N",0,0.0,0,0,0,0,0,0,0,0,0,0,0,0,0,0
"06085","5","111339","78","0","2025","1","",12,61,57,57,950409,379335,16209,1253,"",0.82,0.48,0.46,0.43,0.31,0.51,0.41,0.68,"",-1,-7.7,-3,-4.7,-8,-12.3,-7,-10.9,-23464,-2.4,-31457,-7.7,-798,-4.7,89,7.6
"06085","5","1114","76","0","2025","1","",41,1025,1040,1033,15182749,6995822,198184,1131,"",0.57,0.92,0.91,0.84,0.45,0.90,0.63,0.51,"",-2,-4.7,14,1.4,19,1.9,-26,-2.5,1551429,11.4,22461,0.3,-1793,-0.9,113,11.1
"06085","5","11141","77","0","2025","1","",14,677,680,667,9628867,4631939,79076,1098,"",0.69,2.00,1.99,1.96,0.90,1.84,0.59,0.45,"",-1,-6.7,36,5.6,43,6.8,25,3.9,1449869,17.7,314149,7.3,12267,18.4,115,11.7
"06085","5","111411","78","0","2025","1","",5,643,644,627,9357304,4417597,74533,1128,"",2.08,10.39,9.95,9.75,4.58,9.87,4.23,0.46,"",0,0.0,43,7.2,45,7.5,26,4.3,1477672,18.8,342589,8.4,11777,18.8,118,11.7
"06085","5","111419","78","0","2025","1","",9,34,36,40,271563,214342,4543,570,"",0.51,0.12,0.13,0.14,0.03,0.10,0.04,0.24,"",-1,-10.0,-7,-17.1,-2,-5.3,-1,-2.4,-27803,-9.3,-28440,-11.7,490,12.1,-6,-1.0
"06085","5","11142","77","0","2025","1","",27,348,360,366,5553882,2363883,119108,1193,"",0.52,0.45,0.45,0.41,0.24,0.45,0.67,0.56,"",-1,-3.6,-22,-5.9,-24,-6.2,-51,-12.2,101560,1.9,-291688,-11.0,-14060,-10.6,119,11.1
"06085","5","111421","78","0","2025","1","",11,116,114,108,1586338,705015,23155,1083,"",0.30,0.22,0.22,0.19,0.10,0.20,0.19,0.50,"",-1,-8.3,-1,-0.9,-4,-3.4,-14,-11.5,30701,2.0,-67900,-8.8,-2550,-9.9,77,7.7
"06085","5","111422","78","0","2025","1","",16,232,246,258,3967544,1658868,95953,1244,"",1.05,0.92,0.89,0.82,0.53,0.95,1.79,0.61,"",0,0.0,-21,-8.3,-20,-7.5,-37,-12.5,70859,1.8,-223788,-11.9,-11510,-10.7,139,12.6
"06085","5","1119","76","0","2025","1","N",11,0,0,0,0,0,0,0,"N",0.14,0,0,0,0,0,0,0,"N",2,22.2,0,0,0,0,0,0,0,0,0,0,0,0,0,0
"06085","5","11194","77","0","2025","1","-",0,0,0,0,0,0,0,0,"N",0.00,0,0,0,0,0,0,0,"N",0,0,0,0,0,0,0,0,0,0,0,0,0,0,0,0
"06085","5","111940","78","0","2025","1","-",0,0,0,0,0,0,0,0,"N",0.00,0,0,0,0,0,0,0,"N",0,0,0,0,0,0,0,0,0,0,0,0,0,0,0,0
"06085","5","11199","77","0","2025","1","N",11,0,0,0,0,0,0,0,"N",0.24,0,0,0,0,0,0,0,"N",2,22.2,0,0,0,0,0,0,0,0,0,0,0,0,0,0
"06085","5","111998","78","0","2025","1","N",11,0,0,0,0,0,0,0,"N",0.26,0,0,0,0,0,0,0,"N",2,22.2,0,0,0,0,0,0,0,0,0,0,0,0,0,0
"06085","5","112","75","0","2025","1","",20,47,51,50,609266,320137,10080,950,"",0.10,0.02,0.03,0.03,0.01,0.02,0.04,0.37,"N",3,17.6,0,0,0,0,0,0,0,0,0,0,0,0,0,0
"06085","5","1121","76","0","2025","1","",7,20,21,21,326593,145032,3748,1216,"",0.05,0.02,0.02,0.02,0.01,0.02,0.02,0.51,"",0,0.0,-4,-16.7,-3,-12.5,-3,-12.5,21423,7.0,-12688,-8.0,-611,-14.0,238,24.3
"06085","5","11211","77","0","2025","1","N",6,0,0,0,0,0,0,0,"N",0.07,0,0,0,0,0,0,0,"N",0,0.0,0,0,0,0,0,0,0,0,0,0,0,0,0,0
"06085","5","112111","78","0","2025","1","N",6,0,0,0,0,0,0,0,"N",0.08,0,0,0,0,0,0,0,"N",0,0.0,0,0,0,0,0,0,0,0,0,0,0,0,0,0
"06085","5","11212","77","0","2025","1","N",1,0,0,0,0,0,0,0,"N",0.02,0,0,0,0,0,0,0,"N",0,0.0,0,0,0,0,0,0,0,0,0,0,0,0,0,0
"06085","5","112120","78","0","2025","1","N",1,0,0,0,0,0,0,0,"N",0.02,0,0,0,0,0,0,0,"N",0,0.0,0,0,0,0,0,0,0,0,0,0,0,0,0,0
"06085","5","1123","76","0","2025","1","N",1,0,0,0,0,0,0,0,"N",0.05,0,0,0,0,0,0,0,"N",0,0.0,0,0,0,0,0,0,0,0,0,0,0,0,0,0
"06085","5","11231","77","0","2025","1","N",1,0,0,0,0,0,0,0,"N",0.17,0,0,0,0,0,0,0,"N",0,0.0,0,0,0,0,0,0,0,0,0,0,0,0,0,0
"06085","5","112310","78","0","2025","1","N",1,0,0,0,0,0,0,0,"N",0.17,0,0,0,0,0,0,0,"N",0,0.0,0,0,0,0,0,0,0,0,0,0,0,0,0,0
"06085","5","1124","76","0","2025","1","N",2,0,0,0,0,0,0,0,"N",0.68,0,0,0,0,0,0,0,"N",1,100.0,0,0,0,0,0,0,0,0,0,0,0,0,0,0
"06085","5","11242","77","0","2025","1","N",2,0,0,0,0,0,0,0,"N",1.98,0,0,0,0,0,0,0,"N",1,100.0,0,0,0,0,0,0,0,0,0,0,0,0,0,0
"06085","5","112420","78","0","2025","1","N",2,0,0,0,0,0,0,0,"N",1.98,0,0,0,0,0,0,0,"N",1,100.0,0,0,0,0,0,0,0,0,0,0,0,0,0,0
"06085","5","1129","76","0","2025","1","",10,16,18,17,135072,106844,3602,611,"",0.32,0.11,0.12,0.11,0.03,0.10,0.11,0.24,"",2,25.0,-15,-48.4,-15,-45.5,-14,-45.2,-118736,-46.8,-76361,-41.7,65,1.8,-6,-1.0
"06085","5","11291","77","0","2025","1","N",3,0,0,0,0,0,0,0,"N",0.47,0,0,0,0,0,0,0,"N",1,50.0,0,0,0,0,0,0,0,0,0,0,0,0,0,0
"06085","5","112910","78","0","2025","1","N",3,0,0,0,0,0,0,0,"N",0.47,0,0,0,0,0,0,0,"N",1,50.0,0,0,0,0,0,0,0,0,0,0,0,0,0,0
"06085","5","11292","77","0","2025","1","",4,5,5,5,44128,24005,965,679,"",0.33,0.11,0.11,0.11,0.03,0.08,0.14,0.30,"N",2,100.0,0,0,0,0,0,0,0,0,0,0,0,0,0,0
"06085","5","112920","78","0","2025","1","",4,5,5,5,44128,24005,965,679,"",0.33,0.11,0.11,0.11,0.03,0.08,0.14,0.30,"N",2,100.0,0,0,0,0,0,0,0,0,0,0,0,0,0,0
"06085","5","11299","77","0","2025","1","N",3,0,0,0,0,0,0,0,"N",0.24,0,0,0,0,0,0,0,"N",-1,-25.0,0,0,0,0,0,0,0,0,0,0,0,0,0,0
"06085","5","112990","78","0","2025","1","N",3,0,0,0,0,0,0,0,"N",0.24,0,0,0,0,0,0,0,"N",-1,-25.0,0,0,0,0,0,0,0,0,0,0,0,0,0,0
"06085","5","113","75","0","2025","1","-",0,0,0,0,0,0,0,0,"N",0.00,0,0,0,0,0,0,0,"N",0,0,0,0,0,0,0,0,0,0,0,0,0,0,0,0
"06085","5","1133","76","0","2025","1","-",0,0,0,0,0,0,0,0,"N",0.00,0,0,0,0,0,0,0,"N",0,0,0,0,0,0,0,0,0,0,0,0,0,0,0,0
"06085","5","11331","77","0","2025","1","-",0,0,0,0,0,0,0,0,"N",0.00,0,0,0,0,0,0,0,"N",0,0,0,0,0,0,0,0,0,0,0,0,0,0,0,0
"06085","5","113310","78","0","2025","1","-",0,0,0,0,0,0,0,0,"N",0.00,0,0,0,0,0,0,0,"N",0,0,0,0,0,0,0,0,0,0,0,0,0,0,0,0
"06085","5","114","75","0","2025","1","",3,10,10,10,148722,70043,2050,1144,"",0.15,0.20,0.21,0.21,0.06,0.14,0.05,0.31,"N",0,0.0,0,0,0,0,0,0,0,0,0,0,0,0,0,0
"06085","5","1141","76","0","2025","1","N",2,0,0,0,0,0,0,0,"N",0.13,0,0,0,0,0,0,0,"N",0,0.0,0,0,0,0,0,0,0,0,0,0,0,0,0,0
"06085","5","11411","77","0","2025","1","N",2,0,0,0,0,0,0,0,"N",0.13,0,0,0,0,0,0,0,"N",0,0.0,0,0,0,0,0,0,0,0,0,0,0,0,0,0
"06085","5","114111","78","0","2025","1","N",1,0,0,0,0,0,0,0,"N",0.15,0,0,0,0,0,0,0,"N",0,0.0,0,0,0,0,0,0,0,0,0,0,0,0,0,0
"06085","5","114112","78","0","2025","1","N",1,0,0,0,0,0,0,0,"N",0.14,0,0,0,0,0,0,0,"N",0,0.0,0,0,0,0,0,0,0,0,0,0,0,0,0,0
"06085","5","1142","76","0","2025","1","N",1,0,0,0,0,0,0,0,"N",0.22,0,0,0,0,0,0,0,"N",0,0.0,0,0,0,0,0,0,0,0,0,0,0,0,0,0
"06085","5","11421","77","0","2025","1","N",1,0,0,0,0,0,0,0,"N",0.22,0,0,0,0,0,0,0,"N",0,0.0,0,0,0,0,0,0,0,0,0,0,0,0,0,0
"06085","5","114210","78","0","2025","1","N",1,0,0,0,0,0,0,0,"N",0.22,0,0,0,0,0,0,0,"N",0,0.0,0,0,0,0,0,0,0,0,0,0,0,0,0,0
"06085","5","115","75","0","2025","1","",47,1229,1189,1091,15675549,7630608,221091,1031,"",0.29,0.52,0.51,0.47,0.24,0.53,0.24,0.47,"",1,2.2,-5,-0.4,-83,-6.5,-198,-15.4,6766395,75.9,3583632,88.6,83774,61.0,489,90.2
"06085","5","1151","76","0","2025","1","",26,1057,1014,919,13577699,6666022,192316,1048,"",0.28,0.53,0.52,0.48,0.25,0.57,0.22,0.50,"",2,8.3,-13,-1.2,-89,-8.1,-200,-17.9,6511391,92.1,3659676,121.7,81858,74.1,553,111.7
"06085","5","11511","77","0","2025","1","",26,1057,1014,919,13577699,6666022,192316,1048,"",0.28,0.53,0.52,0.48,0.25,0.57,0.22,0.50,"",2,8.3,-13,-1.2,-89,-8.1,-200,-17.9,6511391,92.1,3659676,121.7,81858,74.1,553,111.7
"06085","5","115112","78","0","2025","1","",9,146,141,139,3665468,1125056,53189,1986,"",0.32,0.84,0.80,0.78,0.60,0.94,0.87,0.75,"",0,0.0,-16,-9.9,-19,-11.9,-29,-17.3,-159099,-4.2,-56269,-4.8,8483,19.0,185,10.3
"06085","5","115113","78","0","2025","1","N",2,0,0,0,0,0,0,0,"N",0.25,0,0,0,0,0,0,0,"N",0,0.0,0,0,0,0,0,0,0,0,0,0,0,0,0,0
"06085","5","115114","78","0","2025","1","N",8,0,0,0,0,0,0,0,"N",0.52,0,0,0,0,0,0,0,"N",0,0.0,0,0,0,0,0,0,0,0,0,0,0,0,0,0
"06085","5","115115","78","0","2025","1","N",4,0,0,0,0,0,0,0,"N",0.17,0,0,0,0,0,0,0,"N",1,33.3,0,0,0,0,0,0,0,0,0,0,0,0,0,0
"06085","5","115116","78","0","2025","1","N",3,0,0,0,0,0,0,0,"N",0.23,0,0,0,0,0,0,0,"N",1,50.0,0,0,0,0,0,0,0,0,0,0,0,0,0,0
"06085","5","1152","76","0","2025","1","",17,103,104,102,1148665,653351,17002,858,"",0.38,0.46,0.46,0.45,0.16,0.43,0.55,0.36,"",0,0.0,-10,-8.8,-10,-8.8,-13,-11.3,139477,13.8,-6880,-1.0,451,2.7,177,26.0
"06085","5","11521","77","0","2025","1","",17,103,104,102,1148665,653351,17002,858,"",0.38,0.46,0.46,0.45,0.16,0.43,0.55,0.36,"",0,0.0,-10,-8.8,-10,-8.8,-13,-11.3,139477,13.8,-6880,-1.0,451,2.7,177,26.0
"06085","5","115210","78","0","2025","1","",17,103,104,102,1148665,653351,17002,858,"",0.38,0.46,0.46,0.45,0.16,0.43,0.55,0.36,"",0,0.0,-10,-8.8,-10,-8.8,-13,-11.3,139477,13.8,-6880,-1.0,451,2.7,177,26.0
"06085","5","1153","76","0","2025","1","",4,69,71,70,949185,311235,11773,1043,"",0.18,0.50,0.50,0.49,0.16,0.26,0.32,0.32,"",-1,-20.0,18,35.3,16,29.1,15,27.3,115527,13.9,-69164,-18.2,1465,14.2,-152,-12.7
"06085","5","11531","77","0","2025","1","",4,69,71,70,949185,311235,11773,1043,"",0.18,0.50,0.50,0.49,0.16,0.26,0.32,0.32,"",-1,-20.0,18,35.3,16,29.1,15,27.3,115527,13.9,-69164,-18.2,1465,14.2,-152,-12.7
"06085","5","115310","78","0","2025","1","",4,69,71,70,949185,311235,11773,1043,"",0.18,0.50,0.50,0.49,0.16,0.26,0.32,0.32,"",-1,-20.0,18,35.3,16,29.1,15,27.3,115527,13.9,-69164,-18.2,1465,14.2,-152,-12.7
"06085","5","21","74","0","2025","1","",16,154,147,150,3987479,1234570,58816,2040,"",0.07,0.04,0.04,0.04,0.01,0.03,0.04,0.26,"",1,6.7,11,7.7,8,5.8,1,0.7,148995,3.9,172215,16.2,5315,9.9,-15,-0.7
"06085","5","212","75","0","2025","1","N",7,0,0,0,0,0,0,0,"N",0.13,0,0,0,0,0,0,0,"N",0,0.0,0,0,0,0,0,0,0,0,0,0,0,0,0,0
"06085","5","2123","76","0","2025","1","N",7,0,0,0,0,0,0,0,"N",0.16,0,0,0,0,0,0,0,"N",0,0.0,0,0,0,0,0,0,0,0,0,0,0,0,0,0
"06085","5","21231","77","0","2025","1","N",5,0,0,0,0,0,0,0,"N",0.28,0,0,0,0,0,0,0,"N",0,0.0,0,0,0,0,0,0,0,0,0,0,0,0,0,0
"06085","5","212311","78","0","2025","1","N",1,0,0,0,0,0,0,0,"N",0.24,0,0,0,0,0,0,0,"N",0,0.0,0,0,0,0,0,0,0,0,0,0,0,0,0,0
"06085","5","212319","78","0","2025","1","N",4,0,0,0,0,0,0,0,"N",1.12,0,0,0,0,0,0,0,"N",0,0.0,0,0,0,0,0,0,0,0,0,0,0,0,0,0
"06085","5","21232","77","0","2025","1","N",2,0,0,0,0,0,0,0,"N",0.09,0,0,0,0,0,0,0,"N",0,0.0,0,0,0,0,0,0,0,0,0,0,0,0,0,0
"06085","5","212321","78","0","2025","1","N",1,0,0,0,0,0,0,0,"N",0.05,0,0,0,0,0,0,0,"N",0,0.0,0,0,0,0,0,0,0,0,0,0,0,0,0,0
"06085","5","212322","78","0","2025","1","N",1,0,0,0,0,0,0,0,"N",0.53,0,0,0,0,0,0,0,"N",0,0.0,0,0,0,0,0,0,0,0,0,0,0,0,0,0
"06085","5","213","75","0","2025","1","N",9,0,0,0,0,0,0,0,"N",0.08,0,0,0,0,0,0,0,"N",1,12.5,0,0,0,0,0,0,0,0,0,0,0,0,0,0
"06085","5","2131","76","0","2025","1","N",9,0,0,0,0,0,0,0,"N",0.08,0,0,0,0,0,0,0,"N",1,12.5,0,0,0,0,0,0,0,0,0,0,0,0,0,0
"06085","5","21311","77","0","2025","1","N",9,0,0,0,0,0,0,0,"N",0.08,0,0,0,0,0,0,0,"N",1,12.5,0,0,0,0,0,0,0,0,0,0,0,0,0,0
"06085","5","213111","78","0","2025","1","N",2,0,0,0,0,0,0,0,"N",0.14,0,0,0,0,0,0,0,"N",0,0.0,0,0,0,0,0,0,0,0,0,0,0,0,0,0
"06085","5","213112","78","0","2025","1","N",5,0,0,0,0,0,0,0,"N",0.05,0,0,0,0,0,0,0,"N",0,0.0,0,0,0,0,0,0,0,0,0,0,0,0,0,0
"06085","5","213113","78","0","2025","1","N",1,0,0,0,0,0,0,0,"N",0.36,0,0,0,0,0,0,0,"N",1,100.0,0,0,0,0,0,0,0,0,0,0,0,0,0,0
"06085","5","213114","78","0","2025","1","N",1,0,0,0,0,0,0,0,"N",0.33,0,0,0,0,0,0,0,"N",0,0.0,0,0,0,0,0,0,0,0,0,0,0,0,0,0
"06085","5","22","74","0","2025","1","",60,1849,1867,1870,103158435,13656293,353548,4262,"",0.34,0.43,0.43,0.43,0.22,0.30,0.35,0.50,"",9,17.6,101,5.8,108,6.1,105,5.9,8431100,8.9,1507930,12.4,47340,15.5,116,2.8
"06085","5","221","75","0","2025","1","",60,1849,1867,1870,103158435,13656293,353548,4262,"",0.34,0.43,0.43,0.43,0.22,0.30,0.35,0.50,"",9,17.6,101,5.8,108,6.1,105,5.9,8431100,8.9,1507930,12.4,47340,15.5,116,2.8
"06085","5","2211","76","0","2025","1","N",42,0,0,0,0,0,0,0,"N",0.41,0,0,0,0,0,0,0,"N",8,23.5,0,0,0,0,0,0,0,0,0,0,0,0,0,0
"06085","5","22111","77","0","2025","1","",35,181,187,188,8728997,1359181,35917,3623,"",0.67,0.16,0.17,0.17,0.06,0.11,0.11,0.36,"",5,16.7,51,39.2,55,41.7,52,38.2,2727406,45.4,363177,36.5,8764,32.3,143,4.1
"06085","5","221111","78","0","2025","1","N",2,0,0,0,0,0,0,0,"N",0.43,0,0,0,0,0,0,0,"N",1,100.0,0,0,0,0,0,0,0,0,0,0,0,0,0,0
"06085","5","221112","78","0","2025","1","N",5,0,0,0,0,0,0,0,"N",0.38,0,0,0,0,0,0,0,"N",-1,-16.7,0,0,0,0,0,0,0,0,0,0,0,0,0,0
"06085","5","221114","78","0","2025","1","",18,41,43,44,1553973,316362,12052,2802,"",0.95,0.34,0.36,0.37,0.12,0.25,0.23,0.33,"",4,28.6,8,24.2,10,30.3,11,33.3,69359,4.7,51821,19.6,1196,11.0,-659,-19.0
"06085","5","221116","78","0","2025","1","N",1,0,0,0,0,0,0,0,"N",2.13,0,0,0,0,0,0,0,"N",0,0.0,0,0,0,0,0,0,0,0,0,0,0,0,0,0
"06085","5","221117","78","0","2025","1","N",1,0,0,0,0,0,0,0,"N",0.62,0,0,0,0,0,0,0,"N",0,0.0,0,0,0,0,0,0,0,0,0,0,0,0,0,0
"06085","5","221118","78","0","2025","1","",8,56,60,62,3020320,439120,12330,3916,"",1.32,1.54,1.66,1.71,0.67,1.15,0.81,0.41,"",1,14.3,42,300.0,45,300.0,43,226.3,2153812,248.6,292845,200.2,7238,142.1,-250,-6.0
"06085","5","22112","77","0","2025","1","N",7,0,0,0,0,0,0,0,"N",0.14,0,0,0,0,0,0,0,"N",3,75.0,0,0,0,0,0,0,0,0,0,0,0,0,0,0
"06085","5","221122","78","0","2025","1","N",7,0,0,0,0,0,0,0,"N",0.15,0,0,0,0,0,0,0,"N",3,75.0,0,0,0,0,0,0,0,0,0,0,0,0,0,0
"06085","5","2212","76","0","2025","1","N",2,0,0,0,0,0,0,0,"N",0.09,0,0,0,0,0,0,0,"N",0,0.0,0,0,0,0,0,0,0,0,0,0,0,0,0,0
"06085","5","22121","77","0","2025","1","N",2,0,0,0,0,0,0,0,"N",0.09,0,0,0,0,0,0,0,"N",0,0.0,0,0,0,0,0,0,0,0,0,0,0,0,0,0
"06085","5","221210","78","0","2025","1","N",2,0,0,0,0,0,0,0,"N",0.09,0,0,0,0,0,0,0,"N",0,0.0,0,0,0,0,0,0,0,0,0,0,0,0,0,0
"06085","5","2213","76","0","2025","1","",16,309,306,308,11800050,2065023,53220,2950,"",0.33,0.70,0.69,0.69,0.47,0.54,0.56,0.67,"",1,6.7,-25,-7.5,-27,-8.1,-29,-8.6,1836054,18.4,166567,8.8,12564,30.9,660,28.8
"06085","5","22131","77","0","2025","1","N",13,0,0,0,0,0,0,0,"N",0.31,0,0,0,0,0,0,0,"N",1,8.3,0,0,0,0,0,0,0,0,0,0,0,0,0,0
"06085","5","221310","78","0","2025","1","N",13,0,0,0,0,0,0,0,"N",0.31,0,0,0,0,0,0,0,"N",1,8.3,0,0,0,0,0,0,0,0,0,0,0,0,0,0
"06085","5","22132","77","0","2025","1","N",3,0,0,0,0,0,0,0,"N",0.55,0,0,0,0,0,0,0,"N",0,0.0,0,0,0,0,0,0,0,0,0,0,0,0,0,0
"06085","5","221320","78","0","2025","1","N",3,0,0,0,0,0,0,0,"N",0.55,0,0,0,0,0,0,0,"N",0,0.0,0,0,0,0,0,0,0,0,0,0,0,0,0,0
"06085","5","23","74","0","2025","1","",4381,48792,48897,48955,1404900439,387838911,17386640,2211,"",0.65,0.86,0.86,0.85,0.47,0.78,0.67,0.55,"",288,7.0,-2600,-5.1,-2075,-4.1,-2009,-3.9,-33353995,-2.3,-19808723,-4.9,552209,3.3,46,2.1
"06085","5","236","75","0","2025","1","",1713,11053,11249,11285,299086600,83750076,3280514,2055,"",0.82,0.85,0.86,0.86,0.39,0.72,0.59,0.45,"",158,10.2,-157,-1.4,85,0.8,112,1.0,5430667,1.8,-390061,-0.5,237927,7.8,35,1.7
"06085","5","2361","76","0","2025","1","",1463,6468,6669,6741,132212733,48369146,1596234,1535,"",0.91,0.99,1.02,1.02,0.39,0.90,0.77,0.39,"",138,10.4,8,0.1,307,4.8,399,6.3,5825691,4.6,1088290,2.3,184925,13.1,13,0.9
"06085","5","23611","77","0","2025","1","",1463,6468,6669,6741,132212733,48369146,1596234,1535,"",0.91,0.99,1.02,1.02,0.39,0.90,0.77,0.39,"",138,10.4,8,0.1,307,4.8,399,6.3,5825691,4.6,1088290,2.3,184925,13.1,13,0.9
"06085","5","236115","78","0","2025","1","",535,2282,2368,2346,46610655,16895099,531739,1537,"",0.85,0.88,0.91,0.90,0.32,0.78,0.71,0.36,"",22,4.3,12,0.5,97,4.3,125,5.6,2222728,5.0,256054,1.5,43465,8.9,22,1.5
"06085","5","236116","78","0","2025","1","",13,172,175,179,7006668,1267230,62900,3074,"",0.35,0.53,0.54,0.55,0.29,0.41,0.46,0.54,"",-2,-13.3,-72,-29.5,-59,-25.2,-54,-23.2,-727634,-9.4,-460309,-26.6,-13427,-17.6,564,22.5
"06085","5","236117","78","0","2025","1","",9,41,43,39,1033547,345702,14448,1939,"",0.23,0.10,0.10,0.09,0.02,0.08,0.10,0.25,"",3,50.0,22,115.8,30,230.8,27,225.0,742475,255.1,217626,169.9,10897,306.9,412,27.0
"06085","5","236118","78","0","2025","1","",906,3973,4083,4177,77561863,29861115,987147,1463,"",0.99,1.25,1.27,1.29,0.62,1.20,0.93,0.49,"",115,14.5,46,1.2,239,6.2,301,7.8,3588122,4.9,1074919,3.7,143990,17.1,-3,-0.2
"06085","5","2362","76","0","2025","1","",250,4585,4580,4544,166873867,35380930,1684280,2809,"",0.54,0.71,0.71,0.70,0.38,0.57,0.48,0.54,"",20,8.7,-165,-3.5,-222,-4.6,-287,-5.9,-395024,-0.2,-1478351,-4.0,53002,3.2,125,4.7
"06085","5","23621","77","0","2025","1","",12,690,706,680,22845032,5203609,290316,2539,"",0.24,0.60,0.60,0.57,0.29,0.47,0.39,0.50,"",1,9.1,-30,-4.2,-17,-2.4,-40,-5.6,-1163851,-4.8,-257252,-4.7,35115,13.8,-22,-0.9
"06085","5","236210","78","0","2025","1","",12,690,706,680,22845032,5203609,290316,2539,"",0.24,0.60,0.60,0.57,0.29,0.47,0.39,0.50,"",1,9.1,-30,-4.2,-17,-2.4,-40,-5.6,-1163851,-4.8,-257252,-4.7,35115,13.8,-22,-0.9
"06085","5","23622","77","0","2025","1","",238,3895,3874,3864,144028835,30177321,1393964,2857,"",0.58,0.74,0.73,0.72,0.40,0.59,0.51,0.54,"",19,8.7,-135,-3.3,-205,-5.0,-247,-6.0,768827,0.5,-1221099,-3.9,17887,1.3,152,5.6
"06085","5","236220","78","0","2025","1","",238,3895,3874,3864,144028835,30177321,1393964,2857,"",0.58,0.74,0.73,0.72,0.40,0.59,0.51,0.54,"",19,8.7,-135,-3.3,-205,-5.0,-247,-6.0,768827,0.5,-1221099,-3.9,17887,1.3,152,5.6
"06085","5","237","75","0","2025","1","",109,2668,2547,2580,86839772,19985618,1120833,2571,"",0.26,0.35,0.33,0.32,0.18,0.27,0.25,0.54,"",4,3.8,27,1.0,-12,-0.5,-4,-0.2,8342133,10.6,639946,3.3,73457,7.0,244,10.5
"06085","5","2371","76","0","2025","1","",47,1606,1543,1561,51842769,12028372,678576,2540,"",0.21,0.39,0.36,0.36,0.20,0.30,0.30,0.53,"",2,4.4,-3,-0.2,-19,-1.2,-25,-1.6,4048422,8.5,178746,1.5,46775,7.4,221,9.5
"06085","5","23711","77","0","2025","1","",24,1101,1066,1099,38195762,8325341,489073,2699,"",0.26,0.74,0.71,0.72,0.47,0.63,0.70,0.65,"",2,9.1,28,2.6,32,3.1,30,2.8,4899231,14.7,514731,6.6,30917,6.7,280,11.6
"06085","5","237110","78","0","2025","1","",24,1101,1066,1099,38195762,8325341,489073,2699,"",0.26,0.74,0.71,0.72,0.47,0.63,0.70,0.65,"",2,9.1,28,2.6,32,3.1,30,2.8,4899231,14.7,514731,6.6,30917,6.7,280,11.6
"06085","5","23712","77","0","2025","1","",6,54,63,61,1381883,446367,25636,1792,"",0.19,0.06,0.06,0.06,0.02,0.05,0.04,0.36,"",0,0.0,-3,-5.3,10,18.9,6,10.9,131824,10.5,32671,7.9,1940,8.2,44,2.5
"06085","5","237120","78","0","2025","1","",6,54,63,61,1381883,446367,25636,1792,"",0.19,0.06,0.06,0.06,0.02,0.05,0.04,0.36,"",0,0.0,-3,-5.3,10,18.9,6,10.9,131824,10.5,32671,7.9,1940,8.2,44,2.5
"06085","5","23713","77","0","2025","1","",17,451,414,401,12265124,3256664,163867,2236,"",0.18,0.27,0.24,0.23,0.11,0.19,0.19,0.43,"",0,0.0,-28,-5.8,-61,-12.8,-61,-13.2,-982633,-7.4,-368656,-10.2,13918,9.3,77,3.6
"06085","5","237130","78","0","2025","1","",17,451,414,401,12265124,3256664,163867,2236,"",0.18,0.27,0.24,0.23,0.11,0.19,0.19,0.43,"",0,0.0,-28,-5.8,-61,-12.8,-61,-13.2,-982633,-7.4,-368656,-10.2,13918,9.3,77,3.6
"06085","5","2372","76","0","2025","1","",32,132,137,137,3988156,1049661,30417,2267,"",0.80,0.52,0.54,0.53,0.18,0.48,0.46,0.34,"",0,0.0,-12,-8.3,-6,-4.2,-3,-2.1,264000,7.1,5045,0.5,1142,3.9,254,12.6
"06085","5","23721","77","0","2025","1","",32,132,137,137,3988156,1049661,30417,2267,"",0.80,0.52,0.54,0.53,0.18,0.48,0.46,0.34,"",0,0.0,-12,-8.3,-6,-4.2,-3,-2.1,264000,7.1,5045,0.5,1142,3.9,254,12.6
"06085","5","237210","78","0","2025","1","",32,132,137,137,3988156,1049661,30417,2267,"",0.80,0.52,0.54,0.53,0.18,0.48,0.46,0.34,"",0,0.0,-12,-8.3,-6,-4.2,-3,-2.1,264000,7.1,5045,0.5,1142,3.9,254,12.6
"06085","5","2373","76","0","2025","1","",24,901,836,854,30291687,6680943,403491,2698,"",0.27,0.39,0.36,0.35,0.22,0.30,0.24,0.61,"",2,9.1,49,5.8,17,2.1,39,4.8,4017743,15.3,485320,7.8,26848,7.1,259,10.6
"06085","5","23731","77","0","2025","1","",24,901,836,854,30291687,6680943,403491,2698,"",0.27,0.39,0.36,0.35,0.22,0.30,0.24,0.61,"",2,9.1,49,5.8,17,2.1,39,4.8,4017743,15.3,485320,7.8,26848,7.1,259,10.6
"06085","5","237310","78","0","2025","1","",24,901,836,854,30291687,6680943,403491,2698,"",0.27,0.39,0.36,0.35,0.22,0.30,0.24,0.61,"",2,9.1,49,5.8,17,2.1,39,4.8,4017743,15.3,485320,7.8,26848,7.1,259,10.6
"06085","5","2379","76","0","2025","1","",6,29,31,28,717160,226642,8349,1881,"",0.08,0.03,0.03,0.03,0.01,0.03,0.02,0.38,"",0,0.0,-7,-19.4,-4,-11.4,-15,-34.9,11968,1.7,-29165,-11.4,-1308,-13.5,453,31.7
"06085","5","23799","77","0","2025","1","",6,29,31,28,717160,226642,8349,1881,"",0.08,0.03,0.03,0.03,0.01,0.03,0.02,0.38,"",0,0.0,-7,-19.4,-4,-11.4,-15,-34.9,11968,1.7,-29165,-11.4,-1308,-13.5,453,31.7
"06085","5","237990","78","0","2025","1","",6,29,31,28,717160,226642,8349,1881,"",0.08,0.03,0.03,0.03,0.01,0.03,0.02,0.38,"",0,0.0,-7,-19.4,-4,-11.4,-15,-34.9,11968,1.7,-29165,-11.4,-1308,-13.5,453,31.7
"06085","5","238","75","0","2025","1","",2559,35071,35101,35090,1018974067,284103217,12985293,2234,"",0.61,0.98,0.97,0.96,0.59,0.91,0.82,0.61,"",126,5.2,-2470,-6.6,-2148,-5.8,-2117,-5.7,-47126795,-4.4,-20058608,-6.6,240825,1.9,37,1.7
"06085","5","2381","76","0","2025","1","",495,6488,6352,6246,154438838,49010801,1902410,1867,"",0.59,0.98,0.96,0.92,0.54,0.90,0.69,0.57,"",41,9.0,-135,-2.0,-221,-3.4,-513,-7.6,3652754,2.4,-845814,-1.7,90972,5.0,123,7.1
"06085","5","23811","77","0","2025","1","",118,2054,2029,1989,53093819,16344390,669702,2018,"",0.68,1.23,1.21,1.14,0.73,1.19,1.02,0.61,"",7,6.3,-292,-12.4,-277,-12.0,-282,-12.4,-2377584,-4.3,-1745216,-9.6,-68137,-9.2,169,9.1
"06085","5","238111","78","0","2025","1","",88,871,901,888,15482269,6482852,190743,1343,"",0.69,1.09,1.12,1.06,0.51,1.04,0.72,0.47,"",7,8.6,-98,-10.1,-25,-2.7,-32,-3.5,-507758,-3.2,-478684,-6.9,-6634,-3.4,32,2.4
"06085","5","238112","78","0","2025","1","",30,1183,1128,1101,37611550,9861538,478959,2544,"",0.64,1.36,1.29,1.22,0.89,1.32,1.23,0.69,"",0,0.0,-194,-14.1,-252,-18.3,-250,-18.5,-1869826,-4.7,-1266532,-11.4,-61503,-11.4,326,14.7
"06085","5","23812","77","0","2025","1","",17,214,232,257,6941928,1927118,75749,2279,"",0.42,0.35,0.38,0.42,0.23,0.36,0.23,0.59,"",5,41.7,57,36.3,71,44.1,91,54.8,2572105,58.9,747739,63.4,43124,132.2,195,9.4
"06085","5","238121","78","0","2025","1","",6,17,18,20,426498,148228,3184,1790,"",0.54,0.17,0.18,0.20,0.10,0.19,0.08,0.54,"",0,0.0,-7,-29.2,-6,-25.0,-8,-28.6,-62952,-12.9,-30681,-17.1,-2771,-46.5,304,20.5
"06085","5","238122","78","0","2025","1","",11,197,214,237,6515430,1778890,72565,2320,"",0.38,0.39,0.42,0.46,0.25,0.39,0.25,0.58,"",5,83.3,64,48.1,77,56.2,99,71.7,2635057,67.9,778420,77.8,45895,172.1,125,5.7
"06085","5","23813","77","0","2025","1","",42,321,357,335,6804863,2684397,95517,1550,"",0.51,0.55,0.62,0.58,0.32,0.59,0.51,0.55,"",6,16.7,40,14.2,70,24.4,20,6.3,1625562,31.4,493119,22.5,20447,27.2,196,14.5
"06085","5","238131","78","0","2025","1","N",39,0,0,0,0,0,0,0,"N",0.55,0,0,0,0,0,0,0,"N",7,21.9,0,0,0,0,0,0,0,0,0,0,0,0,0,0
"06085","5","238132","78","0","2025","1","N",3,0,0,0,0,0,0,0,"N",0.27,0,0,0,0,0,0,0,"N",-1,-25.0,0,0,0,0,0,0,0,0,0,0,0,0,0,0
"06085","5","23814","77","0","2025","1","",58,592,554,540,8377434,4204436,112730,1147,"",0.43,0.67,0.62,0.57,0.24,0.57,0.24,0.38,"",2,3.6,-58,-8.9,-111,-16.7,-158,-22.6,-2396363,-22.2,-951067,-18.4,-9677,-7.9,-88,-7.1
"06085","5","238141","78","0","2025","1","",50,386,372,375,5682312,2774276,75421,1157,"",0.49,0.86,0.82,0.79,0.36,0.81,0.50,0.44,"",2,4.2,27,7.5,48,14.8,12,3.3,-80599,-1.4,138020,5.2,6928,10.1,-114,-9.0
"06085","5","238142","78","0","2025","1","",8,206,182,165,2695122,1430160,37309,1125,"",0.25,0.48,0.41,0.35,0.14,0.37,0.12,0.33,"",0,0.0,-85,-29.2,-159,-46.6,-170,-50.7,-2315764,-46.2,-1089087,-43.2,-16605,-30.8,-71,-5.9
"06085","5","23815","77","0","2025","1","",43,457,454,468,11342974,3415701,167183,1898,"",0.75,0.86,0.86,0.89,0.47,0.77,0.69,0.54,"",7,19.4,51,12.6,59,14.9,68,17.0,1901348,20.1,516634,17.8,55322,49.5,84,4.6
"06085","5","238151","78","0","2025","1","",29,125,127,147,2595997,1030869,31610,1501,"",0.85,0.61,0.62,0.72,0.33,0.66,0.50,0.50,"",5,20.8,-7,-5.3,-5,-3.8,10,7.3,277300,12.0,101478,10.9,5201,19.7,167,12.5
"06085","5","238152","78","0","2025","1","",14,332,327,321,8746977,2384832,135573,2060,"",0.60,1.02,1.01,1.00,0.54,0.83,0.75,0.53,"",2,16.7,58,21.2,64,24.3,58,22.1,1624048,22.8,415156,21.1,50121,58.7,5,0.2
"06085","5","23816","77","0","2025","1","",177,2546,2410,2362,60913876,18125362,679389,1921,"",0.77,1.49,1.41,1.34,0.82,1.34,1.08,0.58,"",11,6.6,154,6.4,33,1.4,-146,-5.8,3642653,6.4,411392,2.3,54667,8.8,105,5.8
"06085","5","238161","78","0","2025","1","",156,1371,1314,1303,20448325,9692298,270133,1183,"",0.84,1.45,1.40,1.36,0.55,1.36,1.02,0.39,"",12,8.3,143,11.6,124,10.4,-11,-0.8,2247851,12.4,795387,8.9,48435,21.8,58,5.2
"06085","5","238162","78","0","2025","1","",21,1175,1096,1059,40465551,8433064,409256,2804,"",0.47,1.53,1.43,1.32,1.09,1.31,1.13,0.77,"",-1,-4.5,11,0.9,-91,-7.7,-135,-11.3,1394802,3.6,-383995,-4.4,6232,1.5,261,10.3
"06085","5","23817","77","0","2025","1","",13,195,208,203,5141832,1546137,76002,1958,"",0.21,0.67,0.72,0.68,0.48,0.65,0.77,0.69,"",3,30.0,78,66.7,85,69.1,80,65.0,2088598,68.4,592920,62.2,35598,88.1,17,0.9
"06085","5","238171","78","0","2025","1","",8,24,27,28,418643,207779,7293,1223,"",0.14,0.10,0.11,0.11,0.05,0.10,0.10,0.45,"N",2,33.3,0,0,0,0,0,0,0,0,0,0,0,0,0,0
"06085","5","238172","78","0","2025","1","",5,171,181,175,4723189,1338358,68709,2068,"",1.21,4.51,4.76,4.58,2.62,3.74,2.64,0.57,"N",1,25.0,0,0,0,0,0,0,0,0,0,0,0,0,0,0
"06085","5","23819","77","0","2025","1","",27,109,108,92,1822112,763260,26138,1361,"",0.45,0.32,0.31,0.26,0.12,0.27,0.20,0.40,"",0,0.0,-165,-60.2,-151,-58.3,-186,-66.9,-3403565,-65.1,-911335,-54.4,-40372,-60.7,-126,-8.5
"06085","5","238191","78","0","2025","1","",21,67,64,54,1079882,467003,14403,1347,"",0.60,0.44,0.42,0.35,0.17,0.39,0.31,0.43,"",2,10.5,-87,-56.5,-71,-52.6,-107,-66.5,-1566741,-59.2,-327356,-41.2,-7889,-35.4,-10,-0.7
"06085","5","238192","78","0","2025","1","",6,42,44,38,742230,296257,11735,1381,"",0.25,0.22,0.23,0.19,0.08,0.18,0.14,0.37,"",-2,-25.0,-78,-65.0,-80,-64.5,-79,-67.5,-1836824,-71.2,-583979,-66.3,-32483,-73.5,-268,-16.3
"06085","5","2382","76","0","2025","1","",1089,17561,17684,17831,631394148,149290177,7461755,2745,"",0.65,0.96,0.96,0.97,0.65,0.90,0.92,0.68,"",41,3.9,-1694,-8.8,-1410,-7.4,-1126,-5.9,-48539427,-7.1,-16432025,-9.9,12308,0.2,7,0.3
"06085","5","23821","77","0","2025","1","",500,9517,9647,9803,418271583,89761777,4610598,3332,"",0.70,1.21,1.22,1.23,0.99,1.25,1.23,0.81,"",9,1.8,-1497,-13.6,-1278,-11.7,-1057,-9.7,-45665227,-9.8,-15099898,-14.4,-196709,-4.1,68,2.1
"06085","5","238211","78","0","2025","1","",334,3245,3300,3325,161004242,39568366,1778726,3764,"",0.77,1.29,1.31,1.33,1.49,1.89,2.19,1.14,"",7,2.1,-766,-19.1,-550,-14.3,-536,-13.9,-23171902,-12.6,-10774987,-21.4,-106294,-5.6,138,3.8
"06085","5","238212","78","0","2025","1","",166,6272,6347,6478,257267341,50193411,2831872,3109,"",0.60,1.17,1.17,1.19,0.81,0.98,0.96,0.69,"",2,1.2,-731,-10.4,-728,-10.3,-521,-7.4,-22493325,-8.0,-4324911,-7.9,-90415,-3.1,46,1.5
"06085","5","23822","77","0","2025","1","",549,7641,7611,7623,202393499,56433517,2742505,2042,"",0.63,0.83,0.82,0.82,0.43,0.68,0.72,0.53,"",28,5.4,-169,-2.2,-124,-1.6,-45,-0.6,-3137098,-1.5,-1307602,-2.3,184231,7.2,-1,0.0
"06085","5","238221","78","0","2025","1","",455,3203,3231,3179,61830914,23473888,886153,1484,"",0.68,0.67,0.67,0.66,0.31,0.59,0.63,0.46,"",31,7.3,31,1.0,59,1.9,4,0.1,2160662,3.6,67367,0.3,48745,5.8,37,2.6
"06085","5","238222","78","0","2025","1","",94,4438,4380,4444,140562585,32959629,1856352,2446,"",0.45,1.00,0.98,0.99,0.53,0.77,0.77,0.54,"",-3,-3.1,-200,-4.3,-183,-4.0,-49,-1.1,-5297760,-3.6,-1374969,-4.0,135486,7.9,-12,-0.5
"06085","5","23829","77","0","2025","1","",40,403,426,405,10729066,3094883,108652,2006,"",0.44,0.35,0.37,0.34,0.15,0.27,0.19,0.41,"",4,11.1,-28,-6.5,-8,-1.8,-24,-5.6,262898,2.5,-24525,-0.8,24786,29.6,139,7.4
"06085","5","238291","78","0","2025","1","",23,103,108,110,1940983,737059,20855,1395,"",1.00,0.89,0.93,0.94,0.39,0.77,0.51,0.43,"",3,15.0,-2,-1.9,-4,-3.6,-2,-1.8,-89869,-4.4,-44966,-5.7,-149,-0.7,-29,-2.0
"06085","5","238292","78","0","2025","1","",17,300,318,295,8788083,2357824,87797,2221,"",0.25,0.29,0.30,0.28,0.13,0.23,0.17,0.44,"",1,6.2,-26,-8.0,-4,-1.2,-22,-6.9,352767,4.2,20441,0.9,24935,39.7,204,10.1
"06085","5","2383","76","0","2025","1","",733,8145,8251,8217,175465021,64610709,2771441,1645,"",0.75,1.42,1.42,1.40,0.74,1.39,1.12,0.52,"",36,5.2,-764,-8.6,-593,-6.7,-465,-5.4,-5783979,-3.2,-3193104,-4.7,43700,1.6,63,4.0
"06085","5","23831","77","0","2025","1","",116,3645,3716,3705,92717878,30856435,1481929,1934,"",0.74,2.10,2.11,2.09,1.18,2.08,1.63,0.56,"",7,6.4,-445,-10.9,-357,-8.8,-303,-7.6,-6223604,-6.3,-2136203,-6.5,-2951,-0.2,58,3.1
"06085","5","238311","78","0","2025","1","",84,1138,1168,1129,19747518,9921434,318592,1327,"",0.74,1.40,1.42,1.38,0.64,1.56,1.24,0.46,"",6,7.7,-133,-10.5,-105,-8.2,-175,-13.4,-3533804,-15.2,-153058,-1.5,-6266,-1.9,-69,-4.9
"06085","5","238312","78","0","2025","1","",32,2507,2548,2576,72970360,20935001,1163337,2207,"",0.74,2.72,2.71,2.71,1.52,2.46,1.78,0.56,"",1,3.2,-312,-11.1,-252,-9.0,-128,-4.7,-2689800,-3.6,-1983145,-8.7,3315,0.3,109,5.2
"06085","5","23832","77","0","2025","1","",292,2068,2017,1976,31673069,14713281,503645,1206,"",0.99,1.53,1.48,1.41,0.64,1.44,0.94,0.44,"",18,6.6,-98,-4.5,-147,-6.8,-157,-7.4,-232656,-0.7,-650776,-4.2,11890,2.4,67,5.9
"06085","5","238321","78","0","2025","1","",259,1342,1343,1284,17833595,9909311,314153,1037,"",1.04,1.58,1.57,1.47,0.67,1.65,1.28,0.44,"",15,6.1,-102,-7.1,-98,-6.8,-132,-9.3,-568076,-3.1,-288725,-2.8,17764,6.0,50,5.1
"06085","5","238322","78","0","2025","1","",33,726,674,692,13839474,4803970,189492,1527,"",0.70,1.44,1.32,1.32,0.61,1.13,0.65,0.45,"",3,10.0,4,0.6,-49,-6.8,-25,-3.5,335420,2.5,-362051,-7.0,-5874,-3.0,86,6.0
"06085","5","23833","77","0","2025","1","",93,811,844,856,20162769,6888359,335227,1853,"",0.68,1.44,1.49,1.50,0.86,1.53,1.50,0.58,"",0,0.0,-131,-13.9,-45,-5.1,-24,-2.7,1435349,7.7,120322,1.8,22318,7.1,259,16.2
"06085","5","238331","78","0","2025","1","",81,511,548,554,11966102,4553344,193388,1712,"",0.72,1.40,1.49,1.49,0.90,1.67,1.91,0.61,"",1,1.2,-97,-16.0,-37,-6.3,-25,-4.3,1181472,11.0,147132,3.3,15760,8.9,308,21.9
"06085","5","238332","78","0","2025","1","",12,300,296,302,8196667,2335015,141839,2106,"",0.49,1.52,1.48,1.50,0.81,1.31,1.16,0.54,"",-1,-7.7,-34,-10.2,-8,-2.6,1,0.3,253877,3.2,-26810,-1.1,6558,4.8,154,7.9
"06085","5","23834","77","0","2025","1","",94,617,636,637,10048995,4633768,151039,1227,"",1.29,1.64,1.68,1.66,0.69,1.55,1.07,0.42,"",5,5.6,-2,-0.3,19,3.1,56,9.6,-9656,-0.1,60211,1.3,7679,5.4,-51,-4.0
"06085","5","238341","78","0","2025","1","",90,490,508,511,7489368,3704950,98362,1145,"",1.40,1.70,1.75,1.75,0.73,1.68,1.19,0.42,"",5,5.9,21,4.5,35,7.4,69,15.6,671256,9.8,265351,7.7,14771,17.7,8,0.7
"06085","5","238342","78","0","2025","1","",4,127,128,126,2559627,928818,52677,1550,"",0.47,1.45,1.44,1.39,0.62,1.17,0.90,0.43,"",0,0.0,-23,-15.3,-16,-11.1,-13,-9.4,-680912,-21.0,-205140,-18.1,-7092,-11.9,-177,-10.2
"06085","5","23835","77","0","2025","1","",93,434,450,454,8745422,3258485,115464,1508,"",0.40,0.39,0.40,0.40,0.19,0.36,0.29,0.48,"",5,5.7,-41,-8.6,-43,-8.7,-23,-4.8,-772520,-8.1,-312905,-8.8,-1047,-0.9,-12,-0.8
"06085","5","238351","78","0","2025","1","",82,334,348,349,5906537,2464102,72883,1322,"",0.40,0.37,0.39,0.39,0.17,0.35,0.29,0.45,"",5,6.5,-20,-5.6,-9,-2.5,18,5.4,86939,1.5,-39328,-1.6,6288,9.4,33,2.6
"06085","5","238352","78","0","2025","1","",11,100,102,105,2838885,794383,42581,2134,"",0.43,0.44,0.45,0.46,0.25,0.38,0.31,0.55,"",0,0.0,-21,-17.4,-34,-25.0,-41,-28.1,-859459,-23.2,-273577,-25.6,-7335,-14.7,16,0.8
"06085","5","23839","77","0","2025","1","",45,570,588,589,12116888,4260381,184137,1601,"",0.58,0.94,0.98,0.94,0.46,0.86,0.70,0.48,"",1,2.3,-47,-7.6,-20,-3.3,-14,-2.3,19108,0.2,-273753,-6.0,5811,3.3,74,4.8
"06085","5","238391","78","0","2025","1","",22,123,126,127,1888052,918990,35860,1159,"",0.49,0.48,0.49,0.48,0.19,0.46,0.47,0.39,"",-1,-4.3,-4,-3.1,3,2.4,-2,-1.6,165096,9.6,33542,3.8,2861,8.7,110,10.5
"06085","5","238392","78","0","2025","1","",23,447,462,462,10228836,3341391,148277,1722,"",0.71,1.28,1.34,1.27,0.62,1.12,0.79,0.48,"",2,9.5,-43,-8.8,-23,-4.7,-12,-2.5,-145988,-1.4,-307295,-8.4,2950,2.0,70,4.2
"06085","5","2389","76","0","2025","1","",242,2877,2814,2796,57676060,21191530,849687,1568,"",0.34,0.55,0.53,0.51,0.24,0.48,0.34,0.45,"",8,3.4,123,4.5,76,2.8,-13,-0.5,3543857,6.5,412335,2.0,93845,12.4,63,4.2
"06085","5","23891","77","0","2025","1","",79,915,882,843,23199773,6995432,324318,2028,"",0.27,0.33,0.32,0.30,0.18,0.29,0.24,0.58,"",6,8.2,85,10.2,15,1.7,-27,-3.1,2197266,10.5,278447,4.1,39529,13.9,140,7.4
"06085","5","238911","78","0","2025","1","",45,257,257,259,4579938,1869801,74629,1367,"",0.26,0.25,0.25,0.25,0.11,0.22,0.19,0.45,"",3,7.1,-2,-0.8,-5,-1.9,-5,-1.9,546214,13.5,50959,2.8,10752,16.8,181,15.3
"06085","5","238912","78","0","2025","1","",34,658,625,584,18619835,5125631,249689,2301,"",0.27,0.38,0.36,0.32,0.22,0.33,0.27,0.61,"",3,9.7,87,15.2,20,3.3,-22,-3.6,1651052,9.7,227488,4.6,28777,13.0,104,4.7
"06085","5","23899","77","0","2025","1","",163,1962,1932,1953,34476287,14196098,525369,1361,"",0.40,0.79,0.77,0.75,0.31,0.70,0.45,0.40,"",2,1.2,38,2.0,61,3.3,14,0.7,1346591,4.1,133888,1.0,54316,11.5,28,2.1
"06085","5","238991","78","0","2025","1","",122,1236,1214,1247,19692612,8977113,335388,1229,"",0.44,1.03,1.01,0.99,0.43,0.99,0.75,0.43,"",-2,-1.6,11,0.9,-19,-1.5,2,0.2,-517559,-2.6,-137146,-1.5,32561,10.8,-30,-2.4
"06085","5","238992","78","0","2025","1","",41,726,718,706,14783675,5218985,189981,1587,"",0.30,0.57,0.55,0.52,0.22,0.46,0.26,0.41,"",4,10.8,27,3.9,80,12.5,12,1.7,1864150,14.4,271034,5.5,21755,12.9,119,8.1
"06085","5","31-33","74","0","2025","1","",2623,123291,123648,123743,10735280336,926150764,34247476,6683,"",0.92,1.36,1.36,1.36,1.96,1.16,1.32,1.44,"",36,1.4,1111,0.9,925,0.8,1135,0.9,339761438,3.3,13421685,1.5,4486058,15.1,155,2.4
"06085","5","311","75","0","2025","1","",169,3110,3055,3070,41562110,20274883,637644,1039,"",0.56,0.24,0.24,0.24,0.08,0.20,0.21,0.33,"",13,8.3,0,0.0,-89,-2.8,-86,-2.7,-89240,-0.2,-563462,-2.7,1916,0.3,18,1.8
"06085","5","3111","76","0","2025","1","N",1,0,0,0,0,0,0,0,"N",0.05,0,0,0,0,0,0,0,"N",0,0.0,0,0,0,0,0,0,0,0,0,0,0,0,0,0
"06085","5","31111","77","0","2025","1","N",1,0,0,0,0,0,0,0,"N",0.05,0,0,0,0,0,0,0,"N",0,0.0,0,0,0,0,0,0,0,0,0,0,0,0,0,0
"06085","5","311111","78","0","2025","1","N",1,0,0,0,0,0,0,0,"N",0.15,0,0,0,0,0,0,0,"N",0,0.0,0,0,0,0,0,0,0,0,0,0,0,0,0,0
"06085","5","3112","76","0","2025","1","N",2,0,0,0,0,0,0,0,"N",0.23,0,0,0,0,0,0,0,"N",0,0.0,0,0,0,0,0,0,0,0,0,0,0,0,0,0
"06085","5","31122","77","0","2025","1","N",2,0,0,0,0,0,0,0,"N",0.54,0,0,0,0,0,0,0,"N",0,0.0,0,0,0,0,0,0,0,0,0,0,0,0,0,0
"06085","5","311224","78","0","2025","1","N",1,0,0,0,0,0,0,0,"N",0.58,0,0,0,0,0,0,0,"N",0,0.0,0,0,0,0,0,0,0,0,0,0,0,0,0,0
"06085","5","311225","78","0","2025","1","N",1,0,0,0,0,0,0,0,"N",0.67,0,0,0,0,0,0,0,"N",0,0.0,0,0,0,0,0,0,0,0,0,0,0,0,0,0
"06085","5","3113","76","0","2025","1","",7,76,73,77,952611,494022,12315,973,"",0.41,0.13,0.12,0.13,0.04,0.11,0.05,0.28,"",0,0.0,-14,-15.6,-13,-15.1,-12,-13.5,-67130,-6.6,-44722,-8.3,-1075,-8.0,85,9.6
"06085","5","31134","77","0","2025","1","N",2,0,0,0,0,0,0,0,"N",0.38,0,0,0,0,0,0,0,"N",0,0.0,0,0,0,0,0,0,0,0,0,0,0,0,0,0
"06085","5","311340","78","0","2025","1","N",2,0,0,0,0,0,0,0,"N",0.38,0,0,0,0,0,0,0,"N",0,0.0,0,0,0,0,0,0,0,0,0,0,0,0,0,0
"06085","5","31135","77","0","2025","1","N",5,0,0,0,0,0,0,0,"N",0.45,0,0,0,0,0,0,0,"N",0,0.0,0,0,0,0,0,0,0,0,0,0,0,0,0,0
"06085","5","311351","78","0","2025","1","N",2,0,0,0,0,0,0,0,"N",0.78,0,0,0,0,0,0,0,"N",0,0.0,0,0,0,0,0,0,0,0,0,0,0,0,0,0
"06085","5","311352","78","0","2025","1","N",3,0,0,0,0,0,0,0,"N",0.36,0,0,0,0,0,0,0,"N",0,0.0,0,0,0,0,0,0,0,0,0,0,0,0,0,0
"06085","5","3114","76","0","2025","1","",6,173,169,175,4701934,1267574,62032,2099,"",0.29,0.14,0.14,0.14,0.09,0.13,0.15,0.63,"",0,0.0,1,0.6,2,1.2,12,7.4,754816,19.1,2590,0.2,-8728,-12.3,285,15.7
"06085","5","31141","77","0","2025","1","N",2,0,0,0,0,0,0,0,"N",0.22,0,0,0,0,0,0,0,"N",0,0.0,0,0,0,0,0,0,0,0,0,0,0,0,0,0
"06085","5","311412","78","0","2025","1","N",2,0,0,0,0,0,0,0,"N",0.32,0,0,0,0,0,0,0,"N",0,0.0,0,0,0,0,0,0,0,0,0,0,0,0,0,0
"06085","5","31142","77","0","2025","1","N",4,0,0,0,0,0,0,0,"N",0.34,0,0,0,0,0,0,0,"N",0,0.0,0,0,0,0,0,0,0,0,0,0,0,0,0,0
"06085","5","311421","78","0","2025","1","N",1,0,0,0,0,0,0,0,"N",0.12,0,0,0,0,0,0,0,"N",0,0.0,0,0,0,0,0,0,0,0,0,0,0,0,0,0
"06085","5","311422","78","0","2025","1","N",3,0,0,0,0,0,0,0,"N",2.62,0,0,0,0,0,0,0,"N",0,0.0,0,0,0,0,0,0,0,0,0,0,0,0,0,0
"06085","5","3115","76","0","2025","1","",10,219,224,219,3042806,1448221,34816,1061,"",0.50,0.18,0.19,0.18,0.05,0.13,0.11,0.26,"",-1,-9.1,-21,-8.8,-10,-4.3,-12,-5.2,25152,0.8,-65552,-4.3,-444,-1.3,73,7.4
"06085","5","31151","77","0","2025","1","N",3,0,0,0,0,0,0,0,"N",0.23,0,0,0,0,0,0,0,"N",0,0.0,0,0,0,0,0,0,0,0,0,0,0,0,0,0
"06085","5","311511","78","0","2025","1","N",2,0,0,0,0,0,0,0,"N",0.38,0,0,0,0,0,0,0,"N",0,0.0,0,0,0,0,0,0,0,0,0,0,0,0,0,0
"06085","5","311513","78","0","2025","1","N",1,0,0,0,0,0,0,0,"N",0.19,0,0,0,0,0,0,0,"N",0,0.0,0,0,0,0,0,0,0,0,0,0,0,0,0,0
"06085","5","31152","77","0","2025","1","N",7,0,0,0,0,0,0,0,"N",0.99,0,0,0,0,0,0,0,"N",-1,-12.5,0,0,0,0,0,0,0,0,0,0,0,0,0,0
"06085","5","311520","78","0","2025","1","N",7,0,0,0,0,0,0,0,"N",0.99,0,0,0,0,0,0,0,"N",-1,-12.5,0,0,0,0,0,0,0,0,0,0,0,0,0,0
"06085","5","3116","76","0","2025","1","",8,186,188,191,2774394,1490272,23471,1133,"",0.24,0.05,0.05,0.05,0.02,0.05,0.04,0.41,"",0,0.0,0,0.0,-4,-2.1,11,6.1,137551,5.2,66334,4.7,915,4.1,42,3.8
"06085","5","31161","77","0","2025","1","",8,186,188,191,2774394,1490272,23471,1133,"",0.24,0.05,0.05,0.05,0.02,0.05,0.04,0.41,"",0,0.0,0,0.0,-4,-2.1,11,6.1,137551,5.2,66334,4.7,915,4.1,42,3.8
"06085","5","311611","78","0","2025","1","N",2,0,0,0,0,0,0,0,"N",0.17,0,0,0,0,0,0,0,"N",0,0.0,0,0,0,0,0,0,0,0,0,0,0,0,0,0
"06085","5","311612","78","0","2025","1","N",6,0,0,0,0,0,0,0,"N",0.43,0,0,0,0,0,0,0,"N",0,0.0,0,0,0,0,0,0,0,0,0,0,0,0,0,0
"06085","5","3117","76","0","2025","1","N",1,0,0,0,0,0,0,0,"N",0.17,0,0,0,0,0,0,0,"N",1,100.0,0,0,0,0,0,0,0,0,0,0,0,0,0,0
"06085","5","31171","77","0","2025","1","N",1,0,0,0,0,0,0,0,"N",0.17,0,0,0,0,0,0,0,"N",1,100.0,0,0,0,0,0,0,0,0,0,0,0,0,0,0
"06085","5","311710","78","0","2025","1","N",1,0,0,0,0,0,0,0,"N",0.17,0,0,0,0,0,0,0,"N",1,100.0,0,0,0,0,0,0,0,0,0,0,0,0,0,0
"06085","5","3118","76","0","2025","1","",102,1362,1389,1404,12633833,8263254,192061,702,"",0.90,0.55,0.56,0.56,0.16,0.49,0.35,0.28,"",9,9.7,-7,-0.5,-12,-0.9,-7,-0.5,161184,1.3,74198,0.9,19569,11.3,14,2.0
"06085","5","31181","77","0","2025","1","",96,1269,1298,1310,11756961,7674164,182887,700,"",0.95,0.66,0.67,0.67,0.20,0.61,0.46,0.30,"",10,11.6,11,0.9,13,1.0,16,1.2,425548,3.8,228524,3.1,22738,14.2,18,2.6
"06085","5","311811","78","0","2025","1","",78,914,924,925,7860041,5334019,123203,656,"",1.14,1.22,1.23,1.23,0.55,1.45,1.02,0.45,"",10,14.7,16,1.8,1,0.1,-2,-0.2,64518,0.8,140292,2.7,11796,10.6,1,0.2
"06085","5","311812","78","0","2025","1","N",16,0,0,0,0,0,0,0,"N",0.53,0,0,0,0,0,0,0,"N",0,0.0,0,0,0,0,0,0,0,0,0,0,0,0,0,0
"06085","5","311813","78","0","2025","1","N",2,0,0,0,0,0,0,0,"N",0.92,0,0,0,0,0,0,0,"N",0,0.0,0,0,0,0,0,0,0,0,0,0,0,0,0,0
"06085","5","31182","77","0","2025","1","N",5,0,0,0,0,0,0,0,"N",0.55,0,0,0,0,0,0,0,"N",-1,-16.7,0,0,0,0,0,0,0,0,0,0,0,0,0,0
"06085","5","311821","78","0","2025","1","N",4,0,0,0,0,0,0,0,"N",0.74,0,0,0,0,0,0,0,"N",0,0.0,0,0,0,0,0,0,0,0,0,0,0,0,0,0
"06085","5","311824","78","0","2025","1","N",1,0,0,0,0,0,0,0,"N",0.27,0,0,0,0,0,0,0,"N",-1,-50.0,0,0,0,0,0,0,0,0,0,0,0,0,0,0
"06085","5","31183","77","0","2025","1","N",1,0,0,0,0,0,0,0,"N",0.27,0,0,0,0,0,0,0,"N",0,0.0,0,0,0,0,0,0,0,0,0,0,0,0,0,0
"06085","5","311830","78","0","2025","1","N",1,0,0,0,0,0,0,0,"N",0.27,0,0,0,0,0,0,0,"N",0,0.0,0,0,0,0,0,0,0,0,0,0,0,0,0,0
"06085","5","3119","76","0","2025","1","",32,1085,1003,995,17113692,7253940,311194,1281,"",0.51,0.56,0.51,0.51,0.19,0.46,0.54,0.37,"",4,14.3,40,3.8,-56,-5.3,-80,-7.4,-1003249,-5.5,-600576,-7.6,-8550,-2.7,-34,-2.6
"06085","5","31191","77","0","2025","1","N",1,0,0,0,0,0,0,0,"N",0.12,0,0,0,0,0,0,0,"N",-1,-50.0,0,0,0,0,0,0,0,0,0,0,0,0,0,0
"06085","5","311919","78","0","2025","1","N",1,0,0,0,0,0,0,0,"N",0.16,0,0,0,0,0,0,0,"N",0,0.0,0,0,0,0,0,0,0,0,0,0,0,0,0,0
"06085","5","31192","77","0","2025","1","N",4,0,0,0,0,0,0,0,"N",0.31,0,0,0,0,0,0,0,"N",1,33.3,0,0,0,0,0,0,0,0,0,0,0,0,0,0
"06085","5","311920","78","0","2025","1","N",4,0,0,0,0,0,0,0,"N",0.31,0,0,0,0,0,0,0,"N",1,33.3,0,0,0,0,0,0,0,0,0,0,0,0,0,0
"06085","5","31194","77","0","2025","1","",6,458,388,388,9766407,3304014,184515,1826,"",0.68,1.23,1.04,1.04,0.50,1.03,1.52,0.45,"",1,20.0,-27,-5.6,-98,-20.2,-108,-21.8,-1695864,-14.8,-881579,-21.1,-38077,-17.1,23,1.3
"06085","5","311941","78","0","2025","1","N",5,0,0,0,0,0,0,0,"N",1.40,0,0,0,0,0,0,0,"N",1,25.0,0,0,0,0,0,0,0,0,0,0,0,0,0,0
"06085","5","311942","78","0","2025","1","N",1,0,0,0,0,0,0,0,"N",0.19,0,0,0,0,0,0,0,"N",0,0.0,0,0,0,0,0,0,0,0,0,0,0,0,0,0
"06085","5","31199","77","0","2025","1","",21,585,572,563,7001179,3694289,121962,939,"",0.70,0.72,0.70,0.69,0.21,0.56,0.53,0.30,"",3,16.7,68,13.2,43,8.1,28,5.2,631568,9.9,258097,7.5,28537,30.5,9,1.0
"06085","5","311991","78","0","2025","1","N",16,0,0,0,0,0,0,0,"N",1.15,0,0,0,0,0,0,0,"N",4,33.3,0,0,0,0,0,0,0,0,0,0,0,0,0,0
"06085","5","311999","78","0","2025","1","N",5,0,0,0,0,0,0,0,"N",0.31,0,0,0,0,0,0,0,"N",-1,-16.7,0,0,0,0,0,0,0,0,0,0,0,0,0,0
"06085","5","312","75","0","2025","1","",65,735,784,810,14324916,4677041,129548,1419,"",0.54,0.32,0.34,0.35,0.14,0.29,0.21,0.42,"",0,0.0,-161,-18.0,-121,-13.4,-103,-11.3,-2525993,-15.0,-454083,-8.8,-3828,-2.9,-14,-1.0
"06085","5","3121","76","0","2025","1","",65,735,784,810,14324916,4677041,129548,1419,"",0.56,0.33,0.36,0.36,0.15,0.30,0.22,0.43,"N",1,1.6,0,0,0,0,0,0,0,0,0,0,0,0,0,0
"06085","5","31211","77","0","2025","1","N",5,0,0,0,0,0,0,0,"N",0.25,0,0,0,0,0,0,0,"N",0,0.0,0,0,0,0,0,0,0,0,0,0,0,0,0,0
"06085","5","312111","78","0","2025","1","N",1,0,0,0,0,0,0,0,"N",0.10,0,0,0,0,0,0,0,"N",0,0.0,0,0,0,0,0,0,0,0,0,0,0,0,0,0
"06085","5","312112","78","0","2025","1","N",3,0,0,0,0,0,0,0,"N",0.53,0,0,0,0,0,0,0,"N",0,0.0,0,0,0,0,0,0,0,0,0,0,0,0,0,0
"06085","5","312113","78","0","2025","1","N",1,0,0,0,0,0,0,0,"N",0.25,0,0,0,0,0,0,0,"N",0,0.0,0,0,0,0,0,0,0,0,0,0,0,0,0,0
"06085","5","31212","77","0","2025","1","",16,159,154,159,1874567,902076,19870,917,"",0.38,0.22,0.21,0.22,0.07,0.19,0.12,0.34,"",0,0.0,-16,-9.1,-18,-10.5,-10,-5.9,-83233,-4.3,-75640,-7.7,-3173,-13.8,41,4.7
"06085","5","312120","78","0","2025","1","",16,159,154,159,1874567,902076,19870,917,"",0.38,0.22,0.21,0.22,0.07,0.19,0.12,0.34,"",0,0.0,-16,-9.1,-18,-10.5,-10,-5.9,-83233,-4.3,-75640,-7.7,-3173,-13.8,41,4.7
"06085","5","31213","77","0","2025","1","",41,474,531,553,7284421,2825171,70046,1079,"",1.00,0.97,1.06,1.09,0.39,1.04,0.44,0.37,"",1,2.5,-111,-19.0,-64,-10.8,-57,-9.3,-683300,-8.6,-364587,-11.4,961,1.4,52,5.1
"06085","5","312130","78","0","2025","1","",41,474,531,553,7284421,2825171,70046,1079,"",1.00,0.97,1.06,1.09,0.39,1.04,0.44,0.37,"",1,2.5,-111,-19.0,-64,-10.8,-57,-9.3,-683300,-8.6,-364587,-11.4,961,1.4,52,5.1
"06085","5","31214","77","0","2025","1","N",3,0,0,0,0,0,0,0,"N",0.22,0,0,0,0,0,0,0,"N",0,0.0,0,0,0,0,0,0,0,0,0,0,0,0,0,0
"06085","5","312140","78","0","2025","1","N",3,0,0,0,0,0,0,0,"N",0.22,0,0,0,0,0,0,0,"N",0,0.0,0,0,0,0,0,0,0,0,0,0,0,0,0,0
"06085","5","313","75","0","2025","1","N",6,0,0,0,0,0,0,0,"N",0.32,0,0,0,0,0,0,0,"N",-2,-25.0,0,0,0,0,0,0,0,0,0,0,0,0,0,0
"06085","5","3132","76","0","2025","1","N",1,0,0,0,0,0,0,0,"N",0.13,0,0,0,0,0,0,0,"N",-1,-50.0,0,0,0,0,0,0,0,0,0,0,0,0,0,0
"06085","5","31322","77","0","2025","1","N",1,0,0,0,0,0,0,0,"N",0.59,0,0,0,0,0,0,0,"N",0,0.0,0,0,0,0,0,0,0,0,0,0,0,0,0,0
"06085","5","313220","78","0","2025","1","N",1,0,0,0,0,0,0,0,"N",0.59,0,0,0,0,0,0,0,"N",0,0.0,0,0,0,0,0,0,0,0,0,0,0,0,0,0
"06085","5","3133","76","0","2025","1","N",5,0,0,0,0,0,0,0,"N",0.57,0,0,0,0,0,0,0,"N",0,0.0,0,0,0,0,0,0,0,0,0,0,0,0,0,0
"06085","5","31331","77","0","2025","1","",4,10,10,11,87291,63414,2415,650,"",0.55,0.09,0.09,0.10,0.02,0.08,0.09,0.22,"",0,0.0,-16,-61.5,-14,-58.3,-14,-56.0,-117325,-57.3,-94409,-59.8,-2205,-47.7,20,3.2
"06085","5","313310","78","0","2025","1","",4,10,10,11,87291,63414,2415,650,"",0.55,0.09,0.09,0.10,0.02,0.08,0.09,0.22,"",0,0.0,-16,-61.5,-14,-58.3,-14,-56.0,-117325,-57.3,-94409,-59.8,-2205,-47.7,20,3.2
"06085","5","31332","77","0","2025","1","N",1,0,0,0,0,0,0,0,"N",0.68,0,0,0,0,0,0,0,"N",0,0.0,0,0,0,0,0,0,0,0,0,0,0,0,0,0
"06085","5","313320","78","0","2025","1","N",1,0,0,0,0,0,0,0,"N",0.68,0,0,0,0,0,0,0,"N",0,0.0,0,0,0,0,0,0,0,0,0,0,0,0,0,0
"06085","5","314","75","0","2025","1","",16,185,190,190,2591589,1294489,29195,1059,"",0.36,0.27,0.28,0.28,0.10,0.27,0.24,0.38,"",1,6.7,-9,-4.6,-2,-1.0,-1,-0.5,-191968,-6.9,-29816,-2.3,824,2.9,-54,-4.9
"06085","5","3141","76","0","2025","1","N",1,0,0,0,0,0,0,0,"N",0.09,0,0,0,0,0,0,0,"N",0,0.0,0,0,0,0,0,0,0,0,0,0,0,0,0,0
"06085","5","31411","77","0","2025","1","-",0,0,0,0,0,0,0,0,"N",0.00,0,0,0,0,0,0,0,"N",0,0,0,0,0,0,0,0,0,0,0,0,0,0,0,0
"06085","5","314110","78","0","2025","1","-",0,0,0,0,0,0,0,0,"N",0.00,0,0,0,0,0,0,0,"N",0,0,0,0,0,0,0,0,0,0,0,0,0,0,0,0
"06085","5","31412","77","0","2025","1","N",1,0,0,0,0,0,0,0,"N",0.13,0,0,0,0,0,0,0,"N",0,0.0,0,0,0,0,0,0,0,0,0,0,0,0,0,0
"06085","5","314120","78","0","2025","1","N",1,0,0,0,0,0,0,0,"N",0.13,0,0,0,0,0,0,0,"N",0,0.0,0,0,0,0,0,0,0,0,0,0,0,0,0,0
"06085","5","3149","76","0","2025","1","N",15,0,0,0,0,0,0,0,"N",0.45,0,0,0,0,0,0,0,"N",1,7.1,0,0,0,0,0,0,0,0,0,0,0,0,0,0
"06085","5","31491","77","0","2025","1","",6,115,118,118,1795678,813463,17422,1181,"",0.54,0.72,0.74,0.73,0.33,0.69,0.44,0.45,"",0,0.0,-5,-4.2,-3,-2.5,-1,-0.8,-190052,-9.6,-30584,-3.6,-1317,-7.0,-92,-7.2
"06085","5","314910","78","0","2025","1","",6,115,118,118,1795678,813463,17422,1181,"",0.54,0.72,0.74,0.73,0.33,0.69,0.44,0.45,"",0,0.0,-5,-4.2,-3,-2.5,-1,-0.8,-190052,-9.6,-30584,-3.6,-1317,-7.0,-92,-7.2
"06085","5","31499","77","0","2025","1","N",9,0,0,0,0,0,0,0,"N",0.41,0,0,0,0,0,0,0,"N",1,12.5,0,0,0,0,0,0,0,0,0,0,0,0,0,0
"06085","5","314999","78","0","2025","1","N",9,0,0,0,0,0,0,0,"N",0.43,0,0,0,0,0,0,0,"N",1,12.5,0,0,0,0,0,0,0,0,0,0,0,0,0,0
"06085","5","315","75","0","2025","1","N",4,0,0,0,0,0,0,0,"N",0.09,0,0,0,0,0,0,0,"N",0,0.0,0,0,0,0,0,0,0,0,0,0,0,0,0,0
"06085","5","3152","76","0","2025","1","N",3,0,0,0,0,0,0,0,"N",0.09,0,0,0,0,0,0,0,"N",0,0.0,0,0,0,0,0,0,0,0,0,0,0,0,0,0
"06085","5","31525","77","0","2025","1","N",3,0,0,0,0,0,0,0,"N",0.17,0,0,0,0,0,0,0,"N",0,0.0,0,0,0,0,0,0,0,0,0,0,0,0,0,0
"06085","5","315250","78","0","2025","1","N",3,0,0,0,0,0,0,0,"N",0.17,0,0,0,0,0,0,0,"N",0,0.0,0,0,0,0,0,0,0,0,0,0,0,0,0,0
"06085","5","3159","76","0","2025","1","N",1,0,0,0,0,0,0,0,"N",0.10,0,0,0,0,0,0,0,"N",0,0.0,0,0,0,0,0,0,0,0,0,0,0,0,0,0
"06085","5","31599","77","0","2025","1","N",1,0,0,0,0,0,0,0,"N",0.10,0,0,0,0,0,0,0,"N",0,0.0,0,0,0,0,0,0,0,0,0,0,0,0,0,0
"06085","5","315990","78","0","2025","1","N",1,0,0,0,0,0,0,0,"N",0.10,0,0,0,0,0,0,0,"N",0,0.0,0,0,0,0,0,0,0,0,0,0,0,0,0,0
"06085","5","316","75","0","2025","1","N",3,0,0,0,0,0,0,0,"N",0.27,0,0,0,0,0,0,0,"N",0,0.0,0,0,0,0,0,0,0,0,0,0,0,0,0,0
"06085","5","3169","76","0","2025","1","N",3,0,0,0,0,0,0,0,"N",0.44,0,0,0,0,0,0,0,"N",1,50.0,0,0,0,0,0,0,0,0,0,0,0,0,0,0
"06085","5","31699","77","0","2025","1","N",3,0,0,0,0,0,0,0,"N",0.44,0,0,0,0,0,0,0,"N",1,50.0,0,0,0,0,0,0,0,0,0,0,0,0,0,0
"06085","5","316990","78","0","2025","1","N",3,0,0,0,0,0,0,0,"N",0.44,0,0,0,0,0,0,0,"N",1,50.0,0,0,0,0,0,0,0,0,0,0,0,0,0,0
"06085","5","321","75","0","2025","1","",33,460,449,438,7245153,3159867,89446,1241,"",0.29,0.16,0.15,0.15,0.06,0.13,0.13,0.39,"",1,3.1,8,1.8,2,0.4,-9,-2.0,548559,8.2,80339,2.6,7781,9.5,93,8.1
"06085","5","3211","76","0","2025","1","N",1,0,0,0,0,0,0,0,"N",0.04,0,0,0,0,0,0,0,"N",0,0.0,0,0,0,0,0,0,0,0,0,0,0,0,0,0
"06085","5","32111","77","0","2025","1","N",1,0,0,0,0,0,0,0,"N",0.04,0,0,0,0,0,0,0,"N",0,0.0,0,0,0,0,0,0,0,0,0,0,0,0,0,0
"06085","5","321113","78","0","2025","1","N",1,0,0,0,0,0,0,0,"N",0.05,0,0,0,0,0,0,0,"N",0,0.0,0,0,0,0,0,0,0,0,0,0,0,0,0,0
"06085","5","3212","76","0","2025","1","N",1,0,0,0,0,0,0,0,"N",0.08,0,0,0,0,0,0,0,"N",0,0.0,0,0,0,0,0,0,0,0,0,0,0,0,0,0
"06085","5","32121","77","0","2025","1","N",1,0,0,0,0,0,0,0,"N",0.08,0,0,0,0,0,0,0,"N",0,0.0,0,0,0,0,0,0,0,0,0,0,0,0,0,0
"06085","5","321219","78","0","2025","1","N",1,0,0,0,0,0,0,0,"N",0.64,0,0,0,0,0,0,0,"N",0,0.0,0,0,0,0,0,0,0,0,0,0,0,0,0,0
"06085","5","3219","76","0","2025","1","",31,456,444,433,7227051,3141765,88324,1251,"",0.40,0.27,0.26,0.25,0.11,0.22,0.21,0.41,"",1,3.3,7,1.6,0,0.0,-11,-2.5,541075,8.1,72855,2.4,7317,9.0,97,8.4
"06085","5","32191","77","0","2025","1","",10,100,94,84,1605770,670882,18927,1333,"",0.40,0.14,0.13,0.12,0.05,0.10,0.12,0.40,"",1,11.1,-14,-12.3,-6,-6.0,-16,-16.0,-135790,-7.8,-72902,-9.8,1870,11.0,53,4.1
"06085","5","321911","78","0","2025","1","N",4,0,0,0,0,0,0,0,"N",0.45,0,0,0,0,0,0,0,"N",0,0.0,0,0,0,0,0,0,0,0,0,0,0,0,0,0
"06085","5","321912","78","0","2025","1","N",1,0,0,0,0,0,0,0,"N",0.25,0,0,0,0,0,0,0,"N",0,0.0,0,0,0,0,0,0,0,0,0,0,0,0,0,0
"06085","5","321918","78","0","2025","1","",5,64,55,48,1055552,405612,9985,1459,"",0.42,0.28,0.24,0.21,0.12,0.22,0.18,0.48,"",1,25.0,-12,-15.8,-8,-12.7,-15,-23.8,-114551,-9.8,-82576,-16.9,-459,-4.4,122,9.1
"06085","5","32192","77","0","2025","1","",11,273,264,263,3725469,1861737,52557,1075,"",0.49,0.60,0.58,0.58,0.24,0.56,0.59,0.42,"",0,0.0,18,7.1,-1,-0.4,-3,-1.1,322946,9.5,119578,6.9,4650,9.7,76,7.6
"06085","5","321920","78","0","2025","1","",11,273,264,263,3725469,1861737,52557,1075,"",0.49,0.60,0.58,0.58,0.24,0.56,0.59,0.42,"",0,0.0,18,7.1,-1,-0.4,-3,-1.1,322946,9.5,119578,6.9,4650,9.7,76,7.6
"06085","5","32199","77","0","2025","1","",10,83,86,86,1895812,609146,16840,1716,"",0.33,0.15,0.16,0.16,0.09,0.15,0.10,0.56,"",0,0.0,3,3.8,7,8.9,8,10.3,353919,23.0,26179,4.5,797,5.0,215,14.3
"06085","5","321991","78","0","2025","1","-",0,0,0,0,0,0,0,0,"N",0.00,0,0,0,0,0,0,0,"N",0,0,0,0,0,0,0,0,0,0,0,0,0,0,0,0
"06085","5","321992","78","0","2025","1","",3,59,61,59,1599786,443966,11870,2062,"",0.41,0.48,0.49,0.47,0.33,0.44,0.25,0.68,"N",0,0.0,0,0,0,0,0,0,0,0,0,0,0,0,0,0
"06085","5","321999","78","0","2025","1","",7,24,25,27,296026,165180,4970,899,"",0.35,0.12,0.13,0.14,0.04,0.11,0.11,0.30,"N",0,0.0,0,0,0,0,0,0,0,0,0,0,0,0,0,0
"06085","5","322","75","0","2025","1","",9,386,388,385,9135443,2688295,110576,1819,"",0.22,0.15,0.15,0.15,0.06,0.12,0.17,0.41,"",0,0.0,-77,-16.6,-78,-16.7,-79,-17.0,-733849,-7.4,-692862,-20.5,-47887,-30.2,184,11.3
"06085","5","3221","76","0","2025","1","N",2,0,0,0,0,0,0,0,"N",0.31,0,0,0,0,0,0,0,"N",0,0.0,0,0,0,0,0,0,0,0,0,0,0,0,0,0
"06085","5","32211","77","0","2025","1","N",1,0,0,0,0,0,0,0,"N",1.62,0,0,0,0,0,0,0,"N",0,0.0,0,0,0,0,0,0,0,0,0,0,0,0,0,0
"06085","5","322110","78","0","2025","1","N",1,0,0,0,0,0,0,0,"N",1.62,0,0,0,0,0,0,0,"N",0,0.0,0,0,0,0,0,0,0,0,0,0,0,0,0,0
"06085","5","32213","77","0","2025","1","N",1,0,0,0,0,0,0,0,"N",0.50,0,0,0,0,0,0,0,"N",0,0.0,0,0,0,0,0,0,0,0,0,0,0,0,0,0
"06085","5","322130","78","0","2025","1","N",1,0,0,0,0,0,0,0,"N",0.50,0,0,0,0,0,0,0,"N",0,0.0,0,0,0,0,0,0,0,0,0,0,0,0,0,0
"06085","5","3222","76","0","2025","1","N",7,0,0,0,0,0,0,0,"N",0.20,0,0,0,0,0,0,0,"N",0,0.0,0,0,0,0,0,0,0,0,0,0,0,0,0,0
"06085","5","32221","77","0","2025","1","N",6,0,0,0,0,0,0,0,"N",0.34,0,0,0,0,0,0,0,"N",0,0.0,0,0,0,0,0,0,0,0,0,0,0,0,0,0
"06085","5","322211","78","0","2025","1","N",5,0,0,0,0,0,0,0,"N",0.42,0,0,0,0,0,0,0,"N",0,0.0,0,0,0,0,0,0,0,0,0,0,0,0,0,0
"06085","5","322219","78","0","2025","1","N",1,0,0,0,0,0,0,0,"N",0.36,0,0,0,0,0,0,0,"N",0,0.0,0,0,0,0,0,0,0,0,0,0,0,0,0,0
"06085","5","32229","77","0","2025","1","N",1,0,0,0,0,0,0,0,"N",0.17,0,0,0,0,0,0,0,"N",0,0.0,0,0,0,0,0,0,0,0,0,0,0,0,0,0
"06085","5","322299","78","0","2025","1","N",1,0,0,0,0,0,0,0,"N",0.24,0,0,0,0,0,0,0,"N",0,0.0,0,0,0,0,0,0,0,0,0,0,0,0,0,0
"06085","5","323","75","0","2025","1","",117,1227,1230,1213,17979820,8640332,303768,1131,"",0.60,0.49,0.49,0.49,0.18,0.44,0.49,0.36,"",3,2.6,-103,-7.7,-80,-6.1,-62,-4.9,-188804,-1.0,-382405,-4.2,13797,4.8,60,5.6
"06085","5","3231","76","0","2025","1","",117,1227,1230,1213,17979820,8640332,303768,1131,"",0.60,0.49,0.49,0.49,0.18,0.44,0.49,0.36,"",3,2.6,-103,-7.7,-80,-6.1,-62,-4.9,-188804,-1.0,-382405,-4.2,13797,4.8,60,5.6
"06085","5","32311","77","0","2025","1","",110,1208,1210,1200,17660460,8508169,301208,1126,"",0.59,0.50,0.51,0.50,0.18,0.45,0.51,0.36,"",2,1.9,-99,-7.6,-76,-5.9,-51,-4.1,-252248,-1.4,-315183,-3.6,14228,5.0,51,4.7
"06085","5","323111","78","0","2025","1","",73,617,623,618,10664304,4565977,155736,1325,"",0.57,0.35,0.35,0.35,0.14,0.31,0.33,0.39,"",3,4.3,-42,-6.4,-41,-6.2,-38,-5.8,-71219,-0.7,-174382,-3.7,-12410,-7.4,73,5.8
"06085","5","323113","78","0","2025","1","N",33,0,0,0,0,0,0,0,"N",0.60,0,0,0,0,0,0,0,"N",-1,-2.9,0,0,0,0,0,0,0,0,0,0,0,0,0,0
"06085","5","323117","78","0","2025","1","N",4,0,0,0,0,0,0,0,"N",1.07,0,0,0,0,0,0,0,"N",0,0.0,0,0,0,0,0,0,0,0,0,0,0,0,0,0
"06085","5","32312","77","0","2025","1","",7,19,20,13,319360,132163,2560,1417,"",0.80,0.17,0.18,0.12,0.07,0.15,0.10,0.45,"",1,16.7,-4,-17.4,-4,-16.7,-11,-45.8,63444,24.8,-67222,-33.7,-431,-14.4,585,70.3
"06085","5","323120","78","0","2025","1","",7,19,20,13,319360,132163,2560,1417,"",0.80,0.17,0.18,0.12,0.07,0.15,0.10,0.45,"",1,16.7,-4,-17.4,-4,-16.7,-11,-45.8,63444,24.8,-67222,-33.7,-431,-14.4,585,70.3
"06085","5","324","75","0","2025","1","N",3,0,0,0,0,0,0,0,"N",0.16,0,0,0,0,0,0,0,"N",2,200.0,0,0,0,0,0,0,0,0,0,0,0,0,0,0
"06085","5","3241","76","0","2025","1","N",3,0,0,0,0,0,0,0,"N",0.16,0,0,0,0,0,0,0,"N",2,200.0,0,0,0,0,0,0,0,0,0,0,0,0,0,0
"06085","5","32412","77","0","2025","1","N",2,0,0,0,0,0,0,0,"N",0.20,0,0,0,0,0,0,0,"N",1,100.0,0,0,0,0,0,0,0,0,0,0,0,0,0,0
"06085","5","324121","78","0","2025","1","N",2,0,0,0,0,0,0,0,"N",0.27,0,0,0,0,0,0,0,"N",1,100.0,0,0,0,0,0,0,0,0,0,0,0,0,0,0
"06085","5","32419","77","0","2025","1","N",1,0,0,0,0,0,0,0,"N",0.24,0,0,0,0,0,0,0,"N",1,100.0,0,0,0,0,0,0,0,0,0,0,0,0,0,0
"06085","5","324191","78","0","2025","1","N",1,0,0,0,0,0,0,0,"N",0.33,0,0,0,0,0,0,0,"N",1,100.0,0,0,0,0,0,0,0,0,0,0,0,0,0,0
"06085","5","325","75","0","2025","1","",98,2101,2125,2100,138487853,17228867,694933,5052,"",0.54,0.33,0.33,0.33,0.22,0.28,0.37,0.66,"",5,5.4,-162,-7.2,-142,-6.3,-160,-7.1,4761530,3.6,-1572078,-8.4,11472,1.7,507,11.2
"06085","5","3251","76","0","2025","1","",13,141,143,143,4734649,1092663,43329,2559,"",0.45,0.13,0.13,0.13,0.04,0.11,0.16,0.35,"",0,0.0,9,6.8,9,6.7,10,7.5,156671,3.4,55218,5.3,10486,31.9,-89,-3.4
"06085","5","32512","77","0","2025","1","",3,55,54,54,2312173,478780,18126,3273,"",0.44,0.35,0.34,0.34,0.12,0.33,0.43,0.35,"N",-1,-25.0,0,0,0,0,0,0,0,0,0,0,0,0,0,0
"06085","5","325120","78","0","2025","1","",3,55,54,54,2312173,478780,18126,3273,"",0.44,0.35,0.34,0.34,0.12,0.33,0.43,0.35,"N",-1,-25.0,0,0,0,0,0,0,0,0,0,0,0,0,0,0
"06085","5","32518","77","0","2025","1","",3,4,4,4,171806,28000,882,3304,"",0.41,0.01,0.01,0.01,0.01,0.01,0.01,0.47,"N",1,50.0,0,0,0,0,0,0,0,0,0,0,0,0,0,0
"06085","5","325180","78","0","2025","1","",3,4,4,4,171806,28000,882,3304,"",0.41,0.01,0.01,0.01,0.01,0.01,0.01,0.47,"N",1,50.0,0,0,0,0,0,0,0,0,0,0,0,0,0,0
"06085","5","32519","77","0","2025","1","",7,82,85,85,2250670,585883,24321,2061,"",0.62,0.21,0.21,0.21,0.07,0.15,0.25,0.33,"",0,0.0,10,13.9,11,14.9,11,14.9,206705,10.1,53747,10.1,7852,47.7,-83,-3.9
"06085","5","325199","78","0","2025","1","",7,82,85,85,2250670,585883,24321,2061,"",0.79,0.27,0.28,0.28,0.09,0.20,0.32,0.32,"",0,0.0,10,13.9,11,14.9,11,14.9,206705,10.1,53747,10.1,7852,47.7,-83,-3.9
"06085","5","3252","76","0","2025","1","",9,66,68,70,1832891,513219,16949,2073,"",0.61,0.10,0.10,0.11,0.03,0.09,0.13,0.33,"N",2,28.6,0,0,0,0,0,0,0,0,0,0,0,0,0,0
"06085","5","32521","77","0","2025","1","N",7,0,0,0,0,0,0,0,"N",0.53,0,0,0,0,0,0,0,"N",1,16.7,0,0,0,0,0,0,0,0,0,0,0,0,0,0
"06085","5","325211","78","0","2025","1","N",6,0,0,0,0,0,0,0,"N",0.52,0,0,0,0,0,0,0,"N",1,20.0,0,0,0,0,0,0,0,0,0,0,0,0,0,0
"06085","5","325212","78","0","2025","1","N",1,0,0,0,0,0,0,0,"N",0.62,0,0,0,0,0,0,0,"N",0,0.0,0,0,0,0,0,0,0,0,0,0,0,0,0,0
"06085","5","32522","77","0","2025","1","N",2,0,0,0,0,0,0,0,"N",1.22,0,0,0,0,0,0,0,"N",1,100.0,0,0,0,0,0,0,0,0,0,0,0,0,0,0
"06085","5","325220","78","0","2025","1","N",2,0,0,0,0,0,0,0,"N",1.22,0,0,0,0,0,0,0,"N",1,100.0,0,0,0,0,0,0,0,0,0,0,0,0,0,0
"06085","5","3253","76","0","2025","1","N",3,0,0,0,0,0,0,0,"N",0.27,0,0,0,0,0,0,0,"N",0,0.0,0,0,0,0,0,0,0,0,0,0,0,0,0,0
"06085","5","32531","77","0","2025","1","N",2,0,0,0,0,0,0,0,"N",0.27,0,0,0,0,0,0,0,"N",0,0.0,0,0,0,0,0,0,0,0,0,0,0,0,0,0
"06085","5","325311","78","0","2025","1","N",1,0,0,0,0,0,0,0,"N",0.40,0,0,0,0,0,0,0,"N",0,0.0,0,0,0,0,0,0,0,0,0,0,0,0,0,0
"06085","5","325314","78","0","2025","1","N",1,0,0,0,0,0,0,0,"N",0.26,0,0,0,0,0,0,0,"N",0,0.0,0,0,0,0,0,0,0,0,0,0,0,0,0,0
"06085","5","32532","77","0","2025","1","N",1,0,0,0,0,0,0,0,"N",0.27,0,0,0,0,0,0,0,"N",0,0.0,0,0,0,0,0,0,0,0,0,0,0,0,0,0
"06085","5","325320","78","0","2025","1","N",1,0,0,0,0,0,0,0,"N",0.27,0,0,0,0,0,0,0,"N",0,0.0,0,0,0,0,0,0,0,0,0,0,0,0,0,0
"06085","5","3254","76","0","2025","1","",46,1501,1508,1483,119720336,12590280,539554,6150,"",0.83,0.60,0.60,0.58,0.35,0.46,0.60,0.59,"",3,7.0,-127,-7.8,-127,-7.8,-154,-9.4,4213576,3.6,-1489940,-10.6,-2451,-0.5,710,13.1
"06085","5","32541","77","0","2025","1","",46,1501,1508,1483,119720336,12590280,539554,6150,"",0.83,0.60,0.60,0.58,0.35,0.46,0.60,0.59,"",3,7.0,-127,-7.8,-127,-7.8,-154,-9.4,4213576,3.6,-1489940,-10.6,-2451,-0.5,710,13.1
"06085","5","325412","78","0","2025","1","N",25,0,0,0,0,0,0,0,"N",0.70,0,0,0,0,0,0,0,"N",3,13.6,0,0,0,0,0,0,0,0,0,0,0,0,0,0
"06085","5","325413","78","0","2025","1","",16,668,675,650,25449668,5531275,262814,2947,"",4.47,3.27,3.29,3.18,1.38,2.95,3.65,0.42,"",0,0.0,1,0.1,8,1.2,-19,-2.8,1329219,5.5,642920,13.2,30773,13.3,168,6.0
"06085","5","325414","78","0","2025","1","N",5,0,0,0,0,0,0,0,"N",0.85,0,0,0,0,0,0,0,"N",0,0.0,0,0,0,0,0,0,0,0,0,0,0,0,0,0
"06085","5","3255","76","0","2025","1","N",8,0,0,0,0,0,0,0,"N",0.43,0,0,0,0,0,0,0,"N",-1,-11.1,0,0,0,0,0,0,0,0,0,0,0,0,0,0
"06085","5","32551","77","0","2025","1","",5,47,51,51,766335,348550,9687,1187,"",0.39,0.16,0.17,0.17,0.04,0.13,0.12,0.24,"",0,0.0,-21,-30.9,-18,-26.1,-15,-22.7,-135716,-15.0,-118290,-25.3,-704,-6.8,162,15.8
"06085","5","325510","78","0","2025","1","",5,47,51,51,766335,348550,9687,1187,"",0.39,0.16,0.17,0.17,0.04,0.13,0.12,0.24,"",0,0.0,-21,-30.9,-18,-26.1,-15,-22.7,-135716,-15.0,-118290,-25.3,-704,-6.8,162,15.8
"06085","5","32552","77","0","2025","1","N",3,0,0,0,0,0,0,0,"N",0.54,0,0,0,0,0,0,0,"N",-1,-25.0,0,0,0,0,0,0,0,0,0,0,0,0,0,0
"06085","5","325520","78","0","2025","1","N",3,0,0,0,0,0,0,0,"N",0.54,0,0,0,0,0,0,0,"N",-1,-25.0,0,0,0,0,0,0,0,0,0,0,0,0,0,0
"06085","5","3256","76","0","2025","1","",11,89,93,91,2312651,652354,25454,1955,"",0.38,0.11,0.11,0.11,0.05,0.09,0.11,0.43,"",2,22.2,-6,-6.3,-2,-2.1,2,2.2,78329,3.5,16310,2.6,902,3.7,107,5.8
"06085","5","32561","77","0","2025","1","N",6,0,0,0,0,0,0,0,"N",0.38,0,0,0,0,0,0,0,"N",2,50.0,0,0,0,0,0,0,0,0,0,0,0,0,0,0
"06085","5","325611","78","0","2025","1","N",2,0,0,0,0,0,0,0,"N",0.24,0,0,0,0,0,0,0,"N",2,100.0,0,0,0,0,0,0,0,0,0,0,0,0,0,0
"06085","5","325612","78","0","2025","1","N",4,0,0,0,0,0,0,0,"N",0.65,0,0,0,0,0,0,0,"N",0,0.0,0,0,0,0,0,0,0,0,0,0,0,0,0,0
"06085","5","32562","77","0","2025","1","N",5,0,0,0,0,0,0,0,"N",0.38,0,0,0,0,0,0,0,"N",0,0.0,0,0,0,0,0,0,0,0,0,0,0,0,0,0
"06085","5","325620","78","0","2025","1","N",5,0,0,0,0,0,0,0,"N",0.38,0,0,0,0,0,0,0,"N",0,0.0,0,0,0,0,0,0,0,0,0,0,0,0,0,0
"06085","5","3259","76","0","2025","1","",8,176,181,183,6451143,1444726,32443,2757,"",0.32,0.31,0.31,0.32,0.18,0.28,0.20,0.58,"",-1,-11.1,-20,-10.2,-9,-4.7,-6,-3.2,194769,3.1,-76695,-5.0,-221,-0.7,246,9.8
"06085","5","32591","77","0","2025","1","N",1,0,0,0,0,0,0,0,"N",0.31,0,0,0,0,0,0,0,"N",0,0.0,0,0,0,0,0,0,0,0,0,0,0,0,0,0
"06085","5","325910","78","0","2025","1","N",1,0,0,0,0,0,0,0,"N",0.31,0,0,0,0,0,0,0,"N",0,0.0,0,0,0,0,0,0,0,0,0,0,0,0,0,0
"06085","5","32599","77","0","2025","1","N",7,0,0,0,0,0,0,0,"N",0.33,0,0,0,0,0,0,0,"N",-1,-12.5,0,0,0,0,0,0,0,0,0,0,0,0,0,0
"06085","5","325992","78","0","2025","1","N",1,0,0,0,0,0,0,0,"N",0.71,0,0,0,0,0,0,0,"N",0,0.0,0,0,0,0,0,0,0,0,0,0,0,0,0,0
"06085","5","325998","78","0","2025","1","N",6,0,0,0,0,0,0,0,"N",0.36,0,0,0,0,0,0,0,"N",-1,-14.3,0,0,0,0,0,0,0,0,0,0,0,0,0,0
"06085","5","326","75","0","2025","1","",13,163,162,160,2614075,1138145,52374,1244,"",0.13,0.03,0.03,0.03,0.01,0.03,0.04,0.35,"",-1,-7.1,-31,-16.0,-30,-15.6,-29,-15.3,-491112,-15.8,-190751,-14.4,-6849,-11.6,-2,-0.2
"06085","5","3261","76","0","2025","1","N",12,0,0,0,0,0,0,0,"N",0.14,0,0,0,0,0,0,0,"N",-1,-7.7,0,0,0,0,0,0,0,0,0,0,0,0,0,0
"06085","5","32611","77","0","2025","1","N",2,0,0,0,0,0,0,0,"N",0.16,0,0,0,0,0,0,0,"N",0,0.0,0,0,0,0,0,0,0,0,0,0,0,0,0,0
"06085","5","326112","78","0","2025","1","N",1,0,0,0,0,0,0,0,"N",0.21,0,0,0,0,0,0,0,"N",0,0.0,0,0,0,0,0,0,0,0,0,0,0,0,0,0
"06085","5","326113","78","0","2025","1","N",1,0,0,0,0,0,0,0,"N",0.26,0,0,0,0,0,0,0,"N",0,0.0,0,0,0,0,0,0,0,0,0,0,0,0,0,0
"06085","5","32612","77","0","2025","1","N",1,0,0,0,0,0,0,0,"N",0.13,0,0,0,0,0,0,0,"N",0,0.0,0,0,0,0,0,0,0,0,0,0,0,0,0,0
"06085","5","326121","78","0","2025","1","N",1,0,0,0,0,0,0,0,"N",0.32,0,0,0,0,0,0,0,"N",0,0.0,0,0,0,0,0,0,0,0,0,0,0,0,0,0
"06085","5","32613","77","0","2025","1","N",1,0,0,0,0,0,0,0,"N",0.33,0,0,0,0,0,0,0,"N",-1,-50.0,0,0,0,0,0,0,0,0,0,0,0,0,0,0
"06085","5","326130","78","0","2025","1","N",1,0,0,0,0,0,0,0,"N",0.33,0,0,0,0,0,0,0,"N",-1,-50.0,0,0,0,0,0,0,0,0,0,0,0,0,0,0
"06085","5","32614","77","0","2025","1","N",2,0,0,0,0,0,0,0,"N",0.47,0,0,0,0,0,0,0,"N",0,0.0,0,0,0,0,0,0,0,0,0,0,0,0,0,0
"06085","5","326140","78","0","2025","1","N",2,0,0,0,0,0,0,0,"N",0.47,0,0,0,0,0,0,0,"N",0,0.0,0,0,0,0,0,0,0,0,0,0,0,0,0,0
"06085","5","32615","77","0","2025","1","N",1,0,0,0,0,0,0,0,"N",0.15,0,0,0,0,0,0,0,"N",0,0.0,0,0,0,0,0,0,0,0,0,0,0,0,0,0
"06085","5","326150","78","0","2025","1","N",1,0,0,0,0,0,0,0,"N",0.15,0,0,0,0,0,0,0,"N",0,0.0,0,0,0,0,0,0,0,0,0,0,0,0,0,0
"06085","5","32619","77","0","2025","1","",5,24,23,23,635940,187184,6687,2097,"",0.10,0.01,0.01,0.01,0.01,0.01,0.01,0.63,"",0,0.0,-4,-14.3,-5,-17.9,-4,-14.8,-17152,-2.6,-7278,-3.7,684,11.4,281,15.5
"06085","5","326199","78","0","2025","1","",5,24,23,23,635940,187184,6687,2097,"",0.11,0.01,0.01,0.01,0.01,0.01,0.01,0.62,"",0,0.0,-4,-14.3,-5,-17.9,-4,-14.8,-17152,-2.6,-7278,-3.7,684,11.4,281,15.5
"06085","5","3262","76","0","2025","1","N",1,0,0,0,0,0,0,0,"N",0.07,0,0,0,0,0,0,0,"N",0,0.0,0,0,0,0,0,0,0,0,0,0,0,0,0,0
"06085","5","32629","77","0","2025","1","N",1,0,0,0,0,0,0,0,"N",0.12,0,0,0,0,0,0,0,"N",0,0.0,0,0,0,0,0,0,0,0,0,0,0,0,0,0
"06085","5","326291","78","0","2025","1","N",1,0,0,0,0,0,0,0,"N",0.29,0,0,0,0,0,0,0,"N",0,0.0,0,0,0,0,0,0,0,0,0,0,0,0,0,0
"06085","5","327","75","0","2025","1","",48,955,973,966,23014518,6866886,235551,1835,"",0.38,0.33,0.33,0.33,0.16,0.27,0.24,0.47,"",4,9.1,100,11.7,123,14.5,97,11.2,1814409,8.6,885876,14.8,58238,32.8,-66,-3.5
"06085","5","3271","76","0","2025","1","",4,61,63,65,410242,236189,8058,501,"",0.38,0.25,0.26,0.27,0.04,0.13,0.10,0.14,"N",1,33.3,0,0,0,0,0,0,0,0,0,0,0,0,0,0
"06085","5","32711","77","0","2025","1","N",3,0,0,0,0,0,0,0,"N",0.53,0,0,0,0,0,0,0,"N",0,0.0,0,0,0,0,0,0,0,0,0,0,0,0,0,0
"06085","5","327110","78","0","2025","1","N",3,0,0,0,0,0,0,0,"N",0.53,0,0,0,0,0,0,0,"N",0,0.0,0,0,0,0,0,0,0,0,0,0,0,0,0,0
"06085","5","32712","77","0","2025","1","N",1,0,0,0,0,0,0,0,"N",0.21,0,0,0,0,0,0,0,"N",1,100.0,0,0,0,0,0,0,0,0,0,0,0,0,0,0
"06085","5","327120","78","0","2025","1","N",1,0,0,0,0,0,0,0,"N",0.21,0,0,0,0,0,0,0,"N",1,100.0,0,0,0,0,0,0,0,0,0,0,0,0,0,0
"06085","5","3272","76","0","2025","1","",10,90,95,93,1849926,615690,17147,1536,"",0.71,0.16,0.17,0.17,0.07,0.13,0.10,0.40,"N",1,11.1,0,0,0,0,0,0,0,0,0,0,0,0,0,0
"06085","5","32721","77","0","2025","1","",10,90,95,93,1849926,615690,17147,1536,"",0.71,0.16,0.17,0.17,0.07,0.13,0.10,0.40,"N",1,11.1,0,0,0,0,0,0,0,0,0,0,0,0,0,0
"06085","5","327212","78","0","2025","1","",3,19,25,25,459127,124588,4825,1536,"",1.04,0.25,0.32,0.32,0.10,0.23,0.19,0.35,"N",0,0.0,0,0,0,0,0,0,0,0,0,0,0,0,0,0
"06085","5","327215","78","0","2025","1","",7,71,70,68,1390799,491102,12322,1536,"",0.81,0.22,0.22,0.21,0.10,0.18,0.16,0.46,"",1,16.7,-2,-2.7,-2,-2.8,-3,-4.2,-5710,-0.4,-19788,-3.9,2031,19.7,44,2.9
"06085","5","3273","76","0","2025","1","",16,475,486,476,12263477,3604688,127039,1969,"",0.24,0.33,0.34,0.33,0.17,0.29,0.22,0.51,"",1,6.7,88,22.7,99,25.6,83,21.1,1926003,18.6,739383,25.8,48309,61.4,-75,-3.7
"06085","5","32731","77","0","2025","1","N",1,0,0,0,0,0,0,0,"N",0.31,0,0,0,0,0,0,0,"N",0,0.0,0,0,0,0,0,0,0,0,0,0,0,0,0,0
"06085","5","327310","78","0","2025","1","N",1,0,0,0,0,0,0,0,"N",0.31,0,0,0,0,0,0,0,"N",0,0.0,0,0,0,0,0,0,0,0,0,0,0,0,0,0
"06085","5","32732","77","0","2025","1","",12,442,453,442,11040274,3353101,117202,1906,"",0.30,0.62,0.64,0.60,0.32,0.54,0.34,0.51,"",2,20.0,85,23.8,98,27.6,81,22.4,1750709,18.8,736012,28.1,46371,65.5,-92,-4.6
"06085","5","327320","78","0","2025","1","",12,442,453,442,11040274,3353101,117202,1906,"",0.30,0.62,0.64,0.60,0.32,0.54,0.34,0.51,"",2,20.0,85,23.8,98,27.6,81,22.4,1750709,18.8,736012,28.1,46371,65.5,-92,-4.6
"06085","5","32733","77","0","2025","1","N",2,0,0,0,0,0,0,0,"N",0.26,0,0,0,0,0,0,0,"N",0,0.0,0,0,0,0,0,0,0,0,0,0,0,0,0,0
"06085","5","327331","78","0","2025","1","N",2,0,0,0,0,0,0,0,"N",0.34,0,0,0,0,0,0,0,"N",0,0.0,0,0,0,0,0,0,0,0,0,0,0,0,0,0
"06085","5","32739","77","0","2025","1","N",1,0,0,0,0,0,0,0,"N",0.07,0,0,0,0,0,0,0,"N",-1,-50.0,0,0,0,0,0,0,0,0,0,0,0,0,0,0
"06085","5","327390","78","0","2025","1","N",1,0,0,0,0,0,0,0,"N",0.07,0,0,0,0,0,0,0,"N",-1,-50.0,0,0,0,0,0,0,0,0,0,0,0,0,0,0
"06085","5","3279","76","0","2025","1","",18,329,329,332,8490873,2410319,83307,1979,"",0.58,0.58,0.58,0.58,0.30,0.50,0.56,0.52,"",1,5.9,0,0.0,12,3.8,6,1.8,-363731,-4.1,73714,3.2,4273,5.4,-123,-5.9
"06085","5","32791","77","0","2025","1","N",2,0,0,0,0,0,0,0,"N",0.71,0,0,0,0,0,0,0,"N",0,0.0,0,0,0,0,0,0,0,0,0,0,0,0,0,0
"06085","5","327910","78","0","2025","1","N",2,0,0,0,0,0,0,0,"N",0.71,0,0,0,0,0,0,0,"N",0,0.0,0,0,0,0,0,0,0,0,0,0,0,0,0,0
"06085","5","32799","77","0","2025","1","N",16,0,0,0,0,0,0,0,"N",0.57,0,0,0,0,0,0,0,"N",1,6.7,0,0,0,0,0,0,0,0,0,0,0,0,0,0
"06085","5","327991","78","0","2025","1","",7,140,137,138,2524699,1028761,18020,1404,"",0.34,0.58,0.57,0.57,0.28,0.52,0.32,0.49,"",0,0.0,-7,-4.8,0,0.0,-7,-4.8,-116602,-4.4,-44060,-4.1,-463,-2.5,-17,-1.2
"06085","5","327993","78","0","2025","1","N",2,0,0,0,0,0,0,0,"N",0.97,0,0,0,0,0,0,0,"N",1,100.0,0,0,0,0,0,0,0,0,0,0,0,0,0,0
"06085","5","327999","78","0","2025","1","N",7,0,0,0,0,0,0,0,"N",1.68,0,0,0,0,0,0,0,"N",0,0.0,0,0,0,0,0,0,0,0,0,0,0,0,0,0
"06085","5","331","75","0","2025","1","",11,113,116,112,3197564,798097,27990,2164,"",0.26,0.04,0.04,0.04,0.02,0.03,0.03,0.46,"",2,22.2,10,9.7,12,11.5,8,7.7,1284183,67.1,104516,15.1,8525,43.8,744,52.4
"06085","5","3311","76","0","2025","1","N",1,0,0,0,0,0,0,0,"N",0.14,0,0,0,0,0,0,0,"N",0,0.0,0,0,0,0,0,0,0,0,0,0,0,0,0,0
"06085","5","33111","77","0","2025","1","N",1,0,0,0,0,0,0,0,"N",0.14,0,0,0,0,0,0,0,"N",0,0.0,0,0,0,0,0,0,0,0,0,0,0,0,0,0
"06085","5","331110","78","0","2025","1","N",1,0,0,0,0,0,0,0,"N",0.14,0,0,0,0,0,0,0,"N",0,0.0,0,0,0,0,0,0,0,0,0,0,0,0,0,0
"06085","5","3312","76","0","2025","1","N",1,0,0,0,0,0,0,0,"N",0.10,0,0,0,0,0,0,0,"N",0,0.0,0,0,0,0,0,0,0,0,0,0,0,0,0,0
"06085","5","33122","77","0","2025","1","N",1,0,0,0,0,0,0,0,"N",0.18,0,0,0,0,0,0,0,"N",0,0.0,0,0,0,0,0,0,0,0,0,0,0,0,0,0
"06085","5","331221","78","0","2025","1","N",1,0,0,0,0,0,0,0,"N",0.27,0,0,0,0,0,0,0,"N",0,0.0,0,0,0,0,0,0,0,0,0,0,0,0,0,0
"06085","5","3314","76","0","2025","1","",7,105,109,107,3068250,750658,26377,2206,"",0.87,0.24,0.24,0.24,0.11,0.17,0.17,0.48,"",2,40.0,10,10.5,12,12.4,10,10.3,1317238,75.2,106167,16.5,8182,45.0,808,57.8
"06085","5","33141","77","0","2025","1","N",1,0,0,0,0,0,0,0,"N",0.79,0,0,0,0,0,0,0,"N",0,0.0,0,0,0,0,0,0,0,0,0,0,0,0,0,0
"06085","5","331410","78","0","2025","1","N",1,0,0,0,0,0,0,0,"N",0.79,0,0,0,0,0,0,0,"N",0,0.0,0,0,0,0,0,0,0,0,0,0,0,0,0,0
"06085","5","33149","77","0","2025","1","N",6,0,0,0,0,0,0,0,"N",1.39,0,0,0,0,0,0,0,"N",2,50.0,0,0,0,0,0,0,0,0,0,0,0,0,0,0
"06085","5","331491","78","0","2025","1","N",2,0,0,0,0,0,0,0,"N",0.83,0,0,0,0,0,0,0,"N",0,0.0,0,0,0,0,0,0,0,0,0,0,0,0,0,0
"06085","5","331492","78","0","2025","1","N",4,0,0,0,0,0,0,0,"N",2.11,0,0,0,0,0,0,0,"N",2,100.0,0,0,0,0,0,0,0,0,0,0,0,0,0,0
"06085","5","3315","76","0","2025","1","N",2,0,0,0,0,0,0,0,"N",0.17,0,0,0,0,0,0,0,"N",0,0.0,0,0,0,0,0,0,0,0,0,0,0,0,0,0
"06085","5","33152","77","0","2025","1","N",2,0,0,0,0,0,0,0,"N",0.31,0,0,0,0,0,0,0,"N",0,0.0,0,0,0,0,0,0,0,0,0,0,0,0,0,0
"06085","5","331524","78","0","2025","1","N",2,0,0,0,0,0,0,0,"N",0.82,0,0,0,0,0,0,0,"N",0,0.0,0,0,0,0,0,0,0,0,0,0,0,0,0,0
"06085","5","332","75","0","2025","1","",541,8814,8886,8879,162646361,63334867,2676643,1412,"",1.24,0.86,0.86,0.86,0.33,0.73,0.95,0.38,"",2,0.4,-427,-4.6,-328,-3.6,-333,-3.6,-574108,-0.4,-2592179,-3.9,349433,15.0,51,3.7
"06085","5","3321","76","0","2025","1","N",5,0,0,0,0,0,0,0,"N",0.31,0,0,0,0,0,0,0,"N",1,25.0,0,0,0,0,0,0,0,0,0,0,0,0,0,0
"06085","5","33211","77","0","2025","1","N",5,0,0,0,0,0,0,0,"N",0.31,0,0,0,0,0,0,0,"N",1,25.0,0,0,0,0,0,0,0,0,0,0,0,0,0,0
"06085","5","332114","78","0","2025","1","N",1,0,0,0,0,0,0,0,"N",0.55,0,0,0,0,0,0,0,"N",0,0.0,0,0,0,0,0,0,0,0,0,0,0,0,0,0
"06085","5","332117","78","0","2025","1","N",1,0,0,0,0,0,0,0,"N",0.84,0,0,0,0,0,0,0,"N",1,100.0,0,0,0,0,0,0,0,0,0,0,0,0,0,0
"06085","5","332119","78","0","2025","1","N",3,0,0,0,0,0,0,0,"N",0.34,0,0,0,0,0,0,0,"N",0,0.0,0,0,0,0,0,0,0,0,0,0,0,0,0,0
"06085","5","3322","76","0","2025","1","",10,45,44,43,1095744,307280,8208,1916,"",1.03,0.19,0.19,0.18,0.09,0.14,0.12,0.47,"",-4,-28.6,-47,-51.1,-52,-54.2,-55,-56.1,-754776,-40.8,-368276,-54.5,-16507,-66.8,423,28.3
"06085","5","33221","77","0","2025","1","",10,45,44,43,1095744,307280,8208,1916,"",1.03,0.19,0.19,0.18,0.09,0.14,0.12,0.47,"",-4,-28.6,-47,-51.1,-52,-54.2,-55,-56.1,-754776,-40.8,-368276,-54.5,-16507,-66.8,423,28.3
"06085","5","332215","78","0","2025","1","N",4,0,0,0,0,0,0,0,"N",1.52,0,0,0,0,0,0,0,"N",-1,-20.0,0,0,0,0,0,0,0,0,0,0,0,0,0,0
"06085","5","332216","78","0","2025","1","N",6,0,0,0,0,0,0,0,"N",0.85,0,0,0,0,0,0,0,"N",-3,-33.3,0,0,0,0,0,0,0,0,0,0,0,0,0,0
"06085","5","3323","76","0","2025","1","",85,2517,2514,2503,44593335,18282661,873731,1366,"",0.71,0.85,0.85,0.84,0.32,0.74,1.09,0.38,"",4,4.9,-158,-5.9,-131,-5.0,-148,-5.6,-1893751,-4.1,-793339,-4.2,150954,20.9,20,1.5
"06085","5","33231","77","0","2025","1","",13,212,221,221,5235715,1687874,72295,1847,"",0.25,0.16,0.16,0.16,0.08,0.15,0.21,0.47,"",0,0.0,-8,-3.6,14,6.8,12,5.7,366225,7.5,80122,5.0,4477,6.6,80,4.5
"06085","5","332311","78","0","2025","1","N",2,0,0,0,0,0,0,0,"N",0.18,0,0,0,0,0,0,0,"N",0,0.0,0,0,0,0,0,0,0,0,0,0,0,0,0,0
"06085","5","332312","78","0","2025","1","N",8,0,0,0,0,0,0,0,"N",0.28,0,0,0,0,0,0,0,"N",0,0.0,0,0,0,0,0,0,0,0,0,0,0,0,0,0
"06085","5","332313","78","0","2025","1","",3,101,101,102,1987749,738764,27653,1509,"",0.22,0.29,0.29,0.29,0.11,0.24,0.31,0.37,"",0,0.0,20,24.7,22,27.8,21,25.9,453949,29.6,157782,27.2,8035,41.0,40,2.7
"06085","5","33232","77","0","2025","1","",72,2305,2293,2282,39357620,16594787,801436,1320,"",1.07,1.42,1.41,1.40,0.55,1.25,1.74,0.39,"",4,5.9,-150,-6.1,-145,-5.9,-160,-6.6,-2259976,-5.4,-873461,-5.0,146477,22.4,11,0.8
"06085","5","332321","78","0","2025","1","",9,116,112,112,2073020,834143,26557,1407,"",0.79,0.24,0.23,0.23,0.10,0.22,0.24,0.43,"",1,12.5,11,10.5,13,13.1,12,12.0,265954,14.7,88290,11.8,9322,54.1,35,2.6
"06085","5","332322","78","0","2025","1","",49,2144,2134,2123,36574186,15415543,764035,1319,"",1.53,2.61,2.59,2.58,1.02,2.23,3.05,0.39,"",3,6.5,-46,-2.1,-47,-2.2,-57,-2.6,543695,1.5,-135115,-0.9,186774,32.4,50,3.9
"06085","5","332323","78","0","2025","1","",14,45,47,47,710414,345101,10844,1179,"",0.59,0.14,0.15,0.15,0.05,0.13,0.11,0.34,"",0,0.0,-115,-71.9,-111,-70.3,-115,-71.0,-3069625,-81.2,-826636,-70.5,-49619,-82.1,-638,-35.1
"06085","5","3324","76","0","2025","1","N",1,0,0,0,0,0,0,0,"N",0.06,0,0,0,0,0,0,0,"N",0,0.0,0,0,0,0,0,0,0,0,0,0,0,0,0,0
"06085","5","33243","77","0","2025","1","N",1,0,0,0,0,0,0,0,"N",0.19,0,0,0,0,0,0,0,"N",0,0.0,0,0,0,0,0,0,0,0,0,0,0,0,0,0
"06085","5","332439","78","0","2025","1","N",1,0,0,0,0,0,0,0,"N",0.28,0,0,0,0,0,0,0,"N",0,0.0,0,0,0,0,0,0,0,0,0,0,0,0,0,0
"06085","5","3325","76","0","2025","1","N",2,0,0,0,0,0,0,0,"N",0.32,0,0,0,0,0,0,0,"N",-1,-33.3,0,0,0,0,0,0,0,0,0,0,0,0,0,0
"06085","5","33251","77","0","2025","1","N",2,0,0,0,0,0,0,0,"N",0.32,0,0,0,0,0,0,0,"N",-1,-33.3,0,0,0,0,0,0,0,0,0,0,0,0,0,0
"06085","5","332510","78","0","2025","1","N",2,0,0,0,0,0,0,0,"N",0.32,0,0,0,0,0,0,0,"N",-1,-33.3,0,0,0,0,0,0,0,0,0,0,0,0,0,0
"06085","5","3326","76","0","2025","1","",8,111,110,116,2502709,810166,33102,1714,"",0.86,0.40,0.40,0.42,0.21,0.35,0.45,0.51,"",-1,-11.1,-11,-9.0,-13,-10.6,-9,-7.2,-257627,-9.3,-89041,-9.9,-237,-0.7,-8,-0.5
"06085","5","33261","77","0","2025","1","",8,111,110,116,2502709,810166,33102,1714,"",0.86,0.40,0.40,0.42,0.21,0.35,0.45,0.51,"",-1,-11.1,-11,-9.0,-13,-10.6,-9,-7.2,-257627,-9.3,-89041,-9.9,-237,-0.7,-8,-0.5
"06085","5","332613","78","0","2025","1","",3,39,39,41,689056,282900,13592,1336,"",1.03,0.35,0.35,0.37,0.14,0.31,0.42,0.40,"",0,0.0,-4,-9.3,-3,-7.1,-2,-4.7,-38098,-5.2,-15842,-5.3,-625,-4.4,25,1.9
"06085","5","332618","78","0","2025","1","",5,72,71,75,1813653,527266,19510,1920,"",0.78,0.44,0.43,0.45,0.25,0.38,0.47,0.57,"",-1,-16.7,-7,-8.9,-10,-12.3,-7,-8.5,-219529,-10.8,-73199,-12.2,388,2.0,-19,-1.0
"06085","5","3327","76","0","2025","1","",342,4238,4304,4292,79596298,30390323,1300243,1431,"",2.30,1.78,1.81,1.80,0.75,1.52,1.99,0.42,"",-1,-0.3,-191,-4.3,-145,-3.3,-137,-3.1,2053336,2.6,-1204608,-3.8,154089,13.4,86,6.4
"06085","5","33271","77","0","2025","1","",323,4097,4110,4103,76341070,29091017,1251385,1431,"",2.44,2.23,2.23,2.23,0.96,1.87,2.55,0.43,"",-3,-0.9,-127,-3.0,-134,-3.2,-124,-2.9,2002989,2.7,-1269403,-4.2,141515,12.8,80,5.9
"06085","5","332710","78","0","2025","1","",323,4097,4110,4103,76341070,29091017,1251385,1431,"",2.44,2.23,2.23,2.23,0.96,1.87,2.55,0.43,"",-3,-0.9,-127,-3.0,-134,-3.2,-124,-2.9,2002989,2.7,-1269403,-4.2,141515,12.8,80,5.9
"06085","5","33272","77","0","2025","1","",19,141,194,189,3255228,1299306,48858,1434,"",1.14,0.26,0.36,0.35,0.13,0.29,0.30,0.39,"",2,11.8,-64,-31.2,-11,-5.4,-13,-6.4,50347,1.6,64795,5.2,12574,34.7,226,18.7
"06085","5","332721","78","0","2025","1","N",17,0,0,0,0,0,0,0,"N",1.52,0,0,0,0,0,0,0,"N",3,21.4,0,0,0,0,0,0,0,0,0,0,0,0,0,0
"06085","5","332722","78","0","2025","1","N",2,0,0,0,0,0,0,0,"N",0.36,0,0,0,0,0,0,0,"N",-1,-33.3,0,0,0,0,0,0,0,0,0,0,0,0,0,0
"06085","5","3328","76","0","2025","1","",61,1260,1261,1266,20271699,8790630,267433,1235,"",1.40,1.37,1.36,1.37,0.52,1.21,1.11,0.38,"",1,1.7,0,0.0,14,1.1,19,1.5,-329397,-1.6,-46041,-0.5,33031,14.1,-31,-2.4
"06085","5","33281","77","0","2025","1","",61,1260,1261,1266,20271699,8790630,267433,1235,"",1.40,1.37,1.36,1.37,0.52,1.21,1.11,0.38,"",1,1.7,0,0.0,14,1.1,19,1.5,-329397,-1.6,-46041,-0.5,33031,14.1,-31,-2.4
"06085","5","332811","78","0","2025","1","",4,38,38,38,728299,268280,11908,1474,"",0.80,0.30,0.29,0.29,0.11,0.25,0.32,0.38,"",0,0.0,-1,-2.6,0,0.0,-1,-2.6,-69796,-8.7,-4720,-1.7,-307,-2.5,-114,-7.2
"06085","5","332812","78","0","2025","1","",26,444,451,458,7306828,3183669,109440,1246,"",1.19,1.06,1.07,1.09,0.42,0.97,1.04,0.39,"",1,4.0,10,2.3,35,8.4,32,7.5,538043,7.9,136067,4.5,13782,14.4,22,1.8
"06085","5","332813","78","0","2025","1","",31,778,772,770,12236572,5338681,146085,1217,"",1.85,2.10,2.07,2.07,0.82,1.85,1.49,0.39,"",0,0.0,-9,-1.1,-21,-2.6,-12,-1.5,-797644,-6.1,-177388,-3.2,19556,15.5,-56,-4.4
"06085","5","3329","76","0","2025","1","",27,265,269,268,6802076,1995615,85272,1957,"",0.41,0.13,0.13,0.13,0.06,0.11,0.16,0.46,"",3,12.5,-35,-11.7,-33,-10.9,-44,-14.1,-513104,-7.0,-251880,-11.2,4325,5.3,110,6.0
"06085","5","33291","77","0","2025","1","",5,26,24,25,414500,164397,6004,1275,"",0.35,0.04,0.04,0.04,0.01,0.03,0.04,0.27,"",1,25.0,4,18.2,0,0.0,1,4.2,-217085,-34.4,-901,-0.5,2909,94.0,-807,-38.8
"06085","5","332912","78","0","2025","1","N",1,0,0,0,0,0,0,0,"N",0.25,0,0,0,0,0,0,0,"N",0,0.0,0,0,0,0,0,0,0,0,0,0,0,0,0,0
"06085","5","332913","78","0","2025","1","N",2,0,0,0,0,0,0,0,"N",0.93,0,0,0,0,0,0,0,"N",1,100.0,0,0,0,0,0,0,0,0,0,0,0,0,0,0
"06085","5","332919","78","0","2025","1","N",2,0,0,0,0,0,0,0,"N",0.82,0,0,0,0,0,0,0,"N",0,0.0,0,0,0,0,0,0,0,0,0,0,0,0,0,0
"06085","5","33299","77","0","2025","1","",22,239,245,243,6387576,1831218,79268,2028,"",0.43,0.17,0.18,0.17,0.09,0.15,0.21,0.51,"",2,10.0,-39,-14.0,-33,-11.9,-45,-15.6,-296019,-4.4,-250979,-12.1,1416,1.8,201,11.0
"06085","5","332991","78","0","2025","1","N",1,0,0,0,0,0,0,0,"N",0.52,0,0,0,0,0,0,0,"N",0,0.0,0,0,0,0,0,0,0,0,0,0,0,0,0,0
"06085","5","332994","78","0","2025","1","N",1,0,0,0,0,0,0,0,"N",0.16,0,0,0,0,0,0,0,"N",-1,-50.0,0,0,0,0,0,0,0,0,0,0,0,0,0,0
"06085","5","332996","78","0","2025","1","N",2,0,0,0,0,0,0,0,"N",0.29,0,0,0,0,0,0,0,"N",1,100.0,0,0,0,0,0,0,0,0,0,0,0,0,0,0
"06085","5","332999","78","0","2025","1","",18,227,232,230,6155742,1749039,77341,2062,"",0.52,0.37,0.38,0.38,0.22,0.34,0.48,0.58,"",2,12.5,-41,-15.3,-37,-13.8,-48,-17.3,-244814,-3.8,-269892,-13.4,1083,1.4,250,13.8
"06085","5","333","75","0","2025","1","",191,9988,9915,9806,623396809,71897940,2429923,4842,"",0.78,1.27,1.26,1.25,1.29,0.99,1.04,1.03,"",8,4.4,64,0.6,33,0.3,-62,-0.6,-41505253,-6.2,870627,1.2,376340,18.3,-329,-6.4
"06085","5","3331","76","0","2025","1","N",7,0,0,0,0,0,0,0,"N",0.21,0,0,0,0,0,0,0,"N",2,40.0,0,0,0,0,0,0,0,0,0,0,0,0,0,0
"06085","5","33311","77","0","2025","1","N",2,0,0,0,0,0,0,0,"N",0.14,0,0,0,0,0,0,0,"N",1,100.0,0,0,0,0,0,0,0,0,0,0,0,0,0,0
"06085","5","333111","78","0","2025","1","N",2,0,0,0,0,0,0,0,"N",0.17,0,0,0,0,0,0,0,"N",1,100.0,0,0,0,0,0,0,0,0,0,0,0,0,0,0
"06085","5","33312","77","0","2025","1","N",3,0,0,0,0,0,0,0,"N",0.36,0,0,0,0,0,0,0,"N",0,0.0,0,0,0,0,0,0,0,0,0,0,0,0,0,0
"06085","5","333120","78","0","2025","1","N",3,0,0,0,0,0,0,0,"N",0.36,0,0,0,0,0,0,0,"N",0,0.0,0,0,0,0,0,0,0,0,0,0,0,0,0,0
"06085","5","33313","77","0","2025","1","N",2,0,0,0,0,0,0,0,"N",0.17,0,0,0,0,0,0,0,"N",1,100.0,0,0,0,0,0,0,0,0,0,0,0,0,0,0
"06085","5","333131","78","0","2025","1","N",1,0,0,0,0,0,0,0,"N",0.40,0,0,0,0,0,0,0,"N",0,0.0,0,0,0,0,0,0,0,0,0,0,0,0,0,0
"06085","5","333132","78","0","2025","1","N",1,0,0,0,0,0,0,0,"N",0.11,0,0,0,0,0,0,0,"N",1,100.0,0,0,0,0,0,0,0,0,0,0,0,0,0,0
"06085","5","3332","76","0","2025","1","",72,7977,7913,7832,528532273,56779724,1808200,5142,"",1.82,8.47,8.41,8.35,7.20,6.20,5.31,0.86,"",1,1.4,35,0.4,-1,0.0,-59,-0.7,-64985579,-10.9,409731,0.7,306389,20.4,-626,-10.9
"06085","5","33324","77","0","2025","1","",72,7977,7913,7832,528532273,56779724,1808200,5142,"",1.82,8.47,8.41,8.35,7.20,6.20,5.31,0.86,"",1,1.4,35,0.4,-1,0.0,-59,-0.7,-64985579,-10.9,409731,0.7,306389,20.4,-626,-10.9
"06085","5","333241","78","0","2025","1","N",5,0,0,0,0,0,0,0,"N",0.73,0,0,0,0,0,0,0,"N",1,25.0,0,0,0,0,0,0,0,0,0,0,0,0,0,0
"06085","5","333242","78","0","2025","1","",52,7728,7658,7570,522990969,54957156,1731535,5257,"",17.06,36.55,36.21,36.08,16.63,23.43,14.58,0.46,"",1,2.0,56,0.7,12,0.2,-64,-0.8,-64882899,-11.0,504386,0.9,285325,19.7,-654,-11.1
"06085","5","333243","78","0","2025","1","N",1,0,0,0,0,0,0,0,"N",0.25,0,0,0,0,0,0,0,"N",0,0.0,0,0,0,0,0,0,0,0,0,0,0,0,0,0
"06085","5","333248","78","0","2025","1","",14,201,212,218,4967525,1491740,70857,1817,"",0.54,0.40,0.43,0.44,0.17,0.33,0.43,0.41,"",-1,-6.7,-24,-10.7,-12,-5.4,5,2.3,-176792,-3.4,-108157,-6.8,20748,41.4,24,1.3
"06085","5","3333","76","0","2025","1","",35,899,882,865,67445719,7166780,331488,5882,"",1.57,1.45,1.42,1.40,1.66,1.19,1.71,1.17,"",2,6.1,-77,-7.9,-86,-8.9,-99,-10.3,19747855,41.4,-248616,-3.4,19318,6.2,2097,55.4
"06085","5","33331","77","0","2025","1","",35,899,882,865,67445719,7166780,331488,5882,"",1.57,1.45,1.42,1.40,1.66,1.19,1.71,1.17,"",2,6.1,-77,-7.9,-86,-8.9,-99,-10.3,19747855,41.4,-248616,-3.4,19318,6.2,2097,55.4
"06085","5","333310","78","0","2025","1","",35,899,882,865,67445719,7166780,331488,5882,"",1.57,1.45,1.42,1.40,1.66,1.19,1.71,1.17,"",2,6.1,-77,-7.9,-86,-8.9,-99,-10.3,19747855,41.4,-248616,-3.4,19318,6.2,2097,55.4
"06085","5","3334","76","0","2025","1","",8,90,91,91,3180100,705438,30172,2698,"",0.37,0.08,0.08,0.08,0.06,0.08,0.11,0.72,"",0,0.0,4,4.7,-5,-5.2,-9,-9.0,355890,12.6,11092,1.6,3137,11.6,387,16.7
"06085","5","33341","77","0","2025","1","",8,90,91,91,3180100,705438,30172,2698,"",0.37,0.08,0.08,0.08,0.06,0.08,0.11,0.72,"",0,0.0,4,4.7,-5,-5.2,-9,-9.0,355890,12.6,11092,1.6,3137,11.6,387,16.7
"06085","5","333413","78","0","2025","1","N",2,0,0,0,0,0,0,0,"N",0.30,0,0,0,0,0,0,0,"N",-1,-33.3,0,0,0,0,0,0,0,0,0,0,0,0,0,0
"06085","5","333414","78","0","2025","1","N",2,0,0,0,0,0,0,0,"N",0.52,0,0,0,0,0,0,0,"N",0,0.0,0,0,0,0,0,0,0,0,0,0,0,0,0,0
"06085","5","333415","78","0","2025","1","",4,34,34,34,1108838,238778,10712,2509,"",0.35,0.05,0.05,0.05,0.03,0.04,0.06,0.66,"N",1,33.3,0,0,0,0,0,0,0,0,0,0,0,0,0,0
"06085","5","3335","76","0","2025","1","",34,402,399,398,8058721,2811029,105868,1551,"",0.64,0.37,0.36,0.37,0.15,0.30,0.35,0.41,"",4,13.3,71,21.5,76,23.5,69,21.0,2164655,36.7,484741,20.8,28869,37.5,167,12.1
"06085","5","33351","77","0","2025","1","",34,402,399,398,8058721,2811029,105868,1551,"",0.64,0.37,0.36,0.37,0.15,0.30,0.35,0.41,"",4,13.3,71,21.5,76,23.5,69,21.0,2164655,36.7,484741,20.8,28869,37.5,167,12.1
"06085","5","333511","78","0","2025","1","N",4,0,0,0,0,0,0,0,"N",0.39,0,0,0,0,0,0,0,"N",1,33.3,0,0,0,0,0,0,0,0,0,0,0,0,0,0
"06085","5","333514","78","0","2025","1","",5,54,54,54,1038766,363793,18021,1480,"",0.29,0.15,0.15,0.15,0.06,0.12,0.18,0.41,"",0,0.0,-10,-15.6,-8,-12.9,-10,-15.6,-80852,-7.2,-68992,-15.9,-3830,-17.5,120,8.8
"06085","5","333515","78","0","2025","1","",7,170,167,162,3544822,1191607,42218,1639,"",0.89,1.14,1.12,1.10,0.49,0.92,1.06,0.44,"",2,40.0,129,314.6,126,307.3,123,315.4,2367852,201.2,897311,304.9,33095,362.8,-606,-27.0
"06085","5","333517","78","0","2025","1","",17,144,143,146,2948640,1003903,32757,1571,"",1.15,0.49,0.48,0.49,0.19,0.40,0.42,0.39,"",1,6.2,-40,-21.7,-38,-21.0,-35,-19.3,-76963,-2.5,-294401,-22.7,-3284,-9.1,292,22.8
"06085","5","333519","78","0","2025","1","N",1,0,0,0,0,0,0,0,"N",0.36,0,0,0,0,0,0,0,"N",0,0.0,0,0,0,0,0,0,0,0,0,0,0,0,0,0
"06085","5","3336","76","0","2025","1","N",3,0,0,0,0,0,0,0,"N",0.29,0,0,0,0,0,0,0,"N",0,0.0,0,0,0,0,0,0,0,0,0,0,0,0,0,0
"06085","5","33361","77","0","2025","1","N",3,0,0,0,0,0,0,0,"N",0.29,0,0,0,0,0,0,0,"N",0,0.0,0,0,0,0,0,0,0,0,0,0,0,0,0,0
"06085","5","333611","78","0","2025","1","N",2,0,0,0,0,0,0,0,"N",0.68,0,0,0,0,0,0,0,"N",0,0.0,0,0,0,0,0,0,0,0,0,0,0,0,0,0
"06085","5","333612","78","0","2025","1","N",1,0,0,0,0,0,0,0,"N",0.49,0,0,0,0,0,0,0,"N",0,0.0,0,0,0,0,0,0,0,0,0,0,0,0,0,0
"06085","5","3339","76","0","2025","1","",32,563,571,564,14006995,4051626,142911,1904,"",0.49,0.28,0.28,0.28,0.12,0.22,0.25,0.41,"",-1,-3.0,-5,-0.9,11,2.0,2,0.4,-316257,-2.2,-13983,-0.3,12359,9.5,-52,-2.7
"06085","5","33391","77","0","2025","1","",3,23,22,22,435188,157027,6272,1499,"",0.30,0.07,0.06,0.06,0.02,0.05,0.07,0.29,"",0,0.0,1,4.5,0,0.0,0,0.0,-5573,-1.3,649,0.4,1189,23.4,-42,-2.7
"06085","5","333912","78","0","2025","1","N",1,0,0,0,0,0,0,0,"N",0.29,0,0,0,0,0,0,0,"N",0,0.0,0,0,0,0,0,0,0,0,0,0,0,0,0,0
"06085","5","333914","78","0","2025","1","N",2,0,0,0,0,0,0,0,"N",0.30,0,0,0,0,0,0,0,"N",0,0.0,0,0,0,0,0,0,0,0,0,0,0,0,0,0
"06085","5","33392","77","0","2025","1","",5,46,48,48,1143165,334102,17468,1858,"",0.29,0.07,0.07,0.07,0.03,0.05,0.10,0.43,"",-1,-16.7,3,7.0,8,20.0,7,17.1,216676,23.4,30435,10.0,2421,16.1,134,7.8
"06085","5","333922","78","0","2025","1","N",2,0,0,0,0,0,0,0,"N",0.24,0,0,0,0,0,0,0,"N",0,0.0,0,0,0,0,0,0,0,0,0,0,0,0,0,0
"06085","5","333923","78","0","2025","1","N",1,0,0,0,0,0,0,0,"N",0.29,0,0,0,0,0,0,0,"N",0,0.0,0,0,0,0,0,0,0,0,0,0,0,0,0,0
"06085","5","333924","78","0","2025","1","N",2,0,0,0,0,0,0,0,"N",0.58,0,0,0,0,0,0,0,"N",-1,-33.3,0,0,0,0,0,0,0,0,0,0,0,0,0,0
"06085","5","33399","77","0","2025","1","",24,494,501,494,12428642,3560497,119171,1926,"",0.63,0.50,0.50,0.50,0.21,0.39,0.41,0.42,"",0,0.0,-9,-1.8,3,0.6,-5,-1.0,-527360,-4.1,-45067,-1.2,8749,7.9,-67,-3.4
"06085","5","333991","78","0","2025","1","N",1,0,0,0,0,0,0,0,"N",0.55,0,0,0,0,0,0,0,"N",0,0.0,0,0,0,0,0,0,0,0,0,0,0,0,0,0
"06085","5","333992","78","0","2025","1","",4,25,25,23,306062,163784,4923,968,"",0.66,0.22,0.22,0.21,0.05,0.18,0.17,0.22,"",0,0.0,-2,-7.4,-1,-3.8,-5,-17.9,-95112,-23.7,-13005,-7.4,979,24.8,-175,-15.3
"06085","5","333993","78","0","2025","1","N",1,0,0,0,0,0,0,0,"N",0.14,0,0,0,0,0,0,0,"N",0,0.0,0,0,0,0,0,0,0,0,0,0,0,0,0,0
"06085","5","333994","78","0","2025","1","N",1,0,0,0,0,0,0,0,"N",0.38,0,0,0,0,0,0,0,"N",1,100.0,0,0,0,0,0,0,0,0,0,0,0,0,0,0
"06085","5","333996","78","0","2025","1","N",2,0,0,0,0,0,0,0,"N",0.92,0,0,0,0,0,0,0,"N",0,0.0,0,0,0,0,0,0,0,0,0,0,0,0,0,0
"06085","5","333998","78","0","2025","1","",15,418,425,419,10616151,3019109,104982,1941,"",0.98,1.25,1.28,1.26,0.57,1.01,1.08,0.45,"",-1,-6.2,4,1.0,17,4.2,12,2.9,8323,0.1,89310,3.0,11280,12.0,-51,-2.6
"06085","5","334","75","0","2025","1","",846,75589,75649,75795,8516244657,562499580,21122175,8656,"",4.54,10.47,10.47,10.53,10.77,7.46,8.31,1.03,"",-8,-0.9,-1325,-1.7,-960,-1.3,-845,-1.1,47329406,0.6,-11210925,-2.0,1727601,8.9,165,1.9
"06085","5","3341","76","0","2025","1","",77,9957,9960,9958,778136363,72624892,2196684,6011,"",4.43,13.90,13.88,13.83,7.35,9.28,7.45,0.53,"",-4,-4.9,-2255,-18.5,-2209,-18.2,-2225,-18.3,-226683669,-22.6,-16556607,-18.6,-107467,-4.7,-331,-5.2
"06085","5","33411","77","0","2025","1","",77,9957,9960,9958,778136363,72624892,2196684,6011,"",4.43,13.90,13.88,13.83,7.35,9.28,7.45,0.53,"",-4,-4.9,-2255,-18.5,-2209,-18.2,-2225,-18.3,-226683669,-22.6,-16556607,-18.6,-107467,-4.7,-331,-5.2
"06085","5","334111","78","0","2025","1","",34,7767,7774,7765,646934532,56002861,1517263,6406,"",4.45,18.89,18.85,18.68,9.38,15.08,9.11,0.50,"",-3,-8.1,-2078,-21.1,-2047,-20.8,-2076,-21.1,-231357727,-26.3,-15182915,-21.3,-123299,-7.5,-463,-6.7
"06085","5","334112","78","0","2025","1","",15,825,828,831,48324976,5975456,203832,4489,"",7.35,8.62,8.64,8.68,3.13,5.55,3.37,0.36,"",2,15.4,-68,-7.6,-64,-7.2,-64,-7.2,634893,1.3,-421274,-6.6,25486,14.3,383,9.3
"06085","5","334118","78","0","2025","1","",28,1365,1358,1362,82876855,10646575,475589,4682,"",3.63,6.51,6.49,6.52,3.88,3.51,7.00,0.60,"",-3,-9.7,-109,-7.4,-98,-6.7,-85,-5.9,4039165,5.1,-952418,-8.2,-9654,-2.0,525,12.6
"06085","5","3342","76","0","2025","1","N",37,0,0,0,0,0,0,0,"N",1.73,0,0,0,0,0,0,0,"N",-5,-11.9,0,0,0,0,0,0,0,0,0,0,0,0,0,0
"06085","5","33421","77","0","2025","1","N",3,0,0,0,0,0,0,0,"N",0.96,0,0,0,0,0,0,0,"N",-3,-50.0,0,0,0,0,0,0,0,0,0,0,0,0,0,0
"06085","5","334210","78","0","2025","1","N",3,0,0,0,0,0,0,0,"N",0.96,0,0,0,0,0,0,0,"N",-3,-50.0,0,0,0,0,0,0,0,0,0,0,0,0,0,0
"06085","5","33422","77","0","2025","1","",28,2008,2043,2020,116509095,15193088,833756,4429,"",2.36,5.71,5.80,5.76,3.59,4.73,7.25,0.62,"",-1,-3.4,-376,-15.8,-279,-12.0,-277,-12.1,-2460497,-2.1,-2428937,-13.8,-73490,-8.1,509,13.0
"06085","5","334220","78","0","2025","1","",28,2008,2043,2020,116509095,15193088,833756,4429,"",2.36,5.71,5.80,5.76,3.59,4.73,7.25,0.62,"",-1,-3.4,-376,-15.8,-279,-12.0,-277,-12.1,-2460497,-2.1,-2428937,-13.8,-73490,-8.1,509,13.0
"06085","5","33429","77","0","2025","1","N",6,0,0,0,0,0,0,0,"N",0.94,0,0,0,0,0,0,0,"N",-1,-14.3,0,0,0,0,0,0,0,0,0,0,0,0,0,0
"06085","5","334290","78","0","2025","1","N",6,0,0,0,0,0,0,0,"N",0.94,0,0,0,0,0,0,0,"N",-1,-14.3,0,0,0,0,0,0,0,0,0,0,0,0,0,0
"06085","5","3343","76","0","2025","1","N",10,0,0,0,0,0,0,0,"N",1.23,0,0,0,0,0,0,0,"N",-1,-9.1,0,0,0,0,0,0,0,0,0,0,0,0,0,0
"06085","5","33431","77","0","2025","1","N",10,0,0,0,0,0,0,0,"N",1.23,0,0,0,0,0,0,0,"N",-1,-9.1,0,0,0,0,0,0,0,0,0,0,0,0,0,0
"06085","5","334310","78","0","2025","1","N",10,0,0,0,0,0,0,0,"N",1.23,0,0,0,0,0,0,0,"N",-1,-9.1,0,0,0,0,0,0,0,0,0,0,0,0,0,0
"06085","5","3344","76","0","2025","1","",466,41474,41640,41806,6050094975,298172404,10688871,11177,"",9.19,14.94,14.94,15.14,18.27,10.29,10.80,1.22,"",4,0.9,1483,3.7,1672,4.2,1712,4.3,243571263,4.2,11127581,3.9,1042794,10.8,16,0.1
"06085","5","33441","77","0","2025","1","",466,41474,41640,41806,6050094975,298172404,10688871,11177,"",9.19,14.94,14.94,15.14,18.27,10.29,10.80,1.22,"",4,0.9,1483,3.7,1672,4.2,1712,4.3,243571263,4.2,11127581,3.9,1042794,10.8,16,0.1
"06085","5","334412","78","0","2025","1","",42,3400,3405,3442,92894943,21129452,865382,2092,"",11.59,18.65,18.65,18.90,8.79,14.48,17.69,0.47,"",-2,-4.5,28,0.8,34,1.0,95,2.8,15321397,19.8,1128082,5.6,154722,21.8,318,17.9
"06085","5","334413","78","0","2025","1","",302,31950,32073,32173,5808795678,234616593,8007152,13935,"",16.72,22.34,22.25,22.68,22.72,13.21,14.03,1.01,"",8,2.7,2581,8.8,2566,8.7,2496,8.4,293088950,5.3,17023982,7.8,1044138,15.0,-439,-3.1
"06085","5","334416","78","0","2025","1","",8,196,198,199,4016679,1427815,41976,1563,"",2.55,1.67,1.68,1.70,0.70,1.32,1.26,0.42,"",1,14.3,-15,-7.1,-10,-4.8,-7,-3.4,-119779,-2.9,-56631,-3.8,-1150,-2.7,36,2.4
"06085","5","334417","78","0","2025","1","",5,209,213,220,4132397,1514682,66627,1485,"",1.64,1.23,1.25,1.29,0.38,1.12,1.24,0.30,"",-1,-16.7,-27,-11.4,-21,-9.0,-17,-7.2,-415765,-9.1,-236914,-13.5,5559,9.1,0,0.0
"06085","5","334418","78","0","2025","1","",44,2366,2398,2439,50219284,16663266,685877,1609,"",5.00,5.57,5.64,5.77,2.32,4.76,4.85,0.41,"",1,2.3,-70,-2.9,-43,-1.8,-1,0.0,752542,1.5,-152514,-0.9,84141,14.0,49,3.1
"06085","5","334419","78","0","2025","1","",65,3353,3353,3333,90035994,22820596,1021857,2070,"",4.64,7.43,7.44,7.40,3.38,5.94,7.22,0.45,"",-3,-4.4,-1014,-23.2,-854,-20.3,-854,-20.4,-65056082,-41.9,-6578424,-22.4,-244616,-19.3,-735,-26.2
"06085","5","3345","76","0","2025","1","",232,18279,18141,18156,1233341746,142563502,5614955,5215,"",2.94,6.20,6.16,6.17,4.39,4.52,5.80,0.71,"",-3,-1.3,-255,-1.4,-276,-1.5,-167,-0.9,-49303737,-3.8,-5909410,-4.0,526930,10.4,-140,-2.6
"06085","5","33451","77","0","2025","1","",232,18279,18141,18156,1233341746,142563502,5614955,5215,"",2.94,6.20,6.16,6.17,4.39,4.52,5.80,0.71,"",-3,-1.3,-255,-1.4,-276,-1.5,-167,-0.9,-49303737,-3.8,-5909410,-4.0,526930,10.4,-140,-2.6
"06085","5","334510","78","0","2025","1","",58,3768,3787,3838,154690490,28089124,849081,3133,"",3.70,7.18,7.27,7.37,2.70,4.31,4.43,0.37,"",-2,-3.3,185,5.2,219,6.1,250,7.0,4329642,2.9,2039964,7.8,133444,18.6,-98,-3.0
"06085","5","334511","78","0","2025","1","",17,892,909,898,27158272,6757259,348500,2322,"",1.61,1.01,1.03,1.02,0.32,0.71,1.55,0.31,"",-1,-5.6,100,12.6,114,14.3,108,13.7,633642,2.4,933685,16.0,143379,69.9,-253,-9.8
"06085","5","334512","78","0","2025","1","N",4,0,0,0,0,0,0,0,"N",1.00,0,0,0,0,0,0,0,"N",0,0.0,0,0,0,0,0,0,0,0,0,0,0,0,0,0
"06085","5","334513","78","0","2025","1","",25,716,710,711,29290181,5414157,248492,3163,"",1.58,1.74,1.73,1.73,1.11,1.31,1.81,0.64,"",-1,-3.8,-34,-4.5,-46,-6.1,-39,-5.2,3006129,11.4,-99620,-1.8,70563,39.7,474,17.6
"06085","5","334514","78","0","2025","1","N",1,0,0,0,0,0,0,0,"N",0.57,0,0,0,0,0,0,0,"N",0,0.0,0,0,0,0,0,0,0,0,0,0,0,0,0,0
"06085","5","334515","78","0","2025","1","",60,4827,4844,4869,304885025,40521968,1651467,4839,"",6.47,18.61,18.71,18.78,11.83,13.38,16.60,0.63,"",3,5.3,258,5.6,301,6.6,314,6.9,4307585,1.4,-2111996,-5.0,125491,8.2,-236,-4.7
"06085","5","334516","78","0","2025","1","",34,3263,3042,2953,182372486,26970606,1412635,4546,"",3.64,10.17,9.54,9.29,6.33,8.41,9.72,0.65,"",0,0.0,-801,-19.7,-928,-23.4,-957,-24.5,-38688481,-17.5,-6257506,-18.8,-78429,-5.3,275,6.4
"06085","5","334517","78","0","2025","1","",5,308,311,321,11496617,2231498,114687,2822,"",2.36,3.30,3.35,3.47,1.12,2.26,3.80,0.33,"",0,0.0,19,6.6,24,8.4,36,12.6,564714,5.2,188631,9.2,9980,9.5,-108,-3.7
"06085","5","334519","78","0","2025","1","",28,4423,4456,4487,519716045,31957334,956744,8973,"",2.70,14.92,15.06,15.18,14.56,12.19,10.42,0.97,"",-2,-6.7,61,1.4,80,1.8,158,3.6,-21744797,-4.0,-308844,-1.0,135910,16.6,-589,-6.2
"06085","5","3346","76","0","2025","1","",24,2285,2304,2310,182336543,20745861,1025943,6099,"",2.47,33.20,33.46,33.73,22.57,35.09,31.40,0.67,"N",1,4.3,0,0,0,0,0,0,0,0,0,0,0,0,0,0
"06085","5","33461","77","0","2025","1","",24,2285,2304,2310,182336543,20745861,1025943,6099,"",2.47,33.20,33.46,33.73,22.57,35.09,31.40,0.67,"N",1,4.3,0,0,0,0,0,0,0,0,0,0,0,0,0,0
"06085","5","334610","78","0","2025","1","",24,2285,2304,2310,182336543,20745861,1025943,6099,"",2.47,33.20,33.46,33.73,22.57,35.09,31.40,0.67,"N",1,4.3,0,0,0,0,0,0,0,0,0,0,0,0,0,0
"06085","5","335","75","0","2025","1","",113,4816,4816,4821,313951996,35100608,1564521,5013,"",1.45,1.57,1.57,1.56,1.70,1.25,1.70,1.08,"",5,4.6,-414,-7.9,-355,-6.9,-314,-6.1,68960838,28.1,-2797116,-7.4,290091,22.8,1374,37.8
"06085","5","3351","76","0","2025","1","",10,51,51,50,1418307,365052,15193,2153,"",0.69,0.20,0.20,0.20,0.10,0.17,0.19,0.51,"",-2,-16.7,-18,-26.1,-13,-20.3,-11,-18.0,-193594,-12.0,-87630,-19.4,-2951,-16.3,236,12.3
"06085","5","33513","77","0","2025","1","",10,51,51,50,1418307,365052,15193,2153,"",0.69,0.20,0.20,0.20,0.10,0.17,0.19,0.51,"",-2,-16.7,-18,-26.1,-13,-20.3,-11,-18.0,-193594,-12.0,-87630,-19.4,-2951,-16.3,236,12.3
"06085","5","335132","78","0","2025","1","N",3,0,0,0,0,0,0,0,"N",0.45,0,0,0,0,0,0,0,"N",-2,-40.0,0,0,0,0,0,0,0,0,0,0,0,0,0,0
"06085","5","335139","78","0","2025","1","N",7,0,0,0,0,0,0,0,"N",1.62,0,0,0,0,0,0,0,"N",0,0.0,0,0,0,0,0,0,0,0,0,0,0,0,0,0
"06085","5","3352","76","0","2025","1","",5,106,104,106,2435174,767509,36901,1778,"",0.95,0.25,0.25,0.25,0.11,0.22,0.29,0.45,"",0,0.0,24,29.3,21,25.3,21,24.7,539486,28.5,159896,26.3,5843,18.8,28,1.6
"06085","5","33521","77","0","2025","1","N",4,0,0,0,0,0,0,0,"N",1.31,0,0,0,0,0,0,0,"N",0,0.0,0,0,0,0,0,0,0,0,0,0,0,0,0,0
"06085","5","335210","78","0","2025","1","N",4,0,0,0,0,0,0,0,"N",1.31,0,0,0,0,0,0,0,"N",0,0.0,0,0,0,0,0,0,0,0,0,0,0,0,0,0
"06085","5","33522","77","0","2025","1","N",1,0,0,0,0,0,0,0,"N",0.45,0,0,0,0,0,0,0,"N",0,0.0,0,0,0,0,0,0,0,0,0,0,0,0,0,0
"06085","5","335220","78","0","2025","1","N",1,0,0,0,0,0,0,0,"N",0.45,0,0,0,0,0,0,0,"N",0,0.0,0,0,0,0,0,0,0,0,0,0,0,0,0,0
"06085","5","3353","76","0","2025","1","",28,487,491,490,15512095,3561919,162067,2438,"",1.24,0.43,0.43,0.43,0.22,0.34,0.61,0.52,"",1,3.7,-32,-6.2,-22,-4.3,-24,-4.7,-279149,-1.8,-132312,-3.6,39325,32.0,81,3.4
"06085","5","33531","77","0","2025","1","",28,487,491,490,15512095,3561919,162067,2438,"",1.24,0.43,0.43,0.43,0.22,0.34,0.61,0.52,"",1,3.7,-32,-6.2,-22,-4.3,-24,-4.7,-279149,-1.8,-132312,-3.6,39325,32.0,81,3.4
"06085","5","335311","78","0","2025","1","",10,213,214,215,8340334,1621680,79703,2998,"",2.15,0.85,0.84,0.84,0.59,0.77,1.82,0.70,"",1,11.1,-26,-10.9,-15,-6.6,-15,-6.5,-193896,-2.3,-121010,-6.9,13244,19.9,176,6.2
"06085","5","335312","78","0","2025","1","N",3,0,0,0,0,0,0,0,"N",0.52,0,0,0,0,0,0,0,"N",0,0.0,0,0,0,0,0,0,0,0,0,0,0,0,0,0
"06085","5","335313","78","0","2025","1","N",4,0,0,0,0,0,0,0,"N",0.69,0,0,0,0,0,0,0,"N",0,0.0,0,0,0,0,0,0,0,0,0,0,0,0,0,0
"06085","5","335314","78","0","2025","1","",11,160,160,159,4088679,1102079,33751,1970,"",1.72,0.55,0.55,0.54,0.21,0.36,0.43,0.38,"",0,0.0,-6,-3.6,-9,-5.3,-10,-5.9,-350597,-7.9,-24294,-2.2,-617,-1.8,-63,-3.1
"06085","5","3359","76","0","2025","1","",70,4172,4170,4175,294586420,30406128,1350360,5431,"",1.98,3.34,3.32,3.31,3.70,2.58,3.02,1.11,"",6,9.4,-388,-8.5,-341,-7.6,-300,-6.7,68894095,30.5,-2737070,-8.3,247874,22.5,1586,41.2
"06085","5","33591","77","0","2025","1","",19,1092,1116,1102,107092133,8015356,339374,7466,"",2.73,2.55,2.59,2.53,3.92,1.80,1.80,1.53,"",5,35.7,-11,-1.0,9,0.8,8,0.7,31949159,42.5,83499,1.1,61188,22.0,2218,42.3
"06085","5","335910","78","0","2025","1","",19,1092,1116,1102,107092133,8015356,339374,7466,"",2.73,2.55,2.59,2.53,3.92,1.80,1.80,1.53,"",5,35.7,-11,-1.0,9,0.8,8,0.7,31949159,42.5,83499,1.1,61188,22.0,2218,42.3
"06085","5","33592","77","0","2025","1","N",13,0,0,0,0,0,0,0,"N",2.96,0,0,0,0,0,0,0,"N",1,8.3,0,0,0,0,0,0,0,0,0,0,0,0,0,0
"06085","5","335921","78","0","2025","1","N",10,0,0,0,0,0,0,0,"N",4.71,0,0,0,0,0,0,0,"N",0,0.0,0,0,0,0,0,0,0,0,0,0,0,0,0,0
"06085","5","335929","78","0","2025","1","",3,125,121,117,1831737,985400,48855,1164,"",1.32,1.34,1.29,1.25,0.36,1.20,1.41,0.28,"N",1,50.0,0,0,0,0,0,0,0,0,0,0,0,0,0,0
"06085","5","33593","77","0","2025","1","N",3,0,0,0,0,0,0,0,"N",0.55,0,0,0,0,0,0,0,"N",0,0.0,0,0,0,0,0,0,0,0,0,0,0,0,0,0
"06085","5","335931","78","0","2025","1","N",3,0,0,0,0,0,0,0,"N",0.75,0,0,0,0,0,0,0,"N",0,0.0,0,0,0,0,0,0,0,0,0,0,0,0,0,0
"06085","5","33599","77","0","2025","1","",35,2807,2784,2801,177189074,20287335,908285,4872,"",1.89,7.98,7.91,7.97,7.30,6.15,7.12,0.92,"",0,0.0,-388,-12.1,-358,-11.4,-320,-10.3,35121864,24.7,-2875401,-12.4,161223,21.6,1406,40.6
"06085","5","335991","78","0","2025","1","N",1,0,0,0,0,0,0,0,"N",0.49,0,0,0,0,0,0,0,"N",0,0.0,0,0,0,0,0,0,0,0,0,0,0,0,0,0
"06085","5","335999","78","0","2025","1","N",34,0,0,0,0,0,0,0,"N",2.06,0,0,0,0,0,0,0,"N",0,0.0,0,0,0,0,0,0,0,0,0,0,0,0,0,0
"06085","5","336","75","0","2025","1","",57,9009,9224,9322,593238002,84338683,2478845,4968,"",0.42,0.72,0.73,0.74,0.71,0.72,0.59,0.97,"",3,5.6,3362,59.5,2626,39.8,2830,43.6,223314618,60.4,29391435,53.5,1420361,134.2,412,9.0
"06085","5","3361","76","0","2025","1","N",4,0,0,0,0,0,0,0,"N",0.60,0,0,0,0,0,0,0,"N",0,0.0,0,0,0,0,0,0,0,0,0,0,0,0,0,0
"06085","5","33611","77","0","2025","1","N",4,0,0,0,0,0,0,0,"N",0.89,0,0,0,0,0,0,0,"N",0,0.0,0,0,0,0,0,0,0,0,0,0,0,0,0,0
"06085","5","336110","78","0","2025","1","N",4,0,0,0,0,0,0,0,"N",0.89,0,0,0,0,0,0,0,"N",0,0.0,0,0,0,0,0,0,0,0,0,0,0,0,0,0
"06085","5","3362","76","0","2025","1","N",2,0,0,0,0,0,0,0,"N",0.10,0,0,0,0,0,0,0,"N",1,100.0,0,0,0,0,0,0,0,0,0,0,0,0,0,0
"06085","5","33621","77","0","2025","1","N",2,0,0,0,0,0,0,0,"N",0.10,0,0,0,0,0,0,0,"N",1,100.0,0,0,0,0,0,0,0,0,0,0,0,0,0,0
"06085","5","336211","78","0","2025","1","N",1,0,0,0,0,0,0,0,"N",0.14,0,0,0,0,0,0,0,"N",1,100.0,0,0,0,0,0,0,0,0,0,0,0,0,0,0
"06085","5","336214","78","0","2025","1","N",1,0,0,0,0,0,0,0,"N",0.15,0,0,0,0,0,0,0,"N",0,0.0,0,0,0,0,0,0,0,0,0,0,0,0,0,0
"06085","5","3363","76","0","2025","1","",22,164,167,172,5707046,1199286,48798,2618,"",0.48,0.04,0.04,0.05,0.03,0.04,0.04,0.68,"",3,15.8,-29,-15.0,-33,-16.5,-28,-14.0,-121283,-2.1,-212441,-15.0,-207,-0.4,350,15.4
"06085","5","33632","77","0","2025","1","",10,99,101,104,3980047,735937,39006,3021,"",1.34,0.24,0.25,0.25,0.18,0.23,0.28,0.74,"",2,25.0,-1,-1.0,-7,-6.5,-6,-5.5,108708,2.8,-42692,-5.5,5238,15.5,212,7.5
"06085","5","336320","78","0","2025","1","",10,99,101,104,3980047,735937,39006,3021,"",1.34,0.24,0.25,0.25,0.18,0.23,0.28,0.74,"",2,25.0,-1,-1.0,-7,-6.5,-6,-5.5,108708,2.8,-42692,-5.5,5238,15.5,212,7.5
"06085","5","33633","77","0","2025","1","N",1,0,0,0,0,0,0,0,"N",0.42,0,0,0,0,0,0,0,"N",0,0.0,0,0,0,0,0,0,0,0,0,0,0,0,0,0
"06085","5","336330","78","0","2025","1","N",1,0,0,0,0,0,0,0,"N",0.42,0,0,0,0,0,0,0,"N",0,0.0,0,0,0,0,0,0,0,0,0,0,0,0,0,0
"06085","5","33634","77","0","2025","1","N",1,0,0,0,0,0,0,0,"N",0.62,0,0,0,0,0,0,0,"N",0,0.0,0,0,0,0,0,0,0,0,0,0,0,0,0,0
"06085","5","336340","78","0","2025","1","N",1,0,0,0,0,0,0,0,"N",0.62,0,0,0,0,0,0,0,"N",0,0.0,0,0,0,0,0,0,0,0,0,0,0,0,0,0
"06085","5","33635","77","0","2025","1","N",2,0,0,0,0,0,0,0,"N",0.44,0,0,0,0,0,0,0,"N",1,100.0,0,0,0,0,0,0,0,0,0,0,0,0,0,0
"06085","5","336350","78","0","2025","1","N",2,0,0,0,0,0,0,0,"N",0.44,0,0,0,0,0,0,0,"N",1,100.0,0,0,0,0,0,0,0,0,0,0,0,0,0,0
"06085","5","33636","77","0","2025","1","N",1,0,0,0,0,0,0,0,"N",0.22,0,0,0,0,0,0,0,"N",0,0.0,0,0,0,0,0,0,0,0,0,0,0,0,0,0
"06085","5","336360","78","0","2025","1","N",1,0,0,0,0,0,0,0,"N",0.22,0,0,0,0,0,0,0,"N",0,0.0,0,0,0,0,0,0,0,0,0,0,0,0,0,0
"06085","5","33639","77","0","2025","1","",7,16,17,19,534496,128195,2602,2372,"",0.49,0.02,0.02,0.02,0.01,0.02,0.01,0.68,"",0,0.0,-35,-68.6,-33,-66.0,-29,-60.4,-585818,-52.3,-217747,-62.9,-7126,-73.3,637,36.7
"06085","5","336390","78","0","2025","1","",7,16,17,19,534496,128195,2602,2372,"",0.49,0.02,0.02,0.02,0.01,0.02,0.01,0.68,"",0,0.0,-35,-68.6,-33,-66.0,-29,-60.4,-585818,-52.3,-217747,-62.9,-7126,-73.3,637,36.7
"06085","5","3364","76","0","2025","1","",22,6113,6128,6123,400560716,50610624,1010894,5034,"",0.66,1.50,1.50,1.51,1.08,1.03,0.90,0.72,"",1,4.8,1260,26.0,331,5.7,439,7.7,58819925,17.2,1529903,3.1,171923,20.5,206,4.3
"06085","5","33641","77","0","2025","1","",22,6113,6128,6123,400560716,50610624,1010894,5034,"",0.66,1.50,1.50,1.51,1.08,1.03,0.90,0.72,"",1,4.8,1260,26.0,331,5.7,439,7.7,58819925,17.2,1529903,3.1,171923,20.5,206,4.3
"06085","5","336411","78","0","2025","1","",9,954,967,975,103330563,7105882,236469,8234,"",0.92,0.51,0.52,0.53,0.60,0.27,0.42,1.15,"N",3,50.0,0,0,0,0,0,0,0,0,0,0,0,0,0,0
"06085","5","336412","78","0","2025","1","N",1,0,0,0,0,0,0,0,"N",0.15,0,0,0,0,0,0,0,"N",-1,-50.0,0,0,0,0,0,0,0,0,0,0,0,0,0,0
"06085","5","336413","78","0","2025","1","N",5,0,0,0,0,0,0,0,"N",0.37,0,0,0,0,0,0,0,"N",-1,-16.7,0,0,0,0,0,0,0,0,0,0,0,0,0,0
"06085","5","336414","78","0","2025","1","N",6,0,0,0,0,0,0,0,"N",2.90,0,0,0,0,0,0,0,"N",0,0.0,0,0,0,0,0,0,0,0,0,0,0,0,0,0
"06085","5","336415","78","0","2025","1","N",1,0,0,0,0,0,0,0,"N",1.34,0,0,0,0,0,0,0,"N",0,0.0,0,0,0,0,0,0,0,0,0,0,0,0,0,0
"06085","5","3366","76","0","2025","1","N",1,0,0,0,0,0,0,0,"N",0.06,0,0,0,0,0,0,0,"N",-1,-50.0,0,0,0,0,0,0,0,0,0,0,0,0,0,0
"06085","5","33661","77","0","2025","1","N",1,0,0,0,0,0,0,0,"N",0.06,0,0,0,0,0,0,0,"N",-1,-50.0,0,0,0,0,0,0,0,0,0,0,0,0,0,0
"06085","5","336612","78","0","2025","1","N",1,0,0,0,0,0,0,0,"N",0.12,0,0,0,0,0,0,0,"N",-1,-50.0,0,0,0,0,0,0,0,0,0,0,0,0,0,0
"06085","5","3369","76","0","2025","1","N",6,0,0,0,0,0,0,0,"N",0.57,0,0,0,0,0,0,0,"N",-1,-14.3,0,0,0,0,0,0,0,0,0,0,0,0,0,0
"06085","5","33699","77","0","2025","1","N",6,0,0,0,0,0,0,0,"N",0.57,0,0,0,0,0,0,0,"N",-1,-14.3,0,0,0,0,0,0,0,0,0,0,0,0,0,0
"06085","5","336991","78","0","2025","1","",5,84,82,82,990076,559458,18144,921,"",1.27,1.27,1.25,1.26,0.32,1.03,0.57,0.25,"",0,0.0,0,0.0,-1,-1.2,3,3.8,-57574,-5.5,-16490,-2.9,-1090,-5.7,-62,-6.3
"06085","5","336992","78","0","2025","1","N",1,0,0,0,0,0,0,0,"N",1.34,0,0,0,0,0,0,0,"N",0,0.0,0,0,0,0,0,0,0,0,0,0,0,0,0,0
"06085","5","337","75","0","2025","1","",77,917,927,918,19852913,6574253,259627,1659,"",0.60,0.38,0.38,0.38,0.21,0.34,0.46,0.55,"",6,8.5,51,5.9,62,7.2,41,4.7,2999344,17.8,414032,6.7,63219,32.2,168,11.3
"06085","5","3371","76","0","2025","1","",57,561,562,555,10274738,3968279,124501,1413,"",0.64,0.37,0.37,0.36,0.19,0.34,0.42,0.51,"",4,7.5,20,3.7,27,5.0,12,2.2,950573,10.2,173364,4.6,18533,17.5,84,6.3
"06085","5","33711","77","0","2025","1","",45,476,478,470,8429190,3379801,103851,1366,"",0.80,0.59,0.59,0.59,0.29,0.54,0.63,0.50,"",3,7.1,25,5.5,31,6.9,15,3.3,893295,11.9,176473,5.5,16517,18.9,81,6.3
"06085","5","337110","78","0","2025","1","",45,476,478,470,8429190,3379801,103851,1366,"",0.80,0.59,0.59,0.59,0.29,0.54,0.63,0.50,"",3,7.1,25,5.5,31,6.9,15,3.3,893295,11.9,176473,5.5,16517,18.9,81,6.3
"06085","5","33712","77","0","2025","1","",12,85,84,85,1845548,588478,20650,1677,"",0.37,0.12,0.12,0.12,0.07,0.11,0.15,0.61,"",1,9.1,-5,-5.6,-4,-4.5,-3,-3.4,57278,3.2,-3109,-0.5,2016,10.8,126,8.1
"06085","5","337121","78","0","2025","1","N",2,0,0,0,0,0,0,0,"N",0.33,0,0,0,0,0,0,0,"N",0,0.0,0,0,0,0,0,0,0,0,0,0,0,0,0,0
"06085","5","337122","78","0","2025","1","N",1,0,0,0,0,0,0,0,"N",0.06,0,0,0,0,0,0,0,"N",0,0.0,0,0,0,0,0,0,0,0,0,0,0,0,0,0
"06085","5","337126","78","0","2025","1","N",2,0,0,0,0,0,0,0,"N",0.47,0,0,0,0,0,0,0,"N",0,0.0,0,0,0,0,0,0,0,0,0,0,0,0,0,0
"06085","5","337127","78","0","2025","1","",7,59,57,56,1559717,416557,17645,2093,"",1.31,0.36,0.35,0.34,0.22,0.31,0.44,0.62,"",1,16.7,0,0.0,-1,-1.7,-2,-3.4,70904,4.8,2299,0.6,2060,13.2,130,6.6
"06085","5","3372","76","0","2025","1","N",17,0,0,0,0,0,0,0,"N",0.53,0,0,0,0,0,0,0,"N",1,6.2,0,0,0,0,0,0,0,0,0,0,0,0,0,0
"06085","5","33721","77","0","2025","1","N",17,0,0,0,0,0,0,0,"N",0.53,0,0,0,0,0,0,0,"N",1,6.2,0,0,0,0,0,0,0,0,0,0,0,0,0,0
"06085","5","337211","78","0","2025","1","",4,64,62,58,1301688,433163,17172,1633,"",1.01,0.61,0.59,0.55,0.29,0.50,0.57,0.50,"",-1,-20.0,24,60.0,15,31.9,8,16.0,132259,11.3,87884,25.5,9658,128.5,-337,-17.1
"06085","5","337212","78","0","2025","1","N",7,0,0,0,0,0,0,0,"N",0.46,0,0,0,0,0,0,0,"N",0,0.0,0,0,0,0,0,0,0,0,0,0,0,0,0,0
"06085","5","337214","78","0","2025","1","N",2,0,0,0,0,0,0,0,"N",0.60,0,0,0,0,0,0,0,"N",1,100.0,0,0,0,0,0,0,0,0,0,0,0,0,0,0
"06085","5","337215","78","0","2025","1","",4,56,55,55,1195642,401984,19883,1662,"",0.42,0.21,0.21,0.21,0.10,0.19,0.27,0.50,"N",1,33.3,0,0,0,0,0,0,0,0,0,0,0,0,0,0
"06085","5","3379","76","0","2025","1","N",3,0,0,0,0,0,0,0,"N",0.39,0,0,0,0,0,0,0,"N",1,50.0,0,0,0,0,0,0,0,0,0,0,0,0,0,0
"06085","5","33791","77","0","2025","1","N",1,0,0,0,0,0,0,0,"N",0.24,0,0,0,0,0,0,0,"N",1,100.0,0,0,0,0,0,0,0,0,0,0,0,0,0,0
"06085","5","337910","78","0","2025","1","N",1,0,0,0,0,0,0,0,"N",0.24,0,0,0,0,0,0,0,"N",1,100.0,0,0,0,0,0,0,0,0,0,0,0,0,0,0
"06085","5","33792","77","0","2025","1","N",2,0,0,0,0,0,0,0,"N",0.58,0,0,0,0,0,0,0,"N",0,0.0,0,0,0,0,0,0,0,0,0,0,0,0,0,0
"06085","5","337920","78","0","2025","1","N",2,0,0,0,0,0,0,0,"N",0.58,0,0,0,0,0,0,0,"N",0,0.0,0,0,0,0,0,0,0,0,0,0,0,0,0,0
"06085","5","339","75","0","2025","1","",203,4436,4473,4470,239160834,33614710,1344639,4125,"",0.76,1.01,1.01,1.02,0.90,0.86,1.01,0.89,"",-8,-3.8,248,5.9,270,6.4,258,6.1,34921714,17.1,2286336,7.3,211332,18.6,385,10.3
"06085","5","3391","76","0","2025","1","",130,3933,3946,3935,224580707,29670606,1192746,4387,"",1.27,1.67,1.68,1.67,1.34,1.37,1.62,0.80,"",-3,-2.3,293,8.0,287,7.8,267,7.3,33401713,17.5,2196051,8.0,186698,18.6,364,9.0
"06085","5","33911","77","0","2025","1","",130,3933,3946,3935,224580707,29670606,1192746,4387,"",1.27,1.67,1.68,1.67,1.34,1.37,1.62,0.80,"",-3,-2.3,293,8.0,287,7.8,267,7.3,33401713,17.5,2196051,8.0,186698,18.6,364,9.0
"06085","5","339112","78","0","2025","1","",58,2811,2830,2823,198053706,22523940,966766,5400,"",1.83,2.78,2.81,2.79,2.38,2.26,2.78,0.85,"",-1,-1.7,305,12.2,291,11.5,285,11.2,31783486,19.1,2333739,11.6,166891,20.9,340,6.7
"06085","5","339113","78","0","2025","1","",18,725,720,708,19209162,4470294,142278,2059,"",0.72,0.95,0.95,0.93,0.34,0.63,0.62,0.36,"",-2,-10.0,0,0.0,11,1.6,-13,-1.8,1265647,7.1,-86883,-1.9,11591,8.9,138,7.2
"06085","5","339114","78","0","2025","1","",5,42,43,42,663801,285321,10348,1206,"",0.76,0.35,0.36,0.35,0.09,0.24,0.21,0.25,"",0,0.0,12,40.0,12,38.7,12,40.0,163982,32.8,75340,35.9,4162,67.3,-62,-4.9
"06085","5","339115","78","0","2025","1","",4,51,49,54,1542639,375364,14815,2312,"",0.86,0.30,0.29,0.32,0.15,0.31,0.34,0.50,"",-1,-20.0,6,13.3,6,14.0,10,22.7,449304,41.1,66437,21.5,5089,52.3,401,21.0
"06085","5","339116","78","0","2025","1","",45,304,304,308,5111399,2015687,58539,1288,"",1.30,1.05,1.05,1.06,0.48,0.96,0.87,0.45,"",1,2.3,-30,-9.0,-33,-9.8,-27,-8.1,-260706,-4.9,-192582,-8.7,-1035,-1.7,56,4.5
"06085","5","3399","76","0","2025","1","",73,503,527,535,14580127,3944104,151893,2150,"",0.44,0.25,0.26,0.26,0.15,0.23,0.25,0.59,"",-5,-6.4,-45,-8.2,-17,-3.1,-9,-1.7,1520001,11.6,90285,2.3,24634,19.4,308,16.7
"06085","5","33991","77","0","2025","1","",8,25,25,25,811506,184689,9489,2497,"",0.52,0.17,0.17,0.17,0.13,0.16,0.20,0.78,"",0,0.0,4,19.0,4,19.0,4,19.0,7703,1.0,42939,30.3,2123,28.8,-447,-15.2
"06085","5","339910","78","0","2025","1","",8,25,25,25,811506,184689,9489,2497,"",0.52,0.17,0.17,0.17,0.13,0.16,0.20,0.78,"",0,0.0,4,19.0,4,19.0,4,19.0,7703,1.0,42939,30.3,2123,28.8,-447,-15.2
"06085","5","33992","77","0","2025","1","",3,24,24,22,365332,155900,6812,1204,"",0.19,0.08,0.08,0.07,0.02,0.06,0.07,0.30,"",-2,-40.0,-13,-35.1,-11,-31.4,-13,-37.1,-183434,-33.4,-84612,-35.2,-1793,-20.8,20,1.7
"06085","5","339920","78","0","2025","1","",3,24,24,22,365332,155900,6812,1204,"",0.19,0.08,0.08,0.07,0.02,0.06,0.07,0.30,"",-2,-40.0,-13,-35.1,-11,-31.4,-13,-37.1,-183434,-33.4,-84612,-35.2,-1793,-20.8,20,1.7
"06085","5","33993","77","0","2025","1","",6,6,6,7,143121,43300,1504,1738,"",0.92,0.08,0.08,0.09,0.02,0.05,0.05,0.28,"",-1,-14.3,-7,-53.8,-5,-45.5,-4,-36.4,-132456,-48.1,-72016,-62.5,-3959,-72.5,-79,-4.3
"06085","5","339930","78","0","2025","1","",6,6,6,7,143121,43300,1504,1738,"",0.92,0.08,0.08,0.09,0.02,0.05,0.05,0.28,"",-1,-14.3,-7,-53.8,-5,-45.5,-4,-36.4,-132456,-48.1,-72016,-62.5,-3959,-72.5,-79,-4.3
"06085","5","33994","77","0","2025","1","",3,35,35,36,566773,243319,8916,1234,"",0.87,0.53,0.54,0.55,0.18,0.54,0.56,0.34,"",0,0.0,-4,-10.3,-3,-7.9,-2,-5.3,-14726,-2.5,-7639,-3.0,-559,-5.9,67,5.7
"06085","5","339940","78","0","2025","1","",3,35,35,36,566773,243319,8916,1234,"",0.87,0.53,0.54,0.55,0.18,0.54,0.56,0.34,"",0,0.0,-4,-10.3,-3,-7.9,-2,-5.3,-14726,-2.5,-7639,-3.0,-559,-5.9,67,5.7
"06085","5","33995","77","0","2025","1","",22,110,126,128,1953970,852123,35477,1239,"",0.40,0.20,0.23,0.23,0.09,0.19,0.27,0.40,"",2,10.0,-23,-17.3,-9,-6.7,-3,-2.3,-211069,-9.7,-80931,-8.7,1994,6.0,-13,-1.0
"06085","5","339950","78","0","2025","1","",22,110,126,128,1953970,852123,35477,1239,"",0.40,0.20,0.23,0.23,0.09,0.19,0.27,0.40,"",2,10.0,-23,-17.3,-9,-6.7,-3,-2.3,-211069,-9.7,-80931,-8.7,1994,6.0,-13,-1.0
"06085","5","33999","77","0","2025","1","",31,303,311,317,10739425,2464773,89695,2662,"",0.44,0.33,0.34,0.35,0.24,0.32,0.32,0.72,"",-4,-11.4,-2,-0.7,7,2.3,9,2.9,2053983,23.6,292544,13.5,26828,42.7,476,21.8
"06085","5","339991","78","0","2025","1","N",4,0,0,0,0,0,0,0,"N",0.71,0,0,0,0,0,0,0,"N",0,0.0,0,0,0,0,0,0,0,0,0,0,0,0,0,0
"06085","5","339992","78","0","2025","1","N",1,0,0,0,0,0,0,0,"N",0.19,0,0,0,0,0,0,0,"N",0,0.0,0,0,0,0,0,0,0,0,0,0,0,0,0,0
"06085","5","339999","78","0","2025","1","",26,235,242,248,8837652,1994918,80170,2813,"",0.47,0.46,0.47,0.48,0.34,0.44,0.48,0.74,"",-4,-13.3,2,0.9,9,3.9,10,4.2,1556034,21.4,308332,18.3,26102,48.3,426,17.8
"06085","5","42","74","0","2025","1","",2164,26831,26852,26895,1247277068,196609970,7057087,3572,"",0.48,0.62,0.62,0.62,0.40,0.49,0.55,0.64,"",107,5.2,-569,-2.1,-533,-1.9,-580,-2.1,15928553,1.3,-6949114,-3.4,564098,8.7,118,3.4
"06085","5","423","75","0","2025","1","",1410,19978,19930,19884,1007987842,148523736,5606777,3890,"",0.58,0.82,0.81,0.81,0.57,0.65,0.77,0.70,"",67,5.0,-591,-2.9,-605,-2.9,-631,-3.1,2612450,0.3,-6091928,-3.9,447495,8.7,125,3.3
"06085","5","4231","76","0","2025","1","",87,842,839,830,24135529,6083646,204309,2218,"",0.45,0.32,0.32,0.31,0.17,0.28,0.30,0.54,"",2,2.4,-387,-31.5,-377,-31.0,-373,-31.0,-22345623,-48.1,-3157553,-34.2,-38292,-15.8,-722,-24.6
"06085","5","42311","77","0","2025","1","",22,364,361,376,12367805,2795848,94196,2592,"",0.40,0.37,0.36,0.38,0.21,0.32,0.41,0.57,"",2,10.0,74,25.5,72,24.9,90,31.5,3203605,35.0,503146,21.9,26996,40.2,147,6.0
"06085","5","423110","78","0","2025","1","",22,364,361,376,12367805,2795848,94196,2592,"",0.40,0.37,0.36,0.38,0.21,0.32,0.41,0.57,"",2,10.0,74,25.5,72,24.9,90,31.5,3203605,35.0,503146,21.9,26996,40.2,147,6.0
"06085","5","42312","77","0","2025","1","",58,409,412,370,10875985,2861430,93599,2107,"",0.55,0.32,0.33,0.30,0.17,0.28,0.27,0.53,"",-1,-1.7,-173,-29.7,-161,-28.1,-203,-35.4,-11864936,-52.2,-1502837,-34.4,-27875,-22.9,-930,-30.6
"06085","5","423120","78","0","2025","1","",58,409,412,370,10875985,2861430,93599,2107,"",0.55,0.32,0.33,0.30,0.17,0.28,0.27,0.53,"",-1,-1.7,-173,-29.7,-161,-28.1,-203,-35.4,-11864936,-52.2,-1502837,-34.4,-27875,-22.9,-930,-30.6
"06085","5","42313","77","0","2025","1","N",3,0,0,0,0,0,0,0,"N",0.16,0,0,0,0,0,0,0,"N",0,0.0,0,0,0,0,0,0,0,0,0,0,0,0,0,0
"06085","5","423130","78","0","2025","1","N",3,0,0,0,0,0,0,0,"N",0.16,0,0,0,0,0,0,0,"N",0,0.0,0,0,0,0,0,0,0,0,0,0,0,0,0,0
"06085","5","42314","77","0","2025","1","N",4,0,0,0,0,0,0,0,"N",0.27,0,0,0,0,0,0,0,"N",1,33.3,0,0,0,0,0,0,0,0,0,0,0,0,0,0
"06085","5","423140","78","0","2025","1","N",4,0,0,0,0,0,0,0,"N",0.27,0,0,0,0,0,0,0,"N",1,33.3,0,0,0,0,0,0,0,0,0,0,0,0,0,0
"06085","5","4232","76","0","2025","1","",37,412,415,412,10617419,3052838,134784,1978,"",0.39,0.53,0.53,0.53,0.24,0.45,0.55,0.46,"",3,8.8,-37,-8.2,-31,-7.0,-9,-2.1,-81836,-0.8,-163015,-5.1,33269,32.8,102,5.4
"06085","5","42321","77","0","2025","1","",27,262,266,265,6853730,1922256,76163,1994,"",0.62,0.75,0.76,0.76,0.33,0.63,0.71,0.44,"",2,8.0,-30,-10.3,-25,-8.6,-4,-1.5,-142430,-2.0,-138319,-6.7,27399,56.2,99,5.2
"06085","5","423210","78","0","2025","1","",27,262,266,265,6853730,1922256,76163,1994,"",0.62,0.75,0.76,0.76,0.33,0.63,0.71,0.44,"",2,8.0,-30,-10.3,-25,-8.6,-4,-1.5,-142430,-2.0,-138319,-6.7,27399,56.2,99,5.2
"06085","5","42322","77","0","2025","1","",10,150,149,147,3763689,1130582,58621,1947,"",0.19,0.35,0.34,0.34,0.16,0.31,0.43,0.47,"",1,11.1,-7,-4.5,-6,-3.9,-5,-3.3,60594,1.6,-24696,-2.1,5870,11.1,105,5.7
"06085","5","423220","78","0","2025","1","",10,150,149,147,3763689,1130582,58621,1947,"",0.19,0.35,0.34,0.34,0.16,0.31,0.43,0.47,"",1,11.1,-7,-4.5,-6,-3.9,-5,-3.3,60594,1.6,-24696,-2.1,5870,11.1,105,5.7
"06085","5","4233","76","0","2025","1","",68,793,809,825,19718712,5880502,221941,1875,"",0.37,0.42,0.43,0.44,0.17,0.34,0.39,0.40,"",4,6.2,-63,-7.4,-51,-5.9,-35,-4.1,-699376,-3.4,-232280,-3.8,6391,3.0,46,2.5
"06085","5","42331","77","0","2025","1","",23,260,263,266,5451391,1872329,58649,1594,"",0.33,0.32,0.32,0.32,0.11,0.24,0.26,0.35,"",3,15.0,-38,-12.8,-40,-13.2,-35,-11.6,-766864,-12.3,-260191,-12.2,-43,-0.1,3,0.2
"06085","5","423310","78","0","2025","1","",23,260,263,266,5451391,1872329,58649,1594,"",0.33,0.32,0.32,0.32,0.11,0.24,0.26,0.35,"",3,15.0,-38,-12.8,-40,-13.2,-35,-11.6,-766864,-12.3,-260191,-12.2,-43,-0.1,3,0.2
"06085","5","42332","77","0","2025","1","",17,245,243,247,5045354,1799486,67347,1584,"",0.36,0.52,0.52,0.52,0.20,0.45,0.43,0.38,"",-1,-5.6,7,2.9,4,1.7,5,2.1,428057,9.3,144969,8.8,9292,16.0,102,6.9
"06085","5","423320","78","0","2025","1","",17,245,243,247,5045354,1799486,67347,1584,"",0.36,0.52,0.52,0.52,0.20,0.45,0.43,0.38,"",-1,-5.6,7,2.9,4,1.7,5,2.1,428057,9.3,144969,8.8,9292,16.0,102,6.9
"06085","5","42333","77","0","2025","1","",8,97,100,100,2957241,732858,27769,2298,"",0.26,0.29,0.30,0.30,0.12,0.24,0.24,0.40,"",-1,-11.1,-10,-9.3,-5,-4.8,-9,-8.3,-108626,-3.5,-103665,-12.4,-1608,-5.5,94,4.3
"06085","5","423330","78","0","2025","1","",8,97,100,100,2957241,732858,27769,2298,"",0.26,0.29,0.30,0.30,0.12,0.24,0.24,0.40,"",-1,-11.1,-10,-9.3,-5,-4.8,-9,-8.3,-108626,-3.5,-103665,-12.4,-1608,-5.5,94,4.3
"06085","5","42339","77","0","2025","1","",20,191,203,212,6264726,1475829,68176,2386,"",0.52,0.73,0.78,0.81,0.40,0.62,0.94,0.52,"",3,17.6,-22,-10.3,-10,-4.7,4,1.9,-251943,-3.9,-13393,-0.9,-1250,-1.8,14,0.6
"06085","5","423390","78","0","2025","1","",20,191,203,212,6264726,1475829,68176,2386,"",0.52,0.73,0.78,0.81,0.40,0.62,0.94,0.52,"",3,17.6,-22,-10.3,-10,-4.7,4,1.9,-251943,-3.9,-13393,-0.9,-1250,-1.8,14,0.6
"06085","5","4234","76","0","2025","1","",366,8546,8499,8464,587209235,64914493,2590232,5312,"",0.71,1.60,1.59,1.59,1.08,1.17,1.33,0.68,"",18,5.2,-191,-2.2,-203,-2.3,-255,-2.9,21085100,3.7,-1644964,-2.5,224220,9.5,318,6.4
"06085","5","42341","77","0","2025","1","",14,121,120,119,5406109,916730,24016,3465,"",1.57,1.52,1.51,1.52,0.87,1.32,0.75,0.57,"",7,100.0,37,44.0,36,42.9,36,43.4,1332833,32.7,271262,42.0,6567,37.6,-280,-7.5
"06085","5","423410","78","0","2025","1","",14,121,120,119,5406109,916730,24016,3465,"",1.57,1.52,1.51,1.52,0.87,1.32,0.75,0.57,"",7,100.0,37,44.0,36,42.9,36,43.4,1332833,32.7,271262,42.0,6567,37.6,-280,-7.5
"06085","5","42342","77","0","2025","1","",30,154,117,117,2673746,872980,37398,1590,"",0.74,0.32,0.25,0.25,0.10,0.19,0.25,0.35,"",-8,-21.1,-62,-28.7,-101,-46.3,-98,-45.6,-1815091,-40.4,-689968,-44.1,-50567,-57.5,-6,-0.4
"06085","5","423420","78","0","2025","1","",30,154,117,117,2673746,872980,37398,1590,"",0.74,0.32,0.25,0.25,0.10,0.19,0.25,0.35,"",-8,-21.1,-62,-28.7,-101,-46.3,-98,-45.6,-1815091,-40.4,-689968,-44.1,-50567,-57.5,-6,-0.4
"06085","5","42343","77","0","2025","1","",166,6635,6633,6627,508472060,50827965,2074397,5898,"",1.41,4.16,4.16,4.18,2.33,2.93,2.89,0.56,"",9,5.7,17,0.3,20,0.3,-1,0.0,30035330,6.3,387546,0.8,285238,15.9,338,6.1
"06085","5","423430","78","0","2025","1","",166,6635,6633,6627,508472060,50827965,2074397,5898,"",1.41,4.16,4.16,4.18,2.33,2.93,2.89,0.56,"",9,5.7,17,0.3,20,0.3,-1,0.0,30035330,6.3,387546,0.8,285238,15.9,338,6.1
"06085","5","42344","77","0","2025","1","",22,103,111,99,2031368,748923,20721,1498,"",0.47,0.25,0.27,0.24,0.09,0.20,0.17,0.34,"",1,4.8,-2,-1.9,12,12.1,-3,-2.9,-241346,-10.6,18193,2.5,2280,12.4,-216,-12.6
"06085","5","423440","78","0","2025","1","",22,103,111,99,2031368,748923,20721,1498,"",0.47,0.25,0.27,0.24,0.09,0.20,0.17,0.34,"",1,4.8,-2,-1.9,12,12.1,-3,-2.9,-241346,-10.6,18193,2.5,2280,12.4,-216,-12.6
"06085","5","42345","77","0","2025","1","",91,1032,1017,1007,47364872,8024630,289478,3577,"",0.36,0.44,0.43,0.43,0.20,0.32,0.37,0.46,"",4,4.6,-197,-16.0,-193,-16.0,-200,-16.6,-11012537,-18.9,-1669215,-17.2,-58143,-16.7,-118,-3.2
"06085","5","423450","78","0","2025","1","",91,1032,1017,1007,47364872,8024630,289478,3577,"",0.36,0.44,0.43,0.43,0.20,0.32,0.37,0.46,"",4,4.6,-197,-16.0,-193,-16.0,-200,-16.6,-11012537,-18.9,-1669215,-17.2,-58143,-16.7,-118,-3.2
"06085","5","42346","77","0","2025","1","",15,91,89,85,3635183,624391,22928,3166,"",0.90,0.61,0.60,0.57,0.37,0.47,0.51,0.63,"",1,7.1,4,4.6,0,0.0,-7,-7.6,-285376,-7.3,-27124,-4.2,-1702,-6.9,-210,-6.2
"06085","5","423460","78","0","2025","1","",15,91,89,85,3635183,624391,22928,3166,"",0.90,0.61,0.60,0.57,0.37,0.47,0.51,0.63,"",1,7.1,4,4.6,0,0.0,-7,-7.6,-285376,-7.3,-27124,-4.2,-1702,-6.9,-210,-6.2
"06085","5","42349","77","0","2025","1","",28,410,412,410,17625897,2898874,121294,3302,"",0.81,1.53,1.54,1.54,0.87,1.07,1.37,0.56,"",4,16.7,12,3.0,23,5.9,18,4.6,3071287,21.1,64342,2.3,40547,50.2,453,15.9
"06085","5","423490","78","0","2025","1","",28,410,412,410,17625897,2898874,121294,3302,"",0.81,1.53,1.54,1.54,0.87,1.07,1.37,0.56,"",4,16.7,12,3.0,23,5.9,18,4.6,3071287,21.1,64342,2.3,40547,50.2,453,15.9
"06085","5","4235","76","0","2025","1","",31,195,196,190,4323589,1274265,32695,1717,"",0.38,0.20,0.20,0.20,0.07,0.15,0.13,0.36,"",2,6.9,-21,-9.7,-22,-10.1,-22,-10.4,-471808,-9.8,-139209,-9.8,-2652,-7.5,4,0.2
"06085","5","42351","77","0","2025","1","",31,195,196,190,4323589,1274265,32695,1717,"",0.40,0.21,0.21,0.20,0.07,0.15,0.13,0.36,"",2,6.9,-21,-9.7,-22,-10.1,-22,-10.4,-471808,-9.8,-139209,-9.8,-2652,-7.5,4,0.2
"06085","5","423510","78","0","2025","1","",31,195,196,190,4323589,1274265,32695,1717,"",0.40,0.21,0.21,0.20,0.07,0.15,0.13,0.36,"",2,6.9,-21,-9.7,-22,-10.1,-22,-10.4,-471808,-9.8,-139209,-9.8,-2652,-7.5,4,0.2
"06085","5","4236","76","0","2025","1","",437,5880,5876,5873,271274713,43730928,1666757,3551,"",1.55,2.18,2.18,2.18,1.20,1.67,1.92,0.55,"",21,5.0,332,6.0,291,5.2,309,5.6,16418862,6.4,991137,2.3,219630,15.2,29,0.8
"06085","5","42361","77","0","2025","1","",82,1192,1199,1199,43225190,8557306,270768,2779,"",0.60,0.82,0.82,0.82,0.38,0.62,0.66,0.46,"N",7,9.3,0,0,0,0,0,0,0,0,0,0,0,0,0,0
"06085","5","423610","78","0","2025","1","",82,1192,1199,1199,43225190,8557306,270768,2779,"",0.60,0.82,0.82,0.82,0.38,0.62,0.66,0.46,"N",7,9.3,0,0,0,0,0,0,0,0,0,0,0,0,0,0
"06085","5","42362","77","0","2025","1","",38,519,520,533,35590031,4056806,201622,5225,"",1.11,2.05,2.04,2.09,1.56,1.60,1.93,0.76,"N",1,2.7,0,0,0,0,0,0,0,0,0,0,0,0,0,0
"06085","5","423620","78","0","2025","1","",38,519,520,533,35590031,4056806,201622,5225,"",1.11,2.05,2.04,2.09,1.56,1.60,1.93,0.76,"N",1,2.7,0,0,0,0,0,0,0,0,0,0,0,0,0,0
"06085","5","42369","77","0","2025","1","",317,4169,4157,4141,192459492,31116816,1194367,3563,"",2.90,4.21,4.20,4.20,2.18,3.12,3.40,0.52,"",13,4.3,46,1.1,16,0.4,54,1.3,-848553,-0.4,-73254,-0.2,99747,9.1,-49,-1.4
"06085","5","423690","78","0","2025","1","",317,4169,4157,4141,192459492,31116816,1194367,3563,"",2.90,4.21,4.20,4.20,2.18,3.12,3.40,0.52,"",13,4.3,46,1.1,16,0.4,54,1.3,-848553,-0.4,-73254,-0.2,99747,9.1,-49,-1.4
"06085","5","4237","76","0","2025","1","",81,1143,1140,1141,34032738,8262990,254653,2294,"",0.41,0.50,0.50,0.50,0.23,0.40,0.41,0.45,"",-1,-1.2,-224,-16.4,-213,-15.7,-225,-16.5,-11823868,-25.8,-1953319,-19.1,-31962,-11.2,-296,-11.4
"06085","5","42371","77","0","2025","1","N",24,0,0,0,0,0,0,0,"N",0.41,0,0,0,0,0,0,0,"N",0,0.0,0,0,0,0,0,0,0,0,0,0,0,0,0,0
"06085","5","423710","78","0","2025","1","N",24,0,0,0,0,0,0,0,"N",0.41,0,0,0,0,0,0,0,"N",0,0.0,0,0,0,0,0,0,0,0,0,0,0,0,0,0
"06085","5","42372","77","0","2025","1","",30,398,391,392,10616304,2936430,85938,2074,"",0.40,0.45,0.45,0.45,0.19,0.35,0.36,0.41,"",-2,-6.2,-202,-33.7,-198,-33.6,-211,-35.0,-8458667,-44.3,-1475490,-33.4,-33852,-28.3,-382,-15.6
"06085","5","423720","78","0","2025","1","",30,398,391,392,10616304,2936430,85938,2074,"",0.40,0.45,0.45,0.45,0.19,0.35,0.36,0.41,"",-2,-6.2,-202,-33.7,-198,-33.6,-211,-35.0,-8458667,-44.3,-1475490,-33.4,-33852,-28.3,-382,-15.6
"06085","5","42373","77","0","2025","1","",25,372,373,374,14228344,2607512,67737,2934,"",0.47,0.61,0.61,0.61,0.29,0.46,0.39,0.48,"N",1,4.2,0,0,0,0,0,0,0,0,0,0,0,0,0,0
"06085","5","423730","78","0","2025","1","",25,372,373,374,14228344,2607512,67737,2934,"",0.47,0.61,0.61,0.61,0.29,0.46,0.39,0.48,"N",1,4.2,0,0,0,0,0,0,0,0,0,0,0,0,0,0
"06085","5","42374","77","0","2025","1","N",2,0,0,0,0,0,0,0,"N",0.16,0,0,0,0,0,0,0,"N",0,0.0,0,0,0,0,0,0,0,0,0,0,0,0,0,0
"06085","5","423740","78","0","2025","1","N",2,0,0,0,0,0,0,0,"N",0.16,0,0,0,0,0,0,0,"N",0,0.0,0,0,0,0,0,0,0,0,0,0,0,0,0,0
"06085","5","4238","76","0","2025","1","",161,1454,1431,1426,41791390,10592853,336277,2237,"",0.29,0.26,0.26,0.26,0.12,0.20,0.24,0.45,"",9,5.9,56,4.0,28,2.0,3,0.2,539187,1.3,410330,4.0,40520,13.7,-17,-0.8
"06085","5","42381","77","0","2025","1","",6,70,69,72,1638891,519381,20859,1792,"",0.14,0.09,0.09,0.09,0.03,0.07,0.11,0.35,"",1,20.0,29,70.7,28,68.3,29,67.4,715505,77.5,242685,87.7,11976,134.8,87,5.1
"06085","5","423810","78","0","2025","1","",6,70,69,72,1638891,519381,20859,1792,"",0.14,0.09,0.09,0.09,0.03,0.07,0.11,0.35,"",1,20.0,29,70.7,28,68.3,29,67.4,715505,77.5,242685,87.7,11976,134.8,87,5.1
"06085","5","42382","77","0","2025","1","",10,41,40,41,840491,276480,8251,1590,"",0.15,0.05,0.05,0.05,0.02,0.04,0.06,0.39,"",1,11.1,-6,-12.8,-5,-11.1,-7,-14.6,-142591,-14.5,-57181,-17.1,-545,-6.2,-30,-1.9
"06085","5","423820","78","0","2025","1","",10,41,40,41,840491,276480,8251,1590,"",0.15,0.05,0.05,0.05,0.02,0.04,0.06,0.39,"",1,11.1,-6,-12.8,-5,-11.1,-7,-14.6,-142591,-14.5,-57181,-17.1,-545,-6.2,-30,-1.9
"06085","5","42383","77","0","2025","1","",90,935,925,927,30433227,7025341,226651,2520,"",0.34,0.38,0.37,0.37,0.18,0.30,0.33,0.47,"",5,5.9,49,5.5,29,3.2,30,3.3,614922,2.1,455180,6.9,25702,12.8,-49,-1.9
"06085","5","423830","78","0","2025","1","",90,935,925,927,30433227,7025341,226651,2520,"",0.34,0.38,0.37,0.37,0.18,0.30,0.33,0.47,"",5,5.9,49,5.5,29,3.2,30,3.3,614922,2.1,455180,6.9,25702,12.8,-49,-1.9
"06085","5","42384","77","0","2025","1","",30,207,208,203,5646148,1495102,40465,2108,"",0.31,0.27,0.27,0.26,0.12,0.21,0.19,0.45,"",3,11.1,-1,-0.5,-1,-0.5,-12,-5.6,-444974,-7.3,-109543,-6.8,1023,2.6,-116,-5.2
"06085","5","423840","78","0","2025","1","",30,207,208,203,5646148,1495102,40465,2108,"",0.31,0.27,0.27,0.26,0.12,0.21,0.19,0.45,"",3,11.1,-1,-0.5,-1,-0.5,-12,-5.6,-444974,-7.3,-109543,-6.8,1023,2.6,-116,-5.2
"06085","5","42385","77","0","2025","1","",17,175,164,158,2549817,1080752,35219,1184,"",0.35,0.42,0.39,0.38,0.13,0.31,0.33,0.32,"",-1,-5.6,-13,-6.9,-20,-10.9,-35,-18.1,-143455,-5.3,-114749,-9.6,1957,5.9,84,7.6
"06085","5","423850","78","0","2025","1","",17,175,164,158,2549817,1080752,35219,1184,"",0.35,0.42,0.39,0.38,0.13,0.31,0.33,0.32,"",-1,-5.6,-13,-6.9,-20,-10.9,-35,-18.1,-143455,-5.3,-114749,-9.6,1957,5.9,84,7.6
"06085","5","42386","77","0","2025","1","",8,26,25,25,682816,195797,4832,2073,"",0.23,0.08,0.08,0.08,0.03,0.07,0.06,0.34,"",0,0.0,-2,-7.1,-3,-10.7,-2,-7.4,-60220,-8.1,-6062,-3.0,407,9.2,7,0.3
"06085","5","423860","78","0","2025","1","",8,26,25,25,682816,195797,4832,2073,"",0.23,0.08,0.08,0.08,0.03,0.07,0.06,0.34,"",0,0.0,-2,-7.1,-3,-10.7,-2,-7.4,-60220,-8.1,-6062,-3.0,407,9.2,7,0.3
"06085","5","4239","76","0","2025","1","",142,713,725,723,14884517,4731221,165129,1589,"",0.45,0.31,0.32,0.32,0.12,0.25,0.25,0.39,"",9,6.8,-56,-7.3,-27,-3.6,-24,-3.2,-8188,-0.1,-203055,-4.1,-3629,-2.2,74,4.9
"06085","5","42391","77","0","2025","1","",21,61,64,63,1231736,409679,11280,1512,"",0.32,0.13,0.14,0.14,0.05,0.11,0.08,0.36,"",0,0.0,-12,-16.4,-4,-5.9,-4,-6.0,-183519,-13.0,-20109,-4.7,-560,-4.7,-58,-3.7
"06085","5","423910","78","0","2025","1","",21,61,64,63,1231736,409679,11280,1512,"",0.32,0.13,0.14,0.14,0.05,0.11,0.08,0.36,"",0,0.0,-12,-16.4,-4,-5.9,-4,-6.0,-183519,-13.0,-20109,-4.7,-560,-4.7,-58,-3.7
"06085","5","42392","77","0","2025","1","",13,58,59,61,1689709,385795,16361,2191,"",0.57,0.34,0.34,0.35,0.15,0.25,0.27,0.43,"",2,18.2,1,1.8,7,13.5,12,24.5,819344,94.1,38680,11.1,6946,73.8,920,72.4
"06085","5","423920","78","0","2025","1","",13,58,59,61,1689709,385795,16361,2191,"",0.57,0.34,0.34,0.35,0.15,0.25,0.27,0.43,"",2,18.2,1,1.8,7,13.5,12,24.5,819344,94.1,38680,11.1,6946,73.8,920,72.4
"06085","5","42393","77","0","2025","1","",31,332,333,335,6218126,2142814,72248,1435,"",0.55,0.46,0.46,0.46,0.19,0.37,0.42,0.42,"",1,3.3,-26,-7.3,-20,-5.7,-18,-5.1,-134301,-2.1,-84821,-3.8,-3090,-4.1,57,4.1
"06085","5","423930","78","0","2025","1","",31,332,333,335,6218126,2142814,72248,1435,"",0.55,0.46,0.46,0.46,0.19,0.37,0.42,0.42,"",1,3.3,-26,-7.3,-20,-5.7,-18,-5.1,-134301,-2.1,-84821,-3.8,-3090,-4.1,57,4.1
"06085","5","42394","77","0","2025","1","",18,42,44,44,882450,255180,7850,1566,"",0.34,0.16,0.17,0.17,0.07,0.13,0.09,0.41,"",0,0.0,-5,-10.6,-5,-10.2,-5,-10.2,-415316,-32.0,-61131,-19.3,-1106,-12.3,-499,-24.2
"06085","5","423940","78","0","2025","1","",18,42,44,44,882450,255180,7850,1566,"",0.34,0.16,0.17,0.17,0.07,0.13,0.09,0.41,"",0,0.0,-5,-10.6,-5,-10.2,-5,-10.2,-415316,-32.0,-61131,-19.3,-1106,-12.3,-499,-24.2
"06085","5","42399","77","0","2025","1","",59,220,225,220,4862496,1537753,57390,1687,"",0.51,0.33,0.34,0.34,0.12,0.27,0.29,0.37,"",6,11.3,-14,-6.0,-5,-2.2,-9,-3.9,-94396,-1.9,-75674,-4.7,-5819,-9.2,36,2.2
"06085","5","423990","78","0","2025","1","",59,220,225,220,4862496,1537753,57390,1687,"",0.51,0.33,0.34,0.34,0.12,0.27,0.29,0.37,"",6,11.3,-14,-6.0,-5,-2.2,-9,-3.9,-94396,-1.9,-75674,-4.7,-5819,-9.2,36,2.2
"06085","5","424","75","0","2025","1","",466,5660,5746,5846,191754246,39843985,1200441,2565,"",0.36,0.36,0.36,0.37,0.18,0.28,0.27,0.49,"",32,7.4,112,2.0,158,2.8,148,2.6,10383918,5.7,304695,0.8,115903,10.7,79,3.2
"06085","5","4241","76","0","2025","1","",23,149,144,141,3916500,954468,32939,2083,"",0.34,0.18,0.18,0.17,0.08,0.13,0.14,0.44,"",3,15.0,9,6.4,14,10.8,7,5.2,-8914,-0.2,49579,5.5,1528,4.9,-159,-7.1
"06085","5","42411","77","0","2025","1","N",2,0,0,0,0,0,0,0,"N",0.22,0,0,0,0,0,0,0,"N",0,0.0,0,0,0,0,0,0,0,0,0,0,0,0,0,0
"06085","5","424110","78","0","2025","1","N",2,0,0,0,0,0,0,0,"N",0.22,0,0,0,0,0,0,0,"N",0,0.0,0,0,0,0,0,0,0,0,0,0,0,0,0,0
"06085","5","42412","77","0","2025","1","N",4,0,0,0,0,0,0,0,"N",0.18,0,0,0,0,0,0,0,"N",1,33.3,0,0,0,0,0,0,0,0,0,0,0,0,0,0
"06085","5","424120","78","0","2025","1","N",4,0,0,0,0,0,0,0,"N",0.18,0,0,0,0,0,0,0,"N",1,33.3,0,0,0,0,0,0,0,0,0,0,0,0,0,0
"06085","5","42413","77","0","2025","1","",17,124,120,116,2945124,806288,26714,1888,"",0.48,0.26,0.26,0.25,0.09,0.18,0.18,0.36,"",2,13.3,5,4.2,11,10.1,4,3.6,-289887,-9.0,30697,4.0,1089,4.2,-308,-14.0
"06085","5","424130","78","0","2025","1","",17,124,120,116,2945124,806288,26714,1888,"",0.48,0.26,0.26,0.25,0.09,0.18,0.18,0.36,"",2,13.3,5,4.2,11,10.1,4,3.6,-289887,-9.0,30697,4.0,1089,4.2,-308,-14.0
"06085","5","4242","76","0","2025","1","",55,736,740,752,94658462,5856284,262398,9804,"",0.34,0.40,0.40,0.40,0.36,0.28,0.36,0.89,"",2,3.8,-55,-7.0,-36,-4.6,-33,-4.2,7347410,8.4,-383442,-6.1,21558,9.0,1237,14.4
"06085","5","42421","77","0","2025","1","",55,736,740,752,94658462,5856284,262398,9804,"",0.34,0.40,0.40,0.40,0.36,0.28,0.36,0.89,"",2,3.8,-55,-7.0,-36,-4.6,-33,-4.2,7347410,8.4,-383442,-6.1,21558,9.0,1237,14.4
"06085","5","424210","78","0","2025","1","",55,736,740,752,94658462,5856284,262398,9804,"",0.34,0.40,0.40,0.40,0.36,0.28,0.36,0.89,"",2,3.8,-55,-7.0,-36,-4.6,-33,-4.2,7347410,8.4,-383442,-6.1,21558,9.0,1237,14.4
"06085","5","4243","76","0","2025","1","",34,134,140,132,1581207,719511,22999,899,"",0.29,0.14,0.14,0.13,0.03,0.09,0.06,0.20,"",3,9.7,-12,-8.2,-4,-2.8,-15,-10.2,-120634,-7.1,-118769,-14.2,2926,14.6,0,0.0
"06085","5","42431","77","0","2025","1","",3,11,11,11,177359,77000,3815,1240,"",0.11,0.07,0.07,0.07,0.03,0.06,0.09,0.34,"",0,0.0,-1,-8.3,-1,-8.3,-1,-8.3,-11463,-6.1,-3677,-4.6,-347,-8.3,30,2.5
"06085","5","424310","78","0","2025","1","",3,11,11,11,177359,77000,3815,1240,"",0.11,0.07,0.07,0.07,0.03,0.06,0.09,0.34,"",0,0.0,-1,-8.3,-1,-8.3,-1,-8.3,-11463,-6.1,-3677,-4.6,-347,-8.3,30,2.5
"06085","5","42434","77","0","2025","1","",4,24,27,24,143773,50406,947,442,"",0.30,0.15,0.17,0.15,0.01,0.03,0.02,0.08,"",1,33.3,-4,-14.3,3,12.5,1,4.3,-26139,-15.4,-21652,-30.0,-314,-24.9,-81,-15.5
"06085","5","424340","78","0","2025","1","",4,24,27,24,143773,50406,947,442,"",0.30,0.15,0.17,0.15,0.01,0.03,0.02,0.08,"",1,33.3,-4,-14.3,3,12.5,1,4.3,-26139,-15.4,-21652,-30.0,-314,-24.9,-81,-15.5
"06085","5","42435","77","0","2025","1","",27,99,102,97,1260075,592105,18237,976,"",0.34,0.15,0.15,0.14,0.03,0.11,0.07,0.22,"",2,8.0,-7,-6.6,-6,-5.6,-15,-13.4,-83032,-6.2,-93440,-13.6,3587,24.5,25,2.6
"06085","5","424350","78","0","2025","1","",27,99,102,97,1260075,592105,18237,976,"",0.34,0.15,0.15,0.14,0.03,0.11,0.07,0.22,"",2,8.0,-7,-6.6,-6,-5.6,-15,-13.4,-83032,-6.2,-93440,-13.6,3587,24.5,25,2.6
"06085","5","4244","76","0","2025","1","",180,3102,3127,3157,54551805,21479830,588128,1341,"",0.51,0.52,0.52,0.53,0.17,0.41,0.36,0.32,"",15,9.1,363,13.3,371,13.5,420,15.3,8225721,17.8,2537159,13.4,113489,23.9,42,3.2
"06085","5","42441","77","0","2025","1","",43,1144,1155,1181,19402223,7765765,203473,1287,"",0.67,0.62,0.62,0.63,0.19,0.46,0.40,0.31,"",5,13.2,239,26.4,249,27.5,277,30.6,4366660,29.0,1443686,22.8,37195,22.4,9,0.7
"06085","5","424410","78","0","2025","1","",43,1144,1155,1181,19402223,7765765,203473,1287,"",0.67,0.62,0.62,0.63,0.19,0.46,0.40,0.31,"",5,13.2,239,26.4,249,27.5,277,30.6,4366660,29.0,1443686,22.8,37195,22.4,9,0.7
"06085","5","42442","77","0","2025","1","N",6,0,0,0,0,0,0,0,"N",0.29,0,0,0,0,0,0,0,"N",0,0.0,0,0,0,0,0,0,0,0,0,0,0,0,0,0
"06085","5","424420","78","0","2025","1","N",6,0,0,0,0,0,0,0,"N",0.29,0,0,0,0,0,0,0,"N",0,0.0,0,0,0,0,0,0,0,0,0,0,0,0,0,0
"06085","5","42443","77","0","2025","1","",5,17,19,20,425580,133306,4560,1754,"",0.27,0.07,0.08,0.08,0.03,0.06,0.06,0.41,"",1,25.0,-6,-26.1,-3,-13.6,-3,-13.0,-201403,-32.1,-28067,-17.4,-1172,-20.4,-374,-17.6
"06085","5","424430","78","0","2025","1","",5,17,19,20,425580,133306,4560,1754,"",0.27,0.07,0.08,0.08,0.03,0.06,0.06,0.41,"",1,25.0,-6,-26.1,-3,-13.6,-3,-13.0,-201403,-32.1,-28067,-17.4,-1172,-20.4,-374,-17.6
"06085","5","42444","77","0","2025","1","N",1,0,0,0,0,0,0,0,"N",0.18,0,0,0,0,0,0,0,"N",0,0.0,0,0,0,0,0,0,0,0,0,0,0,0,0,0
"06085","5","424440","78","0","2025","1","N",1,0,0,0,0,0,0,0,"N",0.18,0,0,0,0,0,0,0,"N",0,0.0,0,0,0,0,0,0,0,0,0,0,0,0,0,0
"06085","5","42445","77","0","2025","1","",9,345,344,347,7728024,2714626,96012,1721,"",0.32,0.73,0.73,0.74,0.30,0.65,0.75,0.41,"N",2,28.6,0,0,0,0,0,0,0,0,0,0,0,0,0,0
"06085","5","424450","78","0","2025","1","",9,345,344,347,7728024,2714626,96012,1721,"",0.32,0.73,0.73,0.74,0.30,0.65,0.75,0.41,"N",2,28.6,0,0,0,0,0,0,0,0,0,0,0,0,0,0
"06085","5","42446","77","0","2025","1","",15,362,361,358,5117729,2469396,57640,1093,"",0.76,1.82,1.82,1.80,0.59,1.56,1.07,0.32,"",3,25.0,-15,-4.0,-15,-4.0,-15,-4.0,170073,3.4,-99588,-3.9,5188,9.9,79,7.8
"06085","5","424460","78","0","2025","1","",15,362,361,358,5117729,2469396,57640,1093,"",0.76,1.82,1.82,1.80,0.59,1.56,1.07,0.32,"",3,25.0,-15,-4.0,-15,-4.0,-15,-4.0,170073,3.4,-99588,-3.9,5188,9.9,79,7.8
"06085","5","42447","77","0","2025","1","",9,156,156,159,2907479,1064138,24573,1425,"",0.40,0.44,0.43,0.44,0.16,0.35,0.25,0.37,"",0,0.0,3,2.0,5,3.3,6,3.9,-146375,-4.8,30645,3.0,5521,29.0,-117,-7.6
"06085","5","424470","78","0","2025","1","",9,156,156,159,2907479,1064138,24573,1425,"",0.40,0.44,0.43,0.44,0.16,0.35,0.25,0.37,"",0,0.0,3,2.0,5,3.3,6,3.9,-146375,-4.8,30645,3.0,5521,29.0,-117,-7.6
"06085","5","42448","77","0","2025","1","",32,257,257,262,4075977,1762517,41720,1212,"",0.83,0.37,0.37,0.38,0.13,0.33,0.23,0.35,"",0,0.0,-5,-1.9,-1,-0.4,-1,-0.4,320180,8.5,-126820,-6.7,-3362,-7.5,105,9.5
"06085","5","424480","78","0","2025","1","",32,257,257,262,4075977,1762517,41720,1212,"",0.83,0.37,0.37,0.38,0.13,0.33,0.23,0.35,"",0,0.0,-5,-1.9,-1,-0.4,-1,-0.4,320180,8.5,-126820,-6.7,-3362,-7.5,105,9.5
"06085","5","42449","77","0","2025","1","",60,810,823,821,14693524,5478637,157135,1382,"",0.43,0.46,0.46,0.46,0.14,0.35,0.32,0.31,"",4,7.1,-11,-1.3,-7,-0.8,-2,-0.2,-108730,-0.7,89,0.0,9417,6.4,1,0.1
"06085","5","424490","78","0","2025","1","",60,810,823,821,14693524,5478637,157135,1382,"",0.43,0.46,0.46,0.46,0.14,0.35,0.32,0.31,"",4,7.1,-11,-1.3,-7,-0.8,-2,-0.2,-108730,-0.7,89,0.0,9417,6.4,1,0.1
"06085","5","4245","76","0","2025","1","",5,11,15,15,454950,99139,1860,2561,"",0.10,0.02,0.03,0.03,0.02,0.02,0.02,0.78,"",0,0.0,-8,-42.1,-4,-21.1,-3,-16.7,27676,6.5,-4264,-4.1,309,19.9,800,45.4
"06085","5","42459","77","0","2025","1","",5,11,15,15,454950,99139,1860,2561,"",0.34,0.09,0.12,0.12,0.09,0.11,0.05,0.84,"N",1,25.0,0,0,0,0,0,0,0,0,0,0,0,0,0,0
"06085","5","424590","78","0","2025","1","",5,11,15,15,454950,99139,1860,2561,"",0.34,0.09,0.12,0.12,0.09,0.11,0.05,0.84,"N",1,25.0,0,0,0,0,0,0,0,0,0,0,0,0,0,0
"06085","5","4246","76","0","2025","1","",40,270,267,258,8586020,1730163,42605,2492,"",0.30,0.25,0.25,0.24,0.10,0.17,0.14,0.41,"",5,14.3,23,9.3,25,10.3,15,6.2,966893,12.7,41077,2.4,1916,4.7,90,3.7
"06085","5","42461","77","0","2025","1","",15,92,92,90,2892389,614662,14432,2436,"",0.48,0.43,0.43,0.42,0.18,0.32,0.23,0.42,"",4,36.4,29,46.0,29,46.0,26,40.6,601509,26.3,104291,20.4,463,3.3,-346,-12.4
"06085","5","424610","78","0","2025","1","",15,92,92,90,2892389,614662,14432,2436,"",0.48,0.43,0.43,0.42,0.18,0.32,0.23,0.42,"",4,36.4,29,46.0,29,46.0,26,40.6,601509,26.3,104291,20.4,463,3.3,-346,-12.4
"06085","5","42469","77","0","2025","1","",25,178,175,168,5693631,1115501,28173,2522,"",0.24,0.20,0.20,0.19,0.08,0.13,0.12,0.42,"",1,4.2,-6,-3.3,-4,-2.2,-11,-6.1,365384,6.9,-63214,-5.4,1453,5.4,253,11.2
"06085","5","424690","78","0","2025","1","",25,178,175,168,5693631,1115501,28173,2522,"",0.24,0.20,0.20,0.19,0.08,0.13,0.12,0.42,"",1,4.2,-6,-3.3,-4,-2.2,-11,-6.1,365384,6.9,-63214,-5.4,1453,5.4,253,11.2
"06085","5","4247","76","0","2025","1","",13,208,210,211,7263803,1480890,38584,2665,"",0.22,0.29,0.29,0.29,0.10,0.22,0.21,0.36,"",0,0.0,-7,-3.3,-2,-0.9,-3,-1.4,617367,9.3,-36388,-2.4,4505,13.2,272,11.4
"06085","5","42471","77","0","2025","1","",5,150,150,152,5440980,1077159,28673,2778,"",0.27,0.62,0.62,0.63,0.30,0.47,0.50,0.48,"",0,0.0,-11,-6.8,-9,-5.7,-8,-5.0,225913,4.3,-61429,-5.4,2728,10.5,271,10.8
"06085","5","424710","78","0","2025","1","",5,150,150,152,5440980,1077159,28673,2778,"",0.27,0.62,0.62,0.63,0.30,0.47,0.50,0.48,"",0,0.0,-11,-6.8,-9,-5.7,-8,-5.0,225913,4.3,-61429,-5.4,2728,10.5,271,10.8
"06085","5","42472","77","0","2025","1","",8,58,60,59,1822823,403731,9911,2377,"",0.20,0.12,0.12,0.12,0.04,0.09,0.08,0.29,"",0,0.0,4,7.4,7,13.2,5,9.3,391454,27.3,25041,6.6,1777,21.8,325,15.8
"06085","5","424720","78","0","2025","1","",8,58,60,59,1822823,403731,9911,2377,"",0.20,0.12,0.12,0.12,0.04,0.09,0.08,0.29,"",0,0.0,4,7.4,7,13.2,5,9.3,391454,27.3,25041,6.6,1777,21.8,325,15.8
"06085","5","4248","76","0","2025","1","",17,289,292,286,7104753,2066059,77656,1891,"",0.25,0.19,0.19,0.19,0.08,0.15,0.22,0.42,"",2,13.3,-56,-16.2,-46,-13.6,-67,-19.0,-2522694,-26.2,-525293,-20.3,2963,4.0,-254,-11.8
"06085","5","42481","77","0","2025","1","N",2,0,0,0,0,0,0,0,"N",0.09,0,0,0,0,0,0,0,"N",0,0.0,0,0,0,0,0,0,0,0,0,0,0,0,0,0
"06085","5","424810","78","0","2025","1","N",2,0,0,0,0,0,0,0,"N",0.09,0,0,0,0,0,0,0,"N",0,0.0,0,0,0,0,0,0,0,0,0,0,0,0,0,0
"06085","5","42482","77","0","2025","1","N",15,0,0,0,0,0,0,0,"N",0.32,0,0,0,0,0,0,0,"N",2,15.4,0,0,0,0,0,0,0,0,0,0,0,0,0,0
"06085","5","424820","78","0","2025","1","N",15,0,0,0,0,0,0,0,"N",0.32,0,0,0,0,0,0,0,"N",2,15.4,0,0,0,0,0,0,0,0,0,0,0,0,0,0
"06085","5","4249","76","0","2025","1","",99,761,811,894,13636746,5457641,133272,1276,"",0.36,0.34,0.36,0.39,0.12,0.29,0.23,0.33,"",2,2.1,-145,-16.0,-160,-16.5,-173,-16.2,-4148907,-23.3,-1254964,-18.7,-33291,-20.0,-118,-8.5
"06085","5","42491","77","0","2025","1","",5,89,87,85,3317663,583544,21317,2933,"",0.05,0.11,0.10,0.10,0.07,0.07,0.11,0.69,"",-2,-28.6,-132,-59.7,-143,-62.2,-142,-62.6,-3915332,-54.1,-1067274,-64.7,-32252,-60.2,471,19.1
"06085","5","424910","78","0","2025","1","",5,89,87,85,3317663,583544,21317,2933,"",0.05,0.11,0.10,0.10,0.07,0.07,0.11,0.69,"",-2,-28.6,-132,-59.7,-143,-62.2,-142,-62.6,-3915332,-54.1,-1067274,-64.7,-32252,-60.2,471,19.1
"06085","5","42492","77","0","2025","1","N",4,0,0,0,0,0,0,0,"N",0.31,0,0,0,0,0,0,0,"N",0,0.0,0,0,0,0,0,0,0,0,0,0,0,0,0,0
"06085","5","424920","78","0","2025","1","N",4,0,0,0,0,0,0,0,"N",0.31,0,0,0,0,0,0,0,"N",0,0.0,0,0,0,0,0,0,0,0,0,0,0,0,0,0
"06085","5","42493","77","0","2025","1","",15,468,514,603,5942240,3583776,78432,865,"",0.55,1.42,1.52,1.74,0.54,1.63,1.04,0.35,"",1,7.1,-9,-1.9,-11,-2.1,-19,-3.1,67223,1.1,6819,0.2,3827,5.1,30,3.6
"06085","5","424930","78","0","2025","1","",15,468,514,603,5942240,3583776,78432,865,"",0.55,1.42,1.52,1.74,0.54,1.63,1.04,0.35,"",1,7.1,-9,-1.9,-11,-2.1,-19,-3.1,67223,1.1,6819,0.2,3827,5.1,30,3.6
"06085","5","42494","77","0","2025","1","N",5,0,0,0,0,0,0,0,"N",0.29,0,0,0,0,0,0,0,"N",0,0.0,0,0,0,0,0,0,0,0,0,0,0,0,0,0
"06085","5","424940","78","0","2025","1","N",5,0,0,0,0,0,0,0,"N",0.29,0,0,0,0,0,0,0,"N",0,0.0,0,0,0,0,0,0,0,0,0,0,0,0,0,0
"06085","5","42495","77","0","2025","1","",10,38,38,38,642984,237104,6198,1302,"",0.49,0.22,0.22,0.22,0.06,0.16,0.15,0.29,"",0,0.0,-1,-2.6,-6,-13.6,-8,-17.4,-79053,-10.9,-60800,-20.4,-1613,-20.7,10,0.8
"06085","5","424950","78","0","2025","1","",10,38,38,38,642984,237104,6198,1302,"",0.49,0.22,0.22,0.22,0.06,0.16,0.15,0.29,"",0,0.0,-1,-2.6,-6,-13.6,-8,-17.4,-79053,-10.9,-60800,-20.4,-1613,-20.7,10,0.8
"06085","5","42499","77","0","2025","1","",60,114,120,115,2256379,695577,17236,1492,"",0.56,0.19,0.21,0.20,0.08,0.15,0.10,0.38,"",3,5.3,-2,-1.7,0,0.0,-7,-5.7,-293624,-11.5,-113685,-14.0,-2440,-12.4,-152,-9.2
"06085","5","424990","78","0","2025","1","",60,114,120,115,2256379,695577,17236,1492,"",0.56,0.19,0.21,0.20,0.08,0.15,0.10,0.38,"",3,5.3,-2,-1.7,0,0.0,-7,-5.7,-293624,-11.5,-113685,-14.0,-2440,-12.4,-152,-9.2
"06085","5","425","75","0","2025","1","",288,1193,1176,1165,47534980,8242249,249869,3104,"",0.37,0.37,0.37,0.37,0.16,0.27,0.24,0.43,"",8,2.9,-90,-7.0,-86,-6.8,-97,-7.7,2932185,6.6,-1161881,-12.4,700,0.3,400,14.8
"06085","5","4251","76","0","2025","1","",288,1193,1176,1165,47534980,8242249,249869,3104,"",0.37,0.37,0.37,0.37,0.16,0.27,0.24,0.43,"",8,2.9,-90,-7.0,-86,-6.8,-97,-7.7,2932185,6.6,-1161881,-12.4,700,0.3,400,14.8
"06085","5","42512","77","0","2025","1","",288,1193,1176,1165,47534980,8242249,249869,3104,"",0.37,0.37,0.37,0.37,0.16,0.27,0.24,0.43,"",8,2.9,-90,-7.0,-86,-6.8,-97,-7.7,2932185,6.6,-1161881,-12.4,700,0.3,400,14.8
"06085","5","425120","78","0","2025","1","",288,1193,1176,1165,47534980,8242249,249869,3104,"",0.37,0.37,0.37,0.37,0.16,0.27,0.24,0.43,"",8,2.9,-90,-7.0,-86,-6.8,-97,-7.7,2932185,6.6,-1161881,-12.4,700,0.3,400,14.8
"06085","5","44-45","74","0","2025","1","",4123,70632,69777,69606,1105644007,410906400,10491480,1215,"",0.54,0.64,0.64,0.63,0.36,0.66,0.66,0.57,"",73,1.8,-1179,-1.6,-613,-0.9,-581,-0.8,-78959518,-6.7,-7807107,-1.9,695819,7.1,-72,-5.6
"06085","5","441","75","0","2025","1","",365,7241,7407,7397,165325905,52496649,1696106,1731,"",0.41,0.49,0.50,0.50,0.26,0.47,0.55,0.52,"",8,2.2,-169,-2.3,2,0.0,-41,-0.6,7404982,4.7,-483643,-0.9,106119,6.7,93,5.7
"06085","5","4411","76","0","2025","1","",137,5358,5447,5424,139955100,39832759,1366300,1990,"",0.41,0.58,0.59,0.59,0.30,0.52,0.62,0.51,"",5,3.8,29,0.5,104,1.9,78,1.5,9974607,7.7,556258,1.4,120063,9.6,117,6.2
"06085","5","44111","77","0","2025","1","",89,5148,5238,5211,136700851,38400686,1324115,2023,"",0.59,0.64,0.65,0.65,0.32,0.57,0.69,0.50,"",4,4.7,38,0.7,121,2.4,89,1.7,9798702,7.7,620974,1.6,116103,9.6,115,6.0
"06085","5","441110","78","0","2025","1","",89,5148,5238,5211,136700851,38400686,1324115,2023,"",0.59,0.64,0.65,0.65,0.32,0.57,0.69,0.50,"",4,4.7,38,0.7,121,2.4,89,1.7,9798702,7.7,620974,1.6,116103,9.6,115,6.0
"06085","5","44112","77","0","2025","1","",48,210,209,213,3254249,1432073,42185,1188,"",0.27,0.18,0.17,0.18,0.06,0.16,0.15,0.37,"",1,2.1,-9,-4.1,-17,-7.5,-11,-4.9,175905,5.7,-64716,-4.3,3960,10.4,126,11.9
"06085","5","441120","78","0","2025","1","",48,210,209,213,3254249,1432073,42185,1188,"",0.27,0.18,0.17,0.18,0.06,0.16,0.15,0.37,"",1,2.1,-9,-4.1,-17,-7.5,-11,-4.9,175905,5.7,-64716,-4.3,3960,10.4,126,11.9
"06085","5","4412","76","0","2025","1","",36,227,248,250,3677495,1689196,80733,1171,"",0.33,0.20,0.21,0.21,0.08,0.19,0.27,0.39,"",-1,-2.7,-143,-38.6,-121,-32.8,-130,-34.2,-1696142,-31.6,-710091,-29.6,-13149,-14.0,63,5.7
"06085","5","44121","77","0","2025","1","",10,91,89,90,1423196,625405,32746,1216,"",0.45,0.25,0.24,0.24,0.09,0.21,0.28,0.38,"",-2,-16.7,-71,-43.8,-72,-44.7,-73,-44.8,-974657,-40.6,-384854,-38.1,-4393,-11.8,77,6.8
"06085","5","441210","78","0","2025","1","",10,91,89,90,1423196,625405,32746,1216,"",0.45,0.25,0.24,0.24,0.09,0.21,0.28,0.38,"",-2,-16.7,-71,-43.8,-72,-44.7,-73,-44.8,-974657,-40.6,-384854,-38.1,-4393,-11.8,77,6.8
"06085","5","44122","77","0","2025","1","",26,136,159,160,2254299,1063791,47987,1143,"",0.30,0.17,0.20,0.20,0.08,0.18,0.26,0.40,"",1,4.0,-72,-34.6,-49,-23.6,-57,-26.3,-721485,-24.2,-325237,-23.4,-8756,-15.4,58,5.3
"06085","5","441222","78","0","2025","1","",4,17,16,17,172835,99010,2356,798,"",0.13,0.07,0.06,0.07,0.02,0.05,0.04,0.27,"",0,0.0,-10,-37.0,-13,-44.8,-13,-43.3,-76068,-30.6,-60937,-38.1,-699,-22.9,130,19.5
"06085","5","441227","78","0","2025","1","",22,119,143,143,2081464,964781,45631,1186,"",0.41,0.23,0.27,0.27,0.11,0.24,0.38,0.42,"",1,4.8,-62,-34.3,-36,-20.1,-44,-23.5,-645417,-23.7,-264300,-21.5,-8057,-15.0,36,3.1
"06085","5","4413","76","0","2025","1","",192,1656,1712,1723,21693310,10974694,249073,983,"",0.43,0.39,0.40,0.40,0.18,0.41,0.41,0.44,"",4,2.1,-55,-3.2,19,1.1,11,0.6,-873483,-3.9,-329810,-2.9,-795,-0.3,-35,-3.4
"06085","5","44133","77","0","2025","1","",113,1006,1038,1051,12274099,6424805,140459,915,"",0.38,0.35,0.36,0.37,0.17,0.39,0.38,0.46,"",-2,-1.7,-32,-3.1,18,1.8,23,2.2,-731374,-5.6,-249686,-3.7,-7633,-5.2,-58,-6.0
"06085","5","441330","78","0","2025","1","",113,1006,1038,1051,12274099,6424805,140459,915,"",0.38,0.35,0.36,0.37,0.17,0.39,0.38,0.46,"",-2,-1.7,-32,-3.1,18,1.8,23,2.2,-731374,-5.6,-249686,-3.7,-7633,-5.2,-58,-6.0
"06085","5","44134","77","0","2025","1","",79,650,674,672,9419211,4549889,108614,1089,"",0.53,0.46,0.48,0.48,0.19,0.44,0.45,0.40,"",6,8.2,-23,-3.4,1,0.1,-12,-1.8,-142109,-1.5,-80124,-1.7,6838,6.7,2,0.2
"06085","5","441340","78","0","2025","1","",79,650,674,672,9419211,4549889,108614,1089,"",0.53,0.46,0.48,0.48,0.19,0.44,0.45,0.40,"",6,8.2,-23,-3.4,1,0.1,-12,-1.8,-142109,-1.5,-80124,-1.7,6838,6.7,2,0.2
"06085","5","444","75","0","2025","1","",246,5114,5138,5276,65897793,32002807,828906,979,"",0.48,0.54,0.54,0.53,0.23,0.54,0.58,0.43,"",-11,-4.3,-275,-5.1,-117,-2.2,-30,-0.6,-1313849,-2.0,-718841,-2.2,38028,4.8,7,0.7
"06085","5","4441","76","0","2025","1","",208,4679,4692,4823,60940454,29343274,754554,991,"",0.54,0.56,0.56,0.56,0.24,0.56,0.62,0.43,"",-11,-5.0,-285,-5.7,-132,-2.7,-39,-0.8,-1373970,-2.2,-817724,-2.7,30626,4.2,9,0.9
"06085","5","44411","77","0","2025","1","N",25,0,0,0,0,0,0,0,"N",0.37,0,0,0,0,0,0,0,"N",-1,-3.8,0,0,0,0,0,0,0,0,0,0,0,0,0,0
"06085","5","444110","78","0","2025","1","N",25,0,0,0,0,0,0,0,"N",0.37,0,0,0,0,0,0,0,"N",-1,-3.8,0,0,0,0,0,0,0,0,0,0,0,0,0,0
"06085","5","44412","77","0","2025","1","N",26,0,0,0,0,0,0,0,"N",0.54,0,0,0,0,0,0,0,"N",-13,-33.3,0,0,0,0,0,0,0,0,0,0,0,0,0,0
"06085","5","444120","78","0","2025","1","N",26,0,0,0,0,0,0,0,"N",0.54,0,0,0,0,0,0,0,"N",-13,-33.3,0,0,0,0,0,0,0,0,0,0,0,0,0,0
"06085","5","44414","77","0","2025","1","",34,637,633,623,7969902,3897100,91151,972,"",0.31,0.52,0.52,0.50,0.26,0.56,0.58,0.50,"",1,3.0,-24,-3.6,-5,-0.8,-11,-1.7,216419,2.8,56448,1.5,6499,7.7,46,5.0
"06085","5","444140","78","0","2025","1","",34,637,633,623,7969902,3897100,91151,972,"",0.31,0.52,0.52,0.50,0.26,0.56,0.58,0.50,"",1,3.0,-24,-3.6,-5,-0.8,-11,-1.7,216419,2.8,56448,1.5,6499,7.7,46,5.0
"06085","5","44418","77","0","2025","1","",123,1143,1154,1177,22441357,7942478,238145,1491,"",0.76,0.65,0.66,0.67,0.27,0.55,0.57,0.41,"",2,1.7,-29,-2.5,-2,-0.2,25,2.2,-1001104,-4.3,-304556,-3.7,6006,2.6,-64,-4.1
"06085","5","444180","78","0","2025","1","",123,1143,1154,1177,22441357,7942478,238145,1491,"",0.76,0.65,0.66,0.67,0.27,0.55,0.57,0.41,"",2,1.7,-29,-2.5,-2,-0.2,25,2.2,-1001104,-4.3,-304556,-3.7,6006,2.6,-64,-4.1
"06085","5","4442","76","0","2025","1","",38,435,446,453,4957339,2659533,74352,858,"",0.30,0.36,0.37,0.35,0.16,0.39,0.34,0.43,"",0,0.0,10,2.4,15,3.5,9,2.0,60121,1.2,98883,3.9,7402,11.1,-11,-1.3
"06085","5","44423","77","0","2025","1","N",2,0,0,0,0,0,0,0,"N",0.08,0,0,0,0,0,0,0,"N",0,0.0,0,0,0,0,0,0,0,0,0,0,0,0,0,0
"06085","5","444230","78","0","2025","1","N",2,0,0,0,0,0,0,0,"N",0.08,0,0,0,0,0,0,0,"N",0,0.0,0,0,0,0,0,0,0,0,0,0,0,0,0,0
"06085","5","44424","77","0","2025","1","N",36,0,0,0,0,0,0,0,"N",0.37,0,0,0,0,0,0,0,"N",0,0.0,0,0,0,0,0,0,0,0,0,0,0,0,0,0
"06085","5","444240","78","0","2025","1","N",36,0,0,0,0,0,0,0,"N",0.37,0,0,0,0,0,0,0,"N",0,0.0,0,0,0,0,0,0,0,0,0,0,0,0,0,0
"06085","5","445","75","0","2025","1","",748,16882,17016,16930,189264176,104663604,2138129,859,"",0.65,0.72,0.73,0.73,0.37,0.88,0.84,0.51,"",21,2.9,253,1.5,449,2.7,353,2.1,10996514,6.2,3685483,3.6,231041,12.1,32,3.9
"06085","5","4451","76","0","2025","1","",459,15113,15215,15186,171448449,94497269,1852769,869,"",0.66,0.74,0.75,0.75,0.38,0.90,0.88,0.52,"",7,1.5,310,2.1,462,3.1,401,2.7,9616585,5.9,3573850,3.9,196011,11.8,27,3.2
"06085","5","44511","77","0","2025","1","",316,14369,14473,14439,164057423,89540796,1736532,875,"",0.76,0.76,0.76,0.76,0.39,0.92,0.92,0.52,"",-1,-0.3,277,2.0,431,3.1,359,2.5,9075842,5.9,3264407,3.8,182866,11.8,28,3.3
"06085","5","445110","78","0","2025","1","",316,14369,14473,14439,164057423,89540796,1736532,875,"",0.76,0.76,0.76,0.76,0.39,0.92,0.92,0.52,"",-1,-0.3,277,2.0,431,3.1,359,2.5,9075842,5.9,3264407,3.8,182866,11.8,28,3.3
"06085","5","44513","77","0","2025","1","",143,744,742,747,7391026,4956473,116237,764,"",0.52,0.52,0.51,0.52,0.24,0.66,0.50,0.47,"",8,5.9,33,4.6,31,4.4,42,6.0,540743,7.9,309443,6.7,13145,12.8,21,2.8
"06085","5","445131","78","0","2025","1","",132,679,677,682,6468864,4493073,100144,732,"",0.52,0.58,0.58,0.58,0.29,0.79,0.62,0.50,"",7,5.6,28,4.3,26,4.0,36,5.6,359029,5.9,202459,4.7,8440,9.2,8,1.1
"06085","5","445132","78","0","2025","1","",11,65,65,65,922162,463400,16093,1091,"",0.44,0.25,0.25,0.25,0.11,0.26,0.23,0.46,"",1,10.0,5,8.3,5,8.3,6,10.2,181714,24.5,106984,30.0,4705,41.3,136,14.2
"06085","5","4452","76","0","2025","1","",130,1168,1203,1154,12148942,6613551,181988,795,"",0.64,0.72,0.74,0.71,0.32,0.77,0.67,0.45,"",8,6.6,-21,-1.8,-3,-0.2,-34,-2.9,1406752,13.1,138434,2.1,25876,16.6,103,14.9
"06085","5","44523","77","0","2025","1","",17,122,119,123,1022353,689899,15408,648,"",0.72,0.56,0.55,0.56,0.19,0.56,0.41,0.33,"N",3,21.4,0,0,0,0,0,0,0,0,0,0,0,0,0,0
"06085","5","445230","78","0","2025","1","",17,122,119,123,1022353,689899,15408,648,"",0.72,0.56,0.55,0.56,0.19,0.56,0.41,0.33,"N",3,21.4,0,0,0,0,0,0,0,0,0,0,0,0,0,0
"06085","5","44524","77","0","2025","1","",21,205,200,200,1882140,1271607,27976,718,"",0.43,0.44,0.44,0.44,0.18,0.50,0.40,0.41,"",1,5.0,7,3.5,3,1.5,-1,-0.5,80897,4.5,61047,5.0,3254,13.2,21,3.0
"06085","5","445240","78","0","2025","1","",21,205,200,200,1882140,1271607,27976,718,"",0.43,0.44,0.44,0.44,0.18,0.50,0.40,0.41,"",1,5.0,7,3.5,3,1.5,-1,-0.5,80897,4.5,61047,5.0,3254,13.2,21,3.0
"06085","5","44525","77","0","2025","1","",4,15,15,16,181111,108467,3081,909,"",0.25,0.15,0.15,0.16,0.08,0.20,0.18,0.49,"N",0,0.0,0,0,0,0,0,0,0,0,0,0,0,0,0,0
"06085","5","445250","78","0","2025","1","",4,15,15,16,181111,108467,3081,909,"",0.25,0.15,0.15,0.16,0.08,0.20,0.18,0.49,"N",0,0.0,0,0,0,0,0,0,0,0,0,0,0,0,0,0
"06085","5","44529","77","0","2025","1","",88,826,869,815,9063338,4543578,135523,833,"",0.76,0.97,1.01,0.95,0.47,1.05,0.92,0.48,"",4,4.8,-29,-3.4,-4,-0.5,-31,-3.7,1248148,16.0,81823,1.8,23336,20.8,132,18.8
"06085","5","445291","78","0","2025","1","",8,81,80,76,618978,437816,9114,603,"",0.43,0.53,0.52,0.49,0.19,0.57,0.40,0.37,"",-1,-11.1,-9,-10.0,-12,-13.0,-13,-14.6,-132604,-17.6,-84211,-16.1,-1229,-11.9,-37,-5.8
"06085","5","445292","78","0","2025","1","",26,154,206,148,1294508,668046,33200,588,"",1.18,1.06,1.36,1.02,0.47,1.05,1.24,0.41,"",2,8.3,-24,-13.5,-11,-5.1,-44,-22.9,-97390,-7.0,2349,0.4,1863,5.9,41,7.5
"06085","5","445298","78","0","2025","1","",54,591,583,591,7149852,3437716,93209,935,"",0.72,1.06,1.05,1.06,0.53,1.17,0.95,0.50,"",3,5.9,4,0.7,19,3.4,26,4.6,1478142,26.1,163685,5.0,22702,32.2,172,22.5
"06085","5","4453","76","0","2025","1","",159,601,598,590,5666785,3552784,103372,731,"",0.65,0.49,0.49,0.49,0.23,0.59,0.62,0.47,"",6,3.9,-36,-5.7,-10,-1.6,-14,-2.3,-26823,-0.5,-26801,-0.7,9154,9.7,20,2.8
"06085","5","44532","77","0","2025","1","",159,601,598,590,5666785,3552784,103372,731,"",0.65,0.49,0.49,0.49,0.23,0.59,0.62,0.47,"",6,3.9,-36,-5.7,-10,-1.6,-14,-2.3,-26823,-0.5,-26801,-0.7,9154,9.7,20,2.8
"06085","5","445320","78","0","2025","1","",159,601,598,590,5666785,3552784,103372,731,"",0.65,0.49,0.49,0.49,0.23,0.59,0.62,0.47,"",6,3.9,-36,-5.7,-10,-1.6,-14,-2.3,-26823,-0.5,-26801,-0.7,9154,9.7,20,2.8
"06085","5","449","75","0","2025","1","",445,4293,4073,4074,76607652,22729269,796596,1421,"",0.72,0.76,0.73,0.73,0.33,0.59,0.62,0.45,"",0,0.0,-190,-4.2,-282,-6.5,-307,-7.0,-5925415,-7.2,-1215934,-5.1,25910,3.4,-20,-1.4
"06085","5","4491","76","0","2025","1","",201,1853,1811,1804,24038351,10537731,371964,1015,"",0.62,0.63,0.63,0.63,0.23,0.55,0.60,0.37,"",4,2.0,-23,-1.2,-23,-1.3,-60,-3.2,-1691485,-6.6,-194923,-1.8,36403,10.8,-50,-4.7
"06085","5","44911","77","0","2025","1","",87,477,477,494,7844708,3072860,117417,1250,"",0.55,0.34,0.34,0.36,0.14,0.30,0.37,0.42,"",3,3.6,-38,-7.4,-36,-7.0,-30,-5.7,-71755,-0.9,-324362,-9.5,2303,2.0,73,6.2
"06085","5","449110","78","0","2025","1","",87,477,477,494,7844708,3072860,117417,1250,"",0.55,0.34,0.34,0.36,0.14,0.30,0.37,0.42,"",3,3.6,-38,-7.4,-36,-7.0,-30,-5.7,-71755,-0.9,-324362,-9.5,2303,2.0,73,6.2
"06085","5","44912","77","0","2025","1","",114,1376,1334,1310,16193643,7464871,254547,930,"",0.68,0.90,0.89,0.88,0.32,0.82,0.83,0.36,"",1,0.9,15,1.1,13,1.0,-30,-2.2,-1619730,-9.1,129439,1.8,34100,15.5,-92,-9.0
"06085","5","449121","78","0","2025","1","",38,329,321,313,5901217,2334163,81928,1414,"",0.59,0.68,0.66,0.64,0.27,0.59,0.68,0.41,"",2,5.6,5,1.5,1,0.3,-26,-7.7,113782,2.0,-27855,-1.2,10938,15.4,55,4.0
"06085","5","449122","78","0","2025","1","",15,89,90,88,1668870,606909,20799,1442,"",0.72,0.95,0.96,0.94,0.45,0.86,0.86,0.47,"",1,7.1,6,7.2,7,8.4,3,3.5,202563,13.8,70600,13.2,2106,11.3,94,7.0
"06085","5","449129","78","0","2025","1","",61,958,923,909,8623556,4523799,151820,713,"",0.74,1.01,1.01,1.01,0.35,1.02,0.93,0.35,"",-2,-3.2,4,0.4,5,0.5,-7,-0.8,-1936075,-18.3,86694,2.0,21056,16.1,-161,-18.4
"06085","5","4492","76","0","2025","1","",244,2440,2262,2270,52569301,12191538,424632,1740,"",0.85,0.89,0.83,0.85,0.42,0.63,0.64,0.49,"",-4,-1.6,-167,-6.4,-259,-10.3,-247,-9.8,-4233930,-7.5,-1021011,-7.7,-10493,-2.4,25,1.5
"06085","5","44921","77","0","2025","1","",244,2440,2262,2270,52569301,12191538,424632,1740,"",0.85,0.89,0.83,0.85,0.42,0.63,0.64,0.49,"",-4,-1.6,-167,-6.4,-259,-10.3,-247,-9.8,-4233930,-7.5,-1021011,-7.7,-10493,-2.4,25,1.5
"06085","5","449210","78","0","2025","1","",244,2440,2262,2270,52569301,12191538,424632,1740,"",0.85,0.89,0.83,0.85,0.42,0.63,0.64,0.49,"",-4,-1.6,-167,-6.4,-259,-10.3,-247,-9.8,-4233930,-7.5,-1021011,-7.7,-10493,-2.4,25,1.5
"06085","5","455","75","0","2025","1","",192,15803,15402,15299,389302764,91547549,2228680,1932,"",0.32,0.67,0.67,0.67,0.71,0.77,0.90,1.06,"",0,0.0,-352,-2.2,-442,-2.8,-410,-2.6,-88120213,-18.5,-8505641,-8.5,117236,5.6,-377,-16.3
"06085","5","4551","76","0","2025","1","",69,7449,7076,6982,69851630,38921159,850848,750,"",0.80,1.08,1.07,1.06,0.51,1.27,1.12,0.48,"",-2,-2.8,-116,-1.5,-171,-2.4,-211,-2.9,385462,0.6,-285848,-0.7,61953,7.9,21,2.9
"06085","5","45511","77","0","2025","1","",69,7449,7076,6982,69851630,38921159,850848,750,"",0.80,1.08,1.07,1.06,0.51,1.27,1.12,0.48,"",-2,-2.8,-116,-1.5,-171,-2.4,-211,-2.9,385462,0.6,-285848,-0.7,61953,7.9,21,2.9
"06085","5","455110","78","0","2025","1","",69,7449,7076,6982,69851630,38921159,850848,750,"",0.80,1.08,1.07,1.06,0.51,1.27,1.12,0.48,"",-2,-2.8,-116,-1.5,-171,-2.4,-211,-2.9,385462,0.6,-285848,-0.7,61953,7.9,21,2.9
"06085","5","4552","76","0","2025","1","",123,8354,8326,8317,319451134,52626390,1377832,2949,"",0.24,0.50,0.50,0.51,0.78,0.60,0.80,1.54,"",2,1.7,-236,-2.7,-271,-3.2,-199,-2.3,-88505675,-21.7,-8219793,-13.5,55283,4.2,-714,-19.5
"06085","5","45521","77","0","2025","1","",123,8354,8326,8317,319451134,52626390,1377832,2949,"",0.24,0.50,0.50,0.51,0.78,0.60,0.80,1.54,"",2,1.7,-236,-2.7,-271,-3.2,-199,-2.3,-88505675,-21.7,-8219793,-13.5,55283,4.2,-714,-19.5
"06085","5","455211","78","0","2025","1","",19,5028,5016,5009,65208065,30407877,609780,1000,"",0.41,0.41,0.41,0.41,0.20,0.43,0.49,0.49,"",0,0.0,225,4.7,222,4.6,229,4.8,6686220,11.4,1263555,4.3,61441,11.2,61,6.5
"06085","5","455219","78","0","2025","1","",104,3326,3310,3308,254243069,22218513,768052,5900,"",0.23,0.80,0.80,0.82,3.10,1.23,1.62,3.83,"",2,2.0,-461,-12.2,-493,-13.0,-428,-11.5,-95191895,-27.2,-9483348,-29.9,-6158,-0.8,-1220,-17.1
"06085","5","456","75","0","2025","1","",453,4423,4353,4376,53148749,23314373,592825,933,"",0.56,0.58,0.57,0.58,0.21,0.51,0.49,0.37,"",-10,-2.2,-198,-4.3,-130,-2.9,-108,-2.4,-3870557,-6.8,-2298912,-9.0,-16532,-2.7,-35,-3.6
"06085","5","4561","76","0","2025","1","",453,4423,4353,4376,53148749,23314373,592825,933,"",0.56,0.58,0.57,0.58,0.21,0.51,0.49,0.37,"",-10,-2.2,-198,-4.3,-130,-2.9,-108,-2.4,-3870557,-6.8,-2298912,-9.0,-16532,-2.7,-35,-3.6
"06085","5","45611","77","0","2025","1","",227,2340,2323,2341,29911335,13774592,284101,986,"",0.52,0.48,0.47,0.48,0.18,0.45,0.38,0.38,"",-3,-1.3,-129,-5.2,-96,-4.0,-73,-3.0,-3138176,-9.5,-1338240,-8.9,1560,0.6,-58,-5.6
"06085","5","456110","78","0","2025","1","",227,2340,2323,2341,29911335,13774592,284101,986,"",0.52,0.48,0.47,0.48,0.18,0.45,0.38,0.38,"",-3,-1.3,-129,-5.2,-96,-4.0,-73,-3.0,-3138176,-9.5,-1338240,-8.9,1560,0.6,-58,-5.6
"06085","5","45612","77","0","2025","1","",98,1414,1373,1364,12063340,5657833,180071,671,"",0.68,1.00,1.02,1.01,0.38,0.93,0.97,0.38,"",-2,-2.0,-63,-4.3,-24,-1.7,-42,-3.0,-1873275,-13.4,-641342,-10.2,-9873,-5.2,-80,-10.7
"06085","5","456120","78","0","2025","1","",98,1414,1373,1364,12063340,5657833,180071,671,"",0.68,1.00,1.02,1.01,0.38,0.93,0.97,0.38,"",-2,-2.0,-63,-4.3,-24,-1.7,-42,-3.0,-1873275,-13.4,-641342,-10.2,-9873,-5.2,-80,-10.7
"06085","5","45613","77","0","2025","1","",55,275,260,260,2787028,1364528,31995,809,"",0.75,0.52,0.50,0.50,0.16,0.40,0.32,0.31,"",-6,-9.8,-27,-8.9,-35,-11.9,-41,-13.6,-300511,-9.7,-163065,-10.7,-5131,-13.8,16,2.0
"06085","5","456130","78","0","2025","1","",55,275,260,260,2787028,1364528,31995,809,"",0.75,0.52,0.50,0.50,0.16,0.40,0.32,0.31,"",-6,-9.8,-27,-8.9,-35,-11.9,-41,-13.6,-300511,-9.7,-163065,-10.7,-5131,-13.8,16,2.0
"06085","5","45619","77","0","2025","1","",73,394,397,411,8387046,2517420,96658,1610,"",0.47,0.47,0.47,0.49,0.24,0.44,0.51,0.51,"",1,1.4,21,5.6,25,6.7,48,13.2,1441405,20.8,-156265,-5.8,-3088,-3.1,163,11.3
"06085","5","456191","78","0","2025","1","",36,253,254,269,4645727,1585948,62220,1382,"",0.49,0.75,0.75,0.80,0.38,0.82,1.01,0.50,"",-1,-2.7,23,10.0,25,10.9,44,19.6,1636251,54.4,-103581,-6.1,-4490,-6.7,367,36.2
"06085","5","456199","78","0","2025","1","",37,141,143,142,3741319,931472,34438,2027,"",0.44,0.28,0.28,0.28,0.17,0.24,0.27,0.60,"",2,5.7,-2,-1.4,0,0.0,4,2.9,-194846,-5.0,-52684,-5.4,1402,4.2,-115,-5.4
"06085","5","457","75","0","2025","1","",332,2383,2407,2392,23061765,14588063,364038,741,"",0.39,0.32,0.32,0.32,0.14,0.37,0.37,0.43,"",6,1.8,-49,-2.0,16,0.7,26,1.1,-433496,-1.8,74147,0.5,32041,9.7,-13,-1.7
"06085","5","4571","76","0","2025","1","",328,2359,2382,2368,22459760,14397496,354151,729,"",0.41,0.34,0.34,0.34,0.16,0.42,0.45,0.46,"",7,2.2,-30,-1.3,31,1.3,43,1.8,60089,0.3,194974,1.4,37037,11.7,-3,-0.4
"06085","5","45711","77","0","2025","1","",294,2115,2136,2109,19943307,12850052,315481,724,"",0.41,0.34,0.34,0.34,0.16,0.42,0.45,0.47,"",8,2.8,7,0.3,62,3.0,67,3.3,559065,2.9,381475,3.1,45585,16.9,5,0.7
"06085","5","457110","78","0","2025","1","",294,2115,2136,2109,19943307,12850052,315481,724,"",0.41,0.34,0.34,0.34,0.16,0.42,0.45,0.47,"",8,2.8,7,0.3,62,3.0,67,3.3,559065,2.9,381475,3.1,45585,16.9,5,0.7
"06085","5","45712","77","0","2025","1","",34,244,246,259,2516453,1547444,38670,775,"",0.53,0.37,0.38,0.40,0.15,0.42,0.43,0.39,"",-1,-2.9,-37,-13.2,-31,-11.2,-24,-8.5,-498976,-16.5,-186501,-10.8,-8548,-18.1,-52,-6.3
"06085","5","457120","78","0","2025","1","",34,244,246,259,2516453,1547444,38670,775,"",0.53,0.37,0.38,0.40,0.15,0.42,0.43,0.39,"",-1,-2.9,-37,-13.2,-31,-11.2,-24,-8.5,-498976,-16.5,-186501,-10.8,-8548,-18.1,-52,-6.3
"06085","5","4572","76","0","2025","1","",4,24,25,24,602005,190567,9887,1903,"",0.08,0.05,0.05,0.05,0.02,0.04,0.05,0.49,"",-1,-20.0,-19,-44.2,-15,-37.5,-17,-41.5,-493585,-45.1,-120827,-38.8,-4996,-33.6,-136,-6.7
"06085","5","45721","77","0","2025","1","",4,24,25,24,602005,190567,9887,1903,"",0.08,0.05,0.05,0.05,0.02,0.04,0.05,0.49,"",-1,-20.0,-19,-44.2,-15,-37.5,-17,-41.5,-493585,-45.1,-120827,-38.8,-4996,-33.6,-136,-6.7
"06085","5","457210","78","0","2025","1","",4,24,25,24,602005,190567,9887,1903,"",0.08,0.05,0.05,0.05,0.02,0.04,0.05,0.49,"",-1,-20.0,-19,-44.2,-15,-37.5,-17,-41.5,-493585,-45.1,-120827,-38.8,-4996,-33.6,-136,-6.7
"06085","5","458","75","0","2025","1","",635,8147,7672,7620,74038730,37484948,971583,729,"",0.75,0.99,0.96,0.96,0.39,1.02,0.83,0.40,"",6,1.0,-151,-1.8,-166,-2.1,-130,-1.7,2864844,4.0,-70490,-0.2,90477,10.3,41,6.0
"06085","5","4581","76","0","2025","1","",405,5744,5305,5283,43054599,23170209,582415,608,"",0.70,0.94,0.91,0.90,0.33,0.91,0.70,0.36,"",0,0.0,-86,-1.5,-111,-2.0,-81,-1.5,-240995,-0.6,-444093,-1.9,47535,8.9,6,1.0
"06085","5","45811","77","0","2025","1","",405,5744,5305,5283,43054599,23170209,582415,608,"",0.70,0.94,0.91,0.90,0.33,0.91,0.70,0.36,"",0,0.0,-86,-1.5,-111,-2.0,-81,-1.5,-240995,-0.6,-444093,-1.9,47535,8.9,6,1.0
"06085","5","458110","78","0","2025","1","",405,5744,5305,5283,43054599,23170209,582415,608,"",0.70,0.94,0.91,0.90,0.33,0.91,0.70,0.36,"",0,0.0,-86,-1.5,-111,-2.0,-81,-1.5,-240995,-0.6,-444093,-1.9,47535,8.9,6,1.0
"06085","5","4582","76","0","2025","1","",99,1452,1416,1378,13657419,8324365,192847,742,"",0.92,1.18,1.19,1.15,0.57,1.63,1.31,0.49,"",2,2.1,-93,-6.0,-97,-6.4,-117,-7.8,1021192,8.1,94962,1.2,21295,12.4,102,15.9
"06085","5","45821","77","0","2025","1","",99,1452,1416,1378,13657419,8324365,192847,742,"",0.92,1.18,1.19,1.15,0.57,1.63,1.31,0.49,"",2,2.1,-93,-6.0,-97,-6.4,-117,-7.8,1021192,8.1,94962,1.2,21295,12.4,102,15.9
"06085","5","458210","78","0","2025","1","",99,1452,1416,1378,13657419,8324365,192847,742,"",0.92,1.18,1.19,1.15,0.57,1.63,1.31,0.49,"",2,2.1,-93,-6.0,-97,-6.4,-117,-7.8,1021192,8.1,94962,1.2,21295,12.4,102,15.9
"06085","5","4583","76","0","2025","1","",131,951,951,959,17326712,5990374,196321,1398,"",0.85,1.03,1.04,1.06,0.51,0.99,1.01,0.49,"",4,3.1,28,3.0,42,4.6,68,7.6,2084647,13.7,278641,4.9,21647,12.4,106,8.2
"06085","5","45831","77","0","2025","1","",111,763,780,785,15686204,5062413,177343,1555,"",0.77,0.91,0.93,0.95,0.51,0.93,1.05,0.55,"",3,2.8,11,1.5,35,4.7,56,7.7,1906199,13.8,207128,4.3,21712,14.0,126,8.8
"06085","5","458310","78","0","2025","1","",111,763,780,785,15686204,5062413,177343,1555,"",0.77,0.91,0.93,0.95,0.51,0.93,1.05,0.55,"",3,2.8,11,1.5,35,4.7,56,7.7,1906199,13.8,207128,4.3,21712,14.0,126,8.8
"06085","5","45832","77","0","2025","1","",20,188,171,174,1640508,927961,18978,710,"",2.34,2.22,2.11,2.21,0.46,1.58,0.73,0.21,"",1,5.3,17,9.9,7,4.3,12,7.4,178448,12.2,71513,8.3,-65,-0.3,31,4.6
"06085","5","458320","78","0","2025","1","",20,188,171,174,1640508,927961,18978,710,"",2.34,2.22,2.11,2.21,0.46,1.58,0.73,0.21,"",1,5.3,17,9.9,7,4.3,12,7.4,178448,12.2,71513,8.3,-65,-0.3,31,4.6
"06085","5","459","75","0","2025","1","",707,6346,6309,6242,68996473,32079138,874617,843,"",0.53,0.60,0.60,0.59,0.26,0.60,0.53,0.44,"",53,8.1,-48,-0.8,57,0.9,66,1.1,-562328,-0.8,1726724,5.7,71499,8.9,-10,-1.2
"06085","5","4591","76","0","2025","1","",210,2487,2494,2476,20812976,12392672,301784,644,"",0.65,0.72,0.74,0.73,0.29,0.75,0.74,0.40,"",19,9.9,-100,-3.9,24,1.0,-6,-0.2,1890969,10.0,517347,4.4,39426,15.0,65,11.2
"06085","5","45911","77","0","2025","1","",100,1530,1548,1504,13591560,7589465,191563,685,"",0.57,0.72,0.75,0.73,0.29,0.72,0.72,0.40,"",8,8.7,-77,-4.8,37,2.4,-18,-1.2,906066,7.1,81098,1.1,22725,13.5,54,8.6
"06085","5","459110","78","0","2025","1","",100,1530,1548,1504,13591560,7589465,191563,685,"",0.57,0.72,0.75,0.73,0.29,0.72,0.72,0.40,"",8,8.7,-77,-4.8,37,2.4,-18,-1.2,906066,7.1,81098,1.1,22725,13.5,54,8.6
"06085","5","45912","77","0","2025","1","",71,641,628,613,4577067,3199873,76651,561,"",0.78,0.72,0.73,0.72,0.29,0.82,0.80,0.40,"",9,14.5,-23,-3.5,-13,-2.0,-35,-5.4,617358,15.6,389641,13.9,15665,25.7,93,19.9
"06085","5","459120","78","0","2025","1","",71,641,628,613,4577067,3199873,76651,561,"",0.78,0.72,0.73,0.72,0.29,0.82,0.80,0.40,"",9,14.5,-23,-3.5,-13,-2.0,-35,-5.4,617358,15.6,389641,13.9,15665,25.7,93,19.9
"06085","5","45913","77","0","2025","1","",17,109,107,146,689050,485592,9688,439,"",0.59,0.50,0.50,0.62,0.21,0.59,0.53,0.39,"",1,6.2,-3,-2.7,-7,-6.1,38,35.2,125752,22.3,45426,10.3,709,7.9,50,12.9
"06085","5","459130","78","0","2025","1","",17,109,107,146,689050,485592,9688,439,"",0.59,0.50,0.50,0.62,0.21,0.59,0.53,0.39,"",1,6.2,-3,-2.7,-7,-6.1,38,35.2,125752,22.3,45426,10.3,709,7.9,50,12.9
"06085","5","45914","77","0","2025","1","",22,207,211,213,1955299,1117742,23882,715,"",0.85,0.87,0.90,0.91,0.34,0.91,0.83,0.38,"",1,4.8,3,1.5,7,3.4,9,4.4,241793,14.1,1182,0.1,327,1.4,69,10.7
"06085","5","459140","78","0","2025","1","",22,207,211,213,1955299,1117742,23882,715,"",0.85,0.87,0.90,0.91,0.34,0.91,0.83,0.38,"",1,4.8,3,1.5,7,3.4,9,4.4,241793,14.1,1182,0.1,327,1.4,69,10.7
"06085","5","4592","76","0","2025","1","",44,394,373,354,2427190,1750740,30276,500,"",0.80,0.80,0.78,0.76,0.26,0.78,0.45,0.33,"",2,4.8,31,8.5,20,5.7,3,0.9,278098,12.9,172682,10.9,2935,10.7,35,7.5
"06085","5","45921","77","0","2025","1","",44,394,373,354,2427190,1750740,30276,500,"",0.80,0.80,0.78,0.76,0.26,0.78,0.45,0.33,"",2,4.8,31,8.5,20,5.7,3,0.9,278098,12.9,172682,10.9,2935,10.7,35,7.5
"06085","5","459210","78","0","2025","1","",44,394,373,354,2427190,1750740,30276,500,"",0.80,0.80,0.78,0.76,0.26,0.78,0.45,0.33,"",2,4.8,31,8.5,20,5.7,3,0.9,278098,12.9,172682,10.9,2935,10.7,35,7.5
"06085","5","4593","76","0","2025","1","",53,292,330,306,2724971,1817815,50241,678,"",0.62,0.74,0.77,0.77,0.36,0.96,0.87,0.48,"",6,12.8,43,17.3,64,24.1,61,24.9,605227,28.6,291589,19.1,10707,27.1,34,5.3
"06085","5","45931","77","0","2025","1","",53,292,330,306,2724971,1817815,50241,678,"",0.62,0.74,0.77,0.77,0.36,0.96,0.87,0.48,"",6,12.8,43,17.3,64,24.1,61,24.9,605227,28.6,291589,19.1,10707,27.1,34,5.3
"06085","5","459310","78","0","2025","1","",53,292,330,306,2724971,1817815,50241,678,"",0.62,0.74,0.77,0.77,0.36,0.96,0.87,0.48,"",6,12.8,43,17.3,64,24.1,61,24.9,605227,28.6,291589,19.1,10707,27.1,34,5.3
"06085","5","4594","76","0","2025","1","",104,761,741,724,8755205,4289697,103015,908,"",0.59,0.57,0.57,0.56,0.28,0.66,0.56,0.50,"",-8,-7.1,-163,-17.6,-155,-17.3,-159,-18.0,-1792242,-17.0,-181366,-4.1,-582,-0.6,8,0.9
"06085","5","45941","77","0","2025","1","",35,364,360,352,5377391,2163133,59824,1153,"",0.83,0.83,0.82,0.81,0.37,0.78,0.79,0.45,"",-8,-18.6,-101,-21.7,-100,-21.7,-108,-23.5,-1655040,-23.5,751,0.0,2931,5.2,-19,-1.6
"06085","5","459410","78","0","2025","1","",35,364,360,352,5377391,2163133,59824,1153,"",0.83,0.83,0.82,0.81,0.37,0.78,0.79,0.45,"",-8,-18.6,-101,-21.7,-100,-21.7,-108,-23.5,-1655040,-23.5,751,0.0,2931,5.2,-19,-1.6
"06085","5","45942","77","0","2025","1","",69,397,381,372,3377814,2126564,43191,678,"",0.51,0.45,0.44,0.44,0.21,0.56,0.40,0.47,"",0,0.0,-62,-13.5,-55,-12.6,-51,-12.1,-137202,-3.9,-182117,-7.9,-3513,-7.5,63,10.2
"06085","5","459420","78","0","2025","1","",69,397,381,372,3377814,2126564,43191,678,"",0.51,0.45,0.44,0.44,0.21,0.56,0.40,0.47,"",0,0.0,-62,-13.5,-55,-12.6,-51,-12.1,-137202,-3.9,-182117,-7.9,-3513,-7.5,63,10.2
"06085","5","4595","76","0","2025","1","",59,802,828,847,12079733,2893407,91213,1125,"",0.44,0.53,0.55,0.56,0.40,0.62,0.65,0.73,"",3,5.4,-43,-5.1,-34,-3.9,-1,-0.1,-3634682,-23.1,243014,9.2,-17079,-15.8,-294,-20.7
"06085","5","45951","77","0","2025","1","",59,802,828,847,12079733,2893407,91213,1125,"",0.44,0.53,0.55,0.56,0.40,0.62,0.65,0.73,"",3,5.4,-43,-5.1,-34,-3.9,-1,-0.1,-3634682,-23.1,243014,9.2,-17079,-15.8,-294,-20.7
"06085","5","459510","78","0","2025","1","",59,802,828,847,12079733,2893407,91213,1125,"",0.44,0.53,0.55,0.56,0.40,0.62,0.65,0.73,"",3,5.4,-43,-5.1,-34,-3.9,-1,-0.1,-3634682,-23.1,243014,9.2,-17079,-15.8,-294,-20.7
"06085","5","4599","76","0","2025","1","",237,1610,1543,1535,22196398,8934807,298088,1093,"",0.42,0.47,0.45,0.44,0.20,0.42,0.38,0.44,"",31,15.0,184,12.9,138,9.8,168,12.3,2090302,10.4,683458,8.3,36092,13.8,-12,-1.1
"06085","5","45991","77","0","2025","1","",44,661,640,633,5779748,3093528,68351,690,"",0.56,0.68,0.66,0.65,0.21,0.58,0.55,0.32,"",1,2.3,-18,-2.7,-28,-4.2,-27,-4.1,20093,0.3,-284342,-8.4,2523,3.8,28,4.2
"06085","5","459910","78","0","2025","1","",44,661,640,633,5779748,3093528,68351,690,"",0.56,0.68,0.66,0.65,0.21,0.58,0.55,0.32,"",1,2.3,-18,-2.7,-28,-4.2,-27,-4.1,20093,0.3,-284342,-8.4,2523,3.8,28,4.2
"06085","5","45992","77","0","2025","1","",13,24,24,24,246976,144968,4278,792,"",0.36,0.20,0.20,0.20,0.05,0.18,0.13,0.24,"",1,8.3,-1,-4.0,2,9.1,5,26.3,19875,8.8,13294,10.1,1238,40.7,-2,-0.3
"06085","5","459920","78","0","2025","1","",13,24,24,24,246976,144968,4278,792,"",0.36,0.20,0.20,0.20,0.05,0.18,0.13,0.24,"",1,8.3,-1,-4.0,2,9.1,5,26.3,19875,8.8,13294,10.1,1238,40.7,-2,-0.3
"06085","5","45993","77","0","2025","1","",6,36,38,36,745648,255265,6018,1564,"",0.41,0.37,0.38,0.37,0.12,0.31,0.28,0.33,"",0,0.0,-2,-5.3,0,0.0,-2,-5.3,-3741,-0.5,-9406,-3.6,-50,-0.8,47,3.1
"06085","5","459930","78","0","2025","1","",6,36,38,36,745648,255265,6018,1564,"",0.41,0.37,0.38,0.37,0.12,0.31,0.28,0.33,"",0,0.0,-2,-5.3,0,0.0,-2,-5.3,-3741,-0.5,-9406,-3.6,-50,-0.8,47,3.1
"06085","5","45999","77","0","2025","1","",174,889,841,842,15424026,5441046,219441,1384,"",0.40,0.39,0.37,0.37,0.21,0.38,0.36,0.56,"",29,20.0,205,30.0,164,24.2,192,29.5,2054075,15.4,963912,21.5,32381,17.3,-150,-9.8
"06085","5","459991","78","0","2025","1","",64,339,338,325,3551041,2098286,85953,818,"",0.32,0.32,0.32,0.31,0.15,0.35,0.34,0.48,"",14,28.0,175,106.7,180,113.9,176,118.1,2158709,155.0,1178268,128.1,53589,165.6,136,19.9
"06085","5","459999","78","0","2025","1","",110,550,503,517,11872985,3342760,133488,1745,"",0.48,0.45,0.42,0.43,0.24,0.39,0.38,0.56,"",15,15.8,30,5.8,-16,-3.1,16,3.2,-104634,-0.9,-214356,-6.0,-21208,-13.7,-50,-2.8
"06085","5","48-49","74","0","2025","1","",843,14491,14312,13974,268330178,99427856,3731275,1448,"",0.37,0.30,0.30,0.30,0.13,0.28,0.30,0.42,"",18,2.2,121,0.8,233,1.7,30,0.2,10220650,4.0,3511159,3.7,482821,14.9,43,3.1
"06085","5","481","75","0","2025","1","",15,1026,1000,980,18822611,3847786,73547,1445,"",0.27,0.25,0.25,0.24,0.05,0.10,0.08,0.21,"",0,0.0,-107,-9.4,-139,-12.2,-125,-11.3,-356328,-1.9,221307,6.1,11518,18.6,134,10.2
"06085","5","4811","76","0","2025","1","",8,977,950,931,16093052,3490786,64986,1299,"",0.40,0.27,0.26,0.25,0.05,0.10,0.08,0.19,"N",0,0.0,0,0,0,0,0,0,0,0,0,0,0,0,0,0
"06085","5","48111","77","0","2025","1","",8,977,950,931,16093052,3490786,64986,1299,"",0.40,0.27,0.26,0.25,0.05,0.10,0.08,0.19,"N",0,0.0,0,0,0,0,0,0,0,0,0,0,0,0,0,0
"06085","5","481111","78","0","2025","1","",8,977,950,931,16093052,3490786,64986,1299,"",0.53,0.27,0.27,0.26,0.05,0.10,0.08,0.19,"N",0,0.0,0,0,0,0,0,0,0,0,0,0,0,0,0,0
"06085","5","4812","76","0","2025","1","",7,49,50,49,2729559,357000,8561,4256,"",0.20,0.12,0.12,0.12,0.07,0.09,0.07,0.59,"N",0,0.0,0,0,0,0,0,0,0,0,0,0,0,0,0,0
"06085","5","48121","77","0","2025","1","",7,49,50,49,2729559,357000,8561,4256,"",0.20,0.12,0.12,0.12,0.07,0.09,0.07,0.59,"N",0,0.0,0,0,0,0,0,0,0,0,0,0,0,0,0,0
"06085","5","481211","78","0","2025","1","N",5,0,0,0,0,0,0,0,"N",0.21,0,0,0,0,0,0,0,"N",1,25.0,0,0,0,0,0,0,0,0,0,0,0,0,0,0
"06085","5","481212","78","0","2025","1","N",1,0,0,0,0,0,0,0,"N",0.23,0,0,0,0,0,0,0,"N",0,0.0,0,0,0,0,0,0,0,0,0,0,0,0,0,0
"06085","5","481219","78","0","2025","1","N",1,0,0,0,0,0,0,0,"N",0.13,0,0,0,0,0,0,0,"N",-1,-50.0,0,0,0,0,0,0,0,0,0,0,0,0,0,0
"06085","5","483","75","0","2025","1","N",2,0,0,0,0,0,0,0,"N",0.11,0,0,0,0,0,0,0,"N",-1,-33.3,0,0,0,0,0,0,0,0,0,0,0,0,0,0
"06085","5","4831","76","0","2025","1","N",1,0,0,0,0,0,0,0,"N",0.09,0,0,0,0,0,0,0,"N",-1,-50.0,0,0,0,0,0,0,0,0,0,0,0,0,0,0
"06085","5","48311","77","0","2025","1","N",1,0,0,0,0,0,0,0,"N",0.09,0,0,0,0,0,0,0,"N",-1,-50.0,0,0,0,0,0,0,0,0,0,0,0,0,0,0
"06085","5","483111","78","0","2025","1","N",1,0,0,0,0,0,0,0,"N",0.23,0,0,0,0,0,0,0,"N",0,0.0,0,0,0,0,0,0,0,0,0,0,0,0,0,0
"06085","5","4832","76","0","2025","1","N",1,0,0,0,0,0,0,0,"N",0.15,0,0,0,0,0,0,0,"N",0,0.0,0,0,0,0,0,0,0,0,0,0,0,0,0,0
"06085","5","48321","77","0","2025","1","N",1,0,0,0,0,0,0,0,"N",0.15,0,0,0,0,0,0,0,"N",0,0.0,0,0,0,0,0,0,0,0,0,0,0,0,0,0
"06085","5","483212","78","0","2025","1","N",1,0,0,0,0,0,0,0,"N",0.49,0,0,0,0,0,0,0,"N",0,0.0,0,0,0,0,0,0,0,0,0,0,0,0,0,0
"06085","5","484","75","0","2025","1","",417,2506,2451,2453,43844154,17624240,673433,1365,"",0.34,0.24,0.23,0.23,0.10,0.20,0.24,0.41,"",15,3.7,-369,-12.8,-357,-12.7,-353,-12.6,-2076115,-4.5,-2346141,-11.7,-45325,-6.3,117,9.4
"06085","5","4841","76","0","2025","1","",268,1633,1612,1605,27633332,11792885,458299,1315,"",0.31,0.22,0.22,0.22,0.09,0.19,0.25,0.40,"",9,3.5,-304,-15.7,-265,-14.1,-263,-14.1,-1332661,-4.6,-1764884,-13.0,-30937,-6.3,139,11.8
"06085","5","48411","77","0","2025","1","",165,594,573,575,9307291,4344054,174685,1233,"",0.49,0.29,0.28,0.29,0.12,0.27,0.28,0.41,"",11,7.1,-381,-39.1,-374,-39.5,-370,-39.2,-4113602,-30.7,-2469635,-36.2,-75893,-30.3,153,14.2
"06085","5","484110","78","0","2025","1","",165,594,573,575,9307291,4344054,174685,1233,"",0.49,0.29,0.28,0.29,0.12,0.27,0.28,0.41,"",11,7.1,-381,-39.1,-374,-39.5,-370,-39.2,-4113602,-30.7,-2469635,-36.2,-75893,-30.3,153,14.2
"06085","5","48412","77","0","2025","1","",103,1039,1039,1030,18326041,7448831,283614,1361,"",0.20,0.19,0.19,0.19,0.08,0.16,0.23,0.40,"",-2,-1.9,77,8.0,109,11.7,107,11.6,2780941,17.9,704751,10.4,44956,18.8,87,6.8
"06085","5","484121","78","0","2025","1","",87,367,380,372,7308391,2683676,88128,1507,"",0.20,0.10,0.10,0.10,0.05,0.09,0.12,0.47,"",5,6.1,119,48.0,139,57.7,131,54.4,3428727,88.4,993479,58.8,41830,90.3,281,22.9
"06085","5","484122","78","0","2025","1","",16,672,659,658,11017650,4765155,195486,1278,"",0.18,0.38,0.37,0.37,0.13,0.31,0.41,0.34,"",-7,-30.4,-42,-5.9,-30,-4.4,-24,-3.5,-647786,-5.6,-288728,-5.7,3126,1.6,-13,-1.0
"06085","5","4842","76","0","2025","1","",149,873,839,848,16210822,5831355,215134,1461,"",0.40,0.28,0.27,0.27,0.12,0.23,0.24,0.42,"",6,4.2,-65,-6.9,-92,-9.9,-90,-9.6,-743454,-4.4,-581257,-9.1,-14388,-6.3,67,4.8
"06085","5","48421","77","0","2025","1","",60,474,457,464,7653653,2996525,90987,1266,"",0.86,0.76,0.73,0.74,0.38,0.73,0.63,0.52,"",1,1.7,-43,-8.3,-61,-11.8,-67,-12.6,-349558,-4.4,-417454,-12.2,-15247,-14.4,87,7.4
"06085","5","484210","78","0","2025","1","",60,474,457,464,7653653,2996525,90987,1266,"",0.86,0.76,0.73,0.74,0.38,0.73,0.63,0.52,"",1,1.7,-43,-8.3,-61,-11.8,-67,-12.6,-349558,-4.4,-417454,-12.2,-15247,-14.4,87,7.4
"06085","5","48422","77","0","2025","1","",76,381,364,367,8227155,2721069,119343,1707,"",0.35,0.25,0.23,0.23,0.12,0.20,0.23,0.52,"",5,7.0,-11,-2.8,-22,-5.7,-15,-3.9,-238748,-2.8,-83125,-3.0,4234,3.7,23,1.4
"06085","5","484220","78","0","2025","1","",76,381,364,367,8227155,2721069,119343,1707,"",0.35,0.25,0.23,0.23,0.12,0.20,0.23,0.52,"",5,7.0,-11,-2.8,-22,-5.7,-15,-3.9,-238748,-2.8,-83125,-3.0,4234,3.7,23,1.4
"06085","5","48423","77","0","2025","1","",13,18,18,17,330014,113761,4804,1437,"",0.14,0.02,0.02,0.02,0.01,0.01,0.02,0.33,"",0,0.0,-11,-37.9,-9,-33.3,-8,-32.0,-155148,-32.0,-80678,-41.5,-3375,-41.3,55,4.0
"06085","5","484230","78","0","2025","1","",13,18,18,17,330014,113761,4804,1437,"",0.14,0.02,0.02,0.02,0.01,0.01,0.02,0.33,"",0,0.0,-11,-37.9,-9,-33.3,-8,-32.0,-155148,-32.0,-80678,-41.5,-3375,-41.3,55,4.0
"06085","5","485","75","0","2025","1","",84,2304,2353,2456,37938729,16776268,775479,1231,"",0.53,0.56,0.57,0.60,0.29,0.62,0.40,0.50,"",0,0.0,20,0.9,74,3.2,213,9.5,2088523,5.8,844240,5.3,125783,19.4,15,1.2
"06085","5","4851","76","0","2025","1","N",3,0,0,0,0,0,0,0,"N",0.50,0,0,0,0,0,0,0,"N",0,0.0,0,0,0,0,0,0,0,0,0,0,0,0,0,0
"06085","5","48511","77","0","2025","1","N",3,0,0,0,0,0,0,0,"N",0.50,0,0,0,0,0,0,0,"N",0,0.0,0,0,0,0,0,0,0,0,0,0,0,0,0,0
"06085","5","485111","78","0","2025","1","N",1,0,0,0,0,0,0,0,"N",1.48,0,0,0,0,0,0,0,"N",0,0.0,0,0,0,0,0,0,0,0,0,0,0,0,0,0
"06085","5","485113","78","0","2025","1","N",2,0,0,0,0,0,0,0,"N",0.44,0,0,0,0,0,0,0,"N",0,0.0,0,0,0,0,0,0,0,0,0,0,0,0,0,0
"06085","5","485119","78","0","2025","1","-",0,0,0,0,0,0,0,0,"N",0.00,0,0,0,0,0,0,0,"N",0,0,0,0,0,0,0,0,0,0,0,0,0,0,0,0
"06085","5","4853","76","0","2025","1","",46,384,391,384,5554848,2564234,96181,1106,"",0.86,0.34,0.35,0.34,0.11,0.33,0.29,0.33,"",-1,-2.1,1,0.3,4,1.0,-2,-0.5,69627,1.3,-25606,-1.0,7421,8.4,11,1.0
"06085","5","48531","77","0","2025","1","",13,12,15,16,124451,69924,2305,668,"",0.56,0.01,0.02,0.02,0.00,0.01,0.01,0.18,"",0,0.0,-16,-57.1,-12,-44.4,-9,-36.0,-244440,-66.3,-55039,-44.0,-2900,-55.7,-396,-37.2
"06085","5","485310","78","0","2025","1","",13,12,15,16,124451,69924,2305,668,"",0.56,0.01,0.02,0.02,0.00,0.01,0.01,0.18,"",0,0.0,-16,-57.1,-12,-44.4,-9,-36.0,-244440,-66.3,-55039,-44.0,-2900,-55.7,-396,-37.2
"06085","5","48532","77","0","2025","1","",33,372,376,368,5430397,2494310,93876,1123,"",1.09,1.85,1.82,1.73,1.00,2.04,1.71,0.56,"",-1,-2.9,17,4.8,16,4.4,7,1.9,314067,6.1,29433,1.2,10321,12.4,26,2.4
"06085","5","485320","78","0","2025","1","",33,372,376,368,5430397,2494310,93876,1123,"",1.09,1.85,1.82,1.73,1.00,2.04,1.71,0.56,"",-1,-2.9,17,4.8,16,4.4,7,1.9,314067,6.1,29433,1.2,10321,12.4,26,2.4
"06085","5","4854","76","0","2025","1","",8,498,497,509,5862854,3256974,179230,900,"",0.26,0.32,0.32,0.33,0.16,0.34,0.15,0.51,"",0,0.0,26,5.5,21,4.4,25,5.2,185547,3.3,115027,3.7,12564,7.5,-15,-1.6
"06085","5","48541","77","0","2025","1","",8,498,497,509,5862854,3256974,179230,900,"",0.26,0.32,0.32,0.33,0.16,0.34,0.15,0.51,"",0,0.0,26,5.5,21,4.4,25,5.2,185547,3.3,115027,3.7,12564,7.5,-15,-1.6
"06085","5","485410","78","0","2025","1","",8,498,497,509,5862854,3256974,179230,900,"",0.26,0.32,0.32,0.33,0.16,0.34,0.15,0.51,"",0,0.0,26,5.5,21,4.4,25,5.2,185547,3.3,115027,3.7,12564,7.5,-15,-1.6
"06085","5","4855","76","0","2025","1","N",4,0,0,0,0,0,0,0,"N",0.41,0,0,0,0,0,0,0,"N",-1,-20.0,0,0,0,0,0,0,0,0,0,0,0,0,0,0
"06085","5","48551","77","0","2025","1","N",4,0,0,0,0,0,0,0,"N",0.41,0,0,0,0,0,0,0,"N",-1,-20.0,0,0,0,0,0,0,0,0,0,0,0,0,0,0
"06085","5","485510","78","0","2025","1","N",4,0,0,0,0,0,0,0,"N",0.41,0,0,0,0,0,0,0,"N",-1,-20.0,0,0,0,0,0,0,0,0,0,0,0,0,0,0
"06085","5","4859","76","0","2025","1","",23,1234,1275,1372,23255381,9634209,466753,1383,"",0.41,1.53,1.57,1.68,0.94,1.87,1.84,0.59,"",3,15.0,2,0.2,63,5.2,205,17.6,1992052,9.4,858419,9.8,104183,28.7,24,1.8
"06085","5","48599","77","0","2025","1","",23,1234,1275,1372,23255381,9634209,466753,1383,"",0.41,1.53,1.57,1.68,0.94,1.87,1.84,0.59,"",3,15.0,2,0.2,63,5.2,205,17.6,1992052,9.4,858419,9.8,104183,28.7,24,1.8
"06085","5","485991","78","0","2025","1","N",15,0,0,0,0,0,0,0,"N",0.47,0,0,0,0,0,0,0,"N",2,15.4,0,0,0,0,0,0,0,0,0,0,0,0,0,0
"06085","5","485999","78","0","2025","1","N",8,0,0,0,0,0,0,0,"N",0.33,0,0,0,0,0,0,0,"N",1,14.3,0,0,0,0,0,0,0,0,0,0,0,0,0,0
"06085","5","486","75","0","2025","1","N",2,0,0,0,0,0,0,0,"N",0.08,0,0,0,0,0,0,0,"N",-1,-33.3,0,0,0,0,0,0,0,0,0,0,0,0,0,0
"06085","5","4869","76","0","2025","1","N",2,0,0,0,0,0,0,0,"N",0.47,0,0,0,0,0,0,0,"N",-1,-33.3,0,0,0,0,0,0,0,0,0,0,0,0,0,0
"06085","5","48691","77","0","2025","1","N",2,0,0,0,0,0,0,0,"N",0.54,0,0,0,0,0,0,0,"N",-1,-33.3,0,0,0,0,0,0,0,0,0,0,0,0,0,0
"06085","5","486910","78","0","2025","1","N",2,0,0,0,0,0,0,0,"N",0.54,0,0,0,0,0,0,0,"N",-1,-33.3,0,0,0,0,0,0,0,0,0,0,0,0,0,0
"06085","5","487","75","0","2025","1","N",3,0,0,0,0,0,0,0,"N",0.12,0,0,0,0,0,0,0,"N",2,200.0,0,0,0,0,0,0,0,0,0,0,0,0,0,0
"06085","5","4871","76","0","2025","1","N",2,0,0,0,0,0,0,0,"N",0.34,0,0,0,0,0,0,0,"N",1,100.0,0,0,0,0,0,0,0,0,0,0,0,0,0,0
"06085","5","48711","77","0","2025","1","N",2,0,0,0,0,0,0,0,"N",0.34,0,0,0,0,0,0,0,"N",1,100.0,0,0,0,0,0,0,0,0,0,0,0,0,0,0
"06085","5","487110","78","0","2025","1","N",2,0,0,0,0,0,0,0,"N",0.34,0,0,0,0,0,0,0,"N",1,100.0,0,0,0,0,0,0,0,0,0,0,0,0,0,0
"06085","5","4872","76","0","2025","1","N",1,0,0,0,0,0,0,0,"N",0.06,0,0,0,0,0,0,0,"N",1,100.0,0,0,0,0,0,0,0,0,0,0,0,0,0,0
"06085","5","48721","77","0","2025","1","N",1,0,0,0,0,0,0,0,"N",0.06,0,0,0,0,0,0,0,"N",1,100.0,0,0,0,0,0,0,0,0,0,0,0,0,0,0
"06085","5","487210","78","0","2025","1","N",1,0,0,0,0,0,0,0,"N",0.06,0,0,0,0,0,0,0,"N",1,100.0,0,0,0,0,0,0,0,0,0,0,0,0,0,0
"06085","5","488","75","0","2025","1","",160,1946,1934,1920,40756718,14101154,513024,1622,"",0.39,0.33,0.33,0.33,0.14,0.30,0.31,0.43,"",8,5.3,6,0.3,-9,-0.5,-18,-0.9,2947210,7.8,199787,1.4,105984,26.0,123,8.2
"06085","5","4881","76","0","2025","1","",34,723,720,710,15273399,5123343,138647,1637,"",0.51,0.37,0.37,0.37,0.19,0.36,0.31,0.51,"",3,9.7,60,9.0,46,6.8,37,5.5,1173771,8.3,553994,12.1,33905,32.4,18,1.1
"06085","5","48811","77","0","2025","1","",11,509,502,496,7385110,3544600,105022,1131,"",0.64,0.55,0.54,0.54,0.28,0.60,0.49,0.51,"",-1,-8.3,38,8.1,23,4.8,16,3.3,457291,6.6,349362,10.9,25589,32.2,13,1.2
"06085","5","488119","78","0","2025","1","",11,509,502,496,7385110,3544600,105022,1131,"",0.72,0.56,0.55,0.55,0.29,0.62,0.50,0.52,"",-1,-8.3,38,8.1,23,4.8,16,3.3,457291,6.6,349362,10.9,25589,32.2,13,1.2
"06085","5","48819","77","0","2025","1","",23,214,218,214,7888289,1578743,33625,2818,"",0.47,0.21,0.21,0.21,0.15,0.19,0.15,0.69,"",4,21.1,22,11.5,23,11.8,21,10.9,716480,10.0,204632,14.9,8316,32.9,-36,-1.3
"06085","5","488190","78","0","2025","1","",23,214,218,214,7888289,1578743,33625,2818,"",0.47,0.21,0.21,0.21,0.15,0.19,0.15,0.69,"",4,21.1,22,11.5,23,11.8,21,10.9,716480,10.0,204632,14.9,8316,32.9,-36,-1.3
"06085","5","4882","76","0","2025","1","N",1,0,0,0,0,0,0,0,"N",0.07,0,0,0,0,0,0,0,"N",0,0.0,0,0,0,0,0,0,0,0,0,0,0,0,0,0
"06085","5","48821","77","0","2025","1","N",1,0,0,0,0,0,0,0,"N",0.07,0,0,0,0,0,0,0,"N",0,0.0,0,0,0,0,0,0,0,0,0,0,0,0,0,0
"06085","5","488210","78","0","2025","1","N",1,0,0,0,0,0,0,0,"N",0.07,0,0,0,0,0,0,0,"N",0,0.0,0,0,0,0,0,0,0,0,0,0,0,0,0,0
"06085","5","4883","76","0","2025","1","N",1,0,0,0,0,0,0,0,"N",0.05,0,0,0,0,0,0,0,"N",0,0.0,0,0,0,0,0,0,0,0,0,0,0,0,0,0
"06085","5","48833","77","0","2025","1","N",1,0,0,0,0,0,0,0,"N",0.15,0,0,0,0,0,0,0,"N",0,0.0,0,0,0,0,0,0,0,0,0,0,0,0,0,0
"06085","5","488330","78","0","2025","1","N",1,0,0,0,0,0,0,0,"N",0.15,0,0,0,0,0,0,0,"N",0,0.0,0,0,0,0,0,0,0,0,0,0,0,0,0,0
"06085","5","4884","76","0","2025","1","",73,535,528,539,9166499,3836151,126205,1320,"",0.68,0.65,0.64,0.66,0.30,0.63,0.61,0.46,"",3,4.3,-23,-4.1,-30,-5.4,-9,-1.6,-112925,-1.2,-113204,-2.9,6850,5.7,33,2.6
"06085","5","48841","77","0","2025","1","",49,459,455,454,7592057,3232563,108994,1281,"",0.64,0.87,0.86,0.86,0.39,0.83,0.91,0.45,"",2,4.3,-6,-1.3,-14,-3.0,0,0.0,16203,0.2,-26419,-0.8,9992,10.1,21,1.7
"06085","5","488410","78","0","2025","1","",49,459,455,454,7592057,3232563,108994,1281,"",0.64,0.87,0.86,0.86,0.39,0.83,0.91,0.45,"",2,4.3,-6,-1.3,-14,-3.0,0,0.0,16203,0.2,-26419,-0.8,9992,10.1,21,1.7
"06085","5","48849","77","0","2025","1","",24,76,73,85,1574442,603588,17211,1553,"",0.80,0.26,0.24,0.30,0.14,0.27,0.19,0.52,"",1,4.3,-17,-18.3,-16,-18.0,-9,-9.6,-129128,-7.6,-86785,-12.6,-3142,-15.4,129,9.1
"06085","5","488490","78","0","2025","1","",24,76,73,85,1574442,603588,17211,1553,"",0.80,0.26,0.24,0.30,0.14,0.27,0.19,0.52,"",1,4.3,-17,-18.3,-16,-18.0,-9,-9.6,-129128,-7.6,-86785,-12.6,-3142,-15.4,129,9.1
"06085","5","4885","76","0","2025","1","",36,160,162,162,4729935,998758,44841,2255,"",0.20,0.08,0.09,0.09,0.05,0.06,0.07,0.53,"",2,5.9,10,6.7,10,6.6,13,8.7,1815647,62.3,-30708,-3.0,12384,38.2,764,51.2
"06085","5","48851","77","0","2025","1","",36,160,162,162,4729935,998758,44841,2255,"",0.20,0.08,0.09,0.09,0.05,0.06,0.07,0.53,"",2,5.9,10,6.7,10,6.6,13,8.7,1815647,62.3,-30708,-3.0,12384,38.2,764,51.2
"06085","5","488510","78","0","2025","1","",36,160,162,162,4729935,998758,44841,2255,"",0.20,0.08,0.09,0.09,0.05,0.06,0.07,0.53,"",2,5.9,10,6.7,10,6.6,13,8.7,1815647,62.3,-30708,-3.0,12384,38.2,764,51.2
"06085","5","4889","76","0","2025","1","",15,442,430,419,10084157,3429151,172507,1803,"",0.57,1.65,1.59,1.55,0.79,1.83,2.45,0.50,"",0,0.0,-35,-7.3,-39,-8.3,-61,-12.7,159033,1.6,-199532,-5.5,48103,38.7,197,12.3
"06085","5","48899","77","0","2025","1","",15,442,430,419,10084157,3429151,172507,1803,"",0.57,1.65,1.59,1.55,0.79,1.83,2.45,0.50,"",0,0.0,-35,-7.3,-39,-8.3,-61,-12.7,159033,1.6,-199532,-5.5,48103,38.7,197,12.3
"06085","5","488991","78","0","2025","1","N",11,0,0,0,0,0,0,0,"N",1.11,0,0,0,0,0,0,0,"N",0,0.0,0,0,0,0,0,0,0,0,0,0,0,0,0,0
"06085","5","488999","78","0","2025","1","N",4,0,0,0,0,0,0,0,"N",0.24,0,0,0,0,0,0,0,"N",0,0.0,0,0,0,0,0,0,0,0,0,0,0,0,0,0
"06085","5","491","75","0","2025","1","",6,10,9,9,121336,62356,2558,1000,"",0.85,0.19,0.17,0.17,0.08,0.18,0.21,0.45,"",-1,-14.3,-13,-56.5,-13,-59.1,-14,-60.9,-87446,-41.9,-62584,-50.1,-2280,-47.1,291,41.0
"06085","5","4911","76","0","2025","1","",6,10,9,9,121336,62356,2558,1000,"",0.85,0.19,0.17,0.17,0.08,0.18,0.21,0.45,"",-1,-14.3,-13,-56.5,-13,-59.1,-14,-60.9,-87446,-41.9,-62584,-50.1,-2280,-47.1,291,41.0
"06085","5","49111","77","0","2025","1","",6,10,9,9,121336,62356,2558,1000,"",0.85,0.19,0.17,0.17,0.08,0.18,0.21,0.45,"",-1,-14.3,-13,-56.5,-13,-59.1,-14,-60.9,-87446,-41.9,-62584,-50.1,-2280,-47.1,291,41.0
"06085","5","491110","78","0","2025","1","",6,10,9,9,121336,62356,2558,1000,"",0.85,0.19,0.17,0.17,0.08,0.18,0.21,0.45,"",-1,-14.3,-13,-56.5,-13,-59.1,-14,-60.9,-87446,-41.9,-62584,-50.1,-2280,-47.1,291,41.0
"06085","5","492","75","0","2025","1","",119,5150,5039,4648,83385971,33222458,1142355,1297,"",0.75,0.62,0.63,0.60,0.29,0.63,0.74,0.48,"",-1,-0.8,535,11.6,665,15.2,316,7.3,5783496,7.5,3093360,10.3,188924,19.8,-47,-3.5
"06085","5","4921","76","0","2025","1","",56,3639,3585,3201,62037341,21642135,710143,1373,"",0.57,0.53,0.54,0.50,0.27,0.50,0.64,0.52,"",1,1.8,603,19.9,711,24.7,342,12.0,5938019,10.6,3048048,16.4,179489,33.8,-103,-7.0
"06085","5","49211","77","0","2025","1","",56,3639,3585,3201,62037341,21642135,710143,1373,"",0.57,0.53,0.54,0.50,0.27,0.50,0.64,0.52,"",1,1.8,603,19.9,711,24.7,342,12.0,5938019,10.6,3048048,16.4,179489,33.8,-103,-7.0
"06085","5","492110","78","0","2025","1","",56,3639,3585,3201,62037341,21642135,710143,1373,"",0.57,0.53,0.54,0.50,0.27,0.50,0.64,0.52,"",1,1.8,603,19.9,711,24.7,342,12.0,5938019,10.6,3048048,16.4,179489,33.8,-103,-7.0
"06085","5","4922","76","0","2025","1","",63,1511,1454,1447,21348630,11580323,432212,1117,"",1.05,1.02,1.02,1.04,0.37,1.21,0.99,0.36,"",-2,-3.1,-68,-4.3,-46,-3.1,-26,-1.8,-154523,-0.7,45312,0.4,9435,2.2,27,2.5
"06085","5","49221","77","0","2025","1","",63,1511,1454,1447,21348630,11580323,432212,1117,"",1.05,1.02,1.02,1.04,0.37,1.21,0.99,0.36,"",-2,-3.1,-68,-4.3,-46,-3.1,-26,-1.8,-154523,-0.7,45312,0.4,9435,2.2,27,2.5
"06085","5","492210","78","0","2025","1","",63,1511,1454,1447,21348630,11580323,432212,1117,"",1.05,1.02,1.02,1.04,0.37,1.21,0.99,0.36,"",-2,-3.1,-68,-4.3,-46,-3.1,-26,-1.8,-154523,-0.7,45312,0.4,9435,2.2,27,2.5
"06085","5","493","75","0","2025","1","",35,1487,1466,1452,42114927,13525722,543228,2206,"",0.21,0.11,0.11,0.11,0.09,0.14,0.17,0.79,"",-3,-7.9,42,2.9,10,0.7,16,1.1,1823661,4.5,1588827,13.3,99546,22.4,62,2.9
"06085","5","4931","76","0","2025","1","",35,1487,1466,1452,42114927,13525722,543228,2206,"",0.21,0.11,0.11,0.11,0.09,0.14,0.17,0.79,"",-3,-7.9,42,2.9,10,0.7,16,1.1,1823661,4.5,1588827,13.3,99546,22.4,62,2.9
"06085","5","49311","77","0","2025","1","",23,1442,1424,1410,40251290,13095406,529255,2172,"",0.18,0.11,0.11,0.11,0.09,0.15,0.18,0.80,"",-3,-11.5,81,6.0,20,1.4,19,1.4,871546,2.2,1614174,14.1,96585,22.3,-15,-0.7
"06085","5","493110","78","0","2025","1","",23,1442,1424,1410,40251290,13095406,529255,2172,"",0.18,0.11,0.11,0.11,0.09,0.15,0.18,0.80,"",-3,-11.5,81,6.0,20,1.4,19,1.4,871546,2.2,1614174,14.1,96585,22.3,-15,-0.7
"06085","5","49312","77","0","2025","1","",4,15,14,14,179979,82472,2190,966,"",0.32,0.03,0.03,0.03,0.01,0.02,0.01,0.28,"",-1,-20.0,-40,-72.7,-6,-30.0,-5,-26.3,-258395,-58.9,-177207,-68.2,-4104,-65.2,-110,-10.2
"06085","5","493120","78","0","2025","1","",4,15,14,14,179979,82472,2190,966,"",0.32,0.03,0.03,0.03,0.01,0.02,0.01,0.28,"",-1,-20.0,-40,-72.7,-6,-30.0,-5,-26.3,-258395,-58.9,-177207,-68.2,-4104,-65.2,-110,-10.2
"06085","5","49319","77","0","2025","1","",8,30,28,28,1683658,347844,11783,4518,"",0.41,0.08,0.07,0.07,0.09,0.11,0.11,1.24,"",1,14.3,1,3.4,-4,-12.5,2,7.7,1210510,255.8,151860,77.5,7065,149.7,3263,260.0
"06085","5","493190","78","0","2025","1","",8,30,28,28,1683658,347844,11783,4518,"",0.41,0.08,0.07,0.07,0.09,0.11,0.11,1.24,"",1,14.3,1,3.4,-4,-12.5,2,7.7,1210510,255.8,151860,77.5,7065,149.7,3263,260.0
"06085","5","51","74","0","2025","1","",1823,94376,94392,94374,13781378193,772752406,29249474,11232,"",0.87,4.60,4.56,4.60,5.03,3.35,3.14,1.10,"",102,5.9,635,0.7,1374,1.5,2731,3.0,2158933927,18.6,-5967506,-0.8,4697215,19.1,1598,16.6
"06085","5","512","75","0","2025","1","N",77,0,0,0,0,0,0,0,"N",0.27,0,0,0,0,0,0,0,"N",7,10.0,0,0,0,0,0,0,0,0,0,0,0,0,0,0
"06085","5","5121","76","0","2025","1","",65,1200,1191,1175,35351032,6628513,247695,2288,"",0.26,0.53,0.47,0.49,0.27,0.46,0.24,0.53,"",3,4.8,98,8.9,87,7.9,65,5.9,7271578,25.9,647414,10.8,44920,22.2,334,17.1
"06085","5","51211","77","0","2025","1","",34,130,125,128,5355713,871177,33965,3227,"",0.19,0.11,0.08,0.09,0.05,0.08,0.04,0.54,"",1,3.0,7,5.7,2,1.6,3,2.4,580008,12.1,5219,0.6,2507,8.0,256,8.6
"06085","5","512110","78","0","2025","1","",34,130,125,128,5355713,871177,33965,3227,"",0.19,0.11,0.08,0.09,0.05,0.08,0.04,0.54,"",1,3.0,7,5.7,2,1.6,3,2.4,580008,12.1,5219,0.6,2507,8.0,256,8.6
"06085","5","51212","77","0","2025","1","N",1,0,0,0,0,0,0,0,"N",0.17,0,0,0,0,0,0,0,"N",0,0.0,0,0,0,0,0,0,0,0,0,0,0,0,0,0
"06085","5","512120","78","0","2025","1","N",1,0,0,0,0,0,0,0,"N",0.17,0,0,0,0,0,0,0,"N",0,0.0,0,0,0,0,0,0,0,0,0,0,0,0,0,0
"06085","5","51213","77","0","2025","1","",21,724,719,695,4738367,3068690,50237,511,"",0.71,0.84,0.87,0.86,0.38,1.10,0.84,0.44,"",0,0.0,12,1.7,36,5.3,4,0.6,120176,2.6,60058,2.0,4487,9.8,0,0.0
"06085","5","512131","78","0","2025","1","N",20,0,0,0,0,0,0,0,"N",0.71,0,0,0,0,0,0,0,"N",0,0.0,0,0,0,0,0,0,0,0,0,0,0,0,0,0
"06085","5","512132","78","0","2025","1","N",1,0,0,0,0,0,0,0,"N",0.69,0,0,0,0,0,0,0,"N",0,0.0,0,0,0,0,0,0,0,0,0,0,0,0,0,0
"06085","5","51219","77","0","2025","1","N",9,0,0,0,0,0,0,0,"N",0.26,0,0,0,0,0,0,0,"N",2,28.6,0,0,0,0,0,0,0,0,0,0,0,0,0,0
"06085","5","512191","78","0","2025","1","N",9,0,0,0,0,0,0,0,"N",0.31,0,0,0,0,0,0,0,"N",2,28.6,0,0,0,0,0,0,0,0,0,0,0,0,0,0
"06085","5","5122","76","0","2025","1","N",12,0,0,0,0,0,0,0,"N",0.31,0,0,0,0,0,0,0,"N",4,50.0,0,0,0,0,0,0,0,0,0,0,0,0,0,0
"06085","5","51223","77","0","2025","1","N",1,0,0,0,0,0,0,0,"N",0.12,0,0,0,0,0,0,0,"N",0,0.0,0,0,0,0,0,0,0,0,0,0,0,0,0,0
"06085","5","512230","78","0","2025","1","N",1,0,0,0,0,0,0,0,"N",0.12,0,0,0,0,0,0,0,"N",0,0.0,0,0,0,0,0,0,0,0,0,0,0,0,0,0
"06085","5","51224","77","0","2025","1","",5,18,17,17,433482,114588,5140,1924,"",0.36,0.56,0.52,0.51,0.28,0.52,0.56,0.53,"",0,0.0,-2,-10.0,-3,-15.0,-2,-10.5,75415,21.1,-19357,-14.5,435,9.2,523,37.3
"06085","5","512240","78","0","2025","1","",5,18,17,17,433482,114588,5140,1924,"",0.36,0.56,0.52,0.51,0.28,0.52,0.56,0.53,"",0,0.0,-2,-10.0,-3,-15.0,-2,-10.5,75415,21.1,-19357,-14.5,435,9.2,523,37.3
"06085","5","51225","77","0","2025","1","N",3,0,0,0,0,0,0,0,"N",0.31,0,0,0,0,0,0,0,"N",2,200.0,0,0,0,0,0,0,0,0,0,0,0,0,0,0
"06085","5","512250","78","0","2025","1","N",3,0,0,0,0,0,0,0,"N",0.31,0,0,0,0,0,0,0,"N",2,200.0,0,0,0,0,0,0,0,0,0,0,0,0,0,0
"06085","5","51229","77","0","2025","1","N",3,0,0,0,0,0,0,0,"N",0.51,0,0,0,0,0,0,0,"N",2,200.0,0,0,0,0,0,0,0,0,0,0,0,0,0,0
"06085","5","512290","78","0","2025","1","N",3,0,0,0,0,0,0,0,"N",0.51,0,0,0,0,0,0,0,"N",2,200.0,0,0,0,0,0,0,0,0,0,0,0,0,0,0
"06085","5","513","75","0","2025","1","",850,32350,32449,32740,3529734195,254136899,10648633,8351,"",0.94,4.95,4.98,5.04,4.12,2.84,3.24,0.82,"",68,8.7,-1022,-3.1,-399,-1.2,386,1.2,80651000,2.3,-30414806,-10.7,1287426,13.8,276,3.4
"06085","5","5131","76","0","2025","1","",103,1338,1331,1257,64156942,9409685,379600,3771,"",0.52,0.73,0.72,0.69,0.42,0.55,0.50,0.59,"",-2,-1.9,-205,-13.3,-207,-13.5,-255,-16.9,-6949488,-9.8,-1901923,-16.8,-37038,-8.9,198,5.5
"06085","5","51311","77","0","2025","1","",24,314,301,290,5052148,2133285,106354,1288,"",0.48,0.51,0.49,0.48,0.13,0.43,0.55,0.27,"",-2,-7.7,-45,-12.5,-54,-15.2,-53,-15.5,-909306,-15.3,-531419,-19.9,-21223,-16.6,-14,-1.1
"06085","5","513110","78","0","2025","1","",24,314,301,290,5052148,2133285,106354,1288,"",0.48,0.51,0.49,0.48,0.13,0.43,0.55,0.27,"",-2,-7.7,-45,-12.5,-54,-15.2,-53,-15.5,-909306,-15.3,-531419,-19.9,-21223,-16.6,-14,-1.1
"06085","5","51312","77","0","2025","1","",19,436,443,424,16515605,3010632,96621,2925,"",0.34,0.97,0.99,0.95,0.40,0.73,0.51,0.41,"",0,0.0,-64,-12.8,-62,-12.3,-81,-16.0,-2123932,-11.4,-583105,-16.2,1831,1.9,76,2.7
"06085","5","513120","78","0","2025","1","",19,436,443,424,16515605,3010632,96621,2925,"",0.34,0.97,0.99,0.95,0.40,0.73,0.51,0.41,"",0,0.0,-64,-12.8,-62,-12.3,-81,-16.0,-2123932,-11.4,-583105,-16.2,1831,1.9,76,2.7
"06085","5","51313","77","0","2025","1","",21,142,137,105,4855932,1013148,50011,2918,"",0.54,0.37,0.35,0.27,0.16,0.26,0.34,0.48,"N",3,16.7,0,0,0,0,0,0,0,0,0,0,0,0,0,0
"06085","5","513130","78","0","2025","1","",21,142,137,105,4855932,1013148,50011,2918,"",0.54,0.37,0.35,0.27,0.16,0.26,0.34,0.48,"N",3,16.7,0,0,0,0,0,0,0,0,0,0,0,0,0,0
"06085","5","51314","77","0","2025","1","",4,12,12,12,222242,57263,2101,1425,"",0.42,0.11,0.12,0.12,0.02,0.04,0.03,0.19,"N",0,0.0,0,0,0,0,0,0,0,0,0,0,0,0,0,0
"06085","5","513140","78","0","2025","1","",4,12,12,12,222242,57263,2101,1425,"",0.42,0.11,0.12,0.12,0.02,0.04,0.03,0.19,"N",0,0.0,0,0,0,0,0,0,0,0,0,0,0,0,0,0
"06085","5","51319","77","0","2025","1","",35,434,438,426,37511015,3195357,124513,6669,"",0.81,1.52,1.54,1.50,1.20,1.18,0.81,0.79,"",-3,-7.9,-80,-15.6,-70,-13.8,-72,-14.5,-2870769,-7.1,-607232,-16.0,-13487,-9.8,538,8.8
"06085","5","513199","78","0","2025","1","",35,434,438,426,37511015,3195357,124513,6669,"",0.82,1.62,1.64,1.60,1.24,1.23,0.82,0.77,"",-3,-7.9,-80,-15.6,-70,-13.8,-72,-14.5,-2870769,-7.1,-607232,-16.0,-13487,-9.8,538,8.8
"06085","5","5132","76","0","2025","1","",747,31012,31118,31483,3465577253,244727214,10269033,8543,"",1.05,6.61,6.65,6.74,4.91,3.38,4.05,0.74,"",70,10.3,-817,-2.6,-192,-0.6,641,2.1,87600488,2.6,-28512883,-10.4,1324464,14.8,248,3.0
"06085","5","51321","77","0","2025","1","",747,31012,31118,31483,3465577253,244727214,10269033,8543,"",1.05,6.61,6.65,6.74,4.91,3.38,4.05,0.74,"",70,10.3,-817,-2.6,-192,-0.6,641,2.1,87600488,2.6,-28512883,-10.4,1324464,14.8,248,3.0
"06085","5","513210","78","0","2025","1","",747,31012,31118,31483,3465577253,244727214,10269033,8543,"",1.05,6.61,6.65,6.74,4.91,3.38,4.05,0.74,"",70,10.3,-817,-2.6,-192,-0.6,641,2.1,87600488,2.6,-28512883,-10.4,1324464,14.8,248,3.0
"06085","5","516","75","0","2025","1","",104,4923,5012,5026,1102526635,36394584,1818753,17006,"",0.70,2.01,2.05,2.06,2.14,1.40,1.67,1.05,"",-5,-4.6,3093,169.0,3192,175.4,3207,176.3,966145895,708.4,20810933,133.5,1069727,142.8,11251,195.5
"06085","5","5161","76","0","2025","1","",18,107,107,104,1912154,598683,26459,1388,"",0.42,0.13,0.13,0.13,0.04,0.10,0.13,0.28,"",0,0.0,-2,-1.8,1,0.9,2,2.0,-620767,-24.5,-109953,-15.5,-4278,-13.9,-456,-24.7
"06085","5","51611","77","0","2025","1","",14,68,68,65,1002213,372852,16245,1151,"",0.47,0.19,0.19,0.18,0.05,0.15,0.20,0.29,"",1,7.7,-1,-1.4,2,3.0,4,6.6,-99068,-9.0,-23124,-5.8,522,3.3,-146,-11.3
"06085","5","516110","78","0","2025","1","",14,68,68,65,1002213,372852,16245,1151,"",0.47,0.19,0.19,0.18,0.05,0.15,0.20,0.29,"",1,7.7,-1,-1.4,2,3.0,4,6.6,-99068,-9.0,-23124,-5.8,522,3.3,-146,-11.3
"06085","5","51612","77","0","2025","1","",4,39,39,39,909941,225831,10214,1795,"",0.32,0.08,0.08,0.08,0.03,0.06,0.08,0.30,"",-1,-20.0,-1,-2.5,-1,-2.5,-2,-4.9,-521699,-36.4,-86829,-27.8,-4800,-32.0,-935,-34.2
"06085","5","516120","78","0","2025","1","",4,39,39,39,909941,225831,10214,1795,"",0.32,0.08,0.08,0.08,0.03,0.06,0.08,0.30,"",-1,-20.0,-1,-2.5,-1,-2.5,-2,-4.9,-521699,-36.4,-86829,-27.8,-4800,-32.0,-935,-34.2
"06085","5","5162","76","0","2025","1","",86,4816,4905,4922,1100614481,35795901,1792294,17345,"",0.81,2.97,3.01,3.03,2.39,1.81,2.04,0.79,"",-5,-5.5,3095,179.8,3191,186.2,3205,186.7,966766662,722.3,20920886,140.6,1074005,149.5,11350,189.3
"06085","5","51621","77","0","2025","1","",86,4816,4905,4922,1100614481,35795901,1792294,17345,"",0.81,2.97,3.01,3.03,2.39,1.81,2.04,0.79,"",-5,-5.5,3095,179.8,3191,186.2,3205,186.7,966766662,722.3,20920886,140.6,1074005,149.5,11350,189.3
"06085","5","516210","78","0","2025","1","",86,4816,4905,4922,1100614481,35795901,1792294,17345,"",0.81,2.97,3.01,3.03,2.39,1.81,2.04,0.79,"",-5,-5.5,3095,179.8,3191,186.2,3205,186.7,966766662,722.3,20920886,140.6,1074005,149.5,11350,189.3
"06085","5","517","75","0","2025","1","",162,3240,3260,3278,161562924,23712757,1037195,3813,"",0.65,0.75,0.76,0.76,0.39,0.52,0.63,0.51,"",-20,-11.0,-1694,-34.3,-1641,-33.5,-1590,-32.7,-150300660,-48.2,-12326291,-34.2,-512567,-33.1,-1082,-22.1
"06085","5","5171","76","0","2025","1","",117,2219,2213,2208,99153058,15980722,757926,3446,"",0.57,0.56,0.56,0.56,0.27,0.38,0.51,0.48,"",-21,-15.2,-1696,-43.3,-1681,-43.2,-1656,-42.9,-162780049,-62.1,-12586389,-44.1,-566883,-42.8,-1732,-33.4
"06085","5","51711","77","0","2025","1","",105,2182,2175,2169,97482840,15630378,742517,3447,"",0.61,0.59,0.59,0.59,0.28,0.40,0.53,0.47,"",-19,-15.3,-1639,-42.9,-1632,-42.9,-1616,-42.7,-155661642,-61.5,-11739766,-42.9,-518871,-41.1,-1672,-32.7
"06085","5","517111","78","0","2025","1","",69,1633,1624,1618,70276268,11639463,566923,3327,"",0.54,0.52,0.52,0.52,0.24,0.36,0.50,0.46,"",-14,-16.9,-1470,-47.4,-1468,-47.5,-1452,-47.3,-145636885,-67.5,-10599852,-47.7,-502603,-47.0,-2051,-38.1
"06085","5","517112","78","0","2025","1","",36,549,551,551,27206572,3990915,175594,3803,"",0.79,0.99,0.99,1.00,0.47,0.56,0.66,0.47,"",-5,-12.2,-169,-23.5,-164,-22.9,-164,-22.9,-10024757,-26.9,-1139914,-22.2,-16268,-8.5,-197,-4.9
"06085","5","51712","77","0","2025","1","",12,37,38,39,1670218,350344,15409,3381,"",0.38,0.14,0.15,0.15,0.08,0.14,0.15,0.57,"",-2,-14.3,-57,-60.6,-49,-56.3,-40,-50.6,-7118407,-81.0,-846623,-70.7,-48012,-75.7,-4420,-56.7
"06085","5","517121","78","0","2025","1","",12,37,38,39,1670218,350344,15409,3381,"",0.38,0.14,0.15,0.15,0.08,0.14,0.15,0.57,"",-2,-14.3,-57,-60.6,-49,-56.3,-40,-50.6,-7118407,-81.0,-846623,-70.7,-48012,-75.7,-4420,-56.7
"06085","5","5174","76","0","2025","1","",9,74,81,106,4407086,773646,40149,3897,"",1.20,1.10,1.21,1.58,0.66,1.25,1.23,0.51,"",1,12.5,45,155.2,50,161.3,75,241.9,3201377,265.5,524849,211.0,32852,450.2,839,27.4
"06085","5","51741","77","0","2025","1","",9,74,81,106,4407086,773646,40149,3897,"",1.20,1.10,1.21,1.58,0.66,1.25,1.23,0.51,"",1,12.5,45,155.2,50,161.3,75,241.9,3201377,265.5,524849,211.0,32852,450.2,839,27.4
"06085","5","517410","78","0","2025","1","",9,74,81,106,4407086,773646,40149,3897,"",1.20,1.10,1.21,1.58,0.66,1.25,1.23,0.51,"",1,12.5,45,155.2,50,161.3,75,241.9,3201377,265.5,524849,211.0,32852,450.2,839,27.4
"06085","5","5178","76","0","2025","1","",36,947,966,964,58002780,6958389,239120,4653,"",0.96,2.93,3.02,3.03,1.43,2.16,2.00,0.48,"",0,0.0,-43,-4.3,-10,-1.0,-9,-0.9,9278012,19.0,-264751,-3.7,21464,9.9,827,21.6
"06085","5","51781","77","0","2025","1","",36,947,966,964,58002780,6958389,239120,4653,"",0.96,2.93,3.02,3.03,1.43,2.16,2.00,0.48,"",0,0.0,-43,-4.3,-10,-1.0,-9,-0.9,9278012,19.0,-264751,-3.7,21464,9.9,827,21.6
"06085","5","517810","78","0","2025","1","",36,947,966,964,58002780,6958389,239120,4653,"",0.96,2.93,3.02,3.03,1.43,2.16,2.00,0.48,"",0,0.0,-43,-4.3,-10,-1.0,-9,-0.9,9278012,19.0,-264751,-3.7,21464,9.9,827,21.6
"06085","5","518","75","0","2025","1","",477,14372,14382,14240,2138246966,106318554,4478816,11477,"",1.21,4.12,4.13,4.10,4.35,2.70,2.73,1.06,"",52,12.2,1459,11.3,1412,10.9,1260,9.7,684696984,47.1,9731599,10.1,971269,27.7,2846,33.0
"06085","5","5182","76","0","2025","1","",477,14372,14382,14240,2138246966,106318554,4478816,11477,"",1.21,4.12,4.13,4.10,4.35,2.70,2.73,1.06,"",52,12.2,1459,11.3,1412,10.9,1260,9.7,684696984,47.1,9731599,10.1,971269,27.7,2846,33.0
"06085","5","51821","77","0","2025","1","",477,14372,14382,14240,2138246966,106318554,4478816,11477,"",1.21,4.12,4.13,4.10,4.35,2.70,2.73,1.06,"",52,12.2,1459,11.3,1412,10.9,1260,9.7,684696984,47.1,9731599,10.1,971269,27.7,2846,33.0
"06085","5","518210","78","0","2025","1","",477,14372,14382,14240,2138246966,106318554,4478816,11477,"",1.21,4.12,4.13,4.10,4.35,2.70,2.73,1.06,"",52,12.2,1459,11.3,1412,10.9,1260,9.7,684696984,47.1,9731599,10.1,971269,27.7,2846,33.0
"06085","5","519","75","0","2025","1","N",153,0,0,0,0,0,0,0,"N",1.29,0,0,0,0,0,0,0,"N",0,0.0,0,0,0,0,0,0,0,0,0,0,0,0,0,0
"06085","5","5192","76","0","2025","1","N",153,0,0,0,0,0,0,0,"N",1.29,0,0,0,0,0,0,0,"N",0,0.0,0,0,0,0,0,0,0,0,0,0,0,0,0,0
"06085","5","51921","77","0","2025","1","N",3,0,0,0,0,0,0,0,"N",0.18,0,0,0,0,0,0,0,"N",0,0.0,0,0,0,0,0,0,0,0,0,0,0,0,0,0
"06085","5","519210","78","0","2025","1","N",3,0,0,0,0,0,0,0,"N",0.18,0,0,0,0,0,0,0,"N",0,0.0,0,0,0,0,0,0,0,0,0,0,0,0,0,0
"06085","5","51929","77","0","2025","1","N",150,0,0,0,0,0,0,0,"N",1.47,0,0,0,0,0,0,0,"N",0,0.0,0,0,0,0,0,0,0,0,0,0,0,0,0,0
"06085","5","519290","78","0","2025","1","N",150,0,0,0,0,0,0,0,"N",1.47,0,0,0,0,0,0,0,"N",0,0.0,0,0,0,0,0,0,0,0,0,0,0,0,0,0
"06085","5","52","74","0","2025","1","",2268,19995,20047,20080,1605080532,152397027,5757226,6161,"",0.55,0.44,0.44,0.44,0.26,0.34,0.41,0.59,"",0,0.0,-730,-3.5,-707,-3.4,-568,-2.8,168782472,11.8,-2829533,-1.8,390855,7.3,826,15.5
"06085","5","522","75","0","2025","1","",691,11120,11244,11295,963657720,86067213,3519124,6607,"",0.51,0.60,0.61,0.61,0.50,0.50,0.64,0.82,"",-17,-2.4,-524,-4.5,-358,-3.1,-326,-2.8,134072075,16.2,-477290,-0.6,352605,11.1,1116,20.3
"06085","5","5221","76","0","2025","1","",410,6009,5989,5998,414618069,48836816,2171720,5317,"",0.54,0.47,0.47,0.47,0.31,0.41,0.66,0.67,"",-17,-4.0,-49,-0.8,-46,-0.8,-82,-1.3,37037904,9.8,179412,0.4,117653,5.7,522,10.9
"06085","5","52211","77","0","2025","1","",323,4980,4948,4964,380320133,42007887,1956702,5894,"",0.58,0.50,0.50,0.50,0.33,0.46,0.76,0.66,"",-12,-3.6,33,0.7,18,0.4,-5,-0.1,39461263,11.6,632898,1.5,120661,6.6,596,11.2
"06085","5","522110","78","0","2025","1","",323,4980,4948,4964,380320133,42007887,1956702,5894,"",0.58,0.50,0.50,0.50,0.33,0.46,0.76,0.66,"",-12,-3.6,33,0.7,18,0.4,-5,-0.1,39461263,11.6,632898,1.5,120661,6.6,596,11.2
"06085","5","52213","77","0","2025","1","",81,1006,1020,1014,33412840,6666625,208920,2536,"",0.56,0.45,0.45,0.45,0.27,0.34,0.45,0.60,"",0,0.0,-75,-6.9,-55,-5.1,-65,-6.0,-1774439,-5.0,-345127,-4.9,2222,1.1,26,1.0
"06085","5","522130","78","0","2025","1","",81,1006,1020,1014,33412840,6666625,208920,2536,"",0.56,0.45,0.45,0.45,0.27,0.34,0.45,0.60,"",0,0.0,-75,-6.9,-55,-5.1,-65,-6.0,-1774439,-5.0,-345127,-4.9,2222,1.1,26,1.0
"06085","5","52218","77","0","2025","1","",6,23,21,20,885096,162304,6098,3191,"",0.12,0.03,0.03,0.03,0.02,0.02,0.03,0.52,"",-5,-45.5,-7,-23.3,-9,-30.0,-12,-37.5,-648920,-42.3,-108359,-40.0,-5230,-46.2,-657,-17.1
"06085","5","522180","78","0","2025","1","",6,23,21,20,885096,162304,6098,3191,"",0.12,0.03,0.03,0.03,0.02,0.02,0.03,0.52,"",-5,-45.5,-7,-23.3,-9,-30.0,-12,-37.5,-648920,-42.3,-108359,-40.0,-5230,-46.2,-657,-17.1
"06085","5","5222","76","0","2025","1","",127,1237,1246,1244,59570576,8082590,342191,3689,"",0.35,0.34,0.34,0.34,0.16,0.24,0.25,0.47,"",-5,-3.8,-120,-8.8,-98,-7.3,-94,-7.0,9044775,17.9,18325,0.2,44859,15.1,802,27.8
"06085","5","52221","77","0","2025","1","N",2,0,0,0,0,0,0,0,"N",0.28,0,0,0,0,0,0,0,"N",-1,-33.3,0,0,0,0,0,0,0,0,0,0,0,0,0,0
"06085","5","522210","78","0","2025","1","N",2,0,0,0,0,0,0,0,"N",0.28,0,0,0,0,0,0,0,"N",-1,-33.3,0,0,0,0,0,0,0,0,0,0,0,0,0,0
"06085","5","52222","77","0","2025","1","N",16,0,0,0,0,0,0,0,"N",0.35,0,0,0,0,0,0,0,"N",0,0.0,0,0,0,0,0,0,0,0,0,0,0,0,0,0
"06085","5","522220","78","0","2025","1","N",16,0,0,0,0,0,0,0,"N",0.35,0,0,0,0,0,0,0,"N",0,0.0,0,0,0,0,0,0,0,0,0,0,0,0,0,0
"06085","5","52229","77","0","2025","1","",109,1178,1184,1185,57230280,7683819,326065,3723,"",0.35,0.46,0.46,0.46,0.23,0.32,0.31,0.50,"",-4,-3.5,-89,-7.0,-69,-5.5,-64,-5.1,12956752,29.3,248733,3.3,54047,19.9,1012,37.3
"06085","5","522291","78","0","2025","1","",27,199,216,214,18713364,1650552,82336,6866,"",0.25,0.31,0.34,0.34,0.31,0.29,0.39,0.94,"",1,3.8,55,38.2,91,72.8,88,69.8,14263259,320.5,873518,112.4,47814,138.5,4266,164.1
"06085","5","522292","78","0","2025","1","",66,894,885,889,35831419,5444793,218250,3099,"",0.52,0.69,0.68,0.68,0.30,0.44,0.32,0.44,"",-3,-4.3,-133,-13.0,-148,-14.3,-139,-13.5,-559870,-1.5,-477861,-8.1,7417,3.5,379,13.9
"06085","5","522299","78","0","2025","1","",16,85,83,82,2685497,588474,25479,2479,"",0.22,0.14,0.13,0.13,0.04,0.10,0.16,0.29,"",-2,-11.1,-11,-11.5,-12,-12.6,-13,-13.7,-746637,-21.8,-146924,-20.0,-1184,-4.4,-290,-10.5
"06085","5","5223","76","0","2025","1","",154,3874,4009,4053,489469075,29147807,1005213,9463,"",0.64,1.92,1.99,2.02,2.09,1.57,1.19,1.06,"",5,3.4,-355,-8.4,-214,-5.1,-150,-3.6,87989396,21.9,-675027,-2.3,190093,23.3,2142,29.3
"06085","5","52231","77","0","2025","1","",88,332,332,334,10935967,2483093,137295,2529,"",0.72,0.57,0.57,0.57,0.23,0.45,0.42,0.40,"",6,7.3,-95,-22.2,-73,-18.0,-77,-18.7,-246482,-2.2,-576326,-18.8,-26811,-16.3,453,21.8
"06085","5","522310","78","0","2025","1","",88,332,332,334,10935967,2483093,137295,2529,"",0.72,0.57,0.57,0.57,0.23,0.45,0.42,0.40,"",6,7.3,-95,-22.2,-73,-18.0,-77,-18.7,-246482,-2.2,-576326,-18.8,-26811,-16.3,453,21.8
"06085","5","52232","77","0","2025","1","",38,3236,3362,3405,463280801,24417473,793480,10688,"",0.56,3.50,3.62,3.70,3.63,2.71,2.29,1.00,"",0,0.0,-242,-7.0,-134,-3.8,-72,-2.1,87867581,23.4,-80073,-0.3,211525,36.3,2398,28.9
"06085","5","522320","78","0","2025","1","",38,3236,3362,3405,463280801,24417473,793480,10688,"",0.56,3.50,3.62,3.70,3.63,2.71,2.29,1.00,"",0,0.0,-242,-7.0,-134,-3.8,-72,-2.1,87867581,23.4,-80073,-0.3,211525,36.3,2398,28.9
"06085","5","52239","77","0","2025","1","",28,306,315,314,15252307,2247241,74438,3764,"",0.54,0.61,0.62,0.62,0.26,0.55,0.44,0.42,"",-1,-3.4,-18,-5.6,-7,-2.2,-1,-0.3,368297,2.5,-18628,-0.8,5379,7.8,190,5.3
"06085","5","522390","78","0","2025","1","",28,306,315,314,15252307,2247241,74438,3764,"",0.54,0.61,0.62,0.62,0.26,0.55,0.44,0.42,"",-1,-3.4,-18,-5.6,-7,-2.2,-1,-0.3,368297,2.5,-18628,-0.8,5379,7.8,190,5.3
"06085","5","523","75","0","2025","1","",877,4803,4747,4785,508519228,37106320,1188920,8186,"",0.80,0.61,0.60,0.61,0.21,0.40,0.37,0.34,"",28,3.3,-58,-1.2,-191,-3.9,-94,-1.9,29699992,6.2,-1374777,-3.6,34029,2.9,658,8.7
"06085","5","5231","76","0","2025","1","N",157,0,0,0,0,0,0,0,"N",0.53,0,0,0,0,0,0,0,"N",-13,-7.6,0,0,0,0,0,0,0,0,0,0,0,0,0,0
"06085","5","52315","77","0","2025","1","",146,1386,1381,1412,222962096,11347002,316838,12312,"",0.54,0.43,0.43,0.44,0.20,0.29,0.27,0.47,"",-14,-8.8,73,5.6,-24,-1.7,29,2.1,39320423,21.4,-204861,-1.8,20499,6.9,1978,19.1
"06085","5","523150","78","0","2025","1","",146,1386,1381,1412,222962096,11347002,316838,12312,"",0.54,0.43,0.43,0.44,0.20,0.29,0.27,0.47,"",-14,-8.8,73,5.6,-24,-1.7,29,2.1,39320423,21.4,-204861,-1.8,20499,6.9,1978,19.1
"06085","5","52316","77","0","2025","1","N",11,0,0,0,0,0,0,0,"N",0.44,0,0,0,0,0,0,0,"N",1,10.0,0,0,0,0,0,0,0,0,0,0,0,0,0,0
"06085","5","523160","78","0","2025","1","N",11,0,0,0,0,0,0,0,"N",0.44,0,0,0,0,0,0,0,"N",1,10.0,0,0,0,0,0,0,0,0,0,0,0,0,0,0
"06085","5","5232","76","0","2025","1","N",6,0,0,0,0,0,0,0,"N",0.82,0,0,0,0,0,0,0,"N",2,50.0,0,0,0,0,0,0,0,0,0,0,0,0,0,0
"06085","5","52321","77","0","2025","1","N",6,0,0,0,0,0,0,0,"N",0.82,0,0,0,0,0,0,0,"N",2,50.0,0,0,0,0,0,0,0,0,0,0,0,0,0,0
"06085","5","523210","78","0","2025","1","N",6,0,0,0,0,0,0,0,"N",0.82,0,0,0,0,0,0,0,"N",2,50.0,0,0,0,0,0,0,0,0,0,0,0,0,0,0
"06085","5","5239","76","0","2025","1","",714,3396,3345,3351,284769592,25543081,862051,6512,"",0.90,0.78,0.76,0.77,0.23,0.51,0.45,0.30,"",39,5.8,-116,-3.3,-155,-4.4,-113,-3.3,-7053287,-2.4,-1059110,-4.0,20359,2.4,84,1.3
"06085","5","52391","77","0","2025","1","",148,1061,1066,1074,109689524,7959450,252637,7908,"",2.13,4.40,4.42,4.46,1.82,3.12,2.21,0.41,"",1,0.7,-25,-2.3,-16,-1.5,21,2.0,5221473,5.0,-186424,-2.3,23345,10.2,423,5.7
"06085","5","523910","78","0","2025","1","",148,1061,1066,1074,109689524,7959450,252637,7908,"",2.13,4.40,4.42,4.46,1.82,3.12,2.21,0.41,"",1,0.7,-25,-2.3,-16,-1.5,21,2.0,5221473,5.0,-186424,-2.3,23345,10.2,423,5.7
"06085","5","52394","77","0","2025","1","",542,2212,2164,2168,170203559,16482171,563103,6002,"",0.84,0.60,0.58,0.59,0.16,0.38,0.34,0.26,"",37,7.3,-125,-5.3,-163,-7.0,-149,-6.4,-12679783,-6.9,-1331183,-7.5,-27721,-4.7,-44,-0.7
"06085","5","523940","78","0","2025","1","",542,2212,2164,2168,170203559,16482171,563103,6002,"",0.84,0.60,0.58,0.59,0.16,0.38,0.34,0.26,"",37,7.3,-125,-5.3,-163,-7.0,-149,-6.4,-12679783,-6.9,-1331183,-7.5,-27721,-4.7,-44,-0.7
"06085","5","52399","77","0","2025","1","",24,123,115,109,4876509,1101460,46311,3243,"",0.30,0.29,0.27,0.25,0.06,0.23,0.27,0.23,"",1,4.3,34,38.2,24,26.4,15,16.0,405023,9.1,458497,71.3,24735,114.6,-523,-13.9
"06085","5","523991","78","0","2025","1","",11,40,40,38,665349,253837,7141,1301,"",0.52,0.26,0.26,0.24,0.04,0.16,0.15,0.16,"",-1,-8.3,-5,-11.1,-4,-9.1,-7,-15.6,-1340140,-66.8,-34945,-12.1,-2061,-22.4,-2153,-62.3
"06085","5","523999","78","0","2025","1","",13,83,75,71,4211160,847623,39170,4244,"",0.22,0.30,0.27,0.26,0.07,0.27,0.32,0.24,"",2,18.2,39,88.6,28,59.6,22,44.9,1745163,70.8,493442,139.3,26796,216.6,179,4.4
"06085","5","524","75","0","2025","1","",662,3995,3976,3925,129862028,28659478,1026981,2519,"",0.41,0.21,0.21,0.21,0.08,0.16,0.19,0.35,"",-9,-1.3,-116,-2.8,-135,-3.3,-129,-3.2,6219463,5.0,-734426,-2.5,11649,1.1,195,8.4
"06085","5","5241","76","0","2025","1","",79,1298,1258,1258,45634448,9493885,387520,2761,"",0.31,0.15,0.14,0.15,0.05,0.11,0.15,0.34,"",-8,-9.2,2,0.2,-29,-2.3,-16,-1.3,886102,2.0,-30525,-0.3,9757,2.6,84,3.1
"06085","5","52411","77","0","2025","1","",33,671,640,649,22627196,5062426,165097,2664,"",0.34,0.14,0.14,0.14,0.05,0.10,0.12,0.35,"",-6,-15.4,-35,-5.0,-47,-6.8,-55,-7.8,-2312783,-9.3,-142655,-2.7,-3052,-1.8,-81,-3.0
"06085","5","524113","78","0","2025","1","",20,153,125,121,4414597,1119030,35399,2553,"",0.54,0.10,0.08,0.08,0.02,0.06,0.08,0.25,"",1,5.3,-4,-2.5,-17,-12.0,-28,-18.8,463424,11.7,258812,30.1,9100,34.6,518,25.5
"06085","5","524114","78","0","2025","1","",13,518,515,528,18212599,3943396,129698,2692,"",0.22,0.16,0.16,0.17,0.07,0.13,0.14,0.41,"",-7,-35.0,-31,-5.6,-30,-5.5,-27,-4.9,-2776207,-13.2,-401467,-9.2,-12152,-8.6,-245,-8.3
"06085","5","52412","77","0","2025","1","",46,627,618,609,23007252,4431459,222423,2864,"",0.32,0.17,0.16,0.16,0.06,0.12,0.19,0.35,"",-2,-4.2,37,6.3,18,3.0,39,6.8,3198885,16.1,112130,2.6,12809,6.1,267,10.3
"06085","5","524126","78","0","2025","1","N",19,0,0,0,0,0,0,0,"N",0.21,0,0,0,0,0,0,0,"N",1,5.6,0,0,0,0,0,0,0,0,0,0,0,0,0,0
"06085","5","524127","78","0","2025","1","",25,424,414,408,15304793,2821757,173207,2835,"",0.63,1.10,1.07,1.06,0.44,0.77,0.87,0.41,"",-3,-10.7,20,5.0,1,0.2,-5,-1.2,2251565,17.2,32723,1.2,4566,2.7,386,15.8
"06085","5","524128","78","0","2025","1","N",2,0,0,0,0,0,0,0,"N",0.13,0,0,0,0,0,0,0,"N",0,0.0,0,0,0,0,0,0,0,0,0,0,0,0,0,0
"06085","5","5242","76","0","2025","1","",583,2697,2718,2667,84227580,19165593,639461,2405,"",0.43,0.27,0.27,0.27,0.10,0.21,0.24,0.38,"",-1,-0.2,-118,-4.2,-106,-3.8,-113,-4.1,5333361,6.8,-703901,-3.5,1892,0.3,242,11.2
"06085","5","52421","77","0","2025","1","",551,2537,2545,2501,80306869,17937191,593410,2444,"",0.48,0.35,0.35,0.35,0.13,0.27,0.33,0.38,"",-3,-0.5,-91,-3.5,-78,-3.0,-78,-3.0,5568097,7.5,-686505,-3.7,4616,0.8,241,10.9
"06085","5","524210","78","0","2025","1","",551,2537,2545,2501,80306869,17937191,593410,2444,"",0.48,0.35,0.35,0.35,0.13,0.27,0.33,0.38,"",-3,-0.5,-91,-3.5,-78,-3.0,-78,-3.0,5568097,7.5,-686505,-3.7,4616,0.8,241,10.9
"06085","5","52429","77","0","2025","1","",32,160,173,166,3920711,1228402,46051,1813,"",0.15,0.06,0.06,0.06,0.02,0.05,0.05,0.30,"",2,6.7,-27,-14.4,-28,-13.9,-35,-17.4,-234736,-5.6,-17396,-1.4,-2724,-5.6,185,11.4
"06085","5","524291","78","0","2025","1","",8,21,22,22,891736,208342,6301,3166,"",0.13,0.05,0.05,0.05,0.03,0.05,0.05,0.58,"",1,14.3,2,10.5,3,15.8,3,15.8,55792,6.7,-20155,-8.8,-2594,-29.2,-218,-6.4
"06085","5","524292","78","0","2025","1","",13,107,119,112,1927969,800715,34169,1316,"",0.19,0.07,0.07,0.07,0.02,0.05,0.07,0.23,"",1,8.3,-28,-20.7,-25,-17.4,-32,-22.2,-172526,-8.2,30147,3.9,983,3.0,170,14.8
"06085","5","524298","78","0","2025","1","",11,32,32,32,1101006,219345,5581,2647,"",0.13,0.04,0.04,0.04,0.02,0.03,0.02,0.36,"",0,0.0,-1,-3.0,-6,-15.8,-6,-15.8,-118002,-9.7,-27388,-11.1,-1113,-16.6,66,2.6
"06085","5","525","75","0","2025","1","",38,77,80,75,3041556,564016,22201,3025,"",0.52,0.33,0.29,0.31,0.07,0.19,0.17,0.22,"",-2,-5.0,-32,-29.4,-23,-22.3,-19,-20.2,-1209058,-28.4,-243040,-30.1,-7428,-25.1,-181,-5.6
"06085","5","5251","76","0","2025","1","",8,14,16,15,76914,47629,1608,394,"",0.52,0.14,0.14,0.16,0.01,0.06,0.05,0.06,"",1,14.3,8,133.3,10,166.7,10,200.0,-100008,-56.5,12482,35.5,449,38.7,-2008,-83.6
"06085","5","52511","77","0","2025","1","N",3,0,0,0,0,0,0,0,"N",0.43,0,0,0,0,0,0,0,"N",0,0.0,0,0,0,0,0,0,0,0,0,0,0,0,0,0
"06085","5","525110","78","0","2025","1","N",3,0,0,0,0,0,0,0,"N",0.43,0,0,0,0,0,0,0,"N",0,0.0,0,0,0,0,0,0,0,0,0,0,0,0,0,0
"06085","5","52512","77","0","2025","1","N",3,0,0,0,0,0,0,0,"N",0.56,0,0,0,0,0,0,0,"N",1,50.0,0,0,0,0,0,0,0,0,0,0,0,0,0,0
"06085","5","525120","78","0","2025","1","N",3,0,0,0,0,0,0,0,"N",0.56,0,0,0,0,0,0,0,"N",1,50.0,0,0,0,0,0,0,0,0,0,0,0,0,0,0
"06085","5","52519","77","0","2025","1","N",2,0,0,0,0,0,0,0,"N",0.70,0,0,0,0,0,0,0,"N",0,0.0,0,0,0,0,0,0,0,0,0,0,0,0,0,0
"06085","5","525190","78","0","2025","1","N",2,0,0,0,0,0,0,0,"N",0.70,0,0,0,0,0,0,0,"N",0,0.0,0,0,0,0,0,0,0,0,0,0,0,0,0,0
"06085","5","5259","76","0","2025","1","",30,63,64,60,2964642,516387,20593,3659,"",0.52,0.45,0.41,0.42,0.09,0.25,0.20,0.20,"",-3,-9.1,-40,-38.8,-33,-34.0,-29,-32.6,-1109050,-27.2,-255522,-33.1,-7877,-27.7,406,12.5
"06085","5","52591","77","0","2025","1","N",4,0,0,0,0,0,0,0,"N",0.38,0,0,0,0,0,0,0,"N",-1,-20.0,0,0,0,0,0,0,0,0,0,0,0,0,0,0
"06085","5","525910","78","0","2025","1","N",4,0,0,0,0,0,0,0,"N",0.38,0,0,0,0,0,0,0,"N",-1,-20.0,0,0,0,0,0,0,0,0,0,0,0,0,0,0
"06085","5","52592","77","0","2025","1","N",12,0,0,0,0,0,0,0,"N",0.52,0,0,0,0,0,0,0,"N",-1,-7.7,0,0,0,0,0,0,0,0,0,0,0,0,0,0
"06085","5","525920","78","0","2025","1","N",12,0,0,0,0,0,0,0,"N",0.52,0,0,0,0,0,0,0,"N",-1,-7.7,0,0,0,0,0,0,0,0,0,0,0,0,0,0
"06085","5","52599","77","0","2025","1","",14,26,27,27,1743751,138783,6330,5030,"",0.57,0.31,0.32,0.32,0.08,0.15,0.16,0.26,"",-1,-6.7,-29,-52.7,-22,-44.9,-21,-43.8,-910098,-34.3,-247322,-64.1,-9444,-59.9,1001,24.8
"06085","5","525990","78","0","2025","1","",14,26,27,27,1743751,138783,6330,5030,"",0.57,0.31,0.32,0.32,0.08,0.15,0.16,0.26,"",-1,-6.7,-29,-52.7,-22,-44.9,-21,-43.8,-910098,-34.3,-247322,-64.1,-9444,-59.9,1001,24.8
"06085","5","53","74","0","2025","1","",3249,15312,15127,15142,478851251,98337273,3449126,2424,"",0.93,0.90,0.89,0.89,0.50,0.74,0.71,0.57,"",103,3.3,-249,-1.6,-250,-1.6,-173,-1.1,-12827089,-2.6,-4725155,-4.6,130967,3.9,-29,-1.2
"06085","5","531","75","0","2025","1","",3050,13134,12966,12992,373617710,83445543,2947077,2206,"",1.00,1.02,1.00,1.01,0.51,0.83,0.78,0.51,"",103,3.5,-234,-1.8,-224,-1.7,-60,-0.5,-4611507,-1.2,-4027224,-4.6,69422,2.4,2,0.1
"06085","5","5311","76","0","2025","1","",715,4011,3884,3930,140098471,25276317,961362,2734,"",0.82,0.89,0.86,0.87,0.55,0.75,0.75,0.63,"",19,2.7,134,3.5,89,2.3,75,1.9,2701575,2.0,-623151,-2.4,22264,2.4,-17,-0.6
"06085","5","53111","77","0","2025","1","",367,1321,1327,1301,25020205,8149958,230685,1462,"",0.78,0.50,0.50,0.49,0.21,0.41,0.31,0.42,"",19,5.5,0,0.0,15,1.1,27,2.1,531111,2.2,-102081,-1.2,12907,5.9,16,1.1
"06085","5","531110","78","0","2025","1","",367,1321,1327,1301,25020205,8149958,230685,1462,"",0.78,0.50,0.50,0.49,0.21,0.41,0.31,0.42,"",19,5.5,0,0.0,15,1.1,27,2.1,531111,2.2,-102081,-1.2,12907,5.9,16,1.1
"06085","5","53112","77","0","2025","1","",163,1267,1146,1229,63162467,7444367,236067,4002,"",0.84,1.14,1.02,1.10,0.62,0.84,0.70,0.57,"",3,1.9,197,18.4,156,15.8,137,12.5,4963055,8.5,109043,1.5,36128,18.1,-259,-6.1
"06085","5","531120","78","0","2025","1","",163,1267,1146,1229,63162467,7444367,236067,4002,"",0.84,1.14,1.02,1.10,0.62,0.84,0.70,0.57,"",3,1.9,197,18.4,156,15.8,137,12.5,4963055,8.5,109043,1.5,36128,18.1,-259,-6.1
"06085","5","53113","77","0","2025","1","",111,1091,1077,1073,46747467,7602510,423495,3329,"",0.84,2.52,2.48,2.47,3.06,2.69,4.06,1.23,"",-3,-2.6,-46,-4.0,-68,-5.9,-66,-5.8,-2802379,-5.7,-497246,-6.1,-27796,-6.2,-13,-0.4
"06085","5","531130","78","0","2025","1","",111,1091,1077,1073,46747467,7602510,423495,3329,"",0.84,2.52,2.48,2.47,3.06,2.69,4.06,1.23,"",-3,-2.6,-46,-4.0,-68,-5.9,-66,-5.8,-2802379,-5.7,-497246,-6.1,-27796,-6.2,-13,-0.4
"06085","5","53119","77","0","2025","1","",74,332,334,327,5168332,2079482,71115,1201,"",0.99,1.11,1.12,1.09,0.30,0.98,0.88,0.27,"",0,0.0,-17,-4.9,-14,-4.0,-23,-6.6,9788,0.2,-132867,-6.0,1025,1.5,64,5.6
"06085","5","531190","78","0","2025","1","",74,332,334,327,5168332,2079482,71115,1201,"",0.99,1.11,1.12,1.09,0.30,0.98,0.88,0.27,"",0,0.0,-17,-4.9,-14,-4.0,-23,-6.6,9788,0.2,-132867,-6.0,1025,1.5,64,5.6
"06085","5","5312","76","0","2025","1","",1229,3315,3296,3281,93299415,20965030,777896,2177,"",1.08,1.39,1.38,1.38,0.64,1.12,1.14,0.46,"",40,3.4,-434,-11.6,-377,-10.3,-348,-9.6,-18424784,-16.5,-3945343,-15.8,-59472,-7.1,-156,-6.7
"06085","5","53121","77","0","2025","1","",1229,3315,3296,3281,93299415,20965030,777896,2177,"",1.08,1.39,1.38,1.38,0.64,1.12,1.14,0.46,"",40,3.4,-434,-11.6,-377,-10.3,-348,-9.6,-18424784,-16.5,-3945343,-15.8,-59472,-7.1,-156,-6.7
"06085","5","531210","78","0","2025","1","",1229,3315,3296,3281,93299415,20965030,777896,2177,"",1.08,1.39,1.38,1.38,0.64,1.12,1.14,0.46,"",40,3.4,-434,-11.6,-377,-10.3,-348,-9.6,-18424784,-16.5,-3945343,-15.8,-59472,-7.1,-156,-6.7
"06085","5","5313","76","0","2025","1","",1106,5808,5786,5781,140219824,37204196,1207819,1862,"",1.05,0.97,0.96,0.96,0.43,0.77,0.67,0.44,"",44,4.1,66,1.1,64,1.1,213,3.8,11111702,8.6,541270,1.5,106630,9.7,113,6.5
"06085","5","53131","77","0","2025","1","",912,5353,5327,5292,126452244,33904979,1085677,1827,"",1.25,1.05,1.04,1.03,0.49,0.83,0.73,0.47,"",17,1.9,21,0.4,18,0.3,23,0.4,9421880,8.1,71094,0.2,86642,8.7,130,7.7
"06085","5","531311","78","0","2025","1","",710,4208,4181,4149,89047798,26650251,871623,1639,"",1.27,1.08,1.07,1.06,0.53,0.90,0.79,0.50,"",-2,-0.3,-56,-1.3,-69,-1.6,-56,-1.3,5209161,6.2,-240114,-0.9,60498,7.5,118,7.8
"06085","5","531312","78","0","2025","1","",202,1145,1146,1143,37404446,7254728,214054,2514,"",1.19,0.93,0.93,0.93,0.41,0.65,0.55,0.44,"",19,10.4,77,7.2,87,8.2,79,7.4,4212719,12.7,311208,4.5,26144,13.9,114,4.8
"06085","5","53132","77","0","2025","1","",30,65,69,69,1858258,449154,13047,2112,"",0.33,0.33,0.35,0.35,0.18,0.29,0.25,0.53,"",0,0.0,-7,-9.7,-5,-6.8,5,7.8,82948,4.7,-36643,-7.5,-1113,-7.9,161,8.3
"06085","5","531320","78","0","2025","1","",30,65,69,69,1858258,449154,13047,2112,"",0.33,0.33,0.35,0.35,0.18,0.29,0.25,0.53,"",0,0.0,-7,-9.7,-5,-6.8,5,7.8,82948,4.7,-36643,-7.5,-1113,-7.9,161,8.3
"06085","5","53139","77","0","2025","1","",164,390,390,420,11909322,2850063,109095,2290,"",0.70,0.57,0.57,0.61,0.20,0.49,0.43,0.34,"",27,19.7,52,15.4,51,15.0,185,78.7,1606874,15.6,506819,21.6,21101,24.0,-317,-12.2
"06085","5","531390","78","0","2025","1","",164,390,390,420,11909322,2850063,109095,2290,"",0.70,0.57,0.57,0.61,0.20,0.49,0.43,0.34,"",27,19.7,52,15.4,51,15.0,185,78.7,1606874,15.6,506819,21.6,21101,24.0,-317,-12.2
"06085","5","532","75","0","2025","1","",178,1867,1850,1839,33900163,12392933,363494,1408,"",0.43,0.47,0.46,0.46,0.18,0.40,0.35,0.38,"",-2,-1.1,-64,-3.3,-71,-3.7,-161,-8.0,-4311762,-11.3,-1268900,-9.3,23380,6.9,-99,-6.6
"06085","5","5321","76","0","2025","1","",73,858,848,843,13237335,5615110,148609,1198,"",0.56,0.57,0.56,0.56,0.21,0.51,0.48,0.37,"",0,0.0,-26,-2.9,-40,-4.5,-59,-6.5,-740165,-5.3,-285696,-4.8,15975,12.0,-8,-0.7
"06085","5","53211","77","0","2025","1","",57,612,603,600,8888290,4046205,102181,1130,"",0.75,0.73,0.72,0.71,0.27,0.68,0.64,0.37,"",1,1.8,-16,-2.5,-26,-4.1,-37,-5.8,-181265,-2.0,-113683,-2.7,12893,14.4,25,2.3
"06085","5","532111","78","0","2025","1","N",56,0,0,0,0,0,0,0,"N",0.80,0,0,0,0,0,0,0,"N",1,1.8,0,0,0,0,0,0,0,0,0,0,0,0,0,0
"06085","5","532112","78","0","2025","1","N",1,0,0,0,0,0,0,0,"N",0.16,0,0,0,0,0,0,0,"N",0,0.0,0,0,0,0,0,0,0,0,0,0,0,0,0,0
"06085","5","53212","77","0","2025","1","",16,246,245,243,4349045,1568905,46428,1367,"",0.29,0.37,0.36,0.36,0.15,0.31,0.31,0.40,"",-1,-5.9,-10,-3.9,-14,-5.4,-22,-8.3,-558900,-11.4,-172013,-9.9,3082,7.1,-85,-5.9
"06085","5","532120","78","0","2025","1","",16,246,245,243,4349045,1568905,46428,1367,"",0.29,0.37,0.36,0.36,0.15,0.31,0.31,0.40,"",-1,-5.9,-10,-3.9,-14,-5.4,-22,-8.3,-558900,-11.4,-172013,-9.9,3082,7.1,-85,-5.9
"06085","5","5322","76","0","2025","1","N",40,0,0,0,0,0,0,0,"N",0.32,0,0,0,0,0,0,0,"N",-1,-2.4,0,0,0,0,0,0,0,0,0,0,0,0,0,0
"06085","5","53221","77","0","2025","1","N",3,0,0,0,0,0,0,0,"N",0.31,0,0,0,0,0,0,0,"N",-1,-25.0,0,0,0,0,0,0,0,0,0,0,0,0,0,0
"06085","5","532210","78","0","2025","1","N",3,0,0,0,0,0,0,0,"N",0.31,0,0,0,0,0,0,0,"N",-1,-25.0,0,0,0,0,0,0,0,0,0,0,0,0,0,0
"06085","5","53228","77","0","2025","1","N",37,0,0,0,0,0,0,0,"N",0.33,0,0,0,0,0,0,0,"N",0,0.0,0,0,0,0,0,0,0,0,0,0,0,0,0,0
"06085","5","532281","78","0","2025","1","",5,61,55,55,2145081,373747,11740,2895,"",0.97,1.78,1.69,1.65,1.97,1.93,1.16,1.16,"",0,0.0,-2,-3.2,-5,-8.3,-7,-11.3,-14455,-0.7,-32438,-8.0,599,5.4,201,7.5
"06085","5","532282","78","0","2025","1","N",2,0,0,0,0,0,0,0,"N",0.66,0,0,0,0,0,0,0,"N",0,0.0,0,0,0,0,0,0,0,0,0,0,0,0,0,0
"06085","5","532283","78","0","2025","1","",8,60,64,64,1004913,440253,19051,1234,"",0.41,0.26,0.27,0.28,0.11,0.24,0.37,0.40,"",2,33.3,4,7.1,9,16.4,8,14.3,221791,28.3,74187,20.3,7955,71.7,152,14.0
"06085","5","532284","78","0","2025","1","N",2,0,0,0,0,0,0,0,"N",0.09,0,0,0,0,0,0,0,"N",0,0.0,0,0,0,0,0,0,0,0,0,0,0,0,0,0
"06085","5","532289","78","0","2025","1","",20,250,246,253,3370947,1606851,46546,1039,"",0.32,0.61,0.60,0.61,0.23,0.58,0.42,0.38,"",-2,-9.1,-5,-2.0,-4,-1.6,-13,-4.9,-46850,-1.4,-72675,-4.3,6776,17.0,16,1.6
"06085","5","5323","76","0","2025","1","N",5,0,0,0,0,0,0,0,"N",0.21,0,0,0,0,0,0,0,"N",0,0.0,0,0,0,0,0,0,0,0,0,0,0,0,0,0
"06085","5","53231","77","0","2025","1","N",5,0,0,0,0,0,0,0,"N",0.21,0,0,0,0,0,0,0,"N",0,0.0,0,0,0,0,0,0,0,0,0,0,0,0,0,0
"06085","5","532310","78","0","2025","1","N",5,0,0,0,0,0,0,0,"N",0.21,0,0,0,0,0,0,0,"N",0,0.0,0,0,0,0,0,0,0,0,0,0,0,0,0,0
"06085","5","5324","76","0","2025","1","",60,483,496,480,10929373,3256523,106464,1729,"",0.44,0.34,0.35,0.34,0.12,0.26,0.23,0.36,"",-1,-1.6,-94,-16.3,-72,-12.7,-128,-21.1,-4535311,-29.3,-1085180,-25.0,-16900,-13.7,-307,-15.1
"06085","5","53241","77","0","2025","1","",22,280,278,274,6617955,1886228,55886,1836,"",0.36,0.37,0.37,0.37,0.13,0.28,0.25,0.36,"",1,4.8,-58,-17.2,-53,-16.0,-76,-21.7,-1670841,-20.2,-504699,-21.1,-6729,-10.7,-41,-2.2
"06085","5","532411","78","0","2025","1","N",3,0,0,0,0,0,0,0,"N",0.51,0,0,0,0,0,0,0,"N",1,50.0,0,0,0,0,0,0,0,0,0,0,0,0,0,0
"06085","5","532412","78","0","2025","1","N",19,0,0,0,0,0,0,0,"N",0.35,0,0,0,0,0,0,0,"N",0,0.0,0,0,0,0,0,0,0,0,0,0,0,0,0,0
"06085","5","53249","77","0","2025","1","",38,203,218,206,4311418,1370295,50578,1587,"",0.56,0.34,0.36,0.34,0.13,0.27,0.22,0.38,"N",-1,-2.6,0,0,0,0,0,0,0,0,0,0,0,0,0,0
"06085","5","532490","78","0","2025","1","",38,203,218,206,4311418,1370295,50578,1587,"",0.56,0.34,0.36,0.34,0.13,0.27,0.22,0.38,"N",-1,-2.6,0,0,0,0,0,0,0,0,0,0,0,0,0,0
"06085","5","533","75","0","2025","1","",21,311,311,311,71333378,2498797,138555,17644,"",0.78,2.01,2.01,2.02,2.67,1.61,2.21,1.33,"",2,10.5,49,18.7,45,16.9,48,18.3,-3903820,-5.2,570969,29.6,38165,38.0,-4306,-19.6
"06085","5","5331","76","0","2025","1","",21,311,311,311,71333378,2498797,138555,17644,"",0.78,2.01,2.01,2.02,2.67,1.61,2.21,1.33,"",2,10.5,49,18.7,45,16.9,48,18.3,-3903820,-5.2,570969,29.6,38165,38.0,-4306,-19.6
"06085","5","53311","77","0","2025","1","",21,311,311,311,71333378,2498797,138555,17644,"",0.78,2.01,2.01,2.02,2.67,1.61,2.21,1.33,"",2,10.5,49,18.7,45,16.9,48,18.3,-3903820,-5.2,570969,29.6,38165,38.0,-4306,-19.6
"06085","5","533110","78","0","2025","1","",21,311,311,311,71333378,2498797,138555,17644,"",0.78,2.01,2.01,2.02,2.67,1.61,2.21,1.33,"",2,10.5,49,18.7,45,16.9,48,18.3,-3903820,-5.2,570969,29.6,38165,38.0,-4306,-19.6
"06085","5","54","74","0","2025","1","",10322,154791,155450,154926,13474958923,1309569420,47956520,6685,"",0.83,2.00,2.00,2.01,1.94,1.80,1.75,0.97,"",549,5.6,-5658,-3.5,-5724,-3.6,-5575,-3.5,754066952,5.9,-36923345,-2.7,6570179,15.9,596,9.8
"06085","5","541","75","0","2025","1","",10322,154791,155450,154926,13474958923,1309569420,47956520,6685,"",0.83,2.00,2.00,2.01,1.94,1.80,1.75,0.97,"",549,5.6,-5658,-3.5,-5724,-3.6,-5575,-3.5,754066952,5.9,-36923345,-2.7,6570179,15.9,596,9.8
"06085","5","5411","76","0","2025","1","",921,6600,6589,6588,391440794,46297789,1369341,4568,"",0.62,0.76,0.76,0.76,0.57,0.61,0.58,0.74,"",10,1.1,-241,-3.5,-359,-5.2,-327,-4.7,57363489,17.2,-3807621,-7.6,57742,4.4,844,22.7
"06085","5","54111","77","0","2025","1","",859,6428,6421,6417,386753885,44962093,1308535,4633,"",0.64,0.81,0.81,0.81,0.60,0.64,0.63,0.74,"",4,0.5,-249,-3.7,-355,-5.2,-325,-4.8,56965055,17.3,-3839641,-7.9,56117,4.5,864,22.9
"06085","5","541110","78","0","2025","1","",859,6428,6421,6417,386753885,44962093,1308535,4633,"",0.64,0.81,0.81,0.81,0.60,0.64,0.63,0.74,"",4,0.5,-249,-3.7,-355,-5.2,-325,-4.8,56965055,17.3,-3839641,-7.9,56117,4.5,864,22.9
"06085","5","54119","77","0","2025","1","",62,172,168,171,4686909,1335696,60806,2117,"",0.41,0.24,0.23,0.24,0.11,0.23,0.23,0.48,"",6,10.7,8,4.9,-4,-2.3,-2,-1.2,398434,9.3,32020,2.5,1625,2.7,173,8.9
"06085","5","541191","78","0","2025","1","N",10,0,0,0,0,0,0,0,"N",0.14,0,0,0,0,0,0,0,"N",-3,-23.1,0,0,0,0,0,0,0,0,0,0,0,0,0,0
"06085","5","541199","78","0","2025","1","N",52,0,0,0,0,0,0,0,"N",0.64,0,0,0,0,0,0,0,"N",9,20.9,0,0,0,0,0,0,0,0,0,0,0,0,0,0
"06085","5","5412","76","0","2025","1","",930,8350,8579,8612,256840443,59854681,1894900,2321,"",0.70,1.01,0.99,1.00,0.49,0.83,0.72,0.49,"",35,3.9,-465,-5.3,-350,-3.9,-301,-3.4,1231304,0.5,-2927943,-4.7,318753,20.2,108,4.9
"06085","5","54121","77","0","2025","1","",930,8350,8579,8612,256840443,59854681,1894900,2321,"",0.70,1.01,0.99,1.00,0.49,0.83,0.72,0.49,"",35,3.9,-465,-5.3,-350,-3.9,-301,-3.4,1231304,0.5,-2927943,-4.7,318753,20.2,108,4.9
"06085","5","541211","78","0","2025","1","",341,5550,5596,5528,181437509,39890541,1144424,2511,"",0.76,1.44,1.42,1.41,0.66,1.07,1.00,0.47,"",10,3.0,-283,-4.9,-220,-3.8,-236,-4.1,-2865947,-1.6,-2583864,-6.1,233293,25.6,68,2.8
"06085","5","541213","78","0","2025","1","",269,863,1001,1032,13905862,6059660,260602,1108,"",0.99,0.90,0.95,0.99,0.47,1.05,0.60,0.49,"",6,2.3,-48,-5.3,-14,-1.4,5,0.5,-71348,-0.5,-19748,-0.3,9783,3.9,16,1.5
"06085","5","541214","78","0","2025","1","",22,421,419,416,11068635,2548149,121061,2034,"",0.24,0.29,0.27,0.27,0.11,0.20,0.23,0.39,"",-8,-26.7,-217,-34.0,-212,-33.6,-230,-35.6,-2396990,-17.8,-1319499,-34.1,-14433,-10.7,411,25.3
"06085","5","541219","78","0","2025","1","",298,1516,1563,1636,50428437,11356331,368813,2468,"",0.57,0.74,0.74,0.78,0.44,0.69,0.69,0.59,"",27,10.0,83,5.8,96,6.5,160,10.8,6565589,15.0,995168,9.6,90110,32.3,155,6.7
"06085","5","5413","76","0","2025","1","",940,14840,14889,14918,918575359,211648435,8166560,4748,"",0.76,1.22,1.22,1.23,1.00,1.78,2.03,0.82,"",43,4.8,-623,-4.0,-921,-5.8,-883,-5.6,-117261105,-11.3,7631164,3.7,838550,11.4,-330,-6.5
"06085","5","54131","77","0","2025","1","",157,1082,1078,1055,28952990,7610065,237621,2078,"",0.74,0.75,0.75,0.73,0.31,0.56,0.52,0.42,"",2,1.3,-112,-9.4,-84,-7.2,-100,-8.7,-3874133,-11.8,-830362,-9.8,17192,7.8,-80,-3.7
"06085","5","541310","78","0","2025","1","",157,1082,1078,1055,28952990,7610065,237621,2078,"",0.74,0.75,0.75,0.73,0.31,0.56,0.52,0.42,"",2,1.3,-112,-9.4,-84,-7.2,-100,-8.7,-3874133,-11.8,-830362,-9.8,17192,7.8,-80,-3.7
"06085","5","54132","77","0","2025","1","",35,251,250,248,4780237,1738741,48322,1473,"",0.66,1.12,1.10,1.07,0.44,0.97,0.72,0.40,"",2,6.1,40,19.0,40,19.0,42,20.4,418176,9.6,256775,17.3,7463,18.3,-132,-8.2
"06085","5","541320","78","0","2025","1","",35,251,250,248,4780237,1738741,48322,1473,"",0.66,1.12,1.10,1.07,0.44,0.97,0.72,0.40,"",2,6.1,40,19.0,40,19.0,42,20.4,418176,9.6,256775,17.3,7463,18.3,-132,-8.2
"06085","5","54133","77","0","2025","1","",600,10988,11064,11118,790941140,184246132,7141539,5503,"",0.83,1.30,1.30,1.31,1.15,2.15,2.56,0.88,"",30,5.3,-359,-3.2,-672,-5.7,-652,-5.5,-115547553,-12.7,10063314,5.8,781089,12.3,-499,-8.3
"06085","5","541330","78","0","2025","1","",600,10988,11064,11118,790941140,184246132,7141539,5503,"",0.83,1.30,1.30,1.31,1.15,2.15,2.56,0.88,"",30,5.3,-359,-3.2,-672,-5.7,-652,-5.5,-115547553,-12.7,10063314,5.8,781089,12.3,-499,-8.3
"06085","5","54134","77","0","2025","1","",14,20,21,20,423875,144752,4556,1604,"",0.54,0.30,0.31,0.30,0.14,0.26,0.25,0.45,"",0,0.0,-22,-52.4,-20,-48.8,-22,-52.4,-1086970,-71.9,-143417,-49.8,-4376,-49.0,-1185,-42.5
"06085","5","541340","78","0","2025","1","",14,20,21,20,423875,144752,4556,1604,"",0.54,0.30,0.31,0.30,0.14,0.26,0.25,0.45,"",0,0.0,-22,-52.4,-20,-48.8,-22,-52.4,-1086970,-71.9,-143417,-49.8,-4376,-49.0,-1185,-42.5
"06085","5","54135","77","0","2025","1","",27,106,99,111,3365080,758561,34188,2457,"",0.45,0.57,0.52,0.59,0.40,0.54,0.59,0.71,"",5,22.7,50,89.3,39,65.0,55,98.2,1489434,79.4,338431,80.6,22321,188.1,-60,-2.4
"06085","5","541350","78","0","2025","1","",27,106,99,111,3365080,758561,34188,2457,"",0.45,0.57,0.52,0.59,0.40,0.54,0.59,0.71,"",5,22.7,50,89.3,39,65.0,55,98.2,1489434,79.4,338431,80.6,22321,188.1,-60,-2.4
"06085","5","54136","77","0","2025","1","",9,56,55,56,2399045,391593,19834,3315,"",0.51,0.55,0.54,0.55,0.30,0.38,0.48,0.55,"N",0,0.0,0,0,0,0,0,0,0,0,0,0,0,0,0,0
"06085","5","541360","78","0","2025","1","",9,56,55,56,2399045,391593,19834,3315,"",0.51,0.55,0.54,0.55,0.30,0.38,0.48,0.55,"N",0,0.0,0,0,0,0,0,0,0,0,0,0,0,0,0,0
"06085","5","54137","77","0","2025","1","",14,393,402,394,25896056,2858745,165111,5026,"",0.23,0.98,1.01,0.99,1.36,0.89,1.63,1.37,"N",0,0.0,0,0,0,0,0,0,0,0,0,0,0,0,0,0
"06085","5","541370","78","0","2025","1","",14,393,402,394,25896056,2858745,165111,5026,"",0.23,0.98,1.01,0.99,1.36,0.89,1.63,1.37,"N",0,0.0,0,0,0,0,0,0,0,0,0,0,0,0,0,0
"06085","5","54138","77","0","2025","1","",84,1944,1920,1916,61816936,13899846,515389,2468,"",1.03,1.55,1.52,1.52,0.74,1.20,1.06,0.48,"",4,5.0,-196,-9.2,-212,-9.9,-199,-9.4,-1205229,-1.9,-1907904,-12.1,26137,5.3,191,8.4
"06085","5","541380","78","0","2025","1","",84,1944,1920,1916,61816936,13899846,515389,2468,"",1.03,1.55,1.52,1.52,0.74,1.20,1.06,0.48,"",4,5.0,-196,-9.2,-212,-9.9,-199,-9.4,-1205229,-1.9,-1907904,-12.1,26137,5.3,191,8.4
"06085","5","5414","76","0","2025","1","",276,1584,1575,1542,60743526,11440078,448903,2982,"",0.80,1.50,1.48,1.47,0.97,1.36,1.26,0.65,"",10,3.8,-124,-7.3,-102,-6.1,-103,-6.3,-4773937,-7.3,-697158,-5.7,88580,24.6,-24,-0.8
"06085","5","54141","77","0","2025","1","",119,275,288,285,4010930,1863316,59821,1092,"",0.87,0.69,0.72,0.72,0.23,0.63,0.51,0.32,"",9,8.2,-4,-1.4,21,7.9,26,10.0,234981,6.2,71551,4.0,12376,26.1,10,0.9
"06085","5","541410","78","0","2025","1","",119,275,288,285,4010930,1863316,59821,1092,"",0.87,0.69,0.72,0.72,0.23,0.63,0.51,0.32,"",9,8.2,-4,-1.4,21,7.9,26,10.0,234981,6.2,71551,4.0,12376,26.1,10,0.9
"06085","5","54142","77","0","2025","1","",35,346,342,346,18879808,2521766,89005,4214,"",1.75,2.47,2.44,2.47,1.41,2.00,1.45,0.57,"",1,2.9,-10,-2.8,-13,-3.7,-11,-3.1,699505,3.8,-58692,-2.3,935,1.1,286,7.3
"06085","5","541420","78","0","2025","1","",35,346,342,346,18879808,2521766,89005,4214,"",1.75,2.47,2.44,2.47,1.41,2.00,1.45,0.57,"",1,2.9,-10,-2.8,-13,-3.7,-11,-3.1,699505,3.8,-58692,-2.3,935,1.1,286,7.3
"06085","5","54143","77","0","2025","1","",87,859,850,827,35872321,6392372,276311,3264,"",0.62,2.28,2.26,2.23,1.60,2.09,2.25,0.71,"",-3,-3.3,-119,-12.2,-110,-11.5,-126,-13.2,-5973865,-14.3,-699665,-9.9,70774,34.4,-76,-2.3
"06085","5","541430","78","0","2025","1","",87,859,850,827,35872321,6392372,276311,3264,"",0.62,2.28,2.26,2.23,1.60,2.09,2.25,0.71,"",-3,-3.3,-119,-12.2,-110,-11.5,-126,-13.2,-5973865,-14.3,-699665,-9.9,70774,34.4,-76,-2.3
"06085","5","54149","77","0","2025","1","",35,104,95,84,1980467,662624,23766,1615,"",0.75,0.73,0.67,0.59,0.21,0.59,0.44,0.32,"",3,9.4,9,9.5,0,0.0,8,10.5,265442,15.5,-10352,-1.5,4495,23.3,127,8.5
"06085","5","541490","78","0","2025","1","",35,104,95,84,1980467,662624,23766,1615,"",0.75,0.73,0.67,0.59,0.21,0.59,0.44,0.32,"",3,9.4,9,9.5,0,0.0,8,10.5,265442,15.5,-10352,-1.5,4495,23.3,127,8.5
"06085","5","5415","76","0","2025","1","",3816,82894,83082,82814,8428452144,683369321,24554488,7818,"",1.28,4.76,4.78,4.83,3.99,3.72,3.28,0.83,"",242,6.8,-2712,-3.2,-2757,-3.2,-2697,-3.2,688914441,8.9,-23910041,-3.4,3787611,18.2,867,12.5
"06085","5","54151","77","0","2025","1","",3816,82894,83082,82814,8428452144,683369321,24554488,7818,"",1.28,4.76,4.78,4.83,3.99,3.72,3.28,0.83,"",242,6.8,-2712,-3.2,-2757,-3.2,-2697,-3.2,688914441,8.9,-23910041,-3.4,3787611,18.2,867,12.5
"06085","5","541511","78","0","2025","1","",2209,42278,42457,42353,4998500187,314015771,11619648,9076,"",1.56,5.50,5.53,5.60,4.52,3.82,3.26,0.82,"",154,7.5,-2562,-5.7,-2696,-6.0,-2683,-6.0,758377807,17.9,-82497253,-20.8,-218804,-1.8,1829,25.2
"06085","5","541512","78","0","2025","1","",1345,33354,33273,33157,2555454883,310914633,10786938,5910,"",1.06,4.08,4.08,4.13,3.04,3.62,3.26,0.74,"",47,3.6,1096,3.4,1143,3.6,1211,3.8,38875064,1.5,69742673,28.9,3918707,57.1,-118,-2.0
"06085","5","541513","78","0","2025","1","",47,4496,4551,4488,634826930,36533521,1269409,10824,"",0.98,8.15,8.24,8.18,10.34,7.24,6.91,1.26,"",9,23.7,-1141,-20.2,-1101,-19.5,-1163,-20.6,-113192638,-15.1,-11634593,-24.2,-100704,-7.4,634,6.2
"06085","5","541519","78","0","2025","1","",215,2766,2801,2816,239670144,21905396,878493,6598,"",0.87,2.74,2.78,2.82,2.33,2.08,2.08,0.84,"",32,17.5,-105,-3.7,-103,-3.5,-62,-2.2,4854208,2.1,479132,2.2,188412,27.3,336,5.4
"06085","5","5416","76","0","2025","1","",2110,9587,9608,9525,417772885,69755860,2866381,3357,"",0.70,0.72,0.72,0.72,0.37,0.56,0.58,0.52,"",137,6.9,-477,-4.7,-424,-4.2,-345,-3.5,1256359,0.3,-4497694,-6.1,370832,14.9,149,4.6
"06085","5","54161","77","0","2025","1","",1617,7365,7382,7333,318638850,54199780,2309337,3330,"",0.65,0.67,0.67,0.67,0.34,0.53,0.57,0.50,"",140,9.5,333,4.7,385,5.5,437,6.3,42074267,15.2,2118025,4.1,571230,32.9,280,9.2
"06085","5","541611","78","0","2025","1","",1005,4567,4541,4513,212771107,33896167,1399580,3605,"",0.79,0.76,0.75,0.76,0.37,0.58,0.63,0.49,"",109,12.2,709,18.4,707,18.4,763,20.3,55925308,35.7,5019672,17.4,549245,64.6,442,14.0
"06085","5","541612","78","0","2025","1","",61,386,395,416,14297089,2893815,151552,2756,"",0.51,0.59,0.60,0.64,0.25,0.47,0.59,0.42,"",4,7.0,17,4.6,31,8.5,46,12.4,-281387,-1.9,86660,3.1,61703,68.7,-294,-9.6
"06085","5","541613","78","0","2025","1","",419,1695,1729,1700,66022909,11798908,529302,2973,"",0.62,0.75,0.76,0.75,0.38,0.57,0.59,0.51,"",22,5.5,-444,-20.8,-400,-18.8,-434,-20.3,-17892975,-21.3,-3589772,-23.3,-92548,-14.9,-52,-1.7
"06085","5","541614","78","0","2025","1","",55,415,419,400,13192904,2970806,128930,2467,"",0.39,0.35,0.36,0.35,0.18,0.30,0.34,0.52,"",3,5.8,-19,-4.4,-23,-5.2,-21,-5.0,334146,2.6,-143561,-4.6,7032,5.8,179,7.8
"06085","5","541618","78","0","2025","1","",77,302,298,304,12354841,2640084,99973,3154,"",0.29,0.33,0.33,0.34,0.17,0.33,0.32,0.51,"",2,2.7,70,30.2,70,30.7,83,37.6,3989175,47.7,745026,39.3,45798,84.5,319,11.3
"06085","5","54162","77","0","2025","1","",47,202,202,196,5710306,1369649,39211,2196,"",0.42,0.28,0.28,0.27,0.12,0.19,0.16,0.44,"",7,17.5,25,14.1,24,13.5,22,12.6,1081686,23.4,171787,14.3,6447,19.7,177,8.8
"06085","5","541620","78","0","2025","1","",47,202,202,196,5710306,1369649,39211,2196,"",0.42,0.28,0.28,0.27,0.12,0.19,0.16,0.44,"",7,17.5,25,14.1,24,13.5,22,12.6,1081686,23.4,171787,14.3,6447,19.7,177,8.8
"06085","5","54169","77","0","2025","1","",446,2020,2024,1996,93423729,14186431,517833,3569,"",1.09,1.32,1.32,1.31,0.72,0.96,0.88,0.55,"",-10,-2.2,-835,-29.2,-833,-29.2,-804,-28.7,-41899594,-31.0,-6787506,-32.4,-206845,-28.5,-100,-2.7
"06085","5","541690","78","0","2025","1","",446,2020,2024,1996,93423729,14186431,517833,3569,"",1.09,1.32,1.32,1.31,0.72,0.96,0.88,0.55,"",-10,-2.2,-835,-29.2,-833,-29.2,-804,-28.7,-41899594,-31.0,-6787506,-32.4,-206845,-28.5,-100,-2.7
"06085","5","5417","76","0","2025","1","",750,25711,25968,25782,2796499623,191542261,7342573,8331,"",1.76,3.86,3.90,3.87,2.98,2.86,2.80,0.77,"",68,10.0,-1159,-4.3,-910,-3.4,-1012,-3.8,100844922,3.7,-9360422,-4.7,974466,15.3,607,7.9
"06085","5","54171","77","0","2025","1","",726,25301,25537,25338,2786660329,189633007,7280402,8442,"",1.90,4.09,4.13,4.10,3.07,2.96,2.89,0.75,"",69,10.5,-1205,-4.5,-948,-3.6,-1059,-4.0,101536572,3.8,-9484970,-4.8,965135,15.3,637,8.2
"06085","5","541713","78","0","2025","1","",24,206,197,196,8944398,1539260,62372,3446,"",1.32,1.32,1.26,1.26,0.49,0.86,1.11,0.38,"",-2,-7.7,-56,-21.4,-61,-23.6,-62,-24.0,-1800518,-16.8,-565848,-26.9,-18330,-22.7,259,8.1
"06085","5","541714","78","0","2025","1","",223,3095,3085,3027,213535196,22721626,916490,5352,"",1.36,1.49,1.49,1.46,0.53,0.94,0.82,0.35,"",13,6.2,-441,-12.5,-388,-11.2,-374,-11.0,-27882396,-11.5,-4385383,-16.2,47220,5.4,0,0.0
"06085","5","541715","78","0","2025","1","",479,22000,22255,22115,2564180735,165372121,6301540,8916,"",2.40,5.56,5.61,5.59,5.32,4.34,4.71,0.95,"",58,13.8,-708,-3.1,-499,-2.2,-623,-2.7,131219486,5.4,-4533739,-2.7,936245,17.5,684,8.3
"06085","5","54172","77","0","2025","1","",24,410,431,444,9839294,1909254,62171,1767,"",0.55,0.86,0.91,0.93,0.31,0.66,0.59,0.35,"",-1,-4.0,46,12.6,38,9.7,47,11.8,-691650,-6.6,124548,7.0,9331,17.7,-339,-16.1
"06085","5","541720","78","0","2025","1","",24,410,431,444,9839294,1909254,62171,1767,"",0.55,0.86,0.91,0.93,0.31,0.66,0.59,0.35,"",-1,-4.0,46,12.6,38,9.7,47,11.8,-691650,-6.6,124548,7.0,9331,17.7,-339,-16.1
"06085","5","5418","76","0","2025","1","",179,2022,1922,1904,88277239,13498220,629252,3484,"",0.32,0.59,0.56,0.55,0.34,0.44,0.46,0.61,"",8,4.7,183,10.0,81,4.4,69,3.8,10008143,12.8,651785,5.1,128732,25.7,209,6.4
"06085","5","54181","77","0","2025","1","",75,541,535,528,27476208,4163576,190887,3953,"",0.27,0.36,0.35,0.35,0.21,0.27,0.25,0.58,"",2,2.7,18,3.4,17,3.3,21,4.1,3494660,14.6,475622,12.9,44388,30.3,378,10.6
"06085","5","541810","78","0","2025","1","",75,541,535,528,27476208,4163576,190887,3953,"",0.27,0.36,0.35,0.35,0.21,0.27,0.25,0.58,"",2,2.7,18,3.4,17,3.3,21,4.1,3494660,14.6,475622,12.9,44388,30.3,378,10.6
"06085","5","54182","77","0","2025","1","",35,153,155,145,4899022,1109103,47258,2496,"",0.32,0.34,0.34,0.32,0.11,0.27,0.25,0.33,"",2,6.1,-14,-8.4,-7,-4.3,-2,-1.4,117486,2.5,-30485,-2.7,5485,13.1,178,7.7
"06085","5","541820","78","0","2025","1","",35,153,155,145,4899022,1109103,47258,2496,"",0.32,0.34,0.34,0.32,0.11,0.27,0.25,0.33,"",2,6.1,-14,-8.4,-7,-4.3,-2,-1.4,117486,2.5,-30485,-2.7,5485,13.1,178,7.7
"06085","5","54183","77","0","2025","1","N",2,0,0,0,0,0,0,0,"N",0.18,0,0,0,0,0,0,0,"N",0,0.0,0,0,0,0,0,0,0,0,0,0,0,0,0,0
"06085","5","541830","78","0","2025","1","N",2,0,0,0,0,0,0,0,"N",0.18,0,0,0,0,0,0,0,"N",0,0.0,0,0,0,0,0,0,0,0,0,0,0,0,0,0
"06085","5","54184","77","0","2025","1","",16,197,192,195,30395158,1688832,102285,12011,"",0.61,1.63,1.59,1.62,2.75,1.38,2.01,1.71,"",-1,-5.9,15,8.2,13,7.3,14,7.7,5739706,23.3,392,0.0,1219,1.2,1513,14.4
"06085","5","541840","78","0","2025","1","",16,197,192,195,30395158,1688832,102285,12011,"",0.61,1.63,1.59,1.62,2.75,1.38,2.01,1.71,"",-1,-5.9,15,8.2,13,7.3,14,7.7,5739706,23.3,392,0.0,1219,1.2,1513,14.4
"06085","5","54185","77","0","2025","1","",7,35,35,35,1267317,244623,11040,2785,"",0.33,0.16,0.16,0.16,0.09,0.14,0.19,0.55,"",1,16.7,12,52.2,11,45.8,11,45.8,194506,18.1,81522,50.0,5177,88.3,-702,-20.1
"06085","5","541850","78","0","2025","1","",7,35,35,35,1267317,244623,11040,2785,"",0.33,0.16,0.16,0.16,0.09,0.14,0.19,0.55,"",1,16.7,12,52.2,11,45.8,11,45.8,194506,18.1,81522,50.0,5177,88.3,-702,-20.1
"06085","5","54186","77","0","2025","1","",8,51,56,49,698490,371698,10583,1033,"",0.44,0.22,0.25,0.22,0.06,0.20,0.14,0.27,"",1,14.3,6,13.3,10,21.7,5,11.4,51223,7.9,54905,17.3,3645,52.5,-73,-6.6
"06085","5","541860","78","0","2025","1","",8,51,56,49,698490,371698,10583,1033,"",0.44,0.22,0.25,0.22,0.06,0.20,0.14,0.27,"",1,14.3,6,13.3,10,21.7,5,11.4,51223,7.9,54905,17.3,3645,52.5,-73,-6.6
"06085","5","54187","77","0","2025","1","N",11,0,0,0,0,0,0,0,"N",0.38,0,0,0,0,0,0,0,"N",1,10.0,0,0,0,0,0,0,0,0,0,0,0,0,0,0
"06085","5","541870","78","0","2025","1","N",11,0,0,0,0,0,0,0,"N",0.38,0,0,0,0,0,0,0,"N",1,10.0,0,0,0,0,0,0,0,0,0,0,0,0,0,0
"06085","5","54189","77","0","2025","1","",25,946,849,850,18203797,5209714,240266,1588,"",0.34,1.41,1.26,1.26,0.75,1.24,1.82,0.57,"",2,8.7,130,15.9,19,2.3,2,0.2,451215,2.5,-54208,-1.0,55474,30.0,-55,-3.3
"06085","5","541890","78","0","2025","1","",25,946,849,850,18203797,5209714,240266,1588,"",0.34,1.41,1.26,1.26,0.75,1.24,1.82,0.57,"",2,8.7,130,15.9,19,2.3,2,0.2,451215,2.5,-54208,-1.0,55474,30.0,-55,-3.3
"06085","5","5419","76","0","2025","1","",400,3203,3238,3241,116356910,22162775,684122,2773,"",0.39,0.51,0.51,0.51,0.35,0.46,0.42,0.69,"",-4,-1.0,-40,-1.2,18,0.6,24,0.7,16483336,16.5,-5415,0.0,4913,0.7,392,16.5
"06085","5","54191","77","0","2025","1","",45,131,141,136,5435859,961871,33219,3075,"",0.60,0.28,0.30,0.29,0.14,0.22,0.16,0.46,"",-3,-6.2,-13,-9.0,-3,-2.1,-3,-2.2,433407,8.7,-3577,-0.4,-10702,-24.4,371,13.7
"06085","5","541910","78","0","2025","1","",45,131,141,136,5435859,961871,33219,3075,"",0.60,0.28,0.30,0.29,0.14,0.22,0.16,0.46,"",-3,-6.2,-13,-9.0,-3,-2.1,-3,-2.2,433407,8.7,-3577,-0.4,-10702,-24.4,371,13.7
"06085","5","54192","77","0","2025","1","",50,114,113,115,2453673,723384,31806,1656,"",0.41,0.38,0.36,0.35,0.29,0.41,0.39,0.81,"",-1,-2.0,-19,-14.3,-26,-18.7,-23,-16.7,-498132,-16.9,-132420,-15.5,-2590,-7.5,-5,-0.3
"06085","5","541921","78","0","2025","1","",31,76,77,75,1612160,453224,20969,1632,"",0.36,0.34,0.33,0.30,0.30,0.37,0.36,0.94,"",-1,-3.1,-13,-14.6,-17,-18.1,-19,-20.2,-479284,-22.9,-116916,-20.5,-4140,-16.5,-110,-6.3
"06085","5","541922","78","0","2025","1","",19,38,36,40,841513,270160,10837,1703,"",0.54,0.48,0.45,0.49,0.27,0.49,0.46,0.57,"",0,0.0,-6,-13.6,-9,-20.0,-4,-9.1,-18848,-2.2,-15504,-5.4,1550,16.7,210,14.1
"06085","5","54193","77","0","2025","1","",35,123,120,124,2216891,849081,29090,1394,"",0.94,0.42,0.41,0.43,0.19,0.42,0.36,0.45,"",0,0.0,-9,-6.8,0,0.0,7,6.0,-420017,-15.9,-100086,-10.5,-2745,-8.6,-255,-15.5
"06085","5","541930","78","0","2025","1","",35,123,120,124,2216891,849081,29090,1394,"",0.94,0.42,0.41,0.43,0.19,0.42,0.36,0.45,"",0,0.0,-9,-6.8,0,0.0,7,6.0,-420017,-15.9,-100086,-10.5,-2745,-8.6,-255,-15.5
"06085","5","54194","77","0","2025","1","",123,1892,1890,1891,37651364,12504973,335253,1532,"",0.48,0.56,0.56,0.56,0.30,0.54,0.58,0.53,"",6,5.1,17,0.9,29,1.6,28,1.5,1531043,4.2,154404,1.3,23570,7.6,43,2.9
"06085","5","541940","78","0","2025","1","",123,1892,1890,1891,37651364,12504973,335253,1532,"",0.48,0.56,0.56,0.56,0.30,0.54,0.58,0.53,"",6,5.1,17,0.9,29,1.6,28,1.5,1531043,4.2,154404,1.3,23570,7.6,43,2.9
"06085","5","54199","77","0","2025","1","",147,943,974,975,68599123,7123466,254754,5474,"",0.28,0.51,0.53,0.53,0.48,0.41,0.38,0.93,"",-6,-3.9,-16,-1.7,18,1.9,15,1.6,15437035,29.0,76264,1.1,-2620,-1.0,1207,28.3
"06085","5","541990","78","0","2025","1","",147,943,974,975,68599123,7123466,254754,5474,"",0.28,0.51,0.53,0.53,0.48,0.41,0.38,0.93,"",-6,-3.9,-16,-1.7,18,1.9,15,1.6,15437035,29.0,76264,1.1,-2620,-1.0,1207,28.3
"06085","5","55","74","0","2025","1","",189,57044,57282,57331,4969291289,454103563,11666955,6681,"",0.26,3.05,3.07,3.07,2.10,2.02,1.78,0.68,"",-8,-4.1,-5400,-8.6,-4929,-7.9,-4987,-8.0,190331812,4.0,-59374676,-11.6,-605322,-4.9,783,13.3
"06085","5","551","75","0","2025","1","",189,57044,57282,57331,4969291289,454103563,11666955,6681,"",0.26,3.05,3.07,3.07,2.10,2.02,1.78,0.68,"",-8,-4.1,-5400,-8.6,-4929,-7.9,-4987,-8.0,190331812,4.0,-59374676,-11.6,-605322,-4.9,783,13.3
"06085","5","5511","76","0","2025","1","",189,57044,57282,57331,4969291289,454103563,11666955,6681,"",0.26,3.05,3.07,3.07,2.10,2.02,1.78,0.68,"",-8,-4.1,-5400,-8.6,-4929,-7.9,-4987,-8.0,190331812,4.0,-59374676,-11.6,-605322,-4.9,783,13.3
"06085","5","55111","77","0","2025","1","",189,57044,57282,57331,4969291289,454103563,11666955,6681,"",0.26,3.05,3.07,3.07,2.10,2.02,1.78,0.68,"",-8,-4.1,-5400,-8.6,-4929,-7.9,-4987,-8.0,190331812,4.0,-59374676,-11.6,-605322,-4.9,783,13.3
"06085","5","551111","78","0","2025","1","N",1,0,0,0,0,0,0,0,"N",0.14,0,0,0,0,0,0,0,"N",0,0.0,0,0,0,0,0,0,0,0,0,0,0,0,0,0
"06085","5","551112","78","0","2025","1","N",31,0,0,0,0,0,0,0,"N",0.28,0,0,0,0,0,0,0,"N",3,10.7,0,0,0,0,0,0,0,0,0,0,0,0,0,0
"06085","5","551114","78","0","2025","1","",157,56925,57163,57212,4963866234,453257207,11633486,6687,"",0.26,3.17,3.18,3.19,2.19,2.08,1.84,0.69,"",-11,-6.5,-5395,-8.7,-4915,-7.9,-4976,-8.0,189565081,4.0,-59321429,-11.6,-606668,-5.0,782,13.2
"06085","5","56","74","0","2025","1","",2575,55334,55651,55633,1064322051,410104654,15718943,1474,"",0.53,0.88,0.88,0.88,0.43,0.93,0.88,0.49,"",53,2.1,-809,-1.4,-377,-0.7,-1021,-1.8,56481016,5.6,-4898999,-1.2,1051359,7.2,96,7.0
"06085","5","561","75","0","2025","1","",2455,51825,52128,52116,972265715,381000092,14751971,1438,"",0.53,0.88,0.87,0.87,0.42,0.94,0.88,0.48,"",52,2.2,-653,-1.2,-270,-0.5,-904,-1.7,57813487,6.3,-2583243,-0.7,1032016,7.5,102,7.6
"06085","5","5611","76","0","2025","1","",191,1461,1467,1451,92004860,9300020,281559,4849,"",0.32,0.33,0.33,0.33,0.26,0.26,0.22,0.79,"",-4,-2.1,108,8.0,110,8.1,87,6.4,15766533,20.7,-12330,-0.1,24877,9.7,531,12.3
"06085","5","56111","77","0","2025","1","",191,1461,1467,1451,92004860,9300020,281559,4849,"",0.32,0.33,0.33,0.33,0.26,0.26,0.22,0.79,"",-4,-2.1,108,8.0,110,8.1,87,6.4,15766533,20.7,-12330,-0.1,24877,9.7,531,12.3
"06085","5","561110","78","0","2025","1","",191,1461,1467,1451,92004860,9300020,281559,4849,"",0.32,0.33,0.33,0.33,0.26,0.26,0.22,0.79,"",-4,-2.1,108,8.0,110,8.1,87,6.4,15766533,20.7,-12330,-0.1,24877,9.7,531,12.3
"06085","5","5612","76","0","2025","1","",34,2719,2722,2744,42600134,18172021,610943,1201,"",0.58,2.11,2.12,2.14,0.72,1.95,1.76,0.34,"",-1,-2.9,272,11.1,267,10.9,284,11.5,5379624,14.5,1926005,11.9,157933,34.9,34,2.9
"06085","5","56121","77","0","2025","1","",34,2719,2722,2744,42600134,18172021,610943,1201,"",0.58,2.11,2.12,2.14,0.72,1.95,1.76,0.34,"",-1,-2.9,272,11.1,267,10.9,284,11.5,5379624,14.5,1926005,11.9,157933,34.9,34,2.9
"06085","5","561210","78","0","2025","1","",34,2719,2722,2744,42600134,18172021,610943,1201,"",0.58,2.11,2.12,2.14,0.72,1.95,1.76,0.34,"",-1,-2.9,272,11.1,267,10.9,284,11.5,5379624,14.5,1926005,11.9,157933,34.9,34,2.9
"06085","5","5613","76","0","2025","1","",409,16791,17030,17345,358045889,130224484,7004759,1615,"",0.38,0.75,0.75,0.76,0.44,0.84,0.96,0.58,"",9,2.2,-1109,-6.2,-822,-4.6,-1132,-6.1,13628402,4.0,-6018275,-4.4,-1658,0.0,149,10.2
"06085","5","56131","77","0","2025","1","",95,1145,1169,1160,42485499,9251754,432287,2822,"",0.37,0.56,0.58,0.57,0.40,0.59,0.56,0.71,"",1,1.1,-85,-6.9,-98,-7.7,-30,-2.5,1499022,3.7,-370329,-3.8,20954,5.1,257,10.0
"06085","5","561311","78","0","2025","1","",71,1006,1032,1030,25267867,8229039,397407,1901,"",0.36,0.57,0.58,0.58,0.34,0.63,0.62,0.59,"",4,6.0,-53,-5.0,-70,-6.4,8,0.8,992946,4.1,-108260,-1.3,24079,6.4,141,8.0
"06085","5","561312","78","0","2025","1","",24,139,137,130,17217632,1022715,34880,9786,"",0.38,0.52,0.52,0.50,0.55,0.40,0.26,1.08,"",-3,-11.1,-32,-18.7,-28,-17.0,-38,-22.6,506076,3.0,-262069,-20.4,-3125,-8.2,2134,27.9
"06085","5","56132","77","0","2025","1","",264,14458,14666,15010,286625235,112543307,6165035,1499,"",0.39,0.83,0.82,0.84,0.52,0.95,1.11,0.62,"",9,3.5,-1076,-6.9,-802,-5.2,-1153,-7.1,6627370,2.4,-6188244,-5.2,-59955,-1.0,129,9.4
"06085","5","561320","78","0","2025","1","",264,14458,14666,15010,286625235,112543307,6165035,1499,"",0.39,0.83,0.82,0.84,0.52,0.95,1.11,0.62,"",9,3.5,-1076,-6.9,-802,-5.2,-1153,-7.1,6627370,2.4,-6188244,-5.2,-59955,-1.0,129,9.4
"06085","5","56133","77","0","2025","1","",50,1188,1195,1175,28935155,8429423,407437,1877,"",0.38,0.42,0.42,0.41,0.18,0.39,0.42,0.44,"",-1,-2.0,52,4.6,78,7.0,51,4.5,5502010,23.5,540298,6.8,37343,10.1,276,17.2
"06085","5","561330","78","0","2025","1","",50,1188,1195,1175,28935155,8429423,407437,1877,"",0.38,0.42,0.42,0.41,0.18,0.39,0.42,0.44,"",-1,-2.0,52,4.6,78,7.0,51,4.5,5502010,23.5,540298,6.8,37343,10.1,276,17.2
"06085","5","5614","76","0","2025","1","",188,881,867,865,17840214,5850459,194124,1576,"",0.43,0.18,0.18,0.18,0.08,0.17,0.15,0.42,"",-2,-1.1,-92,-9.5,-82,-8.6,-96,-10.0,399304,2.3,-651494,-10.0,-9799,-4.8,180,12.9
"06085","5","56141","77","0","2025","1","",12,45,41,44,414903,225446,5537,737,"",0.22,0.17,0.16,0.17,0.04,0.14,0.11,0.26,"",0,0.0,-13,-22.4,-13,-24.1,-19,-30.2,-142255,-25.5,-110884,-33.0,-4131,-42.7,2,0.3
"06085","5","561410","78","0","2025","1","",12,45,41,44,414903,225446,5537,737,"",0.22,0.17,0.16,0.17,0.04,0.14,0.11,0.26,"",0,0.0,-13,-22.4,-13,-24.1,-19,-30.2,-142255,-25.5,-110884,-33.0,-4131,-42.7,2,0.3
"06085","5","56142","77","0","2025","1","",13,126,119,119,4591805,902374,51184,2911,"",0.12,0.05,0.05,0.05,0.05,0.05,0.08,0.97,"",-3,-18.8,-39,-23.6,-43,-26.5,-44,-27.0,-930822,-16.9,-266096,-22.8,-9843,-16.1,310,11.9
"06085","5","561421","78","0","2025","1","",4,24,22,22,228846,140398,5387,777,"",0.17,0.10,0.09,0.09,0.03,0.08,0.09,0.27,"",0,0.0,0,0.0,-1,-4.3,-1,-4.3,-17209,-7.0,-11814,-7.8,505,10.3,-34,-4.2
"06085","5","561422","78","0","2025","1","",9,102,97,97,4362959,761976,45797,3401,"",0.10,0.05,0.04,0.05,0.05,0.05,0.08,1.13,"",-3,-25.0,-39,-27.7,-42,-30.2,-43,-30.7,-913613,-17.3,-254282,-25.0,-10348,-18.4,502,17.3
"06085","5","56143","77","0","2025","1","",107,457,456,453,5070360,2907083,83025,857,"",1.30,0.84,0.85,0.85,0.31,0.87,0.73,0.36,"",-2,-1.8,-19,-4.0,-5,-1.1,-13,-2.8,-131849,-2.5,-98848,-3.3,3817,4.8,1,0.1
"06085","5","561431","78","0","2025","1","",49,214,212,209,1799028,1235064,34150,654,"",1.19,0.84,0.84,0.83,0.33,0.94,0.82,0.40,"",4,8.9,1,0.5,6,2.9,4,2.0,-29018,-1.6,3047,0.2,2617,8.3,-22,-3.3
"06085","5","561439","78","0","2025","1","",58,243,244,244,3271332,1672019,48875,1033,"",1.42,0.85,0.86,0.86,0.30,0.82,0.68,0.35,"",-6,-9.4,-20,-7.6,-11,-4.3,-17,-6.5,-102831,-3.0,-101895,-5.7,1200,2.5,33,3.3
"06085","5","56144","77","0","2025","1","",12,19,18,19,2078079,140051,6182,8564,"",0.27,0.03,0.03,0.03,0.07,0.03,0.03,2.25,"",2,20.0,-8,-29.6,-7,-28.0,-5,-20.8,1513864,268.3,-35979,-20.4,-1188,-16.1,6851,399.9
"06085","5","561440","78","0","2025","1","",12,19,18,19,2078079,140051,6182,8564,"",0.27,0.03,0.03,0.03,0.07,0.03,0.03,2.25,"",2,20.0,-8,-29.6,-7,-28.0,-5,-20.8,1513864,268.3,-35979,-20.4,-1188,-16.1,6851,399.9
"06085","5","56145","77","0","2025","1","",4,44,43,43,1855840,346708,11488,3294,"",0.44,0.29,0.28,0.29,0.08,0.23,0.18,0.28,"",0,0.0,0,0.0,-4,-8.5,-4,-8.5,5199,0.3,-6033,-1.7,120,1.1,199,6.4
"06085","5","561450","78","0","2025","1","",4,44,43,43,1855840,346708,11488,3294,"",0.44,0.29,0.28,0.29,0.08,0.23,0.18,0.28,"",0,0.0,0,0.0,-4,-8.5,-4,-8.5,5199,0.3,-6033,-1.7,120,1.1,199,6.4
"06085","5","56149","77","0","2025","1","",40,190,190,187,3829227,1328797,36708,1558,"",0.29,0.24,0.24,0.23,0.07,0.21,0.14,0.28,"",1,2.6,-13,-6.4,-10,-5.0,-11,-5.6,85167,2.3,-133654,-9.1,1426,4.0,120,8.3
"06085","5","561491","78","0","2025","1","N",1,0,0,0,0,0,0,0,"N",0.16,0,0,0,0,0,0,0,"N",1,100.0,0,0,0,0,0,0,0,0,0,0,0,0,0,0
"06085","5","561492","78","0","2025","1","N",11,0,0,0,0,0,0,0,"N",0.48,0,0,0,0,0,0,0,"N",0,0.0,0,0,0,0,0,0,0,0,0,0,0,0,0,0
"06085","5","561499","78","0","2025","1","",28,161,160,154,3198648,1078893,28902,1554,"",0.26,0.24,0.24,0.23,0.06,0.20,0.13,0.26,"",0,0.0,-12,-6.9,-8,-4.8,-12,-7.2,47994,1.5,-122272,-10.2,49,0.2,120,8.4
"06085","5","5615","76","0","2025","1","",106,807,797,806,46029581,5506809,185907,4408,"",0.65,0.61,0.60,0.61,0.47,0.47,0.46,0.78,"",4,3.9,-78,-8.8,-84,-9.5,-71,-8.1,5284668,13.0,-576624,-9.5,19283,11.6,850,23.9
"06085","5","56151","77","0","2025","1","",86,739,735,737,44547233,5100132,174594,4650,"",0.88,1.36,1.35,1.36,1.12,0.92,0.88,0.83,"",4,4.9,-72,-8.9,-71,-8.8,-59,-7.4,5546247,14.2,-527442,-9.4,19362,12.5,920,24.7
"06085","5","561510","78","0","2025","1","",86,739,735,737,44547233,5100132,174594,4650,"",0.88,1.36,1.35,1.36,1.12,0.92,0.88,0.83,"",4,4.9,-72,-8.9,-71,-8.8,-59,-7.4,5546247,14.2,-527442,-9.4,19362,12.5,920,24.7
"06085","5","56152","77","0","2025","1","",3,13,12,13,156802,73643,1378,952,"",0.12,0.08,0.07,0.08,0.02,0.06,0.03,0.26,"",0,0.0,-3,-18.8,-3,-20.0,-5,-27.8,896,0.6,-3489,-4.5,-72,-5.0,218,29.7
"06085","5","561520","78","0","2025","1","",3,13,12,13,156802,73643,1378,952,"",0.12,0.08,0.07,0.08,0.02,0.06,0.03,0.26,"",0,0.0,-3,-18.8,-3,-20.0,-5,-27.8,896,0.6,-3489,-4.5,-72,-5.0,218,29.7
"06085","5","56159","77","0","2025","1","",17,55,50,56,1325546,333034,9935,1900,"",0.41,0.09,0.08,0.09,0.03,0.07,0.07,0.31,"",0,0.0,-3,-5.2,-10,-16.7,-7,-11.1,-262475,-16.5,-45693,-12.1,-7,-0.1,-125,-6.2
"06085","5","561591","78","0","2025","1","N",2,0,0,0,0,0,0,0,"N",0.28,0,0,0,0,0,0,0,"N",0,0.0,0,0,0,0,0,0,0,0,0,0,0,0,0,0
"06085","5","561599","78","0","2025","1","N",15,0,0,0,0,0,0,0,"N",0.43,0,0,0,0,0,0,0,"N",0,0.0,0,0,0,0,0,0,0,0,0,0,0,0,0,0
"06085","5","5616","76","0","2025","1","",189,10279,10272,10136,159944142,81313360,3048606,1203,"",0.67,1.36,1.37,1.37,0.69,1.67,1.61,0.51,"",10,5.6,861,9.1,713,7.5,652,6.9,20481630,14.7,6086489,8.1,667978,28.1,72,6.4
"06085","5","56161","77","0","2025","1","",121,9692,9673,9541,144107794,76120871,2881380,1150,"",0.70,1.51,1.51,1.52,0.84,1.94,1.82,0.55,"",10,9.0,923,10.5,761,8.5,711,8.1,20731031,16.8,5661180,8.0,668084,30.2,76,7.1
"06085","5","561611","78","0","2025","1","",23,216,213,210,1939192,1290110,35032,700,"",0.56,0.73,0.72,0.72,0.15,0.62,0.38,0.21,"",3,15.0,10,4.9,9,4.4,3,1.4,141027,7.8,78019,6.4,8778,33.4,27,4.0
"06085","5","561612","78","0","2025","1","",95,9401,9386,9258,141020918,74274129,2826760,1160,"",0.76,1.58,1.59,1.59,0.93,2.09,1.97,0.59,"",7,8.0,916,10.8,755,8.7,715,8.4,20625332,17.1,5623691,8.2,658237,30.4,77,7.1
"06085","5","561613","78","0","2025","1","",3,75,74,73,1147684,556632,19588,1193,"",0.46,0.41,0.40,0.40,0.14,0.39,0.38,0.35,"",0,0.0,-3,-3.8,-3,-3.9,-7,-8.8,-35328,-3.0,-40530,-6.8,1069,5.8,31,2.7
"06085","5","56162","77","0","2025","1","",68,587,599,595,15836348,5192489,167226,2052,"",0.62,0.52,0.53,0.53,0.27,0.55,0.54,0.50,"",0,0.0,-62,-9.6,-48,-7.4,-59,-9.0,-249401,-1.6,425309,8.9,-106,-0.1,148,7.8
"06085","5","561621","78","0","2025","1","",42,509,518,514,14274370,4467916,146674,2138,"",0.53,0.51,0.52,0.51,0.26,0.52,0.52,0.50,"",-4,-8.7,-52,-9.3,-41,-7.3,-52,-9.2,-375276,-2.6,285187,6.8,-2056,-1.4,133,6.6
"06085","5","561622","78","0","2025","1","",26,78,81,81,1561978,724573,20552,1502,"",0.85,0.63,0.66,0.66,0.34,0.80,0.82,0.53,"",4,18.2,-10,-11.4,-7,-8.0,-7,-8.0,125875,8.8,140122,24.0,1950,10.5,247,19.7
"06085","5","5617","76","0","2025","1","",1240,18288,18324,18171,237660993,126661109,3256333,1001,"",0.69,1.22,1.20,1.17,0.58,1.37,0.95,0.49,"",43,3.6,-395,-2.1,-211,-1.1,-399,-2.1,-3287270,-1.4,-2471434,-1.9,203261,6.7,4,0.4
"06085","5","56171","77","0","2025","1","",67,828,848,842,15082643,6193526,225486,1382,"",0.54,0.78,0.80,0.78,0.38,0.81,1.00,0.48,"",3,4.7,40,5.1,65,8.3,59,7.5,1674718,12.5,458336,8.0,13949,6.6,68,5.2
"06085","5","561710","78","0","2025","1","",67,828,848,842,15082643,6193526,225486,1382,"",0.54,0.78,0.80,0.78,0.38,0.81,1.00,0.48,"",3,4.7,40,5.1,65,8.3,59,7.5,1674718,12.5,458336,8.0,13949,6.6,68,5.2
"06085","5","56172","77","0","2025","1","",519,10451,10379,10214,120512939,69316207,1672358,896,"",0.88,1.37,1.36,1.34,0.73,1.70,1.29,0.54,"",21,4.2,-155,-1.5,-145,-1.4,-304,-2.9,-6585909,-5.2,-2511611,-3.5,117418,7.6,-31,-3.3
"06085","5","561720","78","0","2025","1","",519,10451,10379,10214,120512939,69316207,1672358,896,"",0.88,1.37,1.36,1.34,0.73,1.70,1.29,0.54,"",21,4.2,-155,-1.5,-145,-1.4,-304,-2.9,-6585909,-5.2,-2511611,-3.5,117418,7.6,-31,-3.3
"06085","5","56173","77","0","2025","1","",519,6021,6088,6071,88873859,44234188,1182918,1128,"",0.60,1.12,1.10,1.04,0.52,1.17,0.71,0.48,"",16,3.2,-206,-3.3,-92,-1.5,-143,-2.3,1453192,1.7,-360579,-0.8,58246,5.2,45,4.2
"06085","5","561730","78","0","2025","1","",519,6021,6088,6071,88873859,44234188,1182918,1128,"",0.60,1.12,1.10,1.04,0.52,1.17,0.71,0.48,"",16,3.2,-206,-3.3,-92,-1.5,-143,-2.3,1453192,1.7,-360579,-0.8,58246,5.2,45,4.2
"06085","5","56174","77","0","2025","1","",29,116,112,116,1092367,703843,17589,733,"",0.60,0.48,0.46,0.48,0.16,0.45,0.35,0.34,"",1,3.6,6,5.5,17,17.9,6,5.5,-8780,-0.8,-4750,-0.7,2442,16.1,-74,-9.2
"06085","5","561740","78","0","2025","1","",29,116,112,116,1092367,703843,17589,733,"",0.60,0.48,0.46,0.48,0.16,0.45,0.35,0.34,"",1,3.6,6,5.5,17,17.9,6,5.5,-8780,-0.8,-4750,-0.7,2442,16.1,-74,-9.2
"06085","5","56179","77","0","2025","1","",106,872,897,928,12099185,6213345,157982,1035,"",0.70,1.16,1.17,1.22,0.49,1.22,0.75,0.42,"",2,1.9,-80,-8.4,-56,-5.9,-17,-1.8,179509,1.5,-52830,-0.8,11206,7.6,70,7.3
"06085","5","561790","78","0","2025","1","",106,872,897,928,12099185,6213345,157982,1035,"",0.70,1.16,1.17,1.22,0.49,1.22,0.75,0.42,"",2,1.9,-80,-8.4,-56,-5.9,-17,-1.8,179509,1.5,-52830,-0.8,11206,7.6,70,7.3
"06085","5","5619","76","0","2025","1","",98,599,649,598,18139902,3971830,169740,2268,"",0.42,0.27,0.28,0.26,0.19,0.23,0.22,0.72,"",-7,-6.7,-220,-26.9,-161,-19.9,-229,-27.7,160596,0.9,-865580,-17.9,-29859,-15.0,579,34.3
"06085","5","56191","77","0","2025","1","",12,32,32,33,889770,227418,9277,2117,"",0.56,0.07,0.07,0.07,0.05,0.07,0.07,0.70,"N",-2,-14.3,0,0,0,0,0,0,0,0,0,0,0,0,0,0
"06085","5","561910","78","0","2025","1","",12,32,32,33,889770,227418,9277,2117,"",0.56,0.07,0.07,0.07,0.05,0.07,0.07,0.70,"N",-2,-14.3,0,0,0,0,0,0,0,0,0,0,0,0,0,0
"06085","5","56192","77","0","2025","1","",25,111,112,95,1648939,630752,17601,1197,"",0.43,0.28,0.27,0.22,0.08,0.18,0.08,0.30,"N",0,0.0,0,0,0,0,0,0,0,0,0,0,0,0,0,0
"06085","5","561920","78","0","2025","1","",25,111,112,95,1648939,630752,17601,1197,"",0.43,0.28,0.27,0.22,0.08,0.18,0.08,0.30,"N",0,0.0,0,0,0,0,0,0,0,0,0,0,0,0,0,0
"06085","5","56199","77","0","2025","1","",61,456,505,470,15601193,3113660,142862,2516,"",0.40,0.32,0.35,0.32,0.28,0.30,0.34,0.85,"",-5,-7.6,-229,-33.4,-178,-26.1,-236,-33.4,-196207,-1.2,-909519,-22.6,-22812,-13.8,758,43.1
"06085","5","561990","78","0","2025","1","",61,456,505,470,15601193,3113660,142862,2516,"",0.40,0.32,0.35,0.32,0.28,0.30,0.34,0.85,"",-5,-7.6,-229,-33.4,-178,-26.1,-236,-33.4,-196207,-1.2,-909519,-22.6,-22812,-13.8,758,43.1
"06085","5","562","75","0","2025","1","",120,3509,3523,3517,92056336,29104562,966972,2014,"",0.45,0.96,0.96,0.96,0.48,0.89,0.80,0.50,"",1,0.8,-156,-4.3,-107,-2.9,-117,-3.2,-1332471,-1.4,-2315756,-7.4,19343,2.0,42,2.1
"06085","5","5621","76","0","2025","1","",54,1672,1681,1689,47315900,12958847,309046,2166,"",0.53,1.06,1.07,1.07,0.63,0.98,0.72,0.59,"",-6,-10.0,-242,-12.6,-217,-11.4,-167,-9.0,-3641551,-7.1,-2258670,-14.8,-16980,-5.2,91,4.4
"06085","5","56211","77","0","2025","1","",54,1672,1681,1689,47315900,12958847,309046,2166,"",0.53,1.06,1.07,1.07,0.63,0.98,0.72,0.59,"",-6,-10.0,-242,-12.6,-217,-11.4,-167,-9.0,-3641551,-7.1,-2258670,-14.8,-16980,-5.2,91,4.4
"06085","5","562111","78","0","2025","1","",39,1543,1556,1558,44851266,12068516,278386,2223,"",0.49,1.14,1.15,1.15,0.69,1.05,0.77,0.60,"",-5,-11.4,-230,-13.0,-212,-12.0,-151,-8.8,-3285650,-6.8,-2145817,-15.1,-18154,-6.1,107,5.1
"06085","5","562112","78","0","2025","1","",5,72,70,71,1496214,496466,15361,1621,"",0.91,0.78,0.75,0.75,0.28,0.65,0.48,0.36,"",0,0.0,-4,-5.3,-9,-11.4,-5,-6.6,-321155,-17.7,-67022,-11.9,1226,8.7,-195,-10.7
"06085","5","562119","78","0","2025","1","",10,57,55,60,968420,393865,15299,1299,"",0.56,0.43,0.43,0.47,0.19,0.40,0.43,0.43,"",-1,-9.1,-8,-12.3,4,7.8,-11,-15.5,-34746,-3.5,-45831,-10.4,-52,-0.3,61,4.9
"06085","5","5622","76","0","2025","1","",21,804,806,801,21685721,6397995,174881,2076,"",0.62,1.03,1.02,1.02,0.41,0.83,0.76,0.40,"",-1,-4.5,48,6.3,47,6.2,18,2.3,3106319,16.7,538363,9.2,34665,24.7,210,11.3
"06085","5","56221","77","0","2025","1","",21,804,806,801,21685721,6397995,174881,2076,"",0.62,1.03,1.02,1.02,0.41,0.83,0.76,0.40,"",-1,-4.5,48,6.3,47,6.2,18,2.3,3106319,16.7,538363,9.2,34665,24.7,210,11.3
"06085","5","562211","78","0","2025","1","N",6,0,0,0,0,0,0,0,"N",0.58,0,0,0,0,0,0,0,"N",0,0.0,0,0,0,0,0,0,0,0,0,0,0,0,0,0
"06085","5","562212","78","0","2025","1","",10,292,293,292,10102460,2572798,80458,2658,"",0.84,1.05,1.05,1.05,0.52,1.07,1.06,0.50,"",0,0.0,77,35.8,73,33.2,12,4.3,2667880,35.9,559758,27.8,23494,41.2,258,10.8
"06085","5","562219","78","0","2025","1","N",5,0,0,0,0,0,0,0,"N",0.50,0,0,0,0,0,0,0,"N",-1,-16.7,0,0,0,0,0,0,0,0,0,0,0,0,0,0
"06085","5","5629","76","0","2025","1","",45,1033,1036,1027,23054715,9747720,483045,1718,"",0.34,0.79,0.79,0.78,0.36,0.84,0.89,0.46,"",8,21.6,38,3.8,63,6.5,32,3.2,-797239,-3.3,-595449,-5.8,1658,0.3,-140,-7.5
"06085","5","56291","77","0","2025","1","",22,208,206,208,3146737,1323637,51934,1167,"",0.34,0.30,0.29,0.29,0.08,0.20,0.15,0.28,"",4,22.2,-38,-15.4,-21,-9.3,-10,-4.6,-787382,-20.0,-467540,-26.1,-5251,-9.2,-147,-11.2
"06085","5","562910","78","0","2025","1","",22,208,206,208,3146737,1323637,51934,1167,"",0.34,0.30,0.29,0.29,0.08,0.20,0.15,0.28,"",4,22.2,-38,-15.4,-21,-9.3,-10,-4.6,-787382,-20.0,-467540,-26.1,-5251,-9.2,-147,-11.2
"06085","5","56292","77","0","2025","1","",6,492,493,493,6680563,3478244,164759,1043,"",0.46,2.62,2.60,2.60,0.77,2.22,2.72,0.29,"",1,20.0,33,7.2,42,9.3,11,2.3,389305,6.2,162871,4.9,4595,2.9,0,0.0
"06085","5","562920","78","0","2025","1","",6,492,493,493,6680563,3478244,164759,1043,"",0.46,2.62,2.60,2.60,0.77,2.22,2.72,0.29,"",1,20.0,33,7.2,42,9.3,11,2.3,389305,6.2,162871,4.9,4595,2.9,0,0.0
"06085","5","56299","77","0","2025","1","",17,333,337,326,13227415,4945839,266352,3065,"",0.32,0.81,0.81,0.78,0.74,1.46,1.96,0.92,"",3,21.4,43,14.8,42,14.2,31,10.5,-399162,-2.9,-290780,-5.6,2314,0.9,-508,-14.2
"06085","5","562991","78","0","2025","1","",11,326,324,319,13086392,4869636,264388,3117,"",0.33,1.33,1.33,1.30,1.33,2.48,3.28,1.01,"N",0,0.0,0,0,0,0,0,0,0,0,0,0,0,0,0,0
"06085","5","562998","78","0","2025","1","",6,7,13,7,141023,76203,1964,1205,"",0.30,0.04,0.08,0.04,0.02,0.05,0.04,0.33,"N",3,100.0,0,0,0,0,0,0,0,0,0,0,0,0,0,0
"06085","5","61","74","0","2025","1","",1289,45089,45674,45726,1190939474,73359190,2180834,2014,"",1.07,1.95,1.90,1.91,1.24,1.04,0.93,0.64,"",59,4.8,3228,7.7,2743,6.4,2825,6.6,80248844,7.2,-2629187,-3.5,180573,9.0,7,0.3
"06085","5","611","75","0","2025","1","",1289,45089,45674,45726,1190939474,73359190,2180834,2014,"",1.07,1.95,1.90,1.91,1.24,1.04,0.93,0.64,"",59,4.8,3228,7.7,2743,6.4,2825,6.6,80248844,7.2,-2629187,-3.5,180573,9.0,7,0.3
"06085","5","6111","76","0","2025","1","",176,9714,9844,9852,178722145,25633592,741110,1402,"",1.12,1.35,1.35,1.37,0.73,1.01,1.03,0.54,"",-4,-2.2,967,11.1,919,10.3,975,11.0,22415291,14.3,-19077,-0.1,78243,11.8,43,3.2
"06085","5","61111","77","0","2025","1","",176,9714,9844,9852,178722145,25633592,741110,1402,"",1.12,1.35,1.35,1.37,0.73,1.01,1.03,0.54,"",-4,-2.2,967,11.1,919,10.3,975,11.0,22415291,14.3,-19077,-0.1,78243,11.8,43,3.2
"06085","5","611110","78","0","2025","1","",176,9714,9844,9852,178722145,25633592,741110,1402,"",1.12,1.35,1.35,1.37,0.73,1.01,1.03,0.54,"",-4,-2.2,967,11.1,919,10.3,975,11.0,22415291,14.3,-19077,-0.1,78243,11.8,43,3.2
"06085","5","6112","76","0","2025","1","N",2,0,0,0,0,0,0,0,"N",0.26,0,0,0,0,0,0,0,"N",-1,-33.3,0,0,0,0,0,0,0,0,0,0,0,0,0,0
"06085","5","61121","77","0","2025","1","N",2,0,0,0,0,0,0,0,"N",0.26,0,0,0,0,0,0,0,"N",-1,-33.3,0,0,0,0,0,0,0,0,0,0,0,0,0,0
"06085","5","611210","78","0","2025","1","N",2,0,0,0,0,0,0,0,"N",0.26,0,0,0,0,0,0,0,"N",-1,-33.3,0,0,0,0,0,0,0,0,0,0,0,0,0,0
"06085","5","6113","76","0","2025","1","N",30,0,0,0,0,0,0,0,"N",0.29,0,0,0,0,0,0,0,"N",-3,-9.1,0,0,0,0,0,0,0,0,0,0,0,0,0,0
"06085","5","61131","77","0","2025","1","N",30,0,0,0,0,0,0,0,"N",0.29,0,0,0,0,0,0,0,"N",-3,-9.1,0,0,0,0,0,0,0,0,0,0,0,0,0,0
"06085","5","611310","78","0","2025","1","N",30,0,0,0,0,0,0,0,"N",0.29,0,0,0,0,0,0,0,"N",-3,-9.1,0,0,0,0,0,0,0,0,0,0,0,0,0,0
"06085","5","6114","76","0","2025","1","",103,272,297,285,5542326,1561983,54325,1498,"",0.71,0.48,0.53,0.51,0.16,0.32,0.27,0.31,"",12,13.2,-58,-17.6,-35,-10.5,-40,-12.3,-1617886,-22.6,-163516,-9.5,-5608,-9.4,-176,-10.5
"06085","5","61142","77","0","2025","1","",25,71,81,83,738561,233863,9206,725,"",0.82,0.56,0.64,0.66,0.09,0.21,0.18,0.14,"",0,0.0,-36,-33.6,-23,-22.1,-20,-19.4,-454718,-38.1,-97502,-29.4,-4271,-31.7,-152,-17.3
"06085","5","611420","78","0","2025","1","",25,71,81,83,738561,233863,9206,725,"",0.82,0.56,0.64,0.66,0.09,0.21,0.18,0.14,"",0,0.0,-36,-33.6,-23,-22.1,-20,-19.4,-454718,-38.1,-97502,-29.4,-4271,-31.7,-152,-17.3
"06085","5","61143","77","0","2025","1","",78,201,216,202,4803765,1328120,45119,1791,"",0.70,0.49,0.52,0.50,0.18,0.37,0.32,0.36,"",12,18.2,-22,-9.9,-12,-5.3,-20,-9.0,-1163168,-19.5,-66014,-4.7,-1337,-2.9,-255,-12.5
"06085","5","611430","78","0","2025","1","",78,201,216,202,4803765,1328120,45119,1791,"",0.70,0.49,0.52,0.50,0.18,0.37,0.32,0.36,"",12,18.2,-22,-9.9,-12,-5.3,-20,-9.0,-1163168,-19.5,-66014,-4.7,-1337,-2.9,-255,-12.5
"06085","5","6115","76","0","2025","1","",55,708,689,676,10106088,4096672,162989,1125,"",0.63,0.76,0.73,0.72,0.27,0.63,0.68,0.36,"",0,0.0,84,13.5,30,4.6,38,6.0,775563,8.3,319478,8.5,39902,32.4,4,0.4
"06085","5","61151","77","0","2025","1","",55,708,689,676,10106088,4096672,162989,1125,"",0.63,0.76,0.73,0.72,0.27,0.63,0.68,0.36,"",0,0.0,84,13.5,30,4.6,38,6.0,775563,8.3,319478,8.5,39902,32.4,4,0.4
"06085","5","611511","78","0","2025","1","",11,55,57,54,572333,355153,9892,796,"",0.77,0.41,0.42,0.40,0.16,0.43,0.29,0.38,"",1,10.0,11,25.0,13,29.5,10,22.7,49779,9.5,61284,20.9,2142,27.6,-118,-12.9
"06085","5","611512","78","0","2025","1","",7,47,44,50,452420,258663,4934,740,"",0.54,0.23,0.22,0.25,0.04,0.16,0.13,0.18,"",1,16.7,0,0.0,-8,-15.4,-3,-5.7,-27735,-5.8,3606,1.4,-697,-12.4,11,1.5
"06085","5","611513","78","0","2025","1","",8,130,128,113,2538480,877822,23100,1579,"",0.66,1.03,0.98,0.89,0.50,0.99,0.63,0.52,"",0,0.0,27,26.2,-4,-3.0,7,6.6,137890,5.7,42529,5.1,9913,75.2,-46,-2.8
"06085","5","611519","78","0","2025","1","",29,476,460,459,6542855,2605034,125063,1082,"",0.61,1.02,0.97,0.97,0.35,0.83,0.94,0.36,"",-2,-6.5,46,10.7,29,6.7,24,5.5,615629,10.4,212059,8.9,28544,29.6,27,2.6
"06085","5","6116","76","0","2025","1","",726,6962,7121,6950,53464338,25825906,659575,587,"",1.53,1.83,1.82,1.78,0.81,1.86,1.36,0.45,"",40,5.8,8,0.1,-13,-0.2,-4,-0.1,-322329,-0.6,-921854,-3.4,37257,6.0,-3,-0.5
"06085","5","61161","77","0","2025","1","",173,1735,1796,1757,12391140,6735072,173508,541,"",1.50,1.87,1.86,1.85,0.92,2.30,1.68,0.50,"",14,8.8,184,11.9,213,13.5,163,10.2,1403002,12.8,633745,10.4,26898,18.3,5,0.9
"06085","5","611610","78","0","2025","1","",173,1735,1796,1757,12391140,6735072,173508,541,"",1.50,1.87,1.86,1.85,0.92,2.30,1.68,0.50,"",14,8.8,184,11.9,213,13.5,163,10.2,1403002,12.8,633745,10.4,26898,18.3,5,0.9
"06085","5","61162","77","0","2025","1","",206,1917,1929,1918,13668938,7227428,186999,547,"",1.32,1.45,1.44,1.42,0.70,1.61,1.40,0.49,"",12,6.2,110,6.1,57,3.0,40,2.1,622375,4.8,186213,2.6,24011,14.7,5,0.9
"06085","5","611620","78","0","2025","1","",206,1917,1929,1918,13668938,7227428,186999,547,"",1.32,1.45,1.44,1.42,0.70,1.61,1.40,0.49,"",12,6.2,110,6.1,57,3.0,40,2.1,622375,4.8,186213,2.6,24011,14.7,5,0.9
"06085","5","61163","77","0","2025","1","",55,701,708,643,3796313,2262278,51293,427,"",3.78,5.54,5.39,5.03,1.53,4.33,2.90,0.29,"",5,10.0,56,8.7,40,6.0,50,8.4,144402,4.0,69291,3.2,6341,14.1,-15,-3.4
"06085","5","611630","78","0","2025","1","",55,701,708,643,3796313,2262278,51293,427,"",3.78,5.54,5.39,5.03,1.53,4.33,2.90,0.29,"",5,10.0,56,8.7,40,6.0,50,8.4,144402,4.0,69291,3.2,6341,14.1,-15,-3.4
"06085","5","61169","77","0","2025","1","",292,2609,2688,2632,23607947,9601128,247775,687,"",1.55,1.82,1.82,1.78,0.77,1.61,1.08,0.43,"",9,3.2,-342,-11.6,-323,-10.7,-257,-8.9,-2492108,-9.5,-1811103,-15.9,-19993,-7.5,7,1.0
"06085","5","611691","78","0","2025","1","",193,1739,1818,1750,17400872,7050049,175995,757,"",2.37,2.36,2.38,2.30,1.21,2.61,1.58,0.51,"",-3,-1.5,-400,-18.7,-374,-17.1,-332,-15.9,-2802353,-13.9,-1840595,-20.7,-25820,-12.8,30,4.1
"06085","5","611692","78","0","2025","1","",20,120,116,100,824028,581580,20889,566,"",1.01,1.05,1.01,0.84,0.38,1.12,1.32,0.40,"",-1,-4.8,-6,-4.8,0,0.0,2,2.0,-54580,-6.2,-40957,-6.6,3230,18.3,-30,-5.0
"06085","5","611699","78","0","2025","1","",79,750,754,782,5383047,1969499,50891,543,"",0.91,1.29,1.26,1.29,0.38,0.72,0.50,0.30,"",13,19.7,64,9.3,51,7.3,73,10.3,364825,7.3,70449,3.7,2597,5.4,-9,-1.6
"06085","5","6117","76","0","2025","1","",197,1873,1897,1962,42893546,10564658,385777,1727,"",0.84,1.23,1.21,1.26,0.65,1.06,0.91,0.52,"",15,8.2,82,4.6,46,2.5,93,5.0,-6484055,-13.1,-121603,-1.1,59360,18.2,-341,-16.5
"06085","5","61171","77","0","2025","1","",197,1873,1897,1962,42893546,10564658,385777,1727,"",0.84,1.23,1.21,1.26,0.65,1.06,0.91,0.52,"",15,8.2,82,4.6,46,2.5,93,5.0,-6484055,-13.1,-121603,-1.1,59360,18.2,-341,-16.5
"06085","5","611710","78","0","2025","1","",197,1873,1897,1962,42893546,10564658,385777,1727,"",0.84,1.23,1.21,1.26,0.65,1.06,0.91,0.52,"",15,8.2,82,4.6,46,2.5,93,5.0,-6484055,-13.1,-121603,-1.1,59360,18.2,-341,-16.5
"06085","5","62","74","0","2025","1","",37000,155357,156515,156751,3456940561,644215131,17335308,1702,"",2.49,0.95,0.96,0.96,0.50,0.90,0.80,0.53,"",3064,9.0,6192,4.2,6708,4.5,6274,4.2,314141774,10.0,26230656,4.2,1880056,12.2,88,5.5
"06085","5","621","75","0","2025","1","",4835,52079,52820,52873,1444953067,305087134,8111474,2113,"",0.90,0.81,0.82,0.82,0.45,0.78,0.72,0.56,"",229,5.0,1673,3.3,2055,4.0,2047,4.0,105402252,7.9,9888260,3.3,855796,11.8,79,3.9
"06085","5","6211","76","0","2025","1","",1462,10726,10803,10747,419362815,60007535,1630097,2998,"",0.85,0.50,0.50,0.50,0.28,0.45,0.47,0.55,"",35,2.5,225,2.1,402,3.9,339,3.3,33016643,8.5,-219755,-0.4,75537,4.9,150,5.3
"06085","5","62111","77","0","2025","1","",1462,10726,10803,10747,419362815,60007535,1630097,2998,"",0.85,0.50,0.50,0.50,0.28,0.45,0.47,0.55,"",35,2.5,225,2.1,402,3.9,339,3.3,33016643,8.5,-219755,-0.4,75537,4.9,150,5.3
"06085","5","621111","78","0","2025","1","",1370,10205,10259,10217,407215029,56113619,1498272,3063,"",0.85,0.49,0.49,0.49,0.27,0.44,0.45,0.56,"",24,1.8,231,2.3,350,3.5,321,3.2,31977173,8.5,-266532,-0.5,70190,4.9,155,5.3
"06085","5","621112","78","0","2025","1","",92,521,544,530,12147786,3893916,131825,1758,"",0.78,0.86,0.89,0.87,0.40,0.92,0.89,0.45,"",11,13.6,-6,-1.1,52,10.6,18,3.5,1039470,9.4,46777,1.2,5347,4.2,84,5.0
"06085","5","6212","76","0","2025","1","",1508,9712,9786,9706,213967974,63953260,1657143,1691,"",1.55,1.29,1.30,1.29,0.71,1.17,1.16,0.54,"",35,2.4,-60,-0.6,97,1.0,81,0.8,4685789,2.2,-764718,-1.2,96513,6.2,31,1.9
"06085","5","62121","77","0","2025","1","",1508,9712,9786,9706,213967974,63953260,1657143,1691,"",1.55,1.29,1.30,1.29,0.71,1.17,1.16,0.54,"",35,2.4,-60,-0.6,97,1.0,81,0.8,4685789,2.2,-764718,-1.2,96513,6.2,31,1.9
"06085","5","621210","78","0","2025","1","",1508,9712,9786,9706,213967974,63953260,1657143,1691,"",1.55,1.29,1.30,1.29,0.71,1.17,1.16,0.54,"",35,2.4,-60,-0.6,97,1.0,81,0.8,4685789,2.2,-764718,-1.2,96513,6.2,31,1.9
"06085","5","6213","76","0","2025","1","",1303,6533,6587,6564,99201445,40154844,1139915,1163,"",0.86,0.71,0.71,0.71,0.32,0.67,0.65,0.45,"",167,14.7,393,6.4,410,6.6,477,7.8,6888975,7.5,1896179,5.0,174801,18.1,5,0.4
"06085","5","62131","77","0","2025","1","",234,770,779,794,9179521,4561743,128616,904,"",0.84,0.74,0.74,0.76,0.33,0.72,0.85,0.44,"",10,4.5,84,12.2,87,12.6,90,12.8,1275480,16.1,537456,13.4,27320,27.0,28,3.2
"06085","5","621310","78","0","2025","1","",234,770,779,794,9179521,4561743,128616,904,"",0.84,0.74,0.74,0.76,0.33,0.72,0.85,0.44,"",10,4.5,84,12.2,87,12.6,90,12.8,1275480,16.1,537456,13.4,27320,27.0,28,3.2
"06085","5","62132","77","0","2025","1","",192,1162,1125,1113,15100364,6857981,165077,1025,"",1.26,1.04,1.01,1.00,0.39,0.89,0.91,0.39,"",15,8.5,67,6.1,40,3.7,49,4.6,841528,5.9,307277,4.7,19572,13.5,11,1.1
"06085","5","621320","78","0","2025","1","",192,1162,1125,1113,15100364,6857981,165077,1025,"",1.26,1.04,1.01,1.00,0.39,0.89,0.91,0.39,"",15,8.5,67,6.1,40,3.7,49,4.6,841528,5.9,307277,4.7,19572,13.5,11,1.1
"06085","5","62133","77","0","2025","1","",269,1385,1423,1431,18641883,7973428,243806,1015,"",0.73,0.69,0.70,0.71,0.29,0.62,0.51,0.42,"",58,27.5,187,15.6,203,16.6,239,20.1,1748737,10.4,735693,10.2,40330,19.8,-65,-6.0
"06085","5","621330","78","0","2025","1","",269,1385,1423,1431,18641883,7973428,243806,1015,"",0.73,0.69,0.70,0.71,0.29,0.62,0.51,0.42,"",58,27.5,187,15.6,203,16.6,239,20.1,1748737,10.4,735693,10.2,40330,19.8,-65,-6.0
"06085","5","62134","77","0","2025","1","",278,2173,2189,2180,33759020,13870026,383211,1191,"",0.73,0.59,0.59,0.59,0.28,0.58,0.59,0.46,"",28,11.2,67,3.2,61,2.9,90,4.3,1866426,5.9,422417,3.1,56979,17.5,27,2.3
"06085","5","621340","78","0","2025","1","",278,2173,2189,2180,33759020,13870026,383211,1191,"",0.73,0.59,0.59,0.59,0.28,0.58,0.59,0.46,"",28,11.2,67,3.2,61,2.9,90,4.3,1866426,5.9,422417,3.1,56979,17.5,27,2.3
"06085","5","62139","77","0","2025","1","",330,1043,1071,1046,22520657,6891666,219205,1645,"",0.96,0.73,0.74,0.73,0.40,0.72,0.74,0.54,"",56,20.4,-12,-1.1,19,1.8,9,0.9,1156804,5.4,-106664,-1.5,30600,16.2,77,4.9
"06085","5","621391","78","0","2025","1","",33,98,94,95,2167756,641675,18801,1743,"",0.71,0.42,0.40,0.41,0.24,0.42,0.42,0.59,"",5,17.9,15,18.1,12,14.6,14,17.3,1071569,97.8,140342,28.0,8904,90.0,715,69.6
"06085","5","621399","78","0","2025","1","",297,945,977,951,20352901,6249991,200404,1635,"",0.99,0.79,0.81,0.79,0.43,0.78,0.79,0.53,"",51,20.7,-27,-2.8,7,0.7,-5,-0.5,85235,0.4,-247006,-3.8,21696,12.1,21,1.3
"06085","5","6214","76","0","2025","1","",225,13116,13108,13095,537539039,65902114,1221921,3155,"",0.59,1.57,1.56,1.56,1.16,1.55,0.92,0.74,"",-12,-5.1,-271,-2.0,-297,-2.2,-440,-3.3,40732530,8.2,-923196,-1.4,25028,2.1,312,11.0
"06085","5","62141","77","0","2025","1","",17,150,151,150,4370264,248536,8441,2236,"",0.77,0.75,0.71,0.71,0.45,0.23,0.20,0.62,"",1,6.2,-28,-15.7,-26,-14.7,-29,-16.2,-798680,-15.5,-217383,-46.7,-6445,-43.3,2,0.1
"06085","5","621410","78","0","2025","1","",17,150,151,150,4370264,248536,8441,2236,"",0.77,0.75,0.71,0.71,0.45,0.23,0.20,0.62,"",1,6.2,-28,-15.7,-26,-14.7,-29,-16.2,-798680,-15.5,-217383,-46.7,-6445,-43.3,2,0.1
"06085","5","62142","77","0","2025","1","",50,1387,1383,1358,32222391,4303266,139030,1801,"",0.38,0.60,0.59,0.58,0.37,0.41,0.38,0.63,"",-3,-5.7,-423,-23.4,-446,-24.4,-515,-27.5,-5894180,-15.5,-1304826,-23.3,-53462,-27.8,205,12.8
"06085","5","621420","78","0","2025","1","",50,1387,1383,1358,32222391,4303266,139030,1801,"",0.38,0.60,0.59,0.58,0.37,0.41,0.38,0.63,"",-3,-5.7,-423,-23.4,-446,-24.4,-515,-27.5,-5894180,-15.5,-1304826,-23.3,-53462,-27.8,205,12.8
"06085","5","62149","77","0","2025","1","",158,11579,11574,11587,500946384,61350312,1074450,3328,"",0.69,1.98,1.98,1.98,1.36,1.98,1.17,0.69,"",-10,-6.0,180,1.6,175,1.5,104,0.9,47425390,10.5,599013,1.0,84935,8.6,275,9.0
"06085","5","621491","78","0","2025","1","",62,8803,8802,8799,430727423,53605086,860651,3765,"",3.00,5.23,5.24,5.24,2.81,8.57,4.19,0.54,"",2,3.3,90,1.0,80,0.9,42,0.5,40602229,10.4,722040,1.4,60774,7.6,328,9.5
"06085","5","621492","78","0","2025","1","",26,558,561,567,10899089,3641071,98154,1492,"",0.46,0.60,0.60,0.61,0.25,0.52,0.59,0.41,"",-8,-23.5,-1,-0.2,15,2.7,13,2.3,1494044,15.9,503055,16.0,26165,36.3,184,14.1
"06085","5","621493","78","0","2025","1","",31,1785,1767,1775,50031994,3027219,83400,2167,"",0.47,1.36,1.34,1.35,0.79,0.36,0.34,0.58,"",-2,-6.1,125,7.5,89,5.3,64,3.7,5924395,13.4,-328911,-9.8,1790,2.2,151,7.5
"06085","5","621498","78","0","2025","1","",39,433,444,446,9287878,1076936,32245,1620,"",0.45,0.23,0.23,0.23,0.09,0.12,0.11,0.38,"",-2,-4.9,-34,-7.3,-9,-2.0,-15,-3.3,-595278,-6.0,-297171,-21.6,-3794,-10.5,-32,-1.9
"06085","5","6215","76","0","2025","1","",110,1202,1170,1153,46039070,8424810,306397,3014,"",0.52,0.54,0.52,0.52,0.35,0.51,0.60,0.66,"",-13,-10.6,-244,-16.9,-312,-21.1,-331,-22.3,-3160885,-6.4,-1584291,-15.8,21949,7.7,441,17.1
"06085","5","62151","77","0","2025","1","",110,1202,1170,1153,46039070,8424810,306397,3014,"",0.52,0.54,0.52,0.52,0.35,0.51,0.60,0.66,"",-13,-10.6,-244,-16.9,-312,-21.1,-331,-22.3,-3160885,-6.4,-1584291,-15.8,21949,7.7,441,17.1
"06085","5","621511","78","0","2025","1","",69,955,916,905,40249289,6810410,257332,3346,"",0.44,0.60,0.57,0.57,0.41,0.56,0.68,0.71,"",-17,-19.8,-270,-22.0,-340,-27.1,-360,-28.5,-3650218,-8.3,-1682759,-19.8,14656,6.0,642,23.7
"06085","5","621512","78","0","2025","1","",41,247,254,248,5789781,1614400,49065,1784,"",0.75,0.39,0.40,0.39,0.16,0.36,0.36,0.41,"",4,10.8,26,11.8,28,12.4,29,13.2,489333,9.2,98468,6.5,7293,17.5,-53,-2.9
"06085","5","6216","76","0","2025","1","",179,9854,10421,10651,105435875,60449797,1991610,787,"",0.47,0.75,0.79,0.81,0.30,0.90,0.88,0.38,"",20,12.6,1571,19.0,1695,19.4,1857,21.1,21315276,25.3,11088010,22.5,455265,29.6,35,4.7
"06085","5","62161","77","0","2025","1","",179,9854,10421,10651,105435875,60449797,1991610,787,"",0.47,0.75,0.79,0.81,0.30,0.90,0.88,0.38,"",20,12.6,1571,19.0,1695,19.4,1857,21.1,21315276,25.3,11088010,22.5,455265,29.6,35,4.7
"06085","5","621610","78","0","2025","1","",179,9854,10421,10651,105435875,60449797,1991610,787,"",0.47,0.75,0.79,0.81,0.30,0.90,0.88,0.38,"",20,12.6,1571,19.0,1695,19.4,1857,21.1,21315276,25.3,11088010,22.5,455265,29.6,35,4.7
"06085","5","6219","76","0","2025","1","",48,936,945,957,23406849,6194774,164391,1903,"",0.31,0.36,0.36,0.37,0.20,0.36,0.30,0.55,"",-3,-5.9,59,6.7,60,6.8,64,7.2,1923924,9.0,396031,6.8,6703,4.3,36,1.9
"06085","5","62191","77","0","2025","1","",11,668,671,684,14876983,4597282,104314,1697,"",0.26,0.54,0.54,0.54,0.30,0.54,0.46,0.56,"",0,0.0,51,8.3,48,7.7,42,6.5,1766944,13.5,271377,6.3,8707,9.1,89,5.5
"06085","5","621910","78","0","2025","1","",11,668,671,684,14876983,4597282,104314,1697,"",0.26,0.54,0.54,0.54,0.30,0.54,0.46,0.56,"",0,0.0,51,8.3,48,7.7,42,6.5,1766944,13.5,271377,6.3,8707,9.1,89,5.5
"06085","5","62199","77","0","2025","1","",37,268,274,273,8529866,1597492,60077,2415,"",0.32,0.20,0.20,0.20,0.12,0.18,0.19,0.62,"",-3,-7.5,8,3.1,12,4.6,22,8.8,156980,1.9,124654,8.5,-2004,-3.2,-85,-3.4
"06085","5","621991","78","0","2025","1","N",3,0,0,0,0,0,0,0,"N",0.17,0,0,0,0,0,0,0,"N",1,50.0,0,0,0,0,0,0,0,0,0,0,0,0,0,0
"06085","5","621999","78","0","2025","1","N",34,0,0,0,0,0,0,0,"N",0.35,0,0,0,0,0,0,0,"N",-4,-10.5,0,0,0,0,0,0,0,0,0,0,0,0,0,0
"06085","5","622","75","0","2025","1","",20,37405,37432,37460,1360088123,24686556,424888,2795,"",0.17,0.94,0.94,0.94,0.62,0.44,0.36,0.65,"",1,5.3,1650,4.6,1550,4.3,1301,3.6,161416154,13.5,-830339,-3.3,4613,1.1,229,8.9
"06085","5","6221","76","0","2025","1","",14,36077,36127,36164,1322008114,21488385,330741,2815,"",0.16,0.98,0.98,0.98,0.64,0.48,0.37,0.65,"",1,7.7,1627,4.7,1568,4.5,1347,3.9,159928500,13.8,-1139814,-5.0,-14491,-4.2,232,9.0
"06085","5","62211","77","0","2025","1","",14,36077,36127,36164,1322008114,21488385,330741,2815,"",0.16,0.98,0.98,0.98,0.64,0.48,0.37,0.65,"",1,7.7,1627,4.7,1568,4.5,1347,3.9,159928500,13.8,-1139814,-5.0,-14491,-4.2,232,9.0
"06085","5","622110","78","0","2025","1","",14,36077,36127,36164,1322008114,21488385,330741,2815,"",0.16,0.98,0.98,0.98,0.64,0.48,0.37,0.65,"",1,7.7,1627,4.7,1568,4.5,1347,3.9,159928500,13.8,-1139814,-5.0,-14491,-4.2,232,9.0
"06085","5","6222","76","0","2025","1","N",2,0,0,0,0,0,0,0,"N",0.18,0,0,0,0,0,0,0,"N",0,0.0,0,0,0,0,0,0,0,0,0,0,0,0,0,0
"06085","5","62221","77","0","2025","1","N",2,0,0,0,0,0,0,0,"N",0.18,0,0,0,0,0,0,0,"N",0,0.0,0,0,0,0,0,0,0,0,0,0,0,0,0,0
"06085","5","622210","78","0","2025","1","N",2,0,0,0,0,0,0,0,"N",0.18,0,0,0,0,0,0,0,"N",0,0.0,0,0,0,0,0,0,0,0,0,0,0,0,0,0
"06085","5","6223","76","0","2025","1","N",4,0,0,0,0,0,0,0,"N",0.21,0,0,0,0,0,0,0,"N",0,0.0,0,0,0,0,0,0,0,0,0,0,0,0,0,0
"06085","5","62231","77","0","2025","1","N",4,0,0,0,0,0,0,0,"N",0.21,0,0,0,0,0,0,0,"N",0,0.0,0,0,0,0,0,0,0,0,0,0,0,0,0,0
"06085","5","622310","78","0","2025","1","N",4,0,0,0,0,0,0,0,"N",0.21,0,0,0,0,0,0,0,"N",0,0.0,0,0,0,0,0,0,0,0,0,0,0,0,0,0
"06085","5","623","75","0","2025","1","",420,14488,14544,14696,212894736,80094625,1963466,1124,"",0.64,0.60,0.60,0.60,0.30,0.66,0.56,0.50,"",36,9.4,1119,8.4,1069,7.9,1081,7.9,22934354,12.1,5289856,7.1,232024,13.4,41,3.8
"06085","5","6231","76","0","2025","1","",61,5811,5850,5882,92708621,39779178,858694,1220,"",0.42,0.53,0.53,0.53,0.27,0.62,0.49,0.50,"",-1,-1.6,391,7.2,324,5.9,280,5.0,6828709,8.0,2728814,7.4,93008,12.1,22,1.8
"06085","5","62311","77","0","2025","1","",61,5811,5850,5882,92708621,39779178,858694,1220,"",0.42,0.53,0.53,0.53,0.27,0.62,0.49,0.50,"",-1,-1.6,391,7.2,324,5.9,280,5.0,6828709,8.0,2728814,7.4,93008,12.1,22,1.8
"06085","5","623110","78","0","2025","1","",61,5811,5850,5882,92708621,39779178,858694,1220,"",0.42,0.53,0.53,0.53,0.27,0.62,0.49,0.50,"",-1,-1.6,391,7.2,324,5.9,280,5.0,6828709,8.0,2728814,7.4,93008,12.1,22,1.8
"06085","5","6232","76","0","2025","1","",110,2360,2365,2402,37494696,9962782,307231,1214,"",0.44,0.48,0.48,0.49,0.25,0.55,0.54,0.52,"",13,13.4,347,17.2,350,17.4,399,19.9,9222670,32.6,39638,0.4,27183,9.7,132,12.2
"06085","5","62321","77","0","2025","1","",71,1299,1293,1334,18750587,5027505,108383,1102,"",0.40,0.44,0.43,0.44,0.22,0.52,0.43,0.51,"",7,10.9,246,23.4,233,22.0,276,26.1,5266844,39.1,47503,1.0,1815,1.7,121,12.3
"06085","5","623210","78","0","2025","1","",71,1299,1293,1334,18750587,5027505,108383,1102,"",0.40,0.44,0.43,0.44,0.22,0.52,0.43,0.51,"",7,10.9,246,23.4,233,22.0,276,26.1,5266844,39.1,47503,1.0,1815,1.7,121,12.3
"06085","5","62322","77","0","2025","1","",39,1061,1072,1068,18744109,4935277,198848,1351,"",0.54,0.55,0.56,0.56,0.29,0.58,0.63,0.52,"",6,18.2,101,10.5,117,12.3,123,13.0,3955826,26.7,-7865,-0.2,25368,14.6,158,13.2
"06085","5","623220","78","0","2025","1","",39,1061,1072,1068,18744109,4935277,198848,1351,"",0.54,0.55,0.56,0.56,0.29,0.58,0.63,0.52,"",6,18.2,101,10.5,117,12.3,123,13.0,3955826,26.7,-7865,-0.2,25368,14.6,158,13.2
"06085","5","6233","76","0","2025","1","",219,6032,6048,6136,79267926,28764634,753404,1004,"",1.04,0.83,0.83,0.85,0.42,0.83,0.74,0.50,"",22,11.2,316,5.5,328,5.7,355,6.1,6094429,8.3,2010116,7.5,95616,14.5,23,2.3
"06085","5","62331","77","0","2025","1","",219,6032,6048,6136,79267926,28764634,753404,1004,"",1.04,0.83,0.83,0.85,0.42,0.83,0.74,0.50,"",22,11.2,316,5.5,328,5.7,355,6.1,6094429,8.3,2010116,7.5,95616,14.5,23,2.3
"06085","5","623311","78","0","2025","1","",29,2885,2898,2909,44568711,8283193,188853,1183,"",0.56,0.81,0.81,0.82,0.46,0.58,0.50,0.57,"",1,3.6,123,4.5,113,4.1,89,3.2,3486715,8.5,520363,6.7,23543,14.2,50,4.4
"06085","5","623312","78","0","2025","1","",190,3147,3150,3227,34699215,20481441,564551,841,"",1.20,0.85,0.85,0.87,0.38,1.00,0.88,0.44,"",21,12.4,193,6.5,215,7.3,266,9.0,2607714,8.1,1489753,7.8,72073,14.6,4,0.5
"06085","5","6239","76","0","2025","1","",30,285,281,276,3423493,1588031,44137,938,"",0.56,0.24,0.23,0.23,0.09,0.33,0.32,0.40,"",2,7.1,65,29.5,67,31.3,47,20.5,788546,29.9,511288,47.5,16217,58.1,21,2.3
"06085","5","62399","77","0","2025","1","",30,285,281,276,3423493,1588031,44137,938,"",0.56,0.24,0.23,0.23,0.09,0.33,0.32,0.40,"",2,7.1,65,29.5,67,31.3,47,20.5,788546,29.9,511288,47.5,16217,58.1,21,2.3
"06085","5","623990","78","0","2025","1","",30,285,281,276,3423493,1588031,44137,938,"",0.56,0.24,0.23,0.23,0.09,0.33,0.32,0.40,"",2,7.1,65,29.5,67,31.3,47,20.5,788546,29.9,511288,47.5,16217,58.1,21,2.3
"06085","5","624","75","0","2025","1","",31725,51385,51719,51722,439004635,234346816,6835480,654,"",3.65,1.48,1.49,1.48,0.57,1.57,1.18,0.39,"",2798,9.7,1750,3.5,2034,4.1,1845,3.7,24389014,5.9,11882879,5.3,787623,13.0,13,2.0
"06085","5","6241","76","0","2025","1","",30842,42564,42780,42768,322892197,189878749,5562437,582,"",3.88,1.78,1.79,1.78,0.64,1.89,1.34,0.36,"",2757,9.8,1737,4.3,1932,4.7,1769,4.3,25028358,8.4,13963624,7.9,749766,15.6,22,3.9
"06085","5","62411","77","0","2025","1","",68,1813,1837,1846,28660953,6064908,188416,1203,"",0.66,1.07,1.08,1.08,0.58,0.99,0.87,0.53,"",-1,-1.4,-75,-4.0,-55,-2.9,-92,-4.7,-2109250,-6.9,-137034,-2.2,20713,12.4,-39,-3.1
"06085","5","624110","78","0","2025","1","",68,1813,1837,1846,28660953,6064908,188416,1203,"",0.66,1.07,1.08,1.08,0.58,0.99,0.87,0.53,"",-1,-1.4,-75,-4.0,-55,-2.9,-92,-4.7,-2109250,-6.9,-137034,-2.2,20713,12.4,-39,-3.1
"06085","5","62412","77","0","2025","1","",30604,38380,38470,38483,255182782,175103535,5082015,511,"",4.06,2.08,2.09,2.08,0.76,2.29,1.59,0.37,"",2742,9.8,1829,5.0,1893,5.2,1857,5.1,24563262,10.7,13141963,8.1,669878,15.2,26,5.4
"06085","5","624120","78","0","2025","1","",30604,38380,38470,38483,255182782,175103535,5082015,511,"",4.06,2.08,2.09,2.08,0.76,2.29,1.59,0.37,"",2742,9.8,1829,5.0,1893,5.2,1857,5.1,24563262,10.7,13141963,8.1,669878,15.2,26,5.4
"06085","5","62419","77","0","2025","1","",170,2371,2473,2439,39048462,8710306,292006,1237,"",0.52,0.63,0.65,0.65,0.32,0.49,0.40,0.49,"",16,10.4,-17,-0.7,94,4.0,4,0.2,2574346,7.1,958695,12.4,59175,25.4,68,5.8
"06085","5","624190","78","0","2025","1","",170,2371,2473,2439,39048462,8710306,292006,1237,"",0.52,0.63,0.65,0.65,0.32,0.49,0.40,0.49,"",16,10.4,-17,-0.7,94,4.0,4,0.2,2574346,7.1,958695,12.4,59175,25.4,68,5.8
"06085","5","6242","76","0","2025","1","",78,1426,1444,1443,26883471,6438192,261789,1438,"",0.73,0.84,0.86,0.86,0.45,0.82,0.79,0.53,"",1,1.3,14,1.0,29,2.0,8,0.6,1166699,4.5,109390,1.7,16645,6.8,46,3.3
"06085","5","62421","77","0","2025","1","",20,419,419,425,9256791,1187589,48476,1691,"",0.68,1.16,1.16,1.17,0.80,0.70,0.80,0.69,"",1,5.3,-15,-3.5,-2,-0.5,7,1.7,207049,2.3,165116,16.1,13529,38.7,50,3.0
"06085","5","624210","78","0","2025","1","",20,419,419,425,9256791,1187589,48476,1691,"",0.68,1.16,1.16,1.17,0.80,0.70,0.80,0.69,"",1,5.3,-15,-3.5,-2,-0.5,7,1.7,207049,2.3,165116,16.1,13529,38.7,50,3.0
"06085","5","62422","77","0","2025","1","",49,957,975,966,16787807,5051384,205714,1337,"",0.84,0.90,0.92,0.91,0.47,1.01,0.92,0.51,"",-1,-2.0,25,2.7,28,3.0,-7,-0.7,823461,5.2,-76294,-1.5,2265,1.1,45,3.5
"06085","5","624221","78","0","2025","1","",20,545,555,550,8767663,2576484,112344,1226,"",0.65,0.78,0.80,0.79,0.41,0.86,0.87,0.52,"",-1,-4.8,22,4.2,22,4.1,1,0.2,581695,7.1,-17760,-0.7,-401,-0.4,49,4.2
"06085","5","624229","78","0","2025","1","",29,412,420,416,8020144,2474900,93370,1483,"",1.06,1.13,1.15,1.14,0.55,1.23,0.99,0.48,"",0,0.0,3,0.7,6,1.4,-8,-1.9,241766,3.1,-58534,-2.3,2666,2.9,44,3.1
"06085","5","62423","77","0","2025","1","",9,50,50,52,838873,199219,7599,1274,"",0.46,0.18,0.19,0.20,0.07,0.17,0.16,0.36,"",1,12.5,4,8.7,3,6.4,8,18.2,136189,19.4,20568,11.5,851,12.6,90,7.6
"06085","5","624230","78","0","2025","1","",9,50,50,52,838873,199219,7599,1274,"",0.46,0.18,0.19,0.20,0.07,0.17,0.16,0.36,"",1,12.5,4,8.7,3,6.4,8,18.2,136189,19.4,20568,11.5,851,12.6,90,7.6
"06085","5","6243","76","0","2025","1","",26,1133,1152,1153,13387584,743811,21674,899,"",0.38,0.56,0.57,0.57,0.26,0.14,0.13,0.46,"",0,0.0,10,0.9,61,5.6,51,4.6,713533,5.6,-231866,-23.8,-15995,-42.5,17,1.9
"06085","5","62431","77","0","2025","1","",26,1133,1152,1153,13387584,743811,21674,899,"",0.38,0.56,0.57,0.57,0.26,0.14,0.13,0.46,"",0,0.0,10,0.9,61,5.6,51,4.6,713533,5.6,-231866,-23.8,-15995,-42.5,17,1.9
"06085","5","624310","78","0","2025","1","",26,1133,1152,1153,13387584,743811,21674,899,"",0.38,0.56,0.57,0.57,0.26,0.14,0.13,0.46,"",0,0.0,10,0.9,61,5.6,51,4.6,713533,5.6,-231866,-23.8,-15995,-42.5,17,1.9
"06085","5","6244","76","0","2025","1","",779,6262,6343,6358,75841383,37286064,989580,923,"",1.38,0.88,0.89,0.88,0.51,1.06,0.86,0.58,"",40,5.4,-11,-0.2,12,0.2,17,0.3,-2519576,-3.2,-1958269,-5.0,37207,3.9,-32,-3.4
"06085","5","62441","77","0","2025","1","",779,6262,6343,6358,75841383,37286064,989580,923,"",1.38,0.88,0.89,0.88,0.51,1.06,0.86,0.58,"",40,5.4,-11,-0.2,12,0.2,17,0.3,-2519576,-3.2,-1958269,-5.0,37207,3.9,-32,-3.4
"06085","5","624410","78","0","2025","1","",779,6262,6343,6358,75841383,37286064,989580,923,"",1.38,0.88,0.89,0.88,0.51,1.06,0.86,0.58,"",40,5.4,-11,-0.2,12,0.2,17,0.3,-2519576,-3.2,-1958269,-5.0,37207,3.9,-32,-3.4
"06085","5","71","74","0","2025","1","",761,15342,15774,16663,315807259,76363710,2083927,1525,"",0.57,0.90,0.91,0.93,0.55,0.94,0.69,0.60,"",62,8.9,-1895,-11.0,-1415,-8.2,-1283,-7.1,-36250143,-10.3,-3920999,-4.9,273517,15.1,-26,-1.7
"06085","5","711","75","0","2025","1","",216,3456,3828,4167,204303707,20156560,646728,4117,"",0.37,0.95,1.00,1.03,0.74,0.90,0.64,0.75,"",26,13.7,-500,-12.6,-103,-2.6,-9,-0.2,-30014769,-12.8,426427,2.2,134009,26.1,-366,-8.2
"06085","5","7111","76","0","2025","1","",57,382,610,507,5183146,2187749,74011,798,"",0.61,0.44,0.64,0.52,0.17,0.46,0.26,0.33,"",1,1.8,-31,-7.5,-114,-15.7,-89,-14.9,395006,8.2,-52775,-2.4,8339,12.7,160,25.1
"06085","5","71111","77","0","2025","1","",20,211,444,318,2230038,1244259,44440,529,"",0.68,0.45,0.87,0.61,0.15,0.46,0.26,0.23,"",0,0.0,-59,-21.9,-124,-21.8,-81,-20.3,-92121,-4.0,-163523,-11.6,6017,15.7,96,22.2
"06085","5","711110","78","0","2025","1","",20,211,444,318,2230038,1244259,44440,529,"",0.68,0.45,0.87,0.61,0.15,0.46,0.26,0.23,"",0,0.0,-59,-21.9,-124,-21.8,-81,-20.3,-92121,-4.0,-163523,-11.6,6017,15.7,96,22.2
"06085","5","71112","77","0","2025","1","",6,12,15,14,153300,60421,1599,863,"",0.52,0.11,0.12,0.12,0.05,0.11,0.03,0.47,"N",1,20.0,0,0,0,0,0,0,0,0,0,0,0,0,0,0
"06085","5","711120","78","0","2025","1","",6,12,15,14,153300,60421,1599,863,"",0.52,0.11,0.12,0.12,0.05,0.11,0.03,0.47,"N",1,20.0,0,0,0,0,0,0,0,0,0,0,0,0,0,0
"06085","5","71113","77","0","2025","1","",27,114,108,129,2107634,827569,26036,1386,"",0.63,0.49,0.43,0.50,0.24,0.79,0.52,0.51,"",0,0.0,11,10.7,-5,-4.4,-21,-14.0,263376,14.3,84617,11.4,1538,6.3,223,19.2
"06085","5","711130","78","0","2025","1","",27,114,108,129,2107634,827569,26036,1386,"",0.63,0.49,0.43,0.50,0.24,0.79,0.52,0.51,"",0,0.0,11,10.7,-5,-4.4,-21,-14.0,263376,14.3,84617,11.4,1538,6.3,223,19.2
"06085","5","71119","77","0","2025","1","",4,45,43,46,692174,55500,1936,1192,"",0.39,0.72,0.64,0.66,0.24,0.11,0.10,0.36,"N",0,0.0,0,0,0,0,0,0,0,0,0,0,0,0,0,0
"06085","5","711190","78","0","2025","1","",4,45,43,46,692174,55500,1936,1192,"",0.39,0.72,0.64,0.66,0.24,0.11,0.10,0.36,"N",0,0.0,0,0,0,0,0,0,0,0,0,0,0,0,0,0
"06085","5","7112","76","0","2025","1","",29,809,829,926,134417668,5088494,146161,12098,"",0.46,0.80,0.79,0.78,0.90,0.69,0.65,1.14,"",-1,-3.3,44,5.8,2,0.2,32,3.6,-23412126,-14.8,335450,7.1,38216,35.4,-2553,-17.4
"06085","5","71121","77","0","2025","1","",29,809,829,926,134417668,5088494,146161,12098,"",0.46,0.80,0.79,0.78,0.90,0.69,0.65,1.14,"",-1,-3.3,44,5.8,2,0.2,32,3.6,-23412126,-14.8,335450,7.1,38216,35.4,-2553,-17.4
"06085","5","711211","78","0","2025","1","",17,760,781,871,133530430,4783845,138421,12776,"",0.61,1.06,1.05,1.01,0.99,0.92,0.85,0.95,"",1,6.2,82,12.1,39,5.3,41,4.9,-23213902,-14.8,458487,10.6,39563,40.0,-3300,-20.5
"06085","5","711212","78","0","2025","1","N",1,0,0,0,0,0,0,0,"N",0.19,0,0,0,0,0,0,0,"N",0,0.0,0,0,0,0,0,0,0,0,0,0,0,0,0,0
"06085","5","711219","78","0","2025","1","N",11,0,0,0,0,0,0,0,"N",0.37,0,0,0,0,0,0,0,"N",-2,-15.4,0,0,0,0,0,0,0,0,0,0,0,0,0,0
"06085","5","7113","76","0","2025","1","",26,2126,2246,2584,61334458,11925106,394648,2035,"",0.31,1.84,1.86,2.01,1.23,1.90,1.34,0.65,"",4,18.2,-467,-18.0,64,2.9,81,3.2,-4606501,-7.0,441033,3.8,98193,33.1,-56,-2.7
"06085","5","71131","77","0","2025","1","",13,2042,2196,2535,60248136,11560229,382563,2053,"",0.37,2.30,2.35,2.54,1.73,2.62,1.77,0.72,"",1,8.3,-518,-20.2,36,1.7,56,2.3,-5257569,-8.0,250678,2.2,93144,32.2,-47,-2.2
"06085","5","711310","78","0","2025","1","",13,2042,2196,2535,60248136,11560229,382563,2053,"",0.37,2.30,2.35,2.54,1.73,2.62,1.77,0.72,"",1,8.3,-518,-20.2,36,1.7,56,2.3,-5257569,-8.0,250678,2.2,93144,32.2,-47,-2.2
"06085","5","71132","77","0","2025","1","",13,84,50,49,1086322,364877,12085,1370,"",0.27,0.32,0.18,0.17,0.07,0.20,0.15,0.33,"",3,30.0,51,154.5,28,127.3,25,104.2,651068,149.6,190355,109.1,5049,71.8,99,7.8
"06085","5","711320","78","0","2025","1","",13,84,50,49,1086322,364877,12085,1370,"",0.27,0.32,0.18,0.17,0.07,0.20,0.15,0.33,"",3,30.0,51,154.5,28,127.3,25,104.2,651068,149.6,190355,109.1,5049,71.8,99,7.8
"06085","5","7114","76","0","2025","1","",15,33,31,31,1017908,201583,6869,2473,"",0.29,0.16,0.15,0.14,0.05,0.14,0.09,0.30,"",2,15.4,-2,-5.7,-23,-42.6,-7,-18.4,-1694402,-62.5,-73388,-26.7,-3995,-36.8,-2455,-49.8
"06085","5","71141","77","0","2025","1","",15,33,31,31,1017908,201583,6869,2473,"",0.29,0.16,0.15,0.14,0.05,0.14,0.09,0.30,"",2,15.4,-2,-5.7,-23,-42.6,-7,-18.4,-1694402,-62.5,-73388,-26.7,-3995,-36.8,-2455,-49.8
"06085","5","711410","78","0","2025","1","",15,33,31,31,1017908,201583,6869,2473,"",0.29,0.16,0.15,0.14,0.05,0.14,0.09,0.30,"",2,15.4,-2,-5.7,-23,-42.6,-7,-18.4,-1694402,-62.5,-73388,-26.7,-3995,-36.8,-2455,-49.8
"06085","5","7115","76","0","2025","1","",89,106,112,119,2350527,753628,25039,1610,"",0.30,0.27,0.28,0.30,0.10,0.29,0.21,0.35,"",20,29.0,-44,-29.3,-32,-22.2,-26,-17.9,-696746,-22.9,-223893,-22.9,-6744,-21.2,8,0.5
"06085","5","71151","77","0","2025","1","",89,106,112,119,2350527,753628,25039,1610,"",0.30,0.27,0.28,0.30,0.10,0.29,0.21,0.35,"",20,29.0,-44,-29.3,-32,-22.2,-26,-17.9,-696746,-22.9,-223893,-22.9,-6744,-21.2,8,0.5
"06085","5","711510","78","0","2025","1","",89,106,112,119,2350527,753628,25039,1610,"",0.30,0.27,0.28,0.30,0.10,0.29,0.21,0.35,"",20,29.0,-44,-29.3,-32,-22.2,-26,-17.9,-696746,-22.9,-223893,-22.9,-6744,-21.2,8,0.5
"06085","5","712","75","0","2025","1","",25,475,472,465,7492176,1488670,37423,1224,"",0.44,0.40,0.39,0.38,0.19,0.38,0.32,0.49,"",2,8.7,-32,-6.3,-31,-6.2,-42,-8.3,-372823,-4.7,-72879,-4.7,2451,7.0,28,2.3
"06085","5","7121","76","0","2025","1","",25,475,472,465,7492176,1488670,37423,1224,"",0.44,0.40,0.39,0.38,0.19,0.38,0.32,0.49,"",2,8.7,-32,-6.3,-31,-6.2,-42,-8.3,-372823,-4.7,-72879,-4.7,2451,7.0,28,2.3
"06085","5","71211","77","0","2025","1","",19,381,381,377,6666472,1133447,24065,1351,"",0.50,0.54,0.54,0.53,0.28,0.48,0.31,0.52,"",1,5.6,-18,-4.5,-17,-4.3,-22,-5.5,-258818,-3.7,4580,0.4,-627,-2.5,15,1.1
"06085","5","712110","78","0","2025","1","",19,381,381,377,6666472,1133447,24065,1351,"",0.50,0.54,0.54,0.53,0.28,0.48,0.31,0.52,"",1,5.6,-18,-4.5,-17,-4.3,-22,-5.5,-258818,-3.7,4580,0.4,-627,-2.5,15,1.1
"06085","5","71212","77","0","2025","1","N",2,0,0,0,0,0,0,0,"N",0.40,0,0,0,0,0,0,0,"N",0,0.0,0,0,0,0,0,0,0,0,0,0,0,0,0,0
"06085","5","712120","78","0","2025","1","N",2,0,0,0,0,0,0,0,"N",0.40,0,0,0,0,0,0,0,"N",0,0.0,0,0,0,0,0,0,0,0,0,0,0,0,0,0
"06085","5","71213","77","0","2025","1","N",3,0,0,0,0,0,0,0,"N",0.44,0,0,0,0,0,0,0,"N",1,50.0,0,0,0,0,0,0,0,0,0,0,0,0,0,0
"06085","5","712130","78","0","2025","1","N",3,0,0,0,0,0,0,0,"N",0.44,0,0,0,0,0,0,0,"N",1,50.0,0,0,0,0,0,0,0,0,0,0,0,0,0,0
"06085","5","71219","77","0","2025","1","N",1,0,0,0,0,0,0,0,"N",0.15,0,0,0,0,0,0,0,"N",0,0.0,0,0,0,0,0,0,0,0,0,0,0,0,0,0
"06085","5","712190","78","0","2025","1","N",1,0,0,0,0,0,0,0,"N",0.15,0,0,0,0,0,0,0,"N",0,0.0,0,0,0,0,0,0,0,0,0,0,0,0,0,0
"06085","5","713","75","0","2025","1","",520,11411,11474,12031,104011376,54718480,1399776,687,"",0.74,0.93,0.93,0.95,0.40,1.00,0.74,0.42,"",34,7.0,-1363,-10.7,-1281,-10.0,-1232,-9.3,-5862551,-5.3,-4274547,-7.2,137057,10.9,33,5.0
"06085","5","7131","76","0","2025","1","",20,1348,1370,1603,13316809,8354082,211574,711,"",0.67,0.93,0.94,1.01,0.35,1.25,1.42,0.37,"",1,5.3,-1537,-53.3,-1486,-52.0,-1634,-50.5,-8534715,-39.1,-5476415,-39.6,-30546,-12.6,149,26.5
"06085","5","71311","77","0","2025","1","",6,1110,1141,1367,11861894,7293011,181422,757,"",0.62,0.91,0.94,1.02,0.35,1.27,1.53,0.36,"N",0,0.0,0,0,0,0,0,0,0,0,0,0,0,0,0,0
"06085","5","713110","78","0","2025","1","",6,1110,1141,1367,11861894,7293011,181422,757,"",0.62,0.91,0.94,1.02,0.35,1.27,1.53,0.36,"N",0,0.0,0,0,0,0,0,0,0,0,0,0,0,0,0,0
"06085","5","71312","77","0","2025","1","",14,238,229,236,1454915,1061071,30152,478,"",0.69,0.99,0.95,0.94,0.39,1.14,1.00,0.41,"N",1,7.7,0,0,0,0,0,0,0,0,0,0,0,0,0,0
"06085","5","713120","78","0","2025","1","",14,238,229,236,1454915,1061071,30152,478,"",0.69,0.99,0.95,0.94,0.39,1.14,1.00,0.41,"N",1,7.7,0,0,0,0,0,0,0,0,0,0,0,0,0,0
"06085","5","7132","76","0","2025","1","",10,1475,1470,1474,23448274,10352371,245859,1225,"",0.32,1.61,1.59,1.59,0.66,1.54,0.94,0.42,"",0,0.0,-26,-1.7,2,0.1,0,0.0,562195,2.5,27550,0.3,17358,7.6,36,3.0
"06085","5","71321","77","0","2025","1","N",1,0,0,0,0,0,0,0,"N",0.30,0,0,0,0,0,0,0,"N",0,0.0,0,0,0,0,0,0,0,0,0,0,0,0,0,0
"06085","5","713210","78","0","2025","1","N",1,0,0,0,0,0,0,0,"N",0.30,0,0,0,0,0,0,0,"N",0,0.0,0,0,0,0,0,0,0,0,0,0,0,0,0,0
"06085","5","71329","77","0","2025","1","N",9,0,0,0,0,0,0,0,"N",0.32,0,0,0,0,0,0,0,"N",0,0.0,0,0,0,0,0,0,0,0,0,0,0,0,0,0
"06085","5","713290","78","0","2025","1","N",9,0,0,0,0,0,0,0,"N",0.32,0,0,0,0,0,0,0,"N",0,0.0,0,0,0,0,0,0,0,0,0,0,0,0,0,0
"06085","5","7139","76","0","2025","1","",490,8588,8634,8954,67246293,36012027,942343,593,"",0.77,0.87,0.87,0.88,0.36,0.88,0.64,0.41,"",33,7.2,200,2.4,203,2.4,402,4.7,2109969,3.2,1174318,3.4,150245,19.0,1,0.2
"06085","5","71391","77","0","2025","1","",25,1582,1556,1605,18913425,8846719,231815,920,"",0.32,0.67,0.66,0.62,0.30,0.69,0.46,0.46,"",2,8.7,92,6.2,85,5.8,134,9.1,1614587,9.3,546494,6.6,47494,25.8,19,2.1
"06085","5","713910","78","0","2025","1","",25,1582,1556,1605,18913425,8846719,231815,920,"",0.32,0.67,0.66,0.62,0.30,0.69,0.46,0.46,"",2,8.7,92,6.2,85,5.8,134,9.1,1614587,9.3,546494,6.6,47494,25.8,19,2.1
"06085","5","71393","77","0","2025","1","N",2,0,0,0,0,0,0,0,"N",0.07,0,0,0,0,0,0,0,"N",0,0.0,0,0,0,0,0,0,0,0,0,0,0,0,0,0
"06085","5","713930","78","0","2025","1","N",2,0,0,0,0,0,0,0,"N",0.07,0,0,0,0,0,0,0,"N",0,0.0,0,0,0,0,0,0,0,0,0,0,0,0,0,0
"06085","5","71394","77","0","2025","1","",365,5465,5489,5718,36091674,20112854,503325,500,"",1.13,1.18,1.18,1.23,0.54,1.37,1.07,0.45,"",28,8.3,177,3.3,196,3.7,380,7.1,650428,1.8,630510,3.2,66775,15.3,-14,-2.7
"06085","5","713940","78","0","2025","1","",365,5465,5489,5718,36091674,20112854,503325,500,"",1.13,1.18,1.18,1.23,0.54,1.37,1.07,0.45,"",28,8.3,177,3.3,196,3.7,380,7.1,650428,1.8,630510,3.2,66775,15.3,-14,-2.7
"06085","5","71395","77","0","2025","1","N",8,0,0,0,0,0,0,0,"N",0.34,0,0,0,0,0,0,0,"N",0,0.0,0,0,0,0,0,0,0,0,0,0,0,0,0,0
"06085","5","713950","78","0","2025","1","N",8,0,0,0,0,0,0,0,"N",0.34,0,0,0,0,0,0,0,"N",0,0.0,0,0,0,0,0,0,0,0,0,0,0,0,0,0
"06085","5","71399","77","0","2025","1","",90,1218,1272,1320,9438154,5211376,150546,572,"",0.51,0.79,0.81,0.82,0.32,0.79,0.67,0.40,"",3,3.4,-70,-5.4,-64,-4.8,-88,-6.2,-24477,-0.3,-366900,-6.6,11228,8.1,30,5.5
"06085","5","713990","78","0","2025","1","",90,1218,1272,1320,9438154,5211376,150546,572,"",0.51,0.79,0.81,0.82,0.32,0.79,0.67,0.40,"",3,3.4,-70,-5.4,-64,-4.8,-88,-6.2,-24477,-0.3,-366900,-6.6,11228,8.1,30,5.5
"06085","5","72","74","0","2025","1","",5163,82688,82801,83036,825516179,496144602,13668122,767,"",0.91,0.84,0.84,0.83,0.43,1.05,0.97,0.52,"",288,5.9,963,1.2,1577,1.9,1665,2.0,43221726,5.5,12596167,2.6,1778113,15.0,28,3.8
"06085","5","721","75","0","2025","1","",314,8154,7930,7979,106733923,52643518,1372974,1024,"",0.57,0.62,0.60,0.59,0.27,0.61,0.50,0.45,"",4,1.3,408,5.3,178,2.3,157,2.0,9656703,9.9,2438020,4.9,178149,14.9,63,6.6
"06085","5","7211","76","0","2025","1","",292,7990,7763,7816,104318251,51804879,1349652,1021,"",0.61,0.63,0.60,0.60,0.27,0.62,0.51,0.44,"",5,1.7,434,5.7,207,2.7,193,2.5,9465749,10.0,2541242,5.2,193811,16.8,58,6.0
"06085","5","72111","77","0","2025","1","",286,7955,7730,7785,104029068,51598405,1346540,1023,"",0.65,0.74,0.71,0.71,0.33,0.78,0.63,0.46,"N",4,1.4,0,0,0,0,0,0,0,0,0,0,0,0,0,0
"06085","5","721110","78","0","2025","1","",286,7955,7730,7785,104029068,51598405,1346540,1023,"",0.65,0.74,0.71,0.71,0.33,0.78,0.63,0.46,"N",4,1.4,0,0,0,0,0,0,0,0,0,0,0,0,0,0
"06085","5","72119","77","0","2025","1","",6,35,33,31,289183,206474,3112,674,"",0.15,0.17,0.16,0.15,0.05,0.18,0.07,0.33,"N",1,20.0,0,0,0,0,0,0,0,0,0,0,0,0,0,0
"06085","5","721191","78","0","2025","1","N",3,0,0,0,0,0,0,0,"N",0.19,0,0,0,0,0,0,0,"N",0,0.0,0,0,0,0,0,0,0,0,0,0,0,0,0,0
"06085","5","721199","78","0","2025","1","N",3,0,0,0,0,0,0,0,"N",0.13,0,0,0,0,0,0,0,"N",1,50.0,0,0,0,0,0,0,0,0,0,0,0,0,0,0
"06085","5","7212","76","0","2025","1","",17,156,161,157,2354760,793142,21142,1146,"",0.27,0.44,0.45,0.41,0.26,0.45,0.33,0.61,"",0,0.0,-29,-15.7,-29,-15.3,-37,-19.1,167279,7.6,-126092,-13.7,-17438,-45.2,259,29.2
"06085","5","72121","77","0","2025","1","",17,156,161,157,2354760,793142,21142,1146,"",0.27,0.44,0.45,0.41,0.26,0.45,0.33,0.61,"",0,0.0,-29,-15.7,-29,-15.3,-37,-19.1,167279,7.6,-126092,-13.7,-17438,-45.2,259,29.2
"06085","5","721211","78","0","2025","1","",8,38,39,38,890549,273717,12057,1787,"",0.20,0.21,0.21,0.19,0.21,0.28,0.32,1.04,"",1,14.3,0,0.0,1,2.6,0,0.0,248338,38.7,-4139,-1.5,1060,9.6,487,37.5
"06085","5","721214","78","0","2025","1","",9,118,122,119,1464211,519425,9085,941,"",0.38,0.69,0.70,0.66,0.31,0.65,0.34,0.46,"",-1,-10.0,-29,-19.7,-30,-19.7,-37,-23.7,-81059,-5.2,-121953,-19.0,-18498,-67.1,157,20.0
"06085","5","7213","76","0","2025","1","",5,8,6,6,60912,45497,2180,703,"",0.41,0.11,0.08,0.08,0.03,0.12,0.13,0.36,"",-1,-16.7,3,60.0,0,0.0,1,20.0,23675,63.6,22870,101.1,1776,439.6,166,30.9
"06085","5","72131","77","0","2025","1","",5,8,6,6,60912,45497,2180,703,"",0.41,0.11,0.08,0.08,0.03,0.12,0.13,0.36,"",-1,-16.7,3,60.0,0,0.0,1,20.0,23675,63.6,22870,101.1,1776,439.6,166,30.9
"06085","5","721310","78","0","2025","1","",5,8,6,6,60912,45497,2180,703,"",0.41,0.11,0.08,0.08,0.03,0.12,0.13,0.36,"",-1,-16.7,3,60.0,0,0.0,1,20.0,23675,63.6,22870,101.1,1776,439.6,166,30.9
"06085","5","722","75","0","2025","1","",4849,74534,74871,75057,718782256,443501084,12295148,739,"",0.95,0.88,0.88,0.87,0.47,1.14,1.09,0.54,"",284,6.2,555,0.8,1399,1.9,1508,2.1,33565023,4.9,10158147,2.3,1599964,15.0,23,3.2
"06085","5","7223","76","0","2025","1","",615,9629,9857,9923,139257267,69686768,2895505,1093,"",1.66,1.81,1.79,1.77,1.07,2.27,1.62,0.60,"",55,9.8,217,2.3,966,10.9,1021,11.5,13827110,11.0,5773930,9.0,637965,28.3,29,2.7
"06085","5","72231","77","0","2025","1","",423,8340,8596,8597,127159055,62318459,2672824,1149,"",2.30,2.09,2.07,2.05,1.25,2.59,1.78,0.60,"",15,3.7,138,1.7,898,11.7,966,12.7,13157365,11.5,5341081,9.4,596840,28.7,31,2.8
"06085","5","722310","78","0","2025","1","",423,8340,8596,8597,127159055,62318459,2672824,1149,"",2.30,2.09,2.07,2.05,1.25,2.59,1.78,0.60,"",15,3.7,138,1.7,898,11.7,966,12.7,13157365,11.5,5341081,9.4,596840,28.7,31,2.8
"06085","5","72232","77","0","2025","1","",110,971,941,978,9209879,5461934,161335,735,"",1.12,0.92,0.87,0.87,0.39,1.01,0.69,0.44,"",10,10.0,21,2.2,18,2.0,-17,-1.7,162706,1.8,166158,3.1,22612,16.3,7,1.0
"06085","5","722320","78","0","2025","1","",110,971,941,978,9209879,5461934,161335,735,"",1.12,0.92,0.87,0.87,0.39,1.01,0.69,0.44,"",10,10.0,21,2.2,18,2.0,-17,-1.7,162706,1.8,166158,3.1,22612,16.3,7,1.0
"06085","5","72233","77","0","2025","1","",82,318,320,348,2888333,1906375,61346,676,"",0.94,1.24,1.22,1.21,0.63,1.65,1.42,0.51,"",30,57.7,58,22.3,50,18.5,72,26.1,507039,21.3,266691,16.3,18513,43.2,-6,-0.9
"06085","5","722330","78","0","2025","1","",82,318,320,348,2888333,1906375,61346,676,"",0.94,1.24,1.22,1.21,0.63,1.65,1.42,0.51,"",30,57.7,58,22.3,50,18.5,72,26.1,507039,21.3,266691,16.3,18513,43.2,-6,-0.9
"06085","5","7224","76","0","2025","1","",125,1412,1413,1408,9883910,6790898,185391,539,"",0.41,0.50,0.49,0.48,0.20,0.54,0.45,0.41,"",4,3.3,-105,-6.9,-64,-4.3,-68,-4.6,-767330,-7.2,-526613,-7.2,11231,6.4,-11,-2.0
"06085","5","72241","77","0","2025","1","",125,1412,1413,1408,9883910,6790898,185391,539,"",0.41,0.50,0.49,0.48,0.20,0.54,0.45,0.41,"",4,3.3,-105,-6.9,-64,-4.3,-68,-4.6,-767330,-7.2,-526613,-7.2,11231,6.4,-11,-2.0
"06085","5","722410","78","0","2025","1","",125,1412,1413,1408,9883910,6790898,185391,539,"",0.41,0.50,0.49,0.48,0.20,0.54,0.45,0.41,"",4,3.3,-105,-6.9,-64,-4.3,-68,-4.6,-767330,-7.2,-526613,-7.2,11231,6.4,-11,-2.0
"06085","5","7225","76","0","2025","1","",4109,63493,63601,63726,569641079,367023418,9214252,689,"",0.93,0.82,0.82,0.82,0.43,1.07,1.01,0.52,"",225,5.8,443,0.7,497,0.8,555,0.9,20505243,3.7,4910830,1.4,950768,11.5,20,3.0
"06085","5","72251","77","0","2025","1","",4109,63493,63601,63726,569641079,367023418,9214252,689,"",0.93,0.82,0.82,0.82,0.43,1.07,1.01,0.52,"",225,5.8,443,0.7,497,0.8,555,0.9,20505243,3.7,4910830,1.4,950768,11.5,20,3.0
"06085","5","722511","78","0","2025","1","",1716,31547,31548,31705,314228374,191376163,4964412,765,"",0.91,0.84,0.84,0.84,0.43,1.03,0.97,0.51,"",74,4.5,642,2.1,598,1.9,759,2.5,10310908,3.4,2296917,1.2,536748,12.1,9,1.2
"06085","5","722513","78","0","2025","1","",1598,23377,23448,23432,191373026,131208131,3066827,629,"",0.84,0.72,0.72,0.72,0.39,1.02,0.99,0.55,"",91,6.0,-244,-1.0,-311,-1.3,-378,-1.6,3687442,2.0,-497288,-0.4,231961,8.2,21,3.5
"06085","5","722514","78","0","2025","1","",38,300,264,259,3683421,1780042,42575,1033,"",1.04,0.57,0.50,0.48,0.41,0.78,0.75,0.79,"",1,2.7,-15,-4.8,-49,-15.7,-60,-18.8,125779,3.5,-33751,-1.9,-1451,-3.3,166,19.1
"06085","5","722515","78","0","2025","1","",757,8269,8341,8330,60356258,42659082,1140438,558,"",1.24,1.25,1.26,1.23,0.58,1.56,1.37,0.46,"",59,8.5,60,0.7,259,3.2,234,2.9,6381114,11.8,3144952,8.0,183510,19.2,47,9.2
"06085","5","81","74","0","2025","1","",5542,25602,26048,26235,392368892,137506959,4169369,1163,"",0.88,0.77,0.78,0.79,0.34,0.69,0.65,0.44,"",503,10.0,569,2.3,648,2.6,848,3.3,24663009,6.7,2347404,1.7,431704,11.6,44,3.9
"06085","5","811","75","0","2025","1","",1124,6572,6565,6571,113455979,44978910,1321340,1329,"",0.64,0.63,0.63,0.63,0.27,0.57,0.54,0.44,"",42,3.9,35,0.5,-4,-0.1,-4,-0.1,4320014,4.0,166386,0.4,115171,9.5,49,3.8
"06085","5","8111","76","0","2025","1","",907,5506,5496,5524,90228750,37694660,1068008,1260,"",0.73,0.75,0.74,0.74,0.35,0.71,0.70,0.47,"",34,3.9,127,2.4,87,1.6,101,1.9,5236113,6.2,582042,1.6,134386,14.4,50,4.1
"06085","5","81111","77","0","2025","1","",531,1912,1899,1895,31643661,13143218,379762,1280,"",0.78,0.61,0.60,0.60,0.27,0.54,0.56,0.45,"",20,3.9,35,1.9,7,0.4,19,1.0,2131607,7.2,-400142,-3.0,7462,2.0,74,6.1
"06085","5","811111","78","0","2025","1","",495,1815,1802,1792,30215805,12444393,359810,1289,"",0.81,0.64,0.63,0.63,0.28,0.56,0.58,0.45,"",20,4.2,42,2.4,13,0.7,23,1.3,2238265,8.0,-306101,-2.4,7438,2.1,78,6.4
"06085","5","811114","78","0","2025","1","",36,97,97,103,1427856,698825,19952,1109,"",0.50,0.31,0.31,0.32,0.12,0.29,0.31,0.40,"",0,0.0,-7,-6.7,-6,-5.8,-4,-3.7,-106658,-7.0,-94041,-11.9,24,0.1,-19,-1.7
"06085","5","81112","77","0","2025","1","",200,1719,1723,1703,35814591,12630668,383888,1606,"",0.66,0.82,0.82,0.81,0.40,0.74,0.76,0.49,"",7,3.6,-10,-0.6,4,0.2,-26,-1.5,440566,1.2,-87237,-0.7,69301,22.0,29,1.8
"06085","5","811121","78","0","2025","1","",168,1603,1609,1592,34053975,11808697,351997,1636,"",0.67,0.88,0.88,0.87,0.43,0.78,0.80,0.50,"",5,3.1,8,0.5,23,1.5,-7,-0.4,479513,1.4,11169,0.1,68559,24.2,15,0.9
"06085","5","811122","78","0","2025","1","",32,116,114,111,1760616,821971,31891,1191,"",0.62,0.44,0.42,0.41,0.18,0.40,0.47,0.42,"",2,6.7,-18,-13.4,-19,-14.3,-19,-14.6,-38947,-2.2,-98406,-10.7,742,2.4,145,13.9
"06085","5","81119","77","0","2025","1","",176,1875,1874,1926,22770498,11920774,304358,926,"",0.69,0.89,0.88,0.89,0.46,1.03,0.91,0.52,"",7,4.1,102,5.8,76,4.2,108,5.9,2663940,13.2,1069421,9.9,57623,23.4,65,7.5
"06085","5","811191","78","0","2025","1","",34,270,258,261,2813985,1524295,45229,823,"",0.56,0.50,0.47,0.48,0.21,0.47,0.52,0.43,"",-1,-2.9,-41,-13.2,-48,-15.7,-34,-11.5,-83495,-2.9,-183567,-10.7,5635,14.2,90,12.3
"06085","5","811192","78","0","2025","1","",80,1121,1134,1176,13064728,7070457,149089,879,"",0.57,0.84,0.84,0.85,0.46,1.05,0.76,0.55,"",6,8.1,159,16.5,138,13.9,138,13.3,2742811,26.6,1235799,21.2,38868,35.3,84,10.6
"06085","5","811198","78","0","2025","1","",62,484,482,489,6891785,3326022,110040,1093,"",1.12,2.12,2.08,2.11,0.89,2.10,2.10,0.42,"",2,3.3,-16,-3.2,-14,-2.8,4,0.8,4624,0.1,17189,0.5,13120,13.5,20,1.9
"06085","5","8112","76","0","2025","1","",71,376,380,363,9911073,2478670,89952,2044,"",0.63,0.51,0.52,0.50,0.24,0.40,0.42,0.47,"",2,2.9,-47,-11.1,-35,-8.4,-41,-10.1,-353015,-3.4,-194446,-7.3,-18020,-16.7,137,7.2
"06085","5","81121","77","0","2025","1","",71,376,380,363,9911073,2478670,89952,2044,"",0.63,0.51,0.52,0.50,0.24,0.40,0.42,0.47,"",2,2.9,-47,-11.1,-35,-8.4,-41,-10.1,-353015,-3.4,-194446,-7.3,-18020,-16.7,137,7.2
"06085","5","811210","78","0","2025","1","",71,376,380,363,9911073,2478670,89952,2044,"",0.63,0.51,0.52,0.50,0.24,0.40,0.42,0.47,"",2,2.9,-47,-11.1,-35,-8.4,-41,-10.1,-353015,-3.4,-194446,-7.3,-18020,-16.7,137,7.2
"06085","5","8113","76","0","2025","1","",62,454,432,429,10226239,3169175,112567,1795,"",0.27,0.26,0.25,0.24,0.11,0.20,0.20,0.42,"",4,6.9,-20,-4.2,-38,-8.1,-41,-8.7,-474367,-4.4,-147011,-4.4,-2807,-2.4,49,2.8
"06085","5","81131","77","0","2025","1","",62,454,432,429,10226239,3169175,112567,1795,"",0.27,0.26,0.25,0.24,0.11,0.20,0.20,0.42,"",4,6.9,-20,-4.2,-38,-8.1,-41,-8.7,-474367,-4.4,-147011,-4.4,-2807,-2.4,49,2.8
"06085","5","811310","78","0","2025","1","",62,454,432,429,10226239,3169175,112567,1795,"",0.27,0.26,0.25,0.24,0.11,0.20,0.20,0.42,"",4,6.9,-20,-4.2,-38,-8.1,-41,-8.7,-474367,-4.4,-147011,-4.4,-2807,-2.4,49,2.8
"06085","5","8114","76","0","2025","1","",84,236,257,255,3089917,1636405,50813,953,"",0.47,0.41,0.44,0.44,0.17,0.42,0.41,0.38,"",2,2.4,-25,-9.6,-18,-6.5,-23,-8.3,-88717,-2.8,-74199,-4.3,1612,3.3,52,5.8
"06085","5","81141","77","0","2025","1","",41,131,143,141,1715898,908942,36352,954,"",0.69,0.63,0.68,0.67,0.23,0.60,0.72,0.35,"",3,7.9,2,1.6,3,2.1,1,0.7,4149,0.2,-7406,-0.8,6408,21.4,-12,-1.2
"06085","5","811411","78","0","2025","1","",3,20,20,20,161262,132541,4653,620,"",0.21,0.54,0.54,0.52,0.14,0.55,0.56,0.26,"",-1,-25.0,1,5.3,0,0.0,0,0.0,-10869,-6.3,13321,11.2,228,5.2,-53,-7.9
"06085","5","811412","78","0","2025","1","",38,111,123,121,1554636,776401,31699,1011,"",0.85,0.65,0.71,0.71,0.25,0.61,0.75,0.37,"",4,11.8,1,0.9,3,2.5,1,0.8,15018,1.0,-20727,-2.6,6180,24.2,-4,-0.4
"06085","5","81142","77","0","2025","1","N",14,0,0,0,0,0,0,0,"N",0.58,0,0,0,0,0,0,0,"N",1,7.7,0,0,0,0,0,0,0,0,0,0,0,0,0,0
"06085","5","811420","78","0","2025","1","N",14,0,0,0,0,0,0,0,"N",0.58,0,0,0,0,0,0,0,"N",1,7.7,0,0,0,0,0,0,0,0,0,0,0,0,0,0
"06085","5","81143","77","0","2025","1","N",2,0,0,0,0,0,0,0,"N",0.41,0,0,0,0,0,0,0,"N",0,0.0,0,0,0,0,0,0,0,0,0,0,0,0,0,0
"06085","5","811430","78","0","2025","1","N",2,0,0,0,0,0,0,0,"N",0.41,0,0,0,0,0,0,0,"N",0,0.0,0,0,0,0,0,0,0,0,0,0,0,0,0,0
"06085","5","81149","77","0","2025","1","",27,53,58,57,671169,334020,7106,922,"",0.30,0.20,0.22,0.21,0.08,0.19,0.13,0.38,"",-2,-6.9,-26,-32.9,-22,-27.5,-27,-32.1,-115912,-14.7,-106177,-24.1,-4993,-41.3,175,23.4
"06085","5","811490","78","0","2025","1","",27,53,58,57,671169,334020,7106,922,"",0.30,0.20,0.22,0.21,0.08,0.19,0.13,0.38,"",-2,-6.9,-26,-32.9,-22,-27.5,-27,-32.1,-115912,-14.7,-106177,-24.1,-4993,-41.3,175,23.4
"06085","5","812","75","0","2025","1","",1733,9361,9431,9520,99287633,53467312,1601364,809,"",0.91,0.84,0.85,0.85,0.37,0.88,0.86,0.44,"",161,10.2,227,2.5,323,3.5,397,4.4,2351493,2.4,1907070,3.7,218344,15.8,-8,-1.0
"06085","5","8121","76","0","2025","1","",1243,5792,5836,5930,43226962,30328244,853159,568,"",1.12,1.09,1.10,1.11,0.39,1.10,1.04,0.35,"",119,10.6,48,0.8,126,2.2,200,3.5,1537527,3.7,907595,3.1,92322,12.1,8,1.4
"06085","5","81211","77","0","2025","1","",1010,4525,4530,4595,32683297,23261152,635514,553,"",1.18,1.16,1.16,1.17,0.41,1.15,1.12,0.35,"",88,9.5,43,1.0,113,2.6,117,2.6,1204795,3.8,773504,3.4,77799,13.9,10,1.8
"06085","5","812111","78","0","2025","1","",35,107,120,118,1041786,657162,17672,697,"",0.58,0.42,0.47,0.47,0.17,0.43,0.43,0.37,"",7,25.0,8,8.1,20,20.0,21,21.6,162037,18.4,82932,14.4,2529,16.7,11,1.6
"06085","5","812112","78","0","2025","1","",622,2407,2431,2451,20632213,13100957,338381,653,"",1.13,0.93,0.94,0.94,0.37,0.94,0.94,0.39,"",54,9.5,-13,-0.5,21,0.9,28,1.2,254053,1.2,130072,1.0,35830,11.8,5,0.8
"06085","5","812113","78","0","2025","1","",353,2011,1979,2026,11009298,9503033,279461,422,"",1.45,1.89,1.87,1.86,0.64,1.97,1.66,0.34,"",27,8.3,48,2.4,72,3.8,68,3.5,788705,7.7,560500,6.3,39440,16.4,17,4.2
"06085","5","81219","77","0","2025","1","",233,1267,1306,1335,10543665,7067092,217645,623,"",0.92,0.91,0.93,0.94,0.33,0.97,0.86,0.36,"",31,15.3,5,0.4,13,1.0,83,6.6,332732,3.3,134091,1.9,14523,7.1,4,0.6
"06085","5","812191","78","0","2025","1","",4,21,22,24,251080,144982,5874,865,"",0.23,0.28,0.29,0.32,0.10,0.38,0.40,0.34,"",0,0.0,2,10.5,-1,-4.3,-2,-7.7,-14412,-5.4,-14497,-9.1,-979,-14.3,-36,-4.0
"06085","5","812199","78","0","2025","1","",229,1246,1284,1311,10292585,6922110,211771,618,"",0.97,0.95,0.96,0.98,0.35,1.00,0.89,0.36,"",31,15.7,3,0.2,14,1.1,85,6.9,347144,3.5,148588,2.2,15502,7.9,4,0.7
"06085","5","8122","76","0","2025","1","",32,541,547,537,11247657,4023413,133180,1597,"",0.25,0.57,0.58,0.56,0.36,0.69,0.85,0.63,"",-1,-3.0,11,2.1,0,0.0,-7,-1.3,877780,8.5,252753,6.7,31967,31.6,121,8.2
"06085","5","81221","77","0","2025","1","",25,201,205,194,4091674,1393697,48987,1574,"",0.25,0.27,0.28,0.26,0.17,0.31,0.51,0.64,"",0,0.0,11,5.8,2,1.0,-4,-2.0,865306,26.8,192422,16.0,12363,33.8,314,24.9
"06085","5","812210","78","0","2025","1","",25,201,205,194,4091674,1393697,48987,1574,"",0.25,0.27,0.28,0.26,0.17,0.31,0.51,0.64,"",0,0.0,11,5.8,2,1.0,-4,-2.0,865306,26.8,192422,16.0,12363,33.8,314,24.9
"06085","5","81222","77","0","2025","1","",7,340,342,343,7155983,2629716,84193,1611,"",0.22,1.60,1.61,1.60,0.90,1.88,1.39,0.56,"",-1,-12.5,0,0.0,-2,-0.6,-3,-0.9,12474,0.2,60331,2.3,19604,30.4,11,0.7
"06085","5","812220","78","0","2025","1","",7,340,342,343,7155983,2629716,84193,1611,"",0.22,1.60,1.61,1.60,0.90,1.88,1.39,0.56,"",-1,-12.5,0,0.0,-2,-0.6,-3,-0.9,12474,0.2,60331,2.3,19604,30.4,11,0.7
"06085","5","8123","76","0","2025","1","",156,1090,1098,1100,14625616,7283555,196095,1027,"",0.80,0.59,0.59,0.59,0.28,0.63,0.62,0.47,"",4,2.6,-23,-2.1,-11,-1.0,-16,-1.4,260588,1.8,189328,2.7,15840,8.8,34,3.4
"06085","5","81231","77","0","2025","1","",60,201,204,205,1460945,1148929,30127,553,"",0.84,0.71,0.72,0.71,0.28,0.87,0.70,0.39,"",5,9.1,-4,-2.0,1,0.5,-4,-1.9,16064,1.1,27398,2.4,3431,12.9,13,2.4
"06085","5","812310","78","0","2025","1","",60,201,204,205,1460945,1148929,30127,553,"",0.84,0.71,0.72,0.71,0.28,0.87,0.70,0.39,"",5,9.1,-4,-2.0,1,0.5,-4,-1.9,16064,1.1,27398,2.4,3431,12.9,13,2.4
"06085","5","81232","77","0","2025","1","",83,288,282,279,2515062,1721499,44947,684,"",0.80,0.45,0.45,0.44,0.19,0.53,0.52,0.44,"",-1,-1.2,-2,-0.7,3,1.1,5,1.8,47889,1.9,300179,21.1,12077,36.7,9,1.3
"06085","5","812320","78","0","2025","1","",83,288,282,279,2515062,1721499,44947,684,"",0.80,0.45,0.45,0.44,0.19,0.53,0.52,0.44,"",-1,-1.2,-2,-0.7,3,1.1,5,1.8,47889,1.9,300179,21.1,12077,36.7,9,1.3
"06085","5","81233","77","0","2025","1","",13,601,612,616,10649609,4413127,121021,1344,"",0.65,0.65,0.66,0.66,0.31,0.63,0.65,0.48,"",0,0.0,-17,-2.8,-15,-2.4,-17,-2.7,196635,1.9,-138249,-3.0,332,0.3,60,4.7
"06085","5","812331","78","0","2025","1","",6,146,148,146,2450421,1025166,20751,1285,"",0.59,0.32,0.32,0.32,0.16,0.30,0.22,0.50,"",0,0.0,-3,-2.0,-4,-2.6,-6,-3.9,25698,1.1,-46085,-4.3,-1265,-5.7,50,4.0
"06085","5","812332","78","0","2025","1","",7,455,464,470,8199188,3387961,100270,1362,"",0.72,0.98,0.99,1.00,0.44,0.95,1.12,0.44,"",0,0.0,-14,-3.0,-11,-2.3,-11,-2.3,170937,2.1,-92164,-2.6,1597,1.6,62,4.8
"06085","5","8129","76","0","2025","1","",302,1938,1950,1953,30187398,11832100,418930,1193,"",0.63,0.64,0.64,0.63,0.41,0.74,0.74,0.64,"",39,14.8,191,10.9,208,11.9,220,12.7,-324402,-1.1,557394,4.9,78215,23.0,-155,-11.5
"06085","5","81291","77","0","2025","1","",103,821,831,824,9426896,3999508,130125,879,"",0.52,0.59,0.60,0.59,0.35,0.60,0.66,0.58,"",9,9.6,28,3.5,39,4.9,44,5.6,382095,4.2,236828,6.3,24648,23.4,-4,-0.5
"06085","5","812910","78","0","2025","1","",103,821,831,824,9426896,3999508,130125,879,"",0.52,0.59,0.60,0.59,0.35,0.60,0.66,0.58,"",9,9.6,28,3.5,39,4.9,44,5.6,382095,4.2,236828,6.3,24648,23.4,-4,-0.5
"06085","5","81292","77","0","2025","1","N",4,0,0,0,0,0,0,0,"N",0.91,0,0,0,0,0,0,0,"N",1,33.3,0,0,0,0,0,0,0,0,0,0,0,0,0,0
"06085","5","812921","78","0","2025","1","N",3,0,0,0,0,0,0,0,"N",0.85,0,0,0,0,0,0,0,"N",1,50.0,0,0,0,0,0,0,0,0,0,0,0,0,0,0
"06085","5","812922","78","0","2025","1","N",1,0,0,0,0,0,0,0,"N",1.14,0,0,0,0,0,0,0,"N",0,0.0,0,0,0,0,0,0,0,0,0,0,0,0,0,0
"06085","5","81293","77","0","2025","1","",75,684,693,697,9395860,4973168,165126,1045,"",1.34,0.72,0.73,0.72,0.42,0.97,0.85,0.58,"",9,13.6,155,29.3,149,27.4,155,28.6,2369513,33.7,1038660,26.4,73166,79.6,41,4.1
"06085","5","812930","78","0","2025","1","",75,684,693,697,9395860,4973168,165126,1045,"",1.34,0.72,0.73,0.72,0.42,0.97,0.85,0.58,"",9,13.6,155,29.3,149,27.4,155,28.6,2369513,33.7,1038660,26.4,73166,79.6,41,4.1
"06085","5","81299","77","0","2025","1","N",120,0,0,0,0,0,0,0,"N",0.55,0,0,0,0,0,0,0,"N",20,20.0,0,0,0,0,0,0,0,0,0,0,0,0,0,0
"06085","5","812990","78","0","2025","1","N",120,0,0,0,0,0,0,0,"N",0.55,0,0,0,0,0,0,0,"N",20,20.0,0,0,0,0,0,0,0,0,0,0,0,0,0,0
"06085","5","813","75","0","2025","1","",740,7464,7768,7880,131456096,24853063,787277,1313,"",0.57,0.74,0.77,0.78,0.31,0.48,0.43,0.41,"",30,4.2,350,4.9,238,3.2,344,4.6,7097232,5.7,165229,0.7,61931,8.5,19,1.5
"06085","5","8131","76","0","2025","1","",148,996,1004,1007,12043982,3721415,89754,924,"",0.79,0.67,0.68,0.68,0.33,0.96,0.62,0.48,"",13,9.6,-15,-1.5,-6,-0.6,18,1.8,509026,4.4,278142,8.1,14871,19.9,40,4.5
"06085","5","81311","77","0","2025","1","",148,996,1004,1007,12043982,3721415,89754,924,"",0.79,0.67,0.68,0.68,0.33,0.96,0.62,0.48,"",13,9.6,-15,-1.5,-6,-0.6,18,1.8,509026,4.4,278142,8.1,14871,19.9,40,4.5
"06085","5","813110","78","0","2025","1","",148,996,1004,1007,12043982,3721415,89754,924,"",0.79,0.67,0.68,0.68,0.33,0.96,0.62,0.48,"",13,9.6,-15,-1.5,-6,-0.6,18,1.8,509026,4.4,278142,8.1,14871,19.9,40,4.5
"06085","5","8132","76","0","2025","1","",171,1892,2007,2059,55791295,7561623,267587,2161,"",1.02,1.60,1.67,1.72,0.76,1.02,0.92,0.46,"",-5,-2.8,85,4.7,43,2.2,59,3.0,1556373,2.9,153350,2.1,43487,19.4,-8,-0.4
"06085","5","81321","77","0","2025","1","",171,1892,2007,2059,55791295,7561623,267587,2161,"",1.02,1.60,1.67,1.72,0.76,1.02,0.92,0.46,"",-5,-2.8,85,4.7,43,2.2,59,3.0,1556373,2.9,153350,2.1,43487,19.4,-8,-0.4
"06085","5","813211","78","0","2025","1","",90,1309,1420,1487,40267939,4963639,158271,2204,"",1.06,2.34,2.48,2.60,1.03,1.25,1.12,0.42,"",0,0.0,39,3.1,-8,-0.6,19,1.3,1580869,4.1,-46708,-0.9,31192,24.5,61,2.8
"06085","5","813212","78","0","2025","1","",39,289,296,297,10158671,1102472,42495,2658,"",1.04,1.00,1.02,1.03,0.57,0.65,0.55,0.56,"",-3,-7.1,-5,-1.7,3,1.0,-3,-1.0,-1151611,-10.2,-2791,-0.3,4352,11.4,-285,-9.7
"06085","5","813219","78","0","2025","1","",42,294,291,275,5364685,1495512,66821,1440,"",0.93,0.88,0.86,0.82,0.33,0.85,0.94,0.38,"",-2,-4.5,51,21.0,48,19.8,43,18.5,1127115,26.6,202849,15.7,7943,13.5,78,5.7
"06085","5","8133","76","0","2025","1","",141,958,957,967,17165880,4949751,164769,1375,"",0.53,0.51,0.51,0.51,0.20,0.42,0.35,0.39,"",16,12.8,4,0.4,-4,-0.4,3,0.3,1422325,9.0,-170,0.0,801,0.5,113,9.0
"06085","5","81331","77","0","2025","1","",141,958,957,967,17165880,4949751,164769,1375,"",0.53,0.51,0.51,0.51,0.20,0.42,0.35,0.39,"",16,12.8,4,0.4,-4,-0.4,3,0.3,1422325,9.0,-170,0.0,801,0.5,113,9.0
"06085","5","813311","78","0","2025","1","",41,145,148,148,2722519,995389,32960,1425,"",0.81,0.36,0.37,0.37,0.14,0.40,0.33,0.39,"",8,24.2,11,8.2,8,5.7,6,4.2,520030,23.6,96542,10.7,5849,21.6,203,16.6
"06085","5","813312","78","0","2025","1","",28,231,228,218,5254136,822679,24071,1791,"",0.41,0.42,0.41,0.39,0.21,0.25,0.22,0.51,"",0,0.0,-12,-4.9,-19,-7.7,-26,-10.7,176569,3.5,-87088,-9.6,374,1.6,195,12.2
"06085","5","813319","78","0","2025","1","",72,582,581,601,9189225,3131683,107738,1202,"",0.48,0.63,0.63,0.65,0.22,0.52,0.42,0.34,"",8,12.5,5,0.9,7,1.2,23,4.0,725726,8.6,-9624,-0.3,-5422,-4.8,72,6.4
"06085","5","8134","76","0","2025","1","",109,2488,2680,2758,19752463,2398815,73703,575,"",0.54,0.99,1.06,1.08,0.39,0.42,0.37,0.38,"",5,4.8,231,10.2,224,9.1,266,10.7,1887657,10.6,-341878,-12.5,-4032,-5.2,3,0.5
"06085","5","81341","77","0","2025","1","",109,2488,2680,2758,19752463,2398815,73703,575,"",0.54,0.99,1.06,1.08,0.39,0.42,0.37,0.38,"",5,4.8,231,10.2,224,9.1,266,10.7,1887657,10.6,-341878,-12.5,-4032,-5.2,3,0.5
"06085","5","813410","78","0","2025","1","",109,2488,2680,2758,19752463,2398815,73703,575,"",0.54,0.99,1.06,1.08,0.39,0.42,0.37,0.38,"",5,4.8,231,10.2,224,9.1,266,10.7,1887657,10.6,-341878,-12.5,-4032,-5.2,3,0.5
"06085","5","8139","76","0","2025","1","",171,1130,1120,1089,26702476,6221459,191464,1845,"",0.37,0.37,0.37,0.36,0.15,0.28,0.26,0.41,"",1,0.6,45,4.1,-19,-1.7,-2,-0.2,1721851,6.9,75785,1.2,6804,3.7,106,6.1
"06085","5","81391","77","0","2025","1","",46,217,218,219,11506386,1496453,52194,4060,"",0.30,0.26,0.26,0.26,0.17,0.20,0.24,0.68,"",-3,-6.1,3,1.4,0,0.0,-1,-0.5,1177800,11.4,78526,5.5,-3191,-5.8,404,11.1
"06085","5","813910","78","0","2025","1","",46,217,218,219,11506386,1496453,52194,4060,"",0.30,0.26,0.26,0.26,0.17,0.20,0.24,0.68,"",-3,-6.1,3,1.4,0,0.0,-1,-0.5,1177800,11.4,78526,5.5,-3191,-5.8,404,11.1
"06085","5","81392","77","0","2025","1","",26,81,83,84,3040960,594842,25384,2830,"",0.30,0.13,0.13,0.13,0.06,0.12,0.14,0.48,"",4,18.2,-10,-11.0,-6,-6.7,-7,-7.7,-87372,-2.8,-43415,-6.8,2844,12.6,166,6.2
"06085","5","813920","78","0","2025","1","",26,81,83,84,3040960,594842,25384,2830,"",0.30,0.13,0.13,0.13,0.06,0.12,0.14,0.48,"",4,18.2,-10,-11.0,-6,-6.7,-7,-7.7,-87372,-2.8,-43415,-6.8,2844,12.6,166,6.2
"06085","5","81393","77","0","2025","1","",48,669,662,643,9172081,3165156,92118,1072,"",0.53,0.89,0.88,0.84,0.31,0.69,0.62,0.36,"",1,2.1,89,15.3,35,5.6,50,8.4,520345,6.0,156193,5.2,10685,13.1,-37,-3.3
"06085","5","813930","78","0","2025","1","",48,669,662,643,9172081,3165156,92118,1072,"",0.53,0.89,0.88,0.84,0.31,0.69,0.62,0.36,"",1,2.1,89,15.3,35,5.6,50,8.4,520345,6.0,156193,5.2,10685,13.1,-37,-3.3
"06085","5","81394","77","0","2025","1","",5,9,9,9,312059,34930,1606,2667,"",0.20,0.16,0.16,0.15,0.10,0.08,0.07,0.61,"",-2,-28.6,-21,-70.0,-29,-76.3,-24,-72.7,-164381,-34.5,-54511,-60.9,-1797,-52.8,1578,144.9
"06085","5","813940","78","0","2025","1","",5,9,9,9,312059,34930,1606,2667,"",0.20,0.16,0.16,0.15,0.10,0.08,0.07,0.61,"",-2,-28.6,-21,-70.0,-29,-76.3,-24,-72.7,-164381,-34.5,-54511,-60.9,-1797,-52.8,1578,144.9
"06085","5","81399","77","0","2025","1","",46,154,148,134,2670990,930078,20162,1414,"",0.42,0.20,0.20,0.18,0.09,0.19,0.13,0.45,"",1,2.2,-16,-9.4,-19,-11.4,-20,-13.0,275459,11.5,-61008,-6.2,-1737,-7.9,288,25.6
"06085","5","813990","78","0","2025","1","",46,154,148,134,2670990,930078,20162,1414,"",0.42,0.20,0.20,0.18,0.09,0.19,0.13,0.45,"",1,2.2,-16,-9.4,-19,-11.4,-20,-13.0,275459,11.5,-61008,-6.2,-1737,-7.9,288,25.6
"06085","5","814","75","0","2025","1","",1945,2205,2284,2264,48169184,14207674,459388,1646,"",1.47,1.51,1.55,1.54,1.19,1.69,1.43,0.78,"",270,16.1,-43,-1.9,91,4.1,111,5.2,10894270,29.2,108719,0.8,36258,8.6,341,26.1
"06085","5","8141","76","0","2025","1","",1945,2205,2284,2264,48169184,14207674,459388,1646,"",1.47,1.51,1.55,1.54,1.19,1.69,1.43,0.78,"",270,16.1,-43,-1.9,91,4.1,111,5.2,10894270,29.2,108719,0.8,36258,8.6,341,26.1
"06085","5","81411","77","0","2025","1","",1945,2205,2284,2264,48169184,14207674,459388,1646,"",1.47,1.51,1.55,1.54,1.19,1.69,1.43,0.78,"",270,16.1,-43,-1.9,91,4.1,111,5.2,10894270,29.2,108719,0.8,36258,8.6,341,26.1
"06085","5","814110","78","0","2025","1","",1945,2205,2284,2264,48169184,14207674,459388,1646,"",1.47,1.51,1.55,1.54,1.19,1.69,1.43,0.78,"",270,16.1,-43,-1.9,91,4.1,111,5.2,10894270,29.2,108719,0.8,36258,8.6,341,26.1
"06085","5","99","74","0","2025","1","",140,37,35,42,520318,167617,6161,1053,"",0.08,0.03,0.02,0.03,0.01,0.01,0.01,0.27,"",106,311.8,7,23.3,-50,-58.8,-36,-46.2,-991009,-65.6,-363110,-68.4,-11884,-65.9,-754,-41.7
"06085","5","999","75","0","2025","1","",140,37,35,42,520318,167617,6161,1053,"",0.08,0.03,0.02,0.03,0.01,0.01,0.01,0.27,"",106,311.8,7,23.3,-50,-58.8,-36,-46.2,-991009,-65.6,-363110,-68.4,-11884,-65.9,-754,-41.7
"06085","5","9999","76","0","2025","1","",140,37,35,42,520318,167617,6161,1053,"",0.08,0.03,0.02,0.03,0.01,0.01,0.01,0.27,"",106,311.8,7,23.3,-50,-58.8,-36,-46.2,-991009,-65.6,-363110,-68.4,-11884,-65.9,-754,-41.7
"06085","5","99999","77","0","2025","1","",140,37,35,42,520318,167617,6161,1053,"",0.08,0.03,0.02,0.03,0.01,0.01,0.01,0.27,"",106,311.8,7,23.3,-50,-58.8,-36,-46.2,-991009,-65.6,-363110,-68.4,-11884,-65.9,-754,-41.7
"06085","5","999999","78","0","2025","1","",140,37,35,42,520318,167617,6161,1053,"",0.08,0.03,0.02,0.03,0.01,0.01,0.01,0.27,"",106,311.8,7,23.3,-50,-58.8,-36,-46.2,-991009,-65.6,-363110,-68.4,-11884,-65.9,-754,-41.7
