UNITID,XBAREVCT,BAREVCT,XBAEXCLU,BAEXCLU,XBAAC150,BAAC150,XBANC100,BANC100,XBAGR100,BAGR100,XBANC150,BANC150,XBAGR150,BAGR150,XBAAEXCL,BAAEXCL,XBAAC200,BAAC200,XBANC20A,BANC200A,XBASTEND,BASTEND,XBANC200,BANC200,XBAGR200,BAGR200,XL4REVCT,L4REVCT,XL4EXCLU,L4EXCLU,XL4AC150,L4AC150,XL4NC100,L4NC100,XL4GR100,L4GR100,XL4NC150,L4NC150,XL4GR150,L4GR150,XL4AEXCL,L4AEXCL,XL4AC200,L4AC200,XL4NC20A,L4NC200A,XL4STEND,L4STEND,XL4NC200,L4NC200,XL4GR200,L4GR200 
100654,"R",1222,"R",0,"R",1222,"R",137,"R",11,"R",343,"R",28,"R",0,"R",1222,"R",19,"R",9,"R",362,"R",30,"A",,"A",,"A",,"A",,"A",,"A",,"A",,"A",,"A",,"A",,"A",,"A",,"A",
100663,"R",1590,"R",3,"R",1587,"R",668,"R",42,"R",991,"R",62,"R",0,"R",1587,"R",39,"R",20,"R",1030,"R",65,"A",,"A",,"A",,"A",,"A",,"A",,"A",,"A",,"A",,"A",,"A",,"A",,"A",
100690,"R",6,"R",0,"R",6,"R",4,"R",67,"R",4,"R",67,"Z",0,"R",6,"R",0,"Z",0,"R",4,"R",67,"A",,"A",,"A",,"A",,"A",,"A",,"A",,"A",,"A",,"A",,"A",,"A",,"A",
100706,"R",1026,"R",0,"R",1026,"R",362,"R",35,"R",623,"R",61,"R",0,"R",1026,"R",23,"R",19,"R",646,"R",63,"A",,"A",,"A",,"A",,"A",,"A",,"A",,"A",,"A",,"A",,"A",,"A",,"A",
100724,"R",1006,"R",0,"R",1006,"R",102,"R",10,"R",286,"R",28,"R",0,"R",1006,"R",13,"R",9,"R",299,"R",30,"A",,"A",,"A",,"A",,"A",,"A",,"A",,"A",,"A",,"A",,"A",,"A",,"A",
100751,"R",7176,"R",7,"R",7169,"R",3774,"R",53,"R",5178,"R",72,"R",0,"R",7169,"R",54,"R",31,"R",5232,"R",73,"A",,"A",,"A",,"A",,"A",,"A",,"A",,"A",,"A",,"A",,"A",,"A",,"A",
100760,"A",,"A",,"A",,"A",,"A",,"A",,"A",,"A",,"A",,"A",,"A",,"A",,"A",,"R",328,"R",0,"R",328,"R",57,"R",17,"R",71,"R",22,"R",0,"R",328,"R",9,"R",19,"R",80,"R",24
100830,"R",568,"R",2,"R",566,"R",72,"R",13,"R",202,"R",36,"R",0,"R",566,"R",24,"R",7,"R",226,"R",40,"A",,"A",,"A",,"A",,"A",,"A",,"A",,"A",,"A",,"A",,"A",,"A",,"A",
100858,"R",4855,"R",7,"R",4848,"R",2676,"R",55,"R",3921,"R",81,"R",0,"R",4848,"R",62,"R",19,"R",3983,"R",82,"A",,"A",,"A",,"A",,"A",,"A",,"A",,"A",,"A",,"A",,"A",,"A",,"A",
100937,"R",441,"R",0,"R",441,"R",286,"R",65,"R",308,"R",70,"R",0,"R",441,"R",3,"R",0,"R",311,"R",71,"A",,"A",,"A",,"A",,"A",,"A",,"A",,"A",,"A",,"A",,"A",,"A",,"A",
101028,"A",,"A",,"A",,"A",,"A",,"A",,"A",,"A",,"A",,"A",,"A",,"A",,"A",,"R",260,"R",0,"R",260,"R",39,"R",15,"R",67,"R",26,"R",0,"R",260,"R",15,"R",7,"R",82,"R",32
101116,"R",23,"R",1,"R",22,"R",2,"R",9,"R",3,"R",14,"R",0,"R",22,"R",0,"R",1,"R",3,"R",14,"A",,"A",,"A",,"A",,"A",,"A",,"A",,"A",,"A",,"A",,"A",,"A",,"A",
101143,"A",,"A",,"A",,"A",,"A",,"A",,"A",,"A",,"A",,"A",,"A",,"A",,"A",,"R",359,"R",0,"R",359,"R",72,"R",20,"R",104,"R",29,"R",0,"R",359,"R",15,"R",7,"R",119,"R",33
101161,"A",,"A",,"A",,"A",,"A",,"A",,"A",,"A",,"A",,"A",,"A",,"A",,"A",,"R",1336,"R",0,"R",1336,"R",190,"R",14,"R",300,"R",22,"R",0,"R",1336,"R",29,"R",31,"R",329,"R",25
101189,"R",277,"R",0,"R",277,"R",33,"R",12,"R",46,"R",17,"R",0,"R",277,"R",0,"R",0,"R",46,"R",17,"A",,"A",,"A",,"A",,"A",,"A",,"A",,"A",,"A",,"A",,"A",,"A",,"A",
101240,"A",,"A",,"A",,"A",,"A",,"A",,"A",,"A",,"A",,"A",,"A",,"A",,"A",,"R",812,"R",0,"R",812,"R",113,"R",14,"R",204,"R",25,"R",0,"R",812,"R",73,"R",98,"R",277,"R",34
101277,"A",,"A",,"A",,"A",,"A",,"A",,"A",,"A",,"A",,"A",,"A",,"A",,"A",,"R",75,"R",0,"R",75,"R",18,"R",24,"R",44,"R",59,"Z",0,"R",75,"R",0,"Z",0,"R",44,"R",59
101286,"A",,"A",,"A",,"A",,"A",,"A",,"A",,"A",,"A",,"A",,"A",,"A",,"A",,"R",687,"R",0,"R",687,"R",138,"R",20,"R",202,"R",29,"R",0,"R",687,"R",20,"R",62,"R",222,"R",32
101295,"A",,"A",,"A",,"A",,"A",,"A",,"A",,"A",,"A",,"A",,"A",,"A",,"A",,"R",967,"R",0,"R",967,"R",296,"R",31,"R",439,"R",45,"Z",0,"R",967,"R",20,"R",32,"R",459,"R",47
101301,"A",,"A",,"A",,"A",,"A",,"A",,"A",,"A",,"A",,"A",,"A",,"A",,"A",,"R",242,"R",1,"R",241,"R",60,"R",25,"R",88,"R",37,"R",0,"R",241,"R",1,"R",7,"R",89,"R",37
101435,"R",252,"R",1,"R",251,"R",84,"R",33,"R",111,"R",44,"R",0,"R",251,"R",1,"R",0,"R",112,"R",45,"A",,"A",,"A",,"A",,"A",,"A",,"A",,"A",,"A",,"A",,"A",,"A",,"A",
101453,"R",4,"R",0,"R",4,"R",0,"R",0,"R",1,"R",25,"Z",0,"R",4,"R",0,"Z",0,"R",1,"R",25,"A",,"A",,"A",,"A",,"A",,"A",,"A",,"A",,"A",,"A",,"A",,"A",,"A",
101462,"A",,"A",,"A",,"A",,"A",,"A",,"A",,"A",,"A",,"A",,"A",,"A",,"A",,"R",74,"R",0,"R",74,"R",9,"R",12,"R",9,"R",12,"R",0,"R",74,"R",7,"R",4,"R",16,"R",22
101471,"A",,"A",,"A",,"A",,"A",,"A",,"A",,"A",,"A",,"A",,"A",,"A",,"A",,"R",176,"R",0,"R",176,"R",7,"R",4,"R",17,"R",10,"Z",0,"R",176,"R",0,"Z",0,"R",17,"R",10
101480,"R",1021,"R",0,"R",1021,"R",263,"R",26,"R",507,"R",50,"R",0,"R",1021,"R",19,"R",9,"R",526,"R",52,"A",,"A",,"A",,"A",,"A",,"A",,"A",,"A",,"A",,"A",,"A",,"A",,"A",
101505,"A",,"A",,"A",,"A",,"A",,"A",,"A",,"A",,"A",,"A",,"A",,"A",,"A",,"R",954,"R",0,"R",954,"R",103,"R",11,"R",206,"R",22,"R",0,"R",954,"R",63,"R",65,"R",269,"R",28
101514,"A",,"A",,"A",,"A",,"A",,"A",,"A",,"A",,"A",,"A",,"A",,"A",,"A",,"R",1214,"R",0,"R",1214,"R",254,"R",21,"R",438,"R",36,"R",1,"R",1213,"R",38,"R",65,"R",476,"R",39
101569,"A",,"A",,"A",,"A",,"A",,"A",,"A",,"A",,"A",,"A",,"A",,"A",,"A",,"R",674,"R",0,"R",674,"R",96,"R",14,"R",154,"R",23,"R",0,"R",674,"R",11,"R",31,"R",165,"R",24
101587,"R",369,"R",0,"R",369,"R",96,"R",26,"R",137,"R",37,"R",0,"R",369,"R",6,"R",2,"R",143,"R",39,"A",,"A",,"A",,"A",,"A",,"A",,"A",,"A",,"A",,"A",,"A",,"A",,"A",
101602,"A",,"A",,"A",,"A",,"A",,"A",,"A",,"A",,"A",,"A",,"A",,"A",,"A",,"R",399,"R",0,"R",399,"R",113,"R",28,"R",134,"R",34,"R",0,"R",399,"R",89,"Z",0,"R",223,"R",56
101648,"A",,"A",,"A",,"A",,"A",,"A",,"A",,"A",,"A",,"A",,"A",,"A",,"A",,"R",269,"R",2,"R",267,"R",63,"R",24,"R",71,"R",27,"R",0,"R",267,"R",3,"R",0,"R",74,"R",28
101675,"R",423,"R",0,"R",423,"R",61,"R",14,"R",101,"R",24,"R",0,"R",423,"R",2,"R",1,"R",103,"R",24,"A",,"A",,"A",,"A",,"A",,"A",,"A",,"A",,"A",,"A",,"A",,"A",,"A",
101693,"R",282,"R",0,"R",282,"R",101,"R",36,"R",144,"R",51,"R",0,"R",282,"R",1,"R",0,"R",145,"R",51,"A",,"A",,"A",,"A",,"A",,"A",,"A",,"A",,"A",,"A",,"A",,"A",,"A",
101709,"R",501,"R",0,"R",501,"R",170,"R",34,"R",259,"R",52,"Z",0,"R",501,"R",6,"R",2,"R",265,"R",53,"A",,"A",,"A",,"A",,"A",,"A",,"A",,"A",,"A",,"A",,"A",,"A",,"A",
101736,"A",,"A",,"A",,"A",,"A",,"A",,"A",,"A",,"A",,"A",,"A",,"A",,"A",,"R",589,"R",0,"R",589,"R",98,"R",17,"R",158,"R",27,"R",0,"R",589,"R",67,"R",22,"R",225,"R",38
101879,"R",1159,"R",3,"R",1156,"R",327,"R",28,"R",592,"R",51,"R",0,"R",1156,"R",17,"R",10,"R",609,"R",53,"A",,"A",,"A",,"A",,"A",,"A",,"A",,"A",,"A",,"A",,"A",,"A",,"A",
101897,"A",,"A",,"A",,"A",,"A",,"A",,"A",,"A",,"A",,"A",,"A",,"A",,"A",,"R",434,"R",0,"R",434,"R",134,"R",31,"R",194,"R",45,"R",0,"R",434,"R",4,"R",17,"R",198,"R",46
101912,"R",335,"R",0,"R",335,"R",89,"R",27,"R",165,"R",49,"Z",0,"R",335,"R",8,"R",2,"R",173,"R",52,"A",,"A",,"A",,"A",,"A",,"A",,"A",,"A",,"A",,"A",,"A",,"A",,"A",
101994,"A",,"A",,"A",,"A",,"A",,"A",,"A",,"A",,"A",,"A",,"A",,"A",,"A",,"R",59,"R",0,"R",59,"R",19,"R",32,"R",26,"R",44,"R",3,"R",56,"R",3,"R",3,"R",29,"R",52
102030,"A",,"A",,"A",,"A",,"A",,"A",,"A",,"A",,"A",,"A",,"A",,"A",,"A",,"R",588,"R",0,"R",588,"R",96,"R",16,"R",130,"R",22,"R",0,"R",588,"R",22,"R",27,"R",152,"R",26
102049,"R",826,"R",1,"R",825,"R",562,"R",68,"R",651,"R",79,"R",0,"R",825,"R",2,"R",0,"R",653,"R",79,"A",,"A",,"A",,"A",,"A",,"A",,"A",,"A",,"A",,"A",,"A",,"A",,"A",
102058,"R",139,"R",0,"R",139,"Z",0,"R",0,"R",2,"R",1,"R",0,"R",139,"R",1,"R",0,"R",3,"R",2,"A",,"A",,"A",,"A",,"A",,"A",,"A",,"A",,"A",,"A",,"A",,"A",,"A",
102067,"A",,"A",,"A",,"A",,"A",,"A",,"A",,"A",,"A",,"A",,"A",,"A",,"A",,"R",788,"R",0,"R",788,"R",100,"R",13,"R",180,"R",23,"R",0,"R",788,"R",14,"R",31,"R",194,"R",25
102076,"A",,"A",,"A",,"A",,"A",,"A",,"A",,"A",,"A",,"A",,"A",,"A",,"A",,"R",577,"R",0,"R",577,"R",186,"R",32,"R",230,"R",40,"R",0,"R",577,"R",20,"R",11,"R",250,"R",43
102094,"R",2082,"R",0,"R",2082,"R",581,"R",28,"R",980,"R",47,"R",0,"R",2082,"R",52,"R",23,"R",1032,"R",50,"A",,"A",,"A",,"A",,"A",,"A",,"A",,"A",,"A",,"A",,"A",,"A",,"A",
102234,"R",415,"R",0,"R",415,"R",200,"R",48,"R",233,"R",56,"R",0,"R",415,"R",3,"R",0,"R",236,"R",57,"A",,"A",,"A",,"A",,"A",,"A",,"A",,"A",,"A",,"A",,"A",,"A",,"A",
102270,"R",228,"R",0,"R",228,"R",15,"R",7,"R",34,"R",15,"Z",0,"R",228,"R",3,"R",1,"R",37,"R",16,"A",,"A",,"A",,"A",,"A",,"A",,"A",,"A",,"A",,"A",,"A",,"A",,"A",
102298,"R",236,"R",0,"R",236,"R",47,"R",20,"R",58,"R",25,"R",0,"R",236,"R",4,"R",0,"R",62,"R",26,"A",,"A",,"A",,"A",,"A",,"A",,"A",,"A",,"A",,"A",,"A",,"A",,"A",
102313,"A",,"A",,"A",,"A",,"A",,"A",,"A",,"A",,"A",,"A",,"A",,"A",,"A",,"R",332,"R",0,"R",332,"R",36,"R",11,"R",67,"R",20,"R",0,"R",332,"R",29,"R",56,"R",96,"R",29
102368,"R",1674,"R",3,"R",1671,"R",493,"R",30,"R",852,"R",51,"R",0,"R",1671,"R",25,"R",13,"R",877,"R",52,"A",,"A",,"A",,"A",,"A",,"A",,"A",,"A",,"A",,"A",,"A",,"A",,"A",
102377,"R",577,"R",0,"R",577,"R",155,"R",27,"R",331,"R",57,"R",0,"R",577,"R",1,"R",1,"R",332,"R",58,"A",,"A",,"A",,"A",,"A",,"A",,"A",,"A",,"A",,"A",,"A",,"A",,"A",
102429,"A",,"A",,"A",,"A",,"A",,"A",,"A",,"A",,"A",,"A",,"A",,"A",,"A",,"R",596,"R",1,"R",595,"R",114,"R",19,"R",215,"R",36,"R",0,"R",595,"R",22,"R",27,"R",237,"R",40
102553,"R",950,"R",0,"R",950,"R",144,"R",15,"R",305,"R",32,"R",0,"R",950,"R",35,"R",32,"R",340,"R",36,"A",,"A",,"A",,"A",,"A",,"A",,"A",,"A",,"A",,"A",,"A",,"A",,"A",
102580,"R",3,"R",0,"R",3,"Z",0,"R",0,"R",1,"R",33,"Z",0,"R",3,"R",0,"Z",0,"R",1,"R",33,"A",,"A",,"A",,"A",,"A",,"A",,"A",,"A",,"A",,"A",,"A",,"A",,"A",
102614,"R",448,"R",0,"R",448,"R",118,"R",26,"R",196,"R",44,"R",0,"R",448,"R",12,"R",7,"R",208,"R",46,"A",,"A",,"A",,"A",,"A",,"A",,"A",,"A",,"A",,"A",,"A",,"A",,"A",
102632,"R",70,"R",0,"R",70,"R",9,"R",13,"R",20,"R",29,"R",0,"R",70,"R",1,"R",1,"R",21,"R",30,"A",,"A",,"A",,"A",,"A",,"A",,"A",,"A",,"A",,"A",,"A",,"A",,"A",
102669,"R",36,"R",0,"R",36,"R",6,"R",17,"R",8,"R",22,"Z",0,"R",36,"R",1,"R",0,"R",9,"R",25,"A",,"A",,"A",,"A",,"A",,"A",,"A",,"A",,"A",,"A",,"A",,"A",,"A",
102711,"A",,"A",,"A",,"A",,"A",,"A",,"A",,"A",,"A",,"A",,"A",,"A",,"A",,"R",84,"R",0,"R",84,"R",72,"R",86,"R",72,"R",86,"Z",0,"R",84,"R",0,"Z",0,"R",72,"R",86
103501,"A",,"A",,"A",,"A",,"A",,"A",,"A",,"A",,"A",,"A",,"A",,"A",,"A",,"R",338,"R",0,"R",338,"R",238,"R",70,"R",238,"R",70,"Z",0,"R",338,"R",0,"Z",0,"R",238,"R",70
103741,"A",,"A",,"A",,"A",,"A",,"A",,"A",,"A",,"A",,"A",,"A",,"A",,"A",,"R",56,"R",0,"R",56,"R",1,"R",2,"R",32,"R",57,"Z",0,"R",56,"R",0,"Z",0,"R",32,"R",57
103893,"A",,"A",,"A",,"A",,"A",,"A",,"A",,"A",,"A",,"A",,"A",,"A",,"A",,"R",370,"R",2,"R",368,"R",121,"R",33,"R",194,"R",53,"R",0,"R",368,"R",12,"R",9,"R",206,"R",56
103909,"A",,"A",,"A",,"A",,"A",,"A",,"A",,"A",,"A",,"A",,"A",,"A",,"A",,"R",191,"R",1,"R",190,"R",56,"R",29,"R",86,"R",45,"R",0,"R",190,"R",6,"R",1,"R",92,"R",48
103927,"A",,"A",,"A",,"A",,"A",,"A",,"A",,"A",,"A",,"A",,"A",,"A",,"A",,"R",125,"R",1,"R",124,"R",48,"R",39,"R",66,"R",53,"R",0,"R",124,"R",4,"R",6,"R",70,"R",56
103954,"A",,"A",,"A",,"A",,"A",,"A",,"A",,"A",,"A",,"A",,"A",,"A",,"A",,"R",7,"R",0,"R",7,"R",4,"R",57,"R",4,"R",57,"Z",0,"R",7,"R",0,"Z",0,"R",4,"R",57
103963,"A",,"A",,"A",,"A",,"A",,"A",,"A",,"A",,"A",,"A",,"A",,"A",,"A",,"R",343,"R",0,"R",343,"R",133,"R",39,"R",183,"R",53,"R",0,"R",343,"R",27,"R",0,"R",210,"R",61
104090,"R",7,"R",0,"R",7,"R",2,"R",29,"R",2,"R",29,"Z",0,"R",7,"R",0,"Z",0,"R",2,"R",29,"A",,"A",,"A",,"A",,"A",,"A",,"A",,"A",,"A",,"A",,"A",,"A",,"A",
104151,"R",11357,"R",87,"R",11270,"R",5841,"R",52,"R",7440,"R",66,"R",0,"R",11270,"R",173,"R",62,"R",7613,"R",68,"A",,"A",,"A",,"A",,"A",,"A",,"A",,"A",,"A",,"A",,"A",,"A",,"A",
104160,"A",,"A",,"A",,"A",,"A",,"A",,"A",,"A",,"A",,"A",,"A",,"A",,"A",,"R",627,"R",0,"R",627,"R",49,"R",8,"R",130,"R",21,"R",0,"R",627,"R",23,"R",72,"R",153,"R",24
104179,"R",6973,"R",12,"R",6961,"R",3466,"R",50,"R",4479,"R",64,"R",0,"R",6961,"R",116,"R",47,"R",4595,"R",66,"A",,"A",,"A",,"A",,"A",,"A",,"A",,"A",,"A",,"A",,"A",,"A",,"A",
104346,"A",,"A",,"A",,"A",,"A",,"A",,"A",,"A",,"A",,"A",,"A",,"A",,"A",,"R",514,"R",0,"R",514,"R",51,"R",10,"R",92,"R",18,"R",0,"R",514,"R",16,"R",31,"R",108,"R",21
104391,"A",,"A",,"A",,"A",,"A",,"A",,"A",,"A",,"A",,"A",,"A",,"A",,"A",,"R",35,"R",0,"R",35,"R",6,"R",17,"R",26,"R",74,"R",0,"R",35,"R",0,"R",0,"R",26,"R",74
104425,"A",,"A",,"A",,"A",,"A",,"A",,"A",,"A",,"A",,"A",,"A",,"A",,"A",,"R",520,"R",0,"R",520,"R",63,"R",12,"R",132,"R",25,"R",0,"R",520,"R",32,"R",39,"R",164,"R",32
104443,"A",,"A",,"A",,"A",,"A",,"A",,"A",,"A",,"A",,"A",,"A",,"A",,"A",,"R",22,"R",0,"R",22,"R",1,"R",5,"R",8,"R",36,"Z",0,"R",22,"R",0,"Z",0,"R",8,"R",36
104568,"A",,"A",,"A",,"A",,"A",,"A",,"A",,"A",,"A",,"A",,"A",,"A",,"A",,"R",176,"R",0,"R",176,"R",81,"R",46,"R",114,"R",65,"R",0,"R",176,"R",0,"R",1,"R",114,"R",65
104577,"A",,"A",,"A",,"A",,"A",,"A",,"A",,"A",,"A",,"A",,"A",,"A",,"A",,"R",464,"R",0,"R",464,"R",101,"R",22,"R",228,"R",49,"R",0,"R",464,"R",17,"R",18,"R",245,"R",53
104586,"R",579,"R",1,"R",578,"R",230,"R",40,"R",402,"R",70,"R",0,"R",578,"R",6,"R",3,"R",408,"R",71,"A",,"A",,"A",,"A",,"A",,"A",,"A",,"A",,"A",,"A",,"A",,"A",,"A",
104717,"R",2453,"R",1,"R",2452,"R",917,"R",37,"R",1097,"R",45,"R",1,"R",2451,"R",39,"R",20,"R",1136,"R",46,"A",,"A",,"A",,"A",,"A",,"A",,"A",,"A",,"A",,"A",,"A",,"A",,"A",
105154,"A",,"A",,"A",,"A",,"A",,"A",,"A",,"A",,"A",,"A",,"A",,"A",,"A",,"R",1289,"R",0,"R",1289,"R",82,"R",6,"R",165,"R",13,"R",0,"R",1289,"R",109,"R",167,"R",274,"R",21
105206,"A",,"A",,"A",,"A",,"A",,"A",,"A",,"A",,"A",,"A",,"A",,"A",,"A",,"R",156,"R",0,"R",156,"R",31,"R",20,"R",41,"R",26,"R",0,"R",156,"R",4,"R",14,"R",45,"R",29
105215,"A",,"A",,"A",,"A",,"A",,"A",,"A",,"A",,"A",,"A",,"A",,"A",,"A",,"R",346,"R",1,"R",345,"R",42,"R",12,"R",199,"R",58,"R",0,"R",345,"R",15,"R",0,"R",214,"R",62
105330,"R",4663,"R",4,"R",4659,"R",2103,"R",45,"R",2749,"R",59,"R",0,"R",4659,"R",43,"R",22,"R",2792,"R",60,"A",,"A",,"A",,"A",,"A",,"A",,"A",,"A",,"A",,"A",,"A",,"A",,"A",
105349,"A",,"A",,"A",,"A",,"A",,"A",,"A",,"A",,"A",,"A",,"A",,"A",,"A",,"R",40,"R",0,"R",40,"R",3,"R",8,"R",3,"R",8,"R",0,"R",40,"R",2,"R",0,"R",5,"R",13
105428,"A",,"A",,"A",,"A",,"A",,"A",,"A",,"A",,"A",,"A",,"A",,"A",,"A",,"R",657,"R",0,"R",657,"R",32,"R",5,"R",82,"R",12,"R",0,"R",657,"R",56,"R",98,"R",138,"R",21
105525,"A",,"A",,"A",,"A",,"A",,"A",,"A",,"A",,"A",,"A",,"A",,"A",,"A",,"R",1379,"R",1,"R",1378,"R",104,"R",8,"R",254,"R",18,"R",0,"R",1378,"R",70,"R",217,"R",324,"R",24
105543,"A",,"A",,"A",,"A",,"A",,"A",,"A",,"A",,"A",,"A",,"A",,"A",,"A",,"R",318,"R",0,"R",318,"R",28,"R",9,"R",145,"R",46,"R",0,"R",318,"R",5,"R",2,"R",150,"R",47
105589,"R",35,"R",0,"R",35,"R",12,"R",34,"R",14,"R",40,"Z",0,"R",35,"R",0,"Z",0,"R",14,"R",40,"A",,"A",,"A",,"A",,"A",,"A",,"A",,"A",,"A",,"A",,"A",,"A",,"A",
105659,"A",,"A",,"A",,"A",,"A",,"A",,"A",,"A",,"A",,"A",,"A",,"A",,"A",,"R",865,"R",3,"R",862,"R",360,"R",42,"R",526,"R",61,"R",0,"R",862,"R",42,"R",0,"R",568,"R",66
105677,"A",,"A",,"A",,"A",,"A",,"A",,"A",,"A",,"A",,"A",,"A",,"A",,"A",,"R",20,"R",0,"R",20,"R",19,"R",95,"R",19,"R",95,"Z",0,"R",20,"R",0,"Z",0,"R",19,"R",95
105747,"A",,"A",,"A",,"A",,"A",,"A",,"A",,"A",,"A",,"A",,"A",,"A",,"A",,"R",411,"R",0,"R",411,"R",55,"R",13,"R",92,"R",22,"R",0,"R",411,"R",26,"R",26,"R",118,"R",29
105792,"A",,"A",,"A",,"A",,"A",,"A",,"A",,"A",,"A",,"A",,"A",,"A",,"A",,"R",362,"R",0,"R",362,"R",23,"R",6,"R",61,"R",17,"R",0,"R",362,"R",24,"R",26,"R",85,"R",23
105899,"R",121,"R",1,"R",120,"R",36,"R",30,"R",43,"R",36,"Z",0,"R",120,"R",0,"Z",0,"R",43,"R",36,"A",,"A",,"A",,"A",,"A",,"A",,"A",,"A",,"A",,"A",,"A",,"A",,"A",
106041,"A",,"A",,"A",,"A",,"A",,"A",,"A",,"A",,"A",,"A",,"A",,"A",,"A",,"R",1035,"R",8,"R",1027,"R",122,"R",12,"R",513,"R",50,"R",0,"R",1027,"R",35,"R",4,"R",548,"R",53
106245,"R",792,"R",0,"R",792,"R",194,"R",24,"R",294,"R",37,"R",0,"R",792,"R",19,"R",19,"R",313,"R",40,"A",,"A",,"A",,"A",,"A",,"A",,"A",,"A",,"A",,"A",,"A",,"A",,"A",
106306,"R",8,"R",0,"R",8,"Z",0,"R",0,"Z",0,"R",0,"Z",0,"R",8,"R",0,"Z",0,"R",0,"R",0,"A",,"A",,"A",,"A",,"A",,"A",,"A",,"A",,"A",,"A",,"A",,"A",,"A",
106315,"A",,"A",,"A",,"A",,"A",,"A",,"A",,"A",,"A",,"A",,"A",,"A",,"A",,"R",2,"R",0,"R",2,"R",0,"R",0,"R",2,"R",100,"Z",0,"R",2,"R",0,"Z",0,"R",2,"R",100
106324,"A",,"A",,"A",,"A",,"A",,"A",,"A",,"A",,"A",,"A",,"A",,"A",,"A",,"R",23,"R",0,"R",23,"R",7,"R",30,"R",11,"R",48,"R",0,"R",23,"R",0,"R",0,"R",11,"R",48
106342,"R",213,"R",0,"R",213,"R",79,"R",37,"R",97,"R",46,"R",0,"R",213,"R",0,"R",1,"R",97,"R",46,"A",,"A",,"A",,"A",,"A",,"A",,"A",,"A",,"A",,"A",,"A",,"A",,"A",
106351,"A",,"A",,"A",,"A",,"A",,"A",,"A",,"A",,"A",,"A",,"A",,"A",,"A",,"R",1,"R",0,"R",1,"R",0,"R",0,"R",0,"R",0,"Z",0,"R",1,"R",0,"Z",0,"R",0,"R",0
106397,"R",4871,"R",9,"R",4862,"R",2525,"R",52,"R",3388,"R",70,"R",1,"R",4861,"R",81,"R",24,"R",3469,"R",71,"A",,"A",,"A",,"A",,"A",,"A",,"A",,"A",,"A",,"A",,"A",,"A",,"A",
106412,"R",671,"R",1,"R",670,"R",175,"R",26,"R",272,"R",41,"R",0,"R",670,"R",7,"R",11,"R",279,"R",42,"A",,"A",,"A",,"A",,"A",,"A",,"A",,"A",,"A",,"A",,"A",,"A",,"A",
106449,"A",,"A",,"A",,"A",,"A",,"A",,"A",,"A",,"A",,"A",,"A",,"A",,"A",,"R",681,"R",0,"R",681,"R",197,"R",29,"R",260,"R",38,"R",0,"R",681,"R",26,"R",20,"R",286,"R",42
106458,"R",1519,"R",5,"R",1514,"R",572,"R",38,"R",787,"R",52,"R",0,"R",1514,"R",32,"R",17,"R",819,"R",54,"A",,"A",,"A",,"A",,"A",,"A",,"A",,"A",,"A",,"A",,"A",,"A",,"A",
106467,"R",1654,"R",7,"R",1647,"R",484,"R",29,"R",706,"R",43,"R",0,"R",1647,"R",13,"R",18,"R",719,"R",44,"A",,"A",,"A",,"A",,"A",,"A",,"A",,"A",,"A",,"A",,"A",,"A",,"A",
106485,"R",372,"R",0,"R",372,"R",59,"R",16,"R",81,"R",22,"R",0,"R",372,"R",16,"R",10,"R",97,"R",26,"A",,"A",,"A",,"A",,"A",,"A",,"A",,"A",,"A",,"A",,"A",,"A",,"A",
106494,"A",,"A",,"A",,"A",,"A",,"A",,"A",,"A",,"A",,"A",,"A",,"A",,"A",,"R",20,"R",0,"R",20,"R",2,"R",10,"R",10,"R",50,"Z",0,"R",20,"R",0,"Z",0,"R",10,"R",50
106546,"A",,"A",,"A",,"A",,"A",,"A",,"A",,"A",,"A",,"A",,"A",,"A",,"A",,"R",4,"R",0,"R",4,"R",3,"R",75,"R",3,"R",75,"Z",0,"R",4,"R",0,"Z",0,"R",3,"R",75
106625,"A",,"A",,"A",,"A",,"A",,"A",,"A",,"A",,"A",,"A",,"A",,"A",,"A",,"R",294,"R",0,"R",294,"R",61,"R",21,"R",99,"R",34,"Z",0,"R",294,"R",6,"R",14,"R",105,"R",36
106704,"R",1986,"R",0,"R",1986,"R",673,"R",34,"R",972,"R",49,"R",0,"R",1986,"R",26,"R",15,"R",998,"R",50,"A",,"A",,"A",,"A",,"A",,"A",,"A",,"A",,"A",,"A",,"A",,"A",,"A",
106713,"R",71,"R",0,"R",71,"R",27,"R",38,"R",30,"R",42,"Z",0,"R",71,"R",0,"Z",0,"R",30,"R",42,"A",,"A",,"A",,"A",,"A",,"A",,"A",,"A",,"A",,"A",,"A",,"A",,"A",
106795,"A",,"A",,"A",,"A",,"A",,"A",,"A",,"A",,"A",,"A",,"A",,"A",,"A",,"R",238,"R",0,"R",238,"R",83,"R",35,"R",109,"R",46,"R",0,"R",238,"R",6,"R",9,"R",115,"R",48
106810,"R",14,"R",0,"R",14,"Z",0,"R",0,"R",4,"R",29,"Z",0,"R",14,"R",0,"Z",0,"R",4,"R",29,"A",,"A",,"A",,"A",,"A",,"A",,"A",,"A",,"A",,"A",,"A",,"A",,"A",
106883,"A",,"A",,"A",,"A",,"A",,"A",,"A",,"A",,"A",,"A",,"A",,"A",,"A",,"R",206,"R",0,"R",206,"R",82,"R",40,"R",84,"R",41,"R",0,"R",206,"R",14,"R",1,"R",98,"R",48
106908,"A",,"A",,"A",,"A",,"A",,"A",,"A",,"A",,"A",,"A",,"A",,"A",,"A",,"R",104,"R",0,"R",104,"R",5,"R",5,"R",65,"R",63,"R",0,"R",104,"R",0,"R",0,"R",65,"R",63
106980,"A",,"A",,"A",,"A",,"A",,"A",,"A",,"A",,"A",,"A",,"A",,"A",,"A",,"R",450,"R",0,"R",450,"R",85,"R",19,"R",115,"R",26,"R",0,"R",450,"R",3,"R",34,"R",118,"R",26
106999,"A",,"A",,"A",,"A",,"A",,"A",,"A",,"A",,"A",,"A",,"A",,"A",,"A",,"R",250,"R",0,"R",250,"R",116,"R",46,"R",154,"R",62,"R",0,"R",250,"R",4,"R",44,"R",158,"R",63
107044,"R",990,"R",0,"R",990,"R",481,"R",49,"R",665,"R",67,"R",0,"R",990,"R",9,"R",0,"R",674,"R",68,"A",,"A",,"A",,"A",,"A",,"A",,"A",,"A",,"A",,"A",,"A",,"A",,"A",
107071,"R",758,"R",0,"R",758,"R",181,"R",24,"R",278,"R",37,"R",0,"R",758,"R",13,"R",3,"R",291,"R",38,"A",,"A",,"A",,"A",,"A",,"A",,"A",,"A",,"A",,"A",,"A",,"A",,"A",
107080,"R",393,"R",2,"R",391,"R",275,"R",70,"R",285,"R",73,"R",0,"R",391,"R",2,"R",0,"R",287,"R",73,"A",,"A",,"A",,"A",,"A",,"A",,"A",,"A",,"A",,"A",,"A",,"A",,"A",
107099,"A",,"A",,"A",,"A",,"A",,"A",,"A",,"A",,"A",,"A",,"A",,"A",,"A",,"R",19,"R",0,"R",19,"R",0,"R",0,"R",16,"R",84,"Z",0,"R",19,"R",0,"Z",0,"R",16,"R",84
107141,"R",358,"R",0,"R",358,"R",217,"R",61,"R",252,"R",70,"Z",0,"R",358,"R",6,"R",0,"R",258,"R",72,"A",,"A",,"A",,"A",,"A",,"A",,"A",,"A",,"A",,"A",,"A",,"A",,"A",
107220,"A",,"A",,"A",,"A",,"A",,"A",,"A",,"A",,"A",,"A",,"A",,"A",,"A",,"R",81,"R",0,"R",81,"R",29,"R",36,"R",52,"R",64,"Z",0,"R",81,"R",0,"Z",0,"R",52,"R",64
107293,"A",,"A",,"A",,"A",,"A",,"A",,"A",,"A",,"A",,"A",,"A",,"A",,"A",,"R",30,"R",0,"R",30,"R",0,"R",0,"R",16,"R",53,"Z",0,"R",30,"R",0,"Z",0,"R",16,"R",53
107318,"A",,"A",,"A",,"A",,"A",,"A",,"A",,"A",,"A",,"A",,"A",,"A",,"A",,"R",87,"R",0,"R",87,"R",29,"R",33,"R",37,"R",43,"R",0,"R",87,"R",1,"R",1,"R",38,"R",44
107327,"A",,"A",,"A",,"A",,"A",,"A",,"A",,"A",,"A",,"A",,"A",,"A",,"A",,"R",260,"R",0,"R",260,"R",79,"R",30,"R",108,"R",42,"R",0,"R",260,"R",14,"R",6,"R",122,"R",47
107442,"A",,"A",,"A",,"A",,"A",,"A",,"A",,"A",,"A",,"A",,"A",,"A",,"A",,"R",13,"R",0,"R",13,"R",0,"R",0,"R",6,"R",46,"Z",0,"R",13,"R",0,"Z",0,"R",6,"R",46
107460,"A",,"A",,"A",,"A",,"A",,"A",,"A",,"A",,"A",,"A",,"A",,"A",,"A",,"R",351,"R",0,"R",351,"R",76,"R",22,"R",112,"R",32,"R",0,"R",351,"R",16,"R",10,"R",128,"R",36
107488,"A",,"A",,"A",,"A",,"A",,"A",,"A",,"A",,"A",,"A",,"A",,"A",,"A",,"R",172,"R",0,"R",172,"R",7,"R",4,"R",120,"R",70,"R",0,"R",172,"R",0,"R",0,"R",120,"R",70
107512,"R",402,"R",0,"R",402,"R",241,"R",60,"R",266,"R",66,"R",0,"R",402,"R",1,"R",0,"R",267,"R",66,"A",,"A",,"A",,"A",,"A",,"A",,"A",,"A",,"A",,"A",,"A",,"A",,"A",
107521,"A",,"A",,"A",,"A",,"A",,"A",,"A",,"A",,"A",,"A",,"A",,"A",,"A",,"R",67,"R",0,"R",67,"R",6,"R",9,"R",24,"R",36,"R",0,"R",67,"R",4,"R",4,"R",28,"R",42
107549,"A",,"A",,"A",,"A",,"A",,"A",,"A",,"A",,"A",,"A",,"A",,"A",,"A",,"R",162,"R",0,"R",162,"R",76,"R",47,"R",76,"R",47,"R",0,"R",162,"R",7,"R",0,"R",83,"R",51
107558,"R",210,"R",1,"R",209,"R",85,"R",41,"R",102,"R",49,"R",0,"R",209,"R",1,"R",1,"R",103,"R",49,"A",,"A",,"A",,"A",,"A",,"A",,"A",,"A",,"A",,"A",,"A",,"A",,"A",
107585,"A",,"A",,"A",,"A",,"A",,"A",,"A",,"A",,"A",,"A",,"A",,"A",,"A",,"R",400,"R",0,"R",400,"R",89,"R",22,"R",142,"R",36,"R",0,"R",400,"R",18,"R",11,"R",160,"R",40
107600,"R",170,"R",0,"R",170,"R",20,"R",12,"R",48,"R",28,"R",0,"R",170,"R",4,"R",4,"R",52,"R",31,"A",,"A",,"A",,"A",,"A",,"A",,"A",,"A",,"A",,"A",,"A",,"A",,"A",
107619,"A",,"A",,"A",,"A",,"A",,"A",,"A",,"A",,"A",,"A",,"A",,"A",,"A",,"R",145,"R",0,"R",145,"R",47,"R",32,"R",67,"R",46,"Z",0,"R",145,"R",20,"R",11,"R",87,"R",60
107637,"A",,"A",,"A",,"A",,"A",,"A",,"A",,"A",,"A",,"A",,"A",,"A",,"A",,"R",131,"R",0,"R",131,"R",22,"R",17,"R",31,"R",24,"R",0,"R",131,"R",11,"R",2,"R",42,"R",32
107655,"A",,"A",,"A",,"A",,"A",,"A",,"A",,"A",,"A",,"A",,"A",,"A",,"A",,"R",16,"R",0,"R",16,"R",1,"R",6,"R",7,"R",44,"R",0,"R",16,"R",0,"R",0,"R",7,"R",44
107664,"A",,"A",,"A",,"A",,"A",,"A",,"A",,"A",,"A",,"A",,"A",,"A",,"A",,"R",830,"R",0,"R",830,"R",99,"R",12,"R",190,"R",23,"R",0,"R",830,"R",38,"R",36,"R",228,"R",27
107725,"A",,"A",,"A",,"A",,"A",,"A",,"A",,"A",,"A",,"A",,"A",,"A",,"A",,"R",168,"R",0,"R",168,"R",55,"R",33,"R",70,"R",42,"R",0,"R",168,"R",2,"R",4,"R",72,"R",43
107743,"A",,"A",,"A",,"A",,"A",,"A",,"A",,"A",,"A",,"A",,"A",,"A",,"A",,"R",182,"R",0,"R",182,"R",90,"R",49,"R",104,"R",57,"R",0,"R",182,"R",0,"R",1,"R",104,"R",57
107789,"A",,"A",,"A",,"A",,"A",,"A",,"A",,"A",,"A",,"A",,"A",,"A",,"A",,"R",42,"R",0,"R",42,"R",2,"R",5,"R",27,"R",64,"Z",0,"R",42,"R",0,"Z",0,"R",27,"R",64
107831,"A",,"A",,"A",,"A",,"A",,"A",,"A",,"A",,"A",,"A",,"A",,"A",,"A",,"R",18,"R",1,"R",17,"R",1,"R",6,"R",6,"R",35,"R",0,"R",17,"R",1,"R",0,"R",7,"R",41
107840,"A",,"A",,"A",,"A",,"A",,"A",,"A",,"A",,"A",,"A",,"A",,"A",,"A",,"R",38,"R",0,"R",38,"R",4,"R",11,"R",4,"R",11,"R",0,"R",38,"R",2,"R",5,"R",6,"R",16
107877,"R",126,"R",0,"R",126,"R",33,"R",26,"R",40,"R",32,"R",0,"R",126,"R",1,"R",0,"R",41,"R",33,"A",,"A",,"A",,"A",,"A",,"A",,"A",,"A",,"A",,"A",,"A",,"A",,"A",
107974,"A",,"A",,"A",,"A",,"A",,"A",,"A",,"A",,"A",,"A",,"A",,"A",,"A",,"R",189,"R",0,"R",189,"R",29,"R",15,"R",53,"R",28,"R",0,"R",189,"R",18,"R",4,"R",71,"R",38
107983,"R",779,"R",0,"R",779,"R",211,"R",27,"R",294,"R",38,"R",0,"R",779,"R",7,"R",6,"R",301,"R",39,"A",,"A",,"A",,"A",,"A",,"A",,"A",,"A",,"A",,"A",,"A",,"A",,"A",
107992,"A",,"A",,"A",,"A",,"A",,"A",,"A",,"A",,"A",,"A",,"A",,"A",,"A",,"R",176,"R",0,"R",176,"R",95,"R",54,"R",111,"R",63,"R",0,"R",176,"R",0,"R",2,"R",111,"R",63
108065,"A",,"A",,"A",,"A",,"A",,"A",,"A",,"A",,"A",,"A",,"A",,"A",,"A",,"R",14,"R",0,"R",14,"R",4,"R",29,"R",10,"R",71,"Z",0,"R",14,"R",0,"Z",0,"R",10,"R",71
108092,"R",1027,"R",0,"R",1027,"R",170,"R",17,"R",245,"R",24,"Z",0,"R",1027,"R",6,"R",11,"R",251,"R",24,"A",,"A",,"A",,"A",,"A",,"A",,"A",,"A",,"A",,"A",,"A",,"A",,"A",
108232,"R",575,"R",0,"R",575,"R",43,"R",7,"R",206,"R",36,"R",0,"R",575,"R",27,"R",13,"R",233,"R",41,"A",,"A",,"A",,"A",,"A",,"A",,"A",,"A",,"A",,"A",,"A",,"A",,"A",
108667,"A",,"A",,"A",,"A",,"A",,"A",,"A",,"A",,"A",,"A",,"A",,"A",,"A",,"R",217,"R",0,"R",217,"R",41,"R",19,"R",77,"R",35,"R",0,"R",217,"R",8,"R",9,"R",85,"R",39
108807,"A",,"A",,"A",,"A",,"A",,"A",,"A",,"A",,"A",,"A",,"A",,"A",,"A",,"R",1040,"R",0,"R",1040,"R",123,"R",12,"R",298,"R",29,"R",0,"R",1040,"R",67,"R",104,"R",365,"R",35
108852,"A",,"A",,"A",,"A",,"A",,"A",,"A",,"A",,"A",,"A",,"A",,"A",,"A",,"R",89,"R",0,"R",89,"R",52,"R",58,"R",52,"R",58,"R",0,"R",89,"R",3,"R",1,"R",55,"R",62
108977,"A",,"A",,"A",,"A",,"A",,"A",,"A",,"A",,"A",,"A",,"A",,"A",,"A",,"R",30,"R",0,"R",30,"R",4,"R",13,"R",12,"R",40,"Z",0,"R",30,"R",0,"Z",0,"R",12,"R",40
109040,"A",,"A",,"A",,"A",,"A",,"A",,"A",,"A",,"A",,"A",,"A",,"A",,"A",,"R",327,"R",0,"R",327,"R",117,"R",36,"R",209,"R",64,"R",0,"R",327,"R",17,"R",8,"R",226,"R",69
109208,"A",,"A",,"A",,"A",,"A",,"A",,"A",,"A",,"A",,"A",,"A",,"A",,"A",,"R",1481,"R",0,"R",1481,"R",166,"R",11,"R",401,"R",27,"R",0,"R",1481,"R",96,"R",147,"R",497,"R",34
109651,"R",185,"R",11,"R",174,"R",53,"R",30,"R",132,"R",76,"R",0,"R",174,"R",12,"R",2,"R",144,"R",83,"A",,"A",,"A",,"A",,"A",,"A",,"A",,"A",,"A",,"A",,"A",,"A",,"A",
109721,"A",,"A",,"A",,"A",,"A",,"A",,"A",,"A",,"A",,"A",,"A",,"A",,"A",,"R",252,"R",0,"R",252,"R",196,"R",78,"R",207,"R",82,"Z",0,"R",252,"R",0,"Z",0,"R",207,"R",82
109730,"A",,"A",,"A",,"A",,"A",,"A",,"A",,"A",,"A",,"A",,"A",,"A",,"A",,"R",37,"R",0,"R",37,"R",19,"R",51,"R",24,"R",65,"R",0,"R",37,"R",2,"R",0,"R",26,"R",70
109785,"R",1190,"R",0,"R",1190,"R",634,"R",53,"R",851,"R",72,"R",0,"R",1190,"R",11,"R",0,"R",862,"R",72,"A",,"A",,"A",,"A",,"A",,"A",,"A",,"A",,"A",,"A",,"A",,"A",,"A",
109907,"A",,"A",,"A",,"A",,"A",,"A",,"A",,"A",,"A",,"A",,"A",,"A",,"A",,"R",296,"R",0,"R",296,"R",55,"R",19,"R",91,"R",31,"R",0,"R",296,"R",15,"R",25,"R",106,"R",36
109934,"A",,"A",,"A",,"A",,"A",,"A",,"A",,"A",,"A",,"A",,"A",,"A",,"A",,"R",24,"R",0,"R",24,"R",1,"R",4,"R",10,"R",42,"Z",0,"R",24,"R",0,"Z",0,"R",10,"R",42
110060,"R",59,"R",0,"R",59,"R",8,"R",14,"R",9,"R",15,"Z",0,"R",59,"R",0,"Z",0,"R",9,"R",15,"A",,"A",,"A",,"A",,"A",,"A",,"A",,"A",,"A",,"A",,"A",,"A",,"A",
110097,"R",826,"R",1,"R",825,"R",454,"R",55,"R",577,"R",70,"R",0,"R",825,"R",10,"R",1,"R",587,"R",71,"A",,"A",,"A",,"A",,"A",,"A",,"A",,"A",,"A",,"A",,"A",,"A",,"A",
110194,"A",,"A",,"A",,"A",,"A",,"A",,"A",,"A",,"A",,"A",,"A",,"A",,"A",,"R",190,"R",0,"R",190,"R",152,"R",80,"R",166,"R",87,"Z",0,"R",190,"R",0,"Z",0,"R",166,"R",87
110219,"R",73,"R",0,"R",73,"R",20,"R",27,"R",20,"R",27,"Z",0,"R",73,"R",0,"Z",0,"R",20,"R",27,"A",,"A",,"A",,"A",,"A",,"A",,"A",,"A",,"A",,"A",,"A",,"A",,"A",
110246,"A",,"A",,"A",,"A",,"A",,"A",,"A",,"A",,"A",,"A",,"A",,"A",,"A",,"R",1302,"R",0,"R",1302,"R",229,"R",18,"R",437,"R",34,"R",0,"R",1302,"R",62,"R",108,"R",499,"R",38
110334,"A",,"A",,"A",,"A",,"A",,"A",,"A",,"A",,"A",,"A",,"A",,"A",,"A",,"R",955,"R",0,"R",955,"R",126,"R",13,"R",316,"R",33,"R",0,"R",955,"R",71,"R",90,"R",387,"R",41
110361,"R",1076,"R",1,"R",1075,"R",401,"R",37,"R",610,"R",57,"R",0,"R",1075,"R",33,"R",5,"R",643,"R",60,"A",,"A",,"A",,"A",,"A",,"A",,"A",,"A",,"A",,"A",,"A",,"A",,"A",
110370,"R",240,"R",0,"R",240,"R",105,"R",44,"R",157,"R",65,"Z",0,"R",240,"R",7,"Z",0,"R",164,"R",68,"A",,"A",,"A",,"A",,"A",,"A",,"A",,"A",,"A",,"A",,"A",,"A",,"A",
110404,"R",241,"R",1,"R",240,"R",207,"R",86,"R",223,"R",93,"R",0,"R",240,"R",6,"R",0,"R",229,"R",95,"A",,"A",,"A",,"A",,"A",,"A",,"A",,"A",,"A",,"A",,"A",,"A",,"A",
110413,"R",595,"R",0,"R",595,"R",405,"R",68,"R",439,"R",74,"R",0,"R",595,"R",4,"R",1,"R",443,"R",74,"A",,"A",,"A",,"A",,"A",,"A",,"A",,"A",,"A",,"A",,"A",,"A",,"A",
110422,"R",4928,"R",0,"R",4928,"R",2811,"R",57,"R",4208,"R",85,"R",0,"R",4928,"R",60,"R",8,"R",4268,"R",87,"A",,"A",,"A",,"A",,"A",,"A",,"A",,"A",,"A",,"A",,"A",,"A",,"A",
110468,"R",11,"R",0,"R",11,"R",1,"R",9,"R",1,"R",9,"Z",0,"R",11,"R",0,"Z",0,"R",1,"R",9,"A",,"A",,"A",,"A",,"A",,"A",,"A",,"A",,"A",,"A",,"A",,"A",,"A",
110486,"R",1453,"R",0,"R",1453,"R",253,"R",17,"R",691,"R",48,"R",0,"R",1453,"R",66,"R",30,"R",757,"R",52,"A",,"A",,"A",,"A",,"A",,"A",,"A",,"A",,"A",,"A",,"A",,"A",,"A",
110495,"R",1220,"R",0,"R",1220,"R",231,"R",19,"R",703,"R",58,"R",0,"R",1220,"R",62,"R",11,"R",765,"R",63,"A",,"A",,"A",,"A",,"A",,"A",,"A",,"A",,"A",,"A",,"A",,"A",,"A",
110510,"R",2944,"R",0,"R",2944,"R",551,"R",19,"R",1677,"R",57,"R",0,"R",2944,"R",139,"R",61,"R",1816,"R",62,"A",,"A",,"A",,"A",,"A",,"A",,"A",,"A",,"A",,"A",,"A",,"A",,"A",
110529,"R",2656,"R",0,"R",2656,"R",755,"R",28,"R",1864,"R",70,"R",0,"R",2656,"R",101,"R",34,"R",1965,"R",74,"A",,"A",,"A",,"A",,"A",,"A",,"A",,"A",,"A",,"A",,"A",,"A",,"A",
110538,"R",2665,"R",0,"R",2665,"R",881,"R",33,"R",1742,"R",65,"R",0,"R",2665,"R",70,"R",6,"R",1812,"R",68,"A",,"A",,"A",,"A",,"A",,"A",,"A",,"A",,"A",,"A",,"A",,"A",,"A",
110547,"R",1266,"R",0,"R",1266,"R",200,"R",16,"R",665,"R",53,"R",0,"R",1266,"R",56,"R",12,"R",721,"R",57,"A",,"A",,"A",,"A",,"A",,"A",,"A",,"A",,"A",,"A",,"A",,"A",,"A",
110556,"R",3537,"R",0,"R",3537,"R",631,"R",18,"R",2001,"R",57,"R",0,"R",3537,"R",171,"R",52,"R",2172,"R",61,"A",,"A",,"A",,"A",,"A",,"A",,"A",,"A",,"A",,"A",,"A",,"A",,"A",
110565,"R",4287,"R",0,"R",4287,"R",1242,"R",29,"R",3064,"R",71,"R",0,"R",4287,"R",183,"R",52,"R",3247,"R",76,"A",,"A",,"A",,"A",,"A",,"A",,"A",,"A",,"A",,"A",,"A",,"A",,"A",
110574,"R",1730,"R",0,"R",1730,"R",210,"R",12,"R",838,"R",48,"R",0,"R",1730,"R",80,"R",22,"R",918,"R",53,"A",,"A",,"A",,"A",,"A",,"A",,"A",,"A",,"A",,"A",,"A",,"A",,"A",
110583,"R",4399,"R",0,"R",4399,"R",1506,"R",34,"R",3320,"R",75,"R",0,"R",4399,"R",122,"R",29,"R",3442,"R",78,"A",,"A",,"A",,"A",,"A",,"A",,"A",,"A",,"A",,"A",,"A",,"A",,"A",
110592,"R",3688,"R",0,"R",3688,"R",405,"R",11,"R",1914,"R",52,"R",0,"R",3688,"R",163,"R",62,"R",2077,"R",56,"A",,"A",,"A",,"A",,"A",,"A",,"A",,"A",,"A",,"A",,"A",,"A",,"A",
110608,"R",5517,"R",0,"R",5517,"R",913,"R",17,"R",2990,"R",54,"R",0,"R",5517,"R",293,"R",111,"R",3283,"R",60,"A",,"A",,"A",,"A",,"A",,"A",,"A",,"A",,"A",,"A",,"A",,"A",,"A",
110617,"R",3648,"R",0,"R",3648,"R",741,"R",20,"R",2096,"R",57,"R",0,"R",3648,"R",187,"R",69,"R",2283,"R",63,"A",,"A",,"A",,"A",,"A",,"A",,"A",,"A",,"A",,"A",,"A",,"A",,"A",
110635,"R",5510,"R",0,"R",5510,"R",4351,"R",79,"R",5114,"R",93,"R",0,"R",5510,"R",69,"R",20,"R",5183,"R",94,"A",,"A",,"A",,"A",,"A",,"A",,"A",,"A",,"A",,"A",,"A",,"A",,"A",
110644,"R",5323,"R",0,"R",5323,"R",3297,"R",62,"R",4628,"R",87,"R",0,"R",5323,"R",69,"R",11,"R",4697,"R",88,"A",,"A",,"A",,"A",,"A",,"A",,"A",,"A",,"A",,"A",,"A",,"A",,"A",
110653,"R",5746,"R",9,"R",5737,"R",3919,"R",68,"R",4800,"R",84,"R",0,"R",5737,"R",63,"R",9,"R",4863,"R",85,"A",,"A",,"A",,"A",,"A",,"A",,"A",,"A",,"A",,"A",,"A",,"A",,"A",
110662,"R",5671,"R",4,"R",5667,"R",4681,"R",83,"R",5221,"R",92,"R",0,"R",5667,"R",41,"R",7,"R",5262,"R",93,"A",,"A",,"A",,"A",,"A",,"A",,"A",,"A",,"A",,"A",,"A",,"A",,"A",
110671,"R",4018,"R",1,"R",4017,"R",2463,"R",61,"R",3071,"R",76,"R",0,"R",4017,"R",52,"R",15,"R",3123,"R",78,"A",,"A",,"A",,"A",,"A",,"A",,"A",,"A",,"A",,"A",,"A",,"A",,"A",
110680,"R",5286,"R",0,"R",5286,"R",3860,"R",73,"R",4723,"R",89,"R",0,"R",5286,"R",67,"R",15,"R",4790,"R",91,"A",,"A",,"A",,"A",,"A",,"A",,"A",,"A",,"A",,"A",,"A",,"A",,"A",
110705,"R",4459,"R",0,"R",4459,"R",3117,"R",70,"R",3807,"R",85,"Z",0,"R",4459,"R",40,"R",7,"R",3847,"R",86,"A",,"A",,"A",,"A",,"A",,"A",,"A",,"A",,"A",,"A",,"A",,"A",,"A",
110714,"R",3607,"R",2,"R",3605,"R",2177,"R",60,"R",2815,"R",78,"R",1,"R",3604,"R",40,"R",3,"R",2855,"R",79,"A",,"A",,"A",,"A",,"A",,"A",,"A",,"A",,"A",,"A",,"A",,"A",,"A",
110875,"A",,"A",,"A",,"A",,"A",,"A",,"A",,"A",,"A",,"A",,"A",,"A",,"A",,"R",18,"R",0,"R",18,"R",17,"R",94,"R",17,"R",94,"R",0,"R",18,"R",1,"R",0,"R",18,"R",100
111045,"R",4,"R",0,"R",4,"Z",0,"R",0,"R",4,"R",100,"Z",0,"R",4,"R",0,"Z",0,"R",4,"R",100,"A",,"A",,"A",,"A",,"A",,"A",,"A",,"A",,"A",,"A",,"A",,"A",,"A",
111054,"A",,"A",,"A",,"A",,"A",,"A",,"A",,"A",,"A",,"A",,"A",,"A",,"A",,"R",17,"R",1,"R",16,"R",0,"R",0,"R",13,"R",81,"Z",0,"R",16,"R",0,"Z",0,"R",13,"R",81
111081,"R",171,"R",0,"R",171,"R",105,"R",61,"R",123,"R",72,"Z",0,"R",171,"R",0,"Z",0,"R",123,"R",72,"A",,"A",,"A",,"A",,"A",,"A",,"A",,"A",,"A",,"A",,"A",,"A",,"A",
111188,"R",220,"R",0,"R",220,"R",129,"R",59,"R",150,"R",68,"R",0,"R",220,"R",5,"R",0,"R",155,"R",70,"A",,"A",,"A",,"A",,"A",,"A",,"A",,"A",,"A",,"A",,"A",,"A",,"A",
111434,"A",,"A",,"A",,"A",,"A",,"A",,"A",,"A",,"A",,"A",,"A",,"A",,"A",,"R",358,"R",0,"R",358,"R",73,"R",20,"R",127,"R",35,"R",0,"R",358,"R",19,"R",26,"R",146,"R",41
111461,"A",,"A",,"A",,"A",,"A",,"A",,"A",,"A",,"A",,"A",,"A",,"A",,"A",,"R",1512,"R",0,"R",1512,"R",408,"R",27,"R",650,"R",43,"R",0,"R",1512,"R",77,"R",96,"R",727,"R",48
111513,"A",,"A",,"A",,"A",,"A",,"A",,"A",,"A",,"A",,"A",,"A",,"A",,"A",,"R",38,"R",0,"R",38,"R",0,"R",0,"R",28,"R",74,"Z",0,"R",38,"R",0,"Z",0,"R",28,"R",74
111708,"A",,"A",,"A",,"A",,"A",,"A",,"A",,"A",,"A",,"A",,"A",,"A",,"A",,"R",81,"R",0,"R",81,"R",4,"R",5,"R",64,"R",79,"Z",0,"R",81,"R",0,"Z",0,"R",64,"R",79
111717,"A",,"A",,"A",,"A",,"A",,"A",,"A",,"A",,"A",,"A",,"A",,"A",,"A",,"R",80,"R",0,"R",80,"R",0,"R",0,"R",38,"R",48,"Z",0,"R",80,"R",1,"Z",0,"R",39,"R",49
111726,"A",,"A",,"A",,"A",,"A",,"A",,"A",,"A",,"A",,"A",,"A",,"A",,"A",,"R",79,"R",0,"R",79,"R",0,"R",0,"R",65,"R",82,"Z",0,"R",79,"R",0,"Z",0,"R",65,"R",82
111744,"A",,"A",,"A",,"A",,"A",,"A",,"A",,"A",,"A",,"A",,"A",,"A",,"A",,"R",69,"R",1,"R",68,"R",1,"R",1,"R",37,"R",54,"Z",0,"R",68,"R",2,"Z",0,"R",39,"R",57
111762,"A",,"A",,"A",,"A",,"A",,"A",,"A",,"A",,"A",,"A",,"A",,"A",,"A",,"R",64,"R",0,"R",64,"R",0,"R",0,"R",45,"R",70,"Z",0,"R",64,"R",1,"Z",0,"R",46,"R",72
111799,"A",,"A",,"A",,"A",,"A",,"A",,"A",,"A",,"A",,"A",,"A",,"A",,"A",,"R",83,"R",0,"R",83,"R",0,"R",0,"R",44,"R",53,"Z",0,"R",83,"R",3,"Z",0,"R",47,"R",57
111887,"A",,"A",,"A",,"A",,"A",,"A",,"A",,"A",,"A",,"A",,"A",,"A",,"A",,"R",2305,"R",0,"R",2305,"R",334,"R",14,"R",677,"R",29,"R",0,"R",2305,"R",119,"R",229,"R",796,"R",35
111896,"A",,"A",,"A",,"A",,"A",,"A",,"A",,"A",,"A",,"A",,"A",,"A",,"A",,"R",158,"R",0,"R",158,"R",22,"R",14,"R",46,"R",29,"R",0,"R",158,"R",4,"R",8,"R",50,"R",32
111920,"A",,"A",,"A",,"A",,"A",,"A",,"A",,"A",,"A",,"A",,"A",,"A",,"A",,"R",1033,"R",0,"R",1033,"R",172,"R",17,"R",360,"R",35,"R",0,"R",1033,"R",59,"R",94,"R",419,"R",41
111939,"A",,"A",,"A",,"A",,"A",,"A",,"A",,"A",,"A",,"A",,"A",,"A",,"A",,"R",1658,"R",0,"R",1658,"R",190,"R",11,"R",466,"R",28,"R",0,"R",1658,"R",111,"R",153,"R",577,"R",35
111948,"R",1397,"R",1,"R",1396,"R",1000,"R",72,"R",1113,"R",80,"R",1,"R",1395,"R",5,"R",0,"R",1118,"R",80,"A",,"A",,"A",,"A",,"A",,"A",,"A",,"A",,"A",,"A",,"A",,"A",,"A",
112075,"R",334,"R",0,"R",334,"R",202,"R",60,"R",227,"R",68,"R",0,"R",334,"R",2,"R",0,"R",229,"R",69,"A",,"A",,"A",,"A",,"A",,"A",,"A",,"A",,"A",,"A",,"A",,"A",,"A",
112084,"R",68,"R",0,"R",68,"R",16,"R",24,"R",19,"R",28,"Z",0,"R",68,"R",0,"Z",0,"R",19,"R",28,"A",,"A",,"A",,"A",,"A",,"A",,"A",,"A",,"A",,"A",,"A",,"A",,"A",
112172,"A",,"A",,"A",,"A",,"A",,"A",,"A",,"A",,"A",,"A",,"A",,"A",,"A",,"R",1507,"R",0,"R",1507,"R",424,"R",28,"R",626,"R",42,"R",0,"R",1507,"R",100,"R",84,"R",726,"R",48
112181,"A",,"A",,"A",,"A",,"A",,"A",,"A",,"A",,"A",,"A",,"A",,"A",,"A",,"R",83,"R",0,"R",83,"R",4,"R",5,"R",32,"R",39,"Z",0,"R",83,"R",0,"Z",0,"R",32,"R",39
112190,"A",,"A",,"A",,"A",,"A",,"A",,"A",,"A",,"A",,"A",,"A",,"A",,"A",,"R",1311,"R",0,"R",1311,"R",277,"R",21,"R",491,"R",37,"R",0,"R",1311,"R",65,"R",119,"R",556,"R",42
112260,"R",343,"R",0,"R",343,"R",274,"R",80,"R",318,"R",93,"R",0,"R",343,"R",1,"R",0,"R",319,"R",93,"A",,"A",,"A",,"A",,"A",,"A",,"A",,"A",,"A",,"A",,"A",,"A",,"A",
112288,"A",,"A",,"A",,"A",,"A",,"A",,"A",,"A",,"A",,"A",,"A",,"A",,"A",,"R",289,"R",0,"R",289,"R",4,"R",1,"R",121,"R",42,"R",0,"R",289,"R",22,"R",0,"R",143,"R",49
112367,"A",,"A",,"A",,"A",,"A",,"A",,"A",,"A",,"A",,"A",,"A",,"A",,"A",,"R",249,"R",0,"R",249,"R",180,"R",72,"R",180,"R",72,"R",0,"R",249,"R",0,"R",0,"R",180,"R",72
112385,"A",,"A",,"A",,"A",,"A",,"A",,"A",,"A",,"A",,"A",,"A",,"A",,"A",,"R",120,"R",0,"R",120,"R",13,"R",11,"R",28,"R",23,"R",0,"R",120,"R",6,"R",7,"R",34,"R",28
112394,"R",107,"R",0,"R",107,"R",18,"R",17,"R",47,"R",44,"R",0,"R",107,"R",1,"R",0,"R",48,"R",45,"A",,"A",,"A",,"A",,"A",,"A",,"A",,"A",,"A",,"A",,"A",,"A",,"A",
112455,"A",,"A",,"A",,"A",,"A",,"A",,"A",,"A",,"A",,"A",,"A",,"A",,"A",,"R",35,"R",0,"R",35,"R",3,"R",9,"R",17,"R",49,"Z",0,"R",35,"R",0,"Z",0,"R",17,"R",49
112561,"A",,"A",,"A",,"A",,"A",,"A",,"A",,"A",,"A",,"A",,"A",,"A",,"A",,"R",194,"R",0,"R",194,"R",26,"R",13,"R",53,"R",27,"R",0,"R",194,"R",12,"R",13,"R",65,"R",34
112570,"R",77,"R",0,"R",77,"R",31,"R",40,"R",41,"R",53,"R",0,"R",77,"R",0,"R",0,"R",41,"R",53,"A",,"A",,"A",,"A",,"A",,"A",,"A",,"A",,"A",,"A",,"A",,"A",,"A",
112686,"A",,"A",,"A",,"A",,"A",,"A",,"A",,"A",,"A",,"A",,"A",,"A",,"A",,"R",310,"R",0,"R",310,"R",12,"R",4,"R",34,"R",11,"R",0,"R",310,"R",11,"R",19,"R",45,"R",15
112826,"A",,"A",,"A",,"A",,"A",,"A",,"A",,"A",,"A",,"A",,"A",,"A",,"A",,"R",355,"R",0,"R",355,"R",27,"R",8,"R",90,"R",25,"R",0,"R",355,"R",19,"R",33,"R",109,"R",31
113096,"A",,"A",,"A",,"A",,"A",,"A",,"A",,"A",,"A",,"A",,"A",,"A",,"A",,"R",1328,"R",0,"R",1328,"R",184,"R",14,"R",415,"R",31,"R",0,"R",1328,"R",95,"R",142,"R",510,"R",38
113111,"A",,"A",,"A",,"A",,"A",,"A",,"A",,"A",,"A",,"A",,"A",,"A",,"A",,"R",653,"R",0,"R",653,"R",136,"R",21,"R",219,"R",34,"R",0,"R",653,"R",30,"R",66,"R",249,"R",38
113193,"A",,"A",,"A",,"A",,"A",,"A",,"A",,"A",,"A",,"A",,"A",,"A",,"A",,"R",591,"R",0,"R",591,"R",139,"R",24,"R",259,"R",44,"R",0,"R",591,"R",26,"R",29,"R",285,"R",48
113218,"A",,"A",,"A",,"A",,"A",,"A",,"A",,"A",,"A",,"A",,"A",,"A",,"A",,"R",527,"R",0,"R",527,"R",75,"R",14,"R",167,"R",32,"R",0,"R",527,"R",40,"R",50,"R",207,"R",39
113333,"A",,"A",,"A",,"A",,"A",,"A",,"A",,"A",,"A",,"A",,"A",,"A",,"A",,"R",2839,"R",0,"R",2839,"R",1689,"R",59,"R",1891,"R",67,"R",0,"R",2839,"R",73,"R",112,"R",1964,"R",69
113449,"A",,"A",,"A",,"A",,"A",,"A",,"A",,"A",,"A",,"A",,"A",,"A",,"A",,"R",96,"R",0,"R",96,"R",18,"R",19,"R",73,"R",76,"R",0,"R",96,"R",6,"R",1,"R",79,"R",82
113573,"A",,"A",,"A",,"A",,"A",,"A",,"A",,"A",,"A",,"A",,"A",,"A",,"A",,"R",1813,"R",0,"R",1813,"R",263,"R",15,"R",498,"R",27,"R",0,"R",1813,"R",102,"R",168,"R",600,"R",33
113582,"R",6,"R",0,"R",6,"R",2,"R",33,"R",3,"R",50,"Z",0,"R",6,"R",0,"Z",0,"R",3,"R",50,"A",,"A",,"A",,"A",,"A",,"A",,"A",,"A",,"A",,"A",,"A",,"A",,"A",
113634,"A",,"A",,"A",,"A",,"A",,"A",,"A",,"A",,"A",,"A",,"A",,"A",,"A",,"R",1501,"R",0,"R",1501,"R",443,"R",30,"R",698,"R",47,"R",0,"R",1501,"R",100,"R",108,"R",798,"R",53
113698,"R",253,"R",1,"R",252,"R",171,"R",68,"R",195,"R",77,"Z",0,"R",252,"R",0,"Z",0,"R",195,"R",77,"A",,"A",,"A",,"A",,"A",,"A",,"A",,"A",,"A",,"A",,"A",,"A",,"A",
113856,"A",,"A",,"A",,"A",,"A",,"A",,"A",,"A",,"A",,"A",,"A",,"A",,"A",,"R",1896,"R",0,"R",1896,"R",358,"R",19,"R",561,"R",30,"R",0,"R",1896,"R",93,"R",225,"R",654,"R",34
113980,"A",,"A",,"A",,"A",,"A",,"A",,"A",,"A",,"A",,"A",,"A",,"A",,"A",,"R",2410,"R",0,"R",2410,"R",481,"R",20,"R",851,"R",35,"R",0,"R",2410,"R",146,"R",236,"R",997,"R",41
114266,"A",,"A",,"A",,"A",,"A",,"A",,"A",,"A",,"A",,"A",,"A",,"A",,"A",,"R",785,"R",0,"R",785,"R",125,"R",16,"R",275,"R",35,"R",0,"R",785,"R",74,"R",83,"R",349,"R",44
114460,"A",,"A",,"A",,"A",,"A",,"A",,"A",,"A",,"A",,"A",,"A",,"A",,"A",,"R",80,"R",0,"R",80,"R",11,"R",14,"R",63,"R",79,"Z",0,"R",80,"R",0,"Z",0,"R",63,"R",79
114637,"A",,"A",,"A",,"A",,"A",,"A",,"A",,"A",,"A",,"A",,"A",,"A",,"A",,"R",2,"R",0,"R",2,"R",2,"R",100,"R",2,"R",100,"Z",0,"R",2,"R",0,"Z",0,"R",2,"R",100
114761,"A",,"A",,"A",,"A",,"A",,"A",,"A",,"A",,"A",,"A",,"A",,"A",,"A",,"R",16,"R",0,"R",16,"R",1,"R",6,"R",10,"R",63,"R",0,"R",16,"R",1,"R",0,"R",11,"R",69
114789,"A",,"A",,"A",,"A",,"A",,"A",,"A",,"A",,"A",,"A",,"A",,"A",,"A",,"R",2434,"R",0,"R",2434,"R",269,"R",11,"R",589,"R",24,"R",0,"R",2434,"R",141,"R",244,"R",730,"R",30
114813,"R",164,"R",0,"R",164,"R",91,"R",55,"R",111,"R",68,"Z",0,"R",164,"R",5,"R",1,"R",116,"R",71,"A",,"A",,"A",,"A",,"A",,"A",,"A",,"A",,"A",,"A",,"A",,"A",,"A",
114859,"A",,"A",,"A",,"A",,"A",,"A",,"A",,"A",,"A",,"A",,"A",,"A",,"A",,"R",2265,"R",0,"R",2265,"R",344,"R",15,"R",746,"R",33,"R",0,"R",2265,"R",139,"R",202,"R",885,"R",39
114938,"A",,"A",,"A",,"A",,"A",,"A",,"A",,"A",,"A",,"A",,"A",,"A",,"A",,"R",548,"R",0,"R",548,"R",88,"R",16,"R",176,"R",32,"R",0,"R",548,"R",46,"R",62,"R",222,"R",41
114947,"A",,"A",,"A",,"A",,"A",,"A",,"A",,"A",,"A",,"A",,"A",,"A",,"A",,"R",100,"R",0,"R",100,"R",42,"R",42,"R",42,"R",42,"Z",0,"R",100,"R",0,"Z",0,"R",42,"R",42
115001,"A",,"A",,"A",,"A",,"A",,"A",,"A",,"A",,"A",,"A",,"A",,"A",,"A",,"R",1429,"R",0,"R",1429,"R",261,"R",18,"R",445,"R",31,"R",0,"R",1429,"R",80,"R",111,"R",525,"R",37
115126,"A",,"A",,"A",,"A",,"A",,"A",,"A",,"A",,"A",,"A",,"A",,"A",,"A",,"R",1384,"R",0,"R",1384,"R",294,"R",21,"R",579,"R",42,"R",0,"R",1384,"R",74,"R",99,"R",653,"R",47
115296,"A",,"A",,"A",,"A",,"A",,"A",,"A",,"A",,"A",,"A",,"A",,"A",,"A",,"R",1719,"R",0,"R",1719,"R",181,"R",11,"R",488,"R",28,"R",0,"R",1719,"R",109,"R",163,"R",597,"R",35
115357,"A",,"A",,"A",,"A",,"A",,"A",,"A",,"A",,"A",,"A",,"A",,"A",,"A",,"R",39,"R",0,"R",39,"R",7,"R",18,"R",27,"R",69,"Z",0,"R",39,"R",0,"Z",0,"R",27,"R",69
115393,"A",,"A",,"A",,"A",,"A",,"A",,"A",,"A",,"A",,"A",,"A",,"A",,"A",,"R",1025,"R",0,"R",1025,"R",172,"R",17,"R",327,"R",32,"R",0,"R",1025,"R",73,"R",29,"R",400,"R",39
115409,"R",214,"R",0,"R",214,"R",189,"R",88,"R",202,"R",94,"R",0,"R",214,"R",0,"R",0,"R",202,"R",94,"A",,"A",,"A",,"A",,"A",,"A",,"A",,"A",,"A",,"A",,"A",,"A",,"A",
115658,"A",,"A",,"A",,"A",,"A",,"A",,"A",,"A",,"A",,"A",,"A",,"A",,"A",,"R",14,"R",0,"R",14,"R",0,"R",0,"R",7,"R",50,"Z",0,"R",14,"R",0,"Z",0,"R",7,"R",50
115755,"R",1400,"R",0,"R",1400,"R",284,"R",20,"R",665,"R",48,"R",0,"R",1400,"R",39,"R",6,"R",704,"R",50,"A",,"A",,"A",,"A",,"A",,"A",,"A",,"A",,"A",,"A",,"A",,"A",,"A",
115773,"R",2,"R",0,"R",2,"R",2,"R",100,"R",2,"R",100,"Z",0,"R",2,"R",0,"Z",0,"R",2,"R",100,"A",,"A",,"A",,"A",,"A",,"A",,"A",,"A",,"A",,"A",,"A",,"A",,"A",
115861,"A",,"A",,"A",,"A",,"A",,"A",,"A",,"A",,"A",,"A",,"A",,"A",,"A",,"R",1124,"R",0,"R",1124,"R",226,"R",20,"R",419,"R",37,"R",0,"R",1124,"R",83,"R",118,"R",502,"R",45
115931,"A",,"A",,"A",,"A",,"A",,"A",,"A",,"A",,"A",,"A",,"A",,"A",,"A",,"R",315,"R",0,"R",315,"R",182,"R",58,"R",243,"R",77,"R",0,"R",315,"R",5,"R",1,"R",248,"R",79
116226,"R",5,"R",0,"R",5,"R",1,"R",20,"R",3,"R",60,"Z",0,"R",5,"R",0,"Z",0,"R",3,"R",60,"A",,"A",,"A",,"A",,"A",,"A",,"A",,"A",,"A",,"A",,"A",,"A",,"A",
116439,"A",,"A",,"A",,"A",,"A",,"A",,"A",,"A",,"A",,"A",,"A",,"A",,"A",,"R",1640,"R",0,"R",1640,"R",596,"R",36,"R",908,"R",55,"R",0,"R",1640,"R",74,"R",92,"R",982,"R",60
116563,"A",,"A",,"A",,"A",,"A",,"A",,"A",,"A",,"A",,"A",,"A",,"A",,"A",,"R",25,"R",0,"R",25,"R",5,"R",20,"R",17,"R",68,"Z",0,"R",25,"R",0,"Z",0,"R",17,"R",68
116846,"R",8,"R",0,"R",8,"R",4,"R",50,"R",4,"R",50,"Z",0,"R",8,"R",0,"Z",0,"R",4,"R",50,"A",,"A",,"A",,"A",,"A",,"A",,"A",,"A",,"A",,"A",,"A",,"A",,"A",
117052,"A",,"A",,"A",,"A",,"A",,"A",,"A",,"A",,"A",,"A",,"A",,"A",,"A",,"R",952,"R",0,"R",952,"R",190,"R",20,"R",339,"R",36,"R",0,"R",952,"R",28,"R",40,"R",367,"R",39
117104,"R",72,"R",0,"R",72,"R",23,"R",32,"R",34,"R",47,"Z",0,"R",72,"R",2,"R",0,"R",36,"R",50,"A",,"A",,"A",,"A",,"A",,"A",,"A",,"A",,"A",,"A",,"A",,"A",,"A",
117140,"R",722,"R",4,"R",718,"R",429,"R",60,"R",498,"R",69,"R",0,"R",718,"R",12,"R",0,"R",510,"R",71,"A",,"A",,"A",,"A",,"A",,"A",,"A",,"A",,"A",,"A",,"A",,"A",,"A",
117168,"R",81,"R",0,"R",81,"R",38,"R",47,"R",57,"R",70,"Z",0,"R",81,"R",0,"Z",0,"R",57,"R",70,"A",,"A",,"A",,"A",,"A",,"A",,"A",,"A",,"A",,"A",,"A",,"A",,"A",
117195,"A",,"A",,"A",,"A",,"A",,"A",,"A",,"A",,"A",,"A",,"A",,"A",,"A",,"R",95,"R",0,"R",95,"R",21,"R",22,"R",32,"R",34,"R",0,"R",95,"R",4,"R",1,"R",36,"R",38
117238,"A",,"A",,"A",,"A",,"A",,"A",,"A",,"A",,"A",,"A",,"A",,"A",,"A",,"R",55,"R",0,"R",55,"R",15,"R",27,"R",23,"R",42,"Z",0,"R",55,"R",0,"Z",0,"R",23,"R",42
117247,"A",,"A",,"A",,"A",,"A",,"A",,"A",,"A",,"A",,"A",,"A",,"A",,"A",,"R",353,"R",0,"R",353,"R",58,"R",16,"R",95,"R",27,"R",0,"R",353,"R",16,"R",17,"R",111,"R",31
117274,"A",,"A",,"A",,"A",,"A",,"A",,"A",,"A",,"A",,"A",,"A",,"A",,"A",,"R",144,"R",0,"R",144,"R",12,"R",8,"R",34,"R",24,"R",0,"R",144,"R",4,"R",8,"R",38,"R",26
117557,"R",33,"R",0,"R",33,"R",24,"R",73,"R",24,"R",73,"R",0,"R",33,"R",1,"R",0,"R",25,"R",76,"A",,"A",,"A",,"A",,"A",,"A",,"A",,"A",,"A",,"A",,"A",,"A",,"A",
117627,"R",258,"R",0,"R",258,"R",89,"R",34,"R",145,"R",56,"R",2,"R",256,"R",10,"R",2,"R",155,"R",61,"A",,"A",,"A",,"A",,"A",,"A",,"A",,"A",,"A",,"A",,"A",,"A",,"A",
117645,"A",,"A",,"A",,"A",,"A",,"A",,"A",,"A",,"A",,"A",,"A",,"A",,"A",,"R",3016,"R",0,"R",3016,"R",346,"R",11,"R",653,"R",22,"R",0,"R",3016,"R",192,"R",376,"R",845,"R",28
117690,"A",,"A",,"A",,"A",,"A",,"A",,"A",,"A",,"A",,"A",,"A",,"A",,"A",,"R",675,"R",0,"R",675,"R",108,"R",16,"R",204,"R",30,"R",0,"R",675,"R",25,"R",50,"R",229,"R",34
117706,"A",,"A",,"A",,"A",,"A",,"A",,"A",,"A",,"A",,"A",,"A",,"A",,"A",,"R",1568,"R",0,"R",1568,"R",332,"R",21,"R",576,"R",37,"R",0,"R",1568,"R",97,"R",117,"R",673,"R",43
117715,"A",,"A",,"A",,"A",,"A",,"A",,"A",,"A",,"A",,"A",,"A",,"A",,"A",,"R",343,"R",0,"R",343,"R",39,"R",11,"R",65,"R",19,"R",0,"R",343,"R",9,"R",22,"R",74,"R",22
117724,"A",,"A",,"A",,"A",,"A",,"A",,"A",,"A",,"A",,"A",,"A",,"A",,"A",,"R",579,"R",0,"R",579,"R",64,"R",11,"R",140,"R",24,"R",0,"R",579,"R",31,"R",32,"R",171,"R",30
117733,"A",,"A",,"A",,"A",,"A",,"A",,"A",,"A",,"A",,"A",,"A",,"A",,"A",,"R",1012,"R",0,"R",1012,"R",183,"R",18,"R",325,"R",32,"R",0,"R",1012,"R",59,"R",116,"R",384,"R",38
117751,"R",201,"R",0,"R",201,"R",133,"R",66,"R",144,"R",72,"R",0,"R",201,"R",5,"R",3,"R",149,"R",74,"A",,"A",,"A",,"A",,"A",,"A",,"A",,"A",,"A",,"A",,"A",,"A",,"A",
117788,"A",,"A",,"A",,"A",,"A",,"A",,"A",,"A",,"A",,"A",,"A",,"A",,"A",,"R",703,"R",0,"R",703,"R",75,"R",11,"R",166,"R",24,"R",0,"R",703,"R",28,"R",73,"R",194,"R",28
117867,"A",,"A",,"A",,"A",,"A",,"A",,"A",,"A",,"A",,"A",,"A",,"A",,"A",,"R",633,"R",0,"R",633,"R",70,"R",11,"R",149,"R",24,"R",0,"R",633,"R",24,"R",48,"R",173,"R",27
117894,"A",,"A",,"A",,"A",,"A",,"A",,"A",,"A",,"A",,"A",,"A",,"A",,"A",,"R",896,"R",0,"R",896,"R",153,"R",17,"R",344,"R",38,"R",0,"R",896,"R",59,"R",75,"R",403,"R",45
117946,"R",1354,"R",2,"R",1352,"R",967,"R",72,"R",1065,"R",79,"R",1,"R",1351,"R",5,"R",0,"R",1070,"R",79,"A",,"A",,"A",,"A",,"A",,"A",,"A",,"A",,"A",,"A",,"A",,"A",,"A",
117955,"A",,"A",,"A",,"A",,"A",,"A",,"A",,"A",,"A",,"A",,"A",,"A",,"A",,"R",41,"R",0,"R",41,"R",13,"R",32,"R",25,"R",61,"Z",0,"R",41,"R",0,"Z",0,"R",25,"R",61
118134,"A",,"A",,"A",,"A",,"A",,"A",,"A",,"A",,"A",,"A",,"A",,"A",,"A",,"R",22,"R",0,"R",22,"R",1,"R",5,"R",7,"R",32,"Z",0,"R",22,"R",0,"Z",0,"R",7,"R",32
118143,"A",,"A",,"A",,"A",,"A",,"A",,"A",,"A",,"A",,"A",,"A",,"A",,"A",,"R",5,"R",0,"R",5,"R",3,"R",60,"R",3,"R",60,"Z",0,"R",5,"R",0,"Z",0,"R",3,"R",60
118161,"A",,"A",,"A",,"A",,"A",,"A",,"A",,"A",,"A",,"A",,"A",,"A",,"A",,"R",26,"R",0,"R",26,"R",3,"R",12,"R",19,"R",73,"Z",0,"R",26,"R",0,"Z",0,"R",19,"R",73
118198,"A",,"A",,"A",,"A",,"A",,"A",,"A",,"A",,"A",,"A",,"A",,"A",,"A",,"R",238,"R",0,"R",238,"R",99,"R",42,"R",147,"R",62,"Z",0,"R",238,"R",16,"Z",0,"R",163,"R",68
118347,"A",,"A",,"A",,"A",,"A",,"A",,"A",,"A",,"A",,"A",,"A",,"A",,"A",,"R",278,"R",0,"R",278,"R",38,"R",14,"R",91,"R",33,"R",0,"R",278,"R",15,"R",34,"R",106,"R",38
118684,"A",,"A",,"A",,"A",,"A",,"A",,"A",,"A",,"A",,"A",,"A",,"A",,"A",,"R",124,"R",0,"R",124,"R",20,"R",16,"R",38,"R",31,"R",0,"R",124,"R",5,"R",6,"R",43,"R",35
118693,"R",151,"R",0,"R",151,"R",72,"R",48,"R",83,"R",55,"Z",0,"R",151,"R",0,"Z",0,"R",83,"R",55,"A",,"A",,"A",,"A",,"A",,"A",,"A",,"A",,"A",,"A",,"A",,"A",,"A",
118718,"A",,"A",,"A",,"A",,"A",,"A",,"A",,"A",,"A",,"A",,"A",,"A",,"A",,"R",1425,"R",0,"R",1425,"R",226,"R",16,"R",416,"R",29,"R",0,"R",1425,"R",82,"R",133,"R",498,"R",35
118772,"A",,"A",,"A",,"A",,"A",,"A",,"A",,"A",,"A",,"A",,"A",,"A",,"A",,"R",232,"R",0,"R",232,"R",31,"R",13,"R",48,"R",21,"R",0,"R",232,"R",11,"R",19,"R",59,"R",25
118930,"A",,"A",,"A",,"A",,"A",,"A",,"A",,"A",,"A",,"A",,"A",,"A",,"A",,"R",381,"R",0,"R",381,"R",61,"R",16,"R",131,"R",34,"R",0,"R",381,"R",45,"R",31,"R",176,"R",46
118958,"A",,"A",,"A",,"A",,"A",,"A",,"A",,"A",,"A",,"A",,"A",,"A",,"A",,"R",5,"R",0,"R",5,"R",0,"R",0,"R",3,"R",60,"Z",0,"R",5,"R",0,"Z",0,"R",3,"R",60
118994,"A",,"A",,"A",,"A",,"A",,"A",,"A",,"A",,"A",,"A",,"A",,"A",,"A",,"R",52,"R",0,"R",52,"R",4,"R",8,"R",18,"R",35,"Z",0,"R",52,"R",0,"Z",0,"R",18,"R",35
119067,"A",,"A",,"A",,"A",,"A",,"A",,"A",,"A",,"A",,"A",,"A",,"A",,"A",,"R",598,"R",0,"R",598,"R",80,"R",13,"R",160,"R",27,"R",0,"R",598,"R",53,"R",58,"R",213,"R",36
119137,"A",,"A",,"A",,"A",,"A",,"A",,"A",,"A",,"A",,"A",,"A",,"A",,"A",,"R",1596,"R",0,"R",1596,"R",357,"R",22,"R",662,"R",41,"R",0,"R",1596,"R",101,"R",126,"R",763,"R",48
119164,"A",,"A",,"A",,"A",,"A",,"A",,"A",,"A",,"A",,"A",,"A",,"A",,"A",,"R",2870,"R",0,"R",2870,"R",617,"R",21,"R",1142,"R",40,"R",0,"R",2870,"R",201,"R",350,"R",1343,"R",47
119173,"R",291,"R",0,"R",291,"R",136,"R",47,"R",179,"R",62,"R",0,"R",291,"R",7,"R",1,"R",186,"R",64,"A",,"A",,"A",,"A",,"A",,"A",,"A",,"A",,"A",,"A",,"A",,"A",,"A",
119216,"A",,"A",,"A",,"A",,"A",,"A",,"A",,"A",,"A",,"A",,"A",,"A",,"A",,"R",1557,"R",0,"R",1557,"R",263,"R",17,"R",504,"R",32,"R",0,"R",1557,"R",93,"R",137,"R",597,"R",38
119270,"R",19,"R",0,"R",19,"R",10,"R",53,"R",11,"R",58,"R",0,"R",19,"R",1,"R",0,"R",12,"R",63,"A",,"A",,"A",,"A",,"A",,"A",,"A",,"A",,"A",,"A",,"A",,"A",,"A",
119331,"A",,"A",,"A",,"A",,"A",,"A",,"A",,"A",,"A",,"A",,"A",,"A",,"A",,"R",630,"R",0,"R",630,"R",82,"R",13,"R",199,"R",32,"R",0,"R",630,"R",51,"R",60,"R",250,"R",40
119553,"A",,"A",,"A",,"A",,"A",,"A",,"A",,"A",,"A",,"A",,"A",,"A",,"A",,"R",489,"R",0,"R",489,"R",374,"R",76,"R",379,"R",78,"Z",0,"R",489,"R",0,"Z",0,"R",379,"R",78
119605,"R",28,"R",0,"R",28,"R",3,"R",11,"R",12,"R",43,"R",0,"R",28,"R",1,"R",0,"R",13,"R",46,"A",,"A",,"A",,"A",,"A",,"A",,"A",,"A",,"A",,"A",,"A",,"A",,"A",
119775,"R",54,"R",0,"R",54,"R",14,"R",26,"R",29,"R",54,"R",0,"R",54,"R",1,"R",0,"R",30,"R",56,"A",,"A",,"A",,"A",,"A",,"A",,"A",,"A",,"A",,"A",,"A",,"A",,"A",
119951,"A",,"A",,"A",,"A",,"A",,"A",,"A",,"A",,"A",,"A",,"A",,"A",,"A",,"R",152,"R",0,"R",152,"R",7,"R",5,"R",83,"R",55,"R",0,"R",152,"R",0,"R",0,"R",83,"R",55
120069,"A",,"A",,"A",,"A",,"A",,"A",,"A",,"A",,"A",,"A",,"A",,"A",,"A",,"R",184,"R",0,"R",184,"R",19,"R",10,"R",112,"R",61,"Z",0,"R",184,"R",0,"Z",0,"R",112,"R",61
120078,"A",,"A",,"A",,"A",,"A",,"A",,"A",,"A",,"A",,"A",,"A",,"A",,"A",,"R",223,"R",0,"R",223,"R",40,"R",18,"R",137,"R",61,"Z",0,"R",223,"R",0,"Z",0,"R",137,"R",61
120087,"A",,"A",,"A",,"A",,"A",,"A",,"A",,"A",,"A",,"A",,"A",,"A",,"A",,"R",97,"R",0,"R",97,"R",16,"R",16,"R",55,"R",57,"Z",0,"R",97,"R",0,"Z",0,"R",55,"R",57
120166,"R",15,"R",0,"R",15,"R",3,"R",20,"R",4,"R",27,"Z",0,"R",15,"R",0,"Z",0,"R",4,"R",27,"A",,"A",,"A",,"A",,"A",,"A",,"A",,"A",,"A",,"A",,"A",,"A",,"A",
120184,"R",171,"R",0,"R",171,"R",70,"R",41,"R",92,"R",54,"R",0,"R",171,"R",2,"R",0,"R",94,"R",55,"A",,"A",,"A",,"A",,"A",,"A",,"A",,"A",,"A",,"A",,"A",,"A",,"A",
120254,"R",515,"R",0,"R",515,"R",409,"R",79,"R",427,"R",83,"R",0,"R",515,"R",0,"R",0,"R",427,"R",83,"A",,"A",,"A",,"A",,"A",,"A",,"A",,"A",,"A",,"A",,"A",,"A",,"A",
120290,"A",,"A",,"A",,"A",,"A",,"A",,"A",,"A",,"A",,"A",,"A",,"A",,"A",,"R",781,"R",0,"R",781,"R",260,"R",33,"R",431,"R",55,"R",0,"R",781,"R",42,"R",52,"R",473,"R",61
120342,"A",,"A",,"A",,"A",,"A",,"A",,"A",,"A",,"A",,"A",,"A",,"A",,"A",,"R",2389,"R",0,"R",2389,"R",522,"R",22,"R",1077,"R",45,"R",0,"R",2389,"R",176,"R",145,"R",1253,"R",52
120403,"R",191,"R",0,"R",191,"R",113,"R",59,"R",131,"R",69,"Z",0,"R",191,"R",0,"Z",0,"R",131,"R",69,"A",,"A",,"A",,"A",,"A",,"A",,"A",,"A",,"A",,"A",,"A",,"A",,"A",
120421,"A",,"A",,"A",,"A",,"A",,"A",,"A",,"A",,"A",,"A",,"A",,"A",,"A",,"R",710,"R",0,"R",710,"R",121,"R",17,"R",229,"R",32,"R",0,"R",710,"R",35,"R",67,"R",264,"R",37
120537,"R",112,"R",0,"R",112,"R",27,"R",24,"R",47,"R",42,"R",0,"R",112,"R",3,"R",0,"R",50,"R",45,"A",,"A",,"A",,"A",,"A",,"A",,"A",,"A",,"A",,"A",,"A",,"A",,"A",
120661,"A",,"A",,"A",,"A",,"A",,"A",,"A",,"A",,"A",,"A",,"A",,"A",,"A",,"R",540,"R",0,"R",540,"R",142,"R",26,"R",333,"R",62,"Z",0,"R",540,"R",0,"Z",0,"R",333,"R",62
120838,"R",3,"R",0,"R",3,"R",0,"R",0,"R",0,"R",0,"Z",0,"R",3,"R",0,"Z",0,"R",0,"R",0,"A",,"A",,"A",,"A",,"A",,"A",,"A",,"A",,"A",,"A",,"A",,"A",,"A",
120865,"R",171,"R",0,"R",171,"R",42,"R",25,"R",68,"R",40,"R",0,"R",171,"R",6,"R",0,"R",74,"R",43,"A",,"A",,"A",,"A",,"A",,"A",,"A",,"A",,"A",,"A",,"A",,"A",,"A",
120883,"R",934,"R",0,"R",934,"R",407,"R",44,"R",615,"R",66,"R",0,"R",934,"R",37,"R",2,"R",652,"R",70,"A",,"A",,"A",,"A",,"A",,"A",,"A",,"A",,"A",,"A",,"A",,"A",,"A",
120953,"A",,"A",,"A",,"A",,"A",,"A",,"A",,"A",,"A",,"A",,"A",,"A",,"A",,"R",80,"R",0,"R",80,"R",13,"R",16,"R",24,"R",30,"R",0,"R",80,"R",1,"R",5,"R",25,"R",31
120971,"A",,"A",,"A",,"A",,"A",,"A",,"A",,"A",,"A",,"A",,"A",,"A",,"A",,"R",2423,"R",0,"R",2423,"R",360,"R",15,"R",750,"R",31,"R",0,"R",2423,"R",139,"R",180,"R",889,"R",37
121044,"A",,"A",,"A",,"A",,"A",,"A",,"A",,"A",,"A",,"A",,"A",,"A",,"A",,"R",3357,"R",0,"R",3357,"R",921,"R",27,"R",1381,"R",41,"R",0,"R",3357,"R",190,"R",322,"R",1571,"R",47
121150,"R",745,"R",0,"R",745,"R",540,"R",72,"R",618,"R",83,"R",0,"R",745,"R",7,"R",1,"R",625,"R",84,"A",,"A",,"A",,"A",,"A",,"A",,"A",,"A",,"A",,"A",,"A",,"A",,"A",
121257,"R",267,"R",0,"R",267,"R",215,"R",81,"R",236,"R",88,"R",0,"R",267,"R",2,"R",0,"R",238,"R",89,"A",,"A",,"A",,"A",,"A",,"A",,"A",,"A",,"A",,"A",,"A",,"A",,"A",
121309,"R",599,"R",1,"R",598,"R",391,"R",65,"R",435,"R",73,"R",0,"R",598,"R",6,"R",0,"R",441,"R",74,"A",,"A",,"A",,"A",,"A",,"A",,"A",,"A",,"A",,"A",,"A",,"A",,"A",
121345,"R",400,"R",1,"R",399,"R",345,"R",86,"R",371,"R",93,"Z",0,"R",399,"R",2,"R",0,"R",373,"R",93,"A",,"A",,"A",,"A",,"A",,"A",,"A",,"A",,"A",,"A",,"A",,"A",,"A",
121363,"A",,"A",,"A",,"A",,"A",,"A",,"A",,"A",,"A",,"A",,"A",,"A",,"A",,"R",519,"R",0,"R",519,"R",75,"R",14,"R",138,"R",27,"R",0,"R",519,"R",31,"R",24,"R",169,"R",33
121433,"A",,"A",,"A",,"A",,"A",,"A",,"A",,"A",,"A",,"A",,"A",,"A",,"A",,"R",41,"R",0,"R",41,"R",5,"R",12,"R",18,"R",44,"R",0,"R",41,"R",0,"R",0,"R",18,"R",44
121637,"A",,"A",,"A",,"A",,"A",,"A",,"A",,"A",,"A",,"A",,"A",,"A",,"A",,"R",25,"R",0,"R",25,"R",3,"R",12,"R",18,"R",72,"Z",0,"R",25,"R",0,"Z",0,"R",18,"R",72
121691,"R",523,"R",0,"R",523,"R",306,"R",59,"R",363,"R",69,"R",0,"R",523,"R",8,"R",0,"R",371,"R",71,"A",,"A",,"A",,"A",,"A",,"A",,"A",,"A",,"A",,"A",,"A",,"A",,"A",
121707,"A",,"A",,"A",,"A",,"A",,"A",,"A",,"A",,"A",,"A",,"A",,"A",,"A",,"R",432,"R",0,"R",432,"R",54,"R",13,"R",106,"R",25,"R",0,"R",432,"R",17,"R",31,"R",123,"R",28
121859,"A",,"A",,"A",,"A",,"A",,"A",,"A",,"A",,"A",,"A",,"A",,"A",,"A",,"R",78,"R",0,"R",78,"R",15,"R",19,"R",47,"R",60,"Z",0,"R",78,"R",0,"Z",0,"R",47,"R",60
121868,"A",,"A",,"A",,"A",,"A",,"A",,"A",,"A",,"A",,"A",,"A",,"A",,"A",,"R",55,"R",0,"R",55,"R",17,"R",31,"R",44,"R",80,"Z",0,"R",55,"R",0,"Z",0,"R",44,"R",80
121901,"A",,"A",,"A",,"A",,"A",,"A",,"A",,"A",,"A",,"A",,"A",,"A",,"A",,"R",2463,"R",0,"R",2463,"R",486,"R",20,"R",801,"R",33,"R",0,"R",2463,"R",144,"R",192,"R",945,"R",38
122180,"A",,"A",,"A",,"A",,"A",,"A",,"A",,"A",,"A",,"A",,"A",,"A",,"A",,"R",1442,"R",0,"R",1442,"R",147,"R",10,"R",377,"R",26,"R",0,"R",1442,"R",79,"R",156,"R",456,"R",32
122205,"A",,"A",,"A",,"A",,"A",,"A",,"A",,"A",,"A",,"A",,"A",,"A",,"A",,"R",1232,"R",0,"R",1232,"R",325,"R",26,"R",569,"R",46,"R",0,"R",1232,"R",69,"R",91,"R",638,"R",52
122339,"A",,"A",,"A",,"A",,"A",,"A",,"A",,"A",,"A",,"A",,"A",,"A",,"A",,"R",764,"R",0,"R",764,"R",77,"R",10,"R",180,"R",24,"R",0,"R",764,"R",47,"R",62,"R",227,"R",30
122384,"A",,"A",,"A",,"A",,"A",,"A",,"A",,"A",,"A",,"A",,"A",,"A",,"A",,"R",804,"R",0,"R",804,"R",191,"R",24,"R",322,"R",40,"R",0,"R",804,"R",56,"R",49,"R",378,"R",47
122409,"R",4955,"R",0,"R",4955,"R",2388,"R",48,"R",3773,"R",76,"R",0,"R",4955,"R",62,"R",3,"R",3835,"R",77,"A",,"A",,"A",,"A",,"A",,"A",,"A",,"A",,"A",,"A",,"A",,"A",,"A",
122436,"R",1103,"R",2,"R",1101,"R",734,"R",67,"R",881,"R",80,"Z",0,"R",1101,"R",4,"R",1,"R",885,"R",80,"A",,"A",,"A",,"A",,"A",,"A",,"A",,"A",,"A",,"A",,"A",,"A",,"A",
122506,"R",34,"R",0,"R",34,"R",21,"R",62,"R",24,"R",71,"R",0,"R",34,"R",1,"R",1,"R",25,"R",74,"A",,"A",,"A",,"A",,"A",,"A",,"A",,"A",,"A",,"A",,"A",,"A",,"A",
122597,"R",4081,"R",0,"R",4081,"R",982,"R",24,"R",2192,"R",54,"R",0,"R",4081,"R",105,"R",48,"R",2297,"R",56,"A",,"A",,"A",,"A",,"A",,"A",,"A",,"A",,"A",,"A",,"A",,"A",,"A",
122612,"R",1265,"R",2,"R",1263,"R",854,"R",68,"R",955,"R",76,"R",0,"R",1263,"R",2,"R",1,"R",957,"R",76,"A",,"A",,"A",,"A",,"A",,"A",,"A",,"A",,"A",,"A",,"A",,"A",,"A",
122658,"A",,"A",,"A",,"A",,"A",,"A",,"A",,"A",,"A",,"A",,"A",,"A",,"A",,"R",2398,"R",0,"R",2398,"R",365,"R",15,"R",703,"R",29,"R",0,"R",2398,"R",127,"R",253,"R",830,"R",35
122694,"A",,"A",,"A",,"A",,"A",,"A",,"A",,"A",,"A",,"A",,"A",,"A",,"A",,"R",309,"R",0,"R",309,"R",75,"R",24,"R",134,"R",43,"R",0,"R",309,"R",17,"R",26,"R",151,"R",49
122728,"R",145,"R",0,"R",145,"R",71,"R",49,"R",87,"R",60,"R",0,"R",145,"R",3,"R",0,"R",90,"R",62,"A",,"A",,"A",,"A",,"A",,"A",,"A",,"A",,"A",,"A",,"A",,"A",,"A",
122746,"A",,"A",,"A",,"A",,"A",,"A",,"A",,"A",,"A",,"A",,"A",,"A",,"A",,"R",551,"R",0,"R",551,"R",101,"R",18,"R",185,"R",34,"R",0,"R",551,"R",27,"R",37,"R",212,"R",38
122755,"R",3329,"R",0,"R",3329,"R",839,"R",25,"R",2290,"R",69,"R",0,"R",3329,"R",124,"R",45,"R",2414,"R",73,"A",,"A",,"A",,"A",,"A",,"A",,"A",,"A",,"A",,"A",,"A",,"A",,"A",
122791,"A",,"A",,"A",,"A",,"A",,"A",,"A",,"A",,"A",,"A",,"A",,"A",,"A",,"R",786,"R",0,"R",786,"R",231,"R",29,"R",370,"R",47,"R",0,"R",786,"R",45,"R",64,"R",415,"R",53
122889,"A",,"A",,"A",,"A",,"A",,"A",,"A",,"A",,"A",,"A",,"A",,"A",,"A",,"R",1587,"R",0,"R",1587,"R",403,"R",25,"R",630,"R",40,"R",0,"R",1587,"R",47,"R",71,"R",677,"R",43
122931,"R",1260,"R",0,"R",1260,"R",1071,"R",85,"R",1145,"R",91,"R",0,"R",1260,"R",6,"R",1,"R",1151,"R",91,"A",,"A",,"A",,"A",,"A",,"A",,"A",,"A",,"A",,"A",,"A",,"A",,"A",
123013,"A",,"A",,"A",,"A",,"A",,"A",,"A",,"A",,"A",,"A",,"A",,"A",,"A",,"R",951,"R",0,"R",951,"R",133,"R",14,"R",292,"R",31,"R",0,"R",951,"R",60,"R",109,"R",352,"R",37
123165,"R",277,"R",0,"R",277,"R",212,"R",77,"R",228,"R",82,"Z",0,"R",277,"R",1,"Z",0,"R",229,"R",83,"A",,"A",,"A",,"A",,"A",,"A",,"A",,"A",,"A",,"A",,"A",,"A",,"A",
123217,"A",,"A",,"A",,"A",,"A",,"A",,"A",,"A",,"A",,"A",,"A",,"A",,"A",,"R",1705,"R",0,"R",1705,"R",266,"R",16,"R",530,"R",31,"R",0,"R",1705,"R",94,"R",160,"R",624,"R",37
123280,"R",4,"R",0,"R",4,"Z",0,"R",0,"Z",0,"R",0,"Z",0,"R",4,"R",0,"R",0,"R",0,"R",0,"A",,"A",,"A",,"A",,"A",,"A",,"A",,"A",,"A",,"A",,"A",,"A",,"A",
123341,"A",,"A",,"A",,"A",,"A",,"A",,"A",,"A",,"A",,"A",,"A",,"A",,"A",,"R",2074,"R",0,"R",2074,"R",346,"R",17,"R",697,"R",34,"R",0,"R",2074,"R",129,"R",164,"R",826,"R",40
123350,"A",,"A",,"A",,"A",,"A",,"A",,"A",,"A",,"A",,"A",,"A",,"A",,"A",,"R",93,"R",0,"R",93,"R",1,"R",1,"R",72,"R",77,"Z",0,"R",93,"R",0,"Z",0,"R",72,"R",77
123457,"R",88,"R",0,"R",88,"R",41,"R",47,"R",45,"R",51,"Z",0,"R",88,"R",0,"Z",0,"R",45,"R",51,"A",,"A",,"A",,"A",,"A",,"A",,"A",,"A",,"A",,"A",,"A",,"A",,"A",
123484,"A",,"A",,"A",,"A",,"A",,"A",,"A",,"A",,"A",,"A",,"A",,"A",,"A",,"R",191,"R",0,"R",191,"R",28,"R",15,"R",48,"R",25,"R",0,"R",191,"R",8,"R",6,"R",56,"R",29
123493,"A",,"A",,"A",,"A",,"A",,"A",,"A",,"A",,"A",,"A",,"A",,"A",,"A",,"R",242,"R",0,"R",242,"R",117,"R",48,"R",117,"R",48,"R",0,"R",242,"R",1,"R",0,"R",118,"R",49
123527,"A",,"A",,"A",,"A",,"A",,"A",,"A",,"A",,"A",,"A",,"A",,"A",,"A",,"R",1586,"R",0,"R",1586,"R",173,"R",11,"R",312,"R",20,"R",0,"R",1586,"R",68,"R",149,"R",380,"R",24
123554,"R",650,"R",0,"R",650,"R",399,"R",61,"R",475,"R",73,"R",0,"R",650,"R",7,"R",1,"R",482,"R",74,"A",,"A",,"A",,"A",,"A",,"A",,"A",,"A",,"A",,"A",,"A",,"A",,"A",
123572,"R",1866,"R",0,"R",1866,"R",767,"R",41,"R",1118,"R",60,"R",0,"R",1866,"R",30,"R",11,"R",1148,"R",62,"A",,"A",,"A",,"A",,"A",,"A",,"A",,"A",,"A",,"A",,"A",,"A",,"A",
123642,"A",,"A",,"A",,"A",,"A",,"A",,"A",,"A",,"A",,"A",,"A",,"A",,"A",,"R",10,"R",0,"R",10,"R",2,"R",20,"R",2,"R",20,"R",0,"R",10,"R",1,"R",0,"R",3,"R",30
123651,"R",371,"R",0,"R",371,"R",206,"R",56,"R",228,"R",61,"R",1,"R",370,"R",4,"R",1,"R",232,"R",63,"A",,"A",,"A",,"A",,"A",,"A",,"A",,"A",,"A",,"A",,"A",,"A",,"A",
123679,"A",,"A",,"A",,"A",,"A",,"A",,"A",,"A",,"A",,"A",,"A",,"A",,"A",,"R",327,"R",0,"R",327,"R",142,"R",43,"R",247,"R",76,"Z",0,"R",327,"R",0,"Z",0,"R",247,"R",76
123800,"A",,"A",,"A",,"A",,"A",,"A",,"A",,"A",,"A",,"A",,"A",,"A",,"A",,"R",2128,"R",0,"R",2128,"R",282,"R",13,"R",666,"R",31,"R",0,"R",2128,"R",144,"R",268,"R",810,"R",38
123952,"R",28,"R",0,"R",28,"R",0,"R",0,"R",21,"R",75,"R",0,"R",28,"R",0,"R",0,"R",21,"R",75,"A",,"A",,"A",,"A",,"A",,"A",,"A",,"A",,"A",,"A",,"A",,"A",,"A",
123961,"R",2946,"R",12,"R",2934,"R",2319,"R",79,"R",2703,"R",92,"R",0,"R",2934,"R",20,"R",6,"R",2723,"R",93,"A",,"A",,"A",,"A",,"A",,"A",,"A",,"A",,"A",,"A",,"A",,"A",,"A",
124113,"A",,"A",,"A",,"A",,"A",,"A",,"A",,"A",,"A",,"A",,"A",,"A",,"A",,"R",399,"R",0,"R",399,"R",72,"R",18,"R",134,"R",34,"R",0,"R",399,"R",19,"R",28,"R",153,"R",38
124292,"R",79,"R",1,"R",78,"R",60,"R",77,"R",67,"R",86,"R",0,"R",78,"R",1,"R",0,"R",68,"R",87,"A",,"A",,"A",,"A",,"A",,"A",,"A",,"A",,"A",,"A",,"A",,"A",,"A",
124487,"R",2,"R",0,"R",2,"Z",0,"R",0,"R",1,"R",50,"R",0,"R",2,"R",0,"R",0,"R",1,"R",50,"A",,"A",,"A",,"A",,"A",,"A",,"A",,"A",,"A",,"A",,"A",,"A",,"A",
124681,"A",,"A",,"A",,"A",,"A",,"A",,"A",,"A",,"A",,"A",,"A",,"A",,"A",,"R",705,"R",0,"R",705,"R",126,"R",18,"R",438,"R",62,"R",0,"R",705,"R",25,"R",0,"R",463,"R",66
124706,"A",,"A",,"A",,"A",,"A",,"A",,"A",,"A",,"A",,"A",,"A",,"A",,"A",,"R",569,"R",0,"R",569,"R",153,"R",27,"R",324,"R",57,"Z",0,"R",569,"R",0,"Z",0,"R",324,"R",57
124937,"A",,"A",,"A",,"A",,"A",,"A",,"A",,"A",,"A",,"A",,"A",,"A",,"A",,"R",424,"R",1,"R",423,"R",152,"R",36,"R",276,"R",65,"Z",0,"R",423,"R",0,"Z",0,"R",276,"R",65
125028,"A",,"A",,"A",,"A",,"A",,"A",,"A",,"A",,"A",,"A",,"A",,"A",,"A",,"R",1264,"R",0,"R",1264,"R",283,"R",22,"R",497,"R",39,"R",0,"R",1264,"R",78,"R",110,"R",575,"R",45
125082,"A",,"A",,"A",,"A",,"A",,"A",,"A",,"A",,"A",,"A",,"A",,"A",,"A",,"R",15,"R",0,"R",15,"R",0,"R",0,"R",7,"R",47,"Z",0,"R",15,"R",0,"Z",0,"R",7,"R",47
125091,"A",,"A",,"A",,"A",,"A",,"A",,"A",,"A",,"A",,"A",,"A",,"A",,"A",,"R",1017,"R",0,"R",1017,"R",114,"R",11,"R",243,"R",24,"R",0,"R",1017,"R",56,"R",112,"R",299,"R",29
125170,"A",,"A",,"A",,"A",,"A",,"A",,"A",,"A",,"A",,"A",,"A",,"A",,"A",,"R",329,"R",0,"R",329,"R",78,"R",24,"R",137,"R",42,"R",0,"R",329,"R",14,"R",14,"R",151,"R",46
125310,"A",,"A",,"A",,"A",,"A",,"A",,"A",,"A",,"A",,"A",,"A",,"A",,"A",,"R",5,"R",0,"R",5,"R",0,"R",0,"R",2,"R",40,"Z",0,"R",5,"R",0,"Z",0,"R",2,"R",40
125462,"A",,"A",,"A",,"A",,"A",,"A",,"A",,"A",,"A",,"A",,"A",,"A",,"A",,"R",193,"R",0,"R",193,"R",32,"R",17,"R",57,"R",30,"R",0,"R",193,"R",9,"R",7,"R",66,"R",34
125499,"A",,"A",,"A",,"A",,"A",,"A",,"A",,"A",,"A",,"A",,"A",,"A",,"A",,"R",782,"R",0,"R",782,"R",204,"R",26,"R",354,"R",45,"R",0,"R",782,"R",59,"R",79,"R",413,"R",53
125727,"R",339,"R",0,"R",339,"R",233,"R",69,"R",249,"R",73,"Z",0,"R",339,"R",0,"Z",0,"R",249,"R",73,"A",,"A",,"A",,"A",,"A",,"A",,"A",,"A",,"A",,"A",,"A",,"A",,"A",
125763,"R",442,"R",0,"R",442,"R",265,"R",60,"R",285,"R",64,"R",0,"R",442,"R",7,"R",1,"R",292,"R",66,"A",,"A",,"A",,"A",,"A",,"A",,"A",,"A",,"A",,"A",,"A",,"A",,"A",
125897,"R",115,"R",0,"R",115,"R",37,"R",32,"R",68,"R",59,"R",0,"R",115,"R",2,"R",0,"R",70,"R",61,"A",,"A",,"A",,"A",,"A",,"A",,"A",,"A",,"A",,"A",,"A",,"A",,"A",
126076,"R",59,"R",0,"R",59,"R",14,"R",24,"R",15,"R",25,"Z",0,"R",59,"R",0,"Z",0,"R",15,"R",25,"A",,"A",,"A",,"A",,"A",,"A",,"A",,"A",,"A",,"A",,"A",,"A",,"A",
126119,"A",,"A",,"A",,"A",,"A",,"A",,"A",,"A",,"A",,"A",,"A",,"A",,"A",,"R",475,"R",0,"R",475,"R",42,"R",9,"R",138,"R",29,"R",0,"R",475,"R",25,"R",40,"R",163,"R",34
126182,"R",365,"R",1,"R",364,"R",73,"R",20,"R",121,"R",33,"R",1,"R",363,"R",11,"R",6,"R",132,"R",36,"A",,"A",,"A",,"A",,"A",,"A",,"A",,"A",,"A",,"A",,"A",,"A",,"A",
126359,"A",,"A",,"A",,"A",,"A",,"A",,"A",,"A",,"A",,"A",,"A",,"A",,"A",,"R",48,"R",0,"R",48,"R",28,"R",58,"R",28,"R",58,"R",0,"R",48,"R",0,"R",4,"R",28,"R",58
126562,"R",1278,"R",0,"R",1278,"R",313,"R",24,"R",614,"R",48,"R",0,"R",1278,"R",34,"R",19,"R",648,"R",51,"A",,"A",,"A",,"A",,"A",,"A",,"A",,"A",,"A",,"A",,"A",,"A",,"A",
126580,"R",1581,"R",2,"R",1579,"R",365,"R",23,"R",697,"R",44,"R",0,"R",1579,"R",33,"R",32,"R",730,"R",46,"A",,"A",,"A",,"A",,"A",,"A",,"A",,"A",,"A",,"A",,"A",,"A",,"A",
126605,"A",,"A",,"A",,"A",,"A",,"A",,"A",,"A",,"A",,"A",,"A",,"A",,"A",,"R",165,"R",1,"R",164,"R",88,"R",54,"R",122,"R",74,"Z",0,"R",164,"R",0,"Z",0,"R",122,"R",74
126614,"R",6179,"R",16,"R",6163,"R",3270,"R",53,"R",4563,"R",74,"R",2,"R",6161,"R",77,"R",18,"R",4640,"R",75,"A",,"A",,"A",,"A",,"A",,"A",,"A",,"A",,"A",,"A",,"A",,"A",,"A",
126669,"R",351,"R",1,"R",350,"R",165,"R",47,"R",204,"R",58,"R",0,"R",350,"R",1,"R",1,"R",205,"R",59,"A",,"A",,"A",,"A",,"A",,"A",,"A",,"A",,"A",,"A",,"A",,"A",,"A",
126678,"R",583,"R",1,"R",582,"R",479,"R",82,"R",499,"R",86,"R",0,"R",582,"R",0,"R",1,"R",499,"R",86,"A",,"A",,"A",,"A",,"A",,"A",,"A",,"A",,"A",,"A",,"A",,"A",,"A",
126711,"R",35,"R",0,"R",35,"R",5,"R",14,"R",5,"R",14,"Z",0,"R",35,"R",1,"R",0,"R",6,"R",17,"A",,"A",,"A",,"A",,"A",,"A",,"A",,"A",,"A",,"A",,"A",,"A",,"A",
126748,"A",,"A",,"A",,"A",,"A",,"A",,"A",,"A",,"A",,"A",,"A",,"A",,"A",,"R",151,"R",0,"R",151,"R",36,"R",24,"R",48,"R",32,"R",0,"R",151,"R",3,"R",1,"R",51,"R",34
126775,"R",1003,"R",0,"R",1003,"R",667,"R",67,"R",835,"R",83,"R",0,"R",1003,"R",9,"R",3,"R",844,"R",84,"A",,"A",,"A",,"A",,"A",,"A",,"A",,"A",,"A",,"A",,"A",,"A",,"A",
126784,"A",,"A",,"A",,"A",,"A",,"A",,"A",,"A",,"A",,"A",,"A",,"A",,"A",,"R",59,"R",0,"R",59,"R",38,"R",64,"R",45,"R",76,"Z",0,"R",59,"R",0,"Z",0,"R",45,"R",76
126818,"R",4622,"R",4,"R",4618,"R",2157,"R",47,"R",3192,"R",69,"R",0,"R",4618,"R",62,"R",40,"R",3254,"R",70,"A",,"A",,"A",,"A",,"A",,"A",,"A",,"A",,"A",,"A",,"A",,"A",,"A",
126827,"R",696,"R",0,"R",696,"R",112,"R",16,"R",138,"R",20,"R",0,"R",696,"R",3,"R",10,"R",141,"R",20,"A",,"A",,"A",,"A",,"A",,"A",,"A",,"A",,"A",,"A",,"A",,"A",,"A",
126863,"A",,"A",,"A",,"A",,"A",,"A",,"A",,"A",,"A",,"A",,"A",,"A",,"A",,"R",380,"R",0,"R",380,"R",65,"R",17,"R",95,"R",25,"R",0,"R",380,"R",18,"R",21,"R",113,"R",30
126915,"A",,"A",,"A",,"A",,"A",,"A",,"A",,"A",,"A",,"A",,"A",,"A",,"A",,"R",71,"R",0,"R",71,"R",59,"R",83,"R",59,"R",83,"Z",0,"R",71,"R",0,"Z",0,"R",59,"R",83
126951,"A",,"A",,"A",,"A",,"A",,"A",,"A",,"A",,"A",,"A",,"A",,"A",,"A",,"R",1041,"R",0,"R",1041,"R",576,"R",55,"R",677,"R",65,"R",0,"R",1041,"R",8,"R",0,"R",685,"R",66
127060,"R",1415,"R",0,"R",1415,"R",954,"R",67,"R",1071,"R",76,"R",0,"R",1415,"R",16,"R",1,"R",1087,"R",77,"A",,"A",,"A",,"A",,"A",,"A",,"A",,"A",,"A",,"A",,"A",,"A",,"A",
127158,"A",,"A",,"A",,"A",,"A",,"A",,"A",,"A",,"A",,"A",,"A",,"A",,"A",,"R",728,"R",0,"R",728,"R",633,"R",87,"R",633,"R",87,"Z",0,"R",728,"R",0,"Z",0,"R",633,"R",87
127185,"R",809,"R",1,"R",808,"R",239,"R",30,"R",356,"R",44,"R",0,"R",808,"R",15,"R",5,"R",371,"R",46,"A",,"A",,"A",,"A",,"A",,"A",,"A",,"A",,"A",,"A",,"A",,"A",,"A",
127316,"A",,"A",,"A",,"A",,"A",,"A",,"A",,"A",,"A",,"A",,"A",,"A",,"A",,"R",36,"R",0,"R",36,"R",14,"R",39,"R",28,"R",78,"Z",0,"R",36,"R",0,"Z",0,"R",28,"R",78
127389,"A",,"A",,"A",,"A",,"A",,"A",,"A",,"A",,"A",,"A",,"A",,"A",,"A",,"R",179,"R",0,"R",179,"R",78,"R",44,"R",79,"R",44,"R",0,"R",179,"R",6,"R",2,"R",85,"R",47
127556,"R",1198,"R",5,"R",1193,"R",329,"R",28,"R",540,"R",45,"R",0,"R",1193,"R",28,"R",20,"R",568,"R",48,"A",,"A",,"A",,"A",,"A",,"A",,"A",,"A",,"A",,"A",,"A",,"A",,"A",
127565,"R",1576,"R",0,"R",1576,"R",171,"R",11,"R",469,"R",30,"R",0,"R",1576,"R",60,"R",61,"R",529,"R",34,"A",,"A",,"A",,"A",,"A",,"A",,"A",,"A",,"A",,"A",,"A",,"A",,"A",
127653,"R",38,"R",0,"R",38,"R",5,"R",13,"R",13,"R",34,"Z",0,"R",38,"R",0,"Z",0,"R",13,"R",34,"A",,"A",,"A",,"A",,"A",,"A",,"A",,"A",,"A",,"A",,"A",,"A",,"A",
127714,"R",1,"R",0,"R",1,"Z",0,"R",0,"Z",0,"R",0,"Z",0,"R",1,"R",0,"Z",0,"R",0,"R",0,"A",,"A",,"A",,"A",,"A",,"A",,"A",,"A",,"A",,"A",,"A",,"A",,"A",
127732,"A",,"A",,"A",,"A",,"A",,"A",,"A",,"A",,"A",,"A",,"A",,"A",,"A",,"R",365,"R",0,"R",365,"R",159,"R",44,"R",187,"R",51,"R",0,"R",365,"R",5,"R",1,"R",192,"R",53
127741,"R",2023,"R",2,"R",2021,"R",718,"R",36,"R",1049,"R",52,"R",0,"R",2021,"R",23,"R",6,"R",1072,"R",53,"A",,"A",,"A",,"A",,"A",,"A",,"A",,"A",,"A",,"A",,"A",,"A",,"A",
127778,"A",,"A",,"A",,"A",,"A",,"A",,"A",,"A",,"A",,"A",,"A",,"A",,"A",,"R",220,"R",0,"R",220,"R",68,"R",31,"R",82,"R",37,"R",2,"R",218,"R",4,"R",0,"R",86,"R",39
127918,"R",534,"R",0,"R",534,"R",283,"R",53,"R",333,"R",62,"R",0,"R",534,"R",5,"R",7,"R",338,"R",63,"A",,"A",,"A",,"A",,"A",,"A",,"A",,"A",,"A",,"A",,"A",,"A",,"A",
127945,"R",76,"R",0,"R",76,"R",24,"R",32,"R",33,"R",43,"Z",0,"R",76,"R",0,"Z",0,"R",33,"R",43,"A",,"A",,"A",,"A",,"A",,"A",,"A",,"A",,"A",,"A",,"A",,"A",,"A",
128106,"R",765,"R",0,"R",765,"R",159,"R",21,"R",295,"R",39,"R",0,"R",765,"R",27,"R",13,"R",322,"R",42,"A",,"A",,"A",,"A",,"A",,"A",,"A",,"A",,"A",,"A",,"A",,"A",,"A",
128151,"A",,"A",,"A",,"A",,"A",,"A",,"A",,"A",,"A",,"A",,"A",,"A",,"A",,"R",321,"R",0,"R",321,"R",141,"R",44,"R",196,"R",61,"Z",0,"R",321,"R",0,"Z",0,"R",196,"R",61
128179,"A",,"A",,"A",,"A",,"A",,"A",,"A",,"A",,"A",,"A",,"A",,"A",,"A",,"R",222,"R",1,"R",221,"R",74,"R",33,"R",96,"R",43,"Z",0,"R",221,"R",2,"R",0,"R",98,"R",44
128188,"A",,"A",,"A",,"A",,"A",,"A",,"A",,"A",,"A",,"A",,"A",,"A",,"A",,"R",788,"R",0,"R",788,"R",340,"R",43,"R",395,"R",50,"Z",0,"R",788,"R",3,"R",3,"R",398,"R",51
128328,"R",1162,"R",12,"R",1150,"R",975,"R",85,"R",990,"R",86,"Z",0,"R",1150,"R",0,"Z",0,"R",990,"R",86,"A",,"A",,"A",,"A",,"A",,"A",,"A",,"A",,"A",,"A",,"A",,"A",,"A",
128337,"A",,"A",,"A",,"A",,"A",,"A",,"A",,"A",,"A",,"A",,"A",,"A",,"A",,"R",29,"R",0,"R",29,"R",0,"R",0,"R",18,"R",62,"R",0,"R",29,"R",0,"R",0,"R",18,"R",62
128391,"R",464,"R",0,"R",464,"R",136,"R",29,"R",221,"R",48,"R",0,"R",464,"R",9,"R",0,"R",230,"R",50,"A",,"A",,"A",,"A",,"A",,"A",,"A",,"A",,"A",,"A",,"A",,"A",,"A",
128498,"R",134,"R",0,"R",134,"R",59,"R",44,"R",75,"R",56,"Z",0,"R",134,"R",0,"R",2,"R",75,"R",56,"A",,"A",,"A",,"A",,"A",,"A",,"A",,"A",,"A",,"A",,"A",,"A",,"A",
128586,"R",18,"R",0,"R",18,"Z",0,"R",0,"Z",0,"R",0,"Z",0,"R",18,"R",0,"Z",0,"R",0,"R",0,"A",,"A",,"A",,"A",,"A",,"A",,"A",,"A",,"A",,"A",,"A",,"A",,"A",
128744,"R",408,"R",0,"R",408,"R",138,"R",34,"R",175,"R",43,"R",0,"R",408,"R",13,"R",2,"R",188,"R",46,"A",,"A",,"A",,"A",,"A",,"A",,"A",,"A",,"A",,"A",,"A",,"A",,"A",
128771,"R",1351,"R",8,"R",1343,"R",383,"R",29,"R",735,"R",55,"R",0,"R",1343,"R",40,"R",17,"R",775,"R",58,"A",,"A",,"A",,"A",,"A",,"A",,"A",,"A",,"A",,"A",,"A",,"A",,"A",
128896,"A",,"A",,"A",,"A",,"A",,"A",,"A",,"A",,"A",,"A",,"A",,"A",,"A",,"R",27,"R",0,"R",27,"R",13,"R",48,"R",21,"R",78,"Z",0,"R",27,"R",0,"Z",0,"R",21,"R",78
128902,"R",478,"R",0,"R",478,"R",371,"R",78,"R",387,"R",81,"R",0,"R",478,"R",0,"R",0,"R",387,"R",81,"A",,"A",,"A",,"A",,"A",,"A",,"A",,"A",,"A",,"A",,"A",,"A",,"A",
129002,"A",,"A",,"A",,"A",,"A",,"A",,"A",,"A",,"A",,"A",,"A",,"A",,"A",,"R",51,"R",0,"R",51,"R",5,"R",10,"R",14,"R",27,"Z",0,"R",51,"R",0,"Z",0,"R",14,"R",27
129020,"R",3736,"R",2,"R",3734,"R",2703,"R",72,"R",3104,"R",83,"R",0,"R",3734,"R",24,"R",6,"R",3128,"R",84,"A",,"A",,"A",,"A",,"A",,"A",,"A",,"A",,"A",,"A",,"A",,"A",,"A",
129154,"R",16,"R",0,"R",16,"R",3,"R",19,"R",5,"R",31,"Z",0,"R",16,"R",0,"Z",0,"R",5,"R",31,"A",,"A",,"A",,"A",,"A",,"A",,"A",,"A",,"A",,"A",,"A",,"A",,"A",
129181,"A",,"A",,"A",,"A",,"A",,"A",,"A",,"A",,"A",,"A",,"A",,"A",,"A",,"R",804,"R",0,"R",804,"R",354,"R",44,"R",454,"R",56,"R",0,"R",804,"R",12,"R",0,"R",466,"R",58
129215,"R",973,"R",5,"R",968,"R",436,"R",45,"R",549,"R",57,"R",0,"R",968,"R",15,"R",2,"R",564,"R",58,"A",,"A",,"A",,"A",,"A",,"A",,"A",,"A",,"A",,"A",,"A",,"A",,"A",
129242,"R",966,"R",1,"R",965,"R",789,"R",82,"R",810,"R",84,"R",0,"R",965,"R",1,"R",0,"R",811,"R",84,"A",,"A",,"A",,"A",,"A",,"A",,"A",,"A",,"A",,"A",,"A",,"A",,"A",
129349,"A",,"A",,"A",,"A",,"A",,"A",,"A",,"A",,"A",,"A",,"A",,"A",,"A",,"R",38,"R",0,"R",38,"R",3,"R",8,"R",24,"R",63,"Z",0,"R",38,"R",0,"Z",0,"R",24,"R",63
129367,"A",,"A",,"A",,"A",,"A",,"A",,"A",,"A",,"A",,"A",,"A",,"A",,"A",,"R",4970,"R",0,"R",4970,"R",309,"R",6,"R",762,"R",15,"R",0,"R",4970,"R",229,"R",504,"R",991,"R",20
129482,"A",,"A",,"A",,"A",,"A",,"A",,"A",,"A",,"A",,"A",,"A",,"A",,"A",,"R",178,"R",0,"R",178,"R",66,"R",37,"R",103,"R",58,"Z",0,"R",178,"R",0,"Z",0,"R",103,"R",58
129525,"R",1215,"R",0,"R",1215,"R",641,"R",53,"R",737,"R",61,"R",0,"R",1215,"R",5,"R",1,"R",742,"R",61,"A",,"A",,"A",,"A",,"A",,"A",,"A",,"A",,"A",,"A",,"A",,"A",,"A",
129534,"R",7,"R",0,"R",7,"R",1,"R",14,"R",4,"R",57,"Z",0,"R",7,"R",0,"Z",0,"R",4,"R",57,"A",,"A",,"A",,"A",,"A",,"A",,"A",,"A",,"A",,"A",,"A",,"A",,"A",
129774,"R",119,"R",0,"R",119,"R",44,"R",37,"R",50,"R",42,"Z",0,"R",119,"R",0,"Z",0,"R",50,"R",42,"A",,"A",,"A",,"A",,"A",,"A",,"A",,"A",,"A",,"A",,"A",,"A",,"A",
129923,"A",,"A",,"A",,"A",,"A",,"A",,"A",,"A",,"A",,"A",,"A",,"A",,"A",,"R",437,"R",0,"R",437,"R",123,"R",28,"R",226,"R",52,"R",0,"R",437,"R",16,"R",0,"R",242,"R",55
129932,"A",,"A",,"A",,"A",,"A",,"A",,"A",,"A",,"A",,"A",,"A",,"A",,"A",,"R",659,"R",0,"R",659,"R",492,"R",75,"R",492,"R",75,"R",0,"R",659,"Z",0,"R",0,"R",492,"R",75
129941,"R",1234,"R",1,"R",1233,"R",642,"R",52,"R",813,"R",66,"R",1,"R",1232,"R",7,"R",0,"R",820,"R",67,"A",,"A",,"A",,"A",,"A",,"A",,"A",,"A",,"A",,"A",,"A",,"A",,"A",
130110,"R",7,"R",0,"R",7,"R",4,"R",57,"R",4,"R",57,"Z",0,"R",7,"R",0,"Z",0,"R",4,"R",57,"A",,"A",,"A",,"A",,"A",,"A",,"A",,"A",,"A",,"A",,"A",,"A",,"A",
130174,"A",,"A",,"A",,"A",,"A",,"A",,"A",,"A",,"A",,"A",,"A",,"A",,"A",,"R",288,"R",0,"R",288,"R",110,"R",38,"R",163,"R",57,"Z",0,"R",288,"R",0,"Z",0,"R",163,"R",57
130183,"R",307,"R",0,"R",307,"R",45,"R",15,"R",68,"R",22,"R",0,"R",307,"R",0,"R",0,"R",68,"R",22,"A",,"A",,"A",,"A",,"A",,"A",,"A",,"A",,"A",,"A",,"A",,"A",,"A",
130226,"R",1901,"R",0,"R",1901,"R",1464,"R",77,"R",1521,"R",80,"R",0,"R",1901,"R",6,"R",3,"R",1527,"R",80,"A",,"A",,"A",,"A",,"A",,"A",,"A",,"A",,"A",,"A",,"A",,"A",,"A",
130253,"R",1290,"R",0,"R",1290,"R",884,"R",69,"R",948,"R",73,"R",0,"R",1290,"R",6,"R",1,"R",954,"R",74,"A",,"A",,"A",,"A",,"A",,"A",,"A",,"A",,"A",,"A",,"A",,"A",,"A",
130314,"R",211,"R",0,"R",211,"R",99,"R",47,"R",119,"R",56,"Z",0,"R",211,"R",1,"R",0,"R",120,"R",57,"A",,"A",,"A",,"A",,"A",,"A",,"A",,"A",,"A",,"A",,"A",,"A",,"A",
130493,"R",1394,"R",3,"R",1391,"R",399,"R",29,"R",727,"R",52,"R",1,"R",1390,"R",26,"R",7,"R",753,"R",54,"A",,"A",,"A",,"A",,"A",,"A",,"A",,"A",,"A",,"A",,"A",,"A",,"A",
130590,"R",559,"R",0,"R",559,"R",452,"R",81,"R",476,"R",85,"R",0,"R",559,"R",1,"R",1,"R",477,"R",85,"A",,"A",,"A",,"A",,"A",,"A",,"A",,"A",,"A",,"A",,"A",,"A",,"A",
130624,"R",264,"R",0,"R",264,"R",241,"R",91,"R",243,"R",92,"Z",0,"R",264,"R",0,"Z",0,"R",243,"R",92,"A",,"A",,"A",,"A",,"A",,"A",,"A",,"A",,"A",,"A",,"A",,"A",,"A",
130697,"R",757,"R",0,"R",757,"R",648,"R",86,"R",689,"R",91,"R",0,"R",757,"R",2,"R",0,"R",691,"R",91,"A",,"A",,"A",,"A",,"A",,"A",,"A",,"A",,"A",,"A",,"A",,"A",,"A",
130776,"R",665,"R",0,"R",665,"R",200,"R",30,"R",352,"R",53,"R",0,"R",665,"R",4,"R",11,"R",356,"R",54,"A",,"A",,"A",,"A",,"A",,"A",,"A",,"A",,"A",,"A",,"A",,"A",,"A",
130794,"R",1363,"R",1,"R",1362,"R",1194,"R",88,"R",1320,"R",97,"R",0,"R",1362,"R",7,"R",3,"R",1327,"R",97,"A",,"A",,"A",,"A",,"A",,"A",,"A",,"A",,"A",,"A",,"A",,"A",,"A",
130873,"A",,"A",,"A",,"A",,"A",,"A",,"A",,"A",,"A",,"A",,"A",,"A",,"A",,"R",291,"R",0,"R",291,"R",165,"R",57,"R",201,"R",69,"Z",0,"R",291,"R",0,"Z",0,"R",201,"R",69
130934,"R",887,"R",0,"R",887,"R",292,"R",33,"R",417,"R",47,"R",0,"R",887,"R",16,"R",1,"R",433,"R",49,"A",,"A",,"A",,"A",,"A",,"A",,"A",,"A",,"A",,"A",,"A",,"A",,"A",
130943,"R",4083,"R",0,"R",4083,"R",2988,"R",73,"R",3419,"R",84,"R",0,"R",4083,"R",28,"R",6,"R",3447,"R",84,"A",,"A",,"A",,"A",,"A",,"A",,"A",,"A",,"A",,"A",,"A",,"A",,"A",
130989,"R",112,"R",0,"R",112,"R",57,"R",51,"R",63,"R",56,"R",0,"R",112,"R",0,"R",0,"R",63,"R",56,"A",,"A",,"A",,"A",,"A",,"A",,"A",,"A",,"A",,"A",,"A",,"A",,"A",
131061,"A",,"A",,"A",,"A",,"A",,"A",,"A",,"A",,"A",,"A",,"A",,"A",,"A",,"R",66,"R",0,"R",66,"R",13,"R",20,"R",37,"R",56,"Z",0,"R",66,"R",0,"Z",0,"R",37,"R",56
131113,"R",246,"R",0,"R",246,"R",24,"R",10,"R",61,"R",25,"Z",0,"R",246,"R",5,"R",3,"R",66,"R",27,"A",,"A",,"A",,"A",,"A",,"A",,"A",,"A",,"A",,"A",,"A",,"A",,"A",
131159,"R",1779,"R",0,"R",1779,"R",1301,"R",73,"R",1400,"R",79,"R",0,"R",1779,"R",4,"R",0,"R",1404,"R",79,"A",,"A",,"A",,"A",,"A",,"A",,"A",,"A",,"A",,"A",,"A",,"A",,"A",
131283,"R",904,"R",0,"R",904,"R",596,"R",66,"R",666,"R",74,"R",0,"R",904,"R",1,"R",0,"R",667,"R",74,"A",,"A",,"A",,"A",,"A",,"A",,"A",,"A",,"A",,"A",,"A",,"A",,"A",
131399,"R",103,"R",0,"R",103,"R",18,"R",17,"R",45,"R",44,"R",0,"R",103,"R",3,"R",1,"R",48,"R",47,"A",,"A",,"A",,"A",,"A",,"A",,"A",,"A",,"A",,"A",,"A",,"A",,"A",
131450,"R",178,"R",0,"R",178,"R",37,"R",21,"R",103,"R",58,"R",0,"R",178,"R",10,"R",3,"R",113,"R",63,"A",,"A",,"A",,"A",,"A",,"A",,"A",,"A",,"A",,"A",,"A",,"A",,"A",
131469,"R",2578,"R",2,"R",2576,"R",1991,"R",77,"R",2155,"R",84,"R",0,"R",2576,"R",17,"R",1,"R",2172,"R",84,"A",,"A",,"A",,"A",,"A",,"A",,"A",,"A",,"A",,"A",,"A",,"A",,"A",
131496,"R",1566,"R",2,"R",1564,"R",1401,"R",90,"R",1489,"R",95,"R",0,"R",1564,"R",5,"R",2,"R",1494,"R",96,"A",,"A",,"A",,"A",,"A",,"A",,"A",,"A",,"A",,"A",,"A",,"A",,"A",
131520,"R",1642,"R",0,"R",1642,"R",869,"R",53,"R",1044,"R",64,"R",0,"R",1642,"R",21,"R",8,"R",1065,"R",65,"A",,"A",,"A",,"A",,"A",,"A",,"A",,"A",,"A",,"A",,"A",,"A",,"A",
131803,"R",2,"R",0,"R",2,"Z",0,"R",0,"Z",0,"R",0,"Z",0,"R",2,"R",0,"Z",0,"R",0,"R",0,"A",,"A",,"A",,"A",,"A",,"A",,"A",,"A",,"A",,"A",,"A",,"A",,"A",
131830,"A",,"A",,"A",,"A",,"A",,"A",,"A",,"A",,"A",,"A",,"A",,"A",,"A",,"R",3,"R",0,"R",3,"R",3,"R",100,"R",3,"R",100,"Z",0,"R",3,"R",0,"Z",0,"R",3,"R",100
131876,"R",217,"R",0,"R",217,"R",44,"R",20,"R",88,"R",41,"R",0,"R",217,"R",3,"R",1,"R",91,"R",42,"A",,"A",,"A",,"A",,"A",,"A",,"A",,"A",,"A",,"A",,"A",,"A",,"A",
132374,"A",,"A",,"A",,"A",,"A",,"A",,"A",,"A",,"A",,"A",,"A",,"A",,"A",,"R",603,"R",2,"R",601,"R",277,"R",46,"R",326,"R",54,"R",0,"R",601,"R",3,"R",0,"R",329,"R",55
132408,"R",38,"R",0,"R",38,"R",11,"R",29,"R",11,"R",29,"R",0,"R",38,"R",2,"R",1,"R",13,"R",34,"A",,"A",,"A",,"A",,"A",,"A",,"A",,"A",,"A",,"A",,"A",,"A",,"A",
132471,"R",431,"R",0,"R",431,"R",90,"R",21,"R",175,"R",41,"R",0,"R",431,"R",1,"R",0,"R",176,"R",41,"A",,"A",,"A",,"A",,"A",,"A",,"A",,"A",,"A",,"A",,"A",,"A",,"A",
132602,"R",902,"R",0,"R",902,"R",133,"R",15,"R",293,"R",32,"R",0,"R",902,"R",13,"R",9,"R",306,"R",34,"A",,"A",,"A",,"A",,"A",,"A",,"A",,"A",,"A",,"A",,"A",,"A",,"A",
132657,"R",513,"R",1,"R",512,"R",225,"R",44,"R",257,"R",50,"R",0,"R",512,"R",4,"R",0,"R",261,"R",51,"A",,"A",,"A",,"A",,"A",,"A",,"A",,"A",,"A",,"A",,"A",,"A",,"A",
132675,"A",,"A",,"A",,"A",,"A",,"A",,"A",,"A",,"A",,"A",,"A",,"A",,"A",,"R",28,"R",0,"R",28,"R",17,"R",61,"R",19,"R",68,"Z",0,"R",28,"R",0,"Z",0,"R",19,"R",68
132842,"R",5,"R",0,"R",5,"Z",0,"R",0,"Z",0,"R",0,"Z",0,"R",5,"R",0,"Z",0,"R",0,"R",0,"A",,"A",,"A",,"A",,"A",,"A",,"A",,"A",,"A",,"A",,"A",,"A",,"A",
132879,"R",36,"R",0,"R",36,"R",5,"R",14,"R",9,"R",25,"Z",0,"R",36,"R",3,"R",0,"R",12,"R",33,"A",,"A",,"A",,"A",,"A",,"A",,"A",,"A",,"A",,"A",,"A",,"A",,"A",
132903,"R",6296,"R",7,"R",6289,"R",2916,"R",46,"R",4713,"R",75,"R",0,"R",6289,"R",164,"R",39,"R",4877,"R",78,"A",,"A",,"A",,"A",,"A",,"A",,"A",,"A",,"A",,"A",,"A",,"A",,"A",
132976,"A",,"A",,"A",,"A",,"A",,"A",,"A",,"A",,"A",,"A",,"A",,"A",,"A",,"R",117,"R",0,"R",117,"R",117,"R",100,"R",117,"R",100,"Z",0,"R",117,"R",0,"Z",0,"R",117,"R",100
133155,"A",,"A",,"A",,"A",,"A",,"A",,"A",,"A",,"A",,"A",,"A",,"A",,"A",,"R",327,"R",0,"R",327,"R",221,"R",68,"R",324,"R",99,"R",0,"R",327,"R",1,"R",1,"R",325,"R",99
133465,"R",14,"R",0,"R",14,"R",1,"R",7,"R",5,"R",36,"Z",0,"R",14,"R",0,"Z",0,"R",5,"R",36,"A",,"A",,"A",,"A",,"A",,"A",,"A",,"A",,"A",,"A",,"A",,"A",,"A",
133492,"R",484,"R",0,"R",484,"R",307,"R",63,"R",330,"R",68,"Z",0,"R",484,"R",2,"R",1,"R",332,"R",69,"A",,"A",,"A",,"A",,"A",,"A",,"A",,"A",,"A",,"A",,"A",,"A",,"A",
133526,"R",221,"R",0,"R",221,"R",32,"R",14,"R",61,"R",28,"R",0,"R",221,"R",3,"R",2,"R",64,"R",29,"A",,"A",,"A",,"A",,"A",,"A",,"A",,"A",,"A",,"A",,"A",,"A",,"A",
133553,"R",1260,"R",0,"R",1260,"R",426,"R",34,"R",776,"R",62,"R",0,"R",1260,"R",38,"R",8,"R",814,"R",65,"A",,"A",,"A",,"A",,"A",,"A",,"A",,"A",,"A",,"A",,"A",,"A",,"A",
133650,"R",1549,"R",3,"R",1546,"R",435,"R",28,"R",856,"R",55,"R",0,"R",1546,"R",38,"R",18,"R",894,"R",58,"A",,"A",,"A",,"A",,"A",,"A",,"A",,"A",,"A",,"A",,"A",,"A",,"A",
133669,"R",3295,"R",36,"R",3259,"R",1219,"R",37,"R",1807,"R",55,"R",1,"R",3258,"R",53,"R",24,"R",1860,"R",57,"A",,"A",,"A",,"A",,"A",,"A",,"A",,"A",,"A",,"A",,"A",,"A",,"A",
133711,"R",620,"R",0,"R",620,"R",308,"R",50,"R",359,"R",58,"Z",0,"R",620,"R",0,"Z",0,"R",359,"R",58,"A",,"A",,"A",,"A",,"A",,"A",,"A",,"A",,"A",,"A",,"A",,"A",,"A",
133809,"R",190,"R",0,"R",190,"R",42,"R",22,"R",53,"R",28,"R",0,"R",190,"R",3,"R",0,"R",56,"R",29,"A",,"A",,"A",,"A",,"A",,"A",,"A",,"A",,"A",,"A",,"A",,"A",,"A",
133845,"A",,"A",,"A",,"A",,"A",,"A",,"A",,"A",,"A",,"A",,"A",,"A",,"A",,"R",412,"R",1,"R",411,"R",88,"R",21,"R",208,"R",51,"Z",0,"R",411,"R",4,"R",0,"R",212,"R",52
133854,"A",,"A",,"A",,"A",,"A",,"A",,"A",,"A",,"A",,"A",,"A",,"A",,"A",,"R",267,"R",0,"R",267,"R",41,"R",15,"R",129,"R",48,"Z",0,"R",267,"R",0,"Z",0,"R",129,"R",48
133863,"A",,"A",,"A",,"A",,"A",,"A",,"A",,"A",,"A",,"A",,"A",,"A",,"A",,"R",352,"R",0,"R",352,"R",92,"R",26,"R",204,"R",58,"Z",0,"R",352,"R",0,"Z",0,"R",204,"R",58
133872,"R",48,"R",0,"R",48,"R",12,"R",25,"R",20,"R",42,"Z",0,"R",48,"R",0,"Z",0,"R",20,"R",42,"A",,"A",,"A",,"A",,"A",,"A",,"A",,"A",,"A",,"A",,"A",,"A",,"A",
133881,"R",644,"R",0,"R",644,"R",341,"R",53,"R",427,"R",66,"R",0,"R",644,"R",5,"R",1,"R",432,"R",67,"A",,"A",,"A",,"A",,"A",,"A",,"A",,"A",,"A",,"A",,"A",,"A",,"A",
133951,"R",3798,"R",28,"R",3770,"R",1595,"R",42,"R",2529,"R",67,"R",0,"R",3770,"R",139,"R",57,"R",2668,"R",71,"A",,"A",,"A",,"A",,"A",,"A",,"A",,"A",,"A",,"A",,"A",,"A",,"A",
133979,"R",363,"R",0,"R",363,"R",78,"R",21,"R",116,"R",32,"R",0,"R",363,"R",2,"Z",0,"R",118,"R",33,"A",,"A",,"A",,"A",,"A",,"A",,"A",,"A",,"A",,"A",,"A",,"A",,"A",
133997,"A",,"A",,"A",,"A",,"A",,"A",,"A",,"A",,"A",,"A",,"A",,"A",,"A",,"R",251,"R",1,"R",250,"R",42,"R",17,"R",129,"R",52,"R",0,"R",250,"R",1,"R",0,"R",130,"R",52
134024,"A",,"A",,"A",,"A",,"A",,"A",,"A",,"A",,"A",,"A",,"A",,"A",,"A",,"R",78,"R",0,"R",78,"R",0,"R",0,"R",40,"R",51,"R",0,"R",78,"R",12,"R",0,"R",52,"R",67
134079,"R",691,"R",0,"R",691,"R",442,"R",64,"R",468,"R",68,"Z",0,"R",691,"R",0,"Z",0,"R",468,"R",68,"A",,"A",,"A",,"A",,"A",,"A",,"A",,"A",,"A",,"A",,"A",,"A",,"A",
134097,"R",6022,"R",4,"R",6018,"R",4195,"R",70,"R",5008,"R",83,"R",0,"R",6018,"R",41,"R",14,"R",5049,"R",84,"A",,"A",,"A",,"A",,"A",,"A",,"A",,"A",,"A",,"A",,"A",,"A",,"A",
134130,"R",6775,"R",4,"R",6771,"R",4848,"R",72,"R",6149,"R",91,"R",3,"R",6768,"R",39,"R",11,"R",6188,"R",91,"A",,"A",,"A",,"A",,"A",,"A",,"A",,"A",,"A",,"A",,"A",,"A",,"A",
134228,"A",,"A",,"A",,"A",,"A",,"A",,"A",,"A",,"A",,"A",,"A",,"A",,"A",,"R",25,"R",0,"R",25,"R",22,"R",88,"R",23,"R",92,"Z",0,"R",25,"R",0,"Z",0,"R",23,"R",92
134237,"R",4101,"R",37,"R",4064,"R",1786,"R",44,"R",1790,"R",44,"Z",0,"R",4064,"R",0,"Z",0,"R",1790,"R",44,"A",,"A",,"A",,"A",,"A",,"A",,"A",,"A",,"A",,"A",,"A",,"A",,"A",
134291,"A",,"A",,"A",,"A",,"A",,"A",,"A",,"A",,"A",,"A",,"A",,"A",,"A",,"R",573,"R",0,"R",573,"R",301,"R",53,"R",301,"R",53,"R",0,"R",573,"R",0,"R",0,"R",301,"R",53
134307,"A",,"A",,"A",,"A",,"A",,"A",,"A",,"A",,"A",,"A",,"A",,"A",,"A",,"R",275,"R",2,"R",273,"R",52,"R",19,"R",68,"R",25,"R",4,"R",269,"R",3,"Z",0,"R",71,"R",26
134510,"R",26,"R",0,"R",26,"R",6,"R",23,"R",8,"R",31,"Z",0,"R",26,"R",0,"Z",0,"R",8,"R",31,"A",,"A",,"A",,"A",,"A",,"A",,"A",,"A",,"A",,"A",,"A",,"A",,"A",
134529,"A",,"A",,"A",,"A",,"A",,"A",,"A",,"A",,"A",,"A",,"A",,"A",,"A",,"R",102,"R",0,"R",102,"R",24,"R",24,"R",74,"R",73,"Z",0,"R",102,"R",0,"Z",0,"R",74,"R",73
134574,"A",,"A",,"A",,"A",,"A",,"A",,"A",,"A",,"A",,"A",,"A",,"A",,"A",,"R",45,"R",0,"R",45,"R",13,"R",29,"R",33,"R",73,"Z",0,"R",45,"R",0,"Z",0,"R",33,"R",73
134714,"A",,"A",,"A",,"A",,"A",,"A",,"A",,"A",,"A",,"A",,"A",,"A",,"A",,"R",49,"R",0,"R",49,"R",15,"R",31,"R",32,"R",65,"Z",0,"R",49,"R",0,"Z",0,"R",32,"R",65
134945,"R",464,"R",0,"R",464,"R",184,"R",40,"R",222,"R",48,"R",0,"R",464,"R",2,"R",1,"R",224,"R",48,"A",,"A",,"A",,"A",,"A",,"A",,"A",,"A",,"A",,"A",,"A",,"A",,"A",
135081,"R",433,"R",0,"R",433,"R",233,"R",54,"R",238,"R",55,"R",0,"R",433,"R",5,"R",2,"R",243,"R",56,"A",,"A",,"A",,"A",,"A",,"A",,"A",,"A",,"A",,"A",,"A",,"A",,"A",
135142,"A",,"A",,"A",,"A",,"A",,"A",,"A",,"A",,"A",,"A",,"A",,"A",,"A",,"R",57,"R",0,"R",57,"R",7,"R",12,"R",50,"R",88,"R",0,"R",57,"R",0,"R",0,"R",50,"R",88
135179,"A",,"A",,"A",,"A",,"A",,"A",,"A",,"A",,"A",,"A",,"A",,"A",,"A",,"R",502,"R",0,"R",502,"R",321,"R",64,"R",351,"R",70,"R",0,"R",502,"R",15,"R",15,"R",366,"R",73
135267,"A",,"A",,"A",,"A",,"A",,"A",,"A",,"A",,"A",,"A",,"A",,"A",,"A",,"R",629,"R",1,"R",628,"R",452,"R",72,"R",471,"R",75,"Z",0,"R",628,"R",0,"Z",0,"R",471,"R",75
135276,"A",,"A",,"A",,"A",,"A",,"A",,"A",,"A",,"A",,"A",,"A",,"A",,"A",,"R",722,"R",2,"R",720,"R",273,"R",38,"R",349,"R",48,"R",0,"R",720,"R",0,"R",0,"R",349,"R",48
135294,"A",,"A",,"A",,"A",,"A",,"A",,"A",,"A",,"A",,"A",,"A",,"A",,"A",,"R",92,"R",0,"R",92,"R",13,"R",14,"R",28,"R",30,"R",5,"R",87,"R",0,"R",0,"R",28,"R",32
135337,"A",,"A",,"A",,"A",,"A",,"A",,"A",,"A",,"A",,"A",,"A",,"A",,"A",,"R",46,"R",0,"R",46,"R",16,"R",35,"R",27,"R",59,"R",0,"R",46,"R",1,"R",0,"R",28,"R",61
135407,"A",,"A",,"A",,"A",,"A",,"A",,"A",,"A",,"A",,"A",,"A",,"A",,"A",,"R",1388,"R",0,"R",1388,"R",1010,"R",73,"R",1013,"R",73,"Z",0,"R",1388,"R",0,"Z",0,"R",1013,"R",73
135522,"A",,"A",,"A",,"A",,"A",,"A",,"A",,"A",,"A",,"A",,"A",,"A",,"A",,"R",242,"R",1,"R",241,"R",182,"R",76,"R",202,"R",84,"Z",0,"R",241,"R",0,"Z",0,"R",202,"R",84
135559,"A",,"A",,"A",,"A",,"A",,"A",,"A",,"A",,"A",,"A",,"A",,"A",,"A",,"R",58,"R",0,"R",58,"R",2,"R",3,"R",42,"R",72,"Z",0,"R",58,"R",0,"Z",0,"R",42,"R",72
135647,"A",,"A",,"A",,"A",,"A",,"A",,"A",,"A",,"A",,"A",,"A",,"A",,"A",,"R",53,"R",0,"R",53,"R",1,"R",2,"R",1,"R",2,"Z",0,"R",53,"R",0,"Z",0,"R",1,"R",2
135726,"R",2057,"R",1,"R",2056,"R",1503,"R",73,"R",1717,"R",84,"R",0,"R",2056,"R",11,"R",5,"R",1728,"R",84,"A",,"A",,"A",,"A",,"A",,"A",,"A",,"A",,"A",,"A",,"A",,"A",,"A",
135735,"A",,"A",,"A",,"A",,"A",,"A",,"A",,"A",,"A",,"A",,"A",,"A",,"A",,"R",452,"R",0,"R",452,"R",124,"R",27,"R",251,"R",56,"R",0,"R",452,"R",20,"R",0,"R",271,"R",60
136109,"A",,"A",,"A",,"A",,"A",,"A",,"A",,"A",,"A",,"A",,"A",,"A",,"A",,"R",37,"R",0,"R",37,"R",0,"R",0,"R",27,"R",73,"Z",0,"R",37,"R",0,"Z",0,"R",27,"R",73
136172,"R",1512,"R",32,"R",1480,"R",663,"R",45,"R",924,"R",62,"R",0,"R",1480,"R",19,"R",10,"R",943,"R",64,"A",,"A",,"A",,"A",,"A",,"A",,"A",,"A",,"A",,"A",,"A",,"A",,"A",
136215,"R",633,"R",0,"R",633,"R",324,"R",51,"R",383,"R",61,"R",0,"R",633,"R",2,"R",1,"R",385,"R",61,"A",,"A",,"A",,"A",,"A",,"A",,"A",,"A",,"A",,"A",,"A",,"A",,"A",
136303,"A",,"A",,"A",,"A",,"A",,"A",,"A",,"A",,"A",,"A",,"A",,"A",,"A",,"R",176,"R",0,"R",176,"R",105,"R",60,"R",112,"R",64,"Z",0,"R",176,"R",0,"Z",0,"R",112,"R",64
136330,"R",542,"R",1,"R",541,"R",273,"R",50,"R",328,"R",61,"R",0,"R",541,"R",4,"R",0,"R",332,"R",61,"A",,"A",,"A",,"A",,"A",,"A",,"A",,"A",,"A",,"A",,"A",,"A",,"A",
136491,"A",,"A",,"A",,"A",,"A",,"A",,"A",,"A",,"A",,"A",,"A",,"A",,"A",,"R",202,"R",0,"R",202,"R",50,"R",25,"R",87,"R",43,"Z",0,"R",202,"R",1,"R",0,"R",88,"R",44
136659,"A",,"A",,"A",,"A",,"A",,"A",,"A",,"A",,"A",,"A",,"A",,"A",,"A",,"R",117,"R",0,"R",117,"R",62,"R",53,"R",80,"R",68,"Z",0,"R",117,"R",0,"Z",0,"R",80,"R",68
136765,"A",,"A",,"A",,"A",,"A",,"A",,"A",,"A",,"A",,"A",,"A",,"A",,"A",,"R",321,"R",0,"R",321,"R",240,"R",75,"R",240,"R",75,"R",0,"R",321,"R",0,"R",0,"R",240,"R",75
136774,"R",302,"R",0,"R",302,"R",214,"R",71,"R",243,"R",80,"R",0,"R",302,"R",3,"R",0,"R",246,"R",81,"A",,"A",,"A",,"A",,"A",,"A",,"A",,"A",,"A",,"A",,"A",,"A",,"A",
136826,"A",,"A",,"A",,"A",,"A",,"A",,"A",,"A",,"A",,"A",,"A",,"A",,"A",,"R",19,"R",0,"R",19,"R",10,"R",53,"R",10,"R",53,"Z",0,"R",19,"R",0,"Z",0,"R",10,"R",53
136950,"R",493,"R",0,"R",493,"R",311,"R",63,"R",348,"R",71,"R",2,"R",491,"R",3,"R",0,"R",351,"R",71,"A",,"A",,"A",,"A",,"A",,"A",,"A",,"A",,"A",,"A",,"A",,"A",,"A",
137023,"A",,"A",,"A",,"A",,"A",,"A",,"A",,"A",,"A",,"A",,"A",,"A",,"A",,"R",249,"R",0,"R",249,"R",157,"R",63,"R",188,"R",76,"R",0,"R",249,"R",0,"R",0,"R",188,"R",76
137032,"R",653,"R",0,"R",653,"R",226,"R",35,"R",285,"R",44,"Z",0,"R",653,"R",14,"R",5,"R",299,"R",46,"A",,"A",,"A",,"A",,"A",,"A",,"A",,"A",,"A",,"A",,"A",,"A",,"A",
137087,"A",,"A",,"A",,"A",,"A",,"A",,"A",,"A",,"A",,"A",,"A",,"A",,"A",,"R",331,"R",0,"R",331,"R",119,"R",36,"R",159,"R",48,"R",0,"R",331,"R",1,"Z",0,"R",160,"R",48
137120,"A",,"A",,"A",,"A",,"A",,"A",,"A",,"A",,"A",,"A",,"A",,"A",,"A",,"R",389,"R",11,"R",378,"R",185,"R",49,"R",189,"R",50,"R",0,"R",378,"R",1,"R",0,"R",190,"R",50
137245,"A",,"A",,"A",,"A",,"A",,"A",,"A",,"A",,"A",,"A",,"A",,"A",,"A",,"R",1079,"R",1,"R",1078,"R",678,"R",63,"R",728,"R",68,"R",0,"R",1078,"R",3,"R",0,"R",731,"R",68
137272,"R",9,"R",0,"R",9,"R",9,"R",100,"R",9,"R",100,"Z",0,"R",9,"R",0,"Z",0,"R",9,"R",100,"A",,"A",,"A",,"A",,"A",,"A",,"A",,"A",,"A",,"A",,"A",,"A",,"A",
137351,"R",4758,"R",1,"R",4757,"R",2830,"R",59,"R",3550,"R",75,"R",0,"R",4757,"R",71,"R",158,"R",3621,"R",76,"A",,"A",,"A",,"A",,"A",,"A",,"A",,"A",,"A",,"A",,"A",,"A",,"A",
137476,"R",194,"R",0,"R",194,"R",65,"R",34,"R",80,"R",41,"R",0,"R",194,"R",0,"R",1,"R",80,"R",41,"A",,"A",,"A",,"A",,"A",,"A",,"A",,"A",,"A",,"A",,"A",,"A",,"A",
137546,"R",982,"R",2,"R",980,"R",567,"R",58,"R",621,"R",63,"R",0,"R",980,"R",2,"R",0,"R",623,"R",64,"A",,"A",,"A",,"A",,"A",,"A",,"A",,"A",,"A",,"A",,"A",,"A",,"A",
137564,"R",778,"R",5,"R",773,"R",263,"R",34,"R",367,"R",47,"R",0,"R",773,"R",5,"R",2,"R",372,"R",48,"A",,"A",,"A",,"A",,"A",,"A",,"A",,"A",,"A",,"A",,"A",,"A",,"A",
137591,"A",,"A",,"A",,"A",,"A",,"A",,"A",,"A",,"A",,"A",,"A",,"A",,"A",,"R",219,"R",0,"R",219,"R",12,"R",5,"R",53,"R",24,"Z",0,"R",219,"R",95,"R",0,"R",148,"R",68
137713,"A",,"A",,"A",,"A",,"A",,"A",,"A",,"A",,"A",,"A",,"A",,"A",,"A",,"R",175,"R",0,"R",175,"R",138,"R",79,"R",144,"R",82,"Z",0,"R",175,"R",0,"Z",0,"R",144,"R",82
137777,"R",19,"R",0,"R",19,"R",2,"R",11,"R",12,"R",63,"Z",0,"R",19,"R",0,"Z",0,"R",12,"R",63,"A",,"A",,"A",,"A",,"A",,"A",,"A",,"A",,"A",,"A",,"A",,"A",,"A",
137847,"R",1801,"R",3,"R",1798,"R",930,"R",52,"R",1117,"R",62,"R",0,"R",1798,"R",2,"R",2,"R",1119,"R",62,"A",,"A",,"A",,"A",,"A",,"A",,"A",,"A",,"A",,"A",,"A",,"A",,"A",
137856,"A",,"A",,"A",,"A",,"A",,"A",,"A",,"A",,"A",,"A",,"A",,"A",,"A",,"R",41,"R",0,"R",41,"R",32,"R",78,"R",32,"R",78,"Z",0,"R",41,"R",0,"Z",0,"R",32,"R",78
137865,"A",,"A",,"A",,"A",,"A",,"A",,"A",,"A",,"A",,"A",,"A",,"A",,"A",,"R",160,"R",0,"R",160,"R",38,"R",24,"R",65,"R",41,"R",0,"R",160,"R",0,"R",1,"R",65,"R",41
137953,"R",66,"R",0,"R",66,"R",6,"R",9,"R",13,"R",20,"R",0,"R",66,"R",1,"R",0,"R",14,"R",21,"A",,"A",,"A",,"A",,"A",,"A",,"A",,"A",,"A",,"A",,"A",,"A",,"A",
137962,"R",32,"R",0,"R",32,"R",10,"R",31,"R",10,"R",31,"R",0,"R",32,"R",0,"R",0,"R",10,"R",31,"A",,"A",,"A",,"A",,"A",,"A",,"A",,"A",,"A",,"A",,"A",,"A",,"A",
138275,"R",197,"R",0,"R",197,"R",49,"R",25,"R",61,"R",31,"Z",0,"R",197,"R",0,"Z",0,"R",61,"R",31,"A",,"A",,"A",,"A",,"A",,"A",,"A",,"A",,"A",,"A",,"A",,"A",,"A",
138284,"A",,"A",,"A",,"A",,"A",,"A",,"A",,"A",,"A",,"A",,"A",,"A",,"A",,"R",317,"R",5,"R",312,"R",106,"R",34,"R",106,"R",34,"R",0,"R",312,"R",0,"R",0,"R",106,"R",34
138293,"R",181,"R",0,"R",181,"R",36,"R",20,"R",37,"R",20,"R",0,"R",181,"R",0,"R",2,"R",37,"R",20,"A",,"A",,"A",,"A",,"A",,"A",,"A",,"A",,"A",,"A",,"A",,"A",,"A",
138309,"R",2,"R",0,"R",2,"Z",0,"R",0,"Z",0,"R",0,"Z",0,"R",2,"R",0,"Z",0,"R",0,"R",0,"A",,"A",,"A",,"A",,"A",,"A",,"A",,"A",,"A",,"A",,"A",,"A",,"A",
138354,"R",1319,"R",2,"R",1317,"R",459,"R",35,"R",685,"R",52,"R",0,"R",1317,"R",22,"R",30,"R",707,"R",54,"A",,"A",,"A",,"A",,"A",,"A",,"A",,"A",,"A",,"A",,"A",,"A",,"A",
138372,"A",,"A",,"A",,"A",,"A",,"A",,"A",,"A",,"A",,"A",,"A",,"A",,"A",,"R",205,"R",0,"R",205,"R",60,"R",29,"R",134,"R",65,"Z",0,"R",205,"R",2,"R",0,"R",136,"R",66
138479,"A",,"A",,"A",,"A",,"A",,"A",,"A",,"A",,"A",,"A",,"A",,"A",,"A",,"R",541,"R",0,"R",541,"R",288,"R",53,"R",318,"R",59,"R",0,"R",541,"R",4,"R",1,"R",322,"R",60
138488,"A",,"A",,"A",,"A",,"A",,"A",,"A",,"A",,"A",,"A",,"A",,"A",,"A",,"R",212,"R",0,"R",212,"R",116,"R",55,"R",155,"R",73,"Z",0,"R",212,"R",5,"Z",0,"R",160,"R",75
138497,"A",,"A",,"A",,"A",,"A",,"A",,"A",,"A",,"A",,"A",,"A",,"A",,"A",,"R",559,"R",0,"R",559,"R",260,"R",47,"R",260,"R",47,"Z",0,"R",559,"R",0,"Z",0,"R",260,"R",47
138558,"R",346,"R",0,"R",346,"R",67,"R",19,"R",116,"R",34,"Z",0,"R",346,"R",6,"R",1,"R",122,"R",35,"A",,"A",,"A",,"A",,"A",,"A",,"A",,"A",,"A",,"A",,"A",,"A",,"A",
138600,"R",271,"R",0,"R",271,"R",188,"R",69,"R",202,"R",75,"R",0,"R",271,"R",1,"R",0,"R",203,"R",75,"A",,"A",,"A",,"A",,"A",,"A",,"A",,"A",,"A",,"A",,"A",,"A",,"A",
138655,"A",,"A",,"A",,"A",,"A",,"A",,"A",,"A",,"A",,"A",,"A",,"A",,"A",,"R",450,"R",0,"R",450,"R",197,"R",44,"R",197,"R",44,"R",0,"R",450,"R",0,"R",0,"R",197,"R",44
138664,"A",,"A",,"A",,"A",,"A",,"A",,"A",,"A",,"A",,"A",,"A",,"A",,"A",,"R",54,"R",0,"R",54,"R",16,"R",30,"R",16,"R",30,"R",0,"R",54,"R",0,"R",0,"R",16,"R",30
138682,"A",,"A",,"A",,"A",,"A",,"A",,"A",,"A",,"A",,"A",,"A",,"A",,"A",,"R",310,"R",0,"R",310,"R",77,"R",25,"R",141,"R",45,"R",0,"R",310,"R",16,"R",33,"R",157,"R",51
138716,"R",477,"R",0,"R",477,"R",54,"R",11,"R",167,"R",35,"Z",0,"R",477,"R",9,"R",7,"R",176,"R",37,"A",,"A",,"A",,"A",,"A",,"A",,"A",,"A",,"A",,"A",,"A",,"A",,"A",
138822,"A",,"A",,"A",,"A",,"A",,"A",,"A",,"A",,"A",,"A",,"A",,"A",,"A",,"R",176,"R",0,"R",176,"R",34,"R",19,"R",121,"R",69,"Z",0,"R",176,"R",0,"Z",0,"R",121,"R",69
138840,"A",,"A",,"A",,"A",,"A",,"A",,"A",,"A",,"A",,"A",,"A",,"A",,"A",,"R",317,"R",0,"R",317,"R",82,"R",26,"R",117,"R",37,"R",0,"R",317,"R",22,"R",34,"R",139,"R",44
138868,"R",217,"R",0,"R",217,"R",49,"R",23,"R",60,"R",28,"Z",0,"R",217,"R",0,"Z",0,"R",60,"R",28,"A",,"A",,"A",,"A",,"A",,"A",,"A",,"A",,"A",,"A",,"A",,"A",,"A",
138901,"R",5,"R",0,"R",5,"Z",0,"R",0,"R",1,"R",20,"Z",0,"R",5,"R",0,"R",0,"R",1,"R",20,"A",,"A",,"A",,"A",,"A",,"A",,"A",,"A",,"A",,"A",,"A",,"A",,"A",
138938,"A",,"A",,"A",,"A",,"A",,"A",,"A",,"A",,"A",,"A",,"A",,"A",,"A",,"R",32,"R",0,"R",32,"R",7,"R",22,"R",19,"R",59,"Z",0,"R",32,"R",0,"Z",0,"R",19,"R",59
138947,"R",828,"R",0,"R",828,"R",194,"R",23,"R",344,"R",42,"R",0,"R",828,"R",6,"R",1,"R",350,"R",42,"A",,"A",,"A",,"A",,"A",,"A",,"A",,"A",,"A",,"A",,"A",,"A",,"A",
138956,"A",,"A",,"A",,"A",,"A",,"A",,"A",,"A",,"A",,"A",,"A",,"A",,"A",,"R",430,"R",0,"R",430,"R",87,"R",20,"R",152,"R",35,"R",0,"R",430,"R",28,"R",43,"R",180,"R",42
139144,"R",575,"R",2,"R",573,"R",380,"R",66,"R",415,"R",72,"R",0,"R",573,"R",1,"R",0,"R",416,"R",73,"A",,"A",,"A",,"A",,"A",,"A",,"A",,"A",,"A",,"A",,"A",,"A",,"A",
139153,"R",16,"R",0,"R",16,"R",1,"R",6,"R",2,"R",13,"Z",0,"R",16,"R",0,"Z",0,"R",2,"R",13,"A",,"A",,"A",,"A",,"A",,"A",,"A",,"A",,"A",,"A",,"A",,"A",,"A",
139199,"R",165,"R",0,"R",165,"R",64,"R",39,"R",85,"R",52,"R",0,"R",165,"R",2,"R",0,"R",87,"R",53,"A",,"A",,"A",,"A",,"A",,"A",,"A",,"A",,"A",,"A",,"A",,"A",,"A",
139205,"R",115,"R",2,"R",113,"R",6,"R",5,"R",14,"R",12,"Z",0,"R",113,"R",0,"Z",0,"R",14,"R",12,"A",,"A",,"A",,"A",,"A",,"A",,"A",,"A",,"A",,"A",,"A",,"A",,"A",
139250,"R",353,"R",0,"R",353,"R",42,"R",12,"R",81,"R",23,"Z",0,"R",353,"R",6,"R",6,"R",87,"R",25,"A",,"A",,"A",,"A",,"A",,"A",,"A",,"A",,"A",,"A",,"A",,"A",,"A",
139278,"A",,"A",,"A",,"A",,"A",,"A",,"A",,"A",,"A",,"A",,"A",,"A",,"A",,"R",453,"R",0,"R",453,"R",102,"R",23,"R",153,"R",34,"R",0,"R",453,"R",30,"R",57,"R",183,"R",40
139311,"R",456,"R",0,"R",456,"R",65,"R",14,"R",164,"R",36,"Z",0,"R",456,"R",9,"R",9,"R",173,"R",38,"A",,"A",,"A",,"A",,"A",,"A",,"A",,"A",,"A",,"A",,"A",,"A",,"A",
139357,"A",,"A",,"A",,"A",,"A",,"A",,"A",,"A",,"A",,"A",,"A",,"A",,"A",,"R",226,"R",0,"R",226,"R",24,"R",11,"R",52,"R",23,"R",0,"R",226,"R",29,"R",25,"R",81,"R",36
139366,"R",988,"R",0,"R",988,"R",192,"R",19,"R",429,"R",43,"Z",0,"R",988,"R",28,"R",14,"R",457,"R",46,"A",,"A",,"A",,"A",,"A",,"A",,"A",,"A",,"A",,"A",,"A",,"A",,"A",
139384,"A",,"A",,"A",,"A",,"A",,"A",,"A",,"A",,"A",,"A",,"A",,"A",,"A",,"R",468,"R",0,"R",468,"R",149,"R",32,"R",228,"R",49,"R",0,"R",468,"R",50,"R",41,"R",278,"R",59
139393,"R",258,"R",0,"R",258,"R",167,"R",65,"R",185,"R",72,"R",0,"R",258,"R",1,"R",0,"R",186,"R",72,"A",,"A",,"A",,"A",,"A",,"A",,"A",,"A",,"A",,"A",,"A",,"A",,"A",
139463,"R",414,"R",0,"R",414,"R",41,"R",10,"R",123,"R",30,"Z",0,"R",414,"R",18,"R",13,"R",141,"R",34,"A",,"A",,"A",,"A",,"A",,"A",,"A",,"A",,"A",,"A",,"A",,"A",,"A",
139506,"A",,"A",,"A",,"A",,"A",,"A",,"A",,"A",,"A",,"A",,"A",,"A",,"A",,"R",96,"R",0,"R",96,"R",37,"R",39,"R",56,"R",58,"R",0,"R",96,"R",0,"R",0,"R",56,"R",58
139579,"R",14,"R",0,"R",14,"R",1,"R",7,"R",2,"R",14,"Z",0,"R",14,"R",0,"R",1,"R",2,"R",14,"A",,"A",,"A",,"A",,"A",,"A",,"A",,"A",,"A",,"A",,"A",,"A",,"A",
139630,"R",232,"R",0,"R",232,"R",62,"R",27,"R",79,"R",34,"Z",0,"R",232,"R",0,"Z",0,"R",79,"R",34,"A",,"A",,"A",,"A",,"A",,"A",,"A",,"A",,"A",,"A",,"A",,"A",,"A",
139658,"R",1357,"R",1,"R",1356,"R",1132,"R",83,"R",1221,"R",90,"R",-1,"R",1357,"R",8,"R",3,"R",1229,"R",91,"A",,"A",,"A",,"A",,"A",,"A",,"A",,"A",,"A",,"A",,"A",,"A",,"A",
139719,"R",410,"R",0,"R",410,"R",92,"R",22,"R",184,"R",45,"Z",0,"R",410,"R",8,"R",3,"R",192,"R",47,"A",,"A",,"A",,"A",,"A",,"A",,"A",,"A",,"A",,"A",,"A",,"A",,"A",
139755,"R",3083,"R",0,"R",3083,"R",1571,"R",51,"R",2834,"R",92,"Z",0,"R",3083,"R",34,"R",4,"R",2868,"R",93,"A",,"A",,"A",,"A",,"A",,"A",,"A",,"A",,"A",,"A",,"A",,"A",,"A",
139764,"R",374,"R",0,"R",374,"R",75,"R",20,"R",127,"R",34,"Z",0,"R",374,"R",9,"R",4,"R",136,"R",36,"A",,"A",,"A",,"A",,"A",,"A",,"A",,"A",,"A",,"A",,"A",,"A",,"A",
139861,"R",1473,"R",1,"R",1472,"R",716,"R",49,"R",914,"R",62,"R",0,"R",1472,"R",1,"R",0,"R",915,"R",62,"A",,"A",,"A",,"A",,"A",,"A",,"A",,"A",,"A",,"A",,"A",,"A",,"A",
139931,"R",4028,"R",6,"R",4022,"R",1228,"R",31,"R",2188,"R",54,"R",0,"R",4022,"R",85,"R",27,"R",2273,"R",57,"A",,"A",,"A",,"A",,"A",,"A",,"A",,"A",,"A",,"A",,"A",,"A",,"A",
139940,"R",3594,"R",0,"R",3594,"R",1233,"R",34,"R",2022,"R",56,"R",0,"R",3594,"R",96,"R",42,"R",2118,"R",59,"A",,"A",,"A",,"A",,"A",,"A",,"A",,"A",,"A",,"A",,"A",,"A",,"A",
139959,"R",5248,"R",0,"R",5248,"R",3576,"R",68,"R",4577,"R",87,"Z",0,"R",5248,"R",47,"R",11,"R",4624,"R",88,"A",,"A",,"A",,"A",,"A",,"A",,"A",,"A",,"A",,"A",,"A",,"A",,"A",
139968,"R",73,"R",0,"R",73,"R",2,"R",3,"R",9,"R",12,"Z",0,"R",73,"R",3,"R",2,"R",12,"R",16,"A",,"A",,"A",,"A",,"A",,"A",,"A",,"A",,"A",,"A",,"A",,"A",,"A",
139986,"A",,"A",,"A",,"A",,"A",,"A",,"A",,"A",,"A",,"A",,"A",,"A",,"A",,"R",351,"R",0,"R",351,"R",133,"R",38,"R",201,"R",57,"R",0,"R",351,"R",24,"R",28,"R",225,"R",64
139995,"A",,"A",,"A",,"A",,"A",,"A",,"A",,"A",,"A",,"A",,"A",,"A",,"A",,"R",146,"R",0,"R",146,"R",89,"R",61,"R",89,"R",61,"R",0,"R",146,"R",25,"R",30,"R",114,"R",78
140003,"A",,"A",,"A",,"A",,"A",,"A",,"A",,"A",,"A",,"A",,"A",,"A",,"A",,"R",41,"R",0,"R",41,"R",16,"R",39,"R",19,"R",46,"Z",0,"R",41,"R",0,"Z",0,"R",19,"R",46
140012,"A",,"A",,"A",,"A",,"A",,"A",,"A",,"A",,"A",,"A",,"A",,"A",,"A",,"R",328,"R",0,"R",328,"R",52,"R",16,"R",102,"R",31,"R",0,"R",328,"R",35,"R",34,"R",137,"R",42
140234,"R",263,"R",0,"R",263,"R",103,"R",39,"R",122,"R",46,"Z",0,"R",263,"R",0,"Z",0,"R",122,"R",46,"A",,"A",,"A",,"A",,"A",,"A",,"A",,"A",,"A",,"A",,"A",,"A",,"A",
140243,"A",,"A",,"A",,"A",,"A",,"A",,"A",,"A",,"A",,"A",,"A",,"A",,"A",,"R",381,"R",0,"R",381,"R",78,"R",20,"R",142,"R",37,"R",0,"R",381,"R",34,"R",45,"R",176,"R",46
140252,"R",91,"R",0,"R",91,"R",22,"R",24,"R",37,"R",41,"R",0,"R",91,"R",4,"R",2,"R",41,"R",45,"A",,"A",,"A",,"A",,"A",,"A",,"A",,"A",,"A",,"A",,"A",,"A",,"A",
140331,"A",,"A",,"A",,"A",,"A",,"A",,"A",,"A",,"A",,"A",,"A",,"A",,"A",,"R",709,"R",0,"R",709,"R",125,"R",18,"R",275,"R",39,"R",0,"R",709,"R",63,"R",86,"R",338,"R",48
140340,"R",37,"R",0,"R",37,"R",5,"R",14,"R",7,"R",19,"Z",0,"R",37,"R",0,"Z",0,"R",7,"R",19,"A",,"A",,"A",,"A",,"A",,"A",,"A",,"A",,"A",,"A",,"A",,"A",,"A",
140447,"R",829,"R",4,"R",825,"R",523,"R",63,"R",607,"R",74,"R",0,"R",825,"R",1,"R",1,"R",608,"R",74,"A",,"A",,"A",,"A",,"A",,"A",,"A",,"A",,"A",,"A",,"A",,"A",,"A",
140553,"R",573,"R",0,"R",573,"R",191,"R",33,"R",269,"R",47,"Z",0,"R",573,"R",23,"R",4,"R",292,"R",51,"A",,"A",,"A",,"A",,"A",,"A",,"A",,"A",,"A",,"A",,"A",,"A",,"A",
140678,"A",,"A",,"A",,"A",,"A",,"A",,"A",,"A",,"A",,"A",,"A",,"A",,"A",,"R",305,"R",0,"R",305,"R",55,"R",18,"R",103,"R",34,"R",0,"R",305,"R",42,"R",27,"R",145,"R",48
140696,"R",321,"R",1,"R",320,"R",141,"R",44,"R",179,"R",56,"R",0,"R",320,"R",5,"R",0,"R",184,"R",58,"A",,"A",,"A",,"A",,"A",,"A",,"A",,"A",,"A",,"A",,"A",,"A",,"A",
140720,"R",125,"R",0,"R",125,"R",6,"R",5,"R",10,"R",8,"R",0,"R",125,"R",2,"R",3,"R",12,"R",10,"A",,"A",,"A",,"A",,"A",,"A",,"A",,"A",,"A",,"A",,"A",,"A",,"A",
140818,"R",269,"R",0,"R",269,"R",107,"R",40,"R",129,"R",48,"R",0,"R",269,"R",3,"R",0,"R",132,"R",49,"A",,"A",,"A",,"A",,"A",,"A",,"A",,"A",,"A",,"A",,"A",,"A",,"A",
140872,"R",266,"R",0,"R",266,"R",54,"R",20,"R",86,"R",32,"R",0,"R",266,"R",9,"R",0,"R",95,"R",36,"A",,"A",,"A",,"A",,"A",,"A",,"A",,"A",,"A",,"A",,"A",,"A",,"A",
140942,"A",,"A",,"A",,"A",,"A",,"A",,"A",,"A",,"A",,"A",,"A",,"A",,"A",,"R",374,"R",0,"R",374,"R",137,"R",37,"R",171,"R",46,"R",0,"R",374,"R",19,"R",37,"R",190,"R",51
140951,"R",1930,"R",2,"R",1928,"R",1138,"R",59,"R",1378,"R",71,"R",0,"R",1928,"R",14,"R",9,"R",1392,"R",72,"A",,"A",,"A",,"A",,"A",,"A",,"A",,"A",,"A",,"A",,"A",,"A",,"A",
140960,"R",1119,"R",0,"R",1119,"R",125,"R",11,"R",267,"R",24,"Z",0,"R",1119,"R",22,"R",11,"R",289,"R",26,"A",,"A",,"A",,"A",,"A",,"A",,"A",,"A",,"A",,"A",,"A",,"A",,"A",
140988,"R",261,"R",0,"R",261,"R",76,"R",29,"R",97,"R",37,"R",0,"R",261,"R",1,"R",1,"R",98,"R",38,"A",,"A",,"A",,"A",,"A",,"A",,"A",,"A",,"A",,"A",,"A",,"A",,"A",
141006,"A",,"A",,"A",,"A",,"A",,"A",,"A",,"A",,"A",,"A",,"A",,"A",,"A",,"R",357,"R",0,"R",357,"R",148,"R",41,"R",202,"R",57,"R",0,"R",357,"R",21,"R",25,"R",223,"R",62
141060,"R",564,"R",1,"R",563,"R",372,"R",66,"R",429,"R",76,"R",0,"R",563,"R",3,"R",1,"R",432,"R",77,"A",,"A",,"A",,"A",,"A",,"A",,"A",,"A",,"A",,"A",,"A",,"A",,"A",
141167,"R",88,"R",0,"R",88,"R",22,"R",25,"R",32,"R",36,"R",0,"R",88,"R",8,"R",3,"R",40,"R",45,"A",,"A",,"A",,"A",,"A",,"A",,"A",,"A",,"A",,"A",,"A",,"A",,"A",
141185,"R",138,"R",0,"R",138,"R",58,"R",42,"R",73,"R",53,"Z",0,"R",138,"R",0,"Z",0,"R",73,"R",53,"A",,"A",,"A",,"A",,"A",,"A",,"A",,"A",,"A",,"A",,"A",,"A",,"A",
141237,"R",207,"R",0,"R",207,"R",56,"R",27,"R",73,"R",35,"Z",0,"R",207,"R",0,"Z",0,"R",73,"R",35,"A",,"A",,"A",,"A",,"A",,"A",,"A",,"A",,"A",,"A",,"A",,"A",,"A",
141255,"A",,"A",,"A",,"A",,"A",,"A",,"A",,"A",,"A",,"A",,"A",,"A",,"A",,"R",201,"R",0,"R",201,"R",47,"R",23,"R",86,"R",43,"R",0,"R",201,"R",17,"R",13,"R",103,"R",51
141264,"R",1394,"R",0,"R",1394,"R",290,"R",21,"R",574,"R",41,"Z",0,"R",1394,"R",32,"R",9,"R",606,"R",43,"A",,"A",,"A",,"A",,"A",,"A",,"A",,"A",,"A",,"A",,"A",,"A",,"A",
141325,"R",119,"R",0,"R",119,"R",60,"R",50,"R",67,"R",56,"Z",0,"R",119,"R",0,"Z",0,"R",67,"R",56,"A",,"A",,"A",,"A",,"A",,"A",,"A",,"A",,"A",,"A",,"A",,"A",,"A",
141334,"R",2343,"R",0,"R",2343,"R",508,"R",22,"R",992,"R",42,"Z",0,"R",2343,"R",47,"R",30,"R",1039,"R",44,"A",,"A",,"A",,"A",,"A",,"A",,"A",,"A",,"A",,"A",,"A",,"A",,"A",
141361,"R",346,"R",0,"R",346,"R",125,"R",36,"R",140,"R",40,"R",0,"R",346,"R",3,"R",0,"R",143,"R",41,"A",,"A",,"A",,"A",,"A",,"A",,"A",,"A",,"A",,"A",,"A",,"A",,"A",
141486,"R",216,"R",0,"R",216,"R",104,"R",48,"R",141,"R",65,"R",0,"R",216,"R",1,"R",1,"R",142,"R",66,"A",,"A",,"A",,"A",,"A",,"A",,"A",,"A",,"A",,"A",,"A",,"A",,"A",
141565,"R",371,"R",1,"R",370,"R",101,"R",27,"R",158,"R",43,"R",0,"R",370,"R",9,"R",3,"R",167,"R",45,"A",,"A",,"A",,"A",,"A",,"A",,"A",,"A",,"A",,"A",,"A",,"A",,"A",
141574,"R",1852,"R",0,"R",1852,"R",679,"R",37,"R",1091,"R",59,"R",0,"R",1852,"R",47,"R",11,"R",1138,"R",61,"A",,"A",,"A",,"A",,"A",,"A",,"A",,"A",,"A",,"A",,"A",,"A",,"A",
141608,"A",,"A",,"A",,"A",,"A",,"A",,"A",,"A",,"A",,"A",,"A",,"A",,"A",,"R",35,"R",1,"R",34,"R",13,"R",38,"R",23,"R",68,"Z",0,"R",34,"R",0,"Z",0,"R",23,"R",68
141644,"R",470,"R",0,"R",470,"R",146,"R",31,"R",199,"R",42,"R",0,"R",470,"R",6,"R",3,"R",205,"R",44,"A",,"A",,"A",,"A",,"A",,"A",,"A",,"A",,"A",,"A",,"A",,"A",,"A",
141680,"A",,"A",,"A",,"A",,"A",,"A",,"A",,"A",,"A",,"A",,"A",,"A",,"A",,"R",337,"R",0,"R",337,"R",28,"R",8,"R",79,"R",23,"R",0,"R",337,"R",20,"R",18,"R",99,"R",29
141796,"A",,"A",,"A",,"A",,"A",,"A",,"A",,"A",,"A",,"A",,"A",,"A",,"A",,"R",490,"R",0,"R",490,"R",49,"R",10,"R",118,"R",24,"R",0,"R",490,"R",50,"R",47,"R",168,"R",34
141802,"A",,"A",,"A",,"A",,"A",,"A",,"A",,"A",,"A",,"A",,"A",,"A",,"A",,"R",136,"R",0,"R",136,"R",23,"R",17,"R",50,"R",37,"R",0,"R",136,"R",10,"R",13,"R",60,"R",44
141811,"A",,"A",,"A",,"A",,"A",,"A",,"A",,"A",,"A",,"A",,"A",,"A",,"A",,"R",752,"R",0,"R",752,"R",77,"R",10,"R",212,"R",28,"R",0,"R",752,"R",68,"R",46,"R",280,"R",37
141839,"R",9,"R",0,"R",9,"R",1,"R",11,"R",1,"R",11,"Z",0,"R",9,"R",0,"Z",0,"R",1,"R",11,"A",,"A",,"A",,"A",,"A",,"A",,"A",,"A",,"A",,"A",,"A",,"A",,"A",
141981,"R",239,"R",0,"R",239,"R",32,"R",13,"R",88,"R",37,"R",0,"R",239,"R",8,"R",3,"R",96,"R",40,"A",,"A",,"A",,"A",,"A",,"A",,"A",,"A",,"A",,"A",,"A",,"A",,"A",
141990,"A",,"A",,"A",,"A",,"A",,"A",,"A",,"A",,"A",,"A",,"A",,"A",,"A",,"R",202,"R",0,"R",202,"R",20,"R",10,"R",51,"R",25,"R",0,"R",202,"R",8,"R",11,"R",59,"R",29
142054,"A",,"A",,"A",,"A",,"A",,"A",,"A",,"A",,"A",,"A",,"A",,"A",,"A",,"R",122,"R",0,"R",122,"R",55,"R",45,"R",76,"R",62,"R",0,"R",122,"R",6,"R",1,"R",82,"R",67
142090,"R",24,"R",0,"R",24,"R",11,"R",46,"R",12,"R",50,"Z",0,"R",24,"R",0,"Z",0,"R",12,"R",50,"A",,"A",,"A",,"A",,"A",,"A",,"A",,"A",,"A",,"A",,"A",,"A",,"A",
142115,"R",2155,"R",6,"R",2149,"R",659,"R",31,"R",1139,"R",53,"R",2,"R",2147,"R",61,"R",35,"R",1200,"R",56,"A",,"A",,"A",,"A",,"A",,"A",,"A",,"A",,"A",,"A",,"A",,"A",,"A",
142179,"A",,"A",,"A",,"A",,"A",,"A",,"A",,"A",,"A",,"A",,"A",,"A",,"A",,"R",219,"R",0,"R",219,"R",86,"R",39,"R",97,"R",44,"R",0,"R",219,"R",13,"R",7,"R",110,"R",50
142276,"R",1169,"R",0,"R",1169,"R",229,"R",20,"R",422,"R",36,"R",0,"R",1169,"R",36,"R",20,"R",458,"R",39,"A",,"A",,"A",,"A",,"A",,"A",,"A",,"A",,"A",,"A",,"A",,"A",,"A",
142285,"R",1556,"R",5,"R",1551,"R",594,"R",38,"R",919,"R",59,"R",1,"R",1550,"R",19,"R",9,"R",938,"R",61,"A",,"A",,"A",,"A",,"A",,"A",,"A",,"A",,"A",,"A",,"A",,"A",,"A",
142294,"R",201,"R",3,"R",198,"R",97,"R",49,"R",111,"R",56,"Z",0,"R",198,"R",0,"Z",0,"R",111,"R",56,"A",,"A",,"A",,"A",,"A",,"A",,"A",,"A",,"A",,"A",,"A",,"A",,"A",
142328,"R",394,"R",0,"R",394,"R",83,"R",21,"R",128,"R",32,"R",0,"R",394,"R",6,"R",5,"R",134,"R",34,"A",,"A",,"A",,"A",,"A",,"A",,"A",,"A",,"A",,"A",,"A",,"A",,"A",
142407,"A",,"A",,"A",,"A",,"A",,"A",,"A",,"A",,"A",,"A",,"A",,"A",,"A",,"R",29,"R",0,"R",29,"R",9,"R",31,"R",24,"R",83,"Z",0,"R",29,"R",0,"Z",0,"R",24,"R",83
142443,"A",,"A",,"A",,"A",,"A",,"A",,"A",,"A",,"A",,"A",,"A",,"A",,"A",,"R",645,"R",1,"R",644,"R",112,"R",17,"R",170,"R",26,"R",0,"R",644,"R",33,"R",24,"R",203,"R",32
142461,"R",258,"R",0,"R",258,"R",113,"R",44,"R",160,"R",62,"R",0,"R",258,"R",3,"R",3,"R",163,"R",63,"A",,"A",,"A",,"A",,"A",,"A",,"A",,"A",,"A",,"A",,"A",,"A",,"A",
142489,"A",,"A",,"A",,"A",,"A",,"A",,"A",,"A",,"A",,"A",,"A",,"A",,"A",,"R",26,"R",0,"R",26,"R",8,"R",31,"R",14,"R",54,"Z",0,"R",26,"R",0,"Z",0,"R",14,"R",54
142522,"R",1927,"R",407,"R",1520,"R",231,"R",15,"R",703,"R",46,"R",0,"R",1520,"R",151,"R",40,"R",854,"R",56,"A",,"A",,"A",,"A",,"A",,"A",,"A",,"A",,"A",,"A",,"A",,"A",,"A",
142887,"R",58,"R",0,"R",58,"R",25,"R",43,"R",33,"R",57,"R",0,"R",58,"R",0,"R",0,"R",33,"R",57,"A",,"A",,"A",,"A",,"A",,"A",,"A",,"A",,"A",,"A",,"A",,"A",,"A",
142957,"R",2,"R",0,"R",2,"Z",0,"R",0,"R",1,"R",50,"R",0,"R",2,"R",0,"Z",0,"R",1,"R",50,"A",,"A",,"A",,"A",,"A",,"A",,"A",,"A",,"A",,"A",,"A",,"A",,"A",
143048,"R",573,"R",10,"R",563,"R",242,"R",43,"R",366,"R",65,"R",-1,"R",564,"R",12,"R",4,"R",378,"R",67,"A",,"A",,"A",,"A",,"A",,"A",,"A",,"A",,"A",,"A",,"A",,"A",,"A",
143084,"R",678,"R",0,"R",678,"R",512,"R",76,"R",533,"R",79,"R",0,"R",678,"R",1,"R",0,"R",534,"R",79,"A",,"A",,"A",,"A",,"A",,"A",,"A",,"A",,"A",,"A",,"A",,"A",,"A",
143118,"R",625,"R",0,"R",625,"R",285,"R",46,"R",346,"R",55,"R",0,"R",625,"R",4,"R",2,"R",350,"R",56,"A",,"A",,"A",,"A",,"A",,"A",,"A",,"A",,"A",,"A",,"A",,"A",,"A",
143215,"A",,"A",,"A",,"A",,"A",,"A",,"A",,"A",,"A",,"A",,"A",,"A",,"A",,"R",890,"R",0,"R",890,"R",115,"R",13,"R",252,"R",28,"R",0,"R",890,"R",48,"R",42,"R",300,"R",34
143279,"A",,"A",,"A",,"A",,"A",,"A",,"A",,"A",,"A",,"A",,"A",,"A",,"A",,"R",587,"R",0,"R",587,"R",154,"R",26,"R",221,"R",38,"R",0,"R",587,"R",14,"R",11,"R",235,"R",40
143288,"R",159,"R",0,"R",159,"R",57,"R",36,"R",73,"R",46,"Z",0,"R",159,"R",0,"Z",0,"R",73,"R",46,"A",,"A",,"A",,"A",,"A",,"A",,"A",,"A",,"A",,"A",,"A",,"A",,"A",
143358,"R",924,"R",0,"R",924,"R",529,"R",57,"R",688,"R",74,"R",1,"R",923,"R",9,"R",1,"R",697,"R",76,"A",,"A",,"A",,"A",,"A",,"A",,"A",,"A",,"A",,"A",,"A",,"A",,"A",
143376,"A",,"A",,"A",,"A",,"A",,"A",,"A",,"A",,"A",,"A",,"A",,"A",,"A",,"R",29,"R",0,"R",29,"R",0,"R",0,"R",18,"R",62,"Z",0,"R",29,"R",0,"Z",0,"R",18,"R",62
143464,"A",,"A",,"A",,"A",,"A",,"A",,"A",,"A",,"A",,"A",,"A",,"A",,"A",,"R",3,"R",0,"R",3,"R",0,"R",0,"R",1,"R",33,"R",0,"R",3,"R",0,"R",0,"R",1,"R",33
143473,"A",,"A",,"A",,"A",,"A",,"A",,"A",,"A",,"A",,"A",,"A",,"A",,"A",,"R",6,"R",0,"R",6,"R",1,"R",17,"R",5,"R",83,"R",0,"R",6,"R",0,"R",0,"R",5,"R",83
143482,"A",,"A",,"A",,"A",,"A",,"A",,"A",,"A",,"A",,"A",,"A",,"A",,"A",,"R",12,"R",0,"R",12,"R",1,"R",8,"R",7,"R",58,"R",0,"R",12,"R",0,"R",0,"R",7,"R",58
143491,"A",,"A",,"A",,"A",,"A",,"A",,"A",,"A",,"A",,"A",,"A",,"A",,"A",,"R",6,"R",0,"R",6,"R",1,"R",17,"R",4,"R",67,"R",0,"R",6,"R",0,"R",0,"R",4,"R",67
143552,"A",,"A",,"A",,"A",,"A",,"A",,"A",,"A",,"A",,"A",,"A",,"A",,"A",,"R",3,"R",0,"R",3,"R",0,"R",0,"R",0,"R",0,"Z",0,"R",3,"R",0,"Z",0,"R",0,"R",0
143613,"A",,"A",,"A",,"A",,"A",,"A",,"A",,"A",,"A",,"A",,"A",,"A",,"A",,"R",214,"R",0,"R",214,"R",49,"R",23,"R",91,"R",43,"R",0,"R",214,"R",7,"R",1,"R",98,"R",46
144005,"R",162,"R",0,"R",162,"R",8,"R",5,"R",34,"R",21,"R",0,"R",162,"R",5,"R",2,"R",39,"R",24,"A",,"A",,"A",,"A",,"A",,"A",,"A",,"A",,"A",,"A",,"A",,"A",,"A",
144050,"R",1537,"R",2,"R",1535,"R",1391,"R",91,"R",1472,"R",96,"R",0,"R",1535,"R",4,"R",3,"R",1476,"R",96,"A",,"A",,"A",,"A",,"A",,"A",,"A",,"A",,"A",,"A",,"A",,"A",,"A",
144157,"A",,"A",,"A",,"A",,"A",,"A",,"A",,"A",,"A",,"A",,"A",,"A",,"A",,"R",238,"R",0,"R",238,"R",43,"R",18,"R",57,"R",24,"R",0,"R",238,"R",4,"R",1,"R",61,"R",26
144166,"A",,"A",,"A",,"A",,"A",,"A",,"A",,"A",,"A",,"A",,"A",,"A",,"A",,"R",908,"R",0,"R",908,"R",78,"R",9,"R",171,"R",19,"R",0,"R",908,"R",26,"R",49,"R",197,"R",22
144175,"A",,"A",,"A",,"A",,"A",,"A",,"A",,"A",,"A",,"A",,"A",,"A",,"A",,"R",173,"R",0,"R",173,"R",11,"R",6,"R",34,"R",20,"R",0,"R",173,"R",1,"R",3,"R",35,"R",20
144184,"A",,"A",,"A",,"A",,"A",,"A",,"A",,"A",,"A",,"A",,"A",,"A",,"A",,"R",330,"R",0,"R",330,"R",26,"R",8,"R",77,"R",23,"R",0,"R",330,"R",10,"R",13,"R",87,"R",26
144193,"A",,"A",,"A",,"A",,"A",,"A",,"A",,"A",,"A",,"A",,"A",,"A",,"A",,"R",502,"R",0,"R",502,"R",99,"R",20,"R",152,"R",30,"R",0,"R",502,"R",11,"R",23,"R",163,"R",32
144209,"A",,"A",,"A",,"A",,"A",,"A",,"A",,"A",,"A",,"A",,"A",,"A",,"A",,"R",1129,"R",0,"R",1129,"R",94,"R",8,"R",258,"R",23,"R",0,"R",1129,"R",55,"R",72,"R",313,"R",28
144218,"A",,"A",,"A",,"A",,"A",,"A",,"A",,"A",,"A",,"A",,"A",,"A",,"A",,"R",902,"R",0,"R",902,"R",126,"R",14,"R",272,"R",30,"R",0,"R",902,"R",31,"R",40,"R",303,"R",34
144281,"R",1764,"R",0,"R",1764,"R",772,"R",44,"R",897,"R",51,"R",0,"R",1764,"R",12,"R",8,"R",909,"R",52,"A",,"A",,"A",,"A",,"A",,"A",,"A",,"A",,"A",,"A",,"A",,"A",,"A",
144351,"R",293,"R",1,"R",292,"R",106,"R",36,"R",123,"R",42,"R",0,"R",292,"R",3,"R",1,"R",126,"R",43,"A",,"A",,"A",,"A",,"A",,"A",,"A",,"A",,"A",,"A",,"A",,"A",,"A",
144564,"A",,"A",,"A",,"A",,"A",,"A",,"A",,"A",,"A",,"A",,"A",,"A",,"A",,"R",291,"R",0,"R",291,"R",95,"R",33,"R",131,"R",45,"R",0,"R",291,"R",2,"R",4,"R",133,"R",46
144573,"A",,"A",,"A",,"A",,"A",,"A",,"A",,"A",,"A",,"A",,"A",,"A",,"A",,"R",1,"R",0,"R",1,"R",0,"R",0,"R",1,"R",100,"Z",0,"R",1,"R",0,"Z",0,"R",1,"R",100
144740,"R",2517,"R",3,"R",2514,"R",1449,"R",58,"R",1749,"R",70,"R",0,"R",2514,"R",31,"R",16,"R",1780,"R",71,"A",,"A",,"A",,"A",,"A",,"A",,"A",,"A",,"A",,"A",,"A",,"A",,"A",
144795,"A",,"A",,"A",,"A",,"A",,"A",,"A",,"A",,"A",,"A",,"A",,"A",,"A",,"R",216,"R",1,"R",215,"R",3,"R",1,"R",104,"R",48,"R",0,"R",215,"R",15,"R",0,"R",119,"R",55
144865,"A",,"A",,"A",,"A",,"A",,"A",,"A",,"A",,"A",,"A",,"A",,"A",,"A",,"R",1958,"R",0,"R",1958,"R",200,"R",10,"R",449,"R",23,"R",0,"R",1958,"R",102,"R",132,"R",551,"R",28
144883,"R",167,"R",0,"R",167,"R",8,"R",5,"R",17,"R",10,"R",0,"R",167,"R",6,"R",0,"R",23,"R",14,"A",,"A",,"A",,"A",,"A",,"A",,"A",,"A",,"A",,"A",,"A",,"A",,"A",
144892,"R",1078,"R",0,"R",1078,"R",372,"R",35,"R",547,"R",51,"R",0,"R",1078,"R",7,"R",0,"R",554,"R",51,"A",,"A",,"A",,"A",,"A",,"A",,"A",,"A",,"A",,"A",,"A",,"A",,"A",
144944,"A",,"A",,"A",,"A",,"A",,"A",,"A",,"A",,"A",,"A",,"A",,"A",,"A",,"R",994,"R",0,"R",994,"R",207,"R",21,"R",371,"R",37,"R",0,"R",994,"R",46,"R",72,"R",417,"R",42
144962,"R",478,"R",0,"R",478,"R",267,"R",56,"R",327,"R",68,"R",0,"R",478,"R",3,"R",1,"R",330,"R",69,"A",,"A",,"A",,"A",,"A",,"A",,"A",,"A",,"A",,"A",,"A",,"A",,"A",
144971,"R",165,"R",1,"R",164,"R",69,"R",42,"R",83,"R",51,"Z",0,"R",164,"R",0,"Z",0,"R",83,"R",51,"A",,"A",,"A",,"A",,"A",,"A",,"A",,"A",,"A",,"A",,"A",,"A",,"A",
145099,"A",,"A",,"A",,"A",,"A",,"A",,"A",,"A",,"A",,"A",,"A",,"A",,"A",,"R",250,"R",0,"R",250,"R",75,"R",30,"R",185,"R",74,"Z",0,"R",250,"R",13,"Z",0,"R",198,"R",79
145239,"A",,"A",,"A",,"A",,"A",,"A",,"A",,"A",,"A",,"A",,"A",,"A",,"A",,"R",21,"R",0,"R",21,"R",15,"R",71,"R",16,"R",76,"R",0,"R",21,"R",1,"R",0,"R",17,"R",81
145309,"A",,"A",,"A",,"A",,"A",,"A",,"A",,"A",,"A",,"A",,"A",,"A",,"A",,"R",16,"R",0,"R",16,"R",10,"R",63,"R",12,"R",75,"R",0,"R",16,"R",0,"R",0,"R",12,"R",75
145336,"R",203,"R",0,"R",203,"R",20,"R",10,"R",32,"R",16,"R",0,"R",203,"R",3,"R",4,"R",35,"R",17,"A",,"A",,"A",,"A",,"A",,"A",,"A",,"A",,"A",,"A",,"A",,"A",,"A",
145354,"A",,"A",,"A",,"A",,"A",,"A",,"A",,"A",,"A",,"A",,"A",,"A",,"A",,"R",2,"R",0,"R",2,"Z",0,"R",0,"Z",0,"R",0,"R",0,"R",2,"R",1,"R",0,"R",1,"R",50
145372,"R",260,"R",0,"R",260,"R",116,"R",45,"R",126,"R",48,"Z",0,"R",260,"R",1,"R",1,"R",127,"R",49,"A",,"A",,"A",,"A",,"A",,"A",,"A",,"A",,"A",,"A",,"A",,"A",,"A",
145406,"A",,"A",,"A",,"A",,"A",,"A",,"A",,"A",,"A",,"A",,"A",,"A",,"A",,"R",62,"R",0,"R",62,"R",8,"R",13,"R",52,"R",84,"Z",0,"R",62,"R",0,"Z",0,"R",52,"R",84
145424,"A",,"A",,"A",,"A",,"A",,"A",,"A",,"A",,"A",,"A",,"A",,"A",,"A",,"R",10,"R",0,"R",10,"R",0,"R",0,"R",6,"R",60,"Z",0,"R",10,"R",0,"Z",0,"R",6,"R",60
145433,"A",,"A",,"A",,"A",,"A",,"A",,"A",,"A",,"A",,"A",,"A",,"A",,"A",,"R",19,"R",0,"R",19,"R",1,"R",5,"R",9,"R",47,"R",0,"R",19,"R",1,"R",0,"R",10,"R",53
145497,"R",362,"R",0,"R",362,"R",19,"R",5,"R",20,"R",6,"Z",0,"R",362,"R",2,"Z",0,"R",22,"R",6,"A",,"A",,"A",,"A",,"A",,"A",,"A",,"A",,"A",,"A",,"A",,"A",,"A",
145521,"A",,"A",,"A",,"A",,"A",,"A",,"A",,"A",,"A",,"A",,"A",,"A",,"A",,"R",219,"R",0,"R",219,"R",69,"R",32,"R",108,"R",49,"R",0,"R",219,"R",7,"R",2,"R",115,"R",53
145600,"R",3462,"R",7,"R",3455,"R",1260,"R",36,"R",2151,"R",62,"R",0,"R",3455,"R",72,"R",22,"R",2223,"R",64,"A",,"A",,"A",,"A",,"A",,"A",,"A",,"A",,"A",,"A",,"A",,"A",,"A",
145619,"R",448,"R",0,"R",448,"R",158,"R",35,"R",209,"R",47,"R",0,"R",448,"R",7,"R",2,"R",216,"R",48,"A",,"A",,"A",,"A",,"A",,"A",,"A",,"A",,"A",,"A",,"A",,"A",,"A",
145637,"R",7556,"R",3,"R",7553,"R",5391,"R",71,"R",6411,"R",85,"R",1,"R",7552,"R",82,"R",14,"R",6493,"R",86,"A",,"A",,"A",,"A",,"A",,"A",,"A",,"A",,"A",,"A",,"A",,"A",,"A",
145646,"R",450,"R",0,"R",450,"R",340,"R",76,"R",365,"R",81,"R",0,"R",450,"R",5,"R",0,"R",370,"R",82,"A",,"A",,"A",,"A",,"A",,"A",,"A",,"A",,"A",,"A",,"A",,"A",,"A",
145682,"A",,"A",,"A",,"A",,"A",,"A",,"A",,"A",,"A",,"A",,"A",,"A",,"A",,"R",1095,"R",0,"R",1095,"R",159,"R",15,"R",346,"R",32,"R",0,"R",1095,"R",40,"R",55,"R",386,"R",35
145691,"R",240,"R",1,"R",239,"R",147,"R",62,"R",153,"R",64,"R",0,"R",239,"R",1,"R",0,"R",154,"R",64,"A",,"A",,"A",,"A",,"A",,"A",,"A",,"A",,"A",,"A",,"A",,"A",,"A",
145707,"A",,"A",,"A",,"A",,"A",,"A",,"A",,"A",,"A",,"A",,"A",,"A",,"A",,"R",223,"R",0,"R",223,"R",102,"R",46,"R",132,"R",59,"R",0,"R",223,"R",1,"R",2,"R",133,"R",60
145725,"R",479,"R",3,"R",476,"R",177,"R",37,"R",339,"R",71,"R",0,"R",476,"R",10,"R",2,"R",349,"R",73,"A",,"A",,"A",,"A",,"A",,"A",,"A",,"A",,"A",,"A",,"A",,"A",,"A",
145813,"R",3618,"R",0,"R",3618,"R",1731,"R",48,"R",2434,"R",67,"R",2,"R",3616,"R",29,"R",1,"R",2463,"R",68,"A",,"A",,"A",,"A",,"A",,"A",,"A",,"A",,"A",,"A",,"A",,"A",,"A",
145831,"A",,"A",,"A",,"A",,"A",,"A",,"A",,"A",,"A",,"A",,"A",,"A",,"A",,"R",410,"R",0,"R",410,"R",93,"R",23,"R",172,"R",42,"R",0,"R",410,"R",17,"R",9,"R",189,"R",46
146205,"A",,"A",,"A",,"A",,"A",,"A",,"A",,"A",,"A",,"A",,"A",,"A",,"A",,"R",504,"R",0,"R",504,"R",97,"R",19,"R",156,"R",31,"R",0,"R",504,"R",21,"R",17,"R",177,"R",35
146278,"A",,"A",,"A",,"A",,"A",,"A",,"A",,"A",,"A",,"A",,"A",,"A",,"A",,"R",391,"R",0,"R",391,"R",129,"R",33,"R",182,"R",47,"R",0,"R",391,"R",4,"R",5,"R",186,"R",48
146296,"A",,"A",,"A",,"A",,"A",,"A",,"A",,"A",,"A",,"A",,"A",,"A",,"A",,"R",879,"R",0,"R",879,"R",45,"R",5,"R",158,"R",18,"R",0,"R",879,"R",27,"R",62,"R",185,"R",21
146339,"R",145,"R",0,"R",145,"R",83,"R",57,"R",97,"R",67,"R",0,"R",145,"R",1,"R",0,"R",98,"R",68,"A",,"A",,"A",,"A",,"A",,"A",,"A",,"A",,"A",,"A",,"A",,"A",,"A",
146348,"A",,"A",,"A",,"A",,"A",,"A",,"A",,"A",,"A",,"A",,"A",,"A",,"A",,"R",269,"R",0,"R",269,"R",36,"R",13,"R",83,"R",31,"R",0,"R",269,"R",10,"R",6,"R",93,"R",35
146366,"A",,"A",,"A",,"A",,"A",,"A",,"A",,"A",,"A",,"A",,"A",,"A",,"A",,"R",239,"R",0,"R",239,"R",51,"R",21,"R",89,"R",37,"R",0,"R",239,"R",8,"R",5,"R",97,"R",41
146418,"A",,"A",,"A",,"A",,"A",,"A",,"A",,"A",,"A",,"A",,"A",,"A",,"A",,"R",387,"R",0,"R",387,"R",75,"R",19,"R",140,"R",36,"R",0,"R",387,"R",13,"R",8,"R",153,"R",40
146427,"R",386,"R",0,"R",386,"R",249,"R",65,"R",290,"R",75,"Z",0,"R",386,"R",2,"R",0,"R",292,"R",76,"A",,"A",,"A",,"A",,"A",,"A",,"A",,"A",,"A",,"A",,"A",,"A",,"A",
146454,"A",,"A",,"A",,"A",,"A",,"A",,"A",,"A",,"A",,"A",,"A",,"A",,"A",,"R",22,"R",0,"R",22,"R",4,"R",18,"R",13,"R",59,"Z",0,"R",22,"R",0,"Z",0,"R",13,"R",59
146472,"A",,"A",,"A",,"A",,"A",,"A",,"A",,"A",,"A",,"A",,"A",,"A",,"A",,"R",1337,"R",0,"R",1337,"R",181,"R",14,"R",454,"R",34,"R",0,"R",1337,"R",52,"R",90,"R",506,"R",38
146481,"R",356,"R",0,"R",356,"R",240,"R",67,"R",260,"R",73,"Z",0,"R",356,"R",0,"R",1,"R",260,"R",73,"A",,"A",,"A",,"A",,"A",,"A",,"A",,"A",,"A",,"A",,"A",,"A",,"A",
146506,"A",,"A",,"A",,"A",,"A",,"A",,"A",,"A",,"A",,"A",,"A",,"A",,"A",,"R",801,"R",0,"R",801,"R",234,"R",29,"R",376,"R",47,"R",0,"R",801,"R",18,"R",13,"R",394,"R",49
146603,"A",,"A",,"A",,"A",,"A",,"A",,"A",,"A",,"A",,"A",,"A",,"A",,"A",,"R",481,"R",0,"R",481,"R",136,"R",28,"R",206,"R",43,"R",0,"R",481,"R",19,"R",18,"R",225,"R",47
146612,"R",697,"R",2,"R",695,"R",308,"R",44,"R",416,"R",60,"R",0,"R",695,"R",5,"R",5,"R",421,"R",61,"A",,"A",,"A",,"A",,"A",,"A",,"A",,"A",,"A",,"A",,"A",,"A",,"A",
146667,"R",77,"R",0,"R",77,"R",31,"R",40,"R",32,"R",42,"R",0,"R",77,"R",1,"R",0,"R",33,"R",43,"A",,"A",,"A",,"A",,"A",,"A",,"A",,"A",,"A",,"A",,"A",,"A",,"A",
146685,"A",,"A",,"A",,"A",,"A",,"A",,"A",,"A",,"A",,"A",,"A",,"A",,"A",,"R",771,"R",0,"R",771,"R",196,"R",25,"R",309,"R",40,"R",0,"R",771,"R",35,"R",29,"R",344,"R",45
146700,"A",,"A",,"A",,"A",,"A",,"A",,"A",,"A",,"A",,"A",,"A",,"A",,"A",,"R",646,"R",0,"R",646,"R",181,"R",28,"R",353,"R",55,"R",0,"R",646,"R",10,"R",0,"R",363,"R",56
146719,"R",2194,"R",0,"R",2194,"R",1418,"R",65,"R",1579,"R",72,"R",0,"R",2194,"R",11,"R",6,"R",1590,"R",72,"A",,"A",,"A",,"A",,"A",,"A",,"A",,"A",,"A",,"A",,"A",,"A",,"A",
146755,"R",1,"R",0,"R",1,"Z",0,"R",0,"Z",0,"R",0,"Z",0,"R",1,"R",0,"Z",0,"R",0,"R",0,"A",,"A",,"A",,"A",,"A",,"A",,"A",,"A",,"A",,"A",,"A",,"A",,"A",
146807,"A",,"A",,"A",,"A",,"A",,"A",,"A",,"A",,"A",,"A",,"A",,"A",,"A",,"R",11,"R",0,"R",11,"R",9,"R",82,"R",9,"R",82,"Z",0,"R",11,"R",0,"Z",0,"R",9,"R",82
146816,"A",,"A",,"A",,"A",,"A",,"A",,"A",,"A",,"A",,"A",,"A",,"A",,"A",,"R",36,"R",0,"R",36,"R",3,"R",8,"R",5,"R",14,"Z",0,"R",36,"R",0,"Z",0,"R",5,"R",14
147004,"A",,"A",,"A",,"A",,"A",,"A",,"A",,"A",,"A",,"A",,"A",,"A",,"A",,"R",543,"R",0,"R",543,"R",93,"R",17,"R",186,"R",34,"R",0,"R",543,"R",21,"R",26,"R",207,"R",38
147013,"R",362,"R",20,"R",342,"R",147,"R",43,"R",190,"R",56,"R",0,"R",342,"R",1,"R",0,"R",191,"R",56,"A",,"A",,"A",,"A",,"A",,"A",,"A",,"A",,"A",,"A",,"A",,"A",,"A",
147129,"R",9,"R",0,"R",9,"R",4,"R",44,"R",5,"R",56,"Z",0,"R",9,"R",0,"Z",0,"R",5,"R",56,"A",,"A",,"A",,"A",,"A",,"A",,"A",,"A",,"A",,"A",,"A",,"A",,"A",
147244,"R",419,"R",1,"R",418,"R",186,"R",44,"R",229,"R",55,"R",0,"R",418,"R",3,"R",0,"R",232,"R",56,"A",,"A",,"A",,"A",,"A",,"A",,"A",,"A",,"A",,"A",,"A",,"A",,"A",
147341,"R",270,"R",0,"R",270,"R",135,"R",50,"R",149,"R",55,"R",0,"R",270,"R",4,"R",0,"R",153,"R",57,"A",,"A",,"A",,"A",,"A",,"A",,"A",,"A",,"A",,"A",,"A",,"A",,"A",
147369,"R",401,"R",3,"R",398,"R",167,"R",42,"R",210,"R",53,"Z",0,"R",398,"R",19,"Z",0,"R",229,"R",58,"A",,"A",,"A",,"A",,"A",,"A",,"A",,"A",,"A",,"A",,"A",,"A",,"A",
147378,"A",,"A",,"A",,"A",,"A",,"A",,"A",,"A",,"A",,"A",,"A",,"A",,"A",,"R",1415,"R",0,"R",1415,"R",223,"R",16,"R",484,"R",34,"R",0,"R",1415,"R",57,"R",62,"R",541,"R",38
147396,"A",,"A",,"A",,"A",,"A",,"A",,"A",,"A",,"A",,"A",,"A",,"A",,"A",,"R",33,"R",0,"R",33,"R",26,"R",79,"R",26,"R",79,"Z",0,"R",33,"R",0,"Z",0,"R",26,"R",79
147411,"A",,"A",,"A",,"A",,"A",,"A",,"A",,"A",,"A",,"A",,"A",,"A",,"A",,"R",337,"R",0,"R",337,"R",29,"R",9,"R",82,"R",24,"R",0,"R",337,"R",17,"R",20,"R",99,"R",29
147536,"R",80,"R",0,"R",80,"R",15,"R",19,"R",27,"R",34,"Z",0,"R",80,"R",1,"R",1,"R",28,"R",35,"A",,"A",,"A",,"A",,"A",,"A",,"A",,"A",,"A",,"A",,"A",,"A",,"A",
147642,"A",,"A",,"A",,"A",,"A",,"A",,"A",,"A",,"A",,"A",,"A",,"A",,"A",,"R",15,"R",0,"R",15,"R",8,"R",53,"R",11,"R",73,"Z",0,"R",15,"R",0,"Z",0,"R",11,"R",73
147660,"R",599,"R",0,"R",599,"R",339,"R",57,"R",386,"R",64,"Z",0,"R",599,"R",2,"R",0,"R",388,"R",65,"A",,"A",,"A",,"A",,"A",,"A",,"A",,"A",,"A",,"A",,"A",,"A",,"A",
147679,"R",358,"R",0,"R",358,"R",152,"R",42,"R",219,"R",61,"R",0,"R",358,"R",2,"R",2,"R",221,"R",62,"A",,"A",,"A",,"A",,"A",,"A",,"A",,"A",,"A",,"A",,"A",,"A",,"A",
147703,"R",2235,"R",0,"R",2235,"R",683,"R",31,"R",1135,"R",51,"R",0,"R",2235,"R",39,"R",11,"R",1174,"R",53,"A",,"A",,"A",,"A",,"A",,"A",,"A",,"A",,"A",,"A",,"A",,"A",,"A",
147767,"R",2018,"R",6,"R",2012,"R",1736,"R",86,"R",1916,"R",95,"R",0,"R",2012,"R",14,"R",3,"R",1930,"R",96,"A",,"A",,"A",,"A",,"A",,"A",,"A",,"A",,"A",,"A",,"A",,"A",,"A",
147776,"R",708,"R",2,"R",706,"R",32,"R",5,"R",151,"R",21,"R",0,"R",706,"R",7,"R",0,"R",158,"R",22,"A",,"A",,"A",,"A",,"A",,"A",,"A",,"A",,"A",,"A",,"A",,"A",,"A",
147800,"A",,"A",,"A",,"A",,"A",,"A",,"A",,"A",,"A",,"A",,"A",,"A",,"A",,"R",474,"R",0,"R",474,"R",71,"R",15,"R",132,"R",28,"R",0,"R",474,"R",21,"R",27,"R",153,"R",32
147819,"A",,"A",,"A",,"A",,"A",,"A",,"A",,"A",,"A",,"A",,"A",,"A",,"A",,"R",43,"R",0,"R",43,"R",13,"R",30,"R",38,"R",88,"Z",0,"R",43,"R",0,"Z",0,"R",38,"R",88
147828,"R",731,"R",1,"R",730,"R",400,"R",55,"R",466,"R",64,"R",0,"R",730,"R",2,"R",1,"R",468,"R",64,"A",,"A",,"A",,"A",,"A",,"A",,"A",,"A",,"A",,"A",,"A",,"A",,"A",
147916,"A",,"A",,"A",,"A",,"A",,"A",,"A",,"A",,"A",,"A",,"A",,"A",,"A",,"R",759,"R",0,"R",759,"R",135,"R",18,"R",255,"R",34,"R",0,"R",759,"R",18,"R",24,"R",273,"R",36
148007,"A",,"A",,"A",,"A",,"A",,"A",,"A",,"A",,"A",,"A",,"A",,"A",,"A",,"R",312,"R",0,"R",312,"R",15,"R",5,"R",49,"R",16,"R",0,"R",312,"R",8,"R",9,"R",57,"R",18
148016,"R",79,"R",1,"R",78,"R",55,"R",71,"R",67,"R",86,"Z",0,"R",78,"R",0,"Z",0,"R",67,"R",86,"A",,"A",,"A",,"A",,"A",,"A",,"A",,"A",,"A",,"A",,"A",,"A",,"A",
148098,"A",,"A",,"A",,"A",,"A",,"A",,"A",,"A",,"A",,"A",,"A",,"A",,"A",,"R",44,"R",0,"R",44,"R",3,"R",7,"R",34,"R",77,"Z",0,"R",44,"R",0,"Z",0,"R",34,"R",77
148131,"R",278,"R",0,"R",278,"R",86,"R",31,"R",116,"R",42,"Z",0,"R",278,"R",0,"Z",0,"R",116,"R",42,"A",,"A",,"A",,"A",,"A",,"A",,"A",,"A",,"A",,"A",,"A",,"A",,"A",
148256,"A",,"A",,"A",,"A",,"A",,"A",,"A",,"A",,"A",,"A",,"A",,"A",,"A",,"R",446,"R",0,"R",446,"R",194,"R",43,"R",248,"R",56,"R",0,"R",446,"R",3,"R",3,"R",251,"R",56
148292,"A",,"A",,"A",,"A",,"A",,"A",,"A",,"A",,"A",,"A",,"A",,"A",,"A",,"R",220,"R",0,"R",220,"R",71,"R",32,"R",88,"R",40,"R",0,"R",220,"R",7,"R",7,"R",95,"R",43
148380,"A",,"A",,"A",,"A",,"A",,"A",,"A",,"A",,"A",,"A",,"A",,"A",,"A",,"R",685,"R",0,"R",685,"R",92,"R",13,"R",250,"R",36,"R",0,"R",685,"R",24,"R",27,"R",274,"R",40
148405,"R",164,"R",0,"R",164,"R",43,"R",26,"R",52,"R",32,"R",0,"R",164,"R",14,"R",0,"R",66,"R",40,"A",,"A",,"A",,"A",,"A",,"A",,"A",,"A",,"A",,"A",,"A",,"A",,"A",
148487,"R",440,"R",1,"R",439,"R",130,"R",30,"R",168,"R",38,"Z",0,"R",439,"R",1,"R",2,"R",169,"R",38,"A",,"A",,"A",,"A",,"A",,"A",,"A",,"A",,"A",,"A",,"A",,"A",,"A",
148496,"R",483,"R",0,"R",483,"R",194,"R",40,"R",252,"R",52,"R",0,"R",483,"R",1,"R",0,"R",253,"R",52,"A",,"A",,"A",,"A",,"A",,"A",,"A",,"A",,"A",,"A",,"A",,"A",,"A",
148584,"R",181,"R",0,"R",181,"R",72,"R",40,"R",117,"R",65,"R",0,"R",181,"R",1,"R",2,"R",118,"R",65,"A",,"A",,"A",,"A",,"A",,"A",,"A",,"A",,"A",,"A",,"A",,"A",,"A",
148627,"R",620,"R",0,"R",620,"R",236,"R",38,"R",317,"R",51,"R",0,"R",620,"R",9,"R",2,"R",326,"R",53,"A",,"A",,"A",,"A",,"A",,"A",,"A",,"A",,"A",,"A",,"A",,"A",,"A",
148654,"R",254,"R",0,"R",254,"R",96,"R",38,"R",131,"R",52,"R",0,"R",254,"R",2,"R",1,"R",133,"R",52,"A",,"A",,"A",,"A",,"A",,"A",,"A",,"A",,"A",,"A",,"A",,"A",,"A",
148672,"A",,"A",,"A",,"A",,"A",,"A",,"A",,"A",,"A",,"A",,"A",,"A",,"A",,"R",274,"R",0,"R",274,"R",72,"R",26,"R",125,"R",46,"R",0,"R",274,"R",12,"R",9,"R",137,"R",50
148821,"A",,"A",,"A",,"A",,"A",,"A",,"A",,"A",,"A",,"A",,"A",,"A",,"A",,"R",238,"R",0,"R",238,"R",91,"R",38,"R",120,"R",50,"R",0,"R",238,"R",3,"R",6,"R",123,"R",52
148876,"R",65,"R",0,"R",65,"R",2,"R",3,"R",6,"R",9,"Z",0,"R",65,"R",0,"Z",0,"R",6,"R",9,"A",,"A",,"A",,"A",,"A",,"A",,"A",,"A",,"A",,"A",,"A",,"A",,"A",
148937,"A",,"A",,"A",,"A",,"A",,"A",,"A",,"A",,"A",,"A",,"A",,"A",,"A",,"R",244,"R",0,"R",244,"R",65,"R",27,"R",102,"R",42,"R",0,"R",244,"R",2,"R",2,"R",104,"R",43
148955,"A",,"A",,"A",,"A",,"A",,"A",,"A",,"A",,"A",,"A",,"A",,"A",,"A",,"R",3,"R",0,"R",3,"R",0,"R",0,"R",3,"R",100,"Z",0,"R",3,"R",0,"Z",0,"R",3,"R",100
148991,"A",,"A",,"A",,"A",,"A",,"A",,"A",,"A",,"A",,"A",,"A",,"A",,"A",,"R",134,"R",0,"R",134,"R",26,"R",19,"R",55,"R",41,"R",0,"R",134,"R",1,"R",0,"R",56,"R",42
149028,"R",1,"R",0,"R",1,"R",1,"R",100,"R",1,"R",100,"Z",0,"R",1,"R",0,"Z",0,"R",1,"R",100,"A",,"A",,"A",,"A",,"A",,"A",,"A",,"A",,"A",,"A",,"A",,"A",,"A",
149204,"A",,"A",,"A",,"A",,"A",,"A",,"A",,"A",,"A",,"A",,"A",,"A",,"A",,"R",38,"R",1,"R",37,"R",1,"R",3,"R",26,"R",70,"Z",0,"R",37,"R",1,"R",0,"R",27,"R",73
149222,"R",2158,"R",3,"R",2155,"R",688,"R",32,"R",965,"R",45,"R",1,"R",2154,"R",27,"R",0,"R",992,"R",46,"A",,"A",,"A",,"A",,"A",,"A",,"A",,"A",,"A",,"A",,"A",,"A",,"A",
149231,"R",2074,"R",4,"R",2070,"R",616,"R",30,"R",1017,"R",49,"R",0,"R",2070,"R",56,"R",20,"R",1073,"R",52,"A",,"A",,"A",,"A",,"A",,"A",,"A",,"A",,"A",,"A",,"A",,"A",,"A",
149310,"A",,"A",,"A",,"A",,"A",,"A",,"A",,"A",,"A",,"A",,"A",,"A",,"A",,"R",27,"R",0,"R",27,"R",15,"R",56,"R",15,"R",56,"Z",0,"R",27,"R",0,"Z",0,"R",15,"R",56
149329,"R",21,"R",0,"R",21,"Z",0,"R",0,"R",1,"R",5,"Z",0,"R",21,"R",0,"Z",0,"R",1,"R",5,"A",,"A",,"A",,"A",,"A",,"A",,"A",,"A",,"A",,"A",,"A",,"A",,"A",
149365,"A",,"A",,"A",,"A",,"A",,"A",,"A",,"A",,"A",,"A",,"A",,"A",,"A",,"R",201,"R",0,"R",201,"R",20,"R",10,"R",37,"R",18,"R",0,"R",201,"R",10,"R",6,"R",47,"R",23
149505,"R",190,"R",0,"R",190,"R",101,"R",53,"R",125,"R",66,"Z",0,"R",190,"R",0,"R",0,"R",125,"R",66,"A",,"A",,"A",,"A",,"A",,"A",,"A",,"A",,"A",,"A",,"A",,"A",,"A",
149514,"R",148,"R",0,"R",148,"R",58,"R",39,"R",66,"R",45,"R",0,"R",148,"R",2,"R",0,"R",68,"R",46,"A",,"A",,"A",,"A",,"A",,"A",,"A",,"A",,"A",,"A",,"A",,"A",,"A",
149532,"A",,"A",,"A",,"A",,"A",,"A",,"A",,"A",,"A",,"A",,"A",,"A",,"A",,"R",827,"R",0,"R",827,"R",158,"R",19,"R",286,"R",35,"R",0,"R",827,"R",38,"R",40,"R",324,"R",39
149550,"A",,"A",,"A",,"A",,"A",,"A",,"A",,"A",,"A",,"A",,"A",,"A",,"A",,"R",50,"R",0,"R",50,"R",1,"R",2,"R",38,"R",76,"R",0,"R",50,"R",11,"R",0,"R",49,"R",98
149639,"R",20,"R",0,"R",20,"R",11,"R",55,"R",13,"R",65,"Z",0,"R",20,"R",0,"Z",0,"R",13,"R",65,"A",,"A",,"A",,"A",,"A",,"A",,"A",,"A",,"A",,"A",,"A",,"A",,"A",
149727,"A",,"A",,"A",,"A",,"A",,"A",,"A",,"A",,"A",,"A",,"A",,"A",,"A",,"R",968,"R",0,"R",968,"R",154,"R",16,"R",323,"R",33,"R",0,"R",968,"R",44,"R",54,"R",367,"R",38
149772,"R",1502,"R",0,"R",1502,"R",481,"R",32,"R",764,"R",51,"R",0,"R",1502,"R",22,"R",4,"R",786,"R",52,"A",,"A",,"A",,"A",,"A",,"A",,"A",,"A",,"A",,"A",,"A",,"A",,"A",
149781,"R",605,"R",0,"R",605,"R",495,"R",82,"R",530,"R",88,"R",0,"R",605,"R",2,"R",0,"R",532,"R",88,"A",,"A",,"A",,"A",,"A",,"A",,"A",,"A",,"A",,"A",,"A",,"A",,"A",
149842,"A",,"A",,"A",,"A",,"A",,"A",,"A",,"A",,"A",,"A",,"A",,"A",,"A",,"R",1765,"R",0,"R",1765,"R",461,"R",26,"R",772,"R",44,"R",0,"R",1765,"R",58,"R",98,"R",830,"R",47
150066,"R",421,"R",0,"R",421,"R",229,"R",54,"R",265,"R",63,"R",0,"R",421,"R",1,"R",0,"R",266,"R",63,"A",,"A",,"A",,"A",,"A",,"A",,"A",,"A",,"A",,"A",,"A",,"A",,"A",
150136,"R",3499,"R",11,"R",3488,"R",1900,"R",54,"R",2374,"R",68,"R",0,"R",3488,"R",20,"R",7,"R",2394,"R",69,"A",,"A",,"A",,"A",,"A",,"A",,"A",,"A",,"A",,"A",,"A",,"A",,"A",
150145,"R",269,"R",0,"R",269,"R",144,"R",54,"R",170,"R",63,"R",0,"R",269,"R",1,"R",1,"R",171,"R",64,"A",,"A",,"A",,"A",,"A",,"A",,"A",,"A",,"A",,"A",,"A",,"A",,"A",
150163,"R",935,"R",1,"R",934,"R",697,"R",75,"R",768,"R",82,"R",0,"R",934,"R",2,"R",1,"R",770,"R",82,"A",,"A",,"A",,"A",,"A",,"A",,"A",,"A",,"A",,"A",,"A",,"A",,"A",
150172,"R",114,"R",0,"R",114,"R",16,"R",14,"R",19,"R",17,"Z",0,"R",114,"R",1,"Z",0,"R",20,"R",18,"A",,"A",,"A",,"A",,"A",,"A",,"A",,"A",,"A",,"A",,"A",,"A",,"A",
150251,"A",,"A",,"A",,"A",,"A",,"A",,"A",,"A",,"A",,"A",,"A",,"A",,"A",,"R",8,"R",0,"R",8,"R",2,"R",25,"R",2,"R",25,"R",0,"R",8,"R",0,"R",1,"R",2,"R",25
150303,"A",,"A",,"A",,"A",,"A",,"A",,"A",,"A",,"A",,"A",,"A",,"A",,"A",,"R",11,"R",0,"R",11,"R",2,"R",18,"R",6,"R",55,"Z",0,"R",11,"R",0,"Z",0,"R",6,"R",55
150400,"R",596,"R",0,"R",596,"R",468,"R",79,"R",492,"R",83,"Z",0,"R",596,"R",0,"Z",0,"R",492,"R",83,"A",,"A",,"A",,"A",,"A",,"A",,"A",,"A",,"A",,"A",,"A",,"A",,"A",
150428,"A",,"A",,"A",,"A",,"A",,"A",,"A",,"A",,"A",,"A",,"A",,"A",,"A",,"R",6,"R",0,"R",6,"R",6,"R",100,"R",6,"R",100,"Z",0,"R",6,"R",0,"Z",0,"R",6,"R",100
150455,"R",252,"R",0,"R",252,"R",162,"R",64,"R",184,"R",73,"Z",0,"R",252,"R",0,"Z",0,"R",184,"R",73,"A",,"A",,"A",,"A",,"A",,"A",,"A",,"A",,"A",,"A",,"A",,"A",,"A",
150534,"R",515,"R",0,"R",515,"R",301,"R",58,"R",356,"R",69,"R",0,"R",515,"R",3,"R",1,"R",359,"R",70,"A",,"A",,"A",,"A",,"A",,"A",,"A",,"A",,"A",,"A",,"A",,"A",,"A",
150604,"R",290,"R",1,"R",289,"R",165,"R",57,"R",177,"R",61,"Z",0,"R",289,"R",0,"R",0,"R",177,"R",61,"A",,"A",,"A",,"A",,"A",,"A",,"A",,"A",,"A",,"A",,"A",,"A",,"A",
150668,"R",176,"R",0,"R",176,"R",97,"R",55,"R",114,"R",65,"Z",0,"R",176,"R",2,"R",0,"R",116,"R",66,"A",,"A",,"A",,"A",,"A",,"A",,"A",,"A",,"A",,"A",,"A",,"A",,"A",
150677,"R",351,"R",0,"R",351,"R",242,"R",69,"R",251,"R",72,"R",0,"R",351,"R",2,"R",0,"R",253,"R",72,"A",,"A",,"A",,"A",,"A",,"A",,"A",,"A",,"A",,"A",,"A",,"A",,"A",
150756,"R",304,"R",0,"R",304,"R",187,"R",62,"R",193,"R",63,"R",0,"R",304,"R",2,"R",0,"R",195,"R",64,"A",,"A",,"A",,"A",,"A",,"A",,"A",,"A",,"A",,"A",,"A",,"A",,"A",
150765,"A",,"A",,"A",,"A",,"A",,"A",,"A",,"A",,"A",,"A",,"A",,"A",,"A",,"R",15,"R",0,"R",15,"R",1,"R",7,"R",11,"R",73,"Z",0,"R",15,"R",0,"Z",0,"R",11,"R",73
150774,"R",178,"R",0,"R",178,"R",64,"R",36,"R",68,"R",38,"Z",0,"R",178,"R",0,"Z",0,"R",68,"R",38,"A",,"A",,"A",,"A",,"A",,"A",,"A",,"A",,"A",,"A",,"A",,"A",,"A",
150853,"A",,"A",,"A",,"A",,"A",,"A",,"A",,"A",,"A",,"A",,"A",,"A",,"A",,"R",23,"R",0,"R",23,"R",5,"R",22,"R",15,"R",65,"Z",0,"R",23,"R",0,"Z",0,"R",15,"R",65
150941,"R",208,"R",1,"R",207,"R",122,"R",59,"R",142,"R",69,"R",0,"R",207,"R",1,"R",0,"R",143,"R",69,"A",,"A",,"A",,"A",,"A",,"A",,"A",,"A",,"A",,"A",,"A",,"A",,"A",
150987,"A",,"A",,"A",,"A",,"A",,"A",,"A",,"A",,"A",,"A",,"A",,"A",,"A",,"R",5792,"R",2,"R",5790,"R",1189,"R",21,"R",1783,"R",31,"R",0,"R",5790,"R",309,"R",354,"R",2092,"R",36
151102,"R",1426,"R",3,"R",1423,"R",312,"R",22,"R",526,"R",37,"R",0,"R",1423,"R",26,"R",26,"R",552,"R",39,"A",,"A",,"A",,"A",,"A",,"A",,"A",,"A",,"A",,"A",,"A",,"A",,"A",
151111,"R",3604,"R",5,"R",3599,"R",1359,"R",38,"R",2035,"R",57,"R",1,"R",3598,"R",77,"R",43,"R",2112,"R",59,"A",,"A",,"A",,"A",,"A",,"A",,"A",,"A",,"A",,"A",,"A",,"A",,"A",
151263,"R",957,"R",1,"R",956,"R",489,"R",51,"R",607,"R",63,"R",0,"R",956,"R",3,"R",0,"R",610,"R",64,"A",,"A",,"A",,"A",,"A",,"A",,"A",,"A",,"A",,"A",,"A",,"A",,"A",
151290,"R",390,"R",0,"R",390,"R",100,"R",26,"R",152,"R",39,"R",1,"R",389,"R",6,"R",1,"R",158,"R",41,"A",,"A",,"A",,"A",,"A",,"A",,"A",,"A",,"A",,"A",,"A",,"A",,"A",
151306,"R",1623,"R",3,"R",1620,"R",547,"R",34,"R",807,"R",50,"R",0,"R",1620,"R",24,"R",6,"R",831,"R",51,"A",,"A",,"A",,"A",,"A",,"A",,"A",,"A",,"A",,"A",,"A",,"A",,"A",
151324,"R",2771,"R",6,"R",2765,"R",784,"R",28,"R",1139,"R",41,"R",3,"R",2762,"R",34,"R",7,"R",1173,"R",42,"A",,"A",,"A",,"A",,"A",,"A",,"A",,"A",,"A",,"A",,"A",,"A",,"A",
151333,"R",539,"R",3,"R",536,"R",141,"R",26,"R",231,"R",43,"R",0,"R",536,"R",13,"R",5,"R",244,"R",46,"A",,"A",,"A",,"A",,"A",,"A",,"A",,"A",,"A",,"A",,"A",,"A",,"A",
151342,"R",810,"R",0,"R",810,"R",148,"R",18,"R",311,"R",38,"R",0,"R",810,"R",29,"R",13,"R",340,"R",42,"A",,"A",,"A",,"A",,"A",,"A",,"A",,"A",,"A",,"A",,"A",,"A",,"A",
151351,"R",7843,"R",4,"R",7839,"R",5445,"R",69,"R",6338,"R",81,"R",0,"R",7839,"R",95,"R",26,"R",6433,"R",82,"A",,"A",,"A",,"A",,"A",,"A",,"A",,"A",,"A",,"A",,"A",,"A",,"A",
151360,"R",567,"R",0,"R",567,"R",125,"R",22,"R",215,"R",38,"R",0,"R",567,"R",11,"R",6,"R",226,"R",40,"A",,"A",,"A",,"A",,"A",,"A",,"A",,"A",,"A",,"A",,"A",,"A",,"A",
151379,"R",835,"R",1,"R",834,"R",181,"R",22,"R",323,"R",39,"R",0,"R",834,"R",24,"R",11,"R",347,"R",42,"A",,"A",,"A",,"A",,"A",,"A",,"A",,"A",,"A",,"A",,"A",,"A",,"A",
151388,"R",338,"R",1,"R",337,"R",110,"R",33,"R",144,"R",43,"R",0,"R",337,"R",5,"R",4,"R",149,"R",44,"A",,"A",,"A",,"A",,"A",,"A",,"A",,"A",,"A",,"A",,"A",,"A",,"A",
151467,"A",,"A",,"A",,"A",,"A",,"A",,"A",,"A",,"A",,"A",,"A",,"A",,"A",,"R",113,"R",0,"R",113,"R",72,"R",64,"R",80,"R",71,"Z",0,"R",113,"R",0,"Z",0,"R",80,"R",71
151564,"A",,"A",,"A",,"A",,"A",,"A",,"A",,"A",,"A",,"A",,"A",,"A",,"A",,"R",5,"R",0,"R",5,"R",0,"R",0,"R",3,"R",60,"Z",0,"R",5,"R",0,"Z",0,"R",3,"R",60
151607,"A",,"A",,"A",,"A",,"A",,"A",,"A",,"A",,"A",,"A",,"A",,"A",,"A",,"R",15,"R",0,"R",15,"R",0,"R",0,"R",7,"R",47,"Z",0,"R",15,"R",0,"Z",0,"R",7,"R",47
151661,"A",,"A",,"A",,"A",,"A",,"A",,"A",,"A",,"A",,"A",,"A",,"A",,"A",,"R",818,"R",0,"R",818,"R",300,"R",37,"R",419,"R",51,"R",0,"R",818,"R",3,"R",0,"R",422,"R",52
151777,"R",391,"R",1,"R",390,"R",195,"R",50,"R",209,"R",54,"R",0,"R",390,"R",1,"R",0,"R",210,"R",54,"A",,"A",,"A",,"A",,"A",,"A",,"A",,"A",,"A",,"A",,"A",,"A",,"A",
151786,"R",304,"R",0,"R",304,"R",136,"R",45,"R",196,"R",64,"Z",0,"R",304,"R",0,"Z",0,"R",196,"R",64,"A",,"A",,"A",,"A",,"A",,"A",,"A",,"A",,"A",,"A",,"A",,"A",,"A",
151801,"R",683,"R",0,"R",683,"R",424,"R",62,"R",484,"R",71,"R",0,"R",683,"R",6,"R",1,"R",490,"R",72,"A",,"A",,"A",,"A",,"A",,"A",,"A",,"A",,"A",,"A",,"A",,"A",,"A",
151810,"R",4,"R",0,"R",4,"Z",0,"R",0,"R",1,"R",25,"Z",0,"R",4,"R",0,"Z",0,"R",1,"R",25,"A",,"A",,"A",,"A",,"A",,"A",,"A",,"A",,"A",,"A",,"A",,"A",,"A",
151962,"R",31,"R",0,"R",31,"R",1,"R",3,"R",6,"R",19,"Z",0,"R",31,"R",0,"Z",0,"R",6,"R",19,"A",,"A",,"A",,"A",,"A",,"A",,"A",,"A",,"A",,"A",,"A",,"A",,"A",
152044,"A",,"A",,"A",,"A",,"A",,"A",,"A",,"A",,"A",,"A",,"A",,"A",,"A",,"P",19,"P",0,"P",19,"P",5,"P",26,"P",19,"P",100,"P",0,"P",19,"P",0,"P",0,"P",19,"P",100
152080,"R",2006,"R",4,"R",2002,"R",1787,"R",89,"R",1919,"R",96,"R",0,"R",2002,"R",3,"R",0,"R",1922,"R",96,"A",,"A",,"A",,"A",,"A",,"A",,"A",,"A",,"A",,"A",,"A",,"A",,"A",
152099,"R",76,"R",0,"R",76,"R",26,"R",34,"R",44,"R",58,"R",0,"R",76,"R",7,"R",1,"R",51,"R",67,"A",,"A",,"A",,"A",,"A",,"A",,"A",,"A",,"A",,"A",,"A",,"A",,"A",
152150,"A",,"A",,"A",,"A",,"A",,"A",,"A",,"A",,"A",,"A",,"A",,"A",,"A",,"R",15,"R",0,"R",15,"R",2,"R",13,"R",7,"R",47,"Z",0,"R",15,"R",0,"Z",0,"R",7,"R",47
152275,"A",,"A",,"A",,"A",,"A",,"A",,"A",,"A",,"A",,"A",,"A",,"A",,"A",,"R",48,"R",0,"R",48,"R",0,"R",0,"R",21,"R",44,"Z",0,"R",48,"R",0,"Z",0,"R",21,"R",44
152309,"A",,"A",,"A",,"A",,"A",,"A",,"A",,"A",,"A",,"A",,"A",,"A",,"A",,"R",25,"R",0,"R",25,"R",3,"R",12,"R",15,"R",60,"R",0,"R",25,"R",2,"R",0,"R",17,"R",68
152318,"R",544,"R",1,"R",543,"R",405,"R",75,"R",471,"R",87,"R",0,"R",543,"R",3,"R",0,"R",474,"R",87,"A",,"A",,"A",,"A",,"A",,"A",,"A",,"A",,"A",,"A",,"A",,"A",,"A",
152336,"R",344,"R",0,"R",344,"R",174,"R",51,"R",192,"R",56,"R",0,"R",344,"R",3,"R",3,"R",195,"R",57,"A",,"A",,"A",,"A",,"A",,"A",,"A",,"A",,"A",,"A",,"A",,"A",,"A",
152381,"R",68,"R",0,"R",68,"R",34,"R",50,"R",41,"R",60,"R",0,"R",68,"R",1,"R",0,"R",42,"R",62,"A",,"A",,"A",,"A",,"A",,"A",,"A",,"A",,"A",,"A",,"A",,"A",,"A",
152390,"R",419,"R",0,"R",419,"R",289,"R",69,"R",312,"R",74,"R",0,"R",419,"R",1,"R",0,"R",313,"R",75,"A",,"A",,"A",,"A",,"A",,"A",,"A",,"A",,"A",,"A",,"A",,"A",,"A",
152497,"A",,"A",,"A",,"A",,"A",,"A",,"A",,"A",,"A",,"A",,"A",,"A",,"A",,"R",9,"R",0,"R",9,"R",3,"R",33,"R",6,"R",67,"R",0,"R",9,"R",0,"R",0,"R",6,"R",67
152530,"R",518,"R",0,"R",518,"R",376,"R",73,"R",398,"R",77,"R",0,"R",518,"R",3,"R",0,"R",401,"R",77,"A",,"A",,"A",,"A",,"A",,"A",,"A",,"A",,"A",,"A",,"A",,"A",,"A",
152567,"R",470,"R",0,"R",470,"R",233,"R",50,"R",296,"R",63,"R",0,"R",470,"R",2,"R",0,"R",298,"R",63,"A",,"A",,"A",,"A",,"A",,"A",,"A",,"A",,"A",,"A",,"A",,"A",,"A",
152600,"R",742,"R",1,"R",741,"R",482,"R",65,"R",551,"R",74,"R",0,"R",741,"R",3,"R",0,"R",554,"R",75,"A",,"A",,"A",,"A",,"A",,"A",,"A",,"A",,"A",,"A",,"A",,"A",,"A",
152628,"A",,"A",,"A",,"A",,"A",,"A",,"A",,"A",,"A",,"A",,"A",,"A",,"A",,"R",21,"R",0,"R",21,"R",11,"R",52,"R",16,"R",76,"Z",0,"R",21,"R",0,"Z",0,"R",16,"R",76
152637,"R",65,"R",0,"R",65,"R",11,"R",17,"R",14,"R",22,"Z",0,"R",65,"R",0,"Z",0,"R",14,"R",22,"A",,"A",,"A",,"A",,"A",,"A",,"A",,"A",,"A",,"A",,"A",,"A",,"A",
152673,"R",240,"R",5,"R",235,"R",185,"R",79,"R",195,"R",83,"R",0,"R",235,"R",2,"R",0,"R",197,"R",84,"A",,"A",,"A",,"A",,"A",,"A",,"A",,"A",,"A",,"A",,"A",,"A",,"A",
152992,"R",185,"R",0,"R",185,"R",82,"R",44,"R",103,"R",56,"Z",0,"R",185,"R",0,"Z",0,"R",103,"R",56,"A",,"A",,"A",,"A",,"A",,"A",,"A",,"A",,"A",,"A",,"A",,"A",,"A",
153001,"R",223,"R",0,"R",223,"R",125,"R",56,"R",140,"R",63,"R",0,"R",223,"R",1,"R",1,"R",141,"R",63,"A",,"A",,"A",,"A",,"A",,"A",,"A",,"A",,"A",,"A",,"A",,"A",,"A",
153074,"A",,"A",,"A",,"A",,"A",,"A",,"A",,"A",,"A",,"A",,"A",,"A",,"A",,"R",38,"R",0,"R",38,"R",6,"R",16,"R",27,"R",71,"Z",0,"R",38,"R",0,"Z",0,"R",27,"R",71
153083,"A",,"A",,"A",,"A",,"A",,"A",,"A",,"A",,"A",,"A",,"A",,"A",,"A",,"R",21,"R",0,"R",21,"R",4,"R",19,"R",15,"R",71,"Z",0,"R",21,"R",0,"Z",0,"R",15,"R",71
153108,"R",316,"R",0,"R",316,"R",191,"R",60,"R",209,"R",66,"R",0,"R",316,"R",1,"R",0,"R",210,"R",66,"A",,"A",,"A",,"A",,"A",,"A",,"A",,"A",,"A",,"A",,"A",,"A",,"A",
153126,"R",180,"R",2,"R",178,"R",87,"R",49,"R",97,"R",54,"Z",0,"R",178,"R",0,"Z",0,"R",97,"R",54,"A",,"A",,"A",,"A",,"A",,"A",,"A",,"A",,"A",,"A",,"A",,"A",,"A",
153144,"R",377,"R",0,"R",377,"R",223,"R",59,"R",243,"R",64,"R",0,"R",377,"R",1,"R",0,"R",244,"R",65,"A",,"A",,"A",,"A",,"A",,"A",,"A",,"A",,"A",,"A",,"A",,"A",,"A",
153162,"R",276,"R",0,"R",276,"R",166,"R",60,"R",176,"R",64,"Z",0,"R",276,"R",0,"Z",0,"R",176,"R",64,"A",,"A",,"A",,"A",,"A",,"A",,"A",,"A",,"A",,"A",,"A",,"A",,"A",
153214,"A",,"A",,"A",,"A",,"A",,"A",,"A",,"A",,"A",,"A",,"A",,"A",,"A",,"R",1811,"R",0,"R",1811,"R",444,"R",25,"R",614,"R",34,"R",0,"R",1811,"R",134,"R",78,"R",748,"R",41
153241,"R",1,"R",0,"R",1,"R",1,"R",100,"R",1,"R",100,"Z",0,"R",1,"R",0,"Z",0,"R",1,"R",100,"A",,"A",,"A",,"A",,"A",,"A",,"A",,"A",,"A",,"A",,"A",,"A",,"A",
153250,"R",351,"R",0,"R",351,"R",250,"R",71,"R",262,"R",75,"R",0,"R",351,"R",5,"R",0,"R",267,"R",76,"A",,"A",,"A",,"A",,"A",,"A",,"A",,"A",,"A",,"A",,"A",,"A",,"A",
153269,"R",717,"R",0,"R",717,"R",500,"R",70,"R",549,"R",77,"R",1,"R",716,"R",7,"R",0,"R",556,"R",78,"A",,"A",,"A",,"A",,"A",,"A",,"A",,"A",,"A",,"A",,"A",,"A",,"A",
153278,"R",440,"R",2,"R",438,"R",116,"R",26,"R",175,"R",40,"R",0,"R",438,"R",5,"R",1,"R",180,"R",41,"A",,"A",,"A",,"A",,"A",,"A",,"A",,"A",,"A",,"A",,"A",,"A",,"A",
153296,"A",,"A",,"A",,"A",,"A",,"A",,"A",,"A",,"A",,"A",,"A",,"A",,"A",,"R",247,"R",0,"R",247,"R",60,"R",24,"R",72,"R",29,"R",0,"R",247,"R",1,"R",1,"R",73,"R",30
153302,"R",42,"R",0,"R",42,"R",22,"R",52,"R",25,"R",60,"Z",0,"R",42,"R",0,"Z",0,"R",25,"R",60,"A",,"A",,"A",,"A",,"A",,"A",,"A",,"A",,"A",,"A",,"A",,"A",,"A",
153311,"A",,"A",,"A",,"A",,"A",,"A",,"A",,"A",,"A",,"A",,"A",,"A",,"A",,"R",666,"R",0,"R",666,"R",196,"R",29,"R",261,"R",39,"R",0,"R",666,"R",14,"R",35,"R",275,"R",41
153320,"R",47,"R",0,"R",47,"R",21,"R",45,"R",25,"R",53,"R",0,"R",47,"R",1,"R",0,"R",26,"R",55,"A",,"A",,"A",,"A",,"A",,"A",,"A",,"A",,"A",,"A",,"A",,"A",,"A",
153366,"R",289,"R",0,"R",289,"R",112,"R",39,"R",137,"R",47,"R",0,"R",289,"R",1,"R",0,"R",138,"R",48,"A",,"A",,"A",,"A",,"A",,"A",,"A",,"A",,"A",,"A",,"A",,"A",,"A",
153375,"R",268,"R",2,"R",266,"R",105,"R",39,"R",135,"R",51,"R",0,"R",266,"R",2,"R",0,"R",137,"R",52,"A",,"A",,"A",,"A",,"A",,"A",,"A",,"A",,"A",,"A",,"A",,"A",,"A",
153384,"R",442,"R",0,"R",442,"R",361,"R",82,"R",384,"R",87,"R",1,"R",441,"R",1,"R",0,"R",385,"R",87,"A",,"A",,"A",,"A",,"A",,"A",,"A",,"A",,"A",,"A",,"A",,"A",,"A",
153445,"A",,"A",,"A",,"A",,"A",,"A",,"A",,"A",,"A",,"A",,"A",,"A",,"A",,"R",776,"R",0,"R",776,"R",254,"R",33,"R",257,"R",33,"Z",0,"R",776,"R",96,"R",34,"R",353,"R",45
153463,"A",,"A",,"A",,"A",,"A",,"A",,"A",,"A",,"A",,"A",,"A",,"A",,"A",,"R",14,"R",0,"R",14,"R",4,"R",29,"R",10,"R",71,"R",0,"R",14,"R",0,"R",0,"R",10,"R",71
153472,"A",,"A",,"A",,"A",,"A",,"A",,"A",,"A",,"A",,"A",,"A",,"A",,"A",,"R",751,"R",0,"R",751,"R",236,"R",31,"R",271,"R",36,"R",1,"R",750,"R",28,"R",7,"R",299,"R",40
153524,"A",,"A",,"A",,"A",,"A",,"A",,"A",,"A",,"A",,"A",,"A",,"A",,"A",,"R",1031,"R",5,"R",1026,"R",320,"R",31,"R",384,"R",37,"R",5,"R",1021,"R",19,"R",29,"R",403,"R",39
153533,"A",,"A",,"A",,"A",,"A",,"A",,"A",,"A",,"A",,"A",,"A",,"A",,"A",,"R",273,"R",0,"R",273,"R",92,"R",34,"R",102,"R",37,"Z",0,"R",273,"R",1,"R",1,"R",103,"R",38
153597,"A",,"A",,"A",,"A",,"A",,"A",,"A",,"A",,"A",,"A",,"A",,"A",,"A",,"R",30,"R",0,"R",30,"Z",0,"R",0,"R",20,"R",67,"Z",0,"R",30,"R",0,"Z",0,"R",20,"R",67
153603,"R",6186,"R",15,"R",6171,"R",3138,"R",51,"R",4693,"R",76,"R",0,"R",6171,"R",49,"R",21,"R",4742,"R",77,"A",,"A",,"A",,"A",,"A",,"A",,"A",,"A",,"A",,"A",,"A",,"A",,"A",
153630,"A",,"A",,"A",,"A",,"A",,"A",,"A",,"A",,"A",,"A",,"A",,"A",,"A",,"R",1309,"R",0,"R",1309,"R",338,"R",26,"R",472,"R",36,"R",0,"R",1309,"R",24,"R",17,"R",496,"R",38
153658,"R",4844,"R",0,"R",4844,"R",2710,"R",56,"R",3571,"R",74,"Z",0,"R",4844,"R",58,"R",18,"R",3629,"R",75,"A",,"A",,"A",,"A",,"A",,"A",,"A",,"A",,"A",,"A",,"A",,"A",,"A",
153737,"A",,"A",,"A",,"A",,"A",,"A",,"A",,"A",,"A",,"A",,"A",,"A",,"A",,"R",1902,"R",1,"R",1901,"R",505,"R",27,"R",678,"R",36,"R",1,"R",1900,"R",71,"R",110,"R",749,"R",39
153746,"A",,"A",,"A",,"A",,"A",,"A",,"A",,"A",,"A",,"A",,"A",,"A",,"A",,"R",9,"R",0,"R",9,"Z",0,"R",0,"R",4,"R",44,"Z",0,"R",9,"R",0,"Z",0,"R",4,"R",44
153764,"A",,"A",,"A",,"A",,"A",,"A",,"A",,"A",,"A",,"A",,"A",,"A",,"A",,"R",20,"R",0,"R",20,"Z",0,"R",0,"R",13,"R",65,"Z",0,"R",20,"R",0,"Z",0,"R",13,"R",65
153773,"A",,"A",,"A",,"A",,"A",,"A",,"A",,"A",,"A",,"A",,"A",,"A",,"A",,"R",49,"R",0,"R",49,"R",35,"R",71,"R",35,"R",71,"Z",0,"R",49,"R",0,"Z",0,"R",35,"R",71
153782,"A",,"A",,"A",,"A",,"A",,"A",,"A",,"A",,"A",,"A",,"A",,"A",,"A",,"R",5,"R",0,"R",5,"R",2,"R",40,"R",5,"R",100,"Z",0,"R",5,"R",0,"Z",0,"R",5,"R",100
153825,"R",388,"R",1,"R",387,"R",234,"R",60,"R",261,"R",67,"R",0,"R",387,"R",4,"R",0,"R",265,"R",68,"A",,"A",,"A",,"A",,"A",,"A",,"A",,"A",,"A",,"A",,"A",,"A",,"A",
153834,"R",623,"R",0,"R",623,"R",412,"R",66,"R",452,"R",73,"Z",0,"R",623,"R",0,"Z",0,"R",452,"R",73,"A",,"A",,"A",,"A",,"A",,"A",,"A",,"A",,"A",,"A",,"A",,"A",,"A",
153861,"R",20,"R",0,"R",20,"R",4,"R",20,"R",7,"R",35,"Z",0,"R",20,"R",0,"Z",0,"R",7,"R",35,"A",,"A",,"A",,"A",,"A",,"A",,"A",,"A",,"A",,"A",,"A",,"A",,"A",
153922,"A",,"A",,"A",,"A",,"A",,"A",,"A",,"A",,"A",,"A",,"A",,"A",,"A",,"R",250,"R",0,"R",250,"R",59,"R",24,"R",88,"R",35,"R",0,"R",250,"R",5,"R",10,"R",93,"R",37
153977,"R",20,"R",0,"R",20,"R",9,"R",45,"R",10,"R",50,"Z",0,"R",20,"R",0,"Z",0,"R",10,"R",50,"A",,"A",,"A",,"A",,"A",,"A",,"A",,"A",,"A",,"A",,"A",,"A",,"A",
154004,"R",372,"R",1,"R",371,"R",170,"R",46,"R",201,"R",54,"R",0,"R",371,"R",0,"R",0,"R",201,"R",54,"A",,"A",,"A",,"A",,"A",,"A",,"A",,"A",,"A",,"A",,"A",,"A",,"A",
154013,"R",232,"R",0,"R",232,"R",124,"R",53,"R",139,"R",60,"R",0,"R",232,"R",0,"R",0,"R",139,"R",60,"A",,"A",,"A",,"A",,"A",,"A",,"A",,"A",,"A",,"A",,"A",,"A",,"A",
154022,"R",3154,"R",3,"R",3151,"R",26,"R",1,"R",279,"R",9,"R",0,"R",3151,"R",26,"R",12,"R",305,"R",10,"A",,"A",,"A",,"A",,"A",,"A",,"A",,"A",,"A",,"A",,"A",,"A",,"A",
154059,"A",,"A",,"A",,"A",,"A",,"A",,"A",,"A",,"A",,"A",,"A",,"A",,"A",,"R",608,"R",0,"R",608,"R",249,"R",41,"R",333,"R",55,"R",0,"R",608,"R",12,"R",11,"R",345,"R",57
154095,"R",1874,"R",5,"R",1869,"R",827,"R",44,"R",1288,"R",69,"R",0,"R",1869,"R",17,"R",1,"R",1305,"R",70,"A",,"A",,"A",,"A",,"A",,"A",,"A",,"A",,"A",,"A",,"A",,"A",,"A",
154101,"R",260,"R",0,"R",260,"R",171,"R",66,"R",184,"R",71,"Z",0,"R",260,"R",1,"R",0,"R",185,"R",71,"A",,"A",,"A",,"A",,"A",,"A",,"A",,"A",,"A",,"A",,"A",,"A",,"A",
154110,"A",,"A",,"A",,"A",,"A",,"A",,"A",,"A",,"A",,"A",,"A",,"A",,"A",,"R",361,"R",1,"R",360,"R",147,"R",41,"R",175,"R",49,"R",0,"R",360,"R",18,"R",8,"R",193,"R",54
154129,"A",,"A",,"A",,"A",,"A",,"A",,"A",,"A",,"A",,"A",,"A",,"A",,"A",,"R",265,"R",0,"R",265,"R",157,"R",59,"R",170,"R",64,"R",0,"R",265,"R",2,"R",4,"R",172,"R",65
154208,"A",,"A",,"A",,"A",,"A",,"A",,"A",,"A",,"A",,"A",,"A",,"A",,"A",,"R",75,"R",0,"R",75,"Z",0,"R",0,"R",71,"R",95,"Z",0,"R",75,"R",0,"Z",0,"R",71,"R",95
154235,"R",448,"R",1,"R",447,"R",244,"R",55,"R",288,"R",64,"Z",0,"R",447,"R",0,"Z",0,"R",288,"R",64,"A",,"A",,"A",,"A",,"A",,"A",,"A",,"A",,"A",,"A",,"A",,"A",,"A",
154332,"A",,"A",,"A",,"A",,"A",,"A",,"A",,"A",,"A",,"A",,"A",,"A",,"A",,"R",18,"R",0,"R",18,"Z",0,"R",0,"R",9,"R",50,"Z",0,"R",18,"R",0,"Z",0,"R",9,"R",50
154350,"R",322,"R",0,"R",322,"R",210,"R",65,"R",222,"R",69,"R",0,"R",322,"R",1,"R",0,"R",223,"R",69,"A",,"A",,"A",,"A",,"A",,"A",,"A",,"A",,"A",,"A",,"A",,"A",,"A",
154378,"A",,"A",,"A",,"A",,"A",,"A",,"A",,"A",,"A",,"A",,"A",,"A",,"A",,"R",450,"R",0,"R",450,"R",103,"R",23,"R",175,"R",39,"R",0,"R",450,"R",37,"R",23,"R",212,"R",47
154396,"A",,"A",,"A",,"A",,"A",,"A",,"A",,"A",,"A",,"A",,"A",,"A",,"A",,"R",254,"R",1,"R",253,"R",119,"R",47,"R",132,"R",52,"R",0,"R",253,"R",4,"R",0,"R",136,"R",54
154448,"A",,"A",,"A",,"A",,"A",,"A",,"A",,"A",,"A",,"A",,"A",,"A",,"A",,"R",51,"R",0,"R",51,"R",9,"R",18,"R",35,"R",69,"Z",0,"R",51,"R",0,"Z",0,"R",35,"R",69
154457,"A",,"A",,"A",,"A",,"A",,"A",,"A",,"A",,"A",,"A",,"A",,"A",,"A",,"R",9,"R",0,"R",9,"Z",0,"R",0,"R",6,"R",67,"Z",0,"R",9,"R",0,"Z",0,"R",6,"R",67
154466,"A",,"A",,"A",,"A",,"A",,"A",,"A",,"A",,"A",,"A",,"A",,"A",,"A",,"R",11,"R",0,"R",11,"R",8,"R",73,"R",8,"R",73,"Z",0,"R",11,"R",0,"Z",0,"R",8,"R",73
154493,"R",237,"R",0,"R",237,"R",67,"R",28,"R",90,"R",38,"Z",0,"R",237,"R",0,"R",0,"R",90,"R",38,"A",,"A",,"A",,"A",,"A",,"A",,"A",,"A",,"A",,"A",,"A",,"A",,"A",
154518,"R",199,"R",0,"R",199,"R",53,"R",27,"R",68,"R",34,"Z",0,"R",199,"R",0,"Z",0,"R",68,"R",34,"A",,"A",,"A",,"A",,"A",,"A",,"A",,"A",,"A",,"A",,"A",,"A",,"A",
154527,"R",364,"R",0,"R",364,"R",240,"R",66,"R",253,"R",70,"R",0,"R",364,"R",1,"Z",0,"R",254,"R",70,"A",,"A",,"A",,"A",,"A",,"A",,"A",,"A",,"A",,"A",,"A",,"A",,"A",
154545,"A",,"A",,"A",,"A",,"A",,"A",,"A",,"A",,"A",,"A",,"A",,"A",,"A",,"R",51,"R",0,"R",51,"R",7,"R",14,"R",36,"R",71,"Z",0,"R",51,"R",0,"Z",0,"R",36,"R",71
154572,"A",,"A",,"A",,"A",,"A",,"A",,"A",,"A",,"A",,"A",,"A",,"A",,"A",,"R",649,"R",1,"R",648,"R",204,"R",31,"R",275,"R",42,"R",0,"R",648,"R",46,"R",11,"R",321,"R",50
154590,"R",311,"R",3,"R",308,"R",69,"R",22,"R",99,"R",32,"R",0,"R",308,"R",1,"R",1,"R",100,"R",32,"A",,"A",,"A",,"A",,"A",,"A",,"A",,"A",,"A",,"A",,"A",,"A",,"A",
154642,"A",,"A",,"A",,"A",,"A",,"A",,"A",,"A",,"A",,"A",,"A",,"A",,"A",,"R",353,"R",0,"R",353,"R",99,"R",28,"R",117,"R",33,"R",0,"R",353,"R",2,"R",6,"R",119,"R",34
154688,"R",182,"R",0,"R",182,"R",90,"R",49,"R",113,"R",62,"Z",0,"R",182,"R",0,"Z",0,"R",113,"R",62,"A",,"A",,"A",,"A",,"A",,"A",,"A",,"A",,"A",,"A",,"A",,"A",,"A",
154697,"A",,"A",,"A",,"A",,"A",,"A",,"A",,"A",,"A",,"A",,"A",,"A",,"A",,"R",417,"R",0,"R",417,"R",152,"R",36,"R",171,"R",41,"R",0,"R",417,"R",9,"R",0,"R",180,"R",43
154712,"R",508,"R",0,"R",508,"R",222,"R",44,"R",319,"R",63,"R",1,"R",507,"R",5,"R",1,"R",324,"R",64,"A",,"A",,"A",,"A",,"A",,"A",,"A",,"A",,"A",,"A",,"A",,"A",,"A",
154721,"R",161,"R",0,"R",161,"R",45,"R",28,"R",52,"R",32,"Z",0,"R",161,"R",0,"Z",0,"R",52,"R",32,"A",,"A",,"A",,"A",,"A",,"A",,"A",,"A",,"A",,"A",,"A",,"A",,"A",
154749,"R",130,"R",1,"R",129,"R",43,"R",33,"R",60,"R",47,"R",0,"R",129,"R",1,"R",0,"R",61,"R",47,"A",,"A",,"A",,"A",,"A",,"A",,"A",,"A",,"A",,"A",,"A",,"A",,"A",
154800,"A",,"A",,"A",,"A",,"A",,"A",,"A",,"A",,"A",,"A",,"A",,"A",,"A",,"R",1259,"R",0,"R",1259,"R",247,"R",20,"R",390,"R",31,"R",0,"R",1259,"R",49,"R",5,"R",439,"R",35
154855,"R",240,"R",0,"R",240,"R",26,"R",11,"R",45,"R",19,"Z",0,"R",240,"R",0,"Z",0,"R",45,"R",19,"A",,"A",,"A",,"A",,"A",,"A",,"A",,"A",,"A",,"A",,"A",,"A",,"A",
154907,"A",,"A",,"A",,"A",,"A",,"A",,"A",,"A",,"A",,"A",,"A",,"A",,"A",,"R",376,"R",3,"R",373,"R",132,"R",35,"R",162,"R",43,"R",3,"R",370,"R",56,"R",1,"R",218,"R",59
154925,"A",,"A",,"A",,"A",,"A",,"A",,"A",,"A",,"A",,"A",,"A",,"A",,"A",,"R",469,"R",0,"R",469,"R",158,"R",34,"R",182,"R",39,"R",0,"R",469,"R",3,"R",2,"R",185,"R",39
154934,"A",,"A",,"A",,"A",,"A",,"A",,"A",,"A",,"A",,"A",,"A",,"A",,"A",,"R",247,"R",0,"R",247,"R",67,"R",27,"R",114,"R",46,"Z",0,"R",247,"R",9,"R",3,"R",123,"R",50
154952,"A",,"A",,"A",,"A",,"A",,"A",,"A",,"A",,"A",,"A",,"A",,"A",,"A",,"R",530,"R",1,"R",529,"R",218,"R",41,"R",251,"R",47,"R",0,"R",529,"R",10,"R",10,"R",261,"R",49
154998,"A",,"A",,"A",,"A",,"A",,"A",,"A",,"A",,"A",,"A",,"A",,"A",,"A",,"R",259,"R",0,"R",259,"R",65,"R",25,"R",72,"R",28,"Z",0,"R",259,"R",2,"R",0,"R",74,"R",29
155025,"R",731,"R",0,"R",731,"R",232,"R",32,"R",365,"R",50,"Z",0,"R",731,"R",11,"R",3,"R",376,"R",51,"A",,"A",,"A",,"A",,"A",,"A",,"A",,"A",,"A",,"A",,"A",,"A",,"A",
155052,"A",,"A",,"A",,"A",,"A",,"A",,"A",,"A",,"A",,"A",,"A",,"A",,"A",,"R",129,"R",0,"R",129,"R",79,"R",61,"R",96,"R",74,"R",0,"R",129,"R",2,"R",1,"R",98,"R",76
155061,"R",861,"R",0,"R",861,"R",253,"R",29,"R",431,"R",50,"R",1,"R",860,"R",14,"R",10,"R",445,"R",52,"A",,"A",,"A",,"A",,"A",,"A",,"A",,"A",,"A",,"A",,"A",,"A",,"A",
155070,"R",33,"R",0,"R",33,"R",11,"R",33,"R",16,"R",48,"Z",0,"R",33,"R",0,"Z",0,"R",16,"R",48,"A",,"A",,"A",,"A",,"A",,"A",,"A",,"A",,"A",,"A",,"A",,"A",,"A",
155089,"R",164,"R",0,"R",164,"R",48,"R",29,"R",66,"R",40,"R",0,"R",164,"R",2,"R",0,"R",68,"R",41,"A",,"A",,"A",,"A",,"A",,"A",,"A",,"A",,"A",,"A",,"A",,"A",,"A",
155098,"A",,"A",,"A",,"A",,"A",,"A",,"A",,"A",,"A",,"A",,"A",,"A",,"A",,"R",292,"R",0,"R",292,"R",85,"R",29,"R",108,"R",37,"R",0,"R",292,"R",1,"R",0,"R",109,"R",37
155104,"A",,"A",,"A",,"A",,"A",,"A",,"A",,"A",,"A",,"A",,"A",,"A",,"A",,"R",463,"R",1,"R",462,"R",158,"R",34,"R",195,"R",42,"R",0,"R",462,"R",9,"R",6,"R",204,"R",44
155159,"A",,"A",,"A",,"A",,"A",,"A",,"A",,"A",,"A",,"A",,"A",,"A",,"A",,"R",29,"R",0,"R",29,"R",0,"R",0,"R",18,"R",62,"R",0,"R",29,"R",2,"R",1,"R",20,"R",69
155177,"R",12,"R",0,"R",12,"R",9,"R",75,"R",9,"R",75,"Z",0,"R",12,"R",0,"Z",0,"R",9,"R",75,"A",,"A",,"A",,"A",,"A",,"A",,"A",,"A",,"A",,"A",,"A",,"A",,"A",
155186,"A",,"A",,"A",,"A",,"A",,"A",,"A",,"A",,"A",,"A",,"A",,"A",,"A",,"R",412,"R",0,"R",412,"R",104,"R",25,"R",155,"R",38,"R",0,"R",412,"R",24,"R",1,"R",179,"R",43
155195,"A",,"A",,"A",,"A",,"A",,"A",,"A",,"A",,"A",,"A",,"A",,"A",,"A",,"R",822,"R",2,"R",820,"R",308,"R",38,"R",379,"R",46,"R",0,"R",820,"R",20,"R",22,"R",399,"R",49
155201,"A",,"A",,"A",,"A",,"A",,"A",,"A",,"A",,"A",,"A",,"A",,"A",,"A",,"R",199,"R",0,"R",199,"R",31,"R",16,"R",45,"R",23,"Z",0,"R",199,"R",0,"Z",0,"R",45,"R",23
155210,"A",,"A",,"A",,"A",,"A",,"A",,"A",,"A",,"A",,"A",,"A",,"A",,"A",,"R",1514,"R",0,"R",1514,"R",242,"R",16,"R",416,"R",27,"Z",0,"R",1514,"R",58,"R",102,"R",474,"R",31
155292,"A",,"A",,"A",,"A",,"A",,"A",,"A",,"A",,"A",,"A",,"A",,"A",,"A",,"R",538,"R",0,"R",538,"R",125,"R",23,"R",177,"R",33,"R",0,"R",538,"R",12,"R",18,"R",189,"R",35
155308,"R",1,"R",0,"R",1,"Z",0,"R",0,"R",1,"R",100,"Z",0,"R",1,"R",0,"Z",0,"R",1,"R",100,"A",,"A",,"A",,"A",,"A",,"A",,"A",,"A",,"A",,"A",,"A",,"A",,"A",
155317,"R",4032,"R",5,"R",4027,"R",2009,"R",50,"R",2659,"R",66,"R",0,"R",4027,"R",51,"R",16,"R",2710,"R",67,"A",,"A",,"A",,"A",,"A",,"A",,"A",,"A",,"A",,"A",,"A",,"A",,"A",
155335,"R",158,"R",0,"R",158,"R",83,"R",53,"R",96,"R",61,"R",0,"R",158,"R",1,"R",0,"R",97,"R",61,"A",,"A",,"A",,"A",,"A",,"A",,"A",,"A",,"A",,"A",,"A",,"A",,"A",
155353,"A",,"A",,"A",,"A",,"A",,"A",,"A",,"A",,"A",,"A",,"A",,"A",,"A",,"R",51,"R",0,"R",51,"R",2,"R",4,"R",20,"R",39,"Z",0,"R",51,"R",0,"Z",0,"R",20,"R",39
155399,"R",3556,"R",0,"R",3556,"R",1475,"R",41,"R",2430,"R",68,"R",0,"R",3556,"R",48,"R",14,"R",2478,"R",70,"A",,"A",,"A",,"A",,"A",,"A",,"A",,"A",,"A",,"A",,"A",,"A",,"A",
155414,"R",158,"R",0,"R",158,"R",52,"R",33,"R",62,"R",39,"Z",0,"R",158,"R",0,"Z",0,"R",62,"R",39,"A",,"A",,"A",,"A",,"A",,"A",,"A",,"A",,"A",,"A",,"A",,"A",,"A",
155423,"A",,"A",,"A",,"A",,"A",,"A",,"A",,"A",,"A",,"A",,"A",,"A",,"A",,"R",204,"R",0,"R",204,"R",117,"R",57,"R",118,"R",58,"R",1,"R",203,"R",0,"R",2,"R",118,"R",58
155450,"A",,"A",,"A",,"A",,"A",,"A",,"A",,"A",,"A",,"A",,"A",,"A",,"A",,"R",210,"R",0,"R",210,"R",23,"R",11,"R",50,"R",24,"R",0,"R",210,"R",21,"R",11,"R",71,"R",34
155487,"A",,"A",,"A",,"A",,"A",,"A",,"A",,"A",,"A",,"A",,"A",,"A",,"A",,"R",71,"R",0,"R",71,"R",47,"R",66,"R",49,"R",69,"R",0,"R",71,"R",1,"R",1,"R",50,"R",70
155496,"R",67,"R",0,"R",67,"R",14,"R",21,"R",24,"R",36,"R",0,"R",67,"R",0,"R",0,"R",24,"R",36,"A",,"A",,"A",,"A",,"A",,"A",,"A",,"A",,"A",,"A",,"A",,"A",,"A",
155511,"R",193,"R",1,"R",192,"R",82,"R",43,"R",101,"R",53,"R",0,"R",192,"R",2,"Z",0,"R",103,"R",54,"A",,"A",,"A",,"A",,"A",,"A",,"A",,"A",,"A",,"A",,"A",,"A",,"A",
155520,"R",185,"R",0,"R",185,"R",60,"R",32,"R",82,"R",44,"R",0,"R",185,"R",1,"R",1,"R",83,"R",45,"A",,"A",,"A",,"A",,"A",,"A",,"A",,"A",,"A",,"A",,"A",,"A",,"A",
155566,"A",,"A",,"A",,"A",,"A",,"A",,"A",,"A",,"A",,"A",,"A",,"A",,"A",,"R",287,"R",0,"R",287,"R",82,"R",29,"R",116,"R",40,"R",1,"R",286,"R",8,"R",18,"R",124,"R",43
155593,"A",,"A",,"A",,"A",,"A",,"A",,"A",,"A",,"A",,"A",,"A",,"A",,"A",,"R",179,"R",0,"R",179,"R",127,"R",71,"R",127,"R",71,"Z",0,"R",179,"R",0,"Z",0,"R",127,"R",71
155618,"A",,"A",,"A",,"A",,"A",,"A",,"A",,"A",,"A",,"A",,"A",,"A",,"A",,"R",240,"R",0,"R",240,"R",135,"R",56,"R",140,"R",58,"Z",0,"R",240,"R",0,"Z",0,"R",140,"R",58
155627,"R",152,"R",0,"R",152,"R",39,"R",26,"R",51,"R",34,"Z",0,"R",152,"R",0,"R",1,"R",51,"R",34,"A",,"A",,"A",,"A",,"A",,"A",,"A",,"A",,"A",,"A",,"A",,"A",,"A",
155681,"R",1010,"R",0,"R",1010,"R",312,"R",31,"R",522,"R",52,"R",2,"R",1008,"R",3,"R",19,"R",525,"R",52,"A",,"A",,"A",,"A",,"A",,"A",,"A",,"A",,"A",,"A",,"A",,"A",,"A",
155715,"A",,"A",,"A",,"A",,"A",,"A",,"A",,"A",,"A",,"A",,"A",,"A",,"A",,"R",271,"R",1,"R",270,"R",96,"R",36,"R",112,"R",41,"R",0,"R",270,"R",3,"R",2,"R",115,"R",43
155812,"R",135,"R",0,"R",135,"R",44,"R",33,"R",63,"R",47,"R",0,"R",135,"R",1,"R",0,"R",64,"R",47,"A",,"A",,"A",,"A",,"A",,"A",,"A",,"A",,"A",,"A",,"A",,"A",,"A",
155830,"A",,"A",,"A",,"A",,"A",,"A",,"A",,"A",,"A",,"A",,"A",,"A",,"A",,"R",65,"R",0,"R",65,"R",38,"R",58,"R",41,"R",63,"R",0,"R",65,"R",1,"R",0,"R",42,"R",65
155858,"A",,"A",,"A",,"A",,"A",,"A",,"A",,"A",,"A",,"A",,"A",,"A",,"A",,"R",369,"R",0,"R",369,"R",123,"R",33,"R",143,"R",39,"R",0,"R",369,"R",8,"R",0,"R",151,"R",41
155900,"R",90,"R",1,"R",89,"R",29,"R",33,"R",36,"R",40,"Z",0,"R",89,"R",0,"Z",0,"R",36,"R",40,"A",,"A",,"A",,"A",,"A",,"A",,"A",,"A",,"A",,"A",,"A",,"A",,"A",
155937,"R",143,"R",1,"R",142,"R",51,"R",36,"R",60,"R",42,"R",0,"R",142,"R",1,"R",0,"R",61,"R",43,"A",,"A",,"A",,"A",,"A",,"A",,"A",,"A",,"A",,"A",,"A",,"A",,"A",
155973,"R",150,"R",0,"R",150,"R",63,"R",42,"R",71,"R",47,"Z",0,"R",150,"R",0,"Z",0,"R",71,"R",47,"A",,"A",,"A",,"A",,"A",,"A",,"A",,"A",,"A",,"A",,"A",,"A",,"A",
156082,"R",679,"R",0,"R",679,"R",185,"R",27,"R",302,"R",44,"R",1,"R",678,"R",11,"R",7,"R",313,"R",46,"A",,"A",,"A",,"A",,"A",,"A",,"A",,"A",,"A",,"A",,"A",,"A",,"A",
156107,"A",,"A",,"A",,"A",,"A",,"A",,"A",,"A",,"A",,"A",,"A",,"A",,"A",,"R",434,"R",1,"R",433,"R",81,"R",19,"R",128,"R",30,"R",0,"R",433,"R",16,"R",17,"R",144,"R",33
156125,"R",1270,"R",3,"R",1267,"R",313,"R",25,"R",603,"R",48,"R",1,"R",1266,"R",44,"R",27,"R",647,"R",51,"A",,"A",,"A",,"A",,"A",,"A",,"A",,"A",,"A",,"A",,"A",,"A",,"A",
156134,"A",,"A",,"A",,"A",,"A",,"A",,"A",,"A",,"A",,"A",,"A",,"A",,"A",,"R",468,"R",0,"R",468,"R",194,"R",41,"R",203,"R",43,"Z",0,"R",468,"R",0,"Z",0,"R",203,"R",43
156189,"R",182,"R",0,"R",182,"R",42,"R",23,"R",55,"R",30,"Z",0,"R",182,"R",0,"Z",0,"R",55,"R",30,"A",,"A",,"A",,"A",,"A",,"A",,"A",,"A",,"A",,"A",,"A",,"A",,"A",
156213,"R",312,"R",1,"R",311,"R",173,"R",56,"R",201,"R",65,"R",0,"R",311,"R",2,"R",2,"R",203,"R",65,"A",,"A",,"A",,"A",,"A",,"A",,"A",,"A",,"A",,"A",,"A",,"A",,"A",
156231,"A",,"A",,"A",,"A",,"A",,"A",,"A",,"A",,"A",,"A",,"A",,"A",,"A",,"R",376,"R",0,"R",376,"R",129,"R",34,"R",176,"R",47,"R",0,"R",376,"R",16,"R",13,"R",192,"R",51
156286,"R",707,"R",0,"R",707,"R",407,"R",58,"R",461,"R",65,"R",0,"R",707,"R",4,"R",1,"R",465,"R",66,"A",,"A",,"A",,"A",,"A",,"A",,"A",,"A",,"A",,"A",,"A",,"A",,"A",
156295,"R",432,"R",2,"R",430,"R",192,"R",45,"R",282,"R",66,"R",0,"R",430,"R",2,"R",0,"R",284,"R",66,"A",,"A",,"A",,"A",,"A",,"A",,"A",,"A",,"A",,"A",,"A",,"A",,"A",
156310,"A",,"A",,"A",,"A",,"A",,"A",,"A",,"A",,"A",,"A",,"A",,"A",,"A",,"R",43,"R",0,"R",43,"R",0,"R",0,"R",13,"R",30,"Z",0,"R",43,"R",0,"Z",0,"R",13,"R",30
156338,"A",,"A",,"A",,"A",,"A",,"A",,"A",,"A",,"A",,"A",,"A",,"A",,"A",,"R",531,"R",0,"R",531,"R",184,"R",35,"R",265,"R",50,"R",0,"R",531,"R",25,"R",12,"R",290,"R",55
156356,"R",137,"R",0,"R",137,"R",46,"R",34,"R",64,"R",47,"R",0,"R",137,"R",2,"R",0,"R",66,"R",48,"A",,"A",,"A",,"A",,"A",,"A",,"A",,"A",,"A",,"A",,"A",,"A",,"A",
156365,"R",466,"R",0,"R",466,"R",134,"R",29,"R",174,"R",37,"R",0,"R",466,"R",25,"R",15,"R",199,"R",43,"A",,"A",,"A",,"A",,"A",,"A",,"A",,"A",,"A",,"A",,"A",,"A",,"A",
156392,"A",,"A",,"A",,"A",,"A",,"A",,"A",,"A",,"A",,"A",,"A",,"A",,"A",,"R",1534,"R",2,"R",1532,"R",341,"R",22,"R",532,"R",35,"R",0,"R",1532,"R",63,"R",78,"R",595,"R",39
156408,"R",374,"R",0,"R",374,"R",318,"R",85,"R",323,"R",86,"R",0,"R",374,"R",1,"R",0,"R",324,"R",87,"A",,"A",,"A",,"A",,"A",,"A",,"A",,"A",,"A",,"A",,"A",,"A",,"A",
156417,"R",16,"R",0,"R",16,"R",2,"R",13,"R",7,"R",44,"Z",0,"R",16,"Z",0,"R",2,"R",7,"R",44,"A",,"A",,"A",,"A",,"A",,"A",,"A",,"A",,"A",,"A",,"A",,"A",,"A",
156426,"A",,"A",,"A",,"A",,"A",,"A",,"A",,"A",,"A",,"A",,"A",,"A",,"A",,"R",48,"R",0,"R",48,"R",2,"R",4,"R",33,"R",69,"Z",0,"R",48,"R",0,"Z",0,"R",33,"R",69
156541,"R",433,"R",0,"R",433,"R",162,"R",37,"R",208,"R",48,"R",0,"R",433,"R",1,"Z",0,"R",209,"R",48,"A",,"A",,"A",,"A",,"A",,"A",,"A",,"A",,"A",,"A",,"A",,"A",,"A",
156620,"R",2445,"R",7,"R",2438,"R",837,"R",34,"R",1262,"R",52,"R",0,"R",2438,"R",37,"R",29,"R",1299,"R",53,"A",,"A",,"A",,"A",,"A",,"A",,"A",,"A",,"A",,"A",,"A",,"A",,"A",
156648,"A",,"A",,"A",,"A",,"A",,"A",,"A",,"A",,"A",,"A",,"A",,"A",,"A",,"R",767,"R",1,"R",766,"R",232,"R",30,"R",324,"R",42,"R",0,"R",766,"R",28,"R",24,"R",352,"R",46
156745,"R",282,"R",0,"R",282,"R",146,"R",52,"R",159,"R",56,"R",0,"R",282,"R",1,"R",0,"R",160,"R",57,"A",,"A",,"A",,"A",,"A",,"A",,"A",,"A",,"A",,"A",,"A",,"A",,"A",
156754,"A",,"A",,"A",,"A",,"A",,"A",,"A",,"A",,"A",,"A",,"A",,"A",,"A",,"R",7,"R",0,"R",7,"R",0,"R",0,"R",1,"R",14,"Z",0,"R",7,"R",0,"Z",0,"R",1,"R",14
156790,"A",,"A",,"A",,"A",,"A",,"A",,"A",,"A",,"A",,"A",,"A",,"A",,"A",,"R",350,"R",0,"R",350,"R",105,"R",30,"R",155,"R",44,"R",0,"R",350,"R",11,"R",12,"R",166,"R",47
156842,"A",,"A",,"A",,"A",,"A",,"A",,"A",,"A",,"A",,"A",,"A",,"A",,"A",,"R",67,"R",0,"R",67,"R",2,"R",3,"R",56,"R",84,"Z",0,"R",67,"R",0,"Z",0,"R",56,"R",84
156851,"A",,"A",,"A",,"A",,"A",,"A",,"A",,"A",,"A",,"A",,"A",,"A",,"A",,"R",186,"R",1,"R",185,"R",38,"R",21,"R",62,"R",34,"R",0,"R",185,"R",7,"R",4,"R",69,"R",37
156860,"A",,"A",,"A",,"A",,"A",,"A",,"A",,"A",,"A",,"A",,"A",,"A",,"A",,"R",255,"R",0,"R",255,"R",72,"R",28,"R",95,"R",37,"R",0,"R",255,"R",8,"R",6,"R",103,"R",40
156921,"A",,"A",,"A",,"A",,"A",,"A",,"A",,"A",,"A",,"A",,"A",,"A",,"A",,"R",788,"R",0,"R",788,"R",180,"R",23,"R",273,"R",35,"R",1,"R",787,"R",25,"R",37,"R",298,"R",38
156967,"A",,"A",,"A",,"A",,"A",,"A",,"A",,"A",,"A",,"A",,"A",,"A",,"A",,"R",28,"R",0,"R",28,"R",13,"R",46,"R",13,"R",46,"R",0,"R",28,"R",5,"R",3,"R",18,"R",64
157030,"R",13,"R",1,"R",12,"R",4,"R",33,"R",6,"R",50,"R",1,"R",11,"R",2,"R",0,"R",8,"R",73,"A",,"A",,"A",,"A",,"A",,"A",,"A",,"A",,"A",,"A",,"A",,"A",,"A",
157058,"R",171,"R",1,"R",170,"R",35,"R",21,"R",65,"R",38,"R",0,"R",170,"R",0,"R",0,"R",65,"R",38,"A",,"A",,"A",,"A",,"A",,"A",,"A",,"A",,"A",,"A",,"A",,"A",,"A",
157076,"R",181,"R",0,"R",181,"R",59,"R",33,"R",83,"R",46,"R",0,"R",181,"R",1,"R",0,"R",84,"R",46,"A",,"A",,"A",,"A",,"A",,"A",,"A",,"A",,"A",,"A",,"A",,"A",,"A",
157085,"R",5118,"R",5,"R",5113,"R",2611,"R",51,"R",3469,"R",68,"R",0,"R",5113,"R",54,"R",18,"R",3523,"R",69,"A",,"A",,"A",,"A",,"A",,"A",,"A",,"A",,"A",,"A",,"A",,"A",,"A",
157100,"R",107,"R",0,"R",107,"R",34,"R",32,"R",39,"R",36,"Z",0,"R",107,"R",0,"Z",0,"R",39,"R",36,"A",,"A",,"A",,"A",,"A",,"A",,"A",,"A",,"A",,"A",,"A",,"A",,"A",
157216,"R",514,"R",2,"R",512,"R",154,"R",30,"R",204,"R",40,"R",0,"R",512,"R",3,"R",1,"R",207,"R",40,"A",,"A",,"A",,"A",,"A",,"A",,"A",,"A",,"A",,"A",,"A",,"A",,"A",
157289,"R",2696,"R",39,"R",2657,"R",1091,"R",41,"R",1660,"R",62,"R",0,"R",2657,"R",39,"R",29,"R",1699,"R",64,"A",,"A",,"A",,"A",,"A",,"A",,"A",,"A",,"A",,"A",,"A",,"A",,"A",
157304,"A",,"A",,"A",,"A",,"A",,"A",,"A",,"A",,"A",,"A",,"A",,"A",,"A",,"R",301,"R",0,"R",301,"R",132,"R",44,"R",171,"R",57,"R",0,"R",301,"R",6,"R",8,"R",177,"R",59
157331,"A",,"A",,"A",,"A",,"A",,"A",,"A",,"A",,"A",,"A",,"A",,"A",,"A",,"R",474,"R",0,"R",474,"R",177,"R",37,"R",234,"R",49,"R",0,"R",474,"R",17,"R",16,"R",251,"R",53
157377,"R",48,"R",2,"R",46,"R",25,"R",54,"R",27,"R",59,"Z",0,"R",46,"R",0,"Z",0,"R",27,"R",59,"A",,"A",,"A",,"A",,"A",,"A",,"A",,"A",,"A",,"A",,"A",,"A",,"A",
157386,"R",1378,"R",6,"R",1372,"R",411,"R",30,"R",613,"R",45,"R",0,"R",1372,"R",20,"R",8,"R",633,"R",46,"A",,"A",,"A",,"A",,"A",,"A",,"A",,"A",,"A",,"A",,"A",,"A",,"A",
157401,"R",1453,"R",2,"R",1451,"R",542,"R",37,"R",813,"R",56,"R",0,"R",1451,"R",22,"R",5,"R",835,"R",58,"A",,"A",,"A",,"A",,"A",,"A",,"A",,"A",,"A",,"A",,"A",,"A",,"A",
157438,"A",,"A",,"A",,"A",,"A",,"A",,"A",,"A",,"A",,"A",,"A",,"A",,"A",,"R",344,"R",0,"R",344,"R",108,"R",31,"R",159,"R",46,"R",0,"R",344,"R",5,"R",13,"R",164,"R",48
157447,"R",2036,"R",2,"R",2034,"R",622,"R",31,"R",1011,"R",50,"R",0,"R",2034,"R",41,"R",27,"R",1052,"R",52,"A",,"A",,"A",,"A",,"A",,"A",,"A",,"A",,"A",,"A",,"A",,"A",,"A",
157483,"A",,"A",,"A",,"A",,"A",,"A",,"A",,"A",,"A",,"A",,"A",,"A",,"A",,"R",708,"R",0,"R",708,"R",232,"R",33,"R",326,"R",46,"R",0,"R",708,"R",25,"R",21,"R",351,"R",50
157535,"R",271,"R",0,"R",271,"R",63,"R",23,"R",89,"R",33,"R",0,"R",271,"R",1,"R",0,"R",90,"R",33,"A",,"A",,"A",,"A",,"A",,"A",,"A",,"A",,"A",,"A",,"A",,"A",,"A",
157553,"A",,"A",,"A",,"A",,"A",,"A",,"A",,"A",,"A",,"A",,"A",,"A",,"A",,"R",308,"R",0,"R",308,"R",50,"R",16,"R",84,"R",27,"R",0,"R",308,"R",5,"R",14,"R",89,"R",29
157614,"A",,"A",,"A",,"A",,"A",,"A",,"A",,"A",,"A",,"A",,"A",,"A",,"A",,"R",30,"R",0,"R",30,"R",0,"R",0,"R",16,"R",53,"R",0,"R",30,"R",0,"R",0,"R",16,"R",53
157650,"A",,"A",,"A",,"A",,"A",,"A",,"A",,"A",,"A",,"A",,"A",,"A",,"A",,"R",44,"R",0,"R",44,"R",1,"R",2,"R",23,"R",52,"R",0,"R",44,"R",0,"R",0,"R",23,"R",52
157669,"A",,"A",,"A",,"A",,"A",,"A",,"A",,"A",,"A",,"A",,"A",,"A",,"A",,"R",49,"R",0,"R",49,"R",0,"R",0,"R",22,"R",45,"R",0,"R",49,"R",0,"R",0,"R",22,"R",45
157678,"A",,"A",,"A",,"A",,"A",,"A",,"A",,"A",,"A",,"A",,"A",,"A",,"A",,"R",53,"R",0,"R",53,"R",2,"R",4,"R",23,"R",43,"R",0,"R",53,"R",0,"R",0,"R",23,"R",43
157711,"A",,"A",,"A",,"A",,"A",,"A",,"A",,"A",,"A",,"A",,"A",,"A",,"A",,"R",700,"R",2,"R",698,"R",207,"R",30,"R",297,"R",43,"R",0,"R",698,"R",32,"R",29,"R",329,"R",47
157739,"A",,"A",,"A",,"A",,"A",,"A",,"A",,"A",,"A",,"A",,"A",,"A",,"A",,"R",367,"R",0,"R",367,"R",86,"R",23,"R",128,"R",35,"R",0,"R",367,"R",20,"R",22,"R",148,"R",40
157748,"R",121,"R",0,"R",121,"R",34,"R",28,"R",49,"R",41,"Z",0,"R",121,"R",3,"R",2,"R",52,"R",43,"A",,"A",,"A",,"A",,"A",,"A",,"A",,"A",,"A",,"A",,"A",,"A",,"A",
157757,"R",179,"R",0,"R",179,"R",54,"R",30,"R",76,"R",42,"R",0,"R",179,"R",1,"R",1,"R",77,"R",43,"A",,"A",,"A",,"A",,"A",,"A",,"A",,"A",,"A",,"A",,"A",,"A",,"A",
157809,"R",267,"R",0,"R",267,"R",93,"R",35,"R",137,"R",51,"R",1,"R",266,"R",1,"R",0,"R",138,"R",52,"A",,"A",,"A",,"A",,"A",,"A",,"A",,"A",,"A",,"A",,"A",,"A",,"A",
157818,"R",308,"R",0,"R",308,"R",216,"R",70,"R",226,"R",73,"Z",0,"R",308,"R",0,"Z",0,"R",226,"R",73,"A",,"A",,"A",,"A",,"A",,"A",,"A",,"A",,"A",,"A",,"A",,"A",,"A",
157863,"R",213,"R",0,"R",213,"R",60,"R",28,"R",79,"R",37,"R",0,"R",213,"R",1,"R",0,"R",80,"R",38,"A",,"A",,"A",,"A",,"A",,"A",,"A",,"A",,"A",,"A",,"A",,"A",,"A",
157951,"R",2715,"R",1,"R",2714,"R",1087,"R",40,"R",1558,"R",57,"R",0,"R",2714,"R",92,"R",23,"R",1650,"R",61,"A",,"A",,"A",,"A",,"A",,"A",,"A",,"A",,"A",,"A",,"A",,"A",,"A",
158088,"A",,"A",,"A",,"A",,"A",,"A",,"A",,"A",,"A",,"A",,"A",,"A",,"A",,"R",375,"R",0,"R",375,"R",259,"R",69,"R",264,"R",70,"R",0,"R",375,"R",2,"R",7,"R",266,"R",71
158246,"A",,"A",,"A",,"A",,"A",,"A",,"A",,"A",,"A",,"A",,"A",,"A",,"A",,"R",132,"R",0,"R",132,"R",95,"R",72,"R",96,"R",73,"Z",0,"R",132,"R",0,"Z",0,"R",96,"R",73
158431,"A",,"A",,"A",,"A",,"A",,"A",,"A",,"A",,"A",,"A",,"A",,"A",,"A",,"R",763,"R",0,"R",763,"R",89,"R",12,"R",129,"R",17,"R",0,"R",763,"R",82,"R",42,"R",211,"R",28
158477,"R",157,"R",0,"R",157,"R",82,"R",52,"R",89,"R",57,"R",0,"R",157,"R",3,"R",0,"R",92,"R",59,"A",,"A",,"A",,"A",,"A",,"A",,"A",,"A",,"A",,"A",,"A",,"A",,"A",
158538,"A",,"A",,"A",,"A",,"A",,"A",,"A",,"A",,"A",,"A",,"A",,"A",,"A",,"R",2,"R",0,"R",2,"R",0,"R",0,"R",1,"R",50,"R",0,"R",2,"R",0,"R",1,"R",1,"R",50
158617,"A",,"A",,"A",,"A",,"A",,"A",,"A",,"A",,"A",,"A",,"A",,"A",,"A",,"R",298,"R",0,"R",298,"R",175,"R",59,"R",219,"R",73,"Z",0,"R",298,"R",0,"Z",0,"R",219,"R",73
158662,"A",,"A",,"A",,"A",,"A",,"A",,"A",,"A",,"A",,"A",,"A",,"A",,"A",,"R",1152,"R",2,"R",1150,"R",161,"R",14,"R",192,"R",17,"R",0,"R",1150,"R",31,"R",66,"R",223,"R",19
158778,"A",,"A",,"A",,"A",,"A",,"A",,"A",,"A",,"A",,"A",,"A",,"A",,"A",,"R",29,"R",0,"R",29,"R",0,"R",0,"R",4,"R",14,"R",0,"R",29,"R",1,"R",0,"R",5,"R",17
158787,"A",,"A",,"A",,"A",,"A",,"A",,"A",,"A",,"A",,"A",,"A",,"A",,"A",,"R",14,"R",0,"R",14,"R",0,"R",0,"R",5,"R",36,"R",0,"R",14,"R",1,"R",0,"R",6,"R",43
158802,"R",296,"R",0,"R",296,"R",119,"R",40,"R",154,"R",52,"R",0,"R",296,"R",6,"R",0,"R",160,"R",54,"A",,"A",,"A",,"A",,"A",,"A",,"A",,"A",,"A",,"A",,"A",,"A",,"A",
158884,"A",,"A",,"A",,"A",,"A",,"A",,"A",,"A",,"A",,"A",,"A",,"A",,"A",,"R",181,"R",0,"R",181,"R",25,"R",14,"R",46,"R",25,"R",0,"R",181,"R",6,"R",7,"R",52,"R",29
159009,"R",617,"R",0,"R",617,"R",72,"R",12,"R",178,"R",29,"R",0,"R",617,"R",22,"R",8,"R",200,"R",32,"A",,"A",,"A",,"A",,"A",,"A",,"A",,"A",,"A",,"A",,"A",,"A",,"A",
159027,"A",,"A",,"A",,"A",,"A",,"A",,"A",,"A",,"A",,"A",,"A",,"A",,"A",,"R",22,"R",0,"R",22,"R",9,"R",41,"R",10,"R",45,"Z",0,"R",22,"R",0,"Z",0,"R",10,"R",45
159197,"A",,"A",,"A",,"A",,"A",,"A",,"A",,"A",,"A",,"A",,"A",,"A",,"A",,"R",167,"R",0,"R",167,"R",78,"R",47,"R",97,"R",58,"R",0,"R",167,"R",1,"R",0,"R",98,"R",59
159328,"A",,"A",,"A",,"A",,"A",,"A",,"A",,"A",,"A",,"A",,"A",,"A",,"A",,"R",16,"R",0,"R",16,"R",3,"R",19,"R",13,"R",81,"Z",0,"R",16,"R",0,"Z",0,"R",13,"R",81
159382,"R",247,"R",0,"R",247,"R",48,"R",19,"R",66,"R",27,"R",0,"R",247,"R",4,"R",5,"R",70,"R",28,"A",,"A",,"A",,"A",,"A",,"A",,"A",,"A",,"A",,"A",,"A",,"A",,"A",
159391,"R",5619,"R",11,"R",5608,"R",2408,"R",43,"R",3691,"R",66,"R",0,"R",5608,"R",82,"R",30,"R",3773,"R",67,"A",,"A",,"A",,"A",,"A",,"A",,"A",,"A",,"A",,"A",,"A",,"A",,"A",
159407,"A",,"A",,"A",,"A",,"A",,"A",,"A",,"A",,"A",,"A",,"A",,"A",,"A",,"R",678,"R",1,"R",677,"R",45,"R",7,"R",115,"R",17,"R",0,"R",677,"R",47,"R",36,"R",162,"R",24
159416,"R",347,"R",0,"R",347,"R",79,"R",23,"R",131,"R",38,"R",0,"R",347,"R",9,"R",2,"R",140,"R",40,"A",,"A",,"A",,"A",,"A",,"A",,"A",,"A",,"A",,"A",,"A",,"A",,"A",
159513,"A",,"A",,"A",,"A",,"A",,"A",,"A",,"A",,"A",,"A",,"A",,"A",,"A",,"R",44,"R",0,"R",44,"R",0,"R",0,"R",32,"R",73,"Z",0,"R",44,"R",0,"Z",0,"R",32,"R",73
159522,"A",,"A",,"A",,"A",,"A",,"A",,"A",,"A",,"A",,"A",,"A",,"A",,"A",,"R",31,"R",0,"R",31,"R",4,"R",13,"R",27,"R",87,"Z",0,"R",31,"R",0,"Z",0,"R",27,"R",87
159531,"A",,"A",,"A",,"A",,"A",,"A",,"A",,"A",,"A",,"A",,"A",,"A",,"A",,"R",9,"R",0,"R",9,"R",9,"R",100,"R",9,"R",100,"Z",0,"R",9,"R",0,"Z",0,"R",9,"R",100
159568,"R",205,"R",0,"R",205,"R",37,"R",18,"R",56,"R",27,"Z",0,"R",205,"R",0,"Z",0,"R",56,"R",27,"A",,"A",,"A",,"A",,"A",,"A",,"A",,"A",,"A",,"A",,"A",,"A",,"A",
159601,"A",,"A",,"A",,"A",,"A",,"A",,"A",,"A",,"A",,"A",,"A",,"A",,"A",,"R",27,"R",0,"R",27,"R",5,"R",19,"R",16,"R",59,"Z",0,"R",27,"R",0,"Z",0,"R",16,"R",59
159647,"R",1844,"R",0,"R",1844,"R",723,"R",39,"R",1077,"R",58,"Z",0,"R",1844,"R",34,"R",18,"R",1111,"R",60,"A",,"A",,"A",,"A",,"A",,"A",,"A",,"A",,"A",,"A",,"A",,"A",,"A",
159656,"R",661,"R",1,"R",660,"R",356,"R",54,"R",410,"R",62,"R",0,"R",660,"R",6,"R",1,"R",416,"R",63,"A",,"A",,"A",,"A",,"A",,"A",,"A",,"A",,"A",,"A",,"A",,"A",,"A",
159717,"R",1337,"R",1,"R",1336,"R",302,"R",23,"R",546,"R",41,"R",0,"R",1336,"R",34,"R",24,"R",580,"R",43,"A",,"A",,"A",,"A",,"A",,"A",,"A",,"A",,"A",,"A",,"A",,"A",,"A",
159939,"R",905,"R",0,"R",905,"R",183,"R",20,"R",352,"R",39,"R",0,"R",905,"R",26,"R",21,"R",378,"R",42,"A",,"A",,"A",,"A",,"A",,"A",,"A",,"A",,"A",,"A",,"A",,"A",,"A",
159948,"R",59,"R",0,"R",59,"R",29,"R",49,"R",35,"R",59,"Z",0,"R",59,"Z",0,"R",1,"R",35,"R",59,"A",,"A",,"A",,"A",,"A",,"A",,"A",,"A",,"A",,"A",,"A",,"A",,"A",
159966,"R",1125,"R",0,"R",1125,"R",296,"R",26,"R",553,"R",49,"R",0,"R",1125,"R",15,"R",11,"R",568,"R",50,"A",,"A",,"A",,"A",,"A",,"A",,"A",,"A",,"A",,"A",,"A",,"A",,"A",
159993,"R",1375,"R",1,"R",1374,"R",479,"R",35,"R",727,"R",53,"Z",0,"R",1374,"R",30,"R",22,"R",757,"R",55,"A",,"A",,"A",,"A",,"A",,"A",,"A",,"A",,"A",,"A",,"A",,"A",,"A",
160010,"A",,"A",,"A",,"A",,"A",,"A",,"A",,"A",,"A",,"A",,"A",,"A",,"A",,"R",132,"R",0,"R",132,"R",89,"R",67,"R",91,"R",69,"R",0,"R",132,"R",5,"R",3,"R",96,"R",73
160038,"R",1167,"R",4,"R",1163,"R",324,"R",28,"R",513,"R",44,"R",0,"R",1163,"R",20,"R",19,"R",533,"R",46,"A",,"A",,"A",,"A",,"A",,"A",,"A",,"A",,"A",,"A",,"A",,"A",,"A",
160065,"R",83,"R",0,"R",83,"R",5,"R",6,"R",24,"R",29,"Z",0,"R",83,"R",9,"Z",0,"R",33,"R",40,"A",,"A",,"A",,"A",,"A",,"A",,"A",,"A",,"A",,"A",,"A",,"A",,"A",
160074,"R",63,"R",0,"R",63,"R",3,"R",5,"R",16,"R",25,"R",0,"R",63,"R",4,"R",3,"R",20,"R",32,"A",,"A",,"A",,"A",,"A",,"A",,"A",,"A",,"A",,"A",,"A",,"A",,"A",
160117,"A",,"A",,"A",,"A",,"A",,"A",,"A",,"A",,"A",,"A",,"A",,"A",,"A",,"R",36,"R",0,"R",36,"R",2,"R",6,"R",19,"R",53,"Z",0,"R",36,"R",0,"Z",0,"R",19,"R",53
160126,"A",,"A",,"A",,"A",,"A",,"A",,"A",,"A",,"A",,"A",,"A",,"A",,"A",,"R",5,"R",0,"R",5,"R",0,"R",0,"R",4,"R",80,"Z",0,"R",5,"R",0,"Z",0,"R",4,"R",80
160199,"A",,"A",,"A",,"A",,"A",,"A",,"A",,"A",,"A",,"A",,"A",,"A",,"A",,"R",17,"R",0,"R",17,"R",1,"R",6,"R",13,"R",76,"Z",0,"R",17,"R",0,"Z",0,"R",13,"R",76
160320,"A",,"A",,"A",,"A",,"A",,"A",,"A",,"A",,"A",,"A",,"A",,"A",,"A",,"R",691,"R",0,"R",691,"R",83,"R",12,"R",516,"R",75,"Z",0,"R",691,"R",0,"Z",0,"R",516,"R",75
160409,"R",17,"R",0,"R",17,"R",6,"R",35,"R",6,"R",35,"Z",0,"R",17,"R",0,"Z",0,"R",6,"R",35,"A",,"A",,"A",,"A",,"A",,"A",,"A",,"A",,"A",,"A",,"A",,"A",,"A",
160472,"A",,"A",,"A",,"A",,"A",,"A",,"A",,"A",,"A",,"A",,"A",,"A",,"A",,"R",148,"R",0,"R",148,"R",3,"R",2,"R",58,"R",39,"R",0,"R",148,"R",0,"R",0,"R",58,"R",39
160481,"A",,"A",,"A",,"A",,"A",,"A",,"A",,"A",,"A",,"A",,"A",,"A",,"A",,"R",429,"R",0,"R",429,"R",42,"R",10,"R",55,"R",13,"R",0,"R",429,"R",36,"R",80,"R",91,"R",21
160524,"A",,"A",,"A",,"A",,"A",,"A",,"A",,"A",,"A",,"A",,"A",,"A",,"A",,"R",288,"R",0,"R",288,"R",68,"R",24,"R",107,"R",37,"Z",0,"R",288,"R",5,"R",5,"R",112,"R",39
160579,"A",,"A",,"A",,"A",,"A",,"A",,"A",,"A",,"A",,"A",,"A",,"A",,"A",,"R",562,"R",5,"R",557,"R",174,"R",31,"R",224,"R",40,"R",1,"R",556,"R",13,"R",31,"R",237,"R",43
160597,"A",,"A",,"A",,"A",,"A",,"A",,"A",,"A",,"A",,"A",,"A",,"A",,"A",,"R",4,"R",0,"R",4,"R",0,"R",0,"R",2,"R",50,"Z",0,"R",4,"R",0,"Z",0,"R",2,"R",50
160612,"R",2280,"R",4,"R",2276,"R",436,"R",19,"R",857,"R",38,"R",1,"R",2275,"R",73,"R",32,"R",930,"R",41,"A",,"A",,"A",,"A",,"A",,"A",,"A",,"A",,"A",,"A",,"A",,"A",,"A",
160621,"R",1177,"R",0,"R",1177,"R",115,"R",10,"R",376,"R",32,"R",0,"R",1177,"R",39,"R",11,"R",415,"R",35,"A",,"A",,"A",,"A",,"A",,"A",,"A",,"A",,"A",,"A",,"A",,"A",,"A",
160630,"R",179,"R",0,"R",179,"R",14,"R",8,"R",37,"R",21,"R",0,"R",179,"R",7,"R",2,"R",44,"R",25,"A",,"A",,"A",,"A",,"A",,"A",,"A",,"A",,"A",,"A",,"A",,"A",,"A",
160649,"A",,"A",,"A",,"A",,"A",,"A",,"A",,"A",,"A",,"A",,"A",,"A",,"A",,"R",364,"R",0,"R",364,"R",7,"R",2,"R",27,"R",7,"R",0,"R",364,"R",6,"R",30,"R",33,"R",9
160658,"R",3151,"R",5,"R",3146,"R",722,"R",23,"R",1577,"R",50,"R",0,"R",3146,"R",85,"R",37,"R",1662,"R",53,"A",,"A",,"A",,"A",,"A",,"A",,"A",,"A",,"A",,"A",,"A",,"A",,"A",
160667,"A",,"A",,"A",,"A",,"A",,"A",,"A",,"A",,"A",,"A",,"A",,"A",,"A",,"R",490,"R",1,"R",489,"R",65,"R",13,"R",141,"R",29,"R",1,"R",488,"R",18,"R",11,"R",159,"R",33
160755,"R",1719,"R",1,"R",1718,"R",1329,"R",77,"R",1477,"R",86,"Z",0,"R",1718,"R",8,"R",2,"R",1485,"R",86,"A",,"A",,"A",,"A",,"A",,"A",,"A",,"A",,"A",,"A",,"A",,"A",,"A",
160904,"R",556,"R",0,"R",556,"R",203,"R",37,"R",269,"R",48,"R",0,"R",556,"R",11,"R",5,"R",280,"R",50,"A",,"A",,"A",,"A",,"A",,"A",,"A",,"A",,"A",,"A",,"A",,"A",,"A",
160959,"R",81,"R",0,"R",81,"R",43,"R",53,"R",54,"R",67,"R",0,"R",81,"R",0,"R",0,"R",54,"R",67,"A",,"A",,"A",,"A",,"A",,"A",,"A",,"A",,"A",,"A",,"A",,"A",,"A",
160977,"R",516,"R",0,"R",516,"R",454,"R",88,"R",473,"R",92,"R",0,"R",516,"R",2,"R",0,"R",475,"R",92,"A",,"A",,"A",,"A",,"A",,"A",,"A",,"A",,"A",,"A",,"A",,"A",,"A",
161004,"R",500,"R",2,"R",498,"R",441,"R",89,"R",467,"R",94,"R",0,"R",498,"R",1,"R",1,"R",468,"R",94,"A",,"A",,"A",,"A",,"A",,"A",,"A",,"A",,"A",,"A",,"A",,"A",,"A",
161077,"A",,"A",,"A",,"A",,"A",,"A",,"A",,"A",,"A",,"A",,"A",,"A",,"A",,"R",562,"R",0,"R",562,"R",78,"R",14,"R",127,"R",23,"R",0,"R",562,"R",66,"R",27,"R",193,"R",34
161086,"R",508,"R",0,"R",508,"R",413,"R",81,"R",440,"R",87,"R",0,"R",508,"R",1,"R",0,"R",441,"R",87,"A",,"A",,"A",,"A",,"A",,"A",,"A",,"A",,"A",,"A",,"A",,"A",,"A",
161138,"A",,"A",,"A",,"A",,"A",,"A",,"A",,"A",,"A",,"A",,"A",,"A",,"A",,"R",357,"R",1,"R",356,"R",53,"R",15,"R",71,"R",20,"Z",0,"R",356,"R",45,"R",16,"R",116,"R",33
161192,"A",,"A",,"A",,"A",,"A",,"A",,"A",,"A",,"A",,"A",,"A",,"A",,"A",,"R",202,"R",0,"R",202,"R",72,"R",36,"R",88,"R",44,"R",0,"R",202,"R",25,"R",5,"R",113,"R",56
161208,"A",,"A",,"A",,"A",,"A",,"A",,"A",,"A",,"A",,"A",,"A",,"A",,"A",,"R",14,"R",0,"R",14,"R",13,"R",93,"R",13,"R",93,"Z",0,"R",14,"R",0,"Z",0,"R",13,"R",93
161217,"R",176,"R",0,"R",176,"R",8,"R",5,"R",26,"R",15,"R",0,"R",176,"R",6,"R",5,"R",32,"R",18,"A",,"A",,"A",,"A",,"A",,"A",,"A",,"A",,"A",,"A",,"A",,"A",,"A",
161226,"R",447,"R",0,"R",447,"R",188,"R",42,"R",248,"R",55,"R",0,"R",447,"R",2,"R",1,"R",250,"R",56,"A",,"A",,"A",,"A",,"A",,"A",,"A",,"A",,"A",,"A",,"A",,"A",,"A",
161235,"R",92,"R",0,"R",92,"R",23,"R",25,"R",39,"R",42,"Z",0,"R",92,"R",0,"Z",0,"R",39,"R",42,"A",,"A",,"A",,"A",,"A",,"A",,"A",,"A",,"A",,"A",,"A",,"A",,"A",
161253,"R",2123,"R",1,"R",2122,"R",837,"R",39,"R",1204,"R",57,"R",0,"R",2122,"R",33,"R",13,"R",1237,"R",58,"A",,"A",,"A",,"A",,"A",,"A",,"A",,"A",,"A",,"A",,"A",,"A",,"A",
161299,"R",206,"R",0,"R",206,"R",112,"R",54,"R",148,"R",72,"R",0,"R",206,"R",2,"R",0,"R",150,"R",73,"A",,"A",,"A",,"A",,"A",,"A",,"A",,"A",,"A",,"A",,"A",,"A",,"A",
161341,"R",176,"R",0,"R",176,"R",43,"R",24,"R",61,"R",35,"R",0,"R",176,"R",0,"R",2,"R",61,"R",35,"A",,"A",,"A",,"A",,"A",,"A",,"A",,"A",,"A",,"A",,"A",,"A",,"A",
161457,"R",575,"R",0,"R",575,"R",344,"R",60,"R",380,"R",66,"R",0,"R",575,"R",4,"R",0,"R",384,"R",67,"A",,"A",,"A",,"A",,"A",,"A",,"A",,"A",,"A",,"A",,"A",,"A",,"A",
161484,"A",,"A",,"A",,"A",,"A",,"A",,"A",,"A",,"A",,"A",,"A",,"A",,"A",,"R",133,"R",2,"R",131,"R",31,"R",24,"R",36,"R",27,"R",0,"R",131,"R",12,"R",5,"R",48,"R",37
161493,"A",,"A",,"A",,"A",,"A",,"A",,"A",,"A",,"A",,"A",,"A",,"A",,"A",,"R",60,"R",0,"R",60,"R",0,"R",0,"R",35,"R",58,"R",0,"R",60,"R",0,"R",0,"R",35,"R",58
161509,"R",110,"R",1,"R",109,"R",43,"R",39,"R",48,"R",44,"Z",0,"R",109,"R",0,"Z",0,"R",48,"R",44,"A",,"A",,"A",,"A",,"A",,"A",,"A",,"A",,"A",,"A",,"A",,"A",,"A",
161518,"R",263,"R",0,"R",263,"R",158,"R",60,"R",180,"R",68,"Z",0,"R",263,"R",0,"Z",0,"R",180,"R",68,"A",,"A",,"A",,"A",,"A",,"A",,"A",,"A",,"A",,"A",,"A",,"A",,"A",
161527,"A",,"A",,"A",,"A",,"A",,"A",,"A",,"A",,"A",,"A",,"A",,"A",,"A",,"R",80,"R",0,"R",80,"R",25,"R",31,"R",65,"R",81,"Z",0,"R",80,"R",0,"Z",0,"R",65,"R",81
161545,"A",,"A",,"A",,"A",,"A",,"A",,"A",,"A",,"A",,"A",,"A",,"A",,"A",,"R",943,"R",0,"R",943,"R",80,"R",8,"R",170,"R",18,"R",0,"R",943,"R",140,"R",64,"R",310,"R",33
161554,"R",662,"R",1,"R",661,"R",134,"R",20,"R",228,"R",34,"R",0,"R",661,"R",18,"R",6,"R",246,"R",37,"A",,"A",,"A",,"A",,"A",,"A",,"A",,"A",,"A",,"A",,"A",,"A",,"A",
161563,"R",261,"R",2,"R",259,"R",115,"R",44,"R",133,"R",51,"R",0,"R",259,"R",3,"R",0,"R",136,"R",53,"A",,"A",,"A",,"A",,"A",,"A",,"A",,"A",,"A",,"A",,"A",,"A",,"A",
161572,"R",198,"R",0,"R",198,"R",93,"R",47,"R",108,"R",55,"Z",0,"R",198,"R",1,"R",0,"R",109,"R",55,"A",,"A",,"A",,"A",,"A",,"A",,"A",,"A",,"A",,"A",,"A",,"A",,"A",
161581,"A",,"A",,"A",,"A",,"A",,"A",,"A",,"A",,"A",,"A",,"A",,"A",,"A",,"R",76,"R",0,"R",76,"R",29,"R",38,"R",32,"R",42,"R",0,"R",76,"R",11,"R",3,"R",43,"R",57
161688,"A",,"A",,"A",,"A",,"A",,"A",,"A",,"A",,"A",,"A",,"A",,"A",,"A",,"R",385,"R",0,"R",385,"R",86,"R",22,"R",136,"R",35,"R",0,"R",385,"R",11,"R",13,"R",147,"R",38
161767,"A",,"A",,"A",,"A",,"A",,"A",,"A",,"A",,"A",,"A",,"A",,"A",,"A",,"R",1327,"R",1,"R",1326,"R",179,"R",13,"R",362,"R",27,"R",0,"R",1326,"R",92,"R",128,"R",454,"R",34
161800,"A",,"A",,"A",,"A",,"A",,"A",,"A",,"A",,"A",,"A",,"A",,"A",,"A",,"R",33,"R",0,"R",33,"R",17,"R",52,"R",17,"R",52,"Z",0,"R",33,"R",0,"Z",0,"R",17,"R",52
161855,"A",,"A",,"A",,"A",,"A",,"A",,"A",,"A",,"A",,"A",,"A",,"A",,"A",,"R",7,"R",0,"R",7,"R",5,"R",71,"R",5,"R",71,"Z",0,"R",7,"R",0,"Z",0,"R",5,"R",71
161864,"A",,"A",,"A",,"A",,"A",,"A",,"A",,"A",,"A",,"A",,"A",,"A",,"A",,"R",603,"R",0,"R",603,"R",19,"R",3,"R",59,"R",10,"R",0,"R",603,"R",18,"R",5,"R",77,"R",13
161873,"R",137,"R",0,"R",137,"R",31,"R",23,"R",52,"R",38,"R",0,"R",137,"R",4,"R",4,"R",56,"R",41,"A",,"A",,"A",,"A",,"A",,"A",,"A",,"A",,"A",,"A",,"A",,"A",,"A",
162007,"R",559,"R",0,"R",559,"R",94,"R",17,"R",234,"R",42,"R",0,"R",559,"R",16,"R",17,"R",250,"R",45,"A",,"A",,"A",,"A",,"A",,"A",,"A",,"A",,"A",,"A",,"A",,"A",,"A",
162061,"R",82,"R",0,"R",82,"R",32,"R",39,"R",42,"R",51,"Z",0,"R",82,"R",2,"R",0,"R",44,"R",54,"A",,"A",,"A",,"A",,"A",,"A",,"A",,"A",,"A",,"A",,"A",,"A",,"A",
162104,"A",,"A",,"A",,"A",,"A",,"A",,"A",,"A",,"A",,"A",,"A",,"A",,"A",,"R",270,"R",0,"R",270,"R",34,"R",13,"R",73,"R",27,"R",0,"R",270,"R",12,"R",21,"R",85,"R",31
162122,"A",,"A",,"A",,"A",,"A",,"A",,"A",,"A",,"A",,"A",,"A",,"A",,"A",,"R",914,"R",0,"R",914,"R",140,"R",15,"R",295,"R",32,"R",0,"R",914,"R",13,"R",58,"R",308,"R",34
162168,"A",,"A",,"A",,"A",,"A",,"A",,"A",,"A",,"A",,"A",,"A",,"A",,"A",,"R",264,"R",0,"R",264,"R",35,"R",13,"R",75,"R",28,"R",0,"R",264,"R",9,"R",16,"R",84,"R",32
162210,"R",140,"R",1,"R",139,"R",27,"R",19,"R",56,"R",40,"R",0,"R",139,"R",1,"R",2,"R",57,"R",41,"A",,"A",,"A",,"A",,"A",,"A",,"A",,"A",,"A",,"A",,"A",,"A",,"A",
162283,"R",242,"R",0,"R",242,"R",34,"R",14,"R",64,"R",26,"R",0,"R",242,"R",1,"R",5,"R",65,"R",27,"A",,"A",,"A",,"A",,"A",,"A",,"A",,"A",,"A",,"A",,"A",,"A",,"A",
162335,"A",,"A",,"A",,"A",,"A",,"A",,"A",,"A",,"A",,"A",,"A",,"A",,"A",,"R",9,"R",0,"R",9,"R",0,"R",0,"R",5,"R",56,"Z",0,"R",9,"R",0,"Z",0,"R",5,"R",56
162371,"A",,"A",,"A",,"A",,"A",,"A",,"A",,"A",,"A",,"A",,"A",,"A",,"A",,"R",648,"R",0,"R",648,"R",450,"R",69,"R",466,"R",72,"R",0,"R",648,"R",0,"R",0,"R",466,"R",72
162557,"A",,"A",,"A",,"A",,"A",,"A",,"A",,"A",,"A",,"A",,"A",,"A",,"A",,"R",786,"R",0,"R",786,"R",148,"R",19,"R",262,"R",33,"R",0,"R",786,"R",18,"R",50,"R",280,"R",36
162584,"R",931,"R",0,"R",931,"R",234,"R",25,"R",443,"R",48,"R",0,"R",931,"R",11,"R",7,"R",454,"R",49,"A",,"A",,"A",,"A",,"A",,"A",,"A",,"A",,"A",,"A",,"A",,"A",,"A",
162609,"A",,"A",,"A",,"A",,"A",,"A",,"A",,"A",,"A",,"A",,"A",,"A",,"A",,"R",197,"R",0,"R",197,"R",46,"R",23,"R",64,"R",32,"Z",0,"R",197,"R",2,"R",4,"R",66,"R",34
162654,"R",388,"R",0,"R",388,"R",203,"R",52,"R",227,"R",59,"R",0,"R",388,"R",1,"R",1,"R",228,"R",59,"A",,"A",,"A",,"A",,"A",,"A",,"A",,"A",,"A",,"A",,"A",,"A",,"A",
162690,"A",,"A",,"A",,"A",,"A",,"A",,"A",,"A",,"A",,"A",,"A",,"A",,"A",,"R",458,"R",1,"R",457,"R",78,"R",17,"R",159,"R",35,"R",0,"R",457,"R",17,"R",23,"R",176,"R",39
162706,"A",,"A",,"A",,"A",,"A",,"A",,"A",,"A",,"A",,"A",,"A",,"A",,"A",,"R",736,"R",0,"R",736,"R",121,"R",16,"R",210,"R",29,"R",0,"R",736,"R",60,"R",51,"R",270,"R",37
162760,"R",257,"R",1,"R",256,"R",144,"R",56,"R",169,"R",66,"R",0,"R",256,"R",0,"R",0,"R",169,"R",66,"A",,"A",,"A",,"A",,"A",,"A",,"A",,"A",,"A",,"A",,"A",,"A",,"A",
162779,"A",,"A",,"A",,"A",,"A",,"A",,"A",,"A",,"A",,"A",,"A",,"A",,"A",,"R",962,"R",0,"R",962,"R",124,"R",13,"R",225,"R",23,"R",0,"R",962,"R",51,"R",162,"R",276,"R",29
162830,"A",,"A",,"A",,"A",,"A",,"A",,"A",,"A",,"A",,"A",,"A",,"A",,"A",,"R",73,"R",0,"R",73,"R",3,"R",4,"R",55,"R",75,"R",0,"R",73,"R",4,"R",0,"R",59,"R",81
162928,"R",1366,"R",8,"R",1358,"R",1187,"R",87,"R",1285,"R",95,"R",0,"R",1358,"R",4,"R",1,"R",1289,"R",95,"A",,"A",,"A",,"A",,"A",,"A",,"A",,"A",,"A",,"A",,"A",,"A",,"A",
163028,"A",,"A",,"A",,"A",,"A",,"A",,"A",,"A",,"A",,"A",,"A",,"A",,"A",,"R",663,"R",0,"R",663,"R",277,"R",42,"R",406,"R",61,"R",0,"R",663,"R",6,"R",0,"R",412,"R",62
163046,"R",1031,"R",0,"R",1031,"R",793,"R",77,"R",830,"R",81,"R",0,"R",1031,"R",2,"R",0,"R",832,"R",81,"A",,"A",,"A",,"A",,"A",,"A",,"A",,"A",,"A",,"A",,"A",,"A",,"A",
163204,"R",149,"R",0,"R",149,"R",8,"R",5,"R",16,"R",11,"R",0,"R",149,"R",2,"R",4,"R",18,"R",12,"A",,"A",,"A",,"A",,"A",,"A",,"A",,"A",,"A",,"A",,"A",,"A",,"A",
163268,"R",1543,"R",1,"R",1542,"R",693,"R",45,"R",1082,"R",70,"R",0,"R",1542,"R",26,"R",8,"R",1108,"R",72,"A",,"A",,"A",,"A",,"A",,"A",,"A",,"A",,"A",,"A",,"A",,"A",,"A",
163286,"R",3958,"R",4,"R",3954,"R",2855,"R",72,"R",3472,"R",88,"R",0,"R",3954,"R",27,"R",9,"R",3499,"R",88,"A",,"A",,"A",,"A",,"A",,"A",,"A",,"A",,"A",,"A",,"A",,"A",,"A",
163295,"R",411,"R",4,"R",407,"R",274,"R",67,"R",301,"R",74,"R",-4,"R",411,"R",8,"R",0,"R",309,"R",75,"A",,"A",,"A",,"A",,"A",,"A",,"A",,"A",,"A",,"A",,"A",,"A",,"A",
163338,"R",1011,"R",0,"R",1011,"R",149,"R",15,"R",337,"R",33,"Z",0,"R",1011,"R",24,"R",51,"R",361,"R",36,"A",,"A",,"A",,"A",,"A",,"A",,"A",,"A",,"A",,"A",,"A",,"A",,"A",
163347,"A",,"A",,"A",,"A",,"A",,"A",,"A",,"A",,"A",,"A",,"A",,"A",,"A",,"R",250,"R",0,"R",250,"R",8,"R",3,"R",73,"R",29,"Z",0,"R",250,"R",0,"Z",0,"R",73,"R",29
163408,"A",,"A",,"A",,"A",,"A",,"A",,"A",,"A",,"A",,"A",,"A",,"A",,"A",,"R",56,"R",0,"R",56,"R",2,"R",4,"R",39,"R",70,"Z",0,"R",56,"R",0,"Z",0,"R",39,"R",70
163426,"A",,"A",,"A",,"A",,"A",,"A",,"A",,"A",,"A",,"A",,"A",,"A",,"A",,"R",1967,"R",0,"R",1967,"R",302,"R",15,"R",555,"R",28,"R",0,"R",1967,"R",114,"R",211,"R",669,"R",34
163453,"R",1159,"R",0,"R",1159,"R",233,"R",20,"R",509,"R",44,"Z",0,"R",1159,"R",39,"R",15,"R",548,"R",47,"A",,"A",,"A",,"A",,"A",,"A",,"A",,"A",,"A",,"A",,"A",,"A",,"A",
163462,"R",506,"R",0,"R",506,"R",279,"R",55,"R",311,"R",61,"R",0,"R",506,"R",1,"R",1,"R",312,"R",62,"A",,"A",,"A",,"A",,"A",,"A",,"A",,"A",,"A",,"A",,"A",,"A",,"A",
163532,"R",34,"R",0,"R",34,"R",7,"R",21,"R",12,"R",35,"R",0,"R",34,"R",2,"R",0,"R",14,"R",41,"A",,"A",,"A",,"A",,"A",,"A",,"A",,"A",,"A",,"A",,"A",,"A",,"A",
163541,"A",,"A",,"A",,"A",,"A",,"A",,"A",,"A",,"A",,"A",,"A",,"A",,"A",,"R",140,"R",0,"R",140,"R",9,"R",6,"R",84,"R",60,"R",0,"R",140,"R",0,"R",0,"R",84,"R",60
163578,"R",93,"R",0,"R",93,"R",47,"R",51,"R",55,"R",59,"Z",0,"R",93,"R",0,"Z",0,"R",55,"R",59,"A",,"A",,"A",,"A",,"A",,"A",,"A",,"A",,"A",,"A",,"A",,"A",,"A",
163657,"A",,"A",,"A",,"A",,"A",,"A",,"A",,"A",,"A",,"A",,"A",,"A",,"A",,"R",876,"R",0,"R",876,"R",57,"R",7,"R",153,"R",17,"R",0,"R",876,"R",57,"R",85,"R",210,"R",24
163815,"A",,"A",,"A",,"A",,"A",,"A",,"A",,"A",,"A",,"A",,"A",,"A",,"A",,"R",21,"R",0,"R",21,"R",16,"R",76,"R",16,"R",76,"Z",0,"R",21,"R",0,"Z",0,"R",16,"R",76
163851,"R",1186,"R",1,"R",1185,"R",591,"R",50,"R",856,"R",72,"R",0,"R",1185,"R",14,"R",5,"R",870,"R",73,"A",,"A",,"A",,"A",,"A",,"A",,"A",,"A",,"A",,"A",,"A",,"A",,"A",
163912,"R",393,"R",0,"R",393,"R",252,"R",64,"R",286,"R",73,"R",0,"R",393,"R",0,"R",0,"R",286,"R",73,"A",,"A",,"A",,"A",,"A",,"A",,"A",,"A",,"A",,"A",,"A",,"A",,"A",
163976,"R",102,"R",0,"R",102,"R",72,"R",71,"R",77,"R",75,"R",0,"R",102,"R",2,"R",0,"R",79,"R",77,"A",,"A",,"A",,"A",,"A",,"A",,"A",,"A",,"A",,"A",,"A",,"A",,"A",
164076,"R",2708,"R",2,"R",2706,"R",1352,"R",50,"R",1956,"R",72,"R",0,"R",2706,"R",40,"R",14,"R",1996,"R",74,"A",,"A",,"A",,"A",,"A",,"A",,"A",,"A",,"A",,"A",,"A",,"A",,"A",
164155,"R",1176,"R",1,"R",1175,"R",1048,"R",89,"R",1073,"R",91,"Z",0,"R",1175,"R",0,"Z",0,"R",1073,"R",91,"A",,"A",,"A",,"A",,"A",,"A",,"A",,"A",,"A",,"A",,"A",,"A",,"A",
164173,"R",734,"R",0,"R",734,"R",372,"R",51,"R",435,"R",59,"R",0,"R",734,"R",5,"R",1,"R",440,"R",60,"A",,"A",,"A",,"A",,"A",,"A",,"A",,"A",,"A",,"A",,"A",,"A",,"A",
164216,"R",391,"R",0,"R",391,"R",277,"R",71,"R",293,"R",75,"Z",0,"R",391,"R",0,"Z",0,"R",293,"R",75,"A",,"A",,"A",,"A",,"A",,"A",,"A",,"A",,"A",,"A",,"A",,"A",,"A",
164270,"R",430,"R",1,"R",429,"R",241,"R",56,"R",279,"R",65,"R",0,"R",429,"R",1,"R",0,"R",280,"R",65,"A",,"A",,"A",,"A",,"A",,"A",,"A",,"A",,"A",,"A",,"A",,"A",,"A",
164313,"A",,"A",,"A",,"A",,"A",,"A",,"A",,"A",,"A",,"A",,"A",,"A",,"A",,"R",323,"R",0,"R",323,"R",37,"R",11,"R",66,"R",20,"R",0,"R",323,"R",13,"R",30,"R",79,"R",24
164368,"R",17,"R",0,"R",17,"R",3,"R",18,"R",4,"R",24,"Z",0,"R",17,"R",0,"Z",0,"R",4,"R",24,"A",,"A",,"A",,"A",,"A",,"A",,"A",,"A",,"A",,"A",,"A",,"A",,"A",
164447,"R",337,"R",0,"R",337,"R",113,"R",34,"R",142,"R",42,"R",0,"R",337,"R",3,"R",1,"R",145,"R",43,"A",,"A",,"A",,"A",,"A",,"A",,"A",,"A",,"A",,"A",,"A",,"A",,"A",
164465,"R",477,"R",2,"R",475,"R",412,"R",87,"R",439,"R",92,"R",0,"R",475,"R",7,"R",1,"R",446,"R",94,"A",,"A",,"A",,"A",,"A",,"A",,"A",,"A",,"A",,"A",,"A",,"A",,"A",
164492,"R",232,"R",0,"R",232,"R",92,"R",40,"R",111,"R",48,"R",0,"R",232,"R",0,"R",0,"R",111,"R",48,"A",,"A",,"A",,"A",,"A",,"A",,"A",,"A",,"A",,"A",,"A",,"A",,"A",
164535,"A",,"A",,"A",,"A",,"A",,"A",,"A",,"A",,"A",,"A",,"A",,"A",,"A",,"R",16,"R",0,"R",16,"R",12,"R",75,"R",13,"R",81,"Z",0,"R",16,"R",0,"Z",0,"R",13,"R",81
164562,"R",570,"R",0,"R",570,"R",391,"R",69,"R",408,"R",72,"R",0,"R",570,"R",3,"R",0,"R",411,"R",72,"A",,"A",,"A",,"A",,"A",,"A",,"A",,"A",,"A",,"A",,"A",,"A",,"A",
164580,"R",525,"R",0,"R",525,"R",471,"R",90,"R",492,"R",94,"R",0,"R",525,"R",0,"R",1,"R",492,"R",94,"A",,"A",,"A",,"A",,"A",,"A",,"A",,"A",,"A",,"A",,"A",,"A",,"A",
164614,"R",10,"R",0,"R",10,"R",6,"R",60,"R",8,"R",80,"Z",0,"R",10,"R",0,"Z",0,"R",8,"R",80,"A",,"A",,"A",,"A",,"A",,"A",,"A",,"A",,"A",,"A",,"A",,"A",,"A",
164632,"R",178,"R",0,"R",178,"R",80,"R",45,"R",90,"R",51,"R",0,"R",178,"R",0,"R",0,"R",90,"R",51,"A",,"A",,"A",,"A",,"A",,"A",,"A",,"A",,"A",,"A",,"A",,"A",,"A",
164739,"R",915,"R",0,"R",915,"R",762,"R",83,"R",805,"R",88,"R",0,"R",915,"R",8,"R",1,"R",813,"R",89,"A",,"A",,"A",,"A",,"A",,"A",,"A",,"A",,"A",,"A",,"A",,"A",,"A",
164748,"R",1008,"R",1,"R",1007,"R",574,"R",57,"R",696,"R",69,"R",0,"R",1007,"R",15,"R",5,"R",711,"R",71,"A",,"A",,"A",,"A",,"A",,"A",,"A",,"A",,"A",,"A",,"A",,"A",,"A",
164775,"A",,"A",,"A",,"A",,"A",,"A",,"A",,"A",,"A",,"A",,"A",,"A",,"A",,"R",178,"R",0,"R",178,"R",11,"R",6,"R",29,"R",16,"R",0,"R",178,"R",10,"R",4,"R",39,"R",22
164845,"A",,"A",,"A",,"A",,"A",,"A",,"A",,"A",,"A",,"A",,"A",,"A",,"A",,"R",52,"R",0,"R",52,"R",0,"R",0,"R",22,"R",42,"R",0,"R",52,"R",0,"R",0,"R",22,"R",42
164872,"R",22,"R",0,"R",22,"R",7,"R",32,"R",15,"R",68,"Z",0,"R",22,"R",0,"Z",0,"R",15,"R",68,"A",,"A",,"A",,"A",,"A",,"A",,"A",,"A",,"A",,"A",,"A",,"A",,"A",
164924,"R",2310,"R",10,"R",2300,"R",2019,"R",88,"R",2088,"R",91,"R",0,"R",2300,"R",7,"R",1,"R",2095,"R",91,"A",,"A",,"A",,"A",,"A",,"A",,"A",,"A",,"A",,"A",,"A",,"A",,"A",
164988,"R",3628,"R",24,"R",3604,"R",3030,"R",84,"R",3220,"R",89,"R",0,"R",3604,"R",19,"R",0,"R",3239,"R",90,"A",,"A",,"A",,"A",,"A",,"A",,"A",,"A",,"A",,"A",,"A",,"A",,"A",
165015,"R",802,"R",0,"R",802,"R",656,"R",82,"R",702,"R",88,"Z",0,"R",802,"R",4,"R",1,"R",706,"R",88,"A",,"A",,"A",,"A",,"A",,"A",,"A",,"A",,"A",,"A",,"A",,"A",,"A",
165024,"R",1492,"R",1,"R",1491,"R",588,"R",39,"R",931,"R",62,"R",0,"R",1491,"R",23,"R",14,"R",954,"R",64,"A",,"A",,"A",,"A",,"A",,"A",,"A",,"A",,"A",,"A",,"A",,"A",,"A",
165033,"A",,"A",,"A",,"A",,"A",,"A",,"A",,"A",,"A",,"A",,"A",,"A",,"A",,"R",1019,"R",0,"R",1019,"R",105,"R",10,"R",222,"R",22,"R",0,"R",1019,"R",52,"R",87,"R",274,"R",27
165060,"A",,"A",,"A",,"A",,"A",,"A",,"A",,"A",,"A",,"A",,"A",,"A",,"A",,"R",3,"R",0,"R",3,"Z",0,"R",0,"Z",0,"R",0,"Z",0,"R",3,"R",0,"Z",0,"R",0,"R",0
165112,"A",,"A",,"A",,"A",,"A",,"A",,"A",,"A",,"A",,"A",,"A",,"A",,"A",,"R",1080,"R",0,"R",1080,"R",73,"R",7,"R",182,"R",17,"R",0,"R",1080,"R",68,"R",5,"R",250,"R",23
165167,"R",7,"R",0,"R",7,"Z",0,"R",0,"Z",0,"R",0,"R",0,"R",7,"R",0,"R",1,"R",0,"R",0,"A",,"A",,"A",,"A",,"A",,"A",,"A",,"A",,"A",,"A",,"A",,"A",,"A",
165194,"A",,"A",,"A",,"A",,"A",,"A",,"A",,"A",,"A",,"A",,"A",,"A",,"A",,"R",313,"R",1,"R",312,"R",35,"R",11,"R",72,"R",23,"R",0,"R",312,"R",17,"R",18,"R",89,"R",29
165255,"A",,"A",,"A",,"A",,"A",,"A",,"A",,"A",,"A",,"A",,"A",,"A",,"A",,"R",32,"R",0,"R",32,"R",30,"R",94,"R",30,"R",94,"Z",0,"R",32,"R",0,"Z",0,"R",30,"R",94
165334,"R",666,"R",1,"R",665,"R",496,"R",75,"R",526,"R",79,"R",0,"R",665,"R",1,"R",1,"R",527,"R",79,"A",,"A",,"A",,"A",,"A",,"A",,"A",,"A",,"A",,"A",,"A",,"A",,"A",
165529,"R",600,"R",0,"R",600,"R",288,"R",48,"R",327,"R",55,"R",0,"R",600,"R",2,"R",0,"R",329,"R",55,"A",,"A",,"A",,"A",,"A",,"A",,"A",,"A",,"A",,"A",,"A",,"A",,"A",
165556,"A",,"A",,"A",,"A",,"A",,"A",,"A",,"A",,"A",,"A",,"A",,"A",,"A",,"R",414,"R",0,"R",414,"R",51,"R",12,"R",246,"R",59,"R",0,"R",414,"R",7,"R",0,"R",253,"R",61
165574,"R",199,"R",0,"R",199,"R",79,"R",40,"R",86,"R",43,"Z",0,"R",199,"R",1,"R",0,"R",87,"R",44,"A",,"A",,"A",,"A",,"A",,"A",,"A",,"A",,"A",,"A",,"A",,"A",,"A",
165608,"A",,"A",,"A",,"A",,"A",,"A",,"A",,"A",,"A",,"A",,"A",,"A",,"A",,"R",8,"R",0,"R",8,"R",6,"R",75,"R",7,"R",88,"Z",0,"R",8,"R",0,"Z",0,"R",7,"R",88
165635,"A",,"A",,"A",,"A",,"A",,"A",,"A",,"A",,"A",,"A",,"A",,"A",,"A",,"R",177,"R",0,"R",177,"R",129,"R",73,"R",129,"R",73,"Z",0,"R",177,"R",0,"Z",0,"R",129,"R",73
165644,"R",109,"R",0,"R",109,"R",48,"R",44,"R",61,"R",56,"Z",0,"R",109,"R",1,"Z",0,"R",62,"R",57,"A",,"A",,"A",,"A",,"A",,"A",,"A",,"A",,"A",,"A",,"A",,"A",,"A",
165662,"R",915,"R",1,"R",914,"R",696,"R",76,"R",720,"R",79,"R",0,"R",914,"R",7,"R",0,"R",727,"R",80,"A",,"A",,"A",,"A",,"A",,"A",,"A",,"A",,"A",,"A",,"A",,"A",,"A",
165671,"R",555,"R",0,"R",555,"R",360,"R",65,"R",390,"R",70,"R",0,"R",555,"R",0,"R",0,"R",390,"R",70,"A",,"A",,"A",,"A",,"A",,"A",,"A",,"A",,"A",,"A",,"A",,"A",,"A",
165699,"R",786,"R",1,"R",785,"R",597,"R",76,"R",611,"R",78,"Z",0,"R",785,"R",1,"Z",0,"R",612,"R",78,"A",,"A",,"A",,"A",,"A",,"A",,"A",,"A",,"A",,"A",,"A",,"A",,"A",
165750,"A",,"A",,"A",,"A",,"A",,"A",,"A",,"A",,"A",,"A",,"A",,"A",,"A",,"R",27,"R",5,"R",22,"R",1,"R",5,"R",11,"R",50,"Z",0,"R",22,"R",0,"Z",0,"R",11,"R",50
165802,"R",118,"R",0,"R",118,"R",38,"R",32,"R",45,"R",38,"Z",0,"R",118,"R",0,"Z",0,"R",45,"R",38,"A",,"A",,"A",,"A",,"A",,"A",,"A",,"A",,"A",,"A",,"A",,"A",,"A",
165820,"R",781,"R",0,"R",781,"R",289,"R",37,"R",446,"R",57,"R",0,"R",781,"R",9,"R",5,"R",455,"R",58,"A",,"A",,"A",,"A",,"A",,"A",,"A",,"A",,"A",,"A",,"A",,"A",,"A",
165866,"R",843,"R",0,"R",843,"R",310,"R",37,"R",421,"R",50,"R",0,"R",843,"R",10,"R",5,"R",431,"R",51,"A",,"A",,"A",,"A",,"A",,"A",,"A",,"A",,"A",,"A",,"A",,"A",,"A",
165936,"R",438,"R",1,"R",437,"R",286,"R",65,"R",315,"R",72,"R",0,"R",437,"R",3,"R",1,"R",318,"R",73,"A",,"A",,"A",,"A",,"A",,"A",,"A",,"A",,"A",,"A",,"A",,"A",,"A",
165981,"A",,"A",,"A",,"A",,"A",,"A",,"A",,"A",,"A",,"A",,"A",,"A",,"A",,"R",130,"R",0,"R",130,"R",26,"R",20,"R",42,"R",32,"R",0,"R",130,"R",10,"R",13,"R",52,"R",40
166018,"R",370,"R",0,"R",370,"R",196,"R",53,"R",231,"R",62,"Z",0,"R",370,"R",1,"R",1,"R",232,"R",63,"A",,"A",,"A",,"A",,"A",,"A",,"A",,"A",,"A",,"A",,"A",,"A",,"A",
166027,"R",1659,"R",1,"R",1658,"R",1431,"R",86,"R",1604,"R",97,"R",0,"R",1658,"R",27,"R",3,"R",1631,"R",98,"A",,"A",,"A",,"A",,"A",,"A",,"A",,"A",,"A",,"A",,"A",,"A",,"A",
166054,"R",29,"R",0,"R",29,"R",18,"R",62,"R",18,"R",62,"R",0,"R",29,"R",0,"R",0,"R",18,"R",62,"A",,"A",,"A",,"A",,"A",,"A",,"A",,"A",,"A",,"A",,"A",,"A",,"A",
166124,"R",738,"R",0,"R",738,"R",663,"R",90,"R",683,"R",93,"Z",0,"R",738,"R",1,"Z",0,"R",684,"R",93,"A",,"A",,"A",,"A",,"A",,"A",,"A",,"A",,"A",,"A",,"A",,"A",,"A",
166133,"A",,"A",,"A",,"A",,"A",,"A",,"A",,"A",,"A",,"A",,"A",,"A",,"A",,"R",684,"R",0,"R",684,"R",91,"R",13,"R",168,"R",25,"R",0,"R",684,"R",29,"R",51,"R",197,"R",29
166391,"R",489,"R",0,"R",489,"R",297,"R",61,"R",326,"R",67,"Z",0,"R",489,"R",0,"Z",0,"R",326,"R",67,"A",,"A",,"A",,"A",,"A",,"A",,"A",,"A",,"A",,"A",,"A",,"A",,"A",
166452,"R",372,"R",0,"R",372,"R",181,"R",49,"R",225,"R",60,"Z",0,"R",372,"R",5,"R",0,"R",230,"R",62,"A",,"A",,"A",,"A",,"A",,"A",,"A",,"A",,"A",,"A",,"A",,"A",,"A",
166498,"A",,"A",,"A",,"A",,"A",,"A",,"A",,"A",,"A",,"A",,"A",,"A",,"A",,"R",34,"R",0,"R",34,"R",21,"R",62,"R",21,"R",62,"Z",0,"R",34,"R",0,"Z",0,"R",21,"R",62
166513,"R",1591,"R",0,"R",1591,"R",740,"R",47,"R",1100,"R",69,"R",0,"R",1591,"R",33,"R",8,"R",1133,"R",71,"A",,"A",,"A",,"A",,"A",,"A",,"A",,"A",,"A",,"A",,"A",,"A",,"A",
166629,"R",4651,"R",9,"R",4642,"R",3580,"R",77,"R",3892,"R",84,"R",0,"R",4642,"R",31,"R",16,"R",3923,"R",85,"A",,"A",,"A",,"A",,"A",,"A",,"A",,"A",,"A",,"A",,"A",,"A",,"A",
166638,"R",1538,"R",6,"R",1532,"R",410,"R",27,"R",751,"R",49,"R",0,"R",1532,"R",53,"R",37,"R",804,"R",52,"A",,"A",,"A",,"A",,"A",,"A",,"A",,"A",,"A",,"A",,"A",,"A",,"A",
166647,"A",,"A",,"A",,"A",,"A",,"A",,"A",,"A",,"A",,"A",,"A",,"A",,"A",,"R",520,"R",0,"R",520,"R",52,"R",10,"R",96,"R",18,"R",1,"R",519,"R",19,"R",34,"R",115,"R",22
166656,"R",471,"R",0,"R",471,"R",239,"R",51,"R",306,"R",65,"R",0,"R",471,"R",8,"Z",0,"R",314,"R",67,"A",,"A",,"A",,"A",,"A",,"A",,"A",,"A",,"A",,"A",,"A",,"A",,"A",
166674,"R",292,"R",0,"R",292,"R",171,"R",59,"R",216,"R",74,"R",0,"R",292,"R",2,"R",1,"R",218,"R",75,"A",,"A",,"A",,"A",,"A",,"A",,"A",,"A",,"A",,"A",,"A",,"A",,"A",
166683,"R",1106,"R",0,"R",1106,"R",978,"R",88,"R",1064,"R",96,"R",0,"R",1106,"R",8,"R",3,"R",1072,"R",97,"A",,"A",,"A",,"A",,"A",,"A",,"A",,"A",,"A",,"A",,"A",,"A",,"A",
166692,"R",385,"R",5,"R",380,"R",250,"R",66,"R",296,"R",78,"Z",0,"R",380,"R",9,"R",0,"R",305,"R",80,"A",,"A",,"A",,"A",,"A",,"A",,"A",,"A",,"A",,"A",,"A",,"A",,"A",
166805,"A",,"A",,"A",,"A",,"A",,"A",,"A",,"A",,"A",,"A",,"A",,"A",,"A",,"R",15,"R",0,"R",15,"R",10,"R",67,"R",10,"R",67,"Z",0,"R",15,"R",0,"Z",0,"R",10,"R",67
166823,"A",,"A",,"A",,"A",,"A",,"A",,"A",,"A",,"A",,"A",,"A",,"A",,"A",,"R",852,"R",0,"R",852,"R",56,"R",7,"R",161,"R",19,"R",0,"R",852,"R",50,"R",211,"R",211,"R",25
166850,"R",828,"R",1,"R",827,"R",527,"R",64,"R",571,"R",69,"R",0,"R",827,"R",3,"R",1,"R",574,"R",69,"A",,"A",,"A",,"A",,"A",,"A",,"A",,"A",,"A",,"A",,"A",,"A",,"A",
166887,"A",,"A",,"A",,"A",,"A",,"A",,"A",,"A",,"A",,"A",,"A",,"A",,"A",,"R",784,"R",0,"R",784,"R",60,"R",8,"R",129,"R",16,"R",0,"R",784,"R",43,"R",67,"R",172,"R",22
166911,"R",81,"R",0,"R",81,"R",40,"R",49,"R",51,"R",63,"R",0,"R",81,"R",1,"R",0,"R",52,"R",64,"A",,"A",,"A",,"A",,"A",,"A",,"A",,"A",,"A",,"A",,"A",,"A",,"A",
166939,"R",512,"R",0,"R",512,"R",419,"R",82,"R",435,"R",85,"R",0,"R",512,"R",2,"R",0,"R",437,"R",85,"A",,"A",,"A",,"A",,"A",,"A",,"A",,"A",,"A",,"A",,"A",,"A",,"A",
166957,"A",,"A",,"A",,"A",,"A",,"A",,"A",,"A",,"A",,"A",,"A",,"A",,"A",,"R",405,"R",0,"R",405,"R",61,"R",15,"R",110,"R",27,"R",0,"R",405,"R",15,"R",27,"R",125,"R",31
167039,"A",,"A",,"A",,"A",,"A",,"A",,"A",,"A",,"A",,"A",,"A",,"A",,"A",,"R",6,"R",0,"R",6,"R",0,"R",0,"R",4,"R",67,"Z",0,"R",6,"R",0,"Z",0,"R",4,"R",67
167057,"R",86,"R",0,"R",86,"R",62,"R",72,"R",70,"R",81,"Z",0,"R",86,"R",0,"Z",0,"R",70,"R",81,"A",,"A",,"A",,"A",,"A",,"A",,"A",,"A",,"A",,"A",,"A",,"A",,"A",
167260,"R",324,"R",1,"R",323,"R",181,"R",56,"R",186,"R",58,"R",0,"R",323,"R",1,"R",1,"R",187,"R",58,"A",,"A",,"A",,"A",,"A",,"A",,"A",,"A",,"A",,"A",,"A",,"A",,"A",
167288,"R",269,"R",0,"R",269,"R",131,"R",49,"R",157,"R",58,"R",0,"R",269,"R",2,"R",0,"R",159,"R",59,"A",,"A",,"A",,"A",,"A",,"A",,"A",,"A",,"A",,"A",,"A",,"A",,"A",
167297,"A",,"A",,"A",,"A",,"A",,"A",,"A",,"A",,"A",,"A",,"A",,"A",,"A",,"R",21,"R",0,"R",21,"R",18,"R",86,"R",18,"R",86,"Z",0,"R",21,"R",0,"Z",0,"R",18,"R",86
167312,"A",,"A",,"A",,"A",,"A",,"A",,"A",,"A",,"A",,"A",,"A",,"A",,"A",,"R",623,"R",0,"R",623,"R",54,"R",9,"R",129,"R",21,"R",0,"R",623,"R",26,"R",33,"R",155,"R",25
167358,"R",2797,"R",8,"R",2789,"Z",0,"R",0,"R",2526,"R",91,"R",0,"R",2789,"R",14,"R",2,"R",2540,"R",91,"A",,"A",,"A",,"A",,"A",,"A",,"A",,"A",,"A",,"A",,"A",,"A",,"A",
167376,"A",,"A",,"A",,"A",,"A",,"A",,"A",,"A",,"A",,"A",,"A",,"A",,"A",,"R",547,"R",0,"R",547,"R",51,"R",9,"R",102,"R",19,"R",0,"R",547,"R",17,"R",45,"R",119,"R",22
167394,"R",182,"R",0,"R",182,"R",110,"R",60,"R",124,"R",68,"Z",0,"R",182,"R",0,"Z",0,"R",124,"R",68,"A",,"A",,"A",,"A",,"A",,"A",,"A",,"A",,"A",,"A",,"A",,"A",,"A",
167534,"A",,"A",,"A",,"A",,"A",,"A",,"A",,"A",,"A",,"A",,"A",,"A",,"A",,"R",640,"R",1,"R",639,"R",68,"R",11,"R",136,"R",21,"R",0,"R",639,"R",43,"R",69,"R",179,"R",28
167598,"R",266,"R",0,"R",266,"R",145,"R",55,"R",162,"R",61,"R",0,"R",266,"R",0,"R",0,"R",162,"R",61,"A",,"A",,"A",,"A",,"A",,"A",,"A",,"A",,"A",,"A",,"A",,"A",,"A",
167631,"A",,"A",,"A",,"A",,"A",,"A",,"A",,"A",,"A",,"A",,"A",,"A",,"A",,"R",162,"R",0,"R",162,"R",22,"R",14,"R",22,"R",14,"R",0,"R",162,"R",37,"R",25,"R",59,"R",36
167729,"R",1082,"R",0,"R",1082,"R",452,"R",42,"R",614,"R",57,"R",0,"R",1082,"R",14,"R",8,"R",628,"R",58,"A",,"A",,"A",,"A",,"A",,"A",,"A",,"A",,"A",,"A",,"A",,"A",,"A",
167783,"R",471,"R",0,"R",471,"R",317,"R",67,"R",333,"R",71,"R",0,"R",471,"R",3,"R",0,"R",336,"R",71,"A",,"A",,"A",,"A",,"A",,"A",,"A",,"A",,"A",,"A",,"A",,"A",,"A",
167835,"R",609,"R",0,"R",609,"R",519,"R",85,"R",554,"R",91,"R",0,"R",609,"R",2,"R",1,"R",556,"R",91,"A",,"A",,"A",,"A",,"A",,"A",,"A",,"A",,"A",,"A",,"A",,"A",,"A",
167871,"A",,"A",,"A",,"A",,"A",,"A",,"A",,"A",,"A",,"A",,"A",,"A",,"A",,"R",32,"R",0,"R",32,"R",19,"R",59,"R",23,"R",72,"Z",0,"R",32,"R",0,"Z",0,"R",23,"R",72
167899,"R",546,"R",0,"R",546,"R",378,"R",69,"R",399,"R",73,"R",0,"R",546,"R",1,"R",2,"R",400,"R",73,"A",,"A",,"A",,"A",,"A",,"A",,"A",,"A",,"A",,"A",,"A",,"A",,"A",
167905,"A",,"A",,"A",,"A",,"A",,"A",,"A",,"A",,"A",,"A",,"A",,"A",,"A",,"R",707,"R",0,"R",707,"R",68,"R",10,"R",155,"R",22,"R",0,"R",707,"R",43,"R",65,"R",198,"R",28
167987,"R",1408,"R",4,"R",1404,"R",544,"R",39,"R",760,"R",54,"R",0,"R",1404,"R",9,"R",1,"R",769,"R",55,"A",,"A",,"A",,"A",,"A",,"A",,"A",,"A",,"A",,"A",,"A",,"A",,"A",
167996,"R",656,"R",0,"R",656,"R",528,"R",80,"R",555,"R",85,"R",0,"R",656,"R",4,"R",0,"R",559,"R",85,"A",,"A",,"A",,"A",,"A",,"A",,"A",,"A",,"A",,"A",,"A",,"A",,"A",
168005,"R",1325,"R",5,"R",1320,"R",621,"R",47,"R",795,"R",60,"R",-1,"R",1321,"R",8,"R",3,"R",803,"R",61,"A",,"A",,"A",,"A",,"A",,"A",,"A",,"A",,"A",,"A",,"A",,"A",,"A",
168032,"A",,"A",,"A",,"A",,"A",,"A",,"A",,"A",,"A",,"A",,"A",,"A",,"A",,"R",2,"R",0,"R",2,"R",0,"R",0,"R",2,"R",100,"Z",0,"R",2,"R",0,"Z",0,"R",2,"R",100
168148,"R",1358,"R",1,"R",1357,"R",1208,"R",89,"R",1273,"R",94,"R",0,"R",1357,"R",5,"R",4,"R",1278,"R",94,"A",,"A",,"A",,"A",,"A",,"A",,"A",,"A",,"A",,"A",,"A",,"A",,"A",
168218,"R",593,"R",0,"R",593,"R",497,"R",84,"R",546,"R",92,"R",0,"R",593,"R",3,"R",0,"R",549,"R",93,"A",,"A",,"A",,"A",,"A",,"A",,"A",,"A",,"A",,"A",,"A",,"A",,"A",
168227,"R",964,"R",1,"R",963,"R",549,"R",57,"R",690,"R",72,"Z",0,"R",963,"R",1,"R",2,"R",691,"R",72,"A",,"A",,"A",,"A",,"A",,"A",,"A",,"A",,"A",,"A",,"A",,"A",,"A",
168254,"R",719,"R",0,"R",719,"R",390,"R",54,"R",454,"R",63,"R",0,"R",719,"R",7,"R",2,"R",461,"R",64,"A",,"A",,"A",,"A",,"A",,"A",,"A",,"A",,"A",,"A",,"A",,"A",,"A",
168263,"R",1291,"R",0,"R",1291,"R",596,"R",46,"R",782,"R",61,"R",0,"R",1291,"R",16,"R",6,"R",798,"R",62,"A",,"A",,"A",,"A",,"A",,"A",,"A",,"A",,"A",,"A",,"A",,"A",,"A",
168281,"R",417,"R",0,"R",417,"R",271,"R",65,"R",304,"R",73,"R",0,"R",417,"R",2,"R",0,"R",306,"R",73,"A",,"A",,"A",,"A",,"A",,"A",,"A",,"A",,"A",,"A",,"A",,"A",,"A",
168342,"R",551,"R",0,"R",551,"R",470,"R",85,"R",517,"R",94,"R",0,"R",551,"R",6,"R",0,"R",523,"R",95,"A",,"A",,"A",,"A",,"A",,"A",,"A",,"A",,"A",,"A",,"A",,"A",,"A",
168421,"R",1093,"R",0,"R",1093,"R",889,"R",81,"R",953,"R",87,"R",0,"R",1093,"R",8,"R",3,"R",961,"R",88,"A",,"A",,"A",,"A",,"A",,"A",,"A",,"A",,"A",,"A",,"A",,"A",,"A",
168430,"R",803,"R",0,"R",803,"R",377,"R",47,"R",489,"R",61,"R",0,"R",803,"R",18,"R",6,"R",507,"R",63,"A",,"A",,"A",,"A",,"A",,"A",,"A",,"A",,"A",,"A",,"A",,"A",,"A",
168528,"R",491,"R",1,"R",490,"R",192,"R",39,"R",246,"R",50,"R",0,"R",490,"R",4,"R",1,"R",250,"R",51,"A",,"A",,"A",,"A",,"A",,"A",,"A",,"A",,"A",,"A",,"A",,"A",,"A",
168546,"R",455,"R",0,"R",455,"R",242,"R",53,"R",293,"R",64,"R",0,"R",455,"R",6,"R",0,"R",299,"R",66,"A",,"A",,"A",,"A",,"A",,"A",,"A",,"A",,"A",,"A",,"A",,"A",,"A",
168555,"A",,"A",,"A",,"A",,"A",,"A",,"A",,"A",,"A",,"A",,"A",,"A",,"A",,"R",50,"R",0,"R",50,"R",29,"R",58,"R",30,"R",60,"Z",0,"R",50,"R",0,"Z",0,"R",30,"R",60
168573,"A",,"A",,"A",,"A",,"A",,"A",,"A",,"A",,"A",,"A",,"A",,"A",,"A",,"R",648,"R",0,"R",648,"R",400,"R",62,"R",484,"R",75,"R",0,"R",648,"R",0,"R",0,"R",484,"R",75
168591,"R",336,"R",0,"R",336,"R",181,"R",54,"R",211,"R",63,"Z",0,"R",336,"R",0,"Z",0,"R",211,"R",63,"A",,"A",,"A",,"A",,"A",,"A",,"A",,"A",,"A",,"A",,"A",,"A",,"A",
168740,"R",258,"R",0,"R",258,"R",106,"R",41,"R",188,"R",73,"R",0,"R",258,"R",3,"R",0,"R",191,"R",74,"A",,"A",,"A",,"A",,"A",,"A",,"A",,"A",,"A",,"A",,"A",,"A",,"A",
168786,"R",369,"R",1,"R",368,"R",148,"R",40,"R",222,"R",60,"R",0,"R",368,"R",1,"R",0,"R",223,"R",61,"A",,"A",,"A",,"A",,"A",,"A",,"A",,"A",,"A",,"A",,"A",,"A",,"A",
168847,"R",478,"R",0,"R",478,"R",23,"R",5,"R",80,"R",17,"R",0,"R",478,"R",8,"R",2,"R",88,"R",18,"A",,"A",,"A",,"A",,"A",,"A",,"A",,"A",,"A",,"A",,"A",,"A",,"A",
168883,"A",,"A",,"A",,"A",,"A",,"A",,"A",,"A",,"A",,"A",,"A",,"A",,"A",,"R",272,"R",0,"R",272,"R",65,"R",24,"R",87,"R",32,"R",0,"R",272,"R",12,"R",4,"R",99,"R",36
168892,"A",,"A",,"A",,"A",,"A",,"A",,"A",,"A",,"A",,"A",,"A",,"A",,"A",,"R",19,"R",0,"R",19,"R",7,"R",37,"R",15,"R",79,"Z",0,"R",19,"R",0,"Z",0,"R",15,"R",79
169080,"R",941,"R",3,"R",938,"R",623,"R",66,"R",725,"R",77,"R",0,"R",938,"R",9,"R",0,"R",734,"R",78,"A",,"A",,"A",,"A",,"A",,"A",,"A",,"A",,"A",,"A",,"A",,"A",,"A",
169187,"A",,"A",,"A",,"A",,"A",,"A",,"A",,"A",,"A",,"A",,"A",,"A",,"A",,"R",10,"R",0,"R",10,"R",7,"R",70,"R",7,"R",70,"Z",0,"R",10,"R",0,"Z",0,"R",7,"R",70
169248,"R",3436,"R",0,"R",3436,"R",1183,"R",34,"R",2119,"R",62,"R",0,"R",3436,"R",50,"R",16,"R",2169,"R",63,"A",,"A",,"A",,"A",,"A",,"A",,"A",,"A",,"A",,"A",,"A",,"A",,"A",
169275,"A",,"A",,"A",,"A",,"A",,"A",,"A",,"A",,"A",,"A",,"A",,"A",,"A",,"R",751,"R",0,"R",751,"R",37,"R",5,"R",105,"R",14,"R",0,"R",751,"R",84,"R",174,"R",189,"R",25
169284,"A",,"A",,"A",,"A",,"A",,"A",,"A",,"A",,"A",,"A",,"A",,"A",,"A",,"R",102,"R",0,"R",102,"R",3,"R",3,"R",45,"R",44,"R",0,"R",102,"R",0,"R",0,"R",45,"R",44
169327,"R",44,"R",0,"R",44,"R",9,"R",20,"R",19,"R",43,"Z",0,"R",44,"R",0,"Z",0,"R",19,"R",43,"A",,"A",,"A",,"A",,"A",,"A",,"A",,"A",,"A",,"A",,"A",,"A",,"A",
169363,"R",152,"R",0,"R",152,"R",51,"R",34,"R",74,"R",49,"Z",0,"R",152,"R",0,"Z",0,"R",74,"R",49,"A",,"A",,"A",,"A",,"A",,"A",,"A",,"A",,"A",,"A",,"A",,"A",,"A",
169442,"R",259,"R",0,"R",259,"R",105,"R",41,"R",160,"R",62,"R",0,"R",259,"R",0,"R",1,"R",160,"R",62,"A",,"A",,"A",,"A",,"A",,"A",,"A",,"A",,"A",,"A",,"A",,"A",,"A",
169479,"R",435,"R",1,"R",434,"R",157,"R",36,"R",205,"R",47,"R",0,"R",434,"R",12,"R",2,"R",217,"R",50,"A",,"A",,"A",,"A",,"A",,"A",,"A",,"A",,"A",,"A",,"A",,"A",,"A",
169503,"A",,"A",,"A",,"A",,"A",,"A",,"A",,"A",,"A",,"A",,"A",,"A",,"A",,"R",55,"R",0,"R",55,"R",5,"R",9,"R",43,"R",78,"Z",0,"R",55,"R",0,"Z",0,"R",43,"R",78
169521,"A",,"A",,"A",,"A",,"A",,"A",,"A",,"A",,"A",,"A",,"A",,"A",,"A",,"R",966,"R",0,"R",966,"R",61,"R",6,"R",147,"R",15,"R",0,"R",966,"R",53,"R",108,"R",200,"R",21
169655,"A",,"A",,"A",,"A",,"A",,"A",,"A",,"A",,"A",,"A",,"A",,"A",,"A",,"R",781,"R",1,"R",780,"R",309,"R",40,"R",473,"R",61,"R",1,"R",779,"R",11,"R",0,"R",484,"R",62
169716,"R",503,"R",0,"R",503,"R",261,"R",52,"R",336,"R",67,"R",0,"R",503,"R",5,"R",0,"R",341,"R",68,"A",,"A",,"A",,"A",,"A",,"A",,"A",,"A",,"A",,"A",,"A",,"A",,"A",
169761,"A",,"A",,"A",,"A",,"A",,"A",,"A",,"A",,"A",,"A",,"A",,"A",,"A",,"R",69,"R",0,"R",69,"R",26,"R",38,"R",37,"R",54,"Z",0,"R",69,"R",1,"R",0,"R",38,"R",55
169798,"R",2846,"R",0,"R",2846,"R",658,"R",23,"R",1372,"R",48,"R",0,"R",2846,"R",72,"R",28,"R",1444,"R",51,"A",,"A",,"A",,"A",,"A",,"A",,"A",,"A",,"A",,"A",,"A",,"A",,"A",
169813,"A",,"A",,"A",,"A",,"A",,"A",,"A",,"A",,"A",,"A",,"A",,"A",,"A",,"R",13,"R",0,"R",13,"R",1,"R",8,"R",6,"R",46,"Z",0,"R",13,"R",0,"Z",0,"R",6,"R",46
169910,"R",625,"R",0,"R",625,"R",224,"R",36,"R",342,"R",55,"R",0,"R",625,"R",7,"R",5,"R",349,"R",56,"A",,"A",,"A",,"A",,"A",,"A",,"A",,"A",,"A",,"A",,"A",,"A",,"A",
169974,"A",,"A",,"A",,"A",,"A",,"A",,"A",,"A",,"A",,"A",,"A",,"A",,"A",,"R",173,"R",0,"R",173,"R",49,"R",28,"R",62,"R",36,"R",0,"R",173,"R",2,"R",1,"R",64,"R",37
169983,"R",434,"R",0,"R",434,"R",44,"R",10,"R",302,"R",70,"R",1,"R",433,"R",20,"R",0,"R",322,"R",74,"A",,"A",,"A",,"A",,"A",,"A",,"A",,"A",,"A",,"A",,"A",,"A",,"A",
169992,"A",,"A",,"A",,"A",,"A",,"A",,"A",,"A",,"A",,"A",,"A",,"A",,"A",,"R",177,"R",0,"R",177,"R",33,"R",19,"R",51,"R",29,"R",0,"R",177,"R",4,"R",11,"R",55,"R",31
170000,"R",84,"R",0,"R",84,"R",20,"R",24,"R",42,"R",50,"Z",0,"R",84,"R",0,"Z",0,"R",42,"R",50,"A",,"A",,"A",,"A",,"A",,"A",,"A",,"A",,"A",,"A",,"A",,"A",,"A",
170037,"R",295,"R",0,"R",295,"R",159,"R",54,"R",178,"R",60,"R",0,"R",295,"R",2,"R",1,"R",180,"R",61,"A",,"A",,"A",,"A",,"A",,"A",,"A",,"A",,"A",,"A",,"A",,"A",,"A",
170055,"A",,"A",,"A",,"A",,"A",,"A",,"A",,"A",,"A",,"A",,"A",,"A",,"A",,"R",1537,"R",0,"R",1537,"R",157,"R",10,"R",285,"R",19,"R",0,"R",1537,"R",86,"R",203,"R",371,"R",24
170082,"R",4092,"R",1,"R",4091,"R",1693,"R",41,"R",2745,"R",67,"R",0,"R",4091,"R",76,"R",16,"R",2821,"R",69,"A",,"A",,"A",,"A",,"A",,"A",,"A",,"A",,"A",,"A",,"A",,"A",,"A",
170091,"R",44,"R",0,"R",44,"R",5,"R",11,"R",10,"R",23,"R",0,"R",44,"R",0,"R",0,"R",10,"R",23,"A",,"A",,"A",,"A",,"A",,"A",,"A",,"A",,"A",,"A",,"A",,"A",,"A",
170286,"R",362,"R",0,"R",362,"R",281,"R",78,"R",317,"R",88,"R",0,"R",362,"R",0,"R",0,"R",317,"R",88,"A",,"A",,"A",,"A",,"A",,"A",,"A",,"A",,"A",,"A",,"A",,"A",,"A",
170301,"R",787,"R",2,"R",785,"R",575,"R",73,"R",633,"R",81,"R",0,"R",785,"R",7,"R",0,"R",640,"R",82,"A",,"A",,"A",,"A",,"A",,"A",,"A",,"A",,"A",,"A",,"A",,"A",,"A",
170444,"R",5,"R",0,"R",5,"Z",0,"R",0,"R",1,"R",20,"Z",0,"R",5,"R",0,"Z",0,"R",1,"R",20,"A",,"A",,"A",,"A",,"A",,"A",,"A",,"A",,"A",,"A",,"A",,"A",,"A",
170532,"R",364,"R",0,"R",364,"R",252,"R",69,"R",278,"R",76,"R",0,"R",364,"R",5,"R",0,"R",283,"R",78,"A",,"A",,"A",,"A",,"A",,"A",,"A",,"A",,"A",,"A",,"A",,"A",,"A",
170541,"A",,"A",,"A",,"A",,"A",,"A",,"A",,"A",,"A",,"A",,"A",,"A",,"A",,"R",763,"R",0,"R",763,"R",141,"R",18,"R",172,"R",23,"R",0,"R",763,"R",35,"R",61,"R",207,"R",27
170550,"A",,"A",,"A",,"A",,"A",,"A",,"A",,"A",,"A",,"A",,"A",,"A",,"A",,"R",195,"R",0,"R",195,"R",16,"R",8,"R",16,"R",8,"R",0,"R",195,"R",6,"R",52,"R",22,"R",11
170587,"A",,"A",,"A",,"A",,"A",,"A",,"A",,"A",,"A",,"A",,"A",,"A",,"A",,"R",98,"R",0,"R",98,"R",17,"R",17,"R",33,"R",34,"R",0,"R",98,"R",8,"R",4,"R",41,"R",42
170611,"A",,"A",,"A",,"A",,"A",,"A",,"A",,"A",,"A",,"A",,"A",,"A",,"A",,"R",65,"R",0,"R",65,"R",42,"R",65,"R",48,"R",74,"R",4,"R",61,"R",4,"R",0,"R",52,"R",85
170620,"A",,"A",,"A",,"A",,"A",,"A",,"A",,"A",,"A",,"A",,"A",,"A",,"A",,"R",357,"R",0,"R",357,"R",75,"R",21,"R",75,"R",21,"R",0,"R",357,"R",54,"R",26,"R",129,"R",36
170639,"R",379,"R",0,"R",379,"R",115,"R",30,"R",195,"R",51,"R",0,"R",379,"R",11,"R",3,"R",206,"R",54,"A",,"A",,"A",,"A",,"A",,"A",,"A",,"A",,"A",,"A",,"A",,"A",,"A",
170657,"A",,"A",,"A",,"A",,"A",,"A",,"A",,"A",,"A",,"A",,"A",,"A",,"A",,"R",1441,"R",2,"R",1439,"R",141,"R",10,"R",279,"R",19,"R",0,"R",1439,"R",87,"R",212,"R",366,"R",25
170675,"R",340,"R",0,"R",340,"R",72,"R",21,"R",187,"R",55,"R",0,"R",340,"R",10,"R",4,"R",197,"R",58,"A",,"A",,"A",,"A",,"A",,"A",,"A",,"A",,"A",,"A",,"A",,"A",,"A",
170736,"A",,"A",,"A",,"A",,"A",,"A",,"A",,"A",,"A",,"A",,"A",,"A",,"A",,"R",30,"R",0,"R",30,"R",26,"R",87,"R",28,"R",93,"Z",0,"R",30,"R",0,"Z",0,"R",28,"R",93
170790,"A",,"A",,"A",,"A",,"A",,"A",,"A",,"A",,"A",,"A",,"A",,"A",,"A",,"R",1716,"R",0,"R",1716,"R",58,"R",3,"R",204,"R",12,"R",0,"R",1716,"R",106,"R",222,"R",310,"R",18
170806,"R",175,"R",0,"R",175,"R",68,"R",39,"R",111,"R",63,"R",0,"R",175,"R",2,"R",0,"R",113,"R",65,"A",,"A",,"A",,"A",,"A",,"A",,"A",,"A",,"A",,"A",,"A",,"A",,"A",
170967,"R",121,"R",0,"R",121,"R",27,"R",22,"R",48,"R",40,"R",0,"R",121,"R",2,"R",0,"R",50,"R",41,"A",,"A",,"A",,"A",,"A",,"A",,"A",,"A",,"A",,"A",,"A",,"A",,"A",
170976,"R",6050,"R",1,"R",6049,"R",4893,"R",81,"R",5665,"R",94,"R",0,"R",6049,"R",36,"R",11,"R",5701,"R",94,"A",,"A",,"A",,"A",,"A",,"A",,"A",,"A",,"A",,"A",,"A",,"A",,"A",
171012,"A",,"A",,"A",,"A",,"A",,"A",,"A",,"A",,"A",,"A",,"A",,"A",,"A",,"R",4,"R",0,"R",4,"R",4,"R",100,"R",4,"R",100,"Z",0,"R",4,"R",0,"Z",0,"R",4,"R",100
171100,"R",7848,"R",5,"R",7843,"R",4665,"R",59,"R",6455,"R",82,"R",1,"R",7842,"R",92,"R",22,"R",6547,"R",83,"A",,"A",,"A",,"A",,"A",,"A",,"A",,"A",,"A",,"A",,"A",,"A",,"A",
171128,"R",1276,"R",1,"R",1275,"R",431,"R",34,"R",881,"R",69,"R",0,"R",1275,"R",21,"R",7,"R",902,"R",71,"A",,"A",,"A",,"A",,"A",,"A",,"A",,"A",,"A",,"A",,"A",,"A",,"A",
171137,"R",959,"R",0,"R",959,"R",256,"R",27,"R",540,"R",56,"R",0,"R",959,"R",38,"R",16,"R",578,"R",60,"A",,"A",,"A",,"A",,"A",,"A",,"A",,"A",,"A",,"A",,"A",,"A",,"A",
171146,"R",588,"R",1,"R",587,"R",72,"R",12,"R",209,"R",36,"R",0,"R",587,"R",24,"R",10,"R",233,"R",40,"A",,"A",,"A",,"A",,"A",,"A",,"A",,"A",,"A",,"A",,"A",,"A",,"A",
171155,"A",,"A",,"A",,"A",,"A",,"A",,"A",,"A",,"A",,"A",,"A",,"A",,"A",,"R",468,"R",0,"R",468,"R",20,"R",4,"R",55,"R",12,"R",0,"R",468,"R",31,"R",20,"R",86,"R",18
171225,"A",,"A",,"A",,"A",,"A",,"A",,"A",,"A",,"A",,"A",,"A",,"A",,"A",,"R",336,"R",1,"R",335,"R",61,"R",18,"R",105,"R",31,"R",0,"R",335,"R",16,"R",8,"R",121,"R",36
171234,"A",,"A",,"A",,"A",,"A",,"A",,"A",,"A",,"A",,"A",,"A",,"A",,"A",,"R",124,"R",0,"R",124,"R",37,"R",30,"R",47,"R",38,"R",0,"R",124,"R",2,"R",3,"R",49,"R",40
171304,"A",,"A",,"A",,"A",,"A",,"A",,"A",,"A",,"A",,"A",,"A",,"A",,"A",,"R",513,"R",0,"R",513,"R",83,"R",16,"R",134,"R",26,"Z",0,"R",513,"R",23,"R",39,"R",157,"R",31
171395,"A",,"A",,"A",,"A",,"A",,"A",,"A",,"A",,"A",,"A",,"A",,"A",,"A",,"R",199,"R",0,"R",199,"R",47,"R",24,"R",65,"R",33,"R",0,"R",199,"R",7,"R",6,"R",72,"R",36
171456,"R",1038,"R",3,"R",1035,"R",336,"R",32,"R",544,"R",53,"R",0,"R",1035,"R",17,"R",6,"R",561,"R",54,"A",,"A",,"A",,"A",,"A",,"A",,"A",,"A",,"A",,"A",,"A",,"A",,"A",
171483,"R",16,"R",0,"R",16,"R",12,"R",75,"R",12,"R",75,"Z",0,"R",16,"R",1,"Z",0,"R",13,"R",81,"A",,"A",,"A",,"A",,"A",,"A",,"A",,"A",,"A",,"A",,"A",,"A",,"A",
171492,"R",337,"R",1,"R",336,"R",159,"R",47,"R",207,"R",62,"Z",0,"R",336,"R",4,"R",1,"R",211,"R",63,"A",,"A",,"A",,"A",,"A",,"A",,"A",,"A",,"A",,"A",,"A",,"A",,"A",
171535,"A",,"A",,"A",,"A",,"A",,"A",,"A",,"A",,"A",,"A",,"A",,"A",,"A",,"R",1045,"R",0,"R",1045,"R",102,"R",10,"R",174,"R",17,"R",0,"R",1045,"R",59,"R",186,"R",233,"R",22
171571,"R",2585,"R",3,"R",2582,"R",797,"R",31,"R",1448,"R",56,"R",1,"R",2581,"R",75,"R",29,"R",1523,"R",59,"A",,"A",,"A",,"A",,"A",,"A",,"A",,"A",,"A",,"A",,"A",,"A",,"A",
171599,"R",239,"R",1,"R",238,"R",88,"R",37,"R",105,"R",44,"R",0,"R",238,"R",1,"R",0,"R",106,"R",45,"A",,"A",,"A",,"A",,"A",,"A",,"A",,"A",,"A",,"A",,"A",,"A",,"A",
171775,"A",,"A",,"A",,"A",,"A",,"A",,"A",,"A",,"A",,"A",,"A",,"A",,"A",,"R",25,"R",0,"R",25,"R",2,"R",8,"R",12,"R",48,"R",0,"R",25,"R",5,"R",4,"R",17,"R",68
171881,"R",38,"R",0,"R",38,"R",1,"R",3,"R",16,"R",42,"Z",0,"R",38,"R",0,"Z",0,"R",16,"R",42,"A",,"A",,"A",,"A",,"A",,"A",,"A",,"A",,"A",,"A",,"A",,"A",,"A",
171988,"A",,"A",,"A",,"A",,"A",,"A",,"A",,"A",,"A",,"A",,"A",,"A",,"A",,"R",54,"R",0,"R",54,"R",18,"R",33,"R",39,"R",72,"Z",0,"R",54,"R",0,"Z",0,"R",39,"R",72
171997,"A",,"A",,"A",,"A",,"A",,"A",,"A",,"A",,"A",,"A",,"A",,"A",,"A",,"R",88,"R",0,"R",88,"R",13,"R",15,"R",43,"R",49,"Z",0,"R",88,"R",0,"Z",0,"R",43,"R",49
172015,"A",,"A",,"A",,"A",,"A",,"A",,"A",,"A",,"A",,"A",,"A",,"A",,"A",,"R",102,"R",0,"R",102,"R",12,"R",12,"R",53,"R",52,"Z",0,"R",102,"R",0,"Z",0,"R",53,"R",52
172033,"R",5,"R",0,"R",5,"R",3,"R",60,"R",3,"R",60,"Z",0,"R",5,"R",0,"Z",0,"R",3,"R",60,"A",,"A",,"A",,"A",,"A",,"A",,"A",,"A",,"A",,"A",,"A",,"A",,"A",
172051,"R",1557,"R",1,"R",1556,"R",224,"R",14,"R",661,"R",42,"R",0,"R",1556,"R",46,"R",18,"R",707,"R",45,"A",,"A",,"A",,"A",,"A",,"A",,"A",,"A",,"A",,"A",,"A",,"A",,"A",
172264,"R",302,"R",0,"R",302,"R",114,"R",38,"R",152,"R",50,"R",0,"R",302,"R",1,"R",1,"R",153,"R",51,"A",,"A",,"A",,"A",,"A",,"A",,"A",,"A",,"A",,"A",,"A",,"A",,"A",
172291,"A",,"A",,"A",,"A",,"A",,"A",,"A",,"A",,"A",,"A",,"A",,"A",,"A",,"R",406,"R",0,"R",406,"R",40,"R",10,"R",100,"R",25,"R",0,"R",406,"R",20,"R",30,"R",120,"R",30
172307,"A",,"A",,"A",,"A",,"A",,"A",,"A",,"A",,"A",,"A",,"A",,"A",,"A",,"R",477,"R",0,"R",477,"R",108,"R",23,"R",153,"R",32,"R",3,"R",474,"R",11,"R",0,"R",164,"R",35
172334,"R",290,"R",0,"R",290,"R",133,"R",46,"R",187,"R",64,"Z",0,"R",290,"R",2,"Z",0,"R",189,"R",65,"A",,"A",,"A",,"A",,"A",,"A",,"A",,"A",,"A",,"A",,"A",,"A",,"A",
172422,"A",,"A",,"A",,"A",,"A",,"A",,"A",,"A",,"A",,"A",,"A",,"A",,"A",,"R",75,"R",0,"R",75,"R",45,"R",60,"R",60,"R",80,"R",0,"R",75,"R",3,"R",0,"R",63,"R",84
172495,"A",,"A",,"A",,"A",,"A",,"A",,"A",,"A",,"A",,"A",,"A",,"A",,"A",,"R",80,"R",0,"R",80,"R",1,"R",1,"R",21,"R",26,"R",0,"R",80,"R",15,"R",8,"R",36,"R",45
172617,"A",,"A",,"A",,"A",,"A",,"A",,"A",,"A",,"A",,"A",,"A",,"A",,"A",,"R",715,"R",0,"R",715,"R",82,"R",11,"R",199,"R",28,"R",0,"R",715,"R",36,"R",89,"R",235,"R",33
172635,"A",,"A",,"A",,"A",,"A",,"A",,"A",,"A",,"A",,"A",,"A",,"A",,"A",,"R",491,"R",0,"R",491,"R",22,"R",4,"R",63,"R",13,"R",0,"R",491,"R",28,"R",50,"R",91,"R",19
172644,"R",2320,"R",1,"R",2319,"R",674,"R",29,"R",1293,"R",56,"R",0,"R",2319,"R",95,"R",34,"R",1388,"R",60,"A",,"A",,"A",,"A",,"A",,"A",,"A",,"A",,"A",,"A",,"A",,"A",,"A",
172671,"A",,"A",,"A",,"A",,"A",,"A",,"A",,"A",,"A",,"A",,"A",,"A",,"A",,"R",131,"R",0,"R",131,"R",20,"R",15,"R",39,"R",30,"R",0,"R",131,"R",6,"R",4,"R",45,"R",34
172680,"A",,"A",,"A",,"A",,"A",,"A",,"A",,"A",,"A",,"A",,"A",,"A",,"A",,"R",19,"R",0,"R",19,"R",1,"R",5,"R",17,"R",89,"Z",0,"R",19,"R",0,"Z",0,"R",17,"R",89
172699,"R",2953,"R",3,"R",2950,"R",814,"R",28,"R",1660,"R",56,"R",0,"R",2950,"R",86,"R",29,"R",1746,"R",59,"A",,"A",,"A",,"A",,"A",,"A",,"A",,"A",,"A",,"A",,"A",,"A",,"A",
172866,"R",5,"R",0,"R",5,"R",2,"R",40,"R",2,"R",40,"Z",0,"R",5,"R",0,"Z",0,"R",2,"R",40,"A",,"A",,"A",,"A",,"A",,"A",,"A",,"A",,"A",,"A",,"A",,"A",,"A",
172918,"A",,"A",,"A",,"A",,"A",,"A",,"A",,"A",,"A",,"A",,"A",,"A",,"A",,"R",379,"R",0,"R",379,"R",209,"R",55,"R",232,"R",61,"R",0,"R",379,"R",2,"R",9,"R",234,"R",62
172954,"A",,"A",,"A",,"A",,"A",,"A",,"A",,"A",,"A",,"A",,"A",,"A",,"A",,"R",181,"R",0,"R",181,"R",78,"R",43,"R",85,"R",47,"R",0,"R",181,"R",0,"R",3,"R",85,"R",47
172963,"A",,"A",,"A",,"A",,"A",,"A",,"A",,"A",,"A",,"A",,"A",,"A",,"A",,"R",594,"R",0,"R",594,"R",69,"R",12,"R",129,"R",22,"R",0,"R",594,"R",9,"R",80,"R",138,"R",23
173045,"R",478,"R",1,"R",477,"R",215,"R",45,"R",277,"R",58,"R",0,"R",477,"R",3,"R",1,"R",280,"R",59,"A",,"A",,"A",,"A",,"A",,"A",,"A",,"A",,"A",,"A",,"A",,"A",,"A",
173063,"A",,"A",,"A",,"A",,"A",,"A",,"A",,"A",,"A",,"A",,"A",,"A",,"A",,"R",343,"R",0,"R",343,"R",141,"R",41,"R",163,"R",48,"R",0,"R",343,"R",3,"R",34,"R",166,"R",48
173115,"A",,"A",,"A",,"A",,"A",,"A",,"A",,"A",,"A",,"A",,"A",,"A",,"A",,"R",78,"R",0,"R",78,"R",24,"R",31,"R",28,"R",36,"R",0,"R",78,"R",0,"R",2,"R",28,"R",36
173124,"R",727,"R",0,"R",727,"R",224,"R",31,"R",334,"R",46,"R",0,"R",727,"R",8,"R",18,"R",342,"R",47,"A",,"A",,"A",,"A",,"A",,"A",,"A",,"A",,"A",,"A",,"A",,"A",,"A",
173142,"R",134,"R",0,"R",134,"R",71,"R",53,"R",84,"R",63,"Z",0,"R",134,"R",0,"Z",0,"R",84,"R",63,"A",,"A",,"A",,"A",,"A",,"A",,"A",,"A",,"A",,"A",,"A",,"A",,"A",
173160,"R",615,"R",0,"R",615,"R",414,"R",67,"R",456,"R",74,"R",0,"R",615,"R",6,"R",0,"R",462,"R",75,"A",,"A",,"A",,"A",,"A",,"A",,"A",,"A",,"A",,"A",,"A",,"A",,"A",
173203,"A",,"A",,"A",,"A",,"A",,"A",,"A",,"A",,"A",,"A",,"A",,"A",,"A",,"R",395,"R",0,"R",395,"R",166,"R",42,"R",185,"R",47,"R",0,"R",395,"R",0,"R",19,"R",185,"R",47
173258,"R",492,"R",0,"R",492,"R",428,"R",87,"R",449,"R",91,"R",0,"R",492,"R",3,"R",1,"R",452,"R",92,"A",,"A",,"A",,"A",,"A",,"A",,"A",,"A",,"A",,"A",,"A",,"A",,"A",
173300,"R",520,"R",0,"R",520,"R",370,"R",71,"R",386,"R",74,"Z",0,"R",520,"R",2,"Z",0,"R",388,"R",75,"A",,"A",,"A",,"A",,"A",,"A",,"A",,"A",,"A",,"A",,"A",,"A",,"A",
173328,"R",229,"R",0,"R",229,"R",99,"R",43,"R",121,"R",53,"Z",0,"R",229,"R",0,"Z",0,"R",121,"R",53,"A",,"A",,"A",,"A",,"A",,"A",,"A",,"A",,"A",,"A",,"A",,"A",,"A",
173416,"A",,"A",,"A",,"A",,"A",,"A",,"A",,"A",,"A",,"A",,"A",,"A",,"A",,"R",395,"R",0,"R",395,"R",183,"R",46,"R",211,"R",53,"R",0,"R",395,"R",4,"R",17,"R",215,"R",54
173452,"R",172,"R",1,"R",171,"R",93,"R",54,"R",128,"R",75,"Z",0,"R",171,"R",0,"Z",0,"R",128,"R",75,"A",,"A",,"A",,"A",,"A",,"A",,"A",,"A",,"A",,"A",,"A",,"A",,"A",
173461,"A",,"A",,"A",,"A",,"A",,"A",,"A",,"A",,"A",,"A",,"A",,"A",,"A",,"R",454,"R",0,"R",454,"R",112,"R",25,"R",155,"R",34,"R",0,"R",454,"R",5,"R",62,"R",160,"R",35
173559,"A",,"A",,"A",,"A",,"A",,"A",,"A",,"A",,"A",,"A",,"A",,"A",,"A",,"R",639,"R",0,"R",639,"R",218,"R",34,"R",269,"R",42,"R",0,"R",639,"R",1,"R",62,"R",270,"R",42
173638,"A",,"A",,"A",,"A",,"A",,"A",,"A",,"A",,"A",,"A",,"A",,"A",,"A",,"R",323,"R",0,"R",323,"R",97,"R",30,"R",121,"R",37,"R",0,"R",323,"R",1,"R",10,"R",122,"R",38
173647,"R",611,"R",0,"R",611,"R",441,"R",72,"R",479,"R",78,"Z",0,"R",611,"R",0,"Z",0,"R",479,"R",78,"A",,"A",,"A",,"A",,"A",,"A",,"A",,"A",,"A",,"A",,"A",,"A",,"A",
173665,"R",513,"R",3,"R",510,"R",282,"R",55,"R",317,"R",62,"R",0,"R",510,"R",0,"R",2,"R",317,"R",62,"A",,"A",,"A",,"A",,"A",,"A",,"A",,"A",,"A",,"A",,"A",,"A",,"A",
173708,"A",,"A",,"A",,"A",,"A",,"A",,"A",,"A",,"A",,"A",,"A",,"A",,"A",,"R",273,"R",0,"R",273,"R",70,"R",26,"R",90,"R",33,"R",0,"R",273,"R",10,"R",37,"R",100,"R",37
173735,"A",,"A",,"A",,"A",,"A",,"A",,"A",,"A",,"A",,"A",,"A",,"A",,"A",,"R",712,"R",0,"R",712,"R",202,"R",28,"R",257,"R",36,"R",0,"R",712,"R",39,"R",2,"R",296,"R",42
173744,"A",,"A",,"A",,"A",,"A",,"A",,"A",,"A",,"A",,"A",,"A",,"A",,"A",,"R",194,"R",0,"R",194,"R",17,"R",9,"R",129,"R",66,"Z",0,"R",194,"R",0,"Z",0,"R",129,"R",66
173799,"A",,"A",,"A",,"A",,"A",,"A",,"A",,"A",,"A",,"A",,"A",,"A",,"A",,"R",319,"R",0,"R",319,"R",31,"R",10,"R",56,"R",18,"R",0,"R",319,"R",5,"R",50,"R",61,"R",19
173902,"R",582,"R",0,"R",582,"R",492,"R",85,"R",522,"R",90,"R",0,"R",582,"R",4,"R",0,"R",526,"R",90,"A",,"A",,"A",,"A",,"A",,"A",,"A",,"A",,"A",,"A",,"A",,"A",,"A",
173911,"A",,"A",,"A",,"A",,"A",,"A",,"A",,"A",,"A",,"A",,"A",,"A",,"A",,"R",330,"R",0,"R",330,"R",54,"R",16,"R",87,"R",26,"R",0,"R",330,"R",2,"R",49,"R",89,"R",27
173920,"R",2379,"R",0,"R",2379,"R",683,"R",29,"R",1215,"R",51,"R",0,"R",2379,"R",62,"R",67,"R",1277,"R",54,"A",,"A",,"A",,"A",,"A",,"A",,"A",,"A",,"A",,"A",,"A",,"A",,"A",
174020,"R",73,"R",0,"R",73,"R",11,"R",15,"R",28,"R",38,"R",0,"R",73,"R",0,"R",0,"R",28,"R",38,"A",,"A",,"A",,"A",,"A",,"A",,"A",,"A",,"A",,"A",,"A",,"A",,"A",
174066,"R",5756,"R",1,"R",5755,"R",4138,"R",72,"R",4846,"R",84,"R",0,"R",5755,"R",50,"R",16,"R",4896,"R",85,"A",,"A",,"A",,"A",,"A",,"A",,"A",,"A",,"A",,"A",,"A",,"A",,"A",
174075,"R",207,"R",0,"R",207,"R",88,"R",43,"R",116,"R",56,"R",0,"R",207,"R",1,"R",0,"R",117,"R",57,"A",,"A",,"A",,"A",,"A",,"A",,"A",,"A",,"A",,"A",,"A",,"A",,"A",
174127,"R",145,"R",0,"R",145,"R",91,"R",63,"R",96,"R",66,"Z",0,"R",145,"R",0,"Z",0,"R",96,"R",66,"A",,"A",,"A",,"A",,"A",,"A",,"A",,"A",,"A",,"A",,"A",,"A",,"A",
174136,"A",,"A",,"A",,"A",,"A",,"A",,"A",,"A",,"A",,"A",,"A",,"A",,"A",,"R",464,"R",0,"R",464,"R",27,"R",6,"R",63,"R",14,"R",0,"R",464,"R",11,"R",75,"R",74,"R",16
174154,"R",6,"R",0,"R",6,"R",3,"R",50,"R",3,"R",50,"Z",0,"R",6,"R",0,"Z",0,"R",3,"R",50,"A",,"A",,"A",,"A",,"A",,"A",,"A",,"A",,"A",,"A",,"A",,"A",,"A",
174190,"A",,"A",,"A",,"A",,"A",,"A",,"A",,"A",,"A",,"A",,"A",,"A",,"A",,"R",118,"R",0,"R",118,"R",69,"R",58,"R",78,"R",66,"R",0,"R",118,"R",7,"R",0,"R",85,"R",72
174233,"R",1987,"R",0,"R",1987,"R",892,"R",45,"R",1285,"R",65,"R",1,"R",1986,"R",18,"R",5,"R",1303,"R",66,"A",,"A",,"A",,"A",,"A",,"A",,"A",,"A",,"A",,"A",,"A",,"A",,"A",
174251,"R",414,"R",0,"R",414,"R",190,"R",46,"R",239,"R",58,"R",0,"R",414,"R",3,"R",1,"R",242,"R",58,"A",,"A",,"A",,"A",,"A",,"A",,"A",,"A",,"A",,"A",,"A",,"A",,"A",
174321,"A",,"A",,"A",,"A",,"A",,"A",,"A",,"A",,"A",,"A",,"A",,"A",,"A",,"R",34,"R",0,"R",34,"R",1,"R",3,"R",26,"R",76,"Z",0,"R",34,"R",0,"Z",0,"R",26,"R",76
174358,"R",715,"R",0,"R",715,"R",281,"R",39,"R",405,"R",57,"R",0,"R",715,"R",17,"R",19,"R",422,"R",59,"A",,"A",,"A",,"A",,"A",,"A",,"A",,"A",,"A",,"A",,"A",,"A",,"A",
174376,"A",,"A",,"A",,"A",,"A",,"A",,"A",,"A",,"A",,"A",,"A",,"A",,"A",,"R",451,"R",0,"R",451,"R",25,"R",6,"R",59,"R",13,"R",0,"R",451,"R",7,"R",84,"R",66,"R",15
174428,"A",,"A",,"A",,"A",,"A",,"A",,"A",,"A",,"A",,"A",,"A",,"A",,"A",,"R",993,"R",0,"R",993,"R",95,"R",10,"R",184,"R",19,"R",0,"R",993,"R",22,"R",153,"R",206,"R",21
174437,"R",218,"R",0,"R",218,"R",105,"R",48,"R",128,"R",59,"R",0,"R",218,"R",3,"R",0,"R",131,"R",60,"A",,"A",,"A",,"A",,"A",,"A",,"A",,"A",,"A",,"A",,"A",,"A",,"A",
174473,"A",,"A",,"A",,"A",,"A",,"A",,"A",,"A",,"A",,"A",,"A",,"A",,"A",,"R",344,"R",0,"R",344,"R",99,"R",29,"R",137,"R",40,"R",0,"R",344,"R",2,"R",31,"R",139,"R",40
174491,"R",439,"R",0,"R",439,"R",254,"R",58,"R",295,"R",67,"R",0,"R",439,"R",1,"R",2,"R",296,"R",67,"A",,"A",,"A",,"A",,"A",,"A",,"A",,"A",,"A",,"A",,"A",,"A",,"A",
174525,"R",10,"R",0,"R",10,"Z",0,"R",0,"R",1,"R",10,"Z",0,"R",10,"R",0,"Z",0,"R",1,"R",10,"A",,"A",,"A",,"A",,"A",,"A",,"A",,"A",,"A",,"A",,"A",,"A",,"A",
174570,"A",,"A",,"A",,"A",,"A",,"A",,"A",,"A",,"A",,"A",,"A",,"A",,"A",,"R",119,"R",0,"R",119,"R",30,"R",25,"R",37,"R",31,"R",0,"R",119,"R",2,"R",6,"R",39,"R",33
174738,"A",,"A",,"A",,"A",,"A",,"A",,"A",,"A",,"A",,"A",,"A",,"A",,"A",,"R",639,"R",0,"R",639,"R",103,"R",16,"R",156,"R",24,"R",0,"R",639,"R",11,"R",75,"R",167,"R",26
174747,"R",476,"R",0,"R",476,"R",350,"R",74,"R",365,"R",77,"Z",0,"R",476,"R",0,"Z",0,"R",365,"R",77,"A",,"A",,"A",,"A",,"A",,"A",,"A",,"A",,"A",,"A",,"A",,"A",,"A",
174756,"A",,"A",,"A",,"A",,"A",,"A",,"A",,"A",,"A",,"A",,"A",,"A",,"A",,"R",494,"R",0,"R",494,"R",120,"R",24,"R",169,"R",34,"R",0,"R",494,"R",9,"R",42,"R",178,"R",36
174783,"R",1780,"R",0,"R",1780,"R",435,"R",24,"R",816,"R",46,"R",0,"R",1780,"R",31,"R",48,"R",847,"R",48,"A",,"A",,"A",,"A",,"A",,"A",,"A",,"A",,"A",,"A",,"A",,"A",,"A",
174792,"R",451,"R",0,"R",451,"R",330,"R",73,"R",355,"R",79,"R",0,"R",451,"R",2,"R",0,"R",357,"R",79,"A",,"A",,"A",,"A",,"A",,"A",,"A",,"A",,"A",,"A",,"A",,"A",,"A",
174817,"R",277,"R",0,"R",277,"R",139,"R",50,"R",157,"R",57,"Z",0,"R",277,"R",1,"R",1,"R",158,"R",57,"A",,"A",,"A",,"A",,"A",,"A",,"A",,"A",,"A",,"A",,"A",,"A",,"A",
174844,"R",763,"R",2,"R",761,"R",615,"R",81,"R",647,"R",85,"R",0,"R",761,"R",3,"R",0,"R",650,"R",85,"A",,"A",,"A",,"A",,"A",,"A",,"A",,"A",,"A",,"A",,"A",,"A",,"A",
174862,"R",146,"R",0,"R",146,"R",74,"R",51,"R",86,"R",59,"Z",0,"R",146,"R",0,"Z",0,"R",86,"R",59,"A",,"A",,"A",,"A",,"A",,"A",,"A",,"A",,"A",,"A",,"A",,"A",,"A",
174899,"R",442,"R",1,"R",441,"R",263,"R",60,"R",288,"R",65,"Z",0,"R",441,"R",3,"R",3,"R",291,"R",66,"A",,"A",,"A",,"A",,"A",,"A",,"A",,"A",,"A",,"A",,"A",,"A",,"A",
174914,"R",1420,"R",0,"R",1420,"R",977,"R",69,"R",1109,"R",78,"R",0,"R",1420,"R",7,"R",3,"R",1116,"R",79,"A",,"A",,"A",,"A",,"A",,"A",,"A",,"A",,"A",,"A",,"A",,"A",,"A",
174978,"A",,"A",,"A",,"A",,"A",,"A",,"A",,"A",,"A",,"A",,"A",,"A",,"A",,"R",63,"R",0,"R",63,"R",5,"R",8,"R",39,"R",62,"R",0,"R",63,"R",0,"R",0,"R",39,"R",62
175005,"R",398,"R",0,"R",398,"R",189,"R",47,"R",238,"R",60,"R",0,"R",398,"R",6,"R",0,"R",244,"R",61,"A",,"A",,"A",,"A",,"A",,"A",,"A",,"A",,"A",,"A",,"A",,"A",,"A",
175041,"A",,"A",,"A",,"A",,"A",,"A",,"A",,"A",,"A",,"A",,"A",,"A",,"A",,"R",580,"R",0,"R",580,"R",143,"R",25,"R",183,"R",32,"R",0,"R",580,"R",9,"R",76,"R",192,"R",33
175078,"R",444,"R",0,"R",444,"R",130,"R",29,"R",207,"R",47,"R",0,"R",444,"R",9,"R",11,"R",216,"R",49,"A",,"A",,"A",,"A",,"A",,"A",,"A",,"A",,"A",,"A",,"A",,"A",,"A",
175120,"A",,"A",,"A",,"A",,"A",,"A",,"A",,"A",,"A",,"A",,"A",,"A",,"A",,"R",471,"R",0,"R",471,"R",254,"R",54,"R",257,"R",55,"Z",0,"R",471,"R",0,"Z",0,"R",257,"R",55
175227,"R",3,"R",0,"R",3,"R",1,"R",33,"R",1,"R",33,"Z",0,"R",3,"R",0,"Z",0,"R",1,"R",33,"A",,"A",,"A",,"A",,"A",,"A",,"A",,"A",,"A",,"A",,"A",,"A",,"A",
175236,"A",,"A",,"A",,"A",,"A",,"A",,"A",,"A",,"A",,"A",,"A",,"A",,"A",,"R",460,"R",0,"R",460,"R",178,"R",39,"R",207,"R",45,"R",0,"R",460,"R",3,"R",33,"R",210,"R",46
175263,"A",,"A",,"A",,"A",,"A",,"A",,"A",,"A",,"A",,"A",,"A",,"A",,"A",,"R",162,"R",0,"R",162,"R",46,"R",28,"R",55,"R",34,"R",0,"R",162,"R",2,"R",10,"R",57,"R",35
175272,"R",1616,"R",0,"R",1616,"R",704,"R",44,"R",1004,"R",62,"R",0,"R",1616,"R",11,"R",21,"R",1015,"R",63,"A",,"A",,"A",,"A",,"A",,"A",,"A",,"A",,"A",,"A",,"A",,"A",,"A",
175315,"A",,"A",,"A",,"A",,"A",,"A",,"A",,"A",,"A",,"A",,"A",,"A",,"A",,"R",733,"R",0,"R",733,"R",67,"R",9,"R",154,"R",21,"R",0,"R",733,"R",20,"R",121,"R",174,"R",24
175342,"R",598,"R",1,"R",597,"R",196,"R",33,"R",250,"R",42,"R",0,"R",597,"R",7,"R",9,"R",257,"R",43,"A",,"A",,"A",,"A",,"A",,"A",,"A",,"A",,"A",,"A",,"A",,"A",,"A",
175421,"R",246,"R",0,"R",246,"R",109,"R",44,"R",132,"R",54,"R",0,"R",246,"R",2,"R",1,"R",134,"R",54,"A",,"A",,"A",,"A",,"A",,"A",,"A",,"A",,"A",,"A",,"A",,"A",,"A",
175430,"R",56,"R",1,"R",55,"R",26,"R",47,"R",32,"R",58,"R",0,"R",55,"R",0,"R",0,"R",32,"R",58,"A",,"A",,"A",,"A",,"A",,"A",,"A",,"A",,"A",,"A",,"A",,"A",,"A",
175494,"A",,"A",,"A",,"A",,"A",,"A",,"A",,"A",,"A",,"A",,"A",,"A",,"A",,"R",71,"R",0,"R",71,"R",50,"R",70,"R",50,"R",70,"Z",0,"R",71,"R",0,"Z",0,"R",50,"R",70
175519,"A",,"A",,"A",,"A",,"A",,"A",,"A",,"A",,"A",,"A",,"A",,"A",,"A",,"R",523,"R",0,"R",523,"R",143,"R",27,"R",171,"R",33,"R",1,"R",522,"R",13,"R",20,"R",184,"R",35
175573,"A",,"A",,"A",,"A",,"A",,"A",,"A",,"A",,"A",,"A",,"A",,"A",,"A",,"R",633,"R",0,"R",633,"R",182,"R",29,"R",289,"R",46,"R",0,"R",633,"R",111,"R",7,"R",400,"R",63
175616,"R",322,"R",1,"R",321,"R",77,"R",24,"R",141,"R",44,"R",0,"R",321,"R",2,"R",0,"R",143,"R",45,"A",,"A",,"A",,"A",,"A",,"A",,"A",,"A",,"A",,"A",,"A",,"A",,"A",
175643,"A",,"A",,"A",,"A",,"A",,"A",,"A",,"A",,"A",,"A",,"A",,"A",,"A",,"R",752,"R",0,"R",752,"R",246,"R",33,"R",246,"R",33,"R",0,"R",752,"R",92,"R",25,"R",338,"R",45
175652,"A",,"A",,"A",,"A",,"A",,"A",,"A",,"A",,"A",,"A",,"A",,"A",,"A",,"R",708,"R",0,"R",708,"R",192,"R",27,"R",275,"R",39,"R",0,"R",708,"R",11,"R",20,"R",286,"R",40
175698,"A",,"A",,"A",,"A",,"A",,"A",,"A",,"A",,"A",,"A",,"A",,"A",,"A",,"R",26,"R",0,"R",26,"R",18,"R",69,"R",21,"R",81,"R",0,"R",26,"R",0,"R",0,"R",21,"R",81
175722,"A",,"A",,"A",,"A",,"A",,"A",,"A",,"A",,"A",,"A",,"A",,"A",,"A",,"R",8,"R",0,"R",8,"R",0,"R",0,"R",4,"R",50,"Z",0,"R",8,"R",0,"Z",0,"R",4,"R",50
175786,"A",,"A",,"A",,"A",,"A",,"A",,"A",,"A",,"A",,"A",,"A",,"A",,"A",,"R",2293,"R",0,"R",2293,"R",725,"R",32,"R",725,"R",32,"R",1,"R",2292,"R",129,"R",102,"R",854,"R",37
175810,"A",,"A",,"A",,"A",,"A",,"A",,"A",,"A",,"A",,"A",,"A",,"A",,"A",,"R",1114,"R",0,"R",1114,"R",406,"R",36,"R",484,"R",43,"R",0,"R",1114,"R",434,"R",0,"R",918,"R",82
175829,"A",,"A",,"A",,"A",,"A",,"A",,"A",,"A",,"A",,"A",,"A",,"A",,"A",,"R",1277,"R",0,"R",1277,"R",501,"R",39,"R",642,"R",50,"R",0,"R",1277,"R",28,"R",63,"R",670,"R",52
175856,"R",1222,"R",0,"R",1222,"R",288,"R",24,"R",467,"R",38,"R",1,"R",1221,"R",35,"R",7,"R",502,"R",41,"A",,"A",,"A",,"A",,"A",,"A",,"A",,"A",,"A",,"A",,"A",,"A",,"A",
175883,"A",,"A",,"A",,"A",,"A",,"A",,"A",,"A",,"A",,"A",,"A",,"A",,"A",,"R",955,"R",0,"R",955,"R",316,"R",33,"R",411,"R",43,"Z",0,"R",955,"R",20,"R",33,"R",431,"R",45
175935,"A",,"A",,"A",,"A",,"A",,"A",,"A",,"A",,"A",,"A",,"A",,"A",,"A",,"R",637,"R",0,"R",637,"R",164,"R",26,"R",207,"R",32,"R",0,"R",637,"R",37,"R",36,"R",244,"R",38
175980,"R",221,"R",0,"R",221,"R",134,"R",61,"R",136,"R",62,"Z",0,"R",221,"R",0,"Z",0,"R",136,"R",62,"A",,"A",,"A",,"A",,"A",,"A",,"A",,"A",,"A",,"A",,"A",,"A",,"A",
176008,"A",,"A",,"A",,"A",,"A",,"A",,"A",,"A",,"A",,"A",,"A",,"A",,"A",,"R",541,"R",0,"R",541,"R",174,"R",32,"R",192,"R",35,"R",0,"R",541,"R",4,"R",27,"R",196,"R",36
176017,"R",3904,"R",16,"R",3888,"R",2003,"R",52,"R",2659,"R",68,"R",1,"R",3887,"R",48,"R",17,"R",2707,"R",70,"A",,"A",,"A",,"A",,"A",,"A",,"A",,"A",,"A",,"A",,"A",,"A",,"A",
176035,"R",233,"R",0,"R",233,"R",73,"R",31,"R",104,"R",45,"R",0,"R",233,"R",2,"R",4,"R",106,"R",45,"A",,"A",,"A",,"A",,"A",,"A",,"A",,"A",,"A",,"A",,"A",,"A",,"A",
176044,"R",369,"R",0,"R",369,"R",67,"R",18,"R",100,"R",27,"R",0,"R",369,"R",2,"R",4,"R",102,"R",28,"A",,"A",,"A",,"A",,"A",,"A",,"A",,"A",,"A",,"A",,"A",,"A",,"A",
176053,"R",593,"R",0,"R",593,"R",300,"R",51,"R",372,"R",63,"R",0,"R",593,"R",1,"R",8,"R",373,"R",63,"A",,"A",,"A",,"A",,"A",,"A",,"A",,"A",,"A",,"A",,"A",,"A",,"A",
176062,"A",,"A",,"A",,"A",,"A",,"A",,"A",,"A",,"A",,"A",,"A",,"A",,"A",,"R",17,"R",0,"R",17,"R",0,"R",0,"R",13,"R",76,"Z",0,"R",17,"R",0,"Z",0,"R",13,"R",76
176071,"A",,"A",,"A",,"A",,"A",,"A",,"A",,"A",,"A",,"A",,"A",,"A",,"A",,"R",1928,"R",0,"R",1928,"R",685,"R",36,"R",853,"R",44,"Z",0,"R",1928,"R",50,"R",110,"R",903,"R",47
176080,"R",3459,"R",5,"R",3454,"R",1254,"R",36,"R",2063,"R",60,"R",0,"R",3454,"R",55,"R",24,"R",2118,"R",61,"A",,"A",,"A",,"A",,"A",,"A",,"A",,"A",,"A",,"A",,"A",,"A",,"A",
176169,"A",,"A",,"A",,"A",,"A",,"A",,"A",,"A",,"A",,"A",,"A",,"A",,"A",,"R",1105,"R",0,"R",1105,"R",287,"R",26,"R",429,"R",39,"R",0,"R",1105,"R",153,"R",19,"R",582,"R",53
176178,"A",,"A",,"A",,"A",,"A",,"A",,"A",,"A",,"A",,"A",,"A",,"A",,"A",,"R",1823,"R",4,"R",1819,"R",527,"R",29,"R",694,"R",38,"R",5,"R",1814,"R",54,"R",67,"R",748,"R",41
176239,"A",,"A",,"A",,"A",,"A",,"A",,"A",,"A",,"A",,"A",,"A",,"A",,"A",,"R",1180,"R",1,"R",1179,"R",343,"R",29,"R",462,"R",39,"R",0,"R",1179,"R",42,"R",50,"R",504,"R",43
176318,"R",235,"R",0,"R",235,"R",34,"R",14,"R",55,"R",23,"R",0,"R",235,"R",3,"R",0,"R",58,"R",25,"A",,"A",,"A",,"A",,"A",,"A",,"A",,"A",,"A",,"A",,"A",,"A",,"A",
176354,"A",,"A",,"A",,"A",,"A",,"A",,"A",,"A",,"A",,"A",,"A",,"A",,"A",,"R",635,"R",0,"R",635,"R",229,"R",36,"R",274,"R",43,"R",0,"R",635,"R",7,"R",13,"R",281,"R",44
176372,"R",1515,"R",3,"R",1512,"R",484,"R",32,"R",783,"R",52,"R",0,"R",1512,"R",23,"R",17,"R",806,"R",53,"A",,"A",,"A",,"A",,"A",,"A",,"A",,"A",,"A",,"A",,"A",,"A",,"A",
176406,"R",154,"R",0,"R",154,"R",28,"R",18,"R",52,"R",34,"R",0,"R",154,"R",2,"R",1,"R",54,"R",35,"A",,"A",,"A",,"A",,"A",,"A",,"A",,"A",,"A",,"A",,"A",,"A",,"A",
176433,"A",,"A",,"A",,"A",,"A",,"A",,"A",,"A",,"A",,"A",,"A",,"A",,"A",,"R",5,"R",0,"R",5,"R",1,"R",20,"R",5,"R",100,"Z",0,"R",5,"R",0,"Z",0,"R",5,"R",100
176479,"R",229,"R",0,"R",229,"R",86,"R",38,"R",138,"R",60,"R",0,"R",229,"R",1,"R",2,"R",139,"R",61,"A",,"A",,"A",,"A",,"A",,"A",,"A",,"A",,"A",,"A",,"A",,"A",,"A",
176628,"R",202,"R",0,"R",202,"R",58,"R",29,"R",79,"R",39,"R",0,"R",202,"R",1,"R",0,"R",80,"R",40,"A",,"A",,"A",,"A",,"A",,"A",,"A",,"A",,"A",,"A",,"A",,"A",,"A",
176664,"R",88,"R",0,"R",88,"R",14,"R",16,"R",27,"R",31,"R",0,"R",88,"R",0,"R",0,"R",27,"R",31,"A",,"A",,"A",,"A",,"A",,"A",,"A",,"A",,"A",,"A",,"A",,"A",,"A",
176716,"A",,"A",,"A",,"A",,"A",,"A",,"A",,"A",,"A",,"A",,"A",,"A",,"A",,"R",18,"R",0,"R",18,"R",2,"R",11,"R",16,"R",89,"Z",0,"R",18,"R",0,"Z",0,"R",16,"R",89
176770,"R",2,"R",0,"R",2,"Z",0,"R",0,"Z",0,"R",0,"Z",0,"R",2,"R",0,"Z",0,"R",0,"R",0,"A",,"A",,"A",,"A",,"A",,"A",,"A",,"A",,"A",,"A",,"A",,"A",,"A",
176789,"R",27,"R",0,"R",27,"R",3,"R",11,"R",10,"R",37,"Z",0,"R",27,"R",0,"Z",0,"R",10,"R",37,"A",,"A",,"A",,"A",,"A",,"A",,"A",,"A",,"A",,"A",,"A",,"A",,"A",
176798,"A",,"A",,"A",,"A",,"A",,"A",,"A",,"A",,"A",,"A",,"A",,"A",,"A",,"R",21,"R",0,"R",21,"R",11,"R",52,"R",13,"R",62,"Z",0,"R",21,"R",0,"Z",0,"R",13,"R",62
176910,"R",33,"R",0,"R",33,"R",16,"R",48,"R",17,"R",52,"R",0,"R",33,"R",0,"R",0,"R",17,"R",52,"A",,"A",,"A",,"A",,"A",,"A",,"A",,"A",,"A",,"A",,"A",,"A",,"A",
176947,"R",275,"R",0,"R",275,"R",104,"R",38,"R",129,"R",47,"Z",0,"R",275,"R",9,"R",1,"R",138,"R",50,"A",,"A",,"A",,"A",,"A",,"A",,"A",,"A",,"A",,"A",,"A",,"A",,"A",
176965,"R",1641,"R",2,"R",1639,"R",553,"R",34,"R",861,"R",53,"R",0,"R",1639,"R",11,"R",14,"R",872,"R",53,"A",,"A",,"A",,"A",,"A",,"A",,"A",,"A",,"A",,"A",,"A",,"A",,"A",
176983,"A",,"A",,"A",,"A",,"A",,"A",,"A",,"A",,"A",,"A",,"A",,"A",,"A",,"R",44,"R",0,"R",44,"R",35,"R",80,"R",35,"R",80,"Z",0,"R",44,"R",0,"Z",0,"R",35,"R",80
177038,"R",3,"R",0,"R",3,"Z",0,"R",0,"R",2,"R",67,"Z",0,"R",3,"R",0,"Z",0,"R",2,"R",67,"A",,"A",,"A",,"A",,"A",,"A",,"A",,"A",,"A",,"A",,"A",,"A",,"A",
177065,"R",336,"R",2,"R",334,"R",64,"R",19,"R",90,"R",27,"R",0,"R",334,"R",4,"R",1,"R",94,"R",28,"A",,"A",,"A",,"A",,"A",,"A",,"A",,"A",,"A",,"A",,"A",,"A",,"A",
177083,"R",19,"R",0,"R",19,"R",7,"R",37,"R",7,"R",37,"Z",0,"R",19,"R",0,"Z",0,"R",7,"R",37,"A",,"A",,"A",,"A",,"A",,"A",,"A",,"A",,"A",,"A",,"A",,"A",,"A",
177117,"R",69,"R",0,"R",69,"R",42,"R",61,"R",51,"R",74,"Z",0,"R",69,"R",0,"Z",0,"R",51,"R",74,"A",,"A",,"A",,"A",,"A",,"A",,"A",,"A",,"A",,"A",,"A",,"A",,"A",
177135,"A",,"A",,"A",,"A",,"A",,"A",,"A",,"A",,"A",,"A",,"A",,"A",,"A",,"R",788,"R",0,"R",788,"R",205,"R",26,"R",313,"R",40,"R",0,"R",788,"R",2,"R",13,"R",315,"R",40
177144,"R",260,"R",0,"R",260,"R",108,"R",42,"R",127,"R",49,"R",0,"R",260,"R",1,"Z",0,"R",128,"R",49,"A",,"A",,"A",,"A",,"A",,"A",,"A",,"A",,"A",,"A",,"A",,"A",,"A",
177214,"R",282,"R",0,"R",282,"R",119,"R",42,"R",169,"R",60,"R",0,"R",282,"R",2,"R",0,"R",171,"R",61,"A",,"A",,"A",,"A",,"A",,"A",,"A",,"A",,"A",,"A",,"A",,"A",,"A",
177250,"A",,"A",,"A",,"A",,"A",,"A",,"A",,"A",,"A",,"A",,"A",,"A",,"A",,"R",522,"R",0,"R",522,"R",152,"R",29,"R",204,"R",39,"R",0,"R",522,"R",4,"R",23,"R",208,"R",40
177302,"A",,"A",,"A",,"A",,"A",,"A",,"A",,"A",,"A",,"A",,"A",,"A",,"A",,"R",68,"R",0,"R",68,"R",64,"R",94,"R",64,"R",94,"Z",0,"R",68,"R",0,"Z",0,"R",64,"R",94
177339,"R",362,"R",0,"R",362,"R",161,"R",44,"R",208,"R",57,"R",1,"R",361,"R",0,"R",0,"R",208,"R",58,"A",,"A",,"A",,"A",,"A",,"A",,"A",,"A",,"A",,"A",,"A",,"A",,"A",
177418,"R",178,"R",0,"R",178,"R",88,"R",49,"R",109,"R",61,"Z",0,"R",178,"R",1,"R",0,"R",110,"R",62,"A",,"A",,"A",,"A",,"A",,"A",,"A",,"A",,"A",,"A",,"A",,"A",,"A",
177436,"A",,"A",,"A",,"A",,"A",,"A",,"A",,"A",,"A",,"A",,"A",,"A",,"A",,"R",3,"R",0,"R",3,"R",3,"R",100,"R",3,"R",100,"Z",0,"R",3,"R",0,"Z",0,"R",3,"R",100
177542,"R",144,"R",0,"R",144,"R",46,"R",32,"R",52,"R",36,"Z",0,"R",144,"R",0,"Z",0,"R",52,"R",36,"A",,"A",,"A",,"A",,"A",,"A",,"A",,"A",,"A",,"A",,"A",,"A",,"A",
177551,"R",265,"R",0,"R",265,"R",17,"R",6,"R",50,"R",19,"R",0,"R",265,"R",7,"R",6,"R",57,"R",22,"A",,"A",,"A",,"A",,"A",,"A",,"A",,"A",,"A",,"A",,"A",,"A",,"A",
177588,"A",,"A",,"A",,"A",,"A",,"A",,"A",,"A",,"A",,"A",,"A",,"A",,"A",,"R",7,"R",0,"R",7,"R",0,"R",0,"R",4,"R",57,"R",0,"R",7,"R",0,"R",0,"R",4,"R",57
177603,"A",,"A",,"A",,"A",,"A",,"A",,"A",,"A",,"A",,"A",,"A",,"A",,"A",,"R",1,"R",0,"R",1,"R",0,"R",0,"R",0,"R",0,"Z",0,"R",1,"R",0,"Z",0,"R",0,"R",0
177676,"A",,"A",,"A",,"A",,"A",,"A",,"A",,"A",,"A",,"A",,"A",,"A",,"A",,"R",749,"R",2,"R",747,"R",153,"R",20,"R",238,"R",32,"R",2,"R",745,"R",34,"R",40,"R",272,"R",37
177685,"A",,"A",,"A",,"A",,"A",,"A",,"A",,"A",,"A",,"A",,"A",,"A",,"A",,"R",12,"R",0,"R",12,"R",3,"R",25,"R",8,"R",67,"Z",0,"R",12,"R",0,"Z",0,"R",8,"R",67
177746,"R",146,"R",1,"R",145,"R",78,"R",54,"R",90,"R",62,"Z",0,"R",145,"R",0,"Z",0,"R",90,"R",62,"A",,"A",,"A",,"A",,"A",,"A",,"A",,"A",,"A",,"A",,"A",,"A",,"A",
177816,"R",16,"R",0,"R",16,"R",11,"R",69,"R",11,"R",69,"Z",0,"R",16,"R",0,"Z",0,"R",11,"R",69,"A",,"A",,"A",,"A",,"A",,"A",,"A",,"A",,"A",,"A",,"A",,"A",,"A",
177931,"A",,"A",,"A",,"A",,"A",,"A",,"A",,"A",,"A",,"A",,"A",,"A",,"A",,"R",9,"R",0,"R",9,"R",9,"R",100,"R",9,"R",100,"Z",0,"R",9,"R",0,"Z",0,"R",9,"R",100
177940,"R",536,"R",0,"R",536,"R",77,"R",14,"R",144,"R",27,"R",0,"R",536,"R",6,"R",4,"R",150,"R",28,"A",,"A",,"A",,"A",,"A",,"A",,"A",,"A",,"A",,"A",,"A",,"A",,"A",
177968,"R",1217,"R",1,"R",1216,"R",478,"R",39,"R",646,"R",53,"R",0,"R",1216,"R",8,"R",3,"R",654,"R",54,"A",,"A",,"A",,"A",,"A",,"A",,"A",,"A",,"A",,"A",,"A",,"A",,"A",
177977,"A",,"A",,"A",,"A",,"A",,"A",,"A",,"A",,"A",,"A",,"A",,"A",,"A",,"R",688,"R",2,"R",686,"R",510,"R",74,"R",526,"R",77,"R",0,"R",686,"R",7,"R",7,"R",533,"R",78
177995,"A",,"A",,"A",,"A",,"A",,"A",,"A",,"A",,"A",,"A",,"A",,"A",,"A",,"R",2383,"R",0,"R",2383,"R",418,"R",18,"R",683,"R",29,"R",0,"R",2383,"R",98,"R",121,"R",781,"R",33
178059,"R",381,"R",0,"R",381,"R",247,"R",65,"R",279,"R",73,"Z",0,"R",381,"R",3,"R",1,"R",282,"R",74,"A",,"A",,"A",,"A",,"A",,"A",,"A",,"A",,"A",,"A",,"A",,"A",,"A",
178077,"A",,"A",,"A",,"A",,"A",,"A",,"A",,"A",,"A",,"A",,"A",,"A",,"A",,"R",20,"R",0,"R",20,"R",2,"R",10,"R",14,"R",70,"Z",0,"R",20,"R",0,"Z",0,"R",14,"R",70
178183,"A",,"A",,"A",,"A",,"A",,"A",,"A",,"A",,"A",,"A",,"A",,"A",,"A",,"R",75,"R",0,"R",75,"R",12,"R",16,"R",63,"R",84,"R",0,"R",75,"R",4,"R",0,"R",67,"R",89
178208,"R",33,"R",0,"R",33,"R",4,"R",12,"R",11,"R",33,"R",0,"R",33,"R",1,"R",0,"R",12,"R",36,"A",,"A",,"A",,"A",,"A",,"A",,"A",,"A",,"A",,"A",,"A",,"A",,"A",
178217,"A",,"A",,"A",,"A",,"A",,"A",,"A",,"A",,"A",,"A",,"A",,"A",,"A",,"R",575,"R",0,"R",575,"R",178,"R",31,"R",249,"R",43,"R",0,"R",575,"R",7,"R",5,"R",256,"R",45
178244,"R",227,"R",0,"R",227,"R",65,"R",29,"R",94,"R",41,"R",0,"R",227,"R",2,"R",0,"R",96,"R",42,"A",,"A",,"A",,"A",,"A",,"A",,"A",,"A",,"A",,"A",,"A",,"A",,"A",
178341,"R",854,"R",0,"R",854,"R",187,"R",22,"R",308,"R",36,"R",0,"R",854,"R",13,"R",17,"R",321,"R",38,"A",,"A",,"A",,"A",,"A",,"A",,"A",,"A",,"A",,"A",,"A",,"A",,"A",
178369,"R",433,"R",1,"R",432,"R",66,"R",15,"R",104,"R",24,"R",0,"R",432,"R",3,"R",0,"R",107,"R",25,"A",,"A",,"A",,"A",,"A",,"A",,"A",,"A",,"A",,"A",,"A",,"A",,"A",
178387,"R",766,"R",2,"R",764,"R",143,"R",19,"R",283,"R",37,"R",0,"R",764,"R",18,"R",5,"R",301,"R",39,"A",,"A",,"A",,"A",,"A",,"A",,"A",,"A",,"A",,"A",,"A",,"A",,"A",
178396,"R",6035,"R",10,"R",6025,"R",3103,"R",52,"R",4369,"R",73,"R",0,"R",6025,"R",48,"R",12,"R",4417,"R",73,"A",,"A",,"A",,"A",,"A",,"A",,"A",,"A",,"A",,"A",,"A",,"A",,"A",
178402,"R",1021,"R",1,"R",1020,"R",291,"R",29,"R",559,"R",55,"R",2,"R",1018,"R",15,"R",9,"R",574,"R",56,"A",,"A",,"A",,"A",,"A",,"A",,"A",,"A",,"A",,"A",,"A",,"A",,"A",
178411,"R",1474,"R",8,"R",1466,"R",316,"R",22,"R",930,"R",63,"R",0,"R",1466,"R",26,"R",5,"R",956,"R",65,"A",,"A",,"A",,"A",,"A",,"A",,"A",,"A",,"A",,"A",,"A",,"A",,"A",
178420,"R",501,"R",4,"R",497,"R",185,"R",37,"R",286,"R",58,"R",1,"R",496,"R",13,"R",3,"R",299,"R",60,"A",,"A",,"A",,"A",,"A",,"A",,"A",,"A",,"A",,"A",,"A",,"A",,"A",
178448,"A",,"A",,"A",,"A",,"A",,"A",,"A",,"A",,"A",,"A",,"A",,"A",,"A",,"R",900,"R",0,"R",900,"R",288,"R",32,"R",348,"R",39,"R",0,"R",900,"R",29,"R",21,"R",377,"R",42
178527,"A",,"A",,"A",,"A",,"A",,"A",,"A",,"A",,"A",,"A",,"A",,"A",,"A",,"R",19,"R",0,"R",19,"R",1,"R",5,"R",10,"R",53,"R",0,"R",19,"R",5,"R",0,"R",15,"R",79
178615,"R",1258,"R",2,"R",1256,"R",741,"R",59,"R",905,"R",72,"R",0,"R",1256,"R",6,"R",0,"R",911,"R",73,"A",,"A",,"A",,"A",,"A",,"A",,"A",,"A",,"A",,"A",,"A",,"A",,"A",
178624,"R",1343,"R",1,"R",1342,"R",455,"R",34,"R",689,"R",51,"R",0,"R",1342,"R",7,"R",13,"R",696,"R",52,"A",,"A",,"A",,"A",,"A",,"A",,"A",,"A",,"A",,"A",,"A",,"A",,"A",
178679,"R",134,"R",1,"R",133,"R",34,"R",26,"R",78,"R",59,"R",0,"R",133,"R",2,"R",0,"R",80,"R",60,"A",,"A",,"A",,"A",,"A",,"A",,"A",,"A",,"A",,"A",,"A",,"A",,"A",
178697,"R",344,"R",0,"R",344,"R",154,"R",45,"R",215,"R",63,"R",0,"R",344,"R",2,"R",0,"R",217,"R",63,"A",,"A",,"A",,"A",,"A",,"A",,"A",,"A",,"A",,"A",,"A",,"A",,"A",
178721,"R",139,"R",0,"R",139,"R",14,"R",10,"R",35,"R",25,"R",0,"R",139,"R",1,"R",1,"R",36,"R",26,"A",,"A",,"A",,"A",,"A",,"A",,"A",,"A",,"A",,"A",,"A",,"A",,"A",
178767,"R",6,"R",0,"R",6,"R",6,"R",100,"R",6,"R",100,"Z",0,"R",6,"R",0,"Z",0,"R",6,"R",100,"A",,"A",,"A",,"A",,"A",,"A",,"A",,"A",,"A",,"A",,"A",,"A",,"A",
178828,"A",,"A",,"A",,"A",,"A",,"A",,"A",,"A",,"A",,"A",,"A",,"A",,"A",,"R",31,"R",0,"R",31,"R",26,"R",84,"R",26,"R",84,"Z",0,"R",31,"R",0,"Z",0,"R",26,"R",84
178891,"R",11,"R",0,"R",11,"R",1,"R",9,"R",8,"R",73,"Z",0,"R",11,"R",0,"Z",0,"R",8,"R",73,"A",,"A",,"A",,"A",,"A",,"A",,"A",,"A",,"A",,"A",,"A",,"A",,"A",
179043,"R",318,"R",0,"R",318,"R",215,"R",68,"R",236,"R",74,"Z",0,"R",318,"R",0,"Z",0,"R",236,"R",74,"A",,"A",,"A",,"A",,"A",,"A",,"A",,"A",,"A",,"A",,"A",,"A",,"A",
179159,"R",1624,"R",2,"R",1622,"R",1188,"R",73,"R",1297,"R",80,"R",0,"R",1622,"R",6,"R",0,"R",1303,"R",80,"A",,"A",,"A",,"A",,"A",,"A",,"A",,"A",,"A",,"A",,"A",,"A",,"A",
179195,"A",,"A",,"A",,"A",,"A",,"A",,"A",,"A",,"A",,"A",,"A",,"A",,"A",,"R",7,"R",0,"R",7,"R",2,"R",29,"R",5,"R",71,"Z",0,"R",7,"R",0,"Z",0,"R",5,"R",71
179265,"R",188,"R",0,"R",188,"R",132,"R",70,"R",144,"R",77,"R",0,"R",188,"R",1,"R",0,"R",145,"R",77,"A",,"A",,"A",,"A",,"A",,"A",,"A",,"A",,"A",,"A",,"A",,"A",,"A",
179326,"R",423,"R",0,"R",423,"R",166,"R",39,"R",211,"R",50,"R",0,"R",423,"R",3,"R",2,"R",214,"R",51,"A",,"A",,"A",,"A",,"A",,"A",,"A",,"A",,"A",,"A",,"A",,"A",,"A",
179344,"A",,"A",,"A",,"A",,"A",,"A",,"A",,"A",,"A",,"A",,"A",,"A",,"A",,"R",291,"R",0,"R",291,"R",64,"R",22,"R",97,"R",33,"R",0,"R",291,"R",11,"R",9,"R",108,"R",37
179511,"A",,"A",,"A",,"A",,"A",,"A",,"A",,"A",,"A",,"A",,"A",,"A",,"A",,"R",165,"R",0,"R",165,"R",30,"R",18,"R",87,"R",53,"Z",0,"R",165,"R",0,"Z",0,"R",87,"R",53
179539,"A",,"A",,"A",,"A",,"A",,"A",,"A",,"A",,"A",,"A",,"A",,"A",,"A",,"R",843,"R",0,"R",843,"R",194,"R",23,"R",298,"R",35,"R",1,"R",842,"R",35,"R",23,"R",333,"R",40
179548,"R",189,"R",0,"R",189,"R",98,"R",52,"R",101,"R",53,"R",0,"R",189,"R",0,"R",0,"R",101,"R",53,"A",,"A",,"A",,"A",,"A",,"A",,"A",,"A",,"A",,"A",,"A",,"A",,"A",
179557,"R",1556,"R",2,"R",1554,"R",540,"R",35,"R",838,"R",54,"R",0,"R",1554,"R",29,"R",0,"R",867,"R",56,"A",,"A",,"A",,"A",,"A",,"A",,"A",,"A",,"A",,"A",,"A",,"A",,"A",
179566,"R",3202,"R",6,"R",3196,"R",1230,"R",38,"R",1901,"R",59,"R",0,"R",3196,"R",40,"R",141,"R",1941,"R",61,"A",,"A",,"A",,"A",,"A",,"A",,"A",,"A",,"A",,"A",,"A",,"A",,"A",
179645,"A",,"A",,"A",,"A",,"A",,"A",,"A",,"A",,"A",,"A",,"A",,"A",,"A",,"R",530,"R",0,"R",530,"R",110,"R",21,"R",181,"R",34,"R",0,"R",530,"R",14,"R",49,"R",195,"R",37
179715,"A",,"A",,"A",,"A",,"A",,"A",,"A",,"A",,"A",,"A",,"A",,"A",,"A",,"R",323,"R",1,"R",322,"R",128,"R",40,"R",143,"R",44,"R",1,"R",321,"R",4,"R",1,"R",147,"R",46
179867,"R",1718,"R",2,"R",1716,"R",1491,"R",87,"R",1598,"R",93,"R",-1,"R",1717,"R",7,"R",0,"R",1605,"R",93,"A",,"A",,"A",,"A",,"A",,"A",,"A",,"A",,"A",,"A",,"A",,"A",,"A",
179894,"R",412,"R",0,"R",412,"R",184,"R",45,"R",235,"R",57,"R",0,"R",412,"R",3,"R",1,"R",238,"R",58,"A",,"A",,"A",,"A",,"A",,"A",,"A",,"A",,"A",,"A",,"A",,"A",,"A",
179946,"R",239,"R",0,"R",239,"R",109,"R",46,"R",125,"R",52,"R",0,"R",239,"R",3,"R",0,"R",128,"R",54,"A",,"A",,"A",,"A",,"A",,"A",,"A",,"A",,"A",,"A",,"A",,"A",,"A",
179955,"R",245,"R",0,"R",245,"R",150,"R",61,"R",160,"R",65,"Z",0,"R",245,"R",0,"Z",0,"R",160,"R",65,"A",,"A",,"A",,"A",,"A",,"A",,"A",,"A",,"A",,"A",,"A",,"A",,"A",
179964,"R",190,"R",0,"R",190,"R",94,"R",49,"R",105,"R",55,"R",0,"R",190,"R",0,"R",0,"R",105,"R",55,"A",,"A",,"A",,"A",,"A",,"A",,"A",,"A",,"A",,"A",,"A",,"A",,"A",
179991,"A",,"A",,"A",,"A",,"A",,"A",,"A",,"A",,"A",,"A",,"A",,"A",,"A",,"R",13,"R",0,"R",13,"R",10,"R",77,"R",10,"R",77,"Z",0,"R",13,"R",0,"Z",0,"R",10,"R",77
180063,"A",,"A",,"A",,"A",,"A",,"A",,"A",,"A",,"A",,"A",,"A",,"A",,"A",,"R",27,"R",0,"R",27,"R",3,"R",11,"R",17,"R",63,"Z",0,"R",27,"R",0,"Z",0,"R",17,"R",63
180081,"A",,"A",,"A",,"A",,"A",,"A",,"A",,"A",,"A",,"A",,"A",,"A",,"A",,"R",128,"R",0,"R",128,"R",36,"R",28,"R",44,"R",34,"R",0,"R",128,"R",4,"R",2,"R",48,"R",38
180090,"A",,"A",,"A",,"A",,"A",,"A",,"A",,"A",,"A",,"A",,"A",,"A",,"A",,"R",51,"R",0,"R",51,"R",37,"R",73,"R",41,"R",80,"Z",0,"R",51,"R",0,"Z",0,"R",41,"R",80
180106,"R",387,"R",0,"R",387,"R",204,"R",53,"R",261,"R",67,"R",0,"R",387,"R",1,"R",0,"R",262,"R",68,"A",,"A",,"A",,"A",,"A",,"A",,"A",,"A",,"A",,"A",,"A",,"A",,"A",
180151,"A",,"A",,"A",,"A",,"A",,"A",,"A",,"A",,"A",,"A",,"A",,"A",,"A",,"R",93,"R",0,"R",93,"R",26,"R",28,"R",26,"R",28,"Z",0,"R",93,"R",0,"Z",0,"R",26,"R",28
180160,"A",,"A",,"A",,"A",,"A",,"A",,"A",,"A",,"A",,"A",,"A",,"A",,"A",,"R",21,"R",1,"R",20,"Z",0,"R",0,"Z",0,"R",0,"R",0,"R",20,"R",3,"R",8,"R",3,"R",15
180179,"R",391,"R",0,"R",391,"R",53,"R",14,"R",99,"R",25,"R",0,"R",391,"R",9,"R",8,"R",108,"R",28,"A",,"A",,"A",,"A",,"A",,"A",,"A",,"A",,"A",,"A",,"A",,"A",,"A",
180197,"A",,"A",,"A",,"A",,"A",,"A",,"A",,"A",,"A",,"A",,"A",,"A",,"A",,"R",249,"R",0,"R",249,"R",60,"R",24,"R",80,"R",32,"R",2,"R",247,"R",19,"R",10,"R",99,"R",40
180212,"A",,"A",,"A",,"A",,"A",,"A",,"A",,"A",,"A",,"A",,"A",,"A",,"A",,"R",59,"R",0,"R",59,"R",8,"R",14,"R",8,"R",14,"R",1,"R",58,"R",5,"R",3,"R",13,"R",22
180249,"A",,"A",,"A",,"A",,"A",,"A",,"A",,"A",,"A",,"A",,"A",,"A",,"A",,"R",108,"R",0,"R",108,"R",24,"R",22,"R",39,"R",36,"R",0,"R",108,"R",2,"R",6,"R",41,"R",38
180258,"R",163,"R",0,"R",163,"R",33,"R",20,"R",61,"R",37,"R",0,"R",163,"R",29,"R",0,"R",90,"R",55,"A",,"A",,"A",,"A",,"A",,"A",,"A",,"A",,"A",,"A",,"A",,"A",,"A",
180276,"A",,"A",,"A",,"A",,"A",,"A",,"A",,"A",,"A",,"A",,"A",,"A",,"A",,"R",155,"R",0,"R",155,"R",41,"R",26,"R",50,"R",32,"R",0,"R",155,"R",9,"R",12,"R",59,"R",38
180328,"A",,"A",,"A",,"A",,"A",,"A",,"A",,"A",,"A",,"A",,"A",,"A",,"A",,"R",76,"R",0,"R",76,"R",5,"R",7,"R",5,"R",7,"R",0,"R",76,"R",2,"R",4,"R",7,"R",9
180373,"A",,"A",,"A",,"A",,"A",,"A",,"A",,"A",,"A",,"A",,"A",,"A",,"A",,"R",136,"R",0,"R",136,"R",57,"R",42,"R",70,"R",51,"R",0,"R",136,"R",4,"R",0,"R",74,"R",54
180416,"R",287,"R",1,"R",286,"R",102,"R",36,"R",164,"R",57,"R",0,"R",286,"R",5,"R",1,"R",169,"R",59,"A",,"A",,"A",,"A",,"A",,"A",,"A",,"A",,"A",,"A",,"A",,"A",,"A",
180461,"R",2503,"R",4,"R",2499,"R",776,"R",31,"R",1350,"R",54,"R",0,"R",2499,"R",57,"R",29,"R",1407,"R",56,"A",,"A",,"A",,"A",,"A",,"A",,"A",,"A",,"A",,"A",,"A",,"A",,"A",
180489,"R",1301,"R",3,"R",1298,"R",423,"R",33,"R",631,"R",49,"R",0,"R",1298,"R",26,"R",7,"R",657,"R",51,"A",,"A",,"A",,"A",,"A",,"A",,"A",,"A",,"A",,"A",,"A",,"A",,"A",
180522,"R",80,"R",0,"R",80,"R",19,"R",24,"R",28,"R",35,"R",0,"R",80,"R",3,"R",0,"R",31,"R",39,"A",,"A",,"A",,"A",,"A",,"A",,"A",,"A",,"A",,"A",,"A",,"A",,"A",
180595,"R",239,"R",0,"R",239,"R",97,"R",41,"R",124,"R",52,"R",0,"R",239,"R",2,"R",0,"R",126,"R",53,"A",,"A",,"A",,"A",,"A",,"A",,"A",,"A",,"A",,"A",,"A",,"A",,"A",
180647,"R",48,"R",3,"R",45,"R",12,"R",27,"R",15,"R",33,"R",0,"R",45,"R",6,"R",3,"R",21,"R",47,"A",,"A",,"A",,"A",,"A",,"A",,"A",,"A",,"A",,"A",,"A",,"A",,"A",
180692,"R",200,"R",0,"R",200,"R",48,"R",24,"R",77,"R",39,"R",0,"R",200,"R",4,"R",0,"R",81,"R",41,"A",,"A",,"A",,"A",,"A",,"A",,"A",,"A",,"A",,"A",,"A",,"A",,"A",
180814,"R",53,"R",0,"R",53,"R",10,"R",19,"R",12,"R",23,"Z",0,"R",53,"R",2,"R",0,"R",14,"R",26,"A",,"A",,"A",,"A",,"A",,"A",,"A",,"A",,"A",,"A",,"A",,"A",,"A",
180832,"R",25,"R",0,"R",25,"R",15,"R",60,"R",17,"R",68,"Z",0,"R",25,"R",0,"Z",0,"R",17,"R",68,"A",,"A",,"A",,"A",,"A",,"A",,"A",,"A",,"A",,"A",,"A",,"A",,"A",
180878,"R",43,"R",0,"R",43,"R",30,"R",70,"R",30,"R",70,"Z",0,"R",43,"R",0,"Z",0,"R",30,"R",70,"A",,"A",,"A",,"A",,"A",,"A",,"A",,"A",,"A",,"A",,"A",,"A",,"A",
180902,"A",,"A",,"A",,"A",,"A",,"A",,"A",,"A",,"A",,"A",,"A",,"A",,"A",,"R",645,"R",1,"R",644,"R",198,"R",31,"R",274,"R",43,"R",1,"R",643,"R",20,"R",33,"R",294,"R",46
180948,"R",413,"R",0,"R",413,"R",100,"R",24,"R",160,"R",39,"R",0,"R",413,"R",6,"R",6,"R",166,"R",40,"A",,"A",,"A",,"A",,"A",,"A",,"A",,"A",,"A",,"A",,"A",,"A",,"A",
180957,"A",,"A",,"A",,"A",,"A",,"A",,"A",,"A",,"A",,"A",,"A",,"A",,"A",,"R",51,"R",0,"R",51,"R",1,"R",2,"R",34,"R",67,"Z",0,"R",51,"R",0,"Z",0,"R",34,"R",67
180984,"R",347,"R",0,"R",347,"R",164,"R",47,"R",202,"R",58,"R",0,"R",347,"R",4,"R",0,"R",206,"R",59,"A",,"A",,"A",,"A",,"A",,"A",,"A",,"A",,"A",,"A",,"A",,"A",,"A",
181002,"R",1041,"R",0,"R",1041,"R",725,"R",70,"R",816,"R",78,"R",0,"R",1041,"R",5,"R",2,"R",821,"R",79,"A",,"A",,"A",,"A",,"A",,"A",,"A",,"A",,"A",,"A",,"A",,"A",,"A",
181020,"R",330,"R",0,"R",330,"R",177,"R",54,"R",194,"R",59,"R",0,"R",330,"R",1,"R",0,"R",195,"R",59,"A",,"A",,"A",,"A",,"A",,"A",,"A",,"A",,"A",,"A",,"A",,"A",,"A",
181127,"R",293,"R",0,"R",293,"R",123,"R",42,"R",145,"R",49,"Z",0,"R",293,"R",0,"Z",0,"R",145,"R",49,"A",,"A",,"A",,"A",,"A",,"A",,"A",,"A",,"A",,"A",,"A",,"A",,"A",
181190,"A",,"A",,"A",,"A",,"A",,"A",,"A",,"A",,"A",,"A",,"A",,"A",,"A",,"R",51,"R",0,"R",51,"R",31,"R",61,"R",31,"R",61,"Z",0,"R",51,"R",0,"Z",0,"R",31,"R",61
181215,"R",768,"R",1,"R",767,"R",245,"R",32,"R",436,"R",57,"R",0,"R",767,"R",12,"R",9,"R",448,"R",58,"A",,"A",,"A",,"A",,"A",,"A",,"A",,"A",,"A",,"A",,"A",,"A",,"A",
181297,"R",22,"R",0,"R",22,"R",7,"R",32,"R",16,"R",73,"Z",0,"R",22,"R",0,"Z",0,"R",16,"R",73,"A",,"A",,"A",,"A",,"A",,"A",,"A",,"A",,"A",,"A",,"A",,"A",,"A",
181303,"A",,"A",,"A",,"A",,"A",,"A",,"A",,"A",,"A",,"A",,"A",,"A",,"A",,"R",665,"R",1,"R",664,"R",168,"R",25,"R",168,"R",25,"R",0,"R",664,"R",33,"R",46,"R",201,"R",30
181312,"A",,"A",,"A",,"A",,"A",,"A",,"A",,"A",,"A",,"A",,"A",,"A",,"A",,"R",331,"R",0,"R",331,"R",126,"R",38,"R",149,"R",45,"R",0,"R",331,"R",23,"R",8,"R",172,"R",52
181330,"R",310,"R",1,"R",309,"R",121,"R",39,"R",139,"R",45,"R",0,"R",309,"R",1,"R",0,"R",140,"R",45,"A",,"A",,"A",,"A",,"A",,"A",,"A",,"A",,"A",,"A",,"A",,"A",,"A",
181394,"R",1510,"R",0,"R",1510,"R",372,"R",25,"R",786,"R",52,"R",0,"R",1510,"R",57,"R",11,"R",843,"R",56,"A",,"A",,"A",,"A",,"A",,"A",,"A",,"A",,"A",,"A",,"A",,"A",,"A",
181446,"R",439,"R",0,"R",439,"R",257,"R",59,"R",289,"R",66,"R",0,"R",439,"R",2,"R",1,"R",291,"R",66,"A",,"A",,"A",,"A",,"A",,"A",,"A",,"A",,"A",,"A",,"A",,"A",,"A",
181464,"R",4109,"R",1,"R",4108,"R",1886,"R",46,"R",2726,"R",66,"R",0,"R",4108,"R",42,"R",17,"R",2768,"R",67,"A",,"A",,"A",,"A",,"A",,"A",,"A",,"A",,"A",,"A",,"A",,"A",,"A",
181491,"A",,"A",,"A",,"A",,"A",,"A",,"A",,"A",,"A",,"A",,"A",,"A",,"A",,"R",888,"R",1,"R",887,"R",350,"R",39,"R",450,"R",51,"R",0,"R",887,"R",21,"R",18,"R",471,"R",53
181534,"R",248,"R",0,"R",248,"R",59,"R",24,"R",97,"R",39,"R",0,"R",248,"R",1,"R",1,"R",98,"R",40,"A",,"A",,"A",,"A",,"A",,"A",,"A",,"A",,"A",,"A",,"A",,"A",,"A",
181543,"R",1,"R",0,"R",1,"Z",0,"R",0,"R",1,"R",100,"Z",0,"R",1,"R",0,"Z",0,"R",1,"R",100,"A",,"A",,"A",,"A",,"A",,"A",,"A",,"A",,"A",,"A",,"A",,"A",,"A",
181604,"R",74,"R",0,"R",74,"R",36,"R",49,"R",43,"R",58,"Z",0,"R",74,"R",0,"R",0,"R",43,"R",58,"A",,"A",,"A",,"A",,"A",,"A",,"A",,"A",,"A",,"A",,"A",,"A",,"A",
181640,"A",,"A",,"A",,"A",,"A",,"A",,"A",,"A",,"A",,"A",,"A",,"A",,"A",,"R",1155,"R",0,"R",1155,"R",12,"R",1,"R",356,"R",31,"R",0,"R",1155,"R",24,"R",68,"R",380,"R",33
181738,"R",153,"R",0,"R",153,"R",56,"R",37,"R",88,"R",58,"R",0,"R",153,"R",2,"R",0,"R",90,"R",59,"A",,"A",,"A",,"A",,"A",,"A",,"A",,"A",,"A",,"A",,"A",,"A",,"A",
181765,"A",,"A",,"A",,"A",,"A",,"A",,"A",,"A",,"A",,"A",,"A",,"A",,"A",,"R",82,"R",0,"R",82,"R",27,"R",33,"R",35,"R",43,"Z",0,"R",82,"R",0,"Z",0,"R",35,"R",43
181783,"R",630,"R",0,"R",630,"R",202,"R",32,"R",315,"R",50,"R",0,"R",630,"R",7,"R",2,"R",322,"R",51,"A",,"A",,"A",,"A",,"A",,"A",,"A",,"A",,"A",,"A",,"A",,"A",,"A",
181817,"A",,"A",,"A",,"A",,"A",,"A",,"A",,"A",,"A",,"A",,"A",,"A",,"A",,"R",298,"R",0,"R",298,"R",100,"R",34,"R",100,"R",34,"R",0,"R",298,"R",10,"R",0,"R",110,"R",37
181853,"R",108,"R",0,"R",108,"R",28,"R",26,"R",37,"R",34,"Z",0,"R",108,"R",0,"Z",0,"R",37,"R",34,"A",,"A",,"A",,"A",,"A",,"A",,"A",,"A",,"A",,"A",,"A",,"A",,"A",
181880,"A",,"A",,"A",,"A",,"A",,"A",,"A",,"A",,"A",,"A",,"A",,"A",,"A",,"R",206,"R",0,"R",206,"R",69,"R",33,"R",148,"R",72,"R",0,"R",206,"R",0,"R",0,"R",148,"R",72
181941,"A",,"A",,"A",,"A",,"A",,"A",,"A",,"A",,"A",,"A",,"A",,"A",,"A",,"R",172,"R",0,"R",172,"R",67,"R",39,"R",83,"R",48,"R",0,"R",172,"R",1,"R",0,"R",84,"R",49
182281,"R",3658,"R",4,"R",3654,"R",708,"R",19,"R",1723,"R",47,"R",1,"R",3653,"R",196,"R",98,"R",1919,"R",53,"A",,"A",,"A",,"A",,"A",,"A",,"A",,"A",,"A",,"A",,"A",,"A",,"A",
182290,"R",3818,"R",21,"R",3797,"R",1511,"R",40,"R",2380,"R",63,"R",2,"R",3795,"R",95,"R",48,"R",2475,"R",65,"A",,"A",,"A",,"A",,"A",,"A",,"A",,"A",,"A",,"A",,"A",,"A",,"A",
182306,"R",49,"R",0,"R",49,"R",1,"R",2,"R",2,"R",4,"R",0,"R",49,"R",0,"R",0,"R",2,"R",4,"A",,"A",,"A",,"A",,"A",,"A",,"A",,"A",,"A",,"A",,"A",,"A",,"A",
182634,"R",268,"R",0,"R",268,"R",150,"R",56,"R",164,"R",61,"R",0,"R",268,"R",6,"R",0,"R",170,"R",63,"A",,"A",,"A",,"A",,"A",,"A",,"A",,"A",,"A",,"A",,"A",,"A",,"A",
182670,"R",1112,"R",1,"R",1111,"R",952,"R",86,"R",1047,"R",94,"R",1,"R",1110,"R",12,"R",4,"R",1059,"R",95,"A",,"A",,"A",,"A",,"A",,"A",,"A",,"A",,"A",,"A",,"A",,"A",,"A",
182704,"A",,"A",,"A",,"A",,"A",,"A",,"A",,"A",,"A",,"A",,"A",,"A",,"A",,"R",1,"R",0,"R",1,"R",0,"R",0,"R",1,"R",100,"Z",0,"R",1,"R",0,"Z",0,"R",1,"R",100
182722,"A",,"A",,"A",,"A",,"A",,"A",,"A",,"A",,"A",,"A",,"A",,"A",,"A",,"R",32,"R",0,"R",32,"R",4,"R",13,"R",21,"R",66,"Z",0,"R",32,"R",0,"Z",0,"R",21,"R",66
182795,"R",424,"R",0,"R",424,"R",70,"R",17,"R",175,"R",41,"R",0,"R",424,"R",0,"R",0,"R",175,"R",41,"A",,"A",,"A",,"A",,"A",,"A",,"A",,"A",,"A",,"A",,"A",,"A",,"A",
182892,"A",,"A",,"A",,"A",,"A",,"A",,"A",,"A",,"A",,"A",,"A",,"A",,"A",,"R",15,"R",0,"R",15,"R",5,"R",33,"R",6,"R",40,"Z",0,"R",15,"R",0,"Z",0,"R",6,"R",40
182917,"R",34,"R",0,"R",34,"R",19,"R",56,"R",20,"R",59,"Z",0,"R",34,"R",0,"Z",0,"R",20,"R",59,"A",,"A",,"A",,"A",,"A",,"A",,"A",,"A",,"A",,"A",,"A",,"A",,"A",
182980,"R",453,"R",0,"R",453,"R",92,"R",20,"R",99,"R",22,"R",0,"R",453,"R",2,"R",2,"R",101,"R",22,"A",,"A",,"A",,"A",,"A",,"A",,"A",,"A",,"A",,"A",,"A",,"A",,"A",
183026,"R",1666,"R",0,"R",1666,"R",515,"R",31,"R",609,"R",37,"R",0,"R",1666,"R",23,"R",25,"R",632,"R",38,"A",,"A",,"A",,"A",,"A",,"A",,"A",,"A",,"A",,"A",,"A",,"A",,"A",
183035,"A",,"A",,"A",,"A",,"A",,"A",,"A",,"A",,"A",,"A",,"A",,"A",,"A",,"R",8,"R",0,"R",8,"R",2,"R",25,"R",8,"R",100,"Z",0,"R",8,"R",0,"Z",0,"R",8,"R",100
183044,"R",3116,"R",0,"R",3116,"R",2168,"R",70,"R",2427,"R",78,"Z",0,"R",3116,"R",15,"R",4,"R",2442,"R",78,"A",,"A",,"A",,"A",,"A",,"A",,"A",,"A",,"A",,"A",,"A",,"A",,"A",
183062,"R",918,"R",5,"R",913,"R",494,"R",54,"R",547,"R",60,"R",0,"R",913,"R",3,"R",1,"R",550,"R",60,"A",,"A",,"A",,"A",,"A",,"A",,"A",,"A",,"A",,"A",,"A",,"A",,"A",
183071,"R",42,"R",0,"R",42,"R",21,"R",50,"R",27,"R",64,"Z",0,"R",42,"R",0,"Z",0,"R",27,"R",64,"A",,"A",,"A",,"A",,"A",,"A",,"A",,"A",,"A",,"A",,"A",,"A",,"A",
183080,"R",1343,"R",0,"R",1343,"R",618,"R",46,"R",716,"R",53,"Z",0,"R",1343,"R",12,"Z",0,"R",728,"R",54,"A",,"A",,"A",,"A",,"A",,"A",,"A",,"A",,"A",,"A",,"A",,"A",,"A",
183099,"A",,"A",,"A",,"A",,"A",,"A",,"A",,"A",,"A",,"A",,"A",,"A",,"A",,"R",505,"R",2,"R",503,"R",91,"R",18,"R",153,"R",30,"Z",0,"R",503,"R",25,"R",25,"R",178,"R",35
183105,"A",,"A",,"A",,"A",,"A",,"A",,"A",,"A",,"A",,"A",,"A",,"A",,"A",,"R",129,"R",0,"R",129,"R",62,"R",48,"R",68,"R",53,"R",0,"R",129,"R",4,"R",3,"R",72,"R",56
183114,"A",,"A",,"A",,"A",,"A",,"A",,"A",,"A",,"A",,"A",,"A",,"A",,"A",,"R",49,"R",0,"R",49,"R",12,"R",24,"R",17,"R",35,"Z",0,"R",49,"R",4,"R",4,"R",21,"R",43
183123,"A",,"A",,"A",,"A",,"A",,"A",,"A",,"A",,"A",,"A",,"A",,"A",,"A",,"R",138,"R",0,"R",138,"R",35,"R",25,"R",47,"R",34,"R",0,"R",138,"R",2,"R",4,"R",49,"R",36
183132,"A",,"A",,"A",,"A",,"A",,"A",,"A",,"A",,"A",,"A",,"A",,"A",,"A",,"R",294,"R",0,"R",294,"R",79,"R",27,"R",110,"R",37,"R",0,"R",294,"R",10,"R",12,"R",120,"R",41
183141,"A",,"A",,"A",,"A",,"A",,"A",,"A",,"A",,"A",,"A",,"A",,"A",,"A",,"R",188,"R",0,"R",188,"R",60,"R",32,"R",75,"R",40,"R",0,"R",188,"R",11,"R",6,"R",86,"R",46
183150,"A",,"A",,"A",,"A",,"A",,"A",,"A",,"A",,"A",,"A",,"A",,"A",,"A",,"R",243,"R",0,"R",243,"R",29,"R",12,"R",58,"R",24,"Z",0,"R",243,"R",17,"R",18,"R",75,"R",31
183202,"A",,"A",,"A",,"A",,"A",,"A",,"A",,"A",,"A",,"A",,"A",,"A",,"A",,"R",20,"R",0,"R",20,"R",1,"R",5,"R",13,"R",65,"Z",0,"R",20,"R",0,"Z",0,"R",13,"R",65
183211,"R",180,"R",1,"R",179,"R",88,"R",49,"R",106,"R",59,"R",0,"R",179,"R",4,"R",0,"R",110,"R",61,"A",,"A",,"A",,"A",,"A",,"A",,"A",,"A",,"A",,"A",,"A",,"A",,"A",
183239,"R",528,"R",0,"R",528,"R",388,"R",73,"R",409,"R",77,"Z",0,"R",528,"R",0,"Z",0,"R",409,"R",77,"A",,"A",,"A",,"A",,"A",,"A",,"A",,"A",,"A",,"A",,"A",,"A",,"A",
183257,"R",33,"R",0,"R",33,"R",1,"R",3,"R",5,"R",15,"Z",0,"R",33,"R",0,"Z",0,"R",5,"R",15,"A",,"A",,"A",,"A",,"A",,"A",,"A",,"A",,"A",,"A",,"A",,"A",,"A",
183275,"R",10,"R",0,"R",10,"R",9,"R",90,"R",9,"R",90,"Z",0,"R",10,"R",0,"Z",0,"R",9,"R",90,"A",,"A",,"A",,"A",,"A",,"A",,"A",,"A",,"A",,"A",,"A",,"A",,"A",
183600,"A",,"A",,"A",,"A",,"A",,"A",,"A",,"A",,"A",,"A",,"A",,"A",,"A",,"R",7,"R",0,"R",7,"R",7,"R",100,"R",7,"R",100,"Z",0,"R",7,"R",0,"Z",0,"R",7,"R",100
183655,"A",,"A",,"A",,"A",,"A",,"A",,"A",,"A",,"A",,"A",,"A",,"A",,"A",,"R",838,"R",0,"R",838,"R",81,"R",10,"R",195,"R",23,"Z",0,"R",838,"R",46,"R",65,"R",241,"R",29
183725,"A",,"A",,"A",,"A",,"A",,"A",,"A",,"A",,"A",,"A",,"A",,"A",,"A",,"R",191,"R",0,"R",191,"R",22,"R",12,"R",72,"R",38,"Z",0,"R",191,"R",0,"Z",0,"R",72,"R",38
183743,"A",,"A",,"A",,"A",,"A",,"A",,"A",,"A",,"A",,"A",,"A",,"A",,"A",,"R",1963,"R",0,"R",1963,"R",193,"R",10,"R",491,"R",25,"R",0,"R",1963,"R",121,"R",208,"R",612,"R",31
183789,"R",165,"R",0,"R",165,"R",52,"R",32,"R",61,"R",37,"R",0,"R",165,"R",7,"R",13,"R",68,"R",41,"A",,"A",,"A",,"A",,"A",,"A",,"A",,"A",,"A",,"A",,"A",,"A",,"A",
183822,"R",428,"R",0,"R",428,"R",94,"R",22,"R",161,"R",38,"R",0,"R",428,"R",9,"R",2,"R",170,"R",40,"A",,"A",,"A",,"A",,"A",,"A",,"A",,"A",,"A",,"A",,"A",,"A",,"A",
183859,"A",,"A",,"A",,"A",,"A",,"A",,"A",,"A",,"A",,"A",,"A",,"A",,"A",,"R",1729,"R",0,"R",1729,"R",252,"R",15,"R",495,"R",29,"R",0,"R",1729,"R",100,"R",170,"R",595,"R",34
183877,"A",,"A",,"A",,"A",,"A",,"A",,"A",,"A",,"A",,"A",,"A",,"A",,"A",,"R",1512,"R",0,"R",1512,"R",218,"R",14,"R",443,"R",29,"R",0,"R",1512,"R",28,"R",102,"R",471,"R",31
183910,"R",332,"R",0,"R",332,"R",164,"R",49,"R",196,"R",59,"R",0,"R",332,"R",2,"R",0,"R",198,"R",60,"A",,"A",,"A",,"A",,"A",,"A",,"A",,"A",,"A",,"A",,"A",,"A",,"A",
183938,"A",,"A",,"A",,"A",,"A",,"A",,"A",,"A",,"A",,"A",,"A",,"A",,"A",,"R",1158,"R",0,"R",1158,"R",132,"R",11,"R",250,"R",22,"R",0,"R",1158,"R",73,"R",212,"R",323,"R",28
183974,"R",225,"R",0,"R",225,"R",132,"R",59,"R",154,"R",68,"R",0,"R",225,"R",0,"R",0,"R",154,"R",68,"A",,"A",,"A",,"A",,"A",,"A",,"A",,"A",,"A",,"A",,"A",,"A",,"A",
183983,"A",,"A",,"A",,"A",,"A",,"A",,"A",,"A",,"A",,"A",,"A",,"A",,"A",,"R",130,"R",0,"R",130,"R",109,"R",84,"R",109,"R",84,"Z",0,"R",130,"R",0,"Z",0,"R",109,"R",84
184056,"A",,"A",,"A",,"A",,"A",,"A",,"A",,"A",,"A",,"A",,"A",,"A",,"A",,"R",464,"R",0,"R",464,"R",37,"R",8,"R",225,"R",48,"R",0,"R",464,"R",13,"R",0,"R",238,"R",51
184092,"A",,"A",,"A",,"A",,"A",,"A",,"A",,"A",,"A",,"A",,"A",,"A",,"A",,"R",308,"R",0,"R",308,"R",95,"R",31,"R",149,"R",48,"Z",0,"R",308,"R",0,"Z",0,"R",149,"R",48
184180,"A",,"A",,"A",,"A",,"A",,"A",,"A",,"A",,"A",,"A",,"A",,"A",,"A",,"R",1037,"R",0,"R",1037,"R",186,"R",18,"R",340,"R",33,"R",0,"R",1037,"R",85,"R",112,"R",425,"R",41
184205,"A",,"A",,"A",,"A",,"A",,"A",,"A",,"A",,"A",,"A",,"A",,"A",,"A",,"R",563,"R",1,"R",562,"R",105,"R",19,"R",164,"R",29,"R",0,"R",562,"R",22,"R",30,"R",186,"R",33
184348,"R",356,"R",0,"R",356,"R",242,"R",68,"R",263,"R",74,"R",0,"R",356,"R",2,"R",1,"R",265,"R",74,"A",,"A",,"A",,"A",,"A",,"A",,"A",,"A",,"A",,"A",,"A",,"A",,"A",
184427,"A",,"A",,"A",,"A",,"A",,"A",,"A",,"A",,"A",,"A",,"A",,"A",,"A",,"R",233,"R",0,"R",233,"R",124,"R",53,"R",171,"R",73,"R",0,"R",233,"R",0,"R",0,"R",171,"R",73
184481,"A",,"A",,"A",,"A",,"A",,"A",,"A",,"A",,"A",,"A",,"A",,"A",,"A",,"R",1248,"R",0,"R",1248,"R",69,"R",6,"R",211,"R",17,"R",0,"R",1248,"R",70,"R",105,"R",281,"R",23
184506,"A",,"A",,"A",,"A",,"A",,"A",,"A",,"A",,"A",,"A",,"A",,"A",,"A",,"R",46,"R",0,"R",46,"R",1,"R",2,"R",23,"R",50,"R",0,"R",46,"R",0,"R",0,"R",23,"R",50
184603,"R",410,"R",0,"R",410,"R",155,"R",38,"R",218,"R",53,"R",0,"R",410,"R",6,"R",2,"R",224,"R",55,"A",,"A",,"A",,"A",,"A",,"A",,"A",,"A",,"A",,"A",,"A",,"A",,"A",
184612,"R",296,"R",0,"R",296,"R",82,"R",28,"R",153,"R",52,"R",0,"R",296,"R",8,"R",0,"R",161,"R",54,"A",,"A",,"A",,"A",,"A",,"A",,"A",,"A",,"A",,"A",,"A",,"A",,"A",
184694,"R",692,"R",0,"R",692,"R",369,"R",53,"R",429,"R",62,"R",0,"R",692,"R",6,"R",0,"R",435,"R",63,"A",,"A",,"A",,"A",,"A",,"A",,"A",,"A",,"A",,"A",,"A",,"A",,"A",
184746,"A",,"A",,"A",,"A",,"A",,"A",,"A",,"A",,"A",,"A",,"A",,"A",,"A",,"R",183,"R",1,"R",182,"R",159,"R",87,"R",159,"R",87,"Z",0,"R",182,"R",0,"Z",0,"R",159,"R",87
184773,"R",149,"R",0,"R",149,"R",65,"R",44,"R",87,"R",58,"R",0,"R",149,"R",1,"R",1,"R",88,"R",59,"A",,"A",,"A",,"A",,"A",,"A",,"A",,"A",,"A",,"A",,"A",,"A",,"A",
184782,"R",2219,"R",3,"R",2216,"R",1030,"R",46,"R",1519,"R",69,"R",0,"R",2216,"R",50,"R",20,"R",1569,"R",71,"A",,"A",,"A",,"A",,"A",,"A",,"A",,"A",,"A",,"A",,"A",,"A",,"A",
184791,"A",,"A",,"A",,"A",,"A",,"A",,"A",,"A",,"A",,"A",,"A",,"A",,"A",,"R",1598,"R",1,"R",1597,"R",310,"R",19,"R",506,"R",32,"R",1,"R",1596,"R",67,"R",90,"R",573,"R",36
184816,"A",,"A",,"A",,"A",,"A",,"A",,"A",,"A",,"A",,"A",,"A",,"A",,"A",,"R",46,"R",0,"R",46,"R",0,"R",0,"R",11,"R",24,"R",0,"R",46,"R",0,"R",0,"R",11,"R",24
184959,"R",1,"R",0,"R",1,"R",1,"R",100,"R",1,"R",100,"Z",0,"R",1,"R",0,"Z",0,"R",1,"R",100,"A",,"A",,"A",,"A",,"A",,"A",,"A",,"A",,"A",,"A",,"A",,"A",,"A",
184995,"A",,"A",,"A",,"A",,"A",,"A",,"A",,"A",,"A",,"A",,"A",,"A",,"A",,"R",1600,"R",0,"R",1600,"R",105,"R",7,"R",278,"R",17,"R",0,"R",1600,"R",91,"R",171,"R",369,"R",23
185129,"R",787,"R",0,"R",787,"R",137,"R",17,"R",307,"R",39,"R",0,"R",787,"R",27,"R",9,"R",334,"R",42,"A",,"A",,"A",,"A",,"A",,"A",,"A",,"A",,"A",,"A",,"A",,"A",,"A",
185262,"R",1490,"R",0,"R",1490,"R",359,"R",24,"R",711,"R",48,"R",0,"R",1490,"R",43,"R",11,"R",754,"R",51,"A",,"A",,"A",,"A",,"A",,"A",,"A",,"A",,"A",,"A",,"A",,"A",,"A",
185396,"A",,"A",,"A",,"A",,"A",,"A",,"A",,"A",,"A",,"A",,"A",,"A",,"A",,"R",1151,"R",0,"R",1151,"R",615,"R",53,"R",741,"R",64,"R",0,"R",1151,"R",5,"R",0,"R",746,"R",65
185466,"A",,"A",,"A",,"A",,"A",,"A",,"A",,"A",,"A",,"A",,"A",,"A",,"A",,"R",141,"R",0,"R",141,"R",77,"R",55,"R",123,"R",87,"R",0,"R",141,"R",0,"R",0,"R",123,"R",87
185509,"A",,"A",,"A",,"A",,"A",,"A",,"A",,"A",,"A",,"A",,"A",,"A",,"A",,"R",853,"R",0,"R",853,"R",63,"R",7,"R",148,"R",17,"R",0,"R",853,"R",43,"Z",0,"R",191,"R",22
185536,"A",,"A",,"A",,"A",,"A",,"A",,"A",,"A",,"A",,"A",,"A",,"A",,"A",,"R",1977,"R",0,"R",1977,"R",299,"R",15,"R",526,"R",27,"R",0,"R",1977,"R",102,"R",170,"R",628,"R",32
185572,"R",1128,"R",0,"R",1128,"R",666,"R",59,"R",781,"R",69,"R",0,"R",1128,"R",4,"R",1,"R",785,"R",70,"A",,"A",,"A",,"A",,"A",,"A",,"A",,"A",,"A",,"A",,"A",,"A",,"A",
185590,"R",3097,"R",0,"R",3097,"R",1471,"R",47,"R",2085,"R",67,"R",1,"R",3096,"R",50,"R",20,"R",2135,"R",69,"A",,"A",,"A",,"A",,"A",,"A",,"A",,"A",,"A",,"A",,"A",,"A",,"A",
185679,"A",,"A",,"A",,"A",,"A",,"A",,"A",,"A",,"A",,"A",,"A",,"A",,"A",,"R",3,"R",0,"R",3,"R",2,"R",67,"R",2,"R",67,"R",0,"R",3,"R",1,"R",0,"R",3,"R",100
185721,"A",,"A",,"A",,"A",,"A",,"A",,"A",,"A",,"A",,"A",,"A",,"A",,"A",,"R",122,"R",0,"R",122,"R",69,"R",57,"R",69,"R",57,"R",0,"R",122,"R",1,"R",1,"R",70,"R",57
185767,"A",,"A",,"A",,"A",,"A",,"A",,"A",,"A",,"A",,"A",,"A",,"A",,"A",,"R",6,"R",0,"R",6,"R",1,"R",17,"R",3,"R",50,"Z",0,"R",6,"R",0,"Z",0,"R",3,"R",50
185828,"R",984,"R",7,"R",977,"R",376,"R",38,"R",720,"R",74,"R",1,"R",976,"R",38,"R",48,"R",758,"R",78,"A",,"A",,"A",,"A",,"A",,"A",,"A",,"A",,"A",,"A",,"A",,"A",,"A",
185873,"A",,"A",,"A",,"A",,"A",,"A",,"A",,"A",,"A",,"A",,"A",,"A",,"A",,"R",1630,"R",0,"R",1630,"R",427,"R",26,"R",646,"R",40,"R",0,"R",1630,"R",75,"R",110,"R",721,"R",44
185970,"A",,"A",,"A",,"A",,"A",,"A",,"A",,"A",,"A",,"A",,"A",,"A",,"A",,"R",23,"R",0,"R",23,"R",1,"R",4,"R",16,"R",70,"Z",0,"R",23,"R",0,"Z",0,"R",16,"R",70
186016,"A",,"A",,"A",,"A",,"A",,"A",,"A",,"A",,"A",,"A",,"A",,"A",,"A",,"R",73,"R",0,"R",73,"R",4,"R",5,"R",53,"R",73,"Z",0,"R",73,"R",0,"Z",0,"R",53,"R",73
186034,"A",,"A",,"A",,"A",,"A",,"A",,"A",,"A",,"A",,"A",,"A",,"A",,"A",,"R",617,"R",0,"R",617,"R",32,"R",5,"R",81,"R",13,"Z",0,"R",617,"R",29,"R",79,"R",110,"R",18
186052,"A",,"A",,"A",,"A",,"A",,"A",,"A",,"A",,"A",,"A",,"A",,"A",,"A",,"R",339,"R",2,"R",337,"R",10,"R",3,"R",208,"R",62,"Z",0,"R",337,"R",0,"Z",0,"R",208,"R",62
186131,"R",1318,"R",2,"R",1316,"R",1178,"R",90,"R",1284,"R",98,"Z",0,"R",1316,"R",6,"R",1,"R",1290,"R",98,"A",,"A",,"A",,"A",,"A",,"A",,"A",,"A",,"A",,"A",,"A",,"A",,"A",
186186,"R",41,"R",0,"R",41,"R",1,"R",2,"R",5,"R",12,"Z",0,"R",41,"R",0,"Z",0,"R",5,"R",12,"A",,"A",,"A",,"A",,"A",,"A",,"A",,"A",,"A",,"A",,"A",,"A",,"A",
186201,"R",928,"R",1,"R",927,"R",539,"R",58,"R",665,"R",72,"R",0,"R",927,"R",5,"R",4,"R",670,"R",72,"A",,"A",,"A",,"A",,"A",,"A",,"A",,"A",,"A",,"A",,"A",,"A",,"A",
186274,"A",,"A",,"A",,"A",,"A",,"A",,"A",,"A",,"A",,"A",,"A",,"A",,"A",,"R",25,"R",0,"R",25,"R",4,"R",16,"R",15,"R",60,"Z",0,"R",25,"R",0,"Z",0,"R",15,"R",60
186283,"R",861,"R",0,"R",861,"R",466,"R",54,"R",524,"R",61,"R",0,"R",861,"R",3,"R",4,"R",527,"R",61,"A",,"A",,"A",,"A",,"A",,"A",,"A",,"A",,"A",,"A",,"A",,"A",,"A",
186371,"R",422,"R",0,"R",422,"R",181,"R",43,"R",299,"R",71,"R",0,"R",422,"R",10,"R",6,"R",309,"R",73,"A",,"A",,"A",,"A",,"A",,"A",,"A",,"A",,"A",,"A",,"A",,"A",,"A",
186380,"R",6387,"R",1,"R",6386,"R",4322,"R",68,"R",5350,"R",84,"R",0,"R",6386,"R",68,"R",30,"R",5418,"R",85,"A",,"A",,"A",,"A",,"A",,"A",,"A",,"A",,"A",,"A",,"A",,"A",,"A",
186399,"R",1192,"R",1,"R",1191,"R",420,"R",35,"R",773,"R",65,"R",0,"R",1191,"R",23,"R",9,"R",796,"R",67,"A",,"A",,"A",,"A",,"A",,"A",,"A",,"A",,"A",,"A",,"A",,"A",,"A",
186432,"R",567,"R",0,"R",567,"R",266,"R",47,"R",330,"R",58,"R",0,"R",567,"R",6,"R",1,"R",336,"R",59,"A",,"A",,"A",,"A",,"A",,"A",,"A",,"A",,"A",,"A",,"A",,"A",,"A",
186469,"A",,"A",,"A",,"A",,"A",,"A",,"A",,"A",,"A",,"A",,"A",,"A",,"A",,"R",221,"R",0,"R",221,"R",63,"R",29,"R",89,"R",40,"R",0,"R",221,"R",8,"R",6,"R",97,"R",44
186584,"R",1404,"R",0,"R",1404,"R",925,"R",66,"R",1010,"R",72,"R",0,"R",1404,"R",5,"R",1,"R",1015,"R",72,"A",,"A",,"A",,"A",,"A",,"A",,"A",,"A",,"A",,"A",,"A",,"A",,"A",
186593,"A",,"A",,"A",,"A",,"A",,"A",,"A",,"A",,"A",,"A",,"A",,"A",,"A",,"R",36,"R",0,"R",36,"R",0,"R",0,"R",18,"R",50,"Z",0,"R",36,"R",0,"Z",0,"R",18,"R",50
186618,"R",101,"R",0,"R",101,"R",29,"R",29,"R",39,"R",39,"R",0,"R",101,"R",1,"R",0,"R",40,"R",40,"A",,"A",,"A",,"A",,"A",,"A",,"A",,"A",,"A",,"A",,"A",,"A",,"A",
186645,"A",,"A",,"A",,"A",,"A",,"A",,"A",,"A",,"A",,"A",,"A",,"A",,"A",,"R",1143,"R",0,"R",1143,"R",210,"R",18,"R",368,"R",32,"R",0,"R",1143,"R",51,"R",119,"R",419,"R",37
186867,"R",684,"R",0,"R",684,"R",429,"R",63,"R",597,"R",87,"Z",0,"R",684,"R",1,"R",2,"R",598,"R",87,"A",,"A",,"A",,"A",,"A",,"A",,"A",,"A",,"A",,"A",,"A",,"A",,"A",
186876,"R",1151,"R",8,"R",1143,"R",689,"R",60,"R",871,"R",76,"R",0,"R",1143,"R",8,"R",0,"R",879,"R",77,"A",,"A",,"A",,"A",,"A",,"A",,"A",,"A",,"A",,"A",,"A",,"A",,"A",
186900,"R",17,"R",0,"R",17,"Z",0,"R",0,"R",1,"R",6,"Z",0,"R",17,"R",0,"Z",0,"R",1,"R",6,"A",,"A",,"A",,"A",,"A",,"A",,"A",,"A",,"A",,"A",,"A",,"A",,"A",
187000,"A",,"A",,"A",,"A",,"A",,"A",,"A",,"A",,"A",,"A",,"A",,"A",,"A",,"R",19,"R",0,"R",19,"R",17,"R",89,"R",17,"R",89,"Z",0,"R",19,"R",0,"Z",0,"R",17,"R",89
187134,"R",1451,"R",0,"R",1451,"R",1107,"R",76,"R",1261,"R",87,"R",0,"R",1451,"R",11,"R",6,"R",1272,"R",88,"A",,"A",,"A",,"A",,"A",,"A",,"A",,"A",,"A",,"A",,"A",,"A",,"A",
187198,"A",,"A",,"A",,"A",,"A",,"A",,"A",,"A",,"A",,"A",,"A",,"A",,"A",,"R",1438,"R",0,"R",1438,"R",269,"R",19,"R",505,"R",35,"R",0,"R",1438,"R",60,"R",121,"R",565,"R",39
187444,"R",1326,"R",0,"R",1326,"R",430,"R",32,"R",707,"R",53,"R",0,"R",1326,"R",29,"R",15,"R",736,"R",56,"A",,"A",,"A",,"A",,"A",,"A",,"A",,"A",,"A",,"A",,"A",,"A",,"A",
187505,"A",,"A",,"A",,"A",,"A",,"A",,"A",,"A",,"A",,"A",,"A",,"A",,"A",,"R",484,"R",0,"R",484,"R",181,"R",37,"R",235,"R",49,"R",0,"R",484,"R",1,"R",2,"R",236,"R",49
187532,"A",,"A",,"A",,"A",,"A",,"A",,"A",,"A",,"A",,"A",,"A",,"A",,"A",,"R",2219,"R",0,"R",2219,"R",311,"R",14,"R",615,"R",28,"R",0,"R",2219,"R",121,"R",253,"R",736,"R",33
187596,"R",17,"R",0,"R",17,"R",3,"R",18,"R",4,"R",24,"R",0,"R",17,"R",0,"R",0,"R",4,"R",24,"A",,"A",,"A",,"A",,"A",,"A",,"A",,"A",,"A",,"A",,"A",,"A",,"A",
187620,"A",,"A",,"A",,"A",,"A",,"A",,"A",,"A",,"A",,"A",,"A",,"A",,"A",,"R",1088,"R",0,"R",1088,"R",64,"R",6,"R",182,"R",17,"R",0,"R",1088,"R",64,"R",96,"R",246,"R",23
187639,"A",,"A",,"A",,"A",,"A",,"A",,"A",,"A",,"A",,"A",,"A",,"A",,"A",,"R",221,"R",0,"R",221,"R",55,"R",25,"R",91,"R",41,"R",0,"R",221,"R",6,"R",12,"R",97,"R",44
187648,"R",593,"R",0,"R",593,"R",127,"R",21,"R",200,"R",34,"R",0,"R",593,"R",19,"R",7,"R",219,"R",37,"A",,"A",,"A",,"A",,"A",,"A",,"A",,"A",,"A",,"A",,"A",,"A",,"A",
187666,"A",,"A",,"A",,"A",,"A",,"A",,"A",,"A",,"A",,"A",,"A",,"A",,"A",,"R",292,"R",0,"R",292,"R",76,"R",26,"R",103,"R",35,"R",0,"R",292,"R",12,"R",20,"R",115,"R",39
187745,"R",24,"R",0,"R",24,"R",1,"R",4,"R",7,"R",29,"Z",0,"R",24,"R",0,"Z",0,"R",7,"R",29,"A",,"A",,"A",,"A",,"A",,"A",,"A",,"A",,"A",,"A",,"A",,"A",,"A",
187897,"R",298,"R",0,"R",298,"R",53,"R",18,"R",79,"R",27,"R",0,"R",298,"R",4,"R",4,"R",83,"R",28,"A",,"A",,"A",,"A",,"A",,"A",,"A",,"A",,"A",,"A",,"A",,"A",,"A",
187903,"A",,"A",,"A",,"A",,"A",,"A",,"A",,"A",,"A",,"A",,"A",,"A",,"A",,"R",309,"R",0,"R",309,"R",105,"R",34,"R",152,"R",49,"R",0,"R",309,"R",31,"R",21,"R",183,"R",59
187912,"A",,"A",,"A",,"A",,"A",,"A",,"A",,"A",,"A",,"A",,"A",,"A",,"A",,"R",206,"R",0,"R",206,"R",91,"R",44,"R",91,"R",44,"Z",0,"R",206,"R",1,"Z",0,"R",92,"R",45
187958,"A",,"A",,"A",,"A",,"A",,"A",,"A",,"A",,"A",,"A",,"A",,"A",,"A",,"R",223,"R",0,"R",223,"R",16,"R",7,"R",35,"R",16,"Z",0,"R",223,"R",6,"R",14,"R",41,"R",18
187967,"R",333,"R",0,"R",333,"R",102,"R",31,"R",184,"R",55,"R",0,"R",333,"R",9,"R",3,"R",193,"R",58,"A",,"A",,"A",,"A",,"A",,"A",,"A",,"A",,"A",,"A",,"A",,"A",,"A",
187976,"A",,"A",,"A",,"A",,"A",,"A",,"A",,"A",,"A",,"A",,"A",,"A",,"A",,"R",67,"R",0,"R",67,"R",10,"R",15,"R",20,"R",30,"Z",0,"R",67,"R",5,"R",4,"R",25,"R",37
187985,"R",3288,"R",7,"R",3281,"R",1103,"R",34,"R",1753,"R",53,"R",0,"R",3281,"R",109,"R",77,"R",1862,"R",57,"A",,"A",,"A",,"A",,"A",,"A",,"A",,"A",,"A",,"A",,"A",,"A",,"A",
187994,"A",,"A",,"A",,"A",,"A",,"A",,"A",,"A",,"A",,"A",,"A",,"A",,"A",,"R",124,"R",0,"R",124,"R",12,"R",10,"R",25,"R",20,"R",0,"R",124,"R",11,"R",7,"R",36,"R",29
188003,"A",,"A",,"A",,"A",,"A",,"A",,"A",,"A",,"A",,"A",,"A",,"A",,"A",,"R",102,"R",0,"R",102,"R",14,"R",14,"R",21,"R",21,"R",0,"R",102,"R",6,"R",3,"R",27,"R",26
188021,"A",,"A",,"A",,"A",,"A",,"A",,"A",,"A",,"A",,"A",,"A",,"A",,"A",,"R",53,"R",0,"R",53,"R",7,"R",13,"R",18,"R",34,"R",0,"R",53,"R",4,"R",1,"R",22,"R",42
188030,"R",1978,"R",8,"R",1970,"R",512,"R",26,"R",993,"R",50,"R",0,"R",1970,"R",52,"R",35,"R",1045,"R",53,"A",,"A",,"A",,"A",,"A",,"A",,"A",,"A",,"A",,"A",,"A",,"A",,"A",
188049,"A",,"A",,"A",,"A",,"A",,"A",,"A",,"A",,"A",,"A",,"A",,"A",,"A",,"R",166,"R",0,"R",166,"R",12,"R",7,"R",27,"R",16,"Z",0,"R",166,"R",7,"R",9,"R",34,"R",20
188058,"R",49,"R",0,"R",49,"R",5,"R",10,"R",10,"R",20,"R",0,"R",49,"R",1,"R",0,"R",11,"R",22,"A",,"A",,"A",,"A",,"A",,"A",,"A",,"A",,"A",,"A",,"A",,"A",,"A",
188100,"A",,"A",,"A",,"A",,"A",,"A",,"A",,"A",,"A",,"A",,"A",,"A",,"A",,"R",594,"R",1,"R",593,"R",59,"R",10,"R",134,"R",23,"R",0,"R",593,"R",54,"R",364,"R",188,"R",32
188137,"A",,"A",,"A",,"A",,"A",,"A",,"A",,"A",,"A",,"A",,"A",,"A",,"A",,"R",249,"R",0,"R",249,"R",30,"R",12,"R",46,"R",18,"R",0,"R",249,"R",15,"R",29,"R",61,"R",24
188182,"R",88,"R",0,"R",88,"R",6,"R",7,"R",8,"R",9,"Z",0,"R",88,"R",0,"Z",0,"R",8,"R",9,"A",,"A",,"A",,"A",,"A",,"A",,"A",,"A",,"A",,"A",,"A",,"A",,"A",
188216,"A",,"A",,"A",,"A",,"A",,"A",,"A",,"A",,"A",,"A",,"A",,"A",,"A",,"R",119,"R",0,"R",119,"R",16,"R",13,"R",16,"R",13,"R",0,"R",119,"R",3,"R",12,"R",19,"R",16
188225,"A",,"A",,"A",,"A",,"A",,"A",,"A",,"A",,"A",,"A",,"A",,"A",,"A",,"R",81,"R",1,"R",80,"R",13,"R",16,"R",19,"R",24,"Z",0,"R",80,"R",1,"R",3,"R",20,"R",25
188261,"A",,"A",,"A",,"A",,"A",,"A",,"A",,"A",,"A",,"A",,"A",,"A",,"A",,"R",65,"R",0,"R",65,"R",31,"R",48,"R",34,"R",52,"R",0,"R",65,"R",2,"R",1,"R",36,"R",55
188289,"A",,"A",,"A",,"A",,"A",,"A",,"A",,"A",,"A",,"A",,"A",,"A",,"A",,"R",5,"R",0,"R",5,"R",1,"R",20,"R",5,"R",100,"Z",0,"R",5,"R",0,"Z",0,"R",5,"R",100
188304,"R",153,"R",0,"R",153,"R",29,"R",19,"R",36,"R",24,"R",0,"R",153,"R",7,"R",12,"R",43,"R",28,"A",,"A",,"A",,"A",,"A",,"A",,"A",,"A",,"A",,"A",,"A",,"A",,"A",
188340,"R",77,"R",0,"R",77,"R",22,"R",29,"R",35,"R",45,"R",0,"R",77,"R",0,"R",0,"R",35,"R",45,"A",,"A",,"A",,"A",,"A",,"A",,"A",,"A",,"A",,"A",,"A",,"A",,"A",
188429,"R",849,"R",2,"R",847,"R",523,"R",62,"R",604,"R",71,"R",0,"R",847,"R",5,"R",2,"R",609,"R",72,"A",,"A",,"A",,"A",,"A",,"A",,"A",,"A",,"A",,"A",,"A",,"A",,"A",
188438,"A",,"A",,"A",,"A",,"A",,"A",,"A",,"A",,"A",,"A",,"A",,"A",,"A",,"R",762,"R",0,"R",762,"R",150,"R",20,"R",200,"R",26,"R",0,"R",762,"R",26,"R",18,"R",226,"R",30
188517,"R",1,"R",0,"R",1,"R",1,"R",100,"R",1,"R",100,"R",0,"R",1,"R",0,"R",0,"R",1,"R",100,"A",,"A",,"A",,"A",,"A",,"A",,"A",,"A",,"A",,"A",,"A",,"A",,"A",
188526,"R",40,"R",0,"R",40,"R",15,"R",38,"R",23,"R",58,"R",0,"R",40,"R",1,"R",0,"R",24,"R",60,"A",,"A",,"A",,"A",,"A",,"A",,"A",,"A",,"A",,"A",,"A",,"A",,"A",
188641,"R",454,"R",0,"R",454,"R",209,"R",46,"R",272,"R",60,"Z",0,"R",454,"R",0,"R",2,"R",272,"R",60,"A",,"A",,"A",,"A",,"A",,"A",,"A",,"A",,"A",,"A",,"A",,"A",,"A",
188650,"A",,"A",,"A",,"A",,"A",,"A",,"A",,"A",,"A",,"A",,"A",,"A",,"A",,"R",363,"R",0,"R",363,"R",300,"R",83,"R",309,"R",85,"Z",0,"R",363,"R",0,"Z",0,"R",309,"R",85
188669,"A",,"A",,"A",,"A",,"A",,"A",,"A",,"A",,"A",,"A",,"A",,"A",,"A",,"R",35,"R",0,"R",35,"R",30,"R",86,"R",30,"R",86,"Z",0,"R",35,"R",0,"Z",0,"R",30,"R",86
188678,"A",,"A",,"A",,"A",,"A",,"A",,"A",,"A",,"A",,"A",,"A",,"A",,"A",,"R",100,"R",0,"R",100,"R",55,"R",55,"R",66,"R",66,"R",0,"R",100,"R",0,"R",0,"R",66,"R",66
188687,"A",,"A",,"A",,"A",,"A",,"A",,"A",,"A",,"A",,"A",,"A",,"A",,"A",,"R",15,"R",0,"R",15,"R",5,"R",33,"R",5,"R",33,"R",0,"R",15,"R",1,"R",2,"R",6,"R",40
188854,"R",199,"R",0,"R",199,"R",133,"R",67,"R",134,"R",67,"R",0,"R",199,"R",2,"Z",0,"R",136,"R",68,"A",,"A",,"A",,"A",,"A",,"A",,"A",,"A",,"A",,"A",,"A",,"A",,"A",
188890,"A",,"A",,"A",,"A",,"A",,"A",,"A",,"A",,"A",,"A",,"A",,"A",,"A",,"R",471,"R",1,"R",470,"R",14,"R",3,"R",316,"R",67,"Z",0,"R",470,"R",65,"R",0,"R",381,"R",81
188915,"A",,"A",,"A",,"A",,"A",,"A",,"A",,"A",,"A",,"A",,"A",,"A",,"A",,"R",3,"R",0,"R",3,"R",2,"R",67,"R",2,"R",67,"Z",0,"R",3,"R",0,"Z",0,"R",2,"R",67
189088,"R",456,"R",3,"R",453,"R",259,"R",57,"R",320,"R",71,"Z",0,"R",453,"R",5,"R",0,"R",325,"R",72,"A",,"A",,"A",,"A",,"A",,"A",,"A",,"A",,"A",,"A",,"A",,"A",,"A",
189097,"R",626,"R",1,"R",625,"R",534,"R",85,"R",580,"R",93,"R",0,"R",625,"R",2,"R",0,"R",582,"R",93,"A",,"A",,"A",,"A",,"A",,"A",,"A",,"A",,"A",,"A",,"A",,"A",,"A",
189219,"A",,"A",,"A",,"A",,"A",,"A",,"A",,"A",,"A",,"A",,"A",,"A",,"A",,"R",196,"R",0,"R",196,"R",158,"R",81,"R",176,"R",90,"Z",0,"R",196,"R",0,"Z",0,"R",176,"R",90
189228,"R",296,"R",1,"R",295,"R",76,"R",26,"R",92,"R",31,"R",0,"R",295,"R",8,"R",6,"R",100,"R",34,"A",,"A",,"A",,"A",,"A",,"A",,"A",,"A",,"A",,"A",,"A",,"A",,"A",
189255,"A",,"A",,"A",,"A",,"A",,"A",,"A",,"A",,"A",,"A",,"A",,"A",,"A",,"R",98,"R",0,"R",98,"R",62,"R",63,"R",88,"R",90,"R",0,"R",98,"R",0,"R",0,"R",88,"R",90
189273,"R",12,"R",0,"R",12,"Z",0,"R",0,"Z",0,"R",0,"Z",0,"R",12,"R",0,"Z",0,"R",0,"R",0,"A",,"A",,"A",,"A",,"A",,"A",,"A",,"A",,"A",,"A",,"A",,"A",,"A",
189404,"A",,"A",,"A",,"A",,"A",,"A",,"A",,"A",,"A",,"A",,"A",,"A",,"A",,"R",12,"R",0,"R",12,"R",0,"R",0,"R",9,"R",75,"R",0,"R",12,"R",1,"R",0,"R",10,"R",83
189413,"R",93,"R",0,"R",93,"R",29,"R",31,"R",54,"R",58,"Z",0,"R",93,"R",0,"Z",0,"R",54,"R",58,"A",,"A",,"A",,"A",,"A",,"A",,"A",,"A",,"A",,"A",,"A",,"A",,"A",
189468,"A",,"A",,"A",,"A",,"A",,"A",,"A",,"A",,"A",,"A",,"A",,"A",,"A",,"R",145,"R",0,"R",145,"R",60,"R",41,"R",120,"R",83,"R",0,"R",145,"R",1,"R",0,"R",121,"R",83
189477,"A",,"A",,"A",,"A",,"A",,"A",,"A",,"A",,"A",,"A",,"A",,"A",,"A",,"R",2,"R",0,"R",2,"R",0,"R",0,"R",0,"R",0,"Z",0,"R",2,"R",0,"Z",0,"R",0,"R",0
189547,"A",,"A",,"A",,"A",,"A",,"A",,"A",,"A",,"A",,"A",,"A",,"A",,"A",,"R",1373,"R",0,"R",1373,"R",196,"R",14,"R",300,"R",22,"R",0,"R",1373,"R",51,"R",46,"R",351,"R",26
189705,"R",600,"R",1,"R",599,"R",385,"R",64,"R",423,"R",71,"R",0,"R",599,"R",3,"R",2,"R",426,"R",71,"A",,"A",,"A",,"A",,"A",,"A",,"A",,"A",,"A",,"A",,"A",,"A",,"A",
189714,"A",,"A",,"A",,"A",,"A",,"A",,"A",,"A",,"A",,"A",,"A",,"A",,"A",,"R",77,"R",0,"R",77,"R",28,"R",36,"R",56,"R",73,"Z",0,"R",77,"R",0,"Z",0,"R",56,"R",73
189811,"A",,"A",,"A",,"A",,"A",,"A",,"A",,"A",,"A",,"A",,"A",,"A",,"A",,"R",39,"R",0,"R",39,"R",12,"R",31,"R",26,"R",67,"Z",0,"R",39,"R",0,"Z",0,"R",26,"R",67
189839,"A",,"A",,"A",,"A",,"A",,"A",,"A",,"A",,"A",,"A",,"A",,"A",,"A",,"R",518,"R",0,"R",518,"R",91,"R",18,"R",132,"R",25,"R",0,"R",518,"R",14,"R",13,"R",146,"R",28
189857,"R",62,"R",0,"R",62,"Z",0,"R",0,"R",11,"R",18,"R",0,"R",62,"R",8,"R",0,"R",19,"R",31,"A",,"A",,"A",,"A",,"A",,"A",,"A",,"A",,"A",,"A",,"A",,"A",,"A",
189990,"A",,"A",,"A",,"A",,"A",,"A",,"A",,"A",,"A",,"A",,"A",,"A",,"A",,"R",9,"R",0,"R",9,"R",8,"R",89,"R",8,"R",89,"Z",0,"R",9,"R",0,"Z",0,"R",8,"R",89
190008,"A",,"A",,"A",,"A",,"A",,"A",,"A",,"A",,"A",,"A",,"A",,"A",,"A",,"R",3,"R",0,"R",3,"R",3,"R",100,"R",3,"R",100,"Z",0,"R",3,"R",0,"Z",0,"R",3,"R",100
190044,"R",792,"R",1,"R",791,"R",501,"R",63,"R",598,"R",76,"R",0,"R",791,"R",3,"R",0,"R",601,"R",76,"A",,"A",,"A",,"A",,"A",,"A",,"A",,"A",,"A",,"A",,"A",,"A",,"A",
190053,"A",,"A",,"A",,"A",,"A",,"A",,"A",,"A",,"A",,"A",,"A",,"A",,"A",,"R",180,"R",0,"R",180,"R",30,"R",17,"R",43,"R",24,"R",0,"R",180,"R",2,"R",1,"R",45,"R",25
190099,"R",773,"R",2,"R",771,"R",672,"R",87,"R",696,"R",90,"R",0,"R",771,"R",1,"R",0,"R",697,"R",90,"A",,"A",,"A",,"A",,"A",,"A",,"A",,"A",,"A",,"A",,"A",,"A",,"A",
190114,"R",47,"R",0,"R",47,"R",10,"R",21,"R",11,"R",23,"Z",0,"R",47,"R",1,"Z",0,"R",12,"R",26,"A",,"A",,"A",,"A",,"A",,"A",,"A",,"A",,"A",,"A",,"A",,"A",,"A",
190150,"R",1476,"R",3,"R",1473,"R",1269,"R",86,"R",1403,"R",95,"R",0,"R",1473,"R",16,"R",2,"R",1419,"R",96,"A",,"A",,"A",,"A",,"A",,"A",,"A",,"A",,"A",,"A",,"A",,"A",,"A",
190169,"A",,"A",,"A",,"A",,"A",,"A",,"A",,"A",,"A",,"A",,"A",,"A",,"A",,"R",208,"R",0,"R",208,"R",49,"R",24,"R",68,"R",33,"R",0,"R",208,"R",9,"R",6,"R",77,"R",37
190239,"A",,"A",,"A",,"A",,"A",,"A",,"A",,"A",,"A",,"A",,"A",,"A",,"A",,"R",37,"R",0,"R",37,"R",0,"R",0,"R",18,"R",49,"Z",0,"R",37,"R",0,"Z",0,"R",18,"R",49
190318,"A",,"A",,"A",,"A",,"A",,"A",,"A",,"A",,"A",,"A",,"A",,"A",,"A",,"R",58,"R",0,"R",58,"R",14,"R",24,"R",42,"R",72,"Z",0,"R",58,"R",0,"Z",0,"R",42,"R",72
190372,"R",230,"R",1,"R",229,"R",146,"R",64,"R",191,"R",83,"R",0,"R",229,"R",5,"R",2,"R",196,"R",86,"A",,"A",,"A",,"A",,"A",,"A",,"A",,"A",,"A",,"A",,"A",,"A",,"A",
190415,"R",3180,"R",7,"R",3173,"R",2787,"R",88,"R",2987,"R",94,"R",0,"R",3173,"R",22,"R",3,"R",3009,"R",95,"A",,"A",,"A",,"A",,"A",,"A",,"A",,"A",,"A",,"A",,"A",,"A",,"A",
190442,"A",,"A",,"A",,"A",,"A",,"A",,"A",,"A",,"A",,"A",,"A",,"A",,"A",,"R",565,"R",0,"R",565,"R",169,"R",30,"R",227,"R",40,"R",0,"R",565,"R",13,"R",12,"R",240,"R",42
190451,"A",,"A",,"A",,"A",,"A",,"A",,"A",,"A",,"A",,"A",,"A",,"A",,"A",,"R",11,"R",0,"R",11,"R",3,"R",27,"R",7,"R",64,"Z",0,"R",11,"R",0,"Z",0,"R",7,"R",64
190512,"R",1468,"R",0,"R",1468,"R",713,"R",49,"R",1085,"R",74,"R",0,"R",1468,"R",29,"R",13,"R",1114,"R",76,"A",,"A",,"A",,"A",,"A",,"A",,"A",,"A",,"A",,"A",,"A",,"A",,"A",
190521,"A",,"A",,"A",,"A",,"A",,"A",,"A",,"A",,"A",,"A",,"A",,"A",,"A",,"R",5781,"R",0,"R",5781,"R",712,"R",12,"R",1386,"R",24,"R",0,"R",5781,"R",252,"R",349,"R",1638,"R",28
190530,"A",,"A",,"A",,"A",,"A",,"A",,"A",,"A",,"A",,"A",,"A",,"A",,"A",,"R",1780,"R",0,"R",1780,"R",147,"R",8,"R",375,"R",21,"R",0,"R",1780,"R",78,"R",108,"R",453,"R",25
190549,"R",1327,"R",0,"R",1327,"R",405,"R",31,"R",745,"R",56,"R",0,"R",1327,"R",44,"R",19,"R",789,"R",59,"A",,"A",,"A",,"A",,"A",,"A",,"A",,"A",,"A",,"A",,"A",,"A",,"A",
190558,"R",714,"R",0,"R",714,"R",184,"R",26,"R",353,"R",49,"R",0,"R",714,"R",27,"R",11,"R",380,"R",53,"A",,"A",,"A",,"A",,"A",,"A",,"A",,"A",,"A",,"A",,"A",,"A",,"A",
190567,"R",1607,"R",0,"R",1607,"R",383,"R",24,"R",922,"R",57,"R",0,"R",1607,"R",61,"R",18,"R",983,"R",61,"A",,"A",,"A",,"A",,"A",,"A",,"A",,"A",,"A",,"A",,"A",,"A",,"A",
190585,"A",,"A",,"A",,"A",,"A",,"A",,"A",,"A",,"A",,"A",,"A",,"A",,"A",,"R",1088,"R",0,"R",1088,"R",99,"R",9,"R",222,"R",20,"R",0,"R",1088,"R",64,"R",76,"R",286,"R",26
190594,"R",2168,"R",0,"R",2168,"R",665,"R",31,"R",1250,"R",58,"R",0,"R",2168,"R",63,"R",29,"R",1313,"R",61,"A",,"A",,"A",,"A",,"A",,"A",,"A",,"A",,"A",,"A",,"A",,"A",,"A",
190600,"R",1479,"R",0,"R",1479,"R",557,"R",38,"R",801,"R",54,"R",0,"R",1479,"R",33,"R",16,"R",834,"R",56,"A",,"A",,"A",,"A",,"A",,"A",,"A",,"A",,"A",,"A",,"A",,"A",,"A",
190619,"A",,"A",,"A",,"A",,"A",,"A",,"A",,"A",,"A",,"A",,"A",,"A",,"A",,"R",1945,"R",0,"R",1945,"R",280,"R",14,"R",519,"R",27,"R",0,"R",1945,"R",125,"R",124,"R",644,"R",33
190628,"A",,"A",,"A",,"A",,"A",,"A",,"A",,"A",,"A",,"A",,"A",,"A",,"A",,"R",2625,"R",0,"R",2625,"R",420,"R",16,"R",753,"R",29,"R",0,"R",2625,"R",111,"R",133,"R",864,"R",33
190637,"R",610,"R",0,"R",610,"R",170,"R",28,"R",324,"R",53,"R",0,"R",610,"R",32,"R",8,"R",356,"R",58,"A",,"A",,"A",,"A",,"A",,"A",,"A",,"A",,"A",,"A",,"A",,"A",,"A",
190646,"R",107,"R",0,"R",107,"R",20,"R",19,"R",32,"R",30,"R",0,"R",107,"R",4,"R",1,"R",36,"R",34,"A",,"A",,"A",,"A",,"A",,"A",,"A",,"A",,"A",,"A",,"A",,"A",,"A",
190655,"R",559,"R",0,"R",559,"R",58,"R",10,"R",168,"R",30,"R",0,"R",559,"R",20,"R",14,"R",188,"R",34,"A",,"A",,"A",,"A",,"A",,"A",,"A",,"A",,"A",,"A",,"A",,"A",,"A",
190664,"R",1536,"R",0,"R",1536,"R",429,"R",28,"R",848,"R",55,"R",0,"R",1536,"R",58,"R",23,"R",906,"R",59,"A",,"A",,"A",,"A",,"A",,"A",,"A",,"A",,"A",,"A",,"A",,"A",,"A",
190673,"A",,"A",,"A",,"A",,"A",,"A",,"A",,"A",,"A",,"A",,"A",,"A",,"A",,"R",2908,"R",0,"R",2908,"R",422,"R",15,"R",759,"R",26,"R",0,"R",2908,"R",92,"R",181,"R",851,"R",29
190691,"R",995,"R",0,"R",995,"R",91,"R",9,"R",332,"R",33,"R",0,"R",995,"R",37,"R",12,"R",369,"R",37,"A",,"A",,"A",,"A",,"A",,"A",,"A",,"A",,"A",,"A",,"A",,"A",,"A",
190707,"A",,"A",,"A",,"A",,"A",,"A",,"A",,"A",,"A",,"A",,"A",,"A",,"A",,"R",5,"R",0,"R",5,"R",4,"R",80,"R",4,"R",80,"Z",0,"R",5,"R",0,"Z",0,"R",4,"R",80
190716,"R",235,"R",0,"R",235,"R",86,"R",37,"R",138,"R",59,"R",0,"R",235,"R",3,"R",1,"R",141,"R",60,"A",,"A",,"A",,"A",,"A",,"A",,"A",,"A",,"A",,"A",,"A",,"A",,"A",
190725,"R",384,"R",0,"R",384,"R",165,"R",43,"R",220,"R",57,"R",0,"R",384,"R",2,"R",2,"R",222,"R",58,"A",,"A",,"A",,"A",,"A",,"A",,"A",,"A",,"A",,"A",,"A",,"A",,"A",
190752,"R",11,"R",0,"R",11,"Z",0,"R",0,"R",1,"R",9,"Z",0,"R",11,"R",0,"Z",0,"R",1,"R",9,"A",,"A",,"A",,"A",,"A",,"A",,"A",,"A",,"A",,"A",,"A",,"A",,"A",
190761,"R",363,"R",0,"R",363,"R",98,"R",27,"R",155,"R",43,"R",0,"R",363,"R",4,"R",1,"R",159,"R",44,"A",,"A",,"A",,"A",,"A",,"A",,"A",,"A",,"A",,"A",,"A",,"A",,"A",
190840,"A",,"A",,"A",,"A",,"A",,"A",,"A",,"A",,"A",,"A",,"A",,"A",,"A",,"R",1372,"R",0,"R",1372,"R",247,"R",18,"R",375,"R",27,"R",0,"R",1372,"R",47,"R",87,"R",422,"R",31
190956,"A",,"A",,"A",,"A",,"A",,"A",,"A",,"A",,"A",,"A",,"A",,"A",,"A",,"R",2,"R",0,"R",2,"R",1,"R",50,"R",2,"R",100,"Z",0,"R",2,"R",0,"Z",0,"R",2,"R",100
190983,"R",252,"R",0,"R",252,"R",152,"R",60,"R",159,"R",63,"Z",0,"R",252,"R",0,"Z",0,"R",159,"R",63,"A",,"A",,"A",,"A",,"A",,"A",,"A",,"A",,"A",,"A",,"A",,"A",,"A",
191083,"A",,"A",,"A",,"A",,"A",,"A",,"A",,"A",,"A",,"A",,"A",,"A",,"A",,"R",1770,"R",0,"R",1770,"R",264,"R",15,"R",430,"R",24,"R",0,"R",1770,"R",55,"R",54,"R",485,"R",27
191199,"A",,"A",,"A",,"A",,"A",,"A",,"A",,"A",,"A",,"A",,"A",,"A",,"A",,"R",944,"R",0,"R",944,"R",182,"R",19,"R",276,"R",29,"R",0,"R",944,"R",17,"R",36,"R",293,"R",31
191205,"R",103,"R",0,"R",103,"R",31,"R",30,"R",43,"R",42,"R",0,"R",103,"R",1,"R",0,"R",44,"R",43,"A",,"A",,"A",,"A",,"A",,"A",,"A",,"A",,"A",,"A",,"A",,"A",,"A",
191241,"R",2191,"R",0,"R",2191,"R",1716,"R",78,"R",1822,"R",83,"R",1,"R",2190,"R",8,"R",1,"R",1830,"R",84,"A",,"A",,"A",,"A",,"A",,"A",,"A",,"A",,"A",,"A",,"A",,"A",,"A",
191302,"A",,"A",,"A",,"A",,"A",,"A",,"A",,"A",,"A",,"A",,"A",,"A",,"A",,"R",416,"R",0,"R",416,"R",98,"R",24,"R",130,"R",31,"R",0,"R",416,"R",10,"R",14,"R",140,"R",34
191311,"A",,"A",,"A",,"A",,"A",,"A",,"A",,"A",,"A",,"A",,"A",,"A",,"A",,"R",38,"R",0,"R",38,"R",30,"R",79,"R",30,"R",79,"Z",0,"R",38,"R",0,"Z",0,"R",30,"R",79
191339,"A",,"A",,"A",,"A",,"A",,"A",,"A",,"A",,"A",,"A",,"A",,"A",,"A",,"R",655,"R",0,"R",655,"R",142,"R",22,"R",220,"R",34,"R",0,"R",655,"R",16,"R",31,"R",236,"R",36
191515,"R",473,"R",2,"R",471,"R",411,"R",87,"R",431,"R",92,"R",0,"R",471,"R",1,"R",0,"R",432,"R",92,"A",,"A",,"A",,"A",,"A",,"A",,"A",,"A",,"A",,"A",,"A",,"A",,"A",
191533,"R",291,"R",0,"R",291,"R",154,"R",53,"R",165,"R",57,"R",0,"R",291,"R",3,"R",0,"R",168,"R",58,"A",,"A",,"A",,"A",,"A",,"A",,"A",,"A",,"A",,"A",,"A",,"A",,"A",
191612,"A",,"A",,"A",,"A",,"A",,"A",,"A",,"A",,"A",,"A",,"A",,"A",,"A",,"R",524,"R",0,"R",524,"R",123,"R",23,"R",155,"R",30,"R",0,"R",524,"R",20,"R",9,"R",175,"R",33
191621,"R",149,"R",0,"R",149,"R",76,"R",51,"R",79,"R",53,"R",0,"R",149,"R",0,"R",0,"R",79,"R",53,"A",,"A",,"A",,"A",,"A",,"A",,"A",,"A",,"A",,"A",,"A",,"A",,"A",
191630,"R",631,"R",0,"R",631,"R",426,"R",68,"R",461,"R",73,"Z",0,"R",631,"R",0,"Z",0,"R",461,"R",73,"A",,"A",,"A",,"A",,"A",,"A",,"A",,"A",,"A",,"A",,"A",,"A",,"A",
191649,"R",1644,"R",9,"R",1635,"R",981,"R",60,"R",1140,"R",70,"R",0,"R",1635,"R",7,"R",4,"R",1147,"R",70,"A",,"A",,"A",,"A",,"A",,"A",,"A",,"A",,"A",,"A",,"A",,"A",,"A",
191676,"R",244,"R",1,"R",243,"R",139,"R",57,"R",157,"R",65,"R",0,"R",243,"R",6,"R",0,"R",163,"R",67,"A",,"A",,"A",,"A",,"A",,"A",,"A",,"A",,"A",,"A",,"A",,"A",,"A",
191719,"A",,"A",,"A",,"A",,"A",,"A",,"A",,"A",,"A",,"A",,"A",,"A",,"A",,"R",1979,"R",0,"R",1979,"R",415,"R",21,"R",583,"R",29,"R",0,"R",1979,"R",76,"R",102,"R",659,"R",33
191728,"A",,"A",,"A",,"A",,"A",,"A",,"A",,"A",,"A",,"A",,"A",,"A",,"A",,"R",669,"R",0,"R",669,"R",386,"R",58,"R",542,"R",81,"Z",0,"R",669,"R",0,"Z",0,"R",542,"R",81
191931,"R",838,"R",1,"R",837,"R",431,"R",51,"R",518,"R",62,"R",0,"R",837,"R",7,"R",0,"R",525,"R",63,"A",,"A",,"A",,"A",,"A",,"A",,"A",,"A",,"A",,"A",,"A",,"A",,"A",
191940,"A",,"A",,"A",,"A",,"A",,"A",,"A",,"A",,"A",,"A",,"A",,"A",,"A",,"R",70,"R",0,"R",70,"R",49,"R",70,"R",49,"R",70,"Z",0,"R",70,"R",0,"Z",0,"R",49,"R",70
191959,"A",,"A",,"A",,"A",,"A",,"A",,"A",,"A",,"A",,"A",,"A",,"A",,"A",,"R",42,"R",1,"R",41,"R",34,"R",83,"R",34,"R",83,"Z",0,"R",41,"R",0,"Z",0,"R",34,"R",83
191968,"R",1808,"R",3,"R",1805,"R",1295,"R",72,"R",1393,"R",77,"R",0,"R",1805,"R",3,"R",0,"R",1396,"R",77,"A",,"A",,"A",,"A",,"A",,"A",,"A",,"A",,"A",,"A",,"A",,"A",,"A",
191986,"A",,"A",,"A",,"A",,"A",,"A",,"A",,"A",,"A",,"A",,"A",,"A",,"A",,"R",759,"R",0,"R",759,"R",192,"R",25,"R",267,"R",35,"R",0,"R",759,"R",18,"R",22,"R",285,"R",38
192022,"A",,"A",,"A",,"A",,"A",,"A",,"A",,"A",,"A",,"A",,"A",,"A",,"A",,"R",598,"R",0,"R",598,"R",111,"R",19,"R",162,"R",27,"R",0,"R",598,"R",11,"R",15,"R",173,"R",29
192040,"R",39,"R",0,"R",39,"R",29,"R",74,"R",34,"R",87,"Z",0,"R",39,"R",0,"Z",0,"R",34,"R",87,"A",,"A",,"A",,"A",,"A",,"A",,"A",,"A",,"A",,"A",,"A",,"A",,"A",
192110,"R",109,"R",0,"R",109,"R",88,"R",81,"R",95,"R",87,"Z",0,"R",109,"R",0,"Z",0,"R",95,"R",87,"A",,"A",,"A",,"A",,"A",,"A",,"A",,"A",,"A",,"A",,"A",,"A",,"A",
192165,"R",48,"R",6,"R",42,"Z",0,"R",0,"R",24,"R",57,"Z",0,"R",42,"R",0,"Z",0,"R",24,"R",57,"A",,"A",,"A",,"A",,"A",,"A",,"A",,"A",,"A",,"A",,"A",,"A",,"A",
192192,"R",318,"R",1,"R",317,"R",143,"R",45,"R",159,"R",50,"Z",0,"R",317,"R",0,"Z",0,"R",159,"R",50,"A",,"A",,"A",,"A",,"A",,"A",,"A",,"A",,"A",,"A",,"A",,"A",,"A",
192271,"R",270,"R",0,"R",270,"R",106,"R",39,"R",146,"R",54,"R",0,"R",270,"R",2,"R",0,"R",148,"R",55,"A",,"A",,"A",,"A",,"A",,"A",,"A",,"A",,"A",,"A",,"A",,"A",,"A",
192323,"R",634,"R",2,"R",632,"R",431,"R",68,"R",478,"R",76,"R",0,"R",632,"R",1,"R",2,"R",479,"R",76,"A",,"A",,"A",,"A",,"A",,"A",,"A",,"A",,"A",,"A",,"A",,"A",,"A",
192448,"R",1053,"R",0,"R",1053,"R",344,"R",33,"R",485,"R",46,"R",1,"R",1052,"R",41,"R",3,"R",526,"R",50,"A",,"A",,"A",,"A",,"A",,"A",,"A",,"A",,"A",,"A",,"A",,"A",,"A",
192484,"A",,"A",,"A",,"A",,"A",,"A",,"A",,"A",,"A",,"A",,"A",,"A",,"A",,"R",2,"R",0,"R",2,"R",0,"R",0,"R",1,"R",50,"Z",0,"R",2,"R",0,"Z",0,"R",1,"R",50
192509,"A",,"A",,"A",,"A",,"A",,"A",,"A",,"A",,"A",,"A",,"A",,"A",,"A",,"R",331,"R",0,"R",331,"R",65,"R",20,"R",77,"R",23,"Z",0,"R",331,"R",0,"Z",0,"R",77,"R",23
192624,"R",34,"R",0,"R",34,"Z",0,"R",0,"R",8,"R",24,"R",0,"R",34,"R",1,"R",0,"R",9,"R",26,"A",,"A",,"A",,"A",,"A",,"A",,"A",,"A",,"A",,"A",,"A",,"A",,"A",
192688,"A",,"A",,"A",,"A",,"A",,"A",,"A",,"A",,"A",,"A",,"A",,"A",,"A",,"R",73,"R",0,"R",73,"R",8,"R",11,"R",18,"R",25,"R",0,"R",73,"R",2,"R",0,"R",20,"R",27
192703,"R",900,"R",0,"R",900,"R",578,"R",64,"R",693,"R",77,"Z",0,"R",900,"R",4,"Z",0,"R",697,"R",77,"A",,"A",,"A",,"A",,"A",,"A",,"A",,"A",,"A",,"A",,"A",,"A",,"A",
192712,"R",112,"R",0,"R",112,"R",72,"R",64,"R",81,"R",72,"R",0,"R",112,"R",1,"R",1,"R",82,"R",73,"A",,"A",,"A",,"A",,"A",,"A",,"A",,"A",,"A",,"A",,"A",,"A",,"A",
192749,"R",449,"R",0,"R",449,"R",243,"R",54,"R",275,"R",61,"R",0,"R",449,"R",2,"R",0,"R",277,"R",62,"A",,"A",,"A",,"A",,"A",,"A",,"A",,"A",,"A",,"A",,"A",,"A",,"A",
192785,"R",14,"R",0,"R",14,"R",6,"R",43,"R",8,"R",57,"Z",0,"R",14,"R",0,"Z",0,"R",8,"R",57,"A",,"A",,"A",,"A",,"A",,"A",,"A",,"A",,"A",,"A",,"A",,"A",,"A",
192800,"A",,"A",,"A",,"A",,"A",,"A",,"A",,"A",,"A",,"A",,"A",,"A",,"A",,"R",1,"R",0,"R",1,"R",0,"R",0,"R",0,"R",0,"Z",0,"R",1,"R",0,"Z",0,"R",0,"R",0
192819,"R",1209,"R",0,"R",1209,"R",907,"R",75,"R",988,"R",82,"R",0,"R",1209,"R",4,"R",1,"R",992,"R",82,"A",,"A",,"A",,"A",,"A",,"A",,"A",,"A",,"A",,"A",,"A",,"A",,"A",
192864,"R",514,"R",0,"R",514,"R",247,"R",48,"R",304,"R",59,"Z",0,"R",514,"R",3,"Z",0,"R",307,"R",60,"A",,"A",,"A",,"A",,"A",,"A",,"A",,"A",,"A",,"A",,"A",,"A",,"A",
192961,"A",,"A",,"A",,"A",,"A",,"A",,"A",,"A",,"A",,"A",,"A",,"A",,"A",,"R",4,"R",0,"R",4,"R",4,"R",100,"R",4,"R",100,"Z",0,"R",4,"R",0,"Z",0,"R",4,"R",100
193016,"R",908,"R",0,"R",908,"R",318,"R",35,"R",442,"R",49,"R",0,"R",908,"R",15,"R",3,"R",457,"R",50,"A",,"A",,"A",,"A",,"A",,"A",,"A",,"A",,"A",,"A",,"A",,"A",,"A",
193052,"R",6,"R",0,"R",6,"Z",0,"R",0,"R",2,"R",33,"Z",0,"R",6,"R",0,"Z",0,"R",2,"R",33,"A",,"A",,"A",,"A",,"A",,"A",,"A",,"A",,"A",,"A",,"A",,"A",,"A",
193061,"R",4,"R",0,"R",4,"Z",0,"R",0,"Z",0,"R",0,"Z",0,"R",4,"R",0,"Z",0,"R",0,"R",0,"A",,"A",,"A",,"A",,"A",,"A",,"A",,"A",,"A",,"A",,"A",,"A",,"A",
193070,"R",19,"R",0,"R",19,"Z",0,"R",0,"R",2,"R",11,"Z",0,"R",19,"R",0,"Z",0,"R",2,"R",11,"A",,"A",,"A",,"A",,"A",,"A",,"A",,"A",,"A",,"A",,"A",,"A",,"A",
193201,"A",,"A",,"A",,"A",,"A",,"A",,"A",,"A",,"A",,"A",,"A",,"A",,"A",,"R",75,"R",0,"R",75,"R",19,"R",25,"R",25,"R",33,"R",0,"R",75,"R",4,"R",1,"R",29,"R",39
193247,"R",48,"R",0,"R",48,"R",0,"R",0,"R",6,"R",13,"R",0,"R",48,"R",1,"R",0,"R",7,"R",15,"A",,"A",,"A",,"A",,"A",,"A",,"A",,"A",,"A",,"A",,"A",,"A",,"A",
193265,"A",,"A",,"A",,"A",,"A",,"A",,"A",,"A",,"A",,"A",,"A",,"A",,"A",,"R",52,"R",0,"R",52,"R",50,"R",96,"R",50,"R",96,"Z",0,"R",52,"R",0,"Z",0,"R",50,"R",96
193283,"A",,"A",,"A",,"A",,"A",,"A",,"A",,"A",,"A",,"A",,"A",,"A",,"A",,"R",1118,"R",3,"R",1115,"R",283,"R",25,"R",364,"R",33,"R",0,"R",1115,"R",33,"R",57,"R",397,"R",36
193292,"R",534,"R",0,"R",534,"R",242,"R",45,"R",374,"R",70,"R",0,"R",534,"R",5,"R",4,"R",379,"R",71,"A",,"A",,"A",,"A",,"A",,"A",,"A",,"A",,"A",,"A",,"A",,"A",,"A",
193308,"R",377,"R",0,"R",377,"R",237,"R",63,"R",272,"R",72,"R",0,"R",377,"R",2,"R",0,"R",274,"R",73,"A",,"A",,"A",,"A",,"A",,"A",,"A",,"A",,"A",,"A",,"A",,"A",,"A",
193326,"A",,"A",,"A",,"A",,"A",,"A",,"A",,"A",,"A",,"A",,"A",,"A",,"A",,"R",2172,"R",0,"R",2172,"R",264,"R",12,"R",463,"R",21,"R",0,"R",2172,"R",85,"R",167,"R",548,"R",25
193353,"R",422,"R",1,"R",421,"R",205,"R",49,"R",263,"R",62,"R",0,"R",421,"R",2,"R",0,"R",265,"R",63,"A",,"A",,"A",,"A",,"A",,"A",,"A",,"A",,"A",,"A",,"A",,"A",,"A",
193399,"R",321,"R",0,"R",321,"R",111,"R",35,"R",181,"R",56,"R",0,"R",321,"R",2,"R",0,"R",183,"R",57,"A",,"A",,"A",,"A",,"A",,"A",,"A",,"A",,"A",,"A",,"A",,"A",,"A",
193478,"A",,"A",,"A",,"A",,"A",,"A",,"A",,"A",,"A",,"A",,"A",,"A",,"A",,"R",3057,"R",0,"R",3057,"R",276,"R",9,"R",649,"R",21,"R",0,"R",3057,"R",171,"R",267,"R",820,"R",27
193584,"R",519,"R",0,"R",519,"R",322,"R",62,"R",378,"R",73,"R",0,"R",519,"R",4,"R",0,"R",382,"R",74,"A",,"A",,"A",,"A",,"A",,"A",,"A",,"A",,"A",,"A",,"A",,"A",,"A",
193609,"A",,"A",,"A",,"A",,"A",,"A",,"A",,"A",,"A",,"A",,"A",,"A",,"A",,"R",12,"R",0,"R",12,"R",8,"R",67,"R",8,"R",67,"Z",0,"R",12,"R",0,"Z",0,"R",8,"R",67
193654,"R",1233,"R",1,"R",1232,"R",687,"R",56,"R",861,"R",70,"R",0,"R",1232,"R",6,"R",5,"R",867,"R",70,"A",,"A",,"A",,"A",,"A",,"A",,"A",,"A",,"A",,"A",,"A",,"A",,"A",
193858,"A",,"A",,"A",,"A",,"A",,"A",,"A",,"A",,"A",,"A",,"A",,"A",,"A",,"R",261,"R",0,"R",261,"R",155,"R",59,"R",155,"R",59,"R",0,"R",261,"R",0,"R",0,"R",155,"R",59
193900,"R",5879,"R",7,"R",5872,"R",4589,"R",78,"R",5101,"R",87,"R",2,"R",5870,"R",47,"R",9,"R",5148,"R",88,"A",,"A",,"A",,"A",,"A",,"A",,"A",,"A",,"A",,"A",,"A",,"A",,"A",
193946,"A",,"A",,"A",,"A",,"A",,"A",,"A",,"A",,"A",,"A",,"A",,"A",,"A",,"R",940,"R",0,"R",940,"R",184,"R",20,"R",299,"R",32,"R",0,"R",940,"R",36,"R",45,"R",335,"R",36
193973,"R",641,"R",4,"R",637,"R",412,"R",65,"R",448,"R",70,"R",0,"R",637,"R",1,"R",0,"R",449,"R",70,"A",,"A",,"A",,"A",,"A",,"A",,"A",,"A",,"A",,"A",,"A",,"A",,"A",
193991,"A",,"A",,"A",,"A",,"A",,"A",,"A",,"A",,"A",,"A",,"A",,"A",,"A",,"R",18,"R",0,"R",18,"R",1,"R",6,"R",13,"R",72,"R",0,"R",18,"R",0,"R",0,"R",13,"R",72
194028,"A",,"A",,"A",,"A",,"A",,"A",,"A",,"A",,"A",,"A",,"A",,"A",,"A",,"R",280,"R",0,"R",280,"R",42,"R",15,"R",75,"R",27,"R",0,"R",280,"R",16,"R",4,"R",91,"R",33
194091,"R",698,"R",1,"R",697,"R",262,"R",38,"R",387,"R",56,"R",0,"R",697,"R",4,"R",4,"R",391,"R",56,"A",,"A",,"A",,"A",,"A",,"A",,"A",,"A",,"A",,"A",,"A",,"A",,"A",
194116,"R",1,"R",0,"R",1,"Z",0,"R",0,"R",1,"R",100,"Z",0,"R",1,"R",0,"Z",0,"R",1,"R",100,"A",,"A",,"A",,"A",,"A",,"A",,"A",,"A",,"A",,"A",,"A",,"A",,"A",
194189,"R",5,"R",0,"R",5,"Z",0,"R",0,"R",1,"R",20,"Z",0,"R",5,"R",0,"Z",0,"R",1,"R",20,"A",,"A",,"A",,"A",,"A",,"A",,"A",,"A",,"A",,"A",,"A",,"A",,"A",
194222,"A",,"A",,"A",,"A",,"A",,"A",,"A",,"A",,"A",,"A",,"A",,"A",,"A",,"R",1647,"R",0,"R",1647,"R",280,"R",17,"R",408,"R",25,"R",0,"R",1647,"R",35,"R",45,"R",443,"R",27
194240,"A",,"A",,"A",,"A",,"A",,"A",,"A",,"A",,"A",,"A",,"A",,"A",,"A",,"R",913,"R",0,"R",913,"R",118,"R",13,"R",196,"R",21,"R",0,"R",913,"R",47,"R",83,"R",243,"R",27
194259,"A",,"A",,"A",,"A",,"A",,"A",,"A",,"A",,"A",,"A",,"A",,"A",,"A",,"R",19,"R",0,"R",19,"R",14,"R",74,"R",14,"R",74,"Z",0,"R",19,"R",0,"Z",0,"R",14,"R",74
194310,"R",2052,"R",1,"R",2051,"R",945,"R",46,"R",1211,"R",59,"R",0,"R",2051,"R",19,"R",2,"R",1230,"R",60,"A",,"A",,"A",,"A",,"A",,"A",,"A",,"A",,"A",,"A",,"A",,"A",,"A",
194392,"R",201,"R",0,"R",201,"R",93,"R",46,"R",100,"R",50,"R",0,"R",201,"R",0,"R",0,"R",100,"R",50,"A",,"A",,"A",,"A",,"A",,"A",,"A",,"A",,"A",,"A",,"A",,"A",,"A",
194435,"A",,"A",,"A",,"A",,"A",,"A",,"A",,"A",,"A",,"A",,"A",,"A",,"A",,"R",23,"R",0,"R",23,"R",5,"R",22,"R",18,"R",78,"Z",0,"R",23,"R",0,"Z",0,"R",18,"R",78
194569,"R",23,"R",0,"R",23,"R",13,"R",57,"R",13,"R",57,"Z",0,"R",23,"R",0,"Z",0,"R",13,"R",57,"A",,"A",,"A",,"A",,"A",,"A",,"A",,"A",,"A",,"A",,"A",,"A",,"A",
194578,"R",797,"R",7,"R",790,"R",487,"R",62,"R",570,"R",72,"R",0,"R",790,"R",7,"R",4,"R",577,"R",73,"A",,"A",,"A",,"A",,"A",,"A",,"A",,"A",,"A",,"A",,"A",,"A",,"A",
194657,"R",31,"R",0,"R",31,"Z",0,"R",0,"R",3,"R",10,"R",0,"R",31,"R",9,"R",0,"R",12,"R",39,"A",,"A",,"A",,"A",,"A",,"A",,"A",,"A",,"A",,"A",,"A",,"A",,"A",
194666,"R",60,"R",0,"R",60,"Z",0,"R",0,"R",51,"R",85,"Z",0,"R",60,"R",0,"Z",0,"R",51,"R",85,"A",,"A",,"A",,"A",,"A",,"A",,"A",,"A",,"A",,"A",,"A",,"A",,"A",
194693,"R",21,"R",0,"R",21,"Z",0,"R",0,"R",3,"R",14,"Z",0,"R",21,"R",0,"Z",0,"R",3,"R",14,"A",,"A",,"A",,"A",,"A",,"A",,"A",,"A",,"A",,"A",,"A",,"A",,"A",
194718,"R",10,"R",0,"R",10,"Z",0,"R",0,"Z",0,"R",0,"Z",0,"R",10,"R",0,"Z",0,"R",0,"R",0,"A",,"A",,"A",,"A",,"A",,"A",,"A",,"A",,"A",,"A",,"A",,"A",,"A",
194736,"R",36,"R",0,"R",36,"Z",0,"R",0,"R",14,"R",39,"Z",0,"R",36,"R",0,"Z",0,"R",14,"R",39,"A",,"A",,"A",,"A",,"A",,"A",,"A",,"A",,"A",,"A",,"A",,"A",,"A",
194763,"R",93,"R",0,"R",93,"R",6,"R",6,"R",23,"R",25,"R",0,"R",93,"R",20,"R",1,"R",43,"R",46,"A",,"A",,"A",,"A",,"A",,"A",,"A",,"A",,"A",,"A",,"A",,"A",,"A",
194824,"R",1379,"R",0,"R",1379,"R",971,"R",70,"R",1161,"R",84,"R",0,"R",1379,"R",13,"R",2,"R",1174,"R",85,"A",,"A",,"A",,"A",,"A",,"A",,"A",,"A",,"A",,"A",,"A",,"A",,"A",
194958,"R",236,"R",0,"R",236,"R",129,"R",55,"R",150,"R",64,"Z",0,"R",236,"R",1,"R",0,"R",151,"R",64,"A",,"A",,"A",,"A",,"A",,"A",,"A",,"A",,"A",,"A",,"A",,"A",,"A",
195003,"R",2715,"R",4,"R",2711,"R",673,"R",25,"R",1919,"R",71,"R",0,"R",2711,"R",54,"R",9,"R",1973,"R",73,"A",,"A",,"A",,"A",,"A",,"A",,"A",,"A",,"A",,"A",,"A",,"A",,"A",
195030,"R",1400,"R",0,"R",1400,"R",1059,"R",76,"R",1202,"R",86,"R",6,"R",1394,"R",1,"R",0,"R",1203,"R",86,"A",,"A",,"A",,"A",,"A",,"A",,"A",,"A",,"A",,"A",,"A",,"A",,"A",
195058,"A",,"A",,"A",,"A",,"A",,"A",,"A",,"A",,"A",,"A",,"A",,"A",,"A",,"R",1212,"R",0,"R",1212,"R",230,"R",19,"R",361,"R",30,"R",0,"R",1212,"R",59,"R",75,"R",420,"R",35
195067,"A",,"A",,"A",,"A",,"A",,"A",,"A",,"A",,"A",,"A",,"A",,"A",,"A",,"R",135,"R",0,"R",135,"R",0,"R",0,"R",56,"R",41,"Z",0,"R",135,"R",0,"Z",0,"R",56,"R",41
195128,"R",262,"R",0,"R",262,"R",137,"R",52,"R",164,"R",63,"R",0,"R",262,"R",1,"R",0,"R",165,"R",63,"A",,"A",,"A",,"A",,"A",,"A",,"A",,"A",,"A",,"A",,"A",,"A",,"A",
195164,"R",390,"R",0,"R",390,"R",267,"R",68,"R",277,"R",71,"R",0,"R",390,"R",1,"R",0,"R",278,"R",71,"A",,"A",,"A",,"A",,"A",,"A",,"A",,"A",,"A",,"A",,"A",,"A",,"A",
195173,"R",533,"R",0,"R",533,"R",163,"R",31,"R",269,"R",50,"R",0,"R",533,"R",10,"R",0,"R",279,"R",52,"A",,"A",,"A",,"A",,"A",,"A",,"A",,"A",,"A",,"A",,"A",,"A",,"A",
195191,"A",,"A",,"A",,"A",,"A",,"A",,"A",,"A",,"A",,"A",,"A",,"A",,"A",,"R",6,"R",0,"R",6,"R",6,"R",100,"R",6,"R",100,"Z",0,"R",6,"R",0,"Z",0,"R",6,"R",100
195216,"R",679,"R",1,"R",678,"R",525,"R",77,"R",555,"R",82,"Z",0,"R",678,"R",0,"Z",0,"R",555,"R",82,"A",,"A",,"A",,"A",,"A",,"A",,"A",,"A",,"A",,"A",,"A",,"A",,"A",
195234,"R",630,"R",1,"R",629,"R",292,"R",46,"R",371,"R",59,"R",0,"R",629,"R",4,"R",2,"R",375,"R",60,"A",,"A",,"A",,"A",,"A",,"A",,"A",,"A",,"A",,"A",,"A",,"A",,"A",
195243,"R",272,"R",0,"R",272,"R",119,"R",44,"R",150,"R",55,"R",0,"R",272,"R",2,"R",0,"R",152,"R",56,"A",,"A",,"A",,"A",,"A",,"A",,"A",,"A",,"A",,"A",,"A",,"A",,"A",
195289,"A",,"A",,"A",,"A",,"A",,"A",,"A",,"A",,"A",,"A",,"A",,"A",,"A",,"R",3,"R",0,"R",3,"Z",0,"R",0,"R",1,"R",33,"Z",0,"R",3,"R",0,"Z",0,"R",1,"R",33
195304,"R",353,"R",0,"R",353,"R",238,"R",67,"R",270,"R",76,"Z",0,"R",353,"R",3,"R",0,"R",273,"R",77,"A",,"A",,"A",,"A",,"A",,"A",,"A",,"A",,"A",,"A",,"A",,"A",,"A",
195322,"A",,"A",,"A",,"A",,"A",,"A",,"A",,"A",,"A",,"A",,"A",,"A",,"A",,"R",466,"R",0,"R",466,"R",90,"R",19,"R",127,"R",27,"R",0,"R",466,"R",14,"R",15,"R",141,"R",30
195438,"R",7,"R",0,"R",7,"Z",0,"R",0,"Z",0,"R",0,"Z",0,"R",7,"R",0,"Z",0,"R",0,"R",0,"A",,"A",,"A",,"A",,"A",,"A",,"A",,"A",,"A",,"A",,"A",,"A",,"A",
195474,"R",753,"R",0,"R",753,"R",542,"R",72,"R",583,"R",77,"R",1,"R",752,"R",4,"R",1,"R",587,"R",78,"A",,"A",,"A",,"A",,"A",,"A",,"A",,"A",,"A",,"A",,"A",,"A",,"A",
195526,"R",686,"R",2,"R",684,"R",551,"R",81,"R",572,"R",84,"R",0,"R",684,"R",2,"R",0,"R",574,"R",84,"A",,"A",,"A",,"A",,"A",,"A",,"A",,"A",,"A",,"A",,"A",,"A",,"A",
195544,"R",507,"R",0,"R",507,"R",314,"R",62,"R",359,"R",71,"R",0,"R",507,"R",2,"R",5,"R",361,"R",71,"A",,"A",,"A",,"A",,"A",,"A",,"A",,"A",,"A",,"A",,"A",,"A",,"A",
195720,"R",552,"R",0,"R",552,"R",359,"R",65,"R",403,"R",73,"R",0,"R",552,"R",2,"R",0,"R",405,"R",73,"A",,"A",,"A",,"A",,"A",,"A",,"A",,"A",,"A",,"A",,"A",,"A",,"A",
195784,"A",,"A",,"A",,"A",,"A",,"A",,"A",,"A",,"A",,"A",,"A",,"A",,"A",,"R",117,"R",0,"R",117,"R",28,"R",24,"R",56,"R",48,"Z",0,"R",117,"R",0,"Z",0,"R",56,"R",48
195809,"R",3238,"R",2,"R",3236,"R",1675,"R",52,"R",2210,"R",68,"R",0,"R",3236,"R",46,"R",2,"R",2256,"R",70,"A",,"A",,"A",,"A",,"A",,"A",,"A",,"A",,"A",,"A",,"A",,"A",,"A",
195988,"A",,"A",,"A",,"A",,"A",,"A",,"A",,"A",,"A",,"A",,"A",,"A",,"A",,"R",328,"R",0,"R",328,"R",55,"R",17,"R",78,"R",24,"R",0,"R",328,"R",6,"R",17,"R",84,"R",26
196006,"R",231,"R",0,"R",231,"R",76,"R",33,"R",99,"R",43,"R",0,"R",231,"R",2,"R",0,"R",101,"R",44,"A",,"A",,"A",,"A",,"A",,"A",,"A",,"A",,"A",,"A",,"A",,"A",,"A",
196015,"R",126,"R",0,"R",126,"R",46,"R",37,"R",55,"R",44,"R",0,"R",126,"R",1,"R",1,"R",56,"R",44,"A",,"A",,"A",,"A",,"A",,"A",,"A",,"A",,"A",,"A",,"A",,"A",,"A",
196024,"R",78,"R",0,"R",78,"R",32,"R",41,"R",38,"R",49,"R",0,"R",78,"R",1,"R",0,"R",39,"R",50,"A",,"A",,"A",,"A",,"A",,"A",,"A",,"A",,"A",,"A",,"A",,"A",,"A",
196033,"R",171,"R",0,"R",171,"R",70,"R",41,"R",80,"R",47,"R",0,"R",171,"R",2,"R",0,"R",82,"R",48,"A",,"A",,"A",,"A",,"A",,"A",,"A",,"A",,"A",,"A",,"A",,"A",,"A",
196042,"R",542,"R",0,"R",542,"R",170,"R",31,"R",283,"R",52,"R",0,"R",542,"R",15,"R",4,"R",298,"R",55,"A",,"A",,"A",,"A",,"A",,"A",,"A",,"A",,"A",,"A",,"A",,"A",,"A",
196051,"R",167,"R",0,"R",167,"R",44,"R",26,"R",57,"R",34,"R",0,"R",167,"R",1,"R",1,"R",58,"R",35,"A",,"A",,"A",,"A",,"A",,"A",,"A",,"A",,"A",,"A",,"A",,"A",,"A",
196060,"R",2588,"R",0,"R",2588,"R",1533,"R",59,"R",1715,"R",66,"R",0,"R",2588,"R",23,"R",2,"R",1738,"R",67,"A",,"A",,"A",,"A",,"A",,"A",,"A",,"A",,"A",,"A",,"A",,"A",,"A",
196079,"R",2588,"R",5,"R",2583,"R",1933,"R",75,"R",2165,"R",84,"R",0,"R",2583,"R",18,"R",2,"R",2183,"R",85,"A",,"A",,"A",,"A",,"A",,"A",,"A",,"A",,"A",,"A",,"A",,"A",,"A",
196088,"R",3436,"R",7,"R",3429,"R",2057,"R",60,"R",2530,"R",74,"R",0,"R",3429,"R",29,"R",4,"R",2559,"R",75,"A",,"A",,"A",,"A",,"A",,"A",,"A",,"A",,"A",,"A",,"A",,"A",,"A",
196097,"R",2836,"R",3,"R",2833,"R",1826,"R",64,"R",2200,"R",78,"R",0,"R",2833,"R",36,"R",10,"R",2236,"R",79,"A",,"A",,"A",,"A",,"A",,"A",,"A",,"A",,"A",,"A",,"A",,"A",,"A",
196103,"R",318,"R",0,"R",318,"R",216,"R",68,"R",239,"R",75,"R",0,"R",318,"R",1,"R",0,"R",240,"R",75,"A",,"A",,"A",,"A",,"A",,"A",,"A",,"A",,"A",,"A",,"A",,"A",,"A",
196112,"R",347,"R",0,"R",347,"R",200,"R",58,"R",227,"R",65,"R",0,"R",347,"R",2,"R",1,"R",229,"R",66,"A",,"A",,"A",,"A",,"A",,"A",,"A",,"A",,"A",,"A",,"A",,"A",,"A",
196121,"R",1144,"R",3,"R",1141,"R",543,"R",48,"R",721,"R",63,"R",0,"R",1141,"R",12,"R",3,"R",733,"R",64,"A",,"A",,"A",,"A",,"A",,"A",,"A",,"A",,"A",,"A",,"A",,"A",,"A",
196130,"R",1835,"R",0,"R",1835,"R",493,"R",27,"R",756,"R",41,"R",0,"R",1835,"R",19,"R",11,"R",775,"R",42,"A",,"A",,"A",,"A",,"A",,"A",,"A",,"A",,"A",,"A",,"A",,"A",,"A",
196149,"R",1214,"R",0,"R",1214,"R",617,"R",51,"R",788,"R",65,"R",0,"R",1214,"R",9,"R",0,"R",797,"R",66,"A",,"A",,"A",,"A",,"A",,"A",,"A",,"A",,"A",,"A",,"A",,"A",,"A",
196158,"R",918,"R",0,"R",918,"R",435,"R",47,"R",569,"R",62,"R",0,"R",918,"R",9,"R",2,"R",578,"R",63,"A",,"A",,"A",,"A",,"A",,"A",,"A",,"A",,"A",,"A",,"A",,"A",,"A",
196167,"R",1328,"R",1,"R",1327,"R",919,"R",69,"R",1010,"R",76,"R",0,"R",1327,"R",10,"R",2,"R",1020,"R",77,"A",,"A",,"A",,"A",,"A",,"A",,"A",,"A",,"A",,"A",,"A",,"A",,"A",
196176,"R",1069,"R",0,"R",1069,"R",623,"R",58,"R",784,"R",73,"R",0,"R",1069,"R",10,"R",1,"R",794,"R",74,"A",,"A",,"A",,"A",,"A",,"A",,"A",,"A",,"A",,"A",,"A",,"A",,"A",
196185,"R",1130,"R",0,"R",1130,"R",730,"R",65,"R",836,"R",74,"R",0,"R",1130,"R",5,"R",0,"R",841,"R",74,"A",,"A",,"A",,"A",,"A",,"A",,"A",,"A",,"A",,"A",,"A",,"A",,"A",
196194,"R",1481,"R",0,"R",1481,"R",797,"R",54,"R",983,"R",66,"R",0,"R",1481,"R",11,"R",4,"R",994,"R",67,"A",,"A",,"A",,"A",,"A",,"A",,"A",,"A",,"A",,"A",,"A",,"A",,"A",
196200,"R",848,"R",0,"R",848,"R",291,"R",34,"R",422,"R",50,"R",0,"R",848,"R",5,"R",0,"R",427,"R",50,"A",,"A",,"A",,"A",,"A",,"A",,"A",,"A",,"A",,"A",,"A",,"A",,"A",
196219,"R",778,"R",0,"R",778,"R",432,"R",56,"R",494,"R",63,"R",0,"R",778,"R",10,"R",2,"R",504,"R",65,"A",,"A",,"A",,"A",,"A",,"A",,"A",,"A",,"A",,"A",,"A",,"A",,"A",
196237,"R",372,"R",0,"R",372,"R",115,"R",31,"R",179,"R",48,"R",0,"R",372,"R",8,"R",6,"R",187,"R",50,"A",,"A",,"A",,"A",,"A",,"A",,"A",,"A",,"A",,"A",,"A",,"A",,"A",
196246,"R",962,"R",0,"R",962,"R",486,"R",51,"R",622,"R",65,"R",0,"R",962,"R",3,"R",2,"R",625,"R",65,"A",,"A",,"A",,"A",,"A",,"A",,"A",,"A",,"A",,"A",,"A",,"A",,"A",
196264,"R",87,"R",0,"R",87,"R",12,"R",14,"R",16,"R",18,"R",0,"R",87,"R",1,"R",1,"R",17,"R",20,"A",,"A",,"A",,"A",,"A",,"A",,"A",,"A",,"A",,"A",,"A",,"A",,"A",
196291,"R",329,"R",0,"R",329,"R",170,"R",52,"R",243,"R",74,"R",0,"R",329,"R",4,"R",0,"R",247,"R",75,"A",,"A",,"A",,"A",,"A",,"A",,"A",,"A",,"A",,"A",,"A",,"A",,"A",
196389,"A",,"A",,"A",,"A",,"A",,"A",,"A",,"A",,"A",,"A",,"A",,"A",,"A",,"R",325,"R",0,"R",325,"R",103,"R",32,"R",103,"R",32,"Z",0,"R",325,"R",0,"R",0,"R",103,"R",32
196413,"R",3478,"R",14,"R",3464,"R",2485,"R",72,"R",2856,"R",82,"R",0,"R",3464,"R",32,"R",3,"R",2888,"R",83,"A",,"A",,"A",,"A",,"A",,"A",,"A",,"A",,"A",,"A",,"A",,"A",,"A",
196431,"R",44,"R",0,"R",44,"Z",0,"R",0,"R",2,"R",5,"Z",0,"R",44,"R",0,"Z",0,"R",2,"R",5,"A",,"A",,"A",,"A",,"A",,"A",,"A",,"A",,"A",,"A",,"A",,"A",,"A",
196565,"A",,"A",,"A",,"A",,"A",,"A",,"A",,"A",,"A",,"A",,"A",,"A",,"A",,"R",537,"R",0,"R",537,"R",97,"R",18,"R",126,"R",23,"R",0,"R",537,"R",15,"R",19,"R",141,"R",26
196583,"R",21,"R",0,"R",21,"R",2,"R",10,"R",2,"R",10,"Z",0,"R",21,"R",0,"Z",0,"R",2,"R",10,"A",,"A",,"A",,"A",,"A",,"A",,"A",,"A",,"A",,"A",,"A",,"A",,"A",
196592,"R",429,"R",0,"R",429,"R",243,"R",57,"R",299,"R",70,"Z",0,"R",429,"R",11,"Z",0,"R",310,"R",72,"A",,"A",,"A",,"A",,"A",,"A",,"A",,"A",,"A",,"A",,"A",,"A",,"A",
196699,"A",,"A",,"A",,"A",,"A",,"A",,"A",,"A",,"A",,"A",,"A",,"A",,"A",,"R",433,"R",1,"R",432,"R",93,"R",22,"R",125,"R",29,"R",0,"R",432,"R",16,"R",15,"R",141,"R",33
196866,"R",568,"R",0,"R",568,"R",452,"R",80,"R",480,"R",85,"Z",0,"R",568,"R",3,"R",0,"R",483,"R",85,"A",,"A",,"A",,"A",,"A",,"A",,"A",,"A",,"A",,"A",,"A",,"A",,"A",
197018,"R",478,"R",0,"R",478,"R",1,"R",0,"R",243,"R",51,"Z",0,"R",478,"R",0,"Z",0,"R",243,"R",51,"A",,"A",,"A",,"A",,"A",,"A",,"A",,"A",,"A",,"A",,"A",,"A",,"A",
197027,"R",186,"R",0,"R",186,"R",137,"R",74,"R",151,"R",81,"Z",0,"R",186,"R",0,"Z",0,"R",151,"R",81,"A",,"A",,"A",,"A",,"A",,"A",,"A",,"A",,"A",,"A",,"A",,"A",,"A",
197036,"R",1245,"R",4,"R",1241,"R",976,"R",79,"R",1037,"R",84,"R",0,"R",1241,"R",3,"R",0,"R",1040,"R",84,"A",,"A",,"A",,"A",,"A",,"A",,"A",,"A",,"A",,"A",,"A",,"A",,"A",
197045,"R",645,"R",0,"R",645,"R",281,"R",44,"R",387,"R",60,"R",0,"R",645,"R",1,"R",3,"R",388,"R",60,"A",,"A",,"A",,"A",,"A",,"A",,"A",,"A",,"A",,"A",,"A",,"A",,"A",
197133,"R",667,"R",0,"R",667,"R",580,"R",87,"R",617,"R",93,"R",0,"R",667,"R",0,"R",1,"R",617,"R",93,"A",,"A",,"A",,"A",,"A",,"A",,"A",,"A",,"A",,"A",,"A",,"A",,"A",
197142,"R",103,"R",0,"R",103,"R",34,"R",33,"R",36,"R",35,"R",0,"R",103,"R",2,"R",0,"R",38,"R",37,"A",,"A",,"A",,"A",,"A",,"A",,"A",,"A",,"A",,"A",,"A",,"A",,"A",
197151,"R",747,"R",0,"R",747,"R",467,"R",63,"R",552,"R",74,"R",0,"R",747,"R",9,"R",1,"R",561,"R",75,"A",,"A",,"A",,"A",,"A",,"A",,"A",,"A",,"A",,"A",,"A",,"A",,"A",
197197,"R",414,"R",0,"R",414,"R",262,"R",63,"R",288,"R",70,"R",0,"R",414,"R",9,"R",0,"R",297,"R",72,"A",,"A",,"A",,"A",,"A",,"A",,"A",,"A",,"A",,"A",,"A",,"A",,"A",
197221,"R",26,"R",0,"R",26,"R",19,"R",73,"R",20,"R",77,"Z",0,"R",26,"R",0,"Z",0,"R",20,"R",77,"A",,"A",,"A",,"A",,"A",,"A",,"A",,"A",,"A",,"A",,"A",,"A",,"A",
197230,"R",169,"R",0,"R",169,"R",87,"R",51,"R",93,"R",55,"Z",0,"R",169,"R",0,"Z",0,"R",93,"R",55,"A",,"A",,"A",,"A",,"A",,"A",,"A",,"A",,"A",,"A",,"A",,"A",,"A",
197285,"R",27,"R",0,"R",27,"R",10,"R",37,"R",12,"R",44,"R",0,"R",27,"R",1,"R",0,"R",13,"R",48,"A",,"A",,"A",,"A",,"A",,"A",,"A",,"A",,"A",,"A",,"A",,"A",,"A",
197294,"A",,"A",,"A",,"A",,"A",,"A",,"A",,"A",,"A",,"A",,"A",,"A",,"A",,"R",1898,"R",0,"R",1898,"R",246,"R",13,"R",445,"R",23,"R",0,"R",1898,"R",78,"R",161,"R",523,"R",28
197337,"A",,"A",,"A",,"A",,"A",,"A",,"A",,"A",,"A",,"A",,"A",,"A",,"A",,"R",12,"R",0,"R",12,"R",1,"R",8,"R",8,"R",67,"Z",0,"R",12,"R",0,"Z",0,"R",8,"R",67
197531,"A",,"A",,"A",,"A",,"A",,"A",,"A",,"A",,"A",,"A",,"A",,"A",,"A",,"R",342,"R",0,"R",342,"R",248,"R",73,"R",254,"R",74,"Z",0,"R",342,"R",0,"Z",0,"R",254,"R",74
197601,"R",28,"R",0,"R",28,"Z",0,"R",0,"R",14,"R",50,"Z",0,"R",28,"R",0,"Z",0,"R",14,"R",50,"A",,"A",,"A",,"A",,"A",,"A",,"A",,"A",,"A",,"A",,"A",,"A",,"A",
197647,"R",22,"R",0,"R",22,"Z",0,"R",0,"R",4,"R",18,"Z",0,"R",22,"R",0,"Z",0,"R",4,"R",18,"A",,"A",,"A",,"A",,"A",,"A",,"A",,"A",,"A",,"A",,"A",,"A",,"A",
197674,"R",58,"R",0,"R",58,"Z",0,"R",0,"R",12,"R",21,"Z",0,"R",58,"R",0,"Z",0,"R",12,"R",21,"A",,"A",,"A",,"A",,"A",,"A",,"A",,"A",,"A",,"A",,"A",,"A",,"A",
197692,"R",29,"R",0,"R",29,"R",1,"R",3,"R",15,"R",52,"Z",0,"R",29,"R",0,"Z",0,"R",15,"R",52,"A",,"A",,"A",,"A",,"A",,"A",,"A",,"A",,"A",,"A",,"A",,"A",,"A",
197708,"R",521,"R",3,"R",518,"R",367,"R",71,"R",414,"R",80,"R",10,"R",508,"R",4,"R",0,"R",418,"R",82,"A",,"A",,"A",,"A",,"A",,"A",,"A",,"A",,"A",,"A",,"A",,"A",,"A",
197735,"R",107,"R",0,"R",107,"Z",0,"R",0,"R",76,"R",71,"R",0,"R",107,"R",5,"R",0,"R",81,"R",76,"A",,"A",,"A",,"A",,"A",,"A",,"A",,"A",,"A",,"A",,"A",,"A",,"A",
197744,"R",12,"R",0,"R",12,"Z",0,"R",0,"Z",0,"R",0,"Z",0,"R",12,"R",0,"Z",0,"R",0,"R",0,"A",,"A",,"A",,"A",,"A",,"A",,"A",,"A",,"A",,"A",,"A",,"A",,"A",
197814,"A",,"A",,"A",,"A",,"A",,"A",,"A",,"A",,"A",,"A",,"A",,"A",,"A",,"R",171,"R",0,"R",171,"R",53,"R",31,"R",72,"R",42,"R",0,"R",171,"R",3,"R",9,"R",75,"R",44
197850,"A",,"A",,"A",,"A",,"A",,"A",,"A",,"A",,"A",,"A",,"A",,"A",,"A",,"R",151,"R",0,"R",151,"R",31,"R",21,"R",48,"R",32,"R",0,"R",151,"R",1,"R",3,"R",49,"R",32
197869,"R",3047,"R",2,"R",3045,"R",1736,"R",57,"R",2215,"R",73,"R",0,"R",3045,"R",43,"R",12,"R",2258,"R",74,"A",,"A",,"A",,"A",,"A",,"A",,"A",,"A",,"A",,"A",,"A",,"A",,"A",
197887,"A",,"A",,"A",,"A",,"A",,"A",,"A",,"A",,"A",,"A",,"A",,"A",,"A",,"R",415,"R",0,"R",415,"R",93,"R",22,"R",130,"R",31,"R",0,"R",415,"R",27,"R",37,"R",157,"R",38
197911,"R",218,"R",0,"R",218,"R",95,"R",44,"R",113,"R",52,"Z",0,"R",218,"R",1,"R",1,"R",114,"R",52,"A",,"A",,"A",,"A",,"A",,"A",,"A",,"A",,"A",,"A",,"A",,"A",,"A",
197966,"A",,"A",,"A",,"A",,"A",,"A",,"A",,"A",,"A",,"A",,"A",,"A",,"A",,"R",80,"R",0,"R",80,"R",36,"R",45,"R",36,"R",45,"R",0,"R",80,"R",4,"R",3,"R",40,"R",50
197984,"R",308,"R",0,"R",308,"R",121,"R",39,"R",141,"R",46,"Z",0,"R",308,"R",0,"R",0,"R",141,"R",46,"A",,"A",,"A",,"A",,"A",,"A",,"A",,"A",,"A",,"A",,"A",,"A",,"A",
197993,"R",139,"R",0,"R",139,"R",19,"R",14,"R",31,"R",22,"R",0,"R",139,"R",0,"R",0,"R",31,"R",22,"A",,"A",,"A",,"A",,"A",,"A",,"A",,"A",,"A",,"A",,"A",,"A",,"A",
198011,"A",,"A",,"A",,"A",,"A",,"A",,"A",,"A",,"A",,"A",,"A",,"A",,"A",,"R",36,"R",0,"R",36,"R",14,"R",39,"R",17,"R",47,"R",0,"R",36,"R",1,"R",3,"R",18,"R",50
198039,"A",,"A",,"A",,"A",,"A",,"A",,"A",,"A",,"A",,"A",,"A",,"A",,"A",,"R",149,"R",0,"R",149,"R",41,"R",28,"R",75,"R",50,"R",0,"R",149,"R",7,"R",18,"R",82,"R",55
198066,"R",246,"R",0,"R",246,"R",63,"R",26,"R",80,"R",33,"Z",0,"R",246,"R",0,"Z",0,"R",80,"R",33,"A",,"A",,"A",,"A",,"A",,"A",,"A",,"A",,"A",,"A",,"A",,"A",,"A",
198084,"A",,"A",,"A",,"A",,"A",,"A",,"A",,"A",,"A",,"A",,"A",,"A",,"A",,"R",228,"R",0,"R",228,"R",51,"R",22,"R",92,"R",40,"R",0,"R",228,"R",23,"R",10,"R",115,"R",50
198118,"A",,"A",,"A",,"A",,"A",,"A",,"A",,"A",,"A",,"A",,"A",,"A",,"A",,"R",379,"R",0,"R",379,"R",106,"R",28,"R",152,"R",40,"R",0,"R",379,"R",31,"R",8,"R",183,"R",48
198136,"R",953,"R",0,"R",953,"R",385,"R",40,"R",526,"R",55,"R",0,"R",953,"R",5,"R",2,"R",531,"R",56,"A",,"A",,"A",,"A",,"A",,"A",,"A",,"A",,"A",,"A",,"A",,"A",,"A",
198154,"A",,"A",,"A",,"A",,"A",,"A",,"A",,"A",,"A",,"A",,"A",,"A",,"A",,"R",966,"R",0,"R",966,"R",285,"R",30,"R",285,"R",30,"R",39,"R",927,"R",44,"R",136,"R",329,"R",35
198206,"A",,"A",,"A",,"A",,"A",,"A",,"A",,"A",,"A",,"A",,"A",,"A",,"A",,"R",125,"R",0,"R",125,"R",28,"R",22,"R",44,"R",35,"Z",0,"R",125,"R",4,"R",4,"R",48,"R",38
198215,"R",311,"R",0,"R",311,"R",167,"R",54,"R",186,"R",60,"Z",0,"R",311,"R",0,"Z",0,"R",186,"R",60,"A",,"A",,"A",,"A",,"A",,"A",,"A",,"A",,"A",,"A",,"A",,"A",,"A",
198233,"A",,"A",,"A",,"A",,"A",,"A",,"A",,"A",,"A",,"A",,"A",,"A",,"A",,"R",351,"R",0,"R",351,"R",59,"R",17,"R",109,"R",31,"R",0,"R",351,"R",23,"R",15,"R",132,"R",38
198251,"A",,"A",,"A",,"A",,"A",,"A",,"A",,"A",,"A",,"A",,"A",,"A",,"A",,"R",706,"R",0,"R",706,"R",160,"R",23,"R",232,"R",33,"R",0,"R",706,"R",36,"R",81,"R",268,"R",38
198260,"A",,"A",,"A",,"A",,"A",,"A",,"A",,"A",,"A",,"A",,"A",,"A",,"A",,"R",1408,"R",0,"R",1408,"R",195,"R",14,"R",320,"R",23,"Z",0,"R",1408,"R",64,"R",102,"R",384,"R",27
198303,"R",552,"R",0,"R",552,"R",101,"R",18,"R",158,"R",29,"R",0,"R",552,"R",0,"R",1,"R",158,"R",29,"A",,"A",,"A",,"A",,"A",,"A",,"A",,"A",,"A",,"A",,"A",,"A",,"A",
198321,"A",,"A",,"A",,"A",,"A",,"A",,"A",,"A",,"A",,"A",,"A",,"A",,"A",,"R",159,"R",0,"R",159,"R",43,"R",27,"R",54,"R",34,"Z",0,"R",159,"R",6,"R",13,"R",60,"R",38
198330,"A",,"A",,"A",,"A",,"A",,"A",,"A",,"A",,"A",,"A",,"A",,"A",,"A",,"R",505,"R",0,"R",505,"R",92,"R",18,"R",191,"R",38,"R",0,"R",505,"R",21,"R",25,"R",212,"R",42
198367,"A",,"A",,"A",,"A",,"A",,"A",,"A",,"A",,"A",,"A",,"A",,"A",,"A",,"R",193,"R",0,"R",193,"R",52,"R",27,"R",75,"R",39,"Z",0,"R",193,"R",12,"R",12,"R",87,"R",45
198376,"A",,"A",,"A",,"A",,"A",,"A",,"A",,"A",,"A",,"A",,"A",,"A",,"A",,"R",379,"R",0,"R",379,"R",91,"R",24,"R",138,"R",36,"R",0,"R",379,"R",18,"R",4,"R",156,"R",41
198385,"R",510,"R",0,"R",510,"R",439,"R",86,"R",457,"R",90,"R",0,"R",510,"R",2,"R",0,"R",459,"R",90,"A",,"A",,"A",,"A",,"A",,"A",,"A",,"A",,"A",,"A",,"A",,"A",,"A",
198419,"R",1746,"R",1,"R",1745,"R",1557,"R",89,"R",1673,"R",96,"R",0,"R",1745,"R",7,"R",0,"R",1680,"R",96,"A",,"A",,"A",,"A",,"A",,"A",,"A",,"A",,"A",,"A",,"A",,"A",,"A",
198455,"A",,"A",,"A",,"A",,"A",,"A",,"A",,"A",,"A",,"A",,"A",,"A",,"A",,"R",222,"R",0,"R",222,"R",28,"R",13,"R",53,"R",24,"Z",0,"R",222,"R",3,"R",7,"R",56,"R",25
198464,"R",4244,"R",10,"R",4234,"R",1902,"R",45,"R",2785,"R",66,"R",0,"R",4234,"R",52,"R",17,"R",2837,"R",67,"A",,"A",,"A",,"A",,"A",,"A",,"A",,"A",,"A",,"A",,"A",,"A",,"A",
198491,"A",,"A",,"A",,"A",,"A",,"A",,"A",,"A",,"A",,"A",,"A",,"A",,"A",,"R",130,"R",0,"R",130,"R",34,"R",26,"R",36,"R",28,"R",0,"R",130,"R",15,"R",9,"R",51,"R",39
198507,"R",264,"R",0,"R",264,"R",52,"R",20,"R",105,"R",40,"R",0,"R",264,"R",3,"R",1,"R",108,"R",41,"A",,"A",,"A",,"A",,"A",,"A",,"A",,"A",,"A",,"A",,"A",,"A",,"A",
198516,"R",1524,"R",0,"R",1524,"R",1206,"R",79,"R",1270,"R",83,"R",0,"R",1524,"R",5,"R",0,"R",1275,"R",84,"A",,"A",,"A",,"A",,"A",,"A",,"A",,"A",,"A",,"A",,"A",,"A",,"A",
198534,"A",,"A",,"A",,"A",,"A",,"A",,"A",,"A",,"A",,"A",,"A",,"A",,"A",,"R",772,"R",9,"R",763,"R",46,"R",6,"R",122,"R",16,"R",0,"R",763,"R",15,"R",50,"R",137,"R",18
198543,"R",627,"R",0,"R",627,"R",143,"R",23,"R",234,"R",37,"R",0,"R",627,"R",10,"R",7,"R",244,"R",39,"A",,"A",,"A",,"A",,"A",,"A",,"A",,"A",,"A",,"A",,"A",,"A",,"A",
198552,"A",,"A",,"A",,"A",,"A",,"A",,"A",,"A",,"A",,"A",,"A",,"A",,"A",,"R",552,"R",0,"R",552,"R",88,"R",16,"R",159,"R",29,"R",0,"R",552,"R",25,"R",43,"R",184,"R",33
198561,"R",453,"R",0,"R",453,"R",163,"R",36,"R",208,"R",46,"Z",0,"R",453,"R",0,"Z",0,"R",208,"R",46,"A",,"A",,"A",,"A",,"A",,"A",,"A",,"A",,"A",,"A",,"A",,"A",,"A",
198570,"A",,"A",,"A",,"A",,"A",,"A",,"A",,"A",,"A",,"A",,"A",,"A",,"A",,"R",290,"R",0,"R",290,"R",76,"R",26,"R",126,"R",43,"R",0,"R",290,"R",8,"R",6,"R",134,"R",46
198598,"R",226,"R",0,"R",226,"R",58,"R",26,"R",68,"R",30,"Z",0,"R",226,"R",0,"Z",0,"R",68,"R",30,"A",,"A",,"A",,"A",,"A",,"A",,"A",,"A",,"A",,"A",,"A",,"A",,"A",
198613,"R",311,"R",0,"R",311,"R",141,"R",45,"R",170,"R",55,"Z",0,"R",311,"R",1,"R",0,"R",171,"R",55,"A",,"A",,"A",,"A",,"A",,"A",,"A",,"A",,"A",,"A",,"A",,"A",,"A",
198622,"A",,"A",,"A",,"A",,"A",,"A",,"A",,"A",,"A",,"A",,"A",,"A",,"A",,"R",932,"R",2,"R",930,"R",147,"R",16,"R",259,"R",28,"R",0,"R",930,"R",42,"R",48,"R",301,"R",32
198640,"A",,"A",,"A",,"A",,"A",,"A",,"A",,"A",,"A",,"A",,"A",,"A",,"A",,"R",128,"R",0,"R",128,"R",22,"R",17,"R",36,"R",28,"R",0,"R",128,"R",1,"R",9,"R",37,"R",29
198668,"A",,"A",,"A",,"A",,"A",,"A",,"A",,"A",,"A",,"A",,"A",,"A",,"A",,"R",229,"R",0,"R",229,"R",50,"R",22,"R",66,"R",29,"R",0,"R",229,"R",9,"R",8,"R",75,"R",33
198677,"R",4,"R",0,"R",4,"R",1,"R",25,"R",1,"R",25,"Z",0,"R",4,"R",0,"Z",0,"R",1,"R",25,"A",,"A",,"A",,"A",,"A",,"A",,"A",,"A",,"A",,"A",,"A",,"A",,"A",
198695,"R",1348,"R",0,"R",1348,"R",882,"R",65,"R",946,"R",70,"R",0,"R",1348,"R",2,"R",0,"R",948,"R",70,"A",,"A",,"A",,"A",,"A",,"A",,"A",,"A",,"A",,"A",,"A",,"A",,"A",
198710,"A",,"A",,"A",,"A",,"A",,"A",,"A",,"A",,"A",,"A",,"A",,"A",,"A",,"R",200,"R",0,"R",200,"R",73,"R",37,"R",106,"R",53,"R",0,"R",200,"R",8,"R",9,"R",114,"R",57
198729,"A",,"A",,"A",,"A",,"A",,"A",,"A",,"A",,"A",,"A",,"A",,"A",,"A",,"R",75,"R",0,"R",75,"R",17,"R",23,"R",26,"R",35,"Z",0,"R",75,"R",1,"R",11,"R",27,"R",36
198756,"R",333,"R",0,"R",333,"R",79,"R",24,"R",130,"R",39,"Z",0,"R",333,"R",7,"R",1,"R",137,"R",41,"A",,"A",,"A",,"A",,"A",,"A",,"A",,"A",,"A",,"A",,"A",,"A",,"A",
198774,"A",,"A",,"A",,"A",,"A",,"A",,"A",,"A",,"A",,"A",,"A",,"A",,"A",,"R",414,"R",0,"R",414,"R",64,"R",15,"R",195,"R",47,"Z",0,"R",414,"R",12,"R",2,"R",207,"R",50
198808,"R",198,"R",0,"R",198,"R",71,"R",36,"R",80,"R",40,"Z",0,"R",198,"R",0,"Z",0,"R",80,"R",40,"A",,"A",,"A",,"A",,"A",,"A",,"A",,"A",,"A",,"A",,"A",,"A",,"A",
198817,"A",,"A",,"A",,"A",,"A",,"A",,"A",,"A",,"A",,"A",,"A",,"A",,"A",,"R",169,"R",0,"R",169,"R",31,"R",18,"R",49,"R",29,"R",0,"R",169,"R",9,"R",13,"R",58,"R",34
198835,"R",447,"R",1,"R",446,"R",173,"R",39,"R",215,"R",48,"Z",0,"R",446,"R",2,"Z",0,"R",217,"R",49,"A",,"A",,"A",,"A",,"A",,"A",,"A",,"A",,"A",,"A",,"A",,"A",,"A",
198844,"A",,"A",,"A",,"A",,"A",,"A",,"A",,"A",,"A",,"A",,"A",,"A",,"A",,"R",143,"R",0,"R",143,"R",53,"R",37,"R",92,"R",64,"R",0,"R",143,"R",5,"R",0,"R",97,"R",68
198862,"R",421,"R",0,"R",421,"R",60,"R",14,"R",97,"R",23,"R",0,"R",421,"R",3,"R",1,"R",100,"R",24,"A",,"A",,"A",,"A",,"A",,"A",,"A",,"A",,"A",,"A",,"A",,"A",,"A",
198871,"A",,"A",,"A",,"A",,"A",,"A",,"A",,"A",,"A",,"A",,"A",,"A",,"A",,"R",279,"R",5,"R",274,"R",106,"R",39,"R",190,"R",69,"Z",0,"R",274,"R",0,"Z",0,"R",190,"R",69
198899,"R",385,"R",0,"R",385,"R",107,"R",28,"R",129,"R",34,"R",0,"R",385,"R",1,"R",0,"R",130,"R",34,"A",,"A",,"A",,"A",,"A",,"A",,"A",,"A",,"A",,"A",,"A",,"A",,"A",
198905,"A",,"A",,"A",,"A",,"A",,"A",,"A",,"A",,"A",,"A",,"A",,"A",,"A",,"R",53,"R",0,"R",53,"R",16,"R",30,"R",25,"R",47,"R",0,"R",53,"R",1,"R",1,"R",26,"R",49
198914,"A",,"A",,"A",,"A",,"A",,"A",,"A",,"A",,"A",,"A",,"A",,"A",,"A",,"R",29,"R",0,"R",29,"R",7,"R",24,"R",7,"R",24,"R",0,"R",29,"R",0,"R",1,"R",7,"R",24
198923,"A",,"A",,"A",,"A",,"A",,"A",,"A",,"A",,"A",,"A",,"A",,"A",,"A",,"R",80,"R",0,"R",80,"R",25,"R",31,"R",36,"R",45,"R",0,"R",80,"R",2,"R",4,"R",38,"R",48
198950,"R",438,"R",0,"R",438,"R",280,"R",64,"R",300,"R",68,"R",0,"R",438,"R",1,"R",0,"R",301,"R",69,"A",,"A",,"A",,"A",,"A",,"A",,"A",,"A",,"A",,"A",,"A",,"A",,"A",
198969,"R",487,"R",0,"R",487,"R",111,"R",23,"R",188,"R",39,"R",0,"R",487,"R",2,"R",0,"R",190,"R",39,"A",,"A",,"A",,"A",,"A",,"A",,"A",,"A",,"A",,"A",,"A",,"A",,"A",
198978,"R",203,"R",0,"R",203,"R",38,"R",19,"R",38,"R",19,"R",0,"R",203,"R",3,"R",0,"R",41,"R",20,"A",,"A",,"A",,"A",,"A",,"A",,"A",,"A",,"A",,"A",,"A",,"A",,"A",
198987,"A",,"A",,"A",,"A",,"A",,"A",,"A",,"A",,"A",,"A",,"A",,"A",,"A",,"R",256,"R",0,"R",256,"R",28,"R",11,"R",77,"R",30,"R",0,"R",256,"R",11,"R",73,"R",88,"R",34
199005,"A",,"A",,"A",,"A",,"A",,"A",,"A",,"A",,"A",,"A",,"A",,"A",,"A",,"R",24,"R",0,"R",24,"R",23,"R",96,"R",23,"R",96,"Z",0,"R",24,"R",0,"Z",0,"R",23,"R",96
199023,"A",,"A",,"A",,"A",,"A",,"A",,"A",,"A",,"A",,"A",,"A",,"A",,"A",,"R",58,"R",0,"R",58,"R",15,"R",26,"R",20,"R",34,"Z",0,"R",58,"R",31,"R",7,"R",51,"R",88
199032,"R",124,"R",0,"R",124,"R",32,"R",26,"R",35,"R",28,"R",0,"R",124,"R",4,"R",0,"R",39,"R",31,"A",,"A",,"A",,"A",,"A",,"A",,"A",,"A",,"A",,"A",,"A",,"A",,"A",
199069,"R",272,"R",0,"R",272,"R",99,"R",36,"R",128,"R",47,"R",0,"R",272,"R",4,"R",0,"R",132,"R",49,"A",,"A",,"A",,"A",,"A",,"A",,"A",,"A",,"A",,"A",,"A",,"A",,"A",
199078,"A",,"A",,"A",,"A",,"A",,"A",,"A",,"A",,"A",,"A",,"A",,"A",,"A",,"R",6,"R",0,"R",6,"R",1,"R",17,"R",4,"R",67,"Z",0,"R",6,"R",0,"Z",0,"R",4,"R",67
199087,"A",,"A",,"A",,"A",,"A",,"A",,"A",,"A",,"A",,"A",,"A",,"A",,"A",,"R",196,"R",0,"R",196,"R",63,"R",32,"R",78,"R",40,"R",0,"R",196,"R",9,"R",13,"R",87,"R",44
199102,"R",1773,"R",0,"R",1773,"R",509,"R",29,"R",941,"R",53,"R",5,"R",1768,"R",31,"R",15,"R",972,"R",55,"A",,"A",,"A",,"A",,"A",,"A",,"A",,"A",,"A",,"A",,"A",,"A",,"A",
199111,"R",734,"R",0,"R",734,"R",351,"R",48,"R",474,"R",65,"R",2,"R",732,"R",5,"R",2,"R",479,"R",65,"A",,"A",,"A",,"A",,"A",,"A",,"A",,"A",,"A",,"A",,"A",,"A",,"A",
199120,"R",4073,"R",0,"R",4073,"R",3462,"R",85,"R",3743,"R",92,"R",0,"R",4073,"R",13,"R",10,"R",3756,"R",92,"A",,"A",,"A",,"A",,"A",,"A",,"A",,"A",,"A",,"A",,"A",,"A",,"A",
199139,"R",3438,"R",3,"R",3435,"R",1470,"R",43,"R",2255,"R",66,"R",0,"R",3435,"R",72,"R",21,"R",2327,"R",68,"A",,"A",,"A",,"A",,"A",,"A",,"A",,"A",,"A",,"A",,"A",,"A",,"A",
199148,"R",2757,"R",1,"R",2756,"R",1053,"R",38,"R",1586,"R",58,"R",0,"R",2756,"R",43,"R",18,"R",1629,"R",59,"A",,"A",,"A",,"A",,"A",,"A",,"A",,"A",,"A",,"A",,"A",,"A",,"A",
199157,"R",1101,"R",0,"R",1101,"R",315,"R",29,"R",559,"R",51,"R",0,"R",1101,"R",16,"R",14,"R",575,"R",52,"A",,"A",,"A",,"A",,"A",,"A",,"A",,"A",,"A",,"A",,"A",,"A",,"A",
199184,"R",198,"R",0,"R",198,"R",133,"R",67,"R",138,"R",70,"R",0,"R",198,"R",5,"R",0,"R",143,"R",72,"A",,"A",,"A",,"A",,"A",,"A",,"A",,"A",,"A",,"A",,"A",,"A",,"A",
199193,"R",4209,"R",3,"R",4206,"R",2686,"R",64,"R",3576,"R",85,"R",0,"R",4206,"R",36,"R",16,"R",3612,"R",86,"A",,"A",,"A",,"A",,"A",,"A",,"A",,"A",,"A",,"A",,"A",,"A",,"A",
199209,"R",317,"R",4,"R",313,"R",93,"R",30,"R",126,"R",40,"Z",0,"R",313,"R",0,"Z",0,"R",126,"R",40,"A",,"A",,"A",,"A",,"A",,"A",,"A",,"A",,"A",,"A",,"A",,"A",,"A",
199218,"R",2023,"R",2,"R",2021,"R",1135,"R",56,"R",1450,"R",72,"R",0,"R",2021,"R",23,"R",7,"R",1473,"R",73,"A",,"A",,"A",,"A",,"A",,"A",,"A",,"A",,"A",,"A",,"A",,"A",,"A",
199263,"A",,"A",,"A",,"A",,"A",,"A",,"A",,"A",,"A",,"A",,"A",,"A",,"A",,"R",11,"R",0,"R",11,"R",2,"R",18,"R",2,"R",18,"Z",0,"R",11,"R",0,"Z",0,"R",2,"R",18
199272,"R",214,"R",0,"R",214,"R",73,"R",34,"R",90,"R",42,"R",0,"R",214,"R",0,"R",4,"R",90,"R",42,"A",,"A",,"A",,"A",,"A",,"A",,"A",,"A",,"A",,"A",,"A",,"A",,"A",
199281,"R",1216,"R",0,"R",1216,"R",288,"R",24,"R",525,"R",43,"R",0,"R",1216,"R",21,"R",11,"R",546,"R",45,"A",,"A",,"A",,"A",,"A",,"A",,"A",,"A",,"A",,"A",,"A",,"A",,"A",
199306,"R",160,"R",3,"R",157,"R",45,"R",29,"R",54,"R",34,"Z",0,"R",157,"R",0,"Z",0,"R",54,"R",34,"A",,"A",,"A",,"A",,"A",,"A",,"A",,"A",,"A",,"A",,"A",,"A",,"A",
199324,"A",,"A",,"A",,"A",,"A",,"A",,"A",,"A",,"A",,"A",,"A",,"A",,"A",,"R",109,"R",0,"R",109,"R",22,"R",20,"R",33,"R",30,"R",0,"R",109,"R",6,"R",7,"R",39,"R",36
199333,"A",,"A",,"A",,"A",,"A",,"A",,"A",,"A",,"A",,"A",,"A",,"A",,"A",,"R",988,"R",0,"R",988,"R",132,"R",13,"R",273,"R",28,"R",0,"R",988,"R",51,"R",65,"R",324,"R",33
199412,"R",280,"R",0,"R",280,"R",158,"R",56,"R",180,"R",64,"R",0,"R",280,"R",3,"R",0,"R",183,"R",65,"A",,"A",,"A",,"A",,"A",,"A",,"A",,"A",,"A",,"A",,"A",,"A",,"A",
199421,"A",,"A",,"A",,"A",,"A",,"A",,"A",,"A",,"A",,"A",,"A",,"A",,"A",,"R",265,"R",0,"R",265,"R",74,"R",28,"R",105,"R",40,"R",0,"R",265,"R",19,"R",20,"R",124,"R",47
199449,"A",,"A",,"A",,"A",,"A",,"A",,"A",,"A",,"A",,"A",,"A",,"A",,"A",,"R",187,"R",0,"R",187,"R",43,"R",23,"R",64,"R",34,"R",0,"R",187,"R",19,"R",10,"R",83,"R",44
199458,"R",52,"R",0,"R",52,"R",13,"R",25,"R",24,"R",46,"Z",0,"R",52,"R",0,"Z",0,"R",24,"R",46,"A",,"A",,"A",,"A",,"A",,"A",,"A",,"A",,"A",,"A",,"A",,"A",,"A",
199467,"A",,"A",,"A",,"A",,"A",,"A",,"A",,"A",,"A",,"A",,"A",,"A",,"A",,"R",15,"R",0,"R",15,"R",7,"R",47,"R",7,"R",47,"R",0,"R",15,"R",0,"R",0,"R",7,"R",47
199476,"A",,"A",,"A",,"A",,"A",,"A",,"A",,"A",,"A",,"A",,"A",,"A",,"A",,"R",187,"R",0,"R",187,"R",51,"R",27,"R",77,"R",41,"R",0,"R",187,"R",6,"R",11,"R",83,"R",44
199485,"A",,"A",,"A",,"A",,"A",,"A",,"A",,"A",,"A",,"A",,"A",,"A",,"A",,"R",256,"R",0,"R",256,"R",34,"R",13,"R",58,"R",23,"R",0,"R",256,"R",6,"R",14,"R",64,"R",25
199494,"A",,"A",,"A",,"A",,"A",,"A",,"A",,"A",,"A",,"A",,"A",,"A",,"A",,"R",682,"R",1,"R",681,"R",104,"R",15,"R",209,"R",31,"R",0,"R",681,"R",21,"R",43,"R",230,"R",34
199582,"R",208,"R",0,"R",208,"R",31,"R",15,"R",46,"R",22,"R",0,"R",208,"R",2,"R",0,"R",48,"R",23,"A",,"A",,"A",,"A",,"A",,"A",,"A",,"A",,"A",,"A",,"A",,"A",,"A",
199607,"R",184,"R",0,"R",184,"R",121,"R",66,"R",124,"R",67,"Z",0,"R",184,"R",0,"Z",0,"R",124,"R",67,"A",,"A",,"A",,"A",,"A",,"A",,"A",,"A",,"A",,"A",,"A",,"A",,"A",
199625,"A",,"A",,"A",,"A",,"A",,"A",,"A",,"A",,"A",,"A",,"A",,"A",,"A",,"R",86,"R",0,"R",86,"R",7,"R",8,"R",26,"R",30,"Z",0,"R",86,"R",1,"R",4,"R",27,"R",31
199634,"A",,"A",,"A",,"A",,"A",,"A",,"A",,"A",,"A",,"A",,"A",,"A",,"A",,"R",442,"R",0,"R",442,"R",129,"R",29,"R",176,"R",40,"R",0,"R",442,"R",21,"R",18,"R",197,"R",45
199643,"R",399,"R",0,"R",399,"R",35,"R",9,"R",65,"R",16,"Z",0,"R",399,"R",7,"R",1,"R",72,"R",18,"A",,"A",,"A",,"A",,"A",,"A",,"A",,"A",,"A",,"A",,"A",,"A",,"A",
199689,"A",,"A",,"A",,"A",,"A",,"A",,"A",,"A",,"A",,"A",,"A",,"A",,"A",,"R",27,"R",0,"R",27,"R",0,"R",0,"R",18,"R",67,"Z",0,"R",27,"R",0,"Z",0,"R",18,"R",67
199698,"R",144,"R",0,"R",144,"R",45,"R",31,"R",45,"R",31,"R",0,"R",144,"R",15,"R",0,"R",60,"R",42,"A",,"A",,"A",,"A",,"A",,"A",,"A",,"A",,"A",,"A",,"A",,"A",,"A",
199722,"A",,"A",,"A",,"A",,"A",,"A",,"A",,"A",,"A",,"A",,"A",,"A",,"A",,"R",56,"R",0,"R",56,"R",15,"R",27,"R",21,"R",38,"R",0,"R",56,"R",3,"R",5,"R",24,"R",43
199731,"A",,"A",,"A",,"A",,"A",,"A",,"A",,"A",,"A",,"A",,"A",,"A",,"A",,"R",117,"R",0,"R",117,"R",31,"R",26,"R",53,"R",45,"R",0,"R",117,"R",8,"R",4,"R",61,"R",52
199740,"A",,"A",,"A",,"A",,"A",,"A",,"A",,"A",,"A",,"A",,"A",,"A",,"A",,"R",192,"R",0,"R",192,"R",40,"R",21,"R",72,"R",38,"R",0,"R",192,"R",17,"R",97,"R",89,"R",46
199759,"R",34,"R",0,"R",34,"R",5,"R",15,"R",18,"R",53,"R",0,"R",34,"R",2,"R",0,"R",20,"R",59,"A",,"A",,"A",,"A",,"A",,"A",,"A",,"A",,"A",,"A",,"A",,"A",,"A",
199768,"A",,"A",,"A",,"A",,"A",,"A",,"A",,"A",,"A",,"A",,"A",,"A",,"A",,"R",215,"R",0,"R",215,"R",32,"R",15,"R",60,"R",28,"R",0,"R",215,"R",18,"R",31,"R",78,"R",36
199786,"A",,"A",,"A",,"A",,"A",,"A",,"A",,"A",,"A",,"A",,"A",,"A",,"A",,"R",366,"R",0,"R",366,"R",70,"R",19,"R",119,"R",33,"R",0,"R",366,"R",11,"R",16,"R",130,"R",36
199795,"A",,"A",,"A",,"A",,"A",,"A",,"A",,"A",,"A",,"A",,"A",,"A",,"A",,"R",76,"R",0,"R",76,"R",17,"R",22,"R",28,"R",37,"R",0,"R",76,"R",3,"R",5,"R",31,"R",41
199838,"A",,"A",,"A",,"A",,"A",,"A",,"A",,"A",,"A",,"A",,"A",,"A",,"A",,"R",221,"R",0,"R",221,"R",43,"R",19,"R",69,"R",31,"R",0,"R",221,"R",13,"R",11,"R",82,"R",37
199847,"R",1284,"R",2,"R",1282,"R",1105,"R",86,"R",1157,"R",90,"R",0,"R",1282,"R",6,"R",1,"R",1163,"R",91,"A",,"A",,"A",,"A",,"A",,"A",,"A",,"A",,"A",,"A",,"A",,"A",,"A",
199856,"A",,"A",,"A",,"A",,"A",,"A",,"A",,"A",,"A",,"A",,"A",,"A",,"A",,"R",1995,"R",2,"R",1993,"R",336,"R",17,"R",624,"R",31,"R",0,"R",1993,"R",166,"R",225,"R",790,"R",40
199865,"R",195,"R",0,"R",195,"R",56,"R",29,"R",76,"R",39,"R",0,"R",195,"R",1,"R",0,"R",77,"R",39,"A",,"A",,"A",,"A",,"A",,"A",,"A",,"A",,"A",,"A",,"A",,"A",,"A",
199892,"A",,"A",,"A",,"A",,"A",,"A",,"A",,"A",,"A",,"A",,"A",,"A",,"A",,"R",270,"R",0,"R",270,"R",83,"R",31,"R",131,"R",49,"Z",0,"R",270,"R",18,"R",23,"R",149,"R",55
199908,"A",,"A",,"A",,"A",,"A",,"A",,"A",,"A",,"A",,"A",,"A",,"A",,"A",,"R",119,"R",0,"R",119,"R",47,"R",39,"R",47,"R",39,"R",0,"R",119,"R",6,"R",6,"R",53,"R",45
199926,"A",,"A",,"A",,"A",,"A",,"A",,"A",,"A",,"A",,"A",,"A",,"A",,"A",,"R",339,"R",0,"R",339,"R",137,"R",40,"R",185,"R",55,"R",0,"R",339,"R",11,"R",11,"R",196,"R",58
199953,"A",,"A",,"A",,"A",,"A",,"A",,"A",,"A",,"A",,"A",,"A",,"A",,"A",,"R",88,"R",0,"R",88,"R",3,"R",3,"R",20,"R",23,"Z",0,"R",88,"R",14,"R",52,"R",34,"R",39
199962,"R",664,"R",0,"R",664,"R",352,"R",53,"R",405,"R",61,"R",0,"R",664,"R",6,"R",0,"R",411,"R",62,"A",,"A",,"A",,"A",,"A",,"A",,"A",,"A",,"A",,"A",,"A",,"A",,"A",
199980,"A",,"A",,"A",,"A",,"A",,"A",,"A",,"A",,"A",,"A",,"A",,"A",,"A",,"R",80,"R",1,"R",79,"R",49,"R",62,"R",49,"R",62,"Z",0,"R",79,"R",0,"Z",0,"R",49,"R",62
199999,"R",865,"R",0,"R",865,"R",245,"R",28,"R",396,"R",46,"R",0,"R",865,"R",11,"R",2,"R",407,"R",47,"A",,"A",,"A",,"A",,"A",,"A",,"A",,"A",,"A",,"A",,"A",,"A",,"A",
200004,"R",1624,"R",4,"R",1620,"R",695,"R",43,"R",994,"R",61,"R",0,"R",1620,"R",11,"R",9,"R",1005,"R",62,"A",,"A",,"A",,"A",,"A",,"A",,"A",,"A",,"A",,"A",,"A",,"A",,"A",
200059,"R",163,"R",0,"R",163,"R",30,"R",18,"R",58,"R",36,"R",0,"R",163,"R",2,"R",0,"R",60,"R",37,"A",,"A",,"A",,"A",,"A",,"A",,"A",,"A",,"A",,"A",,"A",,"A",,"A",
200086,"R",1,"R",0,"R",1,"Z",0,"R",0,"Z",0,"R",0,"R",0,"R",1,"R",0,"R",0,"R",0,"R",0,"A",,"A",,"A",,"A",,"A",,"A",,"A",,"A",,"A",,"A",,"A",,"A",,"A",
200110,"A",,"A",,"A",,"A",,"A",,"A",,"A",,"A",,"A",,"A",,"A",,"A",,"A",,"R",17,"R",0,"R",17,"R",10,"R",59,"R",10,"R",59,"Z",0,"R",17,"R",0,"Z",0,"R",10,"R",59
200156,"R",231,"R",1,"R",230,"R",101,"R",44,"R",127,"R",55,"R",0,"R",230,"R",1,"R",0,"R",128,"R",56,"A",,"A",,"A",,"A",,"A",,"A",,"A",,"A",,"A",,"A",,"A",,"A",,"A",
200192,"A",,"A",,"A",,"A",,"A",,"A",,"A",,"A",,"A",,"A",,"A",,"A",,"A",,"R",198,"R",0,"R",198,"R",77,"R",39,"R",89,"R",45,"R",0,"R",198,"R",12,"R",0,"R",101,"R",51
200208,"A",,"A",,"A",,"A",,"A",,"A",,"A",,"A",,"A",,"A",,"A",,"A",,"A",,"R",27,"R",0,"R",27,"R",3,"R",11,"R",3,"R",11,"R",0,"R",27,"R",1,"R",2,"R",4,"R",15
200217,"R",406,"R",3,"R",403,"R",207,"R",51,"R",259,"R",64,"R",0,"R",403,"R",3,"R",2,"R",262,"R",65,"A",,"A",,"A",,"A",,"A",,"A",,"A",,"A",,"A",,"A",,"A",,"A",,"A",
200226,"R",127,"R",0,"R",127,"R",23,"R",18,"R",39,"R",31,"R",0,"R",127,"R",2,"R",0,"R",41,"R",32,"A",,"A",,"A",,"A",,"A",,"A",,"A",,"A",,"A",,"A",,"A",,"A",,"A",
200253,"R",314,"R",0,"R",314,"R",84,"R",27,"R",146,"R",46,"R",0,"R",314,"R",9,"R",3,"R",155,"R",49,"A",,"A",,"A",,"A",,"A",,"A",,"A",,"A",,"A",,"A",,"A",,"A",,"A",
200280,"R",1868,"R",0,"R",1868,"R",744,"R",40,"R",1154,"R",62,"R",0,"R",1868,"R",37,"R",12,"R",1191,"R",64,"A",,"A",,"A",,"A",,"A",,"A",,"A",,"A",,"A",,"A",,"A",,"A",,"A",
200305,"A",,"A",,"A",,"A",,"A",,"A",,"A",,"A",,"A",,"A",,"A",,"A",,"A",,"R",623,"R",0,"R",623,"R",212,"R",34,"R",271,"R",43,"R",0,"R",623,"R",14,"R",10,"R",285,"R",46
200314,"A",,"A",,"A",,"A",,"A",,"A",,"A",,"A",,"A",,"A",,"A",,"A",,"A",,"R",146,"R",0,"R",146,"R",36,"R",25,"R",48,"R",33,"R",0,"R",146,"R",2,"R",3,"R",50,"R",34
200332,"R",2529,"R",1,"R",2528,"R",1042,"R",41,"R",1640,"R",65,"R",1,"R",2527,"R",39,"R",10,"R",1679,"R",66,"A",,"A",,"A",,"A",,"A",,"A",,"A",,"A",,"A",,"A",,"A",,"A",,"A",
200341,"A",,"A",,"A",,"A",,"A",,"A",,"A",,"A",,"A",,"A",,"A",,"A",,"A",,"R",285,"R",1,"R",284,"R",72,"R",25,"R",94,"R",33,"R",0,"R",284,"R",8,"R",4,"R",102,"R",36
200484,"R",34,"R",0,"R",34,"R",11,"R",32,"R",17,"R",50,"Z",0,"R",34,"R",0,"Z",0,"R",17,"R",50,"A",,"A",,"A",,"A",,"A",,"A",,"A",,"A",,"A",,"A",,"A",,"A",,"A",
200527,"R",11,"R",0,"R",11,"R",1,"R",9,"R",3,"R",27,"Z",0,"R",11,"R",0,"Z",0,"R",3,"R",27,"A",,"A",,"A",,"A",,"A",,"A",,"A",,"A",,"A",,"A",,"A",,"A",,"A",
200572,"R",173,"R",0,"R",173,"R",60,"R",35,"R",92,"R",53,"Z",0,"R",173,"R",1,"Z",0,"R",93,"R",54,"A",,"A",,"A",,"A",,"A",,"A",,"A",,"A",,"A",,"A",,"A",,"A",,"A",
200590,"A",,"A",,"A",,"A",,"A",,"A",,"A",,"A",,"A",,"A",,"A",,"A",,"A",,"R",23,"R",0,"R",23,"R",19,"R",83,"R",19,"R",83,"Z",0,"R",23,"R",0,"Z",0,"R",19,"R",83
200785,"R",6,"R",0,"R",6,"Z",0,"R",0,"Z",0,"R",0,"Z",0,"R",6,"R",0,"Z",0,"R",0,"R",0,"A",,"A",,"A",,"A",,"A",,"A",,"A",,"A",,"A",,"A",,"A",,"A",,"A",
200800,"R",3800,"R",0,"R",3800,"R",822,"R",22,"R",1851,"R",49,"R",0,"R",3800,"R",80,"R",14,"R",1931,"R",51,"A",,"A",,"A",,"A",,"A",,"A",,"A",,"A",,"A",,"A",,"A",,"A",,"A",
200846,"A",,"A",,"A",,"A",,"A",,"A",,"A",,"A",,"A",,"A",,"A",,"A",,"A",,"R",214,"R",0,"R",214,"R",0,"R",0,"R",0,"R",0,"R",0,"R",214,"R",17,"R",28,"R",17,"R",8
200873,"R",12,"R",0,"R",12,"Z",0,"R",0,"R",5,"R",42,"Z",0,"R",12,"R",0,"Z",0,"R",5,"R",42,"A",,"A",,"A",,"A",,"A",,"A",,"A",,"A",,"A",,"A",,"A",,"A",,"A",
201034,"A",,"A",,"A",,"A",,"A",,"A",,"A",,"A",,"A",,"A",,"A",,"A",,"A",,"R",65,"R",0,"R",65,"R",47,"R",72,"R",47,"R",72,"R",0,"R",65,"R",0,"R",0,"R",47,"R",72
201061,"R",58,"R",0,"R",58,"R",20,"R",34,"R",22,"R",38,"R",0,"R",58,"R",0,"R",1,"R",22,"R",38,"A",,"A",,"A",,"A",,"A",,"A",,"A",,"A",,"A",,"A",,"A",,"A",,"A",
201098,"A",,"A",,"A",,"A",,"A",,"A",,"A",,"A",,"A",,"A",,"A",,"A",,"A",,"R",21,"R",0,"R",21,"R",17,"R",81,"R",17,"R",81,"Z",0,"R",21,"R",0,"Z",0,"R",17,"R",81
201104,"R",587,"R",0,"R",587,"R",327,"R",56,"R",397,"R",68,"Z",0,"R",587,"R",0,"Z",0,"R",397,"R",68,"A",,"A",,"A",,"A",,"A",,"A",,"A",,"A",,"A",,"A",,"A",,"A",,"A",
201131,"A",,"A",,"A",,"A",,"A",,"A",,"A",,"A",,"A",,"A",,"A",,"A",,"A",,"R",61,"R",0,"R",61,"R",42,"R",69,"R",42,"R",69,"Z",0,"R",61,"R",0,"Z",0,"R",42,"R",69
201159,"A",,"A",,"A",,"A",,"A",,"A",,"A",,"A",,"A",,"A",,"A",,"A",,"A",,"R",125,"R",0,"R",125,"R",30,"R",24,"R",55,"R",44,"R",0,"R",125,"R",23,"R",0,"R",78,"R",62
201195,"R",766,"R",0,"R",766,"R",414,"R",54,"R",510,"R",67,"R",0,"R",766,"R",3,"R",3,"R",513,"R",67,"A",,"A",,"A",,"A",,"A",,"A",,"A",,"A",,"A",,"A",,"A",,"A",,"A",
201283,"A",,"A",,"A",,"A",,"A",,"A",,"A",,"A",,"A",,"A",,"A",,"A",,"A",,"R",138,"R",0,"R",138,"R",21,"R",15,"R",48,"R",35,"R",0,"R",138,"R",6,"R",10,"R",54,"R",39
201371,"R",217,"R",0,"R",217,"R",107,"R",49,"R",114,"R",53,"R",0,"R",217,"R",1,"R",0,"R",115,"R",53,"A",,"A",,"A",,"A",,"A",,"A",,"A",,"A",,"A",,"A",,"A",,"A",,"A",
201441,"R",3375,"R",25,"R",3350,"R",1556,"R",46,"R",2040,"R",61,"R",17,"R",3333,"R",37,"R",5,"R",2077,"R",62,"A",,"A",,"A",,"A",,"A",,"A",,"A",,"A",,"A",,"A",,"A",,"A",,"A",
201469,"R",2,"R",0,"R",2,"Z",0,"R",0,"Z",0,"R",0,"R",0,"R",2,"R",0,"R",0,"R",0,"R",0,"A",,"A",,"A",,"A",,"A",,"A",,"A",,"A",,"A",,"A",,"A",,"A",,"A",
201478,"A",,"A",,"A",,"A",,"A",,"A",,"A",,"A",,"A",,"A",,"A",,"A",,"A",,"R",104,"R",0,"R",104,"R",82,"R",79,"R",82,"R",79,"Z",0,"R",104,"R",0,"Z",0,"R",82,"R",79
201496,"A",,"A",,"A",,"A",,"A",,"A",,"A",,"A",,"A",,"A",,"A",,"A",,"A",,"R",580,"R",0,"R",580,"R",477,"R",82,"R",481,"R",83,"Z",0,"R",580,"R",0,"Z",0,"R",481,"R",83
201539,"A",,"A",,"A",,"A",,"A",,"A",,"A",,"A",,"A",,"A",,"A",,"A",,"A",,"R",19,"R",0,"R",19,"R",14,"R",74,"R",14,"R",74,"Z",0,"R",19,"R",0,"Z",0,"R",14,"R",74
201548,"R",671,"R",3,"R",668,"R",364,"R",54,"R",411,"R",62,"R",0,"R",668,"R",1,"R",0,"R",412,"R",62,"A",,"A",,"A",,"A",,"A",,"A",,"A",,"A",,"A",,"A",,"A",,"A",,"A",
201645,"R",1256,"R",3,"R",1253,"R",843,"R",67,"R",1055,"R",84,"Z",0,"R",1253,"R",7,"R",1,"R",1062,"R",85,"A",,"A",,"A",,"A",,"A",,"A",,"A",,"A",,"A",,"A",,"A",,"A",,"A",
201654,"R",819,"R",1,"R",818,"R",526,"R",64,"R",600,"R",73,"R",0,"R",818,"R",6,"R",0,"R",606,"R",74,"A",,"A",,"A",,"A",,"A",,"A",,"A",,"A",,"A",,"A",,"A",,"A",,"A",
201681,"A",,"A",,"A",,"A",,"A",,"A",,"A",,"A",,"A",,"A",,"A",,"A",,"A",,"R",100,"R",0,"R",100,"R",26,"R",26,"R",31,"R",31,"R",0,"R",100,"R",0,"R",0,"R",31,"R",31
201690,"R",507,"R",0,"R",507,"R",41,"R",8,"R",119,"R",23,"R",0,"R",507,"R",8,"R",0,"R",127,"R",25,"A",,"A",,"A",,"A",,"A",,"A",,"A",,"A",,"A",,"A",,"A",,"A",,"A",
201803,"A",,"A",,"A",,"A",,"A",,"A",,"A",,"A",,"A",,"A",,"A",,"A",,"A",,"R",71,"R",0,"R",71,"R",68,"R",96,"R",68,"R",96,"Z",0,"R",71,"R",0,"Z",0,"R",68,"R",96
201821,"R",17,"R",0,"R",17,"R",7,"R",41,"R",8,"R",47,"R",0,"R",17,"R",1,"Z",0,"R",9,"R",53,"A",,"A",,"A",,"A",,"A",,"A",,"A",,"A",,"A",,"A",,"A",,"A",,"A",
201885,"R",4393,"R",5,"R",4388,"R",1671,"R",38,"R",3181,"R",72,"R",2,"R",4386,"R",59,"R",11,"R",3240,"R",74,"A",,"A",,"A",,"A",,"A",,"A",,"A",,"A",,"A",,"A",,"A",,"A",,"A",
201964,"R",131,"R",1,"R",130,"R",44,"R",34,"R",54,"R",42,"Z",0,"R",130,"R",3,"Z",0,"R",57,"R",44,"A",,"A",,"A",,"A",,"A",,"A",,"A",,"A",,"A",,"A",,"A",,"A",,"A",
202046,"R",166,"R",1,"R",165,"R",78,"R",47,"R",93,"R",56,"Z",0,"R",165,"R",0,"Z",0,"R",93,"R",56,"A",,"A",,"A",,"A",,"A",,"A",,"A",,"A",,"A",,"A",,"A",,"A",,"A",
202073,"R",66,"R",0,"R",66,"R",38,"R",58,"R",47,"R",71,"Z",0,"R",66,"R",0,"Z",0,"R",47,"R",71,"A",,"A",,"A",,"A",,"A",,"A",,"A",,"A",,"A",,"A",,"A",,"A",,"A",
202134,"R",1847,"R",0,"R",1847,"R",606,"R",33,"R",939,"R",51,"R",0,"R",1847,"R",22,"R",18,"R",961,"R",52,"A",,"A",,"A",,"A",,"A",,"A",,"A",,"A",,"A",,"A",,"A",,"A",,"A",
202152,"A",,"A",,"A",,"A",,"A",,"A",,"A",,"A",,"A",,"A",,"A",,"A",,"A",,"R",96,"R",0,"R",96,"R",1,"R",1,"R",74,"R",77,"Z",0,"R",96,"R",0,"Z",0,"R",74,"R",77
202170,"R",243,"R",0,"R",243,"R",134,"R",55,"R",145,"R",60,"R",0,"R",243,"R",1,"R",0,"R",146,"R",60,"A",,"A",,"A",,"A",,"A",,"A",,"A",,"A",,"A",,"A",,"A",,"A",,"A",
202222,"A",,"A",,"A",,"A",,"A",,"A",,"A",,"A",,"A",,"A",,"A",,"A",,"A",,"R",2006,"R",0,"R",2006,"R",313,"R",16,"R",520,"R",26,"Z",0,"R",2006,"R",138,"R",176,"R",658,"R",33
202356,"A",,"A",,"A",,"A",,"A",,"A",,"A",,"A",,"A",,"A",,"A",,"A",,"A",,"R",1481,"R",1,"R",1480,"R",207,"R",14,"R",382,"R",26,"R",0,"R",1480,"R",77,"R",110,"R",459,"R",31
202453,"A",,"A",,"A",,"A",,"A",,"A",,"A",,"A",,"A",,"A",,"A",,"A",,"A",,"R",33,"R",0,"R",33,"R",21,"R",64,"R",22,"R",67,"Z",0,"R",33,"R",0,"Z",0,"R",22,"R",67
202480,"R",2144,"R",2,"R",2142,"R",1373,"R",64,"R",1709,"R",80,"R",0,"R",2142,"R",6,"R",1,"R",1715,"R",80,"A",,"A",,"A",,"A",,"A",,"A",,"A",,"A",,"A",,"A",,"A",,"A",,"A",
202514,"R",172,"R",0,"R",172,"R",71,"R",41,"R",86,"R",50,"R",0,"R",172,"R",0,"R",0,"R",86,"R",50,"A",,"A",,"A",,"A",,"A",,"A",,"A",,"A",,"A",,"A",,"A",,"A",,"A",
202523,"R",631,"R",0,"R",631,"R",484,"R",77,"R",513,"R",81,"R",0,"R",631,"R",2,"R",0,"R",515,"R",82,"A",,"A",,"A",,"A",,"A",,"A",,"A",,"A",,"A",,"A",,"A",,"A",,"A",
202648,"A",,"A",,"A",,"A",,"A",,"A",,"A",,"A",,"A",,"A",,"A",,"A",,"A",,"R",203,"R",0,"R",203,"R",30,"R",15,"R",47,"R",23,"Z",0,"R",203,"R",7,"R",10,"R",54,"R",27
202657,"A",,"A",,"A",,"A",,"A",,"A",,"A",,"A",,"A",,"A",,"A",,"A",,"A",,"R",49,"R",0,"R",49,"R",43,"R",88,"R",43,"R",88,"Z",0,"R",49,"R",0,"Z",0,"R",43,"R",88
202763,"R",703,"R",0,"R",703,"R",332,"R",47,"R",437,"R",62,"R",0,"R",703,"R",7,"R",1,"R",444,"R",63,"A",,"A",,"A",,"A",,"A",,"A",,"A",,"A",,"A",,"A",,"A",,"A",,"A",
202806,"R",114,"R",0,"R",114,"R",24,"R",21,"R",29,"R",25,"Z",0,"R",114,"R",0,"Z",0,"R",29,"R",25,"A",,"A",,"A",,"A",,"A",,"A",,"A",,"A",,"A",,"A",,"A",,"A",,"A",
202888,"A",,"A",,"A",,"A",,"A",,"A",,"A",,"A",,"A",,"A",,"A",,"A",,"A",,"R",24,"R",0,"R",24,"R",19,"R",79,"R",21,"R",88,"R",0,"R",24,"R",0,"R",0,"R",21,"R",88
202903,"R",20,"R",0,"R",20,"R",8,"R",40,"R",12,"R",60,"Z",0,"R",20,"R",0,"Z",0,"R",12,"R",60,"A",,"A",,"A",,"A",,"A",,"A",,"A",,"A",,"A",,"A",,"A",,"A",,"A",
202949,"A",,"A",,"A",,"A",,"A",,"A",,"A",,"A",,"A",,"A",,"A",,"A",,"A",,"R",140,"R",0,"R",140,"R",96,"R",69,"R",116,"R",83,"Z",0,"R",140,"R",0,"Z",0,"R",116,"R",83
202985,"A",,"A",,"A",,"A",,"A",,"A",,"A",,"A",,"A",,"A",,"A",,"A",,"A",,"R",17,"R",0,"R",17,"R",13,"R",76,"R",15,"R",88,"Z",0,"R",17,"R",0,"Z",0,"R",15,"R",88
203030,"A",,"A",,"A",,"A",,"A",,"A",,"A",,"A",,"A",,"A",,"A",,"A",,"A",,"R",14,"R",0,"R",14,"R",13,"R",93,"R",13,"R",93,"Z",0,"R",14,"R",0,"Z",0,"R",13,"R",93
203085,"R",272,"R",0,"R",272,"R",141,"R",52,"R",156,"R",57,"R",0,"R",272,"R",3,"R",0,"R",159,"R",58,"A",,"A",,"A",,"A",,"A",,"A",,"A",,"A",,"A",,"A",,"A",,"A",,"A",
203128,"R",160,"R",0,"R",160,"R",81,"R",51,"R",85,"R",53,"R",0,"R",160,"R",1,"R",0,"R",86,"R",54,"A",,"A",,"A",,"A",,"A",,"A",,"A",,"A",,"A",,"A",,"A",,"A",,"A",
203146,"A",,"A",,"A",,"A",,"A",,"A",,"A",,"A",,"A",,"A",,"A",,"A",,"A",,"R",251,"R",0,"R",251,"R",186,"R",74,"R",226,"R",90,"Z",0,"R",251,"R",0,"Z",0,"R",226,"R",90
203155,"A",,"A",,"A",,"A",,"A",,"A",,"A",,"A",,"A",,"A",,"A",,"A",,"A",,"R",683,"R",0,"R",683,"R",125,"R",18,"R",182,"R",27,"R",3,"R",680,"R",14,"R",5,"R",196,"R",29
203234,"A",,"A",,"A",,"A",,"A",,"A",,"A",,"A",,"A",,"A",,"A",,"A",,"A",,"R",77,"R",0,"R",77,"R",12,"R",16,"R",37,"R",48,"Z",0,"R",77,"R",0,"Z",0,"R",37,"R",48
203289,"A",,"A",,"A",,"A",,"A",,"A",,"A",,"A",,"A",,"A",,"A",,"A",,"A",,"R",26,"R",0,"R",26,"R",13,"R",50,"R",14,"R",54,"R",0,"R",26,"R",0,"R",0,"R",14,"R",54
203331,"A",,"A",,"A",,"A",,"A",,"A",,"A",,"A",,"A",,"A",,"A",,"A",,"A",,"R",947,"R",0,"R",947,"R",156,"R",16,"R",296,"R",31,"R",0,"R",947,"R",341,"R",10,"R",637,"R",67
203368,"R",759,"R",0,"R",759,"R",530,"R",70,"R",575,"R",76,"R",0,"R",759,"R",1,"R",0,"R",576,"R",76,"A",,"A",,"A",,"A",,"A",,"A",,"A",,"A",,"A",,"A",,"A",,"A",,"A",
203386,"A",,"A",,"A",,"A",,"A",,"A",,"A",,"A",,"A",,"A",,"A",,"A",,"A",,"R",100,"R",0,"R",100,"R",11,"R",11,"R",38,"R",38,"Z",0,"R",100,"R",6,"R",0,"R",44,"R",44
203438,"A",,"A",,"A",,"A",,"A",,"A",,"A",,"A",,"A",,"A",,"A",,"A",,"A",,"R",18,"R",0,"R",18,"Z",0,"R",0,"R",10,"R",56,"R",0,"R",18,"R",3,"R",0,"R",13,"R",72
203447,"R",103,"R",0,"R",103,"R",1,"R",1,"R",1,"R",1,"R",0,"R",103,"R",0,"R",0,"R",1,"R",1,"A",,"A",,"A",,"A",,"A",,"A",,"A",,"A",,"A",,"A",,"A",,"A",,"A",
203456,"R",42,"R",0,"R",42,"R",0,"R",0,"R",0,"R",0,"Z",0,"R",42,"R",0,"Z",0,"R",0,"R",0,"A",,"A",,"A",,"A",,"A",,"A",,"A",,"A",,"A",,"A",,"A",,"A",,"A",
203465,"R",516,"R",0,"R",516,"R",2,"R",0,"R",3,"R",1,"R",0,"R",516,"R",0,"R",8,"R",3,"R",1,"A",,"A",,"A",,"A",,"A",,"A",,"A",,"A",,"A",,"A",,"A",,"A",,"A",
203474,"R",184,"R",3,"R",181,"R",0,"R",0,"R",1,"R",1,"R",0,"R",181,"R",1,"R",2,"R",2,"R",1,"A",,"A",,"A",,"A",,"A",,"A",,"A",,"A",,"A",,"A",,"A",,"A",,"A",
203483,"R",128,"R",1,"R",127,"R",3,"R",2,"R",6,"R",5,"R",0,"R",127,"R",1,"R",3,"R",7,"R",6,"A",,"A",,"A",,"A",,"A",,"A",,"A",,"A",,"A",,"A",,"A",,"A",,"A",
203492,"R",136,"R",0,"R",136,"R",2,"R",1,"R",4,"R",3,"R",0,"R",136,"R",1,"R",1,"R",5,"R",4,"A",,"A",,"A",,"A",,"A",,"A",,"A",,"A",,"A",,"A",,"A",,"A",,"A",
203517,"R",4294,"R",8,"R",4286,"R",2165,"R",51,"R",2874,"R",67,"R",1,"R",4285,"R",73,"R",70,"R",2947,"R",69,"A",,"A",,"A",,"A",,"A",,"A",,"A",,"A",,"A",,"A",,"A",,"A",,"A",
203526,"R",260,"R",0,"R",260,"R",0,"R",0,"R",3,"R",1,"R",0,"R",260,"R",1,"R",2,"R",4,"R",2,"A",,"A",,"A",,"A",,"A",,"A",,"A",,"A",,"A",,"A",,"A",,"A",,"A",
203535,"R",490,"R",2,"R",488,"R",404,"R",83,"R",424,"R",87,"Z",0,"R",488,"R",0,"Z",0,"R",424,"R",87,"A",,"A",,"A",,"A",,"A",,"A",,"A",,"A",,"A",,"A",,"A",,"A",,"A",
203544,"R",55,"R",0,"R",55,"R",21,"R",38,"R",25,"R",45,"Z",0,"R",55,"R",1,"R",0,"R",26,"R",47,"A",,"A",,"A",,"A",,"A",,"A",,"A",,"A",,"A",,"A",,"A",,"A",,"A",
203580,"R",214,"R",2,"R",212,"R",76,"R",36,"R",96,"R",45,"Z",0,"R",212,"R",0,"Z",0,"R",96,"R",45,"A",,"A",,"A",,"A",,"A",,"A",,"A",,"A",,"A",,"A",,"A",,"A",,"A",
203599,"A",,"A",,"A",,"A",,"A",,"A",,"A",,"A",,"A",,"A",,"A",,"A",,"A",,"R",380,"R",0,"R",380,"R",17,"R",4,"R",62,"R",16,"R",0,"R",380,"R",22,"R",25,"R",84,"R",22
203614,"A",,"A",,"A",,"A",,"A",,"A",,"A",,"A",,"A",,"A",,"A",,"A",,"A",,"R",275,"R",0,"R",275,"R",85,"R",31,"R",194,"R",71,"Z",0,"R",275,"R",0,"Z",0,"R",194,"R",71
203720,"A",,"A",,"A",,"A",,"A",,"A",,"A",,"A",,"A",,"A",,"A",,"A",,"A",,"R",41,"R",0,"R",41,"R",29,"R",71,"R",30,"R",73,"Z",0,"R",41,"R",0,"Z",0,"R",30,"R",73
203739,"A",,"A",,"A",,"A",,"A",,"A",,"A",,"A",,"A",,"A",,"A",,"A",,"A",,"R",24,"R",0,"R",24,"R",12,"R",50,"R",15,"R",63,"Z",0,"R",24,"R",0,"Z",0,"R",15,"R",63
203757,"R",149,"R",0,"R",149,"R",79,"R",53,"R",79,"R",53,"R",0,"R",149,"R",11,"R",0,"R",90,"R",60,"A",,"A",,"A",,"A",,"A",,"A",,"A",,"A",,"A",,"A",,"A",,"A",,"A",
203775,"R",243,"R",0,"R",243,"R",126,"R",52,"R",145,"R",60,"Z",0,"R",243,"R",0,"Z",0,"R",145,"R",60,"A",,"A",,"A",,"A",,"A",,"A",,"A",,"A",,"A",,"A",,"A",,"A",,"A",
203845,"R",283,"R",0,"R",283,"R",122,"R",43,"R",144,"R",51,"R",0,"R",283,"R",2,"R",0,"R",146,"R",52,"A",,"A",,"A",,"A",,"A",,"A",,"A",,"A",,"A",,"A",,"A",,"A",,"A",
203942,"A",,"A",,"A",,"A",,"A",,"A",,"A",,"A",,"A",,"A",,"A",,"A",,"A",,"R",23,"R",0,"R",23,"R",20,"R",87,"R",20,"R",87,"Z",0,"R",23,"R",0,"Z",0,"R",20,"R",87
203960,"R",24,"R",0,"R",24,"R",1,"R",4,"R",14,"R",58,"Z",0,"R",24,"R",0,"Z",0,"R",14,"R",58,"A",,"A",,"A",,"A",,"A",,"A",,"A",,"A",,"A",,"A",,"A",,"A",,"A",
204006,"R",551,"R",0,"R",551,"R",40,"R",7,"R",93,"R",17,"R",0,"R",551,"R",9,"R",8,"R",102,"R",19,"A",,"A",,"A",,"A",,"A",,"A",,"A",,"A",,"A",,"A",,"A",,"A",,"A",
204015,"R",260,"R",0,"R",260,"R",18,"R",7,"R",47,"R",18,"R",0,"R",260,"R",3,"R",1,"R",50,"R",19,"A",,"A",,"A",,"A",,"A",,"A",,"A",,"A",,"A",,"A",,"A",,"A",,"A",
204024,"R",3789,"R",1,"R",3788,"R",2754,"R",73,"R",3144,"R",83,"R",0,"R",3788,"R",17,"R",4,"R",3161,"R",83,"A",,"A",,"A",,"A",,"A",,"A",,"A",,"A",,"A",,"A",,"A",,"A",,"A",
204121,"A",,"A",,"A",,"A",,"A",,"A",,"A",,"A",,"A",,"A",,"A",,"A",,"A",,"R",21,"R",1,"R",20,"R",19,"R",95,"R",19,"R",95,"Z",0,"R",20,"R",0,"Z",0,"R",19,"R",95
204158,"A",,"A",,"A",,"A",,"A",,"A",,"A",,"A",,"A",,"A",,"A",,"A",,"A",,"R",69,"R",0,"R",69,"R",61,"R",88,"R",61,"R",88,"Z",0,"R",69,"R",0,"Z",0,"R",61,"R",88
204176,"R",88,"R",0,"R",88,"R",66,"R",75,"R",71,"R",81,"Z",0,"R",88,"R",0,"Z",0,"R",71,"R",81,"A",,"A",,"A",,"A",,"A",,"A",,"A",,"A",,"A",,"A",,"A",,"A",,"A",
204185,"R",538,"R",1,"R",537,"R",340,"R",63,"R",366,"R",68,"R",0,"R",537,"R",2,"R",0,"R",368,"R",69,"A",,"A",,"A",,"A",,"A",,"A",,"A",,"A",,"A",,"A",,"A",,"A",,"A",
204194,"R",352,"R",0,"R",352,"R",162,"R",46,"R",207,"R",59,"R",0,"R",352,"R",7,"R",0,"R",214,"R",61,"A",,"A",,"A",,"A",,"A",,"A",,"A",,"A",,"A",,"A",,"A",,"A",,"A",
204200,"R",325,"R",0,"R",325,"R",138,"R",42,"R",173,"R",53,"R",0,"R",325,"R",0,"R",0,"R",173,"R",53,"A",,"A",,"A",,"A",,"A",,"A",,"A",,"A",,"A",,"A",,"A",,"A",,"A",
204264,"R",357,"R",0,"R",357,"R",142,"R",40,"R",183,"R",51,"R",0,"R",357,"R",2,"R",0,"R",185,"R",52,"A",,"A",,"A",,"A",,"A",,"A",,"A",,"A",,"A",,"A",,"A",,"A",,"A",
204431,"A",,"A",,"A",,"A",,"A",,"A",,"A",,"A",,"A",,"A",,"A",,"A",,"A",,"R",35,"R",0,"R",35,"R",6,"R",17,"R",19,"R",54,"R",0,"R",35,"R",8,"R",6,"R",27,"R",77
204440,"A",,"A",,"A",,"A",,"A",,"A",,"A",,"A",,"A",,"A",,"A",,"A",,"A",,"R",122,"R",0,"R",122,"R",30,"R",25,"R",55,"R",45,"R",0,"R",122,"R",2,"R",4,"R",57,"R",47
204459,"A",,"A",,"A",,"A",,"A",,"A",,"A",,"A",,"A",,"A",,"A",,"A",,"A",,"R",69,"R",0,"R",69,"R",22,"R",32,"R",36,"R",52,"R",0,"R",69,"R",3,"R",1,"R",39,"R",57
204468,"R",343,"R",0,"R",343,"R",67,"R",20,"R",132,"R",38,"Z",0,"R",343,"R",3,"R",0,"R",135,"R",39,"A",,"A",,"A",,"A",,"A",,"A",,"A",,"A",,"A",,"A",,"A",,"A",,"A",
204486,"R",115,"R",0,"R",115,"R",39,"R",34,"R",45,"R",39,"Z",0,"R",115,"R",0,"Z",0,"R",45,"R",39,"A",,"A",,"A",,"A",,"A",,"A",,"A",,"A",,"A",,"A",,"A",,"A",,"A",
204501,"R",774,"R",0,"R",774,"R",555,"R",72,"R",637,"R",82,"R",0,"R",774,"R",5,"Z",0,"R",642,"R",83,"A",,"A",,"A",,"A",,"A",,"A",,"A",,"A",,"A",,"A",,"A",,"A",,"A",
204608,"A",,"A",,"A",,"A",,"A",,"A",,"A",,"A",,"A",,"A",,"A",,"A",,"A",,"R",449,"R",7,"R",442,"R",265,"R",60,"R",265,"R",60,"Z",0,"R",442,"R",0,"Z",0,"R",265,"R",60
204617,"R",245,"R",0,"R",245,"R",109,"R",44,"R",131,"R",53,"R",0,"R",245,"R",1,"R",0,"R",132,"R",54,"A",,"A",,"A",,"A",,"A",,"A",,"A",,"A",,"A",,"A",,"A",,"A",,"A",
204635,"R",460,"R",2,"R",458,"R",270,"R",59,"R",332,"R",72,"R",0,"R",458,"R",3,"R",0,"R",335,"R",73,"A",,"A",,"A",,"A",,"A",,"A",,"A",,"A",,"A",,"A",,"A",,"A",,"A",
204662,"A",,"A",,"A",,"A",,"A",,"A",,"A",,"A",,"A",,"A",,"A",,"A",,"A",,"R",244,"R",0,"R",244,"R",76,"R",31,"R",121,"R",50,"R",0,"R",244,"R",15,"R",1,"R",136,"R",56
204671,"R",335,"R",2,"R",333,"R",35,"R",11,"R",47,"R",14,"Z",0,"R",333,"R",1,"R",1,"R",48,"R",14,"A",,"A",,"A",,"A",,"A",,"A",,"A",,"A",,"A",,"A",,"A",,"A",,"A",
204680,"R",514,"R",0,"R",514,"R",18,"R",4,"R",36,"R",7,"R",0,"R",514,"R",2,"R",2,"R",38,"R",7,"A",,"A",,"A",,"A",,"A",,"A",,"A",,"A",,"A",,"A",,"A",,"A",,"A",
204699,"R",376,"R",0,"R",376,"R",19,"R",5,"R",37,"R",10,"R",0,"R",376,"R",2,"R",1,"R",39,"R",10,"A",,"A",,"A",,"A",,"A",,"A",,"A",,"A",,"A",,"A",,"A",,"A",,"A",
204705,"R",1201,"R",1,"R",1200,"R",36,"R",3,"R",66,"R",6,"Z",0,"R",1200,"R",1,"R",1,"R",67,"R",6,"A",,"A",,"A",,"A",,"A",,"A",,"A",,"A",,"A",,"A",,"A",,"A",,"A",
204714,"A",,"A",,"A",,"A",,"A",,"A",,"A",,"A",,"A",,"A",,"A",,"A",,"A",,"R",46,"R",0,"R",46,"R",1,"R",2,"R",23,"R",50,"Z",0,"R",46,"R",0,"Z",0,"R",23,"R",50
204723,"A",,"A",,"A",,"A",,"A",,"A",,"A",,"A",,"A",,"A",,"A",,"A",,"A",,"R",124,"R",0,"R",124,"R",99,"R",80,"R",99,"R",80,"Z",0,"R",124,"R",0,"Z",0,"R",99,"R",80
204769,"A",,"A",,"A",,"A",,"A",,"A",,"A",,"A",,"A",,"A",,"A",,"A",,"A",,"R",47,"R",0,"R",47,"R",6,"R",13,"R",31,"R",66,"R",0,"R",47,"R",9,"R",1,"R",40,"R",85
204778,"A",,"A",,"A",,"A",,"A",,"A",,"A",,"A",,"A",,"A",,"A",,"A",,"A",,"R",22,"R",0,"R",22,"R",1,"R",5,"R",13,"R",59,"R",0,"R",22,"R",4,"R",0,"R",17,"R",77
204796,"R",7023,"R",5,"R",7018,"R",4700,"R",67,"R",6173,"R",88,"R",0,"R",7018,"R",64,"R",29,"R",6237,"R",89,"A",,"A",,"A",,"A",,"A",,"A",,"A",,"A",,"A",,"A",,"A",,"A",,"A",
204802,"R",118,"R",0,"R",118,"R",9,"R",8,"R",19,"R",16,"R",0,"R",118,"R",2,"R",0,"R",21,"R",18,"A",,"A",,"A",,"A",,"A",,"A",,"A",,"A",,"A",,"A",,"A",,"A",,"A",
204820,"R",200,"R",1,"R",199,"R",18,"R",9,"R",27,"R",14,"R",0,"R",199,"R",1,"R",6,"R",28,"R",14,"A",,"A",,"A",,"A",,"A",,"A",,"A",,"A",,"A",,"A",,"A",,"A",,"A",
204839,"R",125,"R",0,"R",125,"R",14,"R",11,"R",19,"R",15,"R",0,"R",125,"R",1,"R",2,"R",20,"R",16,"A",,"A",,"A",,"A",,"A",,"A",,"A",,"A",,"A",,"A",,"A",,"A",,"A",
204848,"R",345,"R",0,"R",345,"R",28,"R",8,"R",39,"R",11,"R",0,"R",345,"R",2,"R",3,"R",41,"R",12,"A",,"A",,"A",,"A",,"A",,"A",,"A",,"A",,"A",,"A",,"A",,"A",,"A",
204857,"R",4411,"R",4,"R",4407,"R",2233,"R",51,"R",2946,"R",67,"R",4,"R",4403,"R",41,"R",11,"R",2987,"R",68,"A",,"A",,"A",,"A",,"A",,"A",,"A",,"A",,"A",,"A",,"A",,"A",,"A",
204866,"R",210,"R",0,"R",210,"R",29,"R",14,"R",38,"R",18,"R",0,"R",210,"R",1,"R",3,"R",39,"R",19,"A",,"A",,"A",,"A",,"A",,"A",,"A",,"A",,"A",,"A",,"A",,"A",,"A",
204884,"A",,"A",,"A",,"A",,"A",,"A",,"A",,"A",,"A",,"A",,"A",,"A",,"A",,"R",34,"R",0,"R",34,"R",18,"R",53,"R",20,"R",59,"Z",0,"R",34,"R",0,"Z",0,"R",20,"R",59
204893,"A",,"A",,"A",,"A",,"A",,"A",,"A",,"A",,"A",,"A",,"A",,"A",,"A",,"R",2,"R",0,"R",2,"Z",0,"R",0,"Z",0,"R",0,"Z",0,"R",2,"R",0,"Z",0,"R",0,"R",0
204909,"R",430,"R",1,"R",429,"R",251,"R",59,"R",276,"R",64,"Z",0,"R",429,"R",0,"Z",0,"R",276,"R",64,"A",,"A",,"A",,"A",,"A",,"A",,"A",,"A",,"A",,"A",,"A",,"A",,"A",
204936,"R",562,"R",0,"R",562,"R",345,"R",61,"R",389,"R",69,"R",0,"R",562,"R",3,"R",0,"R",392,"R",70,"A",,"A",,"A",,"A",,"A",,"A",,"A",,"A",,"A",,"A",,"A",,"A",,"A",
204945,"A",,"A",,"A",,"A",,"A",,"A",,"A",,"A",,"A",,"A",,"A",,"A",,"A",,"R",765,"R",0,"R",765,"R",137,"R",18,"R",211,"R",28,"R",0,"R",765,"R",42,"R",42,"R",253,"R",33
204963,"A",,"A",,"A",,"A",,"A",,"A",,"A",,"A",,"A",,"A",,"A",,"A",,"A",,"R",78,"R",0,"R",78,"R",57,"R",73,"R",57,"R",73,"Z",0,"R",78,"R",0,"Z",0,"R",57,"R",73
204981,"A",,"A",,"A",,"A",,"A",,"A",,"A",,"A",,"A",,"A",,"A",,"A",,"A",,"R",20,"R",0,"R",20,"R",17,"R",85,"R",17,"R",85,"Z",0,"R",20,"R",0,"Z",0,"R",17,"R",85
205027,"R",16,"R",0,"R",16,"Z",0,"R",0,"R",3,"R",19,"Z",0,"R",16,"R",0,"Z",0,"R",3,"R",19,"A",,"A",,"A",,"A",,"A",,"A",,"A",,"A",,"A",,"A",,"A",,"A",,"A",
205124,"R",8,"R",0,"R",8,"R",5,"R",63,"R",5,"R",63,"Z",0,"R",8,"R",0,"Z",0,"R",5,"R",63,"A",,"A",,"A",,"A",,"A",,"A",,"A",,"A",,"A",,"A",,"A",,"A",,"A",
205142,"A",,"A",,"A",,"A",,"A",,"A",,"A",,"A",,"A",,"A",,"A",,"A",,"A",,"R",31,"R",0,"R",31,"R",7,"R",23,"R",17,"R",55,"Z",0,"R",31,"R",0,"Z",0,"R",17,"R",55
205179,"A",,"A",,"A",,"A",,"A",,"A",,"A",,"A",,"A",,"A",,"A",,"A",,"A",,"R",136,"R",0,"R",136,"R",39,"R",29,"R",66,"R",49,"Z",0,"R",136,"R",0,"Z",0,"R",66,"R",49
205203,"R",175,"R",0,"R",175,"R",34,"R",19,"R",44,"R",25,"R",0,"R",175,"R",2,"R",0,"R",46,"R",26,"A",,"A",,"A",,"A",,"A",,"A",,"A",,"A",,"A",,"A",,"A",,"A",,"A",
205443,"R",394,"R",0,"R",394,"R",141,"R",36,"R",193,"R",49,"R",0,"R",394,"R",6,"R",3,"R",199,"R",51,"A",,"A",,"A",,"A",,"A",,"A",,"A",,"A",,"A",,"A",,"A",,"A",,"A",
205841,"A",,"A",,"A",,"A",,"A",,"A",,"A",,"A",,"A",,"A",,"A",,"A",,"A",,"R",902,"R",1,"R",901,"R",96,"R",11,"R",181,"R",20,"R",0,"R",901,"R",57,"R",54,"R",238,"R",26
205887,"A",,"A",,"A",,"A",,"A",,"A",,"A",,"A",,"A",,"A",,"A",,"A",,"A",,"R",108,"R",0,"R",108,"R",21,"R",19,"R",57,"R",53,"R",0,"R",108,"R",3,"R",1,"R",60,"R",56
205957,"R",428,"R",4,"R",424,"R",268,"R",63,"R",304,"R",72,"R",0,"R",424,"R",0,"R",2,"R",304,"R",72,"A",,"A",,"A",,"A",,"A",,"A",,"A",,"A",,"A",,"A",,"A",,"A",,"A",
205966,"A",,"A",,"A",,"A",,"A",,"A",,"A",,"A",,"A",,"A",,"A",,"A",,"A",,"R",176,"R",1,"R",175,"R",32,"R",18,"R",55,"R",31,"Z",0,"R",175,"R",4,"R",6,"R",59,"R",34
206011,"A",,"A",,"A",,"A",,"A",,"A",,"A",,"A",,"A",,"A",,"A",,"A",,"A",,"R",274,"R",0,"R",274,"R",47,"R",17,"R",71,"R",26,"R",0,"R",274,"R",2,"R",0,"R",73,"R",27
206039,"A",,"A",,"A",,"A",,"A",,"A",,"A",,"A",,"A",,"A",,"A",,"A",,"A",,"R",21,"R",0,"R",21,"R",14,"R",67,"R",16,"R",76,"Z",0,"R",21,"R",0,"Z",0,"R",16,"R",76
206048,"R",478,"R",0,"R",478,"R",174,"R",36,"R",215,"R",45,"R",0,"R",478,"R",3,"R",1,"R",218,"R",46,"A",,"A",,"A",,"A",,"A",,"A",,"A",,"A",,"A",,"A",,"A",,"A",,"A",
206084,"R",3129,"R",2,"R",3127,"R",989,"R",32,"R",1762,"R",56,"R",0,"R",3127,"R",49,"R",83,"R",1811,"R",58,"A",,"A",,"A",,"A",,"A",,"A",,"A",,"A",,"A",,"A",,"A",,"A",,"A",
206154,"R",1,"R",1,"R",0,"Z",0,"Z",0,"Z",0,"Z",0,"Z",0,"R",0,"R",0,"Z",0,"R",0,"Z",0,"A",,"A",,"A",,"A",,"A",,"A",,"A",,"A",,"A",,"A",,"A",,"A",,"A",
206172,"A",,"A",,"A",,"A",,"A",,"A",,"A",,"A",,"A",,"A",,"A",,"A",,"A",,"R",50,"R",0,"R",50,"R",23,"R",46,"R",35,"R",70,"Z",0,"R",50,"R",0,"Z",0,"R",35,"R",70
206181,"A",,"A",,"A",,"A",,"A",,"A",,"A",,"A",,"A",,"A",,"A",,"A",,"A",,"R",7,"R",0,"R",7,"R",5,"R",71,"R",5,"R",71,"Z",0,"R",7,"R",0,"Z",0,"R",5,"R",71
206321,"A",,"A",,"A",,"A",,"A",,"A",,"A",,"A",,"A",,"A",,"A",,"A",,"A",,"R",11,"R",0,"R",11,"R",0,"R",0,"R",7,"R",64,"Z",0,"R",11,"R",0,"Z",0,"R",7,"R",64
206349,"R",114,"R",0,"R",114,"R",37,"R",32,"R",56,"R",49,"Z",0,"R",114,"R",0,"Z",0,"R",56,"R",49,"A",,"A",,"A",,"A",,"A",,"A",,"A",,"A",,"A",,"A",,"A",,"A",,"A",
206437,"R",439,"R",0,"R",439,"R",200,"R",46,"R",301,"R",69,"R",0,"R",439,"R",0,"R",0,"R",301,"R",69,"A",,"A",,"A",,"A",,"A",,"A",,"A",,"A",,"A",,"A",,"A",,"A",,"A",
206491,"R",191,"R",1,"R",190,"R",13,"R",7,"R",35,"R",18,"Z",0,"R",190,"R",3,"R",0,"R",38,"R",20,"A",,"A",,"A",,"A",,"A",,"A",,"A",,"A",,"A",,"A",,"A",,"A",,"A",
206507,"R",277,"R",0,"R",277,"R",137,"R",49,"R",146,"R",53,"R",0,"R",277,"R",1,"R",0,"R",147,"R",53,"A",,"A",,"A",,"A",,"A",,"A",,"A",,"A",,"A",,"A",,"A",,"A",,"A",
206525,"R",492,"R",0,"R",492,"R",280,"R",57,"R",317,"R",64,"R",0,"R",492,"R",3,"R",0,"R",320,"R",65,"A",,"A",,"A",,"A",,"A",,"A",,"A",,"A",,"A",,"A",,"A",,"A",,"A",
206589,"R",566,"R",0,"R",566,"R",397,"R",70,"R",435,"R",77,"Z",0,"R",566,"R",0,"Z",0,"R",435,"R",77,"A",,"A",,"A",,"A",,"A",,"A",,"A",,"A",,"A",,"A",,"A",,"A",,"A",
206604,"R",2297,"R",0,"R",2297,"R",620,"R",27,"R",1009,"R",44,"R",0,"R",2297,"R",29,"R",20,"R",1038,"R",45,"A",,"A",,"A",,"A",,"A",,"A",,"A",,"A",,"A",,"A",,"A",,"A",,"A",
206613,"R",212,"R",0,"R",212,"R",54,"R",25,"R",69,"R",33,"R",0,"R",212,"R",3,"R",0,"R",72,"R",34,"A",,"A",,"A",,"A",,"A",,"A",,"A",,"A",,"A",,"A",,"A",,"A",,"A",
206622,"R",1147,"R",2,"R",1145,"R",773,"R",68,"R",859,"R",75,"R",0,"R",1145,"R",9,"R",0,"R",868,"R",76,"A",,"A",,"A",,"A",,"A",,"A",,"A",,"A",,"A",,"A",,"A",,"A",,"A",
206695,"R",1878,"R",2,"R",1876,"R",425,"R",23,"R",881,"R",47,"R",3,"R",1873,"R",57,"R",29,"R",938,"R",50,"A",,"A",,"A",,"A",,"A",,"A",,"A",,"A",,"A",,"A",,"A",,"A",,"A",
206817,"R",138,"R",0,"R",138,"R",6,"R",4,"R",9,"R",7,"R",0,"R",138,"R",0,"R",0,"R",9,"R",7,"A",,"A",,"A",,"A",,"A",,"A",,"A",,"A",,"A",,"A",,"A",,"A",,"A",
206835,"R",189,"R",0,"R",189,"R",57,"R",30,"R",62,"R",33,"Z",0,"R",189,"R",1,"Z",0,"R",63,"R",33,"A",,"A",,"A",,"A",,"A",,"A",,"A",,"A",,"A",,"A",,"A",,"A",,"A",
206862,"R",276,"R",0,"R",276,"R",104,"R",38,"R",131,"R",47,"R",0,"R",276,"R",1,"R",0,"R",132,"R",48,"A",,"A",,"A",,"A",,"A",,"A",,"A",,"A",,"A",,"A",,"A",,"A",,"A",
206905,"A",,"A",,"A",,"A",,"A",,"A",,"A",,"A",,"A",,"A",,"A",,"A",,"A",,"R",50,"R",0,"R",50,"R",44,"R",88,"R",44,"R",88,"R",0,"R",50,"R",0,"R",0,"R",44,"R",88
206914,"R",392,"R",4,"R",388,"R",69,"R",18,"R",128,"R",33,"R",0,"R",388,"R",11,"R",3,"R",139,"R",36,"A",,"A",,"A",,"A",,"A",,"A",,"A",,"A",,"A",,"A",,"A",,"A",,"A",
206923,"A",,"A",,"A",,"A",,"A",,"A",,"A",,"A",,"A",,"A",,"A",,"A",,"A",,"R",427,"R",0,"R",427,"R",148,"R",35,"R",186,"R",44,"R",0,"R",427,"R",8,"R",15,"R",194,"R",45
206932,"A",,"A",,"A",,"A",,"A",,"A",,"A",,"A",,"A",,"A",,"A",,"A",,"A",,"R",60,"R",0,"R",60,"R",22,"R",37,"R",30,"R",50,"Z",0,"R",60,"R",0,"Z",0,"R",30,"R",50
206941,"R",2188,"R",3,"R",2185,"R",258,"R",12,"R",761,"R",35,"R",0,"R",2185,"R",91,"R",44,"R",852,"R",39,"A",,"A",,"A",,"A",,"A",,"A",,"A",,"A",,"A",,"A",,"A",,"A",,"A",
206996,"A",,"A",,"A",,"A",,"A",,"A",,"A",,"A",,"A",,"A",,"A",,"A",,"A",,"R",479,"R",0,"R",479,"R",77,"R",16,"R",124,"R",26,"R",0,"R",479,"R",14,"R",13,"R",138,"R",29
207041,"R",741,"R",0,"R",741,"R",146,"R",20,"R",229,"R",31,"R",0,"R",741,"R",7,"R",3,"R",236,"R",32,"A",,"A",,"A",,"A",,"A",,"A",,"A",,"A",,"A",,"A",,"A",,"A",,"A",
207050,"A",,"A",,"A",,"A",,"A",,"A",,"A",,"A",,"A",,"A",,"A",,"A",,"A",,"R",270,"R",0,"R",270,"R",55,"R",20,"R",81,"R",30,"R",0,"R",270,"R",3,"R",7,"R",84,"R",31
207069,"A",,"A",,"A",,"A",,"A",,"A",,"A",,"A",,"A",,"A",,"A",,"A",,"A",,"R",222,"R",0,"R",222,"R",75,"R",34,"R",87,"R",39,"R",0,"R",222,"R",2,"R",2,"R",89,"R",40
207087,"A",,"A",,"A",,"A",,"A",,"A",,"A",,"A",,"A",,"A",,"A",,"A",,"A",,"R",13,"R",0,"R",13,"R",0,"R",0,"R",7,"R",54,"Z",0,"R",13,"R",0,"Z",0,"R",7,"R",54
207102,"A",,"A",,"A",,"A",,"A",,"A",,"A",,"A",,"A",,"A",,"A",,"A",,"A",,"R",42,"R",1,"R",41,"R",14,"R",34,"R",14,"R",34,"Z",0,"R",41,"R",0,"Z",0,"R",14,"R",34
207157,"R",90,"R",0,"R",90,"R",5,"R",6,"R",15,"R",17,"Z",0,"R",90,"R",1,"Z",0,"R",16,"R",18,"A",,"A",,"A",,"A",,"A",,"A",,"A",,"A",,"A",,"A",,"A",,"A",,"A",
207209,"R",266,"R",0,"R",266,"R",29,"R",11,"R",77,"R",29,"R",0,"R",266,"R",4,"R",2,"R",81,"R",30,"A",,"A",,"A",,"A",,"A",,"A",,"A",,"A",,"A",,"A",,"A",,"A",,"A",
207236,"A",,"A",,"A",,"A",,"A",,"A",,"A",,"A",,"A",,"A",,"A",,"A",,"A",,"R",359,"R",0,"R",359,"R",70,"R",19,"R",111,"R",31,"R",0,"R",359,"R",7,"R",10,"R",118,"R",33
207254,"R",83,"R",0,"R",83,"R",29,"R",35,"R",29,"R",35,"Z",0,"R",83,"R",0,"Z",0,"R",29,"R",35,"A",,"A",,"A",,"A",,"A",,"A",,"A",,"A",,"A",,"A",,"A",,"A",,"A",
207263,"R",806,"R",0,"R",806,"R",163,"R",20,"R",313,"R",39,"R",0,"R",806,"R",23,"R",8,"R",336,"R",42,"A",,"A",,"A",,"A",,"A",,"A",,"A",,"A",,"A",,"A",,"A",,"A",,"A",
207281,"A",,"A",,"A",,"A",,"A",,"A",,"A",,"A",,"A",,"A",,"A",,"A",,"A",,"R",659,"R",0,"R",659,"R",169,"R",26,"R",236,"R",36,"R",0,"R",659,"R",36,"R",16,"R",272,"R",41
207290,"A",,"A",,"A",,"A",,"A",,"A",,"A",,"A",,"A",,"A",,"A",,"A",,"A",,"R",575,"R",0,"R",575,"R",130,"R",23,"R",187,"R",33,"R",0,"R",575,"R",10,"R",4,"R",197,"R",34
207306,"R",346,"R",0,"R",346,"R",73,"R",21,"R",105,"R",30,"R",0,"R",346,"R",3,"R",1,"R",108,"R",31,"A",,"A",,"A",,"A",,"A",,"A",,"A",,"A",,"A",,"A",,"A",,"A",,"A",
207324,"R",439,"R",0,"R",439,"R",184,"R",42,"R",248,"R",56,"R",0,"R",439,"R",2,"R",1,"R",250,"R",57,"A",,"A",,"A",,"A",,"A",,"A",,"A",,"A",,"A",,"A",,"A",,"A",,"A",
207351,"R",97,"R",0,"R",97,"R",28,"R",29,"R",36,"R",37,"R",0,"R",97,"R",0,"R",1,"R",36,"R",37,"A",,"A",,"A",,"A",,"A",,"A",,"A",,"A",,"A",,"A",,"A",,"A",,"A",
207388,"R",3940,"R",0,"R",3940,"R",1757,"R",45,"R",2581,"R",66,"R",0,"R",3940,"R",62,"R",24,"R",2643,"R",67,"A",,"A",,"A",,"A",,"A",,"A",,"A",,"A",,"A",,"A",,"A",,"A",,"A",
207403,"R",555,"R",0,"R",555,"R",240,"R",43,"R",297,"R",54,"R",0,"R",555,"R",4,"R",0,"R",301,"R",54,"A",,"A",,"A",,"A",,"A",,"A",,"A",,"A",,"A",,"A",,"A",,"A",,"A",
207449,"A",,"A",,"A",,"A",,"A",,"A",,"A",,"A",,"A",,"A",,"A",,"A",,"A",,"R",1011,"R",0,"R",1011,"R",74,"R",7,"R",177,"R",18,"R",0,"R",1011,"R",36,"R",66,"R",213,"R",21
207458,"R",320,"R",0,"R",320,"R",177,"R",55,"R",208,"R",65,"R",0,"R",320,"R",0,"R",1,"R",208,"R",65,"A",,"A",,"A",,"A",,"A",,"A",,"A",,"A",,"A",,"A",,"A",,"A",,"A",
207500,"R",3881,"R",30,"R",3851,"R",1932,"R",50,"R",2917,"R",76,"R",1,"R",3850,"R",61,"R",23,"R",2978,"R",77,"A",,"A",,"A",,"A",,"A",,"A",,"A",,"A",,"A",,"A",,"A",,"A",,"A",
207582,"R",569,"R",0,"R",569,"R",277,"R",49,"R",335,"R",59,"R",8,"R",561,"R",5,"R",0,"R",340,"R",61,"A",,"A",,"A",,"A",,"A",,"A",,"A",,"A",,"A",,"A",,"A",,"A",,"A",
207661,"R",300,"R",0,"R",300,"R",58,"R",19,"R",102,"R",34,"R",0,"R",300,"R",14,"R",10,"R",116,"R",39,"A",,"A",,"A",,"A",,"A",,"A",,"A",,"A",,"A",,"A",,"A",,"A",,"A",
207670,"A",,"A",,"A",,"A",,"A",,"A",,"A",,"A",,"A",,"A",,"A",,"A",,"A",,"R",955,"R",0,"R",955,"R",100,"R",10,"R",201,"R",21,"R",0,"R",955,"R",35,"R",45,"R",236,"R",25
207704,"A",,"A",,"A",,"A",,"A",,"A",,"A",,"A",,"A",,"A",,"A",,"A",,"A",,"R",26,"R",0,"R",26,"R",2,"R",8,"R",24,"R",92,"Z",0,"R",26,"R",0,"Z",0,"R",24,"R",92
207722,"R",204,"R",0,"R",204,"R",44,"R",22,"R",79,"R",39,"R",0,"R",204,"R",1,"R",1,"R",80,"R",39,"A",,"A",,"A",,"A",,"A",,"A",,"A",,"A",,"A",,"A",,"A",,"A",,"A",
207740,"A",,"A",,"A",,"A",,"A",,"A",,"A",,"A",,"A",,"A",,"A",,"A",,"A",,"R",271,"R",0,"R",271,"R",66,"R",24,"R",103,"R",38,"R",0,"R",271,"R",7,"R",5,"R",110,"R",41
207786,"A",,"A",,"A",,"A",,"A",,"A",,"A",,"A",,"A",,"A",,"A",,"A",,"A",,"R",20,"R",0,"R",20,"R",10,"R",50,"R",15,"R",75,"R",0,"R",20,"R",0,"R",0,"R",15,"R",75
207847,"R",442,"R",0,"R",442,"R",72,"R",16,"R",133,"R",30,"R",0,"R",442,"R",16,"R",6,"R",149,"R",34,"A",,"A",,"A",,"A",,"A",,"A",,"A",,"A",,"A",,"A",,"A",,"A",,"A",
207856,"R",112,"R",0,"R",112,"R",17,"R",15,"R",24,"R",21,"Z",0,"R",112,"R",2,"R",0,"R",26,"R",23,"A",,"A",,"A",,"A",,"A",,"A",,"A",,"A",,"A",,"A",,"A",,"A",,"A",
207865,"R",828,"R",0,"R",828,"R",168,"R",20,"R",335,"R",40,"R",0,"R",828,"R",29,"R",14,"R",364,"R",44,"A",,"A",,"A",,"A",,"A",,"A",,"A",,"A",,"A",,"A",,"A",,"A",,"A",
207935,"A",,"A",,"A",,"A",,"A",,"A",,"A",,"A",,"A",,"A",,"A",,"A",,"A",,"R",2157,"R",0,"R",2157,"R",246,"R",11,"R",512,"R",24,"R",0,"R",2157,"R",101,"R",180,"R",613,"R",28
207962,"A",,"A",,"A",,"A",,"A",,"A",,"A",,"A",,"A",,"A",,"A",,"A",,"A",,"R",852,"R",1,"R",851,"R",340,"R",40,"R",479,"R",56,"R",0,"R",851,"R",18,"R",3,"R",497,"R",58
207971,"R",708,"R",1,"R",707,"R",413,"R",58,"R",519,"R",73,"R",0,"R",707,"R",4,"R",0,"R",523,"R",74,"A",,"A",,"A",,"A",,"A",,"A",,"A",,"A",,"A",,"A",,"A",,"A",,"A",
208035,"A",,"A",,"A",,"A",,"A",,"A",,"A",,"A",,"A",,"A",,"A",,"A",,"A",,"R",263,"R",0,"R",263,"R",62,"R",24,"R",90,"R",34,"R",0,"R",263,"R",8,"R",7,"R",98,"R",37
208044,"A",,"A",,"A",,"A",,"A",,"A",,"A",,"A",,"A",,"A",,"A",,"A",,"A",,"R",25,"R",0,"R",25,"R",20,"R",80,"R",20,"R",80,"Z",0,"R",25,"R",0,"Z",0,"R",20,"R",80
208053,"A",,"A",,"A",,"A",,"A",,"A",,"A",,"A",,"A",,"A",,"A",,"A",,"A",,"R",46,"R",0,"R",46,"R",25,"R",54,"R",25,"R",54,"Z",0,"R",46,"R",0,"Z",0,"R",25,"R",54
208275,"A",,"A",,"A",,"A",,"A",,"A",,"A",,"A",,"A",,"A",,"A",,"A",,"A",,"R",264,"R",0,"R",264,"R",33,"R",13,"R",57,"R",22,"R",0,"R",264,"R",12,"R",20,"R",69,"R",26
208318,"A",,"A",,"A",,"A",,"A",,"A",,"A",,"A",,"A",,"A",,"A",,"A",,"A",,"R",610,"R",0,"R",610,"R",65,"R",11,"R",135,"R",22,"R",0,"R",610,"R",25,"R",26,"R",160,"R",26
208406,"A",,"A",,"A",,"A",,"A",,"A",,"A",,"A",,"A",,"A",,"A",,"A",,"A",,"R",778,"R",0,"R",778,"R",98,"R",13,"R",158,"R",20,"R",0,"R",778,"R",27,"R",45,"R",185,"R",24
208415,"A",,"A",,"A",,"A",,"A",,"A",,"A",,"A",,"A",,"A",,"A",,"A",,"A",,"R",102,"R",0,"R",102,"R",12,"R",12,"R",15,"R",15,"R",0,"R",102,"R",2,"R",9,"R",17,"R",17
208433,"A",,"A",,"A",,"A",,"A",,"A",,"A",,"A",,"A",,"A",,"A",,"A",,"A",,"R",52,"R",0,"R",52,"R",18,"R",35,"R",35,"R",67,"R",0,"R",52,"R",5,"R",10,"R",40,"R",77
208479,"A",,"A",,"A",,"A",,"A",,"A",,"A",,"A",,"A",,"A",,"A",,"A",,"A",,"R",353,"R",1,"R",352,"R",88,"R",25,"R",224,"R",64,"Z",0,"R",352,"R",0,"Z",0,"R",224,"R",64
208646,"R",310,"R",1,"R",309,"R",83,"R",27,"R",118,"R",38,"R",0,"R",309,"R",8,"R",1,"R",126,"R",41,"A",,"A",,"A",,"A",,"A",,"A",,"A",,"A",,"A",,"A",,"A",,"A",,"A",
208725,"R",18,"R",0,"R",18,"R",4,"R",22,"R",8,"R",44,"Z",0,"R",18,"R",0,"Z",0,"R",8,"R",44,"A",,"A",,"A",,"A",,"A",,"A",,"A",,"A",,"A",,"A",,"A",,"A",,"A",
208822,"R",619,"R",0,"R",619,"R",372,"R",60,"R",430,"R",69,"R",0,"R",619,"R",2,"R",1,"R",432,"R",70,"A",,"A",,"A",,"A",,"A",,"A",,"A",,"A",,"A",,"A",,"A",,"A",,"A",
208859,"A",,"A",,"A",,"A",,"A",,"A",,"A",,"A",,"A",,"A",,"A",,"A",,"A",,"R",50,"R",1,"R",49,"R",10,"R",20,"R",37,"R",76,"Z",0,"R",49,"R",0,"Z",0,"R",37,"R",76
209038,"A",,"A",,"A",,"A",,"A",,"A",,"A",,"A",,"A",,"A",,"A",,"A",,"A",,"R",831,"R",0,"R",831,"R",12,"R",1,"R",202,"R",24,"Z",0,"R",831,"R",121,"R",164,"R",323,"R",39
209056,"R",654,"R",0,"R",654,"R",439,"R",67,"R",485,"R",74,"R",1,"R",653,"R",2,"R",0,"R",487,"R",75,"A",,"A",,"A",,"A",,"A",,"A",,"A",,"A",,"A",,"A",,"A",,"A",,"A",
209065,"R",474,"R",0,"R",474,"R",260,"R",55,"R",319,"R",67,"R",0,"R",474,"R",7,"R",0,"R",326,"R",69,"A",,"A",,"A",,"A",,"A",,"A",,"A",,"A",,"A",,"A",,"A",,"A",,"A",
209074,"A",,"A",,"A",,"A",,"A",,"A",,"A",,"A",,"A",,"A",,"A",,"A",,"A",,"R",818,"R",0,"R",818,"R",108,"R",13,"R",184,"R",22,"R",0,"R",818,"R",26,"R",55,"R",210,"R",26
209083,"A",,"A",,"A",,"A",,"A",,"A",,"A",,"A",,"A",,"A",,"A",,"A",,"A",,"R",38,"R",0,"R",38,"R",1,"R",3,"R",17,"R",45,"Z",0,"R",38,"R",9,"R",2,"R",26,"R",68
209153,"A",,"A",,"A",,"A",,"A",,"A",,"A",,"A",,"A",,"A",,"A",,"A",,"A",,"R",38,"R",0,"R",38,"R",12,"R",32,"R",29,"R",76,"Z",0,"R",38,"R",0,"Z",0,"R",29,"R",76
209205,"A",,"A",,"A",,"A",,"A",,"A",,"A",,"A",,"A",,"A",,"A",,"A",,"A",,"R",52,"R",0,"R",52,"R",2,"R",4,"R",28,"R",54,"R",0,"R",52,"R",8,"R",3,"R",36,"R",69
209241,"R",13,"R",0,"R",13,"R",7,"R",54,"R",7,"R",54,"Z",0,"R",13,"R",0,"Z",0,"R",7,"R",54,"A",,"A",,"A",,"A",,"A",,"A",,"A",,"A",,"A",,"A",,"A",,"A",,"A",
209287,"R",56,"R",0,"R",56,"R",26,"R",46,"R",31,"R",55,"Z",0,"R",56,"R",0,"Z",0,"R",31,"R",55,"A",,"A",,"A",,"A",,"A",,"A",,"A",,"A",,"A",,"A",,"A",,"A",,"A",
209409,"R",83,"R",0,"R",83,"R",42,"R",51,"R",50,"R",60,"Z",0,"R",83,"R",0,"Z",0,"R",50,"R",60,"A",,"A",,"A",,"A",,"A",,"A",,"A",,"A",,"A",,"A",,"A",,"A",,"A",
209506,"R",324,"R",0,"R",324,"R",91,"R",28,"R",180,"R",56,"R",0,"R",324,"R",2,"R",7,"R",182,"R",56,"A",,"A",,"A",,"A",,"A",,"A",,"A",,"A",,"A",,"A",,"A",,"A",,"A",
209542,"R",3339,"R",1,"R",3338,"R",1355,"R",41,"R",2276,"R",68,"R",0,"R",3338,"R",63,"R",35,"R",2339,"R",70,"A",,"A",,"A",,"A",,"A",,"A",,"A",,"A",,"A",,"A",,"A",,"A",,"A",
209551,"R",4047,"R",3,"R",4044,"R",2458,"R",61,"R",3007,"R",74,"R",1,"R",4043,"R",40,"R",9,"R",3047,"R",75,"A",,"A",,"A",,"A",,"A",,"A",,"A",,"A",,"A",,"A",,"A",,"A",,"A",
209603,"R",70,"R",0,"R",70,"R",18,"R",26,"R",25,"R",36,"Z",0,"R",70,"Z",0,"R",1,"R",25,"R",36,"A",,"A",,"A",,"A",,"A",,"A",,"A",,"A",,"A",,"A",,"A",,"A",,"A",
209612,"R",479,"R",0,"R",479,"R",305,"R",64,"R",339,"R",71,"R",0,"R",479,"R",5,"R",0,"R",344,"R",72,"A",,"A",,"A",,"A",,"A",,"A",,"A",,"A",,"A",,"A",,"A",,"A",,"A",
209667,"A",,"A",,"A",,"A",,"A",,"A",,"A",,"A",,"A",,"A",,"A",,"A",,"A",,"R",59,"R",0,"R",59,"R",9,"R",15,"R",44,"R",75,"Z",0,"R",59,"R",0,"Z",0,"R",44,"R",75
209676,"A",,"A",,"A",,"A",,"A",,"A",,"A",,"A",,"A",,"A",,"A",,"A",,"A",,"R",118,"R",1,"R",117,"R",17,"R",15,"R",92,"R",79,"Z",0,"R",117,"R",0,"Z",0,"R",92,"R",79
209694,"A",,"A",,"A",,"A",,"A",,"A",,"A",,"A",,"A",,"A",,"A",,"A",,"A",,"R",51,"R",2,"R",49,"R",8,"R",16,"R",39,"R",80,"Z",0,"R",49,"R",0,"Z",0,"R",39,"R",80
209700,"A",,"A",,"A",,"A",,"A",,"A",,"A",,"A",,"A",,"A",,"A",,"A",,"A",,"R",89,"R",0,"R",89,"R",49,"R",55,"R",68,"R",76,"Z",0,"R",89,"R",0,"Z",0,"R",68,"R",76
209719,"A",,"A",,"A",,"A",,"A",,"A",,"A",,"A",,"A",,"A",,"A",,"A",,"A",,"R",62,"R",0,"R",62,"R",44,"R",71,"R",44,"R",71,"Z",0,"R",62,"R",0,"Z",0,"R",44,"R",71
209746,"A",,"A",,"A",,"A",,"A",,"A",,"A",,"A",,"A",,"A",,"A",,"A",,"A",,"R",2833,"R",5,"R",2828,"R",234,"R",8,"R",505,"R",18,"R",6,"R",2822,"R",84,"R",8,"R",589,"R",21
209807,"R",1652,"R",0,"R",1652,"R",476,"R",29,"R",889,"R",54,"R",0,"R",1652,"R",52,"R",21,"R",941,"R",57,"A",,"A",,"A",,"A",,"A",,"A",,"A",,"A",,"A",,"A",,"A",,"A",,"A",
209825,"R",941,"R",0,"R",941,"R",693,"R",74,"R",760,"R",81,"R",0,"R",941,"R",3,"R",1,"R",763,"R",81,"A",,"A",,"A",,"A",,"A",,"A",,"A",,"A",,"A",,"A",,"A",,"A",,"A",
209922,"R",420,"R",3,"R",417,"R",253,"R",61,"R",303,"R",73,"R",0,"R",417,"R",8,"R",0,"R",311,"R",75,"A",,"A",,"A",,"A",,"A",,"A",,"A",,"A",,"A",,"A",,"A",,"A",,"A",
209940,"A",,"A",,"A",,"A",,"A",,"A",,"A",,"A",,"A",,"A",,"A",,"A",,"A",,"R",519,"R",0,"R",519,"R",25,"R",5,"R",74,"R",14,"R",0,"R",519,"R",17,"R",65,"R",91,"R",18
210146,"R",783,"R",3,"R",780,"R",221,"R",28,"R",320,"R",41,"R",0,"R",780,"R",15,"R",2,"R",335,"R",43,"A",,"A",,"A",,"A",,"A",,"A",,"A",,"A",,"A",,"A",,"A",,"A",,"A",
210155,"A",,"A",,"A",,"A",,"A",,"A",,"A",,"A",,"A",,"A",,"A",,"A",,"A",,"R",405,"R",0,"R",405,"R",116,"R",29,"R",138,"R",34,"R",0,"R",405,"R",2,"R",2,"R",140,"R",35
210234,"A",,"A",,"A",,"A",,"A",,"A",,"A",,"A",,"A",,"A",,"A",,"A",,"A",,"R",290,"R",0,"R",290,"R",51,"R",18,"R",75,"R",26,"R",0,"R",290,"R",4,"R",17,"R",79,"R",27
210270,"A",,"A",,"A",,"A",,"A",,"A",,"A",,"A",,"A",,"A",,"A",,"A",,"A",,"R",346,"R",0,"R",346,"R",40,"R",12,"R",85,"R",25,"R",0,"R",346,"R",11,"R",6,"R",96,"R",28
210304,"R",78,"R",1,"R",77,"R",20,"R",26,"R",26,"R",34,"R",1,"R",76,"R",1,"R",1,"R",27,"R",36,"A",,"A",,"A",,"A",,"A",,"A",,"A",,"A",,"A",,"A",,"A",,"A",,"A",
210331,"R",274,"R",0,"R",274,"R",142,"R",52,"R",173,"R",63,"Z",0,"R",274,"R",8,"Z",0,"R",181,"R",66,"A",,"A",,"A",,"A",,"A",,"A",,"A",,"A",,"A",,"A",,"A",,"A",,"A",
210401,"R",521,"R",0,"R",521,"R",342,"R",66,"R",375,"R",72,"Z",0,"R",521,"R",0,"Z",0,"R",375,"R",72,"A",,"A",,"A",,"A",,"A",,"A",,"A",,"A",,"A",,"A",,"A",,"A",,"A",
210429,"R",908,"R",2,"R",906,"R",249,"R",27,"R",438,"R",48,"R",0,"R",906,"R",18,"R",7,"R",456,"R",50,"A",,"A",,"A",,"A",,"A",,"A",,"A",,"A",,"A",,"A",,"A",,"A",,"A",
210492,"R",68,"R",1,"R",67,"R",22,"R",33,"R",26,"R",39,"Z",0,"R",67,"R",0,"R",0,"R",26,"R",39,"A",,"A",,"A",,"A",,"A",,"A",,"A",,"A",,"A",,"A",,"A",,"A",,"A",
210571,"R",492,"R",1,"R",491,"R",203,"R",41,"R",232,"R",47,"R",0,"R",491,"R",1,"R",0,"R",233,"R",47,"A",,"A",,"A",,"A",,"A",,"A",,"A",,"A",,"A",,"A",,"A",,"A",,"A",
210599,"A",,"A",,"A",,"A",,"A",,"A",,"A",,"A",,"A",,"A",,"A",,"A",,"A",,"R",655,"R",0,"R",655,"R",49,"R",7,"R",173,"R",26,"Z",0,"R",655,"R",0,"Z",0,"R",173,"R",26
210605,"A",,"A",,"A",,"A",,"A",,"A",,"A",,"A",,"A",,"A",,"A",,"A",,"A",,"R",1887,"R",0,"R",1887,"R",150,"R",8,"R",357,"R",19,"R",0,"R",1887,"R",146,"R",127,"R",503,"R",27
210669,"R",489,"R",2,"R",487,"R",328,"R",67,"R",363,"R",75,"R",0,"R",487,"R",2,"R",0,"R",365,"R",75,"A",,"A",,"A",,"A",,"A",,"A",,"A",,"A",,"A",,"A",,"A",,"A",,"A",
210711,"A",,"A",,"A",,"A",,"A",,"A",,"A",,"A",,"A",,"A",,"A",,"A",,"A",,"R",100,"R",0,"R",100,"R",18,"R",18,"R",54,"R",54,"Z",0,"R",100,"R",0,"Z",0,"R",54,"R",54
210739,"R",427,"R",0,"R",427,"R",269,"R",63,"R",296,"R",69,"R",0,"R",427,"R",2,"R",0,"R",298,"R",70,"A",,"A",,"A",,"A",,"A",,"A",,"A",,"A",,"A",,"A",,"A",,"A",,"A",
210748,"A",,"A",,"A",,"A",,"A",,"A",,"A",,"A",,"A",,"A",,"A",,"A",,"A",,"R",14,"R",0,"R",14,"R",2,"R",14,"R",14,"R",100,"Z",0,"R",14,"R",0,"Z",0,"R",14,"R",100
210775,"R",401,"R",0,"R",401,"R",163,"R",41,"R",262,"R",65,"R",0,"R",401,"R",5,"R",1,"R",267,"R",67,"A",,"A",,"A",,"A",,"A",,"A",,"A",,"A",,"A",,"A",,"A",,"A",,"A",
210784,"A",,"A",,"A",,"A",,"A",,"A",,"A",,"A",,"A",,"A",,"A",,"A",,"A",,"R",210,"R",0,"R",210,"R",56,"R",27,"R",120,"R",57,"Z",0,"R",210,"R",0,"Z",0,"R",120,"R",57
211006,"A",,"A",,"A",,"A",,"A",,"A",,"A",,"A",,"A",,"A",,"A",,"A",,"A",,"R",172,"R",0,"R",172,"R",109,"R",63,"R",123,"R",72,"Z",0,"R",172,"R",0,"Z",0,"R",123,"R",72
211024,"R",65,"R",0,"R",65,"R",11,"R",17,"R",28,"R",43,"Z",0,"R",65,"R",0,"Z",0,"R",28,"R",43,"A",,"A",,"A",,"A",,"A",,"A",,"A",,"A",,"A",,"A",,"A",,"A",,"A",
211079,"A",,"A",,"A",,"A",,"A",,"A",,"A",,"A",,"A",,"A",,"A",,"A",,"A",,"R",320,"R",1,"R",319,"R",33,"R",10,"R",66,"R",21,"Z",0,"R",319,"R",19,"R",20,"R",85,"R",27
211088,"R",598,"R",1,"R",597,"R",323,"R",54,"R",369,"R",62,"R",0,"R",597,"R",4,"R",1,"R",373,"R",62,"A",,"A",,"A",,"A",,"A",,"A",,"A",,"A",,"A",,"A",,"A",,"A",,"A",
211273,"R",385,"R",0,"R",385,"R",312,"R",81,"R",335,"R",87,"Z",0,"R",385,"R",0,"R",4,"R",335,"R",87,"A",,"A",,"A",,"A",,"A",,"A",,"A",,"A",,"A",,"A",,"A",,"A",,"A",
211291,"R",938,"R",0,"R",938,"R",781,"R",83,"R",825,"R",88,"R",0,"R",938,"R",4,"R",0,"R",829,"R",88,"A",,"A",,"A",,"A",,"A",,"A",,"A",,"A",,"A",,"A",,"A",,"A",,"A",
211307,"A",,"A",,"A",,"A",,"A",,"A",,"A",,"A",,"A",,"A",,"A",,"A",,"A",,"R",893,"R",1,"R",892,"R",117,"R",13,"R",227,"R",25,"Z",0,"R",892,"R",54,"R",74,"R",281,"R",32
211316,"A",,"A",,"A",,"A",,"A",,"A",,"A",,"A",,"A",,"A",,"A",,"A",,"A",,"R",60,"R",0,"R",60,"R",30,"R",50,"R",51,"R",85,"Z",0,"R",60,"R",0,"Z",0,"R",51,"R",85
211334,"A",,"A",,"A",,"A",,"A",,"A",,"A",,"A",,"A",,"A",,"A",,"A",,"A",,"R",20,"R",0,"R",20,"R",2,"R",10,"R",15,"R",75,"R",0,"R",20,"R",4,"R",0,"R",19,"R",95
211343,"A",,"A",,"A",,"A",,"A",,"A",,"A",,"A",,"A",,"A",,"A",,"A",,"A",,"R",619,"R",0,"R",619,"R",114,"R",18,"R",191,"R",31,"R",0,"R",619,"R",29,"R",33,"R",220,"R",36
211352,"R",390,"R",0,"R",390,"R",168,"R",43,"R",204,"R",52,"R",0,"R",390,"R",2,"R",5,"R",206,"R",53,"A",,"A",,"A",,"A",,"A",,"A",,"A",,"A",,"A",,"A",,"A",,"A",,"A",
211431,"R",219,"R",1,"R",218,"R",93,"R",43,"R",114,"R",52,"R",0,"R",218,"R",3,"R",0,"R",117,"R",54,"A",,"A",,"A",,"A",,"A",,"A",,"A",,"A",,"A",,"A",,"A",,"A",,"A",
211440,"R",1575,"R",11,"R",1564,"R",1236,"R",79,"R",1452,"R",93,"R",0,"R",1564,"R",19,"R",0,"R",1471,"R",94,"A",,"A",,"A",,"A",,"A",,"A",,"A",,"A",,"A",,"A",,"A",,"A",,"A",
211468,"R",179,"R",0,"R",179,"R",92,"R",51,"R",114,"R",64,"R",0,"R",179,"R",0,"R",0,"R",114,"R",64,"A",,"A",,"A",,"A",,"A",,"A",,"A",,"A",,"A",,"A",,"A",,"A",,"A",
211477,"R",39,"R",0,"R",39,"R",11,"R",28,"R",14,"R",36,"Z",0,"R",39,"R",6,"R",1,"R",20,"R",51,"A",,"A",,"A",,"A",,"A",,"A",,"A",,"A",,"A",,"A",,"A",,"A",,"A",
211556,"R",210,"R",0,"R",210,"R",118,"R",56,"R",132,"R",63,"R",0,"R",210,"R",3,"R",0,"R",135,"R",64,"A",,"A",,"A",,"A",,"A",,"A",,"A",,"A",,"A",,"A",,"A",,"A",,"A",
211583,"R",206,"R",0,"R",206,"R",116,"R",56,"R",129,"R",63,"R",0,"R",206,"R",0,"R",1,"R",129,"R",63,"A",,"A",,"A",,"A",,"A",,"A",,"A",,"A",,"A",,"A",,"A",,"A",,"A",
211608,"R",100,"R",0,"R",100,"R",23,"R",23,"R",41,"R",41,"R",0,"R",100,"R",1,"R",0,"R",42,"R",42,"A",,"A",,"A",,"A",,"A",,"A",,"A",,"A",,"A",,"A",,"A",,"A",,"A",
211635,"A",,"A",,"A",,"A",,"A",,"A",,"A",,"A",,"A",,"A",,"A",,"A",,"A",,"R",24,"R",0,"R",24,"R",17,"R",71,"R",17,"R",71,"Z",0,"R",24,"R",0,"Z",0,"R",17,"R",71
211802,"A",,"A",,"A",,"A",,"A",,"A",,"A",,"A",,"A",,"A",,"A",,"A",,"A",,"R",42,"R",0,"R",42,"R",23,"R",55,"R",23,"R",55,"Z",0,"R",42,"R",0,"Z",0,"R",23,"R",55
211893,"R",19,"R",0,"R",19,"R",7,"R",37,"R",17,"R",89,"R",0,"R",19,"R",2,"R",0,"R",19,"R",100,"A",,"A",,"A",,"A",,"A",,"A",,"A",,"A",,"A",,"A",,"A",,"A",,"A",
211927,"A",,"A",,"A",,"A",,"A",,"A",,"A",,"A",,"A",,"A",,"A",,"A",,"A",,"R",678,"R",0,"R",678,"R",62,"R",9,"R",136,"R",20,"R",0,"R",678,"R",37,"R",48,"R",173,"R",26
211981,"R",471,"R",1,"R",470,"R",216,"R",46,"R",252,"R",54,"R",0,"R",470,"R",10,"R",0,"R",262,"R",56,"A",,"A",,"A",,"A",,"A",,"A",,"A",,"A",,"A",,"A",,"A",,"A",,"A",
212009,"R",731,"R",3,"R",728,"R",572,"R",79,"R",600,"R",82,"Z",0,"R",728,"R",0,"Z",0,"R",600,"R",82,"A",,"A",,"A",,"A",,"A",,"A",,"A",,"A",,"A",,"A",,"A",,"A",,"A",
212045,"A",,"A",,"A",,"A",,"A",,"A",,"A",,"A",,"A",,"A",,"A",,"A",,"A",,"R",79,"R",0,"R",79,"R",59,"R",75,"R",63,"R",80,"Z",0,"R",79,"R",0,"Z",0,"R",63,"R",80
212054,"R",2716,"R",3,"R",2713,"R",846,"R",31,"R",2122,"R",78,"R",3,"R",2710,"R",24,"R",1,"R",2146,"R",79,"A",,"A",,"A",,"A",,"A",,"A",,"A",,"A",,"A",,"A",,"A",,"A",,"A",
212106,"R",1258,"R",1,"R",1257,"R",840,"R",67,"R",970,"R",77,"R",0,"R",1257,"R",6,"R",0,"R",976,"R",78,"A",,"A",,"A",,"A",,"A",,"A",,"A",,"A",,"A",,"A",,"A",,"A",,"A",
212115,"R",1270,"R",0,"R",1270,"R",458,"R",36,"R",617,"R",49,"R",0,"R",1270,"R",11,"R",2,"R",628,"R",49,"A",,"A",,"A",,"A",,"A",,"A",,"A",,"A",,"A",,"A",,"A",,"A",,"A",
212133,"R",314,"R",0,"R",314,"R",173,"R",55,"R",196,"R",62,"R",0,"R",314,"R",3,"R",0,"R",199,"R",63,"A",,"A",,"A",,"A",,"A",,"A",,"A",,"A",,"A",,"A",,"A",,"A",,"A",
212197,"R",504,"R",2,"R",502,"R",352,"R",70,"R",379,"R",75,"R",0,"R",502,"R",2,"R",0,"R",381,"R",76,"A",,"A",,"A",,"A",,"A",,"A",,"A",,"A",,"A",,"A",,"A",,"A",,"A",
212230,"A",,"A",,"A",,"A",,"A",,"A",,"A",,"A",,"A",,"A",,"A",,"A",,"A",,"R",22,"R",0,"R",22,"R",1,"R",5,"R",13,"R",59,"Z",0,"R",22,"R",0,"Z",0,"R",13,"R",59
212267,"A",,"A",,"A",,"A",,"A",,"A",,"A",,"A",,"A",,"A",,"A",,"A",,"A",,"R",32,"R",0,"R",32,"R",0,"R",0,"R",19,"R",59,"Z",0,"R",32,"R",0,"Z",0,"R",19,"R",59
212276,"A",,"A",,"A",,"A",,"A",,"A",,"A",,"A",,"A",,"A",,"A",,"A",,"A",,"R",30,"R",0,"R",30,"R",1,"R",3,"R",16,"R",53,"Z",0,"R",30,"R",0,"Z",0,"R",16,"R",53
212294,"A",,"A",,"A",,"A",,"A",,"A",,"A",,"A",,"A",,"A",,"A",,"A",,"A",,"R",34,"R",0,"R",34,"R",2,"R",6,"R",22,"R",65,"R",0,"R",34,"R",0,"R",0,"R",22,"R",65
212300,"A",,"A",,"A",,"A",,"A",,"A",,"A",,"A",,"A",,"A",,"A",,"A",,"A",,"R",25,"R",0,"R",25,"R",0,"R",0,"R",17,"R",68,"Z",0,"R",25,"R",0,"Z",0,"R",17,"R",68
212328,"A",,"A",,"A",,"A",,"A",,"A",,"A",,"A",,"A",,"A",,"A",,"A",,"A",,"R",15,"R",0,"R",15,"R",0,"R",0,"R",9,"R",60,"Z",0,"R",15,"R",0,"Z",0,"R",9,"R",60
212337,"A",,"A",,"A",,"A",,"A",,"A",,"A",,"A",,"A",,"A",,"A",,"A",,"A",,"R",30,"R",0,"R",30,"R",1,"R",3,"R",10,"R",33,"Z",0,"R",30,"R",0,"Z",0,"R",10,"R",33
212355,"A",,"A",,"A",,"A",,"A",,"A",,"A",,"A",,"A",,"A",,"A",,"A",,"A",,"R",60,"R",0,"R",60,"R",4,"R",7,"R",43,"R",72,"Z",0,"R",60,"R",0,"Z",0,"R",43,"R",72
212382,"A",,"A",,"A",,"A",,"A",,"A",,"A",,"A",,"A",,"A",,"A",,"A",,"A",,"R",59,"R",0,"R",59,"R",0,"R",0,"R",40,"R",68,"Z",0,"R",59,"R",0,"Z",0,"R",40,"R",68
212391,"A",,"A",,"A",,"A",,"A",,"A",,"A",,"A",,"A",,"A",,"A",,"A",,"A",,"R",38,"R",0,"R",38,"R",2,"R",5,"R",23,"R",61,"R",0,"R",38,"R",0,"R",0,"R",23,"R",61
212434,"A",,"A",,"A",,"A",,"A",,"A",,"A",,"A",,"A",,"A",,"A",,"A",,"A",,"R",94,"R",0,"R",94,"R",66,"R",70,"R",66,"R",70,"Z",0,"R",94,"R",0,"Z",0,"R",66,"R",70
212577,"R",592,"R",0,"R",592,"R",460,"R",78,"R",490,"R",83,"R",0,"R",592,"R",4,"R",0,"R",494,"R",83,"A",,"A",,"A",,"A",,"A",,"A",,"A",,"A",,"A",,"A",,"A",,"A",,"A",
212601,"R",590,"R",1,"R",589,"R",299,"R",51,"R",383,"R",65,"R",0,"R",589,"R",16,"R",1,"R",399,"R",68,"A",,"A",,"A",,"A",,"A",,"A",,"A",,"A",,"A",,"A",,"A",,"A",,"A",
212656,"R",329,"R",0,"R",329,"R",207,"R",63,"R",231,"R",70,"R",0,"R",329,"R",2,"R",0,"R",233,"R",71,"A",,"A",,"A",,"A",,"A",,"A",,"A",,"A",,"A",,"A",,"A",,"A",,"A",
212674,"R",699,"R",0,"R",699,"R",550,"R",79,"R",573,"R",82,"R",0,"R",699,"R",1,"R",1,"R",574,"R",82,"A",,"A",,"A",,"A",,"A",,"A",,"A",,"A",,"A",,"A",,"A",,"A",,"A",
212753,"A",,"A",,"A",,"A",,"A",,"A",,"A",,"A",,"A",,"A",,"A",,"A",,"A",,"R",32,"R",0,"R",32,"R",1,"R",3,"R",23,"R",72,"Z",0,"R",32,"R",0,"Z",0,"R",23,"R",72
212805,"R",547,"R",2,"R",545,"R",473,"R",87,"R",477,"R",88,"Z",0,"R",545,"R",0,"R",1,"R",477,"R",88,"A",,"A",,"A",,"A",,"A",,"A",,"A",,"A",,"A",,"A",,"A",,"A",,"A",
212832,"R",146,"R",0,"R",146,"R",74,"R",51,"R",98,"R",67,"R",0,"R",146,"R",2,"R",0,"R",100,"R",68,"A",,"A",,"A",,"A",,"A",,"A",,"A",,"A",,"A",,"A",,"A",,"A",,"A",
212869,"A",,"A",,"A",,"A",,"A",,"A",,"A",,"A",,"A",,"A",,"A",,"A",,"A",,"R",233,"R",0,"R",233,"R",28,"R",12,"R",80,"R",34,"R",0,"R",233,"R",4,"R",0,"R",84,"R",36
212878,"A",,"A",,"A",,"A",,"A",,"A",,"A",,"A",,"A",,"A",,"A",,"A",,"A",,"R",1275,"R",0,"R",1275,"R",78,"R",6,"R",205,"R",16,"R",0,"R",1275,"R",63,"R",98,"R",268,"R",21
212911,"R",346,"R",2,"R",344,"R",290,"R",84,"R",310,"R",90,"R",0,"R",344,"R",1,"R",1,"R",311,"R",90,"A",,"A",,"A",,"A",,"A",,"A",,"A",,"A",,"A",,"A",,"A",,"A",,"A",
212975,"A",,"A",,"A",,"A",,"A",,"A",,"A",,"A",,"A",,"A",,"A",,"A",,"A",,"R",111,"R",1,"R",110,"R",89,"R",81,"R",99,"R",90,"Z",0,"R",110,"R",0,"Z",0,"R",99,"R",90
212984,"R",333,"R",1,"R",332,"R",138,"R",42,"R",186,"R",56,"Z",0,"R",332,"R",3,"Z",0,"R",189,"R",57,"A",,"A",,"A",,"A",,"A",,"A",,"A",,"A",,"A",,"A",,"A",,"A",,"A",
213011,"R",187,"R",0,"R",187,"R",104,"R",56,"R",129,"R",69,"Z",0,"R",187,"R",0,"Z",0,"R",129,"R",69,"A",,"A",,"A",,"A",,"A",,"A",,"A",,"A",,"A",,"A",,"A",,"A",,"A",
213020,"R",2474,"R",8,"R",2466,"R",1023,"R",41,"R",1400,"R",57,"R",0,"R",2466,"R",21,"R",6,"R",1421,"R",58,"A",,"A",,"A",,"A",,"A",,"A",,"A",,"A",,"A",,"A",,"A",,"A",,"A",
213163,"A",,"A",,"A",,"A",,"A",,"A",,"A",,"A",,"A",,"A",,"A",,"A",,"A",,"R",1,"R",0,"R",1,"Z",0,"R",0,"R",1,"R",100,"Z",0,"R",1,"R",0,"Z",0,"R",1,"R",100
213181,"A",,"A",,"A",,"A",,"A",,"A",,"A",,"A",,"A",,"A",,"A",,"A",,"A",,"R",220,"R",0,"R",220,"R",31,"R",14,"R",111,"R",50,"Z",0,"R",220,"R",2,"R",0,"R",113,"R",51
213233,"A",,"A",,"A",,"A",,"A",,"A",,"A",,"A",,"A",,"A",,"A",,"A",,"A",,"R",154,"R",0,"R",154,"R",76,"R",49,"R",83,"R",54,"R",0,"R",154,"R",5,"R",2,"R",88,"R",57
213251,"R",356,"R",0,"R",356,"R",259,"R",73,"R",270,"R",76,"R",0,"R",356,"R",0,"R",0,"R",270,"R",76,"A",,"A",,"A",,"A",,"A",,"A",,"A",,"A",,"A",,"A",,"A",,"A",,"A",
213303,"R",215,"R",1,"R",214,"R",77,"R",36,"R",97,"R",45,"R",0,"R",214,"R",2,"R",1,"R",99,"R",46,"A",,"A",,"A",,"A",,"A",,"A",,"A",,"A",,"A",,"A",,"A",,"A",,"A",
213321,"R",517,"R",0,"R",517,"R",307,"R",59,"R",348,"R",67,"R",0,"R",517,"R",1,"R",0,"R",349,"R",68,"A",,"A",,"A",,"A",,"A",,"A",,"A",,"A",,"A",,"A",,"A",,"A",,"A",
213330,"A",,"A",,"A",,"A",,"A",,"A",,"A",,"A",,"A",,"A",,"A",,"A",,"A",,"R",16,"R",0,"R",16,"R",1,"R",6,"R",13,"R",81,"R",0,"R",16,"R",1,"R",0,"R",14,"R",88
213349,"R",1859,"R",0,"R",1859,"R",697,"R",37,"R",1002,"R",54,"R",0,"R",1859,"R",14,"R",5,"R",1016,"R",55,"A",,"A",,"A",,"A",,"A",,"A",,"A",,"A",,"A",,"A",,"A",,"A",,"A",
213358,"R",278,"R",1,"R",277,"R",118,"R",43,"R",143,"R",52,"Z",0,"R",277,"R",0,"Z",0,"R",143,"R",52,"A",,"A",,"A",,"A",,"A",,"A",,"A",,"A",,"A",,"A",,"A",,"A",,"A",
213367,"R",708,"R",1,"R",707,"R",372,"R",53,"R",422,"R",60,"R",0,"R",707,"R",3,"R",3,"R",425,"R",60,"A",,"A",,"A",,"A",,"A",,"A",,"A",,"A",,"A",,"A",,"A",,"A",,"A",
213385,"R",672,"R",2,"R",670,"R",569,"R",85,"R",589,"R",88,"Z",0,"R",670,"R",3,"Z",0,"R",592,"R",88,"A",,"A",,"A",,"A",,"A",,"A",,"A",,"A",,"A",,"A",,"A",,"A",,"A",
213400,"R",178,"R",0,"R",178,"R",84,"R",47,"R",101,"R",57,"R",0,"R",178,"R",4,"R",0,"R",105,"R",59,"A",,"A",,"A",,"A",,"A",,"A",,"A",,"A",,"A",,"A",,"A",,"A",,"A",
213455,"A",,"A",,"A",,"A",,"A",,"A",,"A",,"A",,"A",,"A",,"A",,"A",,"A",,"R",84,"R",0,"R",84,"R",67,"R",80,"R",71,"R",85,"Z",0,"R",84,"R",0,"Z",0,"R",71,"R",85
213473,"A",,"A",,"A",,"A",,"A",,"A",,"A",,"A",,"A",,"A",,"A",,"A",,"A",,"R",7,"R",0,"R",7,"R",5,"R",71,"R",5,"R",71,"Z",0,"R",7,"R",0,"Z",0,"R",5,"R",71
213491,"A",,"A",,"A",,"A",,"A",,"A",,"A",,"A",,"A",,"A",,"A",,"A",,"A",,"R",13,"R",0,"R",13,"R",1,"R",8,"R",6,"R",46,"R",0,"R",13,"R",6,"R",0,"R",12,"R",92
213507,"R",455,"R",0,"R",455,"R",289,"R",64,"R",309,"R",68,"R",0,"R",455,"R",2,"R",0,"R",311,"R",68,"A",,"A",,"A",,"A",,"A",,"A",,"A",,"A",,"A",,"A",,"A",,"A",,"A",
213525,"A",,"A",,"A",,"A",,"A",,"A",,"A",,"A",,"A",,"A",,"A",,"A",,"A",,"R",930,"R",0,"R",930,"R",92,"R",10,"R",191,"R",21,"R",1,"R",929,"R",30,"R",83,"R",221,"R",24
213534,"A",,"A",,"A",,"A",,"A",,"A",,"A",,"A",,"A",,"A",,"A",,"A",,"A",,"R",288,"R",0,"R",288,"R",83,"R",29,"R",127,"R",44,"R",0,"R",288,"R",3,"R",0,"R",130,"R",45
213543,"R",1261,"R",5,"R",1256,"R",978,"R",78,"R",1097,"R",87,"R",0,"R",1256,"R",7,"R",0,"R",1104,"R",88,"A",,"A",,"A",,"A",,"A",,"A",,"A",,"A",,"A",,"A",,"A",,"A",,"A",
213570,"A",,"A",,"A",,"A",,"A",,"A",,"A",,"A",,"A",,"A",,"A",,"A",,"A",,"R",399,"R",0,"R",399,"R",96,"R",24,"R",222,"R",56,"R",0,"R",399,"R",9,"R",0,"R",231,"R",58
213589,"A",,"A",,"A",,"A",,"A",,"A",,"A",,"A",,"A",,"A",,"A",,"A",,"A",,"R",241,"R",0,"R",241,"R",78,"R",32,"R",104,"R",43,"R",0,"R",241,"R",0,"R",0,"R",104,"R",43
213598,"R",453,"R",0,"R",453,"R",147,"R",32,"R",222,"R",49,"R",0,"R",453,"R",6,"R",3,"R",228,"R",50,"A",,"A",,"A",,"A",,"A",,"A",,"A",,"A",,"A",,"A",,"A",,"A",,"A",
213622,"A",,"A",,"A",,"A",,"A",,"A",,"A",,"A",,"A",,"A",,"A",,"A",,"A",,"R",13,"R",0,"R",13,"R",5,"R",38,"R",5,"R",38,"Z",0,"R",13,"R",0,"Z",0,"R",5,"R",38
213659,"A",,"A",,"A",,"A",,"A",,"A",,"A",,"A",,"A",,"A",,"A",,"A",,"A",,"R",684,"R",1,"R",683,"R",69,"R",10,"R",122,"R",18,"Z",0,"R",683,"R",40,"R",52,"R",162,"R",24
213668,"R",347,"R",0,"R",347,"R",187,"R",54,"R",232,"R",67,"R",1,"R",346,"R",1,"R",0,"R",233,"R",67,"A",,"A",,"A",,"A",,"A",,"A",,"A",,"A",,"A",,"A",,"A",,"A",,"A",
213826,"R",369,"R",2,"R",367,"R",206,"R",56,"R",256,"R",70,"R",0,"R",367,"R",3,"R",1,"R",259,"R",71,"A",,"A",,"A",,"A",,"A",,"A",,"A",,"A",,"A",,"A",,"A",,"A",,"A",
213914,"A",,"A",,"A",,"A",,"A",,"A",,"A",,"A",,"A",,"A",,"A",,"A",,"A",,"R",106,"R",0,"R",106,"R",71,"R",67,"R",76,"R",72,"Z",0,"R",106,"R",0,"Z",0,"R",76,"R",72
213987,"R",598,"R",0,"R",598,"R",355,"R",59,"R",392,"R",66,"Z",0,"R",598,"R",0,"Z",0,"R",392,"R",66,"A",,"A",,"A",,"A",,"A",,"A",,"A",,"A",,"A",,"A",,"A",,"A",,"A",
213996,"R",691,"R",1,"R",690,"R",503,"R",73,"R",531,"R",77,"R",0,"R",690,"R",1,"R",0,"R",532,"R",77,"A",,"A",,"A",,"A",,"A",,"A",,"A",,"A",,"A",,"A",,"A",,"A",,"A",
214023,"A",,"A",,"A",,"A",,"A",,"A",,"A",,"A",,"A",,"A",,"A",,"A",,"A",,"R",2,"R",1,"R",1,"Z",0,"R",0,"Z",0,"R",0,"Z",0,"R",1,"R",0,"Z",0,"R",0,"R",0
214041,"R",1320,"R",0,"R",1320,"R",449,"R",34,"R",749,"R",57,"R",0,"R",1320,"R",20,"R",8,"R",769,"R",58,"A",,"A",,"A",,"A",,"A",,"A",,"A",,"A",,"A",,"A",,"A",,"A",,"A",
214069,"R",434,"R",0,"R",434,"R",282,"R",65,"R",310,"R",71,"Z",0,"R",434,"R",0,"Z",0,"R",310,"R",71,"A",,"A",,"A",,"A",,"A",,"A",,"A",,"A",,"A",,"A",,"A",,"A",,"A",
214111,"A",,"A",,"A",,"A",,"A",,"A",,"A",,"A",,"A",,"A",,"A",,"A",,"A",,"R",1072,"R",1,"R",1071,"R",132,"R",12,"R",247,"R",23,"R",0,"R",1071,"R",133,"R",100,"R",380,"R",35
214148,"R",94,"R",0,"R",94,"R",48,"R",51,"R",54,"R",57,"Z",0,"R",94,"R",0,"Z",0,"R",54,"R",57,"A",,"A",,"A",,"A",,"A",,"A",,"A",,"A",,"A",,"A",,"A",,"A",,"A",
214157,"R",522,"R",1,"R",521,"R",341,"R",65,"R",352,"R",68,"Z",0,"R",521,"R",0,"Z",0,"R",352,"R",68,"A",,"A",,"A",,"A",,"A",,"A",,"A",,"A",,"A",,"A",,"A",,"A",,"A",
214166,"R",166,"R",0,"R",166,"R",68,"R",41,"R",82,"R",49,"R",0,"R",166,"R",0,"R",1,"R",82,"R",49,"A",,"A",,"A",,"A",,"A",,"A",,"A",,"A",,"A",,"A",,"A",,"A",,"A",
214175,"R",582,"R",0,"R",582,"R",451,"R",77,"R",477,"R",82,"Z",0,"R",582,"R",1,"R",0,"R",478,"R",82,"A",,"A",,"A",,"A",,"A",,"A",,"A",,"A",,"A",,"A",,"A",,"A",,"A",
214272,"R",401,"R",1,"R",400,"R",137,"R",34,"R",197,"R",49,"R",0,"R",400,"R",5,"R",0,"R",202,"R",51,"A",,"A",,"A",,"A",,"A",,"A",,"A",,"A",,"A",,"A",,"A",,"A",,"A",
214290,"A",,"A",,"A",,"A",,"A",,"A",,"A",,"A",,"A",,"A",,"A",,"A",,"A",,"R",286,"R",1,"R",285,"R",184,"R",65,"R",206,"R",72,"Z",0,"R",285,"R",0,"Z",0,"R",206,"R",72
214379,"A",,"A",,"A",,"A",,"A",,"A",,"A",,"A",,"A",,"A",,"A",,"A",,"A",,"R",1427,"R",0,"R",1427,"R",128,"R",9,"R",303,"R",21,"R",0,"R",1427,"R",58,"R",111,"R",361,"R",25
214476,"A",,"A",,"A",,"A",,"A",,"A",,"A",,"A",,"A",,"A",,"A",,"A",,"A",,"R",7,"R",0,"R",7,"R",5,"R",71,"R",7,"R",100,"Z",0,"R",7,"R",0,"Z",0,"R",7,"R",100
214528,"A",,"A",,"A",,"A",,"A",,"A",,"A",,"A",,"A",,"A",,"A",,"A",,"A",,"R",91,"R",0,"R",91,"R",14,"R",15,"R",75,"R",82,"Z",0,"R",91,"R",0,"Z",0,"R",75,"R",82
214591,"R",1166,"R",3,"R",1163,"R",369,"R",32,"R",541,"R",47,"R",0,"R",1163,"R",11,"R",2,"R",552,"R",47,"A",,"A",,"A",,"A",,"A",,"A",,"A",,"A",,"A",,"A",,"A",,"A",,"A",
214625,"R",155,"R",0,"R",155,"R",27,"R",17,"R",37,"R",24,"R",0,"R",155,"R",0,"R",5,"R",37,"R",24,"A",,"A",,"A",,"A",,"A",,"A",,"A",,"A",,"A",,"A",,"A",,"A",,"A",
214634,"R",30,"R",0,"R",30,"R",3,"R",10,"R",5,"R",17,"R",0,"R",30,"R",0,"R",1,"R",5,"R",17,"A",,"A",,"A",,"A",,"A",,"A",,"A",,"A",,"A",,"A",,"A",,"A",,"A",
214643,"R",135,"R",1,"R",134,"R",21,"R",16,"R",25,"R",19,"R",0,"R",134,"R",0,"R",2,"R",25,"R",19,"A",,"A",,"A",,"A",,"A",,"A",,"A",,"A",,"A",,"A",,"A",,"A",,"A",
214652,"R",220,"R",0,"R",220,"R",46,"R",21,"R",67,"R",30,"R",0,"R",220,"R",2,"R",2,"R",69,"R",31,"A",,"A",,"A",,"A",,"A",,"A",,"A",,"A",,"A",,"A",,"A",,"A",,"A",
214670,"R",201,"R",1,"R",200,"R",17,"R",9,"R",32,"R",16,"R",0,"R",200,"R",2,"R",2,"R",34,"R",17,"A",,"A",,"A",,"A",,"A",,"A",,"A",,"A",,"A",,"A",,"A",,"A",,"A",
214689,"R",1356,"R",1,"R",1355,"R",126,"R",9,"R",187,"R",14,"R",0,"R",1355,"R",1,"R",8,"R",188,"R",14,"A",,"A",,"A",,"A",,"A",,"A",,"A",,"A",,"A",,"A",,"A",,"A",,"A",
214698,"R",209,"R",1,"R",208,"R",25,"R",12,"R",37,"R",18,"R",0,"R",208,"R",1,"R",1,"R",38,"R",18,"A",,"A",,"A",,"A",,"A",,"A",,"A",,"A",,"A",,"A",,"A",,"A",,"A",
214704,"R",761,"R",0,"R",761,"R",129,"R",17,"R",205,"R",27,"R",0,"R",761,"R",5,"R",9,"R",210,"R",28,"A",,"A",,"A",,"A",,"A",,"A",,"A",,"A",,"A",,"A",,"A",,"A",,"A",
214713,"R",852,"R",0,"R",852,"R",142,"R",17,"R",248,"R",29,"R",0,"R",852,"R",9,"R",7,"R",257,"R",30,"A",,"A",,"A",,"A",,"A",,"A",,"A",,"A",,"A",,"A",,"A",,"A",,"A",
214731,"R",364,"R",0,"R",364,"R",51,"R",14,"R",93,"R",26,"R",0,"R",364,"R",4,"R",1,"R",97,"R",27,"A",,"A",,"A",,"A",,"A",,"A",,"A",,"A",,"A",,"A",,"A",,"A",,"A",
214740,"R",108,"R",0,"R",108,"R",9,"R",8,"R",11,"R",10,"R",0,"R",108,"R",1,"R",1,"R",12,"R",11,"A",,"A",,"A",,"A",,"A",,"A",,"A",,"A",,"A",,"A",,"A",,"A",,"A",
214759,"R",168,"R",0,"R",168,"R",47,"R",28,"R",57,"R",34,"R",0,"R",168,"R",1,"R",1,"R",58,"R",35,"A",,"A",,"A",,"A",,"A",,"A",,"A",,"A",,"A",,"A",,"A",,"A",,"A",
214768,"R",231,"R",0,"R",231,"R",27,"R",12,"R",40,"R",17,"R",0,"R",231,"R",2,"R",3,"R",42,"R",18,"A",,"A",,"A",,"A",,"A",,"A",,"A",,"A",,"A",,"A",,"A",,"A",,"A",
214777,"R",7599,"R",5,"R",7594,"R",5276,"R",69,"R",6488,"R",85,"R",0,"R",7594,"R",81,"R",30,"R",6569,"R",87,"A",,"A",,"A",,"A",,"A",,"A",,"A",,"A",,"A",,"A",,"A",,"A",,"A",
214786,"R",158,"R",0,"R",158,"R",12,"R",8,"R",26,"R",16,"R",0,"R",158,"R",1,"R",1,"R",27,"R",17,"A",,"A",,"A",,"A",,"A",,"A",,"A",,"A",,"A",,"A",,"A",,"A",,"A",
214795,"R",195,"R",0,"R",195,"R",24,"R",12,"R",35,"R",18,"R",0,"R",195,"R",0,"R",2,"R",35,"R",18,"A",,"A",,"A",,"A",,"A",,"A",,"A",,"A",,"A",,"A",,"A",,"A",,"A",
214801,"R",860,"R",0,"R",860,"R",120,"R",14,"R",210,"R",24,"R",0,"R",860,"R",13,"R",5,"R",223,"R",26,"A",,"A",,"A",,"A",,"A",,"A",,"A",,"A",,"A",,"A",,"A",,"A",,"A",
214810,"R",179,"R",0,"R",179,"R",22,"R",12,"R",28,"R",16,"R",0,"R",179,"R",1,"R",3,"R",29,"R",16,"A",,"A",,"A",,"A",,"A",,"A",,"A",,"A",,"A",,"A",,"A",,"A",,"A",
214829,"R",301,"R",0,"R",301,"R",26,"R",9,"R",45,"R",15,"R",0,"R",301,"R",2,"R",2,"R",47,"R",16,"A",,"A",,"A",,"A",,"A",,"A",,"A",,"A",,"A",,"A",,"A",,"A",,"A",
214883,"R",2,"R",0,"R",2,"Z",0,"R",0,"R",1,"R",50,"Z",0,"R",2,"R",0,"Z",0,"R",1,"R",50,"A",,"A",,"A",,"A",,"A",,"A",,"A",,"A",,"A",,"A",,"A",,"A",,"A",
214892,"A",,"A",,"A",,"A",,"A",,"A",,"A",,"A",,"A",,"A",,"A",,"A",,"A",,"R",73,"R",0,"R",73,"R",64,"R",88,"R",64,"R",88,"Z",0,"R",73,"R",0,"Z",0,"R",64,"R",88
214944,"A",,"A",,"A",,"A",,"A",,"A",,"A",,"A",,"A",,"A",,"A",,"A",,"A",,"R",260,"R",1,"R",259,"R",8,"R",3,"R",188,"R",73,"Z",0,"R",259,"R",0,"Z",0,"R",188,"R",73
214971,"R",37,"R",1,"R",36,"R",17,"R",47,"R",17,"R",47,"Z",0,"R",36,"R",0,"R",0,"R",17,"R",47,"A",,"A",,"A",,"A",,"A",,"A",,"A",,"A",,"A",,"A",,"A",,"A",,"A",
215008,"A",,"A",,"A",,"A",,"A",,"A",,"A",,"A",,"A",,"A",,"A",,"A",,"A",,"R",19,"R",0,"R",19,"R",9,"R",47,"R",15,"R",79,"Z",0,"R",19,"R",0,"Z",0,"R",15,"R",79
215044,"A",,"A",,"A",,"A",,"A",,"A",,"A",,"A",,"A",,"A",,"A",,"A",,"A",,"R",37,"R",0,"R",37,"R",9,"R",24,"R",31,"R",84,"Z",0,"R",37,"R",0,"Z",0,"R",31,"R",84
215053,"R",71,"R",0,"R",71,"R",38,"R",54,"R",41,"R",58,"Z",0,"R",71,"R",0,"Z",0,"R",41,"R",58,"A",,"A",,"A",,"A",,"A",,"A",,"A",,"A",,"A",,"A",,"A",,"A",,"A",
215062,"R",2381,"R",0,"R",2381,"R",2124,"R",89,"R",2291,"R",96,"R",3,"R",2378,"R",23,"R",1,"R",2314,"R",97,"A",,"A",,"A",,"A",,"A",,"A",,"A",,"A",,"A",,"A",,"A",,"A",,"A",
215105,"R",404,"R",0,"R",404,"R",251,"R",62,"R",275,"R",68,"Z",0,"R",404,"R",0,"Z",0,"R",275,"R",68,"A",,"A",,"A",,"A",,"A",,"A",,"A",,"A",,"A",,"A",,"A",,"A",,"A",
215114,"R",147,"R",0,"R",147,"R",68,"R",46,"R",90,"R",61,"Z",0,"R",147,"R",0,"Z",0,"R",90,"R",61,"A",,"A",,"A",,"A",,"A",,"A",,"A",,"A",,"A",,"A",,"A",,"A",,"A",
215239,"A",,"A",,"A",,"A",,"A",,"A",,"A",,"A",,"A",,"A",,"A",,"A",,"A",,"R",1524,"R",0,"R",1524,"R",82,"R",5,"R",247,"R",16,"Z",0,"R",1524,"R",64,"R",154,"R",311,"R",20
215266,"R",302,"R",0,"R",302,"R",87,"R",29,"R",116,"R",38,"R",0,"R",302,"R",1,"R",0,"R",117,"R",39,"A",,"A",,"A",,"A",,"A",,"A",,"A",,"A",,"A",,"A",,"A",,"A",,"A",
215275,"R",408,"R",1,"R",407,"R",101,"R",25,"R",140,"R",34,"R",0,"R",407,"R",3,"R",2,"R",143,"R",35,"A",,"A",,"A",,"A",,"A",,"A",,"A",,"A",,"A",,"A",,"A",,"A",,"A",
215284,"R",713,"R",1,"R",712,"R",256,"R",36,"R",350,"R",49,"R",0,"R",712,"R",2,"R",1,"R",352,"R",49,"A",,"A",,"A",,"A",,"A",,"A",,"A",,"A",,"A",,"A",,"A",,"A",,"A",
215293,"R",4010,"R",2,"R",4008,"R",2766,"R",69,"R",3378,"R",84,"R",0,"R",4008,"R",21,"R",9,"R",3399,"R",85,"A",,"A",,"A",,"A",,"A",,"A",,"A",,"A",,"A",,"A",,"A",,"A",,"A",
215309,"A",,"A",,"A",,"A",,"A",,"A",,"A",,"A",,"A",,"A",,"A",,"A",,"A",,"R",29,"R",0,"R",29,"R",1,"R",3,"R",4,"R",14,"R",0,"R",29,"R",2,"R",0,"R",6,"R",21
215336,"A",,"A",,"A",,"A",,"A",,"A",,"A",,"A",,"A",,"A",,"A",,"A",,"A",,"R",40,"R",2,"R",38,"R",30,"R",79,"R",35,"R",92,"Z",0,"R",38,"R",0,"Z",0,"R",35,"R",92
215381,"A",,"A",,"A",,"A",,"A",,"A",,"A",,"A",,"A",,"A",,"A",,"A",,"A",,"R",167,"R",0,"R",167,"R",90,"R",54,"R",95,"R",57,"Z",0,"R",167,"R",0,"Z",0,"R",95,"R",57
215390,"A",,"A",,"A",,"A",,"A",,"A",,"A",,"A",,"A",,"A",,"A",,"A",,"A",,"R",33,"R",0,"R",33,"R",17,"R",52,"R",24,"R",73,"Z",0,"R",33,"R",0,"Z",0,"R",24,"R",73
215442,"R",588,"R",0,"R",588,"R",319,"R",54,"R",358,"R",61,"R",0,"R",588,"R",4,"R",0,"R",362,"R",62,"A",,"A",,"A",,"A",,"A",,"A",,"A",,"A",,"A",,"A",,"A",,"A",,"A",
215530,"A",,"A",,"A",,"A",,"A",,"A",,"A",,"A",,"A",,"A",,"A",,"A",,"A",,"R",16,"R",0,"R",16,"R",2,"R",13,"R",13,"R",81,"Z",0,"R",16,"R",0,"Z",0,"R",13,"R",81
215585,"A",,"A",,"A",,"A",,"A",,"A",,"A",,"A",,"A",,"A",,"A",,"A",,"A",,"R",433,"R",0,"R",433,"R",53,"R",12,"R",90,"R",21,"R",0,"R",433,"R",17,"R",45,"R",107,"R",25
215594,"A",,"A",,"A",,"A",,"A",,"A",,"A",,"A",,"A",,"A",,"A",,"A",,"A",,"R",18,"R",0,"R",18,"R",8,"R",44,"R",8,"R",44,"R",0,"R",18,"R",2,"R",1,"R",10,"R",56
215655,"R",865,"R",0,"R",865,"R",462,"R",53,"R",562,"R",65,"R",0,"R",865,"R",2,"R",0,"R",564,"R",65,"A",,"A",,"A",,"A",,"A",,"A",,"A",,"A",,"A",,"A",,"A",,"A",,"A",
215682,"A",,"A",,"A",,"A",,"A",,"A",,"A",,"A",,"A",,"A",,"A",,"A",,"A",,"R",107,"R",0,"R",107,"R",59,"R",55,"R",84,"R",79,"Z",0,"R",107,"R",0,"Z",0,"R",84,"R",79
215691,"R",124,"R",1,"R",123,"R",34,"R",28,"R",52,"R",42,"Z",0,"R",123,"R",0,"Z",0,"R",52,"R",42,"A",,"A",,"A",,"A",,"A",,"A",,"A",,"A",,"A",,"A",,"A",,"A",,"A",
215743,"R",412,"R",0,"R",412,"R",272,"R",66,"R",305,"R",74,"Z",0,"R",412,"R",0,"Z",0,"R",305,"R",74,"A",,"A",,"A",,"A",,"A",,"A",,"A",,"A",,"A",,"A",,"A",,"A",,"A",
215770,"R",1496,"R",1,"R",1495,"R",1121,"R",75,"R",1225,"R",82,"R",0,"R",1495,"R",2,"R",2,"R",1227,"R",82,"A",,"A",,"A",,"A",,"A",,"A",,"A",,"A",,"A",,"A",,"A",,"A",,"A",
215798,"R",444,"R",0,"R",444,"R",296,"R",67,"R",323,"R",73,"R",0,"R",444,"R",3,"R",1,"R",326,"R",73,"A",,"A",,"A",,"A",,"A",,"A",,"A",,"A",,"A",,"A",,"A",,"A",,"A",
215886,"A",,"A",,"A",,"A",,"A",,"A",,"A",,"A",,"A",,"A",,"A",,"A",,"A",,"R",66,"R",0,"R",66,"R",51,"R",77,"R",51,"R",77,"Z",0,"R",66,"R",0,"Z",0,"R",51,"R",77
215929,"R",907,"R",0,"R",907,"R",685,"R",76,"R",715,"R",79,"Z",0,"R",907,"R",3,"R",1,"R",718,"R",79,"A",,"A",,"A",,"A",,"A",,"A",,"A",,"A",,"A",,"A",,"A",,"A",,"A",
215947,"R",392,"R",0,"R",392,"R",202,"R",52,"R",262,"R",67,"R",0,"R",392,"R",0,"R",2,"R",262,"R",67,"A",,"A",,"A",,"A",,"A",,"A",,"A",,"A",,"A",,"A",,"A",,"A",,"A",
215974,"A",,"A",,"A",,"A",,"A",,"A",,"A",,"A",,"A",,"A",,"A",,"A",,"A",,"R",9,"R",0,"R",9,"R",2,"R",22,"R",2,"R",22,"Z",0,"R",9,"R",0,"Z",0,"R",2,"R",22
215992,"A",,"A",,"A",,"A",,"A",,"A",,"A",,"A",,"A",,"A",,"A",,"A",,"A",,"R",60,"R",0,"R",60,"R",38,"R",63,"R",38,"R",63,"Z",0,"R",60,"R",0,"Z",0,"R",38,"R",63
216010,"R",1385,"R",1,"R",1384,"R",610,"R",44,"R",803,"R",58,"R",0,"R",1384,"R",8,"R",2,"R",811,"R",59,"A",,"A",,"A",,"A",,"A",,"A",,"A",,"A",,"A",,"A",,"A",,"A",,"A",
216038,"R",1523,"R",8,"R",1515,"R",818,"R",54,"R",1037,"R",68,"R",0,"R",1515,"R",6,"R",3,"R",1043,"R",69,"A",,"A",,"A",,"A",,"A",,"A",,"A",,"A",,"A",,"A",,"A",,"A",,"A",
216047,"R",23,"R",0,"R",23,"R",13,"R",57,"R",13,"R",57,"Z",0,"R",23,"R",0,"Z",0,"R",13,"R",57,"A",,"A",,"A",,"A",,"A",,"A",,"A",,"A",,"A",,"A",,"A",,"A",,"A",
216074,"A",,"A",,"A",,"A",,"A",,"A",,"A",,"A",,"A",,"A",,"A",,"A",,"A",,"R",62,"R",0,"R",62,"R",3,"R",5,"R",53,"R",85,"Z",0,"R",62,"R",0,"Z",0,"R",53,"R",85
216083,"A",,"A",,"A",,"A",,"A",,"A",,"A",,"A",,"A",,"A",,"A",,"A",,"A",,"R",83,"R",0,"R",83,"R",44,"R",53,"R",51,"R",61,"Z",0,"R",83,"R",0,"R",1,"R",51,"R",61
216223,"A",,"A",,"A",,"A",,"A",,"A",,"A",,"A",,"A",,"A",,"A",,"A",,"A",,"R",60,"R",0,"R",60,"R",22,"R",37,"R",37,"R",62,"Z",0,"R",60,"R",0,"Z",0,"R",37,"R",62
216278,"R",666,"R",0,"R",666,"R",462,"R",69,"R",495,"R",74,"R",0,"R",666,"R",1,"R",0,"R",496,"R",74,"A",,"A",,"A",,"A",,"A",,"A",,"A",,"A",,"A",,"A",,"A",,"A",,"A",
216287,"R",407,"R",1,"R",406,"R",353,"R",87,"R",382,"R",94,"R",0,"R",406,"R",2,"R",1,"R",384,"R",95,"A",,"A",,"A",,"A",,"A",,"A",,"A",,"A",,"A",,"A",,"A",,"A",,"A",
216296,"A",,"A",,"A",,"A",,"A",,"A",,"A",,"A",,"A",,"A",,"A",,"A",,"A",,"R",574,"R",1,"R",573,"R",273,"R",48,"R",321,"R",56,"Z",0,"R",573,"R",0,"R",7,"R",321,"R",56
216311,"R",36,"R",0,"R",36,"R",17,"R",47,"R",17,"R",47,"Z",0,"R",36,"R",0,"Z",0,"R",17,"R",47,"A",,"A",,"A",,"A",,"A",,"A",,"A",,"A",,"A",,"A",,"A",,"A",,"A",
216339,"R",4892,"R",8,"R",4884,"R",2766,"R",57,"R",3678,"R",75,"R",1,"R",4883,"R",58,"R",33,"R",3736,"R",77,"A",,"A",,"A",,"A",,"A",,"A",,"A",,"A",,"A",,"A",,"A",,"A",,"A",
216357,"R",207,"R",0,"R",207,"R",84,"R",41,"R",97,"R",47,"Z",0,"R",207,"R",0,"Z",0,"R",97,"R",47,"A",,"A",,"A",,"A",,"A",,"A",,"A",,"A",,"A",,"A",,"A",,"A",,"A",
216366,"R",507,"R",0,"R",507,"R",287,"R",57,"R",360,"R",71,"R",0,"R",507,"R",4,"R",0,"R",364,"R",72,"A",,"A",,"A",,"A",,"A",,"A",,"A",,"A",,"A",,"A",,"A",,"A",,"A",
216436,"A",,"A",,"A",,"A",,"A",,"A",,"A",,"A",,"A",,"A",,"A",,"A",,"A",,"R",26,"R",0,"R",26,"R",7,"R",27,"R",8,"R",31,"R",0,"R",26,"R",1,"R",0,"R",9,"R",35
216445,"A",,"A",,"A",,"A",,"A",,"A",,"A",,"A",,"A",,"A",,"A",,"A",,"A",,"R",23,"R",0,"R",23,"R",18,"R",78,"R",18,"R",78,"Z",0,"R",23,"R",0,"Z",0,"R",18,"R",78
216454,"A",,"A",,"A",,"A",,"A",,"A",,"A",,"A",,"A",,"A",,"A",,"A",,"A",,"R",29,"R",0,"R",29,"R",20,"R",69,"R",20,"R",69,"R",1,"R",28,"R",1,"R",0,"R",21,"R",75
216524,"R",429,"R",0,"R",429,"R",286,"R",67,"R",311,"R",72,"R",0,"R",429,"R",1,"R",0,"R",312,"R",73,"A",,"A",,"A",,"A",,"A",,"A",,"A",,"A",,"A",,"A",,"A",,"A",,"A",
216542,"R",133,"R",1,"R",132,"R",60,"R",45,"R",73,"R",55,"Z",0,"R",132,"R",0,"Z",0,"R",73,"R",55,"A",,"A",,"A",,"A",,"A",,"A",,"A",,"A",,"A",,"A",,"A",,"A",,"A",
216551,"A",,"A",,"A",,"A",,"A",,"A",,"A",,"A",,"A",,"A",,"A",,"A",,"A",,"R",123,"R",0,"R",123,"R",35,"R",28,"R",35,"R",28,"Z",0,"R",123,"R",0,"Z",0,"R",35,"R",28
216579,"A",,"A",,"A",,"A",,"A",,"A",,"A",,"A",,"A",,"A",,"A",,"A",,"A",,"R",70,"R",0,"R",70,"R",19,"R",27,"R",42,"R",60,"R",0,"R",70,"R",0,"R",0,"R",42,"R",60
216597,"R",1699,"R",0,"R",1699,"R",1493,"R",88,"R",1551,"R",91,"R",0,"R",1699,"R",3,"R",1,"R",1554,"R",91,"A",,"A",,"A",,"A",,"A",,"A",,"A",,"A",,"A",,"A",,"A",,"A",,"A",
216667,"R",389,"R",0,"R",389,"R",276,"R",71,"R",296,"R",76,"Z",0,"R",389,"R",0,"Z",0,"R",296,"R",76,"A",,"A",,"A",,"A",,"A",,"A",,"A",,"A",,"A",,"A",,"A",,"A",,"A",
216694,"R",356,"R",0,"R",356,"R",207,"R",58,"R",237,"R",67,"Z",0,"R",356,"R",0,"Z",0,"R",237,"R",67,"A",,"A",,"A",,"A",,"A",,"A",,"A",,"A",,"A",,"A",,"A",,"A",,"A",
216746,"A",,"A",,"A",,"A",,"A",,"A",,"A",,"A",,"A",,"A",,"A",,"A",,"A",,"R",45,"R",0,"R",45,"R",36,"R",80,"R",37,"R",82,"Z",0,"R",45,"R",0,"Z",0,"R",37,"R",82
216764,"R",2381,"R",3,"R",2378,"R",1249,"R",53,"R",1730,"R",73,"R",0,"R",2378,"R",25,"R",14,"R",1755,"R",74,"A",,"A",,"A",,"A",,"A",,"A",,"A",,"A",,"A",,"A",,"A",,"A",,"A",
216773,"A",,"A",,"A",,"A",,"A",,"A",,"A",,"A",,"A",,"A",,"A",,"A",,"A",,"R",13,"R",0,"R",13,"R",7,"R",54,"R",7,"R",54,"Z",0,"R",13,"R",0,"Z",0,"R",7,"R",54
216807,"R",294,"R",0,"R",294,"R",194,"R",66,"R",214,"R",73,"R",0,"R",294,"R",0,"R",0,"R",214,"R",73,"A",,"A",,"A",,"A",,"A",,"A",,"A",,"A",,"A",,"A",,"A",,"A",,"A",
216825,"A",,"A",,"A",,"A",,"A",,"A",,"A",,"A",,"A",,"A",,"A",,"A",,"A",,"R",471,"R",1,"R",470,"R",49,"R",10,"R",88,"R",19,"R",0,"R",470,"R",34,"R",27,"R",122,"R",26
216852,"R",846,"R",0,"R",846,"R",463,"R",55,"R",579,"R",68,"R",0,"R",846,"R",2,"R",0,"R",581,"R",69,"A",,"A",,"A",,"A",,"A",,"A",,"A",,"A",,"A",,"A",,"A",,"A",,"A",
216931,"R",581,"R",1,"R",580,"R",289,"R",50,"R",356,"R",61,"R",1,"R",579,"R",5,"R",1,"R",361,"R",62,"A",,"A",,"A",,"A",,"A",,"A",,"A",,"A",,"A",,"A",,"A",,"A",,"A",
216940,"A",,"A",,"A",,"A",,"A",,"A",,"A",,"A",,"A",,"A",,"A",,"A",,"A",,"R",88,"R",0,"R",88,"R",59,"R",67,"R",59,"R",67,"R",0,"R",88,"R",2,"R",0,"R",61,"R",69
217013,"R",116,"R",0,"R",116,"R",37,"R",32,"R",62,"R",53,"Z",0,"R",116,"R",0,"Z",0,"R",62,"R",53,"A",,"A",,"A",,"A",,"A",,"A",,"A",,"A",,"A",,"A",,"A",,"A",,"A",
217040,"R",19,"R",0,"R",19,"Z",0,"R",0,"R",2,"R",11,"Z",0,"R",19,"R",0,"Z",0,"R",2,"R",11,"A",,"A",,"A",,"A",,"A",,"A",,"A",,"A",,"A",,"A",,"A",,"A",,"A",
217059,"R",894,"R",3,"R",891,"R",444,"R",50,"R",582,"R",65,"R",0,"R",891,"R",6,"R",1,"R",588,"R",66,"A",,"A",,"A",,"A",,"A",,"A",,"A",,"A",,"A",,"A",,"A",,"A",,"A",
217077,"A",,"A",,"A",,"A",,"A",,"A",,"A",,"A",,"A",,"A",,"A",,"A",,"A",,"R",396,"R",0,"R",396,"R",140,"R",35,"R",183,"R",46,"Z",0,"R",396,"R",0,"Z",0,"R",183,"R",46
217156,"R",1613,"R",4,"R",1609,"R",1391,"R",86,"R",1542,"R",96,"R",0,"R",1609,"R",17,"R",50,"R",1559,"R",97,"A",,"A",,"A",,"A",,"A",,"A",,"A",,"A",,"A",,"A",,"A",,"A",,"A",
217165,"R",908,"R",0,"R",908,"R",729,"R",80,"R",759,"R",84,"R",0,"R",908,"R",1,"R",3,"R",760,"R",84,"A",,"A",,"A",,"A",,"A",,"A",,"A",,"A",,"A",,"A",,"A",,"A",,"A",
217235,"R",1654,"R",0,"R",1654,"R",851,"R",51,"R",949,"R",57,"R",0,"R",1654,"R",9,"R",4,"R",958,"R",58,"A",,"A",,"A",,"A",,"A",,"A",,"A",,"A",,"A",,"A",,"A",,"A",,"A",
217323,"A",,"A",,"A",,"A",,"A",,"A",,"A",,"A",,"A",,"A",,"A",,"A",,"A",,"R",650,"R",0,"R",650,"R",323,"R",50,"R",463,"R",71,"Z",0,"R",650,"R",0,"Z",0,"R",463,"R",71
217402,"R",1033,"R",1,"R",1032,"R",880,"R",85,"R",918,"R",89,"R",0,"R",1032,"R",4,"R",0,"R",922,"R",89,"A",,"A",,"A",,"A",,"A",,"A",,"A",,"A",,"A",,"A",,"A",,"A",,"A",
217420,"R",1087,"R",0,"R",1087,"R",233,"R",21,"R",497,"R",46,"R",3,"R",1084,"R",43,"R",12,"R",540,"R",50,"A",,"A",,"A",,"A",,"A",,"A",,"A",,"A",,"A",,"A",,"A",,"A",,"A",
217475,"A",,"A",,"A",,"A",,"A",,"A",,"A",,"A",,"A",,"A",,"A",,"A",,"A",,"R",2860,"R",13,"R",2847,"R",469,"R",16,"R",673,"R",24,"R",0,"R",2847,"R",126,"R",217,"R",799,"R",28
217484,"R",2985,"R",0,"R",2985,"R",1579,"R",53,"R",2074,"R",69,"R",0,"R",2985,"R",33,"R",36,"R",2107,"R",71,"A",,"A",,"A",,"A",,"A",,"A",,"A",,"A",,"A",,"A",,"A",,"A",,"A",
217493,"R",464,"R",1,"R",463,"R",322,"R",70,"R",410,"R",89,"R",0,"R",463,"R",10,"R",1,"R",420,"R",91,"A",,"A",,"A",,"A",,"A",,"A",,"A",,"A",,"A",,"A",,"A",,"A",,"A",
217518,"R",1023,"R",0,"R",1023,"R",672,"R",66,"R",719,"R",70,"R",0,"R",1023,"R",8,"R",0,"R",727,"R",71,"A",,"A",,"A",,"A",,"A",,"A",,"A",,"A",,"A",,"A",,"A",,"A",,"A",
217536,"R",556,"R",0,"R",556,"R",392,"R",71,"R",407,"R",73,"R",0,"R",556,"R",1,"R",0,"R",408,"R",73,"A",,"A",,"A",,"A",,"A",,"A",,"A",,"A",,"A",,"A",,"A",,"A",,"A",
217581,"A",,"A",,"A",,"A",,"A",,"A",,"A",,"A",,"A",,"A",,"A",,"A",,"A",,"R",32,"R",0,"R",32,"R",3,"R",9,"R",20,"R",63,"Z",0,"R",32,"R",0,"Z",0,"R",20,"R",63
217606,"R",51,"R",0,"R",51,"R",23,"R",45,"R",27,"R",53,"Z",0,"R",51,"R",0,"Z",0,"R",27,"R",53,"A",,"A",,"A",,"A",,"A",,"A",,"A",,"A",,"A",,"A",,"A",,"A",,"A",
217615,"A",,"A",,"A",,"A",,"A",,"A",,"A",,"A",,"A",,"A",,"A",,"A",,"A",,"R",270,"R",0,"R",270,"R",30,"R",11,"R",52,"R",19,"R",0,"R",270,"R",7,"R",18,"R",59,"R",22
217624,"R",172,"R",0,"R",172,"R",15,"R",9,"R",39,"R",23,"Z",0,"R",172,"R",0,"Z",0,"R",39,"R",23,"A",,"A",,"A",,"A",,"A",,"A",,"A",,"A",,"A",,"A",,"A",,"A",,"A",
217633,"R",665,"R",1,"R",664,"R",371,"R",56,"R",420,"R",63,"R",0,"R",664,"R",2,"R",0,"R",422,"R",64,"A",,"A",,"A",,"A",,"A",,"A",,"A",,"A",,"A",,"A",,"A",,"A",,"A",
217688,"R",749,"R",0,"R",749,"R",282,"R",38,"R",369,"R",49,"R",4,"R",745,"R",9,"R",1,"R",378,"R",51,"A",,"A",,"A",,"A",,"A",,"A",,"A",,"A",,"A",,"A",,"A",,"A",,"A",
217712,"A",,"A",,"A",,"A",,"A",,"A",,"A",,"A",,"A",,"A",,"A",,"A",,"A",,"R",180,"R",0,"R",180,"R",16,"R",9,"R",26,"R",14,"Z",0,"R",180,"R",7,"R",81,"R",33,"R",18
217721,"R",656,"R",0,"R",656,"R",104,"R",16,"R",162,"R",25,"Z",0,"R",656,"R",1,"R",0,"R",163,"R",25,"A",,"A",,"A",,"A",,"A",,"A",,"A",,"A",,"A",,"A",,"A",,"A",,"A",
217749,"R",561,"R",0,"R",561,"R",332,"R",59,"R",369,"R",66,"R",0,"R",561,"R",3,"R",1,"R",372,"R",66,"A",,"A",,"A",,"A",,"A",,"A",,"A",,"A",,"A",,"A",,"A",,"A",,"A",
217776,"R",187,"R",0,"R",187,"R",84,"R",45,"R",98,"R",52,"Z",0,"R",187,"R",0,"Z",0,"R",98,"R",52,"A",,"A",,"A",,"A",,"A",,"A",,"A",,"A",,"A",,"A",,"A",,"A",,"A",
217794,"A",,"A",,"A",,"A",,"A",,"A",,"A",,"A",,"A",,"A",,"A",,"A",,"A",,"R",82,"R",0,"R",82,"R",42,"R",51,"R",58,"R",71,"R",0,"R",82,"R",0,"R",0,"R",58,"R",71
217819,"R",2229,"R",5,"R",2224,"R",1304,"R",59,"R",1490,"R",67,"R",0,"R",2224,"R",10,"R",7,"R",1500,"R",67,"A",,"A",,"A",,"A",,"A",,"A",,"A",,"A",,"A",,"A",,"A",,"A",,"A",
217828,"A",,"A",,"A",,"A",,"A",,"A",,"A",,"A",,"A",,"A",,"A",,"A",,"A",,"R",44,"R",0,"R",44,"R",25,"R",57,"R",30,"R",68,"R",0,"R",44,"R",0,"R",0,"R",30,"R",68
217837,"A",,"A",,"A",,"A",,"A",,"A",,"A",,"A",,"A",,"A",,"A",,"A",,"A",,"R",105,"R",0,"R",105,"R",20,"R",19,"R",27,"R",26,"R",0,"R",105,"R",5,"R",3,"R",32,"R",30
217864,"R",602,"R",7,"R",595,"R",405,"R",68,"R",435,"R",73,"R",0,"R",595,"R",11,"R",0,"R",446,"R",75,"A",,"A",,"A",,"A",,"A",,"A",,"A",,"A",,"A",,"A",,"A",,"A",,"A",
217873,"R",448,"R",0,"R",448,"R",170,"R",38,"R",229,"R",51,"Z",0,"R",448,"R",4,"R",5,"R",233,"R",52,"A",,"A",,"A",,"A",,"A",,"A",,"A",,"A",,"A",,"A",,"A",,"A",,"A",
217882,"R",3439,"R",5,"R",3434,"R",2228,"R",65,"R",2935,"R",85,"Z",0,"R",3434,"R",26,"R",7,"R",2961,"R",86,"A",,"A",,"A",,"A",,"A",,"A",,"A",,"A",,"A",,"A",,"A",,"A",,"A",
217891,"R",5,"R",0,"R",5,"Z",0,"R",0,"R",4,"R",80,"Z",0,"R",5,"R",0,"Z",0,"R",4,"R",80,"A",,"A",,"A",,"A",,"A",,"A",,"A",,"A",,"A",,"A",,"A",,"A",,"A",
217907,"R",224,"R",0,"R",224,"R",67,"R",30,"R",82,"R",37,"Z",0,"R",224,"R",0,"Z",0,"R",82,"R",37,"A",,"A",,"A",,"A",,"A",,"A",,"A",,"A",,"A",,"A",,"A",,"A",,"A",
217925,"R",91,"R",0,"R",91,"R",52,"R",57,"R",55,"R",60,"R",0,"R",91,"R",2,"R",0,"R",57,"R",63,"A",,"A",,"A",,"A",,"A",,"A",,"A",,"A",,"A",,"A",,"A",,"A",,"A",
217934,"R",185,"R",1,"R",184,"R",84,"R",46,"R",93,"R",51,"Z",0,"R",184,"R",0,"Z",0,"R",93,"R",51,"A",,"A",,"A",,"A",,"A",,"A",,"A",,"A",,"A",,"A",,"A",,"A",,"A",
217961,"R",219,"R",0,"R",219,"R",114,"R",52,"R",125,"R",57,"R",0,"R",219,"R",1,"R",0,"R",126,"R",58,"A",,"A",,"A",,"A",,"A",,"A",,"A",,"A",,"A",,"A",,"A",,"A",,"A",
217989,"A",,"A",,"A",,"A",,"A",,"A",,"A",,"A",,"A",,"A",,"A",,"A",,"A",,"R",77,"R",0,"R",77,"R",9,"R",12,"R",12,"R",16,"R",0,"R",77,"R",4,"R",0,"R",16,"R",21
217998,"R",217,"R",0,"R",217,"R",79,"R",36,"R",87,"R",40,"R",0,"R",217,"R",1,"R",0,"R",88,"R",41,"A",,"A",,"A",,"A",,"A",,"A",,"A",,"A",,"A",,"A",,"A",,"A",,"A",
218025,"A",,"A",,"A",,"A",,"A",,"A",,"A",,"A",,"A",,"A",,"A",,"A",,"A",,"R",489,"R",0,"R",489,"R",55,"R",11,"R",93,"R",19,"R",0,"R",489,"R",20,"R",37,"R",113,"R",23
218061,"R",737,"R",1,"R",736,"R",132,"R",18,"R",318,"R",43,"R",0,"R",736,"R",17,"R",2,"R",335,"R",46,"A",,"A",,"A",,"A",,"A",,"A",,"A",,"A",,"A",,"A",,"A",,"A",,"A",
218070,"R",668,"R",0,"R",668,"R",502,"R",75,"R",544,"R",81,"Z",0,"R",668,"R",3,"Z",0,"R",547,"R",82,"A",,"A",,"A",,"A",,"A",,"A",,"A",,"A",,"A",,"A",,"A",,"A",,"A",
218140,"A",,"A",,"A",,"A",,"A",,"A",,"A",,"A",,"A",,"A",,"A",,"A",,"A",,"R",1019,"R",0,"R",1019,"R",202,"R",20,"R",270,"R",26,"R",0,"R",1019,"R",46,"R",316,"R",316,"R",31
218159,"A",,"A",,"A",,"A",,"A",,"A",,"A",,"A",,"A",,"A",,"A",,"A",,"A",,"R",38,"R",0,"R",38,"R",1,"R",3,"R",15,"R",39,"Z",0,"R",38,"R",0,"Z",0,"R",15,"R",39
218195,"A",,"A",,"A",,"A",,"A",,"A",,"A",,"A",,"A",,"A",,"A",,"A",,"A",,"R",14,"R",0,"R",14,"R",3,"R",21,"R",3,"R",21,"Z",0,"R",14,"R",0,"Z",0,"R",3,"R",21
218229,"R",559,"R",0,"R",559,"R",204,"R",36,"R",298,"R",53,"R",0,"R",559,"R",8,"R",3,"R",306,"R",55,"A",,"A",,"A",,"A",,"A",,"A",,"A",,"A",,"A",,"A",,"A",,"A",,"A",
218238,"R",399,"R",0,"R",399,"R",109,"R",27,"R",118,"R",30,"R",0,"R",399,"R",6,"R",0,"R",124,"R",31,"A",,"A",,"A",,"A",,"A",,"A",,"A",,"A",,"A",,"A",,"A",,"A",,"A",
218353,"A",,"A",,"A",,"A",,"A",,"A",,"A",,"A",,"A",,"A",,"A",,"A",,"A",,"R",1643,"R",0,"R",1643,"R",140,"R",9,"R",249,"R",15,"R",0,"R",1643,"R",56,"R",107,"R",305,"R",19
218399,"R",213,"R",0,"R",213,"R",17,"R",8,"R",53,"R",25,"R",0,"R",213,"R",2,"R",0,"R",55,"R",26,"A",,"A",,"A",,"A",,"A",,"A",,"A",,"A",,"A",,"A",,"A",,"A",,"A",
218414,"R",267,"R",0,"R",267,"R",98,"R",37,"R",143,"R",54,"Z",0,"R",267,"R",0,"Z",0,"R",143,"R",54,"A",,"A",,"A",,"A",,"A",,"A",,"A",,"A",,"A",,"A",,"A",,"A",,"A",
218441,"R",528,"R",1,"R",527,"R",247,"R",47,"R",302,"R",57,"R",0,"R",527,"R",4,"R",1,"R",306,"R",58,"A",,"A",,"A",,"A",,"A",,"A",,"A",,"A",,"A",,"A",,"A",,"A",,"A",
218487,"A",,"A",,"A",,"A",,"A",,"A",,"A",,"A",,"A",,"A",,"A",,"A",,"A",,"R",219,"R",0,"R",219,"R",44,"R",20,"R",62,"R",28,"R",0,"R",219,"R",19,"R",18,"R",81,"R",37
218520,"A",,"A",,"A",,"A",,"A",,"A",,"A",,"A",,"A",,"A",,"A",,"A",,"A",,"R",641,"R",0,"R",641,"R",107,"R",17,"R",178,"R",28,"R",0,"R",641,"R",50,"R",41,"R",228,"R",36
218539,"R",262,"R",0,"R",262,"R",132,"R",50,"R",155,"R",59,"R",0,"R",262,"R",4,"R",0,"R",159,"R",61,"A",,"A",,"A",,"A",,"A",,"A",,"A",,"A",,"A",,"A",,"A",,"A",,"A",
218645,"R",583,"R",0,"R",583,"R",139,"R",24,"R",250,"R",43,"R",0,"R",583,"R",14,"R",6,"R",264,"R",45,"A",,"A",,"A",,"A",,"A",,"A",,"A",,"A",,"A",,"A",,"A",,"A",,"A",
218654,"R",492,"R",0,"R",492,"R",97,"R",20,"R",146,"R",30,"R",0,"R",492,"R",3,"R",4,"R",149,"R",30,"A",,"A",,"A",,"A",,"A",,"A",,"A",,"A",,"A",,"A",,"A",,"A",,"A",
218663,"R",5157,"R",3,"R",5154,"R",3448,"R",67,"R",4014,"R",78,"R",2,"R",5152,"R",29,"R",10,"R",4043,"R",78,"A",,"A",,"A",,"A",,"A",,"A",,"A",,"A",,"A",,"A",,"A",,"A",,"A",
218672,"A",,"A",,"A",,"A",,"A",,"A",,"A",,"A",,"A",,"A",,"A",,"A",,"A",,"R",328,"R",0,"R",328,"R",54,"R",16,"R",54,"R",16,"R",0,"R",328,"R",2,"R",4,"R",56,"R",17
218681,"A",,"A",,"A",,"A",,"A",,"A",,"A",,"A",,"A",,"A",,"A",,"A",,"A",,"R",216,"R",0,"R",216,"R",51,"R",24,"R",51,"R",24,"R",0,"R",216,"R",3,"R",0,"R",54,"R",25
218690,"A",,"A",,"A",,"A",,"A",,"A",,"A",,"A",,"A",,"A",,"A",,"A",,"A",,"R",252,"R",0,"R",252,"R",65,"R",26,"R",65,"R",26,"R",0,"R",252,"R",2,"R",2,"R",67,"R",27
218706,"A",,"A",,"A",,"A",,"A",,"A",,"A",,"A",,"A",,"A",,"A",,"A",,"A",,"R",144,"R",1,"R",143,"R",44,"R",31,"R",44,"R",31,"R",0,"R",143,"R",2,"R",1,"R",46,"R",32
218724,"R",2359,"R",5,"R",2354,"R",867,"R",37,"R",1204,"R",51,"R",0,"R",2354,"R",22,"R",6,"R",1226,"R",52,"A",,"A",,"A",,"A",,"A",,"A",,"A",,"A",,"A",,"A",,"A",,"A",,"A",
218733,"R",490,"R",0,"R",490,"R",68,"R",14,"R",149,"R",30,"R",0,"R",490,"R",9,"R",5,"R",158,"R",32,"A",,"A",,"A",,"A",,"A",,"A",,"A",,"A",,"A",,"A",,"A",,"A",,"A",
218742,"R",831,"R",0,"R",831,"R",261,"R",31,"R",394,"R",47,"R",0,"R",831,"R",10,"R",3,"R",404,"R",49,"A",,"A",,"A",,"A",,"A",,"A",,"A",,"A",,"A",,"A",,"A",,"A",,"A",
218830,"A",,"A",,"A",,"A",,"A",,"A",,"A",,"A",,"A",,"A",,"A",,"A",,"A",,"R",712,"R",0,"R",712,"R",127,"R",18,"R",204,"R",29,"R",0,"R",712,"R",48,"R",58,"R",252,"R",35
218858,"A",,"A",,"A",,"A",,"A",,"A",,"A",,"A",,"A",,"A",,"A",,"A",,"A",,"R",486,"R",0,"R",486,"R",66,"R",14,"R",106,"R",22,"R",1,"R",485,"R",30,"R",19,"R",136,"R",28
218885,"A",,"A",,"A",,"A",,"A",,"A",,"A",,"A",,"A",,"A",,"A",,"A",,"A",,"R",1966,"R",0,"R",1966,"R",583,"R",30,"R",679,"R",35,"R",0,"R",1966,"R",125,"R",59,"R",804,"R",41
218894,"A",,"A",,"A",,"A",,"A",,"A",,"A",,"A",,"A",,"A",,"A",,"A",,"A",,"R",1209,"R",0,"R",1209,"R",200,"R",17,"R",288,"R",24,"R",0,"R",1209,"R",53,"R",125,"R",341,"R",28
218919,"R",104,"R",0,"R",104,"R",28,"R",27,"R",33,"R",32,"Z",0,"R",104,"R",0,"Z",0,"R",33,"R",32,"A",,"A",,"A",,"A",,"A",,"A",,"A",,"A",,"A",,"A",,"A",,"A",,"A",
218955,"A",,"A",,"A",,"A",,"A",,"A",,"A",,"A",,"A",,"A",,"A",,"A",,"A",,"R",54,"R",0,"R",54,"R",6,"R",11,"R",8,"R",15,"R",0,"R",54,"R",3,"R",1,"R",11,"R",20
218964,"R",1088,"R",1,"R",1087,"R",497,"R",46,"R",633,"R",58,"Z",0,"R",1087,"R",8,"R",10,"R",641,"R",59,"A",,"A",,"A",,"A",,"A",,"A",,"A",,"A",,"A",,"A",,"A",,"A",,"A",
218973,"R",442,"R",1,"R",441,"R",332,"R",75,"R",354,"R",80,"Z",0,"R",441,"R",1,"R",0,"R",355,"R",80,"A",,"A",,"A",,"A",,"A",,"A",,"A",,"A",,"A",,"A",,"A",,"A",,"A",
218991,"A",,"A",,"A",,"A",,"A",,"A",,"A",,"A",,"A",,"A",,"A",,"A",,"A",,"R",804,"R",0,"R",804,"R",157,"R",20,"R",249,"R",31,"R",0,"R",804,"R",36,"R",45,"R",285,"R",35
219000,"R",367,"R",0,"R",367,"R",209,"R",57,"R",259,"R",71,"R",0,"R",367,"R",2,"R",0,"R",261,"R",71,"A",,"A",,"A",,"A",,"A",,"A",,"A",,"A",,"A",,"A",,"A",,"A",,"A",
219037,"A",,"A",,"A",,"A",,"A",,"A",,"A",,"A",,"A",,"A",,"A",,"A",,"A",,"R",7,"R",0,"R",7,"R",0,"R",0,"R",7,"R",100,"Z",0,"R",7,"R",0,"Z",0,"R",7,"R",100
219046,"R",438,"R",0,"R",438,"R",115,"R",26,"R",183,"R",42,"R",0,"R",438,"R",9,"R",5,"R",192,"R",44,"A",,"A",,"A",,"A",,"A",,"A",,"A",,"A",,"A",,"A",,"A",,"A",,"A",
219082,"R",320,"R",0,"R",320,"R",91,"R",28,"R",143,"R",45,"R",0,"R",320,"R",4,"R",6,"R",147,"R",46,"A",,"A",,"A",,"A",,"A",,"A",,"A",,"A",,"A",,"A",,"A",,"A",,"A",
219091,"R",169,"R",0,"R",169,"R",77,"R",46,"R",85,"R",50,"Z",0,"R",169,"R",0,"Z",0,"R",85,"R",50,"A",,"A",,"A",,"A",,"A",,"A",,"A",,"A",,"A",,"A",,"A",,"A",,"A",
219125,"A",,"A",,"A",,"A",,"A",,"A",,"A",,"A",,"A",,"A",,"A",,"A",,"A",,"R",19,"R",0,"R",19,"R",2,"R",11,"R",11,"R",58,"Z",0,"R",19,"R",0,"Z",0,"R",11,"R",58
219143,"A",,"A",,"A",,"A",,"A",,"A",,"A",,"A",,"A",,"A",,"A",,"A",,"A",,"R",581,"R",1,"R",580,"R",373,"R",64,"R",406,"R",70,"R",0,"R",580,"R",18,"R",6,"R",424,"R",73
219189,"A",,"A",,"A",,"A",,"A",,"A",,"A",,"A",,"A",,"A",,"A",,"A",,"A",,"R",374,"R",0,"R",374,"R",248,"R",66,"R",265,"R",71,"R",0,"R",374,"R",5,"R",1,"R",270,"R",72
219198,"R",100,"R",0,"R",100,"R",49,"R",49,"R",61,"R",61,"Z",0,"R",100,"R",0,"Z",0,"R",61,"R",61,"A",,"A",,"A",,"A",,"A",,"A",,"A",,"A",,"A",,"A",,"A",,"A",,"A",
219204,"R",8,"R",0,"R",8,"R",1,"R",13,"R",1,"R",13,"R",0,"R",8,"R",0,"R",1,"R",1,"R",13,"A",,"A",,"A",,"A",,"A",,"A",,"A",,"A",,"A",,"A",,"A",,"A",,"A",
219259,"R",211,"R",0,"R",211,"R",78,"R",37,"R",118,"R",56,"R",1,"R",210,"R",5,"R",0,"R",123,"R",59,"A",,"A",,"A",,"A",,"A",,"A",,"A",,"A",,"A",,"A",,"A",,"A",,"A",
219277,"R",62,"R",1,"R",61,"Z",0,"R",0,"R",4,"R",7,"R",0,"R",61,"R",1,"R",11,"R",5,"R",8,"A",,"A",,"A",,"A",,"A",,"A",,"A",,"A",,"A",,"A",,"A",,"A",,"A",
219347,"R",495,"R",0,"R",495,"R",119,"R",24,"R",258,"R",52,"R",0,"R",495,"R",20,"R",3,"R",278,"R",56,"A",,"A",,"A",,"A",,"A",,"A",,"A",,"A",,"A",,"A",,"A",,"A",,"A",
219356,"R",2093,"R",0,"R",2093,"R",869,"R",42,"R",1239,"R",59,"R",0,"R",2093,"R",21,"R",8,"R",1260,"R",60,"A",,"A",,"A",,"A",,"A",,"A",,"A",,"A",,"A",,"A",,"A",,"A",,"A",
219374,"R",3,"R",0,"R",3,"Z",0,"R",0,"Z",0,"R",0,"Z",0,"R",3,"R",0,"Z",0,"R",0,"R",0,"A",,"A",,"A",,"A",,"A",,"A",,"A",,"A",,"A",,"A",,"A",,"A",,"A",
219383,"R",274,"R",0,"R",274,"R",128,"R",47,"R",158,"R",58,"Z",0,"R",274,"R",0,"Z",0,"R",158,"R",58,"A",,"A",,"A",,"A",,"A",,"A",,"A",,"A",,"A",,"A",,"A",,"A",,"A",
219426,"A",,"A",,"A",,"A",,"A",,"A",,"A",,"A",,"A",,"A",,"A",,"A",,"A",,"R",499,"R",1,"R",498,"R",270,"R",54,"R",291,"R",58,"R",0,"R",498,"R",40,"R",4,"R",331,"R",66
219453,"A",,"A",,"A",,"A",,"A",,"A",,"A",,"A",,"A",,"A",,"A",,"A",,"A",,"R",46,"R",0,"R",46,"R",2,"R",4,"R",34,"R",74,"Z",0,"R",46,"R",0,"Z",0,"R",34,"R",74
219471,"R",1184,"R",1,"R",1183,"R",506,"R",43,"R",710,"R",60,"R",0,"R",1183,"R",16,"R",4,"R",726,"R",61,"A",,"A",,"A",,"A",,"A",,"A",,"A",,"A",,"A",,"A",,"A",,"A",,"A",
219480,"A",,"A",,"A",,"A",,"A",,"A",,"A",,"A",,"A",,"A",,"A",,"A",,"A",,"R",150,"R",0,"R",150,"R",64,"R",43,"R",79,"R",53,"R",0,"R",150,"R",5,"R",0,"R",84,"R",56
219505,"R",10,"R",0,"R",10,"Z",0,"R",0,"R",1,"R",10,"Z",0,"R",10,"R",0,"Z",0,"R",1,"R",10,"A",,"A",,"A",,"A",,"A",,"A",,"A",,"A",,"A",,"A",,"A",,"A",,"A",
219587,"A",,"A",,"A",,"A",,"A",,"A",,"A",,"A",,"A",,"A",,"A",,"A",,"A",,"R",44,"R",0,"R",44,"R",5,"R",11,"R",33,"R",75,"R",0,"R",44,"R",11,"R",0,"R",44,"R",100
219596,"A",,"A",,"A",,"A",,"A",,"A",,"A",,"A",,"A",,"A",,"A",,"A",,"A",,"R",88,"R",0,"R",88,"R",61,"R",69,"R",61,"R",69,"Z",0,"R",88,"R",0,"Z",0,"R",61,"R",69
219602,"R",892,"R",0,"R",892,"R",207,"R",23,"R",354,"R",40,"Z",0,"R",892,"R",15,"R",4,"R",369,"R",41,"A",,"A",,"A",,"A",,"A",,"A",,"A",,"A",,"A",,"A",,"A",,"A",,"A",
219639,"R",58,"R",0,"R",58,"R",27,"R",47,"R",34,"R",59,"Z",0,"R",58,"R",0,"Z",0,"R",34,"R",59,"A",,"A",,"A",,"A",,"A",,"A",,"A",,"A",,"A",,"A",,"A",,"A",,"A",
219709,"R",1455,"R",0,"R",1455,"R",835,"R",57,"R",995,"R",68,"R",0,"R",1455,"R",3,"R",0,"R",998,"R",69,"A",,"A",,"A",,"A",,"A",,"A",,"A",,"A",,"A",,"A",,"A",,"A",,"A",
219718,"R",502,"R",0,"R",502,"R",131,"R",26,"R",177,"R",35,"Z",0,"R",502,"R",0,"Z",0,"R",177,"R",35,"A",,"A",,"A",,"A",,"A",,"A",,"A",,"A",,"A",,"A",,"A",,"A",,"A",
219790,"R",149,"R",0,"R",149,"R",73,"R",49,"R",90,"R",60,"Z",0,"R",149,"R",0,"Z",0,"R",90,"R",60,"A",,"A",,"A",,"A",,"A",,"A",,"A",,"A",,"A",,"A",,"A",,"A",,"A",
219806,"R",468,"R",0,"R",468,"R",228,"R",49,"R",261,"R",56,"R",0,"R",468,"R",1,"R",1,"R",262,"R",56,"A",,"A",,"A",,"A",,"A",,"A",,"A",,"A",,"A",,"A",,"A",,"A",,"A",
219824,"A",,"A",,"A",,"A",,"A",,"A",,"A",,"A",,"A",,"A",,"A",,"A",,"A",,"R",1553,"R",0,"R",1553,"R",336,"R",22,"R",336,"R",22,"R",0,"R",1553,"R",64,"R",76,"R",400,"R",26
219833,"R",310,"R",0,"R",310,"R",170,"R",55,"R",183,"R",59,"R",0,"R",310,"R",5,"R",0,"R",188,"R",61,"A",,"A",,"A",,"A",,"A",,"A",,"A",,"A",,"A",,"A",,"A",,"A",,"A",
219851,"A",,"A",,"A",,"A",,"A",,"A",,"A",,"A",,"A",,"A",,"A",,"A",,"A",,"R",11,"R",0,"R",11,"R",5,"R",45,"R",6,"R",55,"Z",0,"R",11,"R",0,"Z",0,"R",6,"R",55
219879,"A",,"A",,"A",,"A",,"A",,"A",,"A",,"A",,"A",,"A",,"A",,"A",,"A",,"R",811,"R",0,"R",811,"R",175,"R",22,"R",237,"R",29,"Z",0,"R",811,"R",30,"R",20,"R",267,"R",33
219888,"A",,"A",,"A",,"A",,"A",,"A",,"A",,"A",,"A",,"A",,"A",,"A",,"A",,"R",1478,"R",0,"R",1478,"R",256,"R",17,"R",406,"R",27,"R",0,"R",1478,"R",48,"R",44,"R",454,"R",31
219903,"A",,"A",,"A",,"A",,"A",,"A",,"A",,"A",,"A",,"A",,"A",,"A",,"A",,"R",951,"R",1,"R",950,"R",114,"R",12,"R",446,"R",47,"Z",0,"R",950,"R",2,"Z",0,"R",448,"R",47
219949,"R",132,"R",0,"R",132,"R",54,"R",41,"R",70,"R",53,"R",0,"R",132,"R",0,"R",0,"R",70,"R",53,"A",,"A",,"A",,"A",,"A",,"A",,"A",,"A",,"A",,"A",,"A",,"A",,"A",
219976,"R",663,"R",2,"R",661,"R",420,"R",64,"R",472,"R",71,"Z",0,"R",661,"R",2,"R",2,"R",474,"R",72,"A",,"A",,"A",,"A",,"A",,"A",,"A",,"A",,"A",,"A",,"A",,"A",,"A",
219994,"A",,"A",,"A",,"A",,"A",,"A",,"A",,"A",,"A",,"A",,"A",,"A",,"A",,"R",202,"R",0,"R",202,"R",140,"R",69,"R",152,"R",75,"R",0,"R",202,"R",1,"R",0,"R",153,"R",76
220057,"A",,"A",,"A",,"A",,"A",,"A",,"A",,"A",,"A",,"A",,"A",,"A",,"A",,"R",541,"R",0,"R",541,"R",79,"R",15,"R",141,"R",26,"R",0,"R",541,"R",21,"R",18,"R",162,"R",30
220075,"R",1976,"R",1,"R",1975,"R",690,"R",35,"R",999,"R",51,"R",0,"R",1975,"R",46,"R",21,"R",1045,"R",53,"A",,"A",,"A",,"A",,"A",,"A",,"A",,"A",,"A",,"A",,"A",,"A",,"A",
220118,"A",,"A",,"A",,"A",,"A",,"A",,"A",,"A",,"A",,"A",,"A",,"A",,"A",,"R",95,"R",0,"R",95,"R",94,"R",99,"R",94,"R",99,"Z",0,"R",95,"R",0,"Z",0,"R",94,"R",99
220127,"A",,"A",,"A",,"A",,"A",,"A",,"A",,"A",,"A",,"A",,"A",,"A",,"A",,"R",169,"R",0,"R",169,"R",140,"R",83,"R",146,"R",86,"R",0,"R",169,"R",2,"R",0,"R",148,"R",88
220163,"A",,"A",,"A",,"A",,"A",,"A",,"A",,"A",,"A",,"A",,"A",,"A",,"A",,"R",26,"R",0,"R",26,"R",2,"R",8,"R",24,"R",92,"Z",0,"R",26,"R",0,"Z",0,"R",24,"R",92
220181,"R",208,"R",0,"R",208,"R",79,"R",38,"R",94,"R",45,"R",0,"R",208,"R",0,"R",0,"R",94,"R",45,"A",,"A",,"A",,"A",,"A",,"A",,"A",,"A",,"A",,"A",,"A",,"A",,"A",
220206,"R",41,"R",0,"R",41,"R",16,"R",39,"R",20,"R",49,"Z",0,"R",41,"R",0,"R",0,"R",20,"R",49,"A",,"A",,"A",,"A",,"A",,"A",,"A",,"A",,"A",,"A",,"A",,"A",,"A",
220215,"R",292,"R",0,"R",292,"R",168,"R",58,"R",189,"R",65,"R",0,"R",292,"R",0,"R",2,"R",189,"R",65,"A",,"A",,"A",,"A",,"A",,"A",,"A",,"A",,"A",,"A",,"A",,"A",,"A",
220251,"A",,"A",,"A",,"A",,"A",,"A",,"A",,"A",,"A",,"A",,"A",,"A",,"A",,"R",76,"R",0,"R",76,"R",44,"R",58,"R",45,"R",59,"R",0,"R",76,"R",0,"R",0,"R",45,"R",59
220279,"A",,"A",,"A",,"A",,"A",,"A",,"A",,"A",,"A",,"A",,"A",,"A",,"A",,"R",79,"R",0,"R",79,"R",59,"R",75,"R",64,"R",81,"Z",0,"R",79,"R",0,"Z",0,"R",64,"R",81
220321,"A",,"A",,"A",,"A",,"A",,"A",,"A",,"A",,"A",,"A",,"A",,"A",,"A",,"R",91,"R",0,"R",91,"R",61,"R",67,"R",62,"R",68,"R",1,"R",90,"R",1,"Z",0,"R",63,"R",70
220394,"A",,"A",,"A",,"A",,"A",,"A",,"A",,"A",,"A",,"A",,"A",,"A",,"A",,"R",64,"R",0,"R",64,"R",47,"R",73,"R",47,"R",73,"Z",0,"R",64,"R",0,"Z",0,"R",47,"R",73
220400,"A",,"A",,"A",,"A",,"A",,"A",,"A",,"A",,"A",,"A",,"A",,"A",,"A",,"R",1047,"R",0,"R",1047,"R",242,"R",23,"R",242,"R",23,"R",2,"R",1045,"R",49,"R",35,"R",291,"R",28
220464,"A",,"A",,"A",,"A",,"A",,"A",,"A",,"A",,"A",,"A",,"A",,"A",,"A",,"R",11,"R",0,"R",11,"R",3,"R",27,"R",5,"R",45,"Z",0,"R",11,"R",0,"Z",0,"R",5,"R",45
220473,"R",159,"R",0,"R",159,"R",93,"R",58,"R",99,"R",62,"Z",0,"R",159,"R",8,"R",4,"R",107,"R",67,"A",,"A",,"A",,"A",,"A",,"A",,"A",,"A",,"A",,"A",,"A",,"A",,"A",
220491,"A",,"A",,"A",,"A",,"A",,"A",,"A",,"A",,"A",,"A",,"A",,"A",,"A",,"R",15,"R",0,"R",15,"R",1,"R",7,"R",10,"R",67,"Z",0,"R",15,"R",0,"Z",0,"R",10,"R",67
220516,"R",148,"R",0,"R",148,"R",61,"R",41,"R",67,"R",45,"R",0,"R",148,"R",1,"Z",0,"R",68,"R",46,"A",,"A",,"A",,"A",,"A",,"A",,"A",,"A",,"A",,"A",,"A",,"A",,"A",
220552,"R",37,"R",0,"R",37,"R",12,"R",32,"R",18,"R",49,"Z",0,"R",37,"R",0,"Z",0,"R",18,"R",49,"A",,"A",,"A",,"A",,"A",,"A",,"A",,"A",,"A",,"A",,"A",,"A",,"A",
220598,"R",444,"R",0,"R",444,"R",74,"R",17,"R",107,"R",24,"R",0,"R",444,"R",8,"R",1,"R",115,"R",26,"A",,"A",,"A",,"A",,"A",,"A",,"A",,"A",,"A",,"A",,"A",,"A",,"A",
220604,"R",175,"R",0,"R",175,"R",13,"R",7,"R",32,"R",18,"Z",0,"R",175,"R",5,"R",2,"R",37,"R",21,"A",,"A",,"A",,"A",,"A",,"A",,"A",,"A",,"A",,"A",,"A",,"A",,"A",
220613,"R",826,"R",0,"R",826,"R",378,"R",46,"R",479,"R",58,"R",0,"R",826,"R",5,"R",3,"R",484,"R",59,"A",,"A",,"A",,"A",,"A",,"A",,"A",,"A",,"A",,"A",,"A",,"A",,"A",
220631,"R",208,"R",0,"R",208,"R",89,"R",43,"R",118,"R",57,"R",0,"R",208,"R",1,"R",0,"R",119,"R",57,"A",,"A",,"A",,"A",,"A",,"A",,"A",,"A",,"A",,"A",,"A",,"A",,"A",
220640,"A",,"A",,"A",,"A",,"A",,"A",,"A",,"A",,"A",,"A",,"A",,"A",,"A",,"R",97,"R",0,"R",97,"R",68,"R",70,"R",68,"R",70,"R",0,"R",97,"R",1,"Z",0,"R",69,"R",71
220701,"R",285,"R",1,"R",284,"R",69,"R",24,"R",90,"R",32,"R",0,"R",284,"R",1,"R",2,"R",91,"R",32,"A",,"A",,"A",,"A",,"A",,"A",,"A",,"A",,"A",,"A",,"A",,"A",,"A",
220710,"R",338,"R",0,"R",338,"R",155,"R",46,"R",188,"R",56,"R",0,"R",338,"R",1,"R",0,"R",189,"R",56,"A",,"A",,"A",,"A",,"A",,"A",,"A",,"A",,"A",,"A",,"A",,"A",,"A",
220756,"A",,"A",,"A",,"A",,"A",,"A",,"A",,"A",,"A",,"A",,"A",,"A",,"A",,"R",72,"R",1,"R",71,"R",47,"R",66,"R",59,"R",83,"Z",0,"R",71,"R",0,"Z",0,"R",59,"R",83
220765,"A",,"A",,"A",,"A",,"A",,"A",,"A",,"A",,"A",,"A",,"A",,"A",,"A",,"R",252,"R",0,"R",252,"R",40,"R",16,"R",110,"R",44,"R",0,"R",252,"R",9,"R",0,"R",119,"R",47
220853,"A",,"A",,"A",,"A",,"A",,"A",,"A",,"A",,"A",,"A",,"A",,"A",,"A",,"R",267,"R",0,"R",267,"R",101,"R",38,"R",112,"R",42,"R",0,"R",267,"R",1,"R",0,"R",113,"R",42
220862,"R",2049,"R",3,"R",2046,"R",659,"R",32,"R",1113,"R",54,"R",2,"R",2044,"R",43,"R",35,"R",1156,"R",57,"A",,"A",,"A",,"A",,"A",,"A",,"A",,"A",,"A",,"A",,"A",,"A",,"A",
220978,"R",2793,"R",0,"R",2793,"R",973,"R",35,"R",1499,"R",54,"R",0,"R",2793,"R",43,"R",31,"R",1542,"R",55,"A",,"A",,"A",,"A",,"A",,"A",,"A",,"A",,"A",,"A",,"A",,"A",,"A",
221050,"A",,"A",,"A",,"A",,"A",,"A",,"A",,"A",,"A",,"A",,"A",,"A",,"A",,"R",188,"R",0,"R",188,"R",135,"R",72,"R",135,"R",72,"Z",0,"R",188,"R",0,"Z",0,"R",135,"R",72
221096,"A",,"A",,"A",,"A",,"A",,"A",,"A",,"A",,"A",,"A",,"A",,"A",,"A",,"R",1684,"R",0,"R",1684,"R",367,"R",22,"R",541,"R",32,"R",0,"R",1684,"R",38,"R",29,"R",579,"R",34
221102,"A",,"A",,"A",,"A",,"A",,"A",,"A",,"A",,"A",,"A",,"A",,"A",,"A",,"R",164,"R",0,"R",164,"R",135,"R",82,"R",164,"R",100,"Z",0,"R",164,"R",0,"Z",0,"R",164,"R",100
221148,"A",,"A",,"A",,"A",,"A",,"A",,"A",,"A",,"A",,"A",,"A",,"A",,"A",,"R",1278,"R",0,"R",1278,"R",527,"R",41,"R",699,"R",55,"R",0,"R",1278,"R",5,"R",0,"R",704,"R",55
221184,"A",,"A",,"A",,"A",,"A",,"A",,"A",,"A",,"A",,"A",,"A",,"A",,"A",,"R",1357,"R",0,"R",1357,"R",133,"R",10,"R",222,"R",16,"Z",0,"R",1357,"R",37,"R",46,"R",259,"R",19
221236,"A",,"A",,"A",,"A",,"A",,"A",,"A",,"A",,"A",,"A",,"A",,"A",,"A",,"R",269,"R",0,"R",269,"R",171,"R",64,"R",186,"R",69,"R",0,"R",269,"R",2,"R",0,"R",188,"R",70
221281,"A",,"A",,"A",,"A",,"A",,"A",,"A",,"A",,"A",,"A",,"A",,"A",,"A",,"R",78,"R",0,"R",78,"R",60,"R",77,"R",60,"R",77,"Z",0,"R",78,"R",0,"Z",0,"R",60,"R",77
221333,"A",,"A",,"A",,"A",,"A",,"A",,"A",,"A",,"A",,"A",,"A",,"A",,"A",,"R",93,"R",0,"R",93,"R",58,"R",62,"R",58,"R",62,"R",0,"R",93,"R",2,"R",0,"R",60,"R",65
221351,"R",562,"R",0,"R",562,"R",459,"R",82,"R",480,"R",85,"R",0,"R",562,"R",2,"R",0,"R",482,"R",86,"A",,"A",,"A",,"A",,"A",,"A",,"A",,"A",,"A",,"A",,"A",,"A",,"A",
221397,"A",,"A",,"A",,"A",,"A",,"A",,"A",,"A",,"A",,"A",,"A",,"A",,"A",,"R",1007,"R",0,"R",1007,"R",215,"R",21,"R",328,"R",33,"Z",0,"R",1007,"R",34,"R",33,"R",362,"R",36
221430,"A",,"A",,"A",,"A",,"A",,"A",,"A",,"A",,"A",,"A",,"A",,"A",,"A",,"R",63,"R",0,"R",63,"R",33,"R",52,"R",40,"R",63,"R",0,"R",63,"R",0,"R",1,"R",40,"R",63
221485,"A",,"A",,"A",,"A",,"A",,"A",,"A",,"A",,"A",,"A",,"A",,"A",,"A",,"R",1664,"R",0,"R",1664,"R",93,"R",6,"R",242,"R",15,"R",0,"R",1664,"R",54,"R",78,"R",296,"R",18
221494,"A",,"A",,"A",,"A",,"A",,"A",,"A",,"A",,"A",,"A",,"A",,"A",,"A",,"R",97,"R",0,"R",97,"R",80,"R",82,"R",81,"R",84,"R",0,"R",97,"R",0,"R",1,"R",81,"R",84
221519,"R",469,"R",0,"R",469,"R",351,"R",75,"R",376,"R",80,"R",1,"R",468,"R",0,"Z",0,"R",376,"R",80,"A",,"A",,"A",,"A",,"A",,"A",,"A",,"A",,"A",,"A",,"A",,"A",,"A",
221582,"A",,"A",,"A",,"A",,"A",,"A",,"A",,"A",,"A",,"A",,"A",,"A",,"A",,"R",66,"R",0,"R",66,"R",55,"R",83,"R",55,"R",83,"R",0,"R",66,"R",1,"R",0,"R",56,"R",85
221591,"A",,"A",,"A",,"A",,"A",,"A",,"A",,"A",,"A",,"A",,"A",,"A",,"A",,"R",122,"R",0,"R",122,"R",93,"R",76,"R",101,"R",83,"Z",0,"R",122,"R",0,"Z",0,"R",101,"R",83
221607,"A",,"A",,"A",,"A",,"A",,"A",,"A",,"A",,"A",,"A",,"A",,"A",,"A",,"R",51,"R",0,"R",51,"R",35,"R",69,"R",38,"R",75,"Z",0,"R",51,"R",0,"Z",0,"R",38,"R",75
221616,"A",,"A",,"A",,"A",,"A",,"A",,"A",,"A",,"A",,"A",,"A",,"A",,"A",,"R",224,"R",0,"R",224,"R",144,"R",64,"R",168,"R",75,"Z",0,"R",224,"R",2,"R",5,"R",170,"R",76
221625,"A",,"A",,"A",,"A",,"A",,"A",,"A",,"A",,"A",,"A",,"A",,"A",,"A",,"R",216,"R",0,"R",216,"R",139,"R",64,"R",141,"R",65,"Z",0,"R",216,"R",0,"Z",0,"R",141,"R",65
221643,"A",,"A",,"A",,"A",,"A",,"A",,"A",,"A",,"A",,"A",,"A",,"A",,"A",,"R",2155,"R",0,"R",2155,"R",316,"R",15,"R",574,"R",27,"R",0,"R",2155,"R",81,"R",73,"R",655,"R",30
221661,"R",416,"R",0,"R",416,"R",135,"R",32,"R",236,"R",57,"R",0,"R",416,"R",10,"R",0,"R",246,"R",59,"A",,"A",,"A",,"A",,"A",,"A",,"A",,"A",,"A",,"A",,"A",,"A",,"A",
221731,"R",209,"R",0,"R",209,"R",91,"R",44,"R",108,"R",52,"R",0,"R",209,"R",0,"R",1,"R",108,"R",52,"A",,"A",,"A",,"A",,"A",,"A",,"A",,"A",,"A",,"A",,"A",,"A",,"A",
221740,"R",1852,"R",0,"R",1852,"R",649,"R",35,"R",995,"R",54,"R",0,"R",1852,"R",33,"R",11,"R",1028,"R",56,"A",,"A",,"A",,"A",,"A",,"A",,"A",,"A",,"A",,"A",,"A",,"A",,"A",
221759,"R",4700,"R",0,"R",4700,"R",2528,"R",54,"R",3390,"R",72,"R",0,"R",4700,"R",31,"R",23,"R",3421,"R",73,"A",,"A",,"A",,"A",,"A",,"A",,"A",,"A",,"A",,"A",,"A",,"A",,"A",
221768,"R",1010,"R",2,"R",1008,"R",346,"R",34,"R",521,"R",52,"R",0,"R",1008,"R",17,"R",7,"R",538,"R",53,"A",,"A",,"A",,"A",,"A",,"A",,"A",,"A",,"A",,"A",,"A",,"A",,"A",
221829,"A",,"A",,"A",,"A",,"A",,"A",,"A",,"A",,"A",,"A",,"A",,"A",,"A",,"R",161,"R",0,"R",161,"R",26,"R",16,"R",107,"R",66,"R",0,"R",161,"R",9,"R",0,"R",116,"R",72
221838,"R",1235,"R",1,"R",1234,"R",230,"R",19,"R",382,"R",31,"R",0,"R",1234,"R",0,"R",8,"R",382,"R",31,"A",,"A",,"A",,"A",,"A",,"A",,"A",,"A",,"A",,"A",,"A",,"A",,"A",
221847,"R",1577,"R",0,"R",1577,"R",586,"R",37,"R",944,"R",60,"R",0,"R",1577,"R",41,"R",12,"R",985,"R",62,"A",,"A",,"A",,"A",,"A",,"A",,"A",,"A",,"A",,"A",,"A",,"A",,"A",
221892,"R",316,"R",0,"R",316,"R",123,"R",39,"R",155,"R",49,"Z",0,"R",316,"R",4,"R",4,"R",159,"R",50,"A",,"A",,"A",,"A",,"A",,"A",,"A",,"A",,"A",,"A",,"A",,"A",,"A",
221908,"A",,"A",,"A",,"A",,"A",,"A",,"A",,"A",,"A",,"A",,"A",,"A",,"A",,"R",1262,"R",0,"R",1262,"R",218,"R",17,"R",355,"R",28,"R",0,"R",1262,"R",48,"R",61,"R",403,"R",32
221953,"R",281,"R",0,"R",281,"R",56,"R",20,"R",111,"R",40,"Z",0,"R",281,"R",0,"Z",0,"R",111,"R",40,"A",,"A",,"A",,"A",,"A",,"A",,"A",,"A",,"A",,"A",,"A",,"A",,"A",
221971,"R",341,"R",0,"R",341,"R",198,"R",58,"R",233,"R",68,"R",0,"R",341,"R",1,"R",0,"R",234,"R",69,"A",,"A",,"A",,"A",,"A",,"A",,"A",,"A",,"A",,"A",,"A",,"A",,"A",
221999,"R",1607,"R",5,"R",1602,"R",1422,"R",89,"R",1496,"R",93,"R",0,"R",1602,"R",5,"R",0,"R",1501,"R",94,"A",,"A",,"A",,"A",,"A",,"A",,"A",,"A",,"A",,"A",,"A",,"A",,"A",
222053,"A",,"A",,"A",,"A",,"A",,"A",,"A",,"A",,"A",,"A",,"A",,"A",,"A",,"R",2059,"R",0,"R",2059,"R",276,"R",13,"R",467,"R",23,"R",4,"R",2055,"R",68,"R",55,"R",535,"R",26
222062,"A",,"A",,"A",,"A",,"A",,"A",,"A",,"A",,"A",,"A",,"A",,"A",,"A",,"R",1504,"R",0,"R",1504,"R",295,"R",20,"R",483,"R",32,"Z",0,"R",1504,"R",47,"R",53,"R",530,"R",35
222105,"A",,"A",,"A",,"A",,"A",,"A",,"A",,"A",,"A",,"A",,"A",,"A",,"A",,"R",31,"R",0,"R",31,"R",18,"R",58,"R",23,"R",74,"Z",0,"R",31,"R",0,"Z",0,"R",23,"R",74
222178,"R",1061,"R",5,"R",1056,"R",495,"R",47,"R",636,"R",60,"R",0,"R",1056,"R",3,"R",1,"R",639,"R",61,"A",,"A",,"A",,"A",,"A",,"A",,"A",,"A",,"A",,"A",,"A",,"A",,"A",
222567,"A",,"A",,"A",,"A",,"A",,"A",,"A",,"A",,"A",,"A",,"A",,"A",,"A",,"R",441,"R",0,"R",441,"R",87,"R",20,"R",130,"R",29,"R",0,"R",441,"R",29,"R",30,"R",159,"R",36
222576,"A",,"A",,"A",,"A",,"A",,"A",,"A",,"A",,"A",,"A",,"A",,"A",,"A",,"R",1257,"R",5,"R",1252,"R",203,"R",16,"R",346,"R",28,"R",1,"R",1251,"R",67,"R",103,"R",413,"R",33
222822,"A",,"A",,"A",,"A",,"A",,"A",,"A",,"A",,"A",,"A",,"A",,"A",,"A",,"R",258,"R",0,"R",258,"R",18,"R",7,"R",60,"R",23,"R",0,"R",258,"R",19,"R",12,"R",79,"R",31
222831,"R",1316,"R",0,"R",1316,"R",412,"R",31,"R",587,"R",45,"R",0,"R",1316,"R",21,"R",0,"R",608,"R",46,"A",,"A",,"A",,"A",,"A",,"A",,"A",,"A",,"A",,"A",,"A",,"A",,"A",
222877,"R",35,"R",0,"R",35,"R",5,"R",14,"R",8,"R",23,"Z",0,"R",35,"R",0,"Z",0,"R",8,"R",23,"A",,"A",,"A",,"A",,"A",,"A",,"A",,"A",,"A",,"A",,"A",,"A",,"A",
222886,"A",,"A",,"A",,"A",,"A",,"A",,"A",,"A",,"A",,"A",,"A",,"A",,"A",,"R",285,"R",0,"R",285,"R",206,"R",72,"R",206,"R",72,"R",0,"R",285,"R",0,"R",0,"R",206,"R",72
222983,"R",353,"R",0,"R",353,"R",229,"R",65,"R",241,"R",68,"Z",0,"R",353,"R",0,"Z",0,"R",241,"R",68,"A",,"A",,"A",,"A",,"A",,"A",,"A",,"A",,"A",,"A",,"A",,"A",,"A",
223056,"A",,"A",,"A",,"A",,"A",,"A",,"A",,"A",,"A",,"A",,"A",,"A",,"A",,"R",46,"R",0,"R",46,"R",10,"R",22,"R",17,"R",37,"R",0,"R",46,"R",0,"R",6,"R",17,"R",37
223117,"R",1,"R",0,"R",1,"R",1,"R",100,"R",1,"R",100,"Z",0,"R",1,"R",0,"Z",0,"R",1,"R",100,"A",,"A",,"A",,"A",,"A",,"A",,"A",,"A",,"A",,"A",,"A",,"A",,"A",
223232,"R",3393,"R",3,"R",3390,"R",2315,"R",68,"R",2767,"R",82,"R",0,"R",3390,"R",10,"R",2,"R",2777,"R",82,"A",,"A",,"A",,"A",,"A",,"A",,"A",,"A",,"A",,"A",,"A",,"A",,"A",
223320,"A",,"A",,"A",,"A",,"A",,"A",,"A",,"A",,"A",,"A",,"A",,"A",,"A",,"R",461,"R",0,"R",461,"R",101,"R",22,"R",101,"R",22,"R",0,"R",461,"R",2,"R",98,"R",103,"R",22
223427,"A",,"A",,"A",,"A",,"A",,"A",,"A",,"A",,"A",,"A",,"A",,"A",,"A",,"R",4172,"R",0,"R",4172,"R",153,"R",4,"R",401,"R",10,"R",0,"R",4172,"R",241,"R",183,"R",642,"R",15
223463,"R",10,"R",0,"R",10,"R",6,"R",60,"R",6,"R",60,"R",0,"R",10,"R",1,"R",2,"R",7,"R",70,"A",,"A",,"A",,"A",,"A",,"A",,"A",,"A",,"A",,"A",,"A",,"A",,"A",
223472,"A",,"A",,"A",,"A",,"A",,"A",,"A",,"A",,"A",,"A",,"A",,"A",,"A",,"R",26,"R",0,"R",26,"R",14,"R",54,"R",22,"R",85,"Z",0,"R",26,"R",0,"Z",0,"R",22,"R",85
223816,"A",,"A",,"A",,"A",,"A",,"A",,"A",,"A",,"A",,"A",,"A",,"A",,"A",,"R",910,"R",2,"R",908,"R",94,"R",10,"R",153,"R",17,"R",0,"R",908,"R",27,"R",73,"R",180,"R",20
223852,"A",,"A",,"A",,"A",,"A",,"A",,"A",,"A",,"A",,"A",,"A",,"A",,"A",,"R",24,"R",4,"R",20,"R",17,"R",85,"R",17,"R",85,"R",1,"R",19,"R",1,"R",1,"R",18,"R",95
223898,"A",,"A",,"A",,"A",,"A",,"A",,"A",,"A",,"A",,"A",,"A",,"A",,"A",,"R",398,"R",0,"R",398,"R",36,"R",9,"R",104,"R",26,"R",0,"R",398,"R",12,"R",16,"R",116,"R",29
223922,"A",,"A",,"A",,"A",,"A",,"A",,"A",,"A",,"A",,"A",,"A",,"A",,"A",,"R",203,"R",0,"R",203,"R",83,"R",41,"R",91,"R",45,"R",0,"R",203,"R",3,"R",2,"R",94,"R",46
224004,"R",254,"R",0,"R",254,"R",66,"R",26,"R",95,"R",37,"R",0,"R",254,"R",2,"R",1,"R",97,"R",38,"A",,"A",,"A",,"A",,"A",,"A",,"A",,"A",,"A",,"A",,"A",,"A",,"A",
224013,"A",,"A",,"A",,"A",,"A",,"A",,"A",,"A",,"A",,"A",,"A",,"A",,"A",,"R",15,"R",0,"R",15,"R",1,"R",7,"R",5,"R",33,"Z",0,"R",15,"R",0,"Z",0,"R",5,"R",33
224110,"A",,"A",,"A",,"A",,"A",,"A",,"A",,"A",,"A",,"A",,"A",,"A",,"A",,"R",688,"R",0,"R",688,"R",60,"R",9,"R",135,"R",20,"R",0,"R",688,"R",61,"R",62,"R",196,"R",28
224147,"R",2227,"R",0,"R",2227,"R",402,"R",18,"R",800,"R",36,"R",0,"R",2227,"R",52,"R",20,"R",852,"R",38,"A",,"A",,"A",,"A",,"A",,"A",,"A",,"A",,"A",,"A",,"A",,"A",,"A",
224156,"A",,"A",,"A",,"A",,"A",,"A",,"A",,"A",,"A",,"A",,"A",,"A",,"A",,"R",43,"R",0,"R",43,"R",5,"R",12,"R",28,"R",65,"Z",0,"R",43,"R",0,"Z",0,"R",28,"R",65
224226,"R",461,"R",1,"R",460,"R",210,"R",46,"R",279,"R",61,"R",0,"R",460,"R",3,"R",1,"R",282,"R",61,"A",,"A",,"A",,"A",,"A",,"A",,"A",,"A",,"A",,"A",,"A",,"A",,"A",
224244,"R",58,"R",1,"R",57,"R",5,"R",9,"R",11,"R",19,"Z",0,"R",57,"R",0,"Z",0,"R",11,"R",19,"A",,"A",,"A",,"A",,"A",,"A",,"A",,"A",,"A",,"A",,"A",,"A",,"A",
224271,"A",,"A",,"A",,"A",,"A",,"A",,"A",,"A",,"A",,"A",,"A",,"A",,"A",,"R",65,"R",0,"R",65,"R",8,"R",12,"R",49,"R",75,"R",0,"R",65,"R",9,"R",0,"R",58,"R",89
224323,"R",393,"R",0,"R",393,"R",269,"R",68,"R",282,"R",72,"R",0,"R",393,"R",3,"R",0,"R",285,"R",73,"A",,"A",,"A",,"A",,"A",,"A",,"A",,"A",,"A",,"A",,"A",,"A",,"A",
224527,"R",342,"R",2,"R",340,"R",135,"R",40,"R",153,"R",45,"Z",0,"R",340,"R",0,"Z",0,"R",153,"R",45,"A",,"A",,"A",,"A",,"A",,"A",,"A",,"A",,"A",,"A",,"A",,"A",,"A",
224545,"R",156,"R",0,"R",156,"R",30,"R",19,"R",37,"R",24,"R",0,"R",156,"R",3,"R",3,"R",40,"R",26,"A",,"A",,"A",,"A",,"A",,"A",,"A",,"A",,"A",,"A",,"A",,"A",,"A",
224554,"R",1006,"R",0,"R",1006,"R",258,"R",26,"R",421,"R",42,"R",0,"R",1006,"R",13,"R",5,"R",434,"R",43,"A",,"A",,"A",,"A",,"A",,"A",,"A",,"A",,"A",,"A",,"A",,"A",,"A",
224642,"A",,"A",,"A",,"A",,"A",,"A",,"A",,"A",,"A",,"A",,"A",,"A",,"A",,"R",3092,"R",2,"R",3090,"R",280,"R",9,"R",644,"R",21,"R",0,"R",3090,"R",168,"R",334,"R",812,"R",26
224758,"A",,"A",,"A",,"A",,"A",,"A",,"A",,"A",,"A",,"A",,"A",,"A",,"A",,"R",10,"R",0,"R",10,"R",1,"R",10,"R",3,"R",30,"R",0,"R",10,"R",2,"R",0,"R",5,"R",50
224828,"A",,"A",,"A",,"A",,"A",,"A",,"A",,"A",,"A",,"A",,"A",,"A",,"A",,"R",33,"R",0,"R",33,"R",12,"R",36,"R",20,"R",61,"Z",0,"R",33,"R",0,"Z",0,"R",20,"R",61
224891,"A",,"A",,"A",,"A",,"A",,"A",,"A",,"A",,"A",,"A",,"A",,"A",,"A",,"R",170,"R",0,"R",170,"R",35,"R",21,"R",52,"R",31,"R",0,"R",170,"R",3,"R",5,"R",55,"R",32
225043,"A",,"A",,"A",,"A",,"A",,"A",,"A",,"A",,"A",,"A",,"A",,"A",,"A",,"R",8,"R",0,"R",8,"R",8,"R",100,"R",8,"R",100,"Z",0,"R",8,"R",0,"Z",0,"R",8,"R",100
225201,"R",60,"R",0,"R",60,"R",34,"R",57,"R",34,"R",57,"R",0,"R",60,"R",1,"R",0,"R",35,"R",58,"A",,"A",,"A",,"A",,"A",,"A",,"A",,"A",,"A",,"A",,"A",,"A",,"A",
225247,"R",411,"R",0,"R",411,"R",166,"R",40,"R",212,"R",52,"R",0,"R",411,"R",1,"R",0,"R",213,"R",52,"A",,"A",,"A",,"A",,"A",,"A",,"A",,"A",,"A",,"A",,"A",,"A",,"A",
225371,"A",,"A",,"A",,"A",,"A",,"A",,"A",,"A",,"A",,"A",,"A",,"A",,"A",,"R",480,"R",0,"R",480,"R",101,"R",21,"R",137,"R",29,"R",0,"R",480,"R",16,"R",18,"R",153,"R",32
225399,"R",544,"R",0,"R",544,"R",167,"R",31,"R",239,"R",44,"R",0,"R",544,"R",8,"R",2,"R",247,"R",45,"A",,"A",,"A",,"A",,"A",,"A",,"A",,"A",,"A",,"A",,"A",,"A",,"A",
225414,"R",228,"R",0,"R",228,"R",67,"R",29,"R",121,"R",53,"R",0,"R",228,"R",10,"R",3,"R",131,"R",57,"A",,"A",,"A",,"A",,"A",,"A",,"A",,"A",,"A",,"A",,"A",,"A",,"A",
225432,"R",790,"R",0,"R",790,"R",80,"R",10,"R",239,"R",30,"R",0,"R",790,"R",32,"R",31,"R",271,"R",34,"A",,"A",,"A",,"A",,"A",,"A",,"A",,"A",,"A",,"A",,"A",,"A",,"A",
225502,"R",285,"R",0,"R",285,"R",23,"R",8,"R",62,"R",22,"R",0,"R",285,"R",8,"R",7,"R",70,"R",25,"A",,"A",,"A",,"A",,"A",,"A",,"A",,"A",,"A",,"A",,"A",,"A",,"A",
225511,"R",4010,"R",0,"R",4010,"R",1524,"R",38,"R",2488,"R",62,"R",0,"R",4010,"R",121,"R",48,"R",2609,"R",65,"A",,"A",,"A",,"A",,"A",,"A",,"A",,"A",,"A",,"A",,"A",,"A",,"A",
225520,"A",,"A",,"A",,"A",,"A",,"A",,"A",,"A",,"A",,"A",,"A",,"A",,"A",,"R",366,"R",0,"R",366,"R",36,"R",10,"R",102,"R",28,"R",0,"R",366,"R",4,"R",13,"R",106,"R",29
225548,"R",277,"R",0,"R",277,"R",66,"R",24,"R",98,"R",35,"R",0,"R",277,"R",1,"R",1,"R",99,"R",36,"A",,"A",,"A",,"A",,"A",,"A",,"A",,"A",,"A",,"A",,"A",,"A",,"A",
225575,"R",145,"R",0,"R",145,"R",29,"R",20,"R",48,"R",33,"R",0,"R",145,"R",3,"R",2,"R",51,"R",35,"A",,"A",,"A",,"A",,"A",,"A",,"A",,"A",,"A",,"A",,"A",,"A",,"A",
225627,"R",817,"R",1,"R",816,"R",314,"R",38,"R",470,"R",58,"R",0,"R",816,"R",9,"R",1,"R",479,"R",59,"A",,"A",,"A",,"A",,"A",,"A",,"A",,"A",,"A",,"A",,"A",,"A",,"A",
225876,"A",,"A",,"A",,"A",,"A",,"A",,"A",,"A",,"A",,"A",,"A",,"A",,"A",,"R",113,"R",0,"R",113,"R",39,"R",35,"R",39,"R",35,"Z",0,"R",113,"R",1,"R",0,"R",40,"R",35
225885,"R",250,"R",0,"R",250,"R",68,"R",27,"R",90,"R",36,"Z",0,"R",250,"R",0,"Z",0,"R",90,"R",36,"A",,"A",,"A",,"A",,"A",,"A",,"A",,"A",,"A",,"A",,"A",,"A",,"A",
225991,"A",,"A",,"A",,"A",,"A",,"A",,"A",,"A",,"A",,"A",,"A",,"A",,"A",,"R",45,"R",0,"R",45,"R",22,"R",49,"R",22,"R",49,"Z",0,"R",45,"R",0,"Z",0,"R",22,"R",49
226019,"A",,"A",,"A",,"A",,"A",,"A",,"A",,"A",,"A",,"A",,"A",,"A",,"A",,"R",846,"R",0,"R",846,"R",192,"R",23,"R",283,"R",33,"R",0,"R",846,"R",32,"R",40,"R",315,"R",37
226091,"R",1505,"R",0,"R",1505,"R",263,"R",17,"R",582,"R",39,"Z",0,"R",1505,"R",42,"R",28,"R",624,"R",41,"A",,"A",,"A",,"A",,"A",,"A",,"A",,"A",,"A",,"A",,"A",,"A",,"A",
226107,"A",,"A",,"A",,"A",,"A",,"A",,"A",,"A",,"A",,"A",,"A",,"A",,"A",,"R",317,"R",0,"R",317,"R",44,"R",14,"R",83,"R",26,"R",0,"R",317,"R",7,"R",20,"R",90,"R",28
226116,"A",,"A",,"A",,"A",,"A",,"A",,"A",,"A",,"A",,"A",,"A",,"A",,"A",,"R",373,"R",0,"R",373,"R",61,"R",16,"R",99,"R",27,"R",0,"R",373,"R",21,"R",25,"R",120,"R",32
226152,"R",963,"R",0,"R",963,"R",249,"R",26,"R",468,"R",49,"R",0,"R",963,"R",37,"R",19,"R",505,"R",52,"A",,"A",,"A",,"A",,"A",,"A",,"A",,"A",,"A",,"A",,"A",,"A",,"A",
226204,"A",,"A",,"A",,"A",,"A",,"A",,"A",,"A",,"A",,"A",,"A",,"A",,"A",,"R",345,"R",0,"R",345,"R",97,"R",28,"R",139,"R",40,"Z",0,"R",345,"R",8,"R",177,"R",147,"R",43
226231,"R",273,"R",0,"R",273,"R",148,"R",54,"R",174,"R",64,"R",0,"R",273,"R",3,"R",3,"R",177,"R",65,"A",,"A",,"A",,"A",,"A",,"A",,"A",,"A",,"A",,"A",,"A",,"A",,"A",
226277,"A",,"A",,"A",,"A",,"A",,"A",,"A",,"A",,"A",,"A",,"A",,"A",,"A",,"R",996,"R",0,"R",996,"R",600,"R",60,"R",680,"R",68,"R",0,"R",996,"R",4,"R",0,"R",684,"R",69
226383,"R",275,"R",0,"R",275,"R",89,"R",32,"R",118,"R",43,"R",0,"R",275,"R",3,"R",0,"R",121,"R",44,"A",,"A",,"A",,"A",,"A",,"A",,"A",,"A",,"A",,"A",,"A",,"A",,"A",
226471,"R",725,"R",0,"R",725,"R",282,"R",39,"R",381,"R",53,"R",0,"R",725,"R",7,"R",1,"R",388,"R",54,"A",,"A",,"A",,"A",,"A",,"A",,"A",,"A",,"A",,"A",,"A",,"A",,"A",
226578,"A",,"A",,"A",,"A",,"A",,"A",,"A",,"A",,"A",,"A",,"A",,"A",,"A",,"R",817,"R",0,"R",817,"R",135,"R",17,"R",263,"R",32,"R",0,"R",817,"R",38,"R",27,"R",301,"R",37
226587,"R",297,"R",0,"R",297,"R",60,"R",20,"R",92,"R",31,"R",0,"R",297,"R",2,"R",0,"R",94,"R",32,"A",,"A",,"A",,"A",,"A",,"A",,"A",,"A",,"A",,"A",,"A",,"A",,"A",
226833,"R",820,"R",0,"R",820,"R",193,"R",24,"R",382,"R",47,"R",0,"R",820,"R",20,"R",5,"R",402,"R",49,"A",,"A",,"A",,"A",,"A",,"A",,"A",,"A",,"A",,"A",,"A",,"A",,"A",
226860,"A",,"A",,"A",,"A",,"A",,"A",,"A",,"A",,"A",,"A",,"A",,"A",,"A",,"R",35,"R",0,"R",35,"R",29,"R",83,"R",31,"R",89,"Z",0,"R",35,"R",0,"Z",0,"R",31,"R",89
226903,"A",,"A",,"A",,"A",,"A",,"A",,"A",,"A",,"A",,"A",,"A",,"A",,"A",,"R",1103,"R",0,"R",1103,"R",719,"R",65,"R",754,"R",68,"Z",0,"R",1103,"R",0,"Z",0,"R",754,"R",68
227058,"A",,"A",,"A",,"A",,"A",,"A",,"A",,"A",,"A",,"A",,"A",,"A",,"A",,"R",32,"R",0,"R",32,"R",0,"R",0,"R",8,"R",25,"R",2,"R",30,"R",4,"R",6,"R",12,"R",40
227216,"R",4417,"R",0,"R",4417,"R",1768,"R",40,"R",2658,"R",60,"R",0,"R",4417,"R",87,"R",99,"R",2745,"R",62,"A",,"A",,"A",,"A",,"A",,"A",,"A",,"A",,"A",,"A",,"A",,"A",,"A",
227225,"A",,"A",,"A",,"A",,"A",,"A",,"A",,"A",,"A",,"A",,"A",,"A",,"A",,"R",352,"R",0,"R",352,"R",77,"R",22,"R",118,"R",34,"R",0,"R",352,"R",12,"R",28,"R",130,"R",37
227298,"A",,"A",,"A",,"A",,"A",,"A",,"A",,"A",,"A",,"A",,"A",,"A",,"A",,"R",142,"R",0,"R",142,"R",102,"R",72,"R",118,"R",83,"Z",0,"R",142,"R",0,"Z",0,"R",118,"R",83
227313,"A",,"A",,"A",,"A",,"A",,"A",,"A",,"A",,"A",,"A",,"A",,"A",,"A",,"R",224,"R",1,"R",223,"R",11,"R",5,"R",126,"R",57,"Z",0,"R",223,"R",0,"Z",0,"R",126,"R",57
227322,"A",,"A",,"A",,"A",,"A",,"A",,"A",,"A",,"A",,"A",,"A",,"A",,"A",,"R",244,"R",0,"R",244,"R",14,"R",6,"R",138,"R",57,"Z",0,"R",244,"R",0,"Z",0,"R",138,"R",57
227331,"R",306,"R",0,"R",306,"R",71,"R",23,"R",107,"R",35,"Z",0,"R",306,"R",1,"R",1,"R",108,"R",35,"A",,"A",,"A",,"A",,"A",,"A",,"A",,"A",,"A",,"A",,"A",,"A",,"A",
227368,"R",3775,"R",3,"R",3772,"R",931,"R",25,"R",1929,"R",51,"R",1,"R",3771,"R",189,"R",119,"R",2118,"R",56,"A",,"A",,"A",,"A",,"A",,"A",,"A",,"A",,"A",,"A",,"A",,"A",,"A",
227377,"A",,"A",,"A",,"A",,"A",,"A",,"A",,"A",,"A",,"A",,"A",,"A",,"A",,"R",801,"R",0,"R",801,"R",123,"R",15,"R",258,"R",32,"R",0,"R",801,"R",7,"R",79,"R",265,"R",33
227386,"A",,"A",,"A",,"A",,"A",,"A",,"A",,"A",,"A",,"A",,"A",,"A",,"A",,"R",313,"R",0,"R",313,"R",85,"R",27,"R",117,"R",37,"R",0,"R",313,"R",10,"R",5,"R",127,"R",41
227401,"A",,"A",,"A",,"A",,"A",,"A",,"A",,"A",,"A",,"A",,"A",,"A",,"A",,"R",592,"R",0,"R",592,"R",181,"R",31,"R",208,"R",35,"R",0,"R",592,"R",32,"R",38,"R",240,"R",41
227429,"R",166,"R",0,"R",166,"R",18,"R",11,"R",38,"R",23,"R",0,"R",166,"R",6,"R",2,"R",44,"R",27,"A",,"A",,"A",,"A",,"A",,"A",,"A",,"A",,"A",,"A",,"A",,"A",,"A",
227526,"R",1625,"R",0,"R",1625,"R",238,"R",15,"R",676,"R",42,"R",0,"R",1625,"R",54,"R",21,"R",730,"R",45,"A",,"A",,"A",,"A",,"A",,"A",,"A",,"A",,"A",,"A",,"A",,"A",,"A",
227687,"A",,"A",,"A",,"A",,"A",,"A",,"A",,"A",,"A",,"A",,"A",,"A",,"A",,"R",260,"R",0,"R",260,"R",95,"R",37,"R",111,"R",43,"Z",0,"R",260,"R",1,"R",5,"R",112,"R",43
227748,"A",,"A",,"A",,"A",,"A",,"A",,"A",,"A",,"A",,"A",,"A",,"A",,"A",,"R",15,"R",0,"R",15,"R",5,"R",33,"R",5,"R",33,"Z",0,"R",15,"R",0,"Z",0,"R",5,"R",33
227757,"R",968,"R",2,"R",966,"R",840,"R",87,"R",892,"R",92,"R",0,"R",966,"R",7,"R",0,"R",899,"R",93,"A",,"A",,"A",,"A",,"A",,"A",,"A",,"A",,"A",,"A",,"A",,"A",,"A",
227845,"R",873,"R",2,"R",871,"R",482,"R",55,"R",573,"R",66,"R",0,"R",871,"R",10,"R",2,"R",583,"R",67,"A",,"A",,"A",,"A",,"A",,"A",,"A",,"A",,"A",,"A",,"A",,"A",,"A",
227854,"A",,"A",,"A",,"A",,"A",,"A",,"A",,"A",,"A",,"A",,"A",,"A",,"A",,"R",539,"R",0,"R",539,"R",86,"R",16,"R",172,"R",32,"R",0,"R",539,"R",35,"R",38,"R",207,"R",38
227863,"R",237,"R",0,"R",237,"R",84,"R",35,"R",146,"R",62,"R",0,"R",237,"R",5,"R",2,"R",151,"R",64,"A",,"A",,"A",,"A",,"A",,"A",,"A",,"A",,"A",,"A",,"A",,"A",,"A",
227881,"R",2514,"R",0,"R",2514,"R",893,"R",36,"R",1440,"R",57,"R",0,"R",2514,"R",50,"R",29,"R",1490,"R",59,"A",,"A",,"A",,"A",,"A",,"A",,"A",,"A",,"A",,"A",,"A",,"A",,"A",
228042,"R",289,"R",0,"R",289,"R",122,"R",42,"R",131,"R",45,"R",0,"R",289,"R",2,"R",1,"R",133,"R",46,"A",,"A",,"A",,"A",,"A",,"A",,"A",,"A",,"A",,"A",,"A",,"A",,"A",
228088,"A",,"A",,"A",,"A",,"A",,"A",,"A",,"A",,"A",,"A",,"A",,"A",,"A",,"R",23,"R",0,"R",23,"R",11,"R",48,"R",20,"R",87,"R",0,"R",23,"R",3,"R",0,"R",23,"R",100
228149,"R",589,"R",0,"R",589,"R",276,"R",47,"R",349,"R",59,"Z",0,"R",589,"R",1,"R",9,"R",350,"R",59,"A",,"A",,"A",,"A",,"A",,"A",,"A",,"A",,"A",,"A",,"A",,"A",,"A",
228158,"A",,"A",,"A",,"A",,"A",,"A",,"A",,"A",,"A",,"A",,"A",,"A",,"A",,"R",1447,"R",0,"R",1447,"R",171,"R",12,"R",283,"R",20,"R",0,"R",1447,"R",41,"R",75,"R",324,"R",22
228185,"A",,"A",,"A",,"A",,"A",,"A",,"A",,"A",,"A",,"A",,"A",,"A",,"A",,"R",20,"R",1,"R",19,"R",18,"R",95,"R",18,"R",95,"Z",0,"R",19,"R",0,"Z",0,"R",18,"R",95
228200,"A",,"A",,"A",,"A",,"A",,"A",,"A",,"A",,"A",,"A",,"A",,"A",,"A",,"R",254,"R",0,"R",254,"R",166,"R",65,"R",180,"R",71,"R",0,"R",254,"R",5,"R",0,"R",185,"R",73
228219,"A",,"A",,"A",,"A",,"A",,"A",,"A",,"A",,"A",,"A",,"A",,"A",,"A",,"R",365,"R",0,"R",365,"R",233,"R",64,"R",244,"R",67,"R",0,"R",365,"R",9,"R",0,"R",253,"R",69
228246,"R",1370,"R",0,"R",1370,"R",1026,"R",75,"R",1129,"R",82,"Z",0,"R",1370,"R",6,"R",1,"R",1135,"R",83,"A",,"A",,"A",,"A",,"A",,"A",,"A",,"A",,"A",,"A",,"A",,"A",,"A",
228282,"A",,"A",,"A",,"A",,"A",,"A",,"A",,"A",,"A",,"A",,"A",,"A",,"A",,"R",124,"R",0,"R",124,"R",89,"R",72,"R",95,"R",77,"R",0,"R",124,"R",4,"R",0,"R",99,"R",80
228316,"A",,"A",,"A",,"A",,"A",,"A",,"A",,"A",,"A",,"A",,"A",,"A",,"A",,"R",616,"R",0,"R",616,"R",111,"R",18,"R",188,"R",31,"Z",0,"R",616,"R",28,"R",44,"R",216,"R",35
228325,"R",151,"R",0,"R",151,"R",61,"R",40,"R",79,"R",52,"Z",0,"R",151,"R",0,"R",2,"R",79,"R",52,"A",,"A",,"A",,"A",,"A",,"A",,"A",,"A",,"A",,"A",,"A",,"A",,"A",
228343,"R",358,"R",0,"R",358,"R",245,"R",68,"R",264,"R",74,"Z",0,"R",358,"R",0,"Z",0,"R",264,"R",74,"A",,"A",,"A",,"A",,"A",,"A",,"A",,"A",,"A",,"A",,"A",,"A",,"A",
228431,"R",2243,"R",0,"R",2243,"R",791,"R",35,"R",1187,"R",53,"Z",0,"R",2243,"R",21,"R",11,"R",1208,"R",54,"A",,"A",,"A",,"A",,"A",,"A",,"A",,"A",,"A",,"A",,"A",,"A",,"A",
228459,"R",5533,"R",5,"R",5528,"R",1806,"R",33,"R",3149,"R",57,"R",0,"R",5528,"R",142,"R",44,"R",3291,"R",60,"A",,"A",,"A",,"A",,"A",,"A",,"A",,"A",,"A",,"A",,"A",,"A",,"A",
228468,"R",146,"R",0,"R",146,"R",38,"R",26,"R",62,"R",42,"R",0,"R",146,"R",3,"R",1,"R",65,"R",45,"A",,"A",,"A",,"A",,"A",,"A",,"A",,"A",,"A",,"A",,"A",,"A",,"A",
228486,"R",3,"R",0,"R",3,"R",0,"R",0,"R",0,"R",0,"Z",0,"R",3,"R",0,"Z",0,"R",0,"R",0,"A",,"A",,"A",,"A",,"A",,"A",,"A",,"A",,"A",,"A",,"A",,"A",,"A",
228501,"R",313,"R",0,"R",313,"R",50,"R",16,"R",90,"R",29,"R",0,"R",313,"R",8,"R",5,"R",98,"R",31,"A",,"A",,"A",,"A",,"A",,"A",,"A",,"A",,"A",,"A",,"A",,"A",,"A",
228529,"R",1831,"R",0,"R",1831,"R",544,"R",30,"R",894,"R",49,"R",0,"R",1831,"R",45,"R",15,"R",939,"R",51,"A",,"A",,"A",,"A",,"A",,"A",,"A",,"A",,"A",,"A",,"A",,"A",,"A",
228547,"A",,"A",,"A",,"A",,"A",,"A",,"A",,"A",,"A",,"A",,"A",,"A",,"A",,"R",3947,"R",0,"R",3947,"R",413,"R",10,"R",830,"R",21,"R",0,"R",3947,"R",266,"R",389,"R",1096,"R",28
228608,"A",,"A",,"A",,"A",,"A",,"A",,"A",,"A",,"A",,"A",,"A",,"A",,"A",,"R",371,"R",0,"R",371,"R",30,"R",8,"R",66,"R",18,"R",0,"R",371,"R",18,"R",22,"R",84,"R",23
228699,"A",,"A",,"A",,"A",,"A",,"A",,"A",,"A",,"A",,"A",,"A",,"A",,"A",,"R",345,"R",0,"R",345,"R",118,"R",34,"R",141,"R",41,"R",0,"R",345,"R",10,"R",15,"R",151,"R",44
228705,"R",1263,"R",0,"R",1263,"R",306,"R",24,"R",549,"R",43,"R",0,"R",1263,"R",36,"R",9,"R",585,"R",46,"A",,"A",,"A",,"A",,"A",,"A",,"A",,"A",,"A",,"A",,"A",,"A",,"A",
228723,"R",9028,"R",0,"R",9028,"R",5312,"R",59,"R",7526,"R",83,"Z",0,"R",9028,"R",76,"R",11,"R",7602,"R",84,"A",,"A",,"A",,"A",,"A",,"A",,"A",,"A",,"A",,"A",,"A",,"A",,"A",
228769,"R",2711,"R",1,"R",2710,"R",763,"R",28,"R",1385,"R",51,"R",1,"R",2709,"R",82,"R",38,"R",1467,"R",54,"A",,"A",,"A",,"A",,"A",,"A",,"A",,"A",,"A",,"A",,"A",,"A",,"A",
228778,"R",7566,"R",0,"R",7566,"R",5285,"R",70,"R",6639,"R",88,"R",0,"R",7566,"R",92,"R",6,"R",6731,"R",89,"A",,"A",,"A",,"A",,"A",,"A",,"A",,"A",,"A",,"A",,"A",,"A",,"A",
228787,"R",2656,"R",0,"R",2656,"R",1388,"R",52,"R",1904,"R",72,"R",0,"R",2656,"R",40,"R",18,"R",1944,"R",73,"A",,"A",,"A",,"A",,"A",,"A",,"A",,"A",,"A",,"A",,"A",,"A",,"A",
228796,"R",2950,"R",0,"R",2950,"R",525,"R",18,"R",1339,"R",45,"Z",0,"R",2950,"R",185,"R",115,"R",1524,"R",52,"A",,"A",,"A",,"A",,"A",,"A",,"A",,"A",,"A",,"A",,"A",,"A",,"A",
228802,"R",767,"R",1,"R",766,"R",205,"R",27,"R",323,"R",42,"R",0,"R",766,"R",8,"R",5,"R",331,"R",43,"A",,"A",,"A",,"A",,"A",,"A",,"A",,"A",,"A",,"A",,"A",,"A",,"A",
228875,"R",2074,"R",0,"R",2074,"R",1464,"R",71,"R",1717,"R",83,"R",0,"R",2074,"R",6,"R",2,"R",1723,"R",83,"A",,"A",,"A",,"A",,"A",,"A",,"A",,"A",,"A",,"A",,"A",,"A",,"A",
228884,"R",166,"R",0,"R",166,"R",8,"R",5,"R",28,"R",17,"R",0,"R",166,"R",0,"R",6,"R",28,"R",17,"A",,"A",,"A",,"A",,"A",,"A",,"A",,"A",,"A",,"A",,"A",,"A",,"A",
228981,"R",395,"R",1,"R",394,"R",138,"R",35,"R",212,"R",54,"R",0,"R",394,"R",4,"R",0,"R",216,"R",55,"A",,"A",,"A",,"A",,"A",,"A",,"A",,"A",,"A",,"A",,"A",,"A",,"A",
229018,"R",473,"R",0,"R",473,"R",120,"R",25,"R",197,"R",42,"R",0,"R",473,"R",13,"R",5,"R",210,"R",44,"A",,"A",,"A",,"A",,"A",,"A",,"A",,"A",,"A",,"A",,"A",,"A",,"A",
229027,"R",4898,"R",3,"R",4895,"R",1408,"R",29,"R",2494,"R",51,"R",0,"R",4895,"R",112,"R",43,"R",2606,"R",53,"A",,"A",,"A",,"A",,"A",,"A",,"A",,"A",,"A",,"A",,"A",,"A",,"A",
229063,"R",1391,"R",0,"R",1391,"R",114,"R",8,"R",326,"R",23,"Z",0,"R",1391,"R",39,"R",26,"R",365,"R",26,"A",,"A",,"A",,"A",,"A",,"A",,"A",,"A",,"A",,"A",,"A",,"A",,"A",
229115,"R",5079,"R",9,"R",5070,"R",1932,"R",38,"R",3178,"R",63,"R",0,"R",5070,"R",83,"R",40,"R",3261,"R",64,"A",,"A",,"A",,"A",,"A",,"A",,"A",,"A",,"A",,"A",,"A",,"A",,"A",
229160,"R",365,"R",0,"R",365,"R",62,"R",17,"R",96,"R",26,"R",0,"R",365,"R",11,"R",2,"R",107,"R",29,"A",,"A",,"A",,"A",,"A",,"A",,"A",,"A",,"A",,"A",,"A",,"A",,"A",
229179,"R",1132,"R",0,"R",1132,"R",266,"R",23,"R",549,"R",48,"R",0,"R",1132,"R",48,"R",14,"R",597,"R",53,"A",,"A",,"A",,"A",,"A",,"A",,"A",,"A",,"A",,"A",,"A",,"A",,"A",
229267,"R",602,"R",0,"R",602,"R",413,"R",69,"R",481,"R",80,"R",0,"R",602,"R",3,"R",0,"R",484,"R",80,"A",,"A",,"A",,"A",,"A",,"A",,"A",,"A",,"A",,"A",,"A",,"A",,"A",
229416,"A",,"A",,"A",,"A",,"A",,"A",,"A",,"A",,"A",,"A",,"A",,"A",,"A",,"R",874,"R",4,"R",870,"R",126,"R",14,"R",428,"R",49,"R",0,"R",870,"R",19,"R",0,"R",447,"R",51
229425,"A",,"A",,"A",,"A",,"A",,"A",,"A",,"A",,"A",,"A",,"A",,"A",,"A",,"R",18,"R",0,"R",18,"R",1,"R",6,"R",13,"R",72,"R",0,"R",18,"R",0,"R",0,"R",13,"R",72
229504,"A",,"A",,"A",,"A",,"A",,"A",,"A",,"A",,"A",,"A",,"A",,"A",,"A",,"R",287,"R",0,"R",287,"R",22,"R",8,"R",56,"R",20,"R",0,"R",287,"R",7,"R",9,"R",63,"R",22
229522,"A",,"A",,"A",,"A",,"A",,"A",,"A",,"A",,"A",,"A",,"A",,"A",,"A",,"R",39,"R",0,"R",39,"R",4,"R",10,"R",8,"R",21,"Z",0,"R",39,"R",0,"Z",0,"R",8,"R",21
229540,"A",,"A",,"A",,"A",,"A",,"A",,"A",,"A",,"A",,"A",,"A",,"A",,"A",,"R",417,"R",0,"R",417,"R",42,"R",10,"R",84,"R",20,"R",0,"R",417,"R",37,"R",62,"R",121,"R",29
229656,"A",,"A",,"A",,"A",,"A",,"A",,"A",,"A",,"A",,"A",,"A",,"A",,"A",,"R",17,"R",0,"R",17,"R",1,"R",6,"R",13,"R",76,"Z",0,"R",17,"R",0,"Z",0,"R",13,"R",76
229780,"R",265,"R",0,"R",265,"R",36,"R",14,"R",67,"R",25,"R",0,"R",265,"R",2,"R",2,"R",69,"R",26,"A",,"A",,"A",,"A",,"A",,"A",,"A",,"A",,"A",,"A",,"A",,"A",,"A",
229814,"R",1382,"R",0,"R",1382,"R",397,"R",29,"R",631,"R",46,"R",0,"R",1382,"R",23,"R",33,"R",654,"R",47,"A",,"A",,"A",,"A",,"A",,"A",,"A",,"A",,"A",,"A",,"A",,"A",,"A",
229832,"A",,"A",,"A",,"A",,"A",,"A",,"A",,"A",,"A",,"A",,"A",,"A",,"A",,"R",255,"R",0,"R",255,"R",90,"R",35,"R",109,"R",43,"R",0,"R",255,"R",17,"R",3,"R",126,"R",49
229841,"A",,"A",,"A",,"A",,"A",,"A",,"A",,"A",,"A",,"A",,"A",,"A",,"A",,"R",1373,"R",0,"R",1373,"R",117,"R",9,"R",220,"R",16,"R",0,"R",1373,"R",97,"R",243,"R",317,"R",23
229887,"R",151,"R",0,"R",151,"R",20,"R",13,"R",41,"R",27,"R",0,"R",151,"R",2,"R",1,"R",43,"R",28,"A",,"A",,"A",,"A",,"A",,"A",,"A",,"A",,"A",,"A",,"A",,"A",,"A",
230010,"A",,"A",,"A",,"A",,"A",,"A",,"A",,"A",,"A",,"A",,"A",,"A",,"A",,"R",214,"R",4,"R",210,"R",109,"R",52,"R",146,"R",70,"R",0,"R",210,"R",16,"R",0,"R",162,"R",77
230038,"R",5036,"R",932,"R",4104,"R",1023,"R",25,"R",3150,"R",77,"R",-712,"R",4816,"R",801,"R",57,"R",3951,"R",82,"A",,"A",,"A",,"A",,"A",,"A",,"A",,"A",,"A",,"A",,"A",,"A",,"A",
230047,"R",515,"R",121,"R",394,"R",120,"R",30,"R",195,"R",49,"R",0,"R",394,"R",6,"R",1,"R",201,"R",51,"A",,"A",,"A",,"A",,"A",,"A",,"A",,"A",,"A",,"A",,"A",,"A",,"A",
230065,"A",,"A",,"A",,"A",,"A",,"A",,"A",,"A",,"A",,"A",,"A",,"A",,"A",,"R",12,"R",0,"R",12,"R",5,"R",42,"R",7,"R",58,"Z",0,"R",12,"R",0,"Z",0,"R",7,"R",58
230144,"A",,"A",,"A",,"A",,"A",,"A",,"A",,"A",,"A",,"A",,"A",,"A",,"A",,"R",54,"R",0,"R",54,"R",42,"R",78,"R",42,"R",78,"Z",0,"R",54,"R",0,"Z",0,"R",42,"R",78
230162,"A",,"A",,"A",,"A",,"A",,"A",,"A",,"A",,"A",,"A",,"A",,"A",,"A",,"R",227,"R",1,"R",226,"R",69,"R",31,"R",84,"R",37,"R",0,"R",226,"R",8,"R",1,"R",92,"R",41
230171,"R",870,"R",57,"R",813,"R",121,"R",15,"R",201,"R",25,"R",0,"R",813,"R",12,"R",2,"R",213,"R",26,"A",,"A",,"A",,"A",,"A",,"A",,"A",,"A",,"A",,"A",,"A",,"A",,"A",
230199,"A",,"A",,"A",,"A",,"A",,"A",,"A",,"A",,"A",,"A",,"A",,"A",,"A",,"R",53,"R",0,"R",53,"R",48,"R",91,"R",48,"R",91,"Z",0,"R",53,"R",0,"Z",0,"R",48,"R",91
230205,"A",,"A",,"A",,"A",,"A",,"A",,"A",,"A",,"A",,"A",,"A",,"A",,"A",,"R",84,"R",0,"R",84,"R",70,"R",83,"R",70,"R",83,"Z",0,"R",84,"R",0,"Z",0,"R",70,"R",83
230214,"A",,"A",,"A",,"A",,"A",,"A",,"A",,"A",,"A",,"A",,"A",,"A",,"A",,"R",29,"R",0,"R",29,"R",1,"R",3,"R",11,"R",38,"R",0,"R",29,"R",1,"R",0,"R",12,"R",41
230366,"R",14,"R",0,"R",14,"R",5,"R",36,"R",5,"R",36,"Z",0,"R",14,"R",0,"Z",0,"R",5,"R",36,"A",,"A",,"A",,"A",,"A",,"A",,"A",,"A",,"A",,"A",,"A",,"A",,"A",
230490,"A",,"A",,"A",,"A",,"A",,"A",,"A",,"A",,"A",,"A",,"A",,"A",,"A",,"R",168,"R",0,"R",168,"R",59,"R",35,"R",77,"R",46,"R",4,"R",164,"R",15,"R",0,"R",92,"R",56
230597,"R",14,"R",0,"R",14,"R",10,"R",71,"R",14,"R",100,"Z",0,"R",14,"R",0,"Z",0,"R",14,"R",100,"A",,"A",,"A",,"A",,"A",,"A",,"A",,"A",,"A",,"A",,"A",,"A",,"A",
230603,"R",1365,"R",172,"R",1193,"R",351,"R",29,"R",566,"R",47,"R",-23,"R",1216,"R",34,"R",20,"R",600,"R",49,"A",,"A",,"A",,"A",,"A",,"A",,"A",,"A",,"A",,"A",,"A",,"A",,"A",
230676,"A",,"A",,"A",,"A",,"A",,"A",,"A",,"A",,"A",,"A",,"A",,"A",,"A",,"R",111,"R",0,"R",111,"R",85,"R",77,"R",95,"R",86,"R",0,"R",111,"R",1,"R",0,"R",96,"R",86
230728,"R",3582,"R",465,"R",3117,"R",915,"R",29,"R",1721,"R",55,"R",-147,"R",3264,"R",154,"R",17,"R",1875,"R",57,"A",,"A",,"A",,"A",,"A",,"A",,"A",,"A",,"A",,"A",,"A",,"A",,"A",
230737,"R",1866,"R",257,"R",1609,"R",238,"R",15,"R",536,"R",33,"R",-47,"R",1656,"R",117,"R",23,"R",653,"R",39,"A",,"A",,"A",,"A",,"A",,"A",,"A",,"A",,"A",,"A",,"A",,"A",,"A",
230746,"A",,"A",,"A",,"A",,"A",,"A",,"A",,"A",,"A",,"A",,"A",,"A",,"A",,"R",1889,"R",44,"R",1845,"R",359,"R",19,"R",619,"R",34,"R",0,"R",1845,"R",66,"R",117,"R",685,"R",37
230764,"R",3086,"R",357,"R",2729,"R",979,"R",36,"R",1834,"R",67,"R",0,"R",2729,"R",156,"R",76,"R",1990,"R",73,"A",,"A",,"A",,"A",,"A",,"A",,"A",,"A",,"A",,"A",,"A",,"A",,"A",
230782,"R",1607,"R",54,"R",1553,"R",239,"R",15,"R",627,"R",40,"R",9,"R",1544,"R",110,"R",66,"R",737,"R",48,"A",,"A",,"A",,"A",,"A",,"A",,"A",,"A",,"A",,"A",,"A",,"A",,"A",
230807,"R",464,"R",17,"R",447,"R",231,"R",52,"R",283,"R",63,"R",0,"R",447,"R",3,"R",0,"R",286,"R",64,"A",,"A",,"A",,"A",,"A",,"A",,"A",,"A",,"A",,"A",,"A",,"A",,"A",
230816,"R",215,"R",1,"R",214,"R",126,"R",59,"R",145,"R",68,"Z",0,"R",214,"R",0,"Z",0,"R",145,"R",68,"A",,"A",,"A",,"A",,"A",,"A",,"A",,"A",,"A",,"A",,"A",,"A",,"A",
230852,"R",548,"R",1,"R",547,"R",323,"R",59,"R",373,"R",68,"R",0,"R",547,"R",4,"R",2,"R",377,"R",69,"A",,"A",,"A",,"A",,"A",,"A",,"A",,"A",,"A",,"A",,"A",,"A",,"A",
230861,"A",,"A",,"A",,"A",,"A",,"A",,"A",,"A",,"A",,"A",,"A",,"A",,"A",,"R",182,"R",0,"R",182,"R",33,"R",18,"R",47,"R",26,"R",0,"R",182,"R",4,"R",9,"R",51,"R",28
230889,"R",10,"R",0,"R",10,"R",4,"R",40,"R",5,"R",50,"Z",0,"R",10,"R",0,"Z",0,"R",5,"R",50,"A",,"A",,"A",,"A",,"A",,"A",,"A",,"A",,"A",,"A",,"A",,"A",,"A",
230959,"R",589,"R",0,"R",589,"R",493,"R",84,"R",537,"R",91,"R",0,"R",589,"R",1,"R",0,"R",538,"R",91,"A",,"A",,"A",,"A",,"A",,"A",,"A",,"A",,"A",,"A",,"A",,"A",,"A",
230995,"R",594,"R",0,"R",594,"R",333,"R",56,"R",369,"R",62,"R",0,"R",594,"R",5,"R",4,"R",374,"R",63,"A",,"A",,"A",,"A",,"A",,"A",,"A",,"A",,"A",,"A",,"A",,"A",,"A",
231004,"A",,"A",,"A",,"A",,"A",,"A",,"A",,"A",,"A",,"A",,"A",,"A",,"A",,"R",47,"R",0,"R",47,"R",20,"R",43,"R",25,"R",53,"R",0,"R",47,"R",0,"R",0,"R",25,"R",53
231059,"R",463,"R",0,"R",463,"R",346,"R",75,"R",363,"R",78,"Z",0,"R",463,"R",2,"R",2,"R",365,"R",79,"A",,"A",,"A",,"A",,"A",,"A",,"A",,"A",,"A",,"A",,"A",,"A",,"A",
231095,"R",25,"R",0,"R",25,"R",9,"R",36,"R",9,"R",36,"R",0,"R",25,"R",1,"R",0,"R",10,"R",40,"A",,"A",,"A",,"A",,"A",,"A",,"A",,"A",,"A",,"A",,"A",,"A",,"A",
231165,"R",978,"R",0,"R",978,"R",327,"R",33,"R",432,"R",44,"R",0,"R",978,"R",18,"R",1,"R",450,"R",46,"A",,"A",,"A",,"A",,"A",,"A",,"A",,"A",,"A",,"A",,"A",,"A",,"A",
231174,"R",2387,"R",1,"R",2386,"R",1664,"R",70,"R",1838,"R",77,"R",0,"R",2386,"R",19,"R",1,"R",1857,"R",78,"A",,"A",,"A",,"A",,"A",,"A",,"A",,"A",,"A",,"A",,"A",,"A",,"A",
231280,"A",,"A",,"A",,"A",,"A",,"A",,"A",,"A",,"A",,"A",,"A",,"A",,"A",,"R",25,"R",0,"R",25,"R",1,"R",4,"R",15,"R",60,"Z",0,"R",25,"R",0,"Z",0,"R",15,"R",60
231411,"A",,"A",,"A",,"A",,"A",,"A",,"A",,"A",,"A",,"A",,"A",,"A",,"A",,"R",154,"R",0,"R",154,"R",66,"R",43,"R",94,"R",61,"R",0,"R",154,"R",2,"R",0,"R",96,"R",62
231420,"R",266,"R",0,"R",266,"R",95,"R",36,"R",111,"R",42,"Z",0,"R",266,"R",0,"Z",0,"R",111,"R",42,"A",,"A",,"A",,"A",,"A",,"A",,"A",,"A",,"A",,"A",,"A",,"A",,"A",
231536,"A",,"A",,"A",,"A",,"A",,"A",,"A",,"A",,"A",,"A",,"A",,"A",,"A",,"R",492,"R",0,"R",492,"R",96,"R",20,"R",168,"R",34,"R",0,"R",492,"R",27,"R",27,"R",195,"R",40
231554,"R",150,"R",1,"R",149,"R",49,"R",33,"R",52,"R",35,"R",0,"R",149,"R",1,"R",0,"R",53,"R",36,"A",,"A",,"A",,"A",,"A",,"A",,"A",,"A",,"A",,"A",,"A",,"A",,"A",
231581,"R",542,"R",4,"R",538,"R",296,"R",55,"R",334,"R",62,"R",0,"R",538,"R",1,"R",0,"R",335,"R",62,"A",,"A",,"A",,"A",,"A",,"A",,"A",,"A",,"A",,"A",,"A",,"A",,"A",
231624,"R",1517,"R",1,"R",1516,"R",1310,"R",86,"R",1380,"R",91,"R",0,"R",1516,"R",13,"R",1,"R",1393,"R",92,"A",,"A",,"A",,"A",,"A",,"A",,"A",,"A",,"A",,"A",,"A",,"A",,"A",
231651,"R",290,"R",0,"R",290,"R",152,"R",52,"R",182,"R",63,"R",0,"R",290,"R",4,"R",5,"R",186,"R",64,"A",,"A",,"A",,"A",,"A",,"A",,"A",,"A",,"A",,"A",,"A",,"A",,"A",
231688,"A",,"A",,"A",,"A",,"A",,"A",,"A",,"A",,"A",,"A",,"A",,"A",,"A",,"R",22,"R",0,"R",22,"R",20,"R",91,"R",20,"R",91,"Z",0,"R",22,"R",0,"Z",0,"R",20,"R",91
231697,"A",,"A",,"A",,"A",,"A",,"A",,"A",,"A",,"A",,"A",,"A",,"A",,"A",,"R",395,"R",0,"R",395,"R",68,"R",17,"R",112,"R",28,"R",0,"R",395,"R",10,"R",21,"R",122,"R",31
231712,"R",1224,"R",1,"R",1223,"R",807,"R",66,"R",914,"R",75,"R",0,"R",1223,"R",5,"R",0,"R",919,"R",75,"A",,"A",,"A",,"A",,"A",,"A",,"A",,"A",,"A",,"A",,"A",,"A",,"A",
231785,"R",3,"R",0,"R",3,"Z",0,"R",0,"Z",0,"R",0,"R",0,"R",3,"R",0,"R",0,"R",0,"R",0,"A",,"A",,"A",,"A",,"A",,"A",,"A",,"A",,"A",,"A",,"A",,"A",,"A",
231873,"A",,"A",,"A",,"A",,"A",,"A",,"A",,"A",,"A",,"A",,"A",,"A",,"A",,"R",139,"R",0,"R",139,"R",30,"R",22,"R",58,"R",42,"R",0,"R",139,"R",6,"R",4,"R",64,"R",46
231882,"A",,"A",,"A",,"A",,"A",,"A",,"A",,"A",,"A",,"A",,"A",,"A",,"A",,"R",320,"R",0,"R",320,"R",86,"R",27,"R",137,"R",43,"R",0,"R",320,"R",5,"R",17,"R",142,"R",44
232016,"A",,"A",,"A",,"A",,"A",,"A",,"A",,"A",,"A",,"A",,"A",,"A",,"A",,"R",13,"R",0,"R",13,"R",8,"R",62,"R",8,"R",62,"Z",0,"R",13,"R",0,"Z",0,"R",8,"R",62
232025,"R",304,"R",0,"R",304,"R",125,"R",41,"R",154,"R",51,"R",0,"R",304,"R",3,"R",0,"R",157,"R",52,"A",,"A",,"A",,"A",,"A",,"A",,"A",,"A",,"A",,"A",,"A",,"A",,"A",
232043,"R",254,"R",0,"R",254,"R",111,"R",44,"R",140,"R",55,"R",0,"R",254,"R",3,"R",1,"R",143,"R",56,"A",,"A",,"A",,"A",,"A",,"A",,"A",,"A",,"A",,"A",,"A",,"A",,"A",
232052,"A",,"A",,"A",,"A",,"A",,"A",,"A",,"A",,"A",,"A",,"A",,"A",,"A",,"R",51,"R",0,"R",51,"R",8,"R",16,"R",14,"R",27,"R",0,"R",51,"R",2,"R",3,"R",16,"R",31
232089,"R",401,"R",1,"R",400,"R",102,"R",26,"R",134,"R",34,"R",0,"R",400,"R",0,"R",1,"R",134,"R",34,"A",,"A",,"A",,"A",,"A",,"A",,"A",,"A",,"A",,"A",,"A",,"A",,"A",
232186,"R",3154,"R",0,"R",3154,"R",1533,"R",49,"R",2212,"R",70,"R",0,"R",3154,"R",83,"R",23,"R",2295,"R",73,"A",,"A",,"A",,"A",,"A",,"A",,"A",,"A",,"A",,"A",,"A",,"A",,"A",
232195,"A",,"A",,"A",,"A",,"A",,"A",,"A",,"A",,"A",,"A",,"A",,"A",,"A",,"R",787,"R",0,"R",787,"R",193,"R",25,"R",320,"R",41,"R",0,"R",787,"R",34,"R",38,"R",354,"R",45
232256,"R",302,"R",3,"R",299,"R",169,"R",57,"R",195,"R",65,"R",0,"R",299,"R",1,"R",0,"R",196,"R",66,"A",,"A",,"A",,"A",,"A",,"A",,"A",,"A",,"A",,"A",,"A",,"A",,"A",
232265,"R",930,"R",0,"R",930,"R",369,"R",40,"R",529,"R",57,"R",0,"R",930,"R",10,"R",2,"R",539,"R",58,"A",,"A",,"A",,"A",,"A",,"A",,"A",,"A",,"A",,"A",,"A",,"A",,"A",
232308,"R",196,"R",0,"R",196,"R",113,"R",58,"R",115,"R",59,"Z",0,"R",196,"R",0,"Z",0,"R",115,"R",59,"A",,"A",,"A",,"A",,"A",,"A",,"A",,"A",,"A",,"A",,"A",,"A",,"A",
232414,"A",,"A",,"A",,"A",,"A",,"A",,"A",,"A",,"A",,"A",,"A",,"A",,"A",,"R",646,"R",0,"R",646,"R",91,"R",14,"R",171,"R",26,"R",0,"R",646,"R",36,"R",51,"R",207,"R",32
232423,"R",4405,"R",4,"R",4401,"R",2874,"R",65,"R",3598,"R",82,"R",0,"R",4401,"R",24,"R",15,"R",3622,"R",82,"A",,"A",,"A",,"A",,"A",,"A",,"A",,"A",,"A",,"A",,"A",,"A",,"A",
232450,"A",,"A",,"A",,"A",,"A",,"A",,"A",,"A",,"A",,"A",,"A",,"A",,"A",,"R",940,"R",0,"R",940,"R",181,"R",19,"R",298,"R",32,"R",0,"R",940,"R",29,"R",52,"R",327,"R",35
232557,"R",3399,"R",1,"R",3398,"R",1539,"R",45,"R",2223,"R",65,"R",1,"R",3397,"R",68,"R",32,"R",2291,"R",67,"A",,"A",,"A",,"A",,"A",,"A",,"A",,"A",,"A",,"A",,"A",,"A",,"A",
232566,"R",1009,"R",1,"R",1008,"R",522,"R",52,"R",657,"R",65,"R",0,"R",1008,"R",4,"R",2,"R",661,"R",66,"A",,"A",,"A",,"A",,"A",,"A",,"A",,"A",,"A",,"A",,"A",,"A",,"A",
232575,"A",,"A",,"A",,"A",,"A",,"A",,"A",,"A",,"A",,"A",,"A",,"A",,"A",,"R",618,"R",0,"R",618,"R",183,"R",30,"R",253,"R",41,"R",0,"R",618,"R",26,"R",30,"R",279,"R",45
232609,"R",527,"R",0,"R",527,"R",304,"R",58,"R",350,"R",66,"Z",0,"R",527,"R",0,"R",0,"R",350,"R",66,"A",,"A",,"A",,"A",,"A",,"A",,"A",,"A",,"A",,"A",,"A",,"A",,"A",
232672,"R",188,"R",0,"R",188,"R",73,"R",39,"R",90,"R",48,"R",0,"R",188,"R",2,"R",3,"R",92,"R",49,"A",,"A",,"A",,"A",,"A",,"A",,"A",,"A",,"A",,"A",,"A",,"A",,"A",
232681,"R",951,"R",0,"R",951,"R",557,"R",59,"R",647,"R",68,"R",0,"R",951,"R",9,"R",0,"R",656,"R",69,"A",,"A",,"A",,"A",,"A",,"A",,"A",,"A",,"A",,"A",,"A",,"A",,"A",
232706,"R",388,"R",0,"R",388,"R",193,"R",50,"R",241,"R",62,"R",0,"R",388,"R",7,"R",0,"R",248,"R",64,"A",,"A",,"A",,"A",,"A",,"A",,"A",,"A",,"A",,"A",,"A",,"A",,"A",
232788,"A",,"A",,"A",,"A",,"A",,"A",,"A",,"A",,"A",,"A",,"A",,"A",,"A",,"R",304,"R",0,"R",304,"R",94,"R",31,"R",123,"R",40,"R",0,"R",304,"R",18,"R",7,"R",141,"R",46
232867,"A",,"A",,"A",,"A",,"A",,"A",,"A",,"A",,"A",,"A",,"A",,"A",,"A",,"R",515,"R",0,"R",515,"R",170,"R",33,"R",240,"R",47,"R",0,"R",515,"R",23,"R",20,"R",263,"R",51
232919,"A",,"A",,"A",,"A",,"A",,"A",,"A",,"A",,"A",,"A",,"A",,"A",,"A",,"R",89,"R",0,"R",89,"R",52,"R",58,"R",52,"R",58,"Z",0,"R",89,"R",0,"Z",0,"R",52,"R",58
232937,"R",455,"R",1,"R",454,"R",71,"R",16,"R",169,"R",37,"R",0,"R",454,"R",8,"R",2,"R",177,"R",39,"A",,"A",,"A",,"A",,"A",,"A",,"A",,"A",,"A",,"A",,"A",,"A",,"A",
232946,"A",,"A",,"A",,"A",,"A",,"A",,"A",,"A",,"A",,"A",,"A",,"A",,"A",,"R",5127,"R",0,"R",5127,"R",945,"R",18,"R",1816,"R",35,"R",0,"R",5127,"R",383,"R",453,"R",2199,"R",43
232982,"R",2927,"R",58,"R",2869,"R",717,"R",25,"R",1397,"R",49,"R",-2,"R",2871,"R",63,"R",35,"R",1460,"R",51,"A",,"A",,"A",,"A",,"A",,"A",,"A",,"A",,"A",,"A",,"A",,"A",,"A",
233019,"A",,"A",,"A",,"A",,"A",,"A",,"A",,"A",,"A",,"A",,"A",,"A",,"A",,"R",389,"R",0,"R",389,"R",110,"R",28,"R",162,"R",42,"R",0,"R",389,"R",12,"R",14,"R",174,"R",45
233037,"A",,"A",,"A",,"A",,"A",,"A",,"A",,"A",,"A",,"A",,"A",,"A",,"A",,"R",132,"R",0,"R",132,"R",24,"R",18,"R",36,"R",27,"R",0,"R",132,"R",4,"R",4,"R",40,"R",30
233116,"A",,"A",,"A",,"A",,"A",,"A",,"A",,"A",,"A",,"A",,"A",,"A",,"A",,"R",402,"R",0,"R",402,"R",72,"R",18,"R",129,"R",32,"R",0,"R",402,"R",25,"R",25,"R",154,"R",38
233277,"R",1960,"R",1,"R",1959,"R",760,"R",39,"R",1056,"R",54,"R",0,"R",1959,"R",16,"R",6,"R",1072,"R",55,"A",,"A",,"A",,"A",,"A",,"A",,"A",,"A",,"A",,"A",,"A",,"A",,"A",
233286,"A",,"A",,"A",,"A",,"A",,"A",,"A",,"A",,"A",,"A",,"A",,"A",,"A",,"R",38,"R",0,"R",38,"R",5,"R",13,"R",17,"R",45,"Z",0,"R",38,"R",1,"Z",0,"R",18,"R",47
233295,"R",404,"R",0,"R",404,"R",267,"R",66,"R",290,"R",72,"R",0,"R",404,"R",1,"R",0,"R",291,"R",72,"A",,"A",,"A",,"A",,"A",,"A",,"A",,"A",,"A",,"A",,"A",,"A",,"A",
233301,"R",184,"R",0,"R",184,"R",90,"R",49,"R",103,"R",56,"Z",0,"R",184,"R",0,"Z",0,"R",103,"R",56,"A",,"A",,"A",,"A",,"A",,"A",,"A",,"A",,"A",,"A",,"A",,"A",,"A",
233310,"A",,"A",,"A",,"A",,"A",,"A",,"A",,"A",,"A",,"A",,"A",,"A",,"A",,"R",160,"R",0,"R",160,"R",49,"R",31,"R",72,"R",45,"R",0,"R",160,"R",4,"R",6,"R",76,"R",48
233329,"A",,"A",,"A",,"A",,"A",,"A",,"A",,"A",,"A",,"A",,"A",,"A",,"A",,"R",123,"R",0,"R",123,"R",16,"R",13,"R",47,"R",38,"Z",0,"R",123,"R",0,"Z",0,"R",47,"R",38
233338,"A",,"A",,"A",,"A",,"A",,"A",,"A",,"A",,"A",,"A",,"A",,"A",,"A",,"R",447,"R",0,"R",447,"R",119,"R",27,"R",127,"R",28,"R",0,"R",447,"R",4,"R",4,"R",131,"R",29
233374,"R",806,"R",0,"R",806,"R",681,"R",84,"R",719,"R",89,"R",0,"R",806,"R",4,"R",2,"R",723,"R",90,"A",,"A",,"A",,"A",,"A",,"A",,"A",,"A",,"A",,"A",,"A",,"A",,"A",
233426,"R",507,"R",0,"R",507,"R",335,"R",66,"R",353,"R",70,"R",0,"R",507,"R",2,"R",0,"R",355,"R",70,"A",,"A",,"A",,"A",,"A",,"A",,"A",,"A",,"A",,"A",,"A",,"A",,"A",
233541,"R",446,"R",5,"R",441,"R",223,"R",51,"R",280,"R",63,"R",0,"R",441,"R",6,"R",1,"R",286,"R",65,"A",,"A",,"A",,"A",,"A",,"A",,"A",,"A",,"A",,"A",,"A",,"A",,"A",
233602,"R",14,"R",0,"R",14,"R",6,"R",43,"R",7,"R",50,"Z",0,"R",14,"R",0,"Z",0,"R",7,"R",50,"A",,"A",,"A",,"A",,"A",,"A",,"A",,"A",,"A",,"A",,"A",,"A",,"A",
233611,"R",232,"R",31,"R",201,"R",57,"R",28,"R",89,"R",44,"Z",0,"R",201,"R",1,"R",0,"R",90,"R",45,"A",,"A",,"A",,"A",,"A",,"A",,"A",,"A",,"A",,"A",,"A",,"A",,"A",
233639,"A",,"A",,"A",,"A",,"A",,"A",,"A",,"A",,"A",,"A",,"A",,"A",,"A",,"R",213,"R",0,"R",213,"R",40,"R",19,"R",73,"R",34,"R",0,"R",213,"R",3,"R",14,"R",76,"R",36
233648,"A",,"A",,"A",,"A",,"A",,"A",,"A",,"A",,"A",,"A",,"A",,"A",,"A",,"R",443,"R",0,"R",443,"R",141,"R",32,"R",195,"R",44,"R",0,"R",443,"R",18,"R",17,"R",213,"R",48
233666,"A",,"A",,"A",,"A",,"A",,"A",,"A",,"A",,"A",,"A",,"A",,"A",,"A",,"R",10,"R",0,"R",10,"R",0,"R",0,"R",7,"R",70,"Z",0,"R",10,"R",0,"Z",0,"R",7,"R",70
233684,"R",22,"R",0,"R",22,"R",4,"R",18,"R",5,"R",23,"R",0,"R",22,"R",1,"R",0,"R",6,"R",27,"A",,"A",,"A",,"A",,"A",,"A",,"A",,"A",,"A",,"A",,"A",,"A",,"A",
233718,"R",24,"R",0,"R",24,"R",10,"R",42,"R",10,"R",42,"Z",0,"R",24,"R",0,"Z",0,"R",10,"R",42,"A",,"A",,"A",,"A",,"A",,"A",,"A",,"A",,"A",,"A",,"A",,"A",,"A",
233754,"A",,"A",,"A",,"A",,"A",,"A",,"A",,"A",,"A",,"A",,"A",,"A",,"A",,"R",678,"R",0,"R",678,"R",115,"R",17,"R",209,"R",31,"R",0,"R",678,"R",26,"R",44,"R",235,"R",35
233772,"A",,"A",,"A",,"A",,"A",,"A",,"A",,"A",,"A",,"A",,"A",,"A",,"A",,"R",2005,"R",0,"R",2005,"R",323,"R",16,"R",553,"R",28,"R",0,"R",2005,"R",95,"R",110,"R",648,"R",32
233897,"R",290,"R",0,"R",290,"R",89,"R",31,"R",113,"R",39,"R",2,"R",288,"R",5,"R",1,"R",118,"R",41,"A",,"A",,"A",,"A",,"A",,"A",,"A",,"A",,"A",,"A",,"A",,"A",,"A",
233903,"A",,"A",,"A",,"A",,"A",,"A",,"A",,"A",,"A",,"A",,"A",,"A",,"A",,"R",334,"R",0,"R",334,"R",121,"R",36,"R",146,"R",44,"R",0,"R",334,"R",11,"R",16,"R",157,"R",47
233921,"R",6261,"R",3,"R",6258,"R",4233,"R",68,"R",5424,"R",87,"R",0,"R",6258,"R",69,"R",10,"R",5493,"R",88,"A",,"A",,"A",,"A",,"A",,"A",,"A",,"A",,"A",,"A",,"A",,"A",,"A",
233949,"A",,"A",,"A",,"A",,"A",,"A",,"A",,"A",,"A",,"A",,"A",,"A",,"A",,"R",732,"R",0,"R",732,"R",140,"R",19,"R",241,"R",33,"R",0,"R",732,"R",22,"R",51,"R",263,"R",36
234030,"R",3984,"R",7,"R",3977,"R",1902,"R",48,"R",2685,"R",68,"R",0,"R",3977,"R",89,"R",22,"R",2774,"R",70,"A",,"A",,"A",,"A",,"A",,"A",,"A",,"A",,"A",,"A",,"A",,"A",,"A",
234076,"R",3672,"R",2,"R",3670,"R",3252,"R",89,"R",3439,"R",94,"R",0,"R",3670,"R",19,"R",3,"R",3458,"R",94,"A",,"A",,"A",,"A",,"A",,"A",,"A",,"A",,"A",,"A",,"A",,"A",,"A",
234085,"R",434,"R",1,"R",433,"R",275,"R",64,"R",319,"R",74,"R",0,"R",433,"R",3,"R",0,"R",322,"R",74,"A",,"A",,"A",,"A",,"A",,"A",,"A",,"A",,"A",,"A",,"A",,"A",,"A",
234119,"A",,"A",,"A",,"A",,"A",,"A",,"A",,"A",,"A",,"A",,"A",,"A",,"A",,"R",25,"R",0,"R",25,"R",0,"R",0,"R",4,"R",16,"Z",0,"R",25,"R",0,"Z",0,"R",4,"R",16
234137,"R",4,"R",0,"R",4,"Z",0,"R",0,"R",1,"R",25,"Z",0,"R",4,"R",0,"Z",0,"R",1,"R",25,"A",,"A",,"A",,"A",,"A",,"A",,"A",,"A",,"A",,"A",,"A",,"A",,"A",
234155,"R",766,"R",0,"R",766,"R",240,"R",31,"R",364,"R",48,"Z",0,"R",766,"R",13,"R",2,"R",377,"R",49,"A",,"A",,"A",,"A",,"A",,"A",,"A",,"A",,"A",,"A",,"A",,"A",,"A",
234164,"R",455,"R",0,"R",455,"R",138,"R",30,"R",190,"R",42,"R",0,"R",455,"R",8,"R",6,"R",198,"R",44,"A",,"A",,"A",,"A",,"A",,"A",,"A",,"A",,"A",,"A",,"A",,"A",,"A",
234173,"R",349,"R",3,"R",346,"R",152,"R",44,"R",162,"R",47,"R",0,"R",346,"R",1,"R",0,"R",163,"R",47,"A",,"A",,"A",,"A",,"A",,"A",,"A",,"A",,"A",,"A",,"A",,"A",,"A",
234207,"R",454,"R",0,"R",454,"R",414,"R",91,"R",425,"R",94,"Z",0,"R",454,"R",1,"R",0,"R",426,"R",94,"A",,"A",,"A",,"A",,"A",,"A",,"A",,"A",,"A",,"A",,"A",,"A",,"A",
234377,"A",,"A",,"A",,"A",,"A",,"A",,"A",,"A",,"A",,"A",,"A",,"A",,"A",,"R",300,"R",0,"R",300,"R",104,"R",35,"R",135,"R",45,"R",0,"R",300,"R",7,"R",9,"R",142,"R",47
234827,"R",1475,"R",2,"R",1473,"R",476,"R",32,"R",790,"R",54,"R",0,"R",1473,"R",11,"R",13,"R",801,"R",54,"A",,"A",,"A",,"A",,"A",,"A",,"A",,"A",,"A",,"A",,"A",,"A",,"A",
234924,"A",,"A",,"A",,"A",,"A",,"A",,"A",,"A",,"A",,"A",,"A",,"A",,"A",,"R",111,"R",0,"R",111,"R",10,"R",9,"R",61,"R",55,"Z",0,"R",111,"R",0,"Z",0,"R",61,"R",55
235024,"R",178,"R",0,"R",178,"R",83,"R",47,"R",91,"R",51,"R",0,"R",178,"R",2,"R",1,"R",93,"R",52,"A",,"A",,"A",,"A",,"A",,"A",,"A",,"A",,"A",,"A",,"A",,"A",,"A",
235088,"A",,"A",,"A",,"A",,"A",,"A",,"A",,"A",,"A",,"A",,"A",,"A",,"A",,"R",184,"R",0,"R",184,"R",162,"R",88,"R",164,"R",89,"Z",0,"R",184,"R",0,"Z",0,"R",164,"R",89
235097,"R",1695,"R",0,"R",1695,"R",449,"R",26,"R",841,"R",50,"R",0,"R",1695,"R",50,"R",26,"R",891,"R",53,"A",,"A",,"A",,"A",,"A",,"A",,"A",,"A",,"A",,"A",,"A",,"A",,"A",
235167,"R",577,"R",1,"R",576,"R",177,"R",31,"R",240,"R",42,"R",0,"R",576,"R",6,"R",2,"R",246,"R",43,"A",,"A",,"A",,"A",,"A",,"A",,"A",,"A",,"A",,"A",,"A",,"A",,"A",
235307,"A",,"A",,"A",,"A",,"A",,"A",,"A",,"A",,"A",,"A",,"A",,"A",,"A",,"R",92,"R",0,"R",92,"R",1,"R",1,"R",27,"R",29,"Z",0,"R",92,"R",0,"Z",0,"R",27,"R",29
235316,"R",1334,"R",4,"R",1330,"R",1003,"R",75,"R",1133,"R",85,"R",0,"R",1330,"R",3,"R",3,"R",1136,"R",85,"A",,"A",,"A",,"A",,"A",,"A",,"A",,"A",,"A",,"A",,"A",,"A",,"A",
235352,"A",,"A",,"A",,"A",,"A",,"A",,"A",,"A",,"A",,"A",,"A",,"A",,"A",,"R",21,"R",0,"R",21,"R",4,"R",19,"R",10,"R",48,"R",0,"R",21,"R",3,"R",1,"R",13,"R",62
235422,"R",102,"R",0,"R",102,"R",30,"R",29,"R",54,"R",53,"R",0,"R",102,"R",0,"R",0,"R",54,"R",53,"A",,"A",,"A",,"A",,"A",,"A",,"A",,"A",,"A",,"A",,"A",,"A",,"A",
235501,"A",,"A",,"A",,"A",,"A",,"A",,"A",,"A",,"A",,"A",,"A",,"A",,"A",,"R",298,"R",0,"R",298,"R",219,"R",73,"R",219,"R",73,"Z",0,"R",298,"R",0,"Z",0,"R",219,"R",73
235671,"A",,"A",,"A",,"A",,"A",,"A",,"A",,"A",,"A",,"A",,"A",,"A",,"A",,"R",163,"R",0,"R",163,"R",55,"R",34,"R",66,"R",40,"Z",0,"R",163,"R",4,"R",7,"R",70,"R",43
236133,"R",203,"R",0,"R",203,"R",107,"R",53,"R",116,"R",57,"R",0,"R",203,"R",1,"R",1,"R",117,"R",58,"A",,"A",,"A",,"A",,"A",,"A",,"A",,"A",,"A",,"A",,"A",,"A",,"A",
236212,"A",,"A",,"A",,"A",,"A",,"A",,"A",,"A",,"A",,"A",,"A",,"A",,"A",,"R",377,"R",0,"R",377,"R",283,"R",75,"R",297,"R",79,"R",0,"R",377,"R",5,"R",1,"R",302,"R",80
236230,"R",641,"R",1,"R",640,"R",379,"R",59,"R",444,"R",69,"R",0,"R",640,"R",5,"R",0,"R",449,"R",70,"A",,"A",,"A",,"A",,"A",,"A",,"A",,"A",,"A",,"A",,"A",,"A",,"A",
236328,"R",652,"R",0,"R",652,"R",438,"R",67,"R",484,"R",74,"Z",0,"R",652,"R",0,"Z",0,"R",484,"R",74,"A",,"A",,"A",,"A",,"A",,"A",,"A",,"A",,"A",,"A",,"A",,"A",,"A",
236452,"R",179,"R",0,"R",179,"R",91,"R",51,"R",109,"R",61,"R",0,"R",179,"R",1,"R",2,"R",110,"R",61,"A",,"A",,"A",,"A",,"A",,"A",,"A",,"A",,"A",,"A",,"A",,"A",,"A",
236577,"R",688,"R",1,"R",687,"R",382,"R",56,"R",453,"R",66,"R",0,"R",687,"R",3,"R",1,"R",456,"R",66,"A",,"A",,"A",,"A",,"A",,"A",,"A",,"A",,"A",,"A",,"A",,"A",,"A",
236595,"R",992,"R",0,"R",992,"R",647,"R",65,"R",743,"R",75,"R",0,"R",992,"R",5,"R",1,"R",748,"R",75,"A",,"A",,"A",,"A",,"A",,"A",,"A",,"A",,"A",,"A",,"A",,"A",,"A",
236610,"A",,"A",,"A",,"A",,"A",,"A",,"A",,"A",,"A",,"A",,"A",,"A",,"A",,"R",279,"R",0,"R",279,"R",54,"R",19,"R",82,"R",29,"Z",0,"R",279,"R",8,"R",15,"R",90,"R",32
236656,"A",,"A",,"A",,"A",,"A",,"A",,"A",,"A",,"A",,"A",,"A",,"A",,"A",,"R",521,"R",0,"R",521,"R",189,"R",36,"R",229,"R",44,"Z",0,"R",521,"R",16,"R",31,"R",245,"R",47
236744,"A",,"A",,"A",,"A",,"A",,"A",,"A",,"A",,"A",,"A",,"A",,"A",,"A",,"R",30,"R",1,"R",29,"R",8,"R",28,"R",15,"R",52,"R",0,"R",29,"R",0,"R",0,"R",15,"R",52
236896,"R",350,"R",0,"R",350,"R",128,"R",37,"R",221,"R",63,"R",0,"R",350,"R",7,"R",2,"R",228,"R",65,"A",,"A",,"A",,"A",,"A",,"A",,"A",,"A",,"A",,"A",,"A",,"A",,"A",
236939,"R",4625,"R",0,"R",4625,"R",1727,"R",37,"R",2754,"R",60,"R",0,"R",4625,"R",89,"R",31,"R",2843,"R",61,"A",,"A",,"A",,"A",,"A",,"A",,"A",,"A",,"A",,"A",,"A",,"A",,"A",
236948,"R",6735,"R",4,"R",6731,"R",4747,"R",71,"R",5646,"R",84,"R",0,"R",6731,"R",57,"R",16,"R",5703,"R",85,"A",,"A",,"A",,"A",,"A",,"A",,"A",,"A",,"A",,"A",,"A",,"A",,"A",
237011,"R",2783,"R",0,"R",2783,"R",1194,"R",43,"R",1884,"R",68,"R",0,"R",2783,"R",41,"R",14,"R",1925,"R",69,"A",,"A",,"A",,"A",,"A",,"A",,"A",,"A",,"A",,"A",,"A",,"A",,"A",
237057,"R",364,"R",0,"R",364,"R",285,"R",78,"R",323,"R",89,"Z",0,"R",364,"R",3,"R",2,"R",326,"R",90,"A",,"A",,"A",,"A",,"A",,"A",,"A",,"A",,"A",,"A",,"A",,"A",,"A",
237066,"R",583,"R",2,"R",581,"R",372,"R",64,"R",438,"R",75,"R",0,"R",581,"R",5,"R",0,"R",443,"R",76,"A",,"A",,"A",,"A",,"A",,"A",,"A",,"A",,"A",,"A",,"A",,"A",,"A",
237127,"A",,"A",,"A",,"A",,"A",,"A",,"A",,"A",,"A",,"A",,"A",,"A",,"A",,"R",24,"R",0,"R",24,"R",0,"R",0,"R",18,"R",75,"Z",0,"R",24,"R",0,"Z",0,"R",18,"R",75
237136,"R",24,"R",0,"R",24,"R",17,"R",71,"R",17,"R",71,"Z",0,"R",24,"R",0,"Z",0,"R",17,"R",71,"A",,"A",,"A",,"A",,"A",,"A",,"A",,"A",,"A",,"A",,"A",,"A",,"A",
237145,"A",,"A",,"A",,"A",,"A",,"A",,"A",,"A",,"A",,"A",,"A",,"A",,"A",,"R",1,"R",0,"R",1,"R",1,"R",100,"R",1,"R",100,"Z",0,"R",1,"R",0,"Z",0,"R",1,"R",100
237172,"A",,"A",,"A",,"A",,"A",,"A",,"A",,"A",,"A",,"A",,"A",,"A",,"A",,"R",33,"R",0,"R",33,"R",25,"R",76,"R",25,"R",76,"Z",0,"R",33,"R",0,"Z",0,"R",25,"R",76
237181,"R",220,"R",0,"R",220,"R",74,"R",34,"R",95,"R",43,"R",0,"R",220,"R",1,"R",0,"R",96,"R",44,"A",,"A",,"A",,"A",,"A",,"A",,"A",,"A",,"A",,"A",,"A",,"A",,"A",
237215,"R",144,"R",1,"R",143,"R",25,"R",17,"R",44,"R",31,"Z",0,"R",143,"R",13,"R",7,"R",57,"R",40,"A",,"A",,"A",,"A",,"A",,"A",,"A",,"A",,"A",,"A",,"A",,"A",,"A",
237242,"A",,"A",,"A",,"A",,"A",,"A",,"A",,"A",,"A",,"A",,"A",,"A",,"A",,"R",36,"R",0,"R",36,"R",35,"R",97,"R",35,"R",97,"R",0,"R",36,"R",0,"R",0,"R",35,"R",97
237303,"A",,"A",,"A",,"A",,"A",,"A",,"A",,"A",,"A",,"A",,"A",,"A",,"A",,"R",62,"R",0,"R",62,"R",9,"R",15,"R",26,"R",42,"Z",0,"R",62,"R",0,"Z",0,"R",26,"R",42
237312,"R",307,"R",0,"R",307,"R",93,"R",30,"R",129,"R",42,"R",0,"R",307,"R",3,"R",0,"R",132,"R",43,"A",,"A",,"A",,"A",,"A",,"A",,"A",,"A",,"A",,"A",,"A",,"A",,"A",
237321,"A",,"A",,"A",,"A",,"A",,"A",,"A",,"A",,"A",,"A",,"A",,"A",,"A",,"R",28,"R",0,"R",28,"R",4,"R",14,"R",9,"R",32,"R",0,"R",28,"R",5,"R",1,"R",14,"R",50
237330,"R",452,"R",1,"R",451,"R",131,"R",29,"R",189,"R",42,"R",0,"R",451,"R",4,"R",3,"R",193,"R",43,"A",,"A",,"A",,"A",,"A",,"A",,"A",,"A",,"A",,"A",,"A",,"A",,"A",
237358,"R",167,"R",0,"R",167,"R",64,"R",38,"R",81,"R",49,"Z",0,"R",167,"R",0,"Z",0,"R",81,"R",49,"A",,"A",,"A",,"A",,"A",,"A",,"A",,"A",,"A",,"A",,"A",,"A",,"A",
237367,"R",799,"R",0,"R",799,"R",225,"R",28,"R",361,"R",45,"Z",0,"R",799,"R",1,"R",10,"R",362,"R",45,"A",,"A",,"A",,"A",,"A",,"A",,"A",,"A",,"A",,"A",,"A",,"A",,"A",
237385,"R",210,"R",0,"R",210,"R",64,"R",30,"R",94,"R",45,"R",0,"R",210,"R",0,"R",2,"R",94,"R",45,"A",,"A",,"A",,"A",,"A",,"A",,"A",,"A",,"A",,"A",,"A",,"A",,"A",
237437,"A",,"A",,"A",,"A",,"A",,"A",,"A",,"A",,"A",,"A",,"A",,"A",,"A",,"R",34,"R",0,"R",34,"R",4,"R",12,"R",7,"R",21,"R",0,"R",34,"R",2,"R",1,"R",9,"R",26
237473,"A",,"A",,"A",,"A",,"A",,"A",,"A",,"A",,"A",,"A",,"A",,"A",,"A",,"R",53,"R",0,"R",53,"R",44,"R",83,"R",44,"R",83,"Z",0,"R",53,"R",0,"Z",0,"R",44,"R",83
237491,"A",,"A",,"A",,"A",,"A",,"A",,"A",,"A",,"A",,"A",,"A",,"A",,"A",,"R",30,"R",8,"R",22,"R",3,"R",14,"R",18,"R",82,"R",0,"R",22,"R",0,"R",0,"R",18,"R",82
237525,"R",1864,"R",3,"R",1861,"R",635,"R",34,"R",980,"R",53,"R",1,"R",1860,"R",37,"R",17,"R",1017,"R",55,"A",,"A",,"A",,"A",,"A",,"A",,"A",,"A",,"A",,"A",,"A",,"A",,"A",
237543,"A",,"A",,"A",,"A",,"A",,"A",,"A",,"A",,"A",,"A",,"A",,"A",,"A",,"R",28,"R",0,"R",28,"R",24,"R",86,"R",24,"R",86,"Z",0,"R",28,"R",0,"Z",0,"R",24,"R",86
237561,"A",,"A",,"A",,"A",,"A",,"A",,"A",,"A",,"A",,"A",,"A",,"A",,"A",,"R",14,"R",0,"R",14,"R",13,"R",93,"R",13,"R",93,"Z",0,"R",14,"R",0,"Z",0,"R",13,"R",93
237570,"A",,"A",,"A",,"A",,"A",,"A",,"A",,"A",,"A",,"A",,"A",,"A",,"A",,"R",42,"R",0,"R",42,"R",2,"R",5,"R",31,"R",74,"R",0,"R",42,"R",1,"R",0,"R",32,"R",76
237598,"A",,"A",,"A",,"A",,"A",,"A",,"A",,"A",,"A",,"A",,"A",,"A",,"A",,"R",9,"R",0,"R",9,"R",8,"R",89,"R",8,"R",89,"Z",0,"R",9,"R",0,"Z",0,"R",8,"R",89
237729,"A",,"A",,"A",,"A",,"A",,"A",,"A",,"A",,"A",,"A",,"A",,"A",,"A",,"R",63,"R",0,"R",63,"R",50,"R",79,"R",50,"R",79,"Z",0,"R",63,"R",0,"Z",0,"R",50,"R",79
237783,"R",156,"R",1,"R",155,"R",32,"R",21,"R",34,"R",22,"R",0,"R",155,"R",0,"R",0,"R",34,"R",22,"A",,"A",,"A",,"A",,"A",,"A",,"A",,"A",,"A",,"A",,"A",,"A",,"A",
237792,"R",631,"R",1,"R",630,"R",206,"R",33,"R",278,"R",44,"R",0,"R",630,"R",2,"R",8,"R",280,"R",44,"A",,"A",,"A",,"A",,"A",,"A",,"A",,"A",,"A",,"A",,"A",,"A",,"A",
237817,"A",,"A",,"A",,"A",,"A",,"A",,"A",,"A",,"A",,"A",,"A",,"A",,"A",,"R",373,"R",0,"R",373,"R",44,"R",12,"R",98,"R",26,"R",0,"R",373,"R",17,"R",20,"R",115,"R",31
237844,"A",,"A",,"A",,"A",,"A",,"A",,"A",,"A",,"A",,"A",,"A",,"A",,"A",,"R",105,"R",0,"R",105,"R",82,"R",78,"R",85,"R",81,"Z",0,"R",105,"R",0,"Z",0,"R",85,"R",81
237899,"R",351,"R",0,"R",351,"R",62,"R",18,"R",104,"R",30,"Z",0,"R",351,"R",8,"R",2,"R",112,"R",32,"A",,"A",,"A",,"A",,"A",,"A",,"A",,"A",,"A",,"A",,"A",,"A",,"A",
237932,"R",407,"R",0,"R",407,"R",168,"R",41,"R",170,"R",42,"R",0,"R",407,"R",1,"R",0,"R",171,"R",42,"A",,"A",,"A",,"A",,"A",,"A",,"A",,"A",,"A",,"A",,"A",,"A",,"A",
237950,"R",263,"R",0,"R",263,"R",47,"R",18,"R",74,"R",28,"R",0,"R",263,"R",2,"Z",0,"R",76,"R",29,"A",,"A",,"A",,"A",,"A",,"A",,"A",,"A",,"A",,"A",,"A",,"A",,"A",
237969,"R",392,"R",0,"R",392,"R",167,"R",43,"R",213,"R",54,"R",0,"R",392,"R",3,"R",0,"R",216,"R",55,"A",,"A",,"A",,"A",,"A",,"A",,"A",,"A",,"A",,"A",,"A",,"A",,"A",
237987,"A",,"A",,"A",,"A",,"A",,"A",,"A",,"A",,"A",,"A",,"A",,"A",,"A",,"R",49,"R",0,"R",49,"R",39,"R",80,"R",41,"R",84,"Z",0,"R",49,"R",0,"Z",0,"R",41,"R",84
238005,"A",,"A",,"A",,"A",,"A",,"A",,"A",,"A",,"A",,"A",,"A",,"A",,"A",,"R",75,"R",0,"R",75,"R",64,"R",85,"R",64,"R",85,"Z",0,"R",75,"R",0,"Z",0,"R",64,"R",85
238014,"A",,"A",,"A",,"A",,"A",,"A",,"A",,"A",,"A",,"A",,"A",,"A",,"A",,"R",248,"R",0,"R",248,"R",50,"R",20,"R",77,"R",31,"R",0,"R",248,"R",8,"R",11,"R",85,"R",34
238032,"R",4769,"R",7,"R",4762,"R",2076,"R",44,"R",3004,"R",63,"R",0,"R",4762,"R",59,"R",21,"R",3063,"R",64,"A",,"A",,"A",,"A",,"A",,"A",,"A",,"A",,"A",,"A",,"A",,"A",,"A",
238078,"R",184,"R",0,"R",184,"R",34,"R",18,"R",104,"R",57,"R",0,"R",184,"R",1,"R",0,"R",105,"R",57,"A",,"A",,"A",,"A",,"A",,"A",,"A",,"A",,"A",,"A",,"A",,"A",,"A",
238175,"A",,"A",,"A",,"A",,"A",,"A",,"A",,"A",,"A",,"A",,"A",,"A",,"A",,"R",74,"R",0,"R",74,"R",43,"R",58,"R",66,"R",89,"Z",0,"R",74,"R",0,"Z",0,"R",66,"R",89
238193,"R",224,"R",0,"R",224,"R",55,"R",25,"R",107,"R",48,"R",0,"R",224,"R",2,"R",0,"R",109,"R",49,"A",,"A",,"A",,"A",,"A",,"A",,"A",,"A",,"A",,"A",,"A",,"A",,"A",
238324,"R",28,"R",0,"R",28,"R",14,"R",50,"R",17,"R",61,"Z",0,"R",28,"R",0,"Z",0,"R",17,"R",61,"A",,"A",,"A",,"A",,"A",,"A",,"A",,"A",,"A",,"A",,"A",,"A",,"A",
238333,"R",392,"R",0,"R",392,"R",262,"R",67,"R",288,"R",73,"R",0,"R",392,"R",3,"R",0,"R",291,"R",74,"A",,"A",,"A",,"A",,"A",,"A",,"A",,"A",,"A",,"A",,"A",,"A",,"A",
238397,"A",,"A",,"A",,"A",,"A",,"A",,"A",,"A",,"A",,"A",,"A",,"A",,"A",,"R",186,"R",0,"R",186,"R",63,"R",34,"R",78,"R",42,"R",0,"R",186,"R",6,"R",10,"R",84,"R",45
238458,"R",755,"R",0,"R",755,"R",433,"R",57,"R",509,"R",67,"R",0,"R",755,"R",1,"R",0,"R",510,"R",68,"A",,"A",,"A",,"A",,"A",,"A",,"A",,"A",,"A",,"A",,"A",,"A",,"A",
238476,"R",751,"R",0,"R",751,"R",456,"R",61,"R",511,"R",68,"R",0,"R",751,"R",4,"R",0,"R",515,"R",69,"A",,"A",,"A",,"A",,"A",,"A",,"A",,"A",,"A",,"A",,"A",,"A",,"A",
238616,"R",610,"R",0,"R",610,"R",253,"R",41,"R",369,"R",60,"Z",0,"R",610,"R",1,"R",0,"R",370,"R",61,"A",,"A",,"A",,"A",,"A",,"A",,"A",,"A",,"A",,"A",,"A",,"A",,"A",
238661,"R",298,"R",0,"R",298,"R",124,"R",42,"R",183,"R",61,"R",1,"R",297,"R",2,"R",3,"R",185,"R",62,"A",,"A",,"A",,"A",,"A",,"A",,"A",,"A",,"A",,"A",,"A",,"A",,"A",
238722,"A",,"A",,"A",,"A",,"A",,"A",,"A",,"A",,"A",,"A",,"A",,"A",,"A",,"R",267,"R",0,"R",267,"R",88,"R",33,"R",134,"R",50,"R",0,"R",267,"R",12,"R",8,"R",146,"R",55
238759,"A",,"A",,"A",,"A",,"A",,"A",,"A",,"A",,"A",,"A",,"A",,"A",,"A",,"R",564,"R",0,"R",564,"R",181,"R",32,"R",253,"R",45,"R",0,"R",564,"R",8,"R",26,"R",261,"R",46
238810,"A",,"A",,"A",,"A",,"A",,"A",,"A",,"A",,"A",,"A",,"A",,"A",,"A",,"R",12,"R",0,"R",12,"R",2,"R",17,"R",9,"R",75,"Z",0,"R",12,"R",0,"Z",0,"R",9,"R",75
238980,"R",205,"R",0,"R",205,"R",71,"R",35,"R",87,"R",42,"R",0,"R",205,"R",1,"R",0,"R",88,"R",43,"A",,"A",,"A",,"A",,"A",,"A",,"A",,"A",,"A",,"A",,"A",,"A",,"A",
239008,"A",,"A",,"A",,"A",,"A",,"A",,"A",,"A",,"A",,"A",,"A",,"A",,"A",,"R",197,"R",0,"R",197,"R",70,"R",36,"R",94,"R",48,"R",0,"R",197,"R",16,"R",29,"R",110,"R",56
239017,"R",394,"R",0,"R",394,"R",272,"R",69,"R",317,"R",80,"R",0,"R",394,"R",3,"R",0,"R",320,"R",81,"A",,"A",,"A",,"A",,"A",,"A",,"A",,"A",,"A",,"A",,"A",,"A",,"A",
239071,"R",161,"R",0,"R",161,"R",67,"R",42,"R",81,"R",50,"R",0,"R",161,"R",1,"R",0,"R",82,"R",51,"A",,"A",,"A",,"A",,"A",,"A",,"A",,"A",,"A",,"A",,"A",,"A",,"A",
239080,"R",275,"R",1,"R",274,"R",111,"R",41,"R",153,"R",56,"R",0,"R",274,"R",1,"R",0,"R",154,"R",56,"A",,"A",,"A",,"A",,"A",,"A",,"A",,"A",,"A",,"A",,"A",,"A",,"A",
239105,"R",1872,"R",0,"R",1872,"R",1207,"R",64,"R",1523,"R",81,"R",0,"R",1872,"R",3,"R",0,"R",1526,"R",82,"A",,"A",,"A",,"A",,"A",,"A",,"A",,"A",,"A",,"A",,"A",,"A",,"A",
239220,"A",,"A",,"A",,"A",,"A",,"A",,"A",,"A",,"A",,"A",,"A",,"A",,"A",,"R",174,"R",0,"R",174,"R",54,"R",31,"R",71,"R",41,"R",0,"R",174,"R",10,"R",20,"R",81,"R",47
239248,"A",,"A",,"A",,"A",,"A",,"A",,"A",,"A",,"A",,"A",,"A",,"A",,"A",,"R",989,"R",0,"R",989,"R",76,"R",8,"R",153,"R",15,"R",0,"R",989,"R",33,"R",87,"R",186,"R",19
239309,"R",177,"R",0,"R",177,"R",80,"R",45,"R",94,"R",53,"Z",0,"R",177,"R",0,"Z",0,"R",94,"R",53,"A",,"A",,"A",,"A",,"A",,"A",,"A",,"A",,"A",,"A",,"A",,"A",,"A",
239318,"R",494,"R",0,"R",494,"R",220,"R",45,"R",326,"R",66,"R",0,"R",494,"R",7,"R",2,"R",333,"R",67,"A",,"A",,"A",,"A",,"A",,"A",,"A",,"A",,"A",,"A",,"A",,"A",,"A",
239372,"A",,"A",,"A",,"A",,"A",,"A",,"A",,"A",,"A",,"A",,"A",,"A",,"A",,"R",320,"R",0,"R",320,"R",94,"R",29,"R",143,"R",45,"R",0,"R",320,"R",11,"R",11,"R",154,"R",48
239390,"R",146,"R",0,"R",146,"R",57,"R",39,"R",74,"R",51,"R",0,"R",146,"R",1,"R",0,"R",75,"R",51,"A",,"A",,"A",,"A",,"A",,"A",,"A",,"A",,"A",,"A",,"A",,"A",,"A",
239442,"A",,"A",,"A",,"A",,"A",,"A",,"A",,"A",,"A",,"A",,"A",,"A",,"A",,"R",99,"R",0,"R",99,"R",37,"R",37,"R",49,"R",49,"R",0,"R",99,"R",1,"R",2,"R",50,"R",51
239460,"A",,"A",,"A",,"A",,"A",,"A",,"A",,"A",,"A",,"A",,"A",,"A",,"A",,"R",237,"R",0,"R",237,"R",91,"R",38,"R",110,"R",46,"R",0,"R",237,"R",15,"R",5,"R",125,"R",53
239488,"A",,"A",,"A",,"A",,"A",,"A",,"A",,"A",,"A",,"A",,"A",,"A",,"A",,"R",742,"R",0,"R",742,"R",320,"R",43,"R",372,"R",50,"R",0,"R",742,"R",11,"R",44,"R",383,"R",52
239512,"R",128,"R",1,"R",127,"R",64,"R",50,"R",71,"R",56,"R",0,"R",127,"R",2,"R",1,"R",73,"R",57,"A",,"A",,"A",,"A",,"A",,"A",,"A",,"A",,"A",,"A",,"A",,"A",,"A",
239628,"R",216,"R",0,"R",216,"R",120,"R",56,"R",134,"R",62,"Z",0,"R",216,"R",2,"Z",0,"R",136,"R",63,"A",,"A",,"A",,"A",,"A",,"A",,"A",,"A",,"A",,"A",,"A",,"A",,"A",
239716,"R",594,"R",0,"R",594,"R",447,"R",75,"R",465,"R",78,"R",0,"R",594,"R",1,"R",0,"R",466,"R",78,"A",,"A",,"A",,"A",,"A",,"A",,"A",,"A",,"A",,"A",,"A",,"A",,"A",
239877,"A",,"A",,"A",,"A",,"A",,"A",,"A",,"A",,"A",,"A",,"A",,"A",,"A",,"R",21,"R",0,"R",21,"R",6,"R",29,"R",13,"R",62,"Z",0,"R",21,"R",0,"Z",0,"R",13,"R",62
239910,"A",,"A",,"A",,"A",,"A",,"A",,"A",,"A",,"A",,"A",,"A",,"A",,"A",,"R",265,"R",0,"R",265,"R",136,"R",51,"R",147,"R",55,"Z",0,"R",265,"R",4,"R",3,"R",151,"R",57
240107,"R",279,"R",0,"R",279,"R",134,"R",48,"R",180,"R",65,"R",0,"R",279,"R",0,"R",1,"R",180,"R",65,"A",,"A",,"A",,"A",,"A",,"A",,"A",,"A",,"A",,"A",,"A",,"A",,"A",
240116,"A",,"A",,"A",,"A",,"A",,"A",,"A",,"A",,"A",,"A",,"A",,"A",,"A",,"R",679,"R",1,"R",678,"R",235,"R",35,"R",315,"R",46,"R",0,"R",678,"R",13,"R",13,"R",328,"R",48
240125,"A",,"A",,"A",,"A",,"A",,"A",,"A",,"A",,"A",,"A",,"A",,"A",,"A",,"R",268,"R",0,"R",268,"R",65,"R",24,"R",127,"R",47,"R",0,"R",268,"R",7,"R",9,"R",134,"R",50
240170,"A",,"A",,"A",,"A",,"A",,"A",,"A",,"A",,"A",,"A",,"A",,"A",,"A",,"R",619,"R",0,"R",619,"R",200,"R",32,"R",259,"R",42,"R",0,"R",619,"R",79,"R",28,"R",338,"R",55
240189,"R",2179,"R",0,"R",2179,"R",850,"R",39,"R",1383,"R",63,"Z",0,"R",2179,"R",20,"R",8,"R",1403,"R",64,"A",,"A",,"A",,"A",,"A",,"A",,"A",,"A",,"A",,"A",,"A",,"A",,"A",
240198,"A",,"A",,"A",,"A",,"A",,"A",,"A",,"A",,"A",,"A",,"A",,"A",,"A",,"R",373,"R",0,"R",373,"R",188,"R",50,"R",225,"R",60,"R",0,"R",373,"R",12,"R",22,"R",237,"R",64
240268,"R",2235,"R",0,"R",2235,"R",997,"R",45,"R",1521,"R",68,"Z",0,"R",2235,"R",19,"R",6,"R",1540,"R",69,"A",,"A",,"A",,"A",,"A",,"A",,"A",,"A",,"A",,"A",,"A",,"A",,"A",
240277,"R",760,"R",0,"R",760,"R",287,"R",38,"R",415,"R",55,"Z",0,"R",760,"R",5,"R",8,"R",420,"R",55,"A",,"A",,"A",,"A",,"A",,"A",,"A",,"A",,"A",,"A",,"A",,"A",,"A",
240329,"R",2068,"R",0,"R",2068,"R",960,"R",46,"R",1510,"R",73,"Z",0,"R",2068,"R",14,"R",6,"R",1524,"R",74,"A",,"A",,"A",,"A",,"A",,"A",,"A",,"A",,"A",,"A",,"A",,"A",,"A",
240338,"R",267,"R",0,"R",267,"R",133,"R",50,"R",163,"R",61,"R",0,"R",267,"R",0,"R",0,"R",163,"R",61,"A",,"A",,"A",,"A",,"A",,"A",,"A",,"A",,"A",,"A",,"A",,"A",,"A",
240365,"R",1553,"R",0,"R",1553,"R",421,"R",27,"R",857,"R",55,"Z",0,"R",1553,"R",33,"R",9,"R",890,"R",57,"A",,"A",,"A",,"A",,"A",,"A",,"A",,"A",,"A",,"A",,"A",,"A",,"A",
240374,"R",583,"R",0,"R",583,"R",104,"R",18,"R",242,"R",42,"Z",0,"R",583,"R",15,"R",6,"R",257,"R",44,"A",,"A",,"A",,"A",,"A",,"A",,"A",,"A",,"A",,"A",,"A",,"A",,"A",
240392,"R",43,"R",2,"R",41,"R",9,"R",22,"R",11,"R",27,"Z",0,"R",41,"R",0,"Z",0,"R",11,"R",27,"A",,"A",,"A",,"A",,"A",,"A",,"A",,"A",,"A",,"A",,"A",,"A",,"A",
240417,"R",1554,"R",0,"R",1554,"R",446,"R",29,"R",872,"R",56,"Z",0,"R",1554,"R",26,"R",6,"R",898,"R",58,"A",,"A",,"A",,"A",,"A",,"A",,"A",,"A",,"A",,"A",,"A",,"A",,"A",
240426,"R",356,"R",0,"R",356,"R",94,"R",26,"R",153,"R",43,"Z",0,"R",356,"R",7,"R",2,"R",160,"R",45,"A",,"A",,"A",,"A",,"A",,"A",,"A",,"A",,"A",,"A",,"A",,"A",,"A",
240444,"R",6258,"R",0,"R",6258,"R",4337,"R",69,"R",5582,"R",89,"Z",0,"R",6258,"R",55,"R",16,"R",5637,"R",90,"A",,"A",,"A",,"A",,"A",,"A",,"A",,"A",,"A",,"A",,"A",,"A",,"A",
240453,"R",3261,"R",0,"R",3261,"R",734,"R",23,"R",1544,"R",47,"Z",0,"R",3261,"R",105,"R",49,"R",1649,"R",51,"A",,"A",,"A",,"A",,"A",,"A",,"A",,"A",,"A",,"A",,"A",,"A",,"A",
240462,"R",1608,"R",0,"R",1608,"R",458,"R",28,"R",948,"R",59,"Z",0,"R",1608,"R",37,"R",3,"R",985,"R",61,"A",,"A",,"A",,"A",,"A",,"A",,"A",,"A",,"A",,"A",,"A",,"A",,"A",
240471,"R",1047,"R",0,"R",1047,"R",403,"R",38,"R",593,"R",57,"Z",0,"R",1047,"R",11,"R",3,"R",604,"R",58,"A",,"A",,"A",,"A",,"A",,"A",,"A",,"A",,"A",,"A",,"A",,"A",,"A",
240480,"R",1762,"R",0,"R",1762,"R",606,"R",34,"R",977,"R",55,"Z",0,"R",1762,"R",22,"R",8,"R",999,"R",57,"A",,"A",,"A",,"A",,"A",,"A",,"A",,"A",,"A",,"A",,"A",,"A",,"A",
240505,"A",,"A",,"A",,"A",,"A",,"A",,"A",,"A",,"A",,"A",,"A",,"A",,"A",,"R",551,"R",0,"R",551,"R",148,"R",27,"R",229,"R",42,"R",0,"R",551,"R",21,"R",46,"R",250,"R",45
240596,"A",,"A",,"A",,"A",,"A",,"A",,"A",,"A",,"A",,"A",,"A",,"A",,"A",,"R",196,"R",0,"R",196,"R",57,"R",29,"R",67,"R",34,"Z",0,"R",196,"R",5,"R",0,"R",72,"R",37
240666,"A",,"A",,"A",,"A",,"A",,"A",,"A",,"A",,"A",,"A",,"A",,"A",,"A",,"R",555,"R",0,"R",555,"R",129,"R",23,"R",189,"R",34,"R",0,"R",555,"R",14,"R",13,"R",203,"R",37
240709,"A",,"A",,"A",,"A",,"A",,"A",,"A",,"A",,"A",,"A",,"A",,"A",,"A",,"R",52,"R",0,"R",52,"R",23,"R",44,"R",37,"R",71,"Z",0,"R",52,"R",0,"Z",0,"R",37,"R",71
240718,"A",,"A",,"A",,"A",,"A",,"A",,"A",,"A",,"A",,"A",,"A",,"A",,"A",,"R",354,"R",0,"R",354,"R",270,"R",76,"R",288,"R",81,"Z",0,"R",354,"R",0,"Z",0,"R",288,"R",81
240727,"R",1674,"R",2,"R",1672,"R",619,"R",37,"R",1007,"R",60,"R",0,"R",1672,"R",39,"R",22,"R",1046,"R",63,"A",,"A",,"A",,"A",,"A",,"A",,"A",,"A",,"A",,"A",,"A",,"A",,"A",
240736,"R",1,"R",0,"R",1,"R",1,"R",100,"R",1,"R",100,"Z",0,"R",1,"R",0,"Z",0,"R",1,"R",100,"A",,"A",,"A",,"A",,"A",,"A",,"A",,"A",,"A",,"A",,"A",,"A",,"A",
240754,"R",490,"R",0,"R",490,"R",56,"R",11,"R",202,"R",41,"R",0,"R",490,"R",29,"R",32,"R",231,"R",47,"A",,"A",,"A",,"A",,"A",,"A",,"A",,"A",,"A",,"A",,"A",,"A",,"A",
240790,"R",43,"R",0,"R",43,"R",2,"R",5,"R",11,"R",26,"R",0,"R",43,"R",0,"R",1,"R",11,"R",26,"A",,"A",,"A",,"A",,"A",,"A",,"A",,"A",,"A",,"A",,"A",,"A",,"A",
240879,"A",,"A",,"A",,"A",,"A",,"A",,"A",,"A",,"A",,"A",,"A",,"A",,"A",,"R",426,"R",0,"R",426,"R",10,"R",2,"R",200,"R",47,"R",0,"R",426,"R",0,"R",0,"R",200,"R",47
241146,"A",,"A",,"A",,"A",,"A",,"A",,"A",,"A",,"A",,"A",,"A",,"A",,"A",,"R",170,"R",0,"R",170,"R",64,"R",38,"R",64,"R",38,"Z",0,"R",170,"R",0,"Z",0,"R",64,"R",38
241182,"A",,"A",,"A",,"A",,"A",,"A",,"A",,"A",,"A",,"A",,"A",,"A",,"A",,"R",63,"R",0,"R",63,"R",36,"R",57,"R",36,"R",57,"Z",0,"R",63,"R",0,"Z",0,"R",36,"R",57
241191,"R",215,"R",0,"R",215,"R",40,"R",19,"R",95,"R",44,"R",0,"R",215,"R",7,"R",2,"R",102,"R",47,"A",,"A",,"A",,"A",,"A",,"A",,"A",,"A",,"A",,"A",,"A",,"A",,"A",
241216,"R",257,"R",0,"R",257,"R",78,"R",30,"R",112,"R",44,"R",0,"R",257,"R",16,"R",0,"R",128,"R",50,"A",,"A",,"A",,"A",,"A",,"A",,"A",,"A",,"A",,"A",,"A",,"A",,"A",
241225,"R",149,"R",0,"R",149,"R",12,"R",8,"R",53,"R",36,"R",0,"R",149,"R",11,"R",1,"R",64,"R",43,"A",,"A",,"A",,"A",,"A",,"A",,"A",,"A",,"A",,"A",,"A",,"A",,"A",
241304,"R",20,"R",0,"R",20,"R",7,"R",35,"R",7,"R",35,"R",0,"R",20,"R",0,"R",0,"R",7,"R",35,"A",,"A",,"A",,"A",,"A",,"A",,"A",,"A",,"A",,"A",,"A",,"A",,"A",
241331,"R",47,"R",0,"R",47,"R",18,"R",38,"R",21,"R",45,"Z",0,"R",47,"R",0,"Z",0,"R",21,"R",45,"A",,"A",,"A",,"A",,"A",,"A",,"A",,"A",,"A",,"A",,"A",,"A",,"A",
241377,"R",149,"R",0,"R",149,"R",8,"R",5,"R",29,"R",19,"R",0,"R",149,"R",5,"R",0,"R",34,"R",23,"A",,"A",,"A",,"A",,"A",,"A",,"A",,"A",,"A",,"A",,"A",,"A",,"A",
241386,"R",32,"R",0,"R",32,"R",3,"R",9,"R",8,"R",25,"Z",0,"R",32,"R",0,"Z",0,"R",8,"R",25,"A",,"A",,"A",,"A",,"A",,"A",,"A",,"A",,"A",,"A",,"A",,"A",,"A",
241395,"R",60,"R",0,"R",60,"R",8,"R",13,"R",18,"R",30,"R",0,"R",60,"R",3,"R",3,"R",21,"R",35,"A",,"A",,"A",,"A",,"A",,"A",,"A",,"A",,"A",,"A",,"A",,"A",,"A",
241410,"R",945,"R",2,"R",943,"R",119,"R",13,"R",404,"R",43,"R",0,"R",943,"R",53,"R",25,"R",457,"R",48,"A",,"A",,"A",,"A",,"A",,"A",,"A",,"A",,"A",,"A",,"A",,"A",,"A",
241517,"R",33,"R",0,"R",33,"R",13,"R",39,"R",13,"R",39,"Z",0,"R",33,"R",0,"Z",0,"R",13,"R",39,"A",,"A",,"A",,"A",,"A",,"A",,"A",,"A",,"A",,"A",,"A",,"A",,"A",
241614,"R",30,"R",0,"R",30,"R",1,"R",3,"R",10,"R",33,"R",0,"R",30,"R",2,"R",0,"R",12,"R",40,"A",,"A",,"A",,"A",,"A",,"A",,"A",,"A",,"A",,"A",,"A",,"A",,"A",
241720,"R",61,"R",1,"R",60,"R",4,"R",7,"R",14,"R",23,"Z",0,"R",60,"R",1,"R",0,"R",15,"R",25,"A",,"A",,"A",,"A",,"A",,"A",,"A",,"A",,"A",,"A",,"A",,"A",,"A",
241739,"R",1287,"R",0,"R",1287,"R",102,"R",8,"R",381,"R",30,"Z",0,"R",1287,"R",35,"R",34,"R",416,"R",32,"A",,"A",,"A",,"A",,"A",,"A",,"A",,"A",,"A",,"A",,"A",,"A",,"A",
241766,"R",28,"R",0,"R",28,"R",7,"R",25,"R",15,"R",54,"R",1,"R",27,"R",0,"R",0,"R",15,"R",56,"A",,"A",,"A",,"A",,"A",,"A",,"A",,"A",,"A",,"A",,"A",,"A",,"A",
241836,"R",1,"R",0,"R",1,"R",1,"R",100,"R",1,"R",100,"Z",0,"R",1,"R",0,"Z",0,"R",1,"R",100,"A",,"A",,"A",,"A",,"A",,"A",,"A",,"A",,"A",,"A",,"A",,"A",,"A",
241906,"A",,"A",,"A",,"A",,"A",,"A",,"A",,"A",,"A",,"A",,"A",,"A",,"A",,"R",147,"R",0,"R",147,"R",102,"R",69,"R",102,"R",69,"Z",0,"R",147,"R",0,"Z",0,"R",102,"R",69
241951,"R",91,"R",0,"R",91,"R",2,"R",2,"R",31,"R",34,"R",0,"R",91,"R",6,"R",3,"R",37,"R",41,"A",,"A",,"A",,"A",,"A",,"A",,"A",,"A",,"A",,"A",,"A",,"A",,"A",
242042,"A",,"A",,"A",,"A",,"A",,"A",,"A",,"A",,"A",,"A",,"A",,"A",,"A",,"R",298,"R",0,"R",298,"R",162,"R",54,"R",162,"R",54,"R",0,"R",298,"R",0,"R",115,"R",162,"R",54
242121,"R",10,"R",0,"R",10,"R",2,"R",20,"R",6,"R",60,"Z",0,"R",10,"R",0,"Z",0,"R",6,"R",60,"A",,"A",,"A",,"A",,"A",,"A",,"A",,"A",,"A",,"A",,"A",,"A",,"A",
242130,"A",,"A",,"A",,"A",,"A",,"A",,"A",,"A",,"A",,"A",,"A",,"A",,"A",,"R",65,"R",0,"R",65,"R",18,"R",28,"R",31,"R",48,"Z",0,"R",65,"R",0,"Z",0,"R",31,"R",48
242149,"A",,"A",,"A",,"A",,"A",,"A",,"A",,"A",,"A",,"A",,"A",,"A",,"A",,"R",125,"R",0,"R",125,"R",55,"R",44,"R",60,"R",48,"R",0,"R",125,"R",1,"R",0,"R",61,"R",49
242556,"A",,"A",,"A",,"A",,"A",,"A",,"A",,"A",,"A",,"A",,"A",,"A",,"A",,"R",178,"R",0,"R",178,"R",36,"R",20,"R",67,"R",38,"R",0,"R",178,"R",23,"R",0,"R",90,"R",51
242583,"A",,"A",,"A",,"A",,"A",,"A",,"A",,"A",,"A",,"A",,"A",,"A",,"A",,"R",121,"R",0,"R",121,"R",56,"R",46,"R",56,"R",46,"R",0,"R",121,"R",0,"Z",0,"R",56,"R",46
242617,"R",701,"R",0,"R",701,"R",89,"R",13,"R",292,"R",42,"Z",0,"R",701,"R",23,"R",18,"R",315,"R",45,"A",,"A",,"A",,"A",,"A",,"A",,"A",,"A",,"A",,"A",,"A",,"A",,"A",
242626,"R",548,"R",0,"R",548,"R",50,"R",9,"R",168,"R",31,"Z",0,"R",548,"R",31,"R",18,"R",199,"R",36,"A",,"A",,"A",,"A",,"A",,"A",,"A",,"A",,"A",,"A",,"A",,"A",,"A",
242635,"R",530,"R",0,"R",530,"R",58,"R",11,"R",194,"R",37,"Z",0,"R",530,"R",21,"R",15,"R",215,"R",41,"A",,"A",,"A",,"A",,"A",,"A",,"A",,"A",,"A",,"A",,"A",,"A",,"A",
242644,"R",275,"R",0,"R",275,"R",62,"R",23,"R",120,"R",44,"Z",0,"R",275,"R",2,"R",8,"R",122,"R",44,"A",,"A",,"A",,"A",,"A",,"A",,"A",,"A",,"A",,"A",,"A",,"A",,"A",
242653,"R",588,"R",0,"R",588,"R",106,"R",18,"R",188,"R",32,"Z",0,"R",588,"R",18,"R",19,"R",206,"R",35,"A",,"A",,"A",,"A",,"A",,"A",,"A",,"A",,"A",,"A",,"A",,"A",,"A",
242662,"R",630,"R",0,"R",630,"R",75,"R",12,"R",213,"R",34,"Z",0,"R",630,"R",18,"R",14,"R",231,"R",37,"A",,"A",,"A",,"A",,"A",,"A",,"A",,"A",,"A",,"A",,"A",,"A",,"A",
242680,"R",322,"R",0,"R",322,"R",38,"R",12,"R",119,"R",37,"Z",0,"R",322,"R",7,"R",7,"R",126,"R",39,"A",,"A",,"A",,"A",,"A",,"A",,"A",,"A",,"A",,"A",,"A",,"A",,"A",
242699,"R",153,"R",0,"R",153,"R",32,"R",21,"R",73,"R",48,"Z",0,"R",153,"R",6,"R",4,"R",79,"R",52,"A",,"A",,"A",,"A",,"A",,"A",,"A",,"A",,"A",,"A",,"A",,"A",,"A",
242705,"R",843,"R",0,"R",843,"R",48,"R",6,"R",270,"R",32,"Z",0,"R",843,"R",35,"R",24,"R",305,"R",36,"A",,"A",,"A",,"A",,"A",,"A",,"A",,"A",,"A",,"A",,"A",,"A",,"A",
242820,"A",,"A",,"A",,"A",,"A",,"A",,"A",,"A",,"A",,"A",,"A",,"A",,"A",,"R",277,"R",0,"R",277,"R",163,"R",59,"R",164,"R",59,"Z",0,"R",277,"R",0,"Z",0,"R",164,"R",59
242945,"A",,"A",,"A",,"A",,"A",,"A",,"A",,"A",,"A",,"A",,"A",,"A",,"A",,"R",167,"R",0,"R",167,"R",20,"R",12,"R",129,"R",77,"Z",0,"R",167,"R",0,"Z",0,"R",129,"R",77
242954,"A",,"A",,"A",,"A",,"A",,"A",,"A",,"A",,"A",,"A",,"A",,"A",,"A",,"R",76,"R",0,"R",76,"R",10,"R",13,"R",49,"R",64,"Z",0,"R",76,"R",0,"Z",0,"R",49,"R",64
242972,"R",23,"R",0,"R",23,"R",5,"R",22,"R",5,"R",22,"Z",0,"R",23,"R",0,"Z",0,"R",5,"R",22,"A",,"A",,"A",,"A",,"A",,"A",,"A",,"A",,"A",,"A",,"A",,"A",,"A",
243106,"R",586,"R",0,"R",586,"R",42,"R",7,"R",254,"R",43,"R",0,"R",586,"R",15,"R",3,"R",269,"R",46,"A",,"A",,"A",,"A",,"A",,"A",,"A",,"A",,"A",,"A",,"A",,"A",,"A",
243115,"R",737,"R",0,"R",737,"R",70,"R",9,"R",351,"R",48,"R",0,"R",737,"R",22,"R",6,"R",373,"R",51,"A",,"A",,"A",,"A",,"A",,"A",,"A",,"A",,"A",,"A",,"A",,"A",,"A",
243133,"R",1033,"R",0,"R",1033,"R",65,"R",6,"R",299,"R",29,"R",0,"R",1033,"R",45,"R",19,"R",344,"R",33,"A",,"A",,"A",,"A",,"A",,"A",,"A",,"A",,"A",,"A",,"A",,"A",,"A",
243142,"R",724,"R",0,"R",724,"R",169,"R",23,"R",319,"R",44,"R",0,"R",724,"R",7,"R",1,"R",326,"R",45,"A",,"A",,"A",,"A",,"A",,"A",,"A",,"A",,"A",,"A",,"A",,"A",,"A",
243151,"R",826,"R",0,"R",826,"R",65,"R",8,"R",390,"R",47,"R",0,"R",826,"R",0,"R",0,"R",390,"R",47,"A",,"A",,"A",,"A",,"A",,"A",,"A",,"A",,"A",,"A",,"A",,"A",,"A",
243179,"R",835,"R",3,"R",832,"R",101,"R",12,"R",408,"R",49,"R",0,"R",832,"R",18,"R",13,"R",426,"R",51,"A",,"A",,"A",,"A",,"A",,"A",,"A",,"A",,"A",,"A",,"A",,"A",,"A",
243188,"R",91,"R",0,"R",91,"R",5,"R",5,"R",11,"R",12,"R",0,"R",91,"R",1,"R",0,"R",12,"R",13,"A",,"A",,"A",,"A",,"A",,"A",,"A",,"A",,"A",,"A",,"A",,"A",,"A",
243197,"R",2368,"R",0,"R",2368,"R",86,"R",4,"R",1114,"R",47,"R",0,"R",2368,"R",162,"R",44,"R",1276,"R",54,"A",,"A",,"A",,"A",,"A",,"A",,"A",,"A",,"A",,"A",,"A",,"A",,"A",
243212,"R",661,"R",0,"R",661,"R",68,"R",10,"R",302,"R",46,"R",0,"R",661,"R",11,"R",7,"R",313,"R",47,"A",,"A",,"A",,"A",,"A",,"A",,"A",,"A",,"A",,"A",,"A",,"A",,"A",
243221,"R",2612,"R",0,"R",2612,"R",423,"R",16,"R",1309,"R",50,"R",0,"R",2612,"R",129,"R",38,"R",1438,"R",55,"A",,"A",,"A",,"A",,"A",,"A",,"A",,"A",,"A",,"A",,"A",,"A",,"A",
243346,"R",871,"R",0,"R",871,"R",19,"R",2,"R",250,"R",29,"R",0,"R",871,"R",33,"R",12,"R",283,"R",32,"A",,"A",,"A",,"A",,"A",,"A",,"A",,"A",,"A",,"A",,"A",,"A",,"A",
243443,"R",564,"R",0,"R",564,"R",53,"R",9,"R",230,"R",41,"R",0,"R",564,"R",26,"R",7,"R",256,"R",45,"A",,"A",,"A",,"A",,"A",,"A",,"A",,"A",,"A",,"A",,"A",,"A",,"A",
243568,"R",12,"R",0,"R",12,"R",1,"R",8,"R",4,"R",33,"R",0,"R",12,"R",0,"R",0,"R",4,"R",33,"A",,"A",,"A",,"A",,"A",,"A",,"A",,"A",,"A",,"A",,"A",,"A",,"A",
243577,"R",323,"R",0,"R",323,"R",5,"R",2,"R",72,"R",22,"R",0,"R",323,"R",35,"R",20,"R",107,"R",33,"A",,"A",,"A",,"A",,"A",,"A",,"A",,"A",,"A",,"A",,"A",,"A",,"A",
243586,"R",166,"R",0,"R",166,"R",8,"R",5,"R",59,"R",36,"R",0,"R",166,"R",10,"R",5,"R",69,"R",42,"A",,"A",,"A",,"A",,"A",,"A",,"A",,"A",,"A",,"A",,"A",,"A",,"A",
243601,"R",1197,"R",0,"R",1197,"R",50,"R",4,"R",341,"R",28,"R",0,"R",1197,"R",58,"R",29,"R",399,"R",33,"A",,"A",,"A",,"A",,"A",,"A",,"A",,"A",,"A",,"A",,"A",,"A",,"A",
243647,"A",,"A",,"A",,"A",,"A",,"A",,"A",,"A",,"A",,"A",,"A",,"A",,"A",,"R",112,"R",2,"R",110,"R",17,"R",15,"R",37,"R",34,"R",4,"R",106,"R",10,"R",7,"R",47,"R",44
243665,"R",337,"R",0,"R",337,"R",29,"R",9,"R",108,"R",32,"R",0,"R",337,"R",17,"R",10,"R",125,"R",37,"A",,"A",,"A",,"A",,"A",,"A",,"A",,"A",,"A",,"A",,"A",,"A",,"A",
243744,"R",1719,"R",0,"R",1719,"R",1327,"R",77,"R",1642,"R",96,"R",0,"R",1719,"R",25,"R",8,"R",1667,"R",97,"A",,"A",,"A",,"A",,"A",,"A",,"A",,"A",,"A",,"A",,"A",,"A",,"A",
243780,"R",6973,"R",5,"R",6968,"R",4197,"R",60,"R",5755,"R",83,"R",2,"R",6966,"R",89,"R",27,"R",5844,"R",84,"A",,"A",,"A",,"A",,"A",,"A",,"A",,"A",,"A",,"A",,"A",,"A",,"A",
243832,"R",14,"R",0,"R",14,"R",1,"R",7,"R",4,"R",29,"R",0,"R",14,"R",3,"R",1,"R",7,"R",50,"A",,"A",,"A",,"A",,"A",,"A",,"A",,"A",,"A",,"A",,"A",,"A",,"A",
243841,"A",,"A",,"A",,"A",,"A",,"A",,"A",,"A",,"A",,"A",,"A",,"A",,"A",,"R",271,"R",0,"R",271,"R",111,"R",41,"R",111,"R",41,"R",0,"R",271,"R",0,"R",0,"R",111,"R",41
244279,"A",,"A",,"A",,"A",,"A",,"A",,"A",,"A",,"A",,"A",,"A",,"A",,"A",,"R",89,"R",0,"R",89,"R",48,"R",54,"R",48,"R",54,"Z",0,"R",89,"R",0,"Z",0,"R",48,"R",54
244437,"A",,"A",,"A",,"A",,"A",,"A",,"A",,"A",,"A",,"A",,"A",,"A",,"A",,"R",2965,"R",0,"R",2965,"R",223,"R",8,"R",658,"R",22,"R",0,"R",2965,"R",193,"R",197,"R",851,"R",29
244446,"A",,"A",,"A",,"A",,"A",,"A",,"A",,"A",,"A",,"A",,"A",,"A",,"A",,"R",211,"R",0,"R",211,"R",40,"R",19,"R",78,"R",37,"R",0,"R",211,"R",16,"R",18,"R",94,"R",45
244613,"A",,"A",,"A",,"A",,"A",,"A",,"A",,"A",,"A",,"A",,"A",,"A",,"A",,"R",94,"R",0,"R",94,"R",73,"R",78,"R",73,"R",78,"R",1,"R",93,"R",1,"R",0,"R",74,"R",80
245281,"A",,"A",,"A",,"A",,"A",,"A",,"A",,"A",,"A",,"A",,"A",,"A",,"A",,"R",3,"R",0,"R",3,"R",1,"R",33,"R",3,"R",100,"Z",0,"R",3,"R",0,"Z",0,"R",3,"R",100
245625,"A",,"A",,"A",,"A",,"A",,"A",,"A",,"A",,"A",,"A",,"A",,"A",,"A",,"R",175,"R",0,"R",175,"R",34,"R",19,"R",54,"R",31,"R",0,"R",175,"R",6,"R",15,"R",60,"R",34
245652,"R",74,"R",0,"R",74,"R",47,"R",64,"R",53,"R",72,"R",0,"R",74,"R",0,"R",1,"R",53,"R",72,"A",,"A",,"A",,"A",,"A",,"A",,"A",,"A",,"A",,"A",,"A",,"A",,"A",
245953,"R",125,"R",0,"R",125,"R",19,"R",15,"R",45,"R",36,"Z",0,"R",125,"R",0,"Z",0,"R",45,"R",36,"A",,"A",,"A",,"A",,"A",,"A",,"A",,"A",,"A",,"A",,"A",,"A",,"A",
245962,"A",,"A",,"A",,"A",,"A",,"A",,"A",,"A",,"A",,"A",,"A",,"A",,"A",,"R",168,"R",0,"R",168,"R",71,"R",42,"R",91,"R",54,"R",0,"R",168,"R",1,"R",0,"R",92,"R",55
245980,"A",,"A",,"A",,"A",,"A",,"A",,"A",,"A",,"A",,"A",,"A",,"A",,"A",,"R",20,"R",0,"R",20,"R",11,"R",55,"R",18,"R",90,"Z",0,"R",20,"R",0,"Z",0,"R",18,"R",90
245999,"A",,"A",,"A",,"A",,"A",,"A",,"A",,"A",,"A",,"A",,"A",,"A",,"A",,"R",260,"R",0,"R",260,"R",125,"R",48,"R",157,"R",60,"R",0,"R",260,"R",1,"R",1,"R",158,"R",61
246017,"A",,"A",,"A",,"A",,"A",,"A",,"A",,"A",,"A",,"A",,"A",,"A",,"A",,"R",486,"R",0,"R",486,"R",59,"R",12,"R",236,"R",49,"Z",0,"R",486,"R",0,"Z",0,"R",236,"R",49
246035,"A",,"A",,"A",,"A",,"A",,"A",,"A",,"A",,"A",,"A",,"A",,"A",,"A",,"R",163,"R",1,"R",162,"R",40,"R",25,"R",100,"R",62,"R",0,"R",162,"R",9,"R",13,"R",109,"R",67
246071,"A",,"A",,"A",,"A",,"A",,"A",,"A",,"A",,"A",,"A",,"A",,"A",,"A",,"R",23,"R",0,"R",23,"R",18,"R",78,"R",18,"R",78,"Z",0,"R",23,"R",0,"Z",0,"R",18,"R",78
246354,"A",,"A",,"A",,"A",,"A",,"A",,"A",,"A",,"A",,"A",,"A",,"A",,"A",,"R",948,"R",0,"R",948,"R",110,"R",12,"R",243,"R",26,"R",0,"R",948,"R",45,"R",56,"R",288,"R",30
246415,"A",,"A",,"A",,"A",,"A",,"A",,"A",,"A",,"A",,"A",,"A",,"A",,"A",,"R",3,"R",0,"R",3,"R",1,"R",33,"R",1,"R",33,"R",0,"R",3,"R",0,"R",0,"R",1,"R",33
246460,"A",,"A",,"A",,"A",,"A",,"A",,"A",,"A",,"A",,"A",,"A",,"A",,"A",,"R",159,"R",0,"R",159,"R",81,"R",51,"R",98,"R",62,"R",0,"R",159,"R",0,"R",0,"R",98,"R",62
246813,"A",,"A",,"A",,"A",,"A",,"A",,"A",,"A",,"A",,"A",,"A",,"A",,"A",,"R",148,"R",0,"R",148,"R",31,"R",21,"R",49,"R",33,"R",0,"R",148,"R",20,"R",10,"R",69,"R",47
246895,"A",,"A",,"A",,"A",,"A",,"A",,"A",,"A",,"A",,"A",,"A",,"A",,"A",,"R",198,"R",0,"R",198,"R",9,"R",5,"R",65,"R",33,"R",0,"R",198,"R",73,"R",0,"R",138,"R",70
246974,"A",,"A",,"A",,"A",,"A",,"A",,"A",,"A",,"A",,"A",,"A",,"A",,"A",,"R",126,"R",0,"R",126,"R",29,"R",23,"R",65,"R",52,"R",0,"R",126,"R",7,"R",9,"R",72,"R",57
247010,"A",,"A",,"A",,"A",,"A",,"A",,"A",,"A",,"A",,"A",,"A",,"A",,"A",,"R",34,"R",0,"R",34,"R",1,"R",3,"R",20,"R",59,"R",0,"R",34,"R",0,"R",0,"R",20,"R",59
247047,"A",,"A",,"A",,"A",,"A",,"A",,"A",,"A",,"A",,"A",,"A",,"A",,"A",,"R",36,"R",0,"R",36,"R",12,"R",33,"R",27,"R",75,"Z",0,"R",36,"R",0,"Z",0,"R",27,"R",75
247065,"R",28,"R",0,"R",28,"Z",0,"R",0,"Z",0,"R",0,"R",0,"R",28,"R",0,"R",0,"R",0,"R",0,"A",,"A",,"A",,"A",,"A",,"A",,"A",,"A",,"A",,"A",,"A",,"A",,"A",
247153,"A",,"A",,"A",,"A",,"A",,"A",,"A",,"A",,"A",,"A",,"A",,"A",,"A",,"R",47,"R",0,"R",47,"R",8,"R",17,"R",15,"R",32,"Z",0,"R",47,"R",0,"Z",0,"R",15,"R",32
247409,"A",,"A",,"A",,"A",,"A",,"A",,"A",,"A",,"A",,"A",,"A",,"A",,"A",,"R",96,"R",0,"R",96,"R",30,"R",31,"R",54,"R",56,"Z",0,"R",96,"R",0,"Z",0,"R",54,"R",56
247603,"A",,"A",,"A",,"A",,"A",,"A",,"A",,"A",,"A",,"A",,"A",,"A",,"A",,"R",405,"R",0,"R",405,"R",90,"R",22,"R",132,"R",33,"R",0,"R",405,"R",18,"R",6,"R",150,"R",37
247773,"R",14,"R",0,"R",14,"Z",0,"R",0,"Z",0,"R",0,"R",0,"R",14,"R",1,"R",0,"R",1,"R",7,"A",,"A",,"A",,"A",,"A",,"A",,"A",,"A",,"A",,"A",,"A",,"A",,"A",
247940,"A",,"A",,"A",,"A",,"A",,"A",,"A",,"A",,"A",,"A",,"A",,"A",,"A",,"R",476,"R",0,"R",476,"R",153,"R",32,"R",224,"R",47,"R",0,"R",476,"R",29,"R",18,"R",253,"R",53
248192,"A",,"A",,"A",,"A",,"A",,"A",,"A",,"A",,"A",,"A",,"A",,"A",,"A",,"R",14,"R",0,"R",14,"R",4,"R",29,"R",7,"R",50,"Z",0,"R",14,"R",0,"Z",0,"R",7,"R",50
248527,"A",,"A",,"A",,"A",,"A",,"A",,"A",,"A",,"A",,"A",,"A",,"A",,"A",,"R",8,"R",0,"R",8,"R",1,"R",13,"R",3,"R",38,"Z",0,"R",8,"R",2,"Z",0,"R",5,"R",63
248606,"A",,"A",,"A",,"A",,"A",,"A",,"A",,"A",,"A",,"A",,"A",,"A",,"A",,"R",68,"R",0,"R",68,"R",50,"R",74,"R",55,"R",81,"Z",0,"R",68,"R",0,"Z",0,"R",55,"R",81
248624,"A",,"A",,"A",,"A",,"A",,"A",,"A",,"A",,"A",,"A",,"A",,"A",,"A",,"R",31,"R",0,"R",31,"R",14,"R",45,"R",26,"R",84,"Z",0,"R",31,"R",0,"Z",0,"R",26,"R",84
248633,"A",,"A",,"A",,"A",,"A",,"A",,"A",,"A",,"A",,"A",,"A",,"A",,"A",,"R",25,"R",0,"R",25,"R",16,"R",64,"R",17,"R",68,"Z",0,"R",25,"R",0,"Z",0,"R",17,"R",68
248660,"A",,"A",,"A",,"A",,"A",,"A",,"A",,"A",,"A",,"A",,"A",,"A",,"A",,"R",15,"R",0,"R",15,"R",1,"R",7,"R",4,"R",27,"R",0,"R",15,"R",2,"R",0,"R",6,"R",40
248703,"A",,"A",,"A",,"A",,"A",,"A",,"A",,"A",,"A",,"A",,"A",,"A",,"A",,"R",123,"R",0,"R",123,"R",4,"R",3,"R",73,"R",59,"Z",0,"R",123,"R",0,"Z",0,"R",73,"R",59
248925,"A",,"A",,"A",,"A",,"A",,"A",,"A",,"A",,"A",,"A",,"A",,"A",,"A",,"R",215,"R",0,"R",215,"R",160,"R",74,"R",160,"R",74,"R",0,"R",215,"R",2,"R",0,"R",162,"R",75
248934,"R",469,"R",3,"R",466,"R",141,"R",30,"R",156,"R",33,"R",0,"R",466,"R",8,"R",0,"R",164,"R",35,"A",,"A",,"A",,"A",,"A",,"A",,"A",,"A",,"A",,"A",,"A",,"A",,"A",
249061,"A",,"A",,"A",,"A",,"A",,"A",,"A",,"A",,"A",,"A",,"A",,"A",,"A",,"R",9,"R",0,"R",9,"R",9,"R",100,"R",9,"R",100,"Z",0,"R",9,"R",0,"Z",0,"R",9,"R",100
249238,"A",,"A",,"A",,"A",,"A",,"A",,"A",,"A",,"A",,"A",,"A",,"A",,"A",,"R",54,"R",0,"R",54,"R",2,"R",4,"R",32,"R",59,"Z",0,"R",54,"R",0,"Z",0,"R",32,"R",59
249609,"A",,"A",,"A",,"A",,"A",,"A",,"A",,"A",,"A",,"A",,"A",,"A",,"A",,"R",107,"R",0,"R",107,"R",21,"R",20,"R",54,"R",50,"Z",0,"R",107,"R",0,"Z",0,"R",54,"R",50
250027,"A",,"A",,"A",,"A",,"A",,"A",,"A",,"A",,"A",,"A",,"A",,"A",,"A",,"R",80,"R",0,"R",80,"R",69,"R",86,"R",70,"R",88,"R",0,"R",80,"R",0,"R",0,"R",70,"R",88
250285,"A",,"A",,"A",,"A",,"A",,"A",,"A",,"A",,"A",,"A",,"A",,"A",,"A",,"R",45,"R",0,"R",45,"R",13,"R",29,"R",13,"R",29,"Z",0,"R",45,"R",0,"Z",0,"R",13,"R",29
250744,"A",,"A",,"A",,"A",,"A",,"A",,"A",,"A",,"A",,"A",,"A",,"A",,"A",,"R",83,"R",0,"R",83,"R",19,"R",23,"R",39,"R",47,"R",0,"R",83,"R",1,"R",0,"R",40,"R",48
250902,"A",,"A",,"A",,"A",,"A",,"A",,"A",,"A",,"A",,"A",,"A",,"A",,"A",,"R",23,"R",1,"R",22,"R",19,"R",86,"R",19,"R",86,"R",1,"R",21,"R",1,"R",0,"R",20,"R",95
250993,"A",,"A",,"A",,"A",,"A",,"A",,"A",,"A",,"A",,"A",,"A",,"A",,"A",,"R",21,"R",0,"R",21,"R",9,"R",43,"R",9,"R",43,"Z",0,"R",21,"R",0,"Z",0,"R",9,"R",43
251260,"A",,"A",,"A",,"A",,"A",,"A",,"A",,"A",,"A",,"A",,"A",,"A",,"A",,"R",998,"R",0,"R",998,"R",150,"R",15,"R",244,"R",24,"R",0,"R",998,"R",40,"R",91,"R",284,"R",28
251312,"R",25,"R",0,"R",25,"R",1,"R",4,"R",2,"R",8,"Z",0,"R",25,"R",0,"Z",0,"R",2,"R",8,"A",,"A",,"A",,"A",,"A",,"A",,"A",,"A",,"A",,"A",,"A",,"A",,"A",
260336,"A",,"A",,"A",,"A",,"A",,"A",,"A",,"A",,"A",,"A",,"A",,"A",,"A",,"R",21,"R",0,"R",21,"R",18,"R",86,"R",18,"R",86,"Z",0,"R",21,"R",0,"Z",0,"R",18,"R",86
260363,"A",,"A",,"A",,"A",,"A",,"A",,"A",,"A",,"A",,"A",,"A",,"A",,"A",,"R",6,"R",0,"R",6,"R",4,"R",67,"R",5,"R",83,"Z",0,"R",6,"R",0,"Z",0,"R",5,"R",83
260664,"A",,"A",,"A",,"A",,"A",,"A",,"A",,"A",,"A",,"A",,"A",,"A",,"A",,"R",396,"R",0,"R",396,"R",296,"R",75,"R",302,"R",76,"Z",0,"R",396,"R",0,"Z",0,"R",302,"R",76
260691,"A",,"A",,"A",,"A",,"A",,"A",,"A",,"A",,"A",,"A",,"A",,"A",,"A",,"R",182,"R",0,"R",182,"R",21,"R",12,"R",98,"R",54,"R",0,"R",182,"R",13,"R",19,"R",111,"R",61
260813,"R",2,"R",0,"R",2,"R",1,"R",50,"R",1,"R",50,"Z",0,"R",2,"R",0,"Z",0,"R",1,"R",50,"A",,"A",,"A",,"A",,"A",,"A",,"A",,"A",,"A",,"A",,"A",,"A",,"A",
260929,"A",,"A",,"A",,"A",,"A",,"A",,"A",,"A",,"A",,"A",,"A",,"A",,"A",,"R",117,"R",0,"R",117,"R",23,"R",20,"R",77,"R",66,"Z",0,"R",117,"R",0,"Z",0,"R",77,"R",66
260965,"A",,"A",,"A",,"A",,"A",,"A",,"A",,"A",,"A",,"A",,"A",,"A",,"A",,"R",37,"R",0,"R",37,"R",5,"R",14,"R",24,"R",65,"Z",0,"R",37,"R",1,"R",1,"R",25,"R",68
261436,"A",,"A",,"A",,"A",,"A",,"A",,"A",,"A",,"A",,"A",,"A",,"A",,"A",,"R",284,"R",0,"R",284,"R",8,"R",3,"R",191,"R",67,"R",0,"R",284,"R",16,"R",0,"R",207,"R",73
261676,"A",,"A",,"A",,"A",,"A",,"A",,"A",,"A",,"A",,"A",,"A",,"A",,"A",,"R",30,"R",0,"R",30,"R",13,"R",43,"R",23,"R",77,"Z",0,"R",30,"R",0,"Z",0,"R",23,"R",77
261685,"A",,"A",,"A",,"A",,"A",,"A",,"A",,"A",,"A",,"A",,"A",,"A",,"A",,"R",36,"R",0,"R",36,"R",5,"R",14,"R",20,"R",56,"Z",0,"R",36,"R",0,"Z",0,"R",20,"R",56
261719,"A",,"A",,"A",,"A",,"A",,"A",,"A",,"A",,"A",,"A",,"A",,"A",,"A",,"R",224,"R",0,"R",224,"R",82,"R",37,"R",103,"R",46,"R",0,"R",224,"R",1,"R",0,"R",104,"R",46
261773,"A",,"A",,"A",,"A",,"A",,"A",,"A",,"A",,"A",,"A",,"A",,"A",,"A",,"R",16,"R",0,"R",16,"R",15,"R",94,"R",15,"R",94,"Z",0,"R",16,"R",0,"Z",0,"R",15,"R",94
262031,"A",,"A",,"A",,"A",,"A",,"A",,"A",,"A",,"A",,"A",,"A",,"A",,"A",,"R",978,"R",0,"R",978,"R",94,"R",10,"R",184,"R",19,"Z",0,"R",978,"R",37,"R",53,"R",221,"R",23
262086,"R",1,"R",0,"R",1,"Z",0,"R",0,"Z",0,"R",0,"Z",0,"R",1,"R",0,"Z",0,"R",0,"R",0,"A",,"A",,"A",,"A",,"A",,"A",,"A",,"A",,"A",,"A",,"A",,"A",,"A",
262129,"R",261,"R",0,"R",261,"R",151,"R",58,"R",173,"R",66,"R",0,"R",261,"R",2,"R",1,"R",175,"R",67,"A",,"A",,"A",,"A",,"A",,"A",,"A",,"A",,"A",,"A",,"A",,"A",,"A",
262341,"A",,"A",,"A",,"A",,"A",,"A",,"A",,"A",,"A",,"A",,"A",,"A",,"A",,"R",505,"R",0,"R",505,"R",60,"R",12,"R",252,"R",50,"R",0,"R",505,"R",0,"R",0,"R",252,"R",50
262369,"A",,"A",,"A",,"A",,"A",,"A",,"A",,"A",,"A",,"A",,"A",,"A",,"A",,"R",90,"R",0,"R",90,"R",19,"R",21,"R",63,"R",70,"Z",0,"R",90,"R",0,"Z",0,"R",63,"R",70
262457,"A",,"A",,"A",,"A",,"A",,"A",,"A",,"A",,"A",,"A",,"A",,"A",,"A",,"R",283,"R",0,"R",283,"R",71,"R",25,"R",151,"R",53,"R",0,"R",283,"R",16,"R",7,"R",167,"R",59
262466,"A",,"A",,"A",,"A",,"A",,"A",,"A",,"A",,"A",,"A",,"A",,"A",,"A",,"R",1,"R",0,"R",1,"R",1,"R",100,"R",1,"R",100,"Z",0,"R",1,"R",0,"Z",0,"R",1,"R",100
362700,"A",,"A",,"A",,"A",,"A",,"A",,"A",,"A",,"A",,"A",,"A",,"A",,"A",,"R",56,"R",0,"R",56,"R",4,"R",7,"R",31,"R",55,"R",0,"R",56,"R",0,"R",0,"R",31,"R",55
363013,"A",,"A",,"A",,"A",,"A",,"A",,"A",,"A",,"A",,"A",,"A",,"A",,"A",,"R",32,"R",0,"R",32,"R",18,"R",56,"R",23,"R",72,"Z",0,"R",32,"R",0,"Z",0,"R",23,"R",72
363147,"A",,"A",,"A",,"A",,"A",,"A",,"A",,"A",,"A",,"A",,"A",,"A",,"A",,"R",105,"R",0,"R",105,"R",24,"R",23,"R",58,"R",55,"Z",0,"R",105,"R",4,"Z",0,"R",62,"R",59
363165,"A",,"A",,"A",,"A",,"A",,"A",,"A",,"A",,"A",,"A",,"A",,"A",,"A",,"R",643,"R",0,"R",643,"R",392,"R",61,"R",392,"R",61,"R",0,"R",643,"R",5,"R",0,"R",397,"R",62
363633,"A",,"A",,"A",,"A",,"A",,"A",,"A",,"A",,"A",,"A",,"A",,"A",,"A",,"R",113,"R",0,"R",113,"R",13,"R",12,"R",22,"R",19,"R",0,"R",113,"R",1,"R",5,"R",23,"R",20
363679,"A",,"A",,"A",,"A",,"A",,"A",,"A",,"A",,"A",,"A",,"A",,"A",,"A",,"R",84,"R",0,"R",84,"R",0,"R",0,"R",84,"R",100,"Z",0,"R",84,"R",0,"Z",0,"R",84,"R",100
363712,"R",11,"R",0,"R",11,"Z",0,"R",0,"Z",0,"R",0,"Z",0,"R",11,"R",0,"Z",0,"R",0,"R",0,"A",,"A",,"A",,"A",,"A",,"A",,"A",,"A",,"A",,"A",,"A",,"A",,"A",
363882,"A",,"A",,"A",,"A",,"A",,"A",,"A",,"A",,"A",,"A",,"A",,"A",,"A",,"R",16,"R",0,"R",16,"R",6,"R",38,"R",9,"R",56,"R",0,"R",16,"R",1,"Z",0,"R",10,"R",63
363907,"R",38,"R",0,"R",38,"R",2,"R",5,"R",6,"R",16,"R",0,"R",38,"R",1,"R",0,"R",7,"R",18,"A",,"A",,"A",,"A",,"A",,"A",,"A",,"A",,"A",,"A",,"A",,"A",,"A",
363916,"R",12,"R",0,"R",12,"R",1,"R",8,"R",6,"R",50,"Z",0,"R",12,"R",0,"Z",0,"R",6,"R",50,"A",,"A",,"A",,"A",,"A",,"A",,"A",,"A",,"A",,"A",,"A",,"A",,"A",
363934,"R",90,"R",0,"R",90,"R",27,"R",30,"R",30,"R",33,"Z",0,"R",90,"R",0,"Z",0,"R",30,"R",33,"A",,"A",,"A",,"A",,"A",,"A",,"A",,"A",,"A",,"A",,"A",,"A",,"A",
364025,"A",,"A",,"A",,"A",,"A",,"A",,"A",,"A",,"A",,"A",,"A",,"A",,"A",,"R",730,"R",0,"R",730,"R",66,"R",9,"R",122,"R",17,"R",0,"R",730,"R",47,"R",116,"R",169,"R",23
364548,"A",,"A",,"A",,"A",,"A",,"A",,"A",,"A",,"A",,"A",,"A",,"A",,"A",,"R",233,"R",0,"R",233,"R",174,"R",75,"R",175,"R",75,"Z",0,"R",233,"R",0,"Z",0,"R",175,"R",75
364575,"A",,"A",,"A",,"A",,"A",,"A",,"A",,"A",,"A",,"A",,"A",,"A",,"A",,"R",10,"R",0,"R",10,"R",10,"R",100,"R",10,"R",100,"Z",0,"R",10,"R",0,"Z",0,"R",10,"R",100
364627,"A",,"A",,"A",,"A",,"A",,"A",,"A",,"A",,"A",,"A",,"A",,"A",,"A",,"R",60,"R",0,"R",60,"R",13,"R",22,"R",31,"R",52,"R",0,"R",60,"R",4,"R",0,"R",35,"R",58
364636,"A",,"A",,"A",,"A",,"A",,"A",,"A",,"A",,"A",,"A",,"A",,"A",,"A",,"R",28,"R",0,"R",28,"R",18,"R",64,"R",18,"R",64,"Z",0,"R",28,"R",0,"Z",0,"R",18,"R",64
364760,"A",,"A",,"A",,"A",,"A",,"A",,"A",,"A",,"A",,"A",,"A",,"A",,"A",,"R",17,"R",0,"R",17,"R",9,"R",53,"R",9,"R",53,"Z",0,"R",17,"R",0,"Z",0,"R",9,"R",53
364946,"A",,"A",,"A",,"A",,"A",,"A",,"A",,"A",,"A",,"A",,"A",,"A",,"A",,"R",22,"R",0,"R",22,"R",12,"R",55,"R",14,"R",64,"Z",0,"R",22,"R",0,"Z",0,"R",14,"R",64
364964,"A",,"A",,"A",,"A",,"A",,"A",,"A",,"A",,"A",,"A",,"A",,"A",,"A",,"R",44,"R",0,"R",44,"R",26,"R",59,"R",26,"R",59,"Z",0,"R",44,"R",0,"Z",0,"R",26,"R",59
365091,"A",,"A",,"A",,"A",,"A",,"A",,"A",,"A",,"A",,"A",,"A",,"A",,"A",,"R",35,"R",0,"R",35,"R",2,"R",6,"R",26,"R",74,"Z",0,"R",35,"R",0,"Z",0,"R",26,"R",74
365125,"A",,"A",,"A",,"A",,"A",,"A",,"A",,"A",,"A",,"A",,"A",,"A",,"A",,"R",37,"R",0,"R",37,"R",0,"R",0,"R",3,"R",8,"Z",0,"R",37,"R",12,"R",11,"R",15,"R",41
365198,"A",,"A",,"A",,"A",,"A",,"A",,"A",,"A",,"A",,"A",,"A",,"A",,"A",,"R",65,"R",0,"R",65,"R",21,"R",32,"R",21,"R",32,"R",0,"R",65,"R",0,"R",0,"R",21,"R",32
365213,"A",,"A",,"A",,"A",,"A",,"A",,"A",,"A",,"A",,"A",,"A",,"A",,"A",,"R",21,"R",0,"R",21,"R",21,"R",100,"R",21,"R",100,"Z",0,"R",21,"R",0,"Z",0,"R",21,"R",100
365240,"A",,"A",,"A",,"A",,"A",,"A",,"A",,"A",,"A",,"A",,"A",,"A",,"A",,"R",16,"R",0,"R",16,"R",16,"R",100,"R",16,"R",100,"Z",0,"R",16,"R",0,"Z",0,"R",16,"R",100
365374,"A",,"A",,"A",,"A",,"A",,"A",,"A",,"A",,"A",,"A",,"A",,"A",,"A",,"R",83,"R",0,"R",83,"R",28,"R",34,"R",42,"R",51,"R",0,"R",83,"R",26,"R",0,"R",68,"R",82
365383,"A",,"A",,"A",,"A",,"A",,"A",,"A",,"A",,"A",,"A",,"A",,"A",,"A",,"R",30,"R",0,"R",30,"R",12,"R",40,"R",12,"R",40,"Z",0,"R",30,"R",0,"Z",0,"R",12,"R",40
365480,"A",,"A",,"A",,"A",,"A",,"A",,"A",,"A",,"A",,"A",,"A",,"A",,"A",,"R",20,"R",0,"R",20,"R",6,"R",30,"R",12,"R",60,"R",0,"R",20,"R",1,"R",3,"R",13,"R",65
365505,"A",,"A",,"A",,"A",,"A",,"A",,"A",,"A",,"A",,"A",,"A",,"A",,"A",,"R",27,"R",0,"R",27,"R",19,"R",70,"R",19,"R",70,"Z",0,"R",27,"R",0,"Z",0,"R",19,"R",70
365693,"A",,"A",,"A",,"A",,"A",,"A",,"A",,"A",,"A",,"A",,"A",,"A",,"A",,"R",60,"R",0,"R",60,"R",18,"R",30,"R",46,"R",77,"Z",0,"R",60,"R",0,"Z",0,"R",46,"R",77
365763,"A",,"A",,"A",,"A",,"A",,"A",,"A",,"A",,"A",,"A",,"A",,"A",,"A",,"R",14,"R",0,"R",14,"R",13,"R",93,"R",13,"R",93,"Z",0,"R",14,"R",0,"Z",0,"R",13,"R",93
365824,"A",,"A",,"A",,"A",,"A",,"A",,"A",,"A",,"A",,"A",,"A",,"A",,"A",,"R",105,"R",0,"R",105,"R",13,"R",12,"R",64,"R",61,"Z",0,"R",105,"R",0,"Z",0,"R",64,"R",61
365833,"A",,"A",,"A",,"A",,"A",,"A",,"A",,"A",,"A",,"A",,"A",,"A",,"A",,"R",114,"R",0,"R",114,"R",15,"R",13,"R",69,"R",61,"Z",0,"R",114,"R",0,"Z",0,"R",69,"R",61
366003,"R",1,"R",0,"R",1,"Z",0,"R",0,"Z",0,"R",0,"Z",0,"R",1,"R",0,"Z",0,"R",0,"R",0,"A",,"A",,"A",,"A",,"A",,"A",,"A",,"A",,"A",,"A",,"A",,"A",,"A",
366155,"A",,"A",,"A",,"A",,"A",,"A",,"A",,"A",,"A",,"A",,"A",,"A",,"A",,"R",5,"R",0,"R",5,"R",0,"R",0,"R",3,"R",60,"R",0,"R",5,"R",0,"R",0,"R",3,"R",60
366191,"A",,"A",,"A",,"A",,"A",,"A",,"A",,"A",,"A",,"A",,"A",,"A",,"A",,"R",601,"R",4,"R",597,"R",76,"R",13,"R",297,"R",50,"R",0,"R",597,"R",29,"R",1,"R",326,"R",55
366252,"R",365,"R",0,"R",365,"R",159,"R",44,"R",202,"R",55,"R",0,"R",365,"R",1,"R",0,"R",203,"R",56,"A",,"A",,"A",,"A",,"A",,"A",,"A",,"A",,"A",,"A",,"A",,"A",,"A",
366261,"A",,"A",,"A",,"A",,"A",,"A",,"A",,"A",,"A",,"A",,"A",,"A",,"A",,"R",80,"R",0,"R",80,"R",29,"R",36,"R",58,"R",73,"R",0,"R",80,"R",6,"R",0,"R",64,"R",80
366270,"A",,"A",,"A",,"A",,"A",,"A",,"A",,"A",,"A",,"A",,"A",,"A",,"A",,"R",38,"R",0,"R",38,"R",2,"R",5,"R",15,"R",39,"R",0,"R",38,"R",2,"R",0,"R",17,"R",45
366289,"A",,"A",,"A",,"A",,"A",,"A",,"A",,"A",,"A",,"A",,"A",,"A",,"A",,"R",251,"R",0,"R",251,"R",175,"R",70,"R",175,"R",70,"Z",0,"R",251,"R",0,"Z",0,"R",175,"R",70
366395,"A",,"A",,"A",,"A",,"A",,"A",,"A",,"A",,"A",,"A",,"A",,"A",,"A",,"R",3754,"R",0,"R",3754,"R",454,"R",12,"R",884,"R",24,"R",0,"R",3754,"R",200,"R",307,"R",1084,"R",29
366401,"A",,"A",,"A",,"A",,"A",,"A",,"A",,"A",,"A",,"A",,"A",,"A",,"A",,"R",850,"R",0,"R",850,"R",230,"R",27,"R",396,"R",47,"R",0,"R",850,"R",52,"R",60,"R",448,"R",53
366465,"A",,"A",,"A",,"A",,"A",,"A",,"A",,"A",,"A",,"A",,"A",,"A",,"A",,"R",199,"R",0,"R",199,"R",58,"R",29,"R",89,"R",45,"R",0,"R",199,"R",13,"R",18,"R",102,"R",51
366535,"A",,"A",,"A",,"A",,"A",,"A",,"A",,"A",,"A",,"A",,"A",,"A",,"A",,"R",243,"R",0,"R",243,"R",54,"R",22,"R",98,"R",40,"Z",0,"R",243,"R",2,"R",2,"R",100,"R",41
366553,"A",,"A",,"A",,"A",,"A",,"A",,"A",,"A",,"A",,"A",,"A",,"A",,"A",,"R",2,"R",0,"R",2,"R",1,"R",50,"R",1,"R",50,"Z",0,"R",2,"R",0,"Z",0,"R",1,"R",50
366623,"A",,"A",,"A",,"A",,"A",,"A",,"A",,"A",,"A",,"A",,"A",,"A",,"A",,"R",3,"R",0,"R",3,"R",2,"R",67,"R",2,"R",67,"Z",0,"R",3,"R",0,"Z",0,"R",2,"R",67
366711,"R",2123,"R",0,"R",2123,"R",394,"R",19,"R",1256,"R",59,"R",0,"R",2123,"R",64,"R",16,"R",1320,"R",62,"A",,"A",,"A",,"A",,"A",,"A",,"A",,"A",,"A",,"A",,"A",,"A",,"A",
367051,"A",,"A",,"A",,"A",,"A",,"A",,"A",,"A",,"A",,"A",,"A",,"A",,"A",,"R",51,"R",0,"R",51,"R",38,"R",75,"R",44,"R",86,"R",0,"R",51,"R",0,"R",0,"R",44,"R",86
367088,"A",,"A",,"A",,"A",,"A",,"A",,"A",,"A",,"A",,"A",,"A",,"A",,"A",,"R",19,"R",0,"R",19,"R",1,"R",5,"R",13,"R",68,"Z",0,"R",19,"R",0,"Z",0,"R",13,"R",68
367103,"A",,"A",,"A",,"A",,"A",,"A",,"A",,"A",,"A",,"A",,"A",,"A",,"A",,"R",52,"R",0,"R",52,"R",12,"R",23,"R",12,"R",23,"Z",0,"R",52,"R",0,"Z",0,"R",12,"R",23
367112,"A",,"A",,"A",,"A",,"A",,"A",,"A",,"A",,"A",,"A",,"A",,"A",,"A",,"R",179,"R",0,"R",179,"R",42,"R",23,"R",55,"R",31,"R",0,"R",179,"R",3,"R",0,"R",58,"R",32
367158,"A",,"A",,"A",,"A",,"A",,"A",,"A",,"A",,"A",,"A",,"A",,"A",,"A",,"R",50,"R",0,"R",50,"R",6,"R",12,"R",30,"R",60,"Z",0,"R",50,"R",0,"Z",0,"R",30,"R",60
367361,"A",,"A",,"A",,"A",,"A",,"A",,"A",,"A",,"A",,"A",,"A",,"A",,"A",,"R",38,"R",0,"R",38,"R",4,"R",11,"R",5,"R",13,"R",0,"R",38,"R",0,"R",0,"R",5,"R",13
367431,"A",,"A",,"A",,"A",,"A",,"A",,"A",,"A",,"A",,"A",,"A",,"A",,"A",,"R",23,"R",0,"R",23,"R",4,"R",17,"R",12,"R",52,"R",0,"R",23,"R",8,"R",0,"R",20,"R",87
367459,"A",,"A",,"A",,"A",,"A",,"A",,"A",,"A",,"A",,"A",,"A",,"A",,"A",,"R",1033,"R",0,"R",1033,"R",124,"R",12,"R",257,"R",25,"R",0,"R",1033,"R",45,"R",78,"R",302,"R",29
367875,"A",,"A",,"A",,"A",,"A",,"A",,"A",,"A",,"A",,"A",,"A",,"A",,"A",,"R",260,"R",0,"R",260,"R",116,"R",45,"R",197,"R",76,"Z",0,"R",260,"R",0,"Z",0,"R",197,"R",76
367884,"R",46,"R",0,"R",46,"R",4,"R",9,"R",7,"R",15,"R",0,"R",46,"R",1,"R",2,"R",8,"R",17,"A",,"A",,"A",,"A",,"A",,"A",,"A",,"A",,"A",,"A",,"A",,"A",,"A",
367981,"A",,"A",,"A",,"A",,"A",,"A",,"A",,"A",,"A",,"A",,"A",,"A",,"A",,"R",10,"R",0,"R",10,"R",0,"R",0,"R",9,"R",90,"R",0,"R",10,"R",1,"R",0,"R",10,"R",100
368230,"A",,"A",,"A",,"A",,"A",,"A",,"A",,"A",,"A",,"A",,"A",,"A",,"A",,"R",39,"R",0,"R",39,"R",0,"R",0,"R",12,"R",31,"Z",0,"R",39,"R",0,"Z",0,"R",12,"R",31
368364,"A",,"A",,"A",,"A",,"A",,"A",,"A",,"A",,"A",,"A",,"A",,"A",,"A",,"R",107,"R",0,"R",107,"R",80,"R",75,"R",80,"R",75,"Z",0,"R",107,"R",0,"Z",0,"R",80,"R",75
368407,"A",,"A",,"A",,"A",,"A",,"A",,"A",,"A",,"A",,"A",,"A",,"A",,"A",,"R",4,"R",0,"R",4,"R",4,"R",100,"R",4,"R",100,"Z",0,"R",4,"R",0,"Z",0,"R",4,"R",100
368452,"R",51,"R",0,"R",51,"R",33,"R",65,"R",40,"R",78,"R",0,"R",51,"R",1,"R",0,"R",41,"R",80,"A",,"A",,"A",,"A",,"A",,"A",,"A",,"A",,"A",,"A",,"A",,"A",,"A",
368629,"A",,"A",,"A",,"A",,"A",,"A",,"A",,"A",,"A",,"A",,"A",,"A",,"A",,"R",106,"R",0,"R",106,"R",9,"R",8,"R",53,"R",50,"R",0,"R",106,"R",12,"R",1,"R",65,"R",61
368647,"A",,"A",,"A",,"A",,"A",,"A",,"A",,"A",,"A",,"A",,"A",,"A",,"A",,"R",16,"R",0,"R",16,"R",15,"R",94,"R",15,"R",94,"Z",0,"R",16,"R",0,"Z",0,"R",15,"R",94
368771,"A",,"A",,"A",,"A",,"A",,"A",,"A",,"A",,"A",,"A",,"A",,"A",,"A",,"R",161,"R",0,"R",161,"R",72,"R",45,"R",147,"R",91,"Z",0,"R",161,"R",0,"Z",0,"R",147,"R",91
368832,"A",,"A",,"A",,"A",,"A",,"A",,"A",,"A",,"A",,"A",,"A",,"A",,"A",,"R",16,"R",0,"R",16,"R",0,"R",0,"R",10,"R",63,"R",0,"R",16,"R",2,"R",0,"R",12,"R",75
368911,"A",,"A",,"A",,"A",,"A",,"A",,"A",,"A",,"A",,"A",,"A",,"A",,"A",,"R",92,"R",0,"R",92,"R",16,"R",17,"R",39,"R",42,"R",0,"R",92,"R",11,"R",10,"R",50,"R",54
369400,"A",,"A",,"A",,"A",,"A",,"A",,"A",,"A",,"A",,"A",,"A",,"A",,"A",,"R",1190,"R",10,"R",1180,"R",104,"R",9,"R",551,"R",47,"R",0,"R",1180,"R",63,"R",3,"R",614,"R",52
369419,"A",,"A",,"A",,"A",,"A",,"A",,"A",,"A",,"A",,"A",,"A",,"A",,"A",,"R",984,"R",0,"R",984,"R",664,"R",67,"R",664,"R",67,"Z",0,"R",984,"R",0,"Z",0,"R",664,"R",67
369446,"A",,"A",,"A",,"A",,"A",,"A",,"A",,"A",,"A",,"A",,"A",,"A",,"A",,"R",50,"R",0,"R",50,"R",40,"R",80,"R",50,"R",100,"Z",0,"R",50,"R",0,"Z",0,"R",50,"R",100
369455,"A",,"A",,"A",,"A",,"A",,"A",,"A",,"A",,"A",,"A",,"A",,"A",,"A",,"R",23,"R",0,"R",23,"R",18,"R",78,"R",18,"R",78,"R",0,"R",23,"R",2,"R",0,"R",20,"R",87
369668,"A",,"A",,"A",,"A",,"A",,"A",,"A",,"A",,"A",,"A",,"A",,"A",,"A",,"R",183,"R",0,"R",183,"R",142,"R",78,"R",142,"R",78,"Z",0,"R",183,"R",0,"Z",0,"R",142,"R",78
369686,"A",,"A",,"A",,"A",,"A",,"A",,"A",,"A",,"A",,"A",,"A",,"A",,"A",,"R",231,"R",0,"R",231,"R",167,"R",72,"R",195,"R",84,"R",0,"R",231,"R",36,"R",0,"R",231,"R",100
369783,"A",,"A",,"A",,"A",,"A",,"A",,"A",,"A",,"A",,"A",,"A",,"A",,"A",,"R",354,"R",0,"R",354,"R",273,"R",77,"R",298,"R",84,"Z",0,"R",354,"R",0,"Z",0,"R",298,"R",84
369950,"A",,"A",,"A",,"A",,"A",,"A",,"A",,"A",,"A",,"A",,"A",,"A",,"A",,"R",69,"R",0,"R",69,"R",15,"R",22,"R",54,"R",78,"R",0,"R",69,"R",2,"R",0,"R",56,"R",81
371052,"A",,"A",,"A",,"A",,"A",,"A",,"A",,"A",,"A",,"A",,"A",,"A",,"A",,"R",219,"R",0,"R",219,"R",55,"R",25,"R",122,"R",56,"Z",0,"R",219,"R",0,"Z",0,"R",122,"R",56
371690,"A",,"A",,"A",,"A",,"A",,"A",,"A",,"A",,"A",,"A",,"A",,"A",,"A",,"R",216,"R",0,"R",216,"R",193,"R",89,"R",193,"R",89,"R",0,"R",216,"R",23,"R",0,"R",216,"R",100
371830,"A",,"A",,"A",,"A",,"A",,"A",,"A",,"A",,"A",,"A",,"A",,"A",,"A",,"R",26,"R",0,"R",26,"R",4,"R",15,"R",9,"R",35,"Z",0,"R",26,"R",0,"Z",0,"R",9,"R",35
371928,"A",,"A",,"A",,"A",,"A",,"A",,"A",,"A",,"A",,"A",,"A",,"A",,"A",,"R",37,"R",0,"R",37,"R",5,"R",14,"R",27,"R",73,"Z",0,"R",37,"R",0,"Z",0,"R",27,"R",73
371964,"A",,"A",,"A",,"A",,"A",,"A",,"A",,"A",,"A",,"A",,"A",,"A",,"A",,"R",217,"R",1,"R",216,"R",129,"R",60,"R",166,"R",77,"R",0,"R",216,"R",2,"R",2,"R",168,"R",78
372028,"A",,"A",,"A",,"A",,"A",,"A",,"A",,"A",,"A",,"A",,"A",,"A",,"A",,"R",57,"R",0,"R",57,"R",4,"R",7,"R",33,"R",58,"Z",0,"R",57,"R",0,"Z",0,"R",33,"R",58
372082,"A",,"A",,"A",,"A",,"A",,"A",,"A",,"A",,"A",,"A",,"A",,"A",,"A",,"R",61,"R",0,"R",61,"R",43,"R",70,"R",49,"R",80,"Z",0,"R",61,"R",0,"Z",0,"R",49,"R",80
372329,"A",,"A",,"A",,"A",,"A",,"A",,"A",,"A",,"A",,"A",,"A",,"A",,"A",,"R",204,"R",0,"R",204,"R",137,"R",67,"R",137,"R",67,"Z",0,"R",204,"R",0,"Z",0,"R",137,"R",67
372356,"A",,"A",,"A",,"A",,"A",,"A",,"A",,"A",,"A",,"A",,"A",,"A",,"A",,"R",115,"R",0,"R",115,"R",55,"R",48,"R",85,"R",74,"Z",0,"R",115,"R",0,"Z",0,"R",85,"R",74
372462,"A",,"A",,"A",,"A",,"A",,"A",,"A",,"A",,"A",,"A",,"A",,"A",,"A",,"R",34,"R",0,"R",34,"R",3,"R",9,"R",11,"R",32,"Z",0,"R",34,"R",0,"Z",0,"R",11,"R",32
372921,"A",,"A",,"A",,"A",,"A",,"A",,"A",,"A",,"A",,"A",,"A",,"A",,"A",,"R",288,"R",0,"R",288,"R",68,"R",24,"R",139,"R",48,"Z",0,"R",288,"R",0,"Z",0,"R",139,"R",48
373085,"A",,"A",,"A",,"A",,"A",,"A",,"A",,"A",,"A",,"A",,"A",,"A",,"A",,"R",31,"R",0,"R",31,"R",10,"R",32,"R",19,"R",61,"Z",0,"R",31,"R",0,"Z",0,"R",19,"R",61
373216,"A",,"A",,"A",,"A",,"A",,"A",,"A",,"A",,"A",,"A",,"A",,"A",,"A",,"R",68,"R",0,"R",68,"R",64,"R",94,"R",65,"R",96,"Z",0,"R",68,"R",0,"Z",0,"R",65,"R",96
373456,"A",,"A",,"A",,"A",,"A",,"A",,"A",,"A",,"A",,"A",,"A",,"A",,"A",,"R",21,"R",0,"R",21,"R",6,"R",29,"R",17,"R",81,"R",0,"R",21,"R",2,"R",0,"R",19,"R",90
373526,"A",,"A",,"A",,"A",,"A",,"A",,"A",,"A",,"A",,"A",,"A",,"A",,"A",,"R",327,"R",0,"R",327,"R",238,"R",73,"R",241,"R",74,"Z",0,"R",327,"R",0,"Z",0,"R",241,"R",74
373678,"A",,"A",,"A",,"A",,"A",,"A",,"A",,"A",,"A",,"A",,"A",,"A",,"A",,"R",50,"R",0,"R",50,"R",2,"R",4,"R",39,"R",78,"Z",0,"R",50,"R",0,"Z",0,"R",39,"R",78
373696,"A",,"A",,"A",,"A",,"A",,"A",,"A",,"A",,"A",,"A",,"A",,"A",,"A",,"R",39,"R",2,"R",37,"R",0,"R",0,"R",26,"R",70,"Z",0,"R",37,"R",0,"Z",0,"R",26,"R",70
373711,"A",,"A",,"A",,"A",,"A",,"A",,"A",,"A",,"A",,"A",,"A",,"A",,"A",,"R",12,"R",0,"R",12,"R",8,"R",67,"R",9,"R",75,"R",0,"R",12,"R",0,"R",1,"R",9,"R",75
373784,"A",,"A",,"A",,"A",,"A",,"A",,"A",,"A",,"A",,"A",,"A",,"A",,"A",,"R",408,"R",0,"R",408,"R",95,"R",23,"R",187,"R",46,"Z",0,"R",408,"R",0,"Z",0,"R",187,"R",46
374316,"A",,"A",,"A",,"A",,"A",,"A",,"A",,"A",,"A",,"A",,"A",,"A",,"A",,"R",10,"R",0,"R",10,"R",2,"R",20,"R",5,"R",50,"Z",0,"R",10,"R",0,"Z",0,"R",5,"R",50
374343,"A",,"A",,"A",,"A",,"A",,"A",,"A",,"A",,"A",,"A",,"A",,"A",,"A",,"R",10,"R",0,"R",10,"R",6,"R",60,"R",6,"R",60,"Z",0,"R",10,"R",0,"Z",0,"R",6,"R",60
374574,"A",,"A",,"A",,"A",,"A",,"A",,"A",,"A",,"A",,"A",,"A",,"A",,"A",,"R",555,"R",0,"R",555,"R",53,"R",10,"R",286,"R",52,"R",0,"R",555,"R",5,"R",0,"R",291,"R",52
374592,"A",,"A",,"A",,"A",,"A",,"A",,"A",,"A",,"A",,"A",,"A",,"A",,"A",,"R",74,"R",10,"R",64,"R",30,"R",47,"R",35,"R",55,"Z",0,"R",64,"R",0,"Z",0,"R",35,"R",55
375230,"R",10,"R",0,"R",10,"R",0,"R",0,"R",2,"R",20,"Z",0,"R",10,"R",0,"Z",0,"R",2,"R",20,"A",,"A",,"A",,"A",,"A",,"A",,"A",,"A",,"A",,"A",,"A",,"A",,"A",
375373,"A",,"A",,"A",,"A",,"A",,"A",,"A",,"A",,"A",,"A",,"A",,"A",,"A",,"R",2,"R",0,"R",2,"R",0,"R",0,"R",0,"R",0,"Z",0,"R",2,"R",0,"Z",0,"R",0,"R",0
375407,"A",,"A",,"A",,"A",,"A",,"A",,"A",,"A",,"A",,"A",,"A",,"A",,"A",,"R",78,"R",0,"R",78,"R",53,"R",68,"R",57,"R",73,"Z",0,"R",78,"R",0,"Z",0,"R",57,"R",73
375416,"A",,"A",,"A",,"A",,"A",,"A",,"A",,"A",,"A",,"A",,"A",,"A",,"A",,"R",407,"R",0,"R",407,"R",93,"R",23,"R",163,"R",40,"R",0,"R",407,"R",1,"R",1,"R",164,"R",40
375568,"A",,"A",,"A",,"A",,"A",,"A",,"A",,"A",,"A",,"A",,"A",,"A",,"A",,"R",55,"R",0,"R",55,"R",0,"R",0,"R",48,"R",87,"Z",0,"R",55,"R",0,"Z",0,"R",48,"R",87
375656,"A",,"A",,"A",,"A",,"A",,"A",,"A",,"A",,"A",,"A",,"A",,"A",,"A",,"R",21,"R",0,"R",21,"R",10,"R",48,"R",14,"R",67,"Z",0,"R",21,"R",0,"Z",0,"R",14,"R",67
375683,"A",,"A",,"A",,"A",,"A",,"A",,"A",,"A",,"A",,"A",,"A",,"A",,"A",,"R",78,"R",0,"R",78,"R",68,"R",87,"R",68,"R",87,"Z",0,"R",78,"R",1,"Z",0,"R",69,"R",88
375726,"A",,"A",,"A",,"A",,"A",,"A",,"A",,"A",,"A",,"A",,"A",,"A",,"A",,"R",209,"R",1,"R",208,"R",55,"R",26,"R",98,"R",47,"R",0,"R",208,"R",13,"R",0,"R",111,"R",53
375939,"A",,"A",,"A",,"A",,"A",,"A",,"A",,"A",,"A",,"A",,"A",,"A",,"A",,"R",15,"R",0,"R",15,"R",15,"R",100,"R",15,"R",100,"Z",0,"R",15,"R",0,"Z",0,"R",15,"R",100
375966,"A",,"A",,"A",,"A",,"A",,"A",,"A",,"A",,"A",,"A",,"A",,"A",,"A",,"R",8,"R",0,"R",8,"R",1,"R",13,"R",6,"R",75,"Z",0,"R",8,"R",0,"Z",0,"R",6,"R",75
375984,"A",,"A",,"A",,"A",,"A",,"A",,"A",,"A",,"A",,"A",,"A",,"A",,"A",,"R",87,"R",0,"R",87,"R",0,"R",0,"R",34,"R",39,"R",0,"R",87,"R",0,"R",0,"R",34,"R",39
376224,"R",33,"R",0,"R",33,"R",13,"R",39,"R",14,"R",42,"Z",0,"R",33,"R",0,"Z",0,"R",14,"R",42,"A",,"A",,"A",,"A",,"A",,"A",,"A",,"A",,"A",,"A",,"A",,"A",,"A",
376242,"A",,"A",,"A",,"A",,"A",,"A",,"A",,"A",,"A",,"A",,"A",,"A",,"A",,"R",61,"R",0,"R",61,"R",34,"R",56,"R",34,"R",56,"Z",0,"R",61,"R",0,"Z",0,"R",34,"R",56
376288,"A",,"A",,"A",,"A",,"A",,"A",,"A",,"A",,"A",,"A",,"A",,"A",,"A",,"R",51,"R",0,"R",51,"R",34,"R",67,"R",34,"R",67,"Z",0,"R",51,"R",0,"Z",0,"R",34,"R",67
376330,"A",,"A",,"A",,"A",,"A",,"A",,"A",,"A",,"A",,"A",,"A",,"A",,"A",,"R",23,"R",0,"R",23,"R",16,"R",70,"R",16,"R",70,"R",0,"R",23,"R",0,"R",0,"R",16,"R",70
376385,"R",6,"R",0,"R",6,"R",1,"R",17,"R",1,"R",17,"Z",0,"R",6,"R",0,"Z",0,"R",1,"R",17,"A",,"A",,"A",,"A",,"A",,"A",,"A",,"A",,"A",,"A",,"A",,"A",,"A",
376446,"A",,"A",,"A",,"A",,"A",,"A",,"A",,"A",,"A",,"A",,"A",,"A",,"A",,"R",3,"R",0,"R",3,"R",0,"R",0,"R",2,"R",67,"R",0,"R",3,"R",1,"R",0,"R",3,"R",100
376631,"A",,"A",,"A",,"A",,"A",,"A",,"A",,"A",,"A",,"A",,"A",,"A",,"A",,"R",8,"R",0,"R",8,"R",5,"R",63,"R",7,"R",88,"Z",0,"R",8,"R",0,"Z",0,"R",7,"R",88
376677,"A",,"A",,"A",,"A",,"A",,"A",,"A",,"A",,"A",,"A",,"A",,"A",,"A",,"R",27,"R",0,"R",27,"R",1,"R",4,"R",15,"R",56,"Z",0,"R",27,"R",0,"Z",0,"R",15,"R",56
377193,"A",,"A",,"A",,"A",,"A",,"A",,"A",,"A",,"A",,"A",,"A",,"A",,"A",,"R",2,"R",0,"R",2,"R",0,"R",0,"R",0,"R",0,"Z",0,"R",2,"R",0,"Z",0,"R",0,"R",0
377218,"A",,"A",,"A",,"A",,"A",,"A",,"A",,"A",,"A",,"A",,"A",,"A",,"A",,"R",52,"R",0,"R",52,"R",45,"R",87,"R",45,"R",87,"Z",0,"R",52,"R",0,"Z",0,"R",45,"R",87
377272,"A",,"A",,"A",,"A",,"A",,"A",,"A",,"A",,"A",,"A",,"A",,"A",,"A",,"R",29,"R",0,"R",29,"R",21,"R",72,"R",23,"R",79,"R",0,"R",29,"R",4,"R",2,"R",27,"R",93
377281,"A",,"A",,"A",,"A",,"A",,"A",,"A",,"A",,"A",,"A",,"A",,"A",,"A",,"R",72,"R",0,"R",72,"R",57,"R",79,"R",63,"R",88,"R",0,"R",72,"R",3,"Z",0,"R",66,"R",92
377315,"A",,"A",,"A",,"A",,"A",,"A",,"A",,"A",,"A",,"A",,"A",,"A",,"A",,"R",76,"R",0,"R",76,"R",50,"R",66,"R",58,"R",76,"R",0,"R",76,"R",1,"R",0,"R",59,"R",78
377449,"A",,"A",,"A",,"A",,"A",,"A",,"A",,"A",,"A",,"A",,"A",,"A",,"A",,"R",29,"R",0,"R",29,"R",21,"R",72,"R",21,"R",72,"Z",0,"R",29,"R",0,"Z",0,"R",21,"R",72
377458,"A",,"A",,"A",,"A",,"A",,"A",,"A",,"A",,"A",,"A",,"A",,"A",,"A",,"R",20,"R",0,"R",20,"R",13,"R",65,"R",13,"R",65,"Z",0,"R",20,"R",0,"Z",0,"R",13,"R",65
377485,"A",,"A",,"A",,"A",,"A",,"A",,"A",,"A",,"A",,"A",,"A",,"A",,"A",,"R",8,"R",0,"R",8,"R",3,"R",38,"R",3,"R",38,"Z",0,"R",8,"R",0,"Z",0,"R",3,"R",38
377546,"R",29,"R",0,"R",29,"R",9,"R",31,"R",11,"R",38,"Z",0,"R",29,"R",0,"Z",0,"R",11,"R",38,"A",,"A",,"A",,"A",,"A",,"A",,"A",,"A",,"A",,"A",,"A",,"A",,"A",
377555,"R",677,"R",1,"R",676,"R",309,"R",46,"R",448,"R",66,"R",0,"R",676,"R",14,"R",3,"R",462,"R",68,"A",,"A",,"A",,"A",,"A",,"A",,"A",,"A",,"A",,"A",,"A",,"A",,"A",
377564,"R",448,"R",0,"R",448,"R",202,"R",45,"R",261,"R",58,"R",0,"R",448,"R",3,"R",4,"R",264,"R",59,"A",,"A",,"A",,"A",,"A",,"A",,"A",,"A",,"A",,"A",,"A",,"A",,"A",
377643,"A",,"A",,"A",,"A",,"A",,"A",,"A",,"A",,"A",,"A",,"A",,"A",,"A",,"R",23,"R",1,"R",22,"Z",0,"R",0,"R",8,"R",36,"Z",0,"R",22,"R",0,"Z",0,"R",8,"R",36
377652,"A",,"A",,"A",,"A",,"A",,"A",,"A",,"A",,"A",,"A",,"A",,"A",,"A",,"R",54,"R",0,"R",54,"R",8,"R",15,"R",29,"R",54,"Z",0,"R",54,"R",0,"Z",0,"R",29,"R",54
377722,"A",,"A",,"A",,"A",,"A",,"A",,"A",,"A",,"A",,"A",,"A",,"A",,"A",,"R",60,"R",0,"R",60,"R",13,"R",22,"R",41,"R",68,"Z",0,"R",60,"R",0,"Z",0,"R",41,"R",68
377759,"A",,"A",,"A",,"A",,"A",,"A",,"A",,"A",,"A",,"A",,"A",,"A",,"A",,"R",35,"R",0,"R",35,"R",4,"R",11,"R",9,"R",26,"R",0,"R",35,"R",8,"R",0,"R",17,"R",49
378105,"A",,"A",,"A",,"A",,"A",,"A",,"A",,"A",,"A",,"A",,"A",,"A",,"A",,"R",75,"R",0,"R",75,"R",49,"R",65,"R",63,"R",84,"Z",0,"R",75,"R",0,"Z",0,"R",63,"R",84
378886,"A",,"A",,"A",,"A",,"A",,"A",,"A",,"A",,"A",,"A",,"A",,"A",,"A",,"R",33,"R",0,"R",33,"R",26,"R",79,"R",26,"R",79,"Z",0,"R",33,"R",0,"Z",0,"R",26,"R",79
378956,"A",,"A",,"A",,"A",,"A",,"A",,"A",,"A",,"A",,"A",,"A",,"A",,"A",,"R",294,"R",0,"R",294,"R",212,"R",72,"R",212,"R",72,"Z",0,"R",294,"R",0,"Z",0,"R",212,"R",72
379621,"A",,"A",,"A",,"A",,"A",,"A",,"A",,"A",,"A",,"A",,"A",,"A",,"A",,"R",25,"R",0,"R",25,"R",22,"R",88,"R",23,"R",92,"Z",0,"R",25,"R",0,"Z",0,"R",23,"R",92
379746,"A",,"A",,"A",,"A",,"A",,"A",,"A",,"A",,"A",,"A",,"A",,"A",,"A",,"R",271,"R",0,"R",271,"R",186,"R",69,"R",210,"R",77,"Z",0,"R",271,"R",0,"Z",0,"R",210,"R",77
379782,"A",,"A",,"A",,"A",,"A",,"A",,"A",,"A",,"A",,"A",,"A",,"A",,"A",,"R",35,"R",0,"R",35,"R",19,"R",54,"R",20,"R",57,"Z",0,"R",35,"R",0,"Z",0,"R",20,"R",57
380067,"A",,"A",,"A",,"A",,"A",,"A",,"A",,"A",,"A",,"A",,"A",,"A",,"A",,"R",48,"R",0,"R",48,"R",38,"R",79,"R",38,"R",79,"R",0,"R",48,"R",0,"R",1,"R",38,"R",79
380377,"R",32,"R",1,"R",31,"R",3,"R",10,"R",8,"R",26,"R",0,"R",31,"R",1,"R",0,"R",9,"R",29,"A",,"A",,"A",,"A",,"A",,"A",,"A",,"A",,"A",,"A",,"A",,"A",,"A",
380438,"R",3,"R",0,"R",3,"Z",0,"R",0,"Z",0,"R",0,"R",0,"R",3,"R",0,"R",0,"R",0,"R",0,"A",,"A",,"A",,"A",,"A",,"A",,"A",,"A",,"A",,"A",,"A",,"A",,"A",
381255,"A",,"A",,"A",,"A",,"A",,"A",,"A",,"A",,"A",,"A",,"A",,"A",,"A",,"R",44,"R",0,"R",44,"R",0,"R",0,"R",26,"R",59,"Z",0,"R",44,"R",2,"Z",0,"R",28,"R",64
381282,"A",,"A",,"A",,"A",,"A",,"A",,"A",,"A",,"A",,"A",,"A",,"A",,"A",,"R",48,"R",0,"R",48,"R",0,"R",0,"R",28,"R",58,"Z",0,"R",48,"R",0,"Z",0,"R",28,"R",58
381325,"A",,"A",,"A",,"A",,"A",,"A",,"A",,"A",,"A",,"A",,"A",,"A",,"A",,"R",66,"R",0,"R",66,"R",0,"R",0,"R",19,"R",29,"Z",0,"R",66,"R",7,"Z",0,"R",26,"R",39
381370,"A",,"A",,"A",,"A",,"A",,"A",,"A",,"A",,"A",,"A",,"A",,"A",,"A",,"R",220,"R",0,"R",220,"R",67,"R",30,"R",165,"R",75,"R",0,"R",220,"R",18,"R",0,"R",183,"R",83
381404,"A",,"A",,"A",,"A",,"A",,"A",,"A",,"A",,"A",,"A",,"A",,"A",,"A",,"R",223,"R",0,"R",223,"R",7,"R",3,"R",94,"R",42,"Z",0,"R",223,"R",0,"Z",0,"R",94,"R",42
381486,"A",,"A",,"A",,"A",,"A",,"A",,"A",,"A",,"A",,"A",,"A",,"A",,"A",,"R",3,"R",0,"R",3,"R",3,"R",100,"R",3,"R",100,"Z",0,"R",3,"R",0,"Z",0,"R",3,"R",100
381699,"A",,"A",,"A",,"A",,"A",,"A",,"A",,"A",,"A",,"A",,"A",,"A",,"A",,"R",39,"R",0,"R",39,"R",20,"R",51,"R",28,"R",72,"Z",0,"R",39,"R",0,"Z",0,"R",28,"R",72
381732,"A",,"A",,"A",,"A",,"A",,"A",,"A",,"A",,"A",,"A",,"A",,"A",,"A",,"R",1,"R",0,"R",1,"R",1,"R",100,"R",1,"R",100,"Z",0,"R",1,"R",0,"Z",0,"R",1,"R",100
382258,"A",,"A",,"A",,"A",,"A",,"A",,"A",,"A",,"A",,"A",,"A",,"A",,"A",,"R",25,"R",0,"R",25,"R",0,"R",0,"R",19,"R",76,"R",0,"R",25,"R",2,"R",0,"R",21,"R",84
382416,"A",,"A",,"A",,"A",,"A",,"A",,"A",,"A",,"A",,"A",,"A",,"A",,"A",,"R",11,"R",0,"R",11,"R",7,"R",64,"R",9,"R",82,"Z",0,"R",11,"R",0,"Z",0,"R",9,"R",82
382461,"A",,"A",,"A",,"A",,"A",,"A",,"A",,"A",,"A",,"A",,"A",,"A",,"A",,"R",6,"R",0,"R",6,"R",0,"R",0,"R",4,"R",67,"Z",0,"R",6,"R",0,"Z",0,"R",4,"R",67
382780,"A",,"A",,"A",,"A",,"A",,"A",,"A",,"A",,"A",,"A",,"A",,"A",,"A",,"R",165,"R",0,"R",165,"R",87,"R",53,"R",96,"R",58,"R",0,"R",165,"R",10,"R",0,"R",106,"R",64
382911,"A",,"A",,"A",,"A",,"A",,"A",,"A",,"A",,"A",,"A",,"A",,"A",,"A",,"R",10,"R",0,"R",10,"R",2,"R",20,"R",5,"R",50,"Z",0,"R",10,"R",0,"R",0,"R",5,"R",50
382957,"A",,"A",,"A",,"A",,"A",,"A",,"A",,"A",,"A",,"A",,"A",,"A",,"A",,"R",178,"R",0,"R",178,"R",33,"R",19,"R",60,"R",34,"Z",0,"R",178,"R",0,"Z",0,"R",60,"R",34
383084,"A",,"A",,"A",,"A",,"A",,"A",,"A",,"A",,"A",,"A",,"A",,"A",,"A",,"R",727,"R",0,"R",727,"R",635,"R",87,"R",635,"R",87,"Z",0,"R",727,"R",0,"Z",0,"R",635,"R",87
383163,"A",,"A",,"A",,"A",,"A",,"A",,"A",,"A",,"A",,"A",,"A",,"A",,"A",,"R",73,"R",0,"R",73,"R",1,"R",1,"R",72,"R",99,"R",0,"R",73,"R",0,"R",0,"R",72,"R",99
383190,"A",,"A",,"A",,"A",,"A",,"A",,"A",,"A",,"A",,"A",,"A",,"A",,"A",,"R",365,"R",0,"R",365,"R",46,"R",13,"R",113,"R",31,"R",0,"R",365,"R",16,"R",16,"R",129,"R",35
383279,"A",,"A",,"A",,"A",,"A",,"A",,"A",,"A",,"A",,"A",,"A",,"A",,"A",,"R",18,"R",0,"R",18,"R",2,"R",11,"R",11,"R",61,"Z",0,"R",18,"R",0,"Z",0,"R",11,"R",61
383297,"A",,"A",,"A",,"A",,"A",,"A",,"A",,"A",,"A",,"A",,"A",,"A",,"A",,"R",10,"R",0,"R",10,"R",0,"R",0,"R",9,"R",90,"Z",0,"R",10,"R",0,"Z",0,"R",9,"R",90
383312,"A",,"A",,"A",,"A",,"A",,"A",,"A",,"A",,"A",,"A",,"A",,"A",,"A",,"R",104,"R",0,"R",104,"R",94,"R",90,"R",94,"R",90,"R",0,"R",104,"R",2,"R",0,"R",96,"R",92
383330,"A",,"A",,"A",,"A",,"A",,"A",,"A",,"A",,"A",,"A",,"A",,"A",,"A",,"R",37,"R",0,"R",37,"R",18,"R",49,"R",19,"R",51,"Z",0,"R",37,"R",0,"Z",0,"R",19,"R",51
383367,"A",,"A",,"A",,"A",,"A",,"A",,"A",,"A",,"A",,"A",,"A",,"A",,"A",,"R",102,"R",0,"R",102,"R",68,"R",67,"R",68,"R",67,"Z",0,"R",102,"R",0,"Z",0,"R",68,"R",67
383464,"A",,"A",,"A",,"A",,"A",,"A",,"A",,"A",,"A",,"A",,"A",,"A",,"A",,"R",146,"R",0,"R",146,"R",46,"R",32,"R",90,"R",62,"R",0,"R",146,"R",0,"R",0,"R",90,"R",62
383525,"A",,"A",,"A",,"A",,"A",,"A",,"A",,"A",,"A",,"A",,"A",,"A",,"A",,"R",104,"R",0,"R",104,"R",64,"R",62,"R",64,"R",62,"Z",0,"R",104,"R",0,"Z",0,"R",64,"R",62
383765,"A",,"A",,"A",,"A",,"A",,"A",,"A",,"A",,"A",,"A",,"A",,"A",,"A",,"R",63,"R",0,"R",63,"R",0,"R",0,"R",24,"R",38,"Z",0,"R",63,"R",0,"Z",0,"R",24,"R",38
383996,"A",,"A",,"A",,"A",,"A",,"A",,"A",,"A",,"A",,"A",,"A",,"A",,"A",,"R",54,"R",0,"R",54,"R",2,"R",4,"R",9,"R",17,"R",0,"R",54,"R",2,"R",3,"R",11,"R",20
384236,"A",,"A",,"A",,"A",,"A",,"A",,"A",,"A",,"A",,"A",,"A",,"A",,"A",,"R",466,"R",4,"R",462,"R",75,"R",16,"R",229,"R",50,"R",0,"R",462,"R",3,"R",0,"R",232,"R",50
384245,"A",,"A",,"A",,"A",,"A",,"A",,"A",,"A",,"A",,"A",,"A",,"A",,"A",,"R",407,"R",0,"R",407,"R",108,"R",27,"R",283,"R",70,"R",0,"R",407,"R",1,"R",0,"R",284,"R",70
384254,"R",50,"R",0,"R",50,"R",26,"R",52,"R",36,"R",72,"Z",0,"R",50,"R",0,"Z",0,"R",36,"R",72,"A",,"A",,"A",,"A",,"A",,"A",,"A",,"A",,"A",,"A",,"A",,"A",,"A",
384333,"A",,"A",,"A",,"A",,"A",,"A",,"A",,"A",,"A",,"A",,"A",,"A",,"A",,"R",813,"R",0,"R",813,"R",69,"R",8,"R",143,"R",18,"R",0,"R",813,"R",81,"R",95,"R",224,"R",28
384342,"A",,"A",,"A",,"A",,"A",,"A",,"A",,"A",,"A",,"A",,"A",,"A",,"A",,"R",553,"R",0,"R",553,"R",149,"R",27,"R",223,"R",40,"R",0,"R",553,"R",19,"R",18,"R",242,"R",44
384412,"R",20,"R",0,"R",20,"R",15,"R",75,"R",15,"R",75,"Z",0,"R",20,"R",0,"Z",0,"R",15,"R",75,"A",,"A",,"A",,"A",,"A",,"A",,"A",,"A",,"A",,"A",,"A",,"A",,"A",
384421,"R",25,"R",0,"R",25,"Z",0,"R",0,"R",1,"R",4,"Z",0,"R",25,"R",0,"Z",0,"R",1,"R",4,"A",,"A",,"A",,"A",,"A",,"A",,"A",,"A",,"A",,"A",,"A",,"A",,"A",
385132,"A",,"A",,"A",,"A",,"A",,"A",,"A",,"A",,"A",,"A",,"A",,"A",,"A",,"R",47,"R",0,"R",47,"R",24,"R",51,"R",37,"R",79,"Z",0,"R",47,"R",0,"Z",0,"R",37,"R",79
385503,"A",,"A",,"A",,"A",,"A",,"A",,"A",,"A",,"A",,"A",,"A",,"A",,"A",,"R",102,"R",0,"R",102,"R",14,"R",14,"R",44,"R",43,"Z",0,"R",102,"R",0,"Z",0,"R",44,"R",43
385619,"R",585,"R",0,"R",585,"R",294,"R",50,"R",339,"R",58,"R",0,"R",585,"R",37,"R",2,"R",376,"R",64,"A",,"A",,"A",,"A",,"A",,"A",,"A",,"A",,"A",,"A",,"A",,"A",,"A",
386153,"A",,"A",,"A",,"A",,"A",,"A",,"A",,"A",,"A",,"A",,"A",,"A",,"A",,"R",409,"R",0,"R",409,"R",207,"R",51,"R",207,"R",51,"Z",0,"R",409,"R",0,"Z",0,"R",207,"R",51
386472,"R",3,"R",0,"R",3,"R",1,"R",33,"R",1,"R",33,"Z",0,"R",3,"R",0,"Z",0,"R",1,"R",33,"A",,"A",,"A",,"A",,"A",,"A",,"A",,"A",,"A",,"A",,"A",,"A",,"A",
387925,"A",,"A",,"A",,"A",,"A",,"A",,"A",,"A",,"A",,"A",,"A",,"A",,"A",,"R",32,"R",0,"R",32,"R",5,"R",16,"R",25,"R",78,"Z",0,"R",32,"R",0,"Z",0,"R",25,"R",78
388520,"R",4,"R",0,"R",4,"Z",0,"R",0,"R",2,"R",50,"R",0,"R",4,"R",0,"R",0,"R",2,"R",50,"A",,"A",,"A",,"A",,"A",,"A",,"A",,"A",,"A",,"A",,"A",,"A",,"A",
389860,"A",,"A",,"A",,"A",,"A",,"A",,"A",,"A",,"A",,"A",,"A",,"A",,"A",,"R",118,"R",0,"R",118,"R",102,"R",86,"R",109,"R",92,"Z",0,"R",118,"R",0,"Z",0,"R",109,"R",92
390905,"A",,"A",,"A",,"A",,"A",,"A",,"A",,"A",,"A",,"A",,"A",,"A",,"A",,"R",35,"R",0,"R",35,"R",24,"R",69,"R",24,"R",69,"Z",0,"R",35,"R",0,"Z",0,"R",24,"R",69
391005,"A",,"A",,"A",,"A",,"A",,"A",,"A",,"A",,"A",,"A",,"A",,"A",,"A",,"R",10,"R",0,"R",10,"R",1,"R",10,"R",7,"R",70,"R",0,"R",10,"R",2,"R",0,"R",9,"R",90
392257,"R",117,"R",0,"R",117,"R",31,"R",26,"R",31,"R",26,"Z",0,"R",117,"R",0,"Z",0,"R",31,"R",26,"A",,"A",,"A",,"A",,"A",,"A",,"A",,"A",,"A",,"A",,"A",,"A",,"A",
392415,"A",,"A",,"A",,"A",,"A",,"A",,"A",,"A",,"A",,"A",,"A",,"A",,"A",,"R",247,"R",0,"R",247,"R",21,"R",9,"R",129,"R",52,"Z",0,"R",247,"R",0,"Z",0,"R",129,"R",52
393649,"A",,"A",,"A",,"A",,"A",,"A",,"A",,"A",,"A",,"A",,"A",,"A",,"A",,"R",618,"R",0,"R",618,"R",173,"R",28,"R",385,"R",62,"R",0,"R",618,"R",1,"R",1,"R",386,"R",62
393861,"A",,"A",,"A",,"A",,"A",,"A",,"A",,"A",,"A",,"A",,"A",,"A",,"A",,"R",287,"R",0,"R",287,"R",1,"R",0,"R",238,"R",83,"Z",0,"R",287,"R",0,"Z",0,"R",238,"R",83
395362,"A",,"A",,"A",,"A",,"A",,"A",,"A",,"A",,"A",,"A",,"A",,"A",,"A",,"R",97,"R",0,"R",97,"R",8,"R",8,"R",22,"R",23,"R",0,"R",97,"R",4,"R",5,"R",26,"R",27
395690,"A",,"A",,"A",,"A",,"A",,"A",,"A",,"A",,"A",,"A",,"A",,"A",,"A",,"R",381,"R",0,"R",381,"R",262,"R",69,"R",279,"R",73,"Z",0,"R",381,"R",0,"Z",0,"R",279,"R",73
397942,"A",,"A",,"A",,"A",,"A",,"A",,"A",,"A",,"A",,"A",,"A",,"A",,"A",,"R",559,"R",0,"R",559,"R",102,"R",18,"R",275,"R",49,"R",0,"R",559,"R",3,"R",0,"R",278,"R",50
399212,"A",,"A",,"A",,"A",,"A",,"A",,"A",,"A",,"A",,"A",,"A",,"A",,"A",,"R",1132,"R",0,"R",1132,"R",362,"R",32,"R",514,"R",45,"R",0,"R",1132,"R",51,"R",83,"R",565,"R",50
399869,"R",127,"R",3,"R",124,"R",59,"R",48,"R",62,"R",50,"Z",0,"R",124,"R",0,"Z",0,"R",62,"R",50,"A",,"A",,"A",,"A",,"A",,"A",,"A",,"A",,"A",,"A",,"A",,"A",,"A",
399911,"R",127,"R",0,"R",127,"R",112,"R",88,"R",115,"R",91,"Z",0,"R",127,"R",0,"Z",0,"R",115,"R",91,"A",,"A",,"A",,"A",,"A",,"A",,"A",,"A",,"A",,"A",,"A",,"A",,"A",
400080,"A",,"A",,"A",,"A",,"A",,"A",,"A",,"A",,"A",,"A",,"A",,"A",,"A",,"R",1050,"R",7,"R",1043,"R",546,"R",52,"R",773,"R",74,"Z",0,"R",1043,"R",0,"Z",0,"R",773,"R",74
400187,"A",,"A",,"A",,"A",,"A",,"A",,"A",,"A",,"A",,"A",,"A",,"A",,"A",,"R",214,"R",0,"R",214,"R",107,"R",50,"R",197,"R",92,"R",0,"R",214,"R",0,"R",0,"R",197,"R",92
401223,"R",2,"R",0,"R",2,"Z",0,"R",0,"R",2,"R",100,"Z",0,"R",2,"R",0,"Z",0,"R",2,"R",100,"A",,"A",,"A",,"A",,"A",,"A",,"A",,"A",,"A",,"A",,"A",,"A",,"A",
401764,"A",,"A",,"A",,"A",,"A",,"A",,"A",,"A",,"A",,"A",,"A",,"A",,"A",,"R",28,"R",1,"R",27,"R",9,"R",33,"R",21,"R",78,"Z",0,"R",27,"R",0,"Z",0,"R",21,"R",78
402563,"A",,"A",,"A",,"A",,"A",,"A",,"A",,"A",,"A",,"A",,"A",,"A",,"A",,"R",50,"R",0,"R",50,"R",11,"R",22,"R",34,"R",68,"R",0,"R",50,"R",1,"R",0,"R",35,"R",70
402800,"A",,"A",,"A",,"A",,"A",,"A",,"A",,"A",,"A",,"A",,"A",,"A",,"A",,"R",39,"R",0,"R",39,"R",1,"R",3,"R",30,"R",77,"Z",0,"R",39,"R",0,"Z",0,"R",30,"R",77
403469,"A",,"A",,"A",,"A",,"A",,"A",,"A",,"A",,"A",,"A",,"A",,"A",,"A",,"R",120,"R",0,"R",120,"R",61,"R",51,"R",67,"R",56,"Z",0,"R",120,"R",0,"Z",0,"R",67,"R",56
403478,"A",,"A",,"A",,"A",,"A",,"A",,"A",,"A",,"A",,"A",,"A",,"A",,"A",,"R",152,"R",0,"R",152,"R",67,"R",44,"R",80,"R",53,"R",0,"R",152,"R",0,"R",1,"R",80,"R",53
403487,"A",,"A",,"A",,"A",,"A",,"A",,"A",,"A",,"A",,"A",,"A",,"A",,"A",,"R",180,"R",0,"R",180,"R",84,"R",47,"R",103,"R",57,"Z",0,"R",180,"R",0,"Z",0,"R",103,"R",57
404338,"R",8,"R",0,"R",8,"Z",0,"R",0,"Z",0,"R",0,"Z",0,"R",8,"R",0,"Z",0,"R",0,"R",0,"A",,"A",,"A",,"A",,"A",,"A",,"A",,"A",,"A",,"A",,"A",,"A",,"A",
404426,"A",,"A",,"A",,"A",,"A",,"A",,"A",,"A",,"A",,"A",,"A",,"A",,"A",,"R",247,"R",0,"R",247,"R",14,"R",6,"R",52,"R",21,"R",0,"R",247,"R",8,"R",22,"R",60,"R",24
404684,"A",,"A",,"A",,"A",,"A",,"A",,"A",,"A",,"A",,"A",,"A",,"A",,"A",,"R",262,"R",0,"R",262,"R",191,"R",73,"R",191,"R",73,"Z",0,"R",262,"R",0,"Z",0,"R",191,"R",73
404718,"A",,"A",,"A",,"A",,"A",,"A",,"A",,"A",,"A",,"A",,"A",,"A",,"A",,"R",65,"R",0,"R",65,"R",9,"R",14,"R",35,"R",54,"R",0,"R",65,"R",0,"R",0,"R",35,"R",54
404912,"A",,"A",,"A",,"A",,"A",,"A",,"A",,"A",,"A",,"A",,"A",,"A",,"A",,"R",209,"R",0,"R",209,"R",33,"R",16,"R",130,"R",62,"R",0,"R",209,"R",6,"R",4,"R",136,"R",65
405012,"A",,"A",,"A",,"A",,"A",,"A",,"A",,"A",,"A",,"A",,"A",,"A",,"A",,"R",25,"R",0,"R",25,"R",2,"R",8,"R",12,"R",48,"R",0,"R",25,"R",1,"R",0,"R",13,"R",52
405058,"R",42,"R",0,"R",42,"Z",0,"R",0,"Z",0,"R",0,"Z",0,"R",42,"R",0,"Z",0,"R",0,"R",0,"A",,"A",,"A",,"A",,"A",,"A",,"A",,"A",,"A",,"A",,"A",,"A",,"A",
405076,"A",,"A",,"A",,"A",,"A",,"A",,"A",,"A",,"A",,"A",,"A",,"A",,"A",,"R",859,"R",0,"R",859,"R",419,"R",49,"R",619,"R",72,"Z",0,"R",859,"R",0,"Z",0,"R",619,"R",72
405854,"R",48,"R",0,"R",48,"Z",0,"R",0,"R",21,"R",44,"R",0,"R",48,"R",0,"R",0,"R",21,"R",44,"A",,"A",,"A",,"A",,"A",,"A",,"A",,"A",,"A",,"A",,"A",,"A",,"A",
405872,"A",,"A",,"A",,"A",,"A",,"A",,"A",,"A",,"A",,"A",,"A",,"A",,"A",,"R",422,"R",0,"R",422,"R",115,"R",27,"R",176,"R",42,"R",0,"R",422,"R",26,"R",21,"R",202,"R",48
406149,"A",,"A",,"A",,"A",,"A",,"A",,"A",,"A",,"A",,"A",,"A",,"A",,"A",,"R",44,"R",0,"R",44,"R",25,"R",57,"R",29,"R",66,"R",0,"R",44,"R",4,"Z",0,"R",33,"R",75
406325,"A",,"A",,"A",,"A",,"A",,"A",,"A",,"A",,"A",,"A",,"A",,"A",,"A",,"R",19,"R",0,"R",19,"R",16,"R",84,"R",16,"R",84,"Z",0,"R",19,"R",0,"Z",0,"R",16,"R",84
406361,"A",,"A",,"A",,"A",,"A",,"A",,"A",,"A",,"A",,"A",,"A",,"A",,"A",,"R",10,"R",0,"R",10,"R",7,"R",70,"R",7,"R",70,"Z",0,"R",10,"R",0,"Z",0,"R",7,"R",70
406422,"A",,"A",,"A",,"A",,"A",,"A",,"A",,"A",,"A",,"A",,"A",,"A",,"A",,"R",53,"R",0,"R",53,"R",41,"R",77,"R",41,"R",77,"Z",0,"R",53,"R",0,"Z",0,"R",41,"R",77
406486,"A",,"A",,"A",,"A",,"A",,"A",,"A",,"A",,"A",,"A",,"A",,"A",,"A",,"R",11,"R",0,"R",11,"R",4,"R",36,"R",4,"R",36,"R",0,"R",11,"R",0,"R",0,"R",4,"R",36
407090,"A",,"A",,"A",,"A",,"A",,"A",,"A",,"A",,"A",,"A",,"A",,"A",,"A",,"R",66,"R",0,"R",66,"R",0,"R",0,"R",48,"R",73,"Z",0,"R",66,"R",0,"Z",0,"R",48,"R",73
407142,"A",,"A",,"A",,"A",,"A",,"A",,"A",,"A",,"A",,"A",,"A",,"A",,"A",,"R",34,"R",0,"R",34,"R",8,"R",24,"R",29,"R",85,"Z",0,"R",34,"R",0,"Z",0,"R",29,"R",85
407151,"A",,"A",,"A",,"A",,"A",,"A",,"A",,"A",,"A",,"A",,"A",,"A",,"A",,"R",26,"R",0,"R",26,"R",16,"R",62,"R",16,"R",62,"R",0,"R",26,"R",3,"R",1,"R",19,"R",73
407179,"A",,"A",,"A",,"A",,"A",,"A",,"A",,"A",,"A",,"A",,"A",,"A",,"A",,"R",30,"R",0,"R",30,"R",0,"R",0,"R",16,"R",53,"Z",0,"R",30,"R",0,"Z",0,"R",16,"R",53
407355,"A",,"A",,"A",,"A",,"A",,"A",,"A",,"A",,"A",,"A",,"A",,"A",,"A",,"R",41,"R",0,"R",41,"R",9,"R",22,"R",29,"R",71,"Z",0,"R",41,"R",0,"Z",0,"R",29,"R",71
407434,"A",,"A",,"A",,"A",,"A",,"A",,"A",,"A",,"A",,"A",,"A",,"A",,"A",,"R",15,"R",0,"R",15,"R",6,"R",40,"R",12,"R",80,"Z",0,"R",15,"R",0,"Z",0,"R",12,"R",80
407461,"A",,"A",,"A",,"A",,"A",,"A",,"A",,"A",,"A",,"A",,"A",,"A",,"A",,"R",67,"R",0,"R",67,"R",53,"R",79,"R",53,"R",79,"R",0,"R",67,"R",0,"R",0,"R",53,"R",79
407470,"A",,"A",,"A",,"A",,"A",,"A",,"A",,"A",,"A",,"A",,"A",,"A",,"A",,"R",80,"R",0,"R",80,"R",1,"R",1,"R",24,"R",30,"R",0,"R",80,"R",0,"R",0,"R",24,"R",30
407489,"A",,"A",,"A",,"A",,"A",,"A",,"A",,"A",,"A",,"A",,"A",,"A",,"A",,"R",38,"R",0,"R",38,"R",31,"R",82,"R",31,"R",82,"R",0,"R",38,"R",0,"R",0,"R",31,"R",82
407513,"A",,"A",,"A",,"A",,"A",,"A",,"A",,"A",,"A",,"A",,"A",,"A",,"A",,"R",47,"R",0,"R",47,"R",42,"R",89,"R",42,"R",89,"Z",0,"R",47,"R",0,"Z",0,"R",42,"R",89
407568,"A",,"A",,"A",,"A",,"A",,"A",,"A",,"A",,"A",,"A",,"A",,"A",,"A",,"R",30,"R",0,"R",30,"R",5,"R",17,"R",15,"R",50,"Z",0,"R",30,"R",0,"Z",0,"R",15,"R",50
407577,"A",,"A",,"A",,"A",,"A",,"A",,"A",,"A",,"A",,"A",,"A",,"A",,"A",,"R",103,"R",0,"R",103,"R",70,"R",68,"R",75,"R",73,"Z",0,"R",103,"R",0,"Z",0,"R",75,"R",73
407683,"A",,"A",,"A",,"A",,"A",,"A",,"A",,"A",,"A",,"A",,"A",,"A",,"A",,"R",37,"R",0,"R",37,"R",1,"R",3,"R",19,"R",51,"R",0,"R",37,"R",0,"R",0,"R",19,"R",51
407708,"A",,"A",,"A",,"A",,"A",,"A",,"A",,"A",,"A",,"A",,"A",,"A",,"A",,"R",99,"R",0,"R",99,"R",0,"R",0,"R",50,"R",51,"Z",0,"R",99,"R",0,"Z",0,"R",50,"R",51
407735,"A",,"A",,"A",,"A",,"A",,"A",,"A",,"A",,"A",,"A",,"A",,"A",,"A",,"R",31,"R",0,"R",31,"R",2,"R",6,"R",20,"R",65,"R",0,"R",31,"R",0,"R",0,"R",20,"R",65
407832,"A",,"A",,"A",,"A",,"A",,"A",,"A",,"A",,"A",,"A",,"A",,"A",,"A",,"R",55,"R",0,"R",55,"R",46,"R",84,"R",49,"R",89,"Z",0,"R",55,"R",0,"Z",0,"R",49,"R",89
408066,"A",,"A",,"A",,"A",,"A",,"A",,"A",,"A",,"A",,"A",,"A",,"A",,"A",,"R",41,"R",0,"R",41,"R",2,"R",5,"R",23,"R",56,"Z",0,"R",41,"R",0,"Z",0,"R",23,"R",56
408163,"A",,"A",,"A",,"A",,"A",,"A",,"A",,"A",,"A",,"A",,"A",,"A",,"A",,"R",12,"R",0,"R",12,"R",4,"R",33,"R",6,"R",50,"R",0,"R",12,"R",0,"R",0,"R",6,"R",50
408385,"A",,"A",,"A",,"A",,"A",,"A",,"A",,"A",,"A",,"A",,"A",,"A",,"A",,"R",1027,"R",0,"R",1027,"R",619,"R",60,"R",744,"R",72,"Z",0,"R",1027,"R",0,"Z",0,"R",744,"R",72
408844,"R",107,"R",0,"R",107,"R",51,"R",48,"R",52,"R",49,"Z",0,"R",107,"R",0,"Z",0,"R",52,"R",49,"A",,"A",,"A",,"A",,"A",,"A",,"A",,"A",,"A",,"A",,"A",,"A",,"A",
408862,"A",,"A",,"A",,"A",,"A",,"A",,"A",,"A",,"A",,"A",,"A",,"A",,"A",,"R",64,"R",0,"R",64,"R",39,"R",61,"R",52,"R",81,"R",0,"R",64,"R",1,"R",0,"R",53,"R",83
409032,"A",,"A",,"A",,"A",,"A",,"A",,"A",,"A",,"A",,"A",,"A",,"A",,"A",,"R",312,"R",0,"R",312,"R",224,"R",72,"R",224,"R",72,"R",0,"R",312,"R",0,"R",0,"R",224,"R",72
409120,"A",,"A",,"A",,"A",,"A",,"A",,"A",,"A",,"A",,"A",,"A",,"A",,"A",,"R",42,"R",0,"R",42,"R",28,"R",67,"R",28,"R",67,"Z",0,"R",42,"R",0,"Z",0,"R",28,"R",67
409193,"A",,"A",,"A",,"A",,"A",,"A",,"A",,"A",,"A",,"A",,"A",,"A",,"A",,"R",32,"R",0,"R",32,"R",31,"R",97,"R",31,"R",97,"Z",0,"R",32,"R",0,"Z",0,"R",31,"R",97
409315,"R",48,"R",0,"R",48,"R",2,"R",4,"R",6,"R",13,"R",0,"R",48,"R",1,"R",1,"R",7,"R",15,"A",,"A",,"A",,"A",,"A",,"A",,"A",,"A",,"A",,"A",,"A",,"A",,"A",
409591,"A",,"A",,"A",,"A",,"A",,"A",,"A",,"A",,"A",,"A",,"A",,"A",,"A",,"R",13,"R",0,"R",13,"R",11,"R",85,"R",11,"R",85,"Z",0,"R",13,"R",0,"Z",0,"R",11,"R",85
409698,"R",1049,"R",0,"R",1049,"R",341,"R",33,"R",631,"R",60,"R",0,"R",1049,"R",16,"R",6,"R",647,"R",62,"A",,"A",,"A",,"A",,"A",,"A",,"A",,"A",,"A",,"A",,"A",,"A",,"A",
410797,"A",,"A",,"A",,"A",,"A",,"A",,"A",,"A",,"A",,"A",,"A",,"A",,"A",,"R",89,"R",0,"R",89,"R",59,"R",66,"R",64,"R",72,"Z",0,"R",89,"R",0,"Z",0,"R",64,"R",72
410964,"A",,"A",,"A",,"A",,"A",,"A",,"A",,"A",,"A",,"A",,"A",,"A",,"A",,"R",5,"R",0,"R",5,"R",1,"R",20,"R",4,"R",80,"Z",0,"R",5,"R",0,"Z",0,"R",4,"R",80
411684,"A",,"A",,"A",,"A",,"A",,"A",,"A",,"A",,"A",,"A",,"A",,"A",,"A",,"R",2,"R",0,"R",2,"R",0,"R",0,"R",2,"R",100,"Z",0,"R",2,"R",0,"Z",0,"R",2,"R",100
412173,"A",,"A",,"A",,"A",,"A",,"A",,"A",,"A",,"A",,"A",,"A",,"A",,"A",,"R",18,"R",0,"R",18,"R",4,"R",22,"R",12,"R",67,"Z",0,"R",18,"R",0,"Z",0,"R",12,"R",67
412535,"A",,"A",,"A",,"A",,"A",,"A",,"A",,"A",,"A",,"A",,"A",,"A",,"A",,"R",19,"R",0,"R",19,"R",16,"R",84,"R",16,"R",84,"Z",0,"R",19,"R",0,"Z",0,"R",16,"R",84
412544,"A",,"A",,"A",,"A",,"A",,"A",,"A",,"A",,"A",,"A",,"A",,"A",,"A",,"R",31,"R",0,"R",31,"R",1,"R",3,"R",24,"R",77,"Z",0,"R",31,"R",0,"Z",0,"R",24,"R",77
412599,"A",,"A",,"A",,"A",,"A",,"A",,"A",,"A",,"A",,"A",,"A",,"A",,"A",,"R",20,"R",0,"R",20,"R",12,"R",60,"R",12,"R",60,"Z",0,"R",20,"R",0,"Z",0,"R",12,"R",60
413176,"A",,"A",,"A",,"A",,"A",,"A",,"A",,"A",,"A",,"A",,"A",,"A",,"A",,"R",38,"R",0,"R",38,"R",32,"R",84,"R",32,"R",84,"Z",0,"R",38,"R",0,"Z",0,"R",32,"R",84
413413,"R",4,"R",0,"R",4,"R",2,"R",50,"R",2,"R",50,"Z",0,"R",4,"R",0,"Z",0,"R",2,"R",50,"A",,"A",,"A",,"A",,"A",,"A",,"A",,"A",,"A",,"A",,"A",,"A",,"A",
413626,"A",,"A",,"A",,"A",,"A",,"A",,"A",,"A",,"A",,"A",,"A",,"A",,"A",,"R",32,"R",0,"R",32,"R",5,"R",16,"R",5,"R",16,"R",0,"R",32,"R",0,"R",0,"R",5,"R",16
413680,"A",,"A",,"A",,"A",,"A",,"A",,"A",,"A",,"A",,"A",,"A",,"A",,"A",,"R",198,"R",1,"R",197,"R",41,"R",21,"R",139,"R",71,"Z",0,"R",197,"R",0,"Z",0,"R",139,"R",71
413820,"A",,"A",,"A",,"A",,"A",,"A",,"A",,"A",,"A",,"A",,"A",,"A",,"A",,"R",23,"R",0,"R",23,"R",19,"R",83,"R",19,"R",83,"R",0,"R",23,"R",0,"R",0,"R",19,"R",83
413893,"A",,"A",,"A",,"A",,"A",,"A",,"A",,"A",,"A",,"A",,"A",,"A",,"A",,"R",851,"R",3,"R",848,"R",112,"R",13,"R",418,"R",49,"R",0,"R",848,"R",7,"R",0,"R",425,"R",50
414063,"A",,"A",,"A",,"A",,"A",,"A",,"A",,"A",,"A",,"A",,"A",,"A",,"A",,"R",37,"R",0,"R",37,"R",3,"R",8,"R",33,"R",89,"Z",0,"R",37,"R",0,"Z",0,"R",33,"R",89
414124,"A",,"A",,"A",,"A",,"A",,"A",,"A",,"A",,"A",,"A",,"A",,"A",,"A",,"R",234,"R",1,"R",233,"R",14,"R",6,"R",179,"R",77,"R",0,"R",233,"R",19,"R",0,"R",198,"R",85
414461,"A",,"A",,"A",,"A",,"A",,"A",,"A",,"A",,"A",,"A",,"A",,"A",,"A",,"R",945,"R",0,"R",945,"R",518,"R",55,"R",569,"R",60,"R",0,"R",945,"R",0,"R",0,"R",569,"R",60
414489,"A",,"A",,"A",,"A",,"A",,"A",,"A",,"A",,"A",,"A",,"A",,"A",,"A",,"R",95,"R",0,"R",95,"R",11,"R",12,"R",48,"R",51,"R",0,"R",95,"R",0,"R",2,"R",48,"R",51
414540,"A",,"A",,"A",,"A",,"A",,"A",,"A",,"A",,"A",,"A",,"A",,"A",,"A",,"R",117,"R",0,"R",117,"R",53,"R",45,"R",86,"R",74,"Z",0,"R",117,"R",0,"Z",0,"R",86,"R",74
414595,"R",1,"R",0,"R",1,"Z",0,"R",0,"R",1,"R",100,"Z",0,"R",1,"R",0,"Z",0,"R",1,"R",100,"A",,"A",,"A",,"A",,"A",,"A",,"A",,"A",,"A",,"A",,"A",,"A",,"A",
414869,"A",,"A",,"A",,"A",,"A",,"A",,"A",,"A",,"A",,"A",,"A",,"A",,"A",,"R",1,"R",0,"R",1,"R",0,"R",0,"R",0,"R",0,"Z",0,"R",1,"R",0,"Z",0,"R",0,"R",0
414878,"R",2,"R",0,"R",2,"Z",0,"R",0,"Z",0,"R",0,"Z",0,"R",2,"R",0,"Z",0,"R",0,"R",0,"A",,"A",,"A",,"A",,"A",,"A",,"A",,"A",,"A",,"A",,"A",,"A",,"A",
414911,"A",,"A",,"A",,"A",,"A",,"A",,"A",,"A",,"A",,"A",,"A",,"A",,"A",,"R",235,"R",1,"R",234,"R",86,"R",37,"R",88,"R",38,"R",0,"R",234,"R",5,"R",5,"R",93,"R",40
414939,"A",,"A",,"A",,"A",,"A",,"A",,"A",,"A",,"A",,"A",,"A",,"A",,"A",,"R",358,"R",0,"R",358,"R",28,"R",8,"R",195,"R",54,"Z",0,"R",358,"R",0,"Z",0,"R",195,"R",54
415039,"A",,"A",,"A",,"A",,"A",,"A",,"A",,"A",,"A",,"A",,"A",,"A",,"A",,"R",31,"R",0,"R",31,"R",0,"R",0,"R",19,"R",61,"Z",0,"R",31,"R",0,"Z",0,"R",19,"R",61
415057,"A",,"A",,"A",,"A",,"A",,"A",,"A",,"A",,"A",,"A",,"A",,"A",,"A",,"R",75,"R",0,"R",75,"R",63,"R",84,"R",63,"R",84,"Z",0,"R",75,"R",0,"Z",0,"R",63,"R",84
415987,"A",,"A",,"A",,"A",,"A",,"A",,"A",,"A",,"A",,"A",,"A",,"A",,"A",,"R",215,"R",0,"R",215,"R",183,"R",85,"R",185,"R",86,"Z",0,"R",215,"R",0,"Z",0,"R",185,"R",86
416458,"A",,"A",,"A",,"A",,"A",,"A",,"A",,"A",,"A",,"A",,"A",,"A",,"A",,"R",75,"R",0,"R",75,"R",22,"R",29,"R",43,"R",57,"Z",0,"R",75,"R",0,"Z",0,"R",43,"R",57
417008,"A",,"A",,"A",,"A",,"A",,"A",,"A",,"A",,"A",,"A",,"A",,"A",,"A",,"R",61,"R",0,"R",61,"R",0,"R",0,"R",38,"R",62,"R",0,"R",61,"R",0,"R",0,"R",38,"R",62
417062,"A",,"A",,"A",,"A",,"A",,"A",,"A",,"A",,"A",,"A",,"A",,"A",,"A",,"R",24,"R",0,"R",24,"R",0,"R",0,"R",13,"R",54,"R",0,"R",24,"R",5,"R",1,"R",18,"R",75
417105,"A",,"A",,"A",,"A",,"A",,"A",,"A",,"A",,"A",,"A",,"A",,"A",,"A",,"R",190,"R",0,"R",190,"R",66,"R",35,"R",102,"R",54,"R",0,"R",190,"R",2,"R",0,"R",104,"R",55
417123,"A",,"A",,"A",,"A",,"A",,"A",,"A",,"A",,"A",,"A",,"A",,"A",,"A",,"R",90,"R",8,"R",82,"R",51,"R",62,"R",56,"R",68,"R",1,"R",81,"R",12,"R",1,"R",68,"R",84
417248,"A",,"A",,"A",,"A",,"A",,"A",,"A",,"A",,"A",,"A",,"A",,"A",,"A",,"R",52,"R",0,"R",52,"R",50,"R",96,"R",50,"R",96,"Z",0,"R",52,"R",0,"Z",0,"R",50,"R",96
417275,"A",,"A",,"A",,"A",,"A",,"A",,"A",,"A",,"A",,"A",,"A",,"A",,"A",,"R",52,"R",0,"R",52,"R",50,"R",96,"R",50,"R",96,"Z",0,"R",52,"R",0,"Z",0,"R",50,"R",96
417327,"A",,"A",,"A",,"A",,"A",,"A",,"A",,"A",,"A",,"A",,"A",,"A",,"A",,"R",7,"R",0,"R",7,"R",3,"R",43,"R",3,"R",43,"Z",0,"R",7,"R",0,"Z",0,"R",3,"R",43
417442,"A",,"A",,"A",,"A",,"A",,"A",,"A",,"A",,"A",,"A",,"A",,"A",,"A",,"R",23,"R",0,"R",23,"R",14,"R",61,"R",16,"R",70,"R",0,"R",23,"R",1,"R",0,"R",17,"R",74
417503,"A",,"A",,"A",,"A",,"A",,"A",,"A",,"A",,"A",,"A",,"A",,"A",,"A",,"R",157,"R",0,"R",157,"R",2,"R",1,"R",155,"R",99,"Z",0,"R",157,"R",0,"Z",0,"R",155,"R",99
417600,"A",,"A",,"A",,"A",,"A",,"A",,"A",,"A",,"A",,"A",,"A",,"A",,"A",,"R",22,"R",0,"R",22,"R",8,"R",36,"R",13,"R",59,"Z",0,"R",22,"R",0,"Z",0,"R",13,"R",59
417628,"A",,"A",,"A",,"A",,"A",,"A",,"A",,"A",,"A",,"A",,"A",,"A",,"A",,"R",5,"R",0,"R",5,"R",5,"R",100,"R",5,"R",100,"Z",0,"R",5,"R",0,"Z",0,"R",5,"R",100
417637,"A",,"A",,"A",,"A",,"A",,"A",,"A",,"A",,"A",,"A",,"A",,"A",,"A",,"R",53,"R",0,"R",53,"R",48,"R",91,"R",48,"R",91,"Z",0,"R",53,"R",0,"Z",0,"R",48,"R",91
417646,"A",,"A",,"A",,"A",,"A",,"A",,"A",,"A",,"A",,"A",,"A",,"A",,"A",,"R",10,"R",0,"R",10,"R",5,"R",50,"R",5,"R",50,"Z",0,"R",10,"R",0,"Z",0,"R",5,"R",50
417655,"A",,"A",,"A",,"A",,"A",,"A",,"A",,"A",,"A",,"A",,"A",,"A",,"A",,"R",21,"R",0,"R",21,"R",18,"R",86,"R",18,"R",86,"Z",0,"R",21,"R",0,"Z",0,"R",18,"R",86
417682,"A",,"A",,"A",,"A",,"A",,"A",,"A",,"A",,"A",,"A",,"A",,"A",,"A",,"R",4,"R",0,"R",4,"R",4,"R",100,"R",4,"R",100,"Z",0,"R",4,"R",0,"Z",0,"R",4,"R",100
417716,"A",,"A",,"A",,"A",,"A",,"A",,"A",,"A",,"A",,"A",,"A",,"A",,"A",,"R",12,"R",0,"R",12,"R",5,"R",42,"R",5,"R",42,"Z",0,"R",12,"R",0,"Z",0,"R",5,"R",42
417725,"A",,"A",,"A",,"A",,"A",,"A",,"A",,"A",,"A",,"A",,"A",,"A",,"A",,"R",15,"R",0,"R",15,"R",3,"R",20,"R",7,"R",47,"Z",0,"R",15,"R",0,"Z",0,"R",7,"R",47
417752,"R",13,"R",0,"R",13,"R",1,"R",8,"R",5,"R",38,"Z",0,"R",13,"R",1,"Z",0,"R",6,"R",46,"A",,"A",,"A",,"A",,"A",,"A",,"A",,"A",,"A",,"A",,"A",,"A",,"A",
417831,"A",,"A",,"A",,"A",,"A",,"A",,"A",,"A",,"A",,"A",,"A",,"A",,"A",,"R",82,"R",0,"R",82,"R",55,"R",67,"R",55,"R",67,"Z",0,"R",82,"R",0,"Z",0,"R",55,"R",67
417840,"A",,"A",,"A",,"A",,"A",,"A",,"A",,"A",,"A",,"A",,"A",,"A",,"A",,"R",97,"R",0,"R",97,"R",22,"R",23,"R",40,"R",41,"Z",0,"R",97,"R",1,"R",1,"R",41,"R",42
417868,"A",,"A",,"A",,"A",,"A",,"A",,"A",,"A",,"A",,"A",,"A",,"A",,"A",,"R",33,"R",0,"R",33,"R",23,"R",70,"R",23,"R",70,"Z",0,"R",33,"R",0,"Z",0,"R",23,"R",70
417886,"A",,"A",,"A",,"A",,"A",,"A",,"A",,"A",,"A",,"A",,"A",,"A",,"A",,"R",5,"R",0,"R",5,"R",2,"R",40,"R",2,"R",40,"Z",0,"R",5,"R",0,"Z",0,"R",2,"R",40
417910,"A",,"A",,"A",,"A",,"A",,"A",,"A",,"A",,"A",,"A",,"A",,"A",,"A",,"R",29,"R",0,"R",29,"R",27,"R",93,"R",27,"R",93,"R",0,"R",29,"R",2,"R",0,"R",29,"R",100
417992,"A",,"A",,"A",,"A",,"A",,"A",,"A",,"A",,"A",,"A",,"A",,"A",,"A",,"R",7,"R",0,"R",7,"R",7,"R",100,"R",7,"R",100,"Z",0,"R",7,"R",0,"Z",0,"R",7,"R",100
418001,"A",,"A",,"A",,"A",,"A",,"A",,"A",,"A",,"A",,"A",,"A",,"A",,"A",,"R",5,"R",0,"R",5,"R",1,"R",20,"R",3,"R",60,"Z",0,"R",5,"R",0,"Z",0,"R",3,"R",60
418010,"A",,"A",,"A",,"A",,"A",,"A",,"A",,"A",,"A",,"A",,"A",,"A",,"A",,"R",6,"R",0,"R",6,"R",5,"R",83,"R",5,"R",83,"Z",0,"R",6,"R",0,"Z",0,"R",5,"R",83
418029,"A",,"A",,"A",,"A",,"A",,"A",,"A",,"A",,"A",,"A",,"A",,"A",,"A",,"R",7,"R",0,"R",7,"R",5,"R",71,"R",5,"R",71,"Z",0,"R",7,"R",0,"Z",0,"R",5,"R",71
418038,"A",,"A",,"A",,"A",,"A",,"A",,"A",,"A",,"A",,"A",,"A",,"A",,"A",,"R",23,"R",0,"R",23,"R",18,"R",78,"R",18,"R",78,"R",0,"R",23,"R",0,"R",0,"R",18,"R",78
418065,"A",,"A",,"A",,"A",,"A",,"A",,"A",,"A",,"A",,"A",,"A",,"A",,"A",,"R",64,"R",0,"R",64,"R",42,"R",66,"R",42,"R",66,"Z",0,"R",64,"R",4,"R",1,"R",46,"R",72
418083,"A",,"A",,"A",,"A",,"A",,"A",,"A",,"A",,"A",,"A",,"A",,"A",,"A",,"R",2,"R",0,"R",2,"R",2,"R",100,"R",2,"R",100,"Z",0,"R",2,"R",0,"Z",0,"R",2,"R",100
418171,"A",,"A",,"A",,"A",,"A",,"A",,"A",,"A",,"A",,"A",,"A",,"A",,"A",,"R",5,"R",0,"R",5,"R",0,"R",0,"R",0,"R",0,"R",0,"R",5,"R",0,"R",0,"R",0,"R",0
418199,"A",,"A",,"A",,"A",,"A",,"A",,"A",,"A",,"A",,"A",,"A",,"A",,"A",,"R",47,"R",0,"R",47,"R",33,"R",70,"R",33,"R",70,"Z",0,"R",47,"R",0,"Z",0,"R",33,"R",70
418205,"A",,"A",,"A",,"A",,"A",,"A",,"A",,"A",,"A",,"A",,"A",,"A",,"A",,"R",43,"R",0,"R",43,"R",30,"R",70,"R",31,"R",72,"Z",0,"R",43,"R",0,"Z",0,"R",31,"R",72
418223,"A",,"A",,"A",,"A",,"A",,"A",,"A",,"A",,"A",,"A",,"A",,"A",,"A",,"R",41,"R",0,"R",41,"R",31,"R",76,"R",34,"R",83,"Z",0,"R",41,"R",0,"Z",0,"R",34,"R",83
418250,"A",,"A",,"A",,"A",,"A",,"A",,"A",,"A",,"A",,"A",,"A",,"A",,"A",,"R",35,"R",0,"R",35,"R",35,"R",100,"R",35,"R",100,"Z",0,"R",35,"R",0,"Z",0,"R",35,"R",100
418269,"A",,"A",,"A",,"A",,"A",,"A",,"A",,"A",,"A",,"A",,"A",,"A",,"A",,"R",166,"R",0,"R",166,"R",90,"R",54,"R",103,"R",62,"Z",0,"R",166,"R",0,"Z",0,"R",103,"R",62
418278,"A",,"A",,"A",,"A",,"A",,"A",,"A",,"A",,"A",,"A",,"A",,"A",,"A",,"R",22,"R",0,"R",22,"R",19,"R",86,"R",19,"R",86,"Z",0,"R",22,"R",0,"Z",0,"R",19,"R",86
418296,"A",,"A",,"A",,"A",,"A",,"A",,"A",,"A",,"A",,"A",,"A",,"A",,"A",,"R",417,"R",0,"R",417,"R",409,"R",98,"R",409,"R",98,"R",0,"R",417,"R",0,"R",0,"R",409,"R",98
418302,"A",,"A",,"A",,"A",,"A",,"A",,"A",,"A",,"A",,"A",,"A",,"A",,"A",,"R",35,"R",0,"R",35,"R",26,"R",74,"R",26,"R",74,"Z",0,"R",35,"R",0,"Z",0,"R",26,"R",74
418320,"A",,"A",,"A",,"A",,"A",,"A",,"A",,"A",,"A",,"A",,"A",,"A",,"A",,"R",19,"R",0,"R",19,"R",17,"R",89,"R",17,"R",89,"Z",0,"R",19,"R",0,"Z",0,"R",17,"R",89
418348,"A",,"A",,"A",,"A",,"A",,"A",,"A",,"A",,"A",,"A",,"A",,"A",,"A",,"R",42,"R",2,"R",40,"R",35,"R",88,"R",35,"R",88,"Z",0,"R",40,"R",0,"Z",0,"R",35,"R",88
418357,"A",,"A",,"A",,"A",,"A",,"A",,"A",,"A",,"A",,"A",,"A",,"A",,"A",,"R",42,"R",0,"R",42,"R",36,"R",86,"R",38,"R",90,"R",1,"R",41,"R",1,"R",0,"R",39,"R",95
418409,"A",,"A",,"A",,"A",,"A",,"A",,"A",,"A",,"A",,"A",,"A",,"A",,"A",,"R",49,"R",0,"R",49,"R",42,"R",86,"R",42,"R",86,"Z",0,"R",49,"R",0,"Z",0,"R",42,"R",86
418427,"A",,"A",,"A",,"A",,"A",,"A",,"A",,"A",,"A",,"A",,"A",,"A",,"A",,"R",38,"R",0,"R",38,"R",22,"R",58,"R",29,"R",76,"Z",0,"R",38,"R",0,"Z",0,"R",29,"R",76
418445,"A",,"A",,"A",,"A",,"A",,"A",,"A",,"A",,"A",,"A",,"A",,"A",,"A",,"R",12,"R",0,"R",12,"R",4,"R",33,"R",4,"R",33,"Z",0,"R",12,"R",0,"Z",0,"R",4,"R",33
418454,"A",,"A",,"A",,"A",,"A",,"A",,"A",,"A",,"A",,"A",,"A",,"A",,"A",,"R",168,"R",0,"R",168,"R",119,"R",71,"R",119,"R",71,"Z",0,"R",168,"R",0,"Z",0,"R",119,"R",71
418481,"A",,"A",,"A",,"A",,"A",,"A",,"A",,"A",,"A",,"A",,"A",,"A",,"A",,"R",25,"R",0,"R",25,"R",20,"R",80,"R",20,"R",80,"Z",0,"R",25,"R",0,"Z",0,"R",20,"R",80
418515,"A",,"A",,"A",,"A",,"A",,"A",,"A",,"A",,"A",,"A",,"A",,"A",,"A",,"R",47,"R",0,"R",47,"R",39,"R",83,"R",42,"R",89,"R",0,"R",47,"R",0,"R",0,"R",42,"R",89
418524,"A",,"A",,"A",,"A",,"A",,"A",,"A",,"A",,"A",,"A",,"A",,"A",,"A",,"R",33,"R",0,"R",33,"R",15,"R",45,"R",15,"R",45,"R",0,"R",33,"R",1,"R",0,"R",16,"R",48
418533,"A",,"A",,"A",,"A",,"A",,"A",,"A",,"A",,"A",,"A",,"A",,"A",,"A",,"R",46,"R",0,"R",46,"R",37,"R",80,"R",37,"R",80,"Z",0,"R",46,"R",1,"Z",0,"R",38,"R",83
418542,"A",,"A",,"A",,"A",,"A",,"A",,"A",,"A",,"A",,"A",,"A",,"A",,"A",,"R",71,"R",0,"R",71,"R",33,"R",46,"R",41,"R",58,"R",0,"R",71,"R",2,"R",0,"R",43,"R",61
418560,"A",,"A",,"A",,"A",,"A",,"A",,"A",,"A",,"A",,"A",,"A",,"A",,"A",,"R",22,"R",0,"R",22,"R",11,"R",50,"R",16,"R",73,"Z",0,"R",22,"R",0,"Z",0,"R",16,"R",73
418588,"A",,"A",,"A",,"A",,"A",,"A",,"A",,"A",,"A",,"A",,"A",,"A",,"A",,"R",17,"R",0,"R",17,"R",11,"R",65,"R",11,"R",65,"Z",0,"R",17,"R",0,"Z",0,"R",11,"R",65
418658,"A",,"A",,"A",,"A",,"A",,"A",,"A",,"A",,"A",,"A",,"A",,"A",,"A",,"R",463,"R",0,"R",463,"R",73,"R",16,"R",221,"R",48,"Z",0,"R",463,"R",0,"Z",0,"R",221,"R",48
418773,"A",,"A",,"A",,"A",,"A",,"A",,"A",,"A",,"A",,"A",,"A",,"A",,"A",,"R",188,"R",1,"R",187,"R",31,"R",17,"R",101,"R",54,"R",0,"R",187,"R",0,"R",0,"R",101,"R",54
418782,"A",,"A",,"A",,"A",,"A",,"A",,"A",,"A",,"A",,"A",,"A",,"A",,"A",,"R",150,"R",0,"R",150,"R",105,"R",70,"R",106,"R",71,"Z",0,"R",150,"R",0,"Z",0,"R",106,"R",71
418889,"A",,"A",,"A",,"A",,"A",,"A",,"A",,"A",,"A",,"A",,"A",,"A",,"A",,"R",25,"R",0,"R",25,"R",14,"R",56,"R",18,"R",72,"R",0,"R",25,"R",2,"R",1,"R",20,"R",80
418913,"A",,"A",,"A",,"A",,"A",,"A",,"A",,"A",,"A",,"A",,"A",,"A",,"A",,"R",4,"R",0,"R",4,"R",1,"R",25,"R",1,"R",25,"Z",0,"R",4,"R",0,"Z",0,"R",1,"R",25
418968,"A",,"A",,"A",,"A",,"A",,"A",,"A",,"A",,"A",,"A",,"A",,"A",,"A",,"R",26,"R",0,"R",26,"R",0,"R",0,"R",7,"R",27,"R",0,"R",26,"R",3,"R",0,"R",10,"R",38
419031,"A",,"A",,"A",,"A",,"A",,"A",,"A",,"A",,"A",,"A",,"A",,"A",,"A",,"R",9,"R",0,"R",9,"R",9,"R",100,"R",9,"R",100,"Z",0,"R",9,"R",0,"Z",0,"R",9,"R",100
419095,"A",,"A",,"A",,"A",,"A",,"A",,"A",,"A",,"A",,"A",,"A",,"A",,"A",,"R",24,"R",0,"R",24,"R",21,"R",88,"R",21,"R",88,"Z",0,"R",24,"R",0,"Z",0,"R",21,"R",88
419183,"A",,"A",,"A",,"A",,"A",,"A",,"A",,"A",,"A",,"A",,"A",,"A",,"A",,"R",91,"R",0,"R",91,"R",79,"R",87,"R",79,"R",87,"Z",0,"R",91,"R",0,"Z",0,"R",79,"R",87
419217,"A",,"A",,"A",,"A",,"A",,"A",,"A",,"A",,"A",,"A",,"A",,"A",,"A",,"R",2,"R",0,"R",2,"R",1,"R",50,"R",1,"R",50,"Z",0,"R",2,"R",0,"Z",0,"R",1,"R",50
419226,"A",,"A",,"A",,"A",,"A",,"A",,"A",,"A",,"A",,"A",,"A",,"A",,"A",,"R",201,"R",0,"R",201,"R",129,"R",64,"R",129,"R",64,"Z",0,"R",201,"R",0,"Z",0,"R",129,"R",64
419235,"A",,"A",,"A",,"A",,"A",,"A",,"A",,"A",,"A",,"A",,"A",,"A",,"A",,"R",169,"R",2,"R",167,"R",62,"R",37,"R",134,"R",80,"R",0,"R",167,"R",2,"R",6,"R",136,"R",81
419244,"A",,"A",,"A",,"A",,"A",,"A",,"A",,"A",,"A",,"A",,"A",,"A",,"A",,"R",37,"R",1,"R",36,"R",8,"R",22,"R",8,"R",22,"R",0,"R",36,"R",0,"R",1,"R",8,"R",22
419253,"A",,"A",,"A",,"A",,"A",,"A",,"A",,"A",,"A",,"A",,"A",,"A",,"A",,"R",56,"R",0,"R",56,"R",32,"R",57,"R",36,"R",64,"Z",0,"R",56,"R",0,"Z",0,"R",36,"R",64
419280,"A",,"A",,"A",,"A",,"A",,"A",,"A",,"A",,"A",,"A",,"A",,"A",,"A",,"R",19,"R",0,"R",19,"R",1,"R",5,"R",18,"R",95,"R",0,"R",19,"R",1,"R",0,"R",19,"R",100
419341,"A",,"A",,"A",,"A",,"A",,"A",,"A",,"A",,"A",,"A",,"A",,"A",,"A",,"R",4,"R",0,"R",4,"R",1,"R",25,"R",3,"R",75,"Z",0,"R",4,"R",0,"Z",0,"R",3,"R",75
419420,"A",,"A",,"A",,"A",,"A",,"A",,"A",,"A",,"A",,"A",,"A",,"A",,"A",,"R",32,"R",0,"R",32,"R",25,"R",78,"R",25,"R",78,"Z",0,"R",32,"R",0,"Z",0,"R",25,"R",78
419484,"A",,"A",,"A",,"A",,"A",,"A",,"A",,"A",,"A",,"A",,"A",,"A",,"A",,"R",11,"R",0,"R",11,"R",5,"R",45,"R",5,"R",45,"Z",0,"R",11,"R",0,"Z",0,"R",5,"R",45
419633,"A",,"A",,"A",,"A",,"A",,"A",,"A",,"A",,"A",,"A",,"A",,"A",,"A",,"R",75,"R",0,"R",75,"R",48,"R",64,"R",53,"R",71,"R",0,"R",75,"R",3,"R",0,"R",56,"R",75
419703,"A",,"A",,"A",,"A",,"A",,"A",,"A",,"A",,"A",,"A",,"A",,"A",,"A",,"R",315,"R",0,"R",315,"R",220,"R",70,"R",222,"R",70,"Z",0,"R",315,"R",0,"Z",0,"R",222,"R",70
419712,"A",,"A",,"A",,"A",,"A",,"A",,"A",,"A",,"A",,"A",,"A",,"A",,"A",,"R",98,"R",0,"R",98,"R",74,"R",76,"R",75,"R",77,"Z",0,"R",98,"R",0,"Z",0,"R",75,"R",77
419721,"A",,"A",,"A",,"A",,"A",,"A",,"A",,"A",,"A",,"A",,"A",,"A",,"A",,"R",147,"R",0,"R",147,"R",103,"R",70,"R",105,"R",71,"Z",0,"R",147,"R",0,"Z",0,"R",105,"R",71
420042,"R",15,"R",0,"R",15,"R",1,"R",7,"R",2,"R",13,"R",0,"R",15,"R",1,"R",0,"R",3,"R",20,"A",,"A",,"A",,"A",,"A",,"A",,"A",,"A",,"A",,"A",,"A",,"A",,"A",
420130,"A",,"A",,"A",,"A",,"A",,"A",,"A",,"A",,"A",,"A",,"A",,"A",,"A",,"R",151,"R",0,"R",151,"R",40,"R",26,"R",70,"R",46,"Z",0,"R",151,"R",0,"Z",0,"R",70,"R",46
420255,"A",,"A",,"A",,"A",,"A",,"A",,"A",,"A",,"A",,"A",,"A",,"A",,"A",,"R",53,"R",0,"R",53,"R",41,"R",77,"R",41,"R",77,"Z",0,"R",53,"R",0,"Z",0,"R",41,"R",77
420325,"R",4,"R",0,"R",4,"Z",0,"R",0,"R",1,"R",25,"Z",0,"R",4,"R",0,"Z",0,"R",1,"R",25,"A",,"A",,"A",,"A",,"A",,"A",,"A",,"A",,"A",,"A",,"A",,"A",,"A",
420343,"A",,"A",,"A",,"A",,"A",,"A",,"A",,"A",,"A",,"A",,"A",,"A",,"A",,"R",691,"R",0,"R",691,"R",410,"R",59,"R",497,"R",72,"R",0,"R",691,"R",6,"R",0,"R",503,"R",73
420370,"A",,"A",,"A",,"A",,"A",,"A",,"A",,"A",,"A",,"A",,"A",,"A",,"A",,"R",321,"R",0,"R",321,"R",182,"R",57,"R",183,"R",57,"R",0,"R",321,"R",0,"R",0,"R",183,"R",57
420398,"A",,"A",,"A",,"A",,"A",,"A",,"A",,"A",,"A",,"A",,"A",,"A",,"A",,"R",1897,"R",0,"R",1897,"R",247,"R",13,"R",512,"R",27,"R",0,"R",1897,"R",148,"R",159,"R",660,"R",35
420431,"A",,"A",,"A",,"A",,"A",,"A",,"A",,"A",,"A",,"A",,"A",,"A",,"A",,"R",87,"R",0,"R",87,"R",29,"R",33,"R",53,"R",61,"R",0,"R",87,"R",5,"R",7,"R",58,"R",67
420440,"A",,"A",,"A",,"A",,"A",,"A",,"A",,"A",,"A",,"A",,"A",,"A",,"A",,"R",135,"R",0,"R",135,"R",19,"R",14,"R",32,"R",24,"R",0,"R",135,"R",19,"R",6,"R",51,"R",38
420468,"A",,"A",,"A",,"A",,"A",,"A",,"A",,"A",,"A",,"A",,"A",,"A",,"A",,"R",25,"R",0,"R",25,"R",20,"R",80,"R",22,"R",88,"Z",0,"R",25,"R",0,"Z",0,"R",22,"R",88
420538,"A",,"A",,"A",,"A",,"A",,"A",,"A",,"A",,"A",,"A",,"A",,"A",,"A",,"R",150,"R",1,"R",149,"R",29,"R",19,"R",42,"R",28,"Z",0,"R",149,"R",4,"R",10,"R",46,"R",31
420556,"A",,"A",,"A",,"A",,"A",,"A",,"A",,"A",,"A",,"A",,"A",,"A",,"A",,"R",97,"R",0,"R",97,"R",11,"R",11,"R",16,"R",16,"R",0,"R",97,"R",3,"R",8,"R",19,"R",20
420723,"A",,"A",,"A",,"A",,"A",,"A",,"A",,"A",,"A",,"A",,"A",,"A",,"A",,"R",48,"R",0,"R",48,"R",16,"R",33,"R",16,"R",33,"R",0,"R",48,"R",1,"R",4,"R",17,"R",35
420981,"A",,"A",,"A",,"A",,"A",,"A",,"A",,"A",,"A",,"A",,"A",,"A",,"A",,"R",352,"R",0,"R",352,"R",253,"R",72,"R",253,"R",72,"Z",0,"R",352,"R",0,"Z",0,"R",253,"R",72
421513,"A",,"A",,"A",,"A",,"A",,"A",,"A",,"A",,"A",,"A",,"A",,"A",,"A",,"R",38,"R",0,"R",38,"R",6,"R",16,"R",27,"R",71,"Z",0,"R",38,"R",0,"Z",0,"R",27,"R",71
421610,"A",,"A",,"A",,"A",,"A",,"A",,"A",,"A",,"A",,"A",,"A",,"A",,"A",,"R",35,"R",0,"R",35,"R",5,"R",14,"R",25,"R",71,"Z",0,"R",35,"R",0,"Z",0,"R",25,"R",71
421665,"A",,"A",,"A",,"A",,"A",,"A",,"A",,"A",,"A",,"A",,"A",,"A",,"A",,"R",2,"R",0,"R",2,"R",0,"R",0,"R",0,"R",0,"Z",0,"R",2,"R",0,"Z",0,"R",0,"R",0
421717,"A",,"A",,"A",,"A",,"A",,"A",,"A",,"A",,"A",,"A",,"A",,"A",,"A",,"R",9,"R",0,"R",9,"R",5,"R",56,"R",5,"R",56,"Z",0,"R",9,"R",0,"Z",0,"R",5,"R",56
421771,"A",,"A",,"A",,"A",,"A",,"A",,"A",,"A",,"A",,"A",,"A",,"A",,"A",,"R",9,"R",0,"R",9,"R",1,"R",11,"R",4,"R",44,"Z",0,"R",9,"R",0,"Z",0,"R",4,"R",44
421841,"A",,"A",,"A",,"A",,"A",,"A",,"A",,"A",,"A",,"A",,"A",,"A",,"A",,"R",101,"R",0,"R",101,"R",79,"R",78,"R",85,"R",84,"Z",0,"R",101,"R",0,"Z",0,"R",85,"R",84
421878,"R",27,"R",0,"R",27,"R",4,"R",15,"R",9,"R",33,"Z",0,"R",27,"R",0,"Z",0,"R",9,"R",33,"A",,"A",,"A",,"A",,"A",,"A",,"A",,"A",,"A",,"A",,"A",,"A",,"A",
421896,"A",,"A",,"A",,"A",,"A",,"A",,"A",,"A",,"A",,"A",,"A",,"A",,"A",,"R",167,"R",0,"R",167,"R",134,"R",80,"R",148,"R",89,"Z",0,"R",167,"R",0,"Z",0,"R",148,"R",89
422020,"A",,"A",,"A",,"A",,"A",,"A",,"A",,"A",,"A",,"A",,"A",,"A",,"A",,"R",85,"R",0,"R",85,"R",33,"R",39,"R",51,"R",60,"R",0,"R",85,"R",2,"R",3,"R",53,"R",62
422835,"A",,"A",,"A",,"A",,"A",,"A",,"A",,"A",,"A",,"A",,"A",,"A",,"A",,"R",248,"R",0,"R",248,"R",78,"R",31,"R",166,"R",67,"Z",0,"R",248,"R",0,"Z",0,"R",166,"R",67
423120,"A",,"A",,"A",,"A",,"A",,"A",,"A",,"A",,"A",,"A",,"A",,"A",,"A",,"R",228,"R",0,"R",228,"R",171,"R",75,"R",171,"R",75,"R",0,"R",228,"R",0,"R",0,"R",171,"R",75
423397,"A",,"A",,"A",,"A",,"A",,"A",,"A",,"A",,"A",,"A",,"A",,"A",,"A",,"R",363,"R",0,"R",363,"R",178,"R",49,"R",194,"R",53,"R",0,"R",363,"R",0,"R",0,"R",194,"R",53
423412,"A",,"A",,"A",,"A",,"A",,"A",,"A",,"A",,"A",,"A",,"A",,"A",,"A",,"R",26,"R",0,"R",26,"R",5,"R",19,"R",9,"R",35,"R",0,"R",26,"R",0,"Z",0,"R",9,"R",35
423652,"A",,"A",,"A",,"A",,"A",,"A",,"A",,"A",,"A",,"A",,"A",,"A",,"A",,"R",43,"R",0,"R",43,"R",4,"R",9,"R",7,"R",16,"Z",0,"R",43,"R",2,"R",2,"R",9,"R",21
425250,"A",,"A",,"A",,"A",,"A",,"A",,"A",,"A",,"A",,"A",,"A",,"A",,"A",,"R",33,"R",1,"R",32,"R",16,"R",50,"R",20,"R",63,"Z",0,"R",32,"R",0,"Z",0,"R",20,"R",63
425986,"A",,"A",,"A",,"A",,"A",,"A",,"A",,"A",,"A",,"A",,"A",,"A",,"A",,"R",43,"R",0,"R",43,"R",5,"R",12,"R",12,"R",28,"Z",0,"R",43,"R",1,"R",13,"R",13,"R",30
426314,"R",419,"R",1,"R",418,"R",44,"R",11,"R",78,"R",19,"R",0,"R",418,"R",13,"R",40,"R",91,"R",22,"A",,"A",,"A",,"A",,"A",,"A",,"A",,"A",,"A",,"A",,"A",,"A",,"A",
427308,"A",,"A",,"A",,"A",,"A",,"A",,"A",,"A",,"A",,"A",,"A",,"A",,"A",,"R",51,"R",6,"R",45,"R",40,"R",89,"R",40,"R",89,"R",0,"R",45,"R",0,"R",0,"R",40,"R",89
427335,"A",,"A",,"A",,"A",,"A",,"A",,"A",,"A",,"A",,"A",,"A",,"A",,"A",,"R",61,"R",0,"R",61,"R",0,"R",0,"R",5,"R",8,"R",0,"R",61,"R",0,"R",0,"R",5,"R",8
427894,"A",,"A",,"A",,"A",,"A",,"A",,"A",,"A",,"A",,"A",,"A",,"A",,"A",,"R",53,"R",0,"R",53,"R",0,"R",0,"R",41,"R",77,"Z",0,"R",53,"R",1,"Z",0,"R",42,"R",79
427973,"A",,"A",,"A",,"A",,"A",,"A",,"A",,"A",,"A",,"A",,"A",,"A",,"A",,"R",42,"R",0,"R",42,"R",20,"R",48,"R",20,"R",48,"Z",0,"R",42,"R",0,"Z",0,"R",20,"R",48
427982,"A",,"A",,"A",,"A",,"A",,"A",,"A",,"A",,"A",,"A",,"A",,"A",,"A",,"R",16,"R",0,"R",16,"R",10,"R",63,"R",10,"R",63,"Z",0,"R",16,"R",0,"Z",0,"R",10,"R",63
427991,"A",,"A",,"A",,"A",,"A",,"A",,"A",,"A",,"A",,"A",,"A",,"A",,"A",,"R",430,"R",0,"R",430,"R",168,"R",39,"R",198,"R",46,"Z",0,"R",430,"R",0,"Z",0,"R",198,"R",46
428019,"A",,"A",,"A",,"A",,"A",,"A",,"A",,"A",,"A",,"A",,"A",,"A",,"A",,"R",19,"R",0,"R",19,"R",15,"R",79,"R",15,"R",79,"Z",0,"R",19,"R",0,"Z",0,"R",15,"R",79
428055,"A",,"A",,"A",,"A",,"A",,"A",,"A",,"A",,"A",,"A",,"A",,"A",,"A",,"R",98,"R",0,"R",98,"R",66,"R",67,"R",70,"R",71,"Z",0,"R",98,"R",0,"Z",0,"R",70,"R",71
428125,"A",,"A",,"A",,"A",,"A",,"A",,"A",,"A",,"A",,"A",,"A",,"A",,"A",,"R",12,"R",0,"R",12,"R",2,"R",17,"R",8,"R",67,"Z",0,"R",12,"R",0,"Z",0,"R",8,"R",67
428392,"A",,"A",,"A",,"A",,"A",,"A",,"A",,"A",,"A",,"A",,"A",,"A",,"A",,"R",225,"R",0,"R",225,"R",41,"R",18,"R",62,"R",28,"R",0,"R",225,"R",21,"R",8,"R",83,"R",37
429128,"A",,"A",,"A",,"A",,"A",,"A",,"A",,"A",,"A",,"A",,"A",,"A",,"A",,"R",8,"R",0,"R",8,"Z",0,"R",0,"R",1,"R",13,"Z",0,"R",8,"R",0,"Z",0,"R",1,"R",13
430184,"R",9,"R",0,"R",9,"R",2,"R",22,"R",2,"R",22,"Z",0,"R",9,"R",0,"Z",0,"R",2,"R",22,"A",,"A",,"A",,"A",,"A",,"A",,"A",,"A",,"A",,"A",,"A",,"A",,"A",
430227,"A",,"A",,"A",,"A",,"A",,"A",,"A",,"A",,"A",,"A",,"A",,"A",,"A",,"R",29,"R",0,"R",29,"R",0,"R",0,"R",13,"R",45,"Z",0,"R",29,"R",0,"Z",0,"R",13,"R",45
430245,"A",,"A",,"A",,"A",,"A",,"A",,"A",,"A",,"A",,"A",,"A",,"A",,"A",,"R",831,"R",0,"R",831,"R",381,"R",46,"R",584,"R",70,"Z",0,"R",831,"R",0,"Z",0,"R",584,"R",70
430306,"A",,"A",,"A",,"A",,"A",,"A",,"A",,"A",,"A",,"A",,"A",,"A",,"A",,"R",11,"R",0,"R",11,"R",2,"R",18,"R",9,"R",82,"Z",0,"R",11,"R",0,"Z",0,"R",9,"R",82
430403,"A",,"A",,"A",,"A",,"A",,"A",,"A",,"A",,"A",,"A",,"A",,"A",,"A",,"R",145,"R",0,"R",145,"R",36,"R",25,"R",75,"R",52,"Z",0,"R",145,"R",0,"Z",0,"R",75,"R",52
430564,"A",,"A",,"A",,"A",,"A",,"A",,"A",,"A",,"A",,"A",,"A",,"A",,"A",,"R",14,"R",0,"R",14,"R",5,"R",36,"R",9,"R",64,"Z",0,"R",14,"R",0,"Z",0,"R",9,"R",64
430582,"A",,"A",,"A",,"A",,"A",,"A",,"A",,"A",,"A",,"A",,"A",,"A",,"A",,"R",370,"R",0,"R",370,"R",288,"R",78,"R",310,"R",84,"R",0,"R",370,"R",0,"R",0,"R",310,"R",84
430670,"R",9,"R",0,"R",9,"R",3,"R",33,"R",3,"R",33,"Z",0,"R",9,"R",0,"Z",0,"R",3,"R",33,"A",,"A",,"A",,"A",,"A",,"A",,"A",,"A",,"A",,"A",,"A",,"A",,"A",
430795,"A",,"A",,"A",,"A",,"A",,"A",,"A",,"A",,"A",,"A",,"A",,"A",,"A",,"R",105,"R",0,"R",105,"R",59,"R",56,"R",98,"R",93,"R",0,"R",105,"R",4,"R",0,"R",102,"R",97
430883,"A",,"A",,"A",,"A",,"A",,"A",,"A",,"A",,"A",,"A",,"A",,"A",,"A",,"R",6,"R",0,"R",6,"R",2,"R",33,"R",3,"R",50,"Z",0,"R",6,"R",0,"Z",0,"R",3,"R",50
430908,"A",,"A",,"A",,"A",,"A",,"A",,"A",,"A",,"A",,"A",,"A",,"A",,"A",,"R",29,"R",0,"R",29,"R",21,"R",72,"R",21,"R",72,"Z",0,"R",29,"R",0,"Z",0,"R",21,"R",72
430935,"A",,"A",,"A",,"A",,"A",,"A",,"A",,"A",,"A",,"A",,"A",,"A",,"A",,"R",131,"R",0,"R",131,"R",52,"R",40,"R",66,"R",50,"R",0,"R",131,"R",2,"R",1,"R",68,"R",52
430971,"A",,"A",,"A",,"A",,"A",,"A",,"A",,"A",,"A",,"A",,"A",,"A",,"A",,"R",36,"R",0,"R",36,"R",3,"R",8,"R",33,"R",92,"Z",0,"R",36,"R",0,"Z",0,"R",33,"R",92
431017,"A",,"A",,"A",,"A",,"A",,"A",,"A",,"A",,"A",,"A",,"A",,"A",,"A",,"R",27,"R",0,"R",27,"R",15,"R",56,"R",15,"R",56,"R",0,"R",27,"R",1,"R",0,"R",16,"R",59
431071,"A",,"A",,"A",,"A",,"A",,"A",,"A",,"A",,"A",,"A",,"A",,"A",,"A",,"R",7,"R",0,"R",7,"R",5,"R",71,"R",7,"R",100,"R",0,"R",7,"R",0,"R",0,"R",7,"R",100
431105,"A",,"A",,"A",,"A",,"A",,"A",,"A",,"A",,"A",,"A",,"A",,"A",,"A",,"R",12,"R",0,"R",12,"R",3,"R",25,"R",3,"R",25,"R",0,"R",12,"R",0,"R",0,"R",3,"R",25
431123,"A",,"A",,"A",,"A",,"A",,"A",,"A",,"A",,"A",,"A",,"A",,"A",,"A",,"R",256,"R",0,"R",256,"R",224,"R",88,"R",224,"R",88,"Z",0,"R",256,"R",0,"Z",0,"R",224,"R",88
431141,"A",,"A",,"A",,"A",,"A",,"A",,"A",,"A",,"A",,"A",,"A",,"A",,"A",,"R",857,"R",1,"R",856,"R",408,"R",48,"R",607,"R",71,"R",0,"R",856,"R",12,"R",0,"R",619,"R",72
431187,"A",,"A",,"A",,"A",,"A",,"A",,"A",,"A",,"A",,"A",,"A",,"A",,"A",,"R",43,"R",0,"R",43,"R",29,"R",67,"R",29,"R",67,"Z",0,"R",43,"R",0,"Z",0,"R",29,"R",67
431196,"A",,"A",,"A",,"A",,"A",,"A",,"A",,"A",,"A",,"A",,"A",,"A",,"A",,"R",5,"R",0,"R",5,"R",4,"R",80,"R",4,"R",80,"Z",0,"R",5,"R",0,"Z",0,"R",4,"R",80
431275,"A",,"A",,"A",,"A",,"A",,"A",,"A",,"A",,"A",,"A",,"A",,"A",,"A",,"R",3,"R",0,"R",3,"R",0,"R",0,"R",0,"R",0,"Z",0,"R",3,"R",0,"Z",0,"R",0,"R",0
431284,"A",,"A",,"A",,"A",,"A",,"A",,"A",,"A",,"A",,"A",,"A",,"A",,"A",,"R",31,"R",0,"R",31,"R",15,"R",48,"R",30,"R",97,"Z",0,"R",31,"R",0,"Z",0,"R",30,"R",97
431558,"A",,"A",,"A",,"A",,"A",,"A",,"A",,"A",,"A",,"A",,"A",,"A",,"A",,"R",321,"R",0,"R",321,"R",208,"R",65,"R",245,"R",76,"R",0,"R",321,"R",1,"Z",0,"R",246,"R",77
431600,"A",,"A",,"A",,"A",,"A",,"A",,"A",,"A",,"A",,"A",,"A",,"A",,"A",,"R",1,"R",0,"R",1,"Z",0,"R",0,"Z",0,"R",0,"Z",0,"R",1,"R",0,"Z",0,"R",0,"R",0
431716,"A",,"A",,"A",,"A",,"A",,"A",,"A",,"A",,"A",,"A",,"A",,"A",,"A",,"R",368,"R",0,"R",368,"R",280,"R",76,"R",280,"R",76,"Z",0,"R",368,"R",0,"Z",0,"R",280,"R",76
431983,"R",24,"R",0,"R",24,"Z",0,"R",0,"R",16,"R",67,"Z",0,"R",24,"R",0,"Z",0,"R",16,"R",67,"A",,"A",,"A",,"A",,"A",,"A",,"A",,"A",,"A",,"A",,"A",,"A",,"A",
432117,"A",,"A",,"A",,"A",,"A",,"A",,"A",,"A",,"A",,"A",,"A",,"A",,"A",,"R",43,"R",0,"R",43,"R",6,"R",14,"R",23,"R",53,"Z",0,"R",43,"R",0,"Z",0,"R",23,"R",53
432269,"A",,"A",,"A",,"A",,"A",,"A",,"A",,"A",,"A",,"A",,"A",,"A",,"A",,"R",55,"R",0,"R",55,"R",0,"R",0,"R",29,"R",53,"Z",0,"R",55,"R",0,"Z",0,"R",29,"R",53
432524,"A",,"A",,"A",,"A",,"A",,"A",,"A",,"A",,"A",,"A",,"A",,"A",,"A",,"R",65,"R",0,"R",65,"R",25,"R",38,"R",27,"R",42,"R",0,"R",65,"R",1,"R",1,"R",28,"R",43
433004,"R",1,"R",0,"R",1,"Z",0,"R",0,"Z",0,"R",0,"Z",0,"R",1,"R",0,"Z",0,"R",0,"R",0,"A",,"A",,"A",,"A",,"A",,"A",,"A",,"A",,"A",,"A",,"A",,"A",,"A",
433040,"A",,"A",,"A",,"A",,"A",,"A",,"A",,"A",,"A",,"A",,"A",,"A",,"A",,"R",40,"R",0,"R",40,"R",0,"R",0,"R",30,"R",75,"Z",0,"R",40,"R",0,"Z",0,"R",30,"R",75
433068,"A",,"A",,"A",,"A",,"A",,"A",,"A",,"A",,"A",,"A",,"A",,"A",,"A",,"R",214,"R",0,"R",214,"R",201,"R",94,"R",201,"R",94,"Z",0,"R",214,"R",0,"Z",0,"R",201,"R",94
433101,"A",,"A",,"A",,"A",,"A",,"A",,"A",,"A",,"A",,"A",,"A",,"A",,"A",,"R",617,"R",0,"R",617,"R",97,"R",16,"R",377,"R",61,"R",0,"R",617,"R",21,"R",0,"R",398,"R",65
433138,"A",,"A",,"A",,"A",,"A",,"A",,"A",,"A",,"A",,"A",,"A",,"A",,"A",,"R",87,"R",0,"R",87,"R",60,"R",69,"R",60,"R",69,"Z",0,"R",87,"R",0,"Z",0,"R",60,"R",69
433387,"R",305,"R",0,"R",305,"R",167,"R",55,"R",194,"R",64,"R",0,"R",305,"R",9,"R",13,"R",203,"R",67,"A",,"A",,"A",,"A",,"A",,"A",,"A",,"A",,"A",,"A",,"A",,"A",,"A",
433536,"R",19,"R",0,"R",19,"R",5,"R",26,"R",6,"R",32,"Z",0,"R",19,"R",0,"Z",0,"R",6,"R",32,"A",,"A",,"A",,"A",,"A",,"A",,"A",,"A",,"A",,"A",,"A",,"A",,"A",
433660,"R",2612,"R",29,"R",2583,"R",923,"R",36,"R",1452,"R",56,"R",1,"R",2582,"R",34,"R",11,"R",1486,"R",58,"A",,"A",,"A",,"A",,"A",,"A",,"A",,"A",,"A",,"A",,"A",,"A",,"A",
434016,"A",,"A",,"A",,"A",,"A",,"A",,"A",,"A",,"A",,"A",,"A",,"A",,"A",,"R",23,"R",0,"R",23,"R",3,"R",13,"R",3,"R",13,"R",0,"R",23,"R",2,"R",2,"R",5,"R",22
434061,"A",,"A",,"A",,"A",,"A",,"A",,"A",,"A",,"A",,"A",,"A",,"A",,"A",,"R",1135,"R",1,"R",1134,"R",178,"R",16,"R",347,"R",31,"R",1,"R",1133,"R",60,"R",75,"R",407,"R",36
434140,"A",,"A",,"A",,"A",,"A",,"A",,"A",,"A",,"A",,"A",,"A",,"A",,"A",,"R",221,"R",0,"R",221,"R",29,"R",13,"R",126,"R",57,"R",0,"R",221,"R",13,"R",9,"R",139,"R",63
434159,"A",,"A",,"A",,"A",,"A",,"A",,"A",,"A",,"A",,"A",,"A",,"A",,"A",,"R",348,"R",0,"R",348,"R",112,"R",32,"R",178,"R",51,"R",0,"R",348,"R",4,"R",0,"R",182,"R",52
434274,"A",,"A",,"A",,"A",,"A",,"A",,"A",,"A",,"A",,"A",,"A",,"A",,"A",,"R",45,"R",0,"R",45,"R",1,"R",2,"R",38,"R",84,"Z",0,"R",45,"R",0,"Z",0,"R",38,"R",84
434283,"A",,"A",,"A",,"A",,"A",,"A",,"A",,"A",,"A",,"A",,"A",,"A",,"A",,"R",29,"R",0,"R",29,"R",5,"R",17,"R",5,"R",17,"Z",0,"R",29,"R",4,"R",5,"R",9,"R",31
434308,"A",,"A",,"A",,"A",,"A",,"A",,"A",,"A",,"A",,"A",,"A",,"A",,"A",,"R",110,"R",0,"R",110,"R",18,"R",16,"R",73,"R",66,"Z",0,"R",110,"R",0,"Z",0,"R",73,"R",66
434344,"A",,"A",,"A",,"A",,"A",,"A",,"A",,"A",,"A",,"A",,"A",,"A",,"A",,"R",107,"R",0,"R",107,"R",5,"R",5,"R",89,"R",83,"Z",0,"R",107,"R",0,"Z",0,"R",89,"R",83
434362,"A",,"A",,"A",,"A",,"A",,"A",,"A",,"A",,"A",,"A",,"A",,"A",,"A",,"R",30,"R",0,"R",30,"R",20,"R",67,"R",20,"R",67,"Z",0,"R",30,"R",0,"Z",0,"R",20,"R",67
434432,"A",,"A",,"A",,"A",,"A",,"A",,"A",,"A",,"A",,"A",,"A",,"A",,"A",,"R",5,"R",0,"R",5,"R",4,"R",80,"R",4,"R",80,"Z",0,"R",5,"R",0,"Z",0,"R",4,"R",80
434469,"A",,"A",,"A",,"A",,"A",,"A",,"A",,"A",,"A",,"A",,"A",,"A",,"A",,"R",17,"R",0,"R",17,"R",17,"R",100,"R",17,"R",100,"Z",0,"R",17,"R",0,"Z",0,"R",17,"R",100
434496,"A",,"A",,"A",,"A",,"A",,"A",,"A",,"A",,"A",,"A",,"A",,"A",,"A",,"R",67,"R",0,"R",67,"R",36,"R",54,"R",47,"R",70,"Z",0,"R",67,"R",0,"Z",0,"R",47,"R",70
434672,"A",,"A",,"A",,"A",,"A",,"A",,"A",,"A",,"A",,"A",,"A",,"A",,"A",,"R",1921,"R",0,"R",1921,"R",150,"R",8,"R",311,"R",16,"R",0,"R",1921,"R",90,"R",187,"R",401,"R",21
434751,"A",,"A",,"A",,"A",,"A",,"A",,"A",,"A",,"A",,"A",,"A",,"A",,"A",,"R",21,"R",0,"R",21,"Z",0,"R",0,"R",4,"R",19,"R",0,"R",21,"R",3,"R",0,"R",7,"R",33
434821,"A",,"A",,"A",,"A",,"A",,"A",,"A",,"A",,"A",,"A",,"A",,"A",,"A",,"R",135,"R",1,"R",134,"R",22,"R",16,"R",59,"R",44,"R",0,"R",134,"R",5,"R",4,"R",64,"R",48
434830,"A",,"A",,"A",,"A",,"A",,"A",,"A",,"A",,"A",,"A",,"A",,"A",,"A",,"R",81,"R",0,"R",81,"R",23,"R",28,"R",58,"R",72,"Z",0,"R",81,"R",0,"Z",0,"R",58,"R",72
434900,"R",125,"R",9,"R",116,"R",8,"R",7,"R",15,"R",13,"R",2,"R",114,"R",0,"R",0,"R",15,"R",13,"A",,"A",,"A",,"A",,"A",,"A",,"A",,"A",,"A",,"A",,"A",,"A",,"A",
434937,"R",7,"R",0,"R",7,"R",2,"R",29,"R",2,"R",29,"Z",0,"R",7,"R",0,"Z",0,"R",2,"R",29,"A",,"A",,"A",,"A",,"A",,"A",,"A",,"A",,"A",,"A",,"A",,"A",,"A",
436030,"A",,"A",,"A",,"A",,"A",,"A",,"A",,"A",,"A",,"A",,"A",,"A",,"A",,"R",95,"R",0,"R",95,"R",4,"R",4,"R",48,"R",51,"Z",0,"R",95,"R",0,"Z",0,"R",48,"R",51
436304,"A",,"A",,"A",,"A",,"A",,"A",,"A",,"A",,"A",,"A",,"A",,"A",,"A",,"R",427,"R",0,"R",427,"R",96,"R",22,"R",136,"R",32,"R",0,"R",427,"R",19,"R",8,"R",155,"R",36
436429,"R",881,"R",30,"R",851,"R",370,"R",43,"R",372,"R",44,"Z",0,"R",851,"R",8,"Z",0,"R",380,"R",45,"A",,"A",,"A",,"A",,"A",,"A",,"A",,"A",,"A",,"A",,"A",,"A",,"A",
436553,"A",,"A",,"A",,"A",,"A",,"A",,"A",,"A",,"A",,"A",,"A",,"A",,"A",,"R",15,"R",0,"R",15,"R",13,"R",87,"R",14,"R",93,"Z",0,"R",15,"R",0,"Z",0,"R",14,"R",93
436599,"A",,"A",,"A",,"A",,"A",,"A",,"A",,"A",,"A",,"A",,"A",,"A",,"A",,"R",1,"R",0,"R",1,"Z",0,"R",0,"R",1,"R",100,"Z",0,"R",1,"R",0,"Z",0,"R",1,"R",100
436614,"R",3,"R",0,"R",3,"Z",0,"R",0,"R",2,"R",67,"R",0,"R",3,"R",0,"R",0,"R",2,"R",67,"A",,"A",,"A",,"A",,"A",,"A",,"A",,"A",,"A",,"A",,"A",,"A",,"A",
436632,"A",,"A",,"A",,"A",,"A",,"A",,"A",,"A",,"A",,"A",,"A",,"A",,"A",,"R",83,"R",0,"R",83,"R",42,"R",51,"R",59,"R",71,"R",0,"R",83,"R",0,"R",0,"R",59,"R",71
436650,"A",,"A",,"A",,"A",,"A",,"A",,"A",,"A",,"A",,"A",,"A",,"A",,"A",,"R",89,"R",0,"R",89,"R",30,"R",34,"R",48,"R",54,"R",0,"R",89,"R",5,"R",0,"R",53,"R",60
436775,"A",,"A",,"A",,"A",,"A",,"A",,"A",,"A",,"A",,"A",,"A",,"A",,"A",,"R",45,"R",0,"R",45,"R",21,"R",47,"R",34,"R",76,"Z",0,"R",45,"R",0,"Z",0,"R",34,"R",76
436818,"R",220,"R",1,"R",219,"R",89,"R",41,"R",143,"R",65,"R",0,"R",219,"R",4,"R",3,"R",147,"R",67,"A",,"A",,"A",,"A",,"A",,"A",,"A",,"A",,"A",,"A",,"A",,"A",,"A",
436827,"R",257,"R",0,"R",257,"R",98,"R",38,"R",145,"R",56,"R",0,"R",257,"R",5,"R",0,"R",150,"R",58,"A",,"A",,"A",,"A",,"A",,"A",,"A",,"A",,"A",,"A",,"A",,"A",,"A",
436836,"R",373,"R",0,"R",373,"R",136,"R",36,"R",218,"R",58,"R",0,"R",373,"R",6,"R",2,"R",224,"R",60,"A",,"A",,"A",,"A",,"A",,"A",,"A",,"A",,"A",,"A",,"A",,"A",,"A",
437097,"R",4,"R",0,"R",4,"Z",0,"R",0,"Z",0,"R",0,"Z",0,"R",4,"R",0,"Z",0,"R",0,"R",0,"A",,"A",,"A",,"A",,"A",,"A",,"A",,"A",,"A",,"A",,"A",,"A",,"A",
437103,"A",,"A",,"A",,"A",,"A",,"A",,"A",,"A",,"A",,"A",,"A",,"A",,"A",,"R",1128,"R",2,"R",1126,"R",105,"R",9,"R",180,"R",16,"R",0,"R",1126,"R",41,"R",126,"R",221,"R",20
437237,"A",,"A",,"A",,"A",,"A",,"A",,"A",,"A",,"A",,"A",,"A",,"A",,"A",,"R",34,"R",0,"R",34,"R",15,"R",44,"R",29,"R",85,"Z",0,"R",34,"R",0,"Z",0,"R",29,"R",85
437556,"A",,"A",,"A",,"A",,"A",,"A",,"A",,"A",,"A",,"A",,"A",,"A",,"A",,"R",881,"R",0,"R",881,"R",587,"R",67,"R",587,"R",67,"Z",0,"R",881,"R",0,"Z",0,"R",587,"R",67
437608,"A",,"A",,"A",,"A",,"A",,"A",,"A",,"A",,"A",,"A",,"A",,"A",,"A",,"R",123,"R",0,"R",123,"R",5,"R",4,"R",45,"R",37,"R",0,"R",123,"R",1,"R",2,"R",46,"R",37
437635,"A",,"A",,"A",,"A",,"A",,"A",,"A",,"A",,"A",,"A",,"A",,"A",,"A",,"R",886,"R",0,"R",886,"R",250,"R",28,"R",483,"R",55,"Z",0,"R",886,"R",1,"R",0,"R",484,"R",55
437723,"A",,"A",,"A",,"A",,"A",,"A",,"A",,"A",,"A",,"A",,"A",,"A",,"A",,"R",83,"R",0,"R",83,"R",24,"R",29,"R",59,"R",71,"Z",0,"R",83,"R",0,"Z",0,"R",59,"R",71
437732,"A",,"A",,"A",,"A",,"A",,"A",,"A",,"A",,"A",,"A",,"A",,"A",,"A",,"R",112,"R",1,"R",111,"R",39,"R",35,"R",39,"R",35,"Z",0,"R",111,"R",0,"Z",0,"R",39,"R",35
437750,"A",,"A",,"A",,"A",,"A",,"A",,"A",,"A",,"A",,"A",,"A",,"A",,"A",,"R",46,"R",0,"R",46,"R",7,"R",15,"R",21,"R",46,"Z",0,"R",46,"R",0,"Z",0,"R",21,"R",46
437769,"A",,"A",,"A",,"A",,"A",,"A",,"A",,"A",,"A",,"A",,"A",,"A",,"A",,"R",54,"R",0,"R",54,"R",27,"R",50,"R",30,"R",56,"Z",0,"R",54,"R",1,"Z",0,"R",31,"R",57
437778,"A",,"A",,"A",,"A",,"A",,"A",,"A",,"A",,"A",,"A",,"A",,"A",,"A",,"R",161,"R",0,"R",161,"R",9,"R",6,"R",67,"R",42,"R",0,"R",161,"R",17,"R",0,"R",84,"R",52
437857,"A",,"A",,"A",,"A",,"A",,"A",,"A",,"A",,"A",,"A",,"A",,"A",,"A",,"R",29,"R",0,"R",29,"R",2,"R",7,"R",22,"R",76,"Z",0,"R",29,"R",0,"Z",0,"R",22,"R",76
437936,"A",,"A",,"A",,"A",,"A",,"A",,"A",,"A",,"A",,"A",,"A",,"A",,"A",,"R",187,"R",0,"R",187,"R",48,"R",26,"R",101,"R",54,"R",0,"R",187,"R",14,"R",8,"R",115,"R",61
438179,"A",,"A",,"A",,"A",,"A",,"A",,"A",,"A",,"A",,"A",,"A",,"A",,"A",,"R",130,"R",2,"R",128,"R",53,"R",41,"R",71,"R",55,"Z",0,"R",128,"R",0,"Z",0,"R",71,"R",55
438221,"A",,"A",,"A",,"A",,"A",,"A",,"A",,"A",,"A",,"A",,"A",,"A",,"A",,"R",124,"R",0,"R",124,"R",49,"R",40,"R",64,"R",52,"R",0,"R",124,"R",3,"R",0,"R",67,"R",54
438258,"A",,"A",,"A",,"A",,"A",,"A",,"A",,"A",,"A",,"A",,"A",,"A",,"A",,"R",76,"R",0,"R",76,"R",18,"R",24,"R",38,"R",50,"R",0,"R",76,"R",1,"R",2,"R",39,"R",51
438285,"A",,"A",,"A",,"A",,"A",,"A",,"A",,"A",,"A",,"A",,"A",,"A",,"A",,"R",83,"R",0,"R",83,"R",12,"R",14,"R",68,"R",82,"Z",0,"R",83,"R",0,"Z",0,"R",68,"R",82
438337,"A",,"A",,"A",,"A",,"A",,"A",,"A",,"A",,"A",,"A",,"A",,"A",,"A",,"R",164,"R",0,"R",164,"R",10,"R",6,"R",102,"R",62,"Z",0,"R",164,"R",0,"Z",0,"R",102,"R",62
438504,"A",,"A",,"A",,"A",,"A",,"A",,"A",,"A",,"A",,"A",,"A",,"A",,"A",,"R",726,"R",5,"R",721,"R",57,"R",8,"R",310,"R",43,"R",0,"R",721,"R",32,"R",2,"R",342,"R",47
438586,"R",20,"R",0,"R",20,"R",5,"R",25,"R",5,"R",25,"Z",0,"R",20,"R",0,"Z",0,"R",5,"R",25,"A",,"A",,"A",,"A",,"A",,"A",,"A",,"A",,"A",,"A",,"A",,"A",,"A",
438674,"A",,"A",,"A",,"A",,"A",,"A",,"A",,"A",,"A",,"A",,"A",,"A",,"A",,"R",4,"R",0,"R",4,"R",0,"R",0,"R",3,"R",75,"Z",0,"R",4,"R",0,"Z",0,"R",3,"R",75
438708,"A",,"A",,"A",,"A",,"A",,"A",,"A",,"A",,"A",,"A",,"A",,"A",,"A",,"R",30,"R",0,"R",30,"R",6,"R",20,"R",11,"R",37,"Z",0,"R",30,"R",6,"R",6,"R",17,"R",57
438735,"A",,"A",,"A",,"A",,"A",,"A",,"A",,"A",,"A",,"A",,"A",,"A",,"A",,"R",18,"R",0,"R",18,"R",6,"R",33,"R",6,"R",33,"Z",0,"R",18,"R",0,"Z",0,"R",6,"R",33
438984,"A",,"A",,"A",,"A",,"A",,"A",,"A",,"A",,"A",,"A",,"A",,"A",,"A",,"R",33,"R",0,"R",33,"R",18,"R",55,"R",23,"R",70,"Z",0,"R",33,"R",0,"Z",0,"R",23,"R",70
439118,"A",,"A",,"A",,"A",,"A",,"A",,"A",,"A",,"A",,"A",,"A",,"A",,"A",,"R",125,"R",0,"R",125,"R",43,"R",34,"R",76,"R",61,"R",0,"R",125,"R",1,"R",3,"R",77,"R",62
439455,"A",,"A",,"A",,"A",,"A",,"A",,"A",,"A",,"A",,"A",,"A",,"A",,"A",,"R",3,"R",0,"R",3,"R",1,"R",33,"R",1,"R",33,"Z",0,"R",3,"R",0,"Z",0,"R",1,"R",33
439473,"A",,"A",,"A",,"A",,"A",,"A",,"A",,"A",,"A",,"A",,"A",,"A",,"A",,"R",188,"R",0,"R",188,"R",52,"R",28,"R",88,"R",47,"Z",0,"R",188,"R",0,"Z",0,"R",88,"R",47
439491,"A",,"A",,"A",,"A",,"A",,"A",,"A",,"A",,"A",,"A",,"A",,"A",,"A",,"R",165,"R",0,"R",165,"R",32,"R",19,"R",72,"R",44,"R",0,"R",165,"R",5,"R",0,"R",77,"R",47
439570,"A",,"A",,"A",,"A",,"A",,"A",,"A",,"A",,"A",,"A",,"A",,"A",,"A",,"R",615,"R",0,"R",615,"R",330,"R",54,"R",330,"R",54,"Z",0,"R",615,"R",0,"Z",0,"R",330,"R",54
439622,"A",,"A",,"A",,"A",,"A",,"A",,"A",,"A",,"A",,"A",,"A",,"A",,"A",,"R",60,"R",0,"R",60,"R",50,"R",83,"R",50,"R",83,"Z",0,"R",60,"R",0,"Z",0,"R",50,"R",83
439668,"A",,"A",,"A",,"A",,"A",,"A",,"A",,"A",,"A",,"A",,"A",,"A",,"A",,"R",292,"R",0,"R",292,"R",190,"R",65,"R",242,"R",83,"Z",0,"R",292,"R",0,"Z",0,"R",242,"R",83
439686,"A",,"A",,"A",,"A",,"A",,"A",,"A",,"A",,"A",,"A",,"A",,"A",,"A",,"R",139,"R",0,"R",139,"R",135,"R",97,"R",137,"R",99,"Z",0,"R",139,"R",0,"Z",0,"R",137,"R",99
439701,"R",16,"R",0,"R",16,"R",2,"R",13,"R",5,"R",31,"Z",0,"R",16,"R",0,"Z",0,"R",5,"R",31,"A",,"A",,"A",,"A",,"A",,"A",,"A",,"A",,"A",,"A",,"A",,"A",,"A",
439738,"A",,"A",,"A",,"A",,"A",,"A",,"A",,"A",,"A",,"A",,"A",,"A",,"A",,"R",149,"R",0,"R",149,"R",33,"R",22,"R",62,"R",42,"Z",0,"R",149,"R",0,"Z",0,"R",62,"R",42
439747,"A",,"A",,"A",,"A",,"A",,"A",,"A",,"A",,"A",,"A",,"A",,"A",,"A",,"R",156,"R",0,"R",156,"R",51,"R",33,"R",136,"R",87,"Z",0,"R",156,"R",0,"Z",0,"R",136,"R",87
439774,"A",,"A",,"A",,"A",,"A",,"A",,"A",,"A",,"A",,"A",,"A",,"A",,"A",,"R",51,"R",0,"R",51,"R",10,"R",20,"R",47,"R",92,"Z",0,"R",51,"R",0,"Z",0,"R",47,"R",92
439792,"A",,"A",,"A",,"A",,"A",,"A",,"A",,"A",,"A",,"A",,"A",,"A",,"A",,"R",134,"R",0,"R",134,"R",54,"R",40,"R",82,"R",61,"Z",0,"R",134,"R",0,"Z",0,"R",82,"R",61
439844,"A",,"A",,"A",,"A",,"A",,"A",,"A",,"A",,"A",,"A",,"A",,"A",,"A",,"R",21,"R",0,"R",21,"R",5,"R",24,"R",18,"R",86,"Z",0,"R",21,"R",0,"Z",0,"R",18,"R",86
439862,"R",4,"R",0,"R",4,"Z",0,"R",0,"R",1,"R",25,"Z",0,"R",4,"R",0,"Z",0,"R",1,"R",25,"A",,"A",,"A",,"A",,"A",,"A",,"A",,"A",,"A",,"A",,"A",,"A",,"A",
439899,"A",,"A",,"A",,"A",,"A",,"A",,"A",,"A",,"A",,"A",,"A",,"A",,"A",,"R",32,"R",0,"R",32,"R",16,"R",50,"R",17,"R",53,"R",0,"R",32,"R",1,"R",0,"R",18,"R",56
439932,"A",,"A",,"A",,"A",,"A",,"A",,"A",,"A",,"A",,"A",,"A",,"A",,"A",,"R",39,"R",0,"R",39,"R",25,"R",64,"R",35,"R",90,"Z",0,"R",39,"R",0,"Z",0,"R",35,"R",90
440059,"A",,"A",,"A",,"A",,"A",,"A",,"A",,"A",,"A",,"A",,"A",,"A",,"A",,"R",164,"R",0,"R",164,"R",85,"R",52,"R",85,"R",52,"R",0,"R",164,"R",0,"R",1,"R",85,"R",52
440101,"A",,"A",,"A",,"A",,"A",,"A",,"A",,"A",,"A",,"A",,"A",,"A",,"A",,"R",26,"R",0,"R",26,"R",0,"R",0,"R",10,"R",38,"Z",0,"R",26,"R",0,"Z",0,"R",10,"R",38
440262,"A",,"A",,"A",,"A",,"A",,"A",,"A",,"A",,"A",,"A",,"A",,"A",,"A",,"R",178,"R",0,"R",178,"R",20,"R",11,"R",106,"R",60,"R",0,"R",178,"R",3,"R",0,"R",109,"R",61
440271,"A",,"A",,"A",,"A",,"A",,"A",,"A",,"A",,"A",,"A",,"A",,"A",,"A",,"R",123,"R",1,"R",122,"R",31,"R",25,"R",39,"R",32,"R",0,"R",122,"R",3,"R",0,"R",42,"R",34
440396,"R",33,"R",0,"R",33,"R",6,"R",18,"R",17,"R",52,"Z",0,"R",33,"R",1,"Z",0,"R",18,"R",55,"A",,"A",,"A",,"A",,"A",,"A",,"A",,"A",,"A",,"A",,"A",,"A",,"A",
440402,"A",,"A",,"A",,"A",,"A",,"A",,"A",,"A",,"A",,"A",,"A",,"A",,"A",,"R",257,"R",0,"R",257,"R",99,"R",39,"R",122,"R",47,"R",0,"R",257,"R",3,"R",4,"R",125,"R",49
440651,"R",82,"R",0,"R",82,"R",22,"R",27,"R",23,"R",28,"Z",0,"R",82,"R",0,"Z",0,"R",23,"R",28,"A",,"A",,"A",,"A",,"A",,"A",,"A",,"A",,"A",,"A",,"A",,"A",,"A",
440730,"A",,"A",,"A",,"A",,"A",,"A",,"A",,"A",,"A",,"A",,"A",,"A",,"A",,"R",189,"R",0,"R",189,"R",156,"R",83,"R",156,"R",83,"Z",0,"R",189,"R",0,"Z",0,"R",156,"R",83
440776,"A",,"A",,"A",,"A",,"A",,"A",,"A",,"A",,"A",,"A",,"A",,"A",,"A",,"R",26,"R",0,"R",26,"R",13,"R",50,"R",13,"R",50,"Z",0,"R",26,"R",0,"Z",0,"R",13,"R",50
440794,"R",22,"R",0,"R",22,"R",2,"R",9,"R",5,"R",23,"R",0,"R",22,"R",1,"R",0,"R",6,"R",27,"A",,"A",,"A",,"A",,"A",,"A",,"A",,"A",,"A",,"A",,"A",,"A",,"A",
440828,"R",8,"R",0,"R",8,"R",4,"R",50,"R",4,"R",50,"Z",0,"R",8,"R",0,"Z",0,"R",4,"R",50,"A",,"A",,"A",,"A",,"A",,"A",,"A",,"A",,"A",,"A",,"A",,"A",,"A",
440855,"A",,"A",,"A",,"A",,"A",,"A",,"A",,"A",,"A",,"A",,"A",,"A",,"A",,"R",96,"R",0,"R",96,"R",4,"R",4,"R",58,"R",60,"Z",0,"R",96,"R",0,"Z",0,"R",58,"R",60
440989,"A",,"A",,"A",,"A",,"A",,"A",,"A",,"A",,"A",,"A",,"A",,"A",,"A",,"R",186,"R",0,"R",186,"R",0,"R",0,"R",38,"R",20,"R",0,"R",186,"R",22,"R",0,"R",60,"R",32
441025,"A",,"A",,"A",,"A",,"A",,"A",,"A",,"A",,"A",,"A",,"A",,"A",,"A",,"R",267,"R",0,"R",267,"R",108,"R",40,"R",134,"R",50,"R",0,"R",267,"R",11,"R",0,"R",145,"R",54
441052,"A",,"A",,"A",,"A",,"A",,"A",,"A",,"A",,"A",,"A",,"A",,"A",,"A",,"R",190,"R",0,"R",190,"R",62,"R",33,"R",123,"R",65,"R",0,"R",190,"R",10,"R",3,"R",133,"R",70
441070,"A",,"A",,"A",,"A",,"A",,"A",,"A",,"A",,"A",,"A",,"A",,"A",,"A",,"R",7,"R",0,"R",7,"Z",0,"R",0,"R",2,"R",29,"R",0,"R",7,"R",0,"R",0,"R",2,"R",29
441168,"A",,"A",,"A",,"A",,"A",,"A",,"A",,"A",,"A",,"A",,"A",,"A",,"A",,"R",24,"R",0,"R",24,"R",2,"R",8,"R",13,"R",54,"Z",0,"R",24,"R",1,"R",1,"R",14,"R",58
441210,"A",,"A",,"A",,"A",,"A",,"A",,"A",,"A",,"A",,"A",,"A",,"A",,"A",,"R",8,"R",0,"R",8,"R",3,"R",38,"R",3,"R",38,"Z",0,"R",8,"R",0,"Z",0,"R",3,"R",38
441229,"R",8,"R",0,"R",8,"R",5,"R",63,"R",5,"R",63,"Z",0,"R",8,"R",0,"Z",0,"R",5,"R",63,"A",,"A",,"A",,"A",,"A",,"A",,"A",,"A",,"A",,"A",,"A",,"A",,"A",
441256,"A",,"A",,"A",,"A",,"A",,"A",,"A",,"A",,"A",,"A",,"A",,"A",,"A",,"R",35,"R",0,"R",35,"R",18,"R",51,"R",24,"R",69,"Z",0,"R",35,"R",0,"Z",0,"R",24,"R",69
441371,"A",,"A",,"A",,"A",,"A",,"A",,"A",,"A",,"A",,"A",,"A",,"A",,"A",,"R",4940,"R",0,"R",4940,"R",1822,"R",37,"R",2474,"R",50,"R",13,"R",4927,"R",639,"Z",0,"R",3113,"R",63
441380,"A",,"A",,"A",,"A",,"A",,"A",,"A",,"A",,"A",,"A",,"A",,"A",,"A",,"R",60,"R",0,"R",60,"R",8,"R",13,"R",40,"R",67,"R",0,"R",60,"R",1,"R",0,"R",41,"R",68
441414,"A",,"A",,"A",,"A",,"A",,"A",,"A",,"A",,"A",,"A",,"A",,"A",,"A",,"R",143,"R",0,"R",143,"R",4,"R",3,"R",6,"R",4,"Z",0,"R",143,"R",0,"Z",0,"R",6,"R",4
441423,"A",,"A",,"A",,"A",,"A",,"A",,"A",,"A",,"A",,"A",,"A",,"A",,"A",,"R",247,"R",0,"R",247,"R",106,"R",43,"R",201,"R",81,"Z",0,"R",247,"R",0,"Z",0,"R",201,"R",81
441487,"A",,"A",,"A",,"A",,"A",,"A",,"A",,"A",,"A",,"A",,"A",,"A",,"A",,"R",8,"R",0,"R",8,"R",3,"R",38,"R",3,"R",38,"Z",0,"R",8,"R",0,"Z",0,"R",3,"R",38
441496,"A",,"A",,"A",,"A",,"A",,"A",,"A",,"A",,"A",,"A",,"A",,"A",,"A",,"R",29,"R",0,"R",29,"R",14,"R",48,"R",14,"R",48,"R",0,"R",29,"R",1,"R",0,"R",15,"R",52
441502,"A",,"A",,"A",,"A",,"A",,"A",,"A",,"A",,"A",,"A",,"A",,"A",,"A",,"R",98,"R",1,"R",97,"R",4,"R",4,"R",18,"R",19,"R",0,"R",97,"R",5,"R",0,"R",23,"R",24
441575,"A",,"A",,"A",,"A",,"A",,"A",,"A",,"A",,"A",,"A",,"A",,"A",,"A",,"R",213,"R",0,"R",213,"R",152,"R",71,"R",152,"R",71,"Z",0,"R",213,"R",0,"Z",0,"R",152,"R",71
441593,"A",,"A",,"A",,"A",,"A",,"A",,"A",,"A",,"A",,"A",,"A",,"A",,"A",,"R",6,"R",0,"R",6,"R",6,"R",100,"R",6,"R",100,"Z",0,"R",6,"R",0,"Z",0,"R",6,"R",100
441618,"A",,"A",,"A",,"A",,"A",,"A",,"A",,"A",,"A",,"A",,"A",,"A",,"A",,"R",5,"R",0,"R",5,"R",0,"R",0,"R",4,"R",80,"Z",0,"R",5,"R",0,"Z",0,"R",4,"R",80
441645,"A",,"A",,"A",,"A",,"A",,"A",,"A",,"A",,"A",,"A",,"A",,"A",,"A",,"R",41,"R",0,"R",41,"Z",0,"R",0,"R",30,"R",73,"R",0,"R",41,"R",3,"R",1,"R",33,"R",80
441663,"A",,"A",,"A",,"A",,"A",,"A",,"A",,"A",,"A",,"A",,"A",,"A",,"A",,"R",298,"R",3,"R",295,"R",188,"R",64,"R",215,"R",73,"R",0,"R",295,"R",0,"R",0,"R",215,"R",73
441672,"A",,"A",,"A",,"A",,"A",,"A",,"A",,"A",,"A",,"A",,"A",,"A",,"A",,"R",36,"R",0,"R",36,"R",34,"R",94,"R",34,"R",94,"R",0,"R",36,"R",2,"R",0,"R",36,"R",100
441690,"R",5,"R",0,"R",5,"Z",0,"R",0,"Z",0,"R",0,"R",0,"R",5,"R",1,"R",1,"R",1,"R",20,"A",,"A",,"A",,"A",,"A",,"A",,"A",,"A",,"A",,"A",,"A",,"A",,"A",
441706,"A",,"A",,"A",,"A",,"A",,"A",,"A",,"A",,"A",,"A",,"A",,"A",,"A",,"R",34,"R",1,"R",33,"R",25,"R",76,"R",25,"R",76,"Z",0,"R",33,"R",0,"Z",0,"R",25,"R",76
441742,"A",,"A",,"A",,"A",,"A",,"A",,"A",,"A",,"A",,"A",,"A",,"A",,"A",,"R",642,"R",2,"R",640,"R",109,"R",17,"R",315,"R",49,"Z",0,"R",640,"R",0,"Z",0,"R",315,"R",49
441760,"A",,"A",,"A",,"A",,"A",,"A",,"A",,"A",,"A",,"A",,"A",,"A",,"A",,"R",590,"R",0,"R",590,"R",83,"R",14,"R",162,"R",27,"R",0,"R",590,"R",31,"R",41,"R",193,"R",33
441788,"A",,"A",,"A",,"A",,"A",,"A",,"A",,"A",,"A",,"A",,"A",,"A",,"A",,"R",56,"R",0,"R",56,"R",26,"R",46,"R",26,"R",46,"R",0,"R",56,"R",0,"R",0,"R",26,"R",46
441830,"A",,"A",,"A",,"A",,"A",,"A",,"A",,"A",,"A",,"A",,"A",,"A",,"A",,"R",65,"R",0,"R",65,"R",40,"R",62,"R",41,"R",63,"R",0,"R",65,"R",0,"R",0,"R",41,"R",63
441858,"A",,"A",,"A",,"A",,"A",,"A",,"A",,"A",,"A",,"A",,"A",,"A",,"A",,"R",96,"R",0,"R",96,"R",81,"R",84,"R",90,"R",94,"R",0,"R",96,"R",2,"R",0,"R",92,"R",96
441876,"A",,"A",,"A",,"A",,"A",,"A",,"A",,"A",,"A",,"A",,"A",,"A",,"A",,"R",32,"R",0,"R",32,"R",0,"R",0,"R",17,"R",53,"Z",0,"R",32,"R",0,"Z",0,"R",17,"R",53
441900,"R",242,"R",0,"R",242,"R",21,"R",9,"R",69,"R",29,"R",0,"R",242,"R",12,"R",7,"R",81,"R",33,"A",,"A",,"A",,"A",,"A",,"A",,"A",,"A",,"A",,"A",,"A",,"A",,"A",
441937,"R",871,"R",0,"R",871,"R",203,"R",23,"R",506,"R",58,"R",0,"R",871,"R",19,"R",10,"R",525,"R",60,"A",,"A",,"A",,"A",,"A",,"A",,"A",,"A",,"A",,"A",,"A",,"A",,"A",
441982,"R",76,"R",0,"R",76,"R",59,"R",78,"R",74,"R",97,"Z",0,"R",76,"R",0,"Z",0,"R",74,"R",97,"A",,"A",,"A",,"A",,"A",,"A",,"A",,"A",,"A",,"A",,"A",,"A",,"A",
442073,"A",,"A",,"A",,"A",,"A",,"A",,"A",,"A",,"A",,"A",,"A",,"A",,"A",,"R",308,"R",0,"R",308,"R",22,"R",7,"R",155,"R",50,"R",0,"R",308,"R",16,"R",0,"R",171,"R",56
442134,"A",,"A",,"A",,"A",,"A",,"A",,"A",,"A",,"A",,"A",,"A",,"A",,"A",,"R",240,"R",0,"R",240,"R",47,"R",20,"R",147,"R",61,"R",0,"R",240,"R",12,"R",0,"R",159,"R",66
442240,"A",,"A",,"A",,"A",,"A",,"A",,"A",,"A",,"A",,"A",,"A",,"A",,"A",,"R",77,"R",0,"R",77,"R",6,"R",8,"R",56,"R",73,"R",0,"R",77,"R",1,"R",0,"R",57,"R",74
442329,"A",,"A",,"A",,"A",,"A",,"A",,"A",,"A",,"A",,"A",,"A",,"A",,"A",,"R",1087,"R",2,"R",1085,"R",405,"R",37,"R",644,"R",59,"R",0,"R",1085,"R",25,"R",14,"R",669,"R",62
442383,"A",,"A",,"A",,"A",,"A",,"A",,"A",,"A",,"A",,"A",,"A",,"A",,"A",,"R",28,"R",0,"R",28,"R",11,"R",39,"R",15,"R",54,"R",0,"R",28,"R",1,"R",0,"R",16,"R",57
442435,"A",,"A",,"A",,"A",,"A",,"A",,"A",,"A",,"A",,"A",,"A",,"A",,"A",,"R",29,"R",0,"R",29,"R",4,"R",14,"R",4,"R",14,"R",0,"R",29,"R",0,"R",0,"R",4,"R",14
442444,"A",,"A",,"A",,"A",,"A",,"A",,"A",,"A",,"A",,"A",,"A",,"A",,"A",,"R",363,"R",0,"R",363,"R",92,"R",25,"R",178,"R",49,"R",0,"R",363,"R",23,"R",10,"R",201,"R",55
442523,"A",,"A",,"A",,"A",,"A",,"A",,"A",,"A",,"A",,"A",,"A",,"A",,"A",,"R",34,"R",1,"R",33,"R",9,"R",27,"R",9,"R",27,"R",0,"R",33,"R",2,"R",0,"R",11,"R",33
442569,"R",251,"R",0,"R",251,"R",47,"R",19,"R",56,"R",22,"Z",0,"R",251,"R",29,"R",12,"R",85,"R",34,"A",,"A",,"A",,"A",,"A",,"A",,"A",,"A",,"A",,"A",,"A",,"A",,"A",
442602,"A",,"A",,"A",,"A",,"A",,"A",,"A",,"A",,"A",,"A",,"A",,"A",,"A",,"R",136,"R",1,"R",135,"R",41,"R",30,"R",77,"R",57,"R",0,"R",135,"R",2,"R",12,"R",79,"R",59
442611,"A",,"A",,"A",,"A",,"A",,"A",,"A",,"A",,"A",,"A",,"A",,"A",,"A",,"R",727,"R",4,"R",723,"R",102,"R",14,"R",358,"R",50,"R",0,"R",723,"R",31,"R",5,"R",389,"R",54
442639,"R",7,"R",0,"R",7,"R",3,"R",43,"R",4,"R",57,"R",1,"R",6,"R",1,"R",0,"R",5,"R",83,"A",,"A",,"A",,"A",,"A",,"A",,"A",,"A",,"A",,"A",,"A",,"A",,"A",
442657,"A",,"A",,"A",,"A",,"A",,"A",,"A",,"A",,"A",,"A",,"A",,"A",,"A",,"R",84,"R",0,"R",84,"R",5,"R",6,"R",53,"R",63,"R",0,"R",84,"R",5,"R",0,"R",58,"R",69
442781,"A",,"A",,"A",,"A",,"A",,"A",,"A",,"A",,"A",,"A",,"A",,"A",,"A",,"R",39,"R",0,"R",39,"R",2,"R",5,"R",2,"R",5,"R",0,"R",39,"R",0,"R",3,"R",2,"R",5
442879,"A",,"A",,"A",,"A",,"A",,"A",,"A",,"A",,"A",,"A",,"A",,"A",,"A",,"R",284,"R",0,"R",284,"R",17,"R",6,"R",171,"R",60,"R",0,"R",284,"R",0,"R",0,"R",171,"R",60
442888,"A",,"A",,"A",,"A",,"A",,"A",,"A",,"A",,"A",,"A",,"A",,"A",,"A",,"R",57,"R",0,"R",57,"R",40,"R",70,"R",40,"R",70,"Z",0,"R",57,"R",0,"Z",0,"R",40,"R",70
442930,"R",37,"R",0,"R",37,"R",18,"R",49,"R",19,"R",51,"Z",0,"R",37,"R",0,"Z",0,"R",19,"R",51,"A",,"A",,"A",,"A",,"A",,"A",,"A",,"A",,"A",,"A",,"A",,"A",,"A",
442976,"A",,"A",,"A",,"A",,"A",,"A",,"A",,"A",,"A",,"A",,"A",,"A",,"A",,"R",41,"R",0,"R",41,"R",1,"R",2,"R",4,"R",10,"R",0,"R",41,"R",3,"R",1,"R",7,"R",17
442985,"A",,"A",,"A",,"A",,"A",,"A",,"A",,"A",,"A",,"A",,"A",,"A",,"A",,"R",185,"R",0,"R",185,"R",64,"R",35,"R",133,"R",72,"Z",0,"R",185,"R",0,"Z",0,"R",133,"R",72
443021,"A",,"A",,"A",,"A",,"A",,"A",,"A",,"A",,"A",,"A",,"A",,"A",,"A",,"R",102,"R",0,"R",102,"R",12,"R",12,"R",91,"R",89,"Z",0,"R",102,"R",0,"Z",0,"R",91,"R",89
443049,"R",8,"R",0,"R",8,"R",1,"R",13,"R",2,"R",25,"R",0,"R",8,"R",0,"Z",0,"R",2,"R",25,"A",,"A",,"A",,"A",,"A",,"A",,"A",,"A",,"A",,"A",,"A",,"A",,"A",
443058,"R",2,"R",0,"R",2,"Z",0,"R",0,"Z",0,"R",0,"Z",0,"R",2,"R",0,"R",1,"R",0,"R",0,"A",,"A",,"A",,"A",,"A",,"A",,"A",,"A",,"A",,"A",,"A",,"A",,"A",
443100,"A",,"A",,"A",,"A",,"A",,"A",,"A",,"A",,"A",,"A",,"A",,"A",,"A",,"R",53,"R",0,"R",53,"R",13,"R",25,"R",16,"R",30,"R",0,"R",53,"R",10,"R",0,"R",26,"R",49
443137,"A",,"A",,"A",,"A",,"A",,"A",,"A",,"A",,"A",,"A",,"A",,"A",,"A",,"R",155,"R",0,"R",155,"R",0,"R",0,"R",61,"R",39,"R",0,"R",155,"R",9,"R",1,"R",70,"R",45
443146,"A",,"A",,"A",,"A",,"A",,"A",,"A",,"A",,"A",,"A",,"A",,"A",,"A",,"R",36,"R",6,"R",30,"R",2,"R",7,"R",4,"R",13,"Z",0,"R",30,"R",0,"Z",0,"R",4,"R",13
443207,"A",,"A",,"A",,"A",,"A",,"A",,"A",,"A",,"A",,"A",,"A",,"A",,"A",,"R",71,"R",0,"R",71,"R",42,"R",59,"R",55,"R",77,"R",0,"R",71,"R",0,"R",0,"R",55,"R",77
443216,"A",,"A",,"A",,"A",,"A",,"A",,"A",,"A",,"A",,"A",,"A",,"A",,"A",,"R",43,"R",0,"R",43,"R",27,"R",63,"R",27,"R",63,"Z",0,"R",43,"R",0,"Z",0,"R",27,"R",63
443225,"A",,"A",,"A",,"A",,"A",,"A",,"A",,"A",,"A",,"A",,"A",,"A",,"A",,"R",17,"R",0,"R",17,"R",12,"R",71,"R",12,"R",71,"Z",0,"R",17,"R",0,"Z",0,"R",12,"R",71
443234,"A",,"A",,"A",,"A",,"A",,"A",,"A",,"A",,"A",,"A",,"A",,"A",,"A",,"R",97,"R",0,"R",97,"R",39,"R",40,"R",65,"R",67,"Z",0,"R",97,"R",0,"Z",0,"R",65,"R",67
443252,"A",,"A",,"A",,"A",,"A",,"A",,"A",,"A",,"A",,"A",,"A",,"A",,"A",,"R",1250,"R",0,"R",1250,"R",1015,"R",81,"R",1015,"R",81,"Z",0,"R",1250,"R",0,"Z",0,"R",1015,"R",81
443261,"A",,"A",,"A",,"A",,"A",,"A",,"A",,"A",,"A",,"A",,"A",,"A",,"A",,"R",18,"R",0,"R",18,"R",15,"R",83,"R",15,"R",83,"Z",0,"R",18,"R",0,"Z",0,"R",15,"R",83
443289,"A",,"A",,"A",,"A",,"A",,"A",,"A",,"A",,"A",,"A",,"A",,"A",,"A",,"R",145,"R",0,"R",145,"R",65,"R",45,"R",87,"R",60,"Z",0,"R",145,"R",0,"Z",0,"R",87,"R",60
443298,"A",,"A",,"A",,"A",,"A",,"A",,"A",,"A",,"A",,"A",,"A",,"A",,"A",,"R",23,"R",0,"R",23,"R",9,"R",39,"R",11,"R",48,"Z",0,"R",23,"R",0,"Z",0,"R",11,"R",48
443322,"A",,"A",,"A",,"A",,"A",,"A",,"A",,"A",,"A",,"A",,"A",,"A",,"A",,"R",169,"R",0,"R",169,"R",100,"R",59,"R",100,"R",59,"Z",0,"R",169,"R",0,"Z",0,"R",100,"R",59
443331,"R",6,"R",0,"R",6,"R",5,"R",83,"R",5,"R",83,"Z",0,"R",6,"R",0,"Z",0,"R",5,"R",83,"A",,"A",,"A",,"A",,"A",,"A",,"A",,"A",,"A",,"A",,"A",,"A",,"A",
443340,"R",2,"R",0,"R",2,"Z",0,"R",0,"Z",0,"R",0,"Z",0,"R",2,"R",0,"Z",0,"R",0,"R",0,"A",,"A",,"A",,"A",,"A",,"A",,"A",,"A",,"A",,"A",,"A",,"A",,"A",
443377,"A",,"A",,"A",,"A",,"A",,"A",,"A",,"A",,"A",,"A",,"A",,"A",,"A",,"R",11,"R",0,"R",11,"R",7,"R",64,"R",7,"R",64,"Z",0,"R",11,"R",1,"Z",0,"R",8,"R",73
443410,"R",193,"R",0,"R",193,"R",85,"R",44,"R",110,"R",57,"R",0,"R",193,"R",2,"R",1,"R",112,"R",58,"A",,"A",,"A",,"A",,"A",,"A",,"A",,"A",,"A",,"A",,"A",,"A",,"A",
443492,"A",,"A",,"A",,"A",,"A",,"A",,"A",,"A",,"A",,"A",,"A",,"A",,"A",,"R",345,"R",0,"R",345,"R",90,"R",26,"R",131,"R",38,"R",0,"R",345,"R",8,"R",0,"R",139,"R",40
443562,"R",180,"R",2,"R",178,"R",10,"R",6,"R",10,"R",6,"R",0,"R",178,"R",0,"R",0,"R",10,"R",6,"A",,"A",,"A",,"A",,"A",,"A",,"A",,"A",,"A",,"A",,"A",,"A",,"A",
443632,"A",,"A",,"A",,"A",,"A",,"A",,"A",,"A",,"A",,"A",,"A",,"A",,"A",,"R",71,"R",0,"R",71,"R",40,"R",56,"R",46,"R",65,"Z",0,"R",71,"R",0,"Z",0,"R",46,"R",65
443641,"A",,"A",,"A",,"A",,"A",,"A",,"A",,"A",,"A",,"A",,"A",,"A",,"A",,"R",31,"R",0,"R",31,"R",0,"R",0,"R",16,"R",52,"Z",0,"R",31,"R",0,"Z",0,"R",16,"R",52
443669,"A",,"A",,"A",,"A",,"A",,"A",,"A",,"A",,"A",,"A",,"A",,"A",,"A",,"R",87,"R",0,"R",87,"R",5,"R",6,"R",56,"R",64,"R",0,"R",87,"R",4,"R",0,"R",60,"R",69
443696,"A",,"A",,"A",,"A",,"A",,"A",,"A",,"A",,"A",,"A",,"A",,"A",,"A",,"R",19,"R",0,"R",19,"R",3,"R",16,"R",3,"R",16,"R",0,"R",19,"R",0,"R",0,"R",3,"R",16
443766,"R",5,"R",0,"R",5,"Z",0,"R",0,"Z",0,"R",0,"Z",0,"R",5,"R",0,"Z",0,"R",0,"R",0,"A",,"A",,"A",,"A",,"A",,"A",,"A",,"A",,"A",,"A",,"A",,"A",,"A",
443784,"R",1,"R",0,"R",1,"R",1,"R",100,"R",1,"R",100,"Z",0,"R",1,"R",0,"Z",0,"R",1,"R",100,"A",,"A",,"A",,"A",,"A",,"A",,"A",,"A",,"A",,"A",,"A",,"A",,"A",
443951,"A",,"A",,"A",,"A",,"A",,"A",,"A",,"A",,"A",,"A",,"A",,"A",,"A",,"R",31,"R",0,"R",31,"R",9,"R",29,"R",22,"R",71,"Z",0,"R",31,"R",0,"Z",0,"R",22,"R",71
443979,"A",,"A",,"A",,"A",,"A",,"A",,"A",,"A",,"A",,"A",,"A",,"A",,"A",,"R",15,"R",0,"R",15,"R",12,"R",80,"R",12,"R",80,"Z",0,"R",15,"R",0,"Z",0,"R",12,"R",80
444051,"A",,"A",,"A",,"A",,"A",,"A",,"A",,"A",,"A",,"A",,"A",,"A",,"A",,"R",50,"R",0,"R",50,"R",20,"R",40,"R",43,"R",86,"Z",0,"R",50,"R",0,"Z",0,"R",43,"R",86
444088,"R",3,"R",0,"R",3,"R",1,"R",33,"R",1,"R",33,"Z",0,"R",3,"R",0,"Z",0,"R",1,"R",33,"A",,"A",,"A",,"A",,"A",,"A",,"A",,"A",,"A",,"A",,"A",,"A",,"A",
444194,"A",,"A",,"A",,"A",,"A",,"A",,"A",,"A",,"A",,"A",,"A",,"A",,"A",,"R",21,"R",0,"R",21,"R",4,"R",19,"R",17,"R",81,"R",0,"R",21,"R",4,"R",0,"R",21,"R",100
444219,"A",,"A",,"A",,"A",,"A",,"A",,"A",,"A",,"A",,"A",,"A",,"A",,"A",,"R",909,"R",0,"R",909,"R",164,"R",18,"R",344,"R",38,"R",0,"R",909,"R",59,"R",60,"R",403,"R",44
444228,"A",,"A",,"A",,"A",,"A",,"A",,"A",,"A",,"A",,"A",,"A",,"A",,"A",,"R",8,"R",0,"R",8,"R",0,"R",0,"R",5,"R",63,"Z",0,"R",8,"R",0,"Z",0,"R",5,"R",63
444264,"A",,"A",,"A",,"A",,"A",,"A",,"A",,"A",,"A",,"A",,"A",,"A",,"A",,"R",110,"R",0,"R",110,"R",14,"R",13,"R",96,"R",87,"R",0,"R",110,"R",0,"R",0,"R",96,"R",87
444282,"A",,"A",,"A",,"A",,"A",,"A",,"A",,"A",,"A",,"A",,"A",,"A",,"A",,"R",26,"R",0,"R",26,"R",0,"R",0,"R",11,"R",42,"R",0,"R",26,"R",0,"R",0,"R",11,"R",42
444291,"A",,"A",,"A",,"A",,"A",,"A",,"A",,"A",,"A",,"A",,"A",,"A",,"A",,"R",42,"R",0,"R",42,"R",0,"R",0,"R",11,"R",26,"Z",0,"R",42,"R",0,"Z",0,"R",11,"R",26
444307,"A",,"A",,"A",,"A",,"A",,"A",,"A",,"A",,"A",,"A",,"A",,"A",,"A",,"R",25,"R",0,"R",25,"R",0,"R",0,"R",13,"R",52,"Z",0,"R",25,"R",0,"Z",0,"R",13,"R",52
444334,"A",,"A",,"A",,"A",,"A",,"A",,"A",,"A",,"A",,"A",,"A",,"A",,"A",,"R",3,"R",0,"R",3,"R",2,"R",67,"R",2,"R",67,"R",0,"R",3,"R",0,"R",0,"R",2,"R",67
444361,"A",,"A",,"A",,"A",,"A",,"A",,"A",,"A",,"A",,"A",,"A",,"A",,"A",,"R",83,"R",0,"R",83,"R",73,"R",88,"R",73,"R",88,"Z",0,"R",83,"R",0,"Z",0,"R",73,"R",88
444370,"A",,"A",,"A",,"A",,"A",,"A",,"A",,"A",,"A",,"A",,"A",,"A",,"A",,"R",22,"R",0,"R",22,"R",5,"R",23,"R",14,"R",64,"Z",0,"R",22,"R",0,"Z",0,"R",14,"R",64
444398,"R",17,"R",0,"R",17,"R",4,"R",24,"R",6,"R",35,"Z",0,"R",17,"R",0,"Z",0,"R",6,"R",35,"A",,"A",,"A",,"A",,"A",,"A",,"A",,"A",,"A",,"A",,"A",,"A",,"A",
444404,"A",,"A",,"A",,"A",,"A",,"A",,"A",,"A",,"A",,"A",,"A",,"A",,"A",,"R",26,"R",0,"R",26,"R",4,"R",15,"R",20,"R",77,"R",0,"R",26,"R",1,"R",0,"R",21,"R",81
444413,"R",45,"R",0,"R",45,"R",2,"R",4,"R",9,"R",20,"Z",0,"R",45,"R",0,"Z",0,"R",9,"R",20,"A",,"A",,"A",,"A",,"A",,"A",,"A",,"A",,"A",,"A",,"A",,"A",,"A",
444440,"A",,"A",,"A",,"A",,"A",,"A",,"A",,"A",,"A",,"A",,"A",,"A",,"A",,"R",25,"R",0,"R",25,"R",19,"R",76,"R",19,"R",76,"R",0,"R",25,"R",0,"R",0,"R",19,"R",76
444468,"A",,"A",,"A",,"A",,"A",,"A",,"A",,"A",,"A",,"A",,"A",,"A",,"A",,"R",9,"R",0,"R",9,"R",9,"R",100,"R",9,"R",100,"Z",0,"R",9,"R",0,"Z",0,"R",9,"R",100
444486,"A",,"A",,"A",,"A",,"A",,"A",,"A",,"A",,"A",,"A",,"A",,"A",,"A",,"R",60,"R",0,"R",60,"R",3,"R",5,"R",31,"R",52,"Z",0,"R",60,"R",0,"Z",0,"R",31,"R",52
444510,"A",,"A",,"A",,"A",,"A",,"A",,"A",,"A",,"A",,"A",,"A",,"A",,"A",,"R",7,"R",0,"R",7,"R",0,"R",0,"R",3,"R",43,"Z",0,"R",7,"R",0,"Z",0,"R",3,"R",43
444529,"A",,"A",,"A",,"A",,"A",,"A",,"A",,"A",,"A",,"A",,"A",,"A",,"A",,"R",64,"R",0,"R",64,"R",46,"R",72,"R",46,"R",72,"Z",0,"R",64,"R",0,"Z",0,"R",46,"R",72
444556,"A",,"A",,"A",,"A",,"A",,"A",,"A",,"A",,"A",,"A",,"A",,"A",,"A",,"R",418,"R",0,"R",418,"R",145,"R",35,"R",227,"R",54,"R",0,"R",418,"R",3,"R",0,"R",230,"R",55
444565,"A",,"A",,"A",,"A",,"A",,"A",,"A",,"A",,"A",,"A",,"A",,"A",,"A",,"R",65,"R",1,"R",64,"R",35,"R",55,"R",35,"R",55,"Z",0,"R",64,"R",0,"Z",0,"R",35,"R",55
444583,"A",,"A",,"A",,"A",,"A",,"A",,"A",,"A",,"A",,"A",,"A",,"A",,"A",,"R",394,"R",0,"R",394,"R",154,"R",39,"R",312,"R",79,"R",0,"R",394,"R",10,"R",0,"R",322,"R",82
444635,"A",,"A",,"A",,"A",,"A",,"A",,"A",,"A",,"A",,"A",,"A",,"A",,"A",,"R",36,"R",0,"R",36,"R",19,"R",53,"R",20,"R",56,"Z",0,"R",36,"R",0,"Z",0,"R",20,"R",56
444662,"A",,"A",,"A",,"A",,"A",,"A",,"A",,"A",,"A",,"A",,"A",,"A",,"A",,"R",103,"R",0,"R",103,"R",20,"R",19,"R",25,"R",24,"Z",0,"R",103,"R",0,"Z",0,"R",25,"R",24
444671,"A",,"A",,"A",,"A",,"A",,"A",,"A",,"A",,"A",,"A",,"A",,"A",,"A",,"R",129,"R",0,"R",129,"R",53,"R",41,"R",71,"R",55,"Z",0,"R",129,"R",0,"Z",0,"R",71,"R",55
444714,"A",,"A",,"A",,"A",,"A",,"A",,"A",,"A",,"A",,"A",,"A",,"A",,"A",,"R",129,"R",0,"R",129,"R",51,"R",40,"R",51,"R",40,"R",0,"R",129,"R",0,"R",0,"R",51,"R",40
444732,"A",,"A",,"A",,"A",,"A",,"A",,"A",,"A",,"A",,"A",,"A",,"A",,"A",,"R",33,"R",0,"R",33,"R",9,"R",27,"R",25,"R",76,"Z",0,"R",33,"R",0,"R",0,"R",25,"R",76
444778,"R",2,"R",0,"R",2,"Z",0,"R",0,"Z",0,"R",0,"Z",0,"R",2,"R",0,"Z",0,"R",0,"R",0,"A",,"A",,"A",,"A",,"A",,"A",,"A",,"A",,"A",,"A",,"A",,"A",,"A",
444811,"A",,"A",,"A",,"A",,"A",,"A",,"A",,"A",,"A",,"A",,"A",,"A",,"A",,"R",168,"R",0,"R",168,"R",17,"R",10,"R",17,"R",10,"R",0,"R",168,"R",0,"R",0,"R",17,"R",10
444857,"A",,"A",,"A",,"A",,"A",,"A",,"A",,"A",,"A",,"A",,"A",,"A",,"A",,"R",8,"R",0,"R",8,"R",2,"R",25,"R",6,"R",75,"Z",0,"R",8,"R",0,"Z",0,"R",6,"R",75
444866,"A",,"A",,"A",,"A",,"A",,"A",,"A",,"A",,"A",,"A",,"A",,"A",,"A",,"R",17,"R",0,"R",17,"R",10,"R",59,"R",10,"R",59,"Z",0,"R",17,"R",0,"Z",0,"R",10,"R",59
444936,"A",,"A",,"A",,"A",,"A",,"A",,"A",,"A",,"A",,"A",,"A",,"A",,"A",,"R",146,"R",0,"R",146,"R",41,"R",28,"R",134,"R",92,"Z",0,"R",146,"R",3,"Z",0,"R",137,"R",94
444945,"A",,"A",,"A",,"A",,"A",,"A",,"A",,"A",,"A",,"A",,"A",,"A",,"A",,"R",477,"R",0,"R",477,"R",275,"R",58,"R",333,"R",70,"Z",0,"R",477,"R",0,"Z",0,"R",333,"R",70
444954,"A",,"A",,"A",,"A",,"A",,"A",,"A",,"A",,"A",,"A",,"A",,"A",,"A",,"R",321,"R",0,"R",321,"R",44,"R",14,"R",62,"R",19,"Z",0,"R",321,"R",9,"R",8,"R",71,"R",22
445027,"R",312,"R",0,"R",312,"R",25,"R",8,"R",25,"R",8,"R",0,"R",312,"R",3,"R",1,"R",28,"R",9,"A",,"A",,"A",,"A",,"A",,"A",,"A",,"A",,"A",,"A",,"A",,"A",,"A",
445133,"R",30,"R",0,"R",30,"R",10,"R",33,"R",10,"R",33,"Z",0,"R",30,"R",0,"Z",0,"R",10,"R",33,"A",,"A",,"A",,"A",,"A",,"A",,"A",,"A",,"A",,"A",,"A",,"A",,"A",
445188,"R",1782,"R",1,"R",1781,"R",853,"R",48,"R",1276,"R",72,"R",0,"R",1781,"R",20,"R",2,"R",1296,"R",73,"A",,"A",,"A",,"A",,"A",,"A",,"A",,"A",,"A",,"A",,"A",,"A",,"A",
445203,"A",,"A",,"A",,"A",,"A",,"A",,"A",,"A",,"A",,"A",,"A",,"A",,"A",,"R",11,"R",0,"R",11,"R",7,"R",64,"R",7,"R",64,"Z",0,"R",11,"R",0,"Z",0,"R",7,"R",64
445212,"A",,"A",,"A",,"A",,"A",,"A",,"A",,"A",,"A",,"A",,"A",,"A",,"A",,"R",33,"R",0,"R",33,"R",0,"R",0,"R",26,"R",79,"Z",0,"R",33,"R",0,"Z",0,"R",26,"R",79
445230,"A",,"A",,"A",,"A",,"A",,"A",,"A",,"A",,"A",,"A",,"A",,"A",,"A",,"R",455,"R",0,"R",455,"R",41,"R",9,"R",196,"R",43,"R",0,"R",455,"R",40,"R",13,"R",236,"R",52
445249,"A",,"A",,"A",,"A",,"A",,"A",,"A",,"A",,"A",,"A",,"A",,"A",,"A",,"R",261,"R",1,"R",260,"R",70,"R",27,"R",157,"R",60,"R",0,"R",260,"R",1,"R",1,"R",158,"R",61
445267,"R",3,"R",0,"R",3,"Z",0,"R",0,"Z",0,"R",0,"Z",0,"R",3,"R",0,"Z",0,"R",0,"R",0,"A",,"A",,"A",,"A",,"A",,"A",,"A",,"A",,"A",,"A",,"A",,"A",,"A",
445364,"A",,"A",,"A",,"A",,"A",,"A",,"A",,"A",,"A",,"A",,"A",,"A",,"A",,"R",380,"R",0,"R",380,"R",34,"R",9,"R",226,"R",59,"R",0,"R",380,"R",0,"R",0,"R",226,"R",59
445498,"A",,"A",,"A",,"A",,"A",,"A",,"A",,"A",,"A",,"A",,"A",,"A",,"A",,"R",39,"R",0,"R",39,"R",36,"R",92,"R",36,"R",92,"R",0,"R",39,"R",0,"R",0,"R",36,"R",92
445540,"A",,"A",,"A",,"A",,"A",,"A",,"A",,"A",,"A",,"A",,"A",,"A",,"A",,"R",33,"R",0,"R",33,"R",8,"R",24,"R",17,"R",52,"Z",0,"R",33,"R",0,"Z",0,"R",17,"R",52
445647,"A",,"A",,"A",,"A",,"A",,"A",,"A",,"A",,"A",,"A",,"A",,"A",,"A",,"R",80,"R",0,"R",80,"R",29,"R",36,"R",56,"R",70,"Z",0,"R",80,"R",0,"Z",0,"R",56,"R",70
445656,"A",,"A",,"A",,"A",,"A",,"A",,"A",,"A",,"A",,"A",,"A",,"A",,"A",,"R",40,"R",0,"R",40,"R",25,"R",63,"R",34,"R",85,"Z",0,"R",40,"R",0,"Z",0,"R",34,"R",85
445692,"R",150,"R",0,"R",150,"R",73,"R",49,"R",81,"R",54,"Z",0,"R",150,"R",0,"Z",0,"R",81,"R",54,"A",,"A",,"A",,"A",,"A",,"A",,"A",,"A",,"A",,"A",,"A",,"A",,"A",
445708,"R",521,"R",2,"R",519,"R",161,"R",31,"R",187,"R",36,"R",0,"R",519,"R",0,"R",0,"R",187,"R",36,"A",,"A",,"A",,"A",,"A",,"A",,"A",,"A",,"A",,"A",,"A",,"A",,"A",
445744,"A",,"A",,"A",,"A",,"A",,"A",,"A",,"A",,"A",,"A",,"A",,"A",,"A",,"R",139,"R",0,"R",139,"R",52,"R",37,"R",77,"R",55,"Z",0,"R",139,"R",0,"Z",0,"R",77,"R",55
445762,"A",,"A",,"A",,"A",,"A",,"A",,"A",,"A",,"A",,"A",,"A",,"A",,"A",,"R",13,"R",0,"R",13,"R",6,"R",46,"R",6,"R",46,"R",0,"R",13,"R",0,"R",0,"R",6,"R",46
445780,"A",,"A",,"A",,"A",,"A",,"A",,"A",,"A",,"A",,"A",,"A",,"A",,"A",,"R",6,"R",0,"R",6,"R",3,"R",50,"R",4,"R",67,"Z",0,"R",6,"R",1,"R",1,"R",5,"R",83
445799,"A",,"A",,"A",,"A",,"A",,"A",,"A",,"A",,"A",,"A",,"A",,"A",,"A",,"R",595,"R",1,"R",594,"R",45,"R",8,"R",267,"R",45,"R",0,"R",594,"R",41,"R",1,"R",308,"R",52
445841,"A",,"A",,"A",,"A",,"A",,"A",,"A",,"A",,"A",,"A",,"A",,"A",,"A",,"R",42,"R",0,"R",42,"R",4,"R",10,"R",23,"R",55,"Z",0,"R",42,"R",0,"Z",0,"R",23,"R",55
445850,"A",,"A",,"A",,"A",,"A",,"A",,"A",,"A",,"A",,"A",,"A",,"A",,"A",,"R",34,"R",0,"R",34,"R",5,"R",15,"R",23,"R",68,"Z",0,"R",34,"R",0,"Z",0,"R",23,"R",68
445911,"A",,"A",,"A",,"A",,"A",,"A",,"A",,"A",,"A",,"A",,"A",,"A",,"A",,"R",692,"R",0,"R",692,"R",236,"R",34,"R",422,"R",61,"R",0,"R",692,"R",21,"R",0,"R",443,"R",64
445948,"A",,"A",,"A",,"A",,"A",,"A",,"A",,"A",,"A",,"A",,"A",,"A",,"A",,"R",1134,"R",0,"R",1134,"R",445,"R",39,"R",703,"R",62,"Z",0,"R",1134,"R",0,"Z",0,"R",703,"R",62
446048,"R",302,"R",0,"R",302,"R",168,"R",56,"R",182,"R",60,"R",1,"R",301,"R",3,"R",0,"R",185,"R",61,"A",,"A",,"A",,"A",,"A",,"A",,"A",,"A",,"A",,"A",,"A",,"A",,"A",
446084,"A",,"A",,"A",,"A",,"A",,"A",,"A",,"A",,"A",,"A",,"A",,"A",,"A",,"R",2,"R",0,"R",2,"R",2,"R",100,"R",2,"R",100,"Z",0,"R",2,"R",0,"Z",0,"R",2,"R",100
446093,"A",,"A",,"A",,"A",,"A",,"A",,"A",,"A",,"A",,"A",,"A",,"A",,"A",,"R",64,"R",0,"R",64,"R",1,"R",2,"R",57,"R",89,"R",0,"R",64,"R",0,"R",0,"R",57,"R",89
446109,"A",,"A",,"A",,"A",,"A",,"A",,"A",,"A",,"A",,"A",,"A",,"A",,"A",,"R",41,"R",0,"R",41,"R",26,"R",63,"R",26,"R",63,"Z",0,"R",41,"R",0,"Z",0,"R",26,"R",63
446118,"A",,"A",,"A",,"A",,"A",,"A",,"A",,"A",,"A",,"A",,"A",,"A",,"A",,"R",193,"R",0,"R",193,"R",21,"R",11,"R",119,"R",62,"R",0,"R",193,"R",4,"R",0,"R",123,"R",64
446163,"A",,"A",,"A",,"A",,"A",,"A",,"A",,"A",,"A",,"A",,"A",,"A",,"A",,"R",64,"R",0,"R",64,"R",10,"R",16,"R",10,"R",16,"Z",0,"R",64,"R",0,"Z",0,"R",10,"R",16
446206,"A",,"A",,"A",,"A",,"A",,"A",,"A",,"A",,"A",,"A",,"A",,"A",,"A",,"R",17,"R",1,"R",16,"R",14,"R",88,"R",14,"R",88,"Z",0,"R",16,"R",0,"Z",0,"R",14,"R",88
446233,"R",36,"R",1,"R",35,"R",5,"R",14,"R",6,"R",17,"R",0,"R",35,"R",1,"R",0,"R",7,"R",20,"A",,"A",,"A",,"A",,"A",,"A",,"A",,"A",,"A",,"A",,"A",,"A",,"A",
446242,"A",,"A",,"A",,"A",,"A",,"A",,"A",,"A",,"A",,"A",,"A",,"A",,"A",,"R",37,"R",0,"R",37,"R",6,"R",16,"R",9,"R",24,"Z",0,"R",37,"R",0,"Z",0,"R",9,"R",24
446251,"A",,"A",,"A",,"A",,"A",,"A",,"A",,"A",,"A",,"A",,"A",,"A",,"A",,"R",47,"R",0,"R",47,"R",46,"R",98,"R",46,"R",98,"Z",0,"R",47,"R",0,"Z",0,"R",46,"R",98
446260,"A",,"A",,"A",,"A",,"A",,"A",,"A",,"A",,"A",,"A",,"A",,"A",,"A",,"R",283,"R",0,"R",283,"R",62,"R",22,"R",205,"R",72,"R",0,"R",283,"R",23,"R",13,"R",228,"R",81
446288,"A",,"A",,"A",,"A",,"A",,"A",,"A",,"A",,"A",,"A",,"A",,"A",,"A",,"R",22,"R",0,"R",22,"R",0,"R",0,"R",17,"R",77,"Z",0,"R",22,"R",0,"Z",0,"R",17,"R",77
446303,"A",,"A",,"A",,"A",,"A",,"A",,"A",,"A",,"A",,"A",,"A",,"A",,"A",,"R",3,"R",0,"R",3,"R",3,"R",100,"R",3,"R",100,"Z",0,"R",3,"R",0,"Z",0,"R",3,"R",100
446349,"A",,"A",,"A",,"A",,"A",,"A",,"A",,"A",,"A",,"A",,"A",,"A",,"A",,"R",1,"R",0,"R",1,"R",1,"R",100,"R",1,"R",100,"Z",0,"R",1,"R",0,"Z",0,"R",1,"R",100
446385,"R",17,"R",0,"R",17,"R",9,"R",53,"R",10,"R",59,"Z",0,"R",17,"R",0,"Z",0,"R",10,"R",59,"A",,"A",,"A",,"A",,"A",,"A",,"A",,"A",,"A",,"A",,"A",,"A",,"A",
446516,"A",,"A",,"A",,"A",,"A",,"A",,"A",,"A",,"A",,"A",,"A",,"A",,"A",,"R",5,"R",1,"R",4,"R",1,"R",25,"R",3,"R",75,"Z",0,"R",4,"R",0,"Z",0,"R",3,"R",75
446552,"A",,"A",,"A",,"A",,"A",,"A",,"A",,"A",,"A",,"A",,"A",,"A",,"A",,"R",1751,"R",0,"R",1751,"R",429,"R",25,"R",901,"R",51,"Z",0,"R",1751,"R",22,"R",110,"R",923,"R",53
446561,"R",24,"R",0,"R",24,"R",23,"R",96,"R",23,"R",96,"Z",0,"R",24,"R",0,"Z",0,"R",23,"R",96,"A",,"A",,"A",,"A",,"A",,"A",,"A",,"A",,"A",,"A",,"A",,"A",,"A",
446598,"A",,"A",,"A",,"A",,"A",,"A",,"A",,"A",,"A",,"A",,"A",,"A",,"A",,"R",1,"R",0,"R",1,"R",1,"R",100,"R",1,"R",100,"Z",0,"R",1,"R",0,"Z",0,"R",1,"R",100
446604,"R",319,"R",0,"R",319,"Z",0,"R",0,"R",211,"R",66,"Z",0,"R",319,"R",0,"Z",0,"R",211,"R",66,"A",,"A",,"A",,"A",,"A",,"A",,"A",,"A",,"A",,"A",,"A",,"A",,"A",
446640,"R",111,"R",0,"R",111,"R",25,"R",23,"R",36,"R",32,"R",0,"R",111,"R",1,"R",0,"R",37,"R",33,"A",,"A",,"A",,"A",,"A",,"A",,"A",,"A",,"A",,"A",,"A",,"A",,"A",
446774,"A",,"A",,"A",,"A",,"A",,"A",,"A",,"A",,"A",,"A",,"A",,"A",,"A",,"R",281,"R",0,"R",281,"R",73,"R",26,"R",99,"R",35,"R",0,"R",281,"R",61,"R",19,"R",160,"R",57
447023,"A",,"A",,"A",,"A",,"A",,"A",,"A",,"A",,"A",,"A",,"A",,"A",,"A",,"R",1046,"R",0,"R",1046,"R",639,"R",61,"R",639,"R",61,"Z",0,"R",1046,"R",0,"Z",0,"R",639,"R",61
447050,"R",14,"R",0,"R",14,"Z",0,"R",0,"Z",0,"R",0,"Z",0,"R",14,"R",0,"Z",0,"R",0,"R",0,"A",,"A",,"A",,"A",,"A",,"A",,"A",,"A",,"A",,"A",,"A",,"A",,"A",
447148,"A",,"A",,"A",,"A",,"A",,"A",,"A",,"A",,"A",,"A",,"A",,"A",,"A",,"R",59,"R",0,"R",59,"R",4,"R",7,"R",32,"R",54,"Z",0,"R",59,"R",0,"Z",0,"R",32,"R",54
447166,"A",,"A",,"A",,"A",,"A",,"A",,"A",,"A",,"A",,"A",,"A",,"A",,"A",,"R",15,"R",0,"R",15,"R",0,"R",0,"R",10,"R",67,"R",0,"R",15,"R",0,"R",0,"R",10,"R",67
447175,"A",,"A",,"A",,"A",,"A",,"A",,"A",,"A",,"A",,"A",,"A",,"A",,"A",,"R",19,"R",0,"R",19,"R",0,"R",0,"R",9,"R",47,"Z",0,"R",19,"R",0,"Z",0,"R",9,"R",47
447263,"R",2,"R",0,"R",2,"R",2,"R",100,"R",2,"R",100,"Z",0,"R",2,"R",0,"Z",0,"R",2,"R",100,"A",,"A",,"A",,"A",,"A",,"A",,"A",,"A",,"A",,"A",,"A",,"A",,"A",
447351,"A",,"A",,"A",,"A",,"A",,"A",,"A",,"A",,"A",,"A",,"A",,"A",,"A",,"R",202,"R",0,"R",202,"R",46,"R",23,"R",102,"R",50,"R",0,"R",202,"R",20,"R",12,"R",122,"R",60
447421,"R",10,"R",0,"R",10,"R",4,"R",40,"R",4,"R",40,"Z",0,"R",10,"R",0,"Z",0,"R",4,"R",40,"A",,"A",,"A",,"A",,"A",,"A",,"A",,"A",,"A",,"A",,"A",,"A",,"A",
447449,"A",,"A",,"A",,"A",,"A",,"A",,"A",,"A",,"A",,"A",,"A",,"A",,"A",,"R",32,"R",0,"R",32,"R",31,"R",97,"R",31,"R",97,"Z",0,"R",32,"R",0,"Z",0,"R",31,"R",97
447467,"A",,"A",,"A",,"A",,"A",,"A",,"A",,"A",,"A",,"A",,"A",,"A",,"A",,"R",290,"R",0,"R",290,"R",161,"R",56,"R",190,"R",66,"Z",0,"R",290,"R",0,"Z",0,"R",190,"R",66
447582,"A",,"A",,"A",,"A",,"A",,"A",,"A",,"A",,"A",,"A",,"A",,"A",,"A",,"R",224,"R",0,"R",224,"R",48,"R",21,"R",81,"R",36,"R",0,"R",224,"R",3,"R",2,"R",84,"R",38
447591,"A",,"A",,"A",,"A",,"A",,"A",,"A",,"A",,"A",,"A",,"A",,"A",,"A",,"R",1034,"R",0,"R",1034,"R",480,"R",46,"R",749,"R",72,"Z",0,"R",1034,"R",3,"Z",0,"R",752,"R",73
447607,"A",,"A",,"A",,"A",,"A",,"A",,"A",,"A",,"A",,"A",,"A",,"A",,"A",,"R",677,"R",0,"R",677,"R",154,"R",23,"R",372,"R",55,"Z",0,"R",677,"R",2,"R",0,"R",374,"R",55
447616,"A",,"A",,"A",,"A",,"A",,"A",,"A",,"A",,"A",,"A",,"A",,"A",,"A",,"R",571,"R",2,"R",569,"R",127,"R",22,"R",333,"R",59,"R",0,"R",569,"R",3,"R",0,"R",336,"R",59
447689,"R",2077,"R",0,"R",2077,"R",91,"R",4,"R",440,"R",21,"Z",0,"R",2077,"R",88,"R",63,"R",528,"R",25,"A",,"A",,"A",,"A",,"A",,"A",,"A",,"A",,"A",,"A",,"A",,"A",,"A",
447704,"A",,"A",,"A",,"A",,"A",,"A",,"A",,"A",,"A",,"A",,"A",,"A",,"A",,"R",47,"R",0,"R",47,"R",21,"R",45,"R",31,"R",66,"Z",0,"R",47,"R",0,"Z",0,"R",31,"R",66
447722,"A",,"A",,"A",,"A",,"A",,"A",,"A",,"A",,"A",,"A",,"A",,"A",,"A",,"R",30,"R",0,"R",30,"R",29,"R",97,"R",29,"R",97,"Z",0,"R",30,"R",0,"Z",0,"R",29,"R",97
447731,"A",,"A",,"A",,"A",,"A",,"A",,"A",,"A",,"A",,"A",,"A",,"A",,"A",,"R",230,"R",0,"R",230,"R",51,"R",22,"R",223,"R",97,"Z",0,"R",230,"R",0,"Z",0,"R",223,"R",97
447759,"A",,"A",,"A",,"A",,"A",,"A",,"A",,"A",,"A",,"A",,"A",,"A",,"A",,"R",19,"R",0,"R",19,"R",8,"R",42,"R",8,"R",42,"R",0,"R",19,"R",0,"R",0,"R",8,"R",42
447768,"A",,"A",,"A",,"A",,"A",,"A",,"A",,"A",,"A",,"A",,"A",,"A",,"A",,"R",998,"R",0,"R",998,"R",287,"R",29,"R",580,"R",58,"R",0,"R",998,"R",69,"R",13,"R",649,"R",65
447777,"A",,"A",,"A",,"A",,"A",,"A",,"A",,"A",,"A",,"A",,"A",,"A",,"A",,"R",12,"R",0,"R",12,"R",8,"R",67,"R",8,"R",67,"Z",0,"R",12,"R",0,"Z",0,"R",8,"R",67
447795,"A",,"A",,"A",,"A",,"A",,"A",,"A",,"A",,"A",,"A",,"A",,"A",,"A",,"R",81,"R",0,"R",81,"R",79,"R",98,"R",80,"R",99,"Z",0,"R",81,"R",0,"Z",0,"R",80,"R",99
447810,"A",,"A",,"A",,"A",,"A",,"A",,"A",,"A",,"A",,"A",,"A",,"A",,"A",,"R",119,"R",0,"R",119,"R",89,"R",75,"R",105,"R",88,"Z",0,"R",119,"R",0,"Z",0,"R",105,"R",88
447865,"A",,"A",,"A",,"A",,"A",,"A",,"A",,"A",,"A",,"A",,"A",,"A",,"A",,"R",4,"R",0,"R",4,"R",3,"R",75,"R",3,"R",75,"Z",0,"R",4,"R",0,"Z",0,"R",3,"R",75
447883,"A",,"A",,"A",,"A",,"A",,"A",,"A",,"A",,"A",,"A",,"A",,"A",,"A",,"R",126,"R",0,"R",126,"R",12,"R",10,"R",96,"R",76,"R",0,"R",126,"R",4,"R",0,"R",100,"R",79
447892,"A",,"A",,"A",,"A",,"A",,"A",,"A",,"A",,"A",,"A",,"A",,"A",,"A",,"R",79,"R",0,"R",79,"R",12,"R",15,"R",50,"R",63,"R",0,"R",79,"R",5,"R",4,"R",55,"R",70
447908,"A",,"A",,"A",,"A",,"A",,"A",,"A",,"A",,"A",,"A",,"A",,"A",,"A",,"R",4,"R",0,"R",4,"R",3,"R",75,"R",3,"R",75,"Z",0,"R",4,"R",0,"Z",0,"R",3,"R",75
447917,"A",,"A",,"A",,"A",,"A",,"A",,"A",,"A",,"A",,"A",,"A",,"A",,"A",,"R",16,"R",0,"R",16,"R",14,"R",88,"R",14,"R",88,"Z",0,"R",16,"R",0,"Z",0,"R",14,"R",88
447935,"A",,"A",,"A",,"A",,"A",,"A",,"A",,"A",,"A",,"A",,"A",,"A",,"A",,"R",63,"R",0,"R",63,"R",11,"R",17,"R",23,"R",37,"Z",0,"R",63,"R",0,"Z",0,"R",23,"R",37
447953,"R",68,"R",0,"R",68,"R",15,"R",22,"R",17,"R",25,"R",0,"R",68,"R",0,"R",0,"R",17,"R",25,"A",,"A",,"A",,"A",,"A",,"A",,"A",,"A",,"A",,"A",,"A",,"A",,"A",
447962,"A",,"A",,"A",,"A",,"A",,"A",,"A",,"A",,"A",,"A",,"A",,"A",,"A",,"R",93,"R",0,"R",93,"R",20,"R",22,"R",34,"R",37,"R",0,"R",93,"R",7,"R",0,"R",41,"R",44
447971,"A",,"A",,"A",,"A",,"A",,"A",,"A",,"A",,"A",,"A",,"A",,"A",,"A",,"R",91,"R",7,"R",84,"R",23,"R",27,"R",61,"R",73,"Z",0,"R",84,"R",0,"Z",0,"R",61,"R",73
447980,"A",,"A",,"A",,"A",,"A",,"A",,"A",,"A",,"A",,"A",,"A",,"A",,"A",,"R",24,"R",0,"R",24,"R",10,"R",42,"R",10,"R",42,"R",0,"R",24,"R",3,"R",7,"R",13,"R",54
447999,"A",,"A",,"A",,"A",,"A",,"A",,"A",,"A",,"A",,"A",,"A",,"A",,"A",,"R",59,"R",0,"R",59,"R",39,"R",66,"R",41,"R",69,"Z",0,"R",59,"R",0,"Z",0,"R",41,"R",69
448026,"A",,"A",,"A",,"A",,"A",,"A",,"A",,"A",,"A",,"A",,"A",,"A",,"A",,"R",49,"R",0,"R",49,"R",19,"R",39,"R",38,"R",78,"R",0,"R",49,"R",3,"R",2,"R",41,"R",84
448071,"A",,"A",,"A",,"A",,"A",,"A",,"A",,"A",,"A",,"A",,"A",,"A",,"A",,"R",33,"R",0,"R",33,"R",0,"R",0,"R",15,"R",45,"Z",0,"R",33,"R",0,"Z",0,"R",15,"R",45
448123,"A",,"A",,"A",,"A",,"A",,"A",,"A",,"A",,"A",,"A",,"A",,"A",,"A",,"R",189,"R",0,"R",189,"R",12,"R",6,"R",115,"R",61,"Z",0,"R",189,"R",0,"Z",0,"R",115,"R",61
448196,"A",,"A",,"A",,"A",,"A",,"A",,"A",,"A",,"A",,"A",,"A",,"A",,"A",,"R",40,"R",0,"R",40,"R",20,"R",50,"R",25,"R",63,"Z",0,"R",40,"R",0,"Z",0,"R",25,"R",63
448220,"A",,"A",,"A",,"A",,"A",,"A",,"A",,"A",,"A",,"A",,"A",,"A",,"A",,"R",31,"R",0,"R",31,"R",4,"R",13,"R",19,"R",61,"Z",0,"R",31,"R",0,"Z",0,"R",19,"R",61
448248,"A",,"A",,"A",,"A",,"A",,"A",,"A",,"A",,"A",,"A",,"A",,"A",,"A",,"R",191,"R",1,"R",190,"R",111,"R",58,"R",124,"R",65,"R",0,"R",190,"R",9,"R",1,"R",133,"R",70
448257,"A",,"A",,"A",,"A",,"A",,"A",,"A",,"A",,"A",,"A",,"A",,"A",,"A",,"R",54,"R",0,"R",54,"R",52,"R",96,"R",52,"R",96,"Z",0,"R",54,"R",0,"Z",0,"R",52,"R",96
448275,"A",,"A",,"A",,"A",,"A",,"A",,"A",,"A",,"A",,"A",,"A",,"A",,"A",,"R",23,"R",0,"R",23,"R",18,"R",78,"R",18,"R",78,"Z",0,"R",23,"R",0,"Z",0,"R",18,"R",78
448372,"A",,"A",,"A",,"A",,"A",,"A",,"A",,"A",,"A",,"A",,"A",,"A",,"A",,"R",31,"R",0,"R",31,"R",23,"R",74,"R",26,"R",84,"Z",0,"R",31,"R",0,"Z",0,"R",26,"R",84
448424,"A",,"A",,"A",,"A",,"A",,"A",,"A",,"A",,"A",,"A",,"A",,"A",,"A",,"R",28,"R",0,"R",28,"R",17,"R",61,"R",25,"R",89,"Z",0,"R",28,"R",0,"Z",0,"R",25,"R",89
448433,"A",,"A",,"A",,"A",,"A",,"A",,"A",,"A",,"A",,"A",,"A",,"A",,"A",,"R",700,"R",3,"R",697,"R",57,"R",8,"R",309,"R",44,"R",0,"R",697,"R",23,"R",3,"R",332,"R",48
448594,"A",,"A",,"A",,"A",,"A",,"A",,"A",,"A",,"A",,"A",,"A",,"A",,"A",,"R",417,"R",0,"R",417,"R",100,"R",24,"R",176,"R",42,"R",0,"R",417,"R",27,"R",29,"R",203,"R",49
448600,"A",,"A",,"A",,"A",,"A",,"A",,"A",,"A",,"A",,"A",,"A",,"A",,"A",,"R",40,"R",0,"R",40,"R",11,"R",28,"R",26,"R",65,"Z",0,"R",40,"R",0,"Z",0,"R",26,"R",65
448646,"A",,"A",,"A",,"A",,"A",,"A",,"A",,"A",,"A",,"A",,"A",,"A",,"A",,"R",372,"R",0,"R",372,"R",237,"R",64,"R",278,"R",75,"Z",0,"R",372,"R",0,"Z",0,"R",278,"R",75
448770,"A",,"A",,"A",,"A",,"A",,"A",,"A",,"A",,"A",,"A",,"A",,"A",,"A",,"R",154,"R",0,"R",154,"R",84,"R",55,"R",97,"R",63,"Z",0,"R",154,"R",0,"Z",0,"R",97,"R",63
448798,"A",,"A",,"A",,"A",,"A",,"A",,"A",,"A",,"A",,"A",,"A",,"A",,"A",,"R",98,"R",0,"R",98,"R",3,"R",3,"R",33,"R",34,"R",0,"R",98,"R",0,"R",0,"R",33,"R",34
448859,"A",,"A",,"A",,"A",,"A",,"A",,"A",,"A",,"A",,"A",,"A",,"A",,"A",,"R",32,"R",0,"R",32,"R",22,"R",69,"R",22,"R",69,"Z",0,"R",32,"R",1,"Z",0,"R",23,"R",72
448895,"A",,"A",,"A",,"A",,"A",,"A",,"A",,"A",,"A",,"A",,"A",,"A",,"A",,"R",303,"R",0,"R",303,"R",1,"R",0,"R",142,"R",47,"R",0,"R",303,"R",36,"R",0,"R",178,"R",59
449038,"R",7,"R",0,"R",7,"R",1,"R",14,"R",1,"R",14,"Z",0,"R",7,"R",0,"Z",0,"R",1,"R",14,"A",,"A",,"A",,"A",,"A",,"A",,"A",,"A",,"A",,"A",,"A",,"A",,"A",
449074,"A",,"A",,"A",,"A",,"A",,"A",,"A",,"A",,"A",,"A",,"A",,"A",,"A",,"R",323,"R",0,"R",323,"R",42,"R",13,"R",175,"R",54,"R",0,"R",323,"R",25,"R",17,"R",200,"R",62
449083,"A",,"A",,"A",,"A",,"A",,"A",,"A",,"A",,"A",,"A",,"A",,"A",,"A",,"R",227,"R",0,"R",227,"R",213,"R",94,"R",213,"R",94,"Z",0,"R",227,"R",0,"Z",0,"R",213,"R",94
449092,"A",,"A",,"A",,"A",,"A",,"A",,"A",,"A",,"A",,"A",,"A",,"A",,"A",,"R",196,"R",0,"R",196,"R",147,"R",75,"R",147,"R",75,"Z",0,"R",196,"R",0,"Z",0,"R",147,"R",75
449135,"R",66,"R",0,"R",66,"R",5,"R",8,"R",7,"R",11,"R",0,"R",66,"R",0,"R",0,"R",7,"R",11,"A",,"A",,"A",,"A",,"A",,"A",,"A",,"A",,"A",,"A",,"A",,"A",,"A",
449250,"A",,"A",,"A",,"A",,"A",,"A",,"A",,"A",,"A",,"A",,"A",,"A",,"A",,"R",707,"R",0,"R",707,"R",225,"R",32,"R",412,"R",58,"R",0,"R",707,"R",0,"R",0,"R",412,"R",58
449311,"A",,"A",,"A",,"A",,"A",,"A",,"A",,"A",,"A",,"A",,"A",,"A",,"A",,"R",25,"R",0,"R",25,"R",4,"R",16,"R",10,"R",40,"R",0,"R",25,"R",0,"R",0,"R",10,"R",40
449320,"A",,"A",,"A",,"A",,"A",,"A",,"A",,"A",,"A",,"A",,"A",,"A",,"A",,"R",370,"R",0,"R",370,"R",87,"R",24,"R",174,"R",47,"R",0,"R",370,"R",23,"R",0,"R",197,"R",53
449339,"R",475,"R",0,"R",475,"R",124,"R",26,"R",193,"R",41,"R",0,"R",475,"R",26,"R",69,"R",219,"R",46,"A",,"A",,"A",,"A",,"A",,"A",,"A",,"A",,"A",,"A",,"A",,"A",,"A",
449357,"A",,"A",,"A",,"A",,"A",,"A",,"A",,"A",,"A",,"A",,"A",,"A",,"A",,"R",12,"R",0,"R",12,"R",10,"R",83,"R",10,"R",83,"R",0,"R",12,"R",0,"R",0,"R",10,"R",83
449393,"A",,"A",,"A",,"A",,"A",,"A",,"A",,"A",,"A",,"A",,"A",,"A",,"A",,"R",30,"R",0,"R",30,"R",13,"R",43,"R",21,"R",70,"Z",0,"R",30,"R",0,"Z",0,"R",21,"R",70
449445,"A",,"A",,"A",,"A",,"A",,"A",,"A",,"A",,"A",,"A",,"A",,"A",,"A",,"R",56,"R",0,"R",56,"R",12,"R",21,"R",39,"R",70,"Z",0,"R",56,"R",12,"R",0,"R",51,"R",91
449463,"A",,"A",,"A",,"A",,"A",,"A",,"A",,"A",,"A",,"A",,"A",,"A",,"A",,"R",185,"R",0,"R",185,"R",155,"R",84,"R",174,"R",94,"Z",0,"R",185,"R",0,"Z",0,"R",174,"R",94
449472,"A",,"A",,"A",,"A",,"A",,"A",,"A",,"A",,"A",,"A",,"A",,"A",,"A",,"R",26,"R",0,"R",26,"R",5,"R",19,"R",19,"R",73,"Z",0,"R",26,"R",0,"Z",0,"R",19,"R",73
449490,"A",,"A",,"A",,"A",,"A",,"A",,"A",,"A",,"A",,"A",,"A",,"A",,"A",,"R",58,"R",2,"R",56,"R",2,"R",4,"R",44,"R",79,"Z",0,"R",56,"R",0,"Z",0,"R",44,"R",79
449506,"A",,"A",,"A",,"A",,"A",,"A",,"A",,"A",,"A",,"A",,"A",,"A",,"A",,"R",1,"R",0,"R",1,"R",1,"R",100,"R",1,"R",100,"Z",0,"R",1,"R",0,"Z",0,"R",1,"R",100
449524,"A",,"A",,"A",,"A",,"A",,"A",,"A",,"A",,"A",,"A",,"A",,"A",,"A",,"R",10,"R",0,"R",10,"R",6,"R",60,"R",6,"R",60,"Z",0,"R",10,"R",0,"Z",0,"R",6,"R",60
449533,"A",,"A",,"A",,"A",,"A",,"A",,"A",,"A",,"A",,"A",,"A",,"A",,"A",,"R",22,"R",0,"R",22,"R",8,"R",36,"R",13,"R",59,"R",0,"R",22,"R",2,"R",0,"R",15,"R",68
449597,"A",,"A",,"A",,"A",,"A",,"A",,"A",,"A",,"A",,"A",,"A",,"A",,"A",,"R",1,"R",0,"R",1,"R",1,"R",100,"R",1,"R",100,"Z",0,"R",1,"R",0,"Z",0,"R",1,"R",100
449603,"A",,"A",,"A",,"A",,"A",,"A",,"A",,"A",,"A",,"A",,"A",,"A",,"A",,"R",44,"R",0,"R",44,"R",13,"R",30,"R",36,"R",82,"R",0,"R",44,"R",1,"R",0,"R",37,"R",84
449612,"A",,"A",,"A",,"A",,"A",,"A",,"A",,"A",,"A",,"A",,"A",,"A",,"A",,"R",15,"R",0,"R",15,"R",13,"R",87,"R",13,"R",87,"Z",0,"R",15,"R",0,"Z",0,"R",13,"R",87
449658,"R",28,"R",0,"R",28,"Z",0,"R",0,"R",11,"R",39,"R",0,"R",28,"R",1,"R",0,"R",12,"R",43,"A",,"A",,"A",,"A",,"A",,"A",,"A",,"A",,"A",,"A",,"A",,"A",,"A",
449676,"A",,"A",,"A",,"A",,"A",,"A",,"A",,"A",,"A",,"A",,"A",,"A",,"A",,"R",254,"R",0,"R",254,"R",100,"R",39,"R",109,"R",43,"Z",0,"R",254,"R",0,"Z",0,"R",109,"R",43
449685,"A",,"A",,"A",,"A",,"A",,"A",,"A",,"A",,"A",,"A",,"A",,"A",,"A",,"R",402,"R",0,"R",402,"R",253,"R",63,"R",289,"R",72,"Z",0,"R",402,"R",0,"Z",0,"R",289,"R",72
449700,"A",,"A",,"A",,"A",,"A",,"A",,"A",,"A",,"A",,"A",,"A",,"A",,"A",,"R",101,"R",0,"R",101,"R",76,"R",75,"R",76,"R",75,"Z",0,"R",101,"R",0,"Z",0,"R",76,"R",75
449728,"A",,"A",,"A",,"A",,"A",,"A",,"A",,"A",,"A",,"A",,"A",,"A",,"A",,"R",7,"R",0,"R",7,"R",3,"R",43,"R",3,"R",43,"Z",0,"R",7,"R",0,"Z",0,"R",3,"R",43
449764,"R",14,"R",0,"R",14,"R",1,"R",7,"R",2,"R",14,"R",0,"R",14,"R",1,"R",0,"R",3,"R",21,"A",,"A",,"A",,"A",,"A",,"A",,"A",,"A",,"A",,"A",,"A",,"A",,"A",
449773,"A",,"A",,"A",,"A",,"A",,"A",,"A",,"A",,"A",,"A",,"A",,"A",,"A",,"R",98,"R",0,"R",98,"R",35,"R",36,"R",84,"R",86,"Z",0,"R",98,"R",0,"Z",0,"R",84,"R",86
449782,"A",,"A",,"A",,"A",,"A",,"A",,"A",,"A",,"A",,"A",,"A",,"A",,"A",,"R",32,"R",0,"R",32,"R",17,"R",53,"R",21,"R",66,"R",0,"R",32,"R",9,"R",0,"R",30,"R",94
449807,"A",,"A",,"A",,"A",,"A",,"A",,"A",,"A",,"A",,"A",,"A",,"A",,"A",,"R",69,"R",1,"R",68,"R",50,"R",74,"R",52,"R",76,"R",0,"R",68,"R",4,"R",0,"R",56,"R",82
449816,"A",,"A",,"A",,"A",,"A",,"A",,"A",,"A",,"A",,"A",,"A",,"A",,"A",,"R",39,"R",0,"R",39,"R",31,"R",79,"R",33,"R",85,"Z",0,"R",39,"R",0,"Z",0,"R",33,"R",85
449861,"A",,"A",,"A",,"A",,"A",,"A",,"A",,"A",,"A",,"A",,"A",,"A",,"A",,"R",113,"R",0,"R",113,"R",17,"R",15,"R",73,"R",65,"Z",0,"R",113,"R",0,"Z",0,"R",73,"R",65
449870,"R",6,"R",0,"R",6,"Z",0,"R",0,"R",3,"R",50,"Z",0,"R",6,"R",0,"Z",0,"R",3,"R",50,"A",,"A",,"A",,"A",,"A",,"A",,"A",,"A",,"A",,"A",,"A",,"A",,"A",
449898,"R",10,"R",0,"R",10,"R",1,"R",10,"R",3,"R",30,"Z",0,"R",10,"R",0,"Z",0,"R",3,"R",30,"A",,"A",,"A",,"A",,"A",,"A",,"A",,"A",,"A",,"A",,"A",,"A",,"A",
449904,"A",,"A",,"A",,"A",,"A",,"A",,"A",,"A",,"A",,"A",,"A",,"A",,"A",,"R",108,"R",0,"R",108,"R",0,"R",0,"R",43,"R",40,"R",0,"R",108,"R",17,"R",0,"R",60,"R",56
449959,"A",,"A",,"A",,"A",,"A",,"A",,"A",,"A",,"A",,"A",,"A",,"A",,"A",,"R",80,"R",0,"R",80,"R",1,"R",1,"R",52,"R",65,"R",0,"R",80,"R",2,"R",0,"R",54,"R",68
449968,"A",,"A",,"A",,"A",,"A",,"A",,"A",,"A",,"A",,"A",,"A",,"A",,"A",,"R",103,"R",1,"R",102,"R",4,"R",4,"R",57,"R",56,"Z",0,"R",102,"R",0,"Z",0,"R",57,"R",56
449977,"A",,"A",,"A",,"A",,"A",,"A",,"A",,"A",,"A",,"A",,"A",,"A",,"A",,"R",21,"R",0,"R",21,"R",1,"R",5,"R",15,"R",71,"Z",0,"R",21,"R",0,"Z",0,"R",15,"R",71
449986,"A",,"A",,"A",,"A",,"A",,"A",,"A",,"A",,"A",,"A",,"A",,"A",,"A",,"R",36,"R",0,"R",36,"R",0,"R",0,"R",21,"R",58,"Z",0,"R",36,"R",0,"Z",0,"R",21,"R",58
449995,"A",,"A",,"A",,"A",,"A",,"A",,"A",,"A",,"A",,"A",,"A",,"A",,"A",,"R",79,"R",0,"R",79,"R",1,"R",1,"R",50,"R",63,"Z",0,"R",79,"R",0,"Z",0,"R",50,"R",63
450058,"A",,"A",,"A",,"A",,"A",,"A",,"A",,"A",,"A",,"A",,"A",,"A",,"A",,"R",243,"R",0,"R",243,"R",51,"R",21,"R",106,"R",44,"Z",0,"R",243,"R",0,"Z",0,"R",106,"R",44
450067,"A",,"A",,"A",,"A",,"A",,"A",,"A",,"A",,"A",,"A",,"A",,"A",,"A",,"R",187,"R",0,"R",187,"R",39,"R",21,"R",79,"R",42,"Z",0,"R",187,"R",0,"Z",0,"R",79,"R",42
450128,"A",,"A",,"A",,"A",,"A",,"A",,"A",,"A",,"A",,"A",,"A",,"A",,"A",,"R",285,"R",1,"R",284,"R",44,"R",15,"R",112,"R",39,"R",0,"R",284,"R",13,"R",2,"R",125,"R",44
450298,"R",1,"R",0,"R",1,"Z",0,"R",0,"Z",0,"R",0,"Z",0,"R",1,"R",0,"Z",0,"R",0,"R",0,"A",,"A",,"A",,"A",,"A",,"A",,"A",,"A",,"A",,"A",,"A",,"A",,"A",
450395,"A",,"A",,"A",,"A",,"A",,"A",,"A",,"A",,"A",,"A",,"A",,"A",,"A",,"R",24,"R",0,"R",24,"R",1,"R",4,"R",17,"R",71,"R",0,"R",24,"R",2,"R",2,"R",19,"R",79
450401,"A",,"A",,"A",,"A",,"A",,"A",,"A",,"A",,"A",,"A",,"A",,"A",,"A",,"R",386,"R",0,"R",386,"R",284,"R",74,"R",284,"R",74,"Z",0,"R",386,"R",0,"Z",0,"R",284,"R",74
450571,"R",1,"R",0,"R",1,"Z",0,"R",0,"Z",0,"R",0,"Z",0,"R",1,"R",0,"Z",0,"R",0,"R",0,"A",,"A",,"A",,"A",,"A",,"A",,"A",,"A",,"A",,"A",,"A",,"A",,"A",
450599,"A",,"A",,"A",,"A",,"A",,"A",,"A",,"A",,"A",,"A",,"A",,"A",,"A",,"R",39,"R",0,"R",39,"R",0,"R",0,"R",13,"R",33,"Z",0,"R",39,"R",0,"Z",0,"R",13,"R",33
450605,"A",,"A",,"A",,"A",,"A",,"A",,"A",,"A",,"A",,"A",,"A",,"A",,"A",,"R",33,"R",0,"R",33,"R",0,"R",0,"R",15,"R",45,"R",0,"R",33,"R",0,"R",0,"R",15,"R",45
450614,"A",,"A",,"A",,"A",,"A",,"A",,"A",,"A",,"A",,"A",,"A",,"A",,"A",,"R",34,"R",0,"R",34,"R",0,"R",0,"R",12,"R",35,"Z",0,"R",34,"R",0,"Z",0,"R",12,"R",35
450641,"A",,"A",,"A",,"A",,"A",,"A",,"A",,"A",,"A",,"A",,"A",,"A",,"A",,"R",39,"R",1,"R",38,"R",2,"R",5,"R",24,"R",63,"Z",0,"R",38,"R",0,"Z",0,"R",24,"R",63
450650,"A",,"A",,"A",,"A",,"A",,"A",,"A",,"A",,"A",,"A",,"A",,"A",,"A",,"R",90,"R",0,"R",90,"R",6,"R",7,"R",76,"R",84,"Z",0,"R",90,"R",0,"Z",0,"R",76,"R",84
450696,"A",,"A",,"A",,"A",,"A",,"A",,"A",,"A",,"A",,"A",,"A",,"A",,"A",,"R",196,"R",1,"R",195,"R",30,"R",15,"R",88,"R",45,"R",0,"R",195,"R",7,"R",10,"R",95,"R",49
450711,"A",,"A",,"A",,"A",,"A",,"A",,"A",,"A",,"A",,"A",,"A",,"A",,"A",,"R",83,"R",0,"R",83,"R",53,"R",64,"R",56,"R",67,"Z",0,"R",83,"R",0,"Z",0,"R",56,"R",67
450720,"A",,"A",,"A",,"A",,"A",,"A",,"A",,"A",,"A",,"A",,"A",,"A",,"A",,"R",561,"R",0,"R",561,"R",19,"R",3,"R",310,"R",55,"R",0,"R",561,"R",31,"R",0,"R",341,"R",61
450933,"R",455,"R",2,"R",453,"R",83,"R",18,"R",110,"R",24,"R",0,"R",453,"R",11,"R",22,"R",121,"R",27,"A",,"A",,"A",,"A",,"A",,"A",,"A",,"A",,"A",,"A",,"A",,"A",,"A",
450951,"A",,"A",,"A",,"A",,"A",,"A",,"A",,"A",,"A",,"A",,"A",,"A",,"A",,"R",78,"R",0,"R",78,"R",55,"R",71,"R",64,"R",82,"Z",0,"R",78,"R",0,"Z",0,"R",64,"R",82
450960,"A",,"A",,"A",,"A",,"A",,"A",,"A",,"A",,"A",,"A",,"A",,"A",,"A",,"R",101,"R",0,"R",101,"R",55,"R",54,"R",55,"R",54,"Z",0,"R",101,"R",0,"Z",0,"R",55,"R",54
450988,"A",,"A",,"A",,"A",,"A",,"A",,"A",,"A",,"A",,"A",,"A",,"A",,"A",,"R",179,"R",0,"R",179,"R",2,"R",1,"R",145,"R",81,"R",0,"R",179,"R",6,"R",0,"R",151,"R",84
451042,"A",,"A",,"A",,"A",,"A",,"A",,"A",,"A",,"A",,"A",,"A",,"A",,"A",,"R",12,"R",0,"R",12,"R",2,"R",17,"R",10,"R",83,"R",0,"R",12,"R",0,"R",0,"R",10,"R",83
451097,"A",,"A",,"A",,"A",,"A",,"A",,"A",,"A",,"A",,"A",,"A",,"A",,"A",,"R",86,"R",0,"R",86,"R",73,"R",85,"R",73,"R",85,"Z",0,"R",86,"R",0,"Z",0,"R",73,"R",85
451103,"R",7,"R",0,"R",7,"Z",0,"R",0,"Z",0,"R",0,"Z",0,"R",7,"R",0,"Z",0,"R",0,"R",0,"A",,"A",,"A",,"A",,"A",,"A",,"A",,"A",,"A",,"A",,"A",,"A",,"A",
451121,"A",,"A",,"A",,"A",,"A",,"A",,"A",,"A",,"A",,"A",,"A",,"A",,"A",,"R",14,"R",0,"R",14,"R",0,"R",0,"R",13,"R",93,"Z",0,"R",14,"R",0,"Z",0,"R",13,"R",93
451149,"A",,"A",,"A",,"A",,"A",,"A",,"A",,"A",,"A",,"A",,"A",,"A",,"A",,"R",101,"R",0,"R",101,"R",23,"R",23,"R",73,"R",72,"Z",0,"R",101,"R",0,"Z",0,"R",73,"R",72
451158,"A",,"A",,"A",,"A",,"A",,"A",,"A",,"A",,"A",,"A",,"A",,"A",,"A",,"R",231,"R",1,"R",230,"R",128,"R",56,"R",139,"R",60,"Z",0,"R",230,"R",0,"Z",0,"R",139,"R",60
451167,"A",,"A",,"A",,"A",,"A",,"A",,"A",,"A",,"A",,"A",,"A",,"A",,"A",,"R",30,"R",0,"R",30,"R",10,"R",33,"R",24,"R",80,"Z",0,"R",30,"R",0,"Z",0,"R",24,"R",80
451194,"A",,"A",,"A",,"A",,"A",,"A",,"A",,"A",,"A",,"A",,"A",,"A",,"A",,"R",4,"R",0,"R",4,"R",4,"R",100,"R",4,"R",100,"Z",0,"R",4,"R",0,"Z",0,"R",4,"R",100
451228,"A",,"A",,"A",,"A",,"A",,"A",,"A",,"A",,"A",,"A",,"A",,"A",,"A",,"R",112,"R",2,"R",110,"R",73,"R",66,"R",73,"R",66,"Z",0,"R",110,"R",0,"Z",0,"R",73,"R",66
451237,"A",,"A",,"A",,"A",,"A",,"A",,"A",,"A",,"A",,"A",,"A",,"A",,"A",,"R",54,"R",0,"R",54,"R",4,"R",7,"R",34,"R",63,"R",0,"R",54,"R",5,"R",0,"R",39,"R",72
451255,"A",,"A",,"A",,"A",,"A",,"A",,"A",,"A",,"A",,"A",,"A",,"A",,"A",,"R",60,"R",0,"R",60,"R",29,"R",48,"R",41,"R",68,"Z",0,"R",60,"R",0,"Z",0,"R",41,"R",68
451282,"A",,"A",,"A",,"A",,"A",,"A",,"A",,"A",,"A",,"A",,"A",,"A",,"A",,"R",32,"R",0,"R",32,"R",4,"R",13,"R",25,"R",78,"Z",0,"R",32,"R",0,"Z",0,"R",25,"R",78
451307,"A",,"A",,"A",,"A",,"A",,"A",,"A",,"A",,"A",,"A",,"A",,"A",,"A",,"R",3,"R",0,"R",3,"R",3,"R",100,"R",3,"R",100,"Z",0,"R",3,"R",0,"Z",0,"R",3,"R",100
451316,"A",,"A",,"A",,"A",,"A",,"A",,"A",,"A",,"A",,"A",,"A",,"A",,"A",,"R",32,"R",0,"R",32,"R",0,"R",0,"R",16,"R",50,"R",0,"R",32,"R",3,"Z",0,"R",19,"R",59
451334,"A",,"A",,"A",,"A",,"A",,"A",,"A",,"A",,"A",,"A",,"A",,"A",,"A",,"R",166,"R",0,"R",166,"R",39,"R",23,"R",89,"R",54,"R",0,"R",166,"R",19,"R",4,"R",108,"R",65
451343,"A",,"A",,"A",,"A",,"A",,"A",,"A",,"A",,"A",,"A",,"A",,"A",,"A",,"R",17,"R",0,"R",17,"R",1,"R",6,"R",7,"R",41,"R",0,"R",17,"R",0,"R",0,"R",7,"R",41
451352,"A",,"A",,"A",,"A",,"A",,"A",,"A",,"A",,"A",,"A",,"A",,"A",,"A",,"R",75,"R",0,"R",75,"R",42,"R",56,"R",42,"R",56,"Z",0,"R",75,"R",0,"Z",0,"R",42,"R",56
451370,"R",9,"R",0,"R",9,"Z",0,"R",0,"R",1,"R",11,"R",0,"R",9,"R",1,"R",0,"R",2,"R",22,"A",,"A",,"A",,"A",,"A",,"A",,"A",,"A",,"A",,"A",,"A",,"A",,"A",
451398,"R",61,"R",0,"R",61,"Z",0,"R",0,"R",8,"R",13,"R",0,"R",61,"R",1,"R",0,"R",9,"R",15,"A",,"A",,"A",,"A",,"A",,"A",,"A",,"A",,"A",,"A",,"A",,"A",,"A",
451404,"R",79,"R",0,"R",79,"Z",0,"R",0,"R",24,"R",30,"Z",0,"R",79,"R",0,"Z",0,"R",24,"R",30,"A",,"A",,"A",,"A",,"A",,"A",,"A",,"A",,"A",,"A",,"A",,"A",,"A",
451413,"A",,"A",,"A",,"A",,"A",,"A",,"A",,"A",,"A",,"A",,"A",,"A",,"A",,"R",16,"R",0,"R",16,"R",16,"R",100,"R",16,"R",100,"Z",0,"R",16,"R",0,"Z",0,"R",16,"R",100
451459,"A",,"A",,"A",,"A",,"A",,"A",,"A",,"A",,"A",,"A",,"A",,"A",,"A",,"R",81,"R",0,"R",81,"R",63,"R",78,"R",63,"R",78,"Z",0,"R",81,"R",0,"Z",0,"R",63,"R",78
451468,"A",,"A",,"A",,"A",,"A",,"A",,"A",,"A",,"A",,"A",,"A",,"A",,"A",,"R",114,"R",0,"R",114,"R",28,"R",25,"R",90,"R",79,"R",0,"R",114,"R",0,"R",0,"R",90,"R",79
451477,"A",,"A",,"A",,"A",,"A",,"A",,"A",,"A",,"A",,"A",,"A",,"A",,"A",,"R",748,"R",5,"R",743,"R",563,"R",76,"R",563,"R",76,"Z",0,"R",743,"R",0,"Z",0,"R",563,"R",76
451495,"A",,"A",,"A",,"A",,"A",,"A",,"A",,"A",,"A",,"A",,"A",,"A",,"A",,"R",168,"R",0,"R",168,"R",13,"R",8,"R",88,"R",52,"Z",0,"R",168,"R",0,"Z",0,"R",88,"R",52
451501,"A",,"A",,"A",,"A",,"A",,"A",,"A",,"A",,"A",,"A",,"A",,"A",,"A",,"R",124,"R",0,"R",124,"R",99,"R",80,"R",99,"R",80,"Z",0,"R",124,"R",0,"Z",0,"R",99,"R",80
451529,"A",,"A",,"A",,"A",,"A",,"A",,"A",,"A",,"A",,"A",,"A",,"A",,"A",,"R",56,"R",0,"R",56,"R",4,"R",7,"R",46,"R",82,"Z",0,"R",56,"R",0,"Z",0,"R",46,"R",82
451547,"A",,"A",,"A",,"A",,"A",,"A",,"A",,"A",,"A",,"A",,"A",,"A",,"A",,"R",24,"R",0,"R",24,"R",19,"R",79,"R",20,"R",83,"Z",0,"R",24,"R",0,"Z",0,"R",20,"R",83
451556,"R",170,"R",0,"R",170,"R",104,"R",61,"R",104,"R",61,"R",0,"R",170,"R",0,"R",0,"R",104,"R",61,"A",,"A",,"A",,"A",,"A",,"A",,"A",,"A",,"A",,"A",,"A",,"A",,"A",
451565,"A",,"A",,"A",,"A",,"A",,"A",,"A",,"A",,"A",,"A",,"A",,"A",,"A",,"R",55,"R",0,"R",55,"R",3,"R",5,"R",31,"R",56,"Z",0,"R",55,"R",0,"Z",0,"R",31,"R",56
451574,"A",,"A",,"A",,"A",,"A",,"A",,"A",,"A",,"A",,"A",,"A",,"A",,"A",,"R",73,"R",0,"R",73,"R",6,"R",8,"R",65,"R",89,"Z",0,"R",73,"R",0,"Z",0,"R",65,"R",89
451583,"A",,"A",,"A",,"A",,"A",,"A",,"A",,"A",,"A",,"A",,"A",,"A",,"A",,"R",75,"R",0,"R",75,"R",36,"R",48,"R",49,"R",65,"R",0,"R",75,"R",1,"R",0,"R",50,"R",67
451626,"A",,"A",,"A",,"A",,"A",,"A",,"A",,"A",,"A",,"A",,"A",,"A",,"A",,"R",33,"R",0,"R",33,"R",9,"R",27,"R",25,"R",76,"R",0,"R",33,"R",6,"R",2,"R",31,"R",94
451714,"A",,"A",,"A",,"A",,"A",,"A",,"A",,"A",,"A",,"A",,"A",,"A",,"A",,"R",43,"R",0,"R",43,"R",2,"R",5,"R",24,"R",56,"Z",0,"R",43,"R",0,"Z",0,"R",24,"R",56
451857,"A",,"A",,"A",,"A",,"A",,"A",,"A",,"A",,"A",,"A",,"A",,"A",,"A",,"R",123,"R",0,"R",123,"R",21,"R",17,"R",43,"R",35,"R",0,"R",123,"R",1,"Z",0,"R",44,"R",36
451866,"R",15,"R",0,"R",15,"R",8,"R",53,"R",8,"R",53,"Z",0,"R",15,"R",0,"Z",0,"R",8,"R",53,"A",,"A",,"A",,"A",,"A",,"A",,"A",,"A",,"A",,"A",,"A",,"A",,"A",
451918,"A",,"A",,"A",,"A",,"A",,"A",,"A",,"A",,"A",,"A",,"A",,"A",,"A",,"R",32,"R",0,"R",32,"R",4,"R",13,"R",19,"R",59,"Z",0,"R",32,"R",0,"Z",0,"R",19,"R",59
451927,"R",69,"R",0,"R",69,"R",43,"R",62,"R",49,"R",71,"R",0,"R",69,"R",1,"R",0,"R",50,"R",72,"A",,"A",,"A",,"A",,"A",,"A",,"A",,"A",,"A",,"A",,"A",,"A",,"A",
452009,"A",,"A",,"A",,"A",,"A",,"A",,"A",,"A",,"A",,"A",,"A",,"A",,"A",,"R",16,"R",0,"R",16,"R",14,"R",88,"R",14,"R",88,"Z",0,"R",16,"R",0,"Z",0,"R",14,"R",88
452072,"A",,"A",,"A",,"A",,"A",,"A",,"A",,"A",,"A",,"A",,"A",,"A",,"A",,"R",42,"R",0,"R",42,"R",16,"R",38,"R",34,"R",81,"Z",0,"R",42,"R",0,"Z",0,"R",34,"R",81
452081,"A",,"A",,"A",,"A",,"A",,"A",,"A",,"A",,"A",,"A",,"A",,"A",,"A",,"R",126,"R",0,"R",126,"R",24,"R",19,"R",42,"R",33,"Z",0,"R",126,"R",0,"Z",0,"R",42,"R",33
452106,"A",,"A",,"A",,"A",,"A",,"A",,"A",,"A",,"A",,"A",,"A",,"A",,"A",,"R",23,"R",0,"R",23,"R",13,"R",57,"R",13,"R",57,"R",0,"R",23,"R",0,"R",0,"R",13,"R",57
452124,"A",,"A",,"A",,"A",,"A",,"A",,"A",,"A",,"A",,"A",,"A",,"A",,"A",,"R",169,"R",0,"R",169,"R",45,"R",27,"R",83,"R",49,"Z",0,"R",169,"R",0,"Z",0,"R",83,"R",49
452887,"A",,"A",,"A",,"A",,"A",,"A",,"A",,"A",,"A",,"A",,"A",,"A",,"A",,"R",19,"R",0,"R",19,"R",12,"R",63,"R",14,"R",74,"Z",0,"R",19,"R",0,"Z",0,"R",14,"R",74
453163,"R",2,"R",0,"R",2,"Z",0,"R",0,"Z",0,"R",0,"Z",0,"R",2,"R",0,"Z",0,"R",0,"R",0,"A",,"A",,"A",,"A",,"A",,"A",,"A",,"A",,"A",,"A",,"A",,"A",,"A",
453215,"R",1,"R",0,"R",1,"Z",0,"R",0,"Z",0,"R",0,"Z",0,"R",1,"R",0,"Z",0,"R",0,"R",0,"A",,"A",,"A",,"A",,"A",,"A",,"A",,"A",,"A",,"A",,"A",,"A",,"A",
453297,"A",,"A",,"A",,"A",,"A",,"A",,"A",,"A",,"A",,"A",,"A",,"A",,"A",,"R",23,"R",0,"R",23,"R",5,"R",22,"R",11,"R",48,"R",0,"R",23,"R",1,"R",0,"R",12,"R",52
453756,"A",,"A",,"A",,"A",,"A",,"A",,"A",,"A",,"A",,"A",,"A",,"A",,"A",,"R",75,"R",0,"R",75,"R",45,"R",60,"R",51,"R",68,"Z",0,"R",75,"R",0,"Z",0,"R",51,"R",68
453792,"A",,"A",,"A",,"A",,"A",,"A",,"A",,"A",,"A",,"A",,"A",,"A",,"A",,"R",61,"R",0,"R",61,"R",51,"R",84,"R",51,"R",84,"R",0,"R",61,"R",0,"R",0,"R",51,"R",84
454227,"R",15,"R",0,"R",15,"R",11,"R",73,"R",11,"R",73,"Z",0,"R",15,"R",0,"Z",0,"R",11,"R",73,"A",,"A",,"A",,"A",,"A",,"A",,"A",,"A",,"A",,"A",,"A",,"A",,"A",
454236,"R",18,"R",0,"R",18,"R",9,"R",50,"R",9,"R",50,"Z",0,"R",18,"R",0,"Z",0,"R",9,"R",50,"A",,"A",,"A",,"A",,"A",,"A",,"A",,"A",,"A",,"A",,"A",,"A",,"A",
454245,"R",2,"R",0,"R",2,"R",1,"R",50,"R",1,"R",50,"Z",0,"R",2,"R",0,"Z",0,"R",1,"R",50,"A",,"A",,"A",,"A",,"A",,"A",,"A",,"A",,"A",,"A",,"A",,"A",,"A",
454537,"A",,"A",,"A",,"A",,"A",,"A",,"A",,"A",,"A",,"A",,"A",,"A",,"A",,"R",41,"R",0,"R",41,"R",33,"R",80,"R",33,"R",80,"Z",0,"R",41,"R",0,"Z",0,"R",33,"R",80
454546,"A",,"A",,"A",,"A",,"A",,"A",,"A",,"A",,"A",,"A",,"A",,"A",,"A",,"R",54,"R",0,"R",54,"R",1,"R",2,"R",19,"R",35,"R",0,"R",54,"R",6,"Z",0,"R",25,"R",46
454555,"A",,"A",,"A",,"A",,"A",,"A",,"A",,"A",,"A",,"A",,"A",,"A",,"A",,"R",161,"R",0,"R",161,"R",1,"R",1,"R",80,"R",50,"R",0,"R",161,"R",34,"R",0,"R",114,"R",71
454607,"A",,"A",,"A",,"A",,"A",,"A",,"A",,"A",,"A",,"A",,"A",,"A",,"A",,"R",64,"R",0,"R",64,"R",22,"R",34,"R",41,"R",64,"Z",0,"R",64,"R",0,"Z",0,"R",41,"R",64
454652,"A",,"A",,"A",,"A",,"A",,"A",,"A",,"A",,"A",,"A",,"A",,"A",,"A",,"R",36,"R",0,"R",36,"R",0,"R",0,"R",22,"R",61,"Z",0,"R",36,"R",0,"Z",0,"R",22,"R",61
454698,"A",,"A",,"A",,"A",,"A",,"A",,"A",,"A",,"A",,"A",,"A",,"A",,"A",,"R",225,"R",0,"R",225,"R",55,"R",24,"R",143,"R",64,"R",0,"R",225,"R",6,"R",1,"R",149,"R",66
454722,"A",,"A",,"A",,"A",,"A",,"A",,"A",,"A",,"A",,"A",,"A",,"A",,"A",,"R",5,"R",0,"R",5,"R",0,"R",0,"R",2,"R",40,"Z",0,"R",5,"R",0,"Z",0,"R",2,"R",40
454759,"A",,"A",,"A",,"A",,"A",,"A",,"A",,"A",,"A",,"A",,"A",,"A",,"A",,"R",2,"R",0,"R",2,"R",1,"R",50,"R",1,"R",50,"Z",0,"R",2,"R",0,"Z",0,"R",1,"R",50
454768,"A",,"A",,"A",,"A",,"A",,"A",,"A",,"A",,"A",,"A",,"A",,"A",,"A",,"R",15,"R",0,"R",15,"R",0,"R",0,"R",9,"R",60,"Z",0,"R",15,"R",0,"Z",0,"R",9,"R",60
454777,"A",,"A",,"A",,"A",,"A",,"A",,"A",,"A",,"A",,"A",,"A",,"A",,"A",,"R",17,"R",0,"R",17,"R",2,"R",12,"R",4,"R",24,"Z",0,"R",17,"R",0,"Z",0,"R",4,"R",24
454795,"A",,"A",,"A",,"A",,"A",,"A",,"A",,"A",,"A",,"A",,"A",,"A",,"A",,"R",31,"R",0,"R",31,"R",10,"R",32,"R",14,"R",45,"Z",0,"R",31,"R",0,"Z",0,"R",14,"R",45
454801,"A",,"A",,"A",,"A",,"A",,"A",,"A",,"A",,"A",,"A",,"A",,"A",,"A",,"R",33,"R",0,"R",33,"R",15,"R",45,"R",15,"R",45,"R",0,"R",33,"R",6,"R",0,"R",21,"R",64
454810,"A",,"A",,"A",,"A",,"A",,"A",,"A",,"A",,"A",,"A",,"A",,"A",,"A",,"R",5865,"R",4,"R",5861,"R",2235,"R",38,"R",2709,"R",46,"R",0,"R",5861,"R",41,"R",0,"R",2750,"R",47
454874,"A",,"A",,"A",,"A",,"A",,"A",,"A",,"A",,"A",,"A",,"A",,"A",,"A",,"R",23,"R",0,"R",23,"R",1,"R",4,"R",17,"R",74,"Z",0,"R",23,"R",0,"Z",0,"R",17,"R",74
454917,"A",,"A",,"A",,"A",,"A",,"A",,"A",,"A",,"A",,"A",,"A",,"A",,"A",,"R",110,"R",0,"R",110,"R",47,"R",43,"R",88,"R",80,"R",0,"R",110,"R",22,"R",0,"R",110,"R",100
454926,"A",,"A",,"A",,"A",,"A",,"A",,"A",,"A",,"A",,"A",,"A",,"A",,"A",,"R",74,"R",7,"R",67,"R",5,"R",7,"R",29,"R",43,"Z",0,"R",67,"R",0,"Z",0,"R",29,"R",43
454935,"A",,"A",,"A",,"A",,"A",,"A",,"A",,"A",,"A",,"A",,"A",,"A",,"A",,"R",45,"R",0,"R",45,"R",29,"R",64,"R",37,"R",82,"Z",0,"R",45,"R",0,"Z",0,"R",37,"R",82
454944,"A",,"A",,"A",,"A",,"A",,"A",,"A",,"A",,"A",,"A",,"A",,"A",,"A",,"R",37,"R",0,"R",37,"R",8,"R",22,"R",28,"R",76,"Z",0,"R",37,"R",0,"Z",0,"R",28,"R",76
454953,"A",,"A",,"A",,"A",,"A",,"A",,"A",,"A",,"A",,"A",,"A",,"A",,"A",,"R",11,"R",0,"R",11,"R",6,"R",55,"R",7,"R",64,"R",0,"R",11,"R",0,"R",0,"R",7,"R",64
454962,"A",,"A",,"A",,"A",,"A",,"A",,"A",,"A",,"A",,"A",,"A",,"A",,"A",,"R",22,"R",0,"R",22,"R",16,"R",73,"R",19,"R",86,"R",0,"R",22,"R",1,"R",0,"R",20,"R",91
454971,"A",,"A",,"A",,"A",,"A",,"A",,"A",,"A",,"A",,"A",,"A",,"A",,"A",,"R",5,"R",0,"R",5,"R",0,"R",0,"R",3,"R",60,"Z",0,"R",5,"R",0,"Z",0,"R",3,"R",60
454980,"A",,"A",,"A",,"A",,"A",,"A",,"A",,"A",,"A",,"A",,"A",,"A",,"A",,"R",4,"R",0,"R",4,"R",1,"R",25,"R",4,"R",100,"Z",0,"R",4,"R",0,"Z",0,"R",4,"R",100
454999,"A",,"A",,"A",,"A",,"A",,"A",,"A",,"A",,"A",,"A",,"A",,"A",,"A",,"R",10,"R",0,"R",10,"R",0,"R",0,"R",5,"R",50,"Z",0,"R",10,"R",0,"Z",0,"R",5,"R",50
455008,"A",,"A",,"A",,"A",,"A",,"A",,"A",,"A",,"A",,"A",,"A",,"A",,"A",,"R",33,"R",0,"R",33,"R",3,"R",9,"R",21,"R",64,"Z",0,"R",33,"R",0,"Z",0,"R",21,"R",64
455062,"A",,"A",,"A",,"A",,"A",,"A",,"A",,"A",,"A",,"A",,"A",,"A",,"A",,"R",7,"R",0,"R",7,"R",0,"R",0,"R",7,"R",100,"Z",0,"R",7,"R",0,"Z",0,"R",7,"R",100
455080,"A",,"A",,"A",,"A",,"A",,"A",,"A",,"A",,"A",,"A",,"A",,"A",,"A",,"R",52,"R",0,"R",52,"R",5,"R",10,"R",33,"R",63,"Z",0,"R",52,"R",0,"Z",0,"R",33,"R",63
455105,"A",,"A",,"A",,"A",,"A",,"A",,"A",,"A",,"A",,"A",,"A",,"A",,"A",,"R",2,"R",0,"R",2,"R",1,"R",50,"R",2,"R",100,"Z",0,"R",2,"R",0,"Z",0,"R",2,"R",100
455114,"A",,"A",,"A",,"A",,"A",,"A",,"A",,"A",,"A",,"A",,"A",,"A",,"A",,"R",962,"R",0,"R",962,"R",151,"R",16,"R",256,"R",27,"R",0,"R",962,"R",43,"R",74,"R",299,"R",31
455141,"A",,"A",,"A",,"A",,"A",,"A",,"A",,"A",,"A",,"A",,"A",,"A",,"A",,"R",128,"R",0,"R",128,"R",16,"R",13,"R",90,"R",70,"Z",0,"R",128,"R",0,"Z",0,"R",90,"R",70
455187,"A",,"A",,"A",,"A",,"A",,"A",,"A",,"A",,"A",,"A",,"A",,"A",,"A",,"R",187,"R",0,"R",187,"R",101,"R",54,"R",139,"R",74,"R",0,"R",187,"Z",0,"R",0,"R",139,"R",74
455196,"A",,"A",,"A",,"A",,"A",,"A",,"A",,"A",,"A",,"A",,"A",,"A",,"A",,"R",258,"R",0,"R",258,"R",45,"R",17,"R",76,"R",29,"R",0,"R",258,"R",13,"R",13,"R",89,"R",34
455202,"A",,"A",,"A",,"A",,"A",,"A",,"A",,"A",,"A",,"A",,"A",,"A",,"A",,"R",32,"R",0,"R",32,"R",24,"R",75,"R",24,"R",75,"R",0,"R",32,"R",2,"R",0,"R",26,"R",81
455211,"A",,"A",,"A",,"A",,"A",,"A",,"A",,"A",,"A",,"A",,"A",,"A",,"A",,"R",231,"R",0,"R",231,"R",3,"R",1,"R",149,"R",65,"Z",0,"R",231,"R",0,"Z",0,"R",149,"R",65
455220,"A",,"A",,"A",,"A",,"A",,"A",,"A",,"A",,"A",,"A",,"A",,"A",,"A",,"R",54,"R",1,"R",53,"R",4,"R",8,"R",40,"R",75,"R",1,"R",52,"R",0,"R",1,"R",40,"R",77
455257,"R",87,"R",0,"R",87,"Z",0,"R",0,"R",41,"R",47,"R",0,"R",87,"R",3,"R",0,"R",44,"R",51,"A",,"A",,"A",,"A",,"A",,"A",,"A",,"A",,"A",,"A",,"A",,"A",,"A",
455275,"A",,"A",,"A",,"A",,"A",,"A",,"A",,"A",,"A",,"A",,"A",,"A",,"A",,"R",144,"R",0,"R",144,"R",10,"R",7,"R",91,"R",63,"Z",0,"R",144,"R",0,"Z",0,"R",91,"R",63
455284,"A",,"A",,"A",,"A",,"A",,"A",,"A",,"A",,"A",,"A",,"A",,"A",,"A",,"R",67,"R",0,"R",67,"R",9,"R",13,"R",48,"R",72,"Z",0,"R",67,"R",0,"Z",0,"R",48,"R",72
455327,"A",,"A",,"A",,"A",,"A",,"A",,"A",,"A",,"A",,"A",,"A",,"A",,"A",,"R",12,"R",0,"R",12,"R",2,"R",17,"R",5,"R",42,"R",0,"R",12,"R",1,"R",0,"R",6,"R",50
455336,"A",,"A",,"A",,"A",,"A",,"A",,"A",,"A",,"A",,"A",,"A",,"A",,"A",,"R",56,"R",0,"R",56,"R",33,"R",59,"R",35,"R",63,"Z",0,"R",56,"R",0,"Z",0,"R",35,"R",63
455354,"A",,"A",,"A",,"A",,"A",,"A",,"A",,"A",,"A",,"A",,"A",,"A",,"A",,"R",104,"R",0,"R",104,"R",12,"R",12,"R",75,"R",72,"Z",0,"R",104,"R",0,"Z",0,"R",75,"R",72
455381,"A",,"A",,"A",,"A",,"A",,"A",,"A",,"A",,"A",,"A",,"A",,"A",,"A",,"R",27,"R",0,"R",27,"R",20,"R",74,"R",25,"R",93,"R",0,"R",27,"R",0,"R",0,"R",25,"R",93
455460,"A",,"A",,"A",,"A",,"A",,"A",,"A",,"A",,"A",,"A",,"A",,"A",,"A",,"R",91,"R",0,"R",91,"R",28,"R",31,"R",47,"R",52,"Z",0,"R",91,"R",0,"Z",0,"R",47,"R",52
455479,"A",,"A",,"A",,"A",,"A",,"A",,"A",,"A",,"A",,"A",,"A",,"A",,"A",,"R",147,"R",0,"R",147,"R",51,"R",35,"R",80,"R",54,"Z",0,"R",147,"R",0,"Z",0,"R",80,"R",54
455488,"A",,"A",,"A",,"A",,"A",,"A",,"A",,"A",,"A",,"A",,"A",,"A",,"A",,"R",165,"R",0,"R",165,"R",32,"R",19,"R",83,"R",50,"Z",0,"R",165,"R",0,"Z",0,"R",83,"R",50
455512,"A",,"A",,"A",,"A",,"A",,"A",,"A",,"A",,"A",,"A",,"A",,"A",,"A",,"R",285,"R",0,"R",285,"R",46,"R",16,"R",97,"R",34,"R",0,"R",285,"R",21,"R",14,"R",118,"R",41
455628,"A",,"A",,"A",,"A",,"A",,"A",,"A",,"A",,"A",,"A",,"A",,"A",,"A",,"R",202,"R",0,"R",202,"R",42,"R",21,"R",74,"R",37,"Z",0,"R",202,"R",0,"Z",0,"R",74,"R",37
455725,"A",,"A",,"A",,"A",,"A",,"A",,"A",,"A",,"A",,"A",,"A",,"A",,"A",,"R",753,"R",0,"R",753,"R",351,"R",47,"R",544,"R",72,"R",0,"R",753,"R",0,"R",0,"R",544,"R",72
455734,"A",,"A",,"A",,"A",,"A",,"A",,"A",,"A",,"A",,"A",,"A",,"A",,"A",,"R",156,"R",0,"R",156,"R",127,"R",81,"R",132,"R",85,"R",0,"R",156,"R",3,"R",0,"R",135,"R",87
455761,"A",,"A",,"A",,"A",,"A",,"A",,"A",,"A",,"A",,"A",,"A",,"A",,"A",,"R",87,"R",0,"R",87,"R",42,"R",48,"R",67,"R",77,"R",0,"R",87,"R",2,"R",1,"R",69,"R",79
455770,"R",53,"R",0,"R",53,"R",21,"R",40,"R",25,"R",47,"Z",0,"R",53,"R",1,"R",0,"R",26,"R",49,"A",,"A",,"A",,"A",,"A",,"A",,"A",,"A",,"A",,"A",,"A",,"A",,"A",
455798,"A",,"A",,"A",,"A",,"A",,"A",,"A",,"A",,"A",,"A",,"A",,"A",,"A",,"R",45,"R",1,"R",44,"R",14,"R",32,"R",32,"R",73,"R",0,"R",44,"R",3,"R",0,"R",35,"R",80
455831,"A",,"A",,"A",,"A",,"A",,"A",,"A",,"A",,"A",,"A",,"A",,"A",,"A",,"R",100,"R",0,"R",100,"R",85,"R",85,"R",95,"R",95,"Z",0,"R",100,"R",0,"Z",0,"R",95,"R",95
455859,"A",,"A",,"A",,"A",,"A",,"A",,"A",,"A",,"A",,"A",,"A",,"A",,"A",,"R",127,"R",0,"R",127,"R",7,"R",6,"R",105,"R",83,"Z",0,"R",127,"R",0,"Z",0,"R",105,"R",83
455868,"A",,"A",,"A",,"A",,"A",,"A",,"A",,"A",,"A",,"A",,"A",,"A",,"A",,"R",104,"R",0,"R",104,"R",28,"R",27,"R",69,"R",66,"Z",0,"R",104,"R",0,"Z",0,"R",69,"R",66
455877,"A",,"A",,"A",,"A",,"A",,"A",,"A",,"A",,"A",,"A",,"A",,"A",,"A",,"R",31,"R",0,"R",31,"R",0,"R",0,"R",18,"R",58,"Z",0,"R",31,"R",0,"Z",0,"R",18,"R",58
455886,"A",,"A",,"A",,"A",,"A",,"A",,"A",,"A",,"A",,"A",,"A",,"A",,"A",,"R",5,"R",0,"R",5,"R",5,"R",100,"R",5,"R",100,"Z",0,"R",5,"R",0,"Z",0,"R",5,"R",100
455895,"A",,"A",,"A",,"A",,"A",,"A",,"A",,"A",,"A",,"A",,"A",,"A",,"A",,"R",12,"R",0,"R",12,"R",2,"R",17,"R",6,"R",50,"Z",0,"R",12,"R",0,"Z",0,"R",6,"R",50
455901,"A",,"A",,"A",,"A",,"A",,"A",,"A",,"A",,"A",,"A",,"A",,"A",,"A",,"R",42,"R",0,"R",42,"R",1,"R",2,"R",27,"R",64,"Z",0,"R",42,"R",0,"Z",0,"R",27,"R",64
455910,"A",,"A",,"A",,"A",,"A",,"A",,"A",,"A",,"A",,"A",,"A",,"A",,"A",,"R",45,"R",0,"R",45,"R",19,"R",42,"R",34,"R",76,"Z",0,"R",45,"R",0,"Z",0,"R",34,"R",76
455929,"A",,"A",,"A",,"A",,"A",,"A",,"A",,"A",,"A",,"A",,"A",,"A",,"A",,"R",24,"R",0,"R",24,"R",15,"R",63,"R",20,"R",83,"Z",0,"R",24,"R",0,"Z",0,"R",20,"R",83
455965,"A",,"A",,"A",,"A",,"A",,"A",,"A",,"A",,"A",,"A",,"A",,"A",,"A",,"R",26,"R",0,"R",26,"R",0,"R",0,"R",20,"R",77,"Z",0,"R",26,"R",0,"Z",0,"R",20,"R",77
455974,"A",,"A",,"A",,"A",,"A",,"A",,"A",,"A",,"A",,"A",,"A",,"A",,"A",,"R",147,"R",0,"R",147,"R",100,"R",68,"R",140,"R",95,"Z",0,"R",147,"R",0,"Z",0,"R",140,"R",95
455983,"A",,"A",,"A",,"A",,"A",,"A",,"A",,"A",,"A",,"A",,"A",,"A",,"A",,"R",403,"R",0,"R",403,"R",211,"R",52,"R",246,"R",61,"Z",0,"R",403,"R",0,"Z",0,"R",246,"R",61
456001,"A",,"A",,"A",,"A",,"A",,"A",,"A",,"A",,"A",,"A",,"A",,"A",,"A",,"R",43,"R",0,"R",43,"R",41,"R",95,"R",41,"R",95,"Z",0,"R",43,"R",0,"Z",0,"R",41,"R",95
456029,"A",,"A",,"A",,"A",,"A",,"A",,"A",,"A",,"A",,"A",,"A",,"A",,"A",,"R",15,"R",0,"R",15,"R",0,"R",0,"R",4,"R",27,"Z",0,"R",15,"R",0,"Z",0,"R",4,"R",27
456038,"A",,"A",,"A",,"A",,"A",,"A",,"A",,"A",,"A",,"A",,"A",,"A",,"A",,"R",178,"R",0,"R",178,"R",49,"R",28,"R",99,"R",56,"R",0,"R",178,"R",20,"R",11,"R",119,"R",67
456065,"A",,"A",,"A",,"A",,"A",,"A",,"A",,"A",,"A",,"A",,"A",,"A",,"A",,"R",80,"R",0,"R",80,"R",7,"R",9,"R",47,"R",59,"Z",0,"R",80,"R",0,"Z",0,"R",47,"R",59
456074,"A",,"A",,"A",,"A",,"A",,"A",,"A",,"A",,"A",,"A",,"A",,"A",,"A",,"R",56,"R",0,"R",56,"R",7,"R",13,"R",44,"R",79,"Z",0,"R",56,"R",0,"Z",0,"R",44,"R",79
456135,"A",,"A",,"A",,"A",,"A",,"A",,"A",,"A",,"A",,"A",,"A",,"A",,"A",,"R",33,"R",0,"R",33,"R",1,"R",3,"R",12,"R",36,"Z",0,"R",33,"R",0,"Z",0,"R",12,"R",36
456153,"A",,"A",,"A",,"A",,"A",,"A",,"A",,"A",,"A",,"A",,"A",,"A",,"A",,"R",29,"R",0,"R",29,"R",14,"R",48,"R",14,"R",48,"Z",0,"R",29,"R",0,"Z",0,"R",14,"R",48
456205,"A",,"A",,"A",,"A",,"A",,"A",,"A",,"A",,"A",,"A",,"A",,"A",,"A",,"R",278,"R",0,"R",278,"R",77,"R",28,"R",104,"R",37,"R",0,"R",278,"R",7,"R",0,"R",111,"R",40
456214,"A",,"A",,"A",,"A",,"A",,"A",,"A",,"A",,"A",,"A",,"A",,"A",,"A",,"R",193,"R",0,"R",193,"R",130,"R",67,"R",145,"R",75,"R",0,"R",193,"R",4,"R",0,"R",149,"R",77
456287,"A",,"A",,"A",,"A",,"A",,"A",,"A",,"A",,"A",,"A",,"A",,"A",,"A",,"R",57,"R",0,"R",57,"R",7,"R",12,"R",48,"R",84,"Z",0,"R",57,"R",0,"Z",0,"R",48,"R",84
456454,"A",,"A",,"A",,"A",,"A",,"A",,"A",,"A",,"A",,"A",,"A",,"A",,"A",,"R",144,"R",0,"R",144,"R",55,"R",38,"R",73,"R",51,"Z",0,"R",144,"R",0,"Z",0,"R",73,"R",51
456490,"R",2,"R",0,"R",2,"R",1,"R",50,"R",1,"R",50,"Z",0,"R",2,"R",0,"Z",0,"R",1,"R",50,"A",,"A",,"A",,"A",,"A",,"A",,"A",,"A",,"A",,"A",,"A",,"A",,"A",
456506,"A",,"A",,"A",,"A",,"A",,"A",,"A",,"A",,"A",,"A",,"A",,"A",,"A",,"R",97,"R",0,"R",97,"R",12,"R",12,"R",46,"R",47,"Z",0,"R",97,"R",0,"Z",0,"R",46,"R",47
456515,"A",,"A",,"A",,"A",,"A",,"A",,"A",,"A",,"A",,"A",,"A",,"A",,"A",,"R",29,"R",0,"R",29,"R",5,"R",17,"R",21,"R",72,"Z",0,"R",29,"R",0,"Z",0,"R",21,"R",72
456551,"A",,"A",,"A",,"A",,"A",,"A",,"A",,"A",,"A",,"A",,"A",,"A",,"A",,"R",30,"R",0,"R",30,"R",21,"R",70,"R",21,"R",70,"Z",0,"R",30,"R",0,"Z",0,"R",21,"R",70
456579,"A",,"A",,"A",,"A",,"A",,"A",,"A",,"A",,"A",,"A",,"A",,"A",,"A",,"R",243,"R",0,"R",243,"R",97,"R",40,"R",110,"R",45,"R",0,"R",243,"R",23,"R",0,"R",133,"R",55
456588,"A",,"A",,"A",,"A",,"A",,"A",,"A",,"A",,"A",,"A",,"A",,"A",,"A",,"R",12,"R",0,"R",12,"R",1,"R",8,"R",6,"R",50,"Z",0,"R",12,"R",0,"Z",0,"R",6,"R",50
456597,"A",,"A",,"A",,"A",,"A",,"A",,"A",,"A",,"A",,"A",,"A",,"A",,"A",,"R",81,"R",0,"R",81,"R",16,"R",20,"R",57,"R",70,"Z",0,"R",81,"R",0,"Z",0,"R",57,"R",70
456825,"A",,"A",,"A",,"A",,"A",,"A",,"A",,"A",,"A",,"A",,"A",,"A",,"A",,"R",28,"R",0,"R",28,"R",1,"R",4,"R",23,"R",82,"Z",0,"R",28,"R",0,"Z",0,"R",23,"R",82
456852,"A",,"A",,"A",,"A",,"A",,"A",,"A",,"A",,"A",,"A",,"A",,"A",,"A",,"R",255,"R",0,"R",255,"R",69,"R",27,"R",122,"R",48,"R",0,"R",255,"R",19,"R",10,"R",141,"R",55
456922,"A",,"A",,"A",,"A",,"A",,"A",,"A",,"A",,"A",,"A",,"A",,"A",,"A",,"R",131,"R",0,"R",131,"R",59,"R",45,"R",68,"R",52,"R",0,"R",131,"R",4,"R",0,"R",72,"R",55
456931,"A",,"A",,"A",,"A",,"A",,"A",,"A",,"A",,"A",,"A",,"A",,"A",,"A",,"R",281,"R",0,"R",281,"R",168,"R",60,"R",179,"R",64,"R",0,"R",281,"R",3,"R",0,"R",182,"R",65
456959,"R",88,"R",0,"R",88,"R",38,"R",43,"R",41,"R",47,"Z",0,"R",88,"R",0,"Z",0,"R",41,"R",47,"A",,"A",,"A",,"A",,"A",,"A",,"A",,"A",,"A",,"A",,"A",,"A",,"A",
456968,"A",,"A",,"A",,"A",,"A",,"A",,"A",,"A",,"A",,"A",,"A",,"A",,"A",,"R",106,"R",0,"R",106,"R",1,"R",1,"R",40,"R",38,"Z",0,"R",106,"R",17,"R",1,"R",57,"R",54
456977,"A",,"A",,"A",,"A",,"A",,"A",,"A",,"A",,"A",,"A",,"A",,"A",,"A",,"R",92,"R",0,"R",92,"R",80,"R",87,"R",80,"R",87,"R",0,"R",92,"R",0,"Z",0,"R",80,"R",87
457031,"A",,"A",,"A",,"A",,"A",,"A",,"A",,"A",,"A",,"A",,"A",,"A",,"A",,"R",16,"R",0,"R",16,"R",0,"R",0,"R",13,"R",81,"Z",0,"R",16,"R",0,"Z",0,"R",13,"R",81
457077,"A",,"A",,"A",,"A",,"A",,"A",,"A",,"A",,"A",,"A",,"A",,"A",,"A",,"R",172,"R",0,"R",172,"R",3,"R",2,"R",62,"R",36,"R",0,"R",172,"R",23,"Z",0,"R",85,"R",49
457101,"A",,"A",,"A",,"A",,"A",,"A",,"A",,"A",,"A",,"A",,"A",,"A",,"A",,"R",119,"R",0,"R",119,"R",31,"R",26,"R",56,"R",47,"R",0,"R",119,"R",3,"R",7,"R",59,"R",50
457110,"A",,"A",,"A",,"A",,"A",,"A",,"A",,"A",,"A",,"A",,"A",,"A",,"A",,"R",82,"R",0,"R",82,"R",25,"R",30,"R",48,"R",59,"R",0,"R",82,"R",1,"R",4,"R",49,"R",60
457129,"R",4,"R",0,"R",4,"Z",0,"R",0,"Z",0,"R",0,"Z",0,"R",4,"R",0,"Z",0,"R",0,"R",0,"A",,"A",,"A",,"A",,"A",,"A",,"A",,"A",,"A",,"A",,"A",,"A",,"A",
457192,"A",,"A",,"A",,"A",,"A",,"A",,"A",,"A",,"A",,"A",,"A",,"A",,"A",,"R",45,"R",0,"R",45,"R",40,"R",89,"R",40,"R",89,"R",0,"R",45,"R",2,"R",0,"R",42,"R",93
457208,"A",,"A",,"A",,"A",,"A",,"A",,"A",,"A",,"A",,"A",,"A",,"A",,"A",,"R",121,"R",0,"R",121,"R",86,"R",71,"R",86,"R",71,"Z",0,"R",121,"R",0,"Z",0,"R",86,"R",71
457226,"R",1,"R",0,"R",1,"R",1,"R",100,"R",1,"R",100,"Z",0,"R",1,"R",0,"Z",0,"R",1,"R",100,"A",,"A",,"A",,"A",,"A",,"A",,"A",,"A",,"A",,"A",,"A",,"A",,"A",
457253,"A",,"A",,"A",,"A",,"A",,"A",,"A",,"A",,"A",,"A",,"A",,"A",,"A",,"R",10,"R",0,"R",10,"R",0,"R",0,"R",6,"R",60,"R",0,"R",10,"R",1,"R",0,"R",7,"R",70
457299,"R",4,"R",0,"R",4,"R",2,"R",50,"R",2,"R",50,"Z",0,"R",4,"R",0,"Z",0,"R",2,"R",50,"A",,"A",,"A",,"A",,"A",,"A",,"A",,"A",,"A",,"A",,"A",,"A",,"A",
457314,"A",,"A",,"A",,"A",,"A",,"A",,"A",,"A",,"A",,"A",,"A",,"A",,"A",,"R",40,"R",0,"R",40,"R",12,"R",30,"R",16,"R",40,"Z",0,"R",40,"R",0,"Z",0,"R",16,"R",40
457323,"A",,"A",,"A",,"A",,"A",,"A",,"A",,"A",,"A",,"A",,"A",,"A",,"A",,"R",131,"R",0,"R",131,"R",15,"R",11,"R",86,"R",66,"Z",0,"R",131,"R",0,"Z",0,"R",86,"R",66
457332,"A",,"A",,"A",,"A",,"A",,"A",,"A",,"A",,"A",,"A",,"A",,"A",,"A",,"R",14,"R",0,"R",14,"R",0,"R",0,"R",11,"R",79,"Z",0,"R",14,"R",0,"Z",0,"R",11,"R",79
457341,"A",,"A",,"A",,"A",,"A",,"A",,"A",,"A",,"A",,"A",,"A",,"A",,"A",,"R",32,"R",0,"R",32,"R",2,"R",6,"R",23,"R",72,"Z",0,"R",32,"R",0,"Z",0,"R",23,"R",72
457378,"A",,"A",,"A",,"A",,"A",,"A",,"A",,"A",,"A",,"A",,"A",,"A",,"A",,"R",33,"R",0,"R",33,"R",26,"R",79,"R",26,"R",79,"Z",0,"R",33,"R",0,"Z",0,"R",26,"R",79
457387,"A",,"A",,"A",,"A",,"A",,"A",,"A",,"A",,"A",,"A",,"A",,"A",,"A",,"R",87,"R",1,"R",86,"R",16,"R",19,"R",68,"R",79,"R",0,"R",86,"R",2,"R",0,"R",70,"R",81
457396,"A",,"A",,"A",,"A",,"A",,"A",,"A",,"A",,"A",,"A",,"A",,"A",,"A",,"R",39,"R",0,"R",39,"R",4,"R",10,"R",35,"R",90,"Z",0,"R",39,"R",0,"Z",0,"R",35,"R",90
457411,"A",,"A",,"A",,"A",,"A",,"A",,"A",,"A",,"A",,"A",,"A",,"A",,"A",,"R",20,"R",0,"R",20,"R",9,"R",45,"R",9,"R",45,"Z",0,"R",20,"R",0,"Z",0,"R",9,"R",45
457420,"A",,"A",,"A",,"A",,"A",,"A",,"A",,"A",,"A",,"A",,"A",,"A",,"A",,"R",40,"R",0,"R",40,"R",20,"R",50,"R",33,"R",83,"Z",0,"R",40,"R",0,"Z",0,"R",33,"R",83
457439,"A",,"A",,"A",,"A",,"A",,"A",,"A",,"A",,"A",,"A",,"A",,"A",,"A",,"R",66,"R",0,"R",66,"R",1,"R",2,"R",46,"R",70,"R",0,"R",66,"R",1,"R",0,"R",47,"R",71
457448,"A",,"A",,"A",,"A",,"A",,"A",,"A",,"A",,"A",,"A",,"A",,"A",,"A",,"R",66,"R",0,"R",66,"R",3,"R",5,"R",35,"R",53,"Z",0,"R",66,"R",0,"Z",0,"R",35,"R",53
457466,"A",,"A",,"A",,"A",,"A",,"A",,"A",,"A",,"A",,"A",,"A",,"A",,"A",,"R",16,"R",3,"R",13,"R",10,"R",77,"R",10,"R",77,"R",0,"R",13,"R",0,"R",0,"R",10,"R",77
457475,"A",,"A",,"A",,"A",,"A",,"A",,"A",,"A",,"A",,"A",,"A",,"A",,"A",,"R",14,"R",0,"R",14,"R",0,"R",0,"R",8,"R",57,"Z",0,"R",14,"R",0,"Z",0,"R",8,"R",57
457484,"R",7,"R",0,"R",7,"R",3,"R",43,"R",4,"R",57,"Z",0,"R",7,"R",0,"Z",0,"R",4,"R",57,"A",,"A",,"A",,"A",,"A",,"A",,"A",,"A",,"A",,"A",,"A",,"A",,"A",
457493,"A",,"A",,"A",,"A",,"A",,"A",,"A",,"A",,"A",,"A",,"A",,"A",,"A",,"R",8,"R",0,"R",8,"R",0,"R",0,"R",4,"R",50,"Z",0,"R",8,"R",0,"Z",0,"R",4,"R",50
457536,"A",,"A",,"A",,"A",,"A",,"A",,"A",,"A",,"A",,"A",,"A",,"A",,"A",,"R",56,"R",0,"R",56,"R",28,"R",50,"R",34,"R",61,"R",2,"R",54,"R",1,"R",0,"R",35,"R",65
457545,"A",,"A",,"A",,"A",,"A",,"A",,"A",,"A",,"A",,"A",,"A",,"A",,"A",,"R",41,"R",0,"R",41,"R",0,"R",0,"R",32,"R",78,"Z",0,"R",41,"R",0,"Z",0,"R",32,"R",78
457563,"A",,"A",,"A",,"A",,"A",,"A",,"A",,"A",,"A",,"A",,"A",,"A",,"A",,"R",160,"R",0,"R",160,"R",17,"R",11,"R",133,"R",83,"Z",0,"R",160,"R",0,"Z",0,"R",133,"R",83
457572,"A",,"A",,"A",,"A",,"A",,"A",,"A",,"A",,"A",,"A",,"A",,"A",,"A",,"R",63,"R",0,"R",63,"R",40,"R",63,"R",62,"R",98,"Z",0,"R",63,"R",0,"Z",0,"R",62,"R",98
457581,"A",,"A",,"A",,"A",,"A",,"A",,"A",,"A",,"A",,"A",,"A",,"A",,"A",,"R",83,"R",0,"R",83,"R",9,"R",11,"R",60,"R",72,"Z",0,"R",83,"R",0,"Z",0,"R",60,"R",72
457606,"A",,"A",,"A",,"A",,"A",,"A",,"A",,"A",,"A",,"A",,"A",,"A",,"A",,"R",55,"R",0,"R",55,"R",5,"R",9,"R",44,"R",80,"Z",0,"R",55,"R",0,"Z",0,"R",44,"R",80
457624,"A",,"A",,"A",,"A",,"A",,"A",,"A",,"A",,"A",,"A",,"A",,"A",,"A",,"R",10,"R",0,"R",10,"R",8,"R",80,"R",8,"R",80,"Z",0,"R",10,"R",0,"Z",0,"R",8,"R",80
457633,"A",,"A",,"A",,"A",,"A",,"A",,"A",,"A",,"A",,"A",,"A",,"A",,"A",,"R",47,"R",0,"R",47,"R",10,"R",21,"R",35,"R",74,"R",0,"R",47,"R",1,"R",2,"R",36,"R",77
457642,"A",,"A",,"A",,"A",,"A",,"A",,"A",,"A",,"A",,"A",,"A",,"A",,"A",,"R",28,"R",0,"R",28,"R",2,"R",7,"R",13,"R",46,"R",0,"R",28,"R",4,"R",4,"R",17,"R",61
457679,"A",,"A",,"A",,"A",,"A",,"A",,"A",,"A",,"A",,"A",,"A",,"A",,"A",,"R",5,"R",0,"R",5,"Z",0,"R",0,"R",3,"R",60,"R",0,"R",5,"R",0,"R",1,"R",3,"R",60
457749,"A",,"A",,"A",,"A",,"A",,"A",,"A",,"A",,"A",,"A",,"A",,"A",,"A",,"R",49,"R",5,"R",44,"R",16,"R",36,"R",35,"R",80,"Z",0,"R",44,"R",0,"Z",0,"R",35,"R",80
457767,"A",,"A",,"A",,"A",,"A",,"A",,"A",,"A",,"A",,"A",,"A",,"A",,"A",,"R",108,"R",0,"R",108,"R",66,"R",61,"R",66,"R",61,"Z",0,"R",108,"R",0,"Z",0,"R",66,"R",61
457776,"A",,"A",,"A",,"A",,"A",,"A",,"A",,"A",,"A",,"A",,"A",,"A",,"A",,"R",30,"R",0,"R",30,"R",2,"R",7,"R",20,"R",67,"Z",0,"R",30,"R",0,"Z",0,"R",20,"R",67
457785,"A",,"A",,"A",,"A",,"A",,"A",,"A",,"A",,"A",,"A",,"A",,"A",,"A",,"R",50,"R",0,"R",50,"R",42,"R",84,"R",43,"R",86,"Z",0,"R",50,"R",0,"Z",0,"R",43,"R",86
457794,"A",,"A",,"A",,"A",,"A",,"A",,"A",,"A",,"A",,"A",,"A",,"A",,"A",,"R",120,"R",0,"R",120,"R",118,"R",98,"R",118,"R",98,"Z",0,"R",120,"R",0,"Z",0,"R",118,"R",98
457800,"A",,"A",,"A",,"A",,"A",,"A",,"A",,"A",,"A",,"A",,"A",,"A",,"A",,"R",904,"R",0,"R",904,"R",881,"R",97,"R",881,"R",97,"Z",0,"R",904,"R",0,"Z",0,"R",881,"R",97
457819,"A",,"A",,"A",,"A",,"A",,"A",,"A",,"A",,"A",,"A",,"A",,"A",,"A",,"R",8,"R",0,"R",8,"R",1,"R",13,"R",2,"R",25,"Z",0,"R",8,"R",0,"Z",0,"R",2,"R",25
457837,"A",,"A",,"A",,"A",,"A",,"A",,"A",,"A",,"A",,"A",,"A",,"A",,"A",,"R",31,"R",0,"R",31,"R",26,"R",84,"R",26,"R",84,"Z",0,"R",31,"R",0,"Z",0,"R",26,"R",84
457855,"A",,"A",,"A",,"A",,"A",,"A",,"A",,"A",,"A",,"A",,"A",,"A",,"A",,"R",14,"R",0,"R",14,"R",0,"R",0,"R",10,"R",71,"Z",0,"R",14,"R",0,"Z",0,"R",10,"R",71
457916,"A",,"A",,"A",,"A",,"A",,"A",,"A",,"A",,"A",,"A",,"A",,"A",,"A",,"R",15,"R",0,"R",15,"R",10,"R",67,"R",10,"R",67,"Z",0,"R",15,"R",0,"Z",0,"R",10,"R",67
457925,"A",,"A",,"A",,"A",,"A",,"A",,"A",,"A",,"A",,"A",,"A",,"A",,"A",,"R",3,"R",0,"R",3,"R",2,"R",67,"R",2,"R",67,"Z",0,"R",3,"R",0,"Z",0,"R",2,"R",67
457943,"A",,"A",,"A",,"A",,"A",,"A",,"A",,"A",,"A",,"A",,"A",,"A",,"A",,"R",26,"R",0,"R",26,"R",23,"R",88,"R",23,"R",88,"Z",0,"R",26,"R",0,"Z",0,"R",23,"R",88
457952,"A",,"A",,"A",,"A",,"A",,"A",,"A",,"A",,"A",,"A",,"A",,"A",,"A",,"R",52,"R",0,"R",52,"R",1,"R",2,"R",49,"R",94,"Z",0,"R",52,"R",0,"Z",0,"R",49,"R",94
457989,"A",,"A",,"A",,"A",,"A",,"A",,"A",,"A",,"A",,"A",,"A",,"A",,"A",,"R",28,"R",0,"R",28,"R",16,"R",57,"R",16,"R",57,"Z",0,"R",28,"R",0,"Z",0,"R",16,"R",57
458007,"A",,"A",,"A",,"A",,"A",,"A",,"A",,"A",,"A",,"A",,"A",,"A",,"A",,"R",39,"R",0,"R",39,"R",4,"R",10,"R",30,"R",77,"R",0,"R",39,"R",0,"R",0,"R",30,"R",77
458034,"A",,"A",,"A",,"A",,"A",,"A",,"A",,"A",,"A",,"A",,"A",,"A",,"A",,"R",3,"R",0,"R",3,"R",2,"R",67,"R",3,"R",100,"Z",0,"R",3,"R",0,"Z",0,"R",3,"R",100
458043,"A",,"A",,"A",,"A",,"A",,"A",,"A",,"A",,"A",,"A",,"A",,"A",,"A",,"R",44,"R",0,"R",44,"R",20,"R",45,"R",20,"R",45,"Z",0,"R",44,"R",0,"Z",0,"R",20,"R",45
458061,"A",,"A",,"A",,"A",,"A",,"A",,"A",,"A",,"A",,"A",,"A",,"A",,"A",,"R",18,"R",0,"R",18,"R",14,"R",78,"R",14,"R",78,"R",0,"R",18,"R",0,"R",1,"R",14,"R",78
458070,"A",,"A",,"A",,"A",,"A",,"A",,"A",,"A",,"A",,"A",,"A",,"A",,"A",,"R",88,"R",7,"R",81,"R",9,"R",11,"R",65,"R",80,"Z",0,"R",81,"R",0,"Z",0,"R",65,"R",80
458098,"A",,"A",,"A",,"A",,"A",,"A",,"A",,"A",,"A",,"A",,"A",,"A",,"A",,"R",43,"R",0,"R",43,"R",6,"R",14,"R",31,"R",72,"R",0,"R",43,"R",0,"R",1,"R",31,"R",72
458104,"A",,"A",,"A",,"A",,"A",,"A",,"A",,"A",,"A",,"A",,"A",,"A",,"A",,"R",35,"R",0,"R",35,"R",33,"R",94,"R",34,"R",97,"Z",0,"R",35,"R",0,"Z",0,"R",34,"R",97
458113,"R",1,"R",0,"R",1,"R",0,"R",0,"R",0,"R",0,"Z",0,"R",1,"R",0,"Z",0,"R",0,"R",0,"A",,"A",,"A",,"A",,"A",,"A",,"A",,"A",,"A",,"A",,"A",,"A",,"A",
458122,"A",,"A",,"A",,"A",,"A",,"A",,"A",,"A",,"A",,"A",,"A",,"A",,"A",,"R",5,"R",0,"R",5,"R",4,"R",80,"R",4,"R",80,"Z",0,"R",5,"R",0,"Z",0,"R",4,"R",80
458131,"A",,"A",,"A",,"A",,"A",,"A",,"A",,"A",,"A",,"A",,"A",,"A",,"A",,"R",2,"R",0,"R",2,"R",0,"R",0,"R",1,"R",50,"Z",0,"R",2,"R",0,"Z",0,"R",1,"R",50
458140,"A",,"A",,"A",,"A",,"A",,"A",,"A",,"A",,"A",,"A",,"A",,"A",,"A",,"R",7,"R",0,"R",7,"R",6,"R",86,"R",6,"R",86,"Z",0,"R",7,"R",0,"Z",0,"R",6,"R",86
458168,"A",,"A",,"A",,"A",,"A",,"A",,"A",,"A",,"A",,"A",,"A",,"A",,"A",,"R",24,"R",0,"R",24,"R",21,"R",88,"R",21,"R",88,"Z",0,"R",24,"R",0,"Z",0,"R",21,"R",88
458210,"R",18,"R",0,"R",18,"R",9,"R",50,"R",9,"R",50,"Z",0,"R",18,"R",0,"Z",0,"R",9,"R",50,"A",,"A",,"A",,"A",,"A",,"A",,"A",,"A",,"A",,"A",,"A",,"A",,"A",
458229,"R",10,"R",0,"R",10,"R",5,"R",50,"R",5,"R",50,"R",0,"R",10,"R",1,"R",0,"R",6,"R",60,"A",,"A",,"A",,"A",,"A",,"A",,"A",,"A",,"A",,"A",,"A",,"A",,"A",
458274,"A",,"A",,"A",,"A",,"A",,"A",,"A",,"A",,"A",,"A",,"A",,"A",,"A",,"R",27,"R",0,"R",27,"R",0,"R",0,"R",12,"R",44,"Z",0,"R",27,"R",0,"Z",0,"R",12,"R",44
458405,"A",,"A",,"A",,"A",,"A",,"A",,"A",,"A",,"A",,"A",,"A",,"A",,"A",,"R",275,"R",0,"R",275,"R",98,"R",36,"R",108,"R",39,"R",0,"R",275,"R",7,"R",0,"R",115,"R",42
458441,"A",,"A",,"A",,"A",,"A",,"A",,"A",,"A",,"A",,"A",,"A",,"A",,"A",,"R",230,"R",0,"R",230,"R",58,"R",25,"R",92,"R",40,"R",0,"R",230,"R",4,"R",0,"R",96,"R",42
458681,"A",,"A",,"A",,"A",,"A",,"A",,"A",,"A",,"A",,"A",,"A",,"A",,"A",,"R",106,"R",0,"R",106,"R",26,"R",25,"R",54,"R",51,"Z",0,"R",106,"R",0,"Z",0,"R",54,"R",51
458803,"A",,"A",,"A",,"A",,"A",,"A",,"A",,"A",,"A",,"A",,"A",,"A",,"A",,"R",56,"R",0,"R",56,"R",2,"R",4,"R",26,"R",46,"Z",0,"R",56,"R",0,"Z",0,"R",26,"R",46
458812,"A",,"A",,"A",,"A",,"A",,"A",,"A",,"A",,"A",,"A",,"A",,"A",,"A",,"R",36,"R",0,"R",36,"R",0,"R",0,"R",25,"R",69,"Z",0,"R",36,"R",0,"Z",0,"R",25,"R",69
458821,"A",,"A",,"A",,"A",,"A",,"A",,"A",,"A",,"A",,"A",,"A",,"A",,"A",,"R",28,"R",0,"R",28,"R",0,"R",0,"R",9,"R",32,"Z",0,"R",28,"R",0,"Z",0,"R",9,"R",32
458830,"A",,"A",,"A",,"A",,"A",,"A",,"A",,"A",,"A",,"A",,"A",,"A",,"A",,"R",40,"R",0,"R",40,"R",0,"R",0,"R",19,"R",48,"R",0,"R",40,"R",0,"R",0,"R",19,"R",48
458858,"A",,"A",,"A",,"A",,"A",,"A",,"A",,"A",,"A",,"A",,"A",,"A",,"A",,"R",61,"R",0,"R",61,"R",0,"R",0,"R",15,"R",25,"R",0,"R",61,"R",0,"R",0,"R",15,"R",25
458867,"A",,"A",,"A",,"A",,"A",,"A",,"A",,"A",,"A",,"A",,"A",,"A",,"A",,"R",70,"R",0,"R",70,"R",0,"R",0,"R",21,"R",30,"Z",0,"R",70,"R",0,"Z",0,"R",21,"R",30
458919,"R",11,"R",0,"R",11,"R",1,"R",9,"R",1,"R",9,"Z",0,"R",11,"R",0,"Z",0,"R",1,"R",9,"A",,"A",,"A",,"A",,"A",,"A",,"A",,"A",,"A",,"A",,"A",,"A",,"A",
458964,"R",3,"R",0,"R",3,"Z",0,"R",0,"Z",0,"R",0,"Z",0,"R",3,"R",0,"Z",0,"R",0,"R",0,"A",,"A",,"A",,"A",,"A",,"A",,"A",,"A",,"A",,"A",,"A",,"A",,"A",
458973,"R",6,"R",0,"R",6,"R",1,"R",17,"R",1,"R",17,"Z",0,"R",6,"R",0,"Z",0,"R",1,"R",17,"A",,"A",,"A",,"A",,"A",,"A",,"A",,"A",,"A",,"A",,"A",,"A",,"A",
459019,"A",,"A",,"A",,"A",,"A",,"A",,"A",,"A",,"A",,"A",,"A",,"A",,"A",,"R",31,"R",0,"R",31,"R",1,"R",3,"R",14,"R",45,"Z",0,"R",31,"R",0,"Z",0,"R",14,"R",45
459046,"A",,"A",,"A",,"A",,"A",,"A",,"A",,"A",,"A",,"A",,"A",,"A",,"A",,"R",27,"R",0,"R",27,"R",0,"R",0,"R",2,"R",7,"Z",0,"R",27,"R",0,"Z",0,"R",2,"R",7
459055,"A",,"A",,"A",,"A",,"A",,"A",,"A",,"A",,"A",,"A",,"A",,"A",,"A",,"R",26,"R",0,"R",26,"R",0,"R",0,"R",12,"R",46,"R",0,"R",26,"R",0,"R",0,"R",12,"R",46
459064,"A",,"A",,"A",,"A",,"A",,"A",,"A",,"A",,"A",,"A",,"A",,"A",,"A",,"R",26,"R",0,"R",26,"R",0,"R",0,"R",10,"R",38,"R",0,"R",26,"R",0,"R",0,"R",10,"R",38
459116,"A",,"A",,"A",,"A",,"A",,"A",,"A",,"A",,"A",,"A",,"A",,"A",,"A",,"R",10,"R",0,"R",10,"R",0,"R",0,"R",9,"R",90,"Z",0,"R",10,"R",0,"Z",0,"R",9,"R",90
459170,"A",,"A",,"A",,"A",,"A",,"A",,"A",,"A",,"A",,"A",,"A",,"A",,"A",,"R",66,"R",0,"R",66,"R",3,"R",5,"R",51,"R",77,"Z",0,"R",66,"R",0,"Z",0,"R",51,"R",77
459198,"A",,"A",,"A",,"A",,"A",,"A",,"A",,"A",,"A",,"A",,"A",,"A",,"A",,"R",52,"R",0,"R",52,"R",0,"R",0,"R",21,"R",40,"Z",0,"R",52,"R",0,"Z",0,"R",21,"R",40
459231,"A",,"A",,"A",,"A",,"A",,"A",,"A",,"A",,"A",,"A",,"A",,"A",,"A",,"R",70,"R",0,"R",70,"R",3,"R",4,"R",36,"R",51,"Z",0,"R",70,"R",0,"Z",0,"R",36,"R",51
459259,"R",14,"R",0,"R",14,"Z",0,"R",0,"R",1,"R",7,"Z",0,"R",14,"R",0,"Z",0,"R",1,"R",7,"A",,"A",,"A",,"A",,"A",,"A",,"A",,"A",,"A",,"A",,"A",,"A",,"A",
459268,"R",5,"R",0,"R",5,"Z",0,"R",0,"Z",0,"R",0,"Z",0,"R",5,"R",0,"Z",0,"R",0,"R",0,"A",,"A",,"A",,"A",,"A",,"A",,"A",,"A",,"A",,"A",,"A",,"A",,"A",
459277,"A",,"A",,"A",,"A",,"A",,"A",,"A",,"A",,"A",,"A",,"A",,"A",,"A",,"R",235,"R",0,"R",235,"R",3,"R",1,"R",184,"R",78,"R",0,"R",235,"R",1,"R",1,"R",185,"R",79
459286,"A",,"A",,"A",,"A",,"A",,"A",,"A",,"A",,"A",,"A",,"A",,"A",,"A",,"R",45,"R",0,"R",45,"R",2,"R",4,"R",22,"R",49,"Z",0,"R",45,"R",0,"Z",0,"R",22,"R",49
459295,"A",,"A",,"A",,"A",,"A",,"A",,"A",,"A",,"A",,"A",,"A",,"A",,"A",,"R",30,"R",0,"R",30,"R",24,"R",80,"R",24,"R",80,"Z",0,"R",30,"R",0,"Z",0,"R",24,"R",80
459301,"A",,"A",,"A",,"A",,"A",,"A",,"A",,"A",,"A",,"A",,"A",,"A",,"A",,"R",26,"R",0,"R",26,"R",3,"R",12,"R",14,"R",54,"Z",0,"R",26,"R",0,"Z",0,"R",14,"R",54
459329,"A",,"A",,"A",,"A",,"A",,"A",,"A",,"A",,"A",,"A",,"A",,"A",,"A",,"R",141,"R",0,"R",141,"R",91,"R",65,"R",91,"R",65,"R",0,"R",141,"R",0,"R",0,"R",91,"R",65
459347,"A",,"A",,"A",,"A",,"A",,"A",,"A",,"A",,"A",,"A",,"A",,"A",,"A",,"R",9,"R",0,"R",9,"R",2,"R",22,"R",6,"R",67,"Z",0,"R",9,"R",0,"Z",0,"R",6,"R",67
459374,"A",,"A",,"A",,"A",,"A",,"A",,"A",,"A",,"A",,"A",,"A",,"A",,"A",,"R",32,"R",0,"R",32,"R",25,"R",78,"R",30,"R",94,"Z",0,"R",32,"R",0,"Z",0,"R",30,"R",94
459392,"A",,"A",,"A",,"A",,"A",,"A",,"A",,"A",,"A",,"A",,"A",,"A",,"A",,"R",48,"R",0,"R",48,"R",11,"R",23,"R",34,"R",71,"Z",0,"R",48,"R",0,"Z",0,"R",34,"R",71
459408,"A",,"A",,"A",,"A",,"A",,"A",,"A",,"A",,"A",,"A",,"A",,"A",,"A",,"R",44,"R",0,"R",44,"R",38,"R",86,"R",38,"R",86,"Z",0,"R",44,"R",0,"Z",0,"R",38,"R",86
459426,"A",,"A",,"A",,"A",,"A",,"A",,"A",,"A",,"A",,"A",,"A",,"A",,"A",,"R",72,"R",1,"R",71,"R",15,"R",21,"R",42,"R",59,"R",0,"R",71,"R",5,"R",1,"R",47,"R",66
459499,"A",,"A",,"A",,"A",,"A",,"A",,"A",,"A",,"A",,"A",,"A",,"A",,"A",,"R",13,"R",0,"R",13,"R",11,"R",85,"R",11,"R",85,"Z",0,"R",13,"R",0,"Z",0,"R",11,"R",85
459514,"A",,"A",,"A",,"A",,"A",,"A",,"A",,"A",,"A",,"A",,"A",,"A",,"A",,"R",134,"R",0,"R",134,"R",77,"R",57,"R",88,"R",66,"Z",0,"R",134,"R",0,"Z",0,"R",88,"R",66
459523,"A",,"A",,"A",,"A",,"A",,"A",,"A",,"A",,"A",,"A",,"A",,"A",,"A",,"R",60,"R",0,"R",60,"R",52,"R",87,"R",52,"R",87,"Z",0,"R",60,"R",0,"Z",0,"R",52,"R",87
459532,"A",,"A",,"A",,"A",,"A",,"A",,"A",,"A",,"A",,"A",,"A",,"A",,"A",,"R",24,"R",0,"R",24,"R",1,"R",4,"R",16,"R",67,"Z",0,"R",24,"R",0,"Z",0,"R",16,"R",67
459541,"A",,"A",,"A",,"A",,"A",,"A",,"A",,"A",,"A",,"A",,"A",,"A",,"A",,"R",9,"R",0,"R",9,"R",1,"R",11,"R",8,"R",89,"Z",0,"R",9,"R",0,"Z",0,"R",8,"R",89
459550,"A",,"A",,"A",,"A",,"A",,"A",,"A",,"A",,"A",,"A",,"A",,"A",,"A",,"R",27,"R",0,"R",27,"R",27,"R",100,"R",27,"R",100,"Z",0,"R",27,"R",0,"Z",0,"R",27,"R",100
459578,"A",,"A",,"A",,"A",,"A",,"A",,"A",,"A",,"A",,"A",,"A",,"A",,"A",,"R",34,"R",0,"R",34,"R",1,"R",3,"R",13,"R",38,"Z",0,"R",34,"R",0,"Z",0,"R",13,"R",38
459727,"R",12,"R",0,"R",12,"R",7,"R",58,"R",7,"R",58,"Z",0,"R",12,"R",0,"Z",0,"R",7,"R",58,"A",,"A",,"A",,"A",,"A",,"A",,"A",,"A",,"A",,"A",,"A",,"A",,"A",
459842,"R",9,"R",0,"R",9,"R",3,"R",33,"R",4,"R",44,"Z",0,"R",9,"R",0,"Z",0,"R",4,"R",44,"A",,"A",,"A",,"A",,"A",,"A",,"A",,"A",,"A",,"A",,"A",,"A",,"A",
459851,"R",5,"R",0,"R",5,"R",2,"R",40,"R",2,"R",40,"Z",0,"R",5,"R",0,"Z",0,"R",2,"R",40,"A",,"A",,"A",,"A",,"A",,"A",,"A",,"A",,"A",,"A",,"A",,"A",,"A",
459958,"A",,"A",,"A",,"A",,"A",,"A",,"A",,"A",,"A",,"A",,"A",,"A",,"A",,"R",197,"R",0,"R",197,"R",31,"R",16,"R",121,"R",61,"Z",0,"R",197,"R",0,"Z",0,"R",121,"R",61
459967,"A",,"A",,"A",,"A",,"A",,"A",,"A",,"A",,"A",,"A",,"A",,"A",,"A",,"R",920,"R",0,"R",920,"R",525,"R",57,"R",706,"R",77,"Z",0,"R",920,"R",0,"Z",0,"R",706,"R",77
459985,"A",,"A",,"A",,"A",,"A",,"A",,"A",,"A",,"A",,"A",,"A",,"A",,"A",,"R",699,"R",0,"R",699,"R",357,"R",51,"R",497,"R",71,"Z",0,"R",699,"R",0,"Z",0,"R",497,"R",71
459994,"R",7,"R",0,"R",7,"R",1,"R",14,"R",1,"R",14,"Z",0,"R",7,"R",0,"Z",0,"R",1,"R",14,"A",,"A",,"A",,"A",,"A",,"A",,"A",,"A",,"A",,"A",,"A",,"A",,"A",
460011,"A",,"A",,"A",,"A",,"A",,"A",,"A",,"A",,"A",,"A",,"A",,"A",,"A",,"R",38,"R",0,"R",38,"R",9,"R",24,"R",25,"R",66,"Z",0,"R",38,"R",0,"Z",0,"R",25,"R",66
460020,"A",,"A",,"A",,"A",,"A",,"A",,"A",,"A",,"A",,"A",,"A",,"A",,"A",,"R",166,"R",0,"R",166,"R",26,"R",16,"R",52,"R",31,"Z",0,"R",166,"R",0,"Z",0,"R",52,"R",31
460093,"A",,"A",,"A",,"A",,"A",,"A",,"A",,"A",,"A",,"A",,"A",,"A",,"A",,"R",47,"R",0,"R",47,"R",13,"R",28,"R",35,"R",74,"Z",0,"R",47,"R",0,"Z",0,"R",35,"R",74
460109,"A",,"A",,"A",,"A",,"A",,"A",,"A",,"A",,"A",,"A",,"A",,"A",,"A",,"R",113,"R",0,"R",113,"R",13,"R",12,"R",56,"R",50,"Z",0,"R",113,"R",0,"Z",0,"R",56,"R",50
460118,"A",,"A",,"A",,"A",,"A",,"A",,"A",,"A",,"A",,"A",,"A",,"A",,"A",,"R",129,"R",0,"R",129,"R",16,"R",12,"R",76,"R",59,"Z",0,"R",129,"R",0,"Z",0,"R",76,"R",59
460127,"A",,"A",,"A",,"A",,"A",,"A",,"A",,"A",,"A",,"A",,"A",,"A",,"A",,"R",73,"R",0,"R",73,"R",12,"R",16,"R",45,"R",62,"Z",0,"R",73,"R",0,"Z",0,"R",45,"R",62
460136,"A",,"A",,"A",,"A",,"A",,"A",,"A",,"A",,"A",,"A",,"A",,"A",,"A",,"R",707,"R",0,"R",707,"R",141,"R",20,"R",429,"R",61,"R",0,"R",707,"R",47,"R",21,"R",476,"R",67
460145,"A",,"A",,"A",,"A",,"A",,"A",,"A",,"A",,"A",,"A",,"A",,"A",,"A",,"R",73,"R",0,"R",73,"R",40,"R",55,"R",46,"R",63,"Z",0,"R",73,"R",0,"Z",0,"R",46,"R",63
460172,"A",,"A",,"A",,"A",,"A",,"A",,"A",,"A",,"A",,"A",,"A",,"A",,"A",,"R",478,"R",0,"R",478,"R",280,"R",59,"R",316,"R",66,"R",0,"R",478,"R",6,"R",0,"R",322,"R",67
460181,"A",,"A",,"A",,"A",,"A",,"A",,"A",,"A",,"A",,"A",,"A",,"A",,"A",,"R",425,"R",1,"R",424,"R",78,"R",18,"R",209,"R",49,"Z",0,"R",424,"R",0,"Z",0,"R",209,"R",49
460190,"A",,"A",,"A",,"A",,"A",,"A",,"A",,"A",,"A",,"A",,"A",,"A",,"A",,"R",275,"R",0,"R",275,"R",55,"R",20,"R",155,"R",56,"Z",0,"R",275,"R",0,"Z",0,"R",155,"R",56
460206,"A",,"A",,"A",,"A",,"A",,"A",,"A",,"A",,"A",,"A",,"A",,"A",,"A",,"R",483,"R",0,"R",483,"R",141,"R",29,"R",295,"R",61,"Z",0,"R",483,"R",0,"Z",0,"R",295,"R",61
460349,"R",1,"R",0,"R",1,"Z",0,"R",0,"Z",0,"R",0,"Z",0,"R",1,"R",0,"Z",0,"R",0,"R",0,"A",,"A",,"A",,"A",,"A",,"A",,"A",,"A",,"A",,"A",,"A",,"A",,"A",
460376,"R",6,"R",0,"R",6,"Z",0,"R",0,"R",1,"R",17,"Z",0,"R",6,"R",0,"Z",0,"R",1,"R",17,"A",,"A",,"A",,"A",,"A",,"A",,"A",,"A",,"A",,"A",,"A",,"A",,"A",
460394,"A",,"A",,"A",,"A",,"A",,"A",,"A",,"A",,"A",,"A",,"A",,"A",,"A",,"R",862,"R",0,"R",862,"R",110,"R",13,"R",211,"R",24,"R",0,"R",862,"R",50,"R",86,"R",261,"R",30
460464,"A",,"A",,"A",,"A",,"A",,"A",,"A",,"A",,"A",,"A",,"A",,"A",,"A",,"R",783,"R",0,"R",783,"R",140,"R",18,"R",262,"R",33,"R",0,"R",783,"R",47,"R",49,"R",309,"R",39
460482,"A",,"A",,"A",,"A",,"A",,"A",,"A",,"A",,"A",,"A",,"A",,"A",,"A",,"R",39,"R",0,"R",39,"R",14,"R",36,"R",18,"R",46,"Z",0,"R",39,"R",0,"Z",0,"R",18,"R",46
460525,"A",,"A",,"A",,"A",,"A",,"A",,"A",,"A",,"A",,"A",,"A",,"A",,"A",,"R",88,"R",0,"R",88,"R",3,"R",3,"R",59,"R",67,"R",0,"R",88,"R",10,"R",0,"R",69,"R",78
460534,"A",,"A",,"A",,"A",,"A",,"A",,"A",,"A",,"A",,"A",,"A",,"A",,"A",,"R",236,"R",0,"R",236,"R",1,"R",0,"R",125,"R",53,"R",0,"R",236,"R",30,"R",0,"R",155,"R",66
460543,"A",,"A",,"A",,"A",,"A",,"A",,"A",,"A",,"A",,"A",,"A",,"A",,"A",,"R",1093,"R",3,"R",1090,"R",195,"R",18,"R",644,"R",59,"R",0,"R",1090,"R",24,"R",0,"R",668,"R",61
460677,"A",,"A",,"A",,"A",,"A",,"A",,"A",,"A",,"A",,"A",,"A",,"A",,"A",,"R",169,"R",0,"R",169,"R",77,"R",46,"R",77,"R",46,"R",0,"R",169,"R",1,"R",1,"R",78,"R",46
460701,"A",,"A",,"A",,"A",,"A",,"A",,"A",,"A",,"A",,"A",,"A",,"A",,"A",,"R",22,"R",0,"R",22,"R",17,"R",77,"R",17,"R",77,"Z",0,"R",22,"R",0,"Z",0,"R",17,"R",77
460756,"A",,"A",,"A",,"A",,"A",,"A",,"A",,"A",,"A",,"A",,"A",,"A",,"A",,"R",186,"R",1,"R",185,"R",40,"R",22,"R",75,"R",41,"Z",0,"R",185,"R",0,"Z",0,"R",75,"R",41
460765,"A",,"A",,"A",,"A",,"A",,"A",,"A",,"A",,"A",,"A",,"A",,"A",,"A",,"R",58,"R",0,"R",58,"R",13,"R",22,"R",49,"R",84,"R",0,"R",58,"R",0,"R",0,"R",49,"R",84
460808,"A",,"A",,"A",,"A",,"A",,"A",,"A",,"A",,"A",,"A",,"A",,"A",,"A",,"R",18,"R",3,"R",15,"R",12,"R",80,"R",12,"R",80,"R",0,"R",15,"R",0,"R",0,"R",12,"R",80
460817,"A",,"A",,"A",,"A",,"A",,"A",,"A",,"A",,"A",,"A",,"A",,"A",,"A",,"R",287,"R",0,"R",287,"R",167,"R",58,"R",178,"R",62,"R",0,"R",287,"R",3,"R",0,"R",181,"R",63
460826,"A",,"A",,"A",,"A",,"A",,"A",,"A",,"A",,"A",,"A",,"A",,"A",,"A",,"R",474,"R",0,"R",474,"R",110,"R",23,"R",167,"R",35,"R",0,"R",474,"R",31,"R",0,"R",198,"R",42
460835,"A",,"A",,"A",,"A",,"A",,"A",,"A",,"A",,"A",,"A",,"A",,"A",,"A",,"R",336,"R",0,"R",336,"R",141,"R",42,"R",171,"R",51,"R",0,"R",336,"R",9,"R",0,"R",180,"R",54
460862,"A",,"A",,"A",,"A",,"A",,"A",,"A",,"A",,"A",,"A",,"A",,"A",,"A",,"R",37,"R",0,"R",37,"R",2,"R",5,"R",23,"R",62,"Z",0,"R",37,"R",1,"Z",0,"R",24,"R",65
460871,"R",4,"R",0,"R",4,"R",1,"R",25,"R",1,"R",25,"Z",0,"R",4,"R",0,"Z",0,"R",1,"R",25,"A",,"A",,"A",,"A",,"A",,"A",,"A",,"A",,"A",,"A",,"A",,"A",,"A",
460914,"A",,"A",,"A",,"A",,"A",,"A",,"A",,"A",,"A",,"A",,"A",,"A",,"A",,"R",39,"R",0,"R",39,"R",2,"R",5,"R",29,"R",74,"Z",0,"R",39,"R",0,"Z",0,"R",29,"R",74
460932,"A",,"A",,"A",,"A",,"A",,"A",,"A",,"A",,"A",,"A",,"A",,"A",,"A",,"R",97,"R",0,"R",97,"R",54,"R",56,"R",95,"R",98,"Z",0,"R",97,"R",0,"Z",0,"R",95,"R",98
460969,"A",,"A",,"A",,"A",,"A",,"A",,"A",,"A",,"A",,"A",,"A",,"A",,"A",,"R",121,"R",0,"R",121,"R",2,"R",2,"R",98,"R",81,"R",0,"R",121,"R",0,"R",0,"R",98,"R",81
460978,"A",,"A",,"A",,"A",,"A",,"A",,"A",,"A",,"A",,"A",,"A",,"A",,"A",,"R",180,"R",0,"R",180,"R",8,"R",4,"R",106,"R",59,"Z",0,"R",180,"R",0,"Z",0,"R",106,"R",59
460987,"A",,"A",,"A",,"A",,"A",,"A",,"A",,"A",,"A",,"A",,"A",,"A",,"A",,"R",126,"R",0,"R",126,"R",46,"R",37,"R",106,"R",84,"Z",0,"R",126,"R",0,"Z",0,"R",106,"R",84
460996,"A",,"A",,"A",,"A",,"A",,"A",,"A",,"A",,"A",,"A",,"A",,"A",,"A",,"R",44,"R",0,"R",44,"R",34,"R",77,"R",34,"R",77,"Z",0,"R",44,"R",0,"Z",0,"R",34,"R",77
461014,"A",,"A",,"A",,"A",,"A",,"A",,"A",,"A",,"A",,"A",,"A",,"A",,"A",,"R",191,"R",0,"R",191,"R",28,"R",15,"R",47,"R",25,"R",0,"R",191,"R",2,"R",0,"R",49,"R",26
461023,"R",22,"R",0,"R",22,"Z",0,"R",0,"R",2,"R",9,"R",0,"R",22,"R",0,"R",3,"R",2,"R",9,"A",,"A",,"A",,"A",,"A",,"A",,"A",,"A",,"A",,"A",,"A",,"A",,"A",
461032,"R",1,"R",0,"R",1,"Z",0,"R",0,"R",1,"R",100,"Z",0,"R",1,"R",0,"Z",0,"R",1,"R",100,"A",,"A",,"A",,"A",,"A",,"A",,"A",,"A",,"A",,"A",,"A",,"A",,"A",
461087,"A",,"A",,"A",,"A",,"A",,"A",,"A",,"A",,"A",,"A",,"A",,"A",,"A",,"R",34,"R",0,"R",34,"R",29,"R",85,"R",33,"R",97,"Z",0,"R",34,"R",0,"Z",0,"R",33,"R",97
461111,"A",,"A",,"A",,"A",,"A",,"A",,"A",,"A",,"A",,"A",,"A",,"A",,"A",,"R",30,"R",0,"R",30,"R",17,"R",57,"R",17,"R",57,"Z",0,"R",30,"R",0,"Z",0,"R",17,"R",57
461148,"R",180,"R",0,"R",180,"R",105,"R",58,"R",105,"R",58,"Z",0,"R",180,"R",0,"Z",0,"R",105,"R",58,"A",,"A",,"A",,"A",,"A",,"A",,"A",,"A",,"A",,"A",,"A",,"A",,"A",
461175,"A",,"A",,"A",,"A",,"A",,"A",,"A",,"A",,"A",,"A",,"A",,"A",,"A",,"R",144,"R",0,"R",144,"R",10,"R",7,"R",75,"R",52,"Z",0,"R",144,"R",7,"Z",0,"R",82,"R",57
461193,"A",,"A",,"A",,"A",,"A",,"A",,"A",,"A",,"A",,"A",,"A",,"A",,"A",,"R",92,"R",0,"R",92,"R",8,"R",9,"R",73,"R",79,"Z",0,"R",92,"R",0,"Z",0,"R",73,"R",79
461218,"A",,"A",,"A",,"A",,"A",,"A",,"A",,"A",,"A",,"A",,"A",,"A",,"A",,"R",229,"R",1,"R",228,"R",182,"R",80,"R",184,"R",81,"Z",0,"R",228,"R",0,"Z",0,"R",184,"R",81
461245,"A",,"A",,"A",,"A",,"A",,"A",,"A",,"A",,"A",,"A",,"A",,"A",,"A",,"R",45,"R",0,"R",45,"R",33,"R",73,"R",33,"R",73,"R",0,"R",45,"R",0,"R",0,"R",33,"R",73
461254,"A",,"A",,"A",,"A",,"A",,"A",,"A",,"A",,"A",,"A",,"A",,"A",,"A",,"R",52,"R",0,"R",52,"R",49,"R",94,"R",49,"R",94,"Z",0,"R",52,"R",0,"Z",0,"R",49,"R",94
461272,"A",,"A",,"A",,"A",,"A",,"A",,"A",,"A",,"A",,"A",,"A",,"A",,"A",,"R",9,"R",0,"R",9,"R",0,"R",0,"R",7,"R",78,"R",0,"R",9,"R",1,"R",0,"R",8,"R",89
461306,"A",,"A",,"A",,"A",,"A",,"A",,"A",,"A",,"A",,"A",,"A",,"A",,"A",,"R",70,"R",0,"R",70,"R",5,"R",7,"R",5,"R",7,"R",0,"R",70,"R",0,"R",0,"R",5,"R",7
461315,"A",,"A",,"A",,"A",,"A",,"A",,"A",,"A",,"A",,"A",,"A",,"A",,"A",,"R",14,"R",0,"R",14,"R",3,"R",21,"R",3,"R",21,"R",0,"R",14,"R",0,"R",2,"R",3,"R",21
461333,"A",,"A",,"A",,"A",,"A",,"A",,"A",,"A",,"A",,"A",,"A",,"A",,"A",,"R",30,"R",0,"R",30,"R",0,"R",0,"R",17,"R",57,"R",0,"R",30,"R",0,"R",0,"R",17,"R",57
461342,"A",,"A",,"A",,"A",,"A",,"A",,"A",,"A",,"A",,"A",,"A",,"A",,"A",,"R",53,"R",0,"R",53,"R",35,"R",66,"R",48,"R",91,"R",0,"R",53,"R",1,"R",0,"R",49,"R",92
461388,"A",,"A",,"A",,"A",,"A",,"A",,"A",,"A",,"A",,"A",,"A",,"A",,"A",,"R",50,"R",0,"R",50,"R",13,"R",26,"R",29,"R",58,"Z",0,"R",50,"R",0,"Z",0,"R",29,"R",58
461421,"A",,"A",,"A",,"A",,"A",,"A",,"A",,"A",,"A",,"A",,"A",,"A",,"A",,"R",24,"R",0,"R",24,"R",0,"R",0,"R",15,"R",63,"Z",0,"R",24,"R",0,"Z",0,"R",15,"R",63
461494,"A",,"A",,"A",,"A",,"A",,"A",,"A",,"A",,"A",,"A",,"A",,"A",,"A",,"R",51,"R",0,"R",51,"R",1,"R",2,"R",37,"R",73,"Z",0,"R",51,"R",0,"Z",0,"R",37,"R",73
461500,"A",,"A",,"A",,"A",,"A",,"A",,"A",,"A",,"A",,"A",,"A",,"A",,"A",,"R",6,"R",0,"R",6,"R",1,"R",17,"R",5,"R",83,"Z",0,"R",6,"R",0,"Z",0,"R",5,"R",83
461528,"R",2,"R",0,"R",2,"R",1,"R",50,"R",1,"R",50,"Z",0,"R",2,"R",1,"Z",0,"R",2,"R",100,"A",,"A",,"A",,"A",,"A",,"A",,"A",,"A",,"A",,"A",,"A",,"A",,"A",
461537,"A",,"A",,"A",,"A",,"A",,"A",,"A",,"A",,"A",,"A",,"A",,"A",,"A",,"R",5,"R",0,"R",5,"R",3,"R",60,"R",3,"R",60,"Z",0,"R",5,"R",0,"Z",0,"R",3,"R",60
461555,"A",,"A",,"A",,"A",,"A",,"A",,"A",,"A",,"A",,"A",,"A",,"A",,"A",,"R",70,"R",0,"R",70,"R",0,"R",0,"R",54,"R",77,"R",0,"R",70,"R",5,"R",2,"R",59,"R",84
461573,"A",,"A",,"A",,"A",,"A",,"A",,"A",,"A",,"A",,"A",,"A",,"A",,"A",,"R",79,"R",0,"R",79,"R",42,"R",53,"R",54,"R",68,"Z",0,"R",79,"R",0,"Z",0,"R",54,"R",68
461582,"A",,"A",,"A",,"A",,"A",,"A",,"A",,"A",,"A",,"A",,"A",,"A",,"A",,"R",53,"R",0,"R",53,"R",18,"R",34,"R",48,"R",91,"Z",0,"R",53,"R",0,"Z",0,"R",48,"R",91
461607,"A",,"A",,"A",,"A",,"A",,"A",,"A",,"A",,"A",,"A",,"A",,"A",,"A",,"R",40,"R",0,"R",40,"R",10,"R",25,"R",29,"R",73,"R",0,"R",40,"R",2,"R",0,"R",31,"R",78
461625,"A",,"A",,"A",,"A",,"A",,"A",,"A",,"A",,"A",,"A",,"A",,"A",,"A",,"R",21,"R",0,"R",21,"R",5,"R",24,"R",14,"R",67,"Z",0,"R",21,"R",0,"Z",0,"R",14,"R",67
461652,"A",,"A",,"A",,"A",,"A",,"A",,"A",,"A",,"A",,"A",,"A",,"A",,"A",,"R",22,"R",0,"R",22,"R",9,"R",41,"R",22,"R",100,"Z",0,"R",22,"R",0,"Z",0,"R",22,"R",100
461689,"A",,"A",,"A",,"A",,"A",,"A",,"A",,"A",,"A",,"A",,"A",,"A",,"A",,"R",159,"R",0,"R",159,"R",9,"R",6,"R",88,"R",55,"R",0,"R",159,"R",14,"R",2,"R",102,"R",64
461704,"A",,"A",,"A",,"A",,"A",,"A",,"A",,"A",,"A",,"A",,"A",,"A",,"A",,"R",123,"R",0,"R",123,"R",5,"R",4,"R",88,"R",72,"Z",0,"R",123,"R",0,"Z",0,"R",88,"R",72
461713,"A",,"A",,"A",,"A",,"A",,"A",,"A",,"A",,"A",,"A",,"A",,"A",,"A",,"R",8,"R",0,"R",8,"R",2,"R",25,"R",5,"R",63,"Z",0,"R",8,"R",2,"Z",0,"R",7,"R",88
461722,"A",,"A",,"A",,"A",,"A",,"A",,"A",,"A",,"A",,"A",,"A",,"A",,"A",,"R",18,"R",0,"R",18,"R",13,"R",72,"R",15,"R",83,"Z",0,"R",18,"R",0,"Z",0,"R",15,"R",83
461740,"A",,"A",,"A",,"A",,"A",,"A",,"A",,"A",,"A",,"A",,"A",,"A",,"A",,"R",20,"R",0,"R",20,"R",1,"R",5,"R",14,"R",70,"Z",0,"R",20,"R",0,"Z",0,"R",14,"R",70
461759,"R",7,"R",0,"R",7,"R",2,"R",29,"R",3,"R",43,"R",0,"R",7,"R",1,"R",1,"R",4,"R",57,"A",,"A",,"A",,"A",,"A",,"A",,"A",,"A",,"A",,"A",,"A",,"A",,"A",
461768,"A",,"A",,"A",,"A",,"A",,"A",,"A",,"A",,"A",,"A",,"A",,"A",,"A",,"R",121,"R",0,"R",121,"R",2,"R",2,"R",65,"R",54,"R",0,"R",121,"R",17,"R",9,"R",82,"R",68
461786,"A",,"A",,"A",,"A",,"A",,"A",,"A",,"A",,"A",,"A",,"A",,"A",,"A",,"R",15,"R",0,"R",15,"R",8,"R",53,"R",12,"R",80,"Z",0,"R",15,"R",0,"Z",0,"R",12,"R",80
461795,"R",119,"R",0,"R",119,"R",30,"R",25,"R",35,"R",29,"Z",0,"R",119,"R",0,"Z",0,"R",35,"R",29,"A",,"A",,"A",,"A",,"A",,"A",,"A",,"A",,"A",,"A",,"A",,"A",,"A",
461810,"A",,"A",,"A",,"A",,"A",,"A",,"A",,"A",,"A",,"A",,"A",,"A",,"A",,"R",50,"R",0,"R",50,"R",46,"R",92,"R",49,"R",98,"R",0,"R",50,"R",0,"R",0,"R",49,"R",98
461829,"A",,"A",,"A",,"A",,"A",,"A",,"A",,"A",,"A",,"A",,"A",,"A",,"A",,"R",110,"R",0,"R",110,"R",20,"R",18,"R",75,"R",68,"Z",0,"R",110,"R",0,"Z",0,"R",75,"R",68
461838,"A",,"A",,"A",,"A",,"A",,"A",,"A",,"A",,"A",,"A",,"A",,"A",,"A",,"R",84,"R",0,"R",84,"R",1,"R",1,"R",76,"R",90,"Z",0,"R",84,"R",0,"Z",0,"R",76,"R",90
461847,"R",2,"R",0,"R",2,"Z",0,"R",0,"Z",0,"R",0,"Z",0,"R",2,"R",0,"Z",0,"R",0,"R",0,"A",,"A",,"A",,"A",,"A",,"A",,"A",,"A",,"A",,"A",,"A",,"A",,"A",
461856,"A",,"A",,"A",,"A",,"A",,"A",,"A",,"A",,"A",,"A",,"A",,"A",,"A",,"R",267,"R",0,"R",267,"R",189,"R",71,"R",207,"R",78,"Z",0,"R",267,"R",0,"Z",0,"R",207,"R",78
461865,"A",,"A",,"A",,"A",,"A",,"A",,"A",,"A",,"A",,"A",,"A",,"A",,"A",,"R",102,"R",0,"R",102,"R",52,"R",51,"R",52,"R",51,"Z",0,"R",102,"R",0,"R",0,"R",52,"R",51
461874,"A",,"A",,"A",,"A",,"A",,"A",,"A",,"A",,"A",,"A",,"A",,"A",,"A",,"R",49,"R",1,"R",48,"R",27,"R",56,"R",33,"R",69,"R",0,"R",48,"R",0,"R",0,"R",33,"R",69
461892,"A",,"A",,"A",,"A",,"A",,"A",,"A",,"A",,"A",,"A",,"A",,"A",,"A",,"R",82,"R",2,"R",80,"R",10,"R",13,"R",14,"R",18,"R",0,"R",80,"R",1,"R",0,"R",15,"R",19
461908,"A",,"A",,"A",,"A",,"A",,"A",,"A",,"A",,"A",,"A",,"A",,"A",,"A",,"R",51,"R",0,"R",51,"R",0,"R",0,"R",30,"R",59,"Z",0,"R",51,"R",1,"Z",0,"R",31,"R",61
461917,"A",,"A",,"A",,"A",,"A",,"A",,"A",,"A",,"A",,"A",,"A",,"A",,"A",,"R",26,"R",0,"R",26,"R",1,"R",4,"R",16,"R",62,"Z",0,"R",26,"R",0,"Z",0,"R",16,"R",62
461926,"A",,"A",,"A",,"A",,"A",,"A",,"A",,"A",,"A",,"A",,"A",,"A",,"A",,"R",36,"R",0,"R",36,"R",18,"R",50,"R",31,"R",86,"R",0,"R",36,"R",3,"R",0,"R",34,"R",94
461944,"A",,"A",,"A",,"A",,"A",,"A",,"A",,"A",,"A",,"A",,"A",,"A",,"A",,"R",21,"R",0,"R",21,"R",1,"R",5,"R",14,"R",67,"Z",0,"R",21,"R",0,"Z",0,"R",14,"R",67
461953,"A",,"A",,"A",,"A",,"A",,"A",,"A",,"A",,"A",,"A",,"A",,"A",,"A",,"R",60,"R",1,"R",59,"R",40,"R",68,"R",40,"R",68,"R",0,"R",59,"R",0,"R",0,"R",40,"R",68
461962,"A",,"A",,"A",,"A",,"A",,"A",,"A",,"A",,"A",,"A",,"A",,"A",,"A",,"R",237,"R",0,"R",237,"R",118,"R",50,"R",211,"R",89,"Z",0,"R",237,"R",2,"Z",0,"R",213,"R",90
461999,"A",,"A",,"A",,"A",,"A",,"A",,"A",,"A",,"A",,"A",,"A",,"A",,"A",,"R",69,"R",0,"R",69,"R",3,"R",4,"R",40,"R",58,"Z",0,"R",69,"R",0,"Z",0,"R",40,"R",58
462008,"A",,"A",,"A",,"A",,"A",,"A",,"A",,"A",,"A",,"A",,"A",,"A",,"A",,"R",42,"R",0,"R",42,"R",2,"R",5,"R",32,"R",76,"Z",0,"R",42,"R",0,"Z",0,"R",32,"R",76
462017,"A",,"A",,"A",,"A",,"A",,"A",,"A",,"A",,"A",,"A",,"A",,"A",,"A",,"R",46,"R",0,"R",46,"R",4,"R",9,"R",26,"R",57,"R",0,"R",46,"R",2,"R",1,"R",28,"R",61
462035,"A",,"A",,"A",,"A",,"A",,"A",,"A",,"A",,"A",,"A",,"A",,"A",,"A",,"R",84,"R",0,"R",84,"R",34,"R",40,"R",66,"R",79,"Z",0,"R",84,"R",0,"Z",0,"R",66,"R",79
462053,"A",,"A",,"A",,"A",,"A",,"A",,"A",,"A",,"A",,"A",,"A",,"A",,"A",,"R",98,"R",0,"R",98,"R",44,"R",45,"R",56,"R",57,"R",0,"R",98,"R",8,"Z",0,"R",64,"R",65
462062,"A",,"A",,"A",,"A",,"A",,"A",,"A",,"A",,"A",,"A",,"A",,"A",,"A",,"R",20,"R",0,"R",20,"R",3,"R",15,"R",14,"R",70,"Z",0,"R",20,"R",0,"Z",0,"R",14,"R",70
462071,"A",,"A",,"A",,"A",,"A",,"A",,"A",,"A",,"A",,"A",,"A",,"A",,"A",,"R",24,"R",0,"R",24,"R",1,"R",4,"R",13,"R",54,"Z",0,"R",24,"R",0,"Z",0,"R",13,"R",54
462336,"A",,"A",,"A",,"A",,"A",,"A",,"A",,"A",,"A",,"A",,"A",,"A",,"A",,"R",7,"R",0,"R",7,"R",0,"R",0,"R",7,"R",100,"Z",0,"R",7,"R",0,"Z",0,"R",7,"R",100
462354,"R",63,"R",0,"R",63,"R",39,"R",62,"R",39,"R",62,"Z",0,"R",63,"R",0,"Z",0,"R",39,"R",62,"A",,"A",,"A",,"A",,"A",,"A",,"A",,"A",,"A",,"A",,"A",,"A",,"A",
463056,"R",433,"R",2,"R",431,"R",180,"R",42,"R",281,"R",65,"R",0,"R",431,"R",7,"R",6,"R",288,"R",67,"A",,"A",,"A",,"A",,"A",,"A",,"A",,"A",,"A",,"A",,"A",,"A",,"A",
466921,"R",4,"R",0,"R",4,"R",2,"R",50,"R",3,"R",75,"Z",0,"R",4,"R",0,"Z",0,"R",3,"R",75,"A",,"A",,"A",,"A",,"A",,"A",,"A",,"A",,"A",,"A",,"A",,"A",,"A",
466930,"R",3,"R",0,"R",3,"Z",0,"R",0,"Z",0,"R",0,"Z",0,"R",3,"R",0,"Z",0,"R",0,"R",0,"A",,"A",,"A",,"A",,"A",,"A",,"A",,"A",,"A",,"A",,"A",,"A",,"A",
467094,"A",,"A",,"A",,"A",,"A",,"A",,"A",,"A",,"A",,"A",,"A",,"A",,"A",,"R",61,"R",0,"R",61,"R",11,"R",18,"R",42,"R",69,"Z",0,"R",61,"R",0,"Z",0,"R",42,"R",69
467863,"A",,"A",,"A",,"A",,"A",,"A",,"A",,"A",,"A",,"A",,"A",,"A",,"A",,"R",31,"R",0,"R",31,"R",1,"R",3,"R",15,"R",48,"Z",0,"R",31,"R",0,"Z",0,"R",15,"R",48
467872,"A",,"A",,"A",,"A",,"A",,"A",,"A",,"A",,"A",,"A",,"A",,"A",,"A",,"R",28,"R",0,"R",28,"R",0,"R",0,"R",14,"R",50,"Z",0,"R",28,"R",0,"Z",0,"R",14,"R",50
467906,"A",,"A",,"A",,"A",,"A",,"A",,"A",,"A",,"A",,"A",,"A",,"A",,"A",,"R",38,"R",0,"R",38,"R",1,"R",3,"R",23,"R",61,"Z",0,"R",38,"R",0,"Z",0,"R",23,"R",61
468246,"A",,"A",,"A",,"A",,"A",,"A",,"A",,"A",,"A",,"A",,"A",,"A",,"A",,"R",93,"R",0,"R",93,"R",12,"R",13,"R",51,"R",55,"Z",0,"R",93,"R",26,"R",10,"R",77,"R",83
468255,"A",,"A",,"A",,"A",,"A",,"A",,"A",,"A",,"A",,"A",,"A",,"A",,"A",,"R",41,"R",0,"R",41,"R",3,"R",7,"R",20,"R",49,"R",0,"R",41,"R",7,"R",2,"R",27,"R",66
468291,"A",,"A",,"A",,"A",,"A",,"A",,"A",,"A",,"A",,"A",,"A",,"A",,"A",,"R",60,"R",0,"R",60,"R",18,"R",30,"R",31,"R",52,"R",0,"R",60,"R",2,"R",0,"R",33,"R",55
468769,"A",,"A",,"A",,"A",,"A",,"A",,"A",,"A",,"A",,"A",,"A",,"A",,"A",,"R",102,"R",1,"R",101,"R",0,"R",0,"R",87,"R",86,"Z",0,"R",101,"R",0,"Z",0,"R",87,"R",86
468848,"A",,"A",,"A",,"A",,"A",,"A",,"A",,"A",,"A",,"A",,"A",,"A",,"A",,"R",425,"R",2,"R",423,"R",88,"R",21,"R",271,"R",64,"Z",0,"R",423,"R",0,"Z",0,"R",271,"R",64
468893,"A",,"A",,"A",,"A",,"A",,"A",,"A",,"A",,"A",,"A",,"A",,"A",,"A",,"R",30,"R",0,"R",30,"R",1,"R",3,"R",14,"R",47,"Z",0,"R",30,"R",0,"Z",0,"R",14,"R",47
468909,"A",,"A",,"A",,"A",,"A",,"A",,"A",,"A",,"A",,"A",,"A",,"A",,"A",,"R",454,"R",3,"R",451,"R",81,"R",18,"R",250,"R",55,"R",0,"R",451,"R",2,"R",0,"R",252,"R",56
468963,"A",,"A",,"A",,"A",,"A",,"A",,"A",,"A",,"A",,"A",,"A",,"A",,"A",,"R",537,"R",0,"R",537,"R",280,"R",52,"R",371,"R",69,"Z",0,"R",537,"R",0,"Z",0,"R",371,"R",69
469416,"R",151,"R",0,"R",151,"R",7,"R",5,"R",9,"R",6,"R",0,"R",151,"R",0,"R",0,"R",9,"R",6,"A",,"A",,"A",,"A",,"A",,"A",,"A",,"A",,"A",,"A",,"A",,"A",,"A",
469610,"A",,"A",,"A",,"A",,"A",,"A",,"A",,"A",,"A",,"A",,"A",,"A",,"A",,"R",129,"R",0,"R",129,"R",108,"R",84,"R",108,"R",84,"Z",0,"R",129,"R",0,"Z",0,"R",108,"R",84
469629,"A",,"A",,"A",,"A",,"A",,"A",,"A",,"A",,"A",,"A",,"A",,"A",,"A",,"R",171,"R",0,"R",171,"R",113,"R",66,"R",113,"R",66,"Z",0,"R",171,"R",0,"Z",0,"R",113,"R",66
469911,"A",,"A",,"A",,"A",,"A",,"A",,"A",,"A",,"A",,"A",,"A",,"A",,"A",,"R",205,"R",0,"R",205,"R",119,"R",58,"R",144,"R",70,"Z",0,"R",205,"R",0,"Z",0,"R",144,"R",70
470038,"A",,"A",,"A",,"A",,"A",,"A",,"A",,"A",,"A",,"A",,"A",,"A",,"A",,"R",652,"R",2,"R",650,"R",103,"R",16,"R",326,"R",50,"R",0,"R",650,"R",2,"R",0,"R",328,"R",50
470047,"A",,"A",,"A",,"A",,"A",,"A",,"A",,"A",,"A",,"A",,"A",,"A",,"A",,"R",34,"R",0,"R",34,"R",30,"R",88,"R",32,"R",94,"Z",0,"R",34,"R",0,"Z",0,"R",32,"R",94
470296,"A",,"A",,"A",,"A",,"A",,"A",,"A",,"A",,"A",,"A",,"A",,"A",,"A",,"R",15,"R",0,"R",15,"R",12,"R",80,"R",12,"R",80,"Z",0,"R",15,"R",0,"Z",0,"R",12,"R",80
470393,"A",,"A",,"A",,"A",,"A",,"A",,"A",,"A",,"A",,"A",,"A",,"A",,"A",,"R",9,"R",0,"R",9,"R",1,"R",11,"R",4,"R",44,"Z",0,"R",9,"R",0,"Z",0,"R",4,"R",44
474863,"R",11,"R",0,"R",11,"R",2,"R",18,"R",3,"R",27,"Z",0,"R",11,"R",0,"Z",0,"R",3,"R",27,"A",,"A",,"A",,"A",,"A",,"A",,"A",,"A",,"A",,"A",,"A",,"A",,"A",
474915,"A",,"A",,"A",,"A",,"A",,"A",,"A",,"A",,"A",,"A",,"A",,"A",,"A",,"R",231,"R",0,"R",231,"R",106,"R",46,"R",150,"R",65,"R",0,"R",231,"R",3,"R",1,"R",153,"R",66
474924,"A",,"A",,"A",,"A",,"A",,"A",,"A",,"A",,"A",,"A",,"A",,"A",,"A",,"R",117,"R",0,"R",117,"R",49,"R",42,"R",65,"R",56,"Z",0,"R",117,"R",0,"Z",0,"R",65,"R",56
475015,"A",,"A",,"A",,"A",,"A",,"A",,"A",,"A",,"A",,"A",,"A",,"A",,"A",,"R",68,"R",0,"R",68,"R",4,"R",6,"R",68,"R",100,"Z",0,"R",68,"R",0,"Z",0,"R",68,"R",100
475024,"A",,"A",,"A",,"A",,"A",,"A",,"A",,"A",,"A",,"A",,"A",,"A",,"A",,"R",215,"R",0,"R",215,"R",29,"R",13,"R",71,"R",33,"Z",0,"R",215,"R",0,"Z",0,"R",71,"R",33
475060,"A",,"A",,"A",,"A",,"A",,"A",,"A",,"A",,"A",,"A",,"A",,"A",,"A",,"R",182,"R",0,"R",182,"R",38,"R",21,"R",60,"R",33,"R",0,"R",182,"R",1,"R",0,"R",61,"R",34
475121,"R",949,"R",4,"R",945,"R",26,"R",3,"R",39,"R",4,"R",4,"R",941,"R",1,"R",3,"R",40,"R",4,"A",,"A",,"A",,"A",,"A",,"A",,"A",,"A",,"A",,"A",,"A",,"A",,"A",
475176,"A",,"A",,"A",,"A",,"A",,"A",,"A",,"A",,"A",,"A",,"A",,"A",,"A",,"R",307,"R",1,"R",306,"R",92,"R",30,"R",165,"R",54,"R",0,"R",306,"R",29,"R",7,"R",194,"R",63
475282,"A",,"A",,"A",,"A",,"A",,"A",,"A",,"A",,"A",,"A",,"A",,"A",,"A",,"R",2,"R",0,"R",2,"R",0,"R",0,"R",2,"R",100,"R",0,"R",2,"R",0,"R",0,"R",2,"R",100
475325,"A",,"A",,"A",,"A",,"A",,"A",,"A",,"A",,"A",,"A",,"A",,"A",,"A",,"R",172,"R",0,"R",172,"R",25,"R",15,"R",99,"R",58,"R",0,"R",172,"R",9,"R",0,"R",108,"R",63
475404,"A",,"A",,"A",,"A",,"A",,"A",,"A",,"A",,"A",,"A",,"A",,"A",,"A",,"R",27,"R",0,"R",27,"R",10,"R",37,"R",23,"R",85,"Z",0,"R",27,"R",0,"Z",0,"R",23,"R",85
475431,"A",,"A",,"A",,"A",,"A",,"A",,"A",,"A",,"A",,"A",,"A",,"A",,"A",,"R",68,"R",0,"R",68,"R",66,"R",97,"R",66,"R",97,"Z",0,"R",68,"R",0,"Z",0,"R",66,"R",97
475468,"A",,"A",,"A",,"A",,"A",,"A",,"A",,"A",,"A",,"A",,"A",,"A",,"A",,"R",35,"R",0,"R",35,"R",1,"R",3,"R",34,"R",97,"Z",0,"R",35,"R",0,"Z",0,"R",34,"R",97
475486,"A",,"A",,"A",,"A",,"A",,"A",,"A",,"A",,"A",,"A",,"A",,"A",,"A",,"R",30,"R",0,"R",30,"R",2,"R",7,"R",18,"R",60,"Z",0,"R",30,"R",0,"Z",0,"R",18,"R",60
475547,"A",,"A",,"A",,"A",,"A",,"A",,"A",,"A",,"A",,"A",,"A",,"A",,"A",,"R",11,"R",0,"R",11,"R",0,"R",0,"R",7,"R",64,"Z",0,"R",11,"R",0,"Z",0,"R",7,"R",64
475556,"A",,"A",,"A",,"A",,"A",,"A",,"A",,"A",,"A",,"A",,"A",,"A",,"A",,"R",23,"R",0,"R",23,"R",3,"R",13,"R",16,"R",70,"Z",0,"R",23,"R",0,"Z",0,"R",16,"R",70
475565,"A",,"A",,"A",,"A",,"A",,"A",,"A",,"A",,"A",,"A",,"A",,"A",,"A",,"R",512,"R",0,"R",512,"R",107,"R",21,"R",162,"R",32,"R",0,"R",512,"R",22,"R",33,"R",184,"R",36
475574,"A",,"A",,"A",,"A",,"A",,"A",,"A",,"A",,"A",,"A",,"A",,"A",,"A",,"R",6,"R",0,"R",6,"R",0,"R",0,"R",1,"R",17,"R",0,"R",6,"R",1,"R",0,"R",2,"R",33
475608,"R",7,"R",0,"R",7,"R",3,"R",43,"R",3,"R",43,"Z",0,"R",7,"R",0,"Z",0,"R",3,"R",43,"A",,"A",,"A",,"A",,"A",,"A",,"A",,"A",,"A",,"A",,"A",,"A",,"A",
475653,"A",,"A",,"A",,"A",,"A",,"A",,"A",,"A",,"A",,"A",,"A",,"A",,"A",,"R",15,"R",0,"R",15,"R",6,"R",40,"R",6,"R",40,"Z",0,"R",15,"R",0,"Z",0,"R",6,"R",40
475662,"A",,"A",,"A",,"A",,"A",,"A",,"A",,"A",,"A",,"A",,"A",,"A",,"A",,"R",23,"R",0,"R",23,"R",1,"R",4,"R",13,"R",57,"R",0,"R",23,"R",0,"R",0,"R",13,"R",57
475705,"A",,"A",,"A",,"A",,"A",,"A",,"A",,"A",,"A",,"A",,"A",,"A",,"A",,"R",23,"R",0,"R",23,"R",13,"R",57,"R",13,"R",57,"Z",0,"R",23,"R",0,"Z",0,"R",13,"R",57
475723,"A",,"A",,"A",,"A",,"A",,"A",,"A",,"A",,"A",,"A",,"A",,"A",,"A",,"R",49,"R",0,"R",49,"R",19,"R",39,"R",25,"R",51,"R",0,"R",49,"R",1,"R",0,"R",26,"R",53
475732,"R",5,"R",0,"R",5,"R",2,"R",40,"R",2,"R",40,"Z",0,"R",5,"R",0,"Z",0,"R",2,"R",40,"A",,"A",,"A",,"A",,"A",,"A",,"A",,"A",,"A",,"A",,"A",,"A",,"A",
475741,"R",1,"R",0,"R",1,"Z",0,"R",0,"Z",0,"R",0,"Z",0,"R",1,"R",0,"Z",0,"R",0,"R",0,"A",,"A",,"A",,"A",,"A",,"A",,"A",,"A",,"A",,"A",,"A",,"A",,"A",
476063,"A",,"A",,"A",,"A",,"A",,"A",,"A",,"A",,"A",,"A",,"A",,"A",,"A",,"R",266,"R",1,"R",265,"R",160,"R",60,"R",182,"R",69,"R",0,"R",265,"R",6,"R",1,"R",188,"R",71
476179,"A",,"A",,"A",,"A",,"A",,"A",,"A",,"A",,"A",,"A",,"A",,"A",,"A",,"R",39,"R",0,"R",39,"R",0,"R",0,"R",6,"R",15,"Z",0,"R",39,"R",0,"Z",0,"R",6,"R",15
476230,"A",,"A",,"A",,"A",,"A",,"A",,"A",,"A",,"A",,"A",,"A",,"A",,"A",,"R",51,"R",0,"R",51,"R",11,"R",22,"R",31,"R",61,"Z",0,"R",51,"R",0,"Z",0,"R",31,"R",61
476498,"A",,"A",,"A",,"A",,"A",,"A",,"A",,"A",,"A",,"A",,"A",,"A",,"A",,"R",118,"R",0,"R",118,"R",7,"R",6,"R",110,"R",93,"Z",0,"R",118,"R",0,"Z",0,"R",110,"R",93
476540,"A",,"A",,"A",,"A",,"A",,"A",,"A",,"A",,"A",,"A",,"A",,"A",,"A",,"R",1,"R",0,"R",1,"R",1,"R",100,"R",1,"R",100,"Z",0,"R",1,"R",0,"Z",0,"R",1,"R",100
476559,"A",,"A",,"A",,"A",,"A",,"A",,"A",,"A",,"A",,"A",,"A",,"A",,"A",,"R",2,"R",0,"R",2,"R",0,"R",0,"R",2,"R",100,"Z",0,"R",2,"R",0,"Z",0,"R",2,"R",100
476568,"A",,"A",,"A",,"A",,"A",,"A",,"A",,"A",,"A",,"A",,"A",,"A",,"A",,"R",20,"R",0,"R",20,"R",5,"R",25,"R",13,"R",65,"Z",0,"R",20,"R",0,"Z",0,"R",13,"R",65
476595,"A",,"A",,"A",,"A",,"A",,"A",,"A",,"A",,"A",,"A",,"A",,"A",,"A",,"R",52,"R",0,"R",52,"R",28,"R",54,"R",28,"R",54,"Z",0,"R",52,"R",0,"Z",0,"R",28,"R",54
476601,"R",22,"R",0,"R",22,"R",12,"R",55,"R",12,"R",55,"Z",0,"R",22,"R",0,"Z",0,"R",12,"R",55,"A",,"A",,"A",,"A",,"A",,"A",,"A",,"A",,"A",,"A",,"A",,"A",,"A",
476610,"A",,"A",,"A",,"A",,"A",,"A",,"A",,"A",,"A",,"A",,"A",,"A",,"A",,"R",43,"R",0,"R",43,"R",2,"R",5,"R",39,"R",91,"Z",0,"R",43,"R",0,"Z",0,"R",39,"R",91
476629,"A",,"A",,"A",,"A",,"A",,"A",,"A",,"A",,"A",,"A",,"A",,"A",,"A",,"R",51,"R",0,"R",51,"R",9,"R",18,"R",31,"R",61,"R",0,"R",51,"R",0,"R",0,"R",31,"R",61
476683,"A",,"A",,"A",,"A",,"A",,"A",,"A",,"A",,"A",,"A",,"A",,"A",,"A",,"R",24,"R",0,"R",24,"R",16,"R",67,"R",18,"R",75,"Z",0,"R",24,"R",0,"Z",0,"R",18,"R",75
476692,"R",5,"R",0,"R",5,"Z",0,"R",0,"Z",0,"R",0,"Z",0,"R",5,"R",0,"Z",0,"R",0,"R",0,"A",,"A",,"A",,"A",,"A",,"A",,"A",,"A",,"A",,"A",,"A",,"A",,"A",
476708,"A",,"A",,"A",,"A",,"A",,"A",,"A",,"A",,"A",,"A",,"A",,"A",,"A",,"R",56,"R",0,"R",56,"R",7,"R",13,"R",33,"R",59,"R",1,"R",55,"R",1,"R",0,"R",34,"R",62
476717,"R",151,"R",0,"R",151,"Z",0,"R",0,"R",86,"R",57,"R",0,"R",151,"R",0,"R",0,"R",86,"R",57,"A",,"A",,"A",,"A",,"A",,"A",,"A",,"A",,"A",,"A",,"A",,"A",,"A",
476726,"A",,"A",,"A",,"A",,"A",,"A",,"A",,"A",,"A",,"A",,"A",,"A",,"A",,"R",452,"R",0,"R",452,"R",192,"R",42,"R",332,"R",73,"Z",0,"R",452,"R",0,"Z",0,"R",332,"R",73
476735,"A",,"A",,"A",,"A",,"A",,"A",,"A",,"A",,"A",,"A",,"A",,"A",,"A",,"R",30,"R",0,"R",30,"R",20,"R",67,"R",22,"R",73,"Z",0,"R",30,"R",0,"Z",0,"R",22,"R",73
476753,"A",,"A",,"A",,"A",,"A",,"A",,"A",,"A",,"A",,"A",,"A",,"A",,"A",,"R",69,"R",0,"R",69,"R",0,"R",0,"R",55,"R",80,"Z",0,"R",69,"R",0,"Z",0,"R",55,"R",80
476780,"A",,"A",,"A",,"A",,"A",,"A",,"A",,"A",,"A",,"A",,"A",,"A",,"A",,"R",57,"R",0,"R",57,"R",0,"R",0,"R",38,"R",67,"R",0,"R",57,"R",10,"R",0,"R",48,"R",84
476799,"A",,"A",,"A",,"A",,"A",,"A",,"A",,"A",,"A",,"A",,"A",,"A",,"A",,"R",80,"R",0,"R",80,"R",42,"R",53,"R",62,"R",78,"Z",0,"R",80,"R",1,"R",0,"R",63,"R",79
476805,"A",,"A",,"A",,"A",,"A",,"A",,"A",,"A",,"A",,"A",,"A",,"A",,"A",,"R",11,"R",0,"R",11,"R",0,"R",0,"R",8,"R",73,"Z",0,"R",11,"R",0,"Z",0,"R",8,"R",73
476841,"A",,"A",,"A",,"A",,"A",,"A",,"A",,"A",,"A",,"A",,"A",,"A",,"A",,"R",20,"R",0,"R",20,"R",0,"R",0,"R",14,"R",70,"Z",0,"R",20,"R",0,"Z",0,"R",14,"R",70
476850,"A",,"A",,"A",,"A",,"A",,"A",,"A",,"A",,"A",,"A",,"A",,"A",,"A",,"R",37,"R",1,"R",36,"R",1,"R",3,"R",16,"R",44,"R",0,"R",36,"R",9,"R",2,"R",25,"R",69
476869,"A",,"A",,"A",,"A",,"A",,"A",,"A",,"A",,"A",,"A",,"A",,"A",,"A",,"R",79,"R",0,"R",79,"R",7,"R",9,"R",72,"R",91,"Z",0,"R",79,"R",0,"Z",0,"R",72,"R",91
476878,"A",,"A",,"A",,"A",,"A",,"A",,"A",,"A",,"A",,"A",,"A",,"A",,"A",,"R",140,"R",0,"R",140,"R",27,"R",19,"R",127,"R",91,"Z",0,"R",140,"R",0,"Z",0,"R",127,"R",91
476887,"A",,"A",,"A",,"A",,"A",,"A",,"A",,"A",,"A",,"A",,"A",,"A",,"A",,"R",465,"R",0,"R",465,"R",279,"R",60,"R",323,"R",69,"R",0,"R",465,"R",4,"R",0,"R",327,"R",70
476896,"A",,"A",,"A",,"A",,"A",,"A",,"A",,"A",,"A",,"A",,"A",,"A",,"A",,"R",83,"R",0,"R",83,"R",8,"R",10,"R",40,"R",48,"R",0,"R",83,"R",8,"R",0,"R",48,"R",58
476902,"A",,"A",,"A",,"A",,"A",,"A",,"A",,"A",,"A",,"A",,"A",,"A",,"A",,"R",33,"R",0,"R",33,"R",0,"R",0,"R",23,"R",70,"Z",0,"R",33,"R",0,"Z",0,"R",23,"R",70
476939,"A",,"A",,"A",,"A",,"A",,"A",,"A",,"A",,"A",,"A",,"A",,"A",,"A",,"R",678,"R",0,"R",678,"R",413,"R",61,"R",413,"R",61,"Z",0,"R",678,"R",0,"Z",0,"R",413,"R",61
476984,"A",,"A",,"A",,"A",,"A",,"A",,"A",,"A",,"A",,"A",,"A",,"A",,"A",,"R",26,"R",0,"R",26,"R",0,"R",0,"R",17,"R",65,"Z",0,"R",26,"R",0,"Z",0,"R",17,"R",65
476993,"A",,"A",,"A",,"A",,"A",,"A",,"A",,"A",,"A",,"A",,"A",,"A",,"A",,"R",212,"R",0,"R",212,"R",9,"R",4,"R",196,"R",92,"R",0,"R",212,"R",6,"R",5,"R",202,"R",95
477002,"A",,"A",,"A",,"A",,"A",,"A",,"A",,"A",,"A",,"A",,"A",,"A",,"A",,"R",31,"R",0,"R",31,"R",3,"R",10,"R",28,"R",90,"R",0,"R",31,"R",0,"R",0,"R",28,"R",90
477233,"A",,"A",,"A",,"A",,"A",,"A",,"A",,"A",,"A",,"A",,"A",,"A",,"A",,"R",55,"R",0,"R",55,"R",27,"R",49,"R",27,"R",49,"Z",0,"R",55,"R",0,"Z",0,"R",27,"R",49
478582,"A",,"A",,"A",,"A",,"A",,"A",,"A",,"A",,"A",,"A",,"A",,"A",,"A",,"R",53,"R",0,"R",53,"R",2,"R",4,"R",19,"R",36,"R",0,"R",53,"R",0,"R",0,"R",19,"R",36
478591,"A",,"A",,"A",,"A",,"A",,"A",,"A",,"A",,"A",,"A",,"A",,"A",,"A",,"R",94,"R",0,"R",94,"R",19,"R",20,"R",51,"R",54,"Z",0,"R",94,"R",0,"Z",0,"R",51,"R",54
478616,"A",,"A",,"A",,"A",,"A",,"A",,"A",,"A",,"A",,"A",,"A",,"A",,"A",,"R",41,"R",0,"R",41,"R",0,"R",0,"R",11,"R",27,"R",0,"R",41,"R",0,"R",0,"R",11,"R",27
478917,"A",,"A",,"A",,"A",,"A",,"A",,"A",,"A",,"A",,"A",,"A",,"A",,"A",,"R",50,"R",0,"R",50,"R",6,"R",12,"R",31,"R",62,"R",0,"R",50,"R",3,"R",0,"R",34,"R",68
478953,"A",,"A",,"A",,"A",,"A",,"A",,"A",,"A",,"A",,"A",,"A",,"A",,"A",,"R",78,"R",0,"R",78,"R",10,"R",13,"R",55,"R",71,"Z",0,"R",78,"R",0,"Z",0,"R",55,"R",71
479062,"A",,"A",,"A",,"A",,"A",,"A",,"A",,"A",,"A",,"A",,"A",,"A",,"A",,"R",62,"R",0,"R",62,"R",0,"R",0,"R",54,"R",87,"R",0,"R",62,"R",1,"R",0,"R",55,"R",89
479424,"A",,"A",,"A",,"A",,"A",,"A",,"A",,"A",,"A",,"A",,"A",,"A",,"A",,"R",76,"R",0,"R",76,"R",38,"R",50,"R",55,"R",72,"Z",0,"R",76,"R",0,"Z",0,"R",55,"R",72
479956,"R",91,"R",0,"R",91,"R",22,"R",24,"R",28,"R",31,"R",0,"R",91,"R",2,"R",1,"R",30,"R",33,"A",,"A",,"A",,"A",,"A",,"A",,"A",,"A",,"A",,"A",,"A",,"A",,"A",
479965,"A",,"A",,"A",,"A",,"A",,"A",,"A",,"A",,"A",,"A",,"A",,"A",,"A",,"R",2,"R",0,"R",2,"R",2,"R",100,"R",2,"R",100,"Z",0,"R",2,"R",0,"Z",0,"R",2,"R",100
479974,"A",,"A",,"A",,"A",,"A",,"A",,"A",,"A",,"A",,"A",,"A",,"A",,"A",,"R",44,"R",0,"R",44,"R",1,"R",2,"R",25,"R",57,"Z",0,"R",44,"R",1,"Z",0,"R",26,"R",59
479983,"A",,"A",,"A",,"A",,"A",,"A",,"A",,"A",,"A",,"A",,"A",,"A",,"A",,"R",20,"R",0,"R",20,"R",8,"R",40,"R",16,"R",80,"Z",0,"R",20,"R",0,"Z",0,"R",16,"R",80
479992,"A",,"A",,"A",,"A",,"A",,"A",,"A",,"A",,"A",,"A",,"A",,"A",,"A",,"R",1,"R",0,"R",1,"R",1,"R",100,"R",1,"R",100,"Z",0,"R",1,"R",0,"Z",0,"R",1,"R",100
480000,"A",,"A",,"A",,"A",,"A",,"A",,"A",,"A",,"A",,"A",,"A",,"A",,"A",,"R",16,"R",0,"R",16,"R",0,"R",0,"R",6,"R",38,"R",0,"R",16,"R",4,"R",3,"R",10,"R",63
480019,"A",,"A",,"A",,"A",,"A",,"A",,"A",,"A",,"A",,"A",,"A",,"A",,"A",,"R",716,"R",0,"R",716,"R",318,"R",44,"R",441,"R",62,"R",0,"R",716,"R",54,"R",70,"R",495,"R",69
480028,"A",,"A",,"A",,"A",,"A",,"A",,"A",,"A",,"A",,"A",,"A",,"A",,"A",,"R",41,"R",0,"R",41,"R",24,"R",59,"R",24,"R",59,"Z",0,"R",41,"R",0,"Z",0,"R",24,"R",59
480037,"A",,"A",,"A",,"A",,"A",,"A",,"A",,"A",,"A",,"A",,"A",,"A",,"A",,"R",739,"R",4,"R",735,"R",532,"R",72,"R",532,"R",72,"Z",0,"R",735,"R",0,"Z",0,"R",532,"R",72
480073,"R",15,"R",0,"R",15,"Z",0,"R",0,"R",3,"R",20,"R",0,"R",15,"R",1,"R",0,"R",4,"R",27,"A",,"A",,"A",,"A",,"A",,"A",,"A",,"A",,"A",,"A",,"A",,"A",,"A",
480091,"R",4,"R",0,"R",4,"Z",0,"R",0,"Z",0,"R",0,"R",0,"R",4,"R",0,"R",0,"R",0,"R",0,"A",,"A",,"A",,"A",,"A",,"A",,"A",,"A",,"A",,"A",,"A",,"A",,"A",
480125,"A",,"A",,"A",,"A",,"A",,"A",,"A",,"A",,"A",,"A",,"A",,"A",,"A",,"R",258,"R",0,"R",258,"R",2,"R",1,"R",155,"R",60,"Z",0,"R",258,"R",0,"Z",0,"R",155,"R",60
480161,"A",,"A",,"A",,"A",,"A",,"A",,"A",,"A",,"A",,"A",,"A",,"A",,"A",,"R",4,"R",0,"R",4,"R",3,"R",75,"R",3,"R",75,"Z",0,"R",4,"R",0,"Z",0,"R",3,"R",75
480198,"R",1,"R",0,"R",1,"Z",0,"R",0,"R",1,"R",100,"Z",0,"R",1,"R",0,"Z",0,"R",1,"R",100,"A",,"A",,"A",,"A",,"A",,"A",,"A",,"A",,"A",,"A",,"A",,"A",,"A",
480310,"A",,"A",,"A",,"A",,"A",,"A",,"A",,"A",,"A",,"A",,"A",,"A",,"A",,"R",49,"R",0,"R",49,"R",0,"R",0,"R",10,"R",20,"R",0,"R",49,"R",0,"R",0,"R",10,"R",20
480471,"A",,"A",,"A",,"A",,"A",,"A",,"A",,"A",,"A",,"A",,"A",,"A",,"A",,"R",418,"R",0,"R",418,"R",46,"R",11,"R",219,"R",52,"R",0,"R",418,"R",5,"R",0,"R",224,"R",54
480523,"A",,"A",,"A",,"A",,"A",,"A",,"A",,"A",,"A",,"A",,"A",,"A",,"A",,"R",81,"R",0,"R",81,"R",17,"R",21,"R",36,"R",44,"Z",0,"R",81,"R",0,"Z",0,"R",36,"R",44
480532,"A",,"A",,"A",,"A",,"A",,"A",,"A",,"A",,"A",,"A",,"A",,"A",,"A",,"R",59,"R",0,"R",59,"R",10,"R",17,"R",31,"R",53,"Z",0,"R",59,"R",0,"Z",0,"R",31,"R",53
480550,"A",,"A",,"A",,"A",,"A",,"A",,"A",,"A",,"A",,"A",,"A",,"A",,"A",,"R",57,"R",0,"R",57,"R",11,"R",19,"R",34,"R",60,"Z",0,"R",57,"R",0,"Z",0,"R",34,"R",60
480727,"A",,"A",,"A",,"A",,"A",,"A",,"A",,"A",,"A",,"A",,"A",,"A",,"A",,"R",27,"R",0,"R",27,"R",27,"R",100,"R",27,"R",100,"Z",0,"R",27,"R",0,"Z",0,"R",27,"R",100
480781,"R",13,"R",0,"R",13,"R",5,"R",38,"R",7,"R",54,"R",0,"R",13,"R",0,"R",0,"R",7,"R",54,"A",,"A",,"A",,"A",,"A",,"A",,"A",,"A",,"A",,"A",,"A",,"A",,"A",
480824,"A",,"A",,"A",,"A",,"A",,"A",,"A",,"A",,"A",,"A",,"A",,"A",,"A",,"R",636,"R",0,"R",636,"R",192,"R",30,"R",348,"R",55,"Z",0,"R",636,"R",1,"Z",0,"R",349,"R",55
480833,"A",,"A",,"A",,"A",,"A",,"A",,"A",,"A",,"A",,"A",,"A",,"A",,"A",,"R",495,"R",0,"R",495,"R",187,"R",38,"R",320,"R",65,"Z",0,"R",495,"R",0,"Z",0,"R",320,"R",65
480842,"A",,"A",,"A",,"A",,"A",,"A",,"A",,"A",,"A",,"A",,"A",,"A",,"A",,"R",3,"R",0,"R",3,"R",0,"R",0,"R",3,"R",100,"Z",0,"R",3,"R",0,"Z",0,"R",3,"R",100
480851,"A",,"A",,"A",,"A",,"A",,"A",,"A",,"A",,"A",,"A",,"A",,"A",,"A",,"R",48,"R",0,"R",48,"R",33,"R",69,"R",33,"R",69,"Z",0,"R",48,"R",0,"Z",0,"R",33,"R",69
480879,"A",,"A",,"A",,"A",,"A",,"A",,"A",,"A",,"A",,"A",,"A",,"A",,"A",,"R",24,"R",0,"R",24,"R",3,"R",13,"R",13,"R",54,"Z",0,"R",24,"R",0,"Z",0,"R",13,"R",54
480888,"A",,"A",,"A",,"A",,"A",,"A",,"A",,"A",,"A",,"A",,"A",,"A",,"A",,"R",350,"R",0,"R",350,"R",278,"R",79,"R",280,"R",80,"Z",0,"R",350,"R",0,"Z",0,"R",280,"R",80
480903,"A",,"A",,"A",,"A",,"A",,"A",,"A",,"A",,"A",,"A",,"A",,"A",,"A",,"R",712,"R",0,"R",712,"R",314,"R",44,"R",543,"R",76,"Z",0,"R",712,"R",0,"Z",0,"R",543,"R",76
480921,"A",,"A",,"A",,"A",,"A",,"A",,"A",,"A",,"A",,"A",,"A",,"A",,"A",,"R",9,"R",0,"R",9,"R",0,"R",0,"R",5,"R",56,"Z",0,"R",9,"R",0,"Z",0,"R",5,"R",56
480967,"A",,"A",,"A",,"A",,"A",,"A",,"A",,"A",,"A",,"A",,"A",,"A",,"A",,"R",59,"R",0,"R",59,"R",1,"R",2,"R",18,"R",31,"R",0,"R",59,"R",1,"R",1,"R",19,"R",32
480976,"A",,"A",,"A",,"A",,"A",,"A",,"A",,"A",,"A",,"A",,"A",,"A",,"A",,"R",18,"R",0,"R",18,"R",1,"R",6,"R",14,"R",78,"Z",0,"R",18,"R",0,"Z",0,"R",14,"R",78
480985,"R",1,"R",0,"R",1,"Z",0,"R",0,"Z",0,"R",0,"Z",0,"R",1,"R",0,"Z",0,"R",0,"R",0,"A",,"A",,"A",,"A",,"A",,"A",,"A",,"A",,"A",,"A",,"A",,"A",,"A",
480994,"A",,"A",,"A",,"A",,"A",,"A",,"A",,"A",,"A",,"A",,"A",,"A",,"A",,"R",6,"R",0,"R",6,"R",6,"R",100,"R",6,"R",100,"Z",0,"R",6,"R",0,"Z",0,"R",6,"R",100
481003,"A",,"A",,"A",,"A",,"A",,"A",,"A",,"A",,"A",,"A",,"A",,"A",,"A",,"R",254,"R",0,"R",254,"R",123,"R",48,"R",193,"R",76,"Z",0,"R",254,"R",0,"Z",0,"R",193,"R",76
481021,"A",,"A",,"A",,"A",,"A",,"A",,"A",,"A",,"A",,"A",,"A",,"A",,"A",,"R",41,"R",1,"R",40,"R",29,"R",73,"R",32,"R",80,"Z",0,"R",40,"R",0,"Z",0,"R",32,"R",80
481049,"A",,"A",,"A",,"A",,"A",,"A",,"A",,"A",,"A",,"A",,"A",,"A",,"A",,"R",9,"R",0,"R",9,"R",9,"R",100,"R",9,"R",100,"Z",0,"R",9,"R",0,"Z",0,"R",9,"R",100
481058,"R",9,"R",0,"R",9,"R",1,"R",11,"R",4,"R",44,"R",0,"R",9,"R",1,"R",0,"R",5,"R",56,"A",,"A",,"A",,"A",,"A",,"A",,"A",,"A",,"A",,"A",,"A",,"A",,"A",
481100,"A",,"A",,"A",,"A",,"A",,"A",,"A",,"A",,"A",,"A",,"A",,"A",,"A",,"R",77,"R",0,"R",77,"R",77,"R",100,"R",77,"R",100,"Z",0,"R",77,"R",0,"Z",0,"R",77,"R",100
481128,"A",,"A",,"A",,"A",,"A",,"A",,"A",,"A",,"A",,"A",,"A",,"A",,"A",,"R",54,"R",0,"R",54,"R",24,"R",44,"R",43,"R",80,"R",0,"R",54,"R",0,"R",0,"R",43,"R",80
481137,"A",,"A",,"A",,"A",,"A",,"A",,"A",,"A",,"A",,"A",,"A",,"A",,"A",,"R",37,"R",0,"R",37,"R",31,"R",84,"R",31,"R",84,"Z",0,"R",37,"R",0,"Z",0,"R",31,"R",84
481146,"A",,"A",,"A",,"A",,"A",,"A",,"A",,"A",,"A",,"A",,"A",,"A",,"A",,"R",135,"R",0,"R",135,"R",56,"R",41,"R",79,"R",59,"Z",0,"R",135,"R",0,"Z",0,"R",79,"R",59
481155,"A",,"A",,"A",,"A",,"A",,"A",,"A",,"A",,"A",,"A",,"A",,"A",,"A",,"R",44,"R",0,"R",44,"R",30,"R",68,"R",30,"R",68,"Z",0,"R",44,"R",0,"Z",0,"R",30,"R",68
481191,"A",,"A",,"A",,"A",,"A",,"A",,"A",,"A",,"A",,"A",,"A",,"A",,"A",,"R",80,"R",0,"R",80,"R",60,"R",75,"R",68,"R",85,"Z",0,"R",80,"R",0,"Z",0,"R",68,"R",85
481207,"A",,"A",,"A",,"A",,"A",,"A",,"A",,"A",,"A",,"A",,"A",,"A",,"A",,"R",28,"R",0,"R",28,"R",23,"R",82,"R",23,"R",82,"Z",0,"R",28,"R",0,"Z",0,"R",23,"R",82
481225,"R",1,"R",0,"R",1,"R",1,"R",100,"R",1,"R",100,"Z",0,"R",1,"R",0,"Z",0,"R",1,"R",100,"A",,"A",,"A",,"A",,"A",,"A",,"A",,"A",,"A",,"A",,"A",,"A",,"A",
481243,"A",,"A",,"A",,"A",,"A",,"A",,"A",,"A",,"A",,"A",,"A",,"A",,"A",,"R",3,"R",0,"R",3,"R",0,"R",0,"R",2,"R",67,"Z",0,"R",3,"R",0,"Z",0,"R",2,"R",67
481252,"A",,"A",,"A",,"A",,"A",,"A",,"A",,"A",,"A",,"A",,"A",,"A",,"A",,"R",10,"R",0,"R",10,"R",10,"R",100,"R",10,"R",100,"Z",0,"R",10,"R",0,"Z",0,"R",10,"R",100
481289,"A",,"A",,"A",,"A",,"A",,"A",,"A",,"A",,"A",,"A",,"A",,"A",,"A",,"R",32,"R",0,"R",32,"R",11,"R",34,"R",24,"R",75,"Z",0,"R",32,"R",0,"Z",0,"R",24,"R",75
481298,"A",,"A",,"A",,"A",,"A",,"A",,"A",,"A",,"A",,"A",,"A",,"A",,"A",,"R",22,"R",0,"R",22,"R",10,"R",45,"R",10,"R",45,"Z",0,"R",22,"R",0,"Z",0,"R",10,"R",45
481313,"A",,"A",,"A",,"A",,"A",,"A",,"A",,"A",,"A",,"A",,"A",,"A",,"A",,"R",67,"R",0,"R",67,"R",48,"R",72,"R",57,"R",85,"R",0,"R",67,"R",0,"R",0,"R",57,"R",85
481331,"A",,"A",,"A",,"A",,"A",,"A",,"A",,"A",,"A",,"A",,"A",,"A",,"A",,"R",87,"R",0,"R",87,"R",11,"R",13,"R",71,"R",82,"R",0,"R",87,"R",0,"R",0,"R",71,"R",82
481340,"A",,"A",,"A",,"A",,"A",,"A",,"A",,"A",,"A",,"A",,"A",,"A",,"A",,"R",42,"R",0,"R",42,"R",38,"R",90,"R",38,"R",90,"R",0,"R",42,"R",2,"R",1,"R",40,"R",95
481368,"A",,"A",,"A",,"A",,"A",,"A",,"A",,"A",,"A",,"A",,"A",,"A",,"A",,"R",24,"R",0,"R",24,"R",23,"R",96,"R",23,"R",96,"Z",0,"R",24,"R",0,"Z",0,"R",23,"R",96
481401,"R",1,"R",0,"R",1,"Z",0,"R",0,"Z",0,"R",0,"Z",0,"R",1,"R",0,"Z",0,"R",0,"R",0,"A",,"A",,"A",,"A",,"A",,"A",,"A",,"A",,"A",,"A",,"A",,"A",,"A",
481410,"R",18,"R",0,"R",18,"R",7,"R",39,"R",7,"R",39,"Z",0,"R",18,"R",0,"Z",0,"R",7,"R",39,"A",,"A",,"A",,"A",,"A",,"A",,"A",,"A",,"A",,"A",,"A",,"A",,"A",
481429,"A",,"A",,"A",,"A",,"A",,"A",,"A",,"A",,"A",,"A",,"A",,"A",,"A",,"R",132,"R",0,"R",132,"R",48,"R",36,"R",91,"R",69,"Z",0,"R",132,"R",0,"Z",0,"R",91,"R",69
481438,"R",17,"R",0,"R",17,"Z",0,"R",0,"R",3,"R",18,"Z",0,"R",17,"R",0,"Z",0,"R",3,"R",18,"A",,"A",,"A",,"A",,"A",,"A",,"A",,"A",,"A",,"A",,"A",,"A",,"A",
481447,"A",,"A",,"A",,"A",,"A",,"A",,"A",,"A",,"A",,"A",,"A",,"A",,"A",,"R",21,"R",0,"R",21,"R",0,"R",0,"R",20,"R",95,"Z",0,"R",21,"R",0,"Z",0,"R",20,"R",95
481456,"A",,"A",,"A",,"A",,"A",,"A",,"A",,"A",,"A",,"A",,"A",,"A",,"A",,"R",7,"R",0,"R",7,"R",6,"R",86,"R",6,"R",86,"Z",0,"R",7,"R",0,"Z",0,"R",6,"R",86
481465,"A",,"A",,"A",,"A",,"A",,"A",,"A",,"A",,"A",,"A",,"A",,"A",,"A",,"R",87,"R",0,"R",87,"R",29,"R",33,"R",46,"R",53,"R",0,"R",87,"R",0,"R",0,"R",46,"R",53
481474,"A",,"A",,"A",,"A",,"A",,"A",,"A",,"A",,"A",,"A",,"A",,"A",,"A",,"R",34,"R",0,"R",34,"R",1,"R",3,"R",27,"R",79,"Z",0,"R",34,"R",0,"Z",0,"R",27,"R",79
481483,"A",,"A",,"A",,"A",,"A",,"A",,"A",,"A",,"A",,"A",,"A",,"A",,"A",,"R",172,"R",1,"R",171,"R",141,"R",82,"R",152,"R",89,"R",1,"R",170,"R",1,"R",0,"R",153,"R",90
481517,"A",,"A",,"A",,"A",,"A",,"A",,"A",,"A",,"A",,"A",,"A",,"A",,"A",,"R",25,"R",0,"R",25,"R",0,"R",0,"R",18,"R",72,"Z",0,"R",25,"R",0,"Z",0,"R",18,"R",72
481526,"A",,"A",,"A",,"A",,"A",,"A",,"A",,"A",,"A",,"A",,"A",,"A",,"A",,"R",19,"R",0,"R",19,"R",4,"R",21,"R",18,"R",95,"Z",0,"R",19,"R",0,"Z",0,"R",18,"R",95
481571,"A",,"A",,"A",,"A",,"A",,"A",,"A",,"A",,"A",,"A",,"A",,"A",,"A",,"R",5,"R",0,"R",5,"R",2,"R",40,"R",5,"R",100,"Z",0,"R",5,"R",0,"Z",0,"R",5,"R",100
481678,"A",,"A",,"A",,"A",,"A",,"A",,"A",,"A",,"A",,"A",,"A",,"A",,"A",,"R",27,"R",0,"R",27,"R",0,"R",0,"R",9,"R",33,"Z",0,"R",27,"R",0,"Z",0,"R",9,"R",33
481720,"R",11,"R",0,"R",11,"R",2,"R",18,"R",2,"R",18,"Z",0,"R",11,"R",0,"Z",0,"R",2,"R",18,"A",,"A",,"A",,"A",,"A",,"A",,"A",,"A",,"A",,"A",,"A",,"A",,"A",
481739,"A",,"A",,"A",,"A",,"A",,"A",,"A",,"A",,"A",,"A",,"A",,"A",,"A",,"R",18,"R",0,"R",18,"R",1,"R",6,"R",8,"R",44,"R",0,"R",18,"R",0,"R",0,"R",8,"R",44
481748,"A",,"A",,"A",,"A",,"A",,"A",,"A",,"A",,"A",,"A",,"A",,"A",,"A",,"R",49,"R",0,"R",49,"R",1,"R",2,"R",17,"R",35,"R",0,"R",49,"R",0,"R",0,"R",17,"R",35
481775,"A",,"A",,"A",,"A",,"A",,"A",,"A",,"A",,"A",,"A",,"A",,"A",,"A",,"R",126,"R",0,"R",126,"R",25,"R",20,"R",54,"R",43,"R",0,"R",126,"R",3,"R",5,"R",57,"R",45
481845,"A",,"A",,"A",,"A",,"A",,"A",,"A",,"A",,"A",,"A",,"A",,"A",,"A",,"R",33,"R",0,"R",33,"R",5,"R",15,"R",22,"R",67,"Z",0,"R",33,"R",0,"Z",0,"R",22,"R",67
481863,"A",,"A",,"A",,"A",,"A",,"A",,"A",,"A",,"A",,"A",,"A",,"A",,"A",,"R",44,"R",0,"R",44,"R",15,"R",34,"R",31,"R",70,"Z",0,"R",44,"R",0,"Z",0,"R",31,"R",70
481890,"A",,"A",,"A",,"A",,"A",,"A",,"A",,"A",,"A",,"A",,"A",,"A",,"A",,"R",99,"R",0,"R",99,"R",14,"R",14,"R",56,"R",57,"Z",0,"R",99,"R",0,"Z",0,"R",56,"R",57
481906,"A",,"A",,"A",,"A",,"A",,"A",,"A",,"A",,"A",,"A",,"A",,"A",,"A",,"R",119,"R",0,"R",119,"R",13,"R",11,"R",50,"R",42,"Z",0,"R",119,"R",0,"Z",0,"R",50,"R",42
481960,"A",,"A",,"A",,"A",,"A",,"A",,"A",,"A",,"A",,"A",,"A",,"A",,"A",,"R",201,"R",0,"R",201,"R",145,"R",72,"R",160,"R",80,"Z",0,"R",201,"R",0,"Z",0,"R",160,"R",80
482015,"A",,"A",,"A",,"A",,"A",,"A",,"A",,"A",,"A",,"A",,"A",,"A",,"A",,"R",975,"R",0,"R",975,"R",573,"R",59,"R",735,"R",75,"Z",0,"R",975,"R",0,"Z",0,"R",735,"R",75
482060,"A",,"A",,"A",,"A",,"A",,"A",,"A",,"A",,"A",,"A",,"A",,"A",,"A",,"R",211,"R",0,"R",211,"R",1,"R",0,"R",104,"R",49,"R",0,"R",211,"R",15,"R",0,"R",119,"R",56
482097,"A",,"A",,"A",,"A",,"A",,"A",,"A",,"A",,"A",,"A",,"A",,"A",,"A",,"R",300,"R",0,"R",300,"R",207,"R",69,"R",207,"R",69,"Z",0,"R",300,"R",0,"Z",0,"R",207,"R",69
482149,"R",779,"R",0,"R",779,"R",223,"R",29,"R",391,"R",50,"Z",0,"R",779,"R",16,"R",6,"R",407,"R",52,"A",,"A",,"A",,"A",,"A",,"A",,"A",,"A",,"A",,"A",,"A",,"A",,"A",
482158,"R",679,"R",0,"R",679,"R",69,"R",10,"R",177,"R",26,"Z",0,"R",679,"R",17,"R",10,"R",194,"R",29,"A",,"A",,"A",,"A",,"A",,"A",,"A",,"A",,"A",,"A",,"A",,"A",,"A",
482167,"A",,"A",,"A",,"A",,"A",,"A",,"A",,"A",,"A",,"A",,"A",,"A",,"A",,"R",21,"R",0,"R",21,"R",7,"R",33,"R",12,"R",57,"Z",0,"R",21,"R",0,"Z",0,"R",12,"R",57
482176,"A",,"A",,"A",,"A",,"A",,"A",,"A",,"A",,"A",,"A",,"A",,"A",,"A",,"R",45,"R",0,"R",45,"R",1,"R",2,"R",26,"R",58,"Z",0,"R",45,"R",0,"Z",0,"R",26,"R",58
482185,"A",,"A",,"A",,"A",,"A",,"A",,"A",,"A",,"A",,"A",,"A",,"A",,"A",,"R",57,"R",0,"R",57,"R",42,"R",74,"R",42,"R",74,"Z",0,"R",57,"R",0,"Z",0,"R",42,"R",74
482194,"A",,"A",,"A",,"A",,"A",,"A",,"A",,"A",,"A",,"A",,"A",,"A",,"A",,"R",98,"R",0,"R",98,"R",3,"R",3,"R",95,"R",97,"Z",0,"R",98,"R",0,"Z",0,"R",95,"R",97
482200,"A",,"A",,"A",,"A",,"A",,"A",,"A",,"A",,"A",,"A",,"A",,"A",,"A",,"R",54,"R",1,"R",53,"R",3,"R",6,"R",22,"R",42,"Z",0,"R",53,"R",0,"Z",0,"R",22,"R",42
482228,"R",6,"R",0,"R",6,"R",2,"R",33,"R",2,"R",33,"R",0,"R",6,"R",0,"R",1,"R",2,"R",33,"A",,"A",,"A",,"A",,"A",,"A",,"A",,"A",,"A",,"A",,"A",,"A",,"A",
482246,"A",,"A",,"A",,"A",,"A",,"A",,"A",,"A",,"A",,"A",,"A",,"A",,"A",,"R",44,"R",0,"R",44,"R",36,"R",82,"R",37,"R",84,"Z",0,"R",44,"R",0,"Z",0,"R",37,"R",84
482255,"A",,"A",,"A",,"A",,"A",,"A",,"A",,"A",,"A",,"A",,"A",,"A",,"A",,"R",40,"R",0,"R",40,"R",26,"R",65,"R",26,"R",65,"Z",0,"R",40,"R",0,"Z",0,"R",26,"R",65
482291,"A",,"A",,"A",,"A",,"A",,"A",,"A",,"A",,"A",,"A",,"A",,"A",,"A",,"R",811,"R",0,"R",811,"R",234,"R",29,"R",473,"R",58,"R",0,"R",811,"R",2,"R",0,"R",475,"R",59
482413,"R",31,"R",0,"R",31,"R",7,"R",23,"R",10,"R",32,"R",0,"R",31,"R",1,"R",0,"R",11,"R",35,"A",,"A",,"A",,"A",,"A",,"A",,"A",,"A",,"A",,"A",,"A",,"A",,"A",
482422,"R",43,"R",0,"R",43,"R",12,"R",28,"R",13,"R",30,"Z",0,"R",43,"R",0,"Z",0,"R",13,"R",30,"A",,"A",,"A",,"A",,"A",,"A",,"A",,"A",,"A",,"A",,"A",,"A",,"A",
482431,"R",112,"R",0,"R",112,"R",8,"R",7,"R",10,"R",9,"R",0,"R",112,"R",1,"R",1,"R",11,"R",10,"A",,"A",,"A",,"A",,"A",,"A",,"A",,"A",,"A",,"A",,"A",,"A",,"A",
482459,"R",14,"R",0,"R",14,"R",3,"R",21,"R",3,"R",21,"Z",0,"R",14,"R",0,"Z",0,"R",3,"R",21,"A",,"A",,"A",,"A",,"A",,"A",,"A",,"A",,"A",,"A",,"A",,"A",,"A",
482468,"R",28,"R",0,"R",28,"R",3,"R",11,"R",3,"R",11,"Z",0,"R",28,"R",0,"Z",0,"R",3,"R",11,"A",,"A",,"A",,"A",,"A",,"A",,"A",,"A",,"A",,"A",,"A",,"A",,"A",
482477,"R",145,"R",0,"R",145,"R",38,"R",26,"R",46,"R",32,"R",0,"R",145,"R",1,"R",0,"R",47,"R",32,"A",,"A",,"A",,"A",,"A",,"A",,"A",,"A",,"A",,"A",,"A",,"A",,"A",
482547,"R",1,"R",0,"R",1,"Z",0,"R",0,"Z",0,"R",0,"Z",0,"R",1,"R",0,"Z",0,"R",0,"R",0,"A",,"A",,"A",,"A",,"A",,"A",,"A",,"A",,"A",,"A",,"A",,"A",,"A",
482556,"R",50,"R",0,"R",50,"R",6,"R",12,"R",6,"R",12,"R",0,"R",50,"R",0,"R",1,"R",6,"R",12,"A",,"A",,"A",,"A",,"A",,"A",,"A",,"A",,"A",,"A",,"A",,"A",,"A",
482565,"R",3,"R",0,"R",3,"Z",0,"R",0,"Z",0,"R",0,"Z",0,"R",3,"R",0,"Z",0,"R",0,"R",0,"A",,"A",,"A",,"A",,"A",,"A",,"A",,"A",,"A",,"A",,"A",,"A",,"A",
482574,"R",35,"R",0,"R",35,"R",4,"R",11,"R",6,"R",17,"R",0,"R",35,"R",2,"R",0,"R",8,"R",23,"A",,"A",,"A",,"A",,"A",,"A",,"A",,"A",,"A",,"A",,"A",,"A",,"A",
482635,"R",8,"R",0,"R",8,"R",2,"R",25,"R",2,"R",25,"Z",0,"R",8,"R",0,"Z",0,"R",2,"R",25,"A",,"A",,"A",,"A",,"A",,"A",,"A",,"A",,"A",,"A",,"A",,"A",,"A",
482653,"R",2,"R",0,"R",2,"Z",0,"R",0,"Z",0,"R",0,"Z",0,"R",2,"R",0,"Z",0,"R",0,"R",0,"A",,"A",,"A",,"A",,"A",,"A",,"A",,"A",,"A",,"A",,"A",,"A",,"A",
482680,"R",1669,"R",2,"R",1667,"R",451,"R",27,"R",764,"R",46,"R",0,"R",1667,"R",36,"R",13,"R",800,"R",48,"A",,"A",,"A",,"A",,"A",,"A",,"A",,"A",,"A",,"A",,"A",,"A",,"A",
482936,"R",392,"R",0,"R",392,"R",154,"R",39,"R",218,"R",56,"R",0,"R",392,"R",3,"R",1,"R",221,"R",56,"A",,"A",,"A",,"A",,"A",,"A",,"A",,"A",,"A",,"A",,"A",,"A",,"A",
482963,"A",,"A",,"A",,"A",,"A",,"A",,"A",,"A",,"A",,"A",,"A",,"A",,"A",,"R",131,"R",0,"R",131,"R",39,"R",30,"R",67,"R",51,"Z",0,"R",131,"R",0,"Z",0,"R",67,"R",51
482981,"A",,"A",,"A",,"A",,"A",,"A",,"A",,"A",,"A",,"A",,"A",,"A",,"A",,"R",52,"R",0,"R",52,"R",1,"R",2,"R",8,"R",15,"Z",0,"R",52,"R",0,"Z",0,"R",8,"R",15
482990,"A",,"A",,"A",,"A",,"A",,"A",,"A",,"A",,"A",,"A",,"A",,"A",,"A",,"R",166,"R",0,"R",166,"R",79,"R",48,"R",79,"R",48,"Z",0,"R",166,"R",0,"Z",0,"R",79,"R",48
483009,"A",,"A",,"A",,"A",,"A",,"A",,"A",,"A",,"A",,"A",,"A",,"A",,"A",,"R",158,"R",0,"R",158,"R",54,"R",34,"R",118,"R",75,"Z",0,"R",158,"R",0,"Z",0,"R",118,"R",75
483018,"R",56,"R",0,"R",56,"R",10,"R",18,"R",18,"R",32,"R",0,"R",56,"R",0,"R",1,"R",18,"R",32,"A",,"A",,"A",,"A",,"A",,"A",,"A",,"A",,"A",,"A",,"A",,"A",,"A",
483045,"A",,"A",,"A",,"A",,"A",,"A",,"A",,"A",,"A",,"A",,"A",,"A",,"A",,"R",485,"R",0,"R",485,"R",139,"R",29,"R",212,"R",44,"R",0,"R",485,"R",45,"R",51,"R",257,"R",53
483054,"A",,"A",,"A",,"A",,"A",,"A",,"A",,"A",,"A",,"A",,"A",,"A",,"A",,"R",42,"R",0,"R",42,"R",18,"R",43,"R",18,"R",43,"Z",0,"R",42,"R",0,"Z",0,"R",18,"R",43
483106,"A",,"A",,"A",,"A",,"A",,"A",,"A",,"A",,"A",,"A",,"A",,"A",,"A",,"R",45,"R",0,"R",45,"R",11,"R",24,"R",43,"R",96,"Z",0,"R",45,"R",0,"Z",0,"R",43,"R",96
483124,"R",200,"R",1,"R",199,"R",26,"R",13,"R",52,"R",26,"R",0,"R",199,"R",6,"R",4,"R",58,"R",29,"A",,"A",,"A",,"A",,"A",,"A",,"A",,"A",,"A",,"A",,"A",,"A",,"A",
483212,"A",,"A",,"A",,"A",,"A",,"A",,"A",,"A",,"A",,"A",,"A",,"A",,"A",,"R",627,"R",0,"R",627,"R",88,"R",14,"R",143,"R",23,"R",0,"R",627,"R",8,"R",51,"R",151,"R",24
483230,"A",,"A",,"A",,"A",,"A",,"A",,"A",,"A",,"A",,"A",,"A",,"A",,"A",,"R",72,"R",0,"R",72,"R",66,"R",92,"R",66,"R",92,"Z",0,"R",72,"R",0,"Z",0,"R",66,"R",92
483258,"A",,"A",,"A",,"A",,"A",,"A",,"A",,"A",,"A",,"A",,"A",,"A",,"A",,"R",53,"R",0,"R",53,"R",4,"R",8,"R",4,"R",8,"R",0,"R",53,"R",0,"R",0,"R",4,"R",8
483276,"A",,"A",,"A",,"A",,"A",,"A",,"A",,"A",,"A",,"A",,"A",,"A",,"A",,"R",51,"R",0,"R",51,"R",37,"R",73,"R",37,"R",73,"R",0,"R",51,"R",0,"R",0,"R",37,"R",73
483328,"A",,"A",,"A",,"A",,"A",,"A",,"A",,"A",,"A",,"A",,"A",,"A",,"A",,"R",20,"R",0,"R",20,"R",0,"R",0,"R",12,"R",60,"Z",0,"R",20,"R",0,"Z",0,"R",12,"R",60
483337,"A",,"A",,"A",,"A",,"A",,"A",,"A",,"A",,"A",,"A",,"A",,"A",,"A",,"R",21,"R",0,"R",21,"R",1,"R",5,"R",11,"R",52,"Z",0,"R",21,"R",0,"Z",0,"R",11,"R",52
483346,"A",,"A",,"A",,"A",,"A",,"A",,"A",,"A",,"A",,"A",,"A",,"A",,"A",,"R",8,"R",0,"R",8,"R",1,"R",13,"R",6,"R",75,"Z",0,"R",8,"R",0,"Z",0,"R",6,"R",75
483355,"A",,"A",,"A",,"A",,"A",,"A",,"A",,"A",,"A",,"A",,"A",,"A",,"A",,"R",53,"R",0,"R",53,"R",29,"R",55,"R",34,"R",64,"R",0,"R",53,"R",2,"R",0,"R",36,"R",68
483364,"A",,"A",,"A",,"A",,"A",,"A",,"A",,"A",,"A",,"A",,"A",,"A",,"A",,"R",29,"R",0,"R",29,"R",7,"R",24,"R",16,"R",55,"Z",0,"R",29,"R",0,"Z",0,"R",16,"R",55
483382,"A",,"A",,"A",,"A",,"A",,"A",,"A",,"A",,"A",,"A",,"A",,"A",,"A",,"R",123,"R",0,"R",123,"R",103,"R",84,"R",111,"R",90,"Z",0,"R",123,"R",0,"Z",0,"R",111,"R",90
483425,"A",,"A",,"A",,"A",,"A",,"A",,"A",,"A",,"A",,"A",,"A",,"A",,"A",,"R",9,"R",0,"R",9,"R",2,"R",22,"R",8,"R",89,"Z",0,"R",9,"R",0,"Z",0,"R",8,"R",89
483470,"A",,"A",,"A",,"A",,"A",,"A",,"A",,"A",,"A",,"A",,"A",,"A",,"A",,"R",65,"R",0,"R",65,"R",65,"R",100,"R",65,"R",100,"Z",0,"R",65,"R",0,"Z",0,"R",65,"R",100
483504,"A",,"A",,"A",,"A",,"A",,"A",,"A",,"A",,"A",,"A",,"A",,"A",,"A",,"R",109,"R",0,"R",109,"R",10,"R",9,"R",19,"R",17,"Z",0,"R",109,"R",5,"R",0,"R",24,"R",22
483513,"A",,"A",,"A",,"A",,"A",,"A",,"A",,"A",,"A",,"A",,"A",,"A",,"A",,"R",32,"R",0,"R",32,"R",5,"R",16,"R",17,"R",53,"Z",0,"R",32,"R",0,"Z",0,"R",17,"R",53
483559,"A",,"A",,"A",,"A",,"A",,"A",,"A",,"A",,"A",,"A",,"A",,"A",,"A",,"R",56,"R",0,"R",56,"R",6,"R",11,"R",20,"R",36,"R",0,"R",56,"R",2,"R",8,"R",22,"R",39
483577,"A",,"A",,"A",,"A",,"A",,"A",,"A",,"A",,"A",,"A",,"A",,"A",,"A",,"R",7,"R",0,"R",7,"R",1,"R",14,"R",4,"R",57,"Z",0,"R",7,"R",0,"Z",0,"R",4,"R",57
483647,"A",,"A",,"A",,"A",,"A",,"A",,"A",,"A",,"A",,"A",,"A",,"A",,"A",,"R",14,"R",0,"R",14,"R",11,"R",79,"R",13,"R",93,"R",0,"R",14,"R",0,"R",0,"R",13,"R",93
483708,"A",,"A",,"A",,"A",,"A",,"A",,"A",,"A",,"A",,"A",,"A",,"A",,"A",,"R",51,"R",0,"R",51,"R",48,"R",94,"R",48,"R",94,"Z",0,"R",51,"R",0,"R",0,"R",48,"R",94
483726,"A",,"A",,"A",,"A",,"A",,"A",,"A",,"A",,"A",,"A",,"A",,"A",,"A",,"R",2,"R",0,"R",2,"R",0,"R",0,"R",1,"R",50,"Z",0,"R",2,"R",0,"Z",0,"R",1,"R",50
483735,"A",,"A",,"A",,"A",,"A",,"A",,"A",,"A",,"A",,"A",,"A",,"A",,"A",,"R",11,"R",0,"R",11,"R",7,"R",64,"R",8,"R",73,"Z",0,"R",11,"R",0,"Z",0,"R",8,"R",73
483744,"A",,"A",,"A",,"A",,"A",,"A",,"A",,"A",,"A",,"A",,"A",,"A",,"A",,"R",8,"R",0,"R",8,"R",1,"R",13,"R",6,"R",75,"Z",0,"R",8,"R",0,"Z",0,"R",6,"R",75
483753,"A",,"A",,"A",,"A",,"A",,"A",,"A",,"A",,"A",,"A",,"A",,"A",,"A",,"R",20,"R",0,"R",20,"R",3,"R",15,"R",13,"R",65,"R",0,"R",20,"R",0,"R",0,"R",13,"R",65
483780,"R",18,"R",0,"R",18,"R",5,"R",28,"R",5,"R",28,"Z",0,"R",18,"R",0,"Z",0,"R",5,"R",28,"A",,"A",,"A",,"A",,"A",,"A",,"A",,"A",,"A",,"A",,"A",,"A",,"A",
483799,"A",,"A",,"A",,"A",,"A",,"A",,"A",,"A",,"A",,"A",,"A",,"A",,"A",,"R",15,"R",0,"R",15,"R",4,"R",27,"R",11,"R",73,"R",0,"R",15,"R",0,"R",0,"R",11,"R",73
483814,"A",,"A",,"A",,"A",,"A",,"A",,"A",,"A",,"A",,"A",,"A",,"A",,"A",,"R",86,"R",0,"R",86,"R",63,"R",73,"R",67,"R",78,"Z",0,"R",86,"R",2,"R",2,"R",69,"R",80
483823,"A",,"A",,"A",,"A",,"A",,"A",,"A",,"A",,"A",,"A",,"A",,"A",,"A",,"R",425,"R",2,"R",423,"R",23,"R",5,"R",230,"R",54,"Z",0,"R",423,"R",0,"Z",0,"R",230,"R",54
483841,"A",,"A",,"A",,"A",,"A",,"A",,"A",,"A",,"A",,"A",,"A",,"A",,"A",,"R",107,"R",8,"R",99,"R",68,"R",69,"R",85,"R",86,"R",0,"R",99,"R",1,"R",0,"R",86,"R",87
483850,"A",,"A",,"A",,"A",,"A",,"A",,"A",,"A",,"A",,"A",,"A",,"A",,"A",,"R",16,"R",0,"R",16,"R",10,"R",63,"R",15,"R",94,"Z",0,"R",16,"R",0,"Z",0,"R",15,"R",94
483869,"A",,"A",,"A",,"A",,"A",,"A",,"A",,"A",,"A",,"A",,"A",,"A",,"A",,"R",82,"R",0,"R",82,"R",49,"R",60,"R",75,"R",91,"Z",0,"R",82,"R",0,"Z",0,"R",75,"R",91
483878,"A",,"A",,"A",,"A",,"A",,"A",,"A",,"A",,"A",,"A",,"A",,"A",,"A",,"R",54,"R",0,"R",54,"R",3,"R",6,"R",16,"R",30,"R",0,"R",54,"R",14,"R",3,"R",30,"R",56
483887,"A",,"A",,"A",,"A",,"A",,"A",,"A",,"A",,"A",,"A",,"A",,"A",,"A",,"R",15,"R",0,"R",15,"R",6,"R",40,"R",9,"R",60,"Z",0,"R",15,"R",0,"Z",0,"R",9,"R",60
483896,"A",,"A",,"A",,"A",,"A",,"A",,"A",,"A",,"A",,"A",,"A",,"A",,"A",,"R",24,"R",0,"R",24,"R",0,"R",0,"R",23,"R",96,"Z",0,"R",24,"R",0,"Z",0,"R",23,"R",96
483911,"A",,"A",,"A",,"A",,"A",,"A",,"A",,"A",,"A",,"A",,"A",,"A",,"A",,"R",8,"R",0,"R",8,"R",0,"R",0,"R",5,"R",63,"R",0,"R",8,"R",0,"R",0,"R",5,"R",63
483920,"A",,"A",,"A",,"A",,"A",,"A",,"A",,"A",,"A",,"A",,"A",,"A",,"A",,"R",61,"R",0,"R",61,"R",44,"R",72,"R",44,"R",72,"Z",0,"R",61,"R",0,"Z",0,"R",44,"R",72
483948,"A",,"A",,"A",,"A",,"A",,"A",,"A",,"A",,"A",,"A",,"A",,"A",,"A",,"R",39,"R",0,"R",39,"R",14,"R",36,"R",25,"R",64,"Z",0,"R",39,"R",0,"Z",0,"R",25,"R",64
483957,"A",,"A",,"A",,"A",,"A",,"A",,"A",,"A",,"A",,"A",,"A",,"A",,"A",,"R",17,"R",0,"R",17,"R",5,"R",29,"R",5,"R",29,"R",0,"R",17,"R",4,"R",5,"R",9,"R",53
484002,"A",,"A",,"A",,"A",,"A",,"A",,"A",,"A",,"A",,"A",,"A",,"A",,"A",,"R",712,"R",0,"R",712,"R",168,"R",24,"R",405,"R",57,"R",0,"R",712,"R",0,"R",0,"R",405,"R",57
484011,"A",,"A",,"A",,"A",,"A",,"A",,"A",,"A",,"A",,"A",,"A",,"A",,"A",,"R",53,"R",0,"R",53,"R",0,"R",0,"R",38,"R",72,"Z",0,"R",53,"R",0,"Z",0,"R",38,"R",72
484020,"A",,"A",,"A",,"A",,"A",,"A",,"A",,"A",,"A",,"A",,"A",,"A",,"A",,"R",16,"R",0,"R",16,"R",12,"R",75,"R",12,"R",75,"R",0,"R",16,"R",0,"R",0,"R",12,"R",75
484048,"A",,"A",,"A",,"A",,"A",,"A",,"A",,"A",,"A",,"A",,"A",,"A",,"A",,"R",19,"R",0,"R",19,"R",2,"R",11,"R",17,"R",89,"Z",0,"R",19,"R",0,"Z",0,"R",17,"R",89
484057,"A",,"A",,"A",,"A",,"A",,"A",,"A",,"A",,"A",,"A",,"A",,"A",,"A",,"R",70,"R",0,"R",70,"R",6,"R",9,"R",40,"R",57,"Z",0,"R",70,"R",0,"R",0,"R",40,"R",57
484066,"A",,"A",,"A",,"A",,"A",,"A",,"A",,"A",,"A",,"A",,"A",,"A",,"A",,"R",249,"R",0,"R",249,"R",140,"R",56,"R",142,"R",57,"Z",0,"R",249,"R",0,"Z",0,"R",142,"R",57
484075,"A",,"A",,"A",,"A",,"A",,"A",,"A",,"A",,"A",,"A",,"A",,"A",,"A",,"R",21,"R",0,"R",21,"R",2,"R",10,"R",10,"R",48,"Z",0,"R",21,"R",0,"Z",0,"R",10,"R",48
484084,"A",,"A",,"A",,"A",,"A",,"A",,"A",,"A",,"A",,"A",,"A",,"A",,"A",,"R",28,"R",0,"R",28,"R",6,"R",21,"R",18,"R",64,"R",0,"R",28,"R",2,"R",1,"R",20,"R",71
484093,"A",,"A",,"A",,"A",,"A",,"A",,"A",,"A",,"A",,"A",,"A",,"A",,"A",,"R",24,"R",0,"R",24,"R",0,"R",0,"R",20,"R",83,"Z",0,"R",24,"R",0,"Z",0,"R",20,"R",83
484109,"A",,"A",,"A",,"A",,"A",,"A",,"A",,"A",,"A",,"A",,"A",,"A",,"A",,"R",34,"R",0,"R",34,"R",1,"R",3,"R",26,"R",76,"Z",0,"R",34,"R",0,"Z",0,"R",26,"R",76
484127,"A",,"A",,"A",,"A",,"A",,"A",,"A",,"A",,"A",,"A",,"A",,"A",,"A",,"R",32,"R",0,"R",32,"R",4,"R",13,"R",24,"R",75,"R",0,"R",32,"R",2,"Z",0,"R",26,"R",81
484136,"A",,"A",,"A",,"A",,"A",,"A",,"A",,"A",,"A",,"A",,"A",,"A",,"A",,"R",23,"R",0,"R",23,"R",1,"R",4,"R",8,"R",35,"Z",0,"R",23,"R",0,"Z",0,"R",8,"R",35
484163,"A",,"A",,"A",,"A",,"A",,"A",,"A",,"A",,"A",,"A",,"A",,"A",,"A",,"R",97,"R",0,"R",97,"R",60,"R",62,"R",71,"R",73,"Z",0,"R",97,"R",0,"Z",0,"R",71,"R",73
484172,"A",,"A",,"A",,"A",,"A",,"A",,"A",,"A",,"A",,"A",,"A",,"A",,"A",,"R",33,"R",0,"R",33,"R",7,"R",21,"R",31,"R",94,"Z",0,"R",33,"R",0,"Z",0,"R",31,"R",94
484190,"A",,"A",,"A",,"A",,"A",,"A",,"A",,"A",,"A",,"A",,"A",,"A",,"A",,"R",8,"R",0,"R",8,"R",0,"R",0,"R",5,"R",63,"Z",0,"R",8,"R",0,"Z",0,"R",5,"R",63
484206,"A",,"A",,"A",,"A",,"A",,"A",,"A",,"A",,"A",,"A",,"A",,"A",,"A",,"R",73,"R",0,"R",73,"R",14,"R",19,"R",56,"R",77,"Z",0,"R",73,"R",0,"Z",0,"R",56,"R",77
484330,"A",,"A",,"A",,"A",,"A",,"A",,"A",,"A",,"A",,"A",,"A",,"A",,"A",,"R",24,"R",0,"R",24,"R",7,"R",29,"R",16,"R",67,"Z",0,"R",24,"R",0,"Z",0,"R",16,"R",67
484349,"A",,"A",,"A",,"A",,"A",,"A",,"A",,"A",,"A",,"A",,"A",,"A",,"A",,"R",71,"R",0,"R",71,"R",9,"R",13,"R",39,"R",55,"Z",0,"R",71,"R",0,"Z",0,"R",39,"R",55
484358,"A",,"A",,"A",,"A",,"A",,"A",,"A",,"A",,"A",,"A",,"A",,"A",,"A",,"R",68,"R",0,"R",68,"R",13,"R",19,"R",35,"R",51,"Z",0,"R",68,"R",0,"Z",0,"R",35,"R",51
484367,"A",,"A",,"A",,"A",,"A",,"A",,"A",,"A",,"A",,"A",,"A",,"A",,"A",,"R",276,"R",0,"R",276,"R",17,"R",6,"R",148,"R",54,"Z",0,"R",276,"R",0,"Z",0,"R",148,"R",54
484376,"A",,"A",,"A",,"A",,"A",,"A",,"A",,"A",,"A",,"A",,"A",,"A",,"A",,"R",329,"R",0,"R",329,"R",32,"R",10,"R",181,"R",55,"R",0,"R",329,"Z",0,"Z",0,"R",181,"R",55
484394,"A",,"A",,"A",,"A",,"A",,"A",,"A",,"A",,"A",,"A",,"A",,"A",,"A",,"R",27,"R",0,"R",27,"R",2,"R",7,"R",22,"R",81,"Z",0,"R",27,"R",0,"Z",0,"R",22,"R",81
484473,"R",34,"R",0,"R",34,"R",9,"R",26,"R",15,"R",44,"R",0,"R",34,"R",1,"R",1,"R",16,"R",47,"A",,"A",,"A",,"A",,"A",,"A",,"A",,"A",,"A",,"A",,"A",,"A",,"A",
484604,"A",,"A",,"A",,"A",,"A",,"A",,"A",,"A",,"A",,"A",,"A",,"A",,"A",,"R",359,"R",0,"R",359,"R",20,"R",6,"R",213,"R",59,"Z",0,"R",359,"R",0,"Z",0,"R",213,"R",59
484613,"R",4636,"R",4,"R",4632,"R",10,"R",0,"R",397,"R",9,"R",0,"R",4632,"R",73,"R",76,"R",470,"R",10,"A",,"A",,"A",,"A",,"A",,"A",,"A",,"A",,"A",,"A",,"A",,"A",,"A",
484631,"R",80,"R",0,"R",80,"R",3,"R",4,"R",15,"R",19,"R",0,"R",80,"R",2,"R",3,"R",17,"R",21,"A",,"A",,"A",,"A",,"A",,"A",,"A",,"A",,"A",,"A",,"A",,"A",,"A",
484710,"R",12,"R",0,"R",12,"Z",0,"R",0,"R",2,"R",17,"R",0,"R",12,"R",0,"R",0,"R",2,"R",17,"A",,"A",,"A",,"A",,"A",,"A",,"A",,"A",,"A",,"A",,"A",,"A",,"A",
484756,"R",33,"R",0,"R",33,"Z",0,"R",0,"R",6,"R",18,"R",0,"R",33,"R",0,"R",1,"R",6,"R",18,"A",,"A",,"A",,"A",,"A",,"A",,"A",,"A",,"A",,"A",,"A",,"A",,"A",
484844,"R",88,"R",0,"R",88,"R",67,"R",76,"R",71,"R",81,"R",0,"R",88,"R",0,"R",1,"R",71,"R",81,"A",,"A",,"A",,"A",,"A",,"A",,"A",,"A",,"A",,"A",,"A",,"A",,"A",
484871,"R",27,"R",0,"R",27,"Z",0,"R",0,"R",13,"R",48,"R",0,"R",27,"R",1,"R",0,"R",14,"R",52,"A",,"A",,"A",,"A",,"A",,"A",,"A",,"A",,"A",,"A",,"A",,"A",,"A",
484899,"A",,"A",,"A",,"A",,"A",,"A",,"A",,"A",,"A",,"A",,"A",,"A",,"A",,"R",174,"R",0,"R",174,"R",21,"R",12,"R",141,"R",81,"R",0,"R",174,"R",2,"R",2,"R",143,"R",82
484905,"R",214,"R",0,"R",214,"R",52,"R",24,"R",79,"R",37,"R",0,"R",214,"R",13,"R",4,"R",92,"R",43,"A",,"A",,"A",,"A",,"A",,"A",,"A",,"A",,"A",,"A",,"A",,"A",,"A",
484923,"A",,"A",,"A",,"A",,"A",,"A",,"A",,"A",,"A",,"A",,"A",,"A",,"A",,"R",24,"R",0,"R",24,"R",24,"R",100,"R",24,"R",100,"Z",0,"R",24,"R",0,"Z",0,"R",24,"R",100
484932,"A",,"A",,"A",,"A",,"A",,"A",,"A",,"A",,"A",,"A",,"A",,"A",,"A",,"R",389,"R",0,"R",389,"R",88,"R",23,"R",88,"R",23,"R",0,"R",389,"R",19,"R",23,"R",107,"R",28
484950,"A",,"A",,"A",,"A",,"A",,"A",,"A",,"A",,"A",,"A",,"A",,"A",,"A",,"R",81,"R",0,"R",81,"R",15,"R",19,"R",57,"R",70,"R",0,"R",81,"R",9,"R",1,"R",66,"R",81
484996,"A",,"A",,"A",,"A",,"A",,"A",,"A",,"A",,"A",,"A",,"A",,"A",,"A",,"R",68,"R",0,"R",68,"R",59,"R",87,"R",59,"R",87,"R",0,"R",68,"R",0,"R",0,"R",59,"R",87
485014,"A",,"A",,"A",,"A",,"A",,"A",,"A",,"A",,"A",,"A",,"A",,"A",,"A",,"R",34,"R",0,"R",34,"R",0,"R",0,"R",17,"R",50,"Z",0,"R",34,"R",0,"Z",0,"R",17,"R",50
485032,"A",,"A",,"A",,"A",,"A",,"A",,"A",,"A",,"A",,"A",,"A",,"A",,"A",,"R",32,"R",0,"R",32,"R",2,"R",6,"R",17,"R",53,"Z",0,"R",32,"R",0,"Z",0,"R",17,"R",53
485166,"A",,"A",,"A",,"A",,"A",,"A",,"A",,"A",,"A",,"A",,"A",,"A",,"A",,"R",17,"R",0,"R",17,"R",3,"R",18,"R",12,"R",71,"R",0,"R",17,"R",0,"R",0,"R",12,"R",71
485236,"A",,"A",,"A",,"A",,"A",,"A",,"A",,"A",,"A",,"A",,"A",,"A",,"A",,"R",15,"R",0,"R",15,"R",2,"R",13,"R",5,"R",33,"Z",0,"R",15,"R",0,"Z",0,"R",5,"R",33
485272,"R",3,"R",0,"R",3,"Z",0,"R",0,"Z",0,"R",0,"Z",0,"R",3,"R",0,"Z",0,"R",0,"R",0,"A",,"A",,"A",,"A",,"A",,"A",,"A",,"A",,"A",,"A",,"A",,"A",,"A",
485342,"A",,"A",,"A",,"A",,"A",,"A",,"A",,"A",,"A",,"A",,"A",,"A",,"A",,"R",115,"R",0,"R",115,"R",89,"R",77,"R",89,"R",77,"Z",0,"R",115,"R",0,"Z",0,"R",89,"R",77
485360,"A",,"A",,"A",,"A",,"A",,"A",,"A",,"A",,"A",,"A",,"A",,"A",,"A",,"R",10,"R",0,"R",10,"R",2,"R",20,"R",2,"R",20,"Z",0,"R",10,"R",0,"Z",0,"R",2,"R",20
485379,"A",,"A",,"A",,"A",,"A",,"A",,"A",,"A",,"A",,"A",,"A",,"A",,"A",,"R",145,"R",0,"R",145,"R",23,"R",16,"R",108,"R",74,"Z",0,"R",145,"R",0,"Z",0,"R",108,"R",74
485388,"A",,"A",,"A",,"A",,"A",,"A",,"A",,"A",,"A",,"A",,"A",,"A",,"A",,"R",127,"R",0,"R",127,"R",26,"R",20,"R",91,"R",72,"Z",0,"R",127,"R",0,"Z",0,"R",91,"R",72
485397,"A",,"A",,"A",,"A",,"A",,"A",,"A",,"A",,"A",,"A",,"A",,"A",,"A",,"R",37,"R",0,"R",37,"R",0,"R",0,"R",16,"R",43,"R",0,"R",37,"R",0,"R",0,"R",16,"R",43
485412,"A",,"A",,"A",,"A",,"A",,"A",,"A",,"A",,"A",,"A",,"A",,"A",,"A",,"R",36,"R",0,"R",36,"R",23,"R",64,"R",29,"R",81,"Z",0,"R",36,"R",0,"Z",0,"R",29,"R",81
485458,"A",,"A",,"A",,"A",,"A",,"A",,"A",,"A",,"A",,"A",,"A",,"A",,"A",,"R",141,"R",0,"R",141,"R",57,"R",40,"R",70,"R",50,"R",0,"R",141,"R",5,"R",12,"R",75,"R",53
485476,"A",,"A",,"A",,"A",,"A",,"A",,"A",,"A",,"A",,"A",,"A",,"A",,"A",,"R",31,"R",0,"R",31,"R",13,"R",42,"R",29,"R",94,"Z",0,"R",31,"R",0,"Z",0,"R",29,"R",94
485485,"A",,"A",,"A",,"A",,"A",,"A",,"A",,"A",,"A",,"A",,"A",,"A",,"A",,"R",77,"R",0,"R",77,"R",17,"R",22,"R",60,"R",78,"Z",0,"R",77,"R",15,"Z",0,"R",75,"R",97
485494,"A",,"A",,"A",,"A",,"A",,"A",,"A",,"A",,"A",,"A",,"A",,"A",,"A",,"R",47,"R",0,"R",47,"R",0,"R",0,"R",11,"R",23,"R",0,"R",47,"R",0,"R",0,"R",11,"R",23
485500,"A",,"A",,"A",,"A",,"A",,"A",,"A",,"A",,"A",,"A",,"A",,"A",,"A",,"R",7,"R",0,"R",7,"R",5,"R",71,"R",5,"R",71,"Z",0,"R",7,"R",0,"Z",0,"R",5,"R",71
485546,"R",3,"R",0,"R",3,"R",3,"R",100,"R",3,"R",100,"Z",0,"R",3,"R",0,"Z",0,"R",3,"R",100,"A",,"A",,"A",,"A",,"A",,"A",,"A",,"A",,"A",,"A",,"A",,"A",,"A",
485564,"A",,"A",,"A",,"A",,"A",,"A",,"A",,"A",,"A",,"A",,"A",,"A",,"A",,"R",198,"R",0,"R",198,"R",185,"R",93,"R",185,"R",93,"R",0,"R",198,"R",0,"R",0,"R",185,"R",93
485573,"A",,"A",,"A",,"A",,"A",,"A",,"A",,"A",,"A",,"A",,"A",,"A",,"A",,"R",82,"R",0,"R",82,"R",0,"R",0,"R",78,"R",95,"Z",0,"R",82,"R",0,"Z",0,"R",78,"R",95
485591,"A",,"A",,"A",,"A",,"A",,"A",,"A",,"A",,"A",,"A",,"A",,"A",,"A",,"R",33,"R",0,"R",33,"R",3,"R",9,"R",3,"R",9,"Z",0,"R",33,"R",0,"Z",0,"R",3,"R",9
485607,"A",,"A",,"A",,"A",,"A",,"A",,"A",,"A",,"A",,"A",,"A",,"A",,"A",,"R",13,"R",0,"R",13,"R",0,"R",0,"R",3,"R",23,"Z",0,"R",13,"R",0,"Z",0,"R",3,"R",23
485698,"R",25,"R",1,"R",24,"R",11,"R",46,"R",11,"R",46,"Z",0,"R",24,"R",0,"Z",0,"R",11,"R",46,"A",,"A",,"A",,"A",,"A",,"A",,"A",,"A",,"A",,"A",,"A",,"A",,"A",
485704,"A",,"A",,"A",,"A",,"A",,"A",,"A",,"A",,"A",,"A",,"A",,"A",,"A",,"R",3,"R",0,"R",3,"R",3,"R",100,"R",3,"R",100,"Z",0,"R",3,"R",0,"Z",0,"R",3,"R",100
485768,"R",68,"R",0,"R",68,"R",53,"R",78,"R",53,"R",78,"Z",0,"R",68,"R",0,"Z",0,"R",53,"R",78,"A",,"A",,"A",,"A",,"A",,"A",,"A",,"A",,"A",,"A",,"A",,"A",,"A",
485801,"A",,"A",,"A",,"A",,"A",,"A",,"A",,"A",,"A",,"A",,"A",,"A",,"A",,"R",92,"R",0,"R",92,"R",81,"R",88,"R",81,"R",88,"Z",0,"R",92,"R",0,"Z",0,"R",81,"R",88
485856,"A",,"A",,"A",,"A",,"A",,"A",,"A",,"A",,"A",,"A",,"A",,"A",,"A",,"R",2,"R",0,"R",2,"R",1,"R",50,"R",0,"R",0,"R",0,"R",2,"R",0,"R",0,"R",0,"R",0
485874,"A",,"A",,"A",,"A",,"A",,"A",,"A",,"A",,"A",,"A",,"A",,"A",,"A",,"R",32,"R",0,"R",32,"R",2,"R",6,"R",27,"R",84,"Z",0,"R",32,"R",0,"Z",0,"R",27,"R",84
485926,"A",,"A",,"A",,"A",,"A",,"A",,"A",,"A",,"A",,"A",,"A",,"A",,"A",,"R",121,"R",0,"R",121,"R",8,"R",7,"R",47,"R",39,"R",0,"R",121,"R",10,"R",17,"R",57,"R",47
485953,"A",,"A",,"A",,"A",,"A",,"A",,"A",,"A",,"A",,"A",,"A",,"A",,"A",,"R",22,"R",0,"R",22,"R",14,"R",64,"R",14,"R",64,"R",0,"R",22,"R",0,"R",0,"R",14,"R",64
485962,"A",,"A",,"A",,"A",,"A",,"A",,"A",,"A",,"A",,"A",,"A",,"A",,"A",,"R",3,"R",0,"R",3,"R",0,"R",0,"R",2,"R",67,"Z",0,"R",3,"R",0,"Z",0,"R",2,"R",67
485999,"R",22,"R",0,"R",22,"Z",0,"R",0,"R",5,"R",23,"R",0,"R",22,"R",9,"R",0,"R",14,"R",64,"A",,"A",,"A",,"A",,"A",,"A",,"A",,"A",,"A",,"A",,"A",,"A",,"A",
486017,"R",1,"R",0,"R",1,"Z",0,"R",0,"Z",0,"R",0,"Z",0,"R",1,"R",0,"Z",0,"R",0,"R",0,"A",,"A",,"A",,"A",,"A",,"A",,"A",,"A",,"A",,"A",,"A",,"A",,"A",
486026,"R",28,"R",0,"R",28,"R",4,"R",14,"R",5,"R",18,"Z",0,"R",28,"R",0,"Z",0,"R",5,"R",18,"A",,"A",,"A",,"A",,"A",,"A",,"A",,"A",,"A",,"A",,"A",,"A",,"A",
486053,"R",23,"R",0,"R",23,"R",11,"R",48,"R",14,"R",61,"Z",0,"R",23,"R",0,"Z",0,"R",14,"R",61,"A",,"A",,"A",,"A",,"A",,"A",,"A",,"A",,"A",,"A",,"A",,"A",,"A",
486123,"A",,"A",,"A",,"A",,"A",,"A",,"A",,"A",,"A",,"A",,"A",,"A",,"A",,"R",5,"R",0,"R",5,"R",4,"R",80,"R",5,"R",100,"Z",0,"R",5,"R",0,"Z",0,"R",5,"R",100
486141,"A",,"A",,"A",,"A",,"A",,"A",,"A",,"A",,"A",,"A",,"A",,"A",,"A",,"R",6,"R",0,"R",6,"R",3,"R",50,"R",3,"R",50,"Z",0,"R",6,"R",0,"Z",0,"R",3,"R",50
486150,"A",,"A",,"A",,"A",,"A",,"A",,"A",,"A",,"A",,"A",,"A",,"A",,"A",,"R",33,"R",0,"R",33,"R",25,"R",76,"R",31,"R",94,"Z",0,"R",33,"R",0,"Z",0,"R",31,"R",94
486169,"A",,"A",,"A",,"A",,"A",,"A",,"A",,"A",,"A",,"A",,"A",,"A",,"A",,"R",16,"R",0,"R",16,"R",0,"R",0,"R",5,"R",31,"Z",0,"R",16,"R",0,"Z",0,"R",5,"R",31
486196,"R",52,"R",0,"R",52,"Z",0,"R",0,"Z",0,"R",0,"Z",0,"R",52,"R",0,"Z",0,"R",0,"R",0,"A",,"A",,"A",,"A",,"A",,"A",,"A",,"A",,"A",,"A",,"A",,"A",,"A",
486239,"R",17,"R",0,"R",17,"R",17,"R",100,"R",17,"R",100,"Z",0,"R",17,"R",0,"Z",0,"R",17,"R",100,"A",,"A",,"A",,"A",,"A",,"A",,"A",,"A",,"A",,"A",,"A",,"A",,"A",
486248,"A",,"A",,"A",,"A",,"A",,"A",,"A",,"A",,"A",,"A",,"A",,"A",,"A",,"R",67,"R",0,"R",67,"R",12,"R",18,"R",32,"R",48,"R",0,"R",67,"R",0,"R",28,"R",32,"R",48
486284,"R",43,"R",0,"R",43,"R",23,"R",53,"R",24,"R",56,"Z",0,"R",43,"R",0,"Z",0,"R",24,"R",56,"A",,"A",,"A",,"A",,"A",,"A",,"A",,"A",,"A",,"A",,"A",,"A",,"A",
486345,"A",,"A",,"A",,"A",,"A",,"A",,"A",,"A",,"A",,"A",,"A",,"A",,"A",,"R",42,"R",0,"R",42,"R",33,"R",79,"R",33,"R",79,"Z",0,"R",42,"R",0,"Z",0,"R",33,"R",79
486354,"R",2,"R",0,"R",2,"R",2,"R",100,"R",2,"R",100,"Z",0,"R",2,"R",0,"Z",0,"R",2,"R",100,"A",,"A",,"A",,"A",,"A",,"A",,"A",,"A",,"A",,"A",,"A",,"A",,"A",
486372,"A",,"A",,"A",,"A",,"A",,"A",,"A",,"A",,"A",,"A",,"A",,"A",,"A",,"R",50,"R",0,"R",50,"R",11,"R",22,"R",16,"R",32,"Z",0,"R",50,"R",0,"Z",0,"R",16,"R",32
486381,"A",,"A",,"A",,"A",,"A",,"A",,"A",,"A",,"A",,"A",,"A",,"A",,"A",,"R",67,"R",0,"R",67,"Z",0,"R",0,"R",35,"R",52,"Z",0,"R",67,"R",10,"R",0,"R",45,"R",67
486390,"A",,"A",,"A",,"A",,"A",,"A",,"A",,"A",,"A",,"A",,"A",,"A",,"A",,"R",87,"R",0,"R",87,"R",4,"R",5,"R",12,"R",14,"R",0,"R",87,"R",0,"R",0,"R",12,"R",14
486406,"A",,"A",,"A",,"A",,"A",,"A",,"A",,"A",,"A",,"A",,"A",,"A",,"A",,"R",18,"R",0,"R",18,"R",14,"R",78,"R",15,"R",83,"Z",0,"R",18,"R",0,"Z",0,"R",15,"R",83
486415,"A",,"A",,"A",,"A",,"A",,"A",,"A",,"A",,"A",,"A",,"A",,"A",,"A",,"R",128,"R",0,"R",128,"R",92,"R",72,"R",92,"R",72,"Z",0,"R",128,"R",0,"Z",0,"R",92,"R",72
486424,"A",,"A",,"A",,"A",,"A",,"A",,"A",,"A",,"A",,"A",,"A",,"A",,"A",,"R",31,"R",0,"R",31,"R",22,"R",71,"R",29,"R",94,"Z",0,"R",31,"R",0,"Z",0,"R",29,"R",94
486442,"A",,"A",,"A",,"A",,"A",,"A",,"A",,"A",,"A",,"A",,"A",,"A",,"A",,"R",1,"R",0,"R",1,"R",0,"R",0,"R",0,"R",0,"Z",0,"R",1,"R",0,"Z",0,"R",0,"R",0
486488,"R",1,"R",0,"R",1,"Z",0,"R",0,"R",1,"R",100,"Z",0,"R",1,"R",0,"Z",0,"R",1,"R",100,"A",,"A",,"A",,"A",,"A",,"A",,"A",,"A",,"A",,"A",,"A",,"A",,"A",
486497,"A",,"A",,"A",,"A",,"A",,"A",,"A",,"A",,"A",,"A",,"A",,"A",,"A",,"R",15,"R",0,"R",15,"R",5,"R",33,"R",12,"R",80,"Z",0,"R",15,"R",0,"Z",0,"R",12,"R",80
486503,"A",,"A",,"A",,"A",,"A",,"A",,"A",,"A",,"A",,"A",,"A",,"A",,"A",,"R",27,"R",0,"R",27,"R",8,"R",30,"R",22,"R",81,"Z",0,"R",27,"R",0,"Z",0,"R",22,"R",81
486512,"A",,"A",,"A",,"A",,"A",,"A",,"A",,"A",,"A",,"A",,"A",,"A",,"A",,"R",72,"R",0,"R",72,"R",25,"R",35,"R",65,"R",90,"Z",0,"R",72,"R",0,"Z",0,"R",65,"R",90
486530,"A",,"A",,"A",,"A",,"A",,"A",,"A",,"A",,"A",,"A",,"A",,"A",,"A",,"R",37,"R",0,"R",37,"R",15,"R",41,"R",28,"R",76,"Z",0,"R",37,"R",0,"Z",0,"R",28,"R",76
486558,"A",,"A",,"A",,"A",,"A",,"A",,"A",,"A",,"A",,"A",,"A",,"A",,"A",,"R",29,"R",0,"R",29,"R",11,"R",38,"R",11,"R",38,"Z",0,"R",29,"R",0,"Z",0,"R",11,"R",38
486567,"A",,"A",,"A",,"A",,"A",,"A",,"A",,"A",,"A",,"A",,"A",,"A",,"A",,"R",75,"R",0,"R",75,"R",4,"R",5,"R",43,"R",57,"Z",0,"R",75,"R",0,"Z",0,"R",43,"R",57
486576,"A",,"A",,"A",,"A",,"A",,"A",,"A",,"A",,"A",,"A",,"A",,"A",,"A",,"R",98,"R",0,"R",98,"R",37,"R",38,"R",52,"R",53,"Z",0,"R",98,"R",0,"Z",0,"R",52,"R",53
486619,"A",,"A",,"A",,"A",,"A",,"A",,"A",,"A",,"A",,"A",,"A",,"A",,"A",,"R",38,"R",0,"R",38,"R",11,"R",29,"R",13,"R",34,"R",0,"R",38,"R",2,"R",1,"R",15,"R",39
486691,"A",,"A",,"A",,"A",,"A",,"A",,"A",,"A",,"A",,"A",,"A",,"A",,"A",,"R",38,"R",0,"R",38,"R",0,"R",0,"R",12,"R",32,"R",0,"R",38,"R",0,"R",0,"R",12,"R",32
486707,"A",,"A",,"A",,"A",,"A",,"A",,"A",,"A",,"A",,"A",,"A",,"A",,"A",,"R",85,"R",0,"R",85,"R",10,"R",12,"R",48,"R",56,"Z",0,"R",85,"R",0,"Z",0,"R",48,"R",56
486716,"A",,"A",,"A",,"A",,"A",,"A",,"A",,"A",,"A",,"A",,"A",,"A",,"A",,"R",66,"R",0,"R",66,"R",10,"R",15,"R",41,"R",62,"Z",0,"R",66,"R",0,"Z",0,"R",41,"R",62
486752,"A",,"A",,"A",,"A",,"A",,"A",,"A",,"A",,"A",,"A",,"A",,"A",,"A",,"R",58,"R",0,"R",58,"R",9,"R",16,"R",40,"R",69,"Z",0,"R",58,"R",0,"Z",0,"R",40,"R",69
486770,"A",,"A",,"A",,"A",,"A",,"A",,"A",,"A",,"A",,"A",,"A",,"A",,"A",,"R",42,"R",0,"R",42,"R",12,"R",29,"R",32,"R",76,"Z",0,"R",42,"R",0,"Z",0,"R",32,"R",76
486798,"A",,"A",,"A",,"A",,"A",,"A",,"A",,"A",,"A",,"A",,"A",,"A",,"A",,"R",1712,"R",5,"R",1707,"R",498,"R",29,"R",957,"R",56,"R",0,"R",1707,"R",62,"R",16,"R",1019,"R",60
486813,"A",,"A",,"A",,"A",,"A",,"A",,"A",,"A",,"A",,"A",,"A",,"A",,"A",,"R",266,"R",0,"R",266,"R",34,"R",13,"R",138,"R",52,"R",0,"R",266,"R",11,"R",6,"R",149,"R",56
486822,"A",,"A",,"A",,"A",,"A",,"A",,"A",,"A",,"A",,"A",,"A",,"A",,"A",,"R",409,"R",0,"R",409,"R",37,"R",9,"R",192,"R",47,"R",0,"R",409,"R",43,"R",42,"R",235,"R",57
486840,"R",4883,"R",4,"R",4879,"R",845,"R",17,"R",2370,"R",49,"R",0,"R",4879,"R",200,"R",117,"R",2570,"R",53,"A",,"A",,"A",,"A",,"A",,"A",,"A",,"A",,"A",,"A",,"A",,"A",,"A",
486859,"A",,"A",,"A",,"A",,"A",,"A",,"A",,"A",,"A",,"A",,"A",,"A",,"A",,"R",15,"R",0,"R",15,"R",7,"R",47,"R",7,"R",47,"Z",0,"R",15,"R",0,"Z",0,"R",7,"R",47
486877,"A",,"A",,"A",,"A",,"A",,"A",,"A",,"A",,"A",,"A",,"A",,"A",,"A",,"R",8,"R",0,"R",8,"R",5,"R",63,"R",5,"R",63,"Z",0,"R",8,"R",0,"Z",0,"R",5,"R",63
486886,"A",,"A",,"A",,"A",,"A",,"A",,"A",,"A",,"A",,"A",,"A",,"A",,"A",,"R",11,"R",0,"R",11,"R",8,"R",73,"R",9,"R",82,"Z",0,"R",11,"R",0,"Z",0,"R",9,"R",82
486901,"R",187,"R",0,"R",187,"R",116,"R",62,"R",131,"R",70,"Z",0,"R",187,"R",0,"R",0,"R",131,"R",70,"A",,"A",,"A",,"A",,"A",,"A",,"A",,"A",,"A",,"A",,"A",,"A",,"A",
486938,"R",2,"R",0,"R",2,"Z",0,"R",0,"Z",0,"R",0,"Z",0,"R",2,"R",0,"Z",0,"R",0,"R",0,"A",,"A",,"A",,"A",,"A",,"A",,"A",,"A",,"A",,"A",,"A",,"A",,"A",
486956,"R",1,"R",0,"R",1,"R",1,"R",100,"R",1,"R",100,"Z",0,"R",1,"R",0,"Z",0,"R",1,"R",100,"A",,"A",,"A",,"A",,"A",,"A",,"A",,"A",,"A",,"A",,"A",,"A",,"A",
486983,"A",,"A",,"A",,"A",,"A",,"A",,"A",,"A",,"A",,"A",,"A",,"A",,"A",,"R",12,"R",0,"R",12,"R",1,"R",8,"R",6,"R",50,"Z",0,"R",12,"R",0,"Z",0,"R",6,"R",50
487047,"A",,"A",,"A",,"A",,"A",,"A",,"A",,"A",,"A",,"A",,"A",,"A",,"A",,"R",235,"R",0,"R",235,"R",109,"R",46,"R",139,"R",59,"Z",0,"R",235,"R",0,"Z",0,"R",139,"R",59
487065,"A",,"A",,"A",,"A",,"A",,"A",,"A",,"A",,"A",,"A",,"A",,"A",,"A",,"R",21,"R",0,"R",21,"R",5,"R",24,"R",12,"R",57,"Z",0,"R",21,"R",0,"Z",0,"R",12,"R",57
487083,"A",,"A",,"A",,"A",,"A",,"A",,"A",,"A",,"A",,"A",,"A",,"A",,"A",,"R",27,"R",1,"R",26,"R",3,"R",12,"R",15,"R",58,"R",0,"R",26,"R",10,"R",0,"R",25,"R",96
487092,"A",,"A",,"A",,"A",,"A",,"A",,"A",,"A",,"A",,"A",,"A",,"A",,"A",,"R",470,"R",1,"R",469,"R",436,"R",93,"R",447,"R",95,"R",-1,"R",470,"R",1,"R",0,"R",448,"R",95
487162,"A",,"A",,"A",,"A",,"A",,"A",,"A",,"A",,"A",,"A",,"A",,"A",,"A",,"R",353,"R",0,"R",353,"R",38,"R",11,"R",105,"R",30,"R",0,"R",353,"R",40,"R",39,"R",145,"R",41
487232,"A",,"A",,"A",,"A",,"A",,"A",,"A",,"A",,"A",,"A",,"A",,"A",,"A",,"R",81,"R",0,"R",81,"R",60,"R",74,"R",62,"R",77,"R",0,"R",81,"R",1,"R",0,"R",63,"R",78
487302,"A",,"A",,"A",,"A",,"A",,"A",,"A",,"A",,"A",,"A",,"A",,"A",,"A",,"R",164,"R",0,"R",164,"R",28,"R",17,"R",59,"R",36,"Z",0,"R",164,"R",0,"Z",0,"R",59,"R",36
487311,"A",,"A",,"A",,"A",,"A",,"A",,"A",,"A",,"A",,"A",,"A",,"A",,"A",,"R",131,"R",0,"R",131,"R",78,"R",60,"R",78,"R",60,"R",0,"R",131,"R",0,"R",0,"R",78,"R",60
487320,"A",,"A",,"A",,"A",,"A",,"A",,"A",,"A",,"A",,"A",,"A",,"A",,"A",,"R",1779,"R",0,"R",1779,"R",515,"R",29,"R",654,"R",37,"R",0,"R",1779,"R",24,"R",30,"R",678,"R",38
487348,"A",,"A",,"A",,"A",,"A",,"A",,"A",,"A",,"A",,"A",,"A",,"A",,"A",,"R",27,"R",0,"R",27,"R",5,"R",19,"R",18,"R",67,"Z",0,"R",27,"R",0,"Z",0,"R",18,"R",67
487384,"A",,"A",,"A",,"A",,"A",,"A",,"A",,"A",,"A",,"A",,"A",,"A",,"A",,"R",387,"R",0,"R",387,"R",35,"R",9,"R",198,"R",51,"R",0,"R",387,"R",4,"R",0,"R",202,"R",52
487393,"A",,"A",,"A",,"A",,"A",,"A",,"A",,"A",,"A",,"A",,"A",,"A",,"A",,"R",558,"R",2,"R",556,"R",82,"R",15,"R",293,"R",53,"R",0,"R",556,"R",2,"R",0,"R",295,"R",53
487409,"A",,"A",,"A",,"A",,"A",,"A",,"A",,"A",,"A",,"A",,"A",,"A",,"A",,"R",431,"R",1,"R",430,"R",96,"R",22,"R",266,"R",62,"R",0,"R",430,"R",1,"R",0,"R",267,"R",62
487418,"A",,"A",,"A",,"A",,"A",,"A",,"A",,"A",,"A",,"A",,"A",,"A",,"A",,"R",622,"R",1,"R",621,"R",88,"R",14,"R",287,"R",46,"R",0,"R",621,"R",2,"R",0,"R",289,"R",47
487427,"A",,"A",,"A",,"A",,"A",,"A",,"A",,"A",,"A",,"A",,"A",,"A",,"A",,"R",638,"R",2,"R",636,"R",66,"R",10,"R",262,"R",41,"R",0,"R",636,"R",5,"R",0,"R",267,"R",42
487436,"A",,"A",,"A",,"A",,"A",,"A",,"A",,"A",,"A",,"A",,"A",,"A",,"A",,"R",523,"R",2,"R",521,"R",41,"R",8,"R",163,"R",31,"R",0,"R",521,"R",1,"R",0,"R",164,"R",31
487445,"A",,"A",,"A",,"A",,"A",,"A",,"A",,"A",,"A",,"A",,"A",,"A",,"A",,"R",495,"R",0,"R",495,"R",122,"R",25,"R",303,"R",61,"R",0,"R",495,"R",1,"R",0,"R",304,"R",61
487454,"A",,"A",,"A",,"A",,"A",,"A",,"A",,"A",,"A",,"A",,"A",,"A",,"A",,"R",440,"R",0,"R",440,"R",53,"R",12,"R",220,"R",50,"R",0,"R",440,"R",2,"R",0,"R",222,"R",50
487472,"A",,"A",,"A",,"A",,"A",,"A",,"A",,"A",,"A",,"A",,"A",,"A",,"A",,"R",847,"R",2,"R",845,"R",53,"R",6,"R",332,"R",39,"R",0,"R",845,"R",6,"R",0,"R",338,"R",40
487481,"A",,"A",,"A",,"A",,"A",,"A",,"A",,"A",,"A",,"A",,"A",,"A",,"A",,"R",1029,"R",4,"R",1025,"R",98,"R",10,"R",419,"R",41,"R",0,"R",1025,"R",4,"R",0,"R",423,"R",41
487490,"A",,"A",,"A",,"A",,"A",,"A",,"A",,"A",,"A",,"A",,"A",,"A",,"A",,"R",865,"R",2,"R",863,"R",163,"R",19,"R",419,"R",49,"R",0,"R",863,"R",1,"R",0,"R",420,"R",49
487506,"A",,"A",,"A",,"A",,"A",,"A",,"A",,"A",,"A",,"A",,"A",,"A",,"A",,"R",31,"R",0,"R",31,"R",0,"R",0,"R",27,"R",87,"Z",0,"R",31,"R",0,"Z",0,"R",27,"R",87
487524,"R",519,"R",4,"R",515,"R",169,"R",33,"R",279,"R",54,"R",0,"R",515,"R",4,"R",1,"R",283,"R",55,"A",,"A",,"A",,"A",,"A",,"A",,"A",,"A",,"A",,"A",,"A",,"A",,"A",
487533,"A",,"A",,"A",,"A",,"A",,"A",,"A",,"A",,"A",,"A",,"A",,"A",,"A",,"R",17,"R",0,"R",17,"R",9,"R",53,"R",15,"R",88,"Z",0,"R",17,"R",0,"Z",0,"R",15,"R",88
487588,"A",,"A",,"A",,"A",,"A",,"A",,"A",,"A",,"A",,"A",,"A",,"A",,"A",,"R",346,"R",1,"R",345,"R",32,"R",9,"R",194,"R",56,"Z",0,"R",345,"R",0,"Z",0,"R",194,"R",56
487597,"A",,"A",,"A",,"A",,"A",,"A",,"A",,"A",,"A",,"A",,"A",,"A",,"A",,"R",552,"R",1,"R",551,"R",32,"R",6,"R",155,"R",28,"R",0,"R",551,"R",42,"R",7,"R",197,"R",36
487603,"R",20,"R",0,"R",20,"R",7,"R",35,"R",8,"R",40,"R",0,"R",20,"R",1,"R",2,"R",9,"R",45,"A",,"A",,"A",,"A",,"A",,"A",,"A",,"A",,"A",,"A",,"A",,"A",,"A",
487621,"A",,"A",,"A",,"A",,"A",,"A",,"A",,"A",,"A",,"A",,"A",,"A",,"A",,"R",5,"R",0,"R",5,"R",0,"R",0,"R",4,"R",80,"Z",0,"R",5,"R",0,"Z",0,"R",4,"R",80
487658,"A",,"A",,"A",,"A",,"A",,"A",,"A",,"A",,"A",,"A",,"A",,"A",,"A",,"R",45,"R",0,"R",45,"R",45,"R",100,"R",45,"R",100,"Z",0,"R",45,"R",0,"Z",0,"R",45,"R",100
487676,"A",,"A",,"A",,"A",,"A",,"A",,"A",,"A",,"A",,"A",,"A",,"A",,"A",,"R",50,"R",0,"R",50,"R",1,"R",2,"R",31,"R",62,"R",0,"R",50,"R",1,"R",0,"R",32,"R",64
487746,"R",5,"R",0,"R",5,"Z",0,"R",0,"R",3,"R",60,"Z",0,"R",5,"R",0,"Z",0,"R",3,"R",60,"A",,"A",,"A",,"A",,"A",,"A",,"A",,"A",,"A",,"A",,"A",,"A",,"A",
487773,"A",,"A",,"A",,"A",,"A",,"A",,"A",,"A",,"A",,"A",,"A",,"A",,"A",,"R",11,"R",0,"R",11,"R",8,"R",73,"R",8,"R",73,"Z",0,"R",11,"R",0,"Z",0,"R",8,"R",73
487791,"A",,"A",,"A",,"A",,"A",,"A",,"A",,"A",,"A",,"A",,"A",,"A",,"A",,"R",180,"R",0,"R",180,"R",137,"R",76,"R",140,"R",78,"Z",0,"R",180,"R",0,"Z",0,"R",140,"R",78
487807,"A",,"A",,"A",,"A",,"A",,"A",,"A",,"A",,"A",,"A",,"A",,"A",,"A",,"R",10,"R",0,"R",10,"R",0,"R",0,"R",2,"R",20,"Z",0,"R",10,"R",0,"Z",0,"R",2,"R",20
487816,"A",,"A",,"A",,"A",,"A",,"A",,"A",,"A",,"A",,"A",,"A",,"A",,"A",,"R",2,"R",0,"R",2,"R",0,"R",0,"R",0,"R",0,"R",0,"R",2,"R",0,"R",0,"R",0,"R",0
487889,"A",,"A",,"A",,"A",,"A",,"A",,"A",,"A",,"A",,"A",,"A",,"A",,"A",,"R",239,"R",0,"R",239,"R",239,"R",100,"R",239,"R",100,"Z",0,"R",239,"R",0,"Z",0,"R",239,"R",100
487904,"A",,"A",,"A",,"A",,"A",,"A",,"A",,"A",,"A",,"A",,"A",,"A",,"A",,"R",29,"R",0,"R",29,"R",26,"R",90,"R",26,"R",90,"Z",0,"R",29,"R",0,"Z",0,"R",26,"R",90
487922,"A",,"A",,"A",,"A",,"A",,"A",,"A",,"A",,"A",,"A",,"A",,"A",,"A",,"R",9,"R",0,"R",9,"R",5,"R",56,"R",8,"R",89,"Z",0,"R",9,"R",0,"Z",0,"R",8,"R",89
487959,"A",,"A",,"A",,"A",,"A",,"A",,"A",,"A",,"A",,"A",,"A",,"A",,"A",,"R",25,"R",0,"R",25,"R",23,"R",92,"R",23,"R",92,"R",0,"R",25,"R",2,"R",0,"R",25,"R",100
487968,"A",,"A",,"A",,"A",,"A",,"A",,"A",,"A",,"A",,"A",,"A",,"A",,"A",,"R",1,"R",0,"R",1,"R",0,"R",0,"R",0,"R",0,"Z",0,"R",1,"R",0,"Z",0,"R",0,"R",0
488013,"A",,"A",,"A",,"A",,"A",,"A",,"A",,"A",,"A",,"A",,"A",,"A",,"A",,"R",46,"R",0,"R",46,"R",2,"R",4,"R",16,"R",35,"R",0,"R",46,"R",7,"R",3,"R",23,"R",50
488022,"A",,"A",,"A",,"A",,"A",,"A",,"A",,"A",,"A",,"A",,"A",,"A",,"A",,"R",8,"R",0,"R",8,"R",0,"R",0,"R",4,"R",50,"Z",0,"R",8,"R",0,"Z",0,"R",4,"R",50
488059,"A",,"A",,"A",,"A",,"A",,"A",,"A",,"A",,"A",,"A",,"A",,"A",,"A",,"R",5,"R",0,"R",5,"R",4,"R",80,"R",4,"R",80,"Z",0,"R",5,"R",0,"Z",0,"R",4,"R",80
488077,"A",,"A",,"A",,"A",,"A",,"A",,"A",,"A",,"A",,"A",,"A",,"A",,"A",,"R",658,"R",11,"R",647,"R",144,"R",22,"R",341,"R",53,"R",2,"R",645,"R",19,"R",3,"R",360,"R",56
488110,"A",,"A",,"A",,"A",,"A",,"A",,"A",,"A",,"A",,"A",,"A",,"A",,"A",,"R",20,"R",0,"R",20,"R",1,"R",5,"R",12,"R",60,"Z",0,"R",20,"R",0,"Z",0,"R",12,"R",60
488129,"A",,"A",,"A",,"A",,"A",,"A",,"A",,"A",,"A",,"A",,"A",,"A",,"A",,"R",1,"R",0,"R",1,"R",1,"R",100,"R",1,"R",100,"Z",0,"R",1,"R",0,"Z",0,"R",1,"R",100
488138,"A",,"A",,"A",,"A",,"A",,"A",,"A",,"A",,"A",,"A",,"A",,"A",,"A",,"R",112,"R",0,"R",112,"R",94,"R",84,"R",102,"R",91,"Z",0,"R",112,"R",0,"Z",0,"R",102,"R",91
488147,"A",,"A",,"A",,"A",,"A",,"A",,"A",,"A",,"A",,"A",,"A",,"A",,"A",,"R",63,"R",0,"R",63,"R",16,"R",25,"R",33,"R",52,"R",0,"R",63,"R",0,"R",0,"R",33,"R",52
488174,"A",,"A",,"A",,"A",,"A",,"A",,"A",,"A",,"A",,"A",,"A",,"A",,"A",,"R",28,"R",0,"R",28,"R",22,"R",79,"R",22,"R",79,"Z",0,"R",28,"R",0,"Z",0,"R",22,"R",79
488183,"A",,"A",,"A",,"A",,"A",,"A",,"A",,"A",,"A",,"A",,"A",,"A",,"A",,"R",8,"R",0,"R",8,"R",0,"R",0,"R",2,"R",25,"R",0,"R",8,"R",1,"R",0,"R",3,"R",38
488192,"A",,"A",,"A",,"A",,"A",,"A",,"A",,"A",,"A",,"A",,"A",,"A",,"A",,"R",23,"R",0,"R",23,"R",19,"R",83,"R",19,"R",83,"R",0,"R",23,"R",0,"R",0,"R",19,"R",83
488217,"A",,"A",,"A",,"A",,"A",,"A",,"A",,"A",,"A",,"A",,"A",,"A",,"A",,"R",14,"R",0,"R",14,"R",9,"R",64,"R",9,"R",64,"Z",0,"R",14,"R",0,"Z",0,"R",9,"R",64
488253,"A",,"A",,"A",,"A",,"A",,"A",,"A",,"A",,"A",,"A",,"A",,"A",,"A",,"R",25,"R",0,"R",25,"R",23,"R",92,"R",23,"R",92,"Z",0,"R",25,"R",0,"Z",0,"R",23,"R",92
488262,"A",,"A",,"A",,"A",,"A",,"A",,"A",,"A",,"A",,"A",,"A",,"A",,"A",,"R",10,"R",0,"R",10,"R",1,"R",10,"R",5,"R",50,"R",0,"R",10,"R",0,"R",0,"R",5,"R",50
488271,"A",,"A",,"A",,"A",,"A",,"A",,"A",,"A",,"A",,"A",,"A",,"A",,"A",,"P",38,"P",0,"P",38,"P",5,"P",13,"P",29,"P",76,"P",0,"P",38,"P",0,"P",0,"P",29,"P",76
488280,"A",,"A",,"A",,"A",,"A",,"A",,"A",,"A",,"A",,"A",,"A",,"A",,"A",,"R",5,"R",0,"R",5,"R",5,"R",100,"R",5,"R",100,"Z",0,"R",5,"R",0,"Z",0,"R",5,"R",100
488299,"A",,"A",,"A",,"A",,"A",,"A",,"A",,"A",,"A",,"A",,"A",,"A",,"A",,"R",46,"R",2,"R",44,"R",23,"R",52,"R",32,"R",73,"Z",0,"R",44,"R",0,"Z",0,"R",32,"R",73
488314,"R",8,"R",0,"R",8,"Z",0,"R",0,"Z",0,"R",0,"Z",0,"R",8,"R",0,"Z",0,"R",0,"R",0,"A",,"A",,"A",,"A",,"A",,"A",,"A",,"A",,"A",,"A",,"A",,"A",,"A",
488332,"A",,"A",,"A",,"A",,"A",,"A",,"A",,"A",,"A",,"A",,"A",,"A",,"A",,"R",36,"R",0,"R",36,"R",16,"R",44,"R",17,"R",47,"Z",0,"R",36,"R",0,"Z",0,"R",17,"R",47
488350,"R",17,"R",0,"R",17,"R",3,"R",18,"R",3,"R",18,"Z",0,"R",17,"R",0,"Z",0,"R",3,"R",18,"A",,"A",,"A",,"A",,"A",,"A",,"A",,"A",,"A",,"A",,"A",,"A",,"A",
488369,"A",,"A",,"A",,"A",,"A",,"A",,"A",,"A",,"A",,"A",,"A",,"A",,"A",,"R",16,"R",0,"R",16,"R",4,"R",25,"R",11,"R",69,"Z",0,"R",16,"R",0,"Z",0,"R",11,"R",69
488378,"A",,"A",,"A",,"A",,"A",,"A",,"A",,"A",,"A",,"A",,"A",,"A",,"A",,"R",48,"R",0,"R",48,"R",16,"R",33,"R",38,"R",79,"Z",0,"R",48,"R",0,"Z",0,"R",38,"R",79
488396,"A",,"A",,"A",,"A",,"A",,"A",,"A",,"A",,"A",,"A",,"A",,"A",,"A",,"R",32,"R",0,"R",32,"R",14,"R",44,"R",18,"R",56,"Z",0,"R",32,"R",0,"Z",0,"R",18,"R",56
488411,"A",,"A",,"A",,"A",,"A",,"A",,"A",,"A",,"A",,"A",,"A",,"A",,"A",,"R",89,"R",0,"R",89,"R",13,"R",15,"R",69,"R",78,"R",0,"R",89,"R",6,"R",1,"R",75,"R",84
488439,"A",,"A",,"A",,"A",,"A",,"A",,"A",,"A",,"A",,"A",,"A",,"A",,"A",,"R",34,"R",0,"R",34,"R",0,"R",0,"R",4,"R",12,"Z",0,"R",34,"R",0,"Z",0,"R",4,"R",12
488563,"A",,"A",,"A",,"A",,"A",,"A",,"A",,"A",,"A",,"A",,"A",,"A",,"A",,"R",5,"R",0,"R",5,"R",5,"R",100,"R",5,"R",100,"Z",0,"R",5,"R",0,"Z",0,"R",5,"R",100
488590,"A",,"A",,"A",,"A",,"A",,"A",,"A",,"A",,"A",,"A",,"A",,"A",,"A",,"R",14,"R",0,"R",14,"R",13,"R",93,"R",14,"R",100,"Z",0,"R",14,"R",0,"Z",0,"R",14,"R",100
488651,"A",,"A",,"A",,"A",,"A",,"A",,"A",,"A",,"A",,"A",,"A",,"A",,"A",,"R",76,"R",0,"R",76,"R",8,"R",11,"R",57,"R",75,"Z",0,"R",76,"R",0,"Z",0,"R",57,"R",75
488730,"A",,"A",,"A",,"A",,"A",,"A",,"A",,"A",,"A",,"A",,"A",,"A",,"A",,"R",802,"R",0,"R",802,"R",123,"R",15,"R",248,"R",31,"R",0,"R",802,"R",43,"R",44,"R",291,"R",36
488749,"A",,"A",,"A",,"A",,"A",,"A",,"A",,"A",,"A",,"A",,"A",,"A",,"A",,"R",121,"R",0,"R",121,"R",54,"R",45,"R",62,"R",51,"R",0,"R",121,"R",0,"R",0,"R",62,"R",51
488837,"A",,"A",,"A",,"A",,"A",,"A",,"A",,"A",,"A",,"A",,"A",,"A",,"A",,"R",36,"R",0,"R",36,"R",35,"R",97,"R",35,"R",97,"R",0,"R",36,"R",0,"R",0,"R",35,"R",97
488846,"R",213,"R",0,"R",213,"R",16,"R",8,"R",28,"R",13,"R",0,"R",213,"R",4,"R",13,"R",32,"R",15,"A",,"A",,"A",,"A",,"A",,"A",,"A",,"A",,"A",,"A",,"A",,"A",,"A",
488891,"A",,"A",,"A",,"A",,"A",,"A",,"A",,"A",,"A",,"A",,"A",,"A",,"A",,"R",5,"R",0,"R",5,"R",5,"R",100,"R",5,"R",100,"Z",0,"R",5,"R",0,"Z",0,"R",5,"R",100
488916,"A",,"A",,"A",,"A",,"A",,"A",,"A",,"A",,"A",,"A",,"A",,"A",,"A",,"R",13,"R",1,"R",12,"R",0,"R",0,"R",10,"R",83,"Z",0,"R",12,"R",0,"Z",0,"R",10,"R",83
488934,"A",,"A",,"A",,"A",,"A",,"A",,"A",,"A",,"A",,"A",,"A",,"A",,"A",,"R",471,"R",0,"R",471,"R",308,"R",65,"R",342,"R",73,"Z",0,"R",471,"R",14,"R",0,"R",356,"R",76
488952,"A",,"A",,"A",,"A",,"A",,"A",,"A",,"A",,"A",,"A",,"A",,"A",,"A",,"R",75,"R",0,"R",75,"R",9,"R",12,"R",50,"R",67,"Z",0,"R",75,"R",0,"Z",0,"R",50,"R",67
488961,"A",,"A",,"A",,"A",,"A",,"A",,"A",,"A",,"A",,"A",,"A",,"A",,"A",,"R",61,"R",0,"R",61,"R",5,"R",8,"R",23,"R",38,"Z",0,"R",61,"R",0,"Z",0,"R",23,"R",38
488970,"A",,"A",,"A",,"A",,"A",,"A",,"A",,"A",,"A",,"A",,"A",,"A",,"A",,"R",49,"R",0,"R",49,"R",13,"R",27,"R",37,"R",76,"Z",0,"R",49,"R",0,"Z",0,"R",37,"R",76
488989,"A",,"A",,"A",,"A",,"A",,"A",,"A",,"A",,"A",,"A",,"A",,"A",,"A",,"R",52,"R",0,"R",52,"R",3,"R",6,"R",35,"R",67,"Z",0,"R",52,"R",0,"Z",0,"R",35,"R",67
488998,"A",,"A",,"A",,"A",,"A",,"A",,"A",,"A",,"A",,"A",,"A",,"A",,"A",,"R",75,"R",0,"R",75,"R",8,"R",11,"R",49,"R",65,"Z",0,"R",75,"R",0,"Z",0,"R",49,"R",65
489122,"A",,"A",,"A",,"A",,"A",,"A",,"A",,"A",,"A",,"A",,"A",,"A",,"A",,"R",19,"R",0,"R",19,"R",2,"R",11,"R",4,"R",21,"R",0,"R",19,"R",0,"R",0,"R",4,"R",21
489131,"A",,"A",,"A",,"A",,"A",,"A",,"A",,"A",,"A",,"A",,"A",,"A",,"A",,"R",23,"R",0,"R",23,"R",6,"R",26,"R",7,"R",30,"Z",0,"R",23,"R",0,"Z",0,"R",7,"R",30
489140,"A",,"A",,"A",,"A",,"A",,"A",,"A",,"A",,"A",,"A",,"A",,"A",,"A",,"R",27,"R",0,"R",27,"R",7,"R",26,"R",10,"R",37,"Z",0,"R",27,"R",0,"Z",0,"R",10,"R",37
489159,"A",,"A",,"A",,"A",,"A",,"A",,"A",,"A",,"A",,"A",,"A",,"A",,"A",,"R",22,"R",0,"R",22,"R",4,"R",18,"R",18,"R",82,"Z",0,"R",22,"R",0,"Z",0,"R",18,"R",82
489201,"A",,"A",,"A",,"A",,"A",,"A",,"A",,"A",,"A",,"A",,"A",,"A",,"A",,"R",823,"R",0,"R",823,"R",167,"R",20,"R",296,"R",36,"R",0,"R",823,"R",55,"R",58,"R",351,"R",43
489238,"A",,"A",,"A",,"A",,"A",,"A",,"A",,"A",,"A",,"A",,"A",,"A",,"A",,"R",139,"R",1,"R",138,"R",97,"R",70,"R",109,"R",79,"R",1,"R",137,"R",1,"R",0,"R",110,"R",80
489247,"A",,"A",,"A",,"A",,"A",,"A",,"A",,"A",,"A",,"A",,"A",,"A",,"A",,"R",13,"R",0,"R",13,"R",5,"R",38,"R",8,"R",62,"Z",0,"R",13,"R",0,"Z",0,"R",8,"R",62
489256,"A",,"A",,"A",,"A",,"A",,"A",,"A",,"A",,"A",,"A",,"A",,"A",,"A",,"R",204,"R",0,"R",204,"R",200,"R",98,"R",200,"R",98,"Z",0,"R",204,"R",0,"Z",0,"R",200,"R",98
489283,"A",,"A",,"A",,"A",,"A",,"A",,"A",,"A",,"A",,"A",,"A",,"A",,"A",,"R",839,"R",0,"R",839,"R",330,"R",39,"R",424,"R",51,"R",0,"R",839,"R",0,"R",0,"R",424,"R",51
489371,"A",,"A",,"A",,"A",,"A",,"A",,"A",,"A",,"A",,"A",,"A",,"A",,"A",,"R",117,"R",1,"R",116,"R",78,"R",67,"R",86,"R",74,"Z",0,"R",116,"R",0,"Z",0,"R",86,"R",74
489779,"R",30,"R",0,"R",30,"R",8,"R",27,"R",9,"R",30,"Z",0,"R",30,"R",0,"Z",0,"R",9,"R",30,"A",,"A",,"A",,"A",,"A",,"A",,"A",,"A",,"A",,"A",,"A",,"A",,"A",
489812,"A",,"A",,"A",,"A",,"A",,"A",,"A",,"A",,"A",,"A",,"A",,"A",,"A",,"R",45,"R",0,"R",45,"R",3,"R",7,"R",32,"R",71,"R",0,"R",45,"R",3,"R",2,"R",35,"R",78
489830,"A",,"A",,"A",,"A",,"A",,"A",,"A",,"A",,"A",,"A",,"A",,"A",,"A",,"R",43,"R",0,"R",43,"R",4,"R",9,"R",21,"R",49,"Z",0,"R",43,"R",0,"Z",0,"R",21,"R",49
489937,"R",26,"R",0,"R",26,"R",7,"R",27,"R",11,"R",42,"Z",0,"R",26,"R",0,"Z",0,"R",11,"R",42,"A",,"A",,"A",,"A",,"A",,"A",,"A",,"A",,"A",,"A",,"A",,"A",,"A",
490018,"A",,"A",,"A",,"A",,"A",,"A",,"A",,"A",,"A",,"A",,"A",,"A",,"A",,"R",7,"R",0,"R",7,"R",7,"R",100,"R",7,"R",100,"Z",0,"R",7,"R",0,"Z",0,"R",7,"R",100
490045,"R",2,"R",0,"R",2,"R",1,"R",50,"R",2,"R",100,"Z",0,"R",2,"R",0,"Z",0,"R",2,"R",100,"A",,"A",,"A",,"A",,"A",,"A",,"A",,"A",,"A",,"A",,"A",,"A",,"A",
490115,"A",,"A",,"A",,"A",,"A",,"A",,"A",,"A",,"A",,"A",,"A",,"A",,"A",,"R",44,"R",0,"R",44,"R",30,"R",68,"R",31,"R",70,"Z",0,"R",44,"R",0,"Z",0,"R",31,"R",70
490133,"R",73,"R",0,"R",73,"R",39,"R",53,"R",49,"R",67,"Z",0,"R",73,"R",0,"Z",0,"R",49,"R",67,"A",,"A",,"A",,"A",,"A",,"A",,"A",,"A",,"A",,"A",,"A",,"A",,"A",
490142,"A",,"A",,"A",,"A",,"A",,"A",,"A",,"A",,"A",,"A",,"A",,"A",,"A",,"R",5,"R",0,"R",5,"R",0,"R",0,"R",5,"R",100,"Z",0,"R",5,"R",0,"Z",0,"R",5,"R",100
490151,"A",,"A",,"A",,"A",,"A",,"A",,"A",,"A",,"A",,"A",,"A",,"A",,"A",,"R",51,"R",0,"R",51,"R",34,"R",67,"R",35,"R",69,"R",0,"R",51,"R",0,"R",0,"R",35,"R",69
490160,"A",,"A",,"A",,"A",,"A",,"A",,"A",,"A",,"A",,"A",,"A",,"A",,"A",,"R",11,"R",0,"R",11,"R",1,"R",9,"R",6,"R",55,"Z",0,"R",11,"R",0,"Z",0,"R",6,"R",55
490197,"A",,"A",,"A",,"A",,"A",,"A",,"A",,"A",,"A",,"A",,"A",,"A",,"A",,"R",12,"R",0,"R",12,"R",12,"R",100,"R",12,"R",100,"Z",0,"R",12,"R",0,"Z",0,"R",12,"R",100
490221,"A",,"A",,"A",,"A",,"A",,"A",,"A",,"A",,"A",,"A",,"A",,"A",,"A",,"R",20,"R",0,"R",20,"R",6,"R",30,"R",15,"R",75,"R",0,"R",20,"R",0,"R",0,"R",15,"R",75
490249,"A",,"A",,"A",,"A",,"A",,"A",,"A",,"A",,"A",,"A",,"A",,"A",,"A",,"R",17,"R",0,"R",17,"R",10,"R",59,"R",13,"R",76,"Z",0,"R",17,"R",0,"Z",0,"R",13,"R",76
490258,"A",,"A",,"A",,"A",,"A",,"A",,"A",,"A",,"A",,"A",,"A",,"A",,"A",,"R",33,"R",3,"R",30,"R",24,"R",80,"R",24,"R",80,"Z",0,"R",30,"R",0,"Z",0,"R",24,"R",80
490267,"A",,"A",,"A",,"A",,"A",,"A",,"A",,"A",,"A",,"A",,"A",,"A",,"A",,"R",6,"R",0,"R",6,"R",0,"R",0,"R",3,"R",50,"Z",0,"R",6,"R",0,"Z",0,"R",3,"R",50
490276,"R",46,"R",0,"R",46,"Z",0,"R",0,"R",8,"R",17,"Z",0,"R",46,"R",0,"Z",0,"R",8,"R",17,"A",,"A",,"A",,"A",,"A",,"A",,"A",,"A",,"A",,"A",,"A",,"A",,"A",
490294,"A",,"A",,"A",,"A",,"A",,"A",,"A",,"A",,"A",,"A",,"A",,"A",,"A",,"R",48,"R",0,"R",48,"R",0,"R",0,"R",10,"R",21,"R",0,"R",48,"R",7,"R",2,"R",17,"R",35
490300,"A",,"A",,"A",,"A",,"A",,"A",,"A",,"A",,"A",,"A",,"A",,"A",,"A",,"R",17,"R",0,"R",17,"R",1,"R",6,"R",15,"R",88,"Z",0,"R",17,"R",0,"Z",0,"R",15,"R",88
490319,"R",24,"R",0,"R",24,"Z",0,"R",0,"R",1,"R",4,"Z",0,"R",24,"R",0,"Z",0,"R",1,"R",4,"A",,"A",,"A",,"A",,"A",,"A",,"A",,"A",,"A",,"A",,"A",,"A",,"A",
490346,"A",,"A",,"A",,"A",,"A",,"A",,"A",,"A",,"A",,"A",,"A",,"A",,"A",,"R",30,"R",0,"R",30,"R",28,"R",93,"R",28,"R",93,"Z",0,"R",30,"R",0,"Z",0,"R",28,"R",93
490382,"A",,"A",,"A",,"A",,"A",,"A",,"A",,"A",,"A",,"A",,"A",,"A",,"A",,"R",13,"R",0,"R",13,"R",12,"R",92,"R",13,"R",100,"Z",0,"R",13,"R",0,"Z",0,"R",13,"R",100
490391,"A",,"A",,"A",,"A",,"A",,"A",,"A",,"A",,"A",,"A",,"A",,"A",,"A",,"R",78,"R",0,"R",78,"R",74,"R",95,"R",74,"R",95,"Z",0,"R",78,"R",0,"Z",0,"R",74,"R",95
490407,"A",,"A",,"A",,"A",,"A",,"A",,"A",,"A",,"A",,"A",,"A",,"A",,"A",,"R",39,"R",0,"R",39,"R",0,"R",0,"R",25,"R",64,"Z",0,"R",39,"R",0,"Z",0,"R",25,"R",64
490416,"A",,"A",,"A",,"A",,"A",,"A",,"A",,"A",,"A",,"A",,"A",,"A",,"A",,"R",13,"R",0,"R",13,"R",0,"R",0,"R",1,"R",8,"R",0,"R",13,"R",6,"R",1,"R",7,"R",54
490425,"A",,"A",,"A",,"A",,"A",,"A",,"A",,"A",,"A",,"A",,"A",,"A",,"A",,"R",163,"R",0,"R",163,"R",9,"R",6,"R",110,"R",67,"R",0,"R",163,"R",30,"R",9,"R",140,"R",86
490434,"A",,"A",,"A",,"A",,"A",,"A",,"A",,"A",,"A",,"A",,"A",,"A",,"A",,"R",9,"R",0,"R",9,"R",8,"R",89,"R",8,"R",89,"Z",0,"R",9,"R",0,"Z",0,"R",8,"R",89
490443,"A",,"A",,"A",,"A",,"A",,"A",,"A",,"A",,"A",,"A",,"A",,"A",,"A",,"R",8,"R",0,"R",8,"R",0,"R",0,"R",7,"R",88,"Z",0,"R",8,"R",0,"Z",0,"R",7,"R",88
490470,"A",,"A",,"A",,"A",,"A",,"A",,"A",,"A",,"A",,"A",,"A",,"A",,"A",,"R",4,"R",0,"R",4,"R",0,"R",0,"R",3,"R",75,"Z",0,"R",4,"R",0,"Z",0,"R",3,"R",75
490489,"A",,"A",,"A",,"A",,"A",,"A",,"A",,"A",,"A",,"A",,"A",,"A",,"A",,"R",6,"R",0,"R",6,"R",6,"R",100,"R",6,"R",100,"Z",0,"R",6,"R",0,"Z",0,"R",6,"R",100
490498,"A",,"A",,"A",,"A",,"A",,"A",,"A",,"A",,"A",,"A",,"A",,"A",,"A",,"R",19,"R",0,"R",19,"R",16,"R",84,"R",16,"R",84,"Z",0,"R",19,"R",0,"Z",0,"R",16,"R",84
490513,"R",16,"R",0,"R",16,"R",1,"R",6,"R",2,"R",13,"Z",0,"R",16,"R",0,"Z",0,"R",2,"R",13,"A",,"A",,"A",,"A",,"A",,"A",,"A",,"A",,"A",,"A",,"A",,"A",,"A",
490522,"A",,"A",,"A",,"A",,"A",,"A",,"A",,"A",,"A",,"A",,"A",,"A",,"A",,"R",1,"R",0,"R",1,"R",1,"R",100,"R",1,"R",100,"R",0,"R",1,"R",0,"R",0,"R",1,"R",100
490531,"A",,"A",,"A",,"A",,"A",,"A",,"A",,"A",,"A",,"A",,"A",,"A",,"A",,"R",24,"R",0,"R",24,"R",20,"R",83,"R",20,"R",83,"Z",0,"R",24,"R",0,"Z",0,"R",20,"R",83
490674,"A",,"A",,"A",,"A",,"A",,"A",,"A",,"A",,"A",,"A",,"A",,"A",,"A",,"R",4,"R",0,"R",4,"R",3,"R",75,"R",3,"R",75,"Z",0,"R",4,"R",0,"Z",0,"R",3,"R",75
490692,"A",,"A",,"A",,"A",,"A",,"A",,"A",,"A",,"A",,"A",,"A",,"A",,"A",,"R",23,"R",0,"R",23,"R",14,"R",61,"R",15,"R",65,"R",0,"R",23,"R",2,"R",2,"R",17,"R",74
490717,"A",,"A",,"A",,"A",,"A",,"A",,"A",,"A",,"A",,"A",,"A",,"A",,"A",,"R",57,"R",0,"R",57,"R",0,"R",0,"R",44,"R",77,"R",0,"R",57,"R",1,"R",1,"R",45,"R",79
490735,"A",,"A",,"A",,"A",,"A",,"A",,"A",,"A",,"A",,"A",,"A",,"A",,"A",,"R",151,"R",0,"R",151,"R",89,"R",59,"R",108,"R",72,"R",0,"R",151,"R",0,"R",0,"R",108,"R",72
490744,"A",,"A",,"A",,"A",,"A",,"A",,"A",,"A",,"A",,"A",,"A",,"A",,"A",,"R",8,"R",0,"R",8,"R",0,"R",0,"R",4,"R",50,"Z",0,"R",8,"R",0,"Z",0,"R",4,"R",50
490805,"R",1510,"R",0,"R",1510,"R",313,"R",21,"R",608,"R",40,"R",0,"R",1510,"R",31,"R",20,"R",639,"R",42,"A",,"A",,"A",,"A",,"A",,"A",,"A",,"A",,"A",,"A",,"A",,"A",,"A",
490814,"A",,"A",,"A",,"A",,"A",,"A",,"A",,"A",,"A",,"A",,"A",,"A",,"A",,"R",43,"R",0,"R",43,"R",10,"R",23,"R",28,"R",65,"Z",0,"R",43,"R",0,"Z",0,"R",28,"R",65
490832,"A",,"A",,"A",,"A",,"A",,"A",,"A",,"A",,"A",,"A",,"A",,"A",,"A",,"R",42,"R",0,"R",42,"R",4,"R",10,"R",22,"R",52,"R",0,"R",42,"R",0,"R",0,"R",22,"R",52
490841,"A",,"A",,"A",,"A",,"A",,"A",,"A",,"A",,"A",,"A",,"A",,"A",,"A",,"R",126,"R",0,"R",126,"R",19,"R",15,"R",66,"R",52,"Z",0,"R",126,"R",0,"Z",0,"R",66,"R",52
490869,"A",,"A",,"A",,"A",,"A",,"A",,"A",,"A",,"A",,"A",,"A",,"A",,"A",,"R",159,"R",0,"R",159,"R",37,"R",23,"R",71,"R",45,"Z",0,"R",159,"R",0,"Z",0,"R",71,"R",45
490896,"A",,"A",,"A",,"A",,"A",,"A",,"A",,"A",,"A",,"A",,"A",,"A",,"A",,"R",198,"R",0,"R",198,"R",11,"R",6,"R",118,"R",60,"R",0,"R",198,"R",32,"R",31,"R",150,"R",76
490948,"A",,"A",,"A",,"A",,"A",,"A",,"A",,"A",,"A",,"A",,"A",,"A",,"A",,"R",8,"R",0,"R",8,"R",1,"R",13,"R",5,"R",63,"Z",0,"R",8,"R",0,"Z",0,"R",5,"R",63
490975,"A",,"A",,"A",,"A",,"A",,"A",,"A",,"A",,"A",,"A",,"A",,"A",,"A",,"R",83,"R",0,"R",83,"R",3,"R",4,"R",25,"R",30,"Z",0,"R",83,"R",0,"Z",0,"R",25,"R",30
491057,"R",14,"R",0,"R",14,"R",1,"R",7,"R",1,"R",7,"Z",0,"R",14,"R",0,"Z",0,"R",1,"R",7,"A",,"A",,"A",,"A",,"A",,"A",,"A",,"A",,"A",,"A",,"A",,"A",,"A",
491066,"A",,"A",,"A",,"A",,"A",,"A",,"A",,"A",,"A",,"A",,"A",,"A",,"A",,"R",13,"R",0,"R",13,"R",8,"R",62,"R",8,"R",62,"R",0,"R",13,"R",0,"R",0,"R",8,"R",62
491075,"A",,"A",,"A",,"A",,"A",,"A",,"A",,"A",,"A",,"A",,"A",,"A",,"A",,"R",49,"R",0,"R",49,"R",42,"R",86,"R",42,"R",86,"R",0,"R",49,"R",0,"R",0,"R",42,"R",86
491084,"A",,"A",,"A",,"A",,"A",,"A",,"A",,"A",,"A",,"A",,"A",,"A",,"A",,"R",211,"R",0,"R",211,"R",103,"R",49,"R",134,"R",64,"Z",0,"R",211,"R",0,"Z",0,"R",134,"R",64
491136,"A",,"A",,"A",,"A",,"A",,"A",,"A",,"A",,"A",,"A",,"A",,"A",,"A",,"R",32,"R",0,"R",32,"R",1,"R",3,"R",19,"R",59,"Z",0,"R",32,"R",0,"Z",0,"R",19,"R",59
491145,"A",,"A",,"A",,"A",,"A",,"A",,"A",,"A",,"A",,"A",,"A",,"A",,"A",,"R",42,"R",0,"R",42,"R",1,"R",2,"R",23,"R",55,"Z",0,"R",42,"R",0,"Z",0,"R",23,"R",55
491181,"A",,"A",,"A",,"A",,"A",,"A",,"A",,"A",,"A",,"A",,"A",,"A",,"A",,"R",26,"R",0,"R",26,"R",4,"R",15,"R",8,"R",31,"Z",0,"R",26,"R",0,"Z",0,"R",8,"R",31
491224,"A",,"A",,"A",,"A",,"A",,"A",,"A",,"A",,"A",,"A",,"A",,"A",,"A",,"R",13,"R",0,"R",13,"R",0,"R",0,"R",4,"R",31,"Z",0,"R",13,"R",0,"Z",0,"R",4,"R",31
491233,"A",,"A",,"A",,"A",,"A",,"A",,"A",,"A",,"A",,"A",,"A",,"A",,"A",,"R",22,"R",1,"R",21,"R",15,"R",71,"R",15,"R",71,"Z",0,"R",21,"R",0,"Z",0,"R",15,"R",71
491242,"A",,"A",,"A",,"A",,"A",,"A",,"A",,"A",,"A",,"A",,"A",,"A",,"A",,"R",28,"R",0,"R",28,"R",0,"R",0,"R",11,"R",39,"Z",0,"R",28,"R",0,"Z",0,"R",11,"R",39
491251,"A",,"A",,"A",,"A",,"A",,"A",,"A",,"A",,"A",,"A",,"A",,"A",,"A",,"R",34,"R",0,"R",34,"R",31,"R",91,"R",31,"R",91,"Z",0,"R",34,"R",0,"Z",0,"R",31,"R",91
491260,"A",,"A",,"A",,"A",,"A",,"A",,"A",,"A",,"A",,"A",,"A",,"A",,"A",,"R",9,"R",0,"R",9,"R",1,"R",11,"R",1,"R",11,"Z",0,"R",9,"R",0,"Z",0,"R",1,"R",11
491394,"A",,"A",,"A",,"A",,"A",,"A",,"A",,"A",,"A",,"A",,"A",,"A",,"A",,"R",83,"R",0,"R",83,"R",56,"R",67,"R",57,"R",69,"Z",0,"R",83,"R",0,"Z",0,"R",57,"R",69
491446,"A",,"A",,"A",,"A",,"A",,"A",,"A",,"A",,"A",,"A",,"A",,"A",,"A",,"R",99,"R",0,"R",99,"R",68,"R",69,"R",68,"R",69,"Z",0,"R",99,"R",0,"Z",0,"R",68,"R",69
491464,"A",,"A",,"A",,"A",,"A",,"A",,"A",,"A",,"A",,"A",,"A",,"A",,"A",,"R",170,"R",0,"R",170,"R",16,"R",9,"R",26,"R",15,"R",0,"R",170,"R",3,"R",0,"R",29,"R",17
491473,"A",,"A",,"A",,"A",,"A",,"A",,"A",,"A",,"A",,"A",,"A",,"A",,"A",,"R",31,"R",0,"R",31,"R",31,"R",100,"R",31,"R",100,"Z",0,"R",31,"R",0,"Z",0,"R",31,"R",100
491525,"R",8,"R",0,"R",8,"R",2,"R",25,"R",3,"R",38,"Z",0,"R",8,"R",0,"Z",0,"R",3,"R",38,"A",,"A",,"A",,"A",,"A",,"A",,"A",,"A",,"A",,"A",,"A",,"A",,"A",
491543,"A",,"A",,"A",,"A",,"A",,"A",,"A",,"A",,"A",,"A",,"A",,"A",,"A",,"R",63,"R",0,"R",63,"R",37,"R",59,"R",46,"R",73,"R",0,"R",63,"R",0,"R",0,"R",46,"R",73
491552,"A",,"A",,"A",,"A",,"A",,"A",,"A",,"A",,"A",,"A",,"A",,"A",,"A",,"R",7,"R",0,"R",7,"R",7,"R",100,"R",7,"R",100,"Z",0,"R",7,"R",0,"Z",0,"R",7,"R",100
491570,"A",,"A",,"A",,"A",,"A",,"A",,"A",,"A",,"A",,"A",,"A",,"A",,"A",,"R",23,"R",0,"R",23,"R",6,"R",26,"R",6,"R",26,"Z",0,"R",23,"R",0,"Z",0,"R",6,"R",26
491589,"A",,"A",,"A",,"A",,"A",,"A",,"A",,"A",,"A",,"A",,"A",,"A",,"A",,"R",4,"R",0,"R",4,"R",3,"R",75,"R",3,"R",75,"Z",0,"R",4,"R",0,"Z",0,"R",3,"R",75
491598,"A",,"A",,"A",,"A",,"A",,"A",,"A",,"A",,"A",,"A",,"A",,"A",,"A",,"R",12,"R",0,"R",12,"R",12,"R",100,"R",12,"R",100,"Z",0,"R",12,"R",0,"Z",0,"R",12,"R",100
491613,"R",13,"R",0,"R",13,"Z",0,"R",0,"Z",0,"R",0,"Z",0,"R",13,"R",0,"Z",0,"R",0,"R",0,"A",,"A",,"A",,"A",,"A",,"A",,"A",,"A",,"A",,"A",,"A",,"A",,"A",
491622,"R",21,"R",0,"R",21,"Z",0,"R",0,"R",8,"R",38,"Z",0,"R",21,"R",0,"Z",0,"R",8,"R",38,"A",,"A",,"A",,"A",,"A",,"A",,"A",,"A",,"A",,"A",,"A",,"A",,"A",
491631,"R",3,"R",0,"R",3,"R",2,"R",67,"R",2,"R",67,"Z",0,"R",3,"R",0,"Z",0,"R",2,"R",67,"A",,"A",,"A",,"A",,"A",,"A",,"A",,"A",,"A",,"A",,"A",,"A",,"A",
491640,"R",22,"R",0,"R",22,"Z",0,"R",0,"R",1,"R",5,"Z",0,"R",22,"R",0,"Z",0,"R",1,"R",5,"A",,"A",,"A",,"A",,"A",,"A",,"A",,"A",,"A",,"A",,"A",,"A",,"A",
491659,"A",,"A",,"A",,"A",,"A",,"A",,"A",,"A",,"A",,"A",,"A",,"A",,"A",,"R",141,"R",0,"R",141,"R",106,"R",75,"R",106,"R",75,"Z",0,"R",141,"R",0,"Z",0,"R",106,"R",75
491668,"A",,"A",,"A",,"A",,"A",,"A",,"A",,"A",,"A",,"A",,"A",,"A",,"A",,"R",162,"R",0,"R",162,"R",71,"R",44,"R",71,"R",44,"R",0,"R",162,"R",0,"R",0,"R",71,"R",44
491677,"A",,"A",,"A",,"A",,"A",,"A",,"A",,"A",,"A",,"A",,"A",,"A",,"A",,"R",15,"R",0,"R",15,"R",11,"R",73,"R",11,"R",73,"R",1,"R",14,"R",2,"R",0,"R",13,"R",93
491686,"A",,"A",,"A",,"A",,"A",,"A",,"A",,"A",,"A",,"A",,"A",,"A",,"A",,"R",26,"R",0,"R",26,"R",0,"R",0,"R",22,"R",85,"Z",0,"R",26,"R",0,"Z",0,"R",22,"R",85
491695,"A",,"A",,"A",,"A",,"A",,"A",,"A",,"A",,"A",,"A",,"A",,"A",,"A",,"R",8,"R",0,"R",8,"R",1,"R",13,"R",6,"R",75,"Z",0,"R",8,"R",0,"Z",0,"R",6,"R",75
491710,"R",15,"R",0,"R",15,"R",1,"R",7,"R",2,"R",13,"R",0,"R",15,"R",1,"R",0,"R",3,"R",20,"A",,"A",,"A",,"A",,"A",,"A",,"A",,"A",,"A",,"A",,"A",,"A",,"A",
491729,"A",,"A",,"A",,"A",,"A",,"A",,"A",,"A",,"A",,"A",,"A",,"A",,"A",,"R",6,"R",0,"R",6,"R",2,"R",33,"R",2,"R",33,"Z",0,"R",6,"R",0,"Z",0,"R",2,"R",33
491738,"A",,"A",,"A",,"A",,"A",,"A",,"A",,"A",,"A",,"A",,"A",,"A",,"A",,"R",42,"R",0,"R",42,"R",7,"R",17,"R",24,"R",57,"R",0,"R",42,"R",8,"R",4,"R",32,"R",76
491747,"A",,"A",,"A",,"A",,"A",,"A",,"A",,"A",,"A",,"A",,"A",,"A",,"A",,"R",29,"R",0,"R",29,"R",2,"R",7,"R",19,"R",66,"R",0,"R",29,"R",0,"R",0,"R",19,"R",66
491756,"A",,"A",,"A",,"A",,"A",,"A",,"A",,"A",,"A",,"A",,"A",,"A",,"A",,"R",70,"R",0,"R",70,"R",10,"R",14,"R",70,"R",100,"Z",0,"R",70,"R",0,"Z",0,"R",70,"R",100
491765,"R",26,"R",0,"R",26,"Z",0,"R",0,"R",1,"R",4,"Z",0,"R",26,"R",0,"Z",0,"R",1,"R",4,"A",,"A",,"A",,"A",,"A",,"A",,"A",,"A",,"A",,"A",,"A",,"A",,"A",
491774,"A",,"A",,"A",,"A",,"A",,"A",,"A",,"A",,"A",,"A",,"A",,"A",,"A",,"R",13,"R",0,"R",13,"R",10,"R",77,"R",10,"R",77,"Z",0,"R",13,"R",0,"Z",0,"R",10,"R",77
491783,"A",,"A",,"A",,"A",,"A",,"A",,"A",,"A",,"A",,"A",,"A",,"A",,"A",,"R",78,"R",0,"R",78,"R",28,"R",36,"R",35,"R",45,"R",0,"R",78,"R",0,"R",0,"R",35,"R",45
491792,"A",,"A",,"A",,"A",,"A",,"A",,"A",,"A",,"A",,"A",,"A",,"A",,"A",,"R",67,"R",0,"R",67,"R",12,"R",18,"R",54,"R",81,"R",0,"R",67,"R",0,"R",3,"R",54,"R",81
491817,"A",,"A",,"A",,"A",,"A",,"A",,"A",,"A",,"A",,"A",,"A",,"A",,"A",,"R",132,"R",0,"R",132,"R",128,"R",97,"R",128,"R",97,"Z",0,"R",132,"R",0,"Z",0,"R",128,"R",97
491826,"A",,"A",,"A",,"A",,"A",,"A",,"A",,"A",,"A",,"A",,"A",,"A",,"A",,"R",23,"R",0,"R",23,"R",7,"R",30,"R",16,"R",70,"Z",0,"R",23,"R",0,"Z",0,"R",16,"R",70
491835,"A",,"A",,"A",,"A",,"A",,"A",,"A",,"A",,"A",,"A",,"A",,"A",,"A",,"R",40,"R",0,"R",40,"R",3,"R",8,"R",32,"R",80,"Z",0,"R",40,"R",0,"Z",0,"R",32,"R",80
491844,"A",,"A",,"A",,"A",,"A",,"A",,"A",,"A",,"A",,"A",,"A",,"A",,"A",,"R",31,"R",0,"R",31,"R",8,"R",26,"R",8,"R",26,"R",0,"R",31,"R",2,"Z",0,"R",10,"R",32
491853,"A",,"A",,"A",,"A",,"A",,"A",,"A",,"A",,"A",,"A",,"A",,"A",,"A",,"R",18,"R",0,"R",18,"R",2,"R",11,"R",9,"R",50,"Z",0,"R",18,"R",0,"Z",0,"R",9,"R",50
491871,"A",,"A",,"A",,"A",,"A",,"A",,"A",,"A",,"A",,"A",,"A",,"A",,"A",,"R",2,"R",0,"R",2,"R",2,"R",100,"R",2,"R",100,"Z",0,"R",2,"R",0,"Z",0,"R",2,"R",100
491880,"A",,"A",,"A",,"A",,"A",,"A",,"A",,"A",,"A",,"A",,"A",,"A",,"A",,"R",63,"R",0,"R",63,"R",50,"R",79,"R",51,"R",81,"Z",0,"R",63,"R",0,"Z",0,"R",51,"R",81
491899,"A",,"A",,"A",,"A",,"A",,"A",,"A",,"A",,"A",,"A",,"A",,"A",,"A",,"R",35,"R",0,"R",35,"R",0,"R",0,"R",32,"R",91,"Z",0,"R",35,"R",0,"Z",0,"R",32,"R",91
491905,"A",,"A",,"A",,"A",,"A",,"A",,"A",,"A",,"A",,"A",,"A",,"A",,"A",,"R",70,"R",0,"R",70,"R",1,"R",1,"R",28,"R",40,"R",0,"R",70,"R",6,"R",0,"R",34,"R",49
491914,"R",16,"R",0,"R",16,"Z",0,"R",0,"Z",0,"R",0,"Z",0,"R",16,"R",0,"Z",0,"R",0,"R",0,"A",,"A",,"A",,"A",,"A",,"A",,"A",,"A",,"A",,"A",,"A",,"A",,"A",
491923,"A",,"A",,"A",,"A",,"A",,"A",,"A",,"A",,"A",,"A",,"A",,"A",,"A",,"R",208,"R",0,"R",208,"R",36,"R",17,"R",176,"R",85,"R",0,"R",208,"R",4,"R",10,"R",180,"R",87
491932,"A",,"A",,"A",,"A",,"A",,"A",,"A",,"A",,"A",,"A",,"A",,"A",,"A",,"R",17,"R",0,"R",17,"R",15,"R",88,"R",15,"R",88,"Z",0,"R",17,"R",0,"Z",0,"R",15,"R",88
491941,"A",,"A",,"A",,"A",,"A",,"A",,"A",,"A",,"A",,"A",,"A",,"A",,"A",,"R",50,"R",0,"R",50,"R",32,"R",64,"R",44,"R",88,"Z",0,"R",50,"R",0,"Z",0,"R",44,"R",88
491950,"A",,"A",,"A",,"A",,"A",,"A",,"A",,"A",,"A",,"A",,"A",,"A",,"A",,"R",31,"R",0,"R",31,"R",27,"R",87,"R",27,"R",87,"Z",0,"R",31,"R",0,"Z",0,"R",27,"R",87
491978,"A",,"A",,"A",,"A",,"A",,"A",,"A",,"A",,"A",,"A",,"A",,"A",,"A",,"R",4,"R",0,"R",4,"R",4,"R",100,"R",4,"R",100,"Z",0,"R",4,"R",0,"Z",0,"R",4,"R",100
491996,"A",,"A",,"A",,"A",,"A",,"A",,"A",,"A",,"A",,"A",,"A",,"A",,"A",,"R",26,"R",0,"R",26,"R",2,"R",8,"R",19,"R",73,"R",0,"R",26,"R",0,"R",0,"R",19,"R",73
492005,"A",,"A",,"A",,"A",,"A",,"A",,"A",,"A",,"A",,"A",,"A",,"A",,"A",,"R",24,"R",0,"R",24,"R",7,"R",29,"R",17,"R",71,"Z",0,"R",24,"R",0,"Z",0,"R",17,"R",71
492023,"A",,"A",,"A",,"A",,"A",,"A",,"A",,"A",,"A",,"A",,"A",,"A",,"A",,"R",273,"R",0,"R",273,"R",30,"R",11,"R",34,"R",12,"R",0,"R",273,"R",0,"R",0,"R",34,"R",12
492096,"A",,"A",,"A",,"A",,"A",,"A",,"A",,"A",,"A",,"A",,"A",,"A",,"A",,"R",4,"R",0,"R",4,"R",1,"R",25,"R",3,"R",75,"Z",0,"R",4,"R",0,"Z",0,"R",3,"R",75
492139,"A",,"A",,"A",,"A",,"A",,"A",,"A",,"A",,"A",,"A",,"A",,"A",,"A",,"R",165,"R",1,"R",164,"R",141,"R",86,"R",144,"R",88,"Z",0,"R",164,"R",0,"Z",0,"R",144,"R",88
492281,"A",,"A",,"A",,"A",,"A",,"A",,"A",,"A",,"A",,"A",,"A",,"A",,"A",,"R",23,"R",0,"R",23,"R",0,"R",0,"R",6,"R",26,"Z",0,"R",23,"R",0,"Z",0,"R",6,"R",26
492360,"A",,"A",,"A",,"A",,"A",,"A",,"A",,"A",,"A",,"A",,"A",,"A",,"A",,"R",9,"R",0,"R",9,"R",4,"R",44,"R",6,"R",67,"Z",0,"R",9,"R",0,"Z",0,"R",6,"R",67
492421,"A",,"A",,"A",,"A",,"A",,"A",,"A",,"A",,"A",,"A",,"A",,"A",,"A",,"R",13,"R",0,"R",13,"R",3,"R",23,"R",12,"R",92,"Z",0,"R",13,"R",0,"Z",0,"R",12,"R",92
492449,"A",,"A",,"A",,"A",,"A",,"A",,"A",,"A",,"A",,"A",,"A",,"A",,"A",,"R",149,"R",0,"R",149,"R",8,"R",5,"R",83,"R",56,"R",0,"R",149,"R",14,"R",7,"R",97,"R",65
492643,"A",,"A",,"A",,"A",,"A",,"A",,"A",,"A",,"A",,"A",,"A",,"A",,"A",,"R",75,"R",0,"R",75,"R",59,"R",79,"R",64,"R",85,"R",0,"R",75,"R",0,"R",0,"R",64,"R",85
492652,"A",,"A",,"A",,"A",,"A",,"A",,"A",,"A",,"A",,"A",,"A",,"A",,"A",,"R",9,"R",0,"R",9,"R",9,"R",100,"R",9,"R",100,"Z",0,"R",9,"R",0,"Z",0,"R",9,"R",100
492661,"A",,"A",,"A",,"A",,"A",,"A",,"A",,"A",,"A",,"A",,"A",,"A",,"A",,"R",72,"R",0,"R",72,"R",9,"R",13,"R",36,"R",50,"Z",0,"R",72,"R",0,"Z",0,"R",36,"R",50
492722,"A",,"A",,"A",,"A",,"A",,"A",,"A",,"A",,"A",,"A",,"A",,"A",,"A",,"R",544,"R",0,"R",544,"R",249,"R",46,"R",375,"R",69,"Z",0,"R",544,"R",1,"Z",0,"R",376,"R",69
492731,"A",,"A",,"A",,"A",,"A",,"A",,"A",,"A",,"A",,"A",,"A",,"A",,"A",,"R",46,"R",0,"R",46,"R",6,"R",13,"R",34,"R",74,"R",0,"R",46,"R",0,"R",0,"R",34,"R",74
492801,"R",26,"R",0,"R",26,"R",3,"R",12,"R",6,"R",23,"Z",0,"R",26,"R",0,"Z",0,"R",6,"R",23,"A",,"A",,"A",,"A",,"A",,"A",,"A",,"A",,"A",,"A",,"A",,"A",,"A",
492935,"A",,"A",,"A",,"A",,"A",,"A",,"A",,"A",,"A",,"A",,"A",,"A",,"A",,"R",65,"R",0,"R",65,"R",32,"R",49,"R",58,"R",89,"R",0,"R",65,"R",5,"R",0,"R",63,"R",97
492953,"A",,"A",,"A",,"A",,"A",,"A",,"A",,"A",,"A",,"A",,"A",,"A",,"A",,"R",16,"R",0,"R",16,"R",3,"R",19,"R",7,"R",44,"Z",0,"R",16,"R",0,"Z",0,"R",7,"R",44
492962,"R",131,"R",0,"R",131,"R",1,"R",1,"R",12,"R",9,"Z",0,"R",131,"R",8,"Z",0,"R",20,"R",15,"A",,"A",,"A",,"A",,"A",,"A",,"A",,"A",,"A",,"A",,"A",,"A",,"A",
493071,"A",,"A",,"A",,"A",,"A",,"A",,"A",,"A",,"A",,"A",,"A",,"A",,"A",,"R",246,"R",0,"R",246,"R",113,"R",46,"R",134,"R",54,"R",0,"R",246,"R",0,"R",0,"R",134,"R",54
493132,"A",,"A",,"A",,"A",,"A",,"A",,"A",,"A",,"A",,"A",,"A",,"A",,"A",,"R",535,"R",3,"R",532,"R",28,"R",5,"R",218,"R",41,"R",0,"R",532,"R",48,"R",6,"R",266,"R",50
493150,"A",,"A",,"A",,"A",,"A",,"A",,"A",,"A",,"A",,"A",,"A",,"A",,"A",,"R",37,"R",0,"R",37,"R",2,"R",5,"R",35,"R",95,"Z",0,"R",37,"R",0,"Z",0,"R",35,"R",95
493372,"A",,"A",,"A",,"A",,"A",,"A",,"A",,"A",,"A",,"A",,"A",,"A",,"A",,"R",2,"R",0,"R",2,"R",0,"R",0,"R",0,"R",0,"Z",0,"R",2,"R",0,"Z",0,"R",0,"R",0
493451,"A",,"A",,"A",,"A",,"A",,"A",,"A",,"A",,"A",,"A",,"A",,"A",,"A",,"R",6,"R",0,"R",6,"R",4,"R",67,"R",4,"R",67,"Z",0,"R",6,"R",0,"Z",0,"R",4,"R",67
493479,"A",,"A",,"A",,"A",,"A",,"A",,"A",,"A",,"A",,"A",,"A",,"A",,"A",,"R",10,"R",0,"R",10,"R",10,"R",100,"R",10,"R",100,"Z",0,"R",10,"R",0,"Z",0,"R",10,"R",100
493530,"A",,"A",,"A",,"A",,"A",,"A",,"A",,"A",,"A",,"A",,"A",,"A",,"A",,"R",6,"R",0,"R",6,"R",4,"R",67,"R",4,"R",67,"Z",0,"R",6,"R",0,"Z",0,"R",4,"R",67
493549,"A",,"A",,"A",,"A",,"A",,"A",,"A",,"A",,"A",,"A",,"A",,"A",,"A",,"R",136,"R",0,"R",136,"R",115,"R",85,"R",115,"R",85,"Z",0,"R",136,"R",0,"Z",0,"R",115,"R",85
493558,"A",,"A",,"A",,"A",,"A",,"A",,"A",,"A",,"A",,"A",,"A",,"A",,"A",,"R",14,"R",0,"R",14,"R",13,"R",93,"R",13,"R",93,"Z",0,"R",14,"R",0,"Z",0,"R",13,"R",93
493576,"A",,"A",,"A",,"A",,"A",,"A",,"A",,"A",,"A",,"A",,"A",,"A",,"A",,"R",4,"R",0,"R",4,"R",1,"R",25,"R",3,"R",75,"Z",0,"R",4,"R",0,"Z",0,"R",3,"R",75
493594,"R",8,"R",0,"R",8,"Z",0,"R",0,"R",1,"R",13,"Z",0,"R",8,"R",0,"Z",0,"R",1,"R",13,"A",,"A",,"A",,"A",,"A",,"A",,"A",,"A",,"A",,"A",,"A",,"A",,"A",
493619,"A",,"A",,"A",,"A",,"A",,"A",,"A",,"A",,"A",,"A",,"A",,"A",,"A",,"R",60,"R",0,"R",60,"R",3,"R",5,"R",4,"R",7,"R",0,"R",60,"R",3,"R",5,"R",7,"R",12
493628,"A",,"A",,"A",,"A",,"A",,"A",,"A",,"A",,"A",,"A",,"A",,"A",,"A",,"R",16,"R",0,"R",16,"R",0,"R",0,"R",10,"R",63,"Z",0,"R",16,"R",0,"Z",0,"R",10,"R",63
493637,"A",,"A",,"A",,"A",,"A",,"A",,"A",,"A",,"A",,"A",,"A",,"A",,"A",,"R",38,"R",0,"R",38,"R",37,"R",97,"R",37,"R",97,"R",0,"R",38,"R",1,"R",0,"R",38,"R",100
493646,"A",,"A",,"A",,"A",,"A",,"A",,"A",,"A",,"A",,"A",,"A",,"A",,"A",,"R",147,"R",0,"R",147,"R",144,"R",98,"R",144,"R",98,"Z",0,"R",147,"R",0,"Z",0,"R",144,"R",98
493655,"A",,"A",,"A",,"A",,"A",,"A",,"A",,"A",,"A",,"A",,"A",,"A",,"A",,"R",21,"R",0,"R",21,"R",4,"R",19,"R",17,"R",81,"Z",0,"R",21,"R",0,"Z",0,"R",17,"R",81
493664,"R",3,"R",0,"R",3,"Z",0,"R",0,"Z",0,"R",0,"R",0,"R",3,"R",1,"R",0,"R",1,"R",33,"A",,"A",,"A",,"A",,"A",,"A",,"A",,"A",,"A",,"A",,"A",,"A",,"A",
493682,"A",,"A",,"A",,"A",,"A",,"A",,"A",,"A",,"A",,"A",,"A",,"A",,"A",,"R",44,"R",0,"R",44,"R",39,"R",89,"R",39,"R",89,"Z",0,"R",44,"R",0,"Z",0,"R",39,"R",89
493691,"A",,"A",,"A",,"A",,"A",,"A",,"A",,"A",,"A",,"A",,"A",,"A",,"A",,"R",6,"R",0,"R",6,"R",0,"R",0,"R",4,"R",67,"Z",0,"R",6,"R",0,"Z",0,"R",4,"R",67
493707,"R",22,"R",0,"R",22,"Z",0,"R",0,"R",1,"R",5,"Z",0,"R",22,"R",0,"Z",0,"R",1,"R",5,"A",,"A",,"A",,"A",,"A",,"A",,"A",,"A",,"A",,"A",,"A",,"A",,"A",
493716,"R",17,"R",0,"R",17,"R",3,"R",18,"R",4,"R",24,"R",0,"R",17,"R",1,"R",0,"R",5,"R",29,"A",,"A",,"A",,"A",,"A",,"A",,"A",,"A",,"A",,"A",,"A",,"A",,"A",
493743,"A",,"A",,"A",,"A",,"A",,"A",,"A",,"A",,"A",,"A",,"A",,"A",,"A",,"R",99,"R",0,"R",99,"R",15,"R",15,"R",84,"R",85,"Z",0,"R",99,"R",0,"Z",0,"R",84,"R",85
493752,"A",,"A",,"A",,"A",,"A",,"A",,"A",,"A",,"A",,"A",,"A",,"A",,"A",,"R",5,"R",0,"R",5,"R",5,"R",100,"R",5,"R",100,"Z",0,"R",5,"R",0,"Z",0,"R",5,"R",100
493761,"A",,"A",,"A",,"A",,"A",,"A",,"A",,"A",,"A",,"A",,"A",,"A",,"A",,"R",39,"R",0,"R",39,"R",10,"R",26,"R",27,"R",69,"Z",0,"R",39,"R",0,"Z",0,"R",27,"R",69
493770,"A",,"A",,"A",,"A",,"A",,"A",,"A",,"A",,"A",,"A",,"A",,"A",,"A",,"R",18,"R",0,"R",18,"R",15,"R",83,"R",15,"R",83,"Z",0,"R",18,"R",0,"Z",0,"R",15,"R",83
493798,"A",,"A",,"A",,"A",,"A",,"A",,"A",,"A",,"A",,"A",,"A",,"A",,"A",,"R",131,"R",0,"R",131,"R",112,"R",85,"R",112,"R",85,"Z",0,"R",131,"R",0,"Z",0,"R",112,"R",85
493804,"A",,"A",,"A",,"A",,"A",,"A",,"A",,"A",,"A",,"A",,"A",,"A",,"A",,"R",50,"R",0,"R",50,"R",8,"R",16,"R",33,"R",66,"Z",0,"R",50,"R",0,"Z",0,"R",33,"R",66
493813,"A",,"A",,"A",,"A",,"A",,"A",,"A",,"A",,"A",,"A",,"A",,"A",,"A",,"R",21,"R",0,"R",21,"R",2,"R",10,"R",20,"R",95,"Z",0,"R",21,"R",0,"Z",0,"R",20,"R",95
493831,"A",,"A",,"A",,"A",,"A",,"A",,"A",,"A",,"A",,"A",,"A",,"A",,"A",,"R",18,"R",0,"R",18,"R",5,"R",28,"R",8,"R",44,"R",0,"R",18,"R",2,"R",0,"R",10,"R",56
493910,"A",,"A",,"A",,"A",,"A",,"A",,"A",,"A",,"A",,"A",,"A",,"A",,"A",,"R",2,"R",0,"R",2,"R",2,"R",100,"R",2,"R",100,"Z",0,"R",2,"R",0,"Z",0,"R",2,"R",100
493992,"A",,"A",,"A",,"A",,"A",,"A",,"A",,"A",,"A",,"A",,"A",,"A",,"A",,"R",373,"R",0,"R",373,"R",156,"R",42,"R",234,"R",63,"Z",0,"R",373,"R",0,"Z",0,"R",234,"R",63
494001,"A",,"A",,"A",,"A",,"A",,"A",,"A",,"A",,"A",,"A",,"A",,"A",,"A",,"R",33,"R",0,"R",33,"R",0,"R",0,"R",20,"R",61,"Z",0,"R",33,"R",0,"Z",0,"R",20,"R",61
494029,"A",,"A",,"A",,"A",,"A",,"A",,"A",,"A",,"A",,"A",,"A",,"A",,"A",,"R",5,"R",0,"R",5,"R",1,"R",20,"R",2,"R",40,"Z",0,"R",5,"R",0,"Z",0,"R",2,"R",40
494232,"A",,"A",,"A",,"A",,"A",,"A",,"A",,"A",,"A",,"A",,"A",,"A",,"A",,"R",13,"R",0,"R",13,"R",1,"R",8,"R",12,"R",92,"Z",0,"R",13,"R",0,"Z",0,"R",12,"R",92
494250,"A",,"A",,"A",,"A",,"A",,"A",,"A",,"A",,"A",,"A",,"A",,"A",,"A",,"R",43,"R",0,"R",43,"R",11,"R",26,"R",25,"R",58,"Z",0,"R",43,"R",0,"Z",0,"R",25,"R",58
494357,"A",,"A",,"A",,"A",,"A",,"A",,"A",,"A",,"A",,"A",,"A",,"A",,"A",,"R",597,"R",3,"R",594,"R",69,"R",12,"R",257,"R",43,"R",0,"R",594,"R",4,"R",0,"R",261,"R",44
494436,"A",,"A",,"A",,"A",,"A",,"A",,"A",,"A",,"A",,"A",,"A",,"A",,"A",,"R",102,"R",0,"R",102,"R",27,"R",26,"R",47,"R",46,"Z",0,"R",102,"R",0,"Z",0,"R",47,"R",46
494463,"A",,"A",,"A",,"A",,"A",,"A",,"A",,"A",,"A",,"A",,"A",,"A",,"A",,"R",146,"R",0,"R",146,"R",143,"R",98,"R",143,"R",98,"Z",0,"R",146,"R",0,"Z",0,"R",143,"R",98
494472,"A",,"A",,"A",,"A",,"A",,"A",,"A",,"A",,"A",,"A",,"A",,"A",,"A",,"R",3,"R",0,"R",3,"R",3,"R",100,"R",3,"R",100,"Z",0,"R",3,"R",0,"Z",0,"R",3,"R",100
494524,"A",,"A",,"A",,"A",,"A",,"A",,"A",,"A",,"A",,"A",,"A",,"A",,"A",,"R",82,"R",0,"R",82,"R",7,"R",9,"R",68,"R",83,"Z",0,"R",82,"R",0,"Z",0,"R",68,"R",83
494588,"A",,"A",,"A",,"A",,"A",,"A",,"A",,"A",,"A",,"A",,"A",,"A",,"A",,"R",82,"R",0,"R",82,"R",5,"R",6,"R",48,"R",59,"R",0,"R",82,"R",9,"R",2,"R",57,"R",70
494597,"R",63,"R",0,"R",63,"R",18,"R",29,"R",21,"R",33,"Z",0,"R",63,"R",0,"Z",0,"R",21,"R",33,"A",,"A",,"A",,"A",,"A",,"A",,"A",,"A",,"A",,"A",,"A",,"A",,"A",
494603,"R",96,"R",0,"R",96,"R",26,"R",27,"R",28,"R",29,"R",0,"R",96,"R",9,"R",2,"R",37,"R",39,"A",,"A",,"A",,"A",,"A",,"A",,"A",,"A",,"A",,"A",,"A",,"A",,"A",
494630,"R",4,"R",0,"R",4,"R",0,"R",0,"R",2,"R",50,"Z",0,"R",4,"R",0,"Z",0,"R",2,"R",50,"A",,"A",,"A",,"A",,"A",,"A",,"A",,"A",,"A",,"A",,"A",,"A",,"A",
494649,"A",,"A",,"A",,"A",,"A",,"A",,"A",,"A",,"A",,"A",,"A",,"A",,"A",,"R",11,"R",0,"R",11,"R",1,"R",9,"R",10,"R",91,"Z",0,"R",11,"R",0,"Z",0,"R",10,"R",91
494685,"R",16,"R",0,"R",16,"R",4,"R",25,"R",5,"R",31,"R",0,"R",16,"R",1,"R",0,"R",6,"R",38,"A",,"A",,"A",,"A",,"A",,"A",,"A",,"A",,"A",,"A",,"A",,"A",,"A",
494694,"A",,"A",,"A",,"A",,"A",,"A",,"A",,"A",,"A",,"A",,"A",,"A",,"A",,"R",29,"R",0,"R",29,"R",22,"R",76,"R",24,"R",83,"R",0,"R",29,"R",0,"R",0,"R",24,"R",83
494700,"A",,"A",,"A",,"A",,"A",,"A",,"A",,"A",,"A",,"A",,"A",,"A",,"A",,"R",41,"R",0,"R",41,"R",19,"R",46,"R",31,"R",76,"Z",0,"R",41,"R",0,"Z",0,"R",31,"R",76
494719,"A",,"A",,"A",,"A",,"A",,"A",,"A",,"A",,"A",,"A",,"A",,"A",,"A",,"R",29,"R",0,"R",29,"R",0,"R",0,"R",8,"R",28,"Z",0,"R",29,"R",0,"Z",0,"R",8,"R",28
494728,"A",,"A",,"A",,"A",,"A",,"A",,"A",,"A",,"A",,"A",,"A",,"A",,"A",,"R",18,"R",0,"R",18,"R",2,"R",11,"R",10,"R",56,"R",0,"R",18,"R",5,"R",0,"R",15,"R",83
494764,"A",,"A",,"A",,"A",,"A",,"A",,"A",,"A",,"A",,"A",,"A",,"A",,"A",,"R",10,"R",0,"R",10,"R",7,"R",70,"R",7,"R",70,"Z",0,"R",10,"R",0,"Z",0,"R",7,"R",70
494843,"A",,"A",,"A",,"A",,"A",,"A",,"A",,"A",,"A",,"A",,"A",,"A",,"A",,"R",505,"R",0,"R",505,"R",87,"R",17,"R",263,"R",52,"Z",0,"R",505,"R",0,"Z",0,"R",263,"R",52
494852,"A",,"A",,"A",,"A",,"A",,"A",,"A",,"A",,"A",,"A",,"A",,"A",,"A",,"R",120,"R",0,"R",120,"R",38,"R",32,"R",82,"R",68,"Z",0,"R",120,"R",0,"Z",0,"R",82,"R",68
494898,"A",,"A",,"A",,"A",,"A",,"A",,"A",,"A",,"A",,"A",,"A",,"A",,"A",,"R",22,"R",0,"R",22,"R",18,"R",82,"R",18,"R",82,"Z",0,"R",22,"R",0,"Z",0,"R",18,"R",82
494904,"A",,"A",,"A",,"A",,"A",,"A",,"A",,"A",,"A",,"A",,"A",,"A",,"A",,"R",62,"R",0,"R",62,"R",53,"R",85,"R",53,"R",85,"Z",0,"R",62,"R",0,"R",0,"R",53,"R",85
494995,"A",,"A",,"A",,"A",,"A",,"A",,"A",,"A",,"A",,"A",,"A",,"A",,"A",,"R",12,"R",0,"R",12,"R",11,"R",92,"R",11,"R",92,"Z",0,"R",12,"R",0,"Z",0,"R",11,"R",92
495040,"A",,"A",,"A",,"A",,"A",,"A",,"A",,"A",,"A",,"A",,"A",,"A",,"A",,"R",42,"R",0,"R",42,"R",42,"R",100,"R",42,"R",100,"Z",0,"R",42,"R",0,"Z",0,"R",42,"R",100
495077,"A",,"A",,"A",,"A",,"A",,"A",,"A",,"A",,"A",,"A",,"A",,"A",,"A",,"R",1,"R",0,"R",1,"R",0,"R",0,"R",0,"R",0,"Z",0,"R",1,"R",0,"Z",0,"R",0,"R",0
495101,"A",,"A",,"A",,"A",,"A",,"A",,"A",,"A",,"A",,"A",,"A",,"A",,"A",,"R",35,"R",0,"R",35,"R",22,"R",63,"R",32,"R",91,"Z",0,"R",35,"R",0,"Z",0,"R",32,"R",91
495110,"A",,"A",,"A",,"A",,"A",,"A",,"A",,"A",,"A",,"A",,"A",,"A",,"A",,"R",2,"R",0,"R",2,"R",2,"R",100,"R",2,"R",100,"Z",0,"R",2,"R",0,"Z",0,"R",2,"R",100
495129,"A",,"A",,"A",,"A",,"A",,"A",,"A",,"A",,"A",,"A",,"A",,"A",,"A",,"R",119,"R",0,"R",119,"R",113,"R",95,"R",113,"R",95,"Z",0,"R",119,"R",0,"Z",0,"R",113,"R",95
495138,"A",,"A",,"A",,"A",,"A",,"A",,"A",,"A",,"A",,"A",,"A",,"A",,"A",,"R",10,"R",0,"R",10,"R",2,"R",20,"R",2,"R",20,"Z",0,"R",10,"R",0,"Z",0,"R",2,"R",20
495147,"A",,"A",,"A",,"A",,"A",,"A",,"A",,"A",,"A",,"A",,"A",,"A",,"A",,"R",16,"R",1,"R",15,"R",5,"R",33,"R",7,"R",47,"R",0,"R",15,"R",1,"R",1,"R",8,"R",53
495183,"A",,"A",,"A",,"A",,"A",,"A",,"A",,"A",,"A",,"A",,"A",,"A",,"A",,"R",68,"R",0,"R",68,"R",15,"R",22,"R",54,"R",79,"R",0,"R",68,"R",13,"R",1,"R",67,"R",99
495208,"A",,"A",,"A",,"A",,"A",,"A",,"A",,"A",,"A",,"A",,"A",,"A",,"A",,"R",6,"R",0,"R",6,"R",0,"R",0,"R",3,"R",50,"Z",0,"R",6,"R",0,"Z",0,"R",3,"R",50
495217,"A",,"A",,"A",,"A",,"A",,"A",,"A",,"A",,"A",,"A",,"A",,"A",,"A",,"R",32,"R",0,"R",32,"R",28,"R",88,"R",29,"R",91,"Z",0,"R",32,"R",0,"Z",0,"R",29,"R",91
495244,"A",,"A",,"A",,"A",,"A",,"A",,"A",,"A",,"A",,"A",,"A",,"A",,"A",,"R",16,"R",0,"R",16,"R",16,"R",100,"R",16,"R",100,"Z",0,"R",16,"R",0,"Z",0,"R",16,"R",100
495262,"A",,"A",,"A",,"A",,"A",,"A",,"A",,"A",,"A",,"A",,"A",,"A",,"A",,"R",4,"R",0,"R",4,"R",3,"R",75,"R",4,"R",100,"Z",0,"R",4,"R",0,"Z",0,"R",4,"R",100
495280,"R",2,"R",0,"R",2,"R",1,"R",50,"R",1,"R",50,"R",0,"R",2,"R",1,"R",0,"R",2,"R",100,"A",,"A",,"A",,"A",,"A",,"A",,"A",,"A",,"A",,"A",,"A",,"A",,"A",
495299,"A",,"A",,"A",,"A",,"A",,"A",,"A",,"A",,"A",,"A",,"A",,"A",,"A",,"R",13,"R",0,"R",13,"R",13,"R",100,"R",13,"R",100,"Z",0,"R",13,"R",0,"Z",0,"R",13,"R",100
495305,"A",,"A",,"A",,"A",,"A",,"A",,"A",,"A",,"A",,"A",,"A",,"A",,"A",,"R",12,"R",0,"R",12,"R",2,"R",17,"R",9,"R",75,"R",0,"R",12,"R",0,"R",0,"R",9,"R",75
495341,"A",,"A",,"A",,"A",,"A",,"A",,"A",,"A",,"A",,"A",,"A",,"A",,"A",,"R",8,"R",0,"R",8,"Z",0,"R",0,"R",7,"R",88,"R",0,"R",8,"R",1,"R",0,"R",8,"R",100
495350,"A",,"A",,"A",,"A",,"A",,"A",,"A",,"A",,"A",,"A",,"A",,"A",,"A",,"R",3,"R",0,"R",3,"R",0,"R",0,"R",2,"R",67,"Z",0,"R",3,"R",0,"Z",0,"R",2,"R",67
495369,"A",,"A",,"A",,"A",,"A",,"A",,"A",,"A",,"A",,"A",,"A",,"A",,"A",,"R",10,"R",0,"R",10,"R",0,"R",0,"R",9,"R",90,"Z",0,"R",10,"R",0,"Z",0,"R",9,"R",90
495411,"A",,"A",,"A",,"A",,"A",,"A",,"A",,"A",,"A",,"A",,"A",,"A",,"A",,"R",47,"R",0,"R",47,"R",4,"R",9,"R",27,"R",57,"Z",0,"R",47,"R",0,"Z",0,"R",27,"R",57
495518,"A",,"A",,"A",,"A",,"A",,"A",,"A",,"A",,"A",,"A",,"A",,"A",,"A",,"R",22,"R",0,"R",22,"R",0,"R",0,"R",5,"R",23,"Z",0,"R",22,"R",0,"Z",0,"R",5,"R",23
495776,"A",,"A",,"A",,"A",,"A",,"A",,"A",,"A",,"A",,"A",,"A",,"A",,"A",,"R",14,"R",0,"R",14,"R",4,"R",29,"R",10,"R",71,"Z",0,"R",14,"R",0,"Z",0,"R",10,"R",71
495794,"A",,"A",,"A",,"A",,"A",,"A",,"A",,"A",,"A",,"A",,"A",,"A",,"A",,"R",24,"R",0,"R",24,"R",2,"R",8,"R",20,"R",83,"Z",0,"R",24,"R",0,"Z",0,"R",20,"R",83
495837,"A",,"A",,"A",,"A",,"A",,"A",,"A",,"A",,"A",,"A",,"A",,"A",,"A",,"R",56,"R",0,"R",56,"R",20,"R",36,"R",26,"R",46,"Z",0,"R",56,"R",0,"Z",0,"R",26,"R",46
495925,"A",,"A",,"A",,"A",,"A",,"A",,"A",,"A",,"A",,"A",,"A",,"A",,"A",,"R",66,"R",0,"R",66,"R",19,"R",29,"R",34,"R",52,"R",0,"R",66,"R",6,"R",3,"R",40,"R",61
495934,"A",,"A",,"A",,"A",,"A",,"A",,"A",,"A",,"A",,"A",,"A",,"A",,"A",,"R",67,"R",0,"R",67,"R",19,"R",28,"R",33,"R",49,"R",0,"R",67,"R",11,"R",1,"R",44,"R",66
495943,"A",,"A",,"A",,"A",,"A",,"A",,"A",,"A",,"A",,"A",,"A",,"A",,"A",,"R",35,"R",0,"R",35,"R",13,"R",37,"R",20,"R",57,"R",0,"R",35,"R",3,"R",3,"R",23,"R",66
495952,"A",,"A",,"A",,"A",,"A",,"A",,"A",,"A",,"A",,"A",,"A",,"A",,"A",,"R",47,"R",0,"R",47,"R",15,"R",32,"R",27,"R",57,"R",0,"R",47,"R",0,"R",1,"R",27,"R",57
495961,"A",,"A",,"A",,"A",,"A",,"A",,"A",,"A",,"A",,"A",,"A",,"A",,"A",,"R",25,"R",0,"R",25,"R",7,"R",28,"R",12,"R",48,"R",0,"R",25,"R",3,"R",0,"R",15,"R",60
495970,"A",,"A",,"A",,"A",,"A",,"A",,"A",,"A",,"A",,"A",,"A",,"A",,"A",,"R",98,"R",0,"R",98,"R",52,"R",53,"R",61,"R",62,"R",0,"R",98,"R",0,"R",0,"R",61,"R",62
495998,"A",,"A",,"A",,"A",,"A",,"A",,"A",,"A",,"A",,"A",,"A",,"A",,"A",,"R",65,"R",0,"R",65,"R",26,"R",40,"R",37,"R",57,"R",0,"R",65,"R",11,"R",1,"R",48,"R",74
496265,"A",,"A",,"A",,"A",,"A",,"A",,"A",,"A",,"A",,"A",,"A",,"A",,"A",,"R",3,"R",0,"R",3,"Z",0,"R",0,"Z",0,"R",0,"Z",0,"R",3,"R",0,"Z",0,"R",0,"R",0
496371,"A",,"A",,"A",,"A",,"A",,"A",,"A",,"A",,"A",,"A",,"A",,"A",,"A",,"R",2,"R",0,"R",2,"R",2,"R",100,"R",2,"R",100,"Z",0,"R",2,"R",0,"Z",0,"R",2,"R",100
496539,"A",,"A",,"A",,"A",,"A",,"A",,"A",,"A",,"A",,"A",,"A",,"A",,"A",,"R",13,"R",0,"R",13,"R",11,"R",85,"R",11,"R",85,"Z",0,"R",13,"R",0,"Z",0,"R",11,"R",85
496618,"A",,"A",,"A",,"A",,"A",,"A",,"A",,"A",,"A",,"A",,"A",,"A",,"A",,"R",41,"R",0,"R",41,"R",35,"R",85,"R",35,"R",85,"Z",0,"R",41,"R",0,"Z",0,"R",35,"R",85
496627,"R",2,"R",0,"R",2,"R",2,"R",100,"R",2,"R",100,"Z",0,"R",2,"R",0,"Z",0,"R",2,"R",100,"A",,"A",,"A",,"A",,"A",,"A",,"A",,"A",,"A",,"A",,"A",,"A",,"A",
496636,"R",114,"R",0,"R",114,"R",17,"R",15,"R",58,"R",51,"R",0,"R",114,"R",5,"R",0,"R",63,"R",55,"A",,"A",,"A",,"A",,"A",,"A",,"A",,"A",,"A",,"A",,"A",,"A",,"A",
496645,"A",,"A",,"A",,"A",,"A",,"A",,"A",,"A",,"A",,"A",,"A",,"A",,"A",,"R",17,"R",0,"R",17,"R",13,"R",76,"R",13,"R",76,"Z",0,"R",17,"R",0,"Z",0,"R",13,"R",76
496663,"A",,"A",,"A",,"A",,"A",,"A",,"A",,"A",,"A",,"A",,"A",,"A",,"A",,"R",4,"R",0,"R",4,"R",0,"R",0,"R",4,"R",100,"Z",0,"R",4,"R",0,"Z",0,"R",4,"R",100
496672,"A",,"A",,"A",,"A",,"A",,"A",,"A",,"A",,"A",,"A",,"A",,"A",,"A",,"R",2,"R",0,"R",2,"R",0,"R",0,"R",2,"R",100,"Z",0,"R",2,"R",0,"Z",0,"R",2,"R",100
496715,"A",,"A",,"A",,"A",,"A",,"A",,"A",,"A",,"A",,"A",,"A",,"A",,"A",,"R",126,"R",0,"R",126,"R",117,"R",93,"R",117,"R",93,"R",0,"R",126,"R",0,"R",0,"R",117,"R",93
496733,"A",,"A",,"A",,"A",,"A",,"A",,"A",,"A",,"A",,"A",,"A",,"A",,"A",,"R",1,"R",0,"R",1,"R",0,"R",0,"R",0,"R",0,"Z",0,"R",1,"R",0,"Z",0,"R",0,"R",0
497161,"A",,"A",,"A",,"A",,"A",,"A",,"A",,"A",,"A",,"A",,"A",,"A",,"A",,"R",66,"R",0,"R",66,"R",27,"R",41,"R",44,"R",67,"R",0,"R",66,"R",6,"R",6,"R",50,"R",76
497189,"A",,"A",,"A",,"A",,"A",,"A",,"A",,"A",,"A",,"A",,"A",,"A",,"A",,"R",61,"R",0,"R",61,"R",53,"R",87,"R",53,"R",87,"Z",0,"R",61,"R",0,"Z",0,"R",53,"R",87
497222,"A",,"A",,"A",,"A",,"A",,"A",,"A",,"A",,"A",,"A",,"A",,"A",,"A",,"R",6,"R",0,"R",6,"R",1,"R",17,"R",4,"R",67,"Z",0,"R",6,"R",0,"Z",0,"R",4,"R",67
497277,"A",,"A",,"A",,"A",,"A",,"A",,"A",,"A",,"A",,"A",,"A",,"A",,"A",,"R",378,"R",0,"R",378,"R",226,"R",60,"R",226,"R",60,"Z",0,"R",378,"R",0,"Z",0,"R",226,"R",60
497310,"A",,"A",,"A",,"A",,"A",,"A",,"A",,"A",,"A",,"A",,"A",,"A",,"A",,"R",53,"R",0,"R",53,"R",5,"R",9,"R",46,"R",87,"R",0,"R",53,"R",3,"R",0,"R",49,"R",92
497374,"A",,"A",,"A",,"A",,"A",,"A",,"A",,"A",,"A",,"A",,"A",,"A",,"A",,"R",23,"R",0,"R",23,"R",2,"R",9,"R",21,"R",91,"R",0,"R",23,"Z",0,"R",0,"R",21,"R",91
497417,"A",,"A",,"A",,"A",,"A",,"A",,"A",,"A",,"A",,"A",,"A",,"A",,"A",,"R",20,"R",0,"R",20,"R",10,"R",50,"R",19,"R",95,"Z",0,"R",20,"R",0,"Z",0,"R",19,"R",95
497435,"A",,"A",,"A",,"A",,"A",,"A",,"A",,"A",,"A",,"A",,"A",,"A",,"A",,"R",94,"R",0,"R",94,"R",19,"R",20,"R",73,"R",78,"R",0,"R",94,"R",5,"Z",0,"R",78,"R",83
497471,"A",,"A",,"A",,"A",,"A",,"A",,"A",,"A",,"A",,"A",,"A",,"A",,"A",,"R",5,"R",0,"R",5,"R",4,"R",80,"R",4,"R",80,"Z",0,"R",5,"R",0,"Z",0,"R",4,"R",80
497684,"A",,"A",,"A",,"A",,"A",,"A",,"A",,"A",,"A",,"A",,"A",,"A",,"A",,"R",41,"R",2,"R",39,"R",30,"R",77,"R",30,"R",77,"Z",0,"R",39,"R",0,"Z",0,"R",30,"R",77
497736,"A",,"A",,"A",,"A",,"A",,"A",,"A",,"A",,"A",,"A",,"A",,"A",,"A",,"R",4,"R",0,"R",4,"R",2,"R",50,"R",4,"R",100,"Z",0,"R",4,"R",0,"Z",0,"R",4,"R",100
497912,"A",,"A",,"A",,"A",,"A",,"A",,"A",,"A",,"A",,"A",,"A",,"A",,"A",,"R",358,"R",0,"R",358,"R",110,"R",31,"R",195,"R",54,"Z",0,"R",358,"R",0,"Z",0,"R",195,"R",54
498322,"A",,"A",,"A",,"A",,"A",,"A",,"A",,"A",,"A",,"A",,"A",,"A",,"A",,"R",55,"R",0,"R",55,"R",11,"R",20,"R",38,"R",69,"R",0,"R",55,"R",1,"R",0,"R",39,"R",71
498359,"A",,"A",,"A",,"A",,"A",,"A",,"A",,"A",,"A",,"A",,"A",,"A",,"A",,"R",22,"R",0,"R",22,"R",4,"R",18,"R",15,"R",68,"R",0,"R",22,"R",1,"R",0,"R",16,"R",73
498368,"A",,"A",,"A",,"A",,"A",,"A",,"A",,"A",,"A",,"A",,"A",,"A",,"A",,"R",13,"R",0,"R",13,"R",10,"R",77,"R",12,"R",92,"R",0,"R",13,"R",1,"R",0,"R",13,"R",100
498377,"A",,"A",,"A",,"A",,"A",,"A",,"A",,"A",,"A",,"A",,"A",,"A",,"A",,"R",36,"R",0,"R",36,"R",35,"R",97,"R",35,"R",97,"Z",0,"R",36,"R",0,"Z",0,"R",35,"R",97
498386,"A",,"A",,"A",,"A",,"A",,"A",,"A",,"A",,"A",,"A",,"A",,"A",,"A",,"R",131,"R",0,"R",131,"R",110,"R",84,"R",110,"R",84,"R",0,"R",131,"R",21,"R",0,"R",131,"R",100
498401,"A",,"A",,"A",,"A",,"A",,"A",,"A",,"A",,"A",,"A",,"A",,"A",,"A",,"R",7,"R",0,"R",7,"R",7,"R",100,"R",7,"R",100,"Z",0,"R",7,"R",0,"Z",0,"R",7,"R",100
498410,"A",,"A",,"A",,"A",,"A",,"A",,"A",,"A",,"A",,"A",,"A",,"A",,"A",,"R",32,"R",0,"R",32,"R",23,"R",72,"R",27,"R",84,"Z",0,"R",32,"R",0,"Z",0,"R",27,"R",84
498562,"R",3245,"R",0,"R",3245,"R",1360,"R",42,"R",1868,"R",58,"R",0,"R",3245,"R",24,"R",3,"R",1892,"R",58,"A",,"A",,"A",,"A",,"A",,"A",,"A",,"A",,"A",,"A",,"A",,"A",,"A",
498571,"R",2657,"R",1,"R",2656,"R",989,"R",37,"R",1372,"R",52,"R",0,"R",2656,"R",42,"R",14,"R",1414,"R",53,"A",,"A",,"A",,"A",,"A",,"A",,"A",,"A",,"A",,"A",,"A",,"A",,"A",
